1	5637190	637190	TA
1	5638252	975	GA
1	5638602	318	CG
1	5641625	1120	CT
1	5641845	173	GA
1	5641922	77	CG
1	5642913	649	TC
1	5643130	217	GA
1	5643201	71	AC
1	5644650	862	AT
1	5645157	71	TC
1	5645330	173	GA
1	5645331	1	TC
1	5645587	256	AG
1	5645643	56	CG
1	5645997	354	TC
1	5646231	234	GA
1	5646308	77	GA
1	5646698	223	TC
1	5646699	1	GA
1	5646796	97	GA
1	5648144	577	TC
1	5648717	538	CT
1	5649881	510	TC
1	5650095	214	GC
1	5650101	6	AG
1	5650225	124	AG
1	5650231	6	TC
1	5650250	19	CT
1	5650253	3	TC
1	5650438	130	AG
1	5650490	52	GC
1	5650545	55	AC
1	5650548	3	GC
1	5650550	2	AG
1	5650570	20	GA
1	5650579	9	CG
1	5650583	4	CA
1	5650584	1	AG
1	5650705	121	CG
1	5650706	1	TG
1	5650798	92	AG
1	5650866	68	GA
1	5650933	67	GC
1	5650962	29	GA
1	5651168	206	GA
1	5651798	630	AG
1	5651818	20	TC
1	5652008	115	CT
1	5652208	200	AG
1	5652231	23	AG
1	5652264	33	CA
1	5652401	25	CT
1	5652429	28	GA
1	5653109	680	CT
1	5653188	79	TG
1	5653212	24	CT
1	5653233	21	AC
1	5654541	1308	GA
1	5654600	59	CT
1	5655002	402	GT
1	5655537	535	CT
1	5655912	375	CT
1	5656159	247	CT
1	5656339	180	GT
1	5656374	35	GA
1	5656386	12	CT
1	5656705	319	CT
1	5657405	700	AG
1	5657525	120	GA
1	5657567	42	CT
1	5657765	198	TG
1	5657863	98	AG
1	5658007	144	CA
1	5658286	279	CA
1	5658425	139	GA
1	5660006	1022	GA
1	5660025	19	AG
1	5660132	107	TC
1	5660151	19	TC
1	5660230	79	CT
1	5660260	30	CT
1	5660362	102	GA
1	5660390	28	CG
1	5660391	1	AG
1	5660419	28	TC
1	5660486	67	AC
1	5660521	35	TC
1	5660734	213	CT
1	5660924	190	GT
1	5661386	209	CT
1	5661398	12	CT
1	5661654	214	GA
1	5661839	185	AG
1	5662009	170	GA
1	5662113	104	TC
1	5662137	24	GA
1	5662503	287	AC
1	5662688	185	AG
1	5662751	63	TC
1	5663617	522	AC
1	5663823	206	AG
1	5663980	157	AG
1	5664603	242	CT
1	5664795	192	TC
1	5664877	82	GA
1	5665021	144	GC
1	5665036	15	TC
1	5665094	58	CT
1	5665132	38	GA
1	5665942	810	AG
1	5666144	202	AG
1	5666827	683	AG
1	5667083	256	TC
1	5667242	159	AG
1	5667246	4	CT
1	5667260	14	CT
1	5667385	125	AG
1	5667414	29	TC
1	5667540	126	AG
1	5668388	715	TC
1	5668466	78	CT
1	5668487	21	CA
1	5668669	182	TA
1	5668841	172	TG
1	12064412	1768800	GA
1	12064766	354	GA
1	12065728	429	CA
1	12067299	730	TC
1	12068063	405	AT
1	12070036	1481	CT
1	12070458	422	AG
1	12071520	494	CT
1	12071714	194	CT
1	12072177	463	CT
1	12072330	91	TC
1	12072937	318	AG
1	12072976	39	AG
1	12073135	159	GA
1	12073160	25	CT
1	12073325	123	CA
1	12073416	91	TC
1	12075689	1786	GA
1	12077897	1621	GA
1	12077996	99	CT
1	12078170	174	TC
1	12094716	12350	TC
1	12096275	1514	GA
1	12100576	3439	CT
1	12100729	153	TC
1	12100750	21	CT
1	12101466	556	GA
1	12101492	26	CT
1	12102684	1087	TC
1	12102902	218	CT
1	12103615	713	GT
1	12104328	713	TA
1	12121526	8210	AG
1	12121949	423	GA
1	12129760	3963	GC
1	12132704	2082	GC
1	12133327	623	TC
1	12135876	2234	TC
1	12138453	1930	TC
1	12146574	5970	GA
1	12150568	2937	AG
1	12150659	41	GA
1	12196431	27264	CT
1	12197023	551	GC
1	12198962	1107	GA
1	12199448	486	GC
1	12199763	315	GA
1	12199939	176	AG
1	12201644	1374	CG
1	12201655	11	TC
1	12201895	240	CT
1	12201947	52	CT
1	12202972	490	GA
1	12203791	263	AG
1	12204045	254	GC
1	12204100	55	AG
1	12204131	31	AG
1	12206013	727	TC
1	12206102	89	AG
1	12206555	409	CT
1	12206614	59	GA
1	12207367	723	TC
1	12207643	276	GA
1	12208166	523	GA
1	12208390	224	TG
1	12208421	31	CG
1	12208539	118	TC
1	12208543	4	TC
1	12208869	165	AG
1	12208945	76	TC
1	12209151	206	TG
1	12210151	408	GA
1	12212429	1445	AG
1	12216635	3297	AG
1	12216866	231	CG
1	12216904	38	TA
1	12217395	491	TA
1	12217509	114	AG
1	12219341	1436	TA
1	12224012	1667	TC
1	12224309	297	GT
1	12224478	169	CT
1	12226994	926	GC
1	12229156	2018	TC
1	12229384	46	GA
1	12229632	248	GC
1	12230082	339	CA
1	12231582	914	GA
1	12232195	613	GA
1	12232643	297	AC
1	12233728	1085	GA
1	12234441	665	TC
1	12238173	1943	GA
1	12238174	1	CA
1	12239043	579	TC
1	12239764	538	GA
1	12244029	2537	AG
1	12244206	177	AC
1	12244585	379	GA
1	12245041	456	AC
1	12256813	5691	TG
1	12259026	1765	CT
1	12259089	63	GA
1	12259131	42	CT
1	12259193	62	TC
1	12259927	734	GA
1	12260337	410	CT
1	12260354	17	CT
1	12260390	36	GA
1	12260519	129	GA
1	12260814	295	AG
1	12260922	108	GA
1	12261831	356	TC
1	12261889	58	GA
1	12261957	68	CT
1	12262036	79	CT
1	12263081	778	TA
1	12263971	373	AG
1	12264462	491	GA
1	12264607	145	GA
1	12264879	272	CG
1	12264938	59	AT
1	12265051	113	AG
1	12267288	759	TC
1	12267295	7	GC
1	12267449	154	CA
1	12268124	658	TG
1	12268844	720	GT
1	12269725	547	AT
1	12270017	292	CT
1	12271270	849	TC
1	12272052	694	CA
1	12272217	165	AG
1	12272429	212	TC
1	12272636	207	AG
1	12272644	8	GC
1	12272895	251	CA
1	12273146	251	AG
1	12274002	770	GA
1	12275717	1715	CA
1	12275723	6	GA
1	12278776	2509	GT
1	12280779	534	TC
1	12285857	3219	AG
1	12287342	906	CG
1	12287516	174	TC
1	12288213	355	TG
1	12288314	101	TC
1	12293203	2438	GT
1	12300788	3364	TC
1	12301000	212	GA
1	12302554	562	GA
1	12302611	57	AG
1	12303348	323	TC
1	12305290	1016	AG
1	12305350	60	TC
1	12305903	353	GA
1	12306095	192	AG
1	12311335	3465	AT
1	12317108	3286	AG
1	12321240	1032	GA
1	12324766	2504	GC
1	12326095	771	AG
1	12326891	704	GA
1	12328877	1656	GC
1	12329183	306	CA
1	12331996	992	CT
1	12332255	259	CG
1	12341111	2413	TC
1	12341381	270	AG
1	12341566	185	GA
1	12341996	430	CA
1	12343351	471	TA
1	12343417	66	AG
1	12348375	1946	GA
1	12350586	522	CT
1	12350600	14	GT
1	12350601	1	TG
1	12350630	29	AT
1	12351229	246	AG
1	12351272	43	CT
1	12352178	906	GA
1	12352425	247	GC
1	12352475	50	CT
1	12352500	25	GA
1	12352564	64	TG
1	12352656	92	CT
1	12352677	21	CA
1	12353355	678	TC
1	12355383	994	GA
1	12359789	1029	TC
1	12359963	174	AG
1	12360049	86	TG
1	12360182	133	GA
1	12360190	8	GA
1	12368138	1880	AG
1	12369046	881	AG
1	12369047	1	AC
1	12372678	3489	CT
1	12373279	349	CT
1	12373409	130	TC
1	12373427	18	TG
1	12373649	222	AG
1	12373864	215	AG
1	12376725	1877	TC
1	12377062	337	TA
1	12377274	212	GT
1	12377283	9	CT
1	12377360	77	AC
1	12377869	127	CA
1	12378614	368	GA
1	12379734	1120	AG
1	12381768	966	TC
1	12381769	1	CT
1	12382595	177	GC
1	12382822	227	CT
1	12387292	1579	TA
1	12387581	289	GA
1	12388306	725	AG
1	12388380	74	TA
1	12388773	393	TC
1	12390256	508	AG
1	12390319	63	AG
1	12392700	1794	AC
1	12394575	707	CT
1	12394776	201	AG
1	12396021	951	GC
1	12398047	624	GA
1	12398050	3	GA
1	12398093	43	TC
1	12398147	54	AG
1	12398172	25	CT
1	12398678	47	GA
1	12398769	91	CT
1	12399123	354	AT
1	12403439	2256	TC
1	12403441	2	GA
1	12403696	209	AG
1	12406663	222	CG
1	12407231	568	GA
1	12407275	44	TC
1	12408029	520	CA
1	12408833	804	TC
1	12411439	1773	CT
1	12411680	241	GA
1	12411740	60	GA
1	12411838	98	GA
1	12414343	1480	CT
1	12416540	1700	GA
1	12417663	1123	CA
1	12418655	904	AG
1	12424739	5504	GC
1	12425129	312	GA
1	12425500	57	TC
1	12425608	108	TC
1	12426005	116	GA
1	12426305	300	TC
1	12427566	477	AG
1	12427618	52	CA
1	12427634	16	GC
1	12427643	9	GA
1	12427669	26	GA
1	12427715	46	CT
1	12427756	41	TC
1	12427784	28	CT
1	12428060	276	GA
1	12428822	467	TC
1	12428982	160	GA
1	12429009	27	AG
1	12429015	6	AG
1	12429055	40	TC
1	12429157	102	AG
1	12429224	67	GA
1	12429237	13	GA
1	12429346	109	CT
1	12429347	1	AG
1	12429418	71	AG
1	12429451	33	GA
1	12429584	133	TC
1	12429675	91	CT
1	12429733	58	AG
1	12429753	20	GT
1	12429896	143	CT
1	12429986	90	AG
1	12430149	163	TG
1	12430177	28	GT
1	12430513	336	TG
1	12430580	67	TC
1	12430667	87	AG
1	12430694	27	TC
1	12430783	89	TA
1	12430991	208	AG
1	12431145	154	TG
1	12431354	209	AT
1	12431447	93	CT
1	12432101	323	CA
1	12435082	1515	TC
1	12435198	116	AG
1	12435267	69	GT
1	12436420	687	TG
1	12436511	91	TC
1	12436831	320	AG
1	12437820	602	AG
1	12438999	589	CT
1	12439676	402	CT
1	12442134	1533	AG
1	12442386	252	CA
1	12442628	242	AG
1	12442977	349	GT
1	12443149	172	GA
1	12443275	126	GA
1	12444006	709	AG
1	12444007	1	CT
1	12444382	375	CG
1	12445568	960	AG
1	12445614	46	GT
1	12445723	109	AC
1	12446245	423	TC
1	12446281	36	AG
1	12447179	798	AG
1	12447262	83	CT
1	12448323	766	CA
1	12450726	2322	GC
1	12451074	348	TC
1	12451120	46	AG
1	12451541	421	GA
1	12454446	1847	GT
1	12454748	302	TC
1	12456018	998	CT
1	12456985	716	TG
1	12457580	595	TG
1	12457959	379	GA
1	12459049	1090	GA
1	12460360	1039	AG
1	12461678	983	TA
1	12461965	287	AG
1	12465124	2260	GA
1	12467593	69	CT
1	12467692	99	TG
1	12471458	2073	GA
1	12473838	1769	GC
1	12476826	2391	AT
1	12481028	2995	AG
1	12482349	1032	GA
1	12483649	1256	TA
1	12484610	961	TG
1	12484724	114	TC
1	12484889	165	AT
1	12484973	84	AC
1	12484996	23	CT
1	12485425	429	CT
1	12495131	3284	CG
1	12495560	429	AT
1	12496038	219	GA
1	12496158	120	GA
1	12496654	496	CT
1	12497017	363	GA
1	12497139	122	CT
1	12497208	69	AG
1	12497256	48	GA
1	12497288	32	TC
1	12497477	189	GT
1	12498125	605	TC
1	12499793	979	AG
1	12499871	78	GA
1	12500096	225	TC
1	12505107	921	CG
1	12509914	4292	AG
1	12512035	1919	GA
1	12514129	1234	GT
1	12514341	212	TA
1	12514455	114	GA
1	12514885	430	TA
1	12516806	1624	AG
1	12519968	2018	TC
1	14145141	1203571	CT
1	14627490	340022	CT
1	15587112	587112	CT
1	15588235	1123	AG
1	15588464	205	CT
1	15588592	128	CT
1	15589555	963	AG
1	15592869	3281	GA
1	15596432	2989	GA
1	15601660	5163	GC
1	15601939	279	CT
1	15602119	180	AG
1	15603858	1739	GA
1	15604369	511	GA
1	15605008	639	TA
1	15605010	2	GA
1	15605676	666	CT
1	15605950	274	CG
1	15605997	47	CG
1	15606010	13	GT
1	15606289	279	TC
1	15613042	5346	CA
1	15613154	112	AG
1	15613237	83	TA
1	15616428	3021	GC
1	15616779	351	CT
1	15617929	1150	GT
1	15619082	940	AG
1	15622982	3425	AT
1	15623680	558	GA
1	15624550	641	CT
1	15628437	3532	TG
1	15630394	1225	GA
1	15634957	3228	CT
1	15639288	3351	AT
1	15639309	21	GA
1	15640902	1543	TC
1	15641383	481	GA
1	15641433	50	AG
1	15643225	1381	CG
1	15657627	5742	GA
1	15659941	2279	GA
1	15660273	332	CT
1	15660308	35	CT
1	15660432	124	AG
1	15660533	101	CT
1	15660574	41	TC
1	15660767	193	GA
1	15660817	50	CT
1	15661677	860	TC
1	15662636	959	AG
1	15663360	665	CT
1	15664336	976	TC
1	15664525	189	CG
1	15664665	140	CT
1	15664966	301	AC
1	15665513	519	GC
1	15665626	113	GC
1	15666243	617	TC
1	15666728	485	CG
1	15667900	1172	GA
1	15667982	82	AG
1	15669838	1540	GA
1	15673578	3330	TC
1	15675505	1804	TC
1	15678724	3031	TC
1	15679337	581	CG
1	15680536	1117	CA
1	15681973	1408	GA
1	15682087	114	GA
1	15682108	21	AG
1	15682944	836	TC
1	15682983	39	AG
1	15685780	2429	AG
1	15686094	192	GA
1	15687012	876	AG
1	15687094	82	AG
1	15689705	785	GA
1	15689744	39	TC
1	15689930	186	CT
1	15703478	12607	GT
1	15720784	5182	AG
1	15721855	1071	AC
1	15722606	751	TC
1	15725131	2353	GA
1	15727300	1526	AG
1	15727502	202	GA
1	15728290	788	CT
1	15730038	1748	TC
1	15734321	3790	CT
1	15734765	444	AG
1	15735218	453	CT
1	15735350	132	CT
1	15736735	1356	AG
1	15737360	625	TC
1	15737933	573	CG
1	15738566	633	CT
1	15739814	1248	GA
1	15740451	468	AG
1	15740768	271	CT
1	15741615	773	AG
1	15742387	294	GA
1	15742489	102	GA
1	15742595	106	GA
1	15743932	1337	CT
1	15744064	132	TC
1	15744318	254	GA
1	15744550	232	CT
1	15744586	36	CA
1	15744708	122	GT
1	15744724	16	TC
1	15744727	3	CT
1	15744768	41	TC
1	15744825	57	GC
1	15744883	58	CG
1	15744936	53	GT
1	15745051	115	TG
1	15745122	71	CT
1	15745389	267	CA
1	15745420	31	AG
1	15745676	256	TA
1	15745821	145	AG
1	15747376	998	GA
1	15753090	3844	CT
1	15753887	296	CT
1	15754192	305	TC
1	15754268	76	CT
1	15754391	123	AG
1	15754407	16	GT
1	15755772	352	CT
1	15755784	12	TC
1	15756825	196	TC
1	15756871	46	GA
1	15756892	21	TC
1	15757832	940	GA
1	15757872	40	TA
1	15757881	9	GA
1	15757972	91	GA
1	15758031	59	TC
1	15758037	6	AG
1	15758943	409	CT
1	15760292	1197	GA
1	15762972	2402	GA
1	15763077	105	GA
1	15763497	420	GT
1	15763571	74	CT
1	15764680	730	TC
1	15764746	66	TA
1	15765224	187	AG
1	15765693	469	AG
1	15765948	255	TC
1	15765969	21	CT
1	15768722	1089	AT
1	15769056	334	CT
1	15769140	84	CT
1	15769527	71	CT
1	15773279	1577	AG
1	15774233	954	AG
1	15774538	305	CT
1	15774930	279	AG
1	15780171	825	TC
1	15781283	789	TC
1	15781622	339	AG
1	15785590	3435	GA
1	15785848	258	CT
1	15786270	422	AT
1	15786450	141	GA
1	15786599	149	CT
1	15787265	217	GT
1	15788030	481	TC
1	15788036	6	TG
1	15788059	23	CT
1	15788122	63	TC
1	15788133	11	TC
1	15788300	167	CT
1	15788309	9	AG
1	15795726	4923	CT
1	15796083	321	CT
1	15797079	996	CT
1	15797656	546	AG
1	15797839	183	AG
1	15797965	126	CT
1	15798248	283	AG
1	15798958	669	AG
1	15799810	461	AG
1	15799991	138	TC
1	15799992	1	GT
1	15800420	330	TA
1	15800709	185	AG
1	15800977	268	TC
1	15803218	1014	TA
1	15803368	150	TC
1	15803429	61	TG
1	15803465	36	TC
1	15803531	66	CT
1	15803739	141	GA
1	15808802	2095	TG
1	15809069	267	TC
1	15809072	3	GA
1	15809154	82	GA
1	15811842	314	AC
1	15811843	1	GT
1	15811911	68	TC
1	15811935	24	GA
1	15811944	9	CT
1	15811969	25	GA
1	15824963	6480	GA
1	15828480	2781	CT
1	15829060	580	CA
1	15829588	528	GA
1	15830967	1379	AG
1	15830987	20	CG
1	15832087	1100	AG
1	15835029	2521	AG
1	15835395	366	GA
1	15839489	4027	TC
1	15839492	3	TC
1	15845047	5156	CT
1	15853758	8167	TG
1	15854871	913	AC
1	15856808	1720	AG
1	15856973	165	TC
1	15859233	2000	CT
1	15859248	15	GC
1	15860879	1576	AT
1	15860909	30	CT
1	15860957	48	AG
1	15860965	8	GC
1	15861791	709	GA
1	15863048	1178	TC
1	15863402	318	TC
1	15863908	457	TG
1	15863921	13	AG
1	15864254	132	GC
1	15865312	713	CA
1	15865320	8	GA
1	15865391	71	GC
1	15865421	30	TC
1	15865490	69	AG
1	15865510	20	AG
1	15865525	15	GA
1	15866152	586	GA
1	15866798	296	CT
1	15870054	1183	AG
1	15870700	623	TA
1	15870754	54	CT
1	15870858	104	TC
1	15871053	195	TA
1	15871069	16	CA
1	15871154	85	GC
1	15871286	132	TC
1	15871324	38	CT
1	15871380	56	CT
1	15872453	858	CT
1	15873408	565	TC
1	15874854	1295	AG
1	15875967	1064	TC
1	15878023	2056	CG
1	15878730	707	AG
1	15879310	509	AG
1	15879757	416	CT
1	15882123	2196	GA
1	15882969	822	GA
1	15882970	1	TA
1	15883399	300	GC
1	15883479	80	AG
1	15885445	493	CT
1	15885615	170	TC
1	15885924	309	CT
1	15886163	239	GA
1	15887853	880	TG
1	15891541	2790	CT
1	15894512	2619	CT
1	15895525	1013	CG
1	15895553	28	AG
1	15895642	89	AG
1	15896054	412	GC
1	15897373	473	CT
1	15898123	560	TC
1	15898489	293	TC
1	15898490	1	GA
1	15898791	301	GT
1	15898840	49	GC
1	15899736	896	TC
1	15899778	42	TC
1	15899872	94	AG
1	15899890	18	CT
1	15899938	48	TC
1	15900018	80	GA
1	15900063	45	AG
1	15900204	141	CT
1	15900530	326	CT
1	15906830	4368	AG
1	15907455	198	TC
1	15907565	110	TC
1	15907894	329	TC
1	15909887	1327	CA
1	15913185	2759	TC
1	15914864	1389	AG
1	15920591	4545	AG
1	15920716	125	CT
1	15925151	3248	GC
1	15925248	97	TC
1	15928021	1591	TC
1	15931372	2841	AG
1	15932042	670	TC
1	15932927	727	GA
1	15933080	153	GA
1	15935078	1534	AC
1	15935219	141	GC
1	15935319	100	CT
1	15935752	433	GT
1	15936105	353	CG
1	15936185	80	TC
1	15936556	69	CT
1	15936657	101	GA
1	15936852	195	TC
1	15936948	96	GA
1	15936949	1	AC
1	15937024	75	CT
1	15937471	447	AG
1	15937814	301	AG
1	15938042	228	CT
1	15938225	183	AG
1	15938636	275	TC
1	15938854	193	TA
1	15939824	970	CT
1	15940736	885	GA
1	15941343	454	AG
1	15941588	222	CT
1	15941603	15	AG
1	15942183	580	CT
1	15942494	130	AT
1	15942712	218	CT
1	15942770	58	GA
1	15943369	599	CT
1	15943472	103	CT
1	15943787	120	CT
1	15943789	2	AG
1	15944274	279	AG
1	15944328	54	CT
1	15944441	113	TC
1	15944624	183	TC
1	15944656	32	TG
1	15944778	122	AG
1	15944784	6	TG
1	15944793	9	AG
1	15945463	634	TC
1	15945594	32	TC
1	15945649	55	TC
1	15947280	1320	GA
1	15947498	183	AC
1	15947741	243	GC
1	15951350	1490	TC
1	15951368	18	TC
1	15951456	88	AG
1	15951496	40	GA
1	15952732	887	CT
1	15952930	72	AG
1	15953224	294	AC
1	15953233	9	CT
1	15953428	195	GC
1	15953435	7	AG
1	15954171	399	TC
1	15955497	589	TA
1	15955843	346	TC
1	15955930	87	AG
1	15956920	452	CT
1	15958306	1298	CT
1	15959129	764	GA
1	15959163	34	CT
1	15962354	1579	AG
1	15962662	308	GA
1	15962925	263	CG
1	15963086	161	CA
1	15963518	432	CT
1	15963547	29	TC
1	15963793	246	AC
1	15963837	44	TC
1	15966681	1611	AG
1	15967914	1008	CG
1	15968779	865	CT
1	15974342	2461	GA
1	15974647	305	CT
1	15975213	566	CT
1	15979751	3804	AC
1	15980266	235	GT
1	15980853	587	AG
1	15982021	307	AG
1	15982410	389	AG
1	15983156	746	TA
1	15989913	3690	TC
1	15990071	158	GA
1	15990159	88	GA
1	15990363	204	CT
1	15995591	4082	TC
1	15996362	554	CT
1	15996365	3	GC
1	15996374	9	GA
1	15996381	7	AG
1	15996465	84	TC
1	15996467	2	AG
1	15997962	311	AG
1	15999699	1255	TA
1	16000400	623	CT
1	16000756	356	CT
1	16002819	1501	TC
1	16003015	196	GA
1	16003653	597	TC
1	16009581	3975	CA
1	16009723	142	CT
1	16010226	465	AC
1	16011365	1072	CT
1	16011798	393	CT
1	16011915	117	GA
1	16011934	19	AG
1	16012866	778	GT
1	16012872	6	TC
1	16014254	895	AG
1	19267985	1949115	AC
1	19727507	307706	TC
1	19745235	15142	GA
1	19745767	363	TC
1	19747194	1180	TC
1	19747336	142	TC
1	19748619	758	AG
1	19748637	18	TC
1	19748986	349	CT
1	19750114	894	TC
1	19750812	409	TC
1	19750902	90	CT
1	19750917	15	TC
1	19751638	656	GC
1	19752101	463	GA
1	19752306	205	TC
1	19752935	629	CT
1	19753275	340	AC
1	19753415	140	CT
1	19753469	54	GA
1	19753521	52	AT
1	19753799	259	AG
1	19754123	177	AG
1	19754523	299	GC
1	19755499	976	GT
1	19756534	330	AG
1	19756551	17	TC
1	19757137	397	TC
1	19757156	19	AG
1	19758041	354	GA
1	19758793	438	CT
1	19759304	511	TG
1	19759571	267	TC
1	19761374	1481	AG
1	19762030	656	CT
1	19762271	241	TC
1	19763221	911	TG
1	19763241	20	TC
1	19763463	222	CG
1	19766850	1643	AG
1	19766913	63	CT
1	19766934	21	GA
1	19767813	537	TC
1	19767822	9	CT
1	19768321	165	AG
1	19769136	815	GA
1	19769862	501	GA
1	19770589	727	AG
1	19771946	277	GC
1	19771949	3	TC
1	19774524	2482	CG
1	19774650	126	TG
1	19776069	1181	TC
1	19777928	1859	CT
1	19780105	1737	GC
1	19780131	26	GT
1	19780225	94	AC
1	19780299	74	AG
1	19780481	182	TG
1	19780730	249	AG
1	19780915	117	CG
1	19782313	1353	GT
1	19782690	377	TC
1	19782877	187	CG
1	19782889	12	AG
1	19783229	340	AG
1	19784541	1013	GA
1	19784601	60	CG
1	19784673	72	CT
1	19784712	39	AG
1	19785044	332	GA
1	19785051	7	AG
1	19785228	177	CG
1	19785248	20	TC
1	19785496	248	CT
1	19785676	180	GT
1	19785895	219	GA
1	19791381	4737	TC
1	19791445	64	CT
1	19796931	3982	GA
1	19797336	405	CT
1	19798606	1270	TC
1	19803860	4376	AG
1	19804729	869	CT
1	19805513	784	GA
1	19807269	1756	AG
1	19807552	231	CT
1	19811132	2734	CG
1	19812287	960	GA
1	19815102	1994	CT
1	19823128	6465	TC
1	19823351	223	AG
1	19823622	271	GA
1	19824567	249	AG
1	19824633	66	AG
1	19824687	54	TC
1	19824743	56	GA
1	19825295	284	CT
1	19825327	32	CT
1	19825481	154	GC
1	19825576	95	GA
1	19825820	76	TC
1	19825957	137	CT
1	19825970	13	AG
1	19825990	20	AG
1	19826200	210	GA
1	19826364	164	TC
1	19826440	76	GC
1	19826449	9	AG
1	19827304	557	CT
1	19827576	272	AG
1	19827583	7	CT
1	19828005	422	GA
1	19828013	8	GA
1	19828082	69	GA
1	19828168	86	TC
1	19829335	771	TG
1	19829343	8	GA
1	19829476	67	AG
1	19829490	14	TC
1	19829619	98	CT
1	19829638	19	GA
1	19830316	356	TC
1	19830510	194	TC
1	19830771	261	TC
1	19830982	185	AT
1	19831026	44	AT
1	19832168	769	CT
1	19834093	418	TC
1	19834747	603	GC
1	19835125	131	TC
1	19835923	471	AC
1	19835985	62	TC
1	19836685	700	CT
1	19838273	1511	AG
1	19838297	24	TG
1	19839015	573	GA
1	19839138	123	GT
1	19840660	1051	GA
1	19842774	1489	CT
1	19844058	536	AG
1	19845203	1145	TG
1	19845443	240	CG
1	19846340	897	TC
1	19846903	563	TC
1	19849793	1403	AG
1	19850194	401	CA
1	19864963	8724	AG
1	19873244	6303	CT
1	19873345	101	CG
1	19878132	3337	TC
1	19880223	2046	CT
1	19880645	422	CT
1	19882478	600	AG
1	19882643	165	GA
1	19884402	1732	CT
1	19885767	1201	AG
1	19909961	17129	TC
1	19910825	785	TC
1	19913034	1467	GA
1	19913838	804	GA
1	19915478	1640	CT
1	19916927	868	TC
1	19917839	839	AG
1	19918427	316	GA
1	19918501	74	CT
1	19918542	41	GA
1	19920174	1531	CT
1	19924339	3165	TC
1	19924658	319	CT
1	19928744	2283	GC
1	19931127	624	GA
1	19931436	309	AC
1	19932475	1039	AG
1	19932635	160	CT
1	19933214	430	CT
1	19933272	58	TC
1	19935096	1824	GA
1	19936425	989	TG
1	19936802	377	TC
1	19936825	23	TC
1	19938062	1237	TC
1	19942386	1550	AG
1	19942750	278	TC
1	19942795	45	CT
1	19943664	869	AG
1	19944288	573	AG
1	19944500	212	CG
1	19945112	589	CT
1	19945932	820	CT
1	19948183	2152	CA
1	19949447	1264	TG
1	19949631	184	CT
1	19949681	50	CT
1	19954837	4967	AG
1	19955377	465	CT
1	19955672	295	TC
1	19959948	3767	TC
1	19960521	545	GA
1	19961675	1154	AG
1	19965193	3365	GC
1	19974006	8454	TC
1	19974575	569	TC
1	19975474	875	TC
1	19977520	2046	TA
1	19978805	1007	CT
1	19978933	128	GA
1	19980978	1874	TC
1	19986495	5186	CG
1	19987096	601	GA
1	19996845	8769	AG
1	19997790	945	CG
1	19999482	1362	GA
1	20038123	5558	GT
1	20038340	217	TC
1	20052462	1367	TC
1	20065803	423	AC
1	20080252	1021	GA
1	20082242	1849	GA
1	20091242	7431	TC
1	20092179	937	TC
1	20094939	1568	AG
1	20095774	835	GA
1	20098699	2885	GA
1	20100863	1522	AG
1	20101393	530	GA
1	20103403	1576	CA
1	20107271	3086	TC
1	20109106	1407	GA
1	20110870	1396	AG
1	20110915	45	GC
1	20111423	508	TC
1	20116406	4905	GC
1	20118799	1713	CG
1	20121691	2658	CT
1	20123510	1242	TC
1	20125483	1973	AG
1	20130482	4877	CT
1	20135497	4229	AT
1	20137994	2080	GT
1	20138298	304	TC
1	20140138	1806	GA
1	20147220	5688	CG
1	20147802	193	GT
1	20148770	805	TC
1	20150679	1909	TC
1	20151973	1076	CG
1	20157060	3817	TC
1	20157585	525	AG
1	20162934	4795	CG
1	20163160	226	GC
1	20169125	5698	AT
1	20169209	84	CT
1	20170126	659	TG
1	20173006	2257	CT
1	20173024	18	AG
1	20175815	2513	AG
1	20177490	1240	GC
1	20179035	1545	TC
1	20181741	2508	GA
1	20181969	228	TA
1	20184807	2226	AG
1	20185688	881	GC
1	20186926	342	AG
1	20188412	1397	GA
1	20189039	507	AG
1	20189799	626	CT
1	20198638	6214	CA
1	20199326	542	AT
1	20199762	436	TC
1	20201043	1141	GA
1	20201775	445	GA
1	20206688	1192	GC
1	20207975	965	TC
1	20209866	1567	GA
1	20211257	691	CT
1	20211528	271	TC
1	20218313	3921	TC
1	20218389	76	GA
1	20218467	78	GA
1	20220437	1970	CG
1	20223245	2490	CA
1	20242562	11273	TC
1	20244142	1374	AG
1	20245510	529	AC
1	20246835	960	TC
1	20248034	964	GC
1	20249278	923	AG
1	20250266	645	CT
1	20250267	1	AC
1	20250299	32	AG
1	20250352	53	CT
1	20250773	288	CT
1	20252700	519	GA
1	20252939	93	CG
1	20253186	247	GC
1	20253722	536	CT
1	20259079	3764	CT
1	20259774	628	CG
1	20260510	673	AG
1	20261538	1028	TC
1	20262343	805	GA
1	20262386	43	CT
1	20262418	32	AG
1	20263330	718	TC
1	20263623	233	TG
1	20263697	74	GC
1	20263709	12	GA
1	20264191	482	GT
1	20265408	677	GC
1	20265866	293	AT
1	20266570	417	TC
1	20266599	29	CT
1	20266608	9	GA
1	20266743	135	TC
1	20266856	113	GA
1	20267105	249	AG
1	20267504	399	CT
1	20268228	724	AG
1	20268262	34	TC
1	20268287	25	CA
1	20268510	223	GA
1	20268753	243	TC
1	20268823	70	TC
1	20268912	89	CT
1	20276997	739	TC
1	20277096	99	TC
1	20277121	25	GA
1	20277301	180	TC
1	20277335	34	TC
1	20278002	318	CT
1	20278575	573	TC
1	20278981	308	GA
1	20280331	858	CA
1	20280916	585	CT
1	20281364	369	TC
1	20283372	1453	CT
1	20290188	6211	CT
1	20293474	2101	TG
1	20293621	147	GA
1	20297130	1496	GA
1	20297390	260	CT
1	20300600	2070	AG
1	20303158	1985	GA
1	20304628	1071	GA
1	20304944	262	TC
1	20305059	115	CA
1	20305076	17	AG
1	20307188	1729	TC
1	20308902	1626	CG
1	20309040	138	CT
1	20309773	235	AG
1	20310187	414	TG
1	20310210	23	CT
1	20311719	1509	TC
1	20311791	72	TC
1	20311850	59	GA
1	20315505	2053	TC
1	20316422	917	GA
1	20317439	1017	TC
1	20318118	637	TC
1	20318175	57	CG
1	20318211	36	TG
1	20319727	1065	CG
1	20322163	1977	GA
1	20326035	3351	TC
1	20329122	2749	GA
1	20329502	380	TC
1	20330467	965	AG
1	20330802	335	TC
1	20331541	739	GA
1	20331966	425	TC
1	20333400	1400	CT
1	20335554	2154	TC
1	20336104	550	GA
1	20337849	1745	GA
1	20338039	190	CT
1	20338108	69	TC
1	20340210	2063	TC
1	20340960	750	TC
1	20341693	733	CT
1	20342933	1119	GA
1	20343525	181	CT
1	20343598	73	GA
1	20348737	4028	AG
1	20349501	492	AT
1	20349960	459	TG
1	20349964	4	CT
1	20353697	3240	CT
1	20354238	541	AG
1	20357061	2135	TC
1	20357171	110	GC
1	20359669	1901	CG
1	20361909	2154	TC
1	20364990	2185	AG
1	20369619	3709	GC
1	20371105	303	GA
1	20375760	2863	AG
1	20375763	3	AT
1	20417557	28464	TA
1	20420311	2544	CT
1	20426637	5725	GA
1	20436823	8896	CT
1	20449539	9795	CT
1	20632681	85802	TC
1	20632683	2	CT
1	20634632	823	AG
1	20634914	226	CG
1	20636339	1353	AG
1	20637158	359	AC
1	20637307	149	GT
1	20638306	574	TC
1	20638317	11	AT
1	20640986	1027	AG
1	20641099	113	AG
1	20641191	92	CG
1	20641242	51	AG
1	20641886	274	CG
1	20641925	39	CA
1	20651287	1975	AC
1	20652788	853	TC
1	20654288	1206	TG
1	20654479	191	TG
1	20654936	457	TC
1	20662785	4993	TC
1	20662868	83	AT
1	20665435	1471	GA
1	20665461	26	CT
1	20665533	72	AT
1	20667006	174	GA
1	20667042	36	TG
1	20668266	354	GA
1	20668315	49	GA
1	20668376	61	AT
1	20668625	46	CT
1	20669635	152	CT
1	20669762	127	TC
1	20669764	2	GA
1	20669842	78	AG
1	20669903	61	TC
1	20669970	67	CT
1	20670069	99	AG
1	20670139	70	AC
1	20670610	471	TC
1	20670634	24	CT
1	20670804	170	AG
1	20671054	250	CT
1	20671317	263	CT
1	20671339	22	GT
1	20671350	11	CG
1	20671407	57	GA
1	20671657	250	GT
1	20671659	2	AT
1	20671821	162	AC
1	20672395	405	GA
1	20672591	196	AT
1	20672598	7	TA
1	20672632	34	CT
1	20674070	741	AT
1	20674825	260	CA
1	20675102	69	GC
1	20677139	1819	AG
1	20677502	363	AG
1	20677654	152	GA
1	20677674	20	AG
1	20677847	173	AG
1	20678118	271	AG
1	20678141	23	GA
1	20678542	302	GC
1	20678627	85	CG
1	20678668	41	AG
1	20681288	1276	AC
1	20681453	165	GA
1	20681533	80	AC
1	20681856	323	CT
1	20682061	205	TA
1	20682610	549	GT
1	20682685	75	AT
1	20684746	717	GA
1	20685655	342	GA
1	20686059	10	GA
1	20686391	29	TC
1	20686444	53	GA
1	20686449	5	GA
1	20686920	73	TG
1	20686953	33	AG
1	20687145	192	AT
1	20687214	69	CT
1	20687490	276	CT
1	20687974	327	AT
1	20688054	80	CT
1	20688614	560	TC
1	20688708	94	CT
1	20688737	29	GA
1	20688768	31	AG
1	20688807	39	CT
1	20688877	70	AG
1	20689369	492	GA
1	20689696	327	GA
1	20689769	73	AC
1	20689881	112	AG
1	20690786	48	TC
1	20690877	91	CT
1	20691710	269	TC
1	20692445	399	TC
1	20692618	173	TC
1	20694019	628	CT
1	20694135	116	GA
1	20694926	672	CT
1	20695769	425	CG
1	20697159	232	CT
1	20697282	123	CG
1	20697299	17	AC
1	20697697	369	TC
1	20697763	66	GC
1	20697797	34	TA
1	20698016	106	AG
1	20699118	558	CT
1	20699252	134	CT
1	20699425	173	GA
1	20699488	63	TC
1	20699524	36	CT
1	20699578	54	AG
1	20699619	41	GC
1	20699659	40	AC
1	20699820	161	GA
1	20700004	184	CT
1	20700239	235	AC
1	20700575	336	TC
1	20700633	58	CG
1	20700759	126	CT
1	20701409	80	CG
1	20701456	47	AG
1	20701747	239	AG
1	20702027	74	CT
1	20702041	14	AG
1	20702272	231	AC
1	20702340	68	GA
1	20702434	94	AC
1	20702435	1	TC
1	20704690	364	CG
1	20704852	162	GC
1	20704938	86	GA
1	20706021	342	CT
1	20706078	57	GA
1	20706262	184	CT
1	20706272	10	AT
1	20706564	292	TC
1	20706634	70	AG
1	20707862	413	TC
1	20707879	17	CT
1	20707988	109	TC
1	20711495	2271	CT
1	20711667	172	AG
1	20711821	128	TC
1	20711860	39	CT
1	20712751	468	GT
1	20713451	238	TC
1	20715209	329	TC
1	20724371	738	TC
1	20724409	38	AG
1	20724913	504	CT
1	20725309	192	GA
1	20726251	615	AG
1	20729519	1344	TC
1	20730016	497	GA
1	20730183	167	CT
1	20737923	999	AT
1	20737933	10	AG
1	20738229	220	AG
1	20738249	20	GT
1	20739108	179	GA
1	20739681	390	AG
1	20746576	545	TA
1	20746698	122	AC
1	20747067	369	AC
1	20747203	136	TC
1	20747315	112	AC
1	20747905	590	CT
1	20748451	507	AG
1	20748559	108	TA
1	20748618	59	TC
1	20751003	2000	AG
1	20752120	517	CT
1	20752193	73	GA
1	20752724	252	CT
1	20752742	18	TC
1	20753437	695	GA
1	20753715	278	TC
1	20754608	352	CA
1	20755234	626	CA
1	20755235	1	AG
1	20755257	22	TC
1	20755627	370	AG
1	20757391	276	CT
1	20757409	18	TC
1	20760714	224	AT
1	20761684	315	CA
1	20762124	295	CT
1	20762304	180	TC
1	20762320	16	CA
1	20762874	554	AC
1	20762917	43	GA
1	20764127	873	AT
1	20764475	348	AT
1	20764593	118	GT
1	20764729	136	GA
1	20764747	18	AG
1	20764763	16	AC
1	20764805	42	TC
1	20765373	568	AT
1	20765610	237	AG
1	20765612	2	GA
1	20765629	17	CA
1	20765636	7	CA
1	20765705	69	AG
1	20765740	35	CT
1	20765744	4	CT
1	20765754	10	GC
1	20766096	342	GA
1	20766500	404	TC
1	20766573	73	CT
1	20766763	190	GC
1	20766917	154	AG
1	20766938	21	TC
1	20766943	5	CT
1	20766953	10	CT
1	20767024	71	GA
1	20767027	3	CG
1	20767274	247	GC
1	20767857	475	CT
1	20768144	287	AG
1	20768193	49	GA
1	20768471	278	AG
1	20769453	527	GA
1	20770084	335	TC
1	20771499	617	TC
1	20772475	254	TG
1	20772787	70	AG
1	20772878	33	AG
1	20773425	547	AG
1	20773503	78	TA
1	20773611	108	TG
1	20775971	1291	CT
1	20776137	166	GA
1	20779867	1194	AC
1	20780090	183	AT
1	20789685	1161	TC
1	20791023	138	TG
1	20801815	1097	CG
1	20801821	6	AG
1	20830363	1306	TC
1	20832793	1208	TA
1	20834944	679	AG
1	20835175	231	GA
1	20835800	313	TC
1	20838117	1836	GA
1	20840164	1994	GA
1	20840608	342	GA
1	20842679	1049	TC
1	20842742	63	TC
1	20842993	251	TC
1	20843051	58	TC
1	20843314	263	GA
1	20843383	69	CA
1	20843476	93	CT
1	20843550	74	GT
1	20843714	164	AG
1	20845985	130	TC
1	20846281	259	TC
1	20850276	74	AT
1	20850310	34	CT
1	20850499	189	TC
1	20853559	286	CT
1	20856075	358	TA
1	20867174	1035	AG
1	20867287	113	GC
1	20874672	4572	GA
1	20875845	808	AG
1	20877261	506	GA
1	20878007	746	CT
1	20879857	1506	CG
1	20880257	342	GA
1	20880258	1	GC
1	20880419	161	AC
1	20880421	2	GA
1	20880508	87	GA
1	20880609	101	CT
1	20880649	40	AT
1	20880758	109	AG
1	20880912	154	AG
1	20881816	313	TA
1	20892080	544	TC
1	20892109	29	TA
1	20899149	853	GA
1	20901497	1491	AG
1	20901653	156	CT
1	20902993	574	TA
1	20903396	403	GC
1	20908966	1856	GA
1	20920171	2180	TC
1	20920444	273	GA
1	20923699	1837	AG
1	20924146	447	CT
1	20924196	50	TG
1	20924316	120	GA
1	20925179	863	GA
1	20925367	188	GA
1	20925436	69	AG
1	20925519	83	CT
1	20925879	360	GA
1	20926866	586	AG
1	20926867	1	GA
1	20926993	85	CT
1	20933706	514	GA
1	20933728	22	AC
1	20934350	281	GA
1	20934393	43	CG
1	20934467	74	TC
1	20936682	313	AG
1	20936724	42	GA
1	20937874	40	GA
1	20938003	129	GA
1	20949055	1465	TA
1	20949552	497	CT
1	20949856	304	AG
1	20949884	28	TC
1	20949943	59	TC
1	20951149	607	TC
1	20957783	1783	CG
1	20958185	244	TC
1	20958391	206	GA
1	20958485	94	GA
1	20958514	29	CT
1	20958564	50	CG
1	20958611	47	CT
1	20958614	3	GA
1	20958618	4	AG
1	20958719	101	GA
1	20959638	919	TC
1	20959958	320	TC
1	20960271	313	GA
1	20960577	107	AG
1	20960597	20	CT
1	20960705	108	CT
1	20960818	113	CT
1	20961274	456	GC
1	20961379	74	GA
1	20961383	4	TG
1	20961486	103	AG
1	20961737	251	CT
1	20961799	62	GA
1	20961839	40	CT
1	20962158	319	TC
1	20962222	64	GA
1	20962384	162	TC
1	20962427	43	CT
1	20962464	37	AG
1	20962471	7	AG
1	20962497	26	AG
1	20962650	153	CT
1	20962677	27	GA
1	20962701	24	GA
1	20962705	4	TC
1	20962709	4	TC
1	20963042	333	AG
1	20963311	269	TC
1	20963790	479	CT
1	20964135	345	TC
1	20964329	194	GA
1	20964970	417	CT
1	20965090	120	TC
1	20965132	42	GA
1	20965136	4	GA
1	20965391	163	TC
1	20965666	275	AC
1	20965720	54	AG
1	20966947	736	AG
1	20967717	733	TC
1	20967825	108	AG
1	20967875	50	GA
1	20968457	582	CT
1	20968802	345	GC
1	20968807	5	CA
1	20968997	190	TC
1	20969019	22	GA
1	20970162	400	TC
1	20970752	590	AG
1	20970965	213	AG
1	20971593	597	TC
1	20971983	298	GT
1	20972038	55	AG
1	20973849	1600	CG
1	20974159	310	GA
1	20974276	117	CT
1	20974824	548	TG
1	20975131	307	AC
1	20975135	4	AT
1	20975373	238	TA
1	20975549	176	CT
1	20975632	83	TC
1	20976638	984	CT
1	20977168	530	GA
1	20977999	831	TC
1	20978740	741	AG
1	20987632	7648	CA
1	20987767	135	CG
1	20988326	156	TC
1	20988442	116	GA
1	20989499	1057	AG
1	20990364	865	GA
1	20990744	380	TC
1	20990925	108	GC
1	20991242	141	AG
1	20991524	282	CT
1	20994786	877	GA
1	20994794	8	GA
1	20996575	1304	CT
1	20997448	709	CT
1	20998869	1235	CT
1	20998996	127	GA
1	20999940	944	AG
1	21000895	955	GC
1	21001606	507	GA
1	21005089	2206	AC
1	21006405	1316	AG
1	21006408	3	CT
1	21007995	1549	TC
1	21008787	604	CG
1	21008942	155	TC
1	21008975	33	TC
1	21010054	1079	AG
1	21011016	818	TC
1	21013040	1817	GA
1	21014886	362	CT
1	21015284	398	CT
1	21015527	243	CG
1	21016044	473	AG
1	21016307	263	TC
1	21016663	356	TG
1	21023644	1894	GA
1	21024644	652	CT
1	21025825	1181	GA
1	21025853	28	CT
1	21025855	2	AG
1	21025856	1	AC
1	21034902	3074	AG
1	21036951	1211	AG
1	21038102	991	AG
1	21039765	1204	AG
1	21041998	2191	CT
1	21042015	17	GA
1	21042571	556	GA
1	21045356	2052	GC
1	21047021	1499	GT
1	21051813	2711	AG
1	21054906	2298	AG
1	21056309	1403	AG
1	21060697	2793	CT
1	21060707	10	AG
1	21061781	1025	CG
1	21062814	1033	CT
1	21063468	301	GA
1	21063727	259	TG
1	21065031	1105	GA
1	21069720	3065	AG
1	21069987	267	CT
1	21072205	915	GA
1	21072669	105	TC
1	21075540	2612	CT
1	21076567	1027	GT
1	21078886	1419	TC
1	21083235	2243	CT
1	21083253	18	CA
1	21083486	233	TC
1	21083835	349	CT
1	21083991	156	AG
1	21084026	35	GA
1	21084116	90	AG
1	21085183	632	AG
1	21085284	101	CT
1	21085972	688	GA
1	21086037	65	GC
1	21086638	542	GC
1	21086703	65	CT
1	21087295	489	GA
1	21087342	47	CG
1	21087583	241	TC
1	21088554	477	GA
1	21088880	326	AG
1	21089136	256	CA
1	21089156	20	TC
1	21089343	187	GA
1	21089426	83	AG
1	21089573	147	GT
1	21090239	70	AG
1	21090449	210	CT
1	21090704	255	GA
1	21092052	218	GA
1	21092544	492	AC
1	21093188	644	AT
1	21093667	440	CA
1	21094484	490	CG
1	21095009	525	GT
1	21095056	47	TA
1	21095252	196	CA
1	21095404	152	AG
1	21096668	1042	TA
1	21100970	3628	GA
1	21101378	408	TA
1	21104907	2160	CG
1	21104911	4	CG
1	21114944	5714	GT
1	21116509	1154	TA
1	21122254	2737	AG
1	21122413	159	GC
1	21127193	3607	CA
1	21128027	745	AG
1	21136304	5476	AC
1	21136971	667	GA
1	21137262	257	AG
1	21137496	234	GC
1	21137820	324	AG
1	21139039	946	GA
1	21139631	592	CT
1	21139977	346	AG
1	21140159	182	TG
1	21140822	578	TC
1	21140985	163	CT
1	21141605	337	AG
1	21141682	77	AG
1	21141739	57	TC
1	21141958	219	AG
1	21142194	236	AG
1	21142468	274	AC
1	21142488	20	GA
1	21144439	429	TC
1	21144583	144	GC
1	21144759	176	AG
1	21144811	52	GA
1	21144840	29	GA
1	21149567	1843	TG
1	21149802	235	GC
1	21149894	92	GA
1	21150019	125	CT
1	21150799	408	TC
1	21152096	1183	TC
1	21155640	2549	GT
1	21157143	1273	CT
1	21162183	3859	CT
1	21167965	2327	AG
1	21174202	3674	AC
1	21179859	2033	TC
1	21180801	344	GC
1	21181119	318	CT
1	21181632	473	AT
1	21184861	2121	CG
1	21185302	441	AG
1	21185525	223	TC
1	21190309	2022	TG
1	21211593	14920	GA
1	21213043	1450	TC
1	21217843	3640	GT
1	21219052	1145	GC
1	21220052	1000	TG
1	21224072	3745	TC
1	21225537	1465	GA
1	21228033	1815	TC
1	21228103	70	CG
1	21231869	3003	AC
1	21231937	68	AC
1	21238139	5682	TC
1	21239497	1112	CG
1	21242605	1246	CA
1	21246956	1935	CA
1	21247595	404	CG
1	21247714	119	GT
1	21250985	1759	GA
1	21270975	9126	TA
1	21277522	2698	CT
1	21278044	522	AC
1	21279932	1225	AG
1	21281830	562	TC
1	21288891	4535	AC
1	21300369	7164	AG
1	21329874	15345	TC
1	21333395	884	GA
1	21335117	560	CT
1	21335190	73	GC
1	21335307	117	AG
1	21338570	621	GT
1	21353287	7161	GC
1	21357812	2850	AG
1	21377496	5739	GA
1	21380675	2177	GA
1	21392759	4606	TG
1	21403977	7023	GA
1	21416722	6045	TC
1	21417096	374	CG
1	21417966	662	CT
1	21423746	2209	TC
1	21424839	701	TC
1	21426231	486	TC
1	21428887	1315	AG
1	21437787	1335	CT
1	21437853	66	TC
1	21438099	246	TC
1	21445153	2192	TA
1	21445616	194	AT
1	21445985	369	AC
1	21448892	1323	AG
1	21470262	10249	AG
1	21471845	1583	CT
1	21473538	1586	TG
1	21482099	6407	AG
1	21482277	178	TG
1	21494549	7111	AG
1	21495421	787	GA
1	21502034	6489	CG
1	21502862	828	GA
1	21503573	711	GC
1	21504820	1150	TC
1	21505627	807	TC
1	21507832	2098	CG
1	21514999	6561	GA
1	21515075	76	CG
1	21519800	4725	TC
1	21527645	6429	TG
1	21590192	41651	AG
1	21590484	265	CT
1	21592154	1638	AG
1	21592899	590	GA
1	21594162	1263	TG
1	21594431	269	AG
1	21594768	337	CT
1	21596156	1029	CT
1	21609420	10426	TC
1	21611242	795	GA
1	21627961	13332	CT
1	21627974	13	CT
1	21630491	1015	AG
1	21635296	3591	GC
1	21640105	4187	GA
1	21661972	11977	AG
1	21664694	1433	GA
1	21676605	10530	GA
1	21676651	46	AG
1	21682289	3163	GC
1	21701187	11338	GA
1	21703314	837	AG
1	21722510	8727	GA
1	21747305	8356	GA
1	21753167	4767	TC
1	21769084	7394	GC
1	21769262	178	AT
1	21770344	1082	TC
1	21770377	33	CT
1	21770525	148	GC
1	21771826	1301	CT
1	21772252	382	AG
1	21772436	184	GT
1	21772451	15	AG
1	21773406	955	TC
1	21773578	172	TA
1	21775898	2016	AG
1	21775933	35	CT
1	21777299	1127	AG
1	21777356	57	GA
1	21777774	341	TG
1	21779025	1251	AG
1	21780202	1177	GA
1	21780238	36	AG
1	21780771	533	GA
1	21782850	1983	TG
1	21783335	485	AT
1	21784393	1058	AC
1	21784444	51	AG
1	21785157	713	GA
1	21785657	500	TA
1	21785706	49	TC
1	21785715	9	CT
1	21785716	1	TC
1	21785916	200	CG
1	21786258	304	GT
1	21786397	139	GA
1	21786618	221	AG
1	21794013	7265	CG
1	21799292	5037	TC
1	21799378	86	TC
1	21799662	284	AG
1	21800258	526	GT
1	21804130	3644	CT
1	21804820	690	CA
1	21805984	1164	GA
1	21809913	3477	AG
1	21811033	1120	GA
1	21811181	148	TC
1	21814411	2999	AC
1	21829015	13707	CT
1	21834794	3917	TG
1	21837656	1884	CT
1	21840081	2214	GT
1	21841691	1610	AG
1	21843473	1580	CT
1	21845339	1532	CT
1	21845723	357	TC
1	21850155	3265	TC
1	21850692	537	AC
1	21852540	1273	GA
1	21855538	2307	GA
1	21860238	3938	AG
1	21885015	20491	GA
1	21886757	1712	TG
1	21888127	1370	TC
1	21893031	4904	TC
1	21893685	654	CG
1	21896940	2479	CT
1	21898195	1201	AC
1	21898211	16	GA
1	21901732	3171	CG
1	21901879	147	AC
1	21902369	490	CG
1	21906995	4591	TC
1	21907714	686	AC
1	21911789	3843	GC
1	21914081	2292	GA
1	21922052	4990	CT
1	21923724	1116	CT
1	21934678	9136	CT
1	21939344	1605	CT
1	21949430	3387	TC
1	21957425	2566	AT
1	21961014	2156	AG
1	21962556	1179	GA
1	21972628	1534	TC
1	21976700	1456	TG
1	21977417	648	TG
1	21977441	24	AG
1	21979599	989	AG
1	21982493	333	GA
1	21985459	1200	CT
1	21985549	90	GC
1	21985905	346	GA
1	21985980	75	AC
1	21986014	34	TC
1	21986070	56	GA
1	21986091	21	AG
1	21986228	132	AG
1	21986229	1	CT
1	21986232	3	CT
1	21987092	859	CT
1	21987171	79	AG
1	21988050	393	CT
1	21988162	112	GA
1	21988332	92	AG
1	21988493	161	TA
1	21988723	230	CT
1	21989748	635	TG
1	21989803	55	AG
1	21992015	983	AG
1	21996988	673	AG
1	21997706	373	CG
1	21998392	247	GT
1	21998748	356	TC
1	21998848	100	TC
1	21999006	158	GA
1	22001249	884	CT
1	22003095	144	GA
1	22003841	351	GA
1	22003988	147	TC
1	22003990	2	TC
1	22005373	886	AG
1	22005848	475	GA
1	22006400	552	CT
1	22007238	382	AT
1	22007354	116	TA
1	22007395	41	AC
1	22007509	114	GA
1	22007966	457	TG
1	22011983	1006	AG
1	22013098	614	GA
1	22013546	186	AG
1	22016515	1236	GC
1	22017104	247	GA
1	22017235	131	TC
1	22017434	199	CT
1	22018170	736	CT
1	22019038	392	AG
1	22019106	68	GA
1	22019215	77	GA
1	22019464	249	GA
1	22019937	454	TC
1	22020108	171	CT
1	22020144	36	CT
1	22020615	366	CT
1	22020682	67	GA
1	22020706	24	TC
1	22020736	30	CA
1	22022957	1394	CA
1	22023069	112	GA
1	22025513	2138	TC
1	22027244	1267	AG
1	22027307	63	TC
1	22027796	409	CT
1	22027974	178	CT
1	22027975	1	CT
1	22028625	353	CT
1	22029904	1279	TG
1	22030289	385	TC
1	22030290	1	GA
1	22030627	337	AG
1	22031107	480	TC
1	22031140	33	AG
1	22031656	516	AG
1	22031929	273	GT
1	22032008	79	GA
1	22032020	12	CT
1	22033549	523	GA
1	22035323	1774	AG
1	22036774	1431	CG
1	22037666	892	GA
1	22037916	250	CA
1	22042615	1996	GA
1	22042722	107	AC
1	22042827	105	AC
1	22042993	166	TC
1	22043764	70	CT
1	22043782	18	GA
1	22045339	1504	GT
1	22049570	4111	GA
1	22049819	249	CT
1	22053023	3089	CA
1	22053125	102	CG
1	22053227	102	GA
1	22056119	2708	AG
1	22059020	2775	TC
1	22065421	2450	AG
1	22065806	385	GA
1	22074646	8023	AG
1	22074912	266	GA
1	22075807	866	AG
1	22075885	78	AG
1	22075989	104	GC
1	22076067	78	GA
1	22076188	121	CG
1	22076439	251	GA
1	22078777	1860	TG
1	22080705	1928	GC
1	22082775	1612	CT
1	22083342	264	GA
1	22083590	248	TC
1	22083591	1	GA
1	22083666	75	CG
1	22084262	596	CT
1	22085572	781	AG
1	22086919	879	AC
1	22088683	80	TC
1	22088684	1	GA
1	22089087	403	CT
1	22089438	47	GT
1	22089564	126	TC
1	22093326	1378	GA
1	22094039	287	TG
1	22098205	1063	CT
1	22098820	317	AG
1	22098821	1	GT
1	22099056	235	AG
1	22099869	813	CT
1	22100927	1058	AG
1	22103526	1907	TC
1	22103567	41	GA
1	22103979	412	CT
1	22104669	690	GA
1	22107322	2143	TC
1	22109196	1837	AG
1	22109462	266	AG
1	22110019	219	GA
1	22115740	2741	AC
1	22120584	1154	CT
1	22122922	1907	AG
1	22122946	24	GA
1	22123064	118	TC
1	22124365	1138	GT
1	22127549	1803	AG
1	22130850	2680	TG
1	22133047	2154	GT
1	22134002	843	GA
1	22136426	2348	CT
1	22136692	266	GT
1	22137650	923	AC
1	22141931	2900	CA
1	22142004	73	GC
1	22142545	541	TC
1	22142635	90	GA
1	22143049	414	GA
1	22144005	894	GA
1	22144029	24	AG
1	22144819	790	GC
1	22145271	452	GA
1	22145494	223	CT
1	22145809	315	TC
1	22153696	5932	GA
1	22153998	302	TG
1	22155115	1117	GA
1	22155281	166	AG
1	22158942	3112	GA
1	22161002	1984	TC
1	22161728	577	CT
1	22162889	1021	TC
1	22163961	1036	AC
1	22165133	403	AG
1	22165688	555	GA
1	22167383	911	TC
1	22172857	3323	TC
1	22173064	207	AG
1	22173095	31	AG
1	22173104	9	AG
1	22173462	358	AG
1	22178638	1894	AG
1	22178661	23	CT
1	22178907	246	GA
1	22179049	142	TC
1	22179835	280	GA
1	22180876	987	TC
1	22181351	475	AG
1	22182881	1316	CG
1	22184500	972	AG
1	22185844	943	TC
1	22187134	969	CG
1	22187399	265	GA
1	22188962	1512	TC
1	22192052	2604	GA
1	22200998	5790	AG
1	22206764	5078	TC
1	22207195	431	CG
1	22208103	908	GA
1	22209397	993	CG
1	22213663	3385	AG
1	22213862	199	GA
1	22214635	773	AG
1	22215868	958	GC
1	22215869	1	GT
1	22215994	125	GA
1	22216116	122	TG
1	22216118	2	GT
1	22216154	36	CT
1	22216308	154	CT
1	22217350	1042	TC
1	22217352	2	AG
1	22217556	204	CA
1	22219422	1074	GA
1	22222420	2765	AG
1	22223817	1261	CT
1	22230962	3412	CG
1	22243932	10567	CT
1	22244767	835	TG
1	22250191	3631	AG
1	22252032	1793	AG
1	22253139	552	AG
1	22254269	518	AG
1	22257147	2587	CA
1	22259056	1909	TC
1	22261516	2460	CA
1	22263361	1703	GC
1	22267733	4187	AG
1	22268009	276	GA
1	22268787	731	GA
1	22269254	467	CT
1	22269255	1	AG
1	22269374	119	TC
1	22270520	222	GC
1	22270599	79	GA
1	22271189	492	TC
1	22272257	1068	AG
1	22273066	809	AG
1	22275351	1713	CT
1	22275505	154	AC
1	22276872	1367	GT
1	22277684	582	CT
1	22278775	1091	TC
1	22280465	1690	AG
1	22280936	471	TC
1	22280937	1	GA
1	22281495	515	GA
1	22284542	2656	AG
1	22284894	352	TC
1	22285417	381	AG
1	22287676	1393	TA
1	22287677	1	GT
1	22287857	145	AG
1	22288449	287	CG
1	22290480	1908	GA
1	22297252	4476	AC
1	22298408	769	CT
1	22300808	1821	GT
1	22300932	124	GT
1	22303446	773	TG
1	22303664	218	AG
1	22303991	327	TC
1	22304223	232	AG
1	22305426	347	GA
1	22306551	902	CT
1	22306607	56	TG
1	22306740	133	GA
1	22308556	1170	TC
1	22309936	451	TC
1	22312632	2035	TC
1	22314026	1349	TC
1	22315395	1210	TC
1	22319338	2364	TC
1	22320109	771	GA
1	22320440	257	CT
1	22320995	338	CA
1	22322423	783	AC
1	22324124	620	GC
1	22329354	1015	GA
1	22339987	2741	AG
1	22340392	72	AG
1	22340707	32	CT
1	22347103	5405	TG
1	22368977	8983	AG
1	22379630	1810	AG
1	22388253	4135	CA
1	22394956	6100	TA
1	22403177	3488	GT
1	22424285	8571	CG
1	22424303	18	CA
1	22424324	21	CT
1	22427759	1760	CT
1	22427868	109	CG
1	22428018	150	GA
1	22428200	182	TC
1	22428912	712	TC
1	22429005	93	TC
1	22429298	239	GA
1	22430289	991	TG
1	22434373	3386	CA
1	22440987	6149	CT
1	22445241	4048	AC
1	22445548	307	CG
1	22445876	224	GA
1	22445886	10	TC
1	22445894	8	CG
1	22446328	434	CG
1	22446971	314	GA
1	22447047	76	AG
1	22447161	114	GA
1	22448358	1197	GA
1	22448359	1	TC
1	22448402	43	GA
1	22448405	3	TC
1	22448539	134	AG
1	22448763	224	CT
1	22449336	573	GA
1	22449966	294	AG
1	22450440	306	CT
1	22460717	6859	TC
1	22462639	1549	CT
1	22472575	6381	AG
1	22475374	2017	AG
1	22475463	89	TG
1	22480098	3947	CA
1	22483514	3319	CT
1	22489490	5647	TC
1	22503186	9060	GA
1	22512838	4362	TC
1	22515107	2230	AT
1	22523289	4244	AG
1	22526113	2584	CT
1	22527293	1069	CG
1	22527627	334	TC
1	22528399	772	GA
1	22528709	214	GA
1	22528942	233	CT
1	22529794	852	TC
1	22530941	937	AG
1	22531751	810	TC
1	22532026	275	AG
1	22532471	445	AG
1	22532577	106	TC
1	22533139	441	AT
1	22533153	14	GA
1	22533368	215	GT
1	22533402	34	CT
1	22533702	300	GA
1	22533736	34	TC
1	22533737	1	GA
1	22534557	820	CT
1	22534902	345	GA
1	22535788	867	GA
1	22536098	310	CT
1	22536251	153	CT
1	22536879	521	GA
1	22537002	123	CT
1	22538099	1097	GC
1	22538103	4	CT
1	22538447	344	CT
1	22538759	312	CT
1	22538997	238	GA
1	22539086	89	TC
1	22539214	128	AG
1	22539370	156	TC
1	22539388	18	TC
1	22539607	219	CT
1	22539747	140	AC
1	22540018	271	GA
1	22540337	319	CT
1	22541245	401	CT
1	22541381	136	TA
1	22541613	232	CT
1	22541859	246	AG
1	22542315	456	GC
1	22542365	50	GA
1	22542367	2	CT
1	22542505	138	GC
1	22542619	114	GA
1	22542775	156	TC
1	22542906	131	GT
1	22545347	1413	GA
1	22545847	324	AC
1	22546694	576	AG
1	22548520	993	TC
1	22548546	26	TC
1	22551830	2117	GC
1	22553151	1173	GA
1	22553647	496	AG
1	22553677	30	GA
1	22555620	1601	GA
1	22555873	253	TC
1	22557275	712	TC
1	22557342	67	GT
1	22557426	84	AG
1	22557588	162	CT
1	22557598	10	TG
1	22557794	196	AG
1	22557919	125	CT
1	22558112	193	AG
1	22558165	53	AT
1	22558192	27	CT
1	22558302	110	AG
1	22558327	25	GA
1	22558425	98	CT
1	22558670	245	AG
1	22558671	1	TC
1	22558683	12	TC
1	22558687	4	AC
1	22558745	58	GA
1	22559259	514	GA
1	22561089	271	TG
1	22561199	110	AC
1	22561493	17	AT
1	22562278	785	GA
1	22562584	306	AT
1	22562715	131	TC
1	22562841	126	AT
1	22563028	187	CG
1	22563036	8	CT
1	22563108	72	AG
1	22563173	65	AG
1	22563355	182	AG
1	22564284	888	GA
1	22564458	174	AG
1	22564632	174	AC
1	22565052	420	CA
1	22565771	683	CA
1	22565782	11	TC
1	22565813	31	GC
1	22566284	471	AG
1	22567000	670	AC
1	22567667	594	TC
1	22567828	161	TC
1	22568073	245	GA
1	22568683	610	CT
1	22571054	876	AG
1	22571264	210	AG
1	22571265	1	TC
1	22571578	313	CT
1	22571670	92	TC
1	22574090	617	TG
1	22576638	873	TC
1	22578418	1032	TC
1	22581156	654	AG
1	22581231	75	GA
1	22582555	1289	AG
1	22582765	210	AG
1	22582805	40	GC
1	22583127	322	AC
1	22583855	298	CT
1	22583901	46	CT
1	22584146	245	AC
1	22584209	63	CG
1	22584589	380	CT
1	22584659	70	TA
1	22585021	24	TC
1	22585566	545	GA
1	22585958	392	AG
1	22586275	317	CA
1	22586362	87	GC
1	22586988	407	CT
1	22588343	919	GA
1	22588514	171	CA
1	22588544	30	GA
1	22588549	5	CT
1	22588654	105	GT
1	22589111	457	CT
1	22589825	714	GT
1	22590016	191	GA
1	22590351	335	AG
1	22590803	452	AG
1	22591174	371	AG
1	22591384	210	CT
1	22594045	384	CT
1	22594255	76	AG
1	22594312	57	AG
1	22594652	119	AG
1	22594995	343	AG
1	22595114	119	TC
1	22595273	159	CG
1	22596288	719	TA
1	22596480	192	CT
1	22596509	29	AG
1	22596847	338	TC
1	22597458	580	CT
1	22597642	184	TC
1	22600099	637	CG
1	22600354	255	CT
1	22601360	625	AG
1	22601411	51	AC
1	22601924	81	GA
1	22601996	72	CA
1	22603832	726	TC
1	22603841	9	CT
1	22606309	968	TA
1	22607007	579	AG
1	22608070	627	GA
1	22609303	1088	GA
1	22609307	4	TA
1	22610513	1206	AG
1	22613369	2383	GC
1	22613700	331	GC
1	22614934	480	CT
1	22617492	1193	CG
1	22619043	182	CT
1	22619120	77	GT
1	22619901	91	TC
1	22619919	18	AG
1	22620642	322	CT
1	22621348	243	CT
1	22621349	1	CG
1	22621533	184	AG
1	22621625	92	GC
1	22621699	74	AG
1	22626620	733	CA
1	22627247	297	CA
1	22629914	655	GA
1	22630847	335	TC
1	22632730	368	AT
1	22632896	166	AG
1	22633343	447	CT
1	22633615	207	TA
1	22633616	1	CA
1	22633870	254	TC
1	22633918	48	AG
1	22633978	60	CT
1	22634003	25	TG
1	22634111	108	AG
1	22634125	14	CT
1	22634647	522	CT
1	22634892	245	AG
1	22635348	430	CT
1	22635517	16	CT
1	22635894	377	GA
1	22636610	668	CT
1	22637034	219	CG
1	22637035	1	AG
1	22637084	49	AT
1	22637311	46	TC
1	22637339	28	TG
1	22637499	160	TC
1	22637582	83	TG
1	22637583	1	CG
1	22637751	168	TC
1	22638066	315	CT
1	22638092	26	TC
1	22638350	94	AC
1	22638357	7	GC
1	22638387	30	GA
1	22638397	10	AG
1	22638471	74	CA
1	22638629	158	GT
1	22638639	10	CG
1	22638712	73	CT
1	22638739	27	TC
1	22641681	134	GA
1	22645024	2929	GA
1	22645684	622	CT
1	22645771	87	TC
1	22645870	99	GC
1	22646393	523	GC
1	22647366	691	CG
1	22647915	483	TC
1	22647972	57	AT
1	22648460	488	TC
1	22652976	4239	TC
1	22653231	255	TC
1	22653349	118	AG
1	22653553	204	GA
1	22653653	100	CA
1	22654008	355	AG
1	22654199	191	AG
1	22654390	191	AG
1	22654446	56	TC
1	22654523	77	GA
1	22654546	23	GA
1	22654583	37	CT
1	22654794	211	CT
1	22654837	43	CT
1	22654943	106	AC
1	22654988	45	GA
1	22654989	1	CT
1	22655003	14	GA
1	22655010	7	CT
1	22655071	61	GA
1	22655312	241	CT
1	22655400	88	AG
1	22655404	4	CT
1	22655582	178	CT
1	22655603	21	AG
1	22655622	19	TC
1	22655663	41	AG
1	22655704	41	GA
1	22655714	10	CT
1	22655740	26	GA
1	22655751	11	CT
1	22655889	138	TA
1	22655935	46	CT
1	22656046	111	TC
1	22656407	70	GA
1	22656594	187	GC
1	22656628	34	AG
1	22657785	1087	GC
1	22657836	51	CT
1	22658495	514	TC
1	22658632	137	TC
1	22658914	245	GT
1	22659337	423	GT
1	22660012	270	GA
1	22660503	109	CT
1	22660521	18	AT
1	22660554	33	TG
1	22660574	20	GC
1	22661302	728	CG
1	22661791	489	CA
1	22662503	373	CT
1	22663028	525	TC
1	22663216	188	GT
1	22663618	402	TC
1	22663871	253	GC
1	22664951	1080	CG
1	22667019	2013	AT
1	22667230	211	TG
1	22667232	2	AG
1	22667683	451	TC
1	22668093	410	GA
1	22670621	2303	GA
1	22672277	712	TC
1	22677758	2302	AT
1	22684303	2148	GA
1	22684612	309	GA
1	22685699	915	GA
1	22685946	247	GA
1	22688094	914	AC
1	22690440	2087	CT
1	22692113	1298	TA
1	22692326	213	CG
1	22692562	236	GA
1	22692899	247	TC
1	22694253	1125	GA
1	22694295	42	GT
1	22704953	6263	CT
1	22705026	73	GT
1	22705315	112	GC
1	22706046	370	GA
1	22706048	2	CG
1	22706061	13	CT
1	22706315	254	TG
1	22710731	2057	GA
1	22710979	248	GA
1	22711140	161	CA
1	22712033	407	AG
1	22713350	526	GA
1	22713518	168	GA
1	22714618	343	TC
1	22716256	1072	CT
1	22716868	612	AC
1	22717830	962	AC
1	22717951	121	TC
1	22718086	135	CT
1	22718554	468	CT
1	22719141	479	GC
1	22721751	976	GA
1	22721801	50	TC
1	22722855	517	TC
1	22724662	554	CA
1	22725060	398	CT
1	22725127	67	CT
1	22725319	192	GA
1	22725385	66	CA
1	22728534	2134	CT
1	22730968	2299	AG
1	22731255	287	TC
1	22735902	3779	AC
1	22736857	427	AG
1	22741011	2979	AG
1	22741497	486	GT
1	22741565	68	TC
1	22741746	181	AG
1	22742478	318	TG
1	22742504	26	TC
1	22742508	4	GC
1	22742535	27	TC
1	22742810	275	GT
1	22743110	300	AC
1	22743306	140	TC
1	22744496	1163	CT
1	22745051	555	CT
1	22745121	70	AG
1	22746356	413	CT
1	22746629	273	CT
1	22746691	62	GA
1	22748086	942	AG
1	22748254	168	TC
1	22748302	48	CT
1	22748548	246	CG
1	22748612	64	AG
1	22748736	124	TA
1	22749070	334	TG
1	22749190	102	AG
1	22749402	212	AG
1	22749414	12	CT
1	22750009	595	CT
1	22750392	383	AC
1	22750710	318	AG
1	22750768	58	GC
1	22750859	91	AG
1	22751484	278	TC
1	22752539	1055	GC
1	22752813	274	GA
1	22753719	616	CA
1	22753774	55	CA
1	22753791	17	TC
1	22754169	313	GC
1	22754313	144	TC
1	22755485	1172	GA
1	22755673	40	CG
1	22755920	247	TC
1	22757570	1005	AG
1	22758322	283	TA
1	22759033	458	CT
1	22759211	178	AG
1	22759341	130	TC
1	22760602	10	CT
1	22760691	89	TC
1	22760743	52	CG
1	22762914	1167	CT
1	22763408	494	TC
1	22763431	23	CT
1	22763749	281	TC
1	22764185	436	AG
1	22764639	454	AG
1	22765298	659	CT
1	22765702	404	CA
1	22766033	57	GA
1	22766243	210	GA
1	22766369	126	TC
1	22766673	122	TC
1	22766691	18	TC
1	22766851	160	AG
1	22766855	4	TG
1	22766866	11	GA
1	22766880	14	AT
1	22767020	62	CT
1	22767145	125	GA
1	22767149	4	TA
1	22767234	85	GA
1	22767257	23	AG
1	22768492	605	TC
1	22768581	89	CG
1	22768804	223	AG
1	22769296	444	CT
1	22769297	1	AG
1	22769325	28	GT
1	22769567	242	GA
1	22769609	42	TC
1	22769895	286	AG
1	22770286	239	TA
1	22770907	621	CT
1	22770998	91	GC
1	22771182	184	TC
1	22771303	121	GA
1	22771561	85	GA
1	22771728	167	TC
1	22772271	241	AG
1	22773828	846	TC
1	22773829	1	GA
1	22774240	113	AG
1	22774457	151	CT
1	22774636	179	AG
1	22774785	149	AG
1	22775152	367	GC
1	22775167	15	CT
1	22775331	164	TC
1	22775777	446	TC
1	22775795	18	CT
1	22775822	27	TA
1	22776032	210	AG
1	22776193	161	TC
1	22776221	28	CT
1	22776387	166	TC
1	22776751	364	TC
1	22777215	464	CT
1	22777491	276	AG
1	22778677	1186	CT
1	22778681	4	GA
1	22778704	23	TC
1	22782941	1967	CG
1	22783183	242	TC
1	22784244	963	TC
1	22786140	1429	TC
1	22787603	1147	TC
1	22788294	691	TC
1	22788762	468	TC
1	22789568	806	GC
1	22789913	345	GT
1	22790226	313	CA
1	22792906	1732	TC
1	22793150	244	CT
1	22793224	74	CT
1	22793242	18	AC
1	22793289	47	GA
1	22796401	1744	TC
1	22796559	158	AG
1	22796560	1	CG
1	22796607	47	GT
1	22796654	47	TC
1	22796806	90	TC
1	22797652	487	TC
1	22797884	140	CG
1	22798004	120	TC
1	22798340	336	AC
1	22799897	1206	TC
1	22800104	207	TG
1	22800648	274	AG
1	22801485	837	GC
1	22801593	108	TC
1	22804346	1903	AG
1	22804395	49	AG
1	22811661	4113	TC
1	22813054	746	AG
1	22814210	683	TC
1	22814380	170	CT
1	22814449	69	TC
1	22814527	78	GA
1	22815081	554	AT
1	22815863	541	AG
1	22816222	359	CT
1	22822937	6162	TC
1	22822938	1	GA
1	22823730	753	GC
1	22824430	700	CA
1	22824819	389	CA
1	22825075	256	TC
1	22825204	129	AG
1	22825552	348	TC
1	22825627	75	AG
1	22826405	778	CG
1	22826687	282	CT
1	22826735	48	TC
1	22829041	2306	GA
1	22832498	3313	GA
1	22834326	1828	TC
1	22836947	1723	CT
1	22838121	1174	GT
1	22846188	1111	AG
1	22846632	118	TC
1	22846779	147	CT
1	22847753	334	GC
1	22847773	20	TC
1	22850623	1106	CT
1	22851274	54	GA
1	22851854	106	TC
1	22851860	6	AG
1	22851987	127	AG
1	22853811	1456	TA
1	22855426	1011	TC
1	22855519	93	GT
1	22855954	105	CT
1	22856966	995	GA
1	22860165	3056	CT
1	22863935	3004	CT
1	22865809	1874	GT
1	22867393	1584	AG
1	22867396	3	TC
1	22868324	928	GA
1	22868837	513	AG
1	22872294	3388	TC
1	22873151	857	CG
1	22873173	22	GA
1	22875684	2421	AG
1	22878060	2376	GC
1	22888928	7313	GT
1	22893030	2604	TG
1	22893287	257	TG
1	22894413	938	TG
1	22895443	1030	CA
1	22895960	362	GA
1	22896288	328	TG
1	22896367	79	CT
1	22897690	1323	TC
1	22898024	334	CT
1	22899386	964	GT
1	22899451	65	AG
1	22899683	232	AG
1	22901322	875	AC
1	22903088	1657	CT
1	22903781	693	CT
1	22906846	2156	TC
1	22909547	2425	TG
1	22910032	485	TC
1	22910053	21	CT
1	22911726	1437	TA
1	22912041	315	CT
1	22914740	2180	AG
1	22918654	3090	CG
1	22924333	3466	AG
1	22930774	4782	CT
1	22931378	604	CT
1	22931619	241	GT
1	22931677	58	CG
1	22931683	6	TC
1	22931714	31	CT
1	22931813	99	CT
1	22931888	75	CT
1	22932249	361	AG
1	22933410	437	TG
1	22933846	436	AG
1	22933881	35	CA
1	22934136	255	TA
1	22934163	27	GA
1	22934374	211	GA
1	22935235	352	AT
1	22935775	457	AG
1	22935860	85	TC
1	22936761	493	GA
1	22937196	435	CT
1	22937416	220	GT
1	22937431	15	TC
1	22939093	1662	GA
1	22939331	238	TG
1	22940616	405	CT
1	22940696	80	AG
1	22940879	183	AG
1	22940900	21	AG
1	22941185	285	TC
1	22941391	206	AG
1	22943386	1425	CT
1	22943425	39	TC
1	22943445	20	TC
1	22944510	1065	GA
1	22944796	286	TG
1	22944891	95	TC
1	22945175	284	CT
1	22945473	298	GT
1	22945497	24	GA
1	22945615	118	GC
1	22945733	118	TC
1	22945817	84	CT
1	22946521	157	CT
1	22946547	26	AG
1	22946553	6	TG
1	22946649	96	CT
1	22946691	42	GT
1	22946704	13	CT
1	22946746	42	CT
1	22946849	103	TC
1	22946857	8	GA
1	22947310	137	TC
1	22947563	216	TC
1	22947642	79	AG
1	22947692	50	GA
1	22947841	149	GA
1	22948893	500	GA
1	22948902	9	CA
1	22949768	836	CT
1	22950898	954	AG
1	22951147	249	CT
1	22953013	1866	GT
1	22953047	34	AG
1	22954932	738	GA
1	22955104	172	CT
1	22955653	549	GT
1	22955722	69	AG
1	22956019	297	GT
1	22956045	26	TA
1	22956442	397	TC
1	22956541	99	CG
1	22956856	315	AG
1	22957178	322	AC
1	22957223	45	GA
1	22957244	21	GC
1	22957245	1	TC
1	22958004	560	CT
1	22958377	373	TC
1	22958552	175	CG
1	22958598	46	CT
1	22958610	12	CT
1	22958616	6	TC
1	22959394	247	CT
1	22959602	208	CT
1	22959735	133	CG
1	22960981	1153	CT
1	22962464	1483	CG
1	22964185	1414	CT
1	22964213	28	GA
1	22964248	35	AG
1	22964377	129	CT
1	22964474	97	AG
1	22964904	430	GA
1	22965099	195	GT
1	22965154	55	TC
1	22965522	368	GA
1	22965625	103	TC
1	22966438	708	GA
1	22966659	221	TC
1	22966761	102	AG
1	22967291	530	AG
1	22967300	9	TA
1	22967319	19	TC
1	22969383	1095	TG
1	22970914	1152	CA
1	22972676	1404	TC
1	22972770	94	GC
1	22974790	1936	TC
1	22975051	261	GA
1	22976487	863	AG
1	22978666	1647	TG
1	22980274	1608	AG
1	22981160	886	AG
1	22981291	131	AG
1	22981358	67	TC
1	22982004	393	TG
1	22983493	1113	AG
1	22985307	921	TC
1	22987226	972	AG
1	22987434	27	CG
1	22987537	103	TC
1	22988560	869	CT
1	22988694	134	AG
1	22988812	118	CT
1	22988898	86	TC
1	22989571	616	AG
1	22989856	260	CT
1	22991335	731	CT
1	22993497	1532	AC
1	22993570	37	CG
1	22993685	115	CA
1	22994084	399	CG
1	22994089	5	GA
1	22998014	1394	AG
1	22998547	48	TC
1	22998551	4	GC
1	22998555	4	GA
1	22999491	936	GA
1	23001902	2198	TG
1	23002329	427	CT
1	23002835	506	GC
1	23002876	41	AG
1	23003626	511	TC
1	23003627	1	AG
1	23004052	425	TC
1	23004125	73	GT
1	23005061	936	GA
1	23008048	1699	CT
1	23008073	25	CA
1	23013469	3452	CG
1	23016292	2474	TC
1	23017047	706	TC
1	23028020	5450	TC
1	23029132	438	AG
1	23029497	365	GA
1	23029920	423	GA
1	23030867	581	TC
1	23031003	136	CT
1	23031217	214	CT
1	23031292	75	TG
1	23031317	25	GC
1	23031360	43	AG
1	23031864	504	GA
1	23032053	189	AG
1	23032402	349	TC
1	23032453	51	AG
1	23033046	593	AG
1	23037302	2383	CT
1	23037531	229	TC
1	23038435	885	AG
1	23039861	1402	TC
1	23039887	26	AG
1	23040222	335	GC
1	23040732	510	TC
1	23041365	633	GT
1	23053243	10057	TC
1	23054061	818	GA
1	23056008	1947	GA
1	23058773	2258	AG
1	23058882	109	CG
1	23058898	16	TC
1	23058957	59	TC
1	23059107	150	AG
1	23059418	249	AG
1	23060525	1107	CT
1	23060946	421	TC
1	23061349	366	TC
1	23061820	471	TC
1	23062220	400	TC
1	23062703	483	GA
1	23062717	14	CG
1	23063441	724	CG
1	23063568	127	GA
1	23063599	31	CT
1	23064351	752	AT
1	23064815	464	AG
1	23065512	697	GA
1	23065906	394	GA
1	23067397	1491	AG
1	23067598	201	GA
1	25029997	29997	GA
1	25079262	35034	TG
1	25079296	34	TC
1	25079963	667	AG
1	25080619	656	AG
1	25080723	104	CT
1	25080783	60	TC
1	25080805	22	AG
1	25080990	185	GC
1	25081024	34	TC
1	25081664	448	CT
1	25081869	205	TC
1	25081917	48	AG
1	25082230	166	AG
1	25082328	98	AG
1	25082698	329	GA
1	25083058	360	TG
1	25083230	172	CT
1	25083231	1	AG
1	25083904	188	AG
1	25084836	567	GA
1	25084855	19	AG
1	25085186	331	TA
1	25085714	129	CA
1	25085769	55	CT
1	25087120	401	GA
1	25087267	147	CG
1	25087269	2	AG
1	25087324	55	GT
1	25087390	66	CT
1	25087617	227	TC
1	25087645	28	AC
1	25087646	1	GA
1	25087683	37	CT
1	25087852	169	GA
1	25087871	19	TC
1	25088166	251	GT
1	25088172	6	GA
1	25088276	104	GA
1	25088382	106	GA
1	25088384	2	CT
1	25088471	34	TC
1	25088704	233	TC
1	25088777	73	AG
1	25088993	216	TC
1	25089270	277	CA
1	25089323	53	CT
1	25089324	1	AG
1	25089437	113	AC
1	25090023	312	TG
1	25090049	26	AG
1	25090056	7	TG
1	25090230	174	AG
1	25090247	17	AC
1	25090263	16	CT
1	25090435	141	AT
1	25090480	45	TG
1	25090483	3	CA
1	25090498	15	GT
1	25090634	136	CT
1	25090704	70	TC
1	25090835	131	TC
1	25091761	496	CT
1	25092070	309	CT
1	25092089	19	TC
1	25092352	263	TC
1	25093160	597	TC
1	25093164	4	CT
1	25093322	158	CT
1	25093807	485	GA
1	25096109	1861	CT
1	25103878	5216	CT
1	25103992	114	TG
1	25105190	1198	GA
1	25106032	797	CT
1	25116256	7332	AG
1	25162124	29810	AC
1	25163189	1032	TG
1	25164378	1189	CT
1	25164451	73	AC
1	25165375	784	CT
1	25166102	530	CT
1	25169024	1582	TC
1	25173102	3796	TC
1	25176110	2215	TG
1	25176638	479	TC
1	25177728	1090	GA
1	25185850	3046	AG
1	25190286	3585	GA
1	25200839	3410	AG
1	25202027	698	AG
1	25202038	11	GA
1	25202384	346	AG
1	25202530	146	CT
1	25202719	189	TG
1	25203175	456	TG
1	25204694	1138	AG
1	25204697	3	AG
1	25205489	792	GC
1	25206350	545	AC
1	25208353	1280	GA
1	25210462	763	GC
1	25210938	402	CG
1	25211239	301	CT
1	25211609	370	TA
1	25211690	81	TG
1	25212345	101	GC
1	25212403	58	GA
1	25212470	67	AC
1	25212631	161	CT
1	25212755	124	AG
1	25213113	358	TG
1	25213371	258	CA
1	25213649	278	GC
1	25213741	92	TC
1	25224768	338	GC
1	25224795	27	TC
1	25225215	420	GT
1	25225245	30	TG
1	25225260	15	CA
1	25225265	5	TC
1	25225277	12	CT
1	25225364	87	CT
1	25225522	158	GA
1	25225548	26	GA
1	25225747	199	GA
1	25226809	681	AG
1	25226942	133	GA
1	25230181	2366	CT
1	25235966	1776	AC
1	25236058	92	GA
1	25237243	638	GA
1	25237389	146	TA
1	25237390	1	AT
1	25237489	99	AT
1	25237759	270	CT
1	25237773	14	TC
1	25238212	439	TC
1	25238328	116	AG
1	25238506	178	TC
1	25243137	1093	GT
1	25243579	185	AC
1	25250810	3976	GC
1	25250847	37	GA
1	25255062	2513	GA
1	25255195	133	GA
1	25257900	1419	AG
1	25257961	61	GT
1	25259550	1048	CG
1	25264595	3635	AG
1	25266204	1380	AC
1	25310418	7786	GC
1	25328865	2382	CT
1	25343587	2617	GA
1	25345145	562	CT
1	25352142	5689	GA
1	25353521	940	AT
1	25354133	612	GA
1	25354439	306	GA
1	25354989	451	TG
1	25355590	530	AG
1	25359616	2771	TA
1	25360379	622	CT
1	25360480	101	GC
1	25361135	163	AG
1	25361155	20	GA
1	25361250	95	TC
1	25361275	25	AG
1	25361338	63	GT
1	25362018	251	AC
1	25362095	77	AG
1	25365182	1892	TG
1	25365240	58	TG
1	25365342	102	AG
1	25365813	347	AG
1	25366357	367	AG
1	25366503	38	GA
1	25366988	441	AG
1	25367722	252	CT
1	25367902	180	TC
1	25368308	406	TC
1	25369987	662	AC
1	25370213	226	CG
1	25370340	127	AG
1	25370756	104	CA
1	25370758	2	GT
1	25371004	218	GA
1	25371248	244	TC
1	25371799	66	GA
1	25371954	155	AC
1	25371959	5	TC
1	25372220	261	GA
1	25372313	93	CT
1	25372419	106	GA
1	25372459	40	GA
1	25372460	1	GA
1	25372678	218	GC
1	25372843	165	TC
1	25372863	20	TC
1	25373485	622	AG
1	25373761	276	TG
1	25374042	263	TG
1	25376128	1465	TC
1	25376584	449	GA
1	25378873	1592	GA
1	25380777	1420	AG
1	25382503	1607	AG
1	25382731	185	AT
1	25383552	449	AG
1	25384432	501	GA
1	25388415	1402	TC
1	25388585	170	CG
1	25389389	804	GA
1	25389419	30	GA
1	25389846	427	AG
1	25390417	571	CT
1	25392349	1210	TC
1	25393382	1033	GA
1	25394098	583	GA
1	25395191	995	TC
1	25395707	516	GA
1	25396305	363	CG
1	25397007	702	TC
1	25397068	61	GT
1	25397150	82	CT
1	25397433	283	TA
1	25398175	742	AG
1	25399760	1585	GA
1	25400027	267	AG
1	25401068	1041	CA
1	25404446	2760	CT
1	25404639	193	GA
1	25415074	5619	GA
1	25415337	263	GA
1	25416080	743	CT
1	25417289	1075	GA
1	25417939	115	AG
1	25417948	9	AG
1	25417975	27	GA
1	25418002	27	GA
1	25418023	21	GA
1	25418085	62	AG
1	25418160	75	GA
1	25418204	44	TC
1	25418328	124	TC
1	25418451	123	TA
1	25420459	1686	GA
1	25421386	927	AG
1	25421499	113	AG
1	25421505	6	GA
1	25421552	47	CT
1	25421680	128	TC
1	25421769	89	AC
1	25421788	19	CT
1	25421961	173	TA
1	25422002	41	TC
1	25422003	1	TA
1	25422027	24	CT
1	25422096	69	CT
1	25422112	16	TC
1	25422875	763	AG
1	25422886	11	AT
1	25422911	25	GC
1	25423168	257	GC
1	25423183	15	TC
1	25423473	290	GA
1	25423553	80	AG
1	25423703	150	TC
1	25424370	667	GA
1	25424518	148	CT
1	25424525	7	GA
1	25425961	610	GC
1	25426033	72	CT
1	25426343	216	CT
1	25426365	22	AG
1	25426543	178	AG
1	25426560	17	AG
1	25428197	1358	TC
1	25428199	2	AG
1	25428270	71	GT
1	25428276	6	GA
1	25428407	131	GA
1	25428704	257	AG
1	25428868	164	GA
1	25429052	184	GA
1	25429676	398	GA
1	25432400	2482	TC
1	25433056	656	TC
1	25434194	1043	GA
1	25436470	2029	TA
1	25436745	275	GT
1	25436809	64	AG
1	25437109	300	CT
1	25437991	882	TC
1	25438380	389	AG
1	25438594	214	GC
1	25438672	78	AC
1	25438675	3	AG
1	25439179	504	GA
1	25439283	104	TG
1	25439337	54	GT
1	25440317	980	CT
1	25444520	2305	GA
1	25445813	922	GA
1	25446827	1014	CG
1	25447196	369	AG
1	25448652	957	TC
1	25449226	574	TC
1	25455193	3158	GA
1	25455449	256	GC
1	25455691	242	CT
1	25455830	139	GA
1	25456080	250	TG
1	25458494	926	CT
1	25458496	2	GA
1	25458512	16	AC
1	25458657	145	GA
1	25458969	312	CT
1	25458970	1	AC
1	25459108	138	TA
1	25459117	9	AT
1	25459160	43	CT
1	25459161	1	CT
1	25460208	629	TC
1	25460990	782	AT
1	25461625	635	AG
1	25461890	265	AG
1	25463227	1282	AC
1	25465693	927	TA
1	25466858	1165	CT
1	25468164	1029	CT
1	25468830	666	CT
1	25469305	475	TA
1	25469796	281	CT
1	25470235	229	GA
1	25470256	21	GC
1	25470284	28	AG
1	25470343	59	GA
1	25471058	715	CA
1	25471296	208	CT
1	25471801	348	GC
1	25472365	564	GA
1	25472480	115	CG
1	25472943	463	CT
1	25474687	1358	TC
1	25476075	1140	CT
1	25477202	1067	TC
1	25478920	1485	GC
1	25479030	110	TG
1	25479827	536	AG
1	25479922	95	CT
1	25480662	175	TC
1	25480825	163	CA
1	25480990	165	GA
1	25484056	2350	AG
1	25485402	1277	GC
1	25488065	2437	GA
1	25488117	52	AC
1	25489354	1153	AC
1	25491155	1701	TG
1	25492922	1767	GA
1	25493177	233	CT
1	25493265	88	GA
1	25493442	177	GA
1	25493667	225	CT
1	25493886	141	TC
1	25494272	196	GA
1	25495151	879	AG
1	25495152	1	AG
1	25495213	61	CT
1	25495227	14	TC
1	25495388	130	AC
1	25495720	311	AG
1	25496400	680	TC
1	25496715	315	TC
1	25498316	1388	TC
1	25498537	221	TC
1	25498793	256	TG
1	25498865	72	AG
1	25499201	336	GC
1	25499406	205	AG
1	25499599	193	TC
1	25499722	123	CT
1	25500340	392	AG
1	25500441	101	TC
1	25501603	1162	TC
1	25501704	101	AG
1	25502496	792	CT
1	25502625	129	GA
1	25503340	640	AG
1	25506385	2727	GA
1	25508152	1734	GC
1	25508501	349	GA
1	25508676	175	CT
1	25508751	66	CT
1	25509163	412	CT
1	25509202	39	CT
1	25509236	34	AC
1	25509426	190	GC
1	25509745	319	CT
1	25509801	56	AG
1	25510142	341	TC
1	25510143	1	GA
1	25511315	1170	GC
1	25547370	30509	GA
1	25547910	540	TG
1	25548617	596	GA
1	25548907	290	CG
1	25548930	23	CA
1	25549354	424	CT
1	25549470	116	GA
1	25550619	855	TC
1	25550934	315	AG
1	25551248	314	GA
1	25552149	901	AC
1	25557692	3044	CT
1	25558361	314	CT
1	25558425	64	CA
1	25558705	184	CA
1	25559749	580	GA
1	25559843	94	GC
1	25560760	187	AG
1	25562734	1108	GA
1	25564170	1361	AT
1	25564275	105	GA
1	25564533	258	GA
1	25565172	639	CG
1	25565222	50	CT
1	25569539	3489	CT
1	25570600	776	CT
1	25573984	3004	TC
1	25574722	738	CG
1	25574851	129	GT
1	25577653	2376	GA
1	25578013	360	GT
1	25581766	3245	AG
1	25581832	66	CT
1	25582406	396	GT
1	25583839	1397	AG
1	25585007	382	AG
1	25586648	641	GA
1	25586817	169	CT
1	25586973	156	TC
1	25587213	136	GA
1	25587930	434	CT
1	25588066	136	GA
1	25589256	1008	AG
1	25589992	708	AG
1	25590236	220	GC
1	25590857	341	AC
1	25592212	482	AC
1	25592244	32	GA
1	25592434	74	GA
1	25592521	87	CG
1	25592762	241	GA
1	25593489	177	CT
1	25593578	89	CT
1	25593676	98	CT
1	25593844	168	GT
1	25606655	8047	GA
1	25607659	1004	AG
1	25607713	54	TC
1	25608656	943	GA
1	25611345	2331	GA
1	25612973	1547	CT
1	25613374	401	TC
1	25614003	552	TC
1	25614359	343	GA
1	25614747	388	GA
1	25615097	350	AG
1	25615763	666	GT
1	25618237	2408	GA
1	25618611	374	CG
1	25618890	279	AG
1	25618895	5	GA
1	25620215	1320	AG
1	25620616	401	CT
1	25620795	151	TG
1	25621298	481	GA
1	25621909	522	GA
1	25621992	83	AT
1	25622640	614	CT
1	25622689	49	CT
1	25622857	168	AC
1	25623075	170	AG
1	25623239	123	AG
1	25623301	62	TC
1	25623365	64	TC
1	25623563	198	AG
1	25624248	685	TC
1	25624285	37	GA
1	25624398	113	AG
1	25624509	111	TC
1	25625045	506	GA
1	25625907	862	TG
1	25626010	103	AG
1	25626132	51	AG
1	25626302	170	CT
1	25626720	418	GA
1	25627516	796	GA
1	25627545	29	AG
1	25627553	8	TC
1	25628123	570	CT
1	25628434	121	TC
1	25628449	15	TC
1	25628503	54	GA
1	25629499	667	GA
1	25629550	51	CT
1	25674297	29710	GA
1	25674357	60	AG
1	25675028	455	GT
1	25675717	291	CG
1	25675757	40	AG
1	25675796	39	TC
1	25675824	28	AG
1	25675834	10	AG
1	25676408	423	CT
1	25676584	176	CG
1	25677516	526	CT
1	25677564	48	TC
1	25677641	77	GA
1	25678172	497	GA
1	25678937	217	AG
1	25678940	3	AG
1	25679508	568	AG
1	25679512	4	TC
1	25679563	51	GT
1	25679705	142	TC
1	25679744	39	AC
1	25679822	78	GT
1	25679840	18	CT
1	25679850	10	CT
1	25679855	5	AG
1	25679947	92	TC
1	25679981	34	GA
1	25679996	15	TC
1	25680267	271	TC
1	25680288	21	TC
1	25680424	136	AG
1	25680519	95	CT
1	25680529	10	GA
1	25681675	343	GT
1	25681831	156	TC
1	25681919	88	CT
1	25681939	20	CT
1	25682086	54	CT
1	25682088	2	CT
1	25682189	101	CA
1	25682262	73	CT
1	25682412	150	GA
1	25682427	15	GA
1	25682557	130	GA
1	25682690	133	CT
1	25682718	28	AG
1	25682912	194	GA
1	25682973	61	GA
1	25683179	206	AC
1	25683399	220	GA
1	25683500	101	AG
1	25683528	28	GA
1	25683728	200	CT
1	25684109	349	CT
1	25684181	72	GC
1	25684199	18	GA
1	25684210	11	CT
1	25684849	358	GT
1	25685068	219	TC
1	25685807	739	AG
1	25690221	3075	AC
1	25695953	5375	AG
1	25697937	1860	GC
1	25698495	558	CG
1	25700099	1604	TC
1	25700533	400	GT
1	25709851	5561	GA
1	25711664	1744	GA
1	25712806	970	AG
1	25719655	5157	AG
1	25721948	2052	GA
1	25723748	1649	GA
1	25723838	90	TC
1	25724369	491	TC
1	25724443	74	AG
1	25725165	722	TC
1	25725839	674	GA
1	25725892	53	AG
1	25725924	32	AG
1	25725932	8	AG
1	25726087	155	GA
1	25726326	239	GA
1	25726372	46	AG
1	25726404	32	AG
1	25726835	260	CT
1	25727520	502	CT
1	25728487	967	GC
1	25729184	697	GA
1	25735894	6096	GA
1	25735934	40	CT
1	25736200	266	CT
1	25738468	1868	TC
1	25739787	999	GC
1	25740113	326	GT
1	25740764	651	TC
1	25741338	574	GA
1	25741423	85	CT
1	25742832	953	AG
1	25743057	225	AG
1	25744439	1312	AC
1	25746198	1339	CA
1	25753513	6011	TC
1	25755937	2243	TC
1	25756024	87	AG
1	25756929	853	CT
1	25757021	92	CT
1	25758994	1973	GT
1	25759304	310	GA
1	25764725	3225	TC
1	25769726	4070	AG
1	25769945	219	CT
1	25770851	906	AG
1	25771010	159	AG
1	25773723	1188	AG
1	25774200	477	CA
1	25781109	6878	GA
1	25781187	78	AG
1	25781827	640	CT
1	25783267	1073	CT
1	25784047	396	TC
1	25784810	441	AC
1	25784998	188	CA
1	25785688	403	AG
1	25788859	2557	AG
1	25790173	652	TG
1	25790750	577	GT
1	25791364	614	GA
1	25792404	641	CT
1	25793903	1499	CT
1	25794486	362	AG
1	25798678	2549	CT
1	25798851	173	CT
1	25798967	116	GA
1	25799038	71	AG
1	25799165	127	AG
1	25799230	65	GA
1	25801061	1340	TC
1	25807513	4809	CT
1	25810906	3197	CT
1	25811224	287	TC
1	25811300	76	TC
1	25811519	219	CT
1	25811773	254	TC
1	25812456	635	TC
1	25812738	282	CT
1	25813500	718	GC
1	25813579	79	TC
1	25813840	261	AG
1	25814101	261	AT
1	25814115	14	CG
1	25814118	3	TC
1	25814119	1	GC
1	25814333	214	TA
1	25814908	575	GA
1	25815354	446	TC
1	25815454	100	GA
1	25815854	400	AG
1	25816037	183	TC
1	25817369	937	AG
1	25817464	95	GA
1	25817489	25	GA
1	25817811	322	CG
1	25818124	313	GA
1	25818178	54	GC
1	25818242	64	AG
1	25818426	184	CT
1	25819126	700	GA
1	25819132	6	TC
1	25819265	133	AG
1	25819356	91	TC
1	25819839	483	AG
1	25820133	294	AG
1	25820519	386	CA
1	25820530	11	AG
1	25820683	153	AG
1	25820731	48	CT
1	25820788	57	CT
1	25820888	100	GA
1	25820955	67	TC
1	25821083	128	AC
1	25821148	65	GT
1	25821603	455	TC
1	25821632	29	CA
1	25821640	8	CT
1	25821749	53	TC
1	25821803	54	TC
1	25821868	65	CT
1	25821911	43	CT
1	25822184	273	TC
1	25822649	329	CT
1	25822796	147	CT
1	25822924	128	GA
1	25823293	369	GC
1	25823388	95	AC
1	25824188	668	CT
1	25824973	785	TC
1	25825094	121	CG
1	25826569	1448	CT
1	25827396	827	AG
1	25827852	456	AG
1	25828796	794	GA
1	25829536	642	AG
1	25829886	350	CA
1	25830001	115	GA
1	25830121	120	AG
1	25830712	591	CT
1	25834237	1097	CT
1	25837592	2491	GT
1	25838346	754	CT
1	25838737	391	TC
1	25838739	2	GA
1	25839100	361	TC
1	25839119	19	CT
1	25839699	438	TC
1	25839724	25	GC
1	25839745	21	AG
1	25839806	61	CT
1	25839811	5	GC
1	25840135	324	GC
1	25840258	123	CA
1	25840286	28	GA
1	25840450	164	GA
1	25840548	98	TC
1	25840597	49	GC
1	25840663	66	AG
1	25840827	164	TC
1	25840965	138	GA
1	25842423	1458	TC
1	25843483	582	AG
1	25843528	45	AG
1	25843675	147	GC
1	25844210	535	TC
1	25844376	166	TC
1	25844407	31	CG
1	25844524	117	AC
1	25844572	48	AG
1	25844662	90	GA
1	25846056	723	AG
1	25846147	91	GC
1	25847635	471	TC
1	25847749	114	AG
1	25847872	123	CT
1	25848348	239	CT
1	25848741	393	AG
1	25848905	164	TC
1	25848955	50	AG
1	25850692	854	TC
1	25850841	149	AC
1	25850873	32	AG
1	25851255	142	GA
1	25851747	492	GA
1	25852785	477	CT
1	25853334	549	GT
1	25853363	29	CG
1	25853509	146	TC
1	25853684	175	AG
1	25853890	206	GC
1	25853958	68	GA
1	25856939	2931	TC
1	25858692	1495	CT
1	25861712	2642	CA
1	25862359	647	GT
1	25864788	2400	AG
1	25864993	205	AG
1	25865075	82	TC
1	25868424	3306	GC
1	25870737	2283	GC
1	25872154	1350	TC
1	25874317	2052	CT
1	25876358	1173	GC
1	25880649	1900	TG
1	25883103	1913	GA
1	25885814	2559	TC
1	25886119	305	TA
1	25889946	2760	CG
1	25892879	2684	TC
1	25893667	788	AG
1	25895704	1559	AG
1	25895885	181	TG
1	25896228	230	CT
1	25896297	69	AG
1	25897136	742	CT
1	25897213	77	TC
1	25897270	57	CT
1	25900023	2704	GC
1	25900329	197	AG
1	25906644	4755	TC
1	25907189	313	GA
1	25908820	1631	TC
1	25908998	178	CT
1	25909124	126	GA
1	25910549	1425	TC
1	25911622	1073	TA
1	25911703	81	GA
1	25912424	721	CT
1	25916917	3890	GA
1	25919812	2426	CT
1	25919856	44	AG
1	25919885	29	TC
1	25920169	284	AG
1	25920265	96	CT
1	25920554	289	AG
1	25920984	430	GA
1	25921462	434	AG
1	25925809	1821	TC
1	25926294	485	CA
1	25927133	316	CT
1	25927302	169	GA
1	25927327	25	GA
1	25927379	52	GA
1	25928047	668	TC
1	25928133	86	GT
1	25928209	76	AG
1	25928229	20	TG
1	25928395	166	AG
1	25928462	67	TC
1	25928510	48	TC
1	25928587	77	GA
1	25928651	64	TC
1	25929096	445	CG
1	25931653	2224	GA
1	25932031	378	AG
1	25932772	741	CT
1	25933341	569	CG
1	25933638	297	GA
1	25933718	80	TC
1	25933737	19	TG
1	25934401	618	AG
1	25934553	152	TG
1	25937297	2263	AC
1	25939446	2055	CT
1	25941266	1655	TC
1	25941773	507	CT
1	25944746	2097	CT
1	25944839	93	TC
1	25946967	2128	CT
1	25949471	1874	CT
1	25949601	93	AG
1	25949983	382	CG
1	25952598	1982	CT
1	25953523	648	AG
1	25954415	615	AG
1	25954963	548	GT
1	25955489	520	AG
1	25955643	154	AG
1	25956011	368	GA
1	25957370	1359	TG
1	25965930	5492	GA
1	25978106	10861	TC
1	25988875	8196	CT
1	25992942	3281	AC
1	25994166	1224	AG
1	25994360	194	GA
1	25995196	806	AG
1	25997582	2115	TA
1	25998640	939	GA
1	25999049	409	CT
1	25999890	841	CT
1	26001227	1337	AG
1	26001994	767	TC
1	26002094	100	AG
1	26002814	643	TC
1	26002972	158	AG
1	26003072	100	AG
1	26003150	78	CG
1	26003226	76	GA
1	26003230	4	AG
1	26003635	405	TC
1	26004261	626	AG
1	26004303	42	AC
1	26004390	87	TC
1	26006758	2242	TA
1	26007614	708	CT
1	26007654	40	CA
1	26007657	3	TC
1	26010273	2494	TC
1	26010483	210	GA
1	26012505	1861	TC
1	26013454	866	GA
1	26015236	779	GA
1	26016071	798	AC
1	26017543	1472	AG
1	26017693	150	AG
1	26017912	219	TC
1	26018092	180	GA
1	26019087	543	CT
1	26019176	89	TC
1	26019248	72	CT
1	26019268	20	CT
1	26019355	87	GA
1	26019548	193	CT
1	26019962	414	GA
1	26020022	60	CT
1	26020051	29	GA
1	26020264	213	GA
1	26020430	166	GA
1	26020676	246	CT
1	26021268	431	AG
1	26021495	227	TC
1	26021634	139	CT
1	26021669	35	TC
1	26022254	585	CT
1	26022310	56	AG
1	26022945	411	GA
1	26030811	3203	CA
1	26032077	1192	AC
1	26036020	2196	TC
1	26037981	875	AG
1	26038208	227	AG
1	26039403	914	AG
1	26039963	450	CA
1	26048499	4172	TC
1	26051434	1395	CA
1	26051444	10	GA
1	26053388	1623	GC
1	26058038	2968	TC
1	26058398	360	TC
1	26062001	1052	GA
1	26073158	7573	AG
1	26079018	2639	CG
1	26080663	1096	TG
1	26084079	1331	TC
1	26087225	1813	TC
1	26088476	1037	CG
1	26101750	11007	CT
1	26116388	7766	CT
1	26122458	4503	TC
1	26124350	1864	AC
1	26125925	1575	CT
1	26126000	75	CG
1	26129015	2665	TC
1	26129407	392	GA
1	26130987	1580	AG
1	26131018	31	CG
1	26131595	447	AG
1	26132636	1001	GA
1	26136807	3209	GA
1	26139118	594	CT
1	26139686	540	GA
1	26140455	769	CT
1	26140753	298	AG
1	26144952	2384	CT
1	26152588	4256	AG
1	26152920	332	GA
1	26153720	399	TC
1	26153830	110	AT
1	26154874	311	CT
1	26154917	43	GA
1	26154920	3	TC
1	26154981	61	TC
1	26155365	107	TC
1	26155408	43	TC
1	26156550	114	CT
1	26156760	210	GA
1	26158514	1178	TA
1	26160094	302	AG
1	26160095	1	CA
1	26161926	540	AG
1	26161960	34	GA
1	26162319	325	TC
1	26162967	228	CG
1	26163783	816	CG
1	26164353	570	TG
1	26164387	34	CT
1	26166688	1915	AC
1	26181571	5673	CA
1	26192184	7906	AG
1	26194661	1193	AT
1	26195552	258	GA
1	26198311	1578	GT
1	26198811	500	TA
1	26199265	454	AT
1	26199403	138	TC
1	26199422	19	GA
1	26200614	741	AG
1	26201428	375	AC
1	26202555	1107	TC
1	26204727	1972	AG
1	26205491	732	GA
1	26205780	249	GC
1	26205788	8	CT
1	26206416	389	CT
1	26207532	1059	CT
1	26209181	1366	GA
1	26209189	8	GT
1	26209780	383	TC
1	26209858	78	GA
1	26210229	371	GC
1	26210451	222	GA
1	26210580	129	GC
1	26211858	1100	TC
1	26211908	50	AT
1	26212009	101	TA
1	26212027	18	GA
1	26212942	915	TC
1	26214599	1657	GT
1	26215384	618	GC
1	26215415	31	AG
1	26215715	300	CT
1	26218729	1947	CG
1	26218768	39	CT
1	26218827	59	GT
1	26219042	215	AG
1	26219066	24	CT
1	26219081	15	GA
1	26219089	8	AG
1	26219379	290	GA
1	26219701	297	CG
1	26219972	271	AC
1	26220805	410	CT
1	26220868	63	GT
1	26220914	46	AT
1	26220928	14	GT
1	26222542	346	CA
1	26222653	111	CT
1	26222750	97	GA
1	26222792	42	TC
1	26225662	903	CT
1	26225747	85	GA
1	26225776	29	GC
1	26225861	85	CG
1	26226539	235	TG
1	26227489	775	GA
1	26227498	9	CT
1	26228345	272	TC
1	26229015	115	CG
1	26229481	91	CT
1	26229484	3	GA
1	26229523	39	GA
1	26229550	27	GC
1	26232231	1237	GT
1	26232299	68	AG
1	26232332	33	TC
1	26232501	169	AT
1	26232548	47	CG
1	26232600	52	GC
1	26233563	149	AG
1	26234164	601	GA
1	26234381	217	TC
1	26234950	569	AG
1	26236153	1028	TC
1	26236642	489	GT
1	26237454	444	TC
1	26238192	738	AG
1	26239380	161	GA
1	26240068	629	AG
1	26242148	355	TC
1	26242254	106	GC
1	26243445	191	TC
1	26243906	29	GT
1	26246140	444	TA
1	26248288	313	CT
1	26249810	509	GA
1	26249812	2	GC
1	26249823	11	TC
1	26250645	108	GA
1	26253175	1266	GA
1	26254213	1038	GA
1	26256444	1754	TG
1	26256445	1	TC
1	26257389	944	CA
1	26258215	800	TC
1	26258457	242	GA
1	26258472	15	CT
1	26258857	385	AG
1	26259038	181	AG
1	26260633	1595	AG
1	26260647	14	AG
1	26260760	113	CT
1	26260960	200	GA
1	26261086	126	AG
1	26261641	489	TG
1	26261806	165	AG
1	26262046	240	AG
1	26262389	343	GA
1	26263172	505	AC
1	26264014	382	TC
1	26265200	554	CG
1	26274413	5591	AG
1	26278988	3914	CT
1	26279292	304	CT
1	26280684	1349	TA
1	26283435	2329	AG
1	26285185	1750	TC
1	26285765	580	AG
1	26288846	2654	CT
1	26290360	1424	CT
1	26292625	2265	AG
1	26293052	427	GA
1	26300487	3841	AG
1	26307159	5620	AG
1	26307183	24	TC
1	26307224	41	AG
1	26307227	3	CT
1	26307497	270	TC
1	26307720	223	TC
1	26307761	41	TC
1	26308043	282	GC
1	26308925	847	AT
1	26309238	226	CT
1	26309318	80	AG
1	26309463	145	AG
1	26309525	62	GC
1	26309834	240	AG
1	26310290	244	TG
1	26310325	35	GA
1	26310349	24	TA
1	26310430	81	AG
1	26310469	39	GA
1	26312048	1179	CA
1	26312925	171	GC
1	26313715	269	CT
1	26314156	441	GC
1	26314204	48	AG
1	26314241	37	CG
1	26314573	332	GA
1	26314717	144	AG
1	26315532	815	CG
1	26316039	507	GA
1	26318246	2131	TC
1	26319008	762	CA
1	26360123	28946	CG
1	26366385	3919	GA
1	26374617	5638	CT
1	26380414	3721	CT
1	26382475	1967	GA
1	26383566	541	AG
1	26383609	43	TC
1	26384168	65	TC
1	26385750	404	AG
1	26399466	11662	CG
1	26402011	2180	CT
1	26402906	895	CT
1	26409159	5756	GT
1	26411031	1551	GA
1	26426372	14837	AT
1	26428578	2131	GA
1	26429676	861	CT
1	26436385	4318	CT
1	26436606	221	AG
1	26437462	856	GA
1	26438146	641	TC
1	26440750	1470	CT
1	26441430	680	TA
1	26448500	4055	AG
1	26452868	2881	CA
1	26454136	894	AC
1	26457177	2411	AC
1	26458122	945	TA
1	26458625	503	GT
1	26459393	719	CT
1	26461697	2222	CT
1	26463235	1538	GA
1	26465504	1936	CT
1	26465604	100	GA
1	26467741	1966	CT
1	26469271	1530	GA
1	26470555	1266	AC
1	26473838	3064	CG
1	26475536	1458	GA
1	26490952	12654	AG
1	26514974	17251	CT
1	26526137	9725	AG
1	26529032	2715	CG
1	26538809	7415	TC
1	26541821	2220	GA
1	26547353	2103	AT
1	26547392	39	GA
1	26551446	2637	CA
1	26551482	36	GA
1	26577317	18123	CA
1	26578061	447	CT
1	26578208	147	CT
1	26579253	292	CG
1	26579270	17	GA
1	26579621	351	GC
1	26580163	542	AC
1	26580297	134	CG
1	26580893	330	TC
1	26582828	1003	CT
1	26583951	750	AG
1	26586252	930	GC
1	26588554	657	CG
1	26588759	205	GT
1	26589588	829	GT
1	26590570	158	GC
1	26590659	89	AG
1	26597277	3476	CT
1	26597482	205	GA
1	26597528	46	AG
1	26598418	849	GC
1	26599312	696	GA
1	26599377	65	GC
1	26599702	325	TG
1	26602737	1912	GA
1	26602864	127	GA
1	26602919	55	TG
1	26603063	144	AG
1	26603378	315	AG
1	26603416	38	TC
1	26603448	32	TC
1	26603898	450	CT
1	26604046	148	GA
1	26604100	54	AG
1	26604144	44	AG
1	26604159	15	TG
1	26604397	238	GC
1	26604599	202	TC
1	26604632	33	TC
1	26604679	47	TC
1	26604724	45	GA
1	26604725	1	GA
1	26604967	242	CT
1	26605441	391	CT
1	26605517	76	GC
1	26605520	3	GA
1	26605684	164	GA
1	26605739	55	TG
1	26606025	286	TG
1	26606076	51	AG
1	26606290	214	GA
1	26606419	129	GA
1	26607883	688	CT
1	26608071	188	GA
1	26609543	679	CT
1	26609556	13	CT
1	26609897	341	TA
1	26610087	190	CG
1	26610364	277	CT
1	26610397	33	GC
1	26610577	180	AG
1	26611557	551	CT
1	26613890	660	CT
1	26614016	126	CT
1	26615652	926	TC
1	26616028	376	CT
1	26616050	22	TC
1	26617151	761	CT
1	26617465	248	TG
1	26617947	482	GC
1	26618395	448	TG
1	26618399	4	TC
1	26619808	1377	TC
1	26619853	45	AC
1	26621301	1305	TG
1	26621773	472	TC
1	26622274	469	AG
1	26625001	1447	GA
1	26625224	223	AT
1	26626292	1068	CT
1	26626500	208	TC
1	26626550	50	AC
1	26626661	111	GA
1	26626943	282	AC
1	26628380	701	AG
1	26628388	8	GA
1	26628688	92	AC
1	26629307	163	GA
1	26629336	29	CT
1	26629360	24	GA
1	26629408	48	CG
1	26629423	15	CT
1	26629478	55	AG
1	26629695	217	CT
1	26629725	30	AC
1	26629729	4	GC
1	26629768	39	TC
1	26629802	34	CT
1	26630325	137	GC
1	26630953	219	AG
1	26630965	12	AG
1	26630994	29	GT
1	26631084	90	CG
1	26631345	261	CT
1	26631691	346	GA
1	26631728	37	GA
1	26631945	217	AT
1	26632015	70	GA
1	26634428	2055	CA
1	26634985	514	GA
1	26635505	520	AC
1	26635517	12	CA
1	26635547	30	CA
1	26635597	50	CT
1	26636282	685	CG
1	26636495	145	CT
1	26636696	201	TC
1	26641509	1039	GA
1	26642977	771	TC
1	26643013	36	GC
1	26643093	80	CT
1	26644612	579	AG
1	26644683	71	AG
1	26644841	158	GA
1	26645270	429	GT
1	26645317	47	AG
1	26645356	39	GA
1	26645393	37	GA
1	26645565	172	GT
1	26645852	287	TG
1	26646002	150	CT
1	26646158	156	AG
1	26646849	691	TC
1	26647104	255	GA
1	26647912	725	CT
1	26648142	230	AG
1	26648216	74	GA
1	26648529	313	AG
1	26648830	301	TC
1	26648871	41	CA
1	26648885	14	TC
1	26649317	432	TC
1	26650026	709	CT
1	26673496	20260	AG
1	26682028	4658	GC
1	26699235	13290	TC
1	26699236	1	CA
1	26699365	129	GA
1	26699547	82	CA
1	26699978	431	GA
1	26700057	79	GC
1	26700698	192	AC
1	26701280	73	TC
1	26702372	761	TC
1	26703794	1422	AG
1	26704611	817	AC
1	26706413	1802	AG
1	26706816	403	TC
1	26706874	58	CT
1	26706883	9	GA
1	26708860	1751	AG
1	26709576	382	CT
1	26710850	861	TC
1	26711931	230	TA
1	26712286	355	TC
1	26712757	471	AC
1	26715945	275	TC
1	26717027	899	GA
1	26723181	2522	GA
1	26725468	1662	GT
1	26725469	1	CT
1	26729123	941	GA
1	26730038	915	GA
1	26730381	343	TC
1	26734055	2983	TG
1	26734185	130	CT
1	26754884	12771	GA
1	26762873	6806	TG
1	26779915	9134	AG
1	26802490	427	TG
1	26802512	22	AC
1	26802966	454	CT
1	26803015	49	AG
1	26824517	443	GA
1	26825339	579	GA
1	26825917	578	CT
1	26826402	425	CT
1	26826528	126	GA
1	26831471	2358	GT
1	26832437	733	GC
1	26836707	3154	CT
1	26836973	266	CT
1	26837281	308	GA
1	26838493	938	GA
1	26838665	172	TC
1	26839431	515	CG
1	26840045	573	CT
1	26840432	387	CT
1	26840883	76	TC
1	26845357	3483	CT
1	26845992	309	AG
1	26846878	838	GA
1	26846893	15	TC
1	26846919	26	CT
1	26846923	4	CT
1	26848647	1551	CT
1	26848816	169	GA
1	26848916	100	AG
1	26849084	2	AG
1	26849176	92	GC
1	26849607	431	CT
1	26850323	662	TC
1	26850457	134	CT
1	26854763	1731	TC
1	26856106	898	TC
1	26860505	3123	CG
1	26861077	572	GA
1	26864833	2100	GA
1	26865735	902	CT
1	26866946	485	GA
1	26867506	541	TC
1	26867772	266	GC
1	26868527	407	CA
1	26868834	307	CT
1	26873674	1536	AG
1	26873710	36	GA
1	26874875	579	CT
1	26876324	1199	CG
1	26876610	286	GC
1	26876680	70	CT
1	26877126	299	GT
1	26877563	382	CT
1	26877606	43	CA
1	26877810	204	CT
1	26882598	2650	TC
1	26882960	362	GC
1	26883063	103	TC
1	26883177	114	TC
1	26883196	19	GC
1	26883294	98	AG
1	26883772	141	TG
1	26883864	92	GA
1	26883882	18	TC
1	26883941	59	TC
1	26884550	609	TC
1	26884554	4	GA
1	26884693	139	CT
1	26884843	150	CT
1	26885609	438	AC
1	26885637	28	CA
1	26888057	900	TA
1	26888313	256	CT
1	26888410	97	CA
1	26888422	12	CT
1	26888710	80	GA
1	26889610	867	AT
1	26889618	8	CT
1	26889871	253	CT
1	26891174	911	AG
1	26891887	713	AG
1	26892330	443	CA
1	26895006	1379	TG
1	26897118	663	TC
1	26897832	714	AG
1	26897865	33	CA
1	26897901	36	TC
1	26898058	157	GA
1	26898136	78	GA
1	26898527	82	CT
1	26898592	65	CT
1	26898597	5	CT
1	26898653	56	CT
1	26898670	17	GA
1	26898916	246	AT
1	26898921	5	GA
1	26899242	297	CT
1	26900806	1118	GC
1	26903133	1251	CT
1	26905449	708	TG
1	26909628	2709	GC
1	26910421	793	TA
1	26910489	68	GC
1	26910545	56	TA
1	26912420	902	AG
1	26912583	163	CT
1	26912645	62	TC
1	26912744	99	AG
1	26913209	465	TC
1	26914776	390	GA
1	26915627	623	TC
1	26915756	129	TC
1	26916447	94	CA
1	26918343	1452	GA
1	26923359	3658	GA
1	26923680	293	CT
1	26924185	505	AG
1	26925336	1151	TA
1	26936589	10532	GA
1	26937098	509	AC
1	26938602	1504	CT
1	26939020	418	GA
1	26942895	3657	TC
1	26944330	1155	GA
1	26947091	1722	CT
1	26947228	137	GC
1	26948034	610	CT
1	26949747	678	CA
1	26949748	1	AG
1	26949761	13	AC
1	26949803	42	GA
1	26949815	12	TC
1	26949833	18	GT
1	26949951	118	AG
1	26950418	445	CA
1	26950435	17	AC
1	26951258	516	CG
1	26951341	83	GA
1	26951908	214	GA
1	26951929	21	TC
1	26952114	185	CT
1	26953069	704	CT
1	26953345	276	TG
1	26953467	122	AG
1	26954422	847	AG
1	26954865	443	CT
1	26955064	199	CT
1	26955094	30	TC
1	26955659	368	AC
1	26956792	776	AG
1	26956802	10	GC
1	26956817	15	AG
1	26956868	51	TA
1	26957082	214	CG
1	26957638	191	TC
1	26957715	77	GA
1	26958326	153	CA
1	26958357	31	TG
1	26958375	18	GA
1	26958380	5	GC
1	26961724	1710	GA
1	26961784	60	GA
1	26961845	61	TC
1	26961974	81	GA
1	26962954	802	TC
1	26964501	1547	CG
1	26966178	1361	AG
1	27003177	22601	TC
1	27004316	775	GT
1	27012627	5975	TC
1	27014035	1336	TG
1	27017093	1576	AG
1	27021315	3718	GA
1	27021522	207	GA
1	27024094	2164	TC
1	27031350	4400	GT
1	27034726	3168	GA
1	27035004	278	AG
1	27036074	594	CT
1	27043193	6074	CT
1	27043295	102	TC
1	27043627	34	GA
1	27043638	11	TG
1	27043728	90	CT
1	27043880	152	AG
1	27044252	372	CG
1	27044296	44	CT
1	27044632	336	TG
1	27045569	813	CG
1	27046258	689	TC
1	27046607	349	TG
1	27046900	293	CT
1	27046956	56	TC
1	27047109	153	TG
1	27047187	78	GA
1	27047202	15	GT
1	27047253	51	GT
1	27047272	19	CG
1	27047336	64	TC
1	27047628	155	GC
1	27048153	208	TC
1	27048594	303	CG
1	27049924	1214	TC
1	27049993	69	GA
1	27051513	1189	GA
1	27051531	18	GA
1	27051902	206	CT
1	27052113	211	CT
1	27052122	9	GT
1	27052261	139	CT
1	27052299	38	CT
1	27052516	217	CT
1	27053337	747	CT
1	27053585	248	AC
1	27053783	198	TC
1	27054203	420	AG
1	27054417	214	CT
1	27054562	145	TC
1	27056098	645	CT
1	27057362	1060	CT
1	27058696	1334	GA
1	27058842	146	CA
1	27058863	21	TA
1	27059720	740	AG
1	27060315	595	TC
1	27060353	38	GT
1	27062422	1220	AG
1	27068263	3376	CG
1	27068598	138	GA
1	27069072	474	GT
1	27069774	702	AG
1	27070221	265	GA
1	27070735	352	CG
1	27071363	270	CT
1	27071580	217	TC
1	27072227	647	AG
1	27073874	1456	TC
1	27074000	126	AG
1	27075749	1401	AG
1	27076632	434	AG
1	27076673	41	TA
1	27076837	164	TC
1	27076965	128	AG
1	27077044	79	CT
1	27077274	230	AG
1	27077444	170	CG
1	27077478	34	AG
1	27077493	15	GA
1	27079463	557	CT
1	27079677	214	AC
1	27080081	336	GA
1	27080281	200	TC
1	27080972	522	AG
1	27081075	103	AG
1	27081083	8	TC
1	27081245	162	GC
1	27084607	2392	TC
1	27087281	1525	TC
1	27092931	1540	AG
1	27102559	7382	GA
1	27102790	231	AG
1	27103809	868	CT
1	27103826	17	GA
1	27103834	8	AG
1	27103898	64	AG
1	27103999	101	CA
1	27104051	52	GC
1	27105283	1164	TC
1	27105373	90	TC
1	27105479	106	AG
1	27106613	1082	CT
1	27107943	1117	GA
1	27108448	505	GA
1	27108783	217	GT
1	27108856	73	CT
1	27108876	20	CT
1	27109030	154	AG
1	27109125	95	TC
1	27109159	34	TG
1	27109945	725	GC
1	27110704	759	GA
1	27110787	83	TC
1	27111428	611	GA
1	27111725	297	AC
1	27113208	1447	CT
1	27113341	133	CT
1	27118197	1916	TC
1	27118298	101	CA
1	27119839	1541	GC
1	27120110	271	GA
1	27124865	2929	TC
1	27125415	449	TC
1	27125581	166	AC
1	27125709	128	CT
1	27125869	160	TG
1	27125927	58	AC
1	27126530	603	AC
1	27126612	82	CT
1	27126637	25	TC
1	27126668	31	CG
1	27126904	236	AG
1	27127275	371	TC
1	27127591	104	CA
1	27127645	54	CT
1	27127702	57	AC
1	27128097	261	CT
1	27129060	963	TC
1	27130950	1781	AG
1	27132829	1726	TC
1	27133094	265	AG
1	27134976	1492	TG
1	27135465	432	CA
1	27135760	295	AG
1	27135986	226	CT
1	27139425	206	GA
1	27139750	202	TC
1	27139982	232	TC
1	27140018	36	AG
1	27140605	151	GA
1	27140710	105	GA
1	27140897	187	TG
1	27140925	28	GC
1	27140947	22	TC
1	27141018	71	GA
1	27141099	81	CT
1	27141159	60	AG
1	27141177	18	AG
1	27141231	54	GC
1	27141253	22	GA
1	27141279	26	TG
1	27141306	27	TA
1	27141419	113	AG
1	27141421	2	GA
1	27141431	10	TA
1	27141670	239	CT
1	27141741	71	CT
1	27141785	44	GA
1	27142865	1080	GC
1	27142893	28	CT
1	27143194	301	TC
1	27143470	276	GA
1	27143651	181	AG
1	27143812	161	AG
1	27144021	209	TC
1	27144316	273	AG
1	27144330	14	GT
1	27144382	52	CT
1	27145124	524	AG
1	27145503	379	CT
1	27146503	1000	CT
1	27146535	32	CT
1	27147125	300	GC
1	27147678	506	CG
1	27147680	2	GA
1	27147704	24	GA
1	27147969	265	GA
1	27147973	4	GC
1	27148153	180	CT
1	27148167	14	TC
1	27148175	8	GA
1	27148473	174	CG
1	27148589	116	GT
1	27149347	466	TG
1	27149405	58	GA
1	27149674	269	CT
1	27149692	18	GA
1	27149740	48	AG
1	27149782	42	AG
1	27149791	9	GC
1	27149821	30	CA
1	27149863	42	CG
1	27150831	438	TC
1	27151473	597	TG
1	27152519	875	CG
1	27152535	16	CT
1	27152921	178	AG
1	27153202	209	AG
1	27153666	464	CG
1	27154264	394	AG
1	27154524	260	CT
1	27154593	69	AG
1	27155341	748	TC
1	27155406	65	AT
1	27155509	103	CG
1	27155565	56	CT
1	27155688	123	AG
1	27155714	26	TC
1	27155749	35	CT
1	27155761	12	CT
1	27157042	730	TC
1	27157116	74	CT
1	27157823	493	GT
1	27158311	488	TC
1	27158503	192	GA
1	27159056	553	AG
1	27159957	768	CA
1	27161869	1856	CT
1	27162012	143	AG
1	27169259	5459	AG
1	27169397	138	GA
1	27169453	56	CT
1	27169556	49	GA
1	27169605	49	AG
1	27176001	1757	GA
1	27180219	2987	GA
1	27182488	1382	GA
1	27184687	1924	CT
1	27189162	3410	CT
1	27189492	180	AG
1	27192790	2928	GA
1	27193932	1142	GC
1	27195690	1116	CT
1	27196023	333	GA
1	27196177	154	CT
1	27198128	1686	CG
1	27202332	2509	AG
1	27203441	1109	AG
1	27203916	475	TG
1	27204831	915	TC
1	27204929	98	GA
1	27204932	3	CT
1	27204936	4	CT
1	27204940	4	GC
1	27204950	10	AC
1	27204955	5	AG
1	27205487	532	TC
1	27205494	7	AC
1	27205506	12	CT
1	27205581	75	TC
1	27205842	261	TC
1	27207402	1560	GT
1	27207714	230	CT
1	27209218	1504	AG
1	27209239	21	GA
1	27210255	1016	AG
1	27213834	1021	AG
1	27214054	101	AG
1	27214311	215	GA
1	27215797	1387	AG
1	27220764	4398	AC
1	27221994	1230	CG
1	27225250	3117	GC
1	27225373	123	GA
1	27225520	147	CG
1	27225799	279	CA
1	27226021	222	AT
1	27226914	631	CT
1	27227344	430	CG
1	27227626	282	CG
1	27227669	43	CA
1	27228947	1205	CT
1	27229701	754	AG
1	27230384	571	CT
1	27231072	272	GC
1	27231195	123	TG
1	27231205	10	AG
1	27231359	154	TA
1	27232518	854	AT
1	27232625	107	GA
1	27232672	47	GT
1	27232697	25	AG
1	27232714	17	GA
1	27233435	344	AG
1	27233738	303	GA
1	27233740	2	TC
1	27233775	35	CT
1	27233794	19	CT
1	27233880	86	TG
1	27233909	29	GA
1	27234076	110	TC
1	27234086	10	AG
1	27235273	871	GA
1	27235640	367	TA
1	27235805	165	GA
1	27235880	75	AT
1	27236253	373	AC
1	27236845	248	CT
1	27238034	1077	GC
1	27238127	93	AG
1	27238253	126	GA
1	27238343	90	TC
1	27238350	7	CG
1	27238651	301	TC
1	27238729	78	AG
1	27238963	162	AG
1	27239195	232	AC
1	27239292	97	GA
1	27239531	239	AG
1	27241372	1067	AG
1	27241378	6	GA
1	27241419	41	CG
1	27241451	32	GT
1	27241915	341	CT
1	27242684	769	AG
1	27242747	63	GT
1	27243055	308	TC
1	27243066	11	GA
1	27244118	954	CG
1	27244167	49	AG
1	27244402	235	AG
1	27245546	715	AG
1	27246793	659	TG
1	27246831	38	GA
1	27247246	362	CT
1	27247275	29	CT
1	27247361	86	TC
1	27247665	304	TC
1	27247748	83	TC
1	27247898	150	TA
1	27247963	65	AG
1	27248216	253	CT
1	27248413	197	GA
1	27248420	7	AC
1	27248692	272	CT
1	27248695	3	CT
1	27248836	141	AC
1	27250495	1578	GA
1	27251340	845	CT
1	27251501	161	TC
1	27254159	1652	AG
1	27256878	1972	TC
1	27256985	107	GA
1	27258619	398	TC
1	27258670	51	CT
1	27259921	621	GA
1	27260004	83	TC
1	27261154	776	TC
1	27263742	1149	TC
1	27264519	614	AC
1	27265769	641	CT
1	27265815	46	TC
1	27267059	819	GA
1	27269826	1813	GC
1	27269955	129	GA
1	27270546	223	AG
1	27270569	23	AG
1	27272213	875	GA
1	27272728	515	GC
1	27274321	1036	GA
1	27275034	304	GA
1	27276839	1182	CT
1	27278433	948	CG
1	27278581	148	GA
1	27278912	265	CT
1	27279987	858	AG
1	27280043	56	AG
1	27286473	4295	TC
1	27286832	359	AT
1	27288158	1218	GT
1	27288173	15	GC
1	27288385	212	TC
1	27288401	16	GA
1	27289111	688	AG
1	27290575	1397	AG
1	27293966	3156	CA
1	27295417	1451	AT
1	27295850	433	AG
1	27296430	580	CG
1	27296674	244	CT
1	27297010	336	CG
1	27297081	71	CT
1	27297950	869	CT
1	27297998	48	GT
1	27300075	1159	CA
1	27300401	326	CG
1	27301208	807	GA
1	27301894	686	GA
1	27301962	68	CT
1	27302046	84	TA
1	27302103	57	GA
1	27302161	58	CG
1	27302227	66	AG
1	27304170	1943	TA
1	27305746	1537	CT
1	27306158	412	AG
1	27309802	2966	TC
1	27311506	1037	TG
1	27312711	839	CA
1	27313001	290	TC
1	27315652	1870	CT
1	27316133	163	CT
1	27320416	3132	TA
1	27320485	69	CG
1	27322251	1745	GA
1	27323002	393	TC
1	27323201	199	AT
1	27323490	265	CG
1	27324374	847	TG
1	27326628	2081	AG
1	27327048	420	GA
1	27327422	374	TC
1	27328392	970	TC
1	27328405	13	CG
1	27328451	46	GA
1	27328866	415	CT
1	27330154	1045	GA
1	27331295	1141	TC
1	27335869	4513	GC
1	27336907	933	TG
1	27337003	96	AT
1	27338739	963	CT
1	27341394	2530	GA
1	27349379	6384	AG
1	27349548	169	GC
1	27351718	1903	GT
1	27357182	4675	CG
1	27358023	841	AG
1	27358602	579	TC
1	27361348	2668	GT
1	27363679	2213	GA
1	27363935	256	CT
1	27365394	1422	AG
1	27365710	316	TG
1	27366024	314	CT
1	27366921	871	CT
1	27367244	323	TC
1	27367425	181	AG
1	27368001	576	CG
1	27377081	7236	GA
1	27378145	930	GC
1	27381747	1855	CT
1	27383470	1154	TC
1	27383875	322	GA
1	27386738	2609	TC
1	27388843	1344	TC
1	27390334	834	TC
1	27390409	75	TC
1	27390417	8	CT
1	27390421	4	CT
1	27390531	110	CT
1	27390993	462	GA
1	27391393	400	CT
1	27391831	438	AG
1	27391833	2	CT
1	27391849	16	AG
1	27391938	89	TA
1	27393232	1001	CT
1	27394044	812	CG
1	27394045	1	GA
1	27394047	2	GA
1	27394052	5	AC
1	27394054	2	GT
1	27394972	918	TA
1	27395495	413	AG
1	27396962	1176	CT
1	27397370	408	GA
1	27401894	3103	GA
1	27401906	12	AG
1	27401925	19	TC
1	27403369	1302	CT
1	27405634	1569	GA
1	27406680	664	CG
1	27406915	235	TA
1	27407739	486	TC
1	27407962	223	TA
1	27408757	795	CT
1	27408831	74	AG
1	27411510	2356	CA
1	27411533	23	GA
1	27412179	646	CT
1	27415730	1327	GA
1	27417253	1276	GC
1	27417365	112	GT
1	27417766	401	AG
1	27417895	129	GA
1	27417964	69	CT
1	27418799	835	AG
1	27421485	2686	CT
1	27424085	2600	GA
1	27424672	587	GC
1	27425398	726	GA
1	27426044	646	GA
1	27426329	285	TC
1	27430672	3254	TC
1	27430802	130	CG
1	27435655	3866	AG
1	27436978	1164	CA
1	27437170	192	GC
1	27437298	128	AG
1	27437330	32	CT
1	27439296	1934	TC
1	27441405	2047	GT
1	27441445	40	AC
1	27442317	808	GA
1	27442325	8	TC
1	27444602	2187	CG
1	27448007	2935	TC
1	27467140	6709	TC
1	27468444	1002	CG
1	27468565	121	GT
1	27471421	2548	GT
1	27472319	709	AT
1	27472366	47	TA
1	27472850	376	CT
1	27474113	1237	GA
1	27501289	18417	AG
1	27501329	40	TA
1	27503093	271	AC
1	27507045	3679	TC
1	27507123	78	AG
1	27509435	2031	AG
1	27515990	6342	TG
1	27516492	502	AG
1	27516667	175	AG
1	27517130	463	AG
1	27517254	124	TC
1	27517799	545	TC
1	27518571	752	TC
1	27519220	314	TC
1	27521273	1976	GT
1	27521346	73	CA
1	27523077	1187	GA
1	27525811	2337	CG
1	27527037	481	TC
1	27527600	463	GA
1	27527961	361	TC
1	27538920	7158	CT
1	27539512	592	GA
1	27541306	1794	GT
1	27545251	3595	CT
1	27546114	863	GA
1	27555833	7657	TC
1	27562155	5399	TC
1	27565737	2275	AC
1	27567699	1962	CA
1	27570886	2493	CA
1	27571768	531	AG
1	27571801	33	CT
1	27573219	1380	CT
1	27589052	12845	GC
1	27589424	372	TG
1	27591368	978	TG
1	27592718	519	CT
1	27596259	2932	GC
1	27597203	944	GA
1	27609422	3772	TC
1	27611443	1360	AG
1	27616017	328	AG
1	27620242	2051	CG
1	27620825	327	CG
1	27624056	3157	GA
1	27624653	326	CG
1	27646645	11944	GA
1	27657820	9110	CT
1	27668239	2125	GA
1	27676787	4191	AG
1	27683173	5412	AG
1	27684486	809	AC
1	27685519	564	TG
1	27685542	23	GC
1	27686052	88	GA
1	27690643	1354	AG
1	27690799	156	AC
1	27690852	53	AG
1	27691045	193	AG
1	27692150	529	GA
1	27693031	685	CT
1	27693109	78	GA
1	27693335	226	AC
1	27693795	348	TC
1	27698829	2619	AG
1	27698943	114	GC
1	27701105	1007	CA
1	27701153	48	CG
1	27703853	1891	CG
1	27703877	24	TA
1	27705222	1235	TG
1	27706416	972	CA
1	27707636	1220	GA
1	27707710	74	AG
1	27708216	506	AG
1	27708619	298	AG
1	27711244	1680	AG
1	27711356	112	TC
1	27712375	951	TC
1	27713197	822	CT
1	27713676	409	CT
1	27714452	776	TA
1	27714453	1	GC
1	27714739	286	AC
1	27714755	16	AG
1	27715294	284	CT
1	27715325	31	AG
1	27715376	51	CT
1	27715391	15	TC
1	27715419	28	CT
1	27715487	68	CT
1	27715829	312	GT
1	27715929	100	TC
1	27716001	72	CT
1	27721845	5528	CT
1	27722809	924	AG
1	27723003	194	CT
1	27723217	214	GT
1	27723219	2	CA
1	27724938	1659	GA
1	27727224	1528	CT
1	27727682	174	GA
1	27727893	211	CA
1	27732100	2297	CT
1	27732148	48	CT
1	27733552	430	CG
1	27734483	555	CT
1	27734854	371	CT
1	27734892	38	TC
1	27734927	35	CA
1	27735532	86	GT
1	27735673	76	AG
1	27735674	1	GA
1	27736970	671	GA
1	27737364	394	AG
1	27737456	92	GC
1	27737495	39	AG
1	27737652	157	CT
1	27737707	55	GA
1	27738023	230	CG
1	27738484	461	AG
1	27739237	706	TG
1	27739638	368	TC
1	27740456	753	TC
1	27741202	569	CT
1	27741725	458	CA
1	27742041	316	TC
1	27744687	1622	AT
1	27744824	137	CT
1	27746110	917	TC
1	27746643	533	AG
1	27746817	174	TG
1	27748161	914	CG
1	27750946	2162	TG
1	27751116	170	TA
1	27752152	759	CG
1	27752378	226	GA
1	27753630	1131	AG
1	27754931	521	AG
1	27756464	1158	AG
1	27756575	111	TC
1	27758605	1561	GA
1	27758687	82	CT
1	27758778	91	TC
1	27759047	269	GT
1	27759197	150	CT
1	27763273	1770	CG
1	27767541	3015	CA
1	27768080	406	AC
1	27769518	1405	CT
1	27769553	35	GC
1	27772227	524	AG
1	27774454	1427	GA
1	27778143	1620	GC
1	27778258	115	CT
1	27781311	1693	CT
1	27783560	1246	TG
1	27786146	961	GA
1	27787980	1571	GT
1	27788262	173	CT
1	27788276	14	TA
1	27790042	1190	CT
1	27790043	1	AG
1	27791393	1068	GA
1	27791394	1	AG
1	27793279	772	CT
1	27793503	224	GA
1	27796762	3259	CA
1	27801134	2350	AG
1	27801301	167	CA
1	27802044	743	TC
1	27804242	1867	CT
1	27804321	79	TC
1	27804546	225	AT
1	27804564	18	GA
1	27804834	270	GA
1	27804859	25	TA
1	27805370	353	CT
1	27805545	175	AG
1	27805593	48	GA
1	27805596	3	GA
1	27806188	592	GA
1	27806690	502	GA
1	27807931	630	AG
1	27808124	193	AG
1	27808157	33	TA
1	27808346	189	CG
1	27808570	73	CT
1	27808648	78	GA
1	27810415	1403	GA
1	27814497	3030	CT
1	27815434	825	CT
1	27815555	121	CT
1	27816870	670	CT
1	27817183	88	AG
1	27819260	433	GA
1	27820287	493	CT
1	27825791	2227	GA
1	27825812	21	AG
1	27829183	693	TC
1	27830480	1125	AC
1	27860969	8500	AG
1	27870843	9027	AG
1	27871123	247	AG
1	27871222	99	GT
1	27871320	98	CT
1	27871435	115	CT
1	27871457	22	AG
1	27871464	7	GA
1	27872338	874	GA
1	27874780	2442	CT
1	27876653	1873	CT
1	27876815	162	AG
1	27876823	8	CT
1	27878774	1925	CT
1	27879580	781	GC
1	27879806	207	AG
1	27880191	385	CT
1	27881618	1427	CG
1	27882552	856	AG
1	27882762	210	GC
1	27882792	30	GA
1	27883060	268	GA
1	27883749	172	GC
1	27883791	42	GT
1	27887075	2687	TC
1	27887270	195	TC
1	27888191	398	GA
1	27891327	2032	TC
1	27893044	1230	CT
1	27893116	72	TC
1	27894828	1435	TC
1	27895701	527	GA
1	27895794	93	CT
1	27897627	839	TG
1	27899752	1345	CA
1	27907254	5795	TC
1	27912660	354	AT
1	27914890	331	GA
1	27918525	894	AG
1	27921040	835	CT
1	27928147	2661	AG
1	27928594	243	CT
1	27931087	1134	AC
1	27937472	4972	TG
1	27937829	357	GA
1	27941671	1661	AG
1	27942071	400	CT
1	27942737	497	TC
1	27949264	6051	GA
1	27950035	771	CT
1	27950851	816	TC
1	27954402	2950	TC
1	27955673	881	CA
1	27965891	7943	TC
1	27966598	343	AG
1	27967272	498	TC
1	27967739	467	AG
1	27967851	112	CT
1	27967888	37	TC
1	27967892	4	AG
1	27970207	794	TG
1	27970239	32	GA
1	27970566	327	AG
1	27970656	90	CA
1	27970995	339	AG
1	27972142	283	AG
1	27973110	521	CG
1	27973274	164	CG
1	27973409	135	TG
1	27973441	32	GC
1	27973623	147	CA
1	27973954	331	GA
1	27974177	223	CA
1	27974250	73	TC
1	27974362	112	CT
1	27974407	45	GA
1	27974422	15	TC
1	27974761	339	AG
1	27975216	455	GA
1	27975255	39	TC
1	27975856	90	CT
1	27976311	436	TC
1	27976775	265	AC
1	27977327	223	GA
1	27977946	151	CA
1	27978190	244	CT
1	27978357	144	TC
1	27978446	89	TC
1	27978523	77	GC
1	27981514	508	GA
1	27981975	340	TC
1	27982223	248	GC
1	27982337	114	AG
1	27982854	210	GA
1	27982882	28	TC
1	27982900	18	TC
1	27982920	20	TC
1	27982953	33	CT
1	27983068	115	CT
1	27983281	213	GA
1	27983290	9	GA
1	27983292	2	AG
1	27984100	342	CT
1	27985105	319	GT
1	27985717	547	GA
1	27986951	195	GT
1	27987558	462	AG
1	27987755	75	TC
1	27987842	87	AG
1	27988590	748	GA
1	27989583	689	TC
1	27989586	3	AG
1	27990024	438	TA
1	27991673	1411	CA
1	27991854	181	GA
1	27992885	926	TC
1	27993809	924	GA
1	27995039	1210	TC
1	27995487	448	TC
1	27995724	237	GT
1	27996922	1198	CT
1	27997219	297	CT
1	27997278	59	TC
1	27997308	30	TA
1	27998354	881	AG
1	27999702	1243	CT
1	28000652	912	GA
1	28001673	473	AG
1	28002010	337	TC
1	28002794	641	AG
1	28003708	852	AG
1	28004426	718	AT
1	28004514	88	AG
1	28004532	18	TC
1	28004661	129	TG
1	28004723	62	GA
1	28005866	1143	AG
1	28006031	165	TC
1	28006859	608	AT
1	28007299	440	CG
1	28007430	131	CT
1	28007791	200	TC
1	28008126	335	CA
1	28008265	139	CG
1	28008401	136	CT
1	28008498	97	AG
1	28008649	151	GC
1	28008766	117	TG
1	28008781	15	TG
1	28008917	136	AG
1	28009247	308	GC
1	28009720	473	GA
1	28010036	316	AG
1	28010897	861	AG
1	28013784	1916	AG
1	28014179	395	AT
1	28014230	51	AG
1	28014387	157	GA
1	28015239	852	TC
1	28016208	766	TA
1	28016324	116	GC
1	28018130	1806	TC
1	28018333	203	CT
1	28021912	3500	CT
1	28022533	621	CT
1	28031067	5969	GT
1	28031176	109	CT
1	28034239	2517	CT
1	28034403	164	GA
1	28040180	4399	TG
1	28041200	1020	CT
1	28053122	10787	CG
1	28053905	783	CT
1	28054123	190	AC
1	28055372	1204	GT
1	28056466	973	AG
1	28057113	647	GA
1	28060718	2831	TG
1	28063402	2022	GA
1	28066830	3200	CG
1	28067377	446	TA
1	28067580	203	CT
1	28073568	3790	TC
1	28073859	291	TC
1	28074162	303	GA
1	28074999	792	TC
1	28075292	293	TC
1	28075293	1	GA
1	28075831	503	CG
1	28076274	406	CT
1	28076389	115	GC
1	28076412	23	GA
1	28076633	221	CT
1	28076825	192	GA
1	28076999	174	TC
1	28077469	398	AG
1	28079183	1499	CT
1	28081058	945	CT
1	28081625	567	CT
1	28081734	109	CT
1	28081954	220	TA
1	28082569	373	GA
1	28082720	151	CT
1	28083560	589	CG
1	28084161	601	AG
1	28084657	496	AG
1	28084886	229	CT
1	28085300	370	CT
1	28085400	100	TG
1	28085645	214	CT
1	28085781	136	CG
1	28085946	165	GA
1	28086120	174	GA
1	28086132	12	GT
1	28086145	13	TC
1	28089890	3214	AG
1	28096954	7018	CG
1	28097028	74	GA
1	28103501	4758	CT
1	28108353	2609	CT
1	28109976	1541	AG
1	28115026	4513	AG
1	28115968	942	TG
1	28116307	320	TG
1	28116329	22	GA
1	28117206	730	GA
1	28119743	2108	AG
1	28119751	8	GA
1	28119832	81	TC
1	28120471	205	GA
1	28122192	1247	AT
1	28122655	149	GA
1	28123736	1081	AC
1	28125058	776	GA
1	28126243	1103	GA
1	28134824	6864	AG
1	28136441	1617	AG
1	28139401	2736	CT
1	28139489	88	AG
1	28140295	806	GA
1	28140413	118	AG
1	28140816	403	AG
1	28141238	422	CA
1	28141875	637	CT
1	28142134	259	CT
1	28146192	4017	AG
1	28146481	289	AG
1	28152923	5674	GA
1	28153240	317	AG
1	28157551	3665	GA
1	28158848	1113	GA
1	28158859	11	CT
1	28158962	103	CT
1	28161392	1828	TC
1	28161776	359	TC
1	28161903	127	GA
1	28162128	225	AT
1	28162492	364	CA
1	28165111	2140	CT
1	28167461	2195	GT
1	28172220	4475	TC
1	28173058	277	TC
1	28173870	812	CT
1	28175935	1762	CA
1	28176138	203	AT
1	28176286	148	AG
1	28176712	258	CT
1	28177791	1079	TC
1	28180527	2694	AG
1	28181213	617	GA
1	28181538	325	GT
1	28183263	1230	CT
1	28183623	322	GA
1	28184834	858	AG
1	28184869	35	AG
1	28184986	117	TA
1	28185250	264	CT
1	28185384	134	GA
1	28185399	15	GA
1	28185475	76	CT
1	28185523	48	CT
1	28185833	310	GA
1	28186334	501	AG
1	28186603	269	AG
1	28192543	5846	TC
1	28193356	501	GA
1	28193387	31	AC
1	28203176	5905	CT
1	28203722	546	AG
1	28204375	653	AG
1	28207290	664	GA
1	28208209	693	CG
1	28209447	909	GA
1	28209646	62	GA
1	28210928	790	AG
1	28211052	124	AC
1	28211067	15	TC
1	28211492	115	CT
1	28213427	569	TC
1	28214026	528	CA
1	28214090	64	TC
1	28214136	46	CT
1	28214909	565	TC
1	28215574	212	TC
1	28215623	49	AG
1	28217269	1253	CT
1	28218700	1391	GA
1	28218958	258	GA
1	28219090	132	GA
1	28219544	306	TC
1	28221637	1979	TG
1	28222281	644	TG
1	28222293	12	TC
1	28225516	2869	TC
1	28225703	187	CG
1	28226308	255	AG
1	28226379	71	CT
1	28226554	175	GA
1	28227405	851	GC
1	28227650	214	AG
1	28228656	961	CT
1	28228927	237	CG
1	28229034	107	TC
1	28229072	38	GA
1	28229253	181	GC
1	28229454	201	TG
1	28229599	145	TC
1	28229857	258	CG
1	28229947	90	AC
1	28230551	604	TG
1	28231138	587	TC
1	28232235	892	AC
1	28232763	528	TC
1	28232966	203	AG
1	28233525	535	AG
1	28234603	839	TC
1	28234754	151	GA
1	28234755	1	CT
1	28234788	33	TC
1	28234934	146	GC
1	28235020	86	CG
1	28235060	40	CT
1	28235099	39	TC
1	28235544	445	GA
1	28235545	1	GT
1	28235766	221	AG
1	28237125	994	TC
1	28237291	166	AC
1	28237362	71	GA
1	28237938	179	AG
1	28238250	312	TC
1	28238266	16	AG
1	28239020	709	AG
1	28239104	84	TC
1	28239139	35	GC
1	28240895	1091	CT
1	28241579	684	TC
1	28242004	425	CG
1	28242256	252	TC
1	28242360	104	TC
1	28242476	116	CT
1	28242512	36	TC
1	28242515	3	CT
1	28243573	777	AG
1	28243863	290	CG
1	28244351	488	GA
1	28244436	85	CT
1	28245089	616	TC
1	28245103	14	GA
1	28245882	779	TC
1	28246593	711	CG
1	28246595	2	TC
1	28247550	955	GA
1	28248488	815	CT
1	28248612	124	TC
1	28249049	437	GA
1	28249248	199	TC
1	28249595	347	CT
1	28250185	590	GA
1	28250261	76	AG
1	28250772	511	CT
1	28250878	106	AG
1	28250920	42	TC
1	28251356	436	TG
1	28251889	533	CG
1	28252026	137	CT
1	28252027	1	GC
1	28252061	34	TG
1	28252062	1	GT
1	28252172	50	AG
1	28252241	69	CT
1	28252331	49	GC
1	28252338	7	TC
1	28252592	254	AG
1	28252761	169	CT
1	28253726	878	CG
1	28254341	615	AG
1	28254378	37	TC
1	28254412	34	TC
1	28254449	37	GA
1	28256786	608	TG
1	28256881	95	CT
1	28257125	244	CT
1	28257908	321	CA
1	28259933	1841	CT
1	28259990	57	AG
1	28261283	1237	TC
1	28261366	83	CT
1	28261511	145	TC
1	28261828	317	CT
1	28261899	71	GA
1	28262132	233	GA
1	28262219	87	TC
1	28262384	165	AG
1	28262592	208	TC
1	28262792	176	GC
1	28262967	175	TC
1	28263128	161	GC
1	28263617	489	TG
1	28263801	184	AC
1	28263821	20	AG
1	28263827	6	CT
1	28264040	213	AG
1	28264276	236	TC
1	28264534	258	GA
1	28264729	195	TC
1	28264840	111	GC
1	28264904	64	CT
1	28266245	1312	GA
1	28266269	24	TC
1	28266573	304	CT
1	28267818	1174	TC
1	28267883	65	TC
1	28268018	135	GA
1	28268214	196	TA
1	28268465	251	GA
1	28268577	112	AG
1	28268601	24	GA
1	28268781	180	TC
1	28269707	883	AG
1	28270005	298	CT
1	28270454	449	TC
1	28270723	269	CT
1	28270763	40	CT
1	28270956	193	TG
1	28271001	45	CT
1	28271049	48	CA
1	28272960	797	CT
1	28273988	684	CT
1	28275978	1990	AC
1	28276217	239	TG
1	28281132	4073	AC
1	28283406	1983	CT
1	28283948	542	AG
1	28285737	1267	CT
1	28286476	739	CT
1	28288181	1566	GA
1	28289405	383	CT
1	28289631	226	TC
1	28289747	116	TC
1	28289869	122	GA
1	28289962	93	GC
1	28290080	118	CT
1	28290081	1	CT
1	28290108	27	TC
1	28290137	29	GA
1	28290143	6	TC
1	28290152	9	CT
1	28290217	65	TC
1	28291282	743	TC
1	28291977	243	AG
1	28292023	46	AT
1	28292377	354	AG
1	28292765	362	GC
1	28292923	120	AC
1	28292927	4	TG
1	28293020	93	CG
1	28294028	660	CT
1	28294036	8	TC
1	28294548	483	CT
1	28294815	267	CT
1	28294817	2	TC
1	28295802	947	TG
1	28296213	411	GT
1	28296242	29	AG
1	28296421	179	CT
1	28300824	3780	CT
1	28301176	352	CT
1	28301864	688	AG
1	28302019	155	CT
1	28303236	1217	CT
1	28304506	1182	AG
1	28304633	127	GA
1	28305288	554	CT
1	28305303	15	TC
1	28305675	372	TC
1	28305951	276	TG
1	28307076	474	TG
1	28307977	754	CT
1	28308623	646	CT
1	28308756	133	CT
1	28311050	225	AG
1	28312540	1490	TA
1	28316742	1778	GA
1	28317920	348	CT
1	28321011	2485	AG
1	28322022	955	GA
1	28322164	142	GA
1	28324093	1684	GC
1	28324278	185	TC
1	28326103	1037	AG
1	28326193	90	GC
1	28331918	2245	TC
1	28332102	184	CT
1	28332104	2	AG
1	28332356	252	CT
1	28333242	647	AG
1	28333384	142	GA
1	28333476	92	GA
1	28333632	156	AG
1	28333704	72	CT
1	28333707	3	TC
1	28334849	733	CA
1	28336467	1033	CT
1	28346849	5363	AC
1	28347537	688	CT
1	28353848	4298	CT
1	28355754	1406	CA
1	28361584	4179	AG
1	28370570	8565	CA
1	28372667	2052	GC
1	28375503	2346	CT
1	28375747	217	GA
1	28376634	860	CT
1	28380823	2725	CA
1	28382065	1242	CT
1	28382980	915	TA
1	28383970	990	TA
1	28384589	619	TG
1	28384701	112	CA
1	28385067	366	AC
1	28385921	854	AT
1	28385938	17	CT
1	28387523	1506	AT
1	28387625	102	GC
1	28387726	101	TC
1	28388044	318	CT
1	28389891	1666	CT
1	28390051	160	AG
1	28390074	23	AC
1	28390232	158	CG
1	28392319	2033	CA
1	28392672	353	AG
1	28393199	527	CT
1	28394156	957	GA
1	28394183	27	CT
1	28394283	100	CT
1	28394288	5	GA
1	28394634	346	CT
1	28395885	585	GA
1	28396776	891	TA
1	28396805	29	TC
1	28397893	745	TC
1	28398170	277	GC
1	28401324	2660	GC
1	28401732	408	AG
1	28401839	107	TC
1	28402823	743	GA
1	28403055	232	GA
1	28403060	5	TC
1	28403298	238	GA
1	28406242	2740	GA
1	28406742	500	GA
1	28407416	220	GA
1	28408552	1032	GC
1	28408799	247	CT
1	28412279	1498	GC
1	28418845	3013	TC
1	28419562	717	AC
1	28422131	937	AG
1	28425533	2263	TC
1	28427045	1512	GA
1	28427215	79	TC
1	28427276	61	AC
1	28427365	89	TC
1	28427372	7	TC
1	28427519	147	CT
1	28427636	117	CT
1	28428861	1006	GA
1	28428862	1	GC
1	28428952	90	GA
1	28430759	870	GC
1	28430865	106	GA
1	28430926	61	AC
1	28431894	821	TC
1	28431979	85	GC
1	28432819	840	CT
1	28433354	376	CT
1	28433714	360	CT
1	28437246	3109	AG
1	28438261	1015	AG
1	28438509	248	CT
1	28439117	465	CT
1	28439119	2	AG
1	28440103	230	GA
1	28440285	182	CA
1	28440634	349	AG
1	28441715	1081	AG
1	28441824	109	TC
1	28442456	390	GT
1	28443148	615	TC
1	28443407	259	AG
1	28443504	97	TC
1	28443661	157	TC
1	28443691	30	CT
1	28443723	32	CT
1	28443924	201	CT
1	28443978	54	TC
1	28444139	161	TC
1	28444360	221	CT
1	28444444	84	TC
1	28444618	174	CT
1	28444636	18	TC
1	28444912	276	AT
1	28445067	155	TC
1	28445254	107	GC
1	28445270	16	TC
1	28445451	181	AG
1	28445462	11	TC
1	28446162	484	TC
1	28446319	157	CT
1	28446586	267	GA
1	28446663	77	GA
1	28446717	54	GA
1	28447027	310	TC
1	28447241	214	AG
1	28447394	153	CT
1	28447605	211	TA
1	28447738	133	TG
1	28447973	153	TC
1	28448016	43	CT
1	28448107	91	CT
1	28448507	400	GT
1	28449151	119	GA
1	28449177	26	TG
1	28449291	114	CG
1	28449749	458	AG
1	28449767	18	TC
1	28450377	303	CT
1	28450527	150	CT
1	28450541	14	CA
1	28450586	45	GC
1	28450647	61	CT
1	28450976	329	AG
1	28454150	3174	GC
1	28461310	2847	GA
1	28462113	803	TA
1	28467633	1380	TC
1	28473282	4810	CG
1	28473925	328	CA
1	28473949	24	TG
1	28474073	124	CG
1	28474758	320	AG
1	28476277	691	GA
1	28477154	650	GT
1	28477231	77	GA
1	28482643	1519	AT
1	28483132	452	GT
1	28483260	128	GC
1	28483553	293	CT
1	28485857	1743	TC
1	28486247	390	TC
1	28486817	570	CG
1	28487242	425	CG
1	28487273	31	TG
1	28487311	38	GC
1	28488158	835	CT
1	28489133	919	TC
1	28489258	125	AG
1	28489495	237	GA
1	28489634	139	AG
1	28490904	1270	GA
1	28491566	662	GA
1	28491661	95	GC
1	28492376	680	AG
1	28492601	225	AG
1	28493003	402	GA
1	28493557	554	CT
1	28493934	377	CG
1	28493971	37	TC
1	28494604	633	TC
1	28494707	103	TC
1	28494753	46	TC
1	28494769	16	TC
1	28495125	356	CT
1	28496345	608	CT
1	28496815	470	TC
1	28497178	58	AG
1	28497208	30	TC
1	28498827	1351	TA
1	28498965	102	GA
1	28499253	288	AT
1	28499706	453	AG
1	28499802	96	AG
1	28499818	16	GA
1	28499861	43	AT
1	28499871	10	TC
1	28500051	180	TC
1	28500452	401	AC
1	28500727	236	GA
1	28504276	2733	GT
1	28504967	691	AG
1	28505501	492	CT
1	28506081	270	GA
1	28507242	696	AG
1	28510930	2196	TC
1	28511125	86	TC
1	28511506	381	AG
1	28511549	43	TC
1	28513633	776	GC
1	28514800	700	TG
1	28514860	60	GC
1	28516317	1267	GT
1	28516389	72	AG
1	28518075	1153	AG
1	28519040	605	TC
1	28521364	1254	GC
1	28521559	195	TC
1	28521797	238	AG
1	28522011	41	GA
1	28522037	26	CT
1	28522726	444	CT
1	28522966	240	CG
1	28524135	543	CG
1	28524137	2	TC
1	28524170	33	TC
1	28525238	111	TC
1	28525243	5	GA
1	28525618	143	TC
1	28527133	916	TC
1	28529247	2012	TG
1	28529756	509	CT
1	28530170	375	GA
1	28533311	2364	GA
1	28533978	667	CT
1	28534818	663	CT
1	28537143	2097	GA
1	28541734	2265	AT
1	28542974	1240	GT
1	28548620	4942	AG
1	28549065	402	CT
1	28549707	523	CT
1	28550703	652	CT
1	28550731	28	CA
1	28550754	23	CT
1	28551318	564	TC
1	28553281	1690	AG
1	28553825	544	TC
1	28554157	332	TA
1	28555083	860	AG
1	28555306	223	GA
1	28555513	207	TC
1	28558968	3067	AG
1	28561564	2178	AC
1	28562433	869	TC
1	28562876	443	GT
1	28562963	87	TG
1	28601289	30676	AG
1	28668014	55913	TG
1	28668103	89	CT
1	28668365	236	GC
1	28669347	861	GT
1	28670291	780	GA
1	28671069	732	AG
1	28671073	4	TC
1	28671562	489	AG
1	28671649	87	AC
1	28671742	93	CA
1	28671919	177	AT
1	28671965	46	AC
1	28672091	80	CT
1	28672447	159	TG
1	28672456	9	CT
1	28672858	402	AG
1	28673188	330	CT
1	28673221	33	GC
1	28673234	13	CA
1	28673333	99	GT
1	28673432	99	AG
1	28673473	41	GA
1	28673643	170	AG
1	28673657	14	GA
1	28673817	160	TG
1	28673877	60	GA
1	28673909	32	GA
1	28674788	879	AG
1	28675766	945	TC
1	28676001	235	AG
1	28676164	163	CT
1	28676275	111	AG
1	28676281	6	CT
1	28676606	325	CT
1	28677501	895	GA
1	28677686	185	AG
1	28678221	535	CT
1	28682282	2406	CG
1	28683782	1145	CT
1	28685286	1430	GT
1	28686072	786	CT
1	28686538	466	AG
1	28689164	2451	CT
1	28689325	161	TC
1	28690555	1125	GT
1	28691060	505	AG
1	28691365	305	CT
1	28691393	28	TC
1	28691638	245	GA
1	28691734	96	AG
1	28691758	24	AG
1	28691839	81	CT
1	28691914	75	TC
1	28692578	664	GT
1	28692678	100	CT
1	28695381	2577	AG
1	28697900	2407	CT
1	28697943	43	GT
1	28708831	9433	GT
1	28710188	1077	GA
1	28710530	342	AG
1	28710531	1	AT
1	28710870	339	CT
1	28711469	599	GT
1	28711525	56	GA
1	28711679	154	TG
1	28711681	2	CG
1	28711947	266	CG
1	28712726	677	TC
1	28712743	17	CT
1	28712940	127	TC
1	28713406	466	TC
1	28713650	244	CT
1	28713849	199	GT
1	28713851	2	GT
1	28716088	1466	TC
1	28717360	1139	CT
1	28717372	12	TC
1	28717558	186	CA
1	28719485	1890	AT
1	28719971	486	CA
1	28722849	2592	TC
1	28724680	955	CT
1	28726667	1306	TC
1	28727151	460	TC
1	28729135	1984	CT
1	28729928	713	CT
1	28730560	632	TC
1	28730608	48	TC
1	28730956	348	GA
1	28731172	216	AG
1	28732405	775	CT
1	28732862	457	TC
1	28732902	40	GA
1	28733183	281	GA
1	28734732	1168	AG
1	28734794	62	CT
1	28734841	47	GA
1	28735019	178	GC
1	28736238	1219	TC
1	28736535	297	CT
1	28736650	115	AG
1	28737326	509	TC
1	28737348	22	AT
1	28742154	2581	AG
1	28743335	1145	CA
1	28743376	41	CT
1	28743840	53	TA
1	28745646	1568	GA
1	28746215	569	TC
1	28748326	1593	TC
1	28748554	228	GA
1	28749077	523	AC
1	28751442	1808	CT
1	28751786	344	TC
1	28751818	32	TA
1	28752057	239	CT
1	28752150	93	AC
1	28752995	495	GC
1	28753943	617	GT
1	28754021	78	CG
1	28754489	468	TC
1	28754498	9	GA
1	28754604	106	AG
1	28755010	386	AG
1	28755035	25	AC
1	28755546	238	GA
1	28755937	391	GA
1	28758006	1214	AG
1	28758325	319	GC
1	28758485	160	CA
1	28758522	37	GA
1	28759152	576	GT
1	28759677	369	TC
1	28759709	32	GA
1	28759895	186	GA
1	28760257	297	TC
1	28760409	152	AG
1	28760510	101	AG
1	28761052	266	GA
1	28761190	138	TC
1	28761980	276	CA
1	28762218	238	GC
1	28762843	375	AC
1	28762922	79	AG
1	28770761	5159	CT
1	28771531	770	CG
1	28772631	574	AG
1	28773049	143	GA
1	28773056	7	GA
1	28773127	71	CG
1	28773766	639	GA
1	28774639	873	TC
1	28775564	925	TC
1	28775811	247	CT
1	28775854	43	CT
1	28776081	227	AT
1	28776702	621	AC
1	28777595	893	TC
1	28778518	923	GC
1	28778632	114	CT
1	28778678	46	CA
1	28778934	256	TC
1	28782876	1604	CT
1	28782993	117	CT
1	28783005	12	TG
1	28783744	739	GA
1	28783752	8	TC
1	28783762	10	AC
1	28783985	223	CG
1	28784503	518	TG
1	28785068	285	CT
1	28785446	378	AG
1	28786142	583	TG
1	28786495	353	GA
1	28788267	1213	AG
1	28788284	17	GA
1	28790190	1320	TC
1	28790661	471	GA
1	28790711	50	AT
1	28790757	46	AG
1	28790797	40	GA
1	28793024	2227	CT
1	28802058	7189	TC
1	28802161	103	GC
1	28804999	1089	GA
1	28806466	1278	GT
1	28807122	187	TC
1	28807138	16	AT
1	28808350	978	CT
1	28809107	554	AG
1	28809126	19	TC
1	28809833	211	CA
1	28809979	146	TC
1	28811093	383	AG
1	28811449	356	AG
1	28812854	542	AG
1	28813064	210	CT
1	28813207	143	TC
1	28813268	61	TA
1	28813342	74	CA
1	28813814	472	GA
1	28813816	2	TG
1	28815015	387	TC
1	28815369	354	AT
1	28815570	201	CG
1	28816225	318	CT
1	28816281	56	GA
1	28816556	275	CT
1	28817802	624	TC
1	28818244	400	TC
1	28818386	142	AG
1	28819382	751	CT
1	28827940	4083	TG
1	28829879	440	GA
1	28831194	376	AG
1	28835529	1703	AG
1	28838014	1810	GA
1	28845186	6249	TG
1	28852391	5113	CT
1	28857547	2291	GA
1	28858157	335	CT
1	28862777	2984	CT
1	28864182	1265	GA
1	28864892	323	AG
1	28866961	1363	GA
1	28867580	619	CT
1	28867866	286	TC
1	28872783	2988	CT
1	28874704	895	AG
1	28874882	178	TG
1	28875830	595	CA
1	28877291	1331	CT
1	28877425	134	GA
1	28877520	95	TC
1	28877532	12	GA
1	28877551	19	TC
1	28877847	296	TC
1	28878197	187	GA
1	28878821	560	GA
1	28879087	266	AG
1	28880105	862	GA
1	28881186	860	GA
1	28881419	233	CT
1	28881527	108	TC
1	28881570	43	GA
1	28882153	471	CT
1	28882243	90	CA
1	28882913	615	CT
1	28882969	56	GC
1	28883700	731	AC
1	28883742	42	GA
1	28884079	337	TC
1	28885064	508	GT
1	28885070	6	CT
1	28885117	47	GA
1	28885559	359	CG
1	28886088	358	CG
1	28886874	342	TC
1	28886878	4	CA
1	28887090	212	GA
1	28887102	12	GA
1	28887491	338	CT
1	28887506	15	CT
1	28887519	13	GT
1	28887555	36	TC
1	28887601	46	TG
1	28888002	365	CG
1	28888184	182	CG
1	28888388	204	AG
1	28888481	93	TC
1	28888491	10	AG
1	28888508	17	AC
1	28888886	247	GA
1	28888917	31	CG
1	28889375	83	GC
1	28889376	1	GC
1	28889546	50	TC
1	28889547	1	GA
1	28889722	175	TG
1	28889826	104	CT
1	28889832	6	CT
1	28889935	103	AG
1	28891574	613	GA
1	28891671	97	GA
1	28892004	333	GC
1	28892058	54	AC
1	28892161	60	AG
1	28892164	3	CG
1	28892258	94	AC
1	28892276	18	TC
1	28893527	145	TC
1	28893546	19	AC
1	28894017	471	CT
1	28894190	173	CT
1	28894308	118	AG
1	28894641	333	CT
1	28894948	307	AG
1	28895107	159	GC
1	28895190	83	GC
1	28896092	362	GT
1	28896144	52	GC
1	28900740	3719	AC
1	28902024	555	AG
1	28906156	3082	TC
1	28906235	79	TC
1	28908762	1318	GA
1	28918045	6426	AG
1	28920508	1399	TC
1	28920544	36	GA
1	28922932	1838	GA
1	28923071	139	CG
1	28923755	269	CT
1	28923939	184	GA
1	28923979	40	GT
1	28924452	153	TA
1	28925277	797	AG
1	28925381	104	TC
1	28925964	583	CT
1	28926284	320	CT
1	28926433	149	AG
1	28926880	447	TA
1	28927390	510	AG
1	28929766	1946	AG
1	28930766	825	AG
1	28934225	2998	TA
1	28934304	79	CT
1	28934382	78	AG
1	28941251	4280	GC
1	28946467	3882	CT
1	28948894	2381	CA
1	28949224	185	AT
1	28957736	5321	TC
1	28958403	546	AG
1	28960774	1920	GA
1	28963567	2498	AG
1	28966941	2035	CT
1	28968435	929	GA
1	28968942	380	TC
1	28969144	202	TC
1	28969226	82	GA
1	28969399	173	TC
1	28969564	165	GA
1	28969649	85	AG
1	28973006	1877	AC
1	28976015	2485	AG
1	28978274	1636	GA
1	28979106	832	TC
1	28983337	3352	GA
1	28983561	71	AG
1	28984259	698	CT
1	28985612	244	TC
1	28986479	833	TG
1	28987336	304	AC
1	28988635	663	AG
1	28988960	264	CT
1	28989608	453	CG
1	28989682	74	CT
1	28989763	81	AT
1	28989843	80	CG
1	28990158	315	GA
1	28990720	304	GA
1	28990838	118	GA
1	28991037	199	TC
1	28991413	376	GA
1	28991492	79	AC
1	28991560	68	AT
1	28991673	113	GT
1	28991774	32	AG
1	28991860	86	GA
1	28991862	2	GC
1	28991893	31	AG
1	28993695	1742	AG
1	28994010	315	TG
1	28995210	1014	CT
1	28995261	51	CT
1	28995349	88	CT
1	28995383	34	CG
1	28995393	10	GA
1	28995678	285	CT
1	28995838	160	AG
1	28995938	100	CT
1	28996393	366	TC
1	28996492	99	AG
1	28997015	162	TC
1	28997102	87	GC
1	28997259	157	AG
1	28997587	194	GC
1	28997651	64	AG
1	28997995	344	GA
1	28998042	47	AG
1	28998147	105	GA
1	28998160	13	AG
1	28998210	50	TC
1	28998231	21	TC
1	28998248	17	GA
1	28998495	247	CT
1	28999282	708	CT
1	28999749	437	AG
1	28999751	2	GA
1	29000070	319	CT
1	29000168	98	GA
1	29001097	887	GA
1	29001392	295	CT
1	29002648	1256	TC
1	29003174	342	AG
1	29003602	428	CT
1	29004215	525	AG
1	29004734	323	CA
1	29005035	99	TC
1	29005293	230	CT
1	29005656	363	GA
1	29005665	9	AG
1	29005986	321	AG
1	29007276	255	GA
1	29007325	49	CT
1	29008091	747	TG
1	29008096	5	TC
1	29008101	5	GA
1	29008144	43	GA
1	29008483	339	AT
1	29009012	529	GA
1	29009051	39	CG
1	29009172	121	TC
1	29009539	367	AG
1	29009554	15	AG
1	29011557	1726	AC
1	29012236	574	GA
1	29012325	89	GT
1	29013410	1085	CT
1	29013720	242	CG
1	29014564	844	CT
1	29014836	272	CT
1	29015077	241	GA
1	29015369	63	AG
1	29015556	187	CG
1	29015719	163	AG
1	29015740	21	CT
1	29015903	163	CT
1	29016043	140	TA
1	29016217	174	GT
1	29018905	1986	GA
1	29021691	2042	CG
1	29024972	2951	AG
1	29028203	2707	GA
1	29029511	1189	GT
1	29029819	308	CT
1	29029831	12	GA
1	29034802	4295	GA
1	29036839	1968	GC
1	29040868	3944	GA
1	29041508	640	GA
1	29043025	917	CT
1	29043060	35	GA
1	29043343	283	CT
1	29043367	24	AG
1	29043389	22	TC
1	29043559	170	CT
1	29043590	31	GA
1	29043825	85	CG
1	29044269	102	CT
1	29044466	98	CA
1	29044471	5	CA
1	29044871	400	GT
1	29045300	316	GA
1	29045502	202	TC
1	29045665	163	AG
1	29045677	12	CA
1	29045988	311	CT
1	29046795	807	CT
1	29046862	67	TC
1	29047659	797	AT
1	29047703	44	CT
1	29047722	19	AG
1	29048237	515	TC
1	29048590	353	CT
1	29048958	368	GA
1	29050519	1167	AT
1	29051064	339	TC
1	29051104	40	AG
1	29051129	25	GC
1	29051203	74	AC
1	29052115	635	CT
1	29052206	91	TC
1	29052212	6	TG
1	29052262	50	CT
1	29052309	47	AT
1	29053356	1008	AC
1	29053502	146	CG
1	29053567	65	CG
1	29054702	687	CT
1	29054878	176	GA
1	29054928	50	CT
1	29055020	92	CT
1	29055032	12	AG
1	29055129	97	GT
1	29055474	345	GA
1	29056292	496	AG
1	29056301	9	CA
1	29058636	1099	CT
1	29059452	438	AG
1	29060093	461	AG
1	29060243	150	TG
1	29062258	1953	CT
1	29065274	1989	CT
1	29066665	763	GC
1	29068459	479	AG
1	29068461	2	CT
1	29070236	846	CG
1	29070796	54	CT
1	29072891	342	AG
1	29072994	103	CT
1	29073710	353	GA
1	29074768	354	CT
1	29075041	273	CT
1	29076099	639	CT
1	29077159	650	CT
1	29077704	545	GA
1	29081104	3308	TC
1	29081227	123	GC
1	29081230	3	GA
1	29082456	1226	TC
1	29083938	1343	AC
1	29084089	151	AG
1	29086904	2435	AG
1	29087802	898	TC
1	29089060	1258	AT
1	29090465	1259	CG
1	29094928	1868	GA
1	29094956	28	GA
1	29096846	1741	CT
1	29097775	752	AG
1	29097806	31	AC
1	29097909	103	CT
1	29098260	351	AG
1	29098733	364	GT
1	29100638	1677	CA
1	29103611	2359	AG
1	29104731	438	AG
1	29106079	1098	GA
1	29109062	1472	AC
1	29109083	21	GT
1	29109534	451	AC
1	29110381	816	GA
1	29112724	1708	AG
1	29113430	311	CT
1	29113539	109	AG
1	29114364	825	GA
1	29114559	195	GC
1	29114617	58	GA
1	29115978	1199	AG
1	29116085	107	AG
1	29118680	1540	TC
1	29119608	595	AG
1	29120751	853	CT
1	29121741	801	TG
1	29125388	2344	GA
1	29126519	895	GA
1	29131684	4170	TC
1	29133797	1819	GA
1	29134850	928	GA
1	29135613	763	CG
1	29137675	1890	CT
1	29138923	1163	TC
1	29139317	394	GC
1	29139529	212	TG
1	29140649	807	AG
1	29140701	52	CT
1	29141371	670	GA
1	29144781	3123	TC
1	29146593	1587	GA
1	29147663	1070	AG
1	29148359	662	CT
1	29148877	487	CT
1	29148931	54	CA
1	29148974	43	GA
1	29149008	34	GC
1	29149009	1	CT
1	29149015	6	AG
1	29149039	24	CG
1	29149642	567	AG
1	29149818	176	CT
1	29149880	62	AG
1	29149911	31	AG
1	29149955	44	GC
1	29150217	262	GC
1	29150272	55	AG
1	29150604	332	TC
1	29151211	607	AG
1	29151398	187	AG
1	29151451	53	CT
1	29151533	82	GT
1	29151667	134	GA
1	29151701	34	GC
1	29151707	6	TC
1	29151775	68	GA
1	29152131	356	TC
1	29152186	55	GA
1	29152195	9	TC
1	29152794	503	GA
1	29152970	108	CT
1	29153557	495	TC
1	29153852	295	AG
1	29153951	67	AG
1	29154053	102	GA
1	29154073	20	TC
1	29154099	26	AG
1	29154116	17	TC
1	29154125	9	AG
1	29154196	71	TC
1	29154540	344	CT
1	29155152	216	CT
1	29155543	391	GA
1	29155556	13	AT
1	29155802	246	CG
1	29155841	39	AG
1	29156199	358	CT
1	29157242	1043	CG
1	29160035	2376	TC
1	29163272	2748	TC
1	29163423	151	CT
1	29168261	4568	CT
1	29168605	344	GA
1	29171780	2867	GT
1	29171888	108	GA
1	29172512	624	CT
1	29174268	1756	TC
1	29174314	46	CG
1	29174770	456	GT
1	29176239	1469	AG
1	29176361	122	GT
1	29176800	439	GA
1	29178335	1411	CT
1	29178379	44	GA
1	29181413	2895	GA
1	29181466	53	GC
1	29182066	600	CG
1	29182593	527	CT
1	29183439	846	CT
1	29191020	7015	TC
1	29205344	8388	AG
1	29208104	2531	CT
1	29208491	140	TC
1	29212520	3136	CT
1	29213696	1176	TC
1	29215944	1417	CT
1	29220196	1551	GA
1	29226574	4980	GA
1	29227347	773	CT
1	29234223	4451	TC
1	29235588	1102	GA
1	29235916	328	CT
1	29239468	2760	TC
1	29241563	1503	GA
1	29241994	431	CA
1	29243670	1014	AG
1	29247945	2936	CT
1	29248125	180	CA
1	29250791	1310	TC
1	29251270	161	AC
1	29253071	1355	CT
1	29254294	451	CT
1	29254624	145	TC
1	29254847	223	CT
1	29257039	2129	CT
1	29257355	316	TC
1	29259012	860	GA
1	29259426	414	AC
1	29260867	838	GA
1	29261185	318	CT
1	29261559	374	AG
1	29263336	1035	GA
1	29264873	1354	TC
1	29266458	1090	TC
1	29267951	1218	AG
1	29268488	537	TA
1	29268573	85	CT
1	29269332	759	CT
1	29273771	2437	AT
1	29274637	424	TC
1	29276152	1515	TC
1	29279721	3178	CA
1	29281697	1695	TC
1	29287311	4525	AG
1	29288154	642	AG
1	29290365	1129	GA
1	29290446	81	GA
1	29299298	5661	GA
1	29300385	848	CT
1	29300785	400	AG
1	29303957	2347	AC
1	29306288	2041	GA
1	29312587	3634	GT
1	29312806	219	CT
1	29312972	166	GA
1	29314422	1042	GA
1	29314889	467	GA
1	29315078	189	GA
1	29315106	28	AG
1	29315260	154	TC
1	29315284	24	CT
1	29315594	68	TC
1	29315991	397	AG
1	29316006	15	GA
1	29317195	1189	TA
1	29318527	1132	GA
1	29320232	1652	TC
1	29322541	2272	GA
1	29323982	1441	GT
1	29327132	2747	CT
1	29329310	1741	AG
1	29330410	743	AG
1	29332317	1593	TC
1	29337796	1834	CT
1	29340425	1876	TC
1	29340828	403	GA
1	29342620	1036	AG
1	29344420	977	CT
1	29345321	625	GA
1	29348289	2248	AG
1	29348541	170	TC
1	29348724	183	GA
1	29351891	2377	GA
1	29355303	3250	GC
1	29360874	2200	AG
1	30001864	1864	AG
1	30005986	3544	CT
1	30006350	364	TC
1	30009493	2594	CT
1	30010332	607	CT
1	30010768	436	GC
1	30013579	2666	TC
1	30015209	1242	TC
1	30016176	843	GA
1	30016187	11	TC
1	30016527	340	TC
1	30016540	13	AG
1	30016621	81	GA
1	30016646	25	GA
1	30016683	37	CT
1	30016864	181	GA
1	30016877	13	AC
1	30017234	357	TA
1	30017448	214	GA
1	30017470	22	AG
1	30017556	86	TC
1	30017826	270	GT
1	30018127	301	AC
1	30018216	89	CT
1	30019245	771	TC
1	30019256	11	TC
1	30019277	21	GA
1	30019769	51	GA
1	30019811	42	AG
1	30019909	98	GA
1	30019970	61	GA
1	30020197	227	AG
1	30020233	36	CT
1	30020391	158	TC
1	30020737	267	GA
1	30020803	66	GA
1	30020957	154	TG
1	30021675	718	GA
1	30021727	52	CT
1	30022217	490	TC
1	30022475	258	AG
1	30023877	1138	CT
1	30024624	715	TC
1	30025699	708	CT
1	30025783	84	CT
1	30026083	300	AG
1	30026560	477	TC
1	30027477	455	AG
1	30027688	211	CT
1	30028012	324	CT
1	30028146	134	AG
1	30029327	756	GA
1	30029386	59	AG
1	30029438	52	TC
1	30029600	162	AT
1	30029714	114	GA
1	30030012	298	GA
1	30030107	95	AG
1	30030114	7	AG
1	30030149	35	CT
1	30030774	625	CT
1	30030777	3	AT
1	30037606	4923	AT
1	30048170	10088	CA
1	30052428	4239	CA
1	30052694	266	CG
1	30054500	1337	CT
1	30055759	613	CG
1	30058685	1459	AG
1	30060247	1489	CT
1	30060328	81	AG
1	30060351	23	AG
1	30060369	18	CT
1	30061115	746	CT
1	30062610	984	TC
1	30063010	330	CG
1	30063026	16	GA
1	30063027	1	TC
1	30063048	21	CT
1	30065339	2109	CT
1	30065527	188	TC
1	30065628	101	CT
1	30068349	2561	AG
1	30070152	1450	CT
1	30070428	276	TC
1	30070615	187	AG
1	30123681	44126	TG
1	30125603	1833	AT
1	30144177	15840	CT
1	30149969	5317	GT
1	30160093	8765	AG
1	30174336	12209	CT
1	30180060	5215	GA
1	30180219	159	CT
1	30181186	967	GA
1	30193543	9293	AG
1	30197038	3414	AG
1	30197086	48	AG
1	30197545	459	CT
1	30198266	182	CT
1	30200189	1870	AG
1	30218599	15829	GC
1	30219022	372	AG
1	30220462	1344	TC
1	30221830	1368	AG
1	30222070	240	CT
1	30222337	88	AG
1	30222727	390	CA
1	30228798	5641	GA
1	30229206	302	GA
1	30230462	900	AC
1	32291426	1448563	AG
1	34441440	1397198	TC
1	34442769	1032	GA
1	34443133	364	CT
1	34443197	64	AG
1	34443199	2	AG
1	34443389	83	AG
1	34443392	3	AG
1	34443437	45	CA
1	34443440	3	GA
1	34443460	20	GT
1	34444410	911	GC
1	34449403	3837	CT
1	34449439	36	AT
1	34449596	157	TC
1	34450699	333	AG
1	34451133	434	AG
1	34453042	912	GC
1	34453120	78	AG
1	34453491	271	TC
1	34453902	411	GA
1	34454099	197	GA
1	34454202	103	AT
1	34454259	57	CG
1	34455200	345	TC
1	34455274	74	TC
1	34456401	226	TC
1	34456522	121	TC
1	34456648	126	AG
1	34456800	152	CG
1	34457576	776	TA
1	34457613	37	TG
1	34457672	59	TG
1	34457675	3	TC
1	34458510	749	AG
1	34459017	479	GT
1	34459029	12	TC
1	34459033	4	GA
1	34459560	135	CT
1	34459573	13	CA
1	34460046	235	TC
1	34460250	204	GA
1	34460614	246	CT
1	34461323	351	AG
1	34461748	425	GT
1	34462109	118	GA
1	34462583	474	CT
1	34462605	22	GC
1	34463687	1082	AC
1	34466143	234	AG
1	34468853	233	TC
1	34470669	448	TC
1	34470733	27	AG
1	34470793	60	GC
1	34471266	473	AG
1	34471283	17	CT
1	34471307	24	AT
1	34471530	223	AT
1	34471701	171	AC
1	34471992	291	GA
1	34472115	123	TC
1	34472456	341	CA
1	34472940	357	CT
1	34473126	186	TC
1	34473341	215	TC
1	34473800	459	CT
1	34474218	418	AG
1	34474397	126	GA
1	34475293	613	CT
1	34476314	736	GA
1	34476364	50	GA
1	34478104	1309	CA
1	34480330	1618	TA
1	34481156	476	GT
1	34482877	1210	AG
1	34492018	3653	GC
1	34493113	1006	TA
1	34493416	303	GA
1	34495119	1135	CG
1	34497676	1730	TA
1	34499246	1199	CT
1	34499320	74	TC
1	34499353	33	GA
1	34499502	149	CT
1	34499565	63	GA
1	34499704	139	CT
1	34499761	57	GA
1	34500180	419	GA
1	34500227	47	AG
1	34500552	325	GA
1	34500588	36	GA
1	34500594	6	GA
1	34500604	10	GA
1	34500976	372	TC
1	34501055	79	CA
1	34501406	351	TC
1	34501440	34	AC
1	34502361	338	GC
1	34502374	13	CT
1	34502449	75	AG
1	34502900	184	TA
1	34502965	65	AG
1	34503008	43	GA
1	34503672	131	TC
1	34503695	23	CT
1	34503887	153	CA
1	34503890	3	CT
1	34503991	101	CT
1	34504029	38	CT
1	34504065	36	CA
1	34504066	1	AG
1	34504402	289	AC
1	34504432	30	GA
1	34504445	13	CT
1	34505495	969	CT
1	34505782	287	CA
1	34506067	285	GA
1	34507662	1281	AG
1	34508090	105	GA
1	34508173	83	GA
1	34508639	466	AG
1	34508729	90	TC
1	34508740	11	TG
1	34509114	374	TC
1	34509492	97	GA
1	34509595	103	CT
1	34510194	599	CT
1	34510717	523	GT
1	34510841	124	TA
1	34510913	72	GT
1	34511151	238	TC
1	34511609	458	CA
1	34512087	478	TC
1	34512088	1	GA
1	34512192	104	AG
1	34512322	130	AG
1	34512343	21	AG
1	34512368	25	GT
1	34512610	242	TC
1	34513025	415	GA
1	34513804	779	CA
1	34514657	853	GA
1	34515252	595	GA
1	34515947	616	AG
1	34518726	1444	CT
1	34521698	2068	AG
1	34526064	1305	TG
1	34526566	301	AG
1	34526628	62	CG
1	34529695	2726	TC
1	34531479	379	CT
1	34532798	208	GA
1	34533844	1046	CA
1	34535111	1153	CT
1	34535116	5	CG
1	34536968	1144	TC
1	34538561	1289	TC
1	34539946	914	CA
1	34540035	89	CT
1	34557610	14207	CT
1	34664466	80708	GA
1	34664481	15	CT
1	34664608	127	CT
1	34664638	30	CT
1	34665361	556	GA
1	34665465	104	CT
1	34665470	5	GA
1	34665569	99	TC
1	34665988	419	CT
1	34665990	2	AC
1	34666212	222	GA
1	34666360	148	AG
1	34666545	185	TC
1	34666617	72	GA
1	34666671	54	CG
1	34666905	234	CT
1	34667211	146	TC
1	34672973	3469	CT
1	34673262	289	TC
1	34673683	198	GA
1	34673746	63	CT
1	34674571	554	TA
1	34674585	14	TA
1	34677644	2267	AC
1	34677848	204	CT
1	34682435	3478	GC
1	34682689	254	TC
1	34682710	21	TC
1	34682783	73	AG
1	34683042	259	AG
1	34683097	55	GC
1	34683227	130	AG
1	34683256	29	AG
1	34683347	91	CT
1	34683530	183	TC
1	34684964	974	AG
1	34687789	1228	AT
1	34687963	174	AG
1	34689138	475	AG
1	34689613	394	TC
1	34691225	861	AT
1	34692223	289	CT
1	34692411	188	GT
1	34692476	65	CT
1	34692491	15	AG
1	34692703	212	AG
1	34693090	387	AG
1	34693134	44	CT
1	34693137	3	GA
1	34693606	373	CT
1	34693861	255	GA
1	34693906	45	GA
1	34695802	291	TC
1	34696116	275	TC
1	34696236	120	AG
1	34696566	330	CT
1	34696700	134	AG
1	34696711	11	TG
1	34696732	21	GA
1	34697436	704	AG
1	34697937	389	GC
1	34698374	79	TA
1	34698376	2	AC
1	34698774	398	AG
1	34698868	94	CT
1	34698942	74	TC
1	34700796	494	TC
1	34700861	65	AG
1	34701391	503	AG
1	34701496	105	AG
1	34701497	1	GA
1	34702124	547	AC
1	34702147	23	AG
1	34702297	113	GA
1	34702504	207	AG
1	34703205	701	GA
1	34703410	130	CA
1	34704455	468	TC
1	34704478	23	GT
1	34707199	1910	GA
1	34708512	1083	GA
1	34709455	943	AC
1	34710049	594	GC
1	34710064	15	GA
1	34710418	354	CT
1	34710473	55	TC
1	34710700	227	GA
1	34710911	211	TC
1	34712310	1257	TC
1	34715076	2008	GA
1	34715234	158	CA
1	34715252	18	AG
1	34715319	67	GA
1	34715486	167	GC
1	34715837	176	AG
1	34715844	7	AC
1	34715857	13	GA
1	34715946	89	TA
1	34716095	149	GC
1	34716115	20	CT
1	34716159	44	CT
1	34716248	89	TG
1	34716255	7	TC
1	34716271	16	TA
1	34716465	25	AG
1	34716557	68	AG
1	34716738	181	GA
1	34716812	74	AG
1	34717015	109	AG
1	34717101	86	GC
1	34717212	111	GA
1	34717390	178	TC
1	34717481	91	GC
1	34717567	86	TC
1	34718178	412	TC
1	34718533	330	TC
1	34718554	21	GA
1	34718566	12	GA
1	34718570	4	TC
1	34718607	37	GA
1	34718625	18	GA
1	34718863	238	AG
1	34719813	950	GA
1	34719922	109	TC
1	34719925	3	TC
1	34721648	1113	GA
1	34721819	171	CA
1	34722504	649	CT
1	34723844	1340	CT
1	34724203	326	CT
1	34725686	1483	CG
1	34725971	285	TC
1	34726094	123	GA
1	34727187	597	CA
1	34727345	158	TC
1	34727401	56	AT
1	34727533	56	GT
1	34727545	12	TG
1	34727546	1	GA
1	34727935	389	AG
1	34728358	423	CA
1	34728675	317	TG
1	34729004	189	AG
1	34729053	49	GC
1	34729321	268	GC
1	34730363	895	TC
1	34730676	313	CT
1	34730686	10	CT
1	34730797	111	AG
1	34731553	535	TC
1	34731555	2	CT
1	34732579	349	TC
1	34733513	515	CT
1	34734927	1142	GC
1	34737904	2114	AG
1	34737936	32	GA
1	34738354	389	AG
1	34742408	2717	GA
1	34744332	1862	GA
1	34744367	35	TC
1	34744378	11	TC
1	34744685	307	GA
1	34744886	201	CT
1	34745100	214	TC
1	34745261	161	TC
1	34748446	2389	AG
1	34749371	925	CT
1	34750009	592	GA
1	34750037	28	CT
1	34750104	67	GA
1	34750236	132	GA
1	34750266	30	CT
1	34751282	923	AG
1	34751381	99	GA
1	34751572	191	CG
1	34751744	172	CT
1	34753374	837	CT
1	34753887	478	CT
1	34754085	198	TC
1	34754302	217	TC
1	34754456	154	TC
1	34754533	77	CT
1	34754540	7	GA
1	34754576	36	TC
1	34755062	486	CT
1	34755063	1	GC
1	34755076	13	AG
1	34755083	7	AG
1	34755116	33	CA
1	34755283	167	TC
1	34755285	2	GA
1	34755386	101	CT
1	34755463	77	GA
1	34755589	126	CG
1	34757646	1557	TA
1	34759027	1080	AG
1	34759058	31	TG
1	34759115	57	CA
1	34760217	747	GA
1	34760339	122	TC
1	34760776	399	AT
1	34760819	43	GA
1	34761823	829	TC
1	34762631	643	AG
1	34763323	673	GA
1	34764222	899	GA
1	34767802	3059	GC
1	34769074	1272	AG
1	34769123	49	TC
1	34769448	325	AT
1	34770211	632	CT
1	34770261	50	AG
1	34770328	67	CT
1	34770470	142	GT
1	34770576	106	AG
1	34770658	82	GC
1	34770823	165	CT
1	34770876	53	TC
1	34771122	246	TC
1	34771170	48	AG
1	34771210	40	CT
1	34771360	150	AG
1	34771409	49	CT
1	34771833	424	GA
1	34771858	25	CT
1	34772181	323	GC
1	34772860	428	CT
1	34773410	550	AG
1	34774510	1037	GA
1	34775183	381	GA
1	34776226	1043	AG
1	34776435	209	AG
1	34776967	410	GA
1	34777074	54	GC
1	34777117	43	TC
1	34777809	189	GC
1	34778046	237	CA
1	34778120	74	GA
1	34778128	8	AG
1	34778181	53	GA
1	34778276	95	TC
1	34778299	23	GA
1	34778387	88	GA
1	34778550	163	CT
1	34778742	192	CG
1	34778936	194	TC
1	34779184	248	AG
1	34779436	252	AG
1	34780796	853	GT
1	34780805	9	GA
1	34780881	76	GA
1	34780928	47	CT
1	34781019	91	TC
1	34781093	74	AT
1	34781108	15	AG
1	34781184	76	TG
1	34781509	325	CT
1	34782453	944	AC
1	34783079	160	AG
1	34784145	812	GA
1	34784186	41	TC
1	34786833	1536	CG
1	34786911	78	GA
1	34786986	75	GA
1	34788184	492	TC
1	34788293	109	GC
1	34788701	276	TC
1	34788769	68	GA
1	34789705	401	AG
1	34789974	269	GT
1	34790138	164	AG
1	34790297	159	TC
1	34790411	114	CA
1	34790420	9	GA
1	34790716	91	CT
1	34790764	48	GA
1	34791144	318	GA
1	34791179	35	CG
1	34791249	70	AG
1	34791273	24	TC
1	34791617	157	CT
1	34791742	125	CT
1	34791817	75	TC
1	34791876	59	TC
1	34791903	27	GA
1	34792563	120	AC
1	34792578	15	CT
1	34792690	88	CG
1	34792938	248	CT
1	34794434	556	AG
1	34795014	469	GC
1	34796082	1068	CT
1	34796091	9	AG
1	34796310	219	CT
1	34796386	76	CT
1	34796413	27	TC
1	34796876	463	GT
1	34797965	783	AG
1	34797995	30	GA
1	34799708	1544	AG
1	34800962	1193	AG
1	34801252	290	GT
1	34801844	592	CA
1	34802210	324	GA
1	34802222	12	CT
1	34802887	328	TC
1	34802948	61	CG
1	34803105	157	CT
1	34803226	121	AG
1	34804247	932	GA
1	34804481	234	AG
1	34804768	287	GA
1	34804847	79	CT
1	34805064	217	TC
1	34806605	1541	CG
1	34806642	37	AC
1	34806817	175	TC
1	34806987	84	CT
1	34807035	48	CT
1	34807042	7	AC
1	34807045	3	GA
1	34807919	551	CT
1	34808153	234	GC
1	34808419	266	GT
1	34808460	41	AG
1	34808876	416	TA
1	34809171	295	AG
1	34809195	24	AG
1	34809307	112	CT
1	34810397	1090	CT
1	34810929	532	CT
1	34811284	355	TC
1	34812322	898	AG
1	34813303	981	CA
1	34819631	3020	CT
1	34819894	263	TA
1	34820357	463	AC
1	34820855	498	AT
1	34820928	73	CT
1	34821696	641	CA
1	34822087	391	CT
1	34823491	1287	GA
1	34823735	244	GA
1	34823899	164	CA
1	34824736	700	CA
1	34824968	232	CT
1	34825301	333	TC
1	34827405	1526	CT
1	34827557	152	GC
1	34830829	2540	GT
1	34830834	5	TC
1	34830841	7	AG
1	34830927	86	GA
1	34830968	41	CT
1	34830973	5	TA
1	34831003	30	AG
1	34831240	237	GA
1	34831259	19	AG
1	34831287	28	AG
1	34831288	1	CT
1	34831306	18	AC
1	34831406	100	AG
1	34831452	46	TC
1	34831689	237	GA
1	34833504	764	CG
1	34834551	971	AG
1	34837205	1799	TC
1	34837761	336	TC
1	34839747	1312	GA
1	34839860	113	GT
1	34840277	417	GA
1	34840434	157	AG
1	34841064	48	AG
1	34842557	1331	CT
1	34842566	9	GA
1	34842583	17	CT
1	34842600	17	CT
1	34842732	132	TC
1	34842936	204	GC
1	34843197	166	GA
1	34843333	136	AC
1	34843703	370	CT
1	34843760	57	TC
1	34843788	28	CT
1	34844188	400	CT
1	34844333	145	GA
1	34844340	7	GA
1	34844420	80	CT
1	34844607	187	TC
1	34845238	224	TC
1	34845725	487	CA
1	34845927	202	AG
1	34846140	213	CT
1	34846144	4	TC
1	34846231	87	AC
1	34846248	17	CT
1	34846403	155	TC
1	34846791	52	GA
1	34846805	14	GA
1	34846902	97	TC
1	34847001	99	CG
1	34847002	1	CT
1	34847089	87	CT
1	34847225	136	CA
1	34847229	4	TC
1	34847368	139	CT
1	34847435	67	CA
1	34849202	1738	TC
1	34852408	2326	AC
1	34856160	2859	TA
1	34857397	973	CT
1	34858370	719	TC
1	34867345	5977	CT
1	34868800	555	AG
1	34869541	487	TC
1	34869572	31	TC
1	34869748	149	AG
1	34869883	135	CT
1	34870891	1008	GA
1	34870968	77	AG
1	34871003	35	GA
1	34871063	60	GA
1	34871088	25	AG
1	34871211	123	TC
1	34871524	313	AT
1	34872848	484	CT
1	34873061	213	AG
1	34873122	61	GA
1	34873636	148	TC
1	34874401	703	AG
1	34874777	376	TC
1	34874797	20	GC
1	34884213	4975	CG
1	34884615	314	CT
1	34884626	11	CT
1	34885087	461	GC
1	34885285	198	AG
1	34885322	37	GC
1	34885335	13	AT
1	34885393	58	TC
1	34885636	243	AG
1	34885651	15	CT
1	34885874	223	CT
1	34885948	74	TC
1	34885981	33	CT
1	34886009	28	TC
1	34886179	170	AG
1	34886725	271	AG
1	34886735	10	AT
1	34886759	24	TC
1	34886767	8	GA
1	34886890	123	AG
1	34886933	43	TG
1	34886937	4	AG
1	34886976	39	GC
1	34886983	7	GC
1	34886994	11	GA
1	34887072	78	TA
1	34887078	6	AG
1	34887085	7	TA
1	34887086	1	AG
1	34887140	54	GA
1	34887181	41	GC
1	34887193	12	GA
1	34887201	8	GA
1	34887259	58	AG
1	34887305	46	AG
1	34887410	105	GA
1	34887433	23	CT
1	34887450	17	AG
1	34887452	2	GT
1	34887514	62	TC
1	34887721	207	GA
1	34888023	226	GA
1	34889393	827	TC
1	34889399	6	CT
1	34890387	374	CG
1	34890753	366	GA
1	34890797	44	CT
1	34890929	132	CT
1	34891143	214	GA
1	34891254	111	CT
1	34891634	380	CT
1	34892580	883	AG
1	34892877	179	AG
1	34892894	17	TC
1	34893035	141	CT
1	34897982	3587	CA
1	34900249	1074	TC
1	34901996	1075	TC
1	34902150	154	GA
1	34920053	12196	TC
1	34921446	754	TC
1	34923185	1739	TC
1	34923633	448	AG
1	34924423	655	GA
1	34929304	1359	TC
1	34930063	672	GA
1	34930308	245	AG
1	34932643	1769	GA
1	34932754	111	CT
1	34933991	899	GA
1	34935818	1631	AG
1	34937459	1272	AG
1	34940578	2083	AG
1	34942721	1879	TC
1	34944895	700	AT
1	34945095	200	AG
1	34946198	1064	AG
1	34946321	123	TC
1	34951117	3792	TC
1	34961598	3665	TC
1	34961668	70	AG
1	34964172	1518	GT
1	34965017	91	CT
1	34965066	49	GA
1	34965073	7	AG
1	34965296	223	GA
1	34965382	86	GT
1	34965390	8	TA
1	34965483	93	TC
1	34965573	90	CT
1	34965635	62	CT
1	34965637	2	TC
1	34966266	249	GA
1	34968321	921	AG
1	34984017	11143	TC
1	34984089	72	TC
1	34984118	29	AC
1	34984130	12	AG
1	34984414	284	GA
1	34986361	1287	CT
1	34986391	30	TC
1	34997329	3641	TC
1	34997404	75	GA
1	34997521	117	GA
1	36149720	1149720	TC
1	36167299	15471	CT
1	36336418	133614	CT
1	36336446	28	CT
1	36336470	24	CT
1	36336693	223	AG
1	36336857	164	GC
1	36337027	170	CT
1	36337339	312	AG
1	36337455	116	CA
1	36337479	24	AG
1	36337642	163	TG
1	36337759	117	AG
1	36337765	6	TC
1	36337775	10	GC
1	36337776	1	CA
1	36338086	310	GA
1	36338166	80	AG
1	36338354	188	TC
1	36338854	500	CT
1	36339107	157	GA
1	36339111	4	AG
1	36339131	20	TC
1	36339325	194	GA
1	36339459	134	CT
1	36339617	116	GC
1	36340024	407	GC
1	36340318	294	TA
1	36340639	321	GC
1	36340752	113	AG
1	36340755	3	GA
1	36340756	1	CG
1	36340999	243	CT
1	36342668	1339	CT
1	36350836	6310	CT
1	36351745	877	AG
1	36351820	75	AG
1	36351848	28	AG
1	36352010	162	TC
1	36352996	986	AG
1	36353075	79	AG
1	36353246	97	GA
1	36355628	2106	GC
1	36360802	3760	TG
1	36361810	862	CT
1	36362006	196	TC
1	36362091	85	CT
1	36362474	383	CT
1	36363509	977	GA
1	36363930	421	GC
1	36366522	2471	TC
1	36366766	244	GT
1	36369787	2373	GA
1	36371864	1687	AG
1	36372120	256	CT
1	36376004	2116	TG
1	36377350	678	AC
1	36377406	56	CT
1	36377453	47	CT
1	36377726	273	GA
1	36377778	52	TC
1	36377843	65	GC
1	36377931	88	TC
1	36378716	785	TC
1	36379022	306	AG
1	36379046	24	CT
1	36379366	320	CA
1	36380487	1018	AT
1	36380701	214	AG
1	36381503	684	AG
1	36381828	325	TC
1	36382051	223	GA
1	36382816	417	TC
1	36382876	60	AC
1	36383693	62	TC
1	36383815	122	CG
1	36384448	633	TC
1	36384621	173	CT
1	36384672	51	CT
1	36385950	1278	TC
1	36389736	2649	CT
1	36394532	4056	TC
1	36396110	1390	CT
1	36396479	321	AC
1	36397888	979	TC
1	36397908	20	AG
1	36397979	71	AG
1	36398057	78	GA
1	36398288	231	TC
1	36398466	178	AG
1	36398553	87	TC
1	36398796	243	GA
1	36398857	61	CG
1	36398868	11	GA
1	36398996	128	GA
1	36399044	48	AG
1	36399093	49	GA
1	36399226	133	TC
1	36399333	107	CT
1	36399334	1	AG
1	36399487	153	GC
1	36399543	56	AC
1	36399933	186	GA
1	36400015	82	GA
1	36400043	28	CT
1	36400186	143	GA
1	36400189	3	GC
1	36400391	202	GA
1	36400541	150	GT
1	36400613	72	AG
1	36400752	139	GA
1	36401032	280	AC
1	36401172	140	CG
1	36401176	4	CA
1	36401255	79	GA
1	36401359	104	TC
1	36401675	316	AG
1	36401901	226	TC
1	36402305	404	TC
1	36402417	112	GA
1	36402448	31	GC
1	36402538	90	GA
1	36402882	344	GA
1	36403334	452	TC
1	36403604	270	CG
1	36403646	42	TC
1	36403667	21	CT
1	36403700	33	CT
1	36403736	36	TC
1	36404008	172	GT
1	36404224	216	AT
1	36404343	119	TC
1	36404448	105	CT
1	36404736	288	GA
1	36404834	98	TC
1	36405043	209	GA
1	36405166	65	TC
1	36405225	59	GA
1	36405333	108	CT
1	36405339	6	TC
1	36405356	17	CT
1	36405363	7	GA
1	36405524	161	CT
1	36405611	87	TC
1	36405884	273	GA
1	36405911	27	GA
1	36405998	87	GA
1	36406422	393	AG
1	36406430	8	TC
1	36406453	23	CT
1	36406732	279	GA
1	36406804	72	AC
1	36407203	355	GA
1	36407223	20	AC
1	36407265	42	GT
1	36407430	165	AG
1	36408280	337	AG
1	36408528	16	AG
1	36408590	62	AG
1	36408697	107	GA
1	36408712	15	AG
1	36408728	16	CG
1	36408763	35	CG
1	36408866	103	TC
1	36408948	82	GA
1	36408949	1	CT
1	36408998	49	CT
1	36409166	168	TC
1	36409290	124	AG
1	36409353	63	GA
1	36409398	45	TC
1	36409527	129	AG
1	36409672	145	TC
1	36409937	265	AG
1	36410547	301	CT
1	36410573	26	GA
1	36410780	207	TC
1	36411795	804	CT
1	36411876	81	GA
1	36412084	208	TC
1	36412552	468	CT
1	36412554	2	TC
1	36412995	441	TC
1	36413584	321	CT
1	36413615	31	CT
1	36413637	22	CT
1	36413719	82	GA
1	36414229	510	CT
1	36414590	361	GA
1	36414789	199	TC
1	36414821	32	GA
1	36414961	140	AG
1	36415051	90	TC
1	36415150	99	AG
1	36416648	840	CT
1	36416895	247	GA
1	36417018	123	TC
1	36417124	106	CT
1	36418771	1571	TC
1	36419218	447	CT
1	36420929	1146	CT
1	36421543	596	GT
1	36421562	19	CT
1	36421566	4	GT
1	36422448	882	CT
1	36423098	650	AC
1	36423234	136	CT
1	36423366	132	TC
1	36423577	211	TC
1	36423618	41	TC
1	36423629	11	GC
1	36423675	46	CT
1	36423772	97	TC
1	36423934	162	CT
1	36424027	93	TC
1	36426615	2531	AG
1	36426695	80	GA
1	36426701	6	GA
1	36426708	7	GA
1	36426710	2	GA
1	36426718	8	CT
1	36427473	361	TC
1	36427580	107	TC
1	36428025	88	CT
1	36428460	303	TC
1	36428579	69	CG
1	36428585	6	GT
1	36428653	68	GC
1	36428733	80	TC
1	36428799	66	GA
1	36429087	288	TG
1	36429730	288	TC
1	36429926	131	TC
1	36436317	6190	CT
1	36437632	1070	AG
1	36437746	114	AT
1	36446926	5960	CT
1	36448646	1477	GA
1	36448659	13	CT
1	36448667	8	TC
1	36448677	10	AG
1	36450490	1676	GA
1	36450512	22	TA
1	36450545	33	GA
1	36450550	5	CT
1	36450598	48	AG
1	36450821	223	GA
1	36450837	16	GT
1	36451155	318	GC
1	36451214	59	TC
1	36451293	79	CT
1	36452064	771	GA
1	36453889	1216	TA
1	36453912	23	GA
1	36454699	787	TC
1	36455564	489	GA
1	36455621	57	AG
1	36456572	489	CG
1	36456613	41	TC
1	36456673	60	GC
1	36457102	429	TC
1	36457261	119	CA
1	36457577	316	GA
1	36457854	92	CT
1	36458191	337	TA
1	36458207	16	TC
1	36458574	367	AG
1	36458582	8	GA
1	36458763	181	GA
1	36459030	267	CT
1	36459031	1	AG
1	36459044	13	AG
1	36459170	126	TC
1	36459425	255	AG
1	36459900	432	TC
1	36459973	73	AG
1	36463460	1852	CT
1	36463499	39	TC
1	36463549	50	CT
1	36463555	6	TC
1	36463647	92	GC
1	36463744	97	CT
1	36463769	25	GT
1	36463859	90	CT
1	36464067	208	GA
1	36464122	55	CT
1	36464170	48	TC
1	36464173	3	TC
1	36464360	187	CG
1	36464508	148	AG
1	36464577	69	TC
1	36464631	54	CT
1	36464654	23	GA
1	36465624	402	TC
1	36466044	213	GA
1	36466060	16	AG
1	36469360	1982	TC
1	36471517	1239	CT
1	36473408	1863	GA
1	36473575	85	GA
1	36473604	29	AG
1	36475596	1968	TG
1	36476451	821	GT
1	36478156	1705	GA
1	36478849	693	GA
1	36483225	4348	AG
1	36484397	832	AG
1	36486571	2142	GA
1	36487638	1067	TC
1	36491663	3797	CT
1	36492335	459	AC
1	36493675	1085	GA
1	36494109	434	TG
1	36496838	2320	GA
1	36497530	692	CT
1	36499842	1734	AG
1	36500436	594	CT
1	36500437	1	TG
1	36500857	420	AG
1	36500946	89	AG
1	36501339	393	AG
1	36501523	184	GC
1	36501777	254	GA
1	36501894	117	TC
1	36502023	101	TC
1	36504635	1367	AG
1	36505366	689	GA
1	36505671	305	TG
1	36506133	397	AG
1	36506678	545	AG
1	36506760	82	AG
1	36508738	1925	AG
1	36509096	358	AG
1	36510097	769	GA
1	36510647	550	TC
1	36511332	685	CT
1	36511408	76	TC
1	36511430	22	AG
1	36512274	537	GA
1	36512691	417	GC
1	36512847	156	AG
1	36513289	407	TC
1	36513314	25	AG
1	36513322	8	TG
1	36513589	238	TC
1	36524031	7139	AG
1	36531383	4175	GT
1	36531579	196	CT
1	36533655	2009	CG
1	36537990	4262	CT
1	36538491	501	GT
1	36538611	120	AG
1	36538679	68	GA
1	36540706	1783	AG
1	36540788	82	CG
1	36541797	965	TA
1	36551896	4527	GA
1	36553302	752	AG
1	36572796	9545	CT
1	36577981	3113	AG
1	36580324	750	AC
1	36581153	829	GA
1	36581395	242	TC
1	36581866	471	TC
1	36582005	139	GC
1	36582198	193	TC
1	36582405	207	TG
1	36582645	240	GA
1	36583523	794	GA
1	36583594	71	AG
1	36583787	193	GA
1	36583801	14	TC
1	36583814	13	GT
1	36583836	22	CT
1	36583965	129	GA
1	36584039	74	GT
1	36585385	458	CT
1	36586695	931	GA
1	36588490	1457	TC
1	36589454	810	GA
1	36590293	176	CG
1	36591701	1071	GT
1	36591738	37	GA
1	36592561	760	TA
1	36593887	1255	TC
1	36594011	57	CT
1	36594014	3	TC
1	36596662	330	GA
1	36596824	162	GC
1	36596989	165	TC
1	36598064	869	GA
1	36598766	433	GA
1	36601522	1807	AT
1	36602082	560	GC
1	36602184	102	GA
1	36602310	126	GA
1	36603821	1068	AG
1	36603893	72	GA
1	36604179	93	GA
1	36604198	19	CT
1	36604570	63	AG
1	36606139	1529	AG
1	36606844	431	AG
1	36606987	143	GA
1	36608579	1536	GC
1	36609294	593	CT
1	36612788	2027	GA
1	36612801	13	CG
1	36613463	257	CG
1	36618324	2244	AG
1	36622522	2154	AG
1	36623130	550	TC
1	36626222	3045	CT
1	36626364	142	TA
1	36627114	750	GA
1	36627946	488	GC
1	36630417	1395	CT
1	36630714	297	AC
1	36630738	24	CG
1	36631076	338	GC
1	36631253	177	TC
1	36632760	1185	AG
1	36632830	70	AG
1	36632997	167	GA
1	36638136	4658	CT
1	36639031	809	TA
1	36640733	1096	GA
1	36641718	491	AT
1	36641803	85	CG
1	36641898	95	AG
1	36642218	320	AG
1	36643419	677	AG
1	36643608	189	CT
1	36644372	764	TC
1	36644508	136	GT
1	36651772	2840	CT
1	36652288	378	CG
1	36653304	1016	CT
1	36653469	165	CA
1	36653644	175	CG
1	36655043	1399	AT
1	36656166	1099	GA
1	36657692	1333	GA
1	36658540	848	GC
1	36658970	406	GA
1	36660709	1549	CG
1	36661780	400	AG
1	36662350	533	AT
1	36662431	81	CT
1	36663594	1163	GT
1	36663724	130	TC
1	36666533	2602	CT
1	36667349	508	GT
1	36668858	1103	AG
1	36669033	175	AG
1	36670563	931	AC
1	36670564	1	CG
1	36670675	111	TC
1	36670869	194	GA
1	36670894	25	GA
1	36670951	57	GA
1	36671082	131	AC
1	36671289	207	TC
1	36671355	66	AC
1	36671996	641	CG
1	36672575	579	CT
1	36680087	4423	CT
1	36680088	1	AG
1	36680232	144	GC
1	36680792	560	CA
1	36680994	202	CT
1	36681275	170	CT
1	36681279	4	CT
1	36681333	54	CT
1	36682905	1175	GA
1	36684360	1455	CT
1	36685270	571	TC
1	36685328	58	AT
1	36685603	275	AG
1	36686063	460	TC
1	36687050	987	GA
1	36687166	116	CT
1	36687366	200	GA
1	36687973	607	CT
1	36688499	404	TC
1	36688518	19	GC
1	36688586	68	AG
1	36689075	489	AG
1	36689113	38	GA
1	36689319	206	GA
1	36690491	1068	GT
1	36690717	226	GC
1	36690755	38	AG
1	36692849	1035	GC
1	36692904	55	GA
1	36692914	10	AG
1	36693152	238	AG
1	36694763	1588	AG
1	36695768	962	CG
1	36698478	2468	CT
1	36699489	1011	AG
1	36700906	1338	AG
1	36702334	1363	CT
1	36702516	182	CT
1	36702532	16	CT
1	36703222	690	AG
1	36703326	104	AG
1	36703513	187	CT
1	36703826	234	GA
1	36703874	48	GA
1	36704546	672	AG
1	36704908	362	GA
1	36705875	818	TA
1	36706236	316	AG
1	36706451	215	CT
1	36707820	1369	CG
1	36709169	1290	AG
1	36710340	1037	AG
1	36710351	11	CT
1	36711372	1021	TC
1	36711391	19	TC
1	36711930	539	GA
1	36711966	36	CA
1	36712131	165	TC
1	36712314	183	AG
1	36712484	170	CT
1	36712635	151	TC
1	36713144	509	CG
1	36713173	29	AG
1	36714962	1727	TG
1	36715066	104	TC
1	36715496	430	GC
1	36715498	2	CT
1	36716544	612	CT
1	36716590	46	GA
1	36719638	2019	CG
1	36720153	338	GA
1	36720161	8	AG
1	36720215	54	TC
1	36720258	43	GA
1	36720569	203	AC
1	36720846	277	CT
1	36721151	305	GA
1	36721246	95	AG
1	36721343	97	AG
1	36721640	297	CA
1	36721892	252	TC
1	36722649	757	GC
1	36722692	43	AC
1	36725113	2330	TC
1	36725579	466	CT
1	36725793	214	GT
1	36726506	713	GA
1	36726643	137	GA
1	36726867	224	CT
1	36727405	494	AC
1	36727406	1	GA
1	36727443	37	GT
1	36728059	616	TA
1	36729082	734	AG
1	36729125	43	GA
1	36729136	11	CT
1	36729167	31	TC
1	36729224	57	GC
1	36729226	2	CG
1	36729339	113	GC
1	36729966	598	TC
1	36730373	407	CT
1	36730383	10	CT
1	36730920	264	GA
1	36731104	184	CT
1	36731149	45	CT
1	36731170	21	GA
1	36731264	94	GA
1	36731536	199	CT
1	36731707	171	CA
1	36734338	1582	TC
1	36735125	787	CA
1	36735145	20	CT
1	36736371	654	AG
1	36736747	376	GT
1	36737569	477	GC
1	36737658	89	TC
1	36737919	261	CT
1	36739145	1040	GA
1	36739183	38	AG
1	36739257	74	TA
1	36739261	4	AG
1	36739705	406	GA
1	36740326	564	GC
1	36740394	68	CT
1	36740398	4	TC
1	36740643	245	AG
1	36740848	144	AG
1	36740914	66	GA
1	36741014	100	TG
1	36741676	355	GA
1	36742452	776	GA
1	36742491	39	TG
1	36743245	463	AG
1	36744232	377	AG
1	36744310	78	AG
1	36745235	202	GA
1	36745884	217	GA
1	36748051	1541	GA
1	36749759	789	GA
1	36768097	11429	GA
1	36771764	2621	GA
1	36771826	62	GA
1	36772789	963	GA
1	36773848	963	TC
1	36774098	214	TC
1	36774601	503	CA
1	36775066	465	CT
1	36777522	2112	AG
1	36780502	2980	CA
1	36781480	978	GA
1	36781615	135	CT
1	36782109	427	AG
1	36783120	978	TC
1	36783524	404	TC
1	36783607	83	GA
1	36784208	488	TC
1	36784776	568	CT
1	36789487	4258	AG
1	36793210	2587	GA
1	36797867	4438	CG
1	36798662	795	GT
1	36799794	1073	GC
1	36809566	7161	GA
1	36814920	3865	TC
1	36817525	1432	TC
1	36818616	910	GA
1	36819037	251	TC
1	36819386	349	CA
1	36819927	541	TC
1	36822306	1539	TC
1	36824505	1606	TG
1	36825599	1094	AG
1	36827214	1615	CT
1	36827266	52	CT
1	36827383	117	AG
1	36828566	851	CT
1	36828902	196	CT
1	36829188	286	GA
1	36829319	131	CG
1	36834446	4136	AG
1	36834573	67	TC
1	36836603	1895	CT
1	36836668	65	TC
1	36838398	1422	CT
1	36839214	650	AG
1	36844199	4270	GA
1	36844633	434	CA
1	36844716	83	CT
1	36845000	284	TC
1	36845897	828	CT
1	36845909	12	GC
1	36845923	14	CT
1	36846064	141	GA
1	36846384	320	AG
1	36847006	598	AG
1	36847234	210	TC
1	36847552	318	TC
1	36848093	541	TC
1	36848136	43	AG
1	36848955	762	GA
1	36849737	666	GC
1	36849924	187	TG
1	36849935	11	GT
1	36851408	1414	GA
1	36851481	73	CT
1	36851593	112	AG
1	36851965	372	AG
1	36852317	352	GA
1	36852823	506	TC
1	36853629	316	TC
1	36853815	186	TC
1	36854938	677	CT
1	36855106	168	TC
1	36855683	577	GC
1	36857261	1100	GA
1	36857694	433	TC
1	36858347	343	AG
1	36859475	1075	GA
1	36861156	1525	TA
1	36864261	3015	AG
1	36868492	3963	CT
1	36869875	878	TC
1	36871590	1686	TC
1	36874604	2623	CT
1	36876721	1152	CT
1	36878066	1000	GA
1	36879701	1274	GA
1	36879716	15	CG
1	36883858	2460	CT
1	36883978	120	GA
1	36885306	864	TC
1	36885422	116	CT
1	36885702	280	AG
1	36886340	638	CT
1	36886436	96	CG
1	36886738	302	AG
1	36886911	173	TC
1	36887252	341	AG
1	36887711	459	GA
1	36887969	258	TC
1	36890531	2528	GA
1	36890644	113	TC
1	36891090	446	CG
1	36892427	866	CT
1	36893064	637	TC
1	36894126	811	TC
1	36894645	519	GA
1	36894705	60	TC
1	36894770	65	AG
1	36894972	163	TC
1	36896477	1348	GC
1	36896602	125	CG
1	36896607	5	TC
1	36896642	35	GT
1	36897060	418	AG
1	36897303	106	AG
1	36897634	331	TC
1	36898172	538	TC
1	36898609	437	TC
1	36898772	163	CT
1	36899026	254	GC
1	36900687	1377	AC
1	36901171	484	CG
1	36901344	173	TC
1	36901546	202	AG
1	36903561	1245	CT
1	36903653	92	AG
1	36903910	218	TC
1	36904061	151	AG
1	36904373	271	AG
1	36904590	217	GA
1	36904873	283	TC
1	36908092	3193	CT
1	36908282	190	AC
1	36908287	5	GA
1	36908985	698	AG
1	36909069	84	CG
1	36909262	193	GA
1	36909880	618	AG
1	36910182	302	AG
1	36910863	681	AG
1	36911237	374	CT
1	36912157	899	GA
1	36912214	57	CA
1	36912477	263	CT
1	36913105	628	GA
1	36914454	1349	AG
1	36914772	318	TC
1	36914943	171	GA
1	36915435	492	AG
1	36915463	28	AT
1	36916033	570	CG
1	36916433	400	AG
1	36916813	380	CT
1	36917124	311	CT
1	36917443	319	TG
1	36918752	1309	GC
1	36919513	716	GA
1	36920062	549	CT
1	36920621	559	GA
1	36921358	697	TC
1	36921476	118	CA
1	36921647	171	TC
1	36922320	673	GA
1	36922535	215	CT
1	36923040	505	CT
1	36923847	807	CT
1	36924024	177	AG
1	36926621	1793	CG
1	36926663	42	GA
1	36926771	108	AG
1	36927057	286	CT
1	36927071	14	TC
1	36927747	676	CA
1	36927755	8	GA
1	36927870	115	CT
1	36928260	390	AG
1	36929131	790	CT
1	36929321	190	AG
1	36929808	341	TC
1	36930250	409	AG
1	36930648	398	GC
1	36930776	128	AG
1	36931508	732	CT
1	36931784	276	TC
1	36931797	13	CT
1	36931808	11	CT
1	36932987	1137	AT
1	36933709	350	GC
1	36934209	500	GC
1	36934668	459	TG
1	36934946	278	TC
1	36935081	135	TC
1	36935164	83	TC
1	36936186	1022	GC
1	36936326	140	AG
1	36938023	1697	CT
1	36938858	439	AG
1	36940053	1195	AG
1	36940985	932	GT
1	36941287	302	TC
1	36941509	222	AG
1	36942973	1464	CT
1	36944013	867	GA
1	36945244	1231	TC
1	36945558	314	TC
1	36946354	371	CT
1	36947100	746	TC
1	36947172	72	CG
1	36948291	1119	GT
1	36948361	70	CT
1	36949003	642	TC
1	36949869	866	AG
1	36950355	486	AG
1	36952659	1419	CT
1	36952945	286	CT
1	36953042	97	AG
1	36953171	129	TG
1	36953901	550	CT
1	36954551	650	TC
1	36955317	766	CG
1	36957502	1726	CT
1	36958440	840	AC
1	36958791	325	TC
1	36959554	426	TC
1	36960021	467	TC
1	36964027	3643	CT
1	36964269	242	GA
1	36966465	2036	TC
1	36966613	148	AG
1	36968117	1429	TC
1	36968324	156	AG
1	36969436	1112	CT
1	36970196	760	AG
1	36970468	272	TC
1	36971838	1370	CA
1	36974036	1245	AG
1	36975405	1369	GA
1	36975826	421	TC
1	36977699	1822	TC
1	36977738	39	CG
1	36980705	2830	CT
1	36981726	326	AG
1	36982759	1033	GA
1	36983287	313	GA
1	36983736	185	GA
1	36983755	19	AG
1	36983932	177	AG
1	36984509	577	GT
1	36984676	167	AG
1	36984713	37	GA
1	36984777	64	CT
1	36984978	128	GA
1	36986635	1293	CT
1	36986862	227	AG
1	36987107	245	GA
1	36988988	1682	AG
1	36989045	57	GC
1	36989058	13	GA
1	36989059	1	TA
1	36989115	56	CT
1	36989383	268	TC
1	36989996	258	TC
1	36990077	81	TC
1	36991038	961	TC
1	36991068	30	AG
1	36991761	693	AG
1	36991889	128	GA
1	36991902	13	TC
1	36992749	544	TC
1	36992849	100	CT
1	36993575	726	AG
1	36994139	69	GA
1	36994281	142	AG
1	36994913	600	TC
1	36995074	161	AG
1	36995311	237	TC
1	36996485	575	GA
1	36997617	1025	GC
1	36998791	964	CT
1	36999339	210	AG
1	36999466	127	CT
1	36999937	471	CT
1	37000565	628	CT
1	37003246	184	AC
1	37003314	68	CT
1	37003407	93	TC
1	37004177	770	GA
1	37004245	68	CT
1	37004780	535	CA
1	37005086	306	CT
1	37005319	233	TC
1	37005653	334	TC
1	37005909	256	CT
1	37006034	125	TC
1	37008474	2129	TC
1	37008669	195	AG
1	37008797	128	CT
1	37009988	855	AG
1	37010058	70	GA
1	37010943	769	AG
1	37011786	463	AC
1	37011828	42	TG
1	37011855	27	CT
1	37013343	315	CG
1	37013805	408	AG
1	37013916	111	CT
1	37014571	655	GA
1	37014652	81	TC
1	37014913	261	CT
1	37015585	322	CT
1	37015645	60	AG
1	37018812	1586	CG
1	37019376	9	GA
1	37019795	419	TC
1	37021779	478	TA
1	37021783	4	GT
1	37021822	39	TC
1	37021920	98	AG
1	37021929	9	TC
1	37022054	125	TC
1	37022866	812	GA
1	37023111	245	GA
1	37023521	410	CT
1	37023782	261	GA
1	37023799	17	CT
1	37024106	133	CT
1	37024376	270	TG
1	37024443	67	CT
1	37024742	299	AC
1	37024933	191	AC
1	37024977	44	CT
1	37024992	15	TC
1	37025124	132	TC
1	37025334	210	CT
1	37025643	254	TA
1	37025646	3	AG
1	37025683	37	TC
1	37025810	127	GA
1	37026275	29	CG
1	37026276	1	TA
1	37026340	64	TC
1	37026433	93	GC
1	37026504	71	TC
1	37026603	99	AC
1	37026632	29	GA
1	37027395	614	AG
1	37027588	193	GC
1	37027605	17	GC
1	37028031	426	CT
1	37028085	54	CT
1	37028567	216	TC
1	37028767	169	TC
1	37028875	108	CT
1	37029176	204	GA
1	37029214	38	CG
1	37029329	115	AG
1	37029405	76	CT
1	37029639	185	AT
1	37030755	751	CT
1	37031053	298	GA
1	37031212	159	CT
1	37031223	11	TC
1	37031443	220	GA
1	37031661	218	TC
1	37031744	83	TC
1	37031955	211	CT
1	37032624	669	TC
1	37032714	90	TC
1	37033043	329	TC
1	37033242	199	GA
1	37033466	224	CT
1	37033467	1	AG
1	37033540	73	TC
1	37033643	103	TC
1	37033666	23	GA
1	37033670	4	GA
1	37033789	119	TC
1	37033908	119	AG
1	37034068	160	TA
1	37034856	479	CT
1	37034936	80	GA
1	37035629	119	TC
1	37035772	143	CG
1	37035834	62	TC
1	37036022	61	TC
1	37037058	916	GA
1	37040047	1447	AC
1	37044930	4092	GA
1	37048585	3432	AG
1	37060174	11069	TC
1	37079800	16474	CT
1	37080665	865	AG
1	37086872	6085	GA
1	37090509	2990	AG
1	37092856	1977	AG
1	37097594	3338	CA
1	37097758	164	GA
1	37097926	168	GA
1	37098053	127	CT
1	37099056	844	AG
1	37099651	239	GT
1	37099722	71	TG
1	37100544	822	GC
1	37101016	472	TC
1	37105408	2684	GA
1	37106060	448	GA
1	37106557	497	TC
1	37107121	377	CT
1	37107380	218	CT
1	37107658	278	TG
1	37107876	117	AG
1	37108534	392	AG
1	37109372	838	CT
1	37109500	128	CT
1	37110657	444	CT
1	37110756	99	CT
1	37112571	1496	AG
1	37113056	485	TG
1	37113197	141	AG
1	37114543	844	TC
1	37114581	38	TC
1	37114995	414	GC
1	37115315	320	CT
1	37116177	862	CT
1	37116360	183	AG
1	37117277	917	GA
1	37122248	3309	AG
1	37122998	750	GT
1	37124695	1656	AG
1	37124745	50	TC
1	37125921	797	GA
1	37127180	502	TC
1	37129347	1622	AG
1	37132088	2285	AG
1	37133158	1040	CT
1	37133163	5	CG
1	37133177	14	CG
1	37134884	1644	CT
1	37139424	3949	GA
1	37153470	11948	TA
1	37154025	555	AG
1	37157743	3718	AC
1	37164222	4371	GA
1	37164944	722	TA
1	37165695	751	TC
1	37165883	188	TC
1	37168263	1688	AT
1	37168670	407	TC
1	37170499	1829	TC
1	37170800	301	CT
1	37171007	207	CG
1	37172083	954	GA
1	37174533	2450	AG
1	37177101	1811	CT
1	37177161	60	GA
1	37179402	2175	TC
1	37180362	960	GA
1	37189101	7099	AC
1	37189830	729	AG
1	37191912	2082	AG
1	37192314	402	GT
1	37193497	1036	AG
1	37194026	529	GA
1	37194249	223	AG
1	37196173	1924	CA
1	37197444	1271	AG
1	37199413	1969	AG
1	37199494	81	AG
1	37202183	2389	AG
1	37202515	332	CG
1	37206204	2774	GA
1	37206560	356	AG
1	37207166	606	GA
1	37208200	945	TC
1	37213666	5017	TC
1	37215470	1725	AG
1	37215586	116	GA
1	37216830	1096	CT
1	37217074	244	TC
1	37217083	9	TC
1	37217177	94	AG
1	37217598	421	TC
1	37217618	20	CT
1	37217719	101	CT
1	37217769	50	CA
1	37218410	641	GA
1	37218495	85	TC
1	37218499	4	TA
1	37218670	171	AG
1	37218715	45	AC
1	37218900	185	TC
1	37219010	110	AT
1	37219035	25	GA
1	37219083	48	GA
1	37219106	23	AG
1	37219451	322	TC
1	37219463	12	AG
1	37219783	320	AG
1	37220428	645	AG
1	37220530	102	GA
1	37220575	45	TC
1	37220642	67	CT
1	37220706	64	GA
1	37220809	103	CT
1	37220928	119	TC
1	37220937	9	CG
1	37220938	1	AG
1	37220968	30	GA
1	37221471	92	TC
1	37221493	22	GC
1	37221806	313	CT
1	37221932	126	TC
1	37221975	43	CA
1	37222004	29	GA
1	37223271	1248	AG
1	37224942	1439	CT
1	37225172	230	AG
1	37225195	23	GT
1	37226342	1147	CT
1	37226645	303	CA
1	37227242	597	TC
1	37231284	3596	TC
1	37278500	35686	GA
1	37296580	16225	TC
1	37297909	1329	CT
1	37298065	156	AG
1	37298137	72	CT
1	37299178	1041	TC
1	37300651	1450	TC
1	37301571	920	AT
1	37301832	261	CG
1	37302039	207	TG
1	37302261	222	CA
1	37305068	2342	CA
1	37305093	25	AG
1	37306674	1354	TC
1	37306684	10	TC
1	37307472	298	GA
1	37309276	1745	CG
1	37309278	2	GA
1	37309493	215	TC
1	37309721	228	TC
1	37309789	68	GA
1	37311552	1725	CT
1	37313580	1562	AG
1	37313587	7	CT
1	37313588	1	AG
1	37313753	165	TC
1	37313943	190	CT
1	37313978	35	GC
1	37314162	184	CT
1	37314233	71	GA
1	37314392	159	GA
1	37316411	793	CG
1	37317869	738	TC
1	37320264	503	CA
1	37320497	233	TC
1	37320564	67	GA
1	37320620	56	TC
1	37320661	41	AG
1	37320750	89	CG
1	37320875	125	GA
1	37321659	549	CA
1	37323934	930	GA
1	37324287	353	CA
1	37324339	52	TC
1	37324578	239	TC
1	37326762	1524	CT
1	37327746	869	GA
1	37332559	4578	GT
1	37333337	778	CT
1	37336396	2837	TC
1	37336752	273	TC
1	37337212	460	GA
1	37337291	79	AG
1	37338053	762	AG
1	37338114	61	TC
1	37339509	1395	TC
1	37340690	1078	CT
1	37344239	3508	GA
1	37348633	4315	TC
1	37355821	7053	TC
1	37355841	20	CT
1	37355932	91	GA
1	37356062	130	CA
1	37356525	463	TA
1	37361390	4865	CT
1	37362713	1231	AG
1	37364368	1589	CT
1	37365126	574	CT
1	37365324	198	GA
1	37365381	57	CT
1	37365454	73	TA
1	37366780	1326	AG
1	37367179	263	GC
1	37367550	371	CG
1	37367636	86	AG
1	37367683	47	CT
1	37369174	1402	TC
1	37369183	9	GT
1	37369225	42	TC
1	37369239	14	TC
1	37369395	156	CA
1	37370225	830	GT
1	37370333	108	TC
1	37370387	54	CT
1	37371429	1042	CT
1	37371730	301	CT
1	37371789	59	GA
1	37372025	236	AC
1	37372069	44	AG
1	37372456	308	AG
1	37372460	4	GA
1	37372712	252	CT
1	37372985	273	TC
1	37373152	167	TG
1	37373238	86	CT
1	37373262	24	GA
1	37373264	2	AG
1	37373409	145	GA
1	37374483	912	GA
1	37375719	1236	CA
1	37375738	19	CT
1	37375927	189	GA
1	37376062	135	TG
1	37376607	545	GA
1	37376759	152	CT
1	37376821	62	CT
1	37376955	134	CT
1	37377041	86	CT
1	37377060	19	CT
1	37377157	97	TC
1	37377240	83	AG
1	37377376	136	AG
1	37377650	274	TC
1	37379520	1613	GT
1	37379781	135	AG
1	37379915	134	TC
1	37379992	77	GA
1	37380659	647	TC
1	37380673	14	GA
1	37380750	77	CG
1	37380785	35	AG
1	37380879	94	AC
1	37380885	6	AC
1	37380887	2	AG
1	37380996	21	AG
1	37381847	785	AG
1	37381985	138	TC
1	37382377	392	AT
1	37382569	192	TC
1	37383684	1115	AG
1	37384104	420	AG
1	37385380	954	TC
1	37388366	2539	CG
1	37388420	54	CT
1	37388670	250	AG
1	37389406	688	TC
1	37390296	890	AG
1	37390385	89	AG
1	37391507	1080	AC
1	37391766	259	AG
1	37392879	1084	TC
1	37392912	33	CT
1	37393368	398	TC
1	37395301	1933	CT
1	37395766	381	GA
1	37397754	1665	AG
1	37398406	652	AT
1	37398821	415	CT
1	37399358	537	AC
1	37399400	42	AG
1	37399418	18	TC
1	37400011	544	GA
1	37400143	132	CT
1	37400221	78	AG
1	37400837	616	AG
1	37400876	39	AG
1	37400882	6	TC
1	37401060	178	AG
1	37401351	291	AG
1	37401454	103	GA
1	37402148	694	GC
1	37402691	543	TC
1	37402776	85	CA
1	37403130	354	GA
1	37403428	298	TA
1	37403429	1	CT
1	37403497	68	GA
1	37403554	57	TC
1	37403796	242	CA
1	37404007	211	GC
1	37404081	74	AG
1	37404192	111	GA
1	37404502	310	CT
1	37404882	380	CA
1	37405337	455	CT
1	37405619	282	AG
1	37406470	851	TC
1	37408050	1430	GA
1	37409045	995	TC
1	37410020	823	GA
1	37412383	1445	CT
1	37412500	117	TC
1	37412557	57	TC
1	37413148	591	GA
1	37413360	186	GA
1	37414247	845	CT
1	37414441	194	GA
1	37415646	798	TC
1	37416358	618	GA
1	37417648	1290	CT
1	37424659	4288	GA
1	37426590	1931	CT
1	37426806	216	CT
1	37429331	2428	TC
1	37429565	234	GA
1	37430876	1311	AG
1	37431040	164	TC
1	37432017	699	AG
1	37434494	2477	TC
1	37434579	85	TC
1	37437249	2403	TC
1	37437872	623	AC
1	37437995	123	CA
1	37438054	59	TC
1	37438978	924	TC
1	37440629	1651	TC
1	37441381	752	TC
1	37441916	535	AG
1	37441958	42	CA
1	37442716	758	AG
1	37443410	659	AG
1	37446110	2623	AG
1	37449758	3446	CG
1	37451953	2102	GA
1	37452587	634	CG
1	37455881	2753	AG
1	37462625	2426	AG
1	37462627	2	GA
1	37462805	178	AG
1	37462963	158	TC
1	37463237	274	TC
1	37463259	22	CG
1	37463744	485	CT
1	37464149	405	GA
1	37464792	252	CA
1	37465320	495	CT
1	37465448	128	CT
1	37465807	322	CT
1	37465911	104	GA
1	37471175	4101	AT
1	37471617	442	AG
1	37472065	448	CT
1	37472315	250	TC
1	37472335	20	AG
1	37474441	1462	AG
1	37475235	794	GC
1	37475393	158	AG
1	37475564	171	CA
1	37475571	7	CG
1	37475573	2	TC
1	37475713	140	TC
1	37475795	82	CA
1	37477720	1399	GT
1	37480987	3267	TC
1	37481875	888	GA
1	37481922	47	CT
1	37483256	1334	CT
1	37485089	1795	GA
1	37486337	1248	AG
1	37486665	328	TC
1	37487902	736	GA
1	37488070	168	TC
1	37488528	458	AG
1	37492708	1278	TC
1	37493072	227	CT
1	37493293	221	GA
1	37493574	281	CA
1	37494451	877	AC
1	37494620	169	TC
1	37494673	53	CT
1	37494871	198	TC
1	37495584	619	CT
1	37497489	1400	TC
1	37498511	1022	TC
1	37500323	1376	TC
1	37500597	237	AG
1	37501266	642	AG
1	37501709	443	TC
1	37501752	43	AG
1	37501808	56	TC
1	37502057	249	CG
1	37503032	975	GA
1	37503313	281	CA
1	37503959	646	AG
1	37504550	591	GA
1	37504804	254	CG
1	37504936	132	TC
1	37505110	174	GA
1	37505254	144	CT
1	37505255	1	GC
1	37505640	385	AG
1	37505713	73	TC
1	37505729	16	GA
1	37506361	632	GA
1	37507027	235	AG
1	37507042	15	TG
1	37507114	72	CG
1	37507225	111	TC
1	37507415	190	AT
1	37507599	184	GC
1	37508177	578	TC
1	37511566	3389	AT
1	37513832	2169	AG
1	37517394	2926	GA
1	37517687	293	GA
1	37520597	1303	TC
1	37520748	151	GA
1	37521519	318	TC
1	37521529	10	TA
1	37521734	163	AC
1	37522061	139	AG
1	37522475	414	TC
1	37522549	74	CT
1	37522971	422	AG
1	37523899	881	TC
1	37524690	791	CT
1	37524697	7	CT
1	37524946	249	CT
1	37525351	405	AG
1	37526474	1123	AG
1	37527176	702	AG
1	37528344	1082	GA
1	37528702	358	CT
1	37528956	254	TG
1	37529013	57	GC
1	37529423	410	TC
1	37529508	85	CT
1	37530129	621	CT
1	37530138	9	TC
1	37530226	88	TC
1	37533595	211	GA
1	37536222	2495	AG
1	37536363	96	GA
1	37536469	106	GC
1	37536645	176	AG
1	37536870	225	TC
1	37537005	135	CT
1	37538986	1981	AG
1	37541696	2258	CG
1	37542137	315	TC
1	37544320	2088	AG
1	37544685	365	CG
1	37550387	5399	GC
1	37553390	2724	TC
1	37553732	251	TG
1	37553752	20	GA
1	37553861	109	TA
1	37556111	963	CT
1	37556187	76	TC
1	37558001	731	GC
1	37558443	49	TC
1	37558813	104	CT
1	37558925	112	TC
1	37560092	1167	CT
1	37560740	648	GA
1	37560881	141	AG
1	37560903	22	GA
1	37561236	333	CT
1	37561275	39	GA
1	37561359	84	TC
1	37561366	7	TC
1	37561411	45	GA
1	37561690	170	TA
1	37561695	5	AG
1	37561763	68	TG
1	37561766	3	AG
1	37564147	1543	TC
1	37565400	855	AG
1	37565424	24	TC
1	37565504	80	GA
1	37565629	125	GA
1	37567721	1604	TC
1	37567899	132	CT
1	37568013	114	CT
1	37568014	1	AG
1	37568235	221	GA
1	37568278	43	CT
1	37568292	14	GA
1	37568768	476	GA
1	37568963	195	GA
1	37569051	88	TG
1	37569053	2	TC
1	37569066	13	AG
1	37569475	409	AG
1	37569544	69	CA
1	37569782	238	GC
1	37570156	374	GA
1	37571747	1557	CT
1	37573390	1599	TC
1	37574277	688	CT
1	37574619	342	AG
1	37576669	1636	AT
1	37576848	179	TC
1	37577331	483	AG
1	37578007	491	GA
1	37578484	477	GA
1	37580207	1589	GA
1	37581007	583	TC
1	37581351	344	AG
1	37583046	1662	GA
1	37583734	688	GA
1	37585745	1765	TG
1	37587239	1419	AG
1	37588166	649	TC
1	37588230	64	TC
1	37588933	703	AG
1	37589186	253	AG
1	37589482	296	GT
1	37589508	26	GA
1	37589945	437	GT
1	37590007	62	TC
1	37591006	999	AC
1	37591892	886	AG
1	37592796	732	AG
1	37594374	1007	CA
1	37594579	205	AG
1	37596350	1343	GA
1	37596366	16	TG
1	37596605	239	CT
1	37596688	83	AG
1	37596890	202	GA
1	37597099	209	GA
1	37598521	1182	GA
1	37599983	1109	AG
1	37599998	15	GA
1	37601335	1067	AG
1	37601522	187	CT
1	37602686	845	GA
1	37603709	1023	AC
1	37604148	403	TC
1	37604199	51	CT
1	37604283	84	AG
1	37604290	7	CT
1	37604337	47	GC
1	37604962	625	TG
1	37605499	277	AG
1	37605808	309	TC
1	37607677	1602	AC
1	37607794	117	TC
1	37607818	24	TC
1	37607903	85	TC
1	37608134	231	GC
1	37608932	798	TG
1	37611623	2419	CT
1	37611900	277	AG
1	37612658	182	AG
1	37614383	1139	CT
1	37614395	12	AT
1	37614898	503	AG
1	37620419	4951	TC
1	37624404	3577	CT
1	37625065	661	CT
1	37626868	1581	GA
1	37628767	1445	AG
1	37628822	55	AG
1	37628857	35	GA
1	37629158	183	GC
1	37629167	9	TC
1	37629898	305	TC
1	37629915	17	TC
1	37629937	22	CT
1	37630637	237	TC
1	37630670	33	CG
1	37631241	78	AG
1	37631440	92	GA
1	37631456	16	GT
1	37631478	22	CA
1	37631507	29	AG
1	37631732	225	GA
1	37632272	501	TC
1	37632400	128	CT
1	37632416	16	AG
1	37633225	782	CG
1	37633237	12	GA
1	37633358	121	CT
1	37635803	2298	TC
1	37638920	2134	CT
1	37639875	893	CT
1	37640381	165	TG
1	37640937	556	TC
1	37640943	6	CT
1	37641080	137	TC
1	37641601	521	AG
1	37641611	10	AC
1	37641654	43	GA
1	37641997	343	GA
1	37642193	196	GA
1	37642228	35	AG
1	37643378	1117	AG
1	37644643	1265	TC
1	37644950	307	GC
1	37645299	178	AG
1	37645371	72	TC
1	37646686	1288	CT
1	37646718	32	CT
1	37647324	513	AT
1	37647489	165	AG
1	37648062	573	GA
1	37648166	104	AG
1	37648960	488	GA
1	37649131	171	AG
1	37650363	1137	TC
1	37650413	50	CT
1	37650459	46	TG
1	37651157	698	AG
1	37651269	112	CG
1	37652781	1491	GA
1	37653093	312	AC
1	37653132	39	CT
1	37653326	121	CT
1	37653337	11	AC
1	37653734	316	AG
1	37654267	501	GC
1	37654406	139	GA
1	37654511	105	CT
1	37655254	690	GA
1	37655257	3	TC
1	37656072	567	CA
1	37656205	133	AG
1	37658462	1684	GA
1	37658538	76	TC
1	37659730	1093	TC
1	37659790	60	GA
1	37667824	6800	CT
1	37668004	180	AG
1	37668236	194	CG
1	37669862	1626	TG
1	37671689	1443	AG
1	37672573	843	GA
1	37674866	1203	AG
1	37674895	29	GA
1	37674900	5	CT
1	37674974	74	AG
1	37675047	73	GA
1	37675659	414	GA
1	37675910	251	TC
1	37676465	555	GA
1	37678694	1317	TA
1	37678707	13	CT
1	37678721	14	CG
1	37678988	95	AG
1	37679079	91	TC
1	37679080	1	GA
1	37679370	290	GA
1	37679802	380	CT
1	37679817	15	CT
1	37679819	2	CT
1	37679910	91	TC
1	37679930	20	GA
1	37679939	9	GA
1	37680086	147	GA
1	37680392	306	CT
1	37680396	4	AG
1	37680456	60	TC
1	37680486	30	AG
1	37680510	24	TC
1	37680783	273	CA
1	37680812	29	CG
1	37680876	64	CT
1	37680899	23	TC
1	37681188	289	TG
1	37681856	668	AG
1	37683257	1037	GA
1	37683338	81	AC
1	37685019	1059	GA
1	37685119	100	CA
1	37685419	254	CG
1	37685649	230	CA
1	37686060	411	TC
1	37687795	1706	GA
1	37687934	139	CT
1	37688206	272	CT
1	37690005	1521	TC
1	37691762	1548	CT
1	37691863	101	AG
1	37691886	23	CT
1	37692140	254	GA
1	37692433	293	AG
1	37693241	599	GA
1	37693790	549	TC
1	37697606	3643	AG
1	37698888	444	AG
1	37701254	1140	TC
1	37701521	267	CT
1	37702469	868	AG
1	37703476	1007	TC
1	37704578	1102	AG
1	37704882	304	CT
1	37706962	1377	AG
1	37707664	702	AG
1	37708449	785	TC
1	37708820	371	TC
1	37709778	958	AG
1	37710346	363	AT
1	37710783	437	CT
1	37711091	308	AT
1	37711120	29	GC
1	37711778	658	CT
1	37714336	1931	CA
1	37714533	197	CT
1	37718591	3337	TG
1	37720854	1777	GA
1	37721119	265	TC
1	37724443	2485	AG
1	37725117	370	AG
1	37725494	377	GT
1	37725737	243	CT
1	37732846	6680	TC
1	37733195	349	AG
1	37733755	560	TC
1	37733781	26	TC
1	37733862	81	GA
1	37739643	5484	TC
1	37740323	646	AG
1	37741412	1089	CT
1	37741609	197	TA
1	37741626	17	TC
1	37742268	642	GC
1	37742731	429	GA
1	37746200	3112	AG
1	37746203	3	GC
1	37746314	111	TC
1	37746916	566	TC
1	37747162	246	TC
1	37747896	389	CG
1	37751046	3049	GA
1	37756172	3341	CT
1	37757549	1222	TC
1	37758130	581	TC
1	37758131	1	GA
1	37758560	429	TC
1	37759804	850	GA
1	37759990	186	AG
1	37761196	1028	TA
1	37761701	505	AG
1	37762098	397	AG
1	37762162	64	TC
1	37762202	40	CA
1	37762512	310	GA
1	37764217	1409	CT
1	37764812	421	CT
1	37765323	194	TC
1	37765484	161	AG
1	37766036	492	CG
1	37767237	775	CT
1	37768607	739	CT
1	37771697	2596	TC
1	37772123	426	AG
1	37773016	893	GT
1	37774334	1318	GA
1	37775251	895	GC
1	37778848	2065	TA
1	37779023	175	GT
1	37781026	1083	GA
1	37781474	448	TC
1	37782922	949	AG
1	37788423	4574	GA
1	37788709	286	GA
1	37789753	751	CT
1	37790427	674	TC
1	37791730	559	GC
1	37792037	307	CT
1	37792696	659	AG
1	37797663	3702	AG
1	37798577	914	GA
1	37798714	137	AG
1	37800710	1530	GA
1	37802741	1742	AC
1	37803256	515	GA
1	37803796	446	CT
1	37806616	2535	CG
1	37807846	1230	CT
1	37807915	69	CG
1	37811055	3056	CT
1	37811108	53	GA
1	37811949	841	AG
1	37812813	864	GT
1	37813161	348	GA
1	37813310	149	TC
1	37813433	123	AG
1	37814978	1420	AC
1	37820835	4256	AC
1	37820984	149	CG
1	37822318	1022	CA
1	37822996	535	TC
1	37826391	2787	GA
1	37826435	44	AG
1	37830107	3672	GT
1	37833076	2808	GC
1	37833327	251	CT
1	37834141	510	AG
1	37834401	260	CA
1	37834953	552	TC
1	37835026	73	GC
1	37837979	1071	GA
1	37840054	1618	AG
1	37841717	1238	TC
1	37842676	564	AG
1	37843855	888	CG
1	37844786	503	TC
1	37844887	101	GA
1	37845271	353	CT
1	37845288	17	TC
1	37847865	1617	GA
1	37848875	299	AG
1	37848937	62	GC
1	37848979	42	AG
1	37849757	778	GA
1	37850026	269	CG
1	37850806	462	TC
1	37852502	576	CT
1	37852644	142	AG
1	37852889	245	GA
1	37853082	193	TA
1	37855842	871	AG
1	37855893	51	CT
1	37855896	3	AG
1	37856542	646	AG
1	37858545	1416	GA
1	37858889	344	TC
1	37859081	192	TC
1	37859116	35	CT
1	37859292	176	AG
1	37859971	443	TC
1	37863527	3151	TG
1	37863947	420	AG
1	37864445	498	CA
1	37864726	281	GA
1	37865327	601	TC
1	37867327	1926	AG
1	37867777	450	GC
1	37869863	2046	GA
1	37870540	677	TC
1	37874419	3879	TC
1	37875261	806	TC
1	37883952	8099	GA
1	37884517	565	CG
1	37885864	1064	CG
1	37887141	1277	TG
1	37889128	1987	AG
1	37890830	1581	AG
1	37893067	2213	GA
1	37895202	1962	AC
1	37898194	2946	GA
1	37899156	962	CT
1	37900693	1139	CT
1	37900762	69	CA
1	37902475	1388	TC
1	37903126	651	AG
1	37905605	2100	TC
1	37908043	2351	TC
1	37908632	589	CG
1	37920127	10825	TC
1	37921888	1761	TC
1	37922082	194	GC
1	37923351	1269	GA
1	37924623	1202	CA
1	37926874	1382	CT
1	37927756	857	TC
1	37928787	1031	CT
1	37929056	195	TC
1	37931412	1682	TC
1	37931453	41	CT
1	37932728	1208	CA
1	37933824	772	CT
1	37933870	46	GA
1	37936781	2033	CT
1	37936796	15	AG
1	37936953	157	TC
1	37937503	155	TA
1	37937582	79	CG
1	37937616	34	AG
1	37937643	27	TG
1	37941005	1543	CT
1	37941165	160	CT
1	37941570	405	AG
1	37942655	1085	AC
1	37943121	466	GC
1	37943153	32	AG
1	37943163	10	CT
1	37943204	41	CG
1	37943259	55	TA
1	37943435	176	TC
1	37946468	2611	AG
1	37947153	491	TC
1	37947182	29	CT
1	37948329	527	CT
1	37951433	1641	GA
1	37952538	694	AT
1	37954875	1307	AG
1	37954977	102	TC
1	37955177	200	CT
1	37955690	513	CT
1	37955967	277	GA
1	37958106	1559	CT
1	37958155	49	GA
1	37958594	439	CT
1	37960220	1178	GC
1	37961801	1146	TC
1	37962581	440	CT
1	37962962	381	GA
1	37963820	858	TC
1	37963947	127	AC
1	37964810	863	AG
1	37966957	2029	TC
1	37966989	32	AT
1	37967892	652	CT
1	37968954	1062	CT
1	37969030	76	AC
1	37969043	13	GC
1	37969210	167	CA
1	37969917	607	CT
1	37970443	403	TC
1	37970863	377	CT
1	38041766	51288	CA
1	38042612	846	CT
1	38042806	194	TC
1	38042839	33	GA
1	38043072	233	CT
1	38043093	21	TC
1	38043366	175	CT
1	38043395	29	CT
1	38043798	217	CT
1	38043801	3	TC
1	38043855	54	TA
1	38043963	108	GA
1	38043996	33	TC
1	38044005	9	TC
1	38044059	54	GA
1	38044164	105	TC
1	38046525	1182	CG
1	38046844	319	GA
1	38047974	593	AT
1	38049175	1201	CT
1	38051301	1604	AG
1	38051318	17	GA
1	38051489	171	GC
1	38051817	328	CT
1	38052294	477	AG
1	38052354	60	CT
1	38052541	187	TC
1	38052936	156	CA
1	38053238	302	TC
1	38053255	17	TC
1	38053382	127	CA
1	38053435	53	GC
1	38053477	42	AG
1	38053482	5	CT
1	38053639	157	TC
1	38053832	193	TG
1	38054643	617	TG
1	38054788	145	GA
1	38056794	1857	TC
1	38057729	624	GA
1	38058145	416	AG
1	38058469	324	GA
1	38059235	766	AG
1	38059276	41	TC
1	38060295	546	GA
1	38061325	349	CT
1	38061477	152	AC
1	38061891	414	TC
1	38061896	5	CT
1	38062163	267	CT
1	38062383	220	TC
1	38062417	34	CT
1	38062871	194	AG
1	38063298	130	AC
1	38063780	482	AG
1	38063799	19	GC
1	38063964	165	AC
1	38063972	8	CT
1	38064037	65	TC
1	38064082	45	GA
1	38065081	999	GA
1	38065309	228	TG
1	38065343	34	TC
1	38065351	8	AC
1	38065418	67	GA
1	38065443	25	TC
1	38065491	48	TC
1	38065621	93	TC
1	38065767	146	GA
1	38065922	155	CT
1	38066017	95	TG
1	38066147	130	AG
1	38066788	641	GC
1	38067063	275	CT
1	38067119	56	TC
1	38067276	157	AG
1	38067282	6	AG
1	38067412	130	TC
1	38067794	348	GA
1	38068612	818	TC
1	38068823	211	GA
1	38069007	184	GC
1	38069365	337	GA
1	38071226	1182	GA
1	38071227	1	TG
1	38071772	280	TC
1	38071838	66	AG
1	38072245	407	GA
1	38072376	131	AG
1	38072545	169	GA
1	38072547	2	AG
1	38072646	99	CA
1	38072672	26	CT
1	38072691	19	TC
1	38072891	200	CT
1	38072989	98	AG
1	38073002	13	GA
1	38073018	16	CT
1	38073568	550	TC
1	38073643	75	CT
1	38073683	40	CT
1	38073732	49	CT
1	38073736	4	TC
1	38074197	461	CA
1	38076109	751	CT
1	38076321	212	CG
1	38076349	28	AG
1	38077143	756	AG
1	38077209	66	TC
1	38077695	486	GA
1	38077980	138	GA
1	38078561	581	AG
1	38078644	83	CT
1	38078744	100	TC
1	38082509	1646	CA
1	38082568	59	GC
1	38083202	634	TC
1	38083424	222	GA
1	38084669	736	TC
1	38084985	316	AG
1	38085268	283	GA
1	38086508	1240	AG
1	38087377	573	TC
1	38087668	291	TG
1	38088306	450	CT
1	38089212	847	TC
1	38089627	415	AG
1	38089665	38	TC
1	38089984	319	GC
1	38090152	168	TG
1	38090161	9	GA
1	38090211	50	TC
1	38090243	32	GA
1	38092362	1100	TC
1	38092434	72	GA
1	38093522	1063	TC
1	38094029	507	AG
1	38094998	874	GA
1	38096522	1524	TC
1	38099033	2384	AG
1	38099357	324	CT
1	38100500	1089	TC
1	38100995	495	TC
1	38101022	27	GA
1	38101725	88	CT
1	38101769	44	TC
1	38101859	90	GA
1	38102379	287	TC
1	38102481	102	AG
1	38102798	317	AG
1	38102812	14	TC
1	38102962	150	GT
1	38103036	74	TC
1	38103159	123	TC
1	38103531	372	CT
1	38103629	98	AG
1	38104995	1156	CT
1	38105007	12	GA
1	38105018	11	AG
1	38105038	20	AG
1	38105187	84	CT
1	38105193	6	AG
1	38105248	55	AG
1	38105282	34	TC
1	38105483	201	GA
1	38105527	44	GA
1	38105819	292	AC
1	38105876	57	AG
1	38106044	168	CA
1	38106156	112	GC
1	38106188	32	CT
1	38106316	128	TC
1	38106479	163	GA
1	38107159	680	GA
1	38107978	819	AG
1	38108036	58	AG
1	38108041	5	GA
1	38108079	38	GC
1	38108183	104	TC
1	38108441	258	TC
1	38108560	119	TC
1	38108561	1	GA
1	38108639	78	GA
1	38108653	14	GA
1	38108657	4	CT
1	38108803	146	CG
1	38109352	549	CA
1	38109353	1	TG
1	38109438	85	CG
1	38109625	187	TG
1	38109739	114	GA
1	38109814	75	TC
1	38109857	43	AG
1	38109926	69	GA
1	38109985	59	TC
1	38110717	695	GA
1	38110851	134	AT
1	38111171	320	TC
1	38111278	107	GA
1	38112264	768	AG
1	38112309	45	CT
1	38112559	250	AG
1	38112748	189	TC
1	38113218	470	AG
1	38113232	14	CT
1	38115026	1773	CT
1	38115395	369	CT
1	38115533	138	CT
1	38115565	32	CT
1	38115603	38	CT
1	38117136	1015	TC
1	38117141	5	TC
1	38117478	197	CT
1	38117739	68	GT
1	38117761	22	GA
1	38117791	30	AG
1	38117883	92	CT
1	38118252	62	TC
1	38118345	93	CT
1	38118912	342	CT
1	38119019	107	TC
1	38120032	929	GA
1	38120387	355	CT
1	38120609	222	TC
1	38121128	329	GT
1	38121148	20	GA
1	38121156	8	CT
1	38121267	111	GA
1	38121829	287	CT
1	38121932	103	GA
1	38122046	114	CT
1	38122491	154	AG
1	38123029	538	CT
1	38123139	110	CT
1	38123149	10	CG
1	38123312	163	AC
1	38123332	20	GA
1	38123454	122	AG
1	38123479	25	TC
1	38123549	70	GA
1	38123683	134	TC
1	38123689	6	TC
1	38123769	80	AG
1	38124845	1076	CT
1	38125436	591	AG
1	38125805	369	CG
1	38126277	355	CT
1	38127713	1436	TC
1	38127786	73	TA
1	38128064	278	AG
1	38128084	20	CG
1	38128115	31	TC
1	38128179	64	AG
1	38128810	631	CG
1	38129130	320	TG
1	38129512	382	GC
1	38129513	1	CA
1	38129955	107	GA
1	38130585	307	GC
1	38131650	880	CT
1	38131792	142	CT
1	38132349	557	CG
1	38132602	253	GC
1	38132622	20	GC
1	38133282	447	GA
1	38133570	288	GC
1	38133590	20	AC
1	38133942	352	AG
1	38134272	330	TC
1	38134353	81	CA
1	38134521	168	CT
1	38134798	277	TC
1	38134901	103	TC
1	38134926	25	AG
1	38135257	304	TC
1	38135486	229	GA
1	38135513	27	GA
1	38136988	1071	TC
1	38137270	282	TC
1	38137332	62	AG
1	38137626	294	TC
1	38138579	672	CT
1	38138651	72	GA
1	38138724	73	TC
1	38141255	2366	CT
1	38142289	808	TA
1	38142570	281	AG
1	38143069	311	AT
1	38144410	1024	CT
1	38144699	289	CT
1	38146474	1523	CT
1	38148762	1329	TC
1	38149331	569	GA
1	38150190	859	AG
1	38150405	215	AG
1	38150592	187	TC
1	38150755	163	GA
1	38150760	5	TC
1	38152955	2145	GC
1	38158539	3436	CT
1	38159156	617	CT
1	38159309	153	AG
1	38159475	166	TC
1	38160129	403	GA
1	38160212	83	GA
1	38160645	433	AG
1	38161440	795	TC
1	38161495	55	TC
1	38161526	31	CT
1	38162979	1007	GA
1	38162983	4	TC
1	38162998	15	AG
1	38163353	132	GA
1	38163588	235	CG
1	38163972	384	AG
1	38164634	662	AG
1	38164952	318	CT
1	38165078	126	AG
1	38166052	974	GA
1	38166802	466	CG
1	38166803	1	TG
1	38168183	1380	GA
1	38168563	143	CT
1	38168575	12	GA
1	38168643	68	GA
1	38168746	103	AG
1	38169770	634	GT
1	38169773	3	GA
1	38170164	391	GA
1	38170360	196	GA
1	38170370	10	CT
1	38170567	197	GA
1	38171399	832	AG
1	38171498	99	CT
1	38174946	2942	GC
1	38175061	115	CT
1	38175145	84	CT
1	38175240	95	AG
1	38176500	1260	AG
1	38176668	168	CT
1	38177332	111	TC
1	38177431	99	CT
1	38177479	48	GC
1	38177632	153	GA
1	38177733	101	TC
1	38177910	177	TA
1	38178147	237	GC
1	38178174	27	GT
1	38178513	339	TC
1	38179112	492	CT
1	38179596	484	AG
1	38180408	531	TC
1	38180805	184	TC
1	38181653	329	AG
1	38181758	105	CT
1	38182125	367	AG
1	38182135	10	AG
1	38189698	6736	AG
1	38194519	4428	GA
1	38197691	3050	TC
1	38197902	211	GC
1	38197990	88	CT
1	38199362	1333	GA
1	38200224	788	CA
1	38200446	176	TC
1	38201741	1295	GA
1	38201773	32	AG
1	38202802	945	GC
1	38202933	131	AG
1	38202986	53	TC
1	38203955	829	GA
1	38204895	456	TC
1	38205017	122	TC
1	38205299	232	GA
1	38206820	881	AG
1	38207834	177	TC
1	38208507	673	TC
1	38208509	2	GC
1	38209237	230	TC
1	38209695	458	GA
1	38209904	209	TC
1	38209913	9	AG
1	38209916	3	AG
1	38210190	274	TC
1	38210240	50	CG
1	38210247	7	TC
1	38210285	38	AG
1	38212021	1402	GA
1	38212346	325	GA
1	38212461	115	TC
1	38212506	45	TC
1	38212989	483	TC
1	38213003	14	AC
1	38213036	33	CT
1	38213066	30	CG
1	38213219	153	AC
1	38214741	1360	AC
1	38214811	70	AG
1	38215483	672	CT
1	38215565	82	GA
1	38215737	172	AG
1	38215955	183	GA
1	38216852	339	AG
1	38216856	4	CT
1	38216927	71	AG
1	38216996	69	AG
1	38217205	209	CT
1	38217545	340	TC
1	38217578	33	CT
1	38218261	653	CT
1	38218353	92	AC
1	38218983	303	GC
1	38219199	216	TC
1	38219234	35	GA
1	38219292	58	AG
1	38219631	339	TC
1	38219791	160	TC
1	38220007	216	TC
1	38220069	62	GA
1	38220129	60	CT
1	38220710	581	AG
1	38220737	27	GA
1	38222371	825	CG
1	38222486	115	GA
1	38223378	892	AG
1	38223423	45	CT
1	38223664	241	AG
1	38223736	72	TC
1	38223995	259	GC
1	38224062	67	AT
1	38224071	9	GA
1	38226288	1236	GT
1	38227524	775	TC
1	38227549	25	AG
1	38229397	1815	TC
1	38229485	88	CT
1	38229560	75	AC
1	38230282	722	CA
1	38231796	1514	AG
1	38232042	246	CG
1	38232232	190	AG
1	38232456	224	GC
1	38232487	31	GA
1	38232853	366	CG
1	38233564	219	AT
1	38234718	1019	AG
1	38235054	336	CT
1	38235100	46	GA
1	38235148	48	GC
1	38235440	292	CG
1	38235533	93	GA
1	38236820	905	GT
1	38236862	42	TC
1	38237006	144	CA
1	38237600	594	AG
1	38237914	314	TC
1	38239110	591	TG
1	38239362	252	CT
1	38240459	1097	CT
1	38240548	89	GA
1	38240881	333	CT
1	38240917	36	CT
1	38242117	760	CA
1	38242505	388	GA
1	38242973	468	GA
1	38243829	802	TC
1	38245385	1556	AC
1	38245846	252	TA
1	38245978	132	CT
1	38246027	49	AG
1	38246140	113	GA
1	38247193	1053	AG
1	38247228	35	GA
1	38247673	445	CG
1	38247684	11	CG
1	38248048	364	CT
1	38248557	509	GA
1	38248890	333	CT
1	38249236	346	GA
1	38249576	4	TA
1	38250850	969	CT
1	38250883	33	AG
1	38254058	3175	TC
1	38254454	396	TC
1	38255229	775	AT
1	38255849	620	TC
1	38256440	591	AG
1	38256866	426	CT
1	38257264	398	AG
1	38259219	1544	CT
1	38259317	98	GA
1	38260238	921	GA
1	38260347	109	CG
1	38260689	342	CT
1	38261128	32	TC
1	38261168	40	GC
1	38261204	36	CG
1	38261540	336	AG
1	38262189	627	AG
1	38262214	25	CT
1	38262559	345	TA
1	38263036	324	CT
1	38263163	127	TC
1	38263221	58	GA
1	38263307	86	CG
1	38263597	290	CT
1	38263983	386	CG
1	38265284	947	TC
1	38266293	82	CG
1	38266856	563	GC
1	38267611	755	CT
1	38268016	405	GA
1	38268857	841	GA
1	38269003	146	GC
1	38269333	330	GA
1	38269513	180	AG
1	38271887	1147	AG
1	38273045	1158	AT
1	38278386	2700	AG
1	38279427	757	AC
1	38279835	408	CT
1	38279911	76	AC
1	38280348	437	CT
1	38280350	2	TC
1	38280710	58	TC
1	38280872	162	AG
1	38281157	285	GA
1	38283064	1119	AC
1	38283393	158	CT
1	38283542	149	TC
1	38283579	37	TG
1	38283764	185	GT
1	38283969	205	CT
1	38284115	146	TC
1	38284316	201	AG
1	38284508	192	AT
1	38286383	1626	CT
1	38287485	1102	AG
1	38288572	1087	TC
1	38289813	1241	CT
1	38289990	177	CG
1	38290021	31	AT
1	38291520	1499	TC
1	38291599	29	GA
1	38291921	322	CT
1	38292778	857	CG
1	38293125	347	GA
1	38293381	256	TC
1	38293708	327	TC
1	38295369	218	AG
1	38296171	523	AG
1	38296227	56	TC
1	38296399	172	AT
1	38296418	19	TG
1	38296438	20	AC
1	38296719	281	AC
1	38298587	1868	CT
1	38299780	1119	TC
1	38300108	328	CG
1	38300383	275	AG
1	38301621	1144	CT
1	38302206	585	AG
1	38302844	638	TC
1	38304868	1830	AG
1	38306282	1414	CT
1	38306779	497	AG
1	38307369	590	AG
1	38307481	112	AG
1	38308324	843	AC
1	38309081	757	GA
1	38309401	320	AG
1	38311337	1860	CT
1	38311611	274	AG
1	38311753	142	CA
1	38311872	119	CT
1	38312706	834	GA
1	38312762	30	CG
1	38312907	145	TA
1	38313071	164	GA
1	38313090	19	GC
1	38313827	737	AG
1	38313944	117	GA
1	38315495	1551	AC
1	38315639	144	GA
1	38315821	64	TC
1	38315901	80	CT
1	38315915	14	AG
1	38316038	123	GA
1	38316118	80	AC
1	38317218	331	GA
1	38318007	202	AG
1	38319127	1120	TC
1	38319423	296	GA
1	38319432	9	GA
1	38319535	103	TC
1	38319571	36	CA
1	38320121	550	GA
1	38320237	116	CT
1	38320247	10	GA
1	38320361	114	TC
1	38320367	6	CG
1	38320374	7	AG
1	38321167	749	AG
1	38321414	247	TC
1	38321819	405	GA
1	38321918	99	CT
1	38322246	296	AG
1	38322542	296	TC
1	38324127	1546	CT
1	38324615	488	CG
1	38324925	310	AG
1	38325643	611	CT
1	38325729	86	CT
1	38325749	20	TC
1	38325763	14	CT
1	38325910	147	AG
1	38325922	12	CT
1	38325955	33	GA
1	38326024	69	GA
1	38326210	186	CT
1	38326239	29	AG
1	38326242	3	TG
1	38326518	276	GA
1	38326560	42	AG
1	38326585	25	GA
1	38327044	249	GA
1	38327089	45	CT
1	38327991	902	TC
1	38328623	632	CT
1	38328735	112	CT
1	38333445	4611	CT
1	38334660	1215	TC
1	38338674	2325	AC
1	38339334	660	CT
1	38339523	189	TC
1	38339585	62	CT
1	38341476	1891	TG
1	38342601	1125	AG
1	38343191	590	GA
1	38344215	944	AG
1	38344225	10	CT
1	38345653	1428	GA
1	38349780	4036	AG
1	38350354	468	CT
1	38351687	1309	AG
1	38352102	415	CG
1	38352598	496	TG
1	38353229	613	CT
1	38353583	172	TA
1	38354743	1160	CA
1	38355602	859	TA
1	38355702	100	TA
1	38356465	763	AG
1	38356559	94	AC
1	38356821	262	AG
1	38357151	259	GC
1	38358472	1321	TC
1	38358663	191	CT
1	38358681	18	CT
1	38358785	104	TC
1	38359130	197	GA
1	38360046	916	GC
1	38361557	1461	TC
1	38361840	283	GA
1	38362162	322	AG
1	38362213	51	CT
1	38362901	688	TC
1	38364258	772	GA
1	38364499	241	AC
1	38364622	123	TG
1	38366511	1826	GA
1	38368560	1939	AG
1	38370804	1722	CA
1	38371422	213	TC
1	38372271	398	GA
1	38373238	967	GA
1	38373308	70	CT
1	38373529	221	TG
1	38375883	632	TC
1	38377164	837	GA
1	38377180	16	TC
1	38379499	1446	AG
1	38379664	165	GA
1	38379745	81	CG
1	38380326	545	AG
1	38380658	232	CT
1	38386990	4668	AC
1	38388675	881	AG
1	38392308	3179	AG
1	38394708	2342	GA
1	38394754	46	GA
1	38395827	759	AG
1	38396267	440	GC
1	38398025	1758	TC
1	38399280	1203	GA
1	38403611	2804	TC
1	38405258	1044	GA
1	38405758	206	AG
1	38407646	1672	GA
1	38407712	66	GA
1	38407790	41	CA
1	38407834	44	AG
1	38410194	1267	CT
1	38412638	1792	AC
1	38414792	2154	GA
1	38417069	723	CG
1	38417135	66	TC
1	38417420	285	AG
1	38418364	793	GA
1	38418974	327	CT
1	38419025	51	AG
1	38420999	327	AG
1	38423706	1728	GA
1	38428370	3232	GA
1	38431349	2122	CT
1	38431947	598	TC
1	38431972	25	TC
1	38433617	1477	CA
1	38433690	73	CG
1	38434154	464	CT
1	38434159	5	CT
1	38434160	1	AG
1	38434163	3	TC
1	38438142	1205	GT
1	38438855	76	TC
1	38438886	31	GT
1	38439977	338	CT
1	38440083	106	CT
1	38440361	278	CA
1	38440567	206	TC
1	38441081	473	AG
1	38441292	211	TC
1	38441448	156	CT
1	38441519	71	TC
1	38441856	337	TC
1	38442076	220	TC
1	38442175	99	TA
1	38442395	220	GA
1	38442676	281	CT
1	38442737	61	TC
1	38442761	24	TC
1	38443421	308	GA
1	38444893	1055	CG
1	38445918	869	AG
1	38445927	9	GA
1	38446300	373	TC
1	38447466	838	CT
1	38448292	826	AC
1	38448650	358	CT
1	38451269	2261	CT
1	38454308	3039	GA
1	38456046	1738	GA
1	38456269	223	AG
1	38457237	968	AG
1	38457383	146	TC
1	38458945	1148	CG
1	38459413	468	TG
1	38460719	1306	AG
1	38462948	1877	AG
1	38462989	41	TC
1	38463333	344	GT
1	38465680	2205	GA
1	38468151	2017	GA
1	38471641	3322	TC
1	38475715	3378	AG
1	38477564	968	AT
1	38478171	573	TG
1	38479068	580	GA
1	38479512	444	AG
1	38479517	5	CT
1	38479697	180	AC
1	38479718	21	TC
1	38479730	12	GA
1	38479912	182	GC
1	38479934	22	AG
1	38480153	219	TC
1	38480180	27	CG
1	38480187	7	AG
1	38480224	37	AC
1	38480307	83	CG
1	38480309	2	TG
1	38480427	118	CG
1	38480499	72	CG
1	38481000	501	CT
1	38481088	88	CG
1	38481313	225	CG
1	38481505	192	AG
1	38481683	178	AG
1	38482284	601	TC
1	38482655	371	AG
1	38483238	583	TC
1	38483256	18	GA
1	38483561	305	AG
1	38483784	223	TC
1	38486527	1986	CA
1	38489274	1853	AG
1	38490583	1309	CT
1	38491028	445	CT
1	38497378	5277	TG
1	38497759	381	TG
1	38498493	734	TC
1	38498696	203	CA
1	38499251	555	CA
1	38500693	1234	TG
1	38506916	5669	GC
1	38508955	1878	CT
1	38512953	3606	AG
1	38514417	978	AG
1	38514720	303	GA
1	38514740	20	CG
1	38515410	580	AT
1	38516122	712	CT
1	38530581	13024	TC
1	38586797	27580	GA
1	38592846	5344	CT
1	38596905	3189	TC
1	38600184	3072	TC
1	38605710	5017	TC
1	38605996	286	CT
1	38608755	1104	GA
1	38609420	338	TG
1	38609704	284	TC
1	38610638	934	AG
1	38610884	246	AC
1	38613716	2832	AG
1	38615495	1312	AG
1	38615832	337	CT
1	38616420	588	GA
1	38620199	3699	TC
1	38622067	1868	GA
1	38624659	2592	AG
1	38625495	485	CT
1	38625603	108	TC
1	38626676	1073	AC
1	38626777	101	CT
1	38628320	1543	AG
1	38629648	1300	CT
1	38630266	618	CT
1	38630530	264	CG
1	38630531	1	TC
1	38631300	711	TC
1	38638233	5922	AG
1	38646112	7311	TC
1	38646178	66	CG
1	38646732	554	CT
1	38647230	498	TC
1	38655296	4455	GA
1	38655492	196	AG
1	38657904	2228	AG
1	38661510	2867	GA
1	38662099	459	TC
1	38662627	528	TC
1	38665098	2471	AG
1	38665261	129	TC
1	38666082	821	CG
1	38666929	847	CT
1	38668022	764	TC
1	38668717	695	CT
1	38669586	802	TC
1	38670955	1369	AG
1	38671166	211	GA
1	38671658	492	GA
1	38672214	556	TC
1	38673549	1335	CT
1	38673911	362	GA
1	38674354	443	GA
1	38675600	1246	TC
1	38676346	746	CT
1	38677147	801	TC
1	38677246	99	AG
1	38677749	503	CA
1	38677846	97	TC
1	38679011	967	CT
1	38679037	26	CT
1	38679976	939	TC
1	38682102	2126	TC
1	38682144	42	CT
1	38682198	54	GA
1	38683836	1638	TG
1	38686362	2217	CT
1	38690055	3579	CT
1	38692518	2463	CT
1	38693825	1307	TC
1	38694935	1110	GA
1	38698291	2053	GA
1	38699507	1066	GA
1	38699931	424	AG
1	38699945	14	TC
1	38700129	184	AG
1	38700339	210	AG
1	38701201	862	GT
1	38701270	69	CA
1	38701327	57	TG
1	38703060	1338	CA
1	38703145	85	GA
1	38703199	54	TC
1	38703877	678	TC
1	38704667	790	AG
1	38704876	209	GA
1	38705987	670	TC
1	38706281	294	GA
1	38706830	549	GA
1	38707753	550	GT
1	38707757	4	AG
1	38709372	1615	GA
1	38709565	193	GT
1	38710330	765	AC
1	38710520	190	GA
1	38710526	6	GC
1	38711644	1072	CA
1	38712338	694	CT
1	38712508	170	GC
1	38712979	471	CT
1	38714866	1700	AT
1	38715207	341	GA
1	38715265	58	GA
1	38715886	621	CT
1	38715913	27	TC
1	38716140	227	GA
1	38716345	205	AG
1	38716378	33	AG
1	38717058	680	GA
1	38718463	1405	AG
1	38719294	831	GA
1	38719637	343	CA
1	38719745	108	AG
1	38720584	839	GA
1	38721051	467	TC
1	38721365	314	GA
1	38721376	11	AG
1	38721397	21	GA
1	38721886	489	AG
1	38722286	400	GA
1	38722312	26	TC
1	38722325	13	TG
1	38722604	279	CT
1	38722756	152	AG
1	38724800	2044	AG
1	38724999	199	AC
1	38726892	1806	AG
1	38727244	352	GA
1	38727812	568	TC
1	38729791	1979	GA
1	38730940	663	TC
1	38730946	6	GC
1	38731500	254	AG
1	38731733	233	AG
1	38731751	18	AG
1	38732289	538	GA
1	38732334	45	TG
1	38732348	14	TG
1	38732443	95	GC
1	38732603	160	GA
1	38732945	249	CT
1	38732955	10	TC
1	38732975	20	CT
1	38734170	1195	CT
1	38734196	26	GA
1	38735012	816	CT
1	38735060	48	GA
1	38735463	39	AG
1	38735584	121	GA
1	38735943	359	GC
1	38736327	384	AG
1	38736541	214	CA
1	38736642	101	AG
1	38736869	153	GA
1	38736961	92	CG
1	38738526	1474	CT
1	38738719	193	CT
1	38738880	161	GA
1	38738926	46	TC
1	38739733	807	AG
1	38739886	153	CT
1	38741356	1298	CT
1	38742747	1186	CA
1	38743273	526	GT
1	38743613	340	GA
1	38744330	717	GT
1	38744846	516	GC
1	38746119	1273	TC
1	38747148	769	GC
1	38747228	80	GA
1	38751509	1529	TA
1	38752439	678	CT
1	38753047	608	GC
1	38754529	1482	CT
1	38755239	710	CT
1	38755369	130	TC
1	38755426	57	GA
1	38756257	831	AT
1	38756941	684	CT
1	38757096	155	AG
1	38757307	211	TC
1	38757634	327	TC
1	38758066	400	CT
1	38759413	1347	GA
1	38765593	5727	GC
1	38766935	1342	CT
1	38768886	1666	AG
1	38769463	577	GT
1	38772725	2943	TG
1	38773309	584	TC
1	38774104	795	CT
1	38776103	1696	AG
1	38776703	600	CG
1	38776815	112	TC
1	38778241	1426	CG
1	38780316	2075	AG
1	38782999	1428	AG
1	38783099	100	AG
1	38783201	102	AG
1	38783581	380	GA
1	38785190	1537	TC
1	38786018	808	AG
1	38788166	2148	TC
1	38788463	297	AG
1	38789281	818	GC
1	38789460	179	GA
1	38792955	3495	CT
1	38793196	241	TC
1	38796060	2301	AG
1	38796136	76	GA
1	38797487	823	TC
1	38799758	2164	TC
1	38799824	66	GA
1	38799898	74	GA
1	38801478	1528	TC
1	38802792	1314	TC
1	38803302	510	AG
1	38803565	263	AG
1	38804283	718	CT
1	38807009	2667	TC
1	38807163	154	AG
1	38807336	173	AG
1	38807734	398	CG
1	38808243	509	TC
1	38808298	55	CT
1	38808855	557	TC
1	38809160	305	CT
1	38809281	121	AG
1	38809317	36	GA
1	38809338	21	CT
1	38809513	175	GA
1	38810094	581	CT
1	38810111	17	GA
1	38810195	84	GA
1	38810315	120	TC
1	38810414	99	CT
1	38811020	606	TC
1	38811676	656	GA
1	38812057	381	AG
1	38812302	245	TC
1	38812818	516	AG
1	38812947	129	CG
1	38812974	27	TG
1	38813077	103	CT
1	38813096	19	GA
1	38814037	941	CT
1	38814331	294	CT
1	38814381	50	AG
1	38814645	264	GT
1	38815894	1153	CT
1	38817994	2100	AG
1	38818727	733	TC
1	38818746	19	GA
1	38820333	1587	CT
1	38822120	1703	GA
1	38823101	981	TC
1	38823206	105	TC
1	38825626	2420	TC
1	38826130	504	AG
1	38826201	71	CT
1	38827013	812	CT
1	38827445	432	GA
1	38829634	2189	GA
1	38831307	1673	CG
1	38831688	381	GT
1	38832912	1175	GA
1	38833982	1040	TC
1	38835379	1353	AG
1	38835391	12	GA
1	38838767	3347	CT
1	38844866	5981	AG
1	38846572	1657	CT
1	38848721	2097	AC
1	38849147	229	GA
1	38851453	2306	CT
1	38852320	823	AG
1	38862570	9604	GA
1	38863622	804	CT
1	38866534	1766	GT
1	38866719	185	TC
1	38867438	173	AC
1	38867868	430	CT
1	38869020	1152	CA
1	38869485	465	GT
1	38873163	3546	TC
1	38874740	1344	GA
1	38874824	84	GA
1	38877008	1659	GA
1	38877174	166	CT
1	38879607	2433	CT
1	38881056	1362	CT
1	38881739	683	GA
1	38887076	5029	CT
1	38887142	66	TC
1	38887327	185	GA
1	38888256	929	GA
1	38892563	4121	AG
1	38892996	433	AG
1	38894541	1525	TC
1	38899764	3047	AG
1	38902002	2213	GC
1	38903782	1731	GA
1	38905226	1371	AG
1	38907455	2229	TC
1	38910652	3197	CT
1	38911618	966	TC
1	38911634	16	GA
1	38911662	28	GA
1	38912018	356	AG
1	38913534	1516	TC
1	38913603	69	TC
1	38913830	227	GA
1	38916078	2248	GA
1	38917322	1193	TC
1	38918060	738	TC
1	38919382	1322	GA
1	38923460	3699	CT
1	38927005	3504	TC
1	38929086	2081	TC
1	38929484	398	CT
1	38936193	4654	AG
1	38936531	338	CT
1	38939265	2640	GC
1	38940468	1203	TC
1	38941011	543	GC
1	38946119	4670	AT
1	38946550	431	AG
1	38946696	146	GC
1	38947423	727	GA
1	38947527	104	GA
1	38948399	872	AC
1	38951462	2258	AG
1	38951524	62	GA
1	38953567	2043	GA
1	38953884	181	CA
1	38954497	613	GA
1	38954676	97	CT
1	38954680	4	CT
1	38955027	347	CT
1	38955418	391	AG
1	38955604	186	AG
1	38955697	93	CT
1	38957304	1430	GA
1	38959782	1626	AT
1	38959900	118	AG
1	38961358	332	GT
1	38961422	64	TC
1	38961478	56	CT
1	38961801	323	CT
1	38961915	114	AG
1	38966160	3601	AG
1	38966545	251	CT
1	38966588	43	GA
1	38966724	136	GT
1	38967071	347	GA
1	38967149	78	GC
1	38967700	551	GA
1	38968719	1019	AG
1	38969047	328	CT
1	38969048	1	GA
1	38969269	221	CT
1	38972647	2761	GC
1	38973461	772	AG
1	38973474	13	CT
1	38974325	851	GA
1	38974540	215	AC
1	38975799	1164	GT
1	38976291	492	TC
1	38976399	108	TC
1	38978405	1554	GA
1	38979331	926	TG
1	38981326	1995	CT
1	38982311	985	GA
1	38985408	2847	GA
1	38986270	331	TC
1	38986590	278	AG
1	38990539	1332	GA
1	38990561	22	AG
1	38992054	1493	AC
1	38994220	1969	CT
1	38994996	734	TC
1	38995004	8	CT
1	38997458	2454	GT
1	38998845	1308	GC
1	39002451	3558	GC
1	39003012	561	GA
1	39003162	150	AG
1	39003377	215	AC
1	39004150	773	AG
1	39004240	90	TC
1	39004263	23	GA
1	39004280	17	GA
1	39004737	380	TC
1	39004839	102	GA
1	39005791	952	CT
1	39005931	140	AG
1	39005950	19	AG
1	39006068	118	CT
1	39006183	115	AG
1	39006236	53	CA
1	39006792	148	TC
1	39006804	12	AC
1	39007400	596	AG
1	39007659	259	GA
1	39007663	4	AG
1	39007821	158	GA
1	39008185	290	AG
1	39008321	136	CT
1	39009715	596	TC
1	39011718	1398	CA
1	39012070	352	CA
1	39013223	1153	AG
1	39014270	798	GA
1	39018440	1287	AG
1	39018494	54	AG
1	39023705	4308	GA
1	39024792	371	AG
1	39025362	570	AG
1	39025929	142	TC
1	39028128	2155	GT
1	39028318	190	AC
1	39028319	1	TC
1	39028675	356	GC
1	39029924	1249	AG
1	39031574	1564	GA
1	39033216	1590	TC
1	39033999	783	TC
1	39047853	13619	TC
1	39048089	236	CT
1	39051577	3429	CT
1	39054247	2545	GC
1	39056596	2032	CT
1	39056951	355	GT
1	39059863	2864	AG
1	39067644	7713	GA
1	39070920	3200	AC
1	39071728	808	AG
1	39074864	2992	CT
1	39075110	246	AG
1	39077118	2008	TC
1	39077375	257	CT
1	39078857	1482	AG
1	39079678	821	CT
1	39080154	476	CG
1	39080338	184	GA
1	39080520	182	CT
1	39081131	611	CT
1	39084863	3675	GA
1	39085633	728	TC
1	39086659	1026	CG
1	39087980	1321	CG
1	39089778	1631	TC
1	39093464	3645	AG
1	39093723	259	TC
1	39094264	502	AC
1	39097477	3089	TC
1	39098669	985	GC
1	39098735	66	AC
1	39099300	525	TC
1	39100391	1091	CT
1	39101198	752	CT
1	39102054	856	TG
1	39104089	2000	AG
1	39106059	1951	GA
1	39107245	1186	CA
1	39110452	2899	TG
1	39112071	1619	CT
1	39112665	594	TG
1	39117553	4371	AG
1	39119481	1928	AC
1	39120008	527	GA
1	39122189	1265	TC
1	39125621	2958	AG
1	39125812	191	GC
1	39127591	1028	CA
1	39134723	2392	CT
1	39135191	375	AG
1	39136066	785	TA
1	39136112	46	AG
1	39138843	1387	GC
1	39139165	322	GA
1	39139309	144	TC
1	39140933	1485	AG
1	39141305	360	AG
1	39141329	24	AG
1	39142018	648	GA
1	39143831	1678	AG
1	39143850	19	CT
1	39143959	109	TC
1	39144202	243	TC
1	39146512	2003	TG
1	39147177	665	AG
1	39147234	57	CT
1	39147745	511	CT
1	39147759	14	AC
1	39148332	573	GA
1	39148853	521	CG
1	39149439	586	GT
1	39150815	1334	CT
1	39151383	568	AG
1	39152684	1240	GA
1	39153691	1007	GA
1	39153904	213	GA
1	39154168	264	TC
1	39154208	40	TC
1	39154287	79	CT
1	39156148	1807	GA
1	39156487	339	CT
1	39156535	48	GC
1	39156601	66	AG
1	39156688	87	TC
1	39156700	12	GA
1	39156755	55	AC
1	39157414	659	TC
1	39157418	4	TC
1	39159746	2306	TC
1	39160630	764	GA
1	39161119	489	AG
1	39161237	118	CT
1	39161629	392	TC
1	39161779	150	TC
1	39162491	712	TC
1	39163200	709	CT
1	39163209	9	TC
1	39163424	215	CT
1	39163575	151	GT
1	39163611	36	AG
1	39164529	866	AG
1	39164933	404	TC
1	39164983	50	AG
1	39165680	697	CT
1	39165951	271	CT
1	39166864	856	TC
1	39166948	84	TC
1	39167266	318	TC
1	39167375	109	TC
1	39167609	234	TC
1	39167820	211	GA
1	39168045	225	CG
1	39168051	6	AT
1	39168710	659	GA
1	39168974	264	GA
1	39168985	11	GA
1	39169220	235	AG
1	39169325	105	CT
1	39169771	446	CG
1	39170376	580	TC
1	39170498	122	CT
1	39171743	1245	CA
1	39171812	69	CA
1	39172004	192	CA
1	39172689	685	GA
1	39173094	405	GC
1	39174143	1008	AG
1	39174692	549	CT
1	39174775	83	AG
1	39176889	1811	AG
1	39177773	884	GA
1	39179112	1204	TC
1	39181510	2285	CT
1	39182861	1321	CT
1	39182967	106	CG
1	39183263	296	AG
1	39183335	72	CT
1	39183769	434	AC
1	39183844	75	TC
1	39183849	5	AG
1	39184009	160	TC
1	39184470	461	CT
1	39185119	458	CG
1	39185561	442	TC
1	39185880	319	CT
1	39185969	89	AG
1	39187426	1126	CT
1	39187700	274	TC
1	39188661	961	CT
1	39188719	58	AG
1	39188919	200	GA
1	39188969	50	CT
1	39188985	16	CT
1	39190392	444	TC
1	39190636	244	GA
1	39192681	2045	TC
1	39192806	125	TC
1	39193047	241	CT
1	39193919	269	GA
1	39194188	269	GA
1	39196181	1177	AG
1	39196759	578	GT
1	39197222	463	AG
1	39201685	1757	AG
1	39202505	480	GA
1	39202599	94	TC
1	39202717	118	CT
1	39203794	1077	AG
1	39203813	19	AG
1	39203893	80	CT
1	39205234	808	AG
1	39206795	1281	AG
1	39207118	323	GC
1	39207156	38	AG
1	39208909	1384	AG
1	39209368	459	GA
1	39210849	869	AG
1	39210983	134	CT
1	39211003	20	GC
1	39211690	687	TC
1	39212230	540	GA
1	39213529	940	GA
1	39214830	793	AG
1	39214861	31	CT
1	39216383	1488	CG
1	39216910	527	GA
1	39219383	2270	TC
1	39220249	532	AG
1	39220615	366	TA
1	39220912	297	TG
1	39222337	1350	CA
1	39222407	70	AG
1	39222487	80	AG
1	39223123	559	AG
1	39224498	1150	TC
1	39225627	789	GA
1	39226027	400	TC
1	39228266	1458	AG
1	39236260	3941	CT
1	39237473	1008	GA
1	39238387	914	CT
1	39241233	1638	TA
1	39243407	2174	TC
1	39244092	685	CT
1	39245276	1005	CT
1	39246158	882	TC
1	39246159	1	TC
1	39246598	439	TC
1	39246606	8	CT
1	39247465	859	CG
1	39250741	3209	AG
1	39250838	97	TC
1	39252868	2030	CG
1	39256706	3797	TC
1	39258802	2011	AG
1	39264631	5274	TG
1	39265968	1337	AG
1	39267170	1202	TC
1	39267435	265	GC
1	39267661	226	TC
1	39267700	39	TC
1	39267721	21	CG
1	39268055	334	CT
1	39268121	66	AG
1	39268401	280	TC
1	39268877	260	AG
1	39269093	216	GT
1	39269310	217	TC
1	39269845	535	GA
1	39272524	2679	GT
1	39273402	878	AG
1	39273454	52	TC
1	39273709	255	TC
1	39274773	774	TC
1	39275043	270	GC
1	39277183	2140	CT
1	39277646	463	AG
1	39277677	31	TC
1	39279901	2192	TC
1	39280344	443	CT
1	39282959	2615	AG
1	39287433	4001	CG
1	39288023	590	GA
1	39288848	825	TC
1	39291046	2126	CT
1	39292073	1027	AG
1	39292074	1	AC
1	39295704	2869	GC
1	39295709	5	CT
1	39297426	1547	CG
1	39298850	1385	TA
1	39298851	1	GC
1	39299198	311	GA
1	39299832	401	GA
1	39308580	5224	AG
1	39317487	6429	GA
1	39322582	4743	TG
1	39351377	26312	AG
1	39351861	484	GA
1	39371782	16192	TC
1	39377964	3428	TC
1	39385977	7538	GT
1	39530079	123422	TG
1	39530741	662	AG
1	39541807	8697	GA
1	39544551	1627	GA
1	39547819	436	CT
1	39547923	25	CT
1	39548040	117	GA
1	39555106	5098	AG
1	39564931	9434	AG
1	39566135	1167	TC
1	39570776	4526	AC
1	39573001	2225	CT
1	39575114	2113	CT
1	39576941	1517	TC
1	39576976	35	GA
1	39577553	577	CT
1	39579992	1758	GA
1	39580645	653	CA
1	39580782	137	GA
1	39581065	283	CT
1	39588888	4269	AG
1	39589078	136	TC
1	39589696	618	TG
1	39589939	243	CG
1	39590106	167	GA
1	39591527	1421	GC
1	39591547	20	AG
1	39591565	18	GC
1	39591636	71	AG
1	39592469	833	CT
1	39593445	196	CT
1	39593447	2	GC
1	39593755	308	GA
1	39594094	339	CT
1	39594191	97	CT
1	39594270	79	CT
1	39594666	396	GA
1	39595639	459	TC
1	39600713	1103	AG
1	39603109	1985	AG
1	39607237	1997	TC
1	39607321	84	GC
1	39609993	1066	CG
1	39614977	3599	AG
1	39616954	1535	AG
1	39617774	572	CT
1	39618508	734	CT
1	39619298	790	CT
1	39620590	1043	AG
1	39621706	1116	TC
1	39625331	2219	GA
1	39627067	498	GA
1	39627350	283	CG
1	39628658	982	AG
1	39629142	484	TG
1	39629601	459	TG
1	39630086	168	GA
1	39633644	3180	GA
1	39633683	39	AG
1	39633760	77	CA
1	39634330	460	GA
1	39634830	500	TC
1	39635544	714	TC
1	39638092	1980	CT
1	39639133	1041	CG
1	39639232	99	TC
1	39639655	423	CT
1	39640295	640	AG
1	39640424	129	AG
1	39642983	1006	AG
1	39646722	2546	GA
1	39647074	352	AG
1	39647132	58	CT
1	39647167	35	GA
1	39651809	2573	GC
1	39652837	1028	AG
1	39656351	2912	GA
1	39656428	77	TC
1	39656584	156	AG
1	39659777	2184	CG
1	39660274	497	TC
1	39666116	3534	AT
1	39668490	2342	GA
1	39669487	997	AG
1	39673519	2682	AG
1	39674721	805	CG
1	39674956	235	CT
1	39675246	252	GC
1	39675887	609	CA
1	39676854	967	AG
1	39680292	3341	GA
1	39684155	3863	GA
1	39684844	689	GA
1	39685735	891	TG
1	39689418	3655	CT
1	39690737	1319	CT
1	39691571	834	GA
1	39692327	756	CA
1	39693097	770	TC
1	39694249	1152	AC
1	39694920	671	TC
1	39695447	503	TC
1	39696526	1079	AG
1	39697550	965	TC
1	39700225	2675	TC
1	39701010	785	CT
1	39702350	1268	GA
1	39704032	1597	AT
1	39713447	4957	TC
1	39713716	269	CT
1	39714341	625	TG
1	39714684	343	TC
1	39714831	147	TG
1	39715227	396	GA
1	39715442	215	TA
1	39716661	864	CA
1	39719450	2789	CT
1	39721938	2053	AG
1	39725419	3481	TA
1	39729196	3541	CT
1	39729902	706	CT
1	39730009	107	TC
1	39730764	222	AG
1	39731806	848	TG
1	39732303	244	AG
1	39732829	287	GT
1	39733169	173	TC
1	39733224	55	AG
1	39735220	1729	TC
1	39735887	667	GA
1	39736004	117	AG
1	39736497	493	GC
1	39736761	264	CA
1	39739087	598	GA
1	39740819	1217	CG
1	39741450	631	TC
1	39743717	1253	TC
1	39744025	308	CT
1	39747399	3130	AG
1	39749038	1639	AG
1	39750543	1422	CA
1	39763719	6955	TG
1	39764131	375	AG
1	39764153	22	CT
1	39764168	15	GA
1	39765092	924	TC
1	39765112	20	TG
1	39765647	535	AG
1	39766017	370	AG
1	39766334	317	CT
1	39767567	771	GA
1	39768297	681	AG
1	39768684	387	CT
1	39768715	31	GA
1	39768952	237	GC
1	39769103	151	CA
1	39769371	268	GA
1	39769887	516	AG
1	39770720	348	TC
1	39770782	62	AG
1	39770895	113	AG
1	39770911	16	TG
1	39771568	621	CT
1	39773740	1568	AG
1	39774224	484	GC
1	39776576	2078	AG
1	39777913	1337	TC
1	39778270	357	CG
1	39778618	348	CT
1	39779278	660	TC
1	39779462	184	CA
1	39780675	1020	CT
1	39783931	2285	AG
1	39784891	960	TC
1	39784910	19	TG
1	39785402	492	CT
1	39785490	88	TC
1	39785671	181	TC
1	39787329	1280	TC
1	39788197	868	AG
1	39789161	672	GA
1	39790809	1648	GT
1	39792455	1278	CT
1	39792594	139	CT
1	39792846	252	AC
1	39793081	235	AG
1	39793234	153	GA
1	39793241	7	GA
1	39794110	869	AG
1	39794626	472	AG
1	39794843	217	GA
1	39797086	2079	CT
1	39797518	432	GA
1	39797566	48	GT
1	39797694	128	CT
1	39798057	363	CT
1	39805734	3169	CT
1	39805894	160	CT
1	39808814	2257	CT
1	39814455	2075	TG
1	39815249	506	AG
1	39816648	1023	CT
1	39817403	656	TC
1	39818942	1153	GA
1	39819072	130	AG
1	39820408	1037	TC
1	39822760	2113	TC
1	39828968	5577	CT
1	39832187	3219	AC
1	39832271	84	TG
1	39835151	2814	GA
1	39838271	2857	AC
1	39840056	1719	TC
1	39840466	410	AG
1	39843534	2445	TG
1	39844459	864	GA
1	39848249	2965	AG
1	39858334	7805	TC
1	39861087	2392	GA
1	39865051	2206	GA
1	39867205	2154	GC
1	39867219	14	GA
1	39867234	15	CA
1	39867313	79	CT
1	39868860	1547	CT
1	39869949	1089	TC
1	39870016	67	CG
1	39870453	437	GC
1	39871999	1546	CG
1	39874607	2608	CT
1	39874745	138	CG
1	39877095	909	AG
1	39877876	332	GT
1	39877945	69	CG
1	39878113	168	TG
1	39878158	45	TC
1	39878827	669	TC
1	39880336	1455	GA
1	39880865	529	GA
1	39881163	298	CT
1	39881248	85	AG
1	39881618	272	AG
1	39882085	467	TC
1	39882212	127	GA
1	39882348	136	CG
1	39884136	1188	GA
1	39884575	439	TC
1	39886110	854	AG
1	39886944	143	GA
1	39886953	9	AG
1	39888117	1164	CG
1	39888137	20	CA
1	39889167	1030	AG
1	39889333	166	AG
1	39889982	649	CT
1	39889984	2	CT
1	39889987	3	AG
1	39890984	997	TC
1	39891385	401	GA
1	39891520	135	AG
1	39891996	476	CG
1	39892350	354	AG
1	39892858	508	CT
1	39893209	351	TC
1	39894671	806	CA
1	39895367	375	TC
1	39895404	37	TC
1	39895408	4	CT
1	39895796	388	CT
1	39895981	185	TG
1	39896890	909	TC
1	39897370	480	TA
1	39897826	456	CT
1	39897902	76	TC
1	39899347	1013	TC
1	39899356	9	TC
1	39902134	2500	GT
1	39902816	682	CT
1	39902964	148	AG
1	39904288	719	AG
1	39904302	14	CT
1	39906036	1607	GA
1	39906583	547	TC
1	39906870	287	CG
1	39907457	587	CT
1	39907562	105	TC
1	39908058	496	GA
1	39909195	52	CT
1	39909868	532	TA
1	39909904	36	CT
1	39910355	451	CT
1	39911326	647	AG
1	39911374	48	TC
1	39915834	1651	GC
1	39916008	174	CT
1	39916071	63	AG
1	39916669	536	CT
1	39919025	1922	AG
1	39919919	894	CG
1	39922327	1879	GT
1	39924067	1677	GA
1	39925970	654	AC
1	39931344	1538	TC
1	39934789	1909	CT
1	39936795	1847	TG
1	39937281	181	TC
1	39938400	608	GA
1	39939856	1204	TC
1	39944541	1624	GA
1	39945615	889	CA
1	39946217	311	AG
1	39948772	922	TC
1	39950758	1600	TC
1	39951091	333	CT
1	39952348	812	AG
1	39953241	544	TC
1	39956156	1712	CT
1	39956366	210	GT
1	39959548	2017	TG
1	39961901	2048	GA
1	39962080	179	AG
1	39964120	1808	CT
1	39965089	969	GT
1	39969333	3210	CT
1	39969886	553	TC
1	39970073	187	CT
1	39970102	29	AG
1	39970588	486	GA
1	39972841	2218	GC
1	39973521	680	CT
1	39974714	890	AG
1	39976399	1146	AC
1	39977609	642	GC
1	39977648	39	CT
1	39977876	228	AG
1	39982616	1249	AG
1	39983230	614	AG
1	39984090	860	AG
1	39985636	1519	CT
1	39987090	1454	TC
1	39988549	1434	TC
1	39989635	949	TG
1	40637190	637190	TA
1	40638252	975	GA
1	40638602	318	CG
1	40641625	1120	CT
1	40641845	173	GA
1	40641922	77	CG
1	40642913	649	TC
1	40643130	217	GA
1	40643201	71	AC
1	40644650	862	AT
1	40645157	71	TC
1	40645330	173	GA
1	40645331	1	TC
1	40645587	256	AG
1	40645643	56	CG
1	40645997	354	TC
1	40646231	234	GA
1	40646308	77	GA
1	40646698	223	TC
1	40646699	1	GA
1	40646796	97	GA
1	40648144	577	TC
1	40648717	538	CT
1	40649881	510	TC
1	40650095	214	GC
1	40650101	6	AG
1	40650225	124	AG
1	40650231	6	TC
1	40650250	19	CT
1	40650253	3	TC
1	40650438	130	AG
1	40650490	52	GC
1	40650545	55	AC
1	40650548	3	GC
1	40650550	2	AG
1	40650570	20	GA
1	40650579	9	CG
1	40650583	4	CA
1	40650584	1	AG
1	40650705	121	CG
1	40650706	1	TG
1	40650798	92	AG
1	40650866	68	GA
1	40650933	67	GC
1	40650962	29	GA
1	40651168	206	GA
1	40651798	630	AG
1	40651818	20	TC
1	40652008	115	CT
1	40652208	200	AG
1	40652231	23	AG
1	40652264	33	CA
1	40652401	25	CT
1	40652429	28	GA
1	40653109	680	CT
1	40653188	79	TG
1	40653212	24	CT
1	40653233	21	AC
1	40654541	1308	GA
1	40654600	59	CT
1	40655002	402	GT
1	40655537	535	CT
1	40655912	375	CT
1	40656159	247	CT
1	40656339	180	GT
1	40656374	35	GA
1	40656386	12	CT
1	40656705	319	CT
1	40657405	700	AG
1	40657525	120	GA
1	40657567	42	CT
1	40657765	198	TG
1	40657863	98	AG
1	40658007	144	CA
1	40658286	279	CA
1	40658425	139	GA
1	40660006	1022	GA
1	40660025	19	AG
1	40660132	107	TC
1	40660151	19	TC
1	40660230	79	CT
1	40660260	30	CT
1	40660362	102	GA
1	40660390	28	CG
1	40660391	1	AG
1	40660419	28	TC
1	40660486	67	AC
1	40660521	35	TC
1	40660734	213	CT
1	40660924	190	GT
1	40661386	209	CT
1	40661398	12	CT
1	40661654	214	GA
1	40661839	185	AG
1	40662009	170	GA
1	40662113	104	TC
1	40662137	24	GA
1	40662503	287	AC
1	40662688	185	AG
1	40662751	63	TC
1	40663617	522	AC
1	40663823	206	AG
1	40663980	157	AG
1	40664603	242	CT
1	40664795	192	TC
1	40664877	82	GA
1	40665021	144	GC
1	40665036	15	TC
1	40665094	58	CT
1	40665132	38	GA
1	40665942	810	AG
1	40666144	202	AG
1	40666827	683	AG
1	40667083	256	TC
1	40667242	159	AG
1	40667246	4	CT
1	40667260	14	CT
1	40667385	125	AG
1	40667414	29	TC
1	40667540	126	AG
1	40668388	715	TC
1	40668466	78	CT
1	40668487	21	CA
1	40668669	182	TA
1	40668841	172	TG
