1	1149720	1149720	TC
1	1167299	15471	CT
1	1336418	133614	CT
1	1336446	28	CT
1	1336470	24	CT
1	1336693	223	AG
1	1336857	164	GC
1	1337027	170	CT
1	1337339	312	AG
1	1337455	116	CA
1	1337479	24	AG
1	1337642	163	TG
1	1337759	117	AG
1	1337765	6	TC
1	1337775	10	GC
1	1337776	1	CA
1	1338086	310	GA
1	1338166	80	AG
1	1338354	188	TC
1	1338854	500	CT
1	1339107	157	GA
1	1339111	4	AG
1	1339131	20	TC
1	1339325	194	GA
1	1339459	134	CT
1	1339617	116	GC
1	1340024	407	GC
1	1340318	294	TA
1	1340639	321	GC
1	1340752	113	AG
1	1340755	3	GA
1	1340756	1	CG
1	1340999	243	CT
1	1342668	1339	CT
1	1350836	6310	CT
1	1351745	877	AG
1	1351820	75	AG
1	1351848	28	AG
1	1352010	162	TC
1	1352996	986	AG
1	1353075	79	AG
1	1353246	97	GA
1	1355628	2106	GC
1	1360802	3760	TG
1	1361810	862	CT
1	1362006	196	TC
1	1362091	85	CT
1	1362474	383	CT
1	1363509	977	GA
1	1363930	421	GC
1	1366522	2471	TC
1	1366766	244	GT
1	1369787	2373	GA
1	1371864	1687	AG
1	1372120	256	CT
1	1376004	2116	TG
1	1377350	678	AC
1	1377406	56	CT
1	1377453	47	CT
1	1377726	273	GA
1	1377778	52	TC
1	1377843	65	GC
1	1377931	88	TC
1	1378716	785	TC
1	1379022	306	AG
1	1379046	24	CT
1	1379366	320	CA
1	1380487	1018	AT
1	1380701	214	AG
1	1381503	684	AG
1	1381828	325	TC
1	1382051	223	GA
1	1382816	417	TC
1	1382876	60	AC
1	1383693	62	TC
1	1383815	122	CG
1	1384448	633	TC
1	1384621	173	CT
1	1384672	51	CT
1	1385950	1278	TC
1	1389736	2649	CT
1	1394532	4056	TC
1	1396110	1390	CT
1	1396479	321	AC
1	1397888	979	TC
1	1397908	20	AG
1	1397979	71	AG
1	1398057	78	GA
1	1398288	231	TC
1	1398466	178	AG
1	1398553	87	TC
1	1398796	243	GA
1	1398857	61	CG
1	1398868	11	GA
1	1398996	128	GA
1	1399044	48	AG
1	1399093	49	GA
1	1399226	133	TC
1	1399333	107	CT
1	1399334	1	AG
1	1399487	153	GC
1	1399543	56	AC
1	1399933	186	GA
1	1400015	82	GA
1	1400043	28	CT
1	1400186	143	GA
1	1400189	3	GC
1	1400391	202	GA
1	1400541	150	GT
1	1400613	72	AG
1	1400752	139	GA
1	1401032	280	AC
1	1401172	140	CG
1	1401176	4	CA
1	1401255	79	GA
1	1401359	104	TC
1	1401675	316	AG
1	1401901	226	TC
1	1402305	404	TC
1	1402417	112	GA
1	1402448	31	GC
1	1402538	90	GA
1	1402882	344	GA
1	1403334	452	TC
1	1403604	270	CG
1	1403646	42	TC
1	1403667	21	CT
1	1403700	33	CT
1	1403736	36	TC
1	1404008	172	GT
1	1404224	216	AT
1	1404343	119	TC
1	1404448	105	CT
1	1404736	288	GA
1	1404834	98	TC
1	1405043	209	GA
1	1405166	65	TC
1	1405225	59	GA
1	1405333	108	CT
1	1405339	6	TC
1	1405356	17	CT
1	1405363	7	GA
1	1405524	161	CT
1	1405611	87	TC
1	1405884	273	GA
1	1405911	27	GA
1	1405998	87	GA
1	1406422	393	AG
1	1406430	8	TC
1	1406453	23	CT
1	1406732	279	GA
1	1406804	72	AC
1	1407203	355	GA
1	1407223	20	AC
1	1407265	42	GT
1	1407430	165	AG
1	1408280	337	AG
1	1408528	16	AG
1	1408590	62	AG
1	1408697	107	GA
1	1408712	15	AG
1	1408728	16	CG
1	1408763	35	CG
1	1408866	103	TC
1	1408948	82	GA
1	1408949	1	CT
1	1408998	49	CT
1	1409166	168	TC
1	1409290	124	AG
1	1409353	63	GA
1	1409398	45	TC
1	1409527	129	AG
1	1409672	145	TC
1	1409937	265	AG
1	1410547	301	CT
1	1410573	26	GA
1	1410780	207	TC
1	1411795	804	CT
1	1411876	81	GA
1	1412084	208	TC
1	1412552	468	CT
1	1412554	2	TC
1	1412995	441	TC
1	1413584	321	CT
1	1413615	31	CT
1	1413637	22	CT
1	1413719	82	GA
1	1414229	510	CT
1	1414590	361	GA
1	1414789	199	TC
1	1414821	32	GA
1	1414961	140	AG
1	1415051	90	TC
1	1415150	99	AG
1	1416648	840	CT
1	1416895	247	GA
1	1417018	123	TC
1	1417124	106	CT
1	1418771	1571	TC
1	1419218	447	CT
1	1420929	1146	CT
1	1421543	596	GT
1	1421562	19	CT
1	1421566	4	GT
1	1422448	882	CT
1	1423098	650	AC
1	1423234	136	CT
1	1423366	132	TC
1	1423577	211	TC
1	1423618	41	TC
1	1423629	11	GC
1	1423675	46	CT
1	1423772	97	TC
1	1423934	162	CT
1	1424027	93	TC
1	1426615	2531	AG
1	1426695	80	GA
1	1426701	6	GA
1	1426708	7	GA
1	1426710	2	GA
1	1426718	8	CT
1	1427473	361	TC
1	1427580	107	TC
1	1428025	88	CT
1	1428460	303	TC
1	1428579	69	CG
1	1428585	6	GT
1	1428653	68	GC
1	1428733	80	TC
1	1428799	66	GA
1	1429087	288	TG
1	1429730	288	TC
1	1429926	131	TC
1	1436317	6190	CT
1	1437632	1070	AG
1	1437746	114	AT
1	1446926	5960	CT
1	1448646	1477	GA
1	1448659	13	CT
1	1448667	8	TC
1	1448677	10	AG
1	1450490	1676	GA
1	1450512	22	TA
1	1450545	33	GA
1	1450550	5	CT
1	1450598	48	AG
1	1450821	223	GA
1	1450837	16	GT
1	1451155	318	GC
1	1451214	59	TC
1	1451293	79	CT
1	1452064	771	GA
1	1453889	1216	TA
1	1453912	23	GA
1	1454699	787	TC
1	1455564	489	GA
1	1455621	57	AG
1	1456572	489	CG
1	1456613	41	TC
1	1456673	60	GC
1	1457102	429	TC
1	1457261	119	CA
1	1457577	316	GA
1	1457854	92	CT
1	1458191	337	TA
1	1458207	16	TC
1	1458574	367	AG
1	1458582	8	GA
1	1458763	181	GA
1	1459030	267	CT
1	1459031	1	AG
1	1459044	13	AG
1	1459170	126	TC
1	1459425	255	AG
1	1459900	432	TC
1	1459973	73	AG
1	1463460	1852	CT
1	1463499	39	TC
1	1463549	50	CT
1	1463555	6	TC
1	1463647	92	GC
1	1463744	97	CT
1	1463769	25	GT
1	1463859	90	CT
1	1464067	208	GA
1	1464122	55	CT
1	1464170	48	TC
1	1464173	3	TC
1	1464360	187	CG
1	1464508	148	AG
1	1464577	69	TC
1	1464631	54	CT
1	1464654	23	GA
1	1465624	402	TC
1	1466044	213	GA
1	1466060	16	AG
1	1469360	1982	TC
1	1471517	1239	CT
1	1473408	1863	GA
1	1473575	85	GA
1	1473604	29	AG
1	1475596	1968	TG
1	1476451	821	GT
1	1478156	1705	GA
1	1478849	693	GA
1	1483225	4348	AG
1	1484397	832	AG
1	1486571	2142	GA
1	1487638	1067	TC
1	1491663	3797	CT
1	1492335	459	AC
1	1493675	1085	GA
1	1494109	434	TG
1	1496838	2320	GA
1	1497530	692	CT
1	1499842	1734	AG
1	1500436	594	CT
1	1500437	1	TG
1	1500857	420	AG
1	1500946	89	AG
1	1501339	393	AG
1	1501523	184	GC
1	1501777	254	GA
1	1501894	117	TC
1	1502023	101	TC
1	1504635	1367	AG
1	1505366	689	GA
1	1505671	305	TG
1	1506133	397	AG
1	1506678	545	AG
1	1506760	82	AG
1	1508738	1925	AG
1	1509096	358	AG
1	1510097	769	GA
1	1510647	550	TC
1	1511332	685	CT
1	1511408	76	TC
1	1511430	22	AG
1	1512274	537	GA
1	1512691	417	GC
1	1512847	156	AG
1	1513289	407	TC
1	1513314	25	AG
1	1513322	8	TG
1	1513589	238	TC
1	1524031	7139	AG
1	1531383	4175	GT
1	1531579	196	CT
1	1533655	2009	CG
1	1537990	4262	CT
1	1538491	501	GT
1	1538611	120	AG
1	1538679	68	GA
1	1540706	1783	AG
1	1540788	82	CG
1	1541797	965	TA
1	1551896	4527	GA
1	1553302	752	AG
1	1572796	9545	CT
1	1577981	3113	AG
1	1580324	750	AC
1	1581153	829	GA
1	1581395	242	TC
1	1581866	471	TC
1	1582005	139	GC
1	1582198	193	TC
1	1582405	207	TG
1	1582645	240	GA
1	1583523	794	GA
1	1583594	71	AG
1	1583787	193	GA
1	1583801	14	TC
1	1583814	13	GT
1	1583836	22	CT
1	1583965	129	GA
1	1584039	74	GT
1	1585385	458	CT
1	1586695	931	GA
1	1588490	1457	TC
1	1589454	810	GA
1	1590293	176	CG
1	1591701	1071	GT
1	1591738	37	GA
1	1592561	760	TA
1	1593887	1255	TC
1	1594011	57	CT
1	1594014	3	TC
1	1596662	330	GA
1	1596824	162	GC
1	1596989	165	TC
1	1598064	869	GA
1	1598766	433	GA
1	1601522	1807	AT
1	1602082	560	GC
1	1602184	102	GA
1	1602310	126	GA
1	1603821	1068	AG
1	1603893	72	GA
1	1604179	93	GA
1	1604198	19	CT
1	1604570	63	AG
1	1606139	1529	AG
1	1606844	431	AG
1	1606987	143	GA
1	1608579	1536	GC
1	1609294	593	CT
1	1612788	2027	GA
1	1612801	13	CG
1	1613463	257	CG
1	1618324	2244	AG
1	1622522	2154	AG
1	1623130	550	TC
1	1626222	3045	CT
1	1626364	142	TA
1	1627114	750	GA
1	1627946	488	GC
1	1630417	1395	CT
1	1630714	297	AC
1	1630738	24	CG
1	1631076	338	GC
1	1631253	177	TC
1	1632760	1185	AG
1	1632830	70	AG
1	1632997	167	GA
1	1638136	4658	CT
1	1639031	809	TA
1	1640733	1096	GA
1	1641718	491	AT
1	1641803	85	CG
1	1641898	95	AG
1	1642218	320	AG
1	1643419	677	AG
1	1643608	189	CT
1	1644372	764	TC
1	1644508	136	GT
1	1651772	2840	CT
1	1652288	378	CG
1	1653304	1016	CT
1	1653469	165	CA
1	1653644	175	CG
1	1655043	1399	AT
1	1656166	1099	GA
1	1657692	1333	GA
1	1658540	848	GC
1	1658970	406	GA
1	1660709	1549	CG
1	1661780	400	AG
1	1662350	533	AT
1	1662431	81	CT
1	1663594	1163	GT
1	1663724	130	TC
1	1666533	2602	CT
1	1667349	508	GT
1	1668858	1103	AG
1	1669033	175	AG
1	1670563	931	AC
1	1670564	1	CG
1	1670675	111	TC
1	1670869	194	GA
1	1670894	25	GA
1	1670951	57	GA
1	1671082	131	AC
1	1671289	207	TC
1	1671355	66	AC
1	1671996	641	CG
1	1672575	579	CT
1	1680087	4423	CT
1	1680088	1	AG
1	1680232	144	GC
1	1680792	560	CA
1	1680994	202	CT
1	1681275	170	CT
1	1681279	4	CT
1	1681333	54	CT
1	1682905	1175	GA
1	1684360	1455	CT
1	1685270	571	TC
1	1685328	58	AT
1	1685603	275	AG
1	1686063	460	TC
1	1687050	987	GA
1	1687166	116	CT
1	1687366	200	GA
1	1687973	607	CT
1	1688499	404	TC
1	1688518	19	GC
1	1688586	68	AG
1	1689075	489	AG
1	1689113	38	GA
1	1689319	206	GA
1	1690491	1068	GT
1	1690717	226	GC
1	1690755	38	AG
1	1692849	1035	GC
1	1692904	55	GA
1	1692914	10	AG
1	1693152	238	AG
1	1694763	1588	AG
1	1695768	962	CG
1	1698478	2468	CT
1	1699489	1011	AG
1	1700906	1338	AG
1	1702334	1363	CT
1	1702516	182	CT
1	1702532	16	CT
1	1703222	690	AG
1	1703326	104	AG
1	1703513	187	CT
1	1703826	234	GA
1	1703874	48	GA
1	1704546	672	AG
1	1704908	362	GA
1	1705875	818	TA
1	1706236	316	AG
1	1706451	215	CT
1	1707820	1369	CG
1	1709169	1290	AG
1	1710340	1037	AG
1	1710351	11	CT
1	1711372	1021	TC
1	1711391	19	TC
1	1711930	539	GA
1	1711966	36	CA
1	1712131	165	TC
1	1712314	183	AG
1	1712484	170	CT
1	1712635	151	TC
1	1713144	509	CG
1	1713173	29	AG
1	1714962	1727	TG
1	1715066	104	TC
1	1715496	430	GC
1	1715498	2	CT
1	1716544	612	CT
1	1716590	46	GA
1	1719638	2019	CG
1	1720153	338	GA
1	1720161	8	AG
1	1720215	54	TC
1	1720258	43	GA
1	1720569	203	AC
1	1720846	277	CT
1	1721151	305	GA
1	1721246	95	AG
1	1721343	97	AG
1	1721640	297	CA
1	1721892	252	TC
1	1722649	757	GC
1	1722692	43	AC
1	1725113	2330	TC
1	1725579	466	CT
1	1725793	214	GT
1	1726506	713	GA
1	1726643	137	GA
1	1726867	224	CT
1	1727405	494	AC
1	1727406	1	GA
1	1727443	37	GT
1	1728059	616	TA
1	1729082	734	AG
1	1729125	43	GA
1	1729136	11	CT
1	1729167	31	TC
1	1729224	57	GC
1	1729226	2	CG
1	1729339	113	GC
1	1729966	598	TC
1	1730373	407	CT
1	1730383	10	CT
1	1730920	264	GA
1	1731104	184	CT
1	1731149	45	CT
1	1731170	21	GA
1	1731264	94	GA
1	1731536	199	CT
1	1731707	171	CA
1	1734338	1582	TC
1	1735125	787	CA
1	1735145	20	CT
1	1736371	654	AG
1	1736747	376	GT
1	1737569	477	GC
1	1737658	89	TC
1	1737919	261	CT
1	1739145	1040	GA
1	1739183	38	AG
1	1739257	74	TA
1	1739261	4	AG
1	1739705	406	GA
1	1740326	564	GC
1	1740394	68	CT
1	1740398	4	TC
1	1740643	245	AG
1	1740848	144	AG
1	1740914	66	GA
1	1741014	100	TG
1	1741676	355	GA
1	1742452	776	GA
1	1742491	39	TG
1	1743245	463	AG
1	1744232	377	AG
1	1744310	78	AG
1	1745235	202	GA
1	1745884	217	GA
1	1748051	1541	GA
1	1749759	789	GA
1	1768097	11429	GA
1	1771764	2621	GA
1	1771826	62	GA
1	1772789	963	GA
1	1773848	963	TC
1	1774098	214	TC
1	1774601	503	CA
1	1775066	465	CT
1	1777522	2112	AG
1	1780502	2980	CA
1	1781480	978	GA
1	1781615	135	CT
1	1782109	427	AG
1	1783120	978	TC
1	1783524	404	TC
1	1783607	83	GA
1	1784208	488	TC
1	1784776	568	CT
1	1789487	4258	AG
1	1793210	2587	GA
1	1797867	4438	CG
1	1798662	795	GT
1	1799794	1073	GC
1	1809566	7161	GA
1	1814920	3865	TC
1	1817525	1432	TC
1	1818616	910	GA
1	1819037	251	TC
1	1819386	349	CA
1	1819927	541	TC
1	1822306	1539	TC
1	1824505	1606	TG
1	1825599	1094	AG
1	1827214	1615	CT
1	1827266	52	CT
1	1827383	117	AG
1	1828566	851	CT
1	1828902	196	CT
1	1829188	286	GA
1	1829319	131	CG
1	1834446	4136	AG
1	1834573	67	TC
1	1836603	1895	CT
1	1836668	65	TC
1	1838398	1422	CT
1	1839214	650	AG
1	1844199	4270	GA
1	1844633	434	CA
1	1844716	83	CT
1	1845000	284	TC
1	1845897	828	CT
1	1845909	12	GC
1	1845923	14	CT
1	1846064	141	GA
1	1846384	320	AG
1	1847006	598	AG
1	1847234	210	TC
1	1847552	318	TC
1	1848093	541	TC
1	1848136	43	AG
1	1848955	762	GA
1	1849737	666	GC
1	1849924	187	TG
1	1849935	11	GT
1	1851408	1414	GA
1	1851481	73	CT
1	1851593	112	AG
1	1851965	372	AG
1	1852317	352	GA
1	1852823	506	TC
1	1853629	316	TC
1	1853815	186	TC
1	1854938	677	CT
1	1855106	168	TC
1	1855683	577	GC
1	1857261	1100	GA
1	1857694	433	TC
1	1858347	343	AG
1	1859475	1075	GA
1	1861156	1525	TA
1	1864261	3015	AG
1	1868492	3963	CT
1	1869875	878	TC
1	1871590	1686	TC
1	1874604	2623	CT
1	1876721	1152	CT
1	1878066	1000	GA
1	1879701	1274	GA
1	1879716	15	CG
1	1883858	2460	CT
1	1883978	120	GA
1	1885306	864	TC
1	1885422	116	CT
1	1885702	280	AG
1	1886340	638	CT
1	1886436	96	CG
1	1886738	302	AG
1	1886911	173	TC
1	1887252	341	AG
1	1887711	459	GA
1	1887969	258	TC
1	1890531	2528	GA
1	1890644	113	TC
1	1891090	446	CG
1	1892427	866	CT
1	1893064	637	TC
1	1894126	811	TC
1	1894645	519	GA
1	1894705	60	TC
1	1894770	65	AG
1	1894972	163	TC
1	1896477	1348	GC
1	1896602	125	CG
1	1896607	5	TC
1	1896642	35	GT
1	1897060	418	AG
1	1897303	106	AG
1	1897634	331	TC
1	1898172	538	TC
1	1898609	437	TC
1	1898772	163	CT
1	1899026	254	GC
1	1900687	1377	AC
1	1901171	484	CG
1	1901344	173	TC
1	1901546	202	AG
1	1903561	1245	CT
1	1903653	92	AG
1	1903910	218	TC
1	1904061	151	AG
1	1904373	271	AG
1	1904590	217	GA
1	1904873	283	TC
1	1908092	3193	CT
1	1908282	190	AC
1	1908287	5	GA
1	1908985	698	AG
1	1909069	84	CG
1	1909262	193	GA
1	1909880	618	AG
1	1910182	302	AG
1	1910863	681	AG
1	1911237	374	CT
1	1912157	899	GA
1	1912214	57	CA
1	1912477	263	CT
1	1913105	628	GA
1	1914454	1349	AG
1	1914772	318	TC
1	1914943	171	GA
1	1915435	492	AG
1	1915463	28	AT
1	1916033	570	CG
1	1916433	400	AG
1	1916813	380	CT
1	1917124	311	CT
1	1917443	319	TG
1	1918752	1309	GC
1	1919513	716	GA
1	1920062	549	CT
1	1920621	559	GA
1	1921358	697	TC
1	1921476	118	CA
1	1921647	171	TC
1	1922320	673	GA
1	1922535	215	CT
1	1923040	505	CT
1	1923847	807	CT
1	1924024	177	AG
1	1926621	1793	CG
1	1926663	42	GA
1	1926771	108	AG
1	1927057	286	CT
1	1927071	14	TC
1	1927747	676	CA
1	1927755	8	GA
1	1927870	115	CT
1	1928260	390	AG
1	1929131	790	CT
1	1929321	190	AG
1	1929808	341	TC
1	1930250	409	AG
1	1930648	398	GC
1	1930776	128	AG
1	1931508	732	CT
1	1931784	276	TC
1	1931797	13	CT
1	1931808	11	CT
1	1932987	1137	AT
1	1933709	350	GC
1	1934209	500	GC
1	1934668	459	TG
1	1934946	278	TC
1	1935081	135	TC
1	1935164	83	TC
1	1936186	1022	GC
1	1936326	140	AG
1	1938023	1697	CT
1	1938858	439	AG
1	1940053	1195	AG
1	1940985	932	GT
1	1941287	302	TC
1	1941509	222	AG
1	1942973	1464	CT
1	1944013	867	GA
1	1945244	1231	TC
1	1945558	314	TC
1	1946354	371	CT
1	1947100	746	TC
1	1947172	72	CG
1	1948291	1119	GT
1	1948361	70	CT
1	1949003	642	TC
1	1949869	866	AG
1	1950355	486	AG
1	1952659	1419	CT
1	1952945	286	CT
1	1953042	97	AG
1	1953171	129	TG
1	1953901	550	CT
1	1954551	650	TC
1	1955317	766	CG
1	1957502	1726	CT
1	1958440	840	AC
1	1958791	325	TC
1	1959554	426	TC
1	1960021	467	TC
1	1964027	3643	CT
1	1964269	242	GA
1	1966465	2036	TC
1	1966613	148	AG
1	1968117	1429	TC
1	1968324	156	AG
1	1969436	1112	CT
1	1970196	760	AG
1	1970468	272	TC
1	1971838	1370	CA
1	1974036	1245	AG
1	1975405	1369	GA
1	1975826	421	TC
1	1977699	1822	TC
1	1977738	39	CG
1	1980705	2830	CT
1	1981726	326	AG
1	1982759	1033	GA
1	1983287	313	GA
1	1983736	185	GA
1	1983755	19	AG
1	1983932	177	AG
1	1984509	577	GT
1	1984676	167	AG
1	1984713	37	GA
1	1984777	64	CT
1	1984978	128	GA
1	1986635	1293	CT
1	1986862	227	AG
1	1987107	245	GA
1	1988988	1682	AG
1	1989045	57	GC
1	1989058	13	GA
1	1989059	1	TA
1	1989115	56	CT
1	1989383	268	TC
1	1989996	258	TC
1	1990077	81	TC
1	1991038	961	TC
1	1991068	30	AG
1	1991761	693	AG
1	1991889	128	GA
1	1991902	13	TC
1	1992749	544	TC
1	1992849	100	CT
1	1993575	726	AG
1	1994139	69	GA
1	1994281	142	AG
1	1994913	600	TC
1	1995074	161	AG
1	1995311	237	TC
1	1996485	575	GA
1	1997617	1025	GC
1	1998791	964	CT
1	1999339	210	AG
1	1999466	127	CT
1	1999937	471	CT
1	2000565	628	CT
1	2003246	184	AC
1	2003314	68	CT
1	2003407	93	TC
1	2004177	770	GA
1	2004245	68	CT
1	2004780	535	CA
1	2005086	306	CT
1	2005319	233	TC
1	2005653	334	TC
1	2005909	256	CT
1	2006034	125	TC
1	2008474	2129	TC
1	2008669	195	AG
1	2008797	128	CT
1	2009988	855	AG
1	2010058	70	GA
1	2010943	769	AG
1	2011786	463	AC
1	2011828	42	TG
1	2011855	27	CT
1	2013343	315	CG
1	2013805	408	AG
1	2013916	111	CT
1	2014571	655	GA
1	2014652	81	TC
1	2014913	261	CT
1	2015585	322	CT
1	2015645	60	AG
1	2018812	1586	CG
1	2019376	9	GA
1	2019795	419	TC
1	2021779	478	TA
1	2021783	4	GT
1	2021822	39	TC
1	2021920	98	AG
1	2021929	9	TC
1	2022054	125	TC
1	2022866	812	GA
1	2023111	245	GA
1	2023521	410	CT
1	2023782	261	GA
1	2023799	17	CT
1	2024106	133	CT
1	2024376	270	TG
1	2024443	67	CT
1	2024742	299	AC
1	2024933	191	AC
1	2024977	44	CT
1	2024992	15	TC
1	2025124	132	TC
1	2025334	210	CT
1	2025643	254	TA
1	2025646	3	AG
1	2025683	37	TC
1	2025810	127	GA
1	2026275	29	CG
1	2026276	1	TA
1	2026340	64	TC
1	2026433	93	GC
1	2026504	71	TC
1	2026603	99	AC
1	2026632	29	GA
1	2027395	614	AG
1	2027588	193	GC
1	2027605	17	GC
1	2028031	426	CT
1	2028085	54	CT
1	2028567	216	TC
1	2028767	169	TC
1	2028875	108	CT
1	2029176	204	GA
1	2029214	38	CG
1	2029329	115	AG
1	2029405	76	CT
1	2029639	185	AT
1	2030755	751	CT
1	2031053	298	GA
1	2031212	159	CT
1	2031223	11	TC
1	2031443	220	GA
1	2031661	218	TC
1	2031744	83	TC
1	2031955	211	CT
1	2032624	669	TC
1	2032714	90	TC
1	2033043	329	TC
1	2033242	199	GA
1	2033466	224	CT
1	2033467	1	AG
1	2033540	73	TC
1	2033643	103	TC
1	2033666	23	GA
1	2033670	4	GA
1	2033789	119	TC
1	2033908	119	AG
1	2034068	160	TA
1	2034856	479	CT
1	2034936	80	GA
1	2035629	119	TC
1	2035772	143	CG
1	2035834	62	TC
1	2036022	61	TC
1	2037058	916	GA
1	2040047	1447	AC
1	2044930	4092	GA
1	2048585	3432	AG
1	2060174	11069	TC
1	2079800	16474	CT
1	2080665	865	AG
1	2086872	6085	GA
1	2090509	2990	AG
1	2092856	1977	AG
1	2097594	3338	CA
1	2097758	164	GA
1	2097926	168	GA
1	2098053	127	CT
1	2099056	844	AG
1	2099651	239	GT
1	2099722	71	TG
1	2100544	822	GC
1	2101016	472	TC
1	2105408	2684	GA
1	2106060	448	GA
1	2106557	497	TC
1	2107121	377	CT
1	2107380	218	CT
1	2107658	278	TG
1	2107876	117	AG
1	2108534	392	AG
1	2109372	838	CT
1	2109500	128	CT
1	2110657	444	CT
1	2110756	99	CT
1	2112571	1496	AG
1	2113056	485	TG
1	2113197	141	AG
1	2114543	844	TC
1	2114581	38	TC
1	2114995	414	GC
1	2115315	320	CT
1	2116177	862	CT
1	2116360	183	AG
1	2117277	917	GA
1	2122248	3309	AG
1	2122998	750	GT
1	2124695	1656	AG
1	2124745	50	TC
1	2125921	797	GA
1	2127180	502	TC
1	2129347	1622	AG
1	2132088	2285	AG
1	2133158	1040	CT
1	2133163	5	CG
1	2133177	14	CG
1	2134884	1644	CT
1	2139424	3949	GA
1	2153470	11948	TA
1	2154025	555	AG
1	2157743	3718	AC
1	2164222	4371	GA
1	2164944	722	TA
1	2165695	751	TC
1	2165883	188	TC
1	2168263	1688	AT
1	2168670	407	TC
1	2170499	1829	TC
1	2170800	301	CT
1	2171007	207	CG
1	2172083	954	GA
1	2174533	2450	AG
1	2177101	1811	CT
1	2177161	60	GA
1	2179402	2175	TC
1	2180362	960	GA
1	2189101	7099	AC
1	2189830	729	AG
1	2191912	2082	AG
1	2192314	402	GT
1	2193497	1036	AG
1	2194026	529	GA
1	2194249	223	AG
1	2196173	1924	CA
1	2197444	1271	AG
1	2199413	1969	AG
1	2199494	81	AG
1	2202183	2389	AG
1	2202515	332	CG
1	2206204	2774	GA
1	2206560	356	AG
1	2207166	606	GA
1	2208200	945	TC
1	2213666	5017	TC
1	2215470	1725	AG
1	2215586	116	GA
1	2216830	1096	CT
1	2217074	244	TC
1	2217083	9	TC
1	2217177	94	AG
1	2217598	421	TC
1	2217618	20	CT
1	2217719	101	CT
1	2217769	50	CA
1	2218410	641	GA
1	2218495	85	TC
1	2218499	4	TA
1	2218670	171	AG
1	2218715	45	AC
1	2218900	185	TC
1	2219010	110	AT
1	2219035	25	GA
1	2219083	48	GA
1	2219106	23	AG
1	2219451	322	TC
1	2219463	12	AG
1	2219783	320	AG
1	2220428	645	AG
1	2220530	102	GA
1	2220575	45	TC
1	2220642	67	CT
1	2220706	64	GA
1	2220809	103	CT
1	2220928	119	TC
1	2220937	9	CG
1	2220938	1	AG
1	2220968	30	GA
1	2221471	92	TC
1	2221493	22	GC
1	2221806	313	CT
1	2221932	126	TC
1	2221975	43	CA
1	2222004	29	GA
1	2223271	1248	AG
1	2224942	1439	CT
1	2225172	230	AG
1	2225195	23	GT
1	2226342	1147	CT
1	2226645	303	CA
1	2227242	597	TC
1	2231284	3596	TC
1	2278500	35686	GA
1	2296580	16225	TC
1	2297909	1329	CT
1	2298065	156	AG
1	2298137	72	CT
1	2299178	1041	TC
1	2300651	1450	TC
1	2301571	920	AT
1	2301832	261	CG
1	2302039	207	TG
1	2302261	222	CA
1	2305068	2342	CA
1	2305093	25	AG
1	2306674	1354	TC
1	2306684	10	TC
1	2307472	298	GA
1	2309276	1745	CG
1	2309278	2	GA
1	2309493	215	TC
1	2309721	228	TC
1	2309789	68	GA
1	2311552	1725	CT
1	2313580	1562	AG
1	2313587	7	CT
1	2313588	1	AG
1	2313753	165	TC
1	2313943	190	CT
1	2313978	35	GC
1	2314162	184	CT
1	2314233	71	GA
1	2314392	159	GA
1	2316411	793	CG
1	2317869	738	TC
1	2320264	503	CA
1	2320497	233	TC
1	2320564	67	GA
1	2320620	56	TC
1	2320661	41	AG
1	2320750	89	CG
1	2320875	125	GA
1	2321659	549	CA
1	2323934	930	GA
1	2324287	353	CA
1	2324339	52	TC
1	2324578	239	TC
1	2326762	1524	CT
1	2327746	869	GA
1	2332559	4578	GT
1	2333337	778	CT
1	2336396	2837	TC
1	2336752	273	TC
1	2337212	460	GA
1	2337291	79	AG
1	2338053	762	AG
1	2338114	61	TC
1	2339509	1395	TC
1	2340690	1078	CT
1	2344239	3508	GA
1	2348633	4315	TC
1	2355821	7053	TC
1	2355841	20	CT
1	2355932	91	GA
1	2356062	130	CA
1	2356525	463	TA
1	2361390	4865	CT
1	2362713	1231	AG
1	2364368	1589	CT
1	2365126	574	CT
1	2365324	198	GA
1	2365381	57	CT
1	2365454	73	TA
1	2366780	1326	AG
1	2367179	263	GC
1	2367550	371	CG
1	2367636	86	AG
1	2367683	47	CT
1	2369174	1402	TC
1	2369183	9	GT
1	2369225	42	TC
1	2369239	14	TC
1	2369395	156	CA
1	2370225	830	GT
1	2370333	108	TC
1	2370387	54	CT
1	2371429	1042	CT
1	2371730	301	CT
1	2371789	59	GA
1	2372025	236	AC
1	2372069	44	AG
1	2372456	308	AG
1	2372460	4	GA
1	2372712	252	CT
1	2372985	273	TC
1	2373152	167	TG
1	2373238	86	CT
1	2373262	24	GA
1	2373264	2	AG
1	2373409	145	GA
1	2374483	912	GA
1	2375719	1236	CA
1	2375738	19	CT
1	2375927	189	GA
1	2376062	135	TG
1	2376607	545	GA
1	2376759	152	CT
1	2376821	62	CT
1	2376955	134	CT
1	2377041	86	CT
1	2377060	19	CT
1	2377157	97	TC
1	2377240	83	AG
1	2377376	136	AG
1	2377650	274	TC
1	2379520	1613	GT
1	2379781	135	AG
1	2379915	134	TC
1	2379992	77	GA
1	2380659	647	TC
1	2380673	14	GA
1	2380750	77	CG
1	2380785	35	AG
1	2380879	94	AC
1	2380885	6	AC
1	2380887	2	AG
1	2380996	21	AG
1	2381847	785	AG
1	2381985	138	TC
1	2382377	392	AT
1	2382569	192	TC
1	2383684	1115	AG
1	2384104	420	AG
1	2385380	954	TC
1	2388366	2539	CG
1	2388420	54	CT
1	2388670	250	AG
1	2389406	688	TC
1	2390296	890	AG
1	2390385	89	AG
1	2391507	1080	AC
1	2391766	259	AG
1	2392879	1084	TC
1	2392912	33	CT
1	2393368	398	TC
1	2395301	1933	CT
1	2395766	381	GA
1	2397754	1665	AG
1	2398406	652	AT
1	2398821	415	CT
1	2399358	537	AC
1	2399400	42	AG
1	2399418	18	TC
1	2400011	544	GA
1	2400143	132	CT
1	2400221	78	AG
1	2400837	616	AG
1	2400876	39	AG
1	2400882	6	TC
1	2401060	178	AG
1	2401351	291	AG
1	2401454	103	GA
1	2402148	694	GC
1	2402691	543	TC
1	2402776	85	CA
1	2403130	354	GA
1	2403428	298	TA
1	2403429	1	CT
1	2403497	68	GA
1	2403554	57	TC
1	2403796	242	CA
1	2404007	211	GC
1	2404081	74	AG
1	2404192	111	GA
1	2404502	310	CT
1	2404882	380	CA
1	2405337	455	CT
1	2405619	282	AG
1	2406470	851	TC
1	2408050	1430	GA
1	2409045	995	TC
1	2410020	823	GA
1	2412383	1445	CT
1	2412500	117	TC
1	2412557	57	TC
1	2413148	591	GA
1	2413360	186	GA
1	2414247	845	CT
1	2414441	194	GA
1	2415646	798	TC
1	2416358	618	GA
1	2417648	1290	CT
1	2424659	4288	GA
1	2426590	1931	CT
1	2426806	216	CT
1	2429331	2428	TC
1	2429565	234	GA
1	2430876	1311	AG
1	2431040	164	TC
1	2432017	699	AG
1	2434494	2477	TC
1	2434579	85	TC
1	2437249	2403	TC
1	2437872	623	AC
1	2437995	123	CA
1	2438054	59	TC
1	2438978	924	TC
1	2440629	1651	TC
1	2441381	752	TC
1	2441916	535	AG
1	2441958	42	CA
1	2442716	758	AG
1	2443410	659	AG
1	2446110	2623	AG
1	2449758	3446	CG
1	2451953	2102	GA
1	2452587	634	CG
1	2455881	2753	AG
1	2462625	2426	AG
1	2462627	2	GA
1	2462805	178	AG
1	2462963	158	TC
1	2463237	274	TC
1	2463259	22	CG
1	2463744	485	CT
1	2464149	405	GA
1	2464792	252	CA
1	2465320	495	CT
1	2465448	128	CT
1	2465807	322	CT
1	2465911	104	GA
1	2471175	4101	AT
1	2471617	442	AG
1	2472065	448	CT
1	2472315	250	TC
1	2472335	20	AG
1	2474441	1462	AG
1	2475235	794	GC
1	2475393	158	AG
1	2475564	171	CA
1	2475571	7	CG
1	2475573	2	TC
1	2475713	140	TC
1	2475795	82	CA
1	2477720	1399	GT
1	2480987	3267	TC
1	2481875	888	GA
1	2481922	47	CT
1	2483256	1334	CT
1	2485089	1795	GA
1	2486337	1248	AG
1	2486665	328	TC
1	2487902	736	GA
1	2488070	168	TC
1	2488528	458	AG
1	2492708	1278	TC
1	2493072	227	CT
1	2493293	221	GA
1	2493574	281	CA
1	2494451	877	AC
1	2494620	169	TC
1	2494673	53	CT
1	2494871	198	TC
1	2495584	619	CT
1	2497489	1400	TC
1	2498511	1022	TC
1	2500323	1376	TC
1	2500597	237	AG
1	2501266	642	AG
1	2501709	443	TC
1	2501752	43	AG
1	2501808	56	TC
1	2502057	249	CG
1	2503032	975	GA
1	2503313	281	CA
1	2503959	646	AG
1	2504550	591	GA
1	2504804	254	CG
1	2504936	132	TC
1	2505110	174	GA
1	2505254	144	CT
1	2505255	1	GC
1	2505640	385	AG
1	2505713	73	TC
1	2505729	16	GA
1	2506361	632	GA
1	2507027	235	AG
1	2507042	15	TG
1	2507114	72	CG
1	2507225	111	TC
1	2507415	190	AT
1	2507599	184	GC
1	2508177	578	TC
1	2511566	3389	AT
1	2513832	2169	AG
1	2517394	2926	GA
1	2517687	293	GA
1	2520597	1303	TC
1	2520748	151	GA
1	2521519	318	TC
1	2521529	10	TA
1	2521734	163	AC
1	2522061	139	AG
1	2522475	414	TC
1	2522549	74	CT
1	2522971	422	AG
1	2523899	881	TC
1	2524690	791	CT
1	2524697	7	CT
1	2524946	249	CT
1	2525351	405	AG
1	2526474	1123	AG
1	2527176	702	AG
1	2528344	1082	GA
1	2528702	358	CT
1	2528956	254	TG
1	2529013	57	GC
1	2529423	410	TC
1	2529508	85	CT
1	2530129	621	CT
1	2530138	9	TC
1	2530226	88	TC
1	2533595	211	GA
1	2536222	2495	AG
1	2536363	96	GA
1	2536469	106	GC
1	2536645	176	AG
1	2536870	225	TC
1	2537005	135	CT
1	2538986	1981	AG
1	2541696	2258	CG
1	2542137	315	TC
1	2544320	2088	AG
1	2544685	365	CG
1	2550387	5399	GC
1	2553390	2724	TC
1	2553732	251	TG
1	2553752	20	GA
1	2553861	109	TA
1	2556111	963	CT
1	2556187	76	TC
1	2558001	731	GC
1	2558443	49	TC
1	2558813	104	CT
1	2558925	112	TC
1	2560092	1167	CT
1	2560740	648	GA
1	2560881	141	AG
1	2560903	22	GA
1	2561236	333	CT
1	2561275	39	GA
1	2561359	84	TC
1	2561366	7	TC
1	2561411	45	GA
1	2561690	170	TA
1	2561695	5	AG
1	2561763	68	TG
1	2561766	3	AG
1	2564147	1543	TC
1	2565400	855	AG
1	2565424	24	TC
1	2565504	80	GA
1	2565629	125	GA
1	2567721	1604	TC
1	2567899	132	CT
1	2568013	114	CT
1	2568014	1	AG
1	2568235	221	GA
1	2568278	43	CT
1	2568292	14	GA
1	2568768	476	GA
1	2568963	195	GA
1	2569051	88	TG
1	2569053	2	TC
1	2569066	13	AG
1	2569475	409	AG
1	2569544	69	CA
1	2569782	238	GC
1	2570156	374	GA
1	2571747	1557	CT
1	2573390	1599	TC
1	2574277	688	CT
1	2574619	342	AG
1	2576669	1636	AT
1	2576848	179	TC
1	2577331	483	AG
1	2578007	491	GA
1	2578484	477	GA
1	2580207	1589	GA
1	2581007	583	TC
1	2581351	344	AG
1	2583046	1662	GA
1	2583734	688	GA
1	2585745	1765	TG
1	2587239	1419	AG
1	2588166	649	TC
1	2588230	64	TC
1	2588933	703	AG
1	2589186	253	AG
1	2589482	296	GT
1	2589508	26	GA
1	2589945	437	GT
1	2590007	62	TC
1	2591006	999	AC
1	2591892	886	AG
1	2592796	732	AG
1	2594374	1007	CA
1	2594579	205	AG
1	2596350	1343	GA
1	2596366	16	TG
1	2596605	239	CT
1	2596688	83	AG
1	2596890	202	GA
1	2597099	209	GA
1	2598521	1182	GA
1	2599983	1109	AG
1	2599998	15	GA
1	2601335	1067	AG
1	2601522	187	CT
1	2602686	845	GA
1	2603709	1023	AC
1	2604148	403	TC
1	2604199	51	CT
1	2604283	84	AG
1	2604290	7	CT
1	2604337	47	GC
1	2604962	625	TG
1	2605499	277	AG
1	2605808	309	TC
1	2607677	1602	AC
1	2607794	117	TC
1	2607818	24	TC
1	2607903	85	TC
1	2608134	231	GC
1	2608932	798	TG
1	2611623	2419	CT
1	2611900	277	AG
1	2612658	182	AG
1	2614383	1139	CT
1	2614395	12	AT
1	2614898	503	AG
1	2620419	4951	TC
1	2624404	3577	CT
1	2625065	661	CT
1	2626868	1581	GA
1	2628767	1445	AG
1	2628822	55	AG
1	2628857	35	GA
1	2629158	183	GC
1	2629167	9	TC
1	2629898	305	TC
1	2629915	17	TC
1	2629937	22	CT
1	2630637	237	TC
1	2630670	33	CG
1	2631241	78	AG
1	2631440	92	GA
1	2631456	16	GT
1	2631478	22	CA
1	2631507	29	AG
1	2631732	225	GA
1	2632272	501	TC
1	2632400	128	CT
1	2632416	16	AG
1	2633225	782	CG
1	2633237	12	GA
1	2633358	121	CT
1	2635803	2298	TC
1	2638920	2134	CT
1	2639875	893	CT
1	2640381	165	TG
1	2640937	556	TC
1	2640943	6	CT
1	2641080	137	TC
1	2641601	521	AG
1	2641611	10	AC
1	2641654	43	GA
1	2641997	343	GA
1	2642193	196	GA
1	2642228	35	AG
1	2643378	1117	AG
1	2644643	1265	TC
1	2644950	307	GC
1	2645299	178	AG
1	2645371	72	TC
1	2646686	1288	CT
1	2646718	32	CT
1	2647324	513	AT
1	2647489	165	AG
1	2648062	573	GA
1	2648166	104	AG
1	2648960	488	GA
1	2649131	171	AG
1	2650363	1137	TC
1	2650413	50	CT
1	2650459	46	TG
1	2651157	698	AG
1	2651269	112	CG
1	2652781	1491	GA
1	2653093	312	AC
1	2653132	39	CT
1	2653326	121	CT
1	2653337	11	AC
1	2653734	316	AG
1	2654267	501	GC
1	2654406	139	GA
1	2654511	105	CT
1	2655254	690	GA
1	2655257	3	TC
1	2656072	567	CA
1	2656205	133	AG
1	2658462	1684	GA
1	2658538	76	TC
1	2659730	1093	TC
1	2659790	60	GA
1	2667824	6800	CT
1	2668004	180	AG
1	2668236	194	CG
1	2669862	1626	TG
1	2671689	1443	AG
1	2672573	843	GA
1	2674866	1203	AG
1	2674895	29	GA
1	2674900	5	CT
1	2674974	74	AG
1	2675047	73	GA
1	2675659	414	GA
1	2675910	251	TC
1	2676465	555	GA
1	2678694	1317	TA
1	2678707	13	CT
1	2678721	14	CG
1	2678988	95	AG
1	2679079	91	TC
1	2679080	1	GA
1	2679370	290	GA
1	2679802	380	CT
1	2679817	15	CT
1	2679819	2	CT
1	2679910	91	TC
1	2679930	20	GA
1	2679939	9	GA
1	2680086	147	GA
1	2680392	306	CT
1	2680396	4	AG
1	2680456	60	TC
1	2680486	30	AG
1	2680510	24	TC
1	2680783	273	CA
1	2680812	29	CG
1	2680876	64	CT
1	2680899	23	TC
1	2681188	289	TG
1	2681856	668	AG
1	2683257	1037	GA
1	2683338	81	AC
1	2685019	1059	GA
1	2685119	100	CA
1	2685419	254	CG
1	2685649	230	CA
1	2686060	411	TC
1	2687795	1706	GA
1	2687934	139	CT
1	2688206	272	CT
1	2690005	1521	TC
1	2691762	1548	CT
1	2691863	101	AG
1	2691886	23	CT
1	2692140	254	GA
1	2692433	293	AG
1	2693241	599	GA
1	2693790	549	TC
1	2697606	3643	AG
1	2698888	444	AG
1	2701254	1140	TC
1	2701521	267	CT
1	2702469	868	AG
1	2703476	1007	TC
1	2704578	1102	AG
1	2704882	304	CT
1	2706962	1377	AG
1	2707664	702	AG
1	2708449	785	TC
1	2708820	371	TC
1	2709778	958	AG
1	2710346	363	AT
1	2710783	437	CT
1	2711091	308	AT
1	2711120	29	GC
1	2711778	658	CT
1	2714336	1931	CA
1	2714533	197	CT
1	2718591	3337	TG
1	2720854	1777	GA
1	2721119	265	TC
1	2724443	2485	AG
1	2725117	370	AG
1	2725494	377	GT
1	2725737	243	CT
1	2732846	6680	TC
1	2733195	349	AG
1	2733755	560	TC
1	2733781	26	TC
1	2733862	81	GA
1	2739643	5484	TC
1	2740323	646	AG
1	2741412	1089	CT
1	2741609	197	TA
1	2741626	17	TC
1	2742268	642	GC
1	2742731	429	GA
1	2746200	3112	AG
1	2746203	3	GC
1	2746314	111	TC
1	2746916	566	TC
1	2747162	246	TC
1	2747896	389	CG
1	2751046	3049	GA
1	2756172	3341	CT
1	2757549	1222	TC
1	2758130	581	TC
1	2758131	1	GA
1	2758560	429	TC
1	2759804	850	GA
1	2759990	186	AG
1	2761196	1028	TA
1	2761701	505	AG
1	2762098	397	AG
1	2762162	64	TC
1	2762202	40	CA
1	2762512	310	GA
1	2764217	1409	CT
1	2764812	421	CT
1	2765323	194	TC
1	2765484	161	AG
1	2766036	492	CG
1	2767237	775	CT
1	2768607	739	CT
1	2771697	2596	TC
1	2772123	426	AG
1	2773016	893	GT
1	2774334	1318	GA
1	2775251	895	GC
1	2778848	2065	TA
1	2779023	175	GT
1	2781026	1083	GA
1	2781474	448	TC
1	2782922	949	AG
1	2788423	4574	GA
1	2788709	286	GA
1	2789753	751	CT
1	2790427	674	TC
1	2791730	559	GC
1	2792037	307	CT
1	2792696	659	AG
1	2797663	3702	AG
1	2798577	914	GA
1	2798714	137	AG
1	2800710	1530	GA
1	2802741	1742	AC
1	2803256	515	GA
1	2803796	446	CT
1	2806616	2535	CG
1	2807846	1230	CT
1	2807915	69	CG
1	2811055	3056	CT
1	2811108	53	GA
1	2811949	841	AG
1	2812813	864	GT
1	2813161	348	GA
1	2813310	149	TC
1	2813433	123	AG
1	2814978	1420	AC
1	2820835	4256	AC
1	2820984	149	CG
1	2822318	1022	CA
1	2822996	535	TC
1	2826391	2787	GA
1	2826435	44	AG
1	2830107	3672	GT
1	2833076	2808	GC
1	2833327	251	CT
1	2834141	510	AG
1	2834401	260	CA
1	2834953	552	TC
1	2835026	73	GC
1	2837979	1071	GA
1	2840054	1618	AG
1	2841717	1238	TC
1	2842676	564	AG
1	2843855	888	CG
1	2844786	503	TC
1	2844887	101	GA
1	2845271	353	CT
1	2845288	17	TC
1	2847865	1617	GA
1	2848875	299	AG
1	2848937	62	GC
1	2848979	42	AG
1	2849757	778	GA
1	2850026	269	CG
1	2850806	462	TC
1	2852502	576	CT
1	2852644	142	AG
1	2852889	245	GA
1	2853082	193	TA
1	2855842	871	AG
1	2855893	51	CT
1	2855896	3	AG
1	2856542	646	AG
1	2858545	1416	GA
1	2858889	344	TC
1	2859081	192	TC
1	2859116	35	CT
1	2859292	176	AG
1	2859971	443	TC
1	2863527	3151	TG
1	2863947	420	AG
1	2864445	498	CA
1	2864726	281	GA
1	2865327	601	TC
1	2867327	1926	AG
1	2867777	450	GC
1	2869863	2046	GA
1	2870540	677	TC
1	2874419	3879	TC
1	2875261	806	TC
1	2883952	8099	GA
1	2884517	565	CG
1	2885864	1064	CG
1	2887141	1277	TG
1	2889128	1987	AG
1	2890830	1581	AG
1	2893067	2213	GA
1	2895202	1962	AC
1	2898194	2946	GA
1	2899156	962	CT
1	2900693	1139	CT
1	2900762	69	CA
1	2902475	1388	TC
1	2903126	651	AG
1	2905605	2100	TC
1	2908043	2351	TC
1	2908632	589	CG
1	2920127	10825	TC
1	2921888	1761	TC
1	2922082	194	GC
1	2923351	1269	GA
1	2924623	1202	CA
1	2926874	1382	CT
1	2927756	857	TC
1	2928787	1031	CT
1	2929056	195	TC
1	2931412	1682	TC
1	2931453	41	CT
1	2932728	1208	CA
1	2933824	772	CT
1	2933870	46	GA
1	2936781	2033	CT
1	2936796	15	AG
1	2936953	157	TC
1	2937503	155	TA
1	2937582	79	CG
1	2937616	34	AG
1	2937643	27	TG
1	2941005	1543	CT
1	2941165	160	CT
1	2941570	405	AG
1	2942655	1085	AC
1	2943121	466	GC
1	2943153	32	AG
1	2943163	10	CT
1	2943204	41	CG
1	2943259	55	TA
1	2943435	176	TC
1	2946468	2611	AG
1	2947153	491	TC
1	2947182	29	CT
1	2948329	527	CT
1	2951433	1641	GA
1	2952538	694	AT
1	2954875	1307	AG
1	2954977	102	TC
1	2955177	200	CT
1	2955690	513	CT
1	2955967	277	GA
1	2958106	1559	CT
1	2958155	49	GA
1	2958594	439	CT
1	2960220	1178	GC
1	2961801	1146	TC
1	2962581	440	CT
1	2962962	381	GA
1	2963820	858	TC
1	2963947	127	AC
1	2964810	863	AG
1	2966957	2029	TC
1	2966989	32	AT
1	2967892	652	CT
1	2968954	1062	CT
1	2969030	76	AC
1	2969043	13	GC
1	2969210	167	CA
1	2969917	607	CT
1	2970443	403	TC
1	2970863	377	CT
1	3041766	51288	CA
1	3042612	846	CT
1	3042806	194	TC
1	3042839	33	GA
1	3043072	233	CT
1	3043093	21	TC
1	3043366	175	CT
1	3043395	29	CT
1	3043798	217	CT
1	3043801	3	TC
1	3043855	54	TA
1	3043963	108	GA
1	3043996	33	TC
1	3044005	9	TC
1	3044059	54	GA
1	3044164	105	TC
1	3046525	1182	CG
1	3046844	319	GA
1	3047974	593	AT
1	3049175	1201	CT
1	3051301	1604	AG
1	3051318	17	GA
1	3051489	171	GC
1	3051817	328	CT
1	3052294	477	AG
1	3052354	60	CT
1	3052541	187	TC
1	3052936	156	CA
1	3053238	302	TC
1	3053255	17	TC
1	3053382	127	CA
1	3053435	53	GC
1	3053477	42	AG
1	3053482	5	CT
1	3053639	157	TC
1	3053832	193	TG
1	3054643	617	TG
1	3054788	145	GA
1	3056794	1857	TC
1	3057729	624	GA
1	3058145	416	AG
1	3058469	324	GA
1	3059235	766	AG
1	3059276	41	TC
1	3060295	546	GA
1	3061325	349	CT
1	3061477	152	AC
1	3061891	414	TC
1	3061896	5	CT
1	3062163	267	CT
1	3062383	220	TC
1	3062417	34	CT
1	3062871	194	AG
1	3063298	130	AC
1	3063780	482	AG
1	3063799	19	GC
1	3063964	165	AC
1	3063972	8	CT
1	3064037	65	TC
1	3064082	45	GA
1	3065081	999	GA
1	3065309	228	TG
1	3065343	34	TC
1	3065351	8	AC
1	3065418	67	GA
1	3065443	25	TC
1	3065491	48	TC
1	3065621	93	TC
1	3065767	146	GA
1	3065922	155	CT
1	3066017	95	TG
1	3066147	130	AG
1	3066788	641	GC
1	3067063	275	CT
1	3067119	56	TC
1	3067276	157	AG
1	3067282	6	AG
1	3067412	130	TC
1	3067794	348	GA
1	3068612	818	TC
1	3068823	211	GA
1	3069007	184	GC
1	3069365	337	GA
1	3071226	1182	GA
1	3071227	1	TG
1	3071772	280	TC
1	3071838	66	AG
1	3072245	407	GA
1	3072376	131	AG
1	3072545	169	GA
1	3072547	2	AG
1	3072646	99	CA
1	3072672	26	CT
1	3072691	19	TC
1	3072891	200	CT
1	3072989	98	AG
1	3073002	13	GA
1	3073018	16	CT
1	3073568	550	TC
1	3073643	75	CT
1	3073683	40	CT
1	3073732	49	CT
1	3073736	4	TC
1	3074197	461	CA
1	3076109	751	CT
1	3076321	212	CG
1	3076349	28	AG
1	3077143	756	AG
1	3077209	66	TC
1	3077695	486	GA
1	3077980	138	GA
1	3078561	581	AG
1	3078644	83	CT
1	3078744	100	TC
1	3082509	1646	CA
1	3082568	59	GC
1	3083202	634	TC
1	3083424	222	GA
1	3084669	736	TC
1	3084985	316	AG
1	3085268	283	GA
1	3086508	1240	AG
1	3087377	573	TC
1	3087668	291	TG
1	3088306	450	CT
1	3089212	847	TC
1	3089627	415	AG
1	3089665	38	TC
1	3089984	319	GC
1	3090152	168	TG
1	3090161	9	GA
1	3090211	50	TC
1	3090243	32	GA
1	3092362	1100	TC
1	3092434	72	GA
1	3093522	1063	TC
1	3094029	507	AG
1	3094998	874	GA
1	3096522	1524	TC
1	3099033	2384	AG
1	3099357	324	CT
1	3100500	1089	TC
1	3100995	495	TC
1	3101022	27	GA
1	3101725	88	CT
1	3101769	44	TC
1	3101859	90	GA
1	3102379	287	TC
1	3102481	102	AG
1	3102798	317	AG
1	3102812	14	TC
1	3102962	150	GT
1	3103036	74	TC
1	3103159	123	TC
1	3103531	372	CT
1	3103629	98	AG
1	3104995	1156	CT
1	3105007	12	GA
1	3105018	11	AG
1	3105038	20	AG
1	3105187	84	CT
1	3105193	6	AG
1	3105248	55	AG
1	3105282	34	TC
1	3105483	201	GA
1	3105527	44	GA
1	3105819	292	AC
1	3105876	57	AG
1	3106044	168	CA
1	3106156	112	GC
1	3106188	32	CT
1	3106316	128	TC
1	3106479	163	GA
1	3107159	680	GA
1	3107978	819	AG
1	3108036	58	AG
1	3108041	5	GA
1	3108079	38	GC
1	3108183	104	TC
1	3108441	258	TC
1	3108560	119	TC
1	3108561	1	GA
1	3108639	78	GA
1	3108653	14	GA
1	3108657	4	CT
1	3108803	146	CG
1	3109352	549	CA
1	3109353	1	TG
1	3109438	85	CG
1	3109625	187	TG
1	3109739	114	GA
1	3109814	75	TC
1	3109857	43	AG
1	3109926	69	GA
1	3109985	59	TC
1	3110717	695	GA
1	3110851	134	AT
1	3111171	320	TC
1	3111278	107	GA
1	3112264	768	AG
1	3112309	45	CT
1	3112559	250	AG
1	3112748	189	TC
1	3113218	470	AG
1	3113232	14	CT
1	3115026	1773	CT
1	3115395	369	CT
1	3115533	138	CT
1	3115565	32	CT
1	3115603	38	CT
1	3117136	1015	TC
1	3117141	5	TC
1	3117478	197	CT
1	3117739	68	GT
1	3117761	22	GA
1	3117791	30	AG
1	3117883	92	CT
1	3118252	62	TC
1	3118345	93	CT
1	3118912	342	CT
1	3119019	107	TC
1	3120032	929	GA
1	3120387	355	CT
1	3120609	222	TC
1	3121128	329	GT
1	3121148	20	GA
1	3121156	8	CT
1	3121267	111	GA
1	3121829	287	CT
1	3121932	103	GA
1	3122046	114	CT
1	3122491	154	AG
1	3123029	538	CT
1	3123139	110	CT
1	3123149	10	CG
1	3123312	163	AC
1	3123332	20	GA
1	3123454	122	AG
1	3123479	25	TC
1	3123549	70	GA
1	3123683	134	TC
1	3123689	6	TC
1	3123769	80	AG
1	3124845	1076	CT
1	3125436	591	AG
1	3125805	369	CG
1	3126277	355	CT
1	3127713	1436	TC
1	3127786	73	TA
1	3128064	278	AG
1	3128084	20	CG
1	3128115	31	TC
1	3128179	64	AG
1	3128810	631	CG
1	3129130	320	TG
1	3129512	382	GC
1	3129513	1	CA
1	3129955	107	GA
1	3130585	307	GC
1	3131650	880	CT
1	3131792	142	CT
1	3132349	557	CG
1	3132602	253	GC
1	3132622	20	GC
1	3133282	447	GA
1	3133570	288	GC
1	3133590	20	AC
1	3133942	352	AG
1	3134272	330	TC
1	3134353	81	CA
1	3134521	168	CT
1	3134798	277	TC
1	3134901	103	TC
1	3134926	25	AG
1	3135257	304	TC
1	3135486	229	GA
1	3135513	27	GA
1	3136988	1071	TC
1	3137270	282	TC
1	3137332	62	AG
1	3137626	294	TC
1	3138579	672	CT
1	3138651	72	GA
1	3138724	73	TC
1	3141255	2366	CT
1	3142289	808	TA
1	3142570	281	AG
1	3143069	311	AT
1	3144410	1024	CT
1	3144699	289	CT
1	3146474	1523	CT
1	3148762	1329	TC
1	3149331	569	GA
1	3150190	859	AG
1	3150405	215	AG
1	3150592	187	TC
1	3150755	163	GA
1	3150760	5	TC
1	3152955	2145	GC
1	3158539	3436	CT
1	3159156	617	CT
1	3159309	153	AG
1	3159475	166	TC
1	3160129	403	GA
1	3160212	83	GA
1	3160645	433	AG
1	3161440	795	TC
1	3161495	55	TC
1	3161526	31	CT
1	3162979	1007	GA
1	3162983	4	TC
1	3162998	15	AG
1	3163353	132	GA
1	3163588	235	CG
1	3163972	384	AG
1	3164634	662	AG
1	3164952	318	CT
1	3165078	126	AG
1	3166052	974	GA
1	3166802	466	CG
1	3166803	1	TG
1	3168183	1380	GA
1	3168563	143	CT
1	3168575	12	GA
1	3168643	68	GA
1	3168746	103	AG
1	3169770	634	GT
1	3169773	3	GA
1	3170164	391	GA
1	3170360	196	GA
1	3170370	10	CT
1	3170567	197	GA
1	3171399	832	AG
1	3171498	99	CT
1	3174946	2942	GC
1	3175061	115	CT
1	3175145	84	CT
1	3175240	95	AG
1	3176500	1260	AG
1	3176668	168	CT
1	3177332	111	TC
1	3177431	99	CT
1	3177479	48	GC
1	3177632	153	GA
1	3177733	101	TC
1	3177910	177	TA
1	3178147	237	GC
1	3178174	27	GT
1	3178513	339	TC
1	3179112	492	CT
1	3179596	484	AG
1	3180408	531	TC
1	3180805	184	TC
1	3181653	329	AG
1	3181758	105	CT
1	3182125	367	AG
1	3182135	10	AG
1	3189698	6736	AG
1	3194519	4428	GA
1	3197691	3050	TC
1	3197902	211	GC
1	3197990	88	CT
1	3199362	1333	GA
1	3200224	788	CA
1	3200446	176	TC
1	3201741	1295	GA
1	3201773	32	AG
1	3202802	945	GC
1	3202933	131	AG
1	3202986	53	TC
1	3203955	829	GA
1	3204895	456	TC
1	3205017	122	TC
1	3205299	232	GA
1	3206820	881	AG
1	3207834	177	TC
1	3208507	673	TC
1	3208509	2	GC
1	3209237	230	TC
1	3209695	458	GA
1	3209904	209	TC
1	3209913	9	AG
1	3209916	3	AG
1	3210190	274	TC
1	3210240	50	CG
1	3210247	7	TC
1	3210285	38	AG
1	3212021	1402	GA
1	3212346	325	GA
1	3212461	115	TC
1	3212506	45	TC
1	3212989	483	TC
1	3213003	14	AC
1	3213036	33	CT
1	3213066	30	CG
1	3213219	153	AC
1	3214741	1360	AC
1	3214811	70	AG
1	3215483	672	CT
1	3215565	82	GA
1	3215737	172	AG
1	3215955	183	GA
1	3216852	339	AG
1	3216856	4	CT
1	3216927	71	AG
1	3216996	69	AG
1	3217205	209	CT
1	3217545	340	TC
1	3217578	33	CT
1	3218261	653	CT
1	3218353	92	AC
1	3218983	303	GC
1	3219199	216	TC
1	3219234	35	GA
1	3219292	58	AG
1	3219631	339	TC
1	3219791	160	TC
1	3220007	216	TC
1	3220069	62	GA
1	3220129	60	CT
1	3220710	581	AG
1	3220737	27	GA
1	3222371	825	CG
1	3222486	115	GA
1	3223378	892	AG
1	3223423	45	CT
1	3223664	241	AG
1	3223736	72	TC
1	3223995	259	GC
1	3224062	67	AT
1	3224071	9	GA
1	3226288	1236	GT
1	3227524	775	TC
1	3227549	25	AG
1	3229397	1815	TC
1	3229485	88	CT
1	3229560	75	AC
1	3230282	722	CA
1	3231796	1514	AG
1	3232042	246	CG
1	3232232	190	AG
1	3232456	224	GC
1	3232487	31	GA
1	3232853	366	CG
1	3233564	219	AT
1	3234718	1019	AG
1	3235054	336	CT
1	3235100	46	GA
1	3235148	48	GC
1	3235440	292	CG
1	3235533	93	GA
1	3236820	905	GT
1	3236862	42	TC
1	3237006	144	CA
1	3237600	594	AG
1	3237914	314	TC
1	3239110	591	TG
1	3239362	252	CT
1	3240459	1097	CT
1	3240548	89	GA
1	3240881	333	CT
1	3240917	36	CT
1	3242117	760	CA
1	3242505	388	GA
1	3242973	468	GA
1	3243829	802	TC
1	3245385	1556	AC
1	3245846	252	TA
1	3245978	132	CT
1	3246027	49	AG
1	3246140	113	GA
1	3247193	1053	AG
1	3247228	35	GA
1	3247673	445	CG
1	3247684	11	CG
1	3248048	364	CT
1	3248557	509	GA
1	3248890	333	CT
1	3249236	346	GA
1	3249576	4	TA
1	3250850	969	CT
1	3250883	33	AG
1	3254058	3175	TC
1	3254454	396	TC
1	3255229	775	AT
1	3255849	620	TC
1	3256440	591	AG
1	3256866	426	CT
1	3257264	398	AG
1	3259219	1544	CT
1	3259317	98	GA
1	3260238	921	GA
1	3260347	109	CG
1	3260689	342	CT
1	3261128	32	TC
1	3261168	40	GC
1	3261204	36	CG
1	3261540	336	AG
1	3262189	627	AG
1	3262214	25	CT
1	3262559	345	TA
1	3263036	324	CT
1	3263163	127	TC
1	3263221	58	GA
1	3263307	86	CG
1	3263597	290	CT
1	3263983	386	CG
1	3265284	947	TC
1	3266293	82	CG
1	3266856	563	GC
1	3267611	755	CT
1	3268016	405	GA
1	3268857	841	GA
1	3269003	146	GC
1	3269333	330	GA
1	3269513	180	AG
1	3271887	1147	AG
1	3273045	1158	AT
1	3278386	2700	AG
1	3279427	757	AC
1	3279835	408	CT
1	3279911	76	AC
1	3280348	437	CT
1	3280350	2	TC
1	3280710	58	TC
1	3280872	162	AG
1	3281157	285	GA
1	3283064	1119	AC
1	3283393	158	CT
1	3283542	149	TC
1	3283579	37	TG
1	3283764	185	GT
1	3283969	205	CT
1	3284115	146	TC
1	3284316	201	AG
1	3284508	192	AT
1	3286383	1626	CT
1	3287485	1102	AG
1	3288572	1087	TC
1	3289813	1241	CT
1	3289990	177	CG
1	3290021	31	AT
1	3291520	1499	TC
1	3291599	29	GA
1	3291921	322	CT
1	3292778	857	CG
1	3293125	347	GA
1	3293381	256	TC
1	3293708	327	TC
1	3295369	218	AG
1	3296171	523	AG
1	3296227	56	TC
1	3296399	172	AT
1	3296418	19	TG
1	3296438	20	AC
1	3296719	281	AC
1	3298587	1868	CT
1	3299780	1119	TC
1	3300108	328	CG
1	3300383	275	AG
1	3301621	1144	CT
1	3302206	585	AG
1	3302844	638	TC
1	3304868	1830	AG
1	3306282	1414	CT
1	3306779	497	AG
1	3307369	590	AG
1	3307481	112	AG
1	3308324	843	AC
1	3309081	757	GA
1	3309401	320	AG
1	3311337	1860	CT
1	3311611	274	AG
1	3311753	142	CA
1	3311872	119	CT
1	3312706	834	GA
1	3312762	30	CG
1	3312907	145	TA
1	3313071	164	GA
1	3313090	19	GC
1	3313827	737	AG
1	3313944	117	GA
1	3315495	1551	AC
1	3315639	144	GA
1	3315821	64	TC
1	3315901	80	CT
1	3315915	14	AG
1	3316038	123	GA
1	3316118	80	AC
1	3317218	331	GA
1	3318007	202	AG
1	3319127	1120	TC
1	3319423	296	GA
1	3319432	9	GA
1	3319535	103	TC
1	3319571	36	CA
1	3320121	550	GA
1	3320237	116	CT
1	3320247	10	GA
1	3320361	114	TC
1	3320367	6	CG
1	3320374	7	AG
1	3321167	749	AG
1	3321414	247	TC
1	3321819	405	GA
1	3321918	99	CT
1	3322246	296	AG
1	3322542	296	TC
1	3324127	1546	CT
1	3324615	488	CG
1	3324925	310	AG
1	3325643	611	CT
1	3325729	86	CT
1	3325749	20	TC
1	3325763	14	CT
1	3325910	147	AG
1	3325922	12	CT
1	3325955	33	GA
1	3326024	69	GA
1	3326210	186	CT
1	3326239	29	AG
1	3326242	3	TG
1	3326518	276	GA
1	3326560	42	AG
1	3326585	25	GA
1	3327044	249	GA
1	3327089	45	CT
1	3327991	902	TC
1	3328623	632	CT
1	3328735	112	CT
1	3333445	4611	CT
1	3334660	1215	TC
1	3338674	2325	AC
1	3339334	660	CT
1	3339523	189	TC
1	3339585	62	CT
1	3341476	1891	TG
1	3342601	1125	AG
1	3343191	590	GA
1	3344215	944	AG
1	3344225	10	CT
1	3345653	1428	GA
1	3349780	4036	AG
1	3350354	468	CT
1	3351687	1309	AG
1	3352102	415	CG
1	3352598	496	TG
1	3353229	613	CT
1	3353583	172	TA
1	3354743	1160	CA
1	3355602	859	TA
1	3355702	100	TA
1	3356465	763	AG
1	3356559	94	AC
1	3356821	262	AG
1	3357151	259	GC
1	3358472	1321	TC
1	3358663	191	CT
1	3358681	18	CT
1	3358785	104	TC
1	3359130	197	GA
1	3360046	916	GC
1	3361557	1461	TC
1	3361840	283	GA
1	3362162	322	AG
1	3362213	51	CT
1	3362901	688	TC
1	3364258	772	GA
1	3364499	241	AC
1	3364622	123	TG
1	3366511	1826	GA
1	3368560	1939	AG
1	3370804	1722	CA
1	3371422	213	TC
1	3372271	398	GA
1	3373238	967	GA
1	3373308	70	CT
1	3373529	221	TG
1	3375883	632	TC
1	3377164	837	GA
1	3377180	16	TC
1	3379499	1446	AG
1	3379664	165	GA
1	3379745	81	CG
1	3380326	545	AG
1	3380658	232	CT
1	3386990	4668	AC
1	3388675	881	AG
1	3392308	3179	AG
1	3394708	2342	GA
1	3394754	46	GA
1	3395827	759	AG
1	3396267	440	GC
1	3398025	1758	TC
1	3399280	1203	GA
1	3403611	2804	TC
1	3405258	1044	GA
1	3405758	206	AG
1	3407646	1672	GA
1	3407712	66	GA
1	3407790	41	CA
1	3407834	44	AG
1	3410194	1267	CT
1	3412638	1792	AC
1	3414792	2154	GA
1	3417069	723	CG
1	3417135	66	TC
1	3417420	285	AG
1	3418364	793	GA
1	3418974	327	CT
1	3419025	51	AG
1	3420999	327	AG
1	3423706	1728	GA
1	3428370	3232	GA
1	3431349	2122	CT
1	3431947	598	TC
1	3431972	25	TC
1	3433617	1477	CA
1	3433690	73	CG
1	3434154	464	CT
1	3434159	5	CT
1	3434160	1	AG
1	3434163	3	TC
1	3438142	1205	GT
1	3438855	76	TC
1	3438886	31	GT
1	3439977	338	CT
1	3440083	106	CT
1	3440361	278	CA
1	3440567	206	TC
1	3441081	473	AG
1	3441292	211	TC
1	3441448	156	CT
1	3441519	71	TC
1	3441856	337	TC
1	3442076	220	TC
1	3442175	99	TA
1	3442395	220	GA
1	3442676	281	CT
1	3442737	61	TC
1	3442761	24	TC
1	3443421	308	GA
1	3444893	1055	CG
1	3445918	869	AG
1	3445927	9	GA
1	3446300	373	TC
1	3447466	838	CT
1	3448292	826	AC
1	3448650	358	CT
1	3451269	2261	CT
1	3454308	3039	GA
1	3456046	1738	GA
1	3456269	223	AG
1	3457237	968	AG
1	3457383	146	TC
1	3458945	1148	CG
1	3459413	468	TG
1	3460719	1306	AG
1	3462948	1877	AG
1	3462989	41	TC
1	3463333	344	GT
1	3465680	2205	GA
1	3468151	2017	GA
1	3471641	3322	TC
1	3475715	3378	AG
1	3477564	968	AT
1	3478171	573	TG
1	3479068	580	GA
1	3479512	444	AG
1	3479517	5	CT
1	3479697	180	AC
1	3479718	21	TC
1	3479730	12	GA
1	3479912	182	GC
1	3479934	22	AG
1	3480153	219	TC
1	3480180	27	CG
1	3480187	7	AG
1	3480224	37	AC
1	3480307	83	CG
1	3480309	2	TG
1	3480427	118	CG
1	3480499	72	CG
1	3481000	501	CT
1	3481088	88	CG
1	3481313	225	CG
1	3481505	192	AG
1	3481683	178	AG
1	3482284	601	TC
1	3482655	371	AG
1	3483238	583	TC
1	3483256	18	GA
1	3483561	305	AG
1	3483784	223	TC
1	3486527	1986	CA
1	3489274	1853	AG
1	3490583	1309	CT
1	3491028	445	CT
1	3497378	5277	TG
1	3497759	381	TG
1	3498493	734	TC
1	3498696	203	CA
1	3499251	555	CA
1	3500693	1234	TG
1	3506916	5669	GC
1	3508955	1878	CT
1	3512953	3606	AG
1	3514417	978	AG
1	3514720	303	GA
1	3514740	20	CG
1	3515410	580	AT
1	3516122	712	CT
1	3530581	13024	TC
1	3586797	27580	GA
1	3592846	5344	CT
1	3596905	3189	TC
1	3600184	3072	TC
1	3605710	5017	TC
1	3605996	286	CT
1	3608755	1104	GA
1	3609420	338	TG
1	3609704	284	TC
1	3610638	934	AG
1	3610884	246	AC
1	3613716	2832	AG
1	3615495	1312	AG
1	3615832	337	CT
1	3616420	588	GA
1	3620199	3699	TC
1	3622067	1868	GA
1	3624659	2592	AG
1	3625495	485	CT
1	3625603	108	TC
1	3626676	1073	AC
1	3626777	101	CT
1	3628320	1543	AG
1	3629648	1300	CT
1	3630266	618	CT
1	3630530	264	CG
1	3630531	1	TC
1	3631300	711	TC
1	3638233	5922	AG
1	3646112	7311	TC
1	3646178	66	CG
1	3646732	554	CT
1	3647230	498	TC
1	3655296	4455	GA
1	3655492	196	AG
1	3657904	2228	AG
1	3661510	2867	GA
1	3662099	459	TC
1	3662627	528	TC
1	3665098	2471	AG
1	3665261	129	TC
1	3666082	821	CG
1	3666929	847	CT
1	3668022	764	TC
1	3668717	695	CT
1	3669586	802	TC
1	3670955	1369	AG
1	3671166	211	GA
1	3671658	492	GA
1	3672214	556	TC
1	3673549	1335	CT
1	3673911	362	GA
1	3674354	443	GA
1	3675600	1246	TC
1	3676346	746	CT
1	3677147	801	TC
1	3677246	99	AG
1	3677749	503	CA
1	3677846	97	TC
1	3679011	967	CT
1	3679037	26	CT
1	3679976	939	TC
1	3682102	2126	TC
1	3682144	42	CT
1	3682198	54	GA
1	3683836	1638	TG
1	3686362	2217	CT
1	3690055	3579	CT
1	3692518	2463	CT
1	3693825	1307	TC
1	3694935	1110	GA
1	3698291	2053	GA
1	3699507	1066	GA
1	3699931	424	AG
1	3699945	14	TC
1	3700129	184	AG
1	3700339	210	AG
1	3701201	862	GT
1	3701270	69	CA
1	3701327	57	TG
1	3703060	1338	CA
1	3703145	85	GA
1	3703199	54	TC
1	3703877	678	TC
1	3704667	790	AG
1	3704876	209	GA
1	3705987	670	TC
1	3706281	294	GA
1	3706830	549	GA
1	3707753	550	GT
1	3707757	4	AG
1	3709372	1615	GA
1	3709565	193	GT
1	3710330	765	AC
1	3710520	190	GA
1	3710526	6	GC
1	3711644	1072	CA
1	3712338	694	CT
1	3712508	170	GC
1	3712979	471	CT
1	3714866	1700	AT
1	3715207	341	GA
1	3715265	58	GA
1	3715886	621	CT
1	3715913	27	TC
1	3716140	227	GA
1	3716345	205	AG
1	3716378	33	AG
1	3717058	680	GA
1	3718463	1405	AG
1	3719294	831	GA
1	3719637	343	CA
1	3719745	108	AG
1	3720584	839	GA
1	3721051	467	TC
1	3721365	314	GA
1	3721376	11	AG
1	3721397	21	GA
1	3721886	489	AG
1	3722286	400	GA
1	3722312	26	TC
1	3722325	13	TG
1	3722604	279	CT
1	3722756	152	AG
1	3724800	2044	AG
1	3724999	199	AC
1	3726892	1806	AG
1	3727244	352	GA
1	3727812	568	TC
1	3729791	1979	GA
1	3730940	663	TC
1	3730946	6	GC
1	3731500	254	AG
1	3731733	233	AG
1	3731751	18	AG
1	3732289	538	GA
1	3732334	45	TG
1	3732348	14	TG
1	3732443	95	GC
1	3732603	160	GA
1	3732945	249	CT
1	3732955	10	TC
1	3732975	20	CT
1	3734170	1195	CT
1	3734196	26	GA
1	3735012	816	CT
1	3735060	48	GA
1	3735463	39	AG
1	3735584	121	GA
1	3735943	359	GC
1	3736327	384	AG
1	3736541	214	CA
1	3736642	101	AG
1	3736869	153	GA
1	3736961	92	CG
1	3738526	1474	CT
1	3738719	193	CT
1	3738880	161	GA
1	3738926	46	TC
1	3739733	807	AG
1	3739886	153	CT
1	3741356	1298	CT
1	3742747	1186	CA
1	3743273	526	GT
1	3743613	340	GA
1	3744330	717	GT
1	3744846	516	GC
1	3746119	1273	TC
1	3747148	769	GC
1	3747228	80	GA
1	3751509	1529	TA
1	3752439	678	CT
1	3753047	608	GC
1	3754529	1482	CT
1	3755239	710	CT
1	3755369	130	TC
1	3755426	57	GA
1	3756257	831	AT
1	3756941	684	CT
1	3757096	155	AG
1	3757307	211	TC
1	3757634	327	TC
1	3758066	400	CT
1	3759413	1347	GA
1	3765593	5727	GC
1	3766935	1342	CT
1	3768886	1666	AG
1	3769463	577	GT
1	3772725	2943	TG
1	3773309	584	TC
1	3774104	795	CT
1	3776103	1696	AG
1	3776703	600	CG
1	3776815	112	TC
1	3778241	1426	CG
1	3780316	2075	AG
1	3782999	1428	AG
1	3783099	100	AG
1	3783201	102	AG
1	3783581	380	GA
1	3785190	1537	TC
1	3786018	808	AG
1	3788166	2148	TC
1	3788463	297	AG
1	3789281	818	GC
1	3789460	179	GA
1	3792955	3495	CT
1	3793196	241	TC
1	3796060	2301	AG
1	3796136	76	GA
1	3797487	823	TC
1	3799758	2164	TC
1	3799824	66	GA
1	3799898	74	GA
1	3801478	1528	TC
1	3802792	1314	TC
1	3803302	510	AG
1	3803565	263	AG
1	3804283	718	CT
1	3807009	2667	TC
1	3807163	154	AG
1	3807336	173	AG
1	3807734	398	CG
1	3808243	509	TC
1	3808298	55	CT
1	3808855	557	TC
1	3809160	305	CT
1	3809281	121	AG
1	3809317	36	GA
1	3809338	21	CT
1	3809513	175	GA
1	3810094	581	CT
1	3810111	17	GA
1	3810195	84	GA
1	3810315	120	TC
1	3810414	99	CT
1	3811020	606	TC
1	3811676	656	GA
1	3812057	381	AG
1	3812302	245	TC
1	3812818	516	AG
1	3812947	129	CG
1	3812974	27	TG
1	3813077	103	CT
1	3813096	19	GA
1	3814037	941	CT
1	3814331	294	CT
1	3814381	50	AG
1	3814645	264	GT
1	3815894	1153	CT
1	3817994	2100	AG
1	3818727	733	TC
1	3818746	19	GA
1	3820333	1587	CT
1	3822120	1703	GA
1	3823101	981	TC
1	3823206	105	TC
1	3825626	2420	TC
1	3826130	504	AG
1	3826201	71	CT
1	3827013	812	CT
1	3827445	432	GA
1	3829634	2189	GA
1	3831307	1673	CG
1	3831688	381	GT
1	3832912	1175	GA
1	3833982	1040	TC
1	3835379	1353	AG
1	3835391	12	GA
1	3838767	3347	CT
1	3844866	5981	AG
1	3846572	1657	CT
1	3848721	2097	AC
1	3849147	229	GA
1	3851453	2306	CT
1	3852320	823	AG
1	3862570	9604	GA
1	3863622	804	CT
1	3866534	1766	GT
1	3866719	185	TC
1	3867438	173	AC
1	3867868	430	CT
1	3869020	1152	CA
1	3869485	465	GT
1	3873163	3546	TC
1	3874740	1344	GA
1	3874824	84	GA
1	3877008	1659	GA
1	3877174	166	CT
1	3879607	2433	CT
1	3881056	1362	CT
1	3881739	683	GA
1	3887076	5029	CT
1	3887142	66	TC
1	3887327	185	GA
1	3888256	929	GA
1	3892563	4121	AG
1	3892996	433	AG
1	3894541	1525	TC
1	3899764	3047	AG
1	3902002	2213	GC
1	3903782	1731	GA
1	3905226	1371	AG
1	3907455	2229	TC
1	3910652	3197	CT
1	3911618	966	TC
1	3911634	16	GA
1	3911662	28	GA
1	3912018	356	AG
1	3913534	1516	TC
1	3913603	69	TC
1	3913830	227	GA
1	3916078	2248	GA
1	3917322	1193	TC
1	3918060	738	TC
1	3919382	1322	GA
1	3923460	3699	CT
1	3927005	3504	TC
1	3929086	2081	TC
1	3929484	398	CT
1	3936193	4654	AG
1	3936531	338	CT
1	3939265	2640	GC
1	3940468	1203	TC
1	3941011	543	GC
1	3946119	4670	AT
1	3946550	431	AG
1	3946696	146	GC
1	3947423	727	GA
1	3947527	104	GA
1	3948399	872	AC
1	3951462	2258	AG
1	3951524	62	GA
1	3953567	2043	GA
1	3953884	181	CA
1	3954497	613	GA
1	3954676	97	CT
1	3954680	4	CT
1	3955027	347	CT
1	3955418	391	AG
1	3955604	186	AG
1	3955697	93	CT
1	3957304	1430	GA
1	3959782	1626	AT
1	3959900	118	AG
1	3961358	332	GT
1	3961422	64	TC
1	3961478	56	CT
1	3961801	323	CT
1	3961915	114	AG
1	3966160	3601	AG
1	3966545	251	CT
1	3966588	43	GA
1	3966724	136	GT
1	3967071	347	GA
1	3967149	78	GC
1	3967700	551	GA
1	3968719	1019	AG
1	3969047	328	CT
1	3969048	1	GA
1	3969269	221	CT
1	3972647	2761	GC
1	3973461	772	AG
1	3973474	13	CT
1	3974325	851	GA
1	3974540	215	AC
1	3975799	1164	GT
1	3976291	492	TC
1	3976399	108	TC
1	3978405	1554	GA
1	3979331	926	TG
1	3981326	1995	CT
1	3982311	985	GA
1	3985408	2847	GA
1	3986270	331	TC
1	3986590	278	AG
1	3990539	1332	GA
1	3990561	22	AG
1	3992054	1493	AC
1	3994220	1969	CT
1	3994996	734	TC
1	3995004	8	CT
1	3997458	2454	GT
1	3998845	1308	GC
1	4002451	3558	GC
1	4003012	561	GA
1	4003162	150	AG
1	4003377	215	AC
1	4004150	773	AG
1	4004240	90	TC
1	4004263	23	GA
1	4004280	17	GA
1	4004737	380	TC
1	4004839	102	GA
1	4005791	952	CT
1	4005931	140	AG
1	4005950	19	AG
1	4006068	118	CT
1	4006183	115	AG
1	4006236	53	CA
1	4006792	148	TC
1	4006804	12	AC
1	4007400	596	AG
1	4007659	259	GA
1	4007663	4	AG
1	4007821	158	GA
1	4008185	290	AG
1	4008321	136	CT
1	4009715	596	TC
1	4011718	1398	CA
1	4012070	352	CA
1	4013223	1153	AG
1	4014270	798	GA
1	4018440	1287	AG
1	4018494	54	AG
1	4023705	4308	GA
1	4024792	371	AG
1	4025362	570	AG
1	4025929	142	TC
1	4028128	2155	GT
1	4028318	190	AC
1	4028319	1	TC
1	4028675	356	GC
1	4029924	1249	AG
1	4031574	1564	GA
1	4033216	1590	TC
1	4033999	783	TC
1	4047853	13619	TC
1	4048089	236	CT
1	4051577	3429	CT
1	4054247	2545	GC
1	4056596	2032	CT
1	4056951	355	GT
1	4059863	2864	AG
1	4067644	7713	GA
1	4070920	3200	AC
1	4071728	808	AG
1	4074864	2992	CT
1	4075110	246	AG
1	4077118	2008	TC
1	4077375	257	CT
1	4078857	1482	AG
1	4079678	821	CT
1	4080154	476	CG
1	4080338	184	GA
1	4080520	182	CT
1	4081131	611	CT
1	4084863	3675	GA
1	4085633	728	TC
1	4086659	1026	CG
1	4087980	1321	CG
1	4089778	1631	TC
1	4093464	3645	AG
1	4093723	259	TC
1	4094264	502	AC
1	4097477	3089	TC
1	4098669	985	GC
1	4098735	66	AC
1	4099300	525	TC
1	4100391	1091	CT
1	4101198	752	CT
1	4102054	856	TG
1	4104089	2000	AG
1	4106059	1951	GA
1	4107245	1186	CA
1	4110452	2899	TG
1	4112071	1619	CT
1	4112665	594	TG
1	4117553	4371	AG
1	4119481	1928	AC
1	4120008	527	GA
1	4122189	1265	TC
1	4125621	2958	AG
1	4125812	191	GC
1	4127591	1028	CA
1	4134723	2392	CT
1	4135191	375	AG
1	4136066	785	TA
1	4136112	46	AG
1	4138843	1387	GC
1	4139165	322	GA
1	4139309	144	TC
1	4140933	1485	AG
1	4141305	360	AG
1	4141329	24	AG
1	4142018	648	GA
1	4143831	1678	AG
1	4143850	19	CT
1	4143959	109	TC
1	4144202	243	TC
1	4146512	2003	TG
1	4147177	665	AG
1	4147234	57	CT
1	4147745	511	CT
1	4147759	14	AC
1	4148332	573	GA
1	4148853	521	CG
1	4149439	586	GT
1	4150815	1334	CT
1	4151383	568	AG
1	4152684	1240	GA
1	4153691	1007	GA
1	4153904	213	GA
1	4154168	264	TC
1	4154208	40	TC
1	4154287	79	CT
1	4156148	1807	GA
1	4156487	339	CT
1	4156535	48	GC
1	4156601	66	AG
1	4156688	87	TC
1	4156700	12	GA
1	4156755	55	AC
1	4157414	659	TC
1	4157418	4	TC
1	4159746	2306	TC
1	4160630	764	GA
1	4161119	489	AG
1	4161237	118	CT
1	4161629	392	TC
1	4161779	150	TC
1	4162491	712	TC
1	4163200	709	CT
1	4163209	9	TC
1	4163424	215	CT
1	4163575	151	GT
1	4163611	36	AG
1	4164529	866	AG
1	4164933	404	TC
1	4164983	50	AG
1	4165680	697	CT
1	4165951	271	CT
1	4166864	856	TC
1	4166948	84	TC
1	4167266	318	TC
1	4167375	109	TC
1	4167609	234	TC
1	4167820	211	GA
1	4168045	225	CG
1	4168051	6	AT
1	4168710	659	GA
1	4168974	264	GA
1	4168985	11	GA
1	4169220	235	AG
1	4169325	105	CT
1	4169771	446	CG
1	4170376	580	TC
1	4170498	122	CT
1	4171743	1245	CA
1	4171812	69	CA
1	4172004	192	CA
1	4172689	685	GA
1	4173094	405	GC
1	4174143	1008	AG
1	4174692	549	CT
1	4174775	83	AG
1	4176889	1811	AG
1	4177773	884	GA
1	4179112	1204	TC
1	4181510	2285	CT
1	4182861	1321	CT
1	4182967	106	CG
1	4183263	296	AG
1	4183335	72	CT
1	4183769	434	AC
1	4183844	75	TC
1	4183849	5	AG
1	4184009	160	TC
1	4184470	461	CT
1	4185119	458	CG
1	4185561	442	TC
1	4185880	319	CT
1	4185969	89	AG
1	4187426	1126	CT
1	4187700	274	TC
1	4188661	961	CT
1	4188719	58	AG
1	4188919	200	GA
1	4188969	50	CT
1	4188985	16	CT
1	4190392	444	TC
1	4190636	244	GA
1	4192681	2045	TC
1	4192806	125	TC
1	4193047	241	CT
1	4193919	269	GA
1	4194188	269	GA
1	4196181	1177	AG
1	4196759	578	GT
1	4197222	463	AG
1	4201685	1757	AG
1	4202505	480	GA
1	4202599	94	TC
1	4202717	118	CT
1	4203794	1077	AG
1	4203813	19	AG
1	4203893	80	CT
1	4205234	808	AG
1	4206795	1281	AG
1	4207118	323	GC
1	4207156	38	AG
1	4208909	1384	AG
1	4209368	459	GA
1	4210849	869	AG
1	4210983	134	CT
1	4211003	20	GC
1	4211690	687	TC
1	4212230	540	GA
1	4213529	940	GA
1	4214830	793	AG
1	4214861	31	CT
1	4216383	1488	CG
1	4216910	527	GA
1	4219383	2270	TC
1	4220249	532	AG
1	4220615	366	TA
1	4220912	297	TG
1	4222337	1350	CA
1	4222407	70	AG
1	4222487	80	AG
1	4223123	559	AG
1	4224498	1150	TC
1	4225627	789	GA
1	4226027	400	TC
1	4228266	1458	AG
1	4236260	3941	CT
1	4237473	1008	GA
1	4238387	914	CT
1	4241233	1638	TA
1	4243407	2174	TC
1	4244092	685	CT
1	4245276	1005	CT
1	4246158	882	TC
1	4246159	1	TC
1	4246598	439	TC
1	4246606	8	CT
1	4247465	859	CG
1	4250741	3209	AG
1	4250838	97	TC
1	4252868	2030	CG
1	4256706	3797	TC
1	4258802	2011	AG
1	4264631	5274	TG
1	4265968	1337	AG
1	4267170	1202	TC
1	4267435	265	GC
1	4267661	226	TC
1	4267700	39	TC
1	4267721	21	CG
1	4268055	334	CT
1	4268121	66	AG
1	4268401	280	TC
1	4268877	260	AG
1	4269093	216	GT
1	4269310	217	TC
1	4269845	535	GA
1	4272524	2679	GT
1	4273402	878	AG
1	4273454	52	TC
1	4273709	255	TC
1	4274773	774	TC
1	4275043	270	GC
1	4277183	2140	CT
1	4277646	463	AG
1	4277677	31	TC
1	4279901	2192	TC
1	4280344	443	CT
1	4282959	2615	AG
1	4287433	4001	CG
1	4288023	590	GA
1	4288848	825	TC
1	4291046	2126	CT
1	4292073	1027	AG
1	4292074	1	AC
1	4295704	2869	GC
1	4295709	5	CT
1	4297426	1547	CG
1	4298850	1385	TA
1	4298851	1	GC
1	4299198	311	GA
1	4299832	401	GA
1	4308580	5224	AG
1	4317487	6429	GA
1	4322582	4743	TG
1	4351377	26312	AG
1	4351861	484	GA
1	4371782	16192	TC
1	4377964	3428	TC
1	4385977	7538	GT
1	4530079	123422	TG
1	4530741	662	AG
1	4541807	8697	GA
1	4544551	1627	GA
1	4547819	436	CT
1	4547923	25	CT
1	4548040	117	GA
1	4555106	5098	AG
1	4564931	9434	AG
1	4566135	1167	TC
1	4570776	4526	AC
1	4573001	2225	CT
1	4575114	2113	CT
1	4576941	1517	TC
1	4576976	35	GA
1	4577553	577	CT
1	4579992	1758	GA
1	4580645	653	CA
1	4580782	137	GA
1	4581065	283	CT
1	4588888	4269	AG
1	4589078	136	TC
1	4589696	618	TG
1	4589939	243	CG
1	4590106	167	GA
1	4591527	1421	GC
1	4591547	20	AG
1	4591565	18	GC
1	4591636	71	AG
1	4592469	833	CT
1	4593445	196	CT
1	4593447	2	GC
1	4593755	308	GA
1	4594094	339	CT
1	4594191	97	CT
1	4594270	79	CT
1	4594666	396	GA
1	4595639	459	TC
1	4600713	1103	AG
1	4603109	1985	AG
1	4607237	1997	TC
1	4607321	84	GC
1	4609993	1066	CG
1	4614977	3599	AG
1	4616954	1535	AG
1	4617774	572	CT
1	4618508	734	CT
1	4619298	790	CT
1	4620590	1043	AG
1	4621706	1116	TC
1	4625331	2219	GA
1	4627067	498	GA
1	4627350	283	CG
1	4628658	982	AG
1	4629142	484	TG
1	4629601	459	TG
1	4630086	168	GA
1	4633644	3180	GA
1	4633683	39	AG
1	4633760	77	CA
1	4634330	460	GA
1	4634830	500	TC
1	4635544	714	TC
1	4638092	1980	CT
1	4639133	1041	CG
1	4639232	99	TC
1	4639655	423	CT
1	4640295	640	AG
1	4640424	129	AG
1	4642983	1006	AG
1	4646722	2546	GA
1	4647074	352	AG
1	4647132	58	CT
1	4647167	35	GA
1	4651809	2573	GC
1	4652837	1028	AG
1	4656351	2912	GA
1	4656428	77	TC
1	4656584	156	AG
1	4659777	2184	CG
1	4660274	497	TC
1	4666116	3534	AT
1	4668490	2342	GA
1	4669487	997	AG
1	4673519	2682	AG
1	4674721	805	CG
1	4674956	235	CT
1	4675246	252	GC
1	4675887	609	CA
1	4676854	967	AG
1	4680292	3341	GA
1	4684155	3863	GA
1	4684844	689	GA
1	4685735	891	TG
1	4689418	3655	CT
1	4690737	1319	CT
1	4691571	834	GA
1	4692327	756	CA
1	4693097	770	TC
1	4694249	1152	AC
1	4694920	671	TC
1	4695447	503	TC
1	4696526	1079	AG
1	4697550	965	TC
1	4700225	2675	TC
1	4701010	785	CT
1	4702350	1268	GA
1	4704032	1597	AT
1	4713447	4957	TC
1	4713716	269	CT
1	4714341	625	TG
1	4714684	343	TC
1	4714831	147	TG
1	4715227	396	GA
1	4715442	215	TA
1	4716661	864	CA
1	4719450	2789	CT
1	4721938	2053	AG
1	4725419	3481	TA
1	4729196	3541	CT
1	4729902	706	CT
1	4730009	107	TC
1	4730764	222	AG
1	4731806	848	TG
1	4732303	244	AG
1	4732829	287	GT
1	4733169	173	TC
1	4733224	55	AG
1	4735220	1729	TC
1	4735887	667	GA
1	4736004	117	AG
1	4736497	493	GC
1	4736761	264	CA
1	4739087	598	GA
1	4740819	1217	CG
1	4741450	631	TC
1	4743717	1253	TC
1	4744025	308	CT
1	4747399	3130	AG
1	4749038	1639	AG
1	4750543	1422	CA
1	4763719	6955	TG
1	4764131	375	AG
1	4764153	22	CT
1	4764168	15	GA
1	4765092	924	TC
1	4765112	20	TG
1	4765647	535	AG
1	4766017	370	AG
1	4766334	317	CT
1	4767567	771	GA
1	4768297	681	AG
1	4768684	387	CT
1	4768715	31	GA
1	4768952	237	GC
1	4769103	151	CA
1	4769371	268	GA
1	4769887	516	AG
1	4770720	348	TC
1	4770782	62	AG
1	4770895	113	AG
1	4770911	16	TG
1	4771568	621	CT
1	4773740	1568	AG
1	4774224	484	GC
1	4776576	2078	AG
1	4777913	1337	TC
1	4778270	357	CG
1	4778618	348	CT
1	4779278	660	TC
1	4779462	184	CA
1	4780675	1020	CT
1	4783931	2285	AG
1	4784891	960	TC
1	4784910	19	TG
1	4785402	492	CT
1	4785490	88	TC
1	4785671	181	TC
1	4787329	1280	TC
1	4788197	868	AG
1	4789161	672	GA
1	4790809	1648	GT
1	4792455	1278	CT
1	4792594	139	CT
1	4792846	252	AC
1	4793081	235	AG
1	4793234	153	GA
1	4793241	7	GA
1	4794110	869	AG
1	4794626	472	AG
1	4794843	217	GA
1	4797086	2079	CT
1	4797518	432	GA
1	4797566	48	GT
1	4797694	128	CT
1	4798057	363	CT
1	4805734	3169	CT
1	4805894	160	CT
1	4808814	2257	CT
1	4814455	2075	TG
1	4815249	506	AG
1	4816648	1023	CT
1	4817403	656	TC
1	4818942	1153	GA
1	4819072	130	AG
1	4820408	1037	TC
1	4822760	2113	TC
1	4828968	5577	CT
1	4832187	3219	AC
1	4832271	84	TG
1	4835151	2814	GA
1	4838271	2857	AC
1	4840056	1719	TC
1	4840466	410	AG
1	4843534	2445	TG
1	4844459	864	GA
1	4848249	2965	AG
1	4858334	7805	TC
1	4861087	2392	GA
1	4865051	2206	GA
1	4867205	2154	GC
1	4867219	14	GA
1	4867234	15	CA
1	4867313	79	CT
1	4868860	1547	CT
1	4869949	1089	TC
1	4870016	67	CG
1	4870453	437	GC
1	4871999	1546	CG
1	4874607	2608	CT
1	4874745	138	CG
1	4877095	909	AG
1	4877876	332	GT
1	4877945	69	CG
1	4878113	168	TG
1	4878158	45	TC
1	4878827	669	TC
1	4880336	1455	GA
1	4880865	529	GA
1	4881163	298	CT
1	4881248	85	AG
1	4881618	272	AG
1	4882085	467	TC
1	4882212	127	GA
1	4882348	136	CG
1	4884136	1188	GA
1	4884575	439	TC
1	4886110	854	AG
1	4886944	143	GA
1	4886953	9	AG
1	4888117	1164	CG
1	4888137	20	CA
1	4889167	1030	AG
1	4889333	166	AG
1	4889982	649	CT
1	4889984	2	CT
1	4889987	3	AG
1	4890984	997	TC
1	4891385	401	GA
1	4891520	135	AG
1	4891996	476	CG
1	4892350	354	AG
1	4892858	508	CT
1	4893209	351	TC
1	4894671	806	CA
1	4895367	375	TC
1	4895404	37	TC
1	4895408	4	CT
1	4895796	388	CT
1	4895981	185	TG
1	4896890	909	TC
1	4897370	480	TA
1	4897826	456	CT
1	4897902	76	TC
1	4899347	1013	TC
1	4899356	9	TC
1	4902134	2500	GT
1	4902816	682	CT
1	4902964	148	AG
1	4904288	719	AG
1	4904302	14	CT
1	4906036	1607	GA
1	4906583	547	TC
1	4906870	287	CG
1	4907457	587	CT
1	4907562	105	TC
1	4908058	496	GA
1	4909195	52	CT
1	4909868	532	TA
1	4909904	36	CT
1	4910355	451	CT
1	4911326	647	AG
1	4911374	48	TC
1	4915834	1651	GC
1	4916008	174	CT
1	4916071	63	AG
1	4916669	536	CT
1	4919025	1922	AG
1	4919919	894	CG
1	4922327	1879	GT
1	4924067	1677	GA
1	4925970	654	AC
1	4931344	1538	TC
1	4934789	1909	CT
1	4936795	1847	TG
1	4937281	181	TC
1	4938400	608	GA
1	4939856	1204	TC
1	4944541	1624	GA
1	4945615	889	CA
1	4946217	311	AG
1	4948772	922	TC
1	4950758	1600	TC
1	4951091	333	CT
1	4952348	812	AG
1	4953241	544	TC
1	4956156	1712	CT
1	4956366	210	GT
1	4959548	2017	TG
1	4961901	2048	GA
1	4962080	179	AG
1	4964120	1808	CT
1	4965089	969	GT
1	4969333	3210	CT
1	4969886	553	TC
1	4970073	187	CT
1	4970102	29	AG
1	4970588	486	GA
1	4972841	2218	GC
1	4973521	680	CT
1	4974714	890	AG
1	4976399	1146	AC
1	4977609	642	GC
1	4977648	39	CT
1	4977876	228	AG
1	4982616	1249	AG
1	4983230	614	AG
1	4984090	860	AG
1	4985636	1519	CT
1	4987090	1454	TC
1	4988549	1434	TC
1	4989635	949	TG
1	7064412	1768800	GA
1	7064766	354	GA
1	7065728	429	CA
1	7067299	730	TC
1	7068063	405	AT
1	7070036	1481	CT
1	7070458	422	AG
1	7071520	494	CT
1	7071714	194	CT
1	7072177	463	CT
1	7072330	91	TC
1	7072937	318	AG
1	7072976	39	AG
1	7073135	159	GA
1	7073160	25	CT
1	7073325	123	CA
1	7073416	91	TC
1	7075689	1786	GA
1	7077897	1621	GA
1	7077996	99	CT
1	7078170	174	TC
1	7094716	12350	TC
1	7096275	1514	GA
1	7100576	3439	CT
1	7100729	153	TC
1	7100750	21	CT
1	7101466	556	GA
1	7101492	26	CT
1	7102684	1087	TC
1	7102902	218	CT
1	7103615	713	GT
1	7104328	713	TA
1	7121526	8210	AG
1	7121949	423	GA
1	7129760	3963	GC
1	7132704	2082	GC
1	7133327	623	TC
1	7135876	2234	TC
1	7138453	1930	TC
1	7146574	5970	GA
1	7150568	2937	AG
1	7150659	41	GA
1	7196431	27264	CT
1	7197023	551	GC
1	7198962	1107	GA
1	7199448	486	GC
1	7199763	315	GA
1	7199939	176	AG
1	7201644	1374	CG
1	7201655	11	TC
1	7201895	240	CT
1	7201947	52	CT
1	7202972	490	GA
1	7203791	263	AG
1	7204045	254	GC
1	7204100	55	AG
1	7204131	31	AG
1	7206013	727	TC
1	7206102	89	AG
1	7206555	409	CT
1	7206614	59	GA
1	7207367	723	TC
1	7207643	276	GA
1	7208166	523	GA
1	7208390	224	TG
1	7208421	31	CG
1	7208539	118	TC
1	7208543	4	TC
1	7208869	165	AG
1	7208945	76	TC
1	7209151	206	TG
1	7210151	408	GA
1	7212429	1445	AG
1	7216635	3297	AG
1	7216866	231	CG
1	7216904	38	TA
1	7217395	491	TA
1	7217509	114	AG
1	7219341	1436	TA
1	7224012	1667	TC
1	7224309	297	GT
1	7224478	169	CT
1	7226994	926	GC
1	7229156	2018	TC
1	7229384	46	GA
1	7229632	248	GC
1	7230082	339	CA
1	7231582	914	GA
1	7232195	613	GA
1	7232643	297	AC
1	7233728	1085	GA
1	7234441	665	TC
1	7238173	1943	GA
1	7238174	1	CA
1	7239043	579	TC
1	7239764	538	GA
1	7244029	2537	AG
1	7244206	177	AC
1	7244585	379	GA
1	7245041	456	AC
1	7256813	5691	TG
1	7259026	1765	CT
1	7259089	63	GA
1	7259131	42	CT
1	7259193	62	TC
1	7259927	734	GA
1	7260337	410	CT
1	7260354	17	CT
1	7260390	36	GA
1	7260519	129	GA
1	7260814	295	AG
1	7260922	108	GA
1	7261831	356	TC
1	7261889	58	GA
1	7261957	68	CT
1	7262036	79	CT
1	7263081	778	TA
1	7263971	373	AG
1	7264462	491	GA
1	7264607	145	GA
1	7264879	272	CG
1	7264938	59	AT
1	7265051	113	AG
1	7267288	759	TC
1	7267295	7	GC
1	7267449	154	CA
1	7268124	658	TG
1	7268844	720	GT
1	7269725	547	AT
1	7270017	292	CT
1	7271270	849	TC
1	7272052	694	CA
1	7272217	165	AG
1	7272429	212	TC
1	7272636	207	AG
1	7272644	8	GC
1	7272895	251	CA
1	7273146	251	AG
1	7274002	770	GA
1	7275717	1715	CA
1	7275723	6	GA
1	7278776	2509	GT
1	7280779	534	TC
1	7285857	3219	AG
1	7287342	906	CG
1	7287516	174	TC
1	7288213	355	TG
1	7288314	101	TC
1	7293203	2438	GT
1	7300788	3364	TC
1	7301000	212	GA
1	7302554	562	GA
1	7302611	57	AG
1	7303348	323	TC
1	7305290	1016	AG
1	7305350	60	TC
1	7305903	353	GA
1	7306095	192	AG
1	7311335	3465	AT
1	7317108	3286	AG
1	7321240	1032	GA
1	7324766	2504	GC
1	7326095	771	AG
1	7326891	704	GA
1	7328877	1656	GC
1	7329183	306	CA
1	7331996	992	CT
1	7332255	259	CG
1	7341111	2413	TC
1	7341381	270	AG
1	7341566	185	GA
1	7341996	430	CA
1	7343351	471	TA
1	7343417	66	AG
1	7348375	1946	GA
1	7350586	522	CT
1	7350600	14	GT
1	7350601	1	TG
1	7350630	29	AT
1	7351229	246	AG
1	7351272	43	CT
1	7352178	906	GA
1	7352425	247	GC
1	7352475	50	CT
1	7352500	25	GA
1	7352564	64	TG
1	7352656	92	CT
1	7352677	21	CA
1	7353355	678	TC
1	7355383	994	GA
1	7359789	1029	TC
1	7359963	174	AG
1	7360049	86	TG
1	7360182	133	GA
1	7360190	8	GA
1	7368138	1880	AG
1	7369046	881	AG
1	7369047	1	AC
1	7372678	3489	CT
1	7373279	349	CT
1	7373409	130	TC
1	7373427	18	TG
1	7373649	222	AG
1	7373864	215	AG
1	7376725	1877	TC
1	7377062	337	TA
1	7377274	212	GT
1	7377283	9	CT
1	7377360	77	AC
1	7377869	127	CA
1	7378614	368	GA
1	7379734	1120	AG
1	7381768	966	TC
1	7381769	1	CT
1	7382595	177	GC
1	7382822	227	CT
1	7387292	1579	TA
1	7387581	289	GA
1	7388306	725	AG
1	7388380	74	TA
1	7388773	393	TC
1	7390256	508	AG
1	7390319	63	AG
1	7392700	1794	AC
1	7394575	707	CT
1	7394776	201	AG
1	7396021	951	GC
1	7398047	624	GA
1	7398050	3	GA
1	7398093	43	TC
1	7398147	54	AG
1	7398172	25	CT
1	7398678	47	GA
1	7398769	91	CT
1	7399123	354	AT
1	7403439	2256	TC
1	7403441	2	GA
1	7403696	209	AG
1	7406663	222	CG
1	7407231	568	GA
1	7407275	44	TC
1	7408029	520	CA
1	7408833	804	TC
1	7411439	1773	CT
1	7411680	241	GA
1	7411740	60	GA
1	7411838	98	GA
1	7414343	1480	CT
1	7416540	1700	GA
1	7417663	1123	CA
1	7418655	904	AG
1	7424739	5504	GC
1	7425129	312	GA
1	7425500	57	TC
1	7425608	108	TC
1	7426005	116	GA
1	7426305	300	TC
1	7427566	477	AG
1	7427618	52	CA
1	7427634	16	GC
1	7427643	9	GA
1	7427669	26	GA
1	7427715	46	CT
1	7427756	41	TC
1	7427784	28	CT
1	7428060	276	GA
1	7428822	467	TC
1	7428982	160	GA
1	7429009	27	AG
1	7429015	6	AG
1	7429055	40	TC
1	7429157	102	AG
1	7429224	67	GA
1	7429237	13	GA
1	7429346	109	CT
1	7429347	1	AG
1	7429418	71	AG
1	7429451	33	GA
1	7429584	133	TC
1	7429675	91	CT
1	7429733	58	AG
1	7429753	20	GT
1	7429896	143	CT
1	7429986	90	AG
1	7430149	163	TG
1	7430177	28	GT
1	7430513	336	TG
1	7430580	67	TC
1	7430667	87	AG
1	7430694	27	TC
1	7430783	89	TA
1	7430991	208	AG
1	7431145	154	TG
1	7431354	209	AT
1	7431447	93	CT
1	7432101	323	CA
1	7435082	1515	TC
1	7435198	116	AG
1	7435267	69	GT
1	7436420	687	TG
1	7436511	91	TC
1	7436831	320	AG
1	7437820	602	AG
1	7438999	589	CT
1	7439676	402	CT
1	7442134	1533	AG
1	7442386	252	CA
1	7442628	242	AG
1	7442977	349	GT
1	7443149	172	GA
1	7443275	126	GA
1	7444006	709	AG
1	7444007	1	CT
1	7444382	375	CG
1	7445568	960	AG
1	7445614	46	GT
1	7445723	109	AC
1	7446245	423	TC
1	7446281	36	AG
1	7447179	798	AG
1	7447262	83	CT
1	7448323	766	CA
1	7450726	2322	GC
1	7451074	348	TC
1	7451120	46	AG
1	7451541	421	GA
1	7454446	1847	GT
1	7454748	302	TC
1	7456018	998	CT
1	7456985	716	TG
1	7457580	595	TG
1	7457959	379	GA
1	7459049	1090	GA
1	7460360	1039	AG
1	7461678	983	TA
1	7461965	287	AG
1	7465124	2260	GA
1	7467593	69	CT
1	7467692	99	TG
1	7471458	2073	GA
1	7473838	1769	GC
1	7476826	2391	AT
1	7481028	2995	AG
1	7482349	1032	GA
1	7483649	1256	TA
1	7484610	961	TG
1	7484724	114	TC
1	7484889	165	AT
1	7484973	84	AC
1	7484996	23	CT
1	7485425	429	CT
1	7495131	3284	CG
1	7495560	429	AT
1	7496038	219	GA
1	7496158	120	GA
1	7496654	496	CT
1	7497017	363	GA
1	7497139	122	CT
1	7497208	69	AG
1	7497256	48	GA
1	7497288	32	TC
1	7497477	189	GT
1	7498125	605	TC
1	7499793	979	AG
1	7499871	78	GA
1	7500096	225	TC
1	7505107	921	CG
1	7509914	4292	AG
1	7512035	1919	GA
1	7514129	1234	GT
1	7514341	212	TA
1	7514455	114	GA
1	7514885	430	TA
1	7516806	1624	AG
1	7519968	2018	TC
1	9145141	1203571	CT
1	9627490	340022	CT
1	10000042	42	TG
1	10000414	372	AG
1	10002794	1601	GA
1	10003808	886	CT
1	10003896	88	TC
1	10003902	6	CT
1	10009434	5222	GC
1	10009930	496	AG
1	10010453	523	AG
1	10010460	7	CT
1	10011952	776	GA
1	10012947	113	AG
1	10014555	1608	TC
1	10015028	473	TC
1	10015127	99	GA
1	10016167	1009	GA
1	10017462	1066	TC
1	10017513	51	AG
1	10017780	267	TC
1	10017959	179	TC
1	10018093	134	AC
1	10018094	1	CG
1	10018148	54	TC
1	10018171	23	TC
1	10018189	18	GA
1	10018454	265	AT
1	10018685	231	TA
1	10019214	213	AG
1	10019234	20	AG
1	10020272	533	CT
1	10020298	26	TC
1	10020444	146	CT
1	10020474	30	TC
1	10020488	14	GA
1	10021013	525	CA
1	10021235	222	CT
1	10021887	307	CT
1	10021984	97	AG
1	10022049	65	CG
1	10022758	472	CT
1	10022841	83	GA
1	10022914	73	GA
1	10023093	179	TC
1	10023939	783	AG
1	10024594	464	AG
1	10024601	7	TC
1	10025485	229	GA
1	10025489	4	CT
1	10025592	103	CG
1	10028091	1263	AG
1	10028101	10	AG
1	10029672	1571	GC
1	10030096	424	CT
1	10030105	9	TG
1	10030683	414	GT
1	10031692	699	CG
1	10031914	222	TC
1	10032135	221	GT
1	10032248	113	TC
1	10032620	372	CA
1	10032731	111	GT
1	10032745	14	CT
1	10034515	1741	GA
1	10035042	527	TC
1	10035144	102	TC
1	10036871	1310	CT
1	10037077	206	GC
1	10037919	620	CG
1	10038989	1070	CG
1	10039276	287	GC
1	10039306	30	CT
1	10040579	1273	CG
1	10041354	775	CT
1	10041697	343	GC
1	10041854	157	CT
1	10042766	912	TA
1	10043511	551	CA
1	10043543	32	GA
1	10043973	430	CT
1	10044665	692	CT
1	10045201	536	AG
1	10045283	82	CT
1	10045825	344	CT
1	10046245	420	GA
1	10046953	708	TC
1	10047223	270	TC
1	10048841	1376	GC
1	10049016	175	CT
1	10052281	2035	AC
1	10052596	266	CG
1	10054442	1742	GT
1	10054929	350	TC
1	10056013	510	AG
1	10057640	865	GC
1	10058175	445	GC
1	10059986	1075	GA
1	10060033	47	CT
1	10060088	55	TC
1	10061009	203	GA
1	10061179	170	TC
1	10063628	930	AG
1	10063768	140	GT
1	10064914	879	AG
1	10064938	24	TC
1	10065031	93	AG
1	10065121	90	GT
1	10067656	1624	GA
1	10068911	858	TC
1	10068912	1	GA
1	10068956	44	TC
1	10068985	29	CT
1	10068986	1	AG
1	10068989	3	CG
1	10069270	281	AT
1	10069479	209	TC
1	10069829	350	CT
1	10070313	484	AG
1	10070440	127	TC
1	10070546	106	GA
1	10070710	164	GA
1	10070713	3	TA
1	10070889	176	CT
1	10071154	265	TC
1	10071459	305	AG
1	10071748	289	TC
1	10071901	153	TC
1	10071958	57	GA
1	10073153	687	TC
1	10073160	7	TC
1	10073250	90	CG
1	10073332	82	CT
1	10073428	96	TC
1	10073508	80	CT
1	10073541	33	GA
1	10073692	151	CT
1	10073701	9	AG
1	10073704	3	GA
1	10073715	11	AG
1	10074771	723	TC
1	10074848	77	CT
1	10075035	187	AG
1	10075227	192	GA
1	10075392	165	TC
1	10075482	90	CT
1	10075713	231	CT
1	10075773	60	CT
1	10075824	51	GA
1	10078592	2023	TC
1	10078793	201	CG
1	10079178	385	CT
1	10079451	273	TA
1	10079491	40	GC
1	10079800	309	CT
1	10080013	213	CA
1	10080119	106	CG
1	10080272	153	AG
1	10080302	30	GC
1	10080773	279	GA
1	10080782	9	AG
1	10081037	255	TA
1	10081419	382	CT
1	10081603	184	TG
1	10085699	2192	GA
1	10085863	164	AC
1	10086723	860	TC
1	10086974	251	CT
1	10087021	47	CA
1	10087491	470	TC
1	10088789	1245	TC
1	10091418	2073	GA
1	10102203	4318	AG
1	10105582	2781	AG
1	10107388	1777	AG
1	10110357	2354	AG
1	10111814	1457	CT
1	10113788	1942	GC
1	10144066	23411	AG
1	10152262	6751	GC
1	10211415	46871	TC
1	10219849	7025	CT
1	10219872	23	TC
1	10235786	14221	AG
1	10239594	3751	CT
1	10244189	3494	TC
1	10254037	8896	GA
1	10258679	3487	CT
1	10261985	2918	TC
1	10267368	4675	AC
1	10280150	9234	TC
1	10292872	9153	CG
1	10295232	2036	AT
1	10302141	6050	CT
1	10305664	3498	GA
1	10372373	37504	AG
1	10372549	176	CT
1	10373411	369	TC
1	10388363	11399	CT
1	10389140	777	CT
1	10390801	1661	CG
1	10391093	292	CT
1	10392080	464	AT
1	10392147	67	AG
1	10393025	878	TG
1	10394627	1602	CA
1	10394898	271	CT
1	10395355	457	GA
1	10395899	299	CT
1	10396274	375	AC
1	10396306	32	TC
1	10396687	381	AG
1	10397036	349	TC
1	10397166	130	TC
1	10397595	429	TC
1	10398079	484	AG
1	10399091	976	GA
1	10400383	1292	TC
1	10402272	1508	CT
1	10403888	1616	TC
1	10404180	292	TC
1	10404635	122	GT
1	10404663	28	CT
1	10404669	6	GT
1	10405637	553	GA
1	10406257	620	CA
1	10406638	381	CT
1	10406839	201	TC
1	10406848	9	TG
1	10408401	1117	GA
1	10409048	647	AG
1	10409079	31	GA
1	10410053	974	GA
1	10410221	168	TG
1	10411709	1468	TG
1	10412688	979	TC
1	10412835	147	AG
1	10412964	129	CT
1	10414206	1242	CT
1	10414413	207	TA
1	10414986	573	CG
1	10415624	488	AG
1	10415743	119	AG
1	10416067	324	GA
1	10416527	460	TC
1	10418028	917	GA
1	10418366	338	GA
1	10418671	305	TC
1	10419639	614	CT
1	10419783	144	CG
1	10420023	240	GA
1	10420766	743	GA
1	10421824	1058	CG
1	10422251	427	CT
1	10424433	2134	AG
1	10424563	130	AG
1	10425438	616	AG
1	10430667	4082	CT
1	10431179	512	CA
1	10431193	14	AC
1	10431290	97	GC
1	10433208	1613	GC
1	10433984	567	AT
1	10435618	1634	TG
1	10438220	2602	TC
1	10440033	1595	CG
1	10440217	184	TC
1	10443044	2827	AG
1	10443610	566	AG
1	10445207	1239	GC
1	10445291	84	CT
1	10445895	138	CT
1	10447520	1625	GC
1	10450730	3168	TC
1	10453868	3138	CG
1	10455846	1854	AG
1	10456049	203	CG
1	10461987	3762	AG
1	10462663	676	GA
1	10464759	1909	AG
1	10465011	252	CA
1	10466065	1054	GA
1	10466096	31	AG
1	10466432	303	TC
1	10472031	5234	TG
1	10473103	864	CT
1	10473171	68	GA
1	10473202	31	TC
1	10473609	407	TC
1	10473835	226	AG
1	10474343	508	CT
1	10474538	195	AG
1	10474890	352	AG
1	10475627	428	AC
1	10476382	722	AG
1	10476833	451	GA
1	10477082	249	GA
1	10477204	122	AG
1	10477800	596	TC
1	10478056	256	CT
1	10478317	261	AG
1	10478552	235	TC
1	10478991	439	CT
1	10479684	436	GA
1	10479810	126	TG
1	10482713	965	TC
1	10482767	54	TC
1	10483249	482	AC
1	10483278	29	TC
1	10483391	113	AG
1	10483761	190	GA
1	10485504	370	TC
1	10486441	937	CA
1	10488613	2089	CT
1	10492169	2998	CA
1	16149720	1149720	TC
1	16167299	15471	CT
1	16336418	133614	CT
1	16336446	28	CT
1	16336470	24	CT
1	16336693	223	AG
1	16336857	164	GC
1	16337027	170	CT
1	16337339	312	AG
1	16337455	116	CA
1	16337479	24	AG
1	16337642	163	TG
1	16337759	117	AG
1	16337765	6	TC
1	16337775	10	GC
1	16337776	1	CA
1	16338086	310	GA
1	16338166	80	AG
1	16338354	188	TC
1	16338854	500	CT
1	16339107	157	GA
1	16339111	4	AG
1	16339131	20	TC
1	16339325	194	GA
1	16339459	134	CT
1	16339617	116	GC
1	16340024	407	GC
1	16340318	294	TA
1	16340639	321	GC
1	16340752	113	AG
1	16340755	3	GA
1	16340756	1	CG
1	16340999	243	CT
1	16342668	1339	CT
1	16350836	6310	CT
1	16351745	877	AG
1	16351820	75	AG
1	16351848	28	AG
1	16352010	162	TC
1	16352996	986	AG
1	16353075	79	AG
1	16353246	97	GA
1	16355628	2106	GC
1	16360802	3760	TG
1	16361810	862	CT
1	16362006	196	TC
1	16362091	85	CT
1	16362474	383	CT
1	16363509	977	GA
1	16363930	421	GC
1	16366522	2471	TC
1	16366766	244	GT
1	16369787	2373	GA
1	16371864	1687	AG
1	16372120	256	CT
1	16376004	2116	TG
1	16377350	678	AC
1	16377406	56	CT
1	16377453	47	CT
1	16377726	273	GA
1	16377778	52	TC
1	16377843	65	GC
1	16377931	88	TC
1	16378716	785	TC
1	16379022	306	AG
1	16379046	24	CT
1	16379366	320	CA
1	16380487	1018	AT
1	16380701	214	AG
1	16381503	684	AG
1	16381828	325	TC
1	16382051	223	GA
1	16382816	417	TC
1	16382876	60	AC
1	16383693	62	TC
1	16383815	122	CG
1	16384448	633	TC
1	16384621	173	CT
1	16384672	51	CT
1	16385950	1278	TC
1	16389736	2649	CT
1	16394532	4056	TC
1	16396110	1390	CT
1	16396479	321	AC
1	16397888	979	TC
1	16397908	20	AG
1	16397979	71	AG
1	16398057	78	GA
1	16398288	231	TC
1	16398466	178	AG
1	16398553	87	TC
1	16398796	243	GA
1	16398857	61	CG
1	16398868	11	GA
1	16398996	128	GA
1	16399044	48	AG
1	16399093	49	GA
1	16399226	133	TC
1	16399333	107	CT
1	16399334	1	AG
1	16399487	153	GC
1	16399543	56	AC
1	16399933	186	GA
1	16400015	82	GA
1	16400043	28	CT
1	16400186	143	GA
1	16400189	3	GC
1	16400391	202	GA
1	16400541	150	GT
1	16400613	72	AG
1	16400752	139	GA
1	16401032	280	AC
1	16401172	140	CG
1	16401176	4	CA
1	16401255	79	GA
1	16401359	104	TC
1	16401675	316	AG
1	16401901	226	TC
1	16402305	404	TC
1	16402417	112	GA
1	16402448	31	GC
1	16402538	90	GA
1	16402882	344	GA
1	16403334	452	TC
1	16403604	270	CG
1	16403646	42	TC
1	16403667	21	CT
1	16403700	33	CT
1	16403736	36	TC
1	16404008	172	GT
1	16404224	216	AT
1	16404343	119	TC
1	16404448	105	CT
1	16404736	288	GA
1	16404834	98	TC
1	16405043	209	GA
1	16405166	65	TC
1	16405225	59	GA
1	16405333	108	CT
1	16405339	6	TC
1	16405356	17	CT
1	16405363	7	GA
1	16405524	161	CT
1	16405611	87	TC
1	16405884	273	GA
1	16405911	27	GA
1	16405998	87	GA
1	16406422	393	AG
1	16406430	8	TC
1	16406453	23	CT
1	16406732	279	GA
1	16406804	72	AC
1	16407203	355	GA
1	16407223	20	AC
1	16407265	42	GT
1	16407430	165	AG
1	16408280	337	AG
1	16408528	16	AG
1	16408590	62	AG
1	16408697	107	GA
1	16408712	15	AG
1	16408728	16	CG
1	16408763	35	CG
1	16408866	103	TC
1	16408948	82	GA
1	16408949	1	CT
1	16408998	49	CT
1	16409166	168	TC
1	16409290	124	AG
1	16409353	63	GA
1	16409398	45	TC
1	16409527	129	AG
1	16409672	145	TC
1	16409937	265	AG
1	16410547	301	CT
1	16410573	26	GA
1	16410780	207	TC
1	16411795	804	CT
1	16411876	81	GA
1	16412084	208	TC
1	16412552	468	CT
1	16412554	2	TC
1	16412995	441	TC
1	16413584	321	CT
1	16413615	31	CT
1	16413637	22	CT
1	16413719	82	GA
1	16414229	510	CT
1	16414590	361	GA
1	16414789	199	TC
1	16414821	32	GA
1	16414961	140	AG
1	16415051	90	TC
1	16415150	99	AG
1	16416648	840	CT
1	16416895	247	GA
1	16417018	123	TC
1	16417124	106	CT
1	16418771	1571	TC
1	16419218	447	CT
1	16420929	1146	CT
1	16421543	596	GT
1	16421562	19	CT
1	16421566	4	GT
1	16422448	882	CT
1	16423098	650	AC
1	16423234	136	CT
1	16423366	132	TC
1	16423577	211	TC
1	16423618	41	TC
1	16423629	11	GC
1	16423675	46	CT
1	16423772	97	TC
1	16423934	162	CT
1	16424027	93	TC
1	16426615	2531	AG
1	16426695	80	GA
1	16426701	6	GA
1	16426708	7	GA
1	16426710	2	GA
1	16426718	8	CT
1	16427473	361	TC
1	16427580	107	TC
1	16428025	88	CT
1	16428460	303	TC
1	16428579	69	CG
1	16428585	6	GT
1	16428653	68	GC
1	16428733	80	TC
1	16428799	66	GA
1	16429087	288	TG
1	16429730	288	TC
1	16429926	131	TC
1	16436317	6190	CT
1	16437632	1070	AG
1	16437746	114	AT
1	16446926	5960	CT
1	16448646	1477	GA
1	16448659	13	CT
1	16448667	8	TC
1	16448677	10	AG
1	16450490	1676	GA
1	16450512	22	TA
1	16450545	33	GA
1	16450550	5	CT
1	16450598	48	AG
1	16450821	223	GA
1	16450837	16	GT
1	16451155	318	GC
1	16451214	59	TC
1	16451293	79	CT
1	16452064	771	GA
1	16453889	1216	TA
1	16453912	23	GA
1	16454699	787	TC
1	16455564	489	GA
1	16455621	57	AG
1	16456572	489	CG
1	16456613	41	TC
1	16456673	60	GC
1	16457102	429	TC
1	16457261	119	CA
1	16457577	316	GA
1	16457854	92	CT
1	16458191	337	TA
1	16458207	16	TC
1	16458574	367	AG
1	16458582	8	GA
1	16458763	181	GA
1	16459030	267	CT
1	16459031	1	AG
1	16459044	13	AG
1	16459170	126	TC
1	16459425	255	AG
1	16459900	432	TC
1	16459973	73	AG
1	16463460	1852	CT
1	16463499	39	TC
1	16463549	50	CT
1	16463555	6	TC
1	16463647	92	GC
1	16463744	97	CT
1	16463769	25	GT
1	16463859	90	CT
1	16464067	208	GA
1	16464122	55	CT
1	16464170	48	TC
1	16464173	3	TC
1	16464360	187	CG
1	16464508	148	AG
1	16464577	69	TC
1	16464631	54	CT
1	16464654	23	GA
1	16465624	402	TC
1	16466044	213	GA
1	16466060	16	AG
1	16469360	1982	TC
1	16471517	1239	CT
1	16473408	1863	GA
1	16473575	85	GA
1	16473604	29	AG
1	16475596	1968	TG
1	16476451	821	GT
1	16478156	1705	GA
1	16478849	693	GA
1	16483225	4348	AG
1	16484397	832	AG
1	16486571	2142	GA
1	16487638	1067	TC
1	16491663	3797	CT
1	16492335	459	AC
1	16493675	1085	GA
1	16494109	434	TG
1	16496838	2320	GA
1	16497530	692	CT
1	16499842	1734	AG
1	16500436	594	CT
1	16500437	1	TG
1	16500857	420	AG
1	16500946	89	AG
1	16501339	393	AG
1	16501523	184	GC
1	16501777	254	GA
1	16501894	117	TC
1	16502023	101	TC
1	16504635	1367	AG
1	16505366	689	GA
1	16505671	305	TG
1	16506133	397	AG
1	16506678	545	AG
1	16506760	82	AG
1	16508738	1925	AG
1	16509096	358	AG
1	16510097	769	GA
1	16510647	550	TC
1	16511332	685	CT
1	16511408	76	TC
1	16511430	22	AG
1	16512274	537	GA
1	16512691	417	GC
1	16512847	156	AG
1	16513289	407	TC
1	16513314	25	AG
1	16513322	8	TG
1	16513589	238	TC
1	16524031	7139	AG
1	16531383	4175	GT
1	16531579	196	CT
1	16533655	2009	CG
1	16537990	4262	CT
1	16538491	501	GT
1	16538611	120	AG
1	16538679	68	GA
1	16540706	1783	AG
1	16540788	82	CG
1	16541797	965	TA
1	16551896	4527	GA
1	16553302	752	AG
1	16572796	9545	CT
1	16577981	3113	AG
1	16580324	750	AC
1	16581153	829	GA
1	16581395	242	TC
1	16581866	471	TC
1	16582005	139	GC
1	16582198	193	TC
1	16582405	207	TG
1	16582645	240	GA
1	16583523	794	GA
1	16583594	71	AG
1	16583787	193	GA
1	16583801	14	TC
1	16583814	13	GT
1	16583836	22	CT
1	16583965	129	GA
1	16584039	74	GT
1	16585385	458	CT
1	16586695	931	GA
1	16588490	1457	TC
1	16589454	810	GA
1	16590293	176	CG
1	16591701	1071	GT
1	16591738	37	GA
1	16592561	760	TA
1	16593887	1255	TC
1	16594011	57	CT
1	16594014	3	TC
1	16596662	330	GA
1	16596824	162	GC
1	16596989	165	TC
1	16598064	869	GA
1	16598766	433	GA
1	16601522	1807	AT
1	16602082	560	GC
1	16602184	102	GA
1	16602310	126	GA
1	16603821	1068	AG
1	16603893	72	GA
1	16604179	93	GA
1	16604198	19	CT
1	16604570	63	AG
1	16606139	1529	AG
1	16606844	431	AG
1	16606987	143	GA
1	16608579	1536	GC
1	16609294	593	CT
1	16612788	2027	GA
1	16612801	13	CG
1	16613463	257	CG
1	16618324	2244	AG
1	16622522	2154	AG
1	16623130	550	TC
1	16626222	3045	CT
1	16626364	142	TA
1	16627114	750	GA
1	16627946	488	GC
1	16630417	1395	CT
1	16630714	297	AC
1	16630738	24	CG
1	16631076	338	GC
1	16631253	177	TC
1	16632760	1185	AG
1	16632830	70	AG
1	16632997	167	GA
1	16638136	4658	CT
1	16639031	809	TA
1	16640733	1096	GA
1	16641718	491	AT
1	16641803	85	CG
1	16641898	95	AG
1	16642218	320	AG
1	16643419	677	AG
1	16643608	189	CT
1	16644372	764	TC
1	16644508	136	GT
1	16651772	2840	CT
1	16652288	378	CG
1	16653304	1016	CT
1	16653469	165	CA
1	16653644	175	CG
1	16655043	1399	AT
1	16656166	1099	GA
1	16657692	1333	GA
1	16658540	848	GC
1	16658970	406	GA
1	16660709	1549	CG
1	16661780	400	AG
1	16662350	533	AT
1	16662431	81	CT
1	16663594	1163	GT
1	16663724	130	TC
1	16666533	2602	CT
1	16667349	508	GT
1	16668858	1103	AG
1	16669033	175	AG
1	16670563	931	AC
1	16670564	1	CG
1	16670675	111	TC
1	16670869	194	GA
1	16670894	25	GA
1	16670951	57	GA
1	16671082	131	AC
1	16671289	207	TC
1	16671355	66	AC
1	16671996	641	CG
1	16672575	579	CT
1	16680087	4423	CT
1	16680088	1	AG
1	16680232	144	GC
1	16680792	560	CA
1	16680994	202	CT
1	16681275	170	CT
1	16681279	4	CT
1	16681333	54	CT
1	16682905	1175	GA
1	16684360	1455	CT
1	16685270	571	TC
1	16685328	58	AT
1	16685603	275	AG
1	16686063	460	TC
1	16687050	987	GA
1	16687166	116	CT
1	16687366	200	GA
1	16687973	607	CT
1	16688499	404	TC
1	16688518	19	GC
1	16688586	68	AG
1	16689075	489	AG
1	16689113	38	GA
1	16689319	206	GA
1	16690491	1068	GT
1	16690717	226	GC
1	16690755	38	AG
1	16692849	1035	GC
1	16692904	55	GA
1	16692914	10	AG
1	16693152	238	AG
1	16694763	1588	AG
1	16695768	962	CG
1	16698478	2468	CT
1	16699489	1011	AG
1	16700906	1338	AG
1	16702334	1363	CT
1	16702516	182	CT
1	16702532	16	CT
1	16703222	690	AG
1	16703326	104	AG
1	16703513	187	CT
1	16703826	234	GA
1	16703874	48	GA
1	16704546	672	AG
1	16704908	362	GA
1	16705875	818	TA
1	16706236	316	AG
1	16706451	215	CT
1	16707820	1369	CG
1	16709169	1290	AG
1	16710340	1037	AG
1	16710351	11	CT
1	16711372	1021	TC
1	16711391	19	TC
1	16711930	539	GA
1	16711966	36	CA
1	16712131	165	TC
1	16712314	183	AG
1	16712484	170	CT
1	16712635	151	TC
1	16713144	509	CG
1	16713173	29	AG
1	16714962	1727	TG
1	16715066	104	TC
1	16715496	430	GC
1	16715498	2	CT
1	16716544	612	CT
1	16716590	46	GA
1	16719638	2019	CG
1	16720153	338	GA
1	16720161	8	AG
1	16720215	54	TC
1	16720258	43	GA
1	16720569	203	AC
1	16720846	277	CT
1	16721151	305	GA
1	16721246	95	AG
1	16721343	97	AG
1	16721640	297	CA
1	16721892	252	TC
1	16722649	757	GC
1	16722692	43	AC
1	16725113	2330	TC
1	16725579	466	CT
1	16725793	214	GT
1	16726506	713	GA
1	16726643	137	GA
1	16726867	224	CT
1	16727405	494	AC
1	16727406	1	GA
1	16727443	37	GT
1	16728059	616	TA
1	16729082	734	AG
1	16729125	43	GA
1	16729136	11	CT
1	16729167	31	TC
1	16729224	57	GC
1	16729226	2	CG
1	16729339	113	GC
1	16729966	598	TC
1	16730373	407	CT
1	16730383	10	CT
1	16730920	264	GA
1	16731104	184	CT
1	16731149	45	CT
1	16731170	21	GA
1	16731264	94	GA
1	16731536	199	CT
1	16731707	171	CA
1	16734338	1582	TC
1	16735125	787	CA
1	16735145	20	CT
1	16736371	654	AG
1	16736747	376	GT
1	16737569	477	GC
1	16737658	89	TC
1	16737919	261	CT
1	16739145	1040	GA
1	16739183	38	AG
1	16739257	74	TA
1	16739261	4	AG
1	16739705	406	GA
1	16740326	564	GC
1	16740394	68	CT
1	16740398	4	TC
1	16740643	245	AG
1	16740848	144	AG
1	16740914	66	GA
1	16741014	100	TG
1	16741676	355	GA
1	16742452	776	GA
1	16742491	39	TG
1	16743245	463	AG
1	16744232	377	AG
1	16744310	78	AG
1	16745235	202	GA
1	16745884	217	GA
1	16748051	1541	GA
1	16749759	789	GA
1	16768097	11429	GA
1	16771764	2621	GA
1	16771826	62	GA
1	16772789	963	GA
1	16773848	963	TC
1	16774098	214	TC
1	16774601	503	CA
1	16775066	465	CT
1	16777522	2112	AG
1	16780502	2980	CA
1	16781480	978	GA
1	16781615	135	CT
1	16782109	427	AG
1	16783120	978	TC
1	16783524	404	TC
1	16783607	83	GA
1	16784208	488	TC
1	16784776	568	CT
1	16789487	4258	AG
1	16793210	2587	GA
1	16797867	4438	CG
1	16798662	795	GT
1	16799794	1073	GC
1	16809566	7161	GA
1	16814920	3865	TC
1	16817525	1432	TC
1	16818616	910	GA
1	16819037	251	TC
1	16819386	349	CA
1	16819927	541	TC
1	16822306	1539	TC
1	16824505	1606	TG
1	16825599	1094	AG
1	16827214	1615	CT
1	16827266	52	CT
1	16827383	117	AG
1	16828566	851	CT
1	16828902	196	CT
1	16829188	286	GA
1	16829319	131	CG
1	16834446	4136	AG
1	16834573	67	TC
1	16836603	1895	CT
1	16836668	65	TC
1	16838398	1422	CT
1	16839214	650	AG
1	16844199	4270	GA
1	16844633	434	CA
1	16844716	83	CT
1	16845000	284	TC
1	16845897	828	CT
1	16845909	12	GC
1	16845923	14	CT
1	16846064	141	GA
1	16846384	320	AG
1	16847006	598	AG
1	16847234	210	TC
1	16847552	318	TC
1	16848093	541	TC
1	16848136	43	AG
1	16848955	762	GA
1	16849737	666	GC
1	16849924	187	TG
1	16849935	11	GT
1	16851408	1414	GA
1	16851481	73	CT
1	16851593	112	AG
1	16851965	372	AG
1	16852317	352	GA
1	16852823	506	TC
1	16853629	316	TC
1	16853815	186	TC
1	16854938	677	CT
1	16855106	168	TC
1	16855683	577	GC
1	16857261	1100	GA
1	16857694	433	TC
1	16858347	343	AG
1	16859475	1075	GA
1	16861156	1525	TA
1	16864261	3015	AG
1	16868492	3963	CT
1	16869875	878	TC
1	16871590	1686	TC
1	16874604	2623	CT
1	16876721	1152	CT
1	16878066	1000	GA
1	16879701	1274	GA
1	16879716	15	CG
1	16883858	2460	CT
1	16883978	120	GA
1	16885306	864	TC
1	16885422	116	CT
1	16885702	280	AG
1	16886340	638	CT
1	16886436	96	CG
1	16886738	302	AG
1	16886911	173	TC
1	16887252	341	AG
1	16887711	459	GA
1	16887969	258	TC
1	16890531	2528	GA
1	16890644	113	TC
1	16891090	446	CG
1	16892427	866	CT
1	16893064	637	TC
1	16894126	811	TC
1	16894645	519	GA
1	16894705	60	TC
1	16894770	65	AG
1	16894972	163	TC
1	16896477	1348	GC
1	16896602	125	CG
1	16896607	5	TC
1	16896642	35	GT
1	16897060	418	AG
1	16897303	106	AG
1	16897634	331	TC
1	16898172	538	TC
1	16898609	437	TC
1	16898772	163	CT
1	16899026	254	GC
1	16900687	1377	AC
1	16901171	484	CG
1	16901344	173	TC
1	16901546	202	AG
1	16903561	1245	CT
1	16903653	92	AG
1	16903910	218	TC
1	16904061	151	AG
1	16904373	271	AG
1	16904590	217	GA
1	16904873	283	TC
1	16908092	3193	CT
1	16908282	190	AC
1	16908287	5	GA
1	16908985	698	AG
1	16909069	84	CG
1	16909262	193	GA
1	16909880	618	AG
1	16910182	302	AG
1	16910863	681	AG
1	16911237	374	CT
1	16912157	899	GA
1	16912214	57	CA
1	16912477	263	CT
1	16913105	628	GA
1	16914454	1349	AG
1	16914772	318	TC
1	16914943	171	GA
1	16915435	492	AG
1	16915463	28	AT
1	16916033	570	CG
1	16916433	400	AG
1	16916813	380	CT
1	16917124	311	CT
1	16917443	319	TG
1	16918752	1309	GC
1	16919513	716	GA
1	16920062	549	CT
1	16920621	559	GA
1	16921358	697	TC
1	16921476	118	CA
1	16921647	171	TC
1	16922320	673	GA
1	16922535	215	CT
1	16923040	505	CT
1	16923847	807	CT
1	16924024	177	AG
1	16926621	1793	CG
1	16926663	42	GA
1	16926771	108	AG
1	16927057	286	CT
1	16927071	14	TC
1	16927747	676	CA
1	16927755	8	GA
1	16927870	115	CT
1	16928260	390	AG
1	16929131	790	CT
1	16929321	190	AG
1	16929808	341	TC
1	16930250	409	AG
1	16930648	398	GC
1	16930776	128	AG
1	16931508	732	CT
1	16931784	276	TC
1	16931797	13	CT
1	16931808	11	CT
1	16932987	1137	AT
1	16933709	350	GC
1	16934209	500	GC
1	16934668	459	TG
1	16934946	278	TC
1	16935081	135	TC
1	16935164	83	TC
1	16936186	1022	GC
1	16936326	140	AG
1	16938023	1697	CT
1	16938858	439	AG
1	16940053	1195	AG
1	16940985	932	GT
1	16941287	302	TC
1	16941509	222	AG
1	16942973	1464	CT
1	16944013	867	GA
1	16945244	1231	TC
1	16945558	314	TC
1	16946354	371	CT
1	16947100	746	TC
1	16947172	72	CG
1	16948291	1119	GT
1	16948361	70	CT
1	16949003	642	TC
1	16949869	866	AG
1	16950355	486	AG
1	16952659	1419	CT
1	16952945	286	CT
1	16953042	97	AG
1	16953171	129	TG
1	16953901	550	CT
1	16954551	650	TC
1	16955317	766	CG
1	16957502	1726	CT
1	16958440	840	AC
1	16958791	325	TC
1	16959554	426	TC
1	16960021	467	TC
1	16964027	3643	CT
1	16964269	242	GA
1	16966465	2036	TC
1	16966613	148	AG
1	16968117	1429	TC
1	16968324	156	AG
1	16969436	1112	CT
1	16970196	760	AG
1	16970468	272	TC
1	16971838	1370	CA
1	16974036	1245	AG
1	16975405	1369	GA
1	16975826	421	TC
1	16977699	1822	TC
1	16977738	39	CG
1	16980705	2830	CT
1	16981726	326	AG
1	16982759	1033	GA
1	16983287	313	GA
1	16983736	185	GA
1	16983755	19	AG
1	16983932	177	AG
1	16984509	577	GT
1	16984676	167	AG
1	16984713	37	GA
1	16984777	64	CT
1	16984978	128	GA
1	16986635	1293	CT
1	16986862	227	AG
1	16987107	245	GA
1	16988988	1682	AG
1	16989045	57	GC
1	16989058	13	GA
1	16989059	1	TA
1	16989115	56	CT
1	16989383	268	TC
1	16989996	258	TC
1	16990077	81	TC
1	16991038	961	TC
1	16991068	30	AG
1	16991761	693	AG
1	16991889	128	GA
1	16991902	13	TC
1	16992749	544	TC
1	16992849	100	CT
1	16993575	726	AG
1	16994139	69	GA
1	16994281	142	AG
1	16994913	600	TC
1	16995074	161	AG
1	16995311	237	TC
1	16996485	575	GA
1	16997617	1025	GC
1	16998791	964	CT
1	16999339	210	AG
1	16999466	127	CT
1	16999937	471	CT
1	17000565	628	CT
1	17003246	184	AC
1	17003314	68	CT
1	17003407	93	TC
1	17004177	770	GA
1	17004245	68	CT
1	17004780	535	CA
1	17005086	306	CT
1	17005319	233	TC
1	17005653	334	TC
1	17005909	256	CT
1	17006034	125	TC
1	17008474	2129	TC
1	17008669	195	AG
1	17008797	128	CT
1	17009988	855	AG
1	17010058	70	GA
1	17010943	769	AG
1	17011786	463	AC
1	17011828	42	TG
1	17011855	27	CT
1	17013343	315	CG
1	17013805	408	AG
1	17013916	111	CT
1	17014571	655	GA
1	17014652	81	TC
1	17014913	261	CT
1	17015585	322	CT
1	17015645	60	AG
1	17018812	1586	CG
1	17019376	9	GA
1	17019795	419	TC
1	17021779	478	TA
1	17021783	4	GT
1	17021822	39	TC
1	17021920	98	AG
1	17021929	9	TC
1	17022054	125	TC
1	17022866	812	GA
1	17023111	245	GA
1	17023521	410	CT
1	17023782	261	GA
1	17023799	17	CT
1	17024106	133	CT
1	17024376	270	TG
1	17024443	67	CT
1	17024742	299	AC
1	17024933	191	AC
1	17024977	44	CT
1	17024992	15	TC
1	17025124	132	TC
1	17025334	210	CT
1	17025643	254	TA
1	17025646	3	AG
1	17025683	37	TC
1	17025810	127	GA
1	17026275	29	CG
1	17026276	1	TA
1	17026340	64	TC
1	17026433	93	GC
1	17026504	71	TC
1	17026603	99	AC
1	17026632	29	GA
1	17027395	614	AG
1	17027588	193	GC
1	17027605	17	GC
1	17028031	426	CT
1	17028085	54	CT
1	17028567	216	TC
1	17028767	169	TC
1	17028875	108	CT
1	17029176	204	GA
1	17029214	38	CG
1	17029329	115	AG
1	17029405	76	CT
1	17029639	185	AT
1	17030755	751	CT
1	17031053	298	GA
1	17031212	159	CT
1	17031223	11	TC
1	17031443	220	GA
1	17031661	218	TC
1	17031744	83	TC
1	17031955	211	CT
1	17032624	669	TC
1	17032714	90	TC
1	17033043	329	TC
1	17033242	199	GA
1	17033466	224	CT
1	17033467	1	AG
1	17033540	73	TC
1	17033643	103	TC
1	17033666	23	GA
1	17033670	4	GA
1	17033789	119	TC
1	17033908	119	AG
1	17034068	160	TA
1	17034856	479	CT
1	17034936	80	GA
1	17035629	119	TC
1	17035772	143	CG
1	17035834	62	TC
1	17036022	61	TC
1	17037058	916	GA
1	17040047	1447	AC
1	17044930	4092	GA
1	17048585	3432	AG
1	17060174	11069	TC
1	17079800	16474	CT
1	17080665	865	AG
1	17086872	6085	GA
1	17090509	2990	AG
1	17092856	1977	AG
1	17097594	3338	CA
1	17097758	164	GA
1	17097926	168	GA
1	17098053	127	CT
1	17099056	844	AG
1	17099651	239	GT
1	17099722	71	TG
1	17100544	822	GC
1	17101016	472	TC
1	17105408	2684	GA
1	17106060	448	GA
1	17106557	497	TC
1	17107121	377	CT
1	17107380	218	CT
1	17107658	278	TG
1	17107876	117	AG
1	17108534	392	AG
1	17109372	838	CT
1	17109500	128	CT
1	17110657	444	CT
1	17110756	99	CT
1	17112571	1496	AG
1	17113056	485	TG
1	17113197	141	AG
1	17114543	844	TC
1	17114581	38	TC
1	17114995	414	GC
1	17115315	320	CT
1	17116177	862	CT
1	17116360	183	AG
1	17117277	917	GA
1	17122248	3309	AG
1	17122998	750	GT
1	17124695	1656	AG
1	17124745	50	TC
1	17125921	797	GA
1	17127180	502	TC
1	17129347	1622	AG
1	17132088	2285	AG
1	17133158	1040	CT
1	17133163	5	CG
1	17133177	14	CG
1	17134884	1644	CT
1	17139424	3949	GA
1	17153470	11948	TA
1	17154025	555	AG
1	17157743	3718	AC
1	17164222	4371	GA
1	17164944	722	TA
1	17165695	751	TC
1	17165883	188	TC
1	17168263	1688	AT
1	17168670	407	TC
1	17170499	1829	TC
1	17170800	301	CT
1	17171007	207	CG
1	17172083	954	GA
1	17174533	2450	AG
1	17177101	1811	CT
1	17177161	60	GA
1	17179402	2175	TC
1	17180362	960	GA
1	17189101	7099	AC
1	17189830	729	AG
1	17191912	2082	AG
1	17192314	402	GT
1	17193497	1036	AG
1	17194026	529	GA
1	17194249	223	AG
1	17196173	1924	CA
1	17197444	1271	AG
1	17199413	1969	AG
1	17199494	81	AG
1	17202183	2389	AG
1	17202515	332	CG
1	17206204	2774	GA
1	17206560	356	AG
1	17207166	606	GA
1	17208200	945	TC
1	17213666	5017	TC
1	17215470	1725	AG
1	17215586	116	GA
1	17216830	1096	CT
1	17217074	244	TC
1	17217083	9	TC
1	17217177	94	AG
1	17217598	421	TC
1	17217618	20	CT
1	17217719	101	CT
1	17217769	50	CA
1	17218410	641	GA
1	17218495	85	TC
1	17218499	4	TA
1	17218670	171	AG
1	17218715	45	AC
1	17218900	185	TC
1	17219010	110	AT
1	17219035	25	GA
1	17219083	48	GA
1	17219106	23	AG
1	17219451	322	TC
1	17219463	12	AG
1	17219783	320	AG
1	17220428	645	AG
1	17220530	102	GA
1	17220575	45	TC
1	17220642	67	CT
1	17220706	64	GA
1	17220809	103	CT
1	17220928	119	TC
1	17220937	9	CG
1	17220938	1	AG
1	17220968	30	GA
1	17221471	92	TC
1	17221493	22	GC
1	17221806	313	CT
1	17221932	126	TC
1	17221975	43	CA
1	17222004	29	GA
1	17223271	1248	AG
1	17224942	1439	CT
1	17225172	230	AG
1	17225195	23	GT
1	17226342	1147	CT
1	17226645	303	CA
1	17227242	597	TC
1	17231284	3596	TC
1	17278500	35686	GA
1	17296580	16225	TC
1	17297909	1329	CT
1	17298065	156	AG
1	17298137	72	CT
1	17299178	1041	TC
1	17300651	1450	TC
1	17301571	920	AT
1	17301832	261	CG
1	17302039	207	TG
1	17302261	222	CA
1	17305068	2342	CA
1	17305093	25	AG
1	17306674	1354	TC
1	17306684	10	TC
1	17307472	298	GA
1	17309276	1745	CG
1	17309278	2	GA
1	17309493	215	TC
1	17309721	228	TC
1	17309789	68	GA
1	17311552	1725	CT
1	17313580	1562	AG
1	17313587	7	CT
1	17313588	1	AG
1	17313753	165	TC
1	17313943	190	CT
1	17313978	35	GC
1	17314162	184	CT
1	17314233	71	GA
1	17314392	159	GA
1	17316411	793	CG
1	17317869	738	TC
1	17320264	503	CA
1	17320497	233	TC
1	17320564	67	GA
1	17320620	56	TC
1	17320661	41	AG
1	17320750	89	CG
1	17320875	125	GA
1	17321659	549	CA
1	17323934	930	GA
1	17324287	353	CA
1	17324339	52	TC
1	17324578	239	TC
1	17326762	1524	CT
1	17327746	869	GA
1	17332559	4578	GT
1	17333337	778	CT
1	17336396	2837	TC
1	17336752	273	TC
1	17337212	460	GA
1	17337291	79	AG
1	17338053	762	AG
1	17338114	61	TC
1	17339509	1395	TC
1	17340690	1078	CT
1	17344239	3508	GA
1	17348633	4315	TC
1	17355821	7053	TC
1	17355841	20	CT
1	17355932	91	GA
1	17356062	130	CA
1	17356525	463	TA
1	17361390	4865	CT
1	17362713	1231	AG
1	17364368	1589	CT
1	17365126	574	CT
1	17365324	198	GA
1	17365381	57	CT
1	17365454	73	TA
1	17366780	1326	AG
1	17367179	263	GC
1	17367550	371	CG
1	17367636	86	AG
1	17367683	47	CT
1	17369174	1402	TC
1	17369183	9	GT
1	17369225	42	TC
1	17369239	14	TC
1	17369395	156	CA
1	17370225	830	GT
1	17370333	108	TC
1	17370387	54	CT
1	17371429	1042	CT
1	17371730	301	CT
1	17371789	59	GA
1	17372025	236	AC
1	17372069	44	AG
1	17372456	308	AG
1	17372460	4	GA
1	17372712	252	CT
1	17372985	273	TC
1	17373152	167	TG
1	17373238	86	CT
1	17373262	24	GA
1	17373264	2	AG
1	17373409	145	GA
1	17374483	912	GA
1	17375719	1236	CA
1	17375738	19	CT
1	17375927	189	GA
1	17376062	135	TG
1	17376607	545	GA
1	17376759	152	CT
1	17376821	62	CT
1	17376955	134	CT
1	17377041	86	CT
1	17377060	19	CT
1	17377157	97	TC
1	17377240	83	AG
1	17377376	136	AG
1	17377650	274	TC
1	17379520	1613	GT
1	17379781	135	AG
1	17379915	134	TC
1	17379992	77	GA
1	17380659	647	TC
1	17380673	14	GA
1	17380750	77	CG
1	17380785	35	AG
1	17380879	94	AC
1	17380885	6	AC
1	17380887	2	AG
1	17380996	21	AG
1	17381847	785	AG
1	17381985	138	TC
1	17382377	392	AT
1	17382569	192	TC
1	17383684	1115	AG
1	17384104	420	AG
1	17385380	954	TC
1	17388366	2539	CG
1	17388420	54	CT
1	17388670	250	AG
1	17389406	688	TC
1	17390296	890	AG
1	17390385	89	AG
1	17391507	1080	AC
1	17391766	259	AG
1	17392879	1084	TC
1	17392912	33	CT
1	17393368	398	TC
1	17395301	1933	CT
1	17395766	381	GA
1	17397754	1665	AG
1	17398406	652	AT
1	17398821	415	CT
1	17399358	537	AC
1	17399400	42	AG
1	17399418	18	TC
1	17400011	544	GA
1	17400143	132	CT
1	17400221	78	AG
1	17400837	616	AG
1	17400876	39	AG
1	17400882	6	TC
1	17401060	178	AG
1	17401351	291	AG
1	17401454	103	GA
1	17402148	694	GC
1	17402691	543	TC
1	17402776	85	CA
1	17403130	354	GA
1	17403428	298	TA
1	17403429	1	CT
1	17403497	68	GA
1	17403554	57	TC
1	17403796	242	CA
1	17404007	211	GC
1	17404081	74	AG
1	17404192	111	GA
1	17404502	310	CT
1	17404882	380	CA
1	17405337	455	CT
1	17405619	282	AG
1	17406470	851	TC
1	17408050	1430	GA
1	17409045	995	TC
1	17410020	823	GA
1	17412383	1445	CT
1	17412500	117	TC
1	17412557	57	TC
1	17413148	591	GA
1	17413360	186	GA
1	17414247	845	CT
1	17414441	194	GA
1	17415646	798	TC
1	17416358	618	GA
1	17417648	1290	CT
1	17424659	4288	GA
1	17426590	1931	CT
1	17426806	216	CT
1	17429331	2428	TC
1	17429565	234	GA
1	17430876	1311	AG
1	17431040	164	TC
1	17432017	699	AG
1	17434494	2477	TC
1	17434579	85	TC
1	17437249	2403	TC
1	17437872	623	AC
1	17437995	123	CA
1	17438054	59	TC
1	17438978	924	TC
1	17440629	1651	TC
1	17441381	752	TC
1	17441916	535	AG
1	17441958	42	CA
1	17442716	758	AG
1	17443410	659	AG
1	17446110	2623	AG
1	17449758	3446	CG
1	17451953	2102	GA
1	17452587	634	CG
1	17455881	2753	AG
1	17462625	2426	AG
1	17462627	2	GA
1	17462805	178	AG
1	17462963	158	TC
1	17463237	274	TC
1	17463259	22	CG
1	17463744	485	CT
1	17464149	405	GA
1	17464792	252	CA
1	17465320	495	CT
1	17465448	128	CT
1	17465807	322	CT
1	17465911	104	GA
1	17471175	4101	AT
1	17471617	442	AG
1	17472065	448	CT
1	17472315	250	TC
1	17472335	20	AG
1	17474441	1462	AG
1	17475235	794	GC
1	17475393	158	AG
1	17475564	171	CA
1	17475571	7	CG
1	17475573	2	TC
1	17475713	140	TC
1	17475795	82	CA
1	17477720	1399	GT
1	17480987	3267	TC
1	17481875	888	GA
1	17481922	47	CT
1	17483256	1334	CT
1	17485089	1795	GA
1	17486337	1248	AG
1	17486665	328	TC
1	17487902	736	GA
1	17488070	168	TC
1	17488528	458	AG
1	17492708	1278	TC
1	17493072	227	CT
1	17493293	221	GA
1	17493574	281	CA
1	17494451	877	AC
1	17494620	169	TC
1	17494673	53	CT
1	17494871	198	TC
1	17495584	619	CT
1	17497489	1400	TC
1	17498511	1022	TC
1	17500323	1376	TC
1	17500597	237	AG
1	17501266	642	AG
1	17501709	443	TC
1	17501752	43	AG
1	17501808	56	TC
1	17502057	249	CG
1	17503032	975	GA
1	17503313	281	CA
1	17503959	646	AG
1	17504550	591	GA
1	17504804	254	CG
1	17504936	132	TC
1	17505110	174	GA
1	17505254	144	CT
1	17505255	1	GC
1	17505640	385	AG
1	17505713	73	TC
1	17505729	16	GA
1	17506361	632	GA
1	17507027	235	AG
1	17507042	15	TG
1	17507114	72	CG
1	17507225	111	TC
1	17507415	190	AT
1	17507599	184	GC
1	17508177	578	TC
1	17511566	3389	AT
1	17513832	2169	AG
1	17517394	2926	GA
1	17517687	293	GA
1	17520597	1303	TC
1	17520748	151	GA
1	17521519	318	TC
1	17521529	10	TA
1	17521734	163	AC
1	17522061	139	AG
1	17522475	414	TC
1	17522549	74	CT
1	17522971	422	AG
1	17523899	881	TC
1	17524690	791	CT
1	17524697	7	CT
1	17524946	249	CT
1	17525351	405	AG
1	17526474	1123	AG
1	17527176	702	AG
1	17528344	1082	GA
1	17528702	358	CT
1	17528956	254	TG
1	17529013	57	GC
1	17529423	410	TC
1	17529508	85	CT
1	17530129	621	CT
1	17530138	9	TC
1	17530226	88	TC
1	17533595	211	GA
1	17536222	2495	AG
1	17536363	96	GA
1	17536469	106	GC
1	17536645	176	AG
1	17536870	225	TC
1	17537005	135	CT
1	17538986	1981	AG
1	17541696	2258	CG
1	17542137	315	TC
1	17544320	2088	AG
1	17544685	365	CG
1	17550387	5399	GC
1	17553390	2724	TC
1	17553732	251	TG
1	17553752	20	GA
1	17553861	109	TA
1	17556111	963	CT
1	17556187	76	TC
1	17558001	731	GC
1	17558443	49	TC
1	17558813	104	CT
1	17558925	112	TC
1	17560092	1167	CT
1	17560740	648	GA
1	17560881	141	AG
1	17560903	22	GA
1	17561236	333	CT
1	17561275	39	GA
1	17561359	84	TC
1	17561366	7	TC
1	17561411	45	GA
1	17561690	170	TA
1	17561695	5	AG
1	17561763	68	TG
1	17561766	3	AG
1	17564147	1543	TC
1	17565400	855	AG
1	17565424	24	TC
1	17565504	80	GA
1	17565629	125	GA
1	17567721	1604	TC
1	17567899	132	CT
1	17568013	114	CT
1	17568014	1	AG
1	17568235	221	GA
1	17568278	43	CT
1	17568292	14	GA
1	17568768	476	GA
1	17568963	195	GA
1	17569051	88	TG
1	17569053	2	TC
1	17569066	13	AG
1	17569475	409	AG
1	17569544	69	CA
1	17569782	238	GC
1	17570156	374	GA
1	17571747	1557	CT
1	17573390	1599	TC
1	17574277	688	CT
1	17574619	342	AG
1	17576669	1636	AT
1	17576848	179	TC
1	17577331	483	AG
1	17578007	491	GA
1	17578484	477	GA
1	17580207	1589	GA
1	17581007	583	TC
1	17581351	344	AG
1	17583046	1662	GA
1	17583734	688	GA
1	17585745	1765	TG
1	17587239	1419	AG
1	17588166	649	TC
1	17588230	64	TC
1	17588933	703	AG
1	17589186	253	AG
1	17589482	296	GT
1	17589508	26	GA
1	17589945	437	GT
1	17590007	62	TC
1	17591006	999	AC
1	17591892	886	AG
1	17592796	732	AG
1	17594374	1007	CA
1	17594579	205	AG
1	17596350	1343	GA
1	17596366	16	TG
1	17596605	239	CT
1	17596688	83	AG
1	17596890	202	GA
1	17597099	209	GA
1	17598521	1182	GA
1	17599983	1109	AG
1	17599998	15	GA
1	17601335	1067	AG
1	17601522	187	CT
1	17602686	845	GA
1	17603709	1023	AC
1	17604148	403	TC
1	17604199	51	CT
1	17604283	84	AG
1	17604290	7	CT
1	17604337	47	GC
1	17604962	625	TG
1	17605499	277	AG
1	17605808	309	TC
1	17607677	1602	AC
1	17607794	117	TC
1	17607818	24	TC
1	17607903	85	TC
1	17608134	231	GC
1	17608932	798	TG
1	17611623	2419	CT
1	17611900	277	AG
1	17612658	182	AG
1	17614383	1139	CT
1	17614395	12	AT
1	17614898	503	AG
1	17620419	4951	TC
1	17624404	3577	CT
1	17625065	661	CT
1	17626868	1581	GA
1	17628767	1445	AG
1	17628822	55	AG
1	17628857	35	GA
1	17629158	183	GC
1	17629167	9	TC
1	17629898	305	TC
1	17629915	17	TC
1	17629937	22	CT
1	17630637	237	TC
1	17630670	33	CG
1	17631241	78	AG
1	17631440	92	GA
1	17631456	16	GT
1	17631478	22	CA
1	17631507	29	AG
1	17631732	225	GA
1	17632272	501	TC
1	17632400	128	CT
1	17632416	16	AG
1	17633225	782	CG
1	17633237	12	GA
1	17633358	121	CT
1	17635803	2298	TC
1	17638920	2134	CT
1	17639875	893	CT
1	17640381	165	TG
1	17640937	556	TC
1	17640943	6	CT
1	17641080	137	TC
1	17641601	521	AG
1	17641611	10	AC
1	17641654	43	GA
1	17641997	343	GA
1	17642193	196	GA
1	17642228	35	AG
1	17643378	1117	AG
1	17644643	1265	TC
1	17644950	307	GC
1	17645299	178	AG
1	17645371	72	TC
1	17646686	1288	CT
1	17646718	32	CT
1	17647324	513	AT
1	17647489	165	AG
1	17648062	573	GA
1	17648166	104	AG
1	17648960	488	GA
1	17649131	171	AG
1	17650363	1137	TC
1	17650413	50	CT
1	17650459	46	TG
1	17651157	698	AG
1	17651269	112	CG
1	17652781	1491	GA
1	17653093	312	AC
1	17653132	39	CT
1	17653326	121	CT
1	17653337	11	AC
1	17653734	316	AG
1	17654267	501	GC
1	17654406	139	GA
1	17654511	105	CT
1	17655254	690	GA
1	17655257	3	TC
1	17656072	567	CA
1	17656205	133	AG
1	17658462	1684	GA
1	17658538	76	TC
1	17659730	1093	TC
1	17659790	60	GA
1	17667824	6800	CT
1	17668004	180	AG
1	17668236	194	CG
1	17669862	1626	TG
1	17671689	1443	AG
1	17672573	843	GA
1	17674866	1203	AG
1	17674895	29	GA
1	17674900	5	CT
1	17674974	74	AG
1	17675047	73	GA
1	17675659	414	GA
1	17675910	251	TC
1	17676465	555	GA
1	17678694	1317	TA
1	17678707	13	CT
1	17678721	14	CG
1	17678988	95	AG
1	17679079	91	TC
1	17679080	1	GA
1	17679370	290	GA
1	17679802	380	CT
1	17679817	15	CT
1	17679819	2	CT
1	17679910	91	TC
1	17679930	20	GA
1	17679939	9	GA
1	17680086	147	GA
1	17680392	306	CT
1	17680396	4	AG
1	17680456	60	TC
1	17680486	30	AG
1	17680510	24	TC
1	17680783	273	CA
1	17680812	29	CG
1	17680876	64	CT
1	17680899	23	TC
1	17681188	289	TG
1	17681856	668	AG
1	17683257	1037	GA
1	17683338	81	AC
1	17685019	1059	GA
1	17685119	100	CA
1	17685419	254	CG
1	17685649	230	CA
1	17686060	411	TC
1	17687795	1706	GA
1	17687934	139	CT
1	17688206	272	CT
1	17690005	1521	TC
1	17691762	1548	CT
1	17691863	101	AG
1	17691886	23	CT
1	17692140	254	GA
1	17692433	293	AG
1	17693241	599	GA
1	17693790	549	TC
1	17697606	3643	AG
1	17698888	444	AG
1	17701254	1140	TC
1	17701521	267	CT
1	17702469	868	AG
1	17703476	1007	TC
1	17704578	1102	AG
1	17704882	304	CT
1	17706962	1377	AG
1	17707664	702	AG
1	17708449	785	TC
1	17708820	371	TC
1	17709778	958	AG
1	17710346	363	AT
1	17710783	437	CT
1	17711091	308	AT
1	17711120	29	GC
1	17711778	658	CT
1	17714336	1931	CA
1	17714533	197	CT
1	17718591	3337	TG
1	17720854	1777	GA
1	17721119	265	TC
1	17724443	2485	AG
1	17725117	370	AG
1	17725494	377	GT
1	17725737	243	CT
1	17732846	6680	TC
1	17733195	349	AG
1	17733755	560	TC
1	17733781	26	TC
1	17733862	81	GA
1	17739643	5484	TC
1	17740323	646	AG
1	17741412	1089	CT
1	17741609	197	TA
1	17741626	17	TC
1	17742268	642	GC
1	17742731	429	GA
1	17746200	3112	AG
1	17746203	3	GC
1	17746314	111	TC
1	17746916	566	TC
1	17747162	246	TC
1	17747896	389	CG
1	17751046	3049	GA
1	17756172	3341	CT
1	17757549	1222	TC
1	17758130	581	TC
1	17758131	1	GA
1	17758560	429	TC
1	17759804	850	GA
1	17759990	186	AG
1	17761196	1028	TA
1	17761701	505	AG
1	17762098	397	AG
1	17762162	64	TC
1	17762202	40	CA
1	17762512	310	GA
1	17764217	1409	CT
1	17764812	421	CT
1	17765323	194	TC
1	17765484	161	AG
1	17766036	492	CG
1	17767237	775	CT
1	17768607	739	CT
1	17771697	2596	TC
1	17772123	426	AG
1	17773016	893	GT
1	17774334	1318	GA
1	17775251	895	GC
1	17778848	2065	TA
1	17779023	175	GT
1	17781026	1083	GA
1	17781474	448	TC
1	17782922	949	AG
1	17788423	4574	GA
1	17788709	286	GA
1	17789753	751	CT
1	17790427	674	TC
1	17791730	559	GC
1	17792037	307	CT
1	17792696	659	AG
1	17797663	3702	AG
1	17798577	914	GA
1	17798714	137	AG
1	17800710	1530	GA
1	17802741	1742	AC
1	17803256	515	GA
1	17803796	446	CT
1	17806616	2535	CG
1	17807846	1230	CT
1	17807915	69	CG
1	17811055	3056	CT
1	17811108	53	GA
1	17811949	841	AG
1	17812813	864	GT
1	17813161	348	GA
1	17813310	149	TC
1	17813433	123	AG
1	17814978	1420	AC
1	17820835	4256	AC
1	17820984	149	CG
1	17822318	1022	CA
1	17822996	535	TC
1	17826391	2787	GA
1	17826435	44	AG
1	17830107	3672	GT
1	17833076	2808	GC
1	17833327	251	CT
1	17834141	510	AG
1	17834401	260	CA
1	17834953	552	TC
1	17835026	73	GC
1	17837979	1071	GA
1	17840054	1618	AG
1	17841717	1238	TC
1	17842676	564	AG
1	17843855	888	CG
1	17844786	503	TC
1	17844887	101	GA
1	17845271	353	CT
1	17845288	17	TC
1	17847865	1617	GA
1	17848875	299	AG
1	17848937	62	GC
1	17848979	42	AG
1	17849757	778	GA
1	17850026	269	CG
1	17850806	462	TC
1	17852502	576	CT
1	17852644	142	AG
1	17852889	245	GA
1	17853082	193	TA
1	17855842	871	AG
1	17855893	51	CT
1	17855896	3	AG
1	17856542	646	AG
1	17858545	1416	GA
1	17858889	344	TC
1	17859081	192	TC
1	17859116	35	CT
1	17859292	176	AG
1	17859971	443	TC
1	17863527	3151	TG
1	17863947	420	AG
1	17864445	498	CA
1	17864726	281	GA
1	17865327	601	TC
1	17867327	1926	AG
1	17867777	450	GC
1	17869863	2046	GA
1	17870540	677	TC
1	17874419	3879	TC
1	17875261	806	TC
1	17883952	8099	GA
1	17884517	565	CG
1	17885864	1064	CG
1	17887141	1277	TG
1	17889128	1987	AG
1	17890830	1581	AG
1	17893067	2213	GA
1	17895202	1962	AC
1	17898194	2946	GA
1	17899156	962	CT
1	17900693	1139	CT
1	17900762	69	CA
1	17902475	1388	TC
1	17903126	651	AG
1	17905605	2100	TC
1	17908043	2351	TC
1	17908632	589	CG
1	17920127	10825	TC
1	17921888	1761	TC
1	17922082	194	GC
1	17923351	1269	GA
1	17924623	1202	CA
1	17926874	1382	CT
1	17927756	857	TC
1	17928787	1031	CT
1	17929056	195	TC
1	17931412	1682	TC
1	17931453	41	CT
1	17932728	1208	CA
1	17933824	772	CT
1	17933870	46	GA
1	17936781	2033	CT
1	17936796	15	AG
1	17936953	157	TC
1	17937503	155	TA
1	17937582	79	CG
1	17937616	34	AG
1	17937643	27	TG
1	17941005	1543	CT
1	17941165	160	CT
1	17941570	405	AG
1	17942655	1085	AC
1	17943121	466	GC
1	17943153	32	AG
1	17943163	10	CT
1	17943204	41	CG
1	17943259	55	TA
1	17943435	176	TC
1	17946468	2611	AG
1	17947153	491	TC
1	17947182	29	CT
1	17948329	527	CT
1	17951433	1641	GA
1	17952538	694	AT
1	17954875	1307	AG
1	17954977	102	TC
1	17955177	200	CT
1	17955690	513	CT
1	17955967	277	GA
1	17958106	1559	CT
1	17958155	49	GA
1	17958594	439	CT
1	17960220	1178	GC
1	17961801	1146	TC
1	17962581	440	CT
1	17962962	381	GA
1	17963820	858	TC
1	17963947	127	AC
1	17964810	863	AG
1	17966957	2029	TC
1	17966989	32	AT
1	17967892	652	CT
1	17968954	1062	CT
1	17969030	76	AC
1	17969043	13	GC
1	17969210	167	CA
1	17969917	607	CT
1	17970443	403	TC
1	17970863	377	CT
1	18041766	51288	CA
1	18042612	846	CT
1	18042806	194	TC
1	18042839	33	GA
1	18043072	233	CT
1	18043093	21	TC
1	18043366	175	CT
1	18043395	29	CT
1	18043798	217	CT
1	18043801	3	TC
1	18043855	54	TA
1	18043963	108	GA
1	18043996	33	TC
1	18044005	9	TC
1	18044059	54	GA
1	18044164	105	TC
1	18046525	1182	CG
1	18046844	319	GA
1	18047974	593	AT
1	18049175	1201	CT
1	18051301	1604	AG
1	18051318	17	GA
1	18051489	171	GC
1	18051817	328	CT
1	18052294	477	AG
1	18052354	60	CT
1	18052541	187	TC
1	18052936	156	CA
1	18053238	302	TC
1	18053255	17	TC
1	18053382	127	CA
1	18053435	53	GC
1	18053477	42	AG
1	18053482	5	CT
1	18053639	157	TC
1	18053832	193	TG
1	18054643	617	TG
1	18054788	145	GA
1	18056794	1857	TC
1	18057729	624	GA
1	18058145	416	AG
1	18058469	324	GA
1	18059235	766	AG
1	18059276	41	TC
1	18060295	546	GA
1	18061325	349	CT
1	18061477	152	AC
1	18061891	414	TC
1	18061896	5	CT
1	18062163	267	CT
1	18062383	220	TC
1	18062417	34	CT
1	18062871	194	AG
1	18063298	130	AC
1	18063780	482	AG
1	18063799	19	GC
1	18063964	165	AC
1	18063972	8	CT
1	18064037	65	TC
1	18064082	45	GA
1	18065081	999	GA
1	18065309	228	TG
1	18065343	34	TC
1	18065351	8	AC
1	18065418	67	GA
1	18065443	25	TC
1	18065491	48	TC
1	18065621	93	TC
1	18065767	146	GA
1	18065922	155	CT
1	18066017	95	TG
1	18066147	130	AG
1	18066788	641	GC
1	18067063	275	CT
1	18067119	56	TC
1	18067276	157	AG
1	18067282	6	AG
1	18067412	130	TC
1	18067794	348	GA
1	18068612	818	TC
1	18068823	211	GA
1	18069007	184	GC
1	18069365	337	GA
1	18071226	1182	GA
1	18071227	1	TG
1	18071772	280	TC
1	18071838	66	AG
1	18072245	407	GA
1	18072376	131	AG
1	18072545	169	GA
1	18072547	2	AG
1	18072646	99	CA
1	18072672	26	CT
1	18072691	19	TC
1	18072891	200	CT
1	18072989	98	AG
1	18073002	13	GA
1	18073018	16	CT
1	18073568	550	TC
1	18073643	75	CT
1	18073683	40	CT
1	18073732	49	CT
1	18073736	4	TC
1	18074197	461	CA
1	18076109	751	CT
1	18076321	212	CG
1	18076349	28	AG
1	18077143	756	AG
1	18077209	66	TC
1	18077695	486	GA
1	18077980	138	GA
1	18078561	581	AG
1	18078644	83	CT
1	18078744	100	TC
1	18082509	1646	CA
1	18082568	59	GC
1	18083202	634	TC
1	18083424	222	GA
1	18084669	736	TC
1	18084985	316	AG
1	18085268	283	GA
1	18086508	1240	AG
1	18087377	573	TC
1	18087668	291	TG
1	18088306	450	CT
1	18089212	847	TC
1	18089627	415	AG
1	18089665	38	TC
1	18089984	319	GC
1	18090152	168	TG
1	18090161	9	GA
1	18090211	50	TC
1	18090243	32	GA
1	18092362	1100	TC
1	18092434	72	GA
1	18093522	1063	TC
1	18094029	507	AG
1	18094998	874	GA
1	18096522	1524	TC
1	18099033	2384	AG
1	18099357	324	CT
1	18100500	1089	TC
1	18100995	495	TC
1	18101022	27	GA
1	18101725	88	CT
1	18101769	44	TC
1	18101859	90	GA
1	18102379	287	TC
1	18102481	102	AG
1	18102798	317	AG
1	18102812	14	TC
1	18102962	150	GT
1	18103036	74	TC
1	18103159	123	TC
1	18103531	372	CT
1	18103629	98	AG
1	18104995	1156	CT
1	18105007	12	GA
1	18105018	11	AG
1	18105038	20	AG
1	18105187	84	CT
1	18105193	6	AG
1	18105248	55	AG
1	18105282	34	TC
1	18105483	201	GA
1	18105527	44	GA
1	18105819	292	AC
1	18105876	57	AG
1	18106044	168	CA
1	18106156	112	GC
1	18106188	32	CT
1	18106316	128	TC
1	18106479	163	GA
1	18107159	680	GA
1	18107978	819	AG
1	18108036	58	AG
1	18108041	5	GA
1	18108079	38	GC
1	18108183	104	TC
1	18108441	258	TC
1	18108560	119	TC
1	18108561	1	GA
1	18108639	78	GA
1	18108653	14	GA
1	18108657	4	CT
1	18108803	146	CG
1	18109352	549	CA
1	18109353	1	TG
1	18109438	85	CG
1	18109625	187	TG
1	18109739	114	GA
1	18109814	75	TC
1	18109857	43	AG
1	18109926	69	GA
1	18109985	59	TC
1	18110717	695	GA
1	18110851	134	AT
1	18111171	320	TC
1	18111278	107	GA
1	18112264	768	AG
1	18112309	45	CT
1	18112559	250	AG
1	18112748	189	TC
1	18113218	470	AG
1	18113232	14	CT
1	18115026	1773	CT
1	18115395	369	CT
1	18115533	138	CT
1	18115565	32	CT
1	18115603	38	CT
1	18117136	1015	TC
1	18117141	5	TC
1	18117478	197	CT
1	18117739	68	GT
1	18117761	22	GA
1	18117791	30	AG
1	18117883	92	CT
1	18118252	62	TC
1	18118345	93	CT
1	18118912	342	CT
1	18119019	107	TC
1	18120032	929	GA
1	18120387	355	CT
1	18120609	222	TC
1	18121128	329	GT
1	18121148	20	GA
1	18121156	8	CT
1	18121267	111	GA
1	18121829	287	CT
1	18121932	103	GA
1	18122046	114	CT
1	18122491	154	AG
1	18123029	538	CT
1	18123139	110	CT
1	18123149	10	CG
1	18123312	163	AC
1	18123332	20	GA
1	18123454	122	AG
1	18123479	25	TC
1	18123549	70	GA
1	18123683	134	TC
1	18123689	6	TC
1	18123769	80	AG
1	18124845	1076	CT
1	18125436	591	AG
1	18125805	369	CG
1	18126277	355	CT
1	18127713	1436	TC
1	18127786	73	TA
1	18128064	278	AG
1	18128084	20	CG
1	18128115	31	TC
1	18128179	64	AG
1	18128810	631	CG
1	18129130	320	TG
1	18129512	382	GC
1	18129513	1	CA
1	18129955	107	GA
1	18130585	307	GC
1	18131650	880	CT
1	18131792	142	CT
1	18132349	557	CG
1	18132602	253	GC
1	18132622	20	GC
1	18133282	447	GA
1	18133570	288	GC
1	18133590	20	AC
1	18133942	352	AG
1	18134272	330	TC
1	18134353	81	CA
1	18134521	168	CT
1	18134798	277	TC
1	18134901	103	TC
1	18134926	25	AG
1	18135257	304	TC
1	18135486	229	GA
1	18135513	27	GA
1	18136988	1071	TC
1	18137270	282	TC
1	18137332	62	AG
1	18137626	294	TC
1	18138579	672	CT
1	18138651	72	GA
1	18138724	73	TC
1	18141255	2366	CT
1	18142289	808	TA
1	18142570	281	AG
1	18143069	311	AT
1	18144410	1024	CT
1	18144699	289	CT
1	18146474	1523	CT
1	18148762	1329	TC
1	18149331	569	GA
1	18150190	859	AG
1	18150405	215	AG
1	18150592	187	TC
1	18150755	163	GA
1	18150760	5	TC
1	18152955	2145	GC
1	18158539	3436	CT
1	18159156	617	CT
1	18159309	153	AG
1	18159475	166	TC
1	18160129	403	GA
1	18160212	83	GA
1	18160645	433	AG
1	18161440	795	TC
1	18161495	55	TC
1	18161526	31	CT
1	18162979	1007	GA
1	18162983	4	TC
1	18162998	15	AG
1	18163353	132	GA
1	18163588	235	CG
1	18163972	384	AG
1	18164634	662	AG
1	18164952	318	CT
1	18165078	126	AG
1	18166052	974	GA
1	18166802	466	CG
1	18166803	1	TG
1	18168183	1380	GA
1	18168563	143	CT
1	18168575	12	GA
1	18168643	68	GA
1	18168746	103	AG
1	18169770	634	GT
1	18169773	3	GA
1	18170164	391	GA
1	18170360	196	GA
1	18170370	10	CT
1	18170567	197	GA
1	18171399	832	AG
1	18171498	99	CT
1	18174946	2942	GC
1	18175061	115	CT
1	18175145	84	CT
1	18175240	95	AG
1	18176500	1260	AG
1	18176668	168	CT
1	18177332	111	TC
1	18177431	99	CT
1	18177479	48	GC
1	18177632	153	GA
1	18177733	101	TC
1	18177910	177	TA
1	18178147	237	GC
1	18178174	27	GT
1	18178513	339	TC
1	18179112	492	CT
1	18179596	484	AG
1	18180408	531	TC
1	18180805	184	TC
1	18181653	329	AG
1	18181758	105	CT
1	18182125	367	AG
1	18182135	10	AG
1	18189698	6736	AG
1	18194519	4428	GA
1	18197691	3050	TC
1	18197902	211	GC
1	18197990	88	CT
1	18199362	1333	GA
1	18200224	788	CA
1	18200446	176	TC
1	18201741	1295	GA
1	18201773	32	AG
1	18202802	945	GC
1	18202933	131	AG
1	18202986	53	TC
1	18203955	829	GA
1	18204895	456	TC
1	18205017	122	TC
1	18205299	232	GA
1	18206820	881	AG
1	18207834	177	TC
1	18208507	673	TC
1	18208509	2	GC
1	18209237	230	TC
1	18209695	458	GA
1	18209904	209	TC
1	18209913	9	AG
1	18209916	3	AG
1	18210190	274	TC
1	18210240	50	CG
1	18210247	7	TC
1	18210285	38	AG
1	18212021	1402	GA
1	18212346	325	GA
1	18212461	115	TC
1	18212506	45	TC
1	18212989	483	TC
1	18213003	14	AC
1	18213036	33	CT
1	18213066	30	CG
1	18213219	153	AC
1	18214741	1360	AC
1	18214811	70	AG
1	18215483	672	CT
1	18215565	82	GA
1	18215737	172	AG
1	18215955	183	GA
1	18216852	339	AG
1	18216856	4	CT
1	18216927	71	AG
1	18216996	69	AG
1	18217205	209	CT
1	18217545	340	TC
1	18217578	33	CT
1	18218261	653	CT
1	18218353	92	AC
1	18218983	303	GC
1	18219199	216	TC
1	18219234	35	GA
1	18219292	58	AG
1	18219631	339	TC
1	18219791	160	TC
1	18220007	216	TC
1	18220069	62	GA
1	18220129	60	CT
1	18220710	581	AG
1	18220737	27	GA
1	18222371	825	CG
1	18222486	115	GA
1	18223378	892	AG
1	18223423	45	CT
1	18223664	241	AG
1	18223736	72	TC
1	18223995	259	GC
1	18224062	67	AT
1	18224071	9	GA
1	18226288	1236	GT
1	18227524	775	TC
1	18227549	25	AG
1	18229397	1815	TC
1	18229485	88	CT
1	18229560	75	AC
1	18230282	722	CA
1	18231796	1514	AG
1	18232042	246	CG
1	18232232	190	AG
1	18232456	224	GC
1	18232487	31	GA
1	18232853	366	CG
1	18233564	219	AT
1	18234718	1019	AG
1	18235054	336	CT
1	18235100	46	GA
1	18235148	48	GC
1	18235440	292	CG
1	18235533	93	GA
1	18236820	905	GT
1	18236862	42	TC
1	18237006	144	CA
1	18237600	594	AG
1	18237914	314	TC
1	18239110	591	TG
1	18239362	252	CT
1	18240459	1097	CT
1	18240548	89	GA
1	18240881	333	CT
1	18240917	36	CT
1	18242117	760	CA
1	18242505	388	GA
1	18242973	468	GA
1	18243829	802	TC
1	18245385	1556	AC
1	18245846	252	TA
1	18245978	132	CT
1	18246027	49	AG
1	18246140	113	GA
1	18247193	1053	AG
1	18247228	35	GA
1	18247673	445	CG
1	18247684	11	CG
1	18248048	364	CT
1	18248557	509	GA
1	18248890	333	CT
1	18249236	346	GA
1	18249576	4	TA
1	18250850	969	CT
1	18250883	33	AG
1	18254058	3175	TC
1	18254454	396	TC
1	18255229	775	AT
1	18255849	620	TC
1	18256440	591	AG
1	18256866	426	CT
1	18257264	398	AG
1	18259219	1544	CT
1	18259317	98	GA
1	18260238	921	GA
1	18260347	109	CG
1	18260689	342	CT
1	18261128	32	TC
1	18261168	40	GC
1	18261204	36	CG
1	18261540	336	AG
1	18262189	627	AG
1	18262214	25	CT
1	18262559	345	TA
1	18263036	324	CT
1	18263163	127	TC
1	18263221	58	GA
1	18263307	86	CG
1	18263597	290	CT
1	18263983	386	CG
1	18265284	947	TC
1	18266293	82	CG
1	18266856	563	GC
1	18267611	755	CT
1	18268016	405	GA
1	18268857	841	GA
1	18269003	146	GC
1	18269333	330	GA
1	18269513	180	AG
1	18271887	1147	AG
1	18273045	1158	AT
1	18278386	2700	AG
1	18279427	757	AC
1	18279835	408	CT
1	18279911	76	AC
1	18280348	437	CT
1	18280350	2	TC
1	18280710	58	TC
1	18280872	162	AG
1	18281157	285	GA
1	18283064	1119	AC
1	18283393	158	CT
1	18283542	149	TC
1	18283579	37	TG
1	18283764	185	GT
1	18283969	205	CT
1	18284115	146	TC
1	18284316	201	AG
1	18284508	192	AT
1	18286383	1626	CT
1	18287485	1102	AG
1	18288572	1087	TC
1	18289813	1241	CT
1	18289990	177	CG
1	18290021	31	AT
1	18291520	1499	TC
1	18291599	29	GA
1	18291921	322	CT
1	18292778	857	CG
1	18293125	347	GA
1	18293381	256	TC
1	18293708	327	TC
1	18295369	218	AG
1	18296171	523	AG
1	18296227	56	TC
1	18296399	172	AT
1	18296418	19	TG
1	18296438	20	AC
1	18296719	281	AC
1	18298587	1868	CT
1	18299780	1119	TC
1	18300108	328	CG
1	18300383	275	AG
1	18301621	1144	CT
1	18302206	585	AG
1	18302844	638	TC
1	18304868	1830	AG
1	18306282	1414	CT
1	18306779	497	AG
1	18307369	590	AG
1	18307481	112	AG
1	18308324	843	AC
1	18309081	757	GA
1	18309401	320	AG
1	18311337	1860	CT
1	18311611	274	AG
1	18311753	142	CA
1	18311872	119	CT
1	18312706	834	GA
1	18312762	30	CG
1	18312907	145	TA
1	18313071	164	GA
1	18313090	19	GC
1	18313827	737	AG
1	18313944	117	GA
1	18315495	1551	AC
1	18315639	144	GA
1	18315821	64	TC
1	18315901	80	CT
1	18315915	14	AG
1	18316038	123	GA
1	18316118	80	AC
1	18317218	331	GA
1	18318007	202	AG
1	18319127	1120	TC
1	18319423	296	GA
1	18319432	9	GA
1	18319535	103	TC
1	18319571	36	CA
1	18320121	550	GA
1	18320237	116	CT
1	18320247	10	GA
1	18320361	114	TC
1	18320367	6	CG
1	18320374	7	AG
1	18321167	749	AG
1	18321414	247	TC
1	18321819	405	GA
1	18321918	99	CT
1	18322246	296	AG
1	18322542	296	TC
1	18324127	1546	CT
1	18324615	488	CG
1	18324925	310	AG
1	18325643	611	CT
1	18325729	86	CT
1	18325749	20	TC
1	18325763	14	CT
1	18325910	147	AG
1	18325922	12	CT
1	18325955	33	GA
1	18326024	69	GA
1	18326210	186	CT
1	18326239	29	AG
1	18326242	3	TG
1	18326518	276	GA
1	18326560	42	AG
1	18326585	25	GA
1	18327044	249	GA
1	18327089	45	CT
1	18327991	902	TC
1	18328623	632	CT
1	18328735	112	CT
1	18333445	4611	CT
1	18334660	1215	TC
1	18338674	2325	AC
1	18339334	660	CT
1	18339523	189	TC
1	18339585	62	CT
1	18341476	1891	TG
1	18342601	1125	AG
1	18343191	590	GA
1	18344215	944	AG
1	18344225	10	CT
1	18345653	1428	GA
1	18349780	4036	AG
1	18350354	468	CT
1	18351687	1309	AG
1	18352102	415	CG
1	18352598	496	TG
1	18353229	613	CT
1	18353583	172	TA
1	18354743	1160	CA
1	18355602	859	TA
1	18355702	100	TA
1	18356465	763	AG
1	18356559	94	AC
1	18356821	262	AG
1	18357151	259	GC
1	18358472	1321	TC
1	18358663	191	CT
1	18358681	18	CT
1	18358785	104	TC
1	18359130	197	GA
1	18360046	916	GC
1	18361557	1461	TC
1	18361840	283	GA
1	18362162	322	AG
1	18362213	51	CT
1	18362901	688	TC
1	18364258	772	GA
1	18364499	241	AC
1	18364622	123	TG
1	18366511	1826	GA
1	18368560	1939	AG
1	18370804	1722	CA
1	18371422	213	TC
1	18372271	398	GA
1	18373238	967	GA
1	18373308	70	CT
1	18373529	221	TG
1	18375883	632	TC
1	18377164	837	GA
1	18377180	16	TC
1	18379499	1446	AG
1	18379664	165	GA
1	18379745	81	CG
1	18380326	545	AG
1	18380658	232	CT
1	18386990	4668	AC
1	18388675	881	AG
1	18392308	3179	AG
1	18394708	2342	GA
1	18394754	46	GA
1	18395827	759	AG
1	18396267	440	GC
1	18398025	1758	TC
1	18399280	1203	GA
1	18403611	2804	TC
1	18405258	1044	GA
1	18405758	206	AG
1	18407646	1672	GA
1	18407712	66	GA
1	18407790	41	CA
1	18407834	44	AG
1	18410194	1267	CT
1	18412638	1792	AC
1	18414792	2154	GA
1	18417069	723	CG
1	18417135	66	TC
1	18417420	285	AG
1	18418364	793	GA
1	18418974	327	CT
1	18419025	51	AG
1	18420999	327	AG
1	18423706	1728	GA
1	18428370	3232	GA
1	18431349	2122	CT
1	18431947	598	TC
1	18431972	25	TC
1	18433617	1477	CA
1	18433690	73	CG
1	18434154	464	CT
1	18434159	5	CT
1	18434160	1	AG
1	18434163	3	TC
1	18438142	1205	GT
1	18438855	76	TC
1	18438886	31	GT
1	18439977	338	CT
1	18440083	106	CT
1	18440361	278	CA
1	18440567	206	TC
1	18441081	473	AG
1	18441292	211	TC
1	18441448	156	CT
1	18441519	71	TC
1	18441856	337	TC
1	18442076	220	TC
1	18442175	99	TA
1	18442395	220	GA
1	18442676	281	CT
1	18442737	61	TC
1	18442761	24	TC
1	18443421	308	GA
1	18444893	1055	CG
1	18445918	869	AG
1	18445927	9	GA
1	18446300	373	TC
1	18447466	838	CT
1	18448292	826	AC
1	18448650	358	CT
1	18451269	2261	CT
1	18454308	3039	GA
1	18456046	1738	GA
1	18456269	223	AG
1	18457237	968	AG
1	18457383	146	TC
1	18458945	1148	CG
1	18459413	468	TG
1	18460719	1306	AG
1	18462948	1877	AG
1	18462989	41	TC
1	18463333	344	GT
1	18465680	2205	GA
1	18468151	2017	GA
1	18471641	3322	TC
1	18475715	3378	AG
1	18477564	968	AT
1	18478171	573	TG
1	18479068	580	GA
1	18479512	444	AG
1	18479517	5	CT
1	18479697	180	AC
1	18479718	21	TC
1	18479730	12	GA
1	18479912	182	GC
1	18479934	22	AG
1	18480153	219	TC
1	18480180	27	CG
1	18480187	7	AG
1	18480224	37	AC
1	18480307	83	CG
1	18480309	2	TG
1	18480427	118	CG
1	18480499	72	CG
1	18481000	501	CT
1	18481088	88	CG
1	18481313	225	CG
1	18481505	192	AG
1	18481683	178	AG
1	18482284	601	TC
1	18482655	371	AG
1	18483238	583	TC
1	18483256	18	GA
1	18483561	305	AG
1	18483784	223	TC
1	18486527	1986	CA
1	18489274	1853	AG
1	18490583	1309	CT
1	18491028	445	CT
1	18497378	5277	TG
1	18497759	381	TG
1	18498493	734	TC
1	18498696	203	CA
1	18499251	555	CA
1	18500693	1234	TG
1	18506916	5669	GC
1	18508955	1878	CT
1	18512953	3606	AG
1	18514417	978	AG
1	18514720	303	GA
1	18514740	20	CG
1	18515410	580	AT
1	18516122	712	CT
1	18530581	13024	TC
1	18586797	27580	GA
1	18592846	5344	CT
1	18596905	3189	TC
1	18600184	3072	TC
1	18605710	5017	TC
1	18605996	286	CT
1	18608755	1104	GA
1	18609420	338	TG
1	18609704	284	TC
1	18610638	934	AG
1	18610884	246	AC
1	18613716	2832	AG
1	18615495	1312	AG
1	18615832	337	CT
1	18616420	588	GA
1	18620199	3699	TC
1	18622067	1868	GA
1	18624659	2592	AG
1	18625495	485	CT
1	18625603	108	TC
1	18626676	1073	AC
1	18626777	101	CT
1	18628320	1543	AG
1	18629648	1300	CT
1	18630266	618	CT
1	18630530	264	CG
1	18630531	1	TC
1	18631300	711	TC
1	18638233	5922	AG
1	18646112	7311	TC
1	18646178	66	CG
1	18646732	554	CT
1	18647230	498	TC
1	18655296	4455	GA
1	18655492	196	AG
1	18657904	2228	AG
1	18661510	2867	GA
1	18662099	459	TC
1	18662627	528	TC
1	18665098	2471	AG
1	18665261	129	TC
1	18666082	821	CG
1	18666929	847	CT
1	18668022	764	TC
1	18668717	695	CT
1	18669586	802	TC
1	18670955	1369	AG
1	18671166	211	GA
1	18671658	492	GA
1	18672214	556	TC
1	18673549	1335	CT
1	18673911	362	GA
1	18674354	443	GA
1	18675600	1246	TC
1	18676346	746	CT
1	18677147	801	TC
1	18677246	99	AG
1	18677749	503	CA
1	18677846	97	TC
1	18679011	967	CT
1	18679037	26	CT
1	18679976	939	TC
1	18682102	2126	TC
1	18682144	42	CT
1	18682198	54	GA
1	18683836	1638	TG
1	18686362	2217	CT
1	18690055	3579	CT
1	18692518	2463	CT
1	18693825	1307	TC
1	18694935	1110	GA
1	18698291	2053	GA
1	18699507	1066	GA
1	18699931	424	AG
1	18699945	14	TC
1	18700129	184	AG
1	18700339	210	AG
1	18701201	862	GT
1	18701270	69	CA
1	18701327	57	TG
1	18703060	1338	CA
1	18703145	85	GA
1	18703199	54	TC
1	18703877	678	TC
1	18704667	790	AG
1	18704876	209	GA
1	18705987	670	TC
1	18706281	294	GA
1	18706830	549	GA
1	18707753	550	GT
1	18707757	4	AG
1	18709372	1615	GA
1	18709565	193	GT
1	18710330	765	AC
1	18710520	190	GA
1	18710526	6	GC
1	18711644	1072	CA
1	18712338	694	CT
1	18712508	170	GC
1	18712979	471	CT
1	18714866	1700	AT
1	18715207	341	GA
1	18715265	58	GA
1	18715886	621	CT
1	18715913	27	TC
1	18716140	227	GA
1	18716345	205	AG
1	18716378	33	AG
1	18717058	680	GA
1	18718463	1405	AG
1	18719294	831	GA
1	18719637	343	CA
1	18719745	108	AG
1	18720584	839	GA
1	18721051	467	TC
1	18721365	314	GA
1	18721376	11	AG
1	18721397	21	GA
1	18721886	489	AG
1	18722286	400	GA
1	18722312	26	TC
1	18722325	13	TG
1	18722604	279	CT
1	18722756	152	AG
1	18724800	2044	AG
1	18724999	199	AC
1	18726892	1806	AG
1	18727244	352	GA
1	18727812	568	TC
1	18729791	1979	GA
1	18730940	663	TC
1	18730946	6	GC
1	18731500	254	AG
1	18731733	233	AG
1	18731751	18	AG
1	18732289	538	GA
1	18732334	45	TG
1	18732348	14	TG
1	18732443	95	GC
1	18732603	160	GA
1	18732945	249	CT
1	18732955	10	TC
1	18732975	20	CT
1	18734170	1195	CT
1	18734196	26	GA
1	18735012	816	CT
1	18735060	48	GA
1	18735463	39	AG
1	18735584	121	GA
1	18735943	359	GC
1	18736327	384	AG
1	18736541	214	CA
1	18736642	101	AG
1	18736869	153	GA
1	18736961	92	CG
1	18738526	1474	CT
1	18738719	193	CT
1	18738880	161	GA
1	18738926	46	TC
1	18739733	807	AG
1	18739886	153	CT
1	18741356	1298	CT
1	18742747	1186	CA
1	18743273	526	GT
1	18743613	340	GA
1	18744330	717	GT
1	18744846	516	GC
1	18746119	1273	TC
1	18747148	769	GC
1	18747228	80	GA
1	18751509	1529	TA
1	18752439	678	CT
1	18753047	608	GC
1	18754529	1482	CT
1	18755239	710	CT
1	18755369	130	TC
1	18755426	57	GA
1	18756257	831	AT
1	18756941	684	CT
1	18757096	155	AG
1	18757307	211	TC
1	18757634	327	TC
1	18758066	400	CT
1	18759413	1347	GA
1	18765593	5727	GC
1	18766935	1342	CT
1	18768886	1666	AG
1	18769463	577	GT
1	18772725	2943	TG
1	18773309	584	TC
1	18774104	795	CT
1	18776103	1696	AG
1	18776703	600	CG
1	18776815	112	TC
1	18778241	1426	CG
1	18780316	2075	AG
1	18782999	1428	AG
1	18783099	100	AG
1	18783201	102	AG
1	18783581	380	GA
1	18785190	1537	TC
1	18786018	808	AG
1	18788166	2148	TC
1	18788463	297	AG
1	18789281	818	GC
1	18789460	179	GA
1	18792955	3495	CT
1	18793196	241	TC
1	18796060	2301	AG
1	18796136	76	GA
1	18797487	823	TC
1	18799758	2164	TC
1	18799824	66	GA
1	18799898	74	GA
1	18801478	1528	TC
1	18802792	1314	TC
1	18803302	510	AG
1	18803565	263	AG
1	18804283	718	CT
1	18807009	2667	TC
1	18807163	154	AG
1	18807336	173	AG
1	18807734	398	CG
1	18808243	509	TC
1	18808298	55	CT
1	18808855	557	TC
1	18809160	305	CT
1	18809281	121	AG
1	18809317	36	GA
1	18809338	21	CT
1	18809513	175	GA
1	18810094	581	CT
1	18810111	17	GA
1	18810195	84	GA
1	18810315	120	TC
1	18810414	99	CT
1	18811020	606	TC
1	18811676	656	GA
1	18812057	381	AG
1	18812302	245	TC
1	18812818	516	AG
1	18812947	129	CG
1	18812974	27	TG
1	18813077	103	CT
1	18813096	19	GA
1	18814037	941	CT
1	18814331	294	CT
1	18814381	50	AG
1	18814645	264	GT
1	18815894	1153	CT
1	18817994	2100	AG
1	18818727	733	TC
1	18818746	19	GA
1	18820333	1587	CT
1	18822120	1703	GA
1	18823101	981	TC
1	18823206	105	TC
1	18825626	2420	TC
1	18826130	504	AG
1	18826201	71	CT
1	18827013	812	CT
1	18827445	432	GA
1	18829634	2189	GA
1	18831307	1673	CG
1	18831688	381	GT
1	18832912	1175	GA
1	18833982	1040	TC
1	18835379	1353	AG
1	18835391	12	GA
1	18838767	3347	CT
1	18844866	5981	AG
1	18846572	1657	CT
1	18848721	2097	AC
1	18849147	229	GA
1	18851453	2306	CT
1	18852320	823	AG
1	18862570	9604	GA
1	18863622	804	CT
1	18866534	1766	GT
1	18866719	185	TC
1	18867438	173	AC
1	18867868	430	CT
1	18869020	1152	CA
1	18869485	465	GT
1	18873163	3546	TC
1	18874740	1344	GA
1	18874824	84	GA
1	18877008	1659	GA
1	18877174	166	CT
1	18879607	2433	CT
1	18881056	1362	CT
1	18881739	683	GA
1	18887076	5029	CT
1	18887142	66	TC
1	18887327	185	GA
1	18888256	929	GA
1	18892563	4121	AG
1	18892996	433	AG
1	18894541	1525	TC
1	18899764	3047	AG
1	18902002	2213	GC
1	18903782	1731	GA
1	18905226	1371	AG
1	18907455	2229	TC
1	18910652	3197	CT
1	18911618	966	TC
1	18911634	16	GA
1	18911662	28	GA
1	18912018	356	AG
1	18913534	1516	TC
1	18913603	69	TC
1	18913830	227	GA
1	18916078	2248	GA
1	18917322	1193	TC
1	18918060	738	TC
1	18919382	1322	GA
1	18923460	3699	CT
1	18927005	3504	TC
1	18929086	2081	TC
1	18929484	398	CT
1	18936193	4654	AG
1	18936531	338	CT
1	18939265	2640	GC
1	18940468	1203	TC
1	18941011	543	GC
1	18946119	4670	AT
1	18946550	431	AG
1	18946696	146	GC
1	18947423	727	GA
1	18947527	104	GA
1	18948399	872	AC
1	18951462	2258	AG
1	18951524	62	GA
1	18953567	2043	GA
1	18953884	181	CA
1	18954497	613	GA
1	18954676	97	CT
1	18954680	4	CT
1	18955027	347	CT
1	18955418	391	AG
1	18955604	186	AG
1	18955697	93	CT
1	18957304	1430	GA
1	18959782	1626	AT
1	18959900	118	AG
1	18961358	332	GT
1	18961422	64	TC
1	18961478	56	CT
1	18961801	323	CT
1	18961915	114	AG
1	18966160	3601	AG
1	18966545	251	CT
1	18966588	43	GA
1	18966724	136	GT
1	18967071	347	GA
1	18967149	78	GC
1	18967700	551	GA
1	18968719	1019	AG
1	18969047	328	CT
1	18969048	1	GA
1	18969269	221	CT
1	18972647	2761	GC
1	18973461	772	AG
1	18973474	13	CT
1	18974325	851	GA
1	18974540	215	AC
1	18975799	1164	GT
1	18976291	492	TC
1	18976399	108	TC
1	18978405	1554	GA
1	18979331	926	TG
1	18981326	1995	CT
1	18982311	985	GA
1	18985408	2847	GA
1	18986270	331	TC
1	18986590	278	AG
1	18990539	1332	GA
1	18990561	22	AG
1	18992054	1493	AC
1	18994220	1969	CT
1	18994996	734	TC
1	18995004	8	CT
1	18997458	2454	GT
1	18998845	1308	GC
1	19002451	3558	GC
1	19003012	561	GA
1	19003162	150	AG
1	19003377	215	AC
1	19004150	773	AG
1	19004240	90	TC
1	19004263	23	GA
1	19004280	17	GA
1	19004737	380	TC
1	19004839	102	GA
1	19005791	952	CT
1	19005931	140	AG
1	19005950	19	AG
1	19006068	118	CT
1	19006183	115	AG
1	19006236	53	CA
1	19006792	148	TC
1	19006804	12	AC
1	19007400	596	AG
1	19007659	259	GA
1	19007663	4	AG
1	19007821	158	GA
1	19008185	290	AG
1	19008321	136	CT
1	19009715	596	TC
1	19011718	1398	CA
1	19012070	352	CA
1	19013223	1153	AG
1	19014270	798	GA
1	19018440	1287	AG
1	19018494	54	AG
1	19023705	4308	GA
1	19024792	371	AG
1	19025362	570	AG
1	19025929	142	TC
1	19028128	2155	GT
1	19028318	190	AC
1	19028319	1	TC
1	19028675	356	GC
1	19029924	1249	AG
1	19031574	1564	GA
1	19033216	1590	TC
1	19033999	783	TC
1	19047853	13619	TC
1	19048089	236	CT
1	19051577	3429	CT
1	19054247	2545	GC
1	19056596	2032	CT
1	19056951	355	GT
1	19059863	2864	AG
1	19067644	7713	GA
1	19070920	3200	AC
1	19071728	808	AG
1	19074864	2992	CT
1	19075110	246	AG
1	19077118	2008	TC
1	19077375	257	CT
1	19078857	1482	AG
1	19079678	821	CT
1	19080154	476	CG
1	19080338	184	GA
1	19080520	182	CT
1	19081131	611	CT
1	19084863	3675	GA
1	19085633	728	TC
1	19086659	1026	CG
1	19087980	1321	CG
1	19089778	1631	TC
1	19093464	3645	AG
1	19093723	259	TC
1	19094264	502	AC
1	19097477	3089	TC
1	19098669	985	GC
1	19098735	66	AC
1	19099300	525	TC
1	19100391	1091	CT
1	19101198	752	CT
1	19102054	856	TG
1	19104089	2000	AG
1	19106059	1951	GA
1	19107245	1186	CA
1	19110452	2899	TG
1	19112071	1619	CT
1	19112665	594	TG
1	19117553	4371	AG
1	19119481	1928	AC
1	19120008	527	GA
1	19122189	1265	TC
1	19125621	2958	AG
1	19125812	191	GC
1	19127591	1028	CA
1	19134723	2392	CT
1	19135191	375	AG
1	19136066	785	TA
1	19136112	46	AG
1	19138843	1387	GC
1	19139165	322	GA
1	19139309	144	TC
1	19140933	1485	AG
1	19141305	360	AG
1	19141329	24	AG
1	19142018	648	GA
1	19143831	1678	AG
1	19143850	19	CT
1	19143959	109	TC
1	19144202	243	TC
1	19146512	2003	TG
1	19147177	665	AG
1	19147234	57	CT
1	19147745	511	CT
1	19147759	14	AC
1	19148332	573	GA
1	19148853	521	CG
1	19149439	586	GT
1	19150815	1334	CT
1	19151383	568	AG
1	19152684	1240	GA
1	19153691	1007	GA
1	19153904	213	GA
1	19154168	264	TC
1	19154208	40	TC
1	19154287	79	CT
1	19156148	1807	GA
1	19156487	339	CT
1	19156535	48	GC
1	19156601	66	AG
1	19156688	87	TC
1	19156700	12	GA
1	19156755	55	AC
1	19157414	659	TC
1	19157418	4	TC
1	19159746	2306	TC
1	19160630	764	GA
1	19161119	489	AG
1	19161237	118	CT
1	19161629	392	TC
1	19161779	150	TC
1	19162491	712	TC
1	19163200	709	CT
1	19163209	9	TC
1	19163424	215	CT
1	19163575	151	GT
1	19163611	36	AG
1	19164529	866	AG
1	19164933	404	TC
1	19164983	50	AG
1	19165680	697	CT
1	19165951	271	CT
1	19166864	856	TC
1	19166948	84	TC
1	19167266	318	TC
1	19167375	109	TC
1	19167609	234	TC
1	19167820	211	GA
1	19168045	225	CG
1	19168051	6	AT
1	19168710	659	GA
1	19168974	264	GA
1	19168985	11	GA
1	19169220	235	AG
1	19169325	105	CT
1	19169771	446	CG
1	19170376	580	TC
1	19170498	122	CT
1	19171743	1245	CA
1	19171812	69	CA
1	19172004	192	CA
1	19172689	685	GA
1	19173094	405	GC
1	19174143	1008	AG
1	19174692	549	CT
1	19174775	83	AG
1	19176889	1811	AG
1	19177773	884	GA
1	19179112	1204	TC
1	19181510	2285	CT
1	19182861	1321	CT
1	19182967	106	CG
1	19183263	296	AG
1	19183335	72	CT
1	19183769	434	AC
1	19183844	75	TC
1	19183849	5	AG
1	19184009	160	TC
1	19184470	461	CT
1	19185119	458	CG
1	19185561	442	TC
1	19185880	319	CT
1	19185969	89	AG
1	19187426	1126	CT
1	19187700	274	TC
1	19188661	961	CT
1	19188719	58	AG
1	19188919	200	GA
1	19188969	50	CT
1	19188985	16	CT
1	19190392	444	TC
1	19190636	244	GA
1	19192681	2045	TC
1	19192806	125	TC
1	19193047	241	CT
1	19193919	269	GA
1	19194188	269	GA
1	19196181	1177	AG
1	19196759	578	GT
1	19197222	463	AG
1	19201685	1757	AG
1	19202505	480	GA
1	19202599	94	TC
1	19202717	118	CT
1	19203794	1077	AG
1	19203813	19	AG
1	19203893	80	CT
1	19205234	808	AG
1	19206795	1281	AG
1	19207118	323	GC
1	19207156	38	AG
1	19208909	1384	AG
1	19209368	459	GA
1	19210849	869	AG
1	19210983	134	CT
1	19211003	20	GC
1	19211690	687	TC
1	19212230	540	GA
1	19213529	940	GA
1	19214830	793	AG
1	19214861	31	CT
1	19216383	1488	CG
1	19216910	527	GA
1	19219383	2270	TC
1	19220249	532	AG
1	19220615	366	TA
1	19220912	297	TG
1	19222337	1350	CA
1	19222407	70	AG
1	19222487	80	AG
1	19223123	559	AG
1	19224498	1150	TC
1	19225627	789	GA
1	19226027	400	TC
1	19228266	1458	AG
1	19236260	3941	CT
1	19237473	1008	GA
1	19238387	914	CT
1	19241233	1638	TA
1	19243407	2174	TC
1	19244092	685	CT
1	19245276	1005	CT
1	19246158	882	TC
1	19246159	1	TC
1	19246598	439	TC
1	19246606	8	CT
1	19247465	859	CG
1	19250741	3209	AG
1	19250838	97	TC
1	19252868	2030	CG
1	19256706	3797	TC
1	19258802	2011	AG
1	19264631	5274	TG
1	19265968	1337	AG
1	19267170	1202	TC
1	19267435	265	GC
1	19267661	226	TC
1	19267700	39	TC
1	19267721	21	CG
1	19268055	334	CT
1	19268121	66	AG
1	19268401	280	TC
1	19268877	260	AG
1	19269093	216	GT
1	19269310	217	TC
1	19269845	535	GA
1	19272524	2679	GT
1	19273402	878	AG
1	19273454	52	TC
1	19273709	255	TC
1	19274773	774	TC
1	19275043	270	GC
1	19277183	2140	CT
1	19277646	463	AG
1	19277677	31	TC
1	19279901	2192	TC
1	19280344	443	CT
1	19282959	2615	AG
1	19287433	4001	CG
1	19288023	590	GA
1	19288848	825	TC
1	19291046	2126	CT
1	19292073	1027	AG
1	19292074	1	AC
1	19295704	2869	GC
1	19295709	5	CT
1	19297426	1547	CG
1	19298850	1385	TA
1	19298851	1	GC
1	19299198	311	GA
1	19299832	401	GA
1	19308580	5224	AG
1	19317487	6429	GA
1	19322582	4743	TG
1	19351377	26312	AG
1	19351861	484	GA
1	19371782	16192	TC
1	19377964	3428	TC
1	19385977	7538	GT
1	19530079	123422	TG
1	19530741	662	AG
1	19541807	8697	GA
1	19544551	1627	GA
1	19547819	436	CT
1	19547923	25	CT
1	19548040	117	GA
1	19555106	5098	AG
1	19564931	9434	AG
1	19566135	1167	TC
1	19570776	4526	AC
1	19573001	2225	CT
1	19575114	2113	CT
1	19576941	1517	TC
1	19576976	35	GA
1	19577553	577	CT
1	19579992	1758	GA
1	19580645	653	CA
1	19580782	137	GA
1	19581065	283	CT
1	19588888	4269	AG
1	19589078	136	TC
1	19589696	618	TG
1	19589939	243	CG
1	19590106	167	GA
1	19591527	1421	GC
1	19591547	20	AG
1	19591565	18	GC
1	19591636	71	AG
1	19592469	833	CT
1	19593445	196	CT
1	19593447	2	GC
1	19593755	308	GA
1	19594094	339	CT
1	19594191	97	CT
1	19594270	79	CT
1	19594666	396	GA
1	19595639	459	TC
1	19600713	1103	AG
1	19603109	1985	AG
1	19607237	1997	TC
1	19607321	84	GC
1	19609993	1066	CG
1	19614977	3599	AG
1	19616954	1535	AG
1	19617774	572	CT
1	19618508	734	CT
1	19619298	790	CT
1	19620590	1043	AG
1	19621706	1116	TC
1	19625331	2219	GA
1	19627067	498	GA
1	19627350	283	CG
1	19628658	982	AG
1	19629142	484	TG
1	19629601	459	TG
1	19630086	168	GA
1	19633644	3180	GA
1	19633683	39	AG
1	19633760	77	CA
1	19634330	460	GA
1	19634830	500	TC
1	19635544	714	TC
1	19638092	1980	CT
1	19639133	1041	CG
1	19639232	99	TC
1	19639655	423	CT
1	19640295	640	AG
1	19640424	129	AG
1	19642983	1006	AG
1	19646722	2546	GA
1	19647074	352	AG
1	19647132	58	CT
1	19647167	35	GA
1	19651809	2573	GC
1	19652837	1028	AG
1	19656351	2912	GA
1	19656428	77	TC
1	19656584	156	AG
1	19659777	2184	CG
1	19660274	497	TC
1	19666116	3534	AT
1	19668490	2342	GA
1	19669487	997	AG
1	19673519	2682	AG
1	19674721	805	CG
1	19674956	235	CT
1	19675246	252	GC
1	19675887	609	CA
1	19676854	967	AG
1	19680292	3341	GA
1	19684155	3863	GA
1	19684844	689	GA
1	19685735	891	TG
1	19689418	3655	CT
1	19690737	1319	CT
1	19691571	834	GA
1	19692327	756	CA
1	19693097	770	TC
1	19694249	1152	AC
1	19694920	671	TC
1	19695447	503	TC
1	19696526	1079	AG
1	19697550	965	TC
1	19700225	2675	TC
1	19701010	785	CT
1	19702350	1268	GA
1	19704032	1597	AT
1	19713447	4957	TC
1	19713716	269	CT
1	19714341	625	TG
1	19714684	343	TC
1	19714831	147	TG
1	19715227	396	GA
1	19715442	215	TA
1	19716661	864	CA
1	19719450	2789	CT
1	19721938	2053	AG
1	19725419	3481	TA
1	19729196	3541	CT
1	19729902	706	CT
1	19730009	107	TC
1	19730764	222	AG
1	19731806	848	TG
1	19732303	244	AG
1	19732829	287	GT
1	19733169	173	TC
1	19733224	55	AG
1	19735220	1729	TC
1	19735887	667	GA
1	19736004	117	AG
1	19736497	493	GC
1	19736761	264	CA
1	19739087	598	GA
1	19740819	1217	CG
1	19741450	631	TC
1	19743717	1253	TC
1	19744025	308	CT
1	19747399	3130	AG
1	19749038	1639	AG
1	19750543	1422	CA
1	19763719	6955	TG
1	19764131	375	AG
1	19764153	22	CT
1	19764168	15	GA
1	19765092	924	TC
1	19765112	20	TG
1	19765647	535	AG
1	19766017	370	AG
1	19766334	317	CT
1	19767567	771	GA
1	19768297	681	AG
1	19768684	387	CT
1	19768715	31	GA
1	19768952	237	GC
1	19769103	151	CA
1	19769371	268	GA
1	19769887	516	AG
1	19770720	348	TC
1	19770782	62	AG
1	19770895	113	AG
1	19770911	16	TG
1	19771568	621	CT
1	19773740	1568	AG
1	19774224	484	GC
1	19776576	2078	AG
1	19777913	1337	TC
1	19778270	357	CG
1	19778618	348	CT
1	19779278	660	TC
1	19779462	184	CA
1	19780675	1020	CT
1	19783931	2285	AG
1	19784891	960	TC
1	19784910	19	TG
1	19785402	492	CT
1	19785490	88	TC
1	19785671	181	TC
1	19787329	1280	TC
1	19788197	868	AG
1	19789161	672	GA
1	19790809	1648	GT
1	19792455	1278	CT
1	19792594	139	CT
1	19792846	252	AC
1	19793081	235	AG
1	19793234	153	GA
1	19793241	7	GA
1	19794110	869	AG
1	19794626	472	AG
1	19794843	217	GA
1	19797086	2079	CT
1	19797518	432	GA
1	19797566	48	GT
1	19797694	128	CT
1	19798057	363	CT
1	19805734	3169	CT
1	19805894	160	CT
1	19808814	2257	CT
1	19814455	2075	TG
1	19815249	506	AG
1	19816648	1023	CT
1	19817403	656	TC
1	19818942	1153	GA
1	19819072	130	AG
1	19820408	1037	TC
1	19822760	2113	TC
1	19828968	5577	CT
1	19832187	3219	AC
1	19832271	84	TG
1	19835151	2814	GA
1	19838271	2857	AC
1	19840056	1719	TC
1	19840466	410	AG
1	19843534	2445	TG
1	19844459	864	GA
1	19848249	2965	AG
1	19858334	7805	TC
1	19861087	2392	GA
1	19865051	2206	GA
1	19867205	2154	GC
1	19867219	14	GA
1	19867234	15	CA
1	19867313	79	CT
1	19868860	1547	CT
1	19869949	1089	TC
1	19870016	67	CG
1	19870453	437	GC
1	19871999	1546	CG
1	19874607	2608	CT
1	19874745	138	CG
1	19877095	909	AG
1	19877876	332	GT
1	19877945	69	CG
1	19878113	168	TG
1	19878158	45	TC
1	19878827	669	TC
1	19880336	1455	GA
1	19880865	529	GA
1	19881163	298	CT
1	19881248	85	AG
1	19881618	272	AG
1	19882085	467	TC
1	19882212	127	GA
1	19882348	136	CG
1	19884136	1188	GA
1	19884575	439	TC
1	19886110	854	AG
1	19886944	143	GA
1	19886953	9	AG
1	19888117	1164	CG
1	19888137	20	CA
1	19889167	1030	AG
1	19889333	166	AG
1	19889982	649	CT
1	19889984	2	CT
1	19889987	3	AG
1	19890984	997	TC
1	19891385	401	GA
1	19891520	135	AG
1	19891996	476	CG
1	19892350	354	AG
1	19892858	508	CT
1	19893209	351	TC
1	19894671	806	CA
1	19895367	375	TC
1	19895404	37	TC
1	19895408	4	CT
1	19895796	388	CT
1	19895981	185	TG
1	19896890	909	TC
1	19897370	480	TA
1	19897826	456	CT
1	19897902	76	TC
1	19899347	1013	TC
1	19899356	9	TC
1	19902134	2500	GT
1	19902816	682	CT
1	19902964	148	AG
1	19904288	719	AG
1	19904302	14	CT
1	19906036	1607	GA
1	19906583	547	TC
1	19906870	287	CG
1	19907457	587	CT
1	19907562	105	TC
1	19908058	496	GA
1	19909195	52	CT
1	19909868	532	TA
1	19909904	36	CT
1	19910355	451	CT
1	19911326	647	AG
1	19911374	48	TC
1	19915834	1651	GC
1	19916008	174	CT
1	19916071	63	AG
1	19916669	536	CT
1	19919025	1922	AG
1	19919919	894	CG
1	19922327	1879	GT
1	19924067	1677	GA
1	19925970	654	AC
1	19931344	1538	TC
1	19934789	1909	CT
1	19936795	1847	TG
1	19937281	181	TC
1	19938400	608	GA
1	19939856	1204	TC
1	19944541	1624	GA
1	19945615	889	CA
1	19946217	311	AG
1	19948772	922	TC
1	19950758	1600	TC
1	19951091	333	CT
1	19952348	812	AG
1	19953241	544	TC
1	19956156	1712	CT
1	19956366	210	GT
1	19959548	2017	TG
1	19961901	2048	GA
1	19962080	179	AG
1	19964120	1808	CT
1	19965089	969	GT
1	19969333	3210	CT
1	19969886	553	TC
1	19970073	187	CT
1	19970102	29	AG
1	19970588	486	GA
1	19972841	2218	GC
1	19973521	680	CT
1	19974714	890	AG
1	19976399	1146	AC
1	19977609	642	GC
1	19977648	39	CT
1	19977876	228	AG
1	19982616	1249	AG
1	19983230	614	AG
1	19984090	860	AG
1	19985636	1519	CT
1	19987090	1454	TC
1	19988549	1434	TC
1	19989635	949	TG
1	20587112	587112	CT
1	20588235	1123	AG
1	20588464	205	CT
1	20588592	128	CT
1	20589555	963	AG
1	20592869	3281	GA
1	20596432	2989	GA
1	20601660	5163	GC
1	20601939	279	CT
1	20602119	180	AG
1	20603858	1739	GA
1	20604369	511	GA
1	20605008	639	TA
1	20605010	2	GA
1	20605676	666	CT
1	20605950	274	CG
1	20605997	47	CG
1	20606010	13	GT
1	20606289	279	TC
1	20613042	5346	CA
1	20613154	112	AG
1	20613237	83	TA
1	20616428	3021	GC
1	20616779	351	CT
1	20617929	1150	GT
1	20619082	940	AG
1	20622982	3425	AT
1	20623680	558	GA
1	20624550	641	CT
1	20628437	3532	TG
1	20630394	1225	GA
1	20634957	3228	CT
1	20639288	3351	AT
1	20639309	21	GA
1	20640902	1543	TC
1	20641383	481	GA
1	20641433	50	AG
1	20643225	1381	CG
1	20657627	5742	GA
1	20659941	2279	GA
1	20660273	332	CT
1	20660308	35	CT
1	20660432	124	AG
1	20660533	101	CT
1	20660574	41	TC
1	20660767	193	GA
1	20660817	50	CT
1	20661677	860	TC
1	20662636	959	AG
1	20663360	665	CT
1	20664336	976	TC
1	20664525	189	CG
1	20664665	140	CT
1	20664966	301	AC
1	20665513	519	GC
1	20665626	113	GC
1	20666243	617	TC
1	20666728	485	CG
1	20667900	1172	GA
1	20667982	82	AG
1	20669838	1540	GA
1	20673578	3330	TC
1	20675505	1804	TC
1	20678724	3031	TC
1	20679337	581	CG
1	20680536	1117	CA
1	20681973	1408	GA
1	20682087	114	GA
1	20682108	21	AG
1	20682944	836	TC
1	20682983	39	AG
1	20685780	2429	AG
1	20686094	192	GA
1	20687012	876	AG
1	20687094	82	AG
1	20689705	785	GA
1	20689744	39	TC
1	20689930	186	CT
1	20703478	12607	GT
1	20720784	5182	AG
1	20721855	1071	AC
1	20722606	751	TC
1	20725131	2353	GA
1	20727300	1526	AG
1	20727502	202	GA
1	20728290	788	CT
1	20730038	1748	TC
1	20734321	3790	CT
1	20734765	444	AG
1	20735218	453	CT
1	20735350	132	CT
1	20736735	1356	AG
1	20737360	625	TC
1	20737933	573	CG
1	20738566	633	CT
1	20739814	1248	GA
1	20740451	468	AG
1	20740768	271	CT
1	20741615	773	AG
1	20742387	294	GA
1	20742489	102	GA
1	20742595	106	GA
1	20743932	1337	CT
1	20744064	132	TC
1	20744318	254	GA
1	20744550	232	CT
1	20744586	36	CA
1	20744708	122	GT
1	20744724	16	TC
1	20744727	3	CT
1	20744768	41	TC
1	20744825	57	GC
1	20744883	58	CG
1	20744936	53	GT
1	20745051	115	TG
1	20745122	71	CT
1	20745389	267	CA
1	20745420	31	AG
1	20745676	256	TA
1	20745821	145	AG
1	20747376	998	GA
1	20753090	3844	CT
1	20753887	296	CT
1	20754192	305	TC
1	20754268	76	CT
1	20754391	123	AG
1	20754407	16	GT
1	20755772	352	CT
1	20755784	12	TC
1	20756825	196	TC
1	20756871	46	GA
1	20756892	21	TC
1	20757832	940	GA
1	20757872	40	TA
1	20757881	9	GA
1	20757972	91	GA
1	20758031	59	TC
1	20758037	6	AG
1	20758943	409	CT
1	20760292	1197	GA
1	20762972	2402	GA
1	20763077	105	GA
1	20763497	420	GT
1	20763571	74	CT
1	20764680	730	TC
1	20764746	66	TA
1	20765224	187	AG
1	20765693	469	AG
1	20765948	255	TC
1	20765969	21	CT
1	20768722	1089	AT
1	20769056	334	CT
1	20769140	84	CT
1	20769527	71	CT
1	20773279	1577	AG
1	20774233	954	AG
1	20774538	305	CT
1	20774930	279	AG
1	20780171	825	TC
1	20781283	789	TC
1	20781622	339	AG
1	20785590	3435	GA
1	20785848	258	CT
1	20786270	422	AT
1	20786450	141	GA
1	20786599	149	CT
1	20787265	217	GT
1	20788030	481	TC
1	20788036	6	TG
1	20788059	23	CT
1	20788122	63	TC
1	20788133	11	TC
1	20788300	167	CT
1	20788309	9	AG
1	20795726	4923	CT
1	20796083	321	CT
1	20797079	996	CT
1	20797656	546	AG
1	20797839	183	AG
1	20797965	126	CT
1	20798248	283	AG
1	20798958	669	AG
1	20799810	461	AG
1	20799991	138	TC
1	20799992	1	GT
1	20800420	330	TA
1	20800709	185	AG
1	20800977	268	TC
1	20803218	1014	TA
1	20803368	150	TC
1	20803429	61	TG
1	20803465	36	TC
1	20803531	66	CT
1	20803739	141	GA
1	20808802	2095	TG
1	20809069	267	TC
1	20809072	3	GA
1	20809154	82	GA
1	20811842	314	AC
1	20811843	1	GT
1	20811911	68	TC
1	20811935	24	GA
1	20811944	9	CT
1	20811969	25	GA
1	20824963	6480	GA
1	20828480	2781	CT
1	20829060	580	CA
1	20829588	528	GA
1	20830967	1379	AG
1	20830987	20	CG
1	20832087	1100	AG
1	20835029	2521	AG
1	20835395	366	GA
1	20839489	4027	TC
1	20839492	3	TC
1	20845047	5156	CT
1	20853758	8167	TG
1	20854871	913	AC
1	20856808	1720	AG
1	20856973	165	TC
1	20859233	2000	CT
1	20859248	15	GC
1	20860879	1576	AT
1	20860909	30	CT
1	20860957	48	AG
1	20860965	8	GC
1	20861791	709	GA
1	20863048	1178	TC
1	20863402	318	TC
1	20863908	457	TG
1	20863921	13	AG
1	20864254	132	GC
1	20865312	713	CA
1	20865320	8	GA
1	20865391	71	GC
1	20865421	30	TC
1	20865490	69	AG
1	20865510	20	AG
1	20865525	15	GA
1	20866152	586	GA
1	20866798	296	CT
1	20870054	1183	AG
1	20870700	623	TA
1	20870754	54	CT
1	20870858	104	TC
1	20871053	195	TA
1	20871069	16	CA
1	20871154	85	GC
1	20871286	132	TC
1	20871324	38	CT
1	20871380	56	CT
1	20872453	858	CT
1	20873408	565	TC
1	20874854	1295	AG
1	20875967	1064	TC
1	20878023	2056	CG
1	20878730	707	AG
1	20879310	509	AG
1	20879757	416	CT
1	20882123	2196	GA
1	20882969	822	GA
1	20882970	1	TA
1	20883399	300	GC
1	20883479	80	AG
1	20885445	493	CT
1	20885615	170	TC
1	20885924	309	CT
1	20886163	239	GA
1	20887853	880	TG
1	20891541	2790	CT
1	20894512	2619	CT
1	20895525	1013	CG
1	20895553	28	AG
1	20895642	89	AG
1	20896054	412	GC
1	20897373	473	CT
1	20898123	560	TC
1	20898489	293	TC
1	20898490	1	GA
1	20898791	301	GT
1	20898840	49	GC
1	20899736	896	TC
1	20899778	42	TC
1	20899872	94	AG
1	20899890	18	CT
1	20899938	48	TC
1	20900018	80	GA
1	20900063	45	AG
1	20900204	141	CT
1	20900530	326	CT
1	20906830	4368	AG
1	20907455	198	TC
1	20907565	110	TC
1	20907894	329	TC
1	20909887	1327	CA
1	20913185	2759	TC
1	20914864	1389	AG
1	20920591	4545	AG
1	20920716	125	CT
1	20925151	3248	GC
1	20925248	97	TC
1	20928021	1591	TC
1	20931372	2841	AG
1	20932042	670	TC
1	20932927	727	GA
1	20933080	153	GA
1	20935078	1534	AC
1	20935219	141	GC
1	20935319	100	CT
1	20935752	433	GT
1	20936105	353	CG
1	20936185	80	TC
1	20936556	69	CT
1	20936657	101	GA
1	20936852	195	TC
1	20936948	96	GA
1	20936949	1	AC
1	20937024	75	CT
1	20937471	447	AG
1	20937814	301	AG
1	20938042	228	CT
1	20938225	183	AG
1	20938636	275	TC
1	20938854	193	TA
1	20939824	970	CT
1	20940736	885	GA
1	20941343	454	AG
1	20941588	222	CT
1	20941603	15	AG
1	20942183	580	CT
1	20942494	130	AT
1	20942712	218	CT
1	20942770	58	GA
1	20943369	599	CT
1	20943472	103	CT
1	20943787	120	CT
1	20943789	2	AG
1	20944274	279	AG
1	20944328	54	CT
1	20944441	113	TC
1	20944624	183	TC
1	20944656	32	TG
1	20944778	122	AG
1	20944784	6	TG
1	20944793	9	AG
1	20945463	634	TC
1	20945594	32	TC
1	20945649	55	TC
1	20947280	1320	GA
1	20947498	183	AC
1	20947741	243	GC
1	20951350	1490	TC
1	20951368	18	TC
1	20951456	88	AG
1	20951496	40	GA
1	20952732	887	CT
1	20952930	72	AG
1	20953224	294	AC
1	20953233	9	CT
1	20953428	195	GC
1	20953435	7	AG
1	20954171	399	TC
1	20955497	589	TA
1	20955843	346	TC
1	20955930	87	AG
1	20956920	452	CT
1	20958306	1298	CT
1	20959129	764	GA
1	20959163	34	CT
1	20962354	1579	AG
1	20962662	308	GA
1	20962925	263	CG
1	20963086	161	CA
1	20963518	432	CT
1	20963547	29	TC
1	20963793	246	AC
1	20963837	44	TC
1	20966681	1611	AG
1	20967914	1008	CG
1	20968779	865	CT
1	20974342	2461	GA
1	20974647	305	CT
1	20975213	566	CT
1	20979751	3804	AC
1	20980266	235	GT
1	20980853	587	AG
1	20982021	307	AG
1	20982410	389	AG
1	20983156	746	TA
1	20989913	3690	TC
1	20990071	158	GA
1	20990159	88	GA
1	20990363	204	CT
1	20995591	4082	TC
1	20996362	554	CT
1	20996365	3	GC
1	20996374	9	GA
1	20996381	7	AG
1	20996465	84	TC
1	20996467	2	AG
1	20997962	311	AG
1	20999699	1255	TA
1	21000400	623	CT
1	21000756	356	CT
1	21002819	1501	TC
1	21003015	196	GA
1	21003653	597	TC
1	21009581	3975	CA
1	21009723	142	CT
1	21010226	465	AC
1	21011365	1072	CT
1	21011798	393	CT
1	21011915	117	GA
1	21011934	19	AG
1	21012866	778	GT
1	21012872	6	TC
1	21014254	895	AG
1	24267985	1949115	AC
1	24727507	307706	TC
1	24745235	15142	GA
1	24745767	363	TC
1	24747194	1180	TC
1	24747336	142	TC
1	24748619	758	AG
1	24748637	18	TC
1	24748986	349	CT
1	24750114	894	TC
1	24750812	409	TC
1	24750902	90	CT
1	24750917	15	TC
1	24751638	656	GC
1	24752101	463	GA
1	24752306	205	TC
1	24752935	629	CT
1	24753275	340	AC
1	24753415	140	CT
1	24753469	54	GA
1	24753521	52	AT
1	24753799	259	AG
1	24754123	177	AG
1	24754523	299	GC
1	24755499	976	GT
1	24756534	330	AG
1	24756551	17	TC
1	24757137	397	TC
1	24757156	19	AG
1	24758041	354	GA
1	24758793	438	CT
1	24759304	511	TG
1	24759571	267	TC
1	24761374	1481	AG
1	24762030	656	CT
1	24762271	241	TC
1	24763221	911	TG
1	24763241	20	TC
1	24763463	222	CG
1	24766850	1643	AG
1	24766913	63	CT
1	24766934	21	GA
1	24767813	537	TC
1	24767822	9	CT
1	24768321	165	AG
1	24769136	815	GA
1	24769862	501	GA
1	24770589	727	AG
1	24771946	277	GC
1	24771949	3	TC
1	24774524	2482	CG
1	24774650	126	TG
1	24776069	1181	TC
1	24777928	1859	CT
1	24780105	1737	GC
1	24780131	26	GT
1	24780225	94	AC
1	24780299	74	AG
1	24780481	182	TG
1	24780730	249	AG
1	24780915	117	CG
1	24782313	1353	GT
1	24782690	377	TC
1	24782877	187	CG
1	24782889	12	AG
1	24783229	340	AG
1	24784541	1013	GA
1	24784601	60	CG
1	24784673	72	CT
1	24784712	39	AG
1	24785044	332	GA
1	24785051	7	AG
1	24785228	177	CG
1	24785248	20	TC
1	24785496	248	CT
1	24785676	180	GT
1	24785895	219	GA
1	24791381	4737	TC
1	24791445	64	CT
1	24796931	3982	GA
1	24797336	405	CT
1	24798606	1270	TC
1	24803860	4376	AG
1	24804729	869	CT
1	24805513	784	GA
1	24807269	1756	AG
1	24807552	231	CT
1	24811132	2734	CG
1	24812287	960	GA
1	24815102	1994	CT
1	24823128	6465	TC
1	24823351	223	AG
1	24823622	271	GA
1	24824567	249	AG
1	24824633	66	AG
1	24824687	54	TC
1	24824743	56	GA
1	24825295	284	CT
1	24825327	32	CT
1	24825481	154	GC
1	24825576	95	GA
1	24825820	76	TC
1	24825957	137	CT
1	24825970	13	AG
1	24825990	20	AG
1	24826200	210	GA
1	24826364	164	TC
1	24826440	76	GC
1	24826449	9	AG
1	24827304	557	CT
1	24827576	272	AG
1	24827583	7	CT
1	24828005	422	GA
1	24828013	8	GA
1	24828082	69	GA
1	24828168	86	TC
1	24829335	771	TG
1	24829343	8	GA
1	24829476	67	AG
1	24829490	14	TC
1	24829619	98	CT
1	24829638	19	GA
1	24830316	356	TC
1	24830510	194	TC
1	24830771	261	TC
1	24830982	185	AT
1	24831026	44	AT
1	24832168	769	CT
1	24834093	418	TC
1	24834747	603	GC
1	24835125	131	TC
1	24835923	471	AC
1	24835985	62	TC
1	24836685	700	CT
1	24838273	1511	AG
1	24838297	24	TG
1	24839015	573	GA
1	24839138	123	GT
1	24840660	1051	GA
1	24842774	1489	CT
1	24844058	536	AG
1	24845203	1145	TG
1	24845443	240	CG
1	24846340	897	TC
1	24846903	563	TC
1	24849793	1403	AG
1	24850194	401	CA
1	24864963	8724	AG
1	24873244	6303	CT
1	24873345	101	CG
1	24878132	3337	TC
1	24880223	2046	CT
1	24880645	422	CT
1	24882478	600	AG
1	24882643	165	GA
1	24884402	1732	CT
1	24885767	1201	AG
1	24909961	17129	TC
1	24910825	785	TC
1	24913034	1467	GA
1	24913838	804	GA
1	24915478	1640	CT
1	24916927	868	TC
1	24917839	839	AG
1	24918427	316	GA
1	24918501	74	CT
1	24918542	41	GA
1	24920174	1531	CT
1	24924339	3165	TC
1	24924658	319	CT
1	24928744	2283	GC
1	24931127	624	GA
1	24931436	309	AC
1	24932475	1039	AG
1	24932635	160	CT
1	24933214	430	CT
1	24933272	58	TC
1	24935096	1824	GA
1	24936425	989	TG
1	24936802	377	TC
1	24936825	23	TC
1	24938062	1237	TC
1	24942386	1550	AG
1	24942750	278	TC
1	24942795	45	CT
1	24943664	869	AG
1	24944288	573	AG
1	24944500	212	CG
1	24945112	589	CT
1	24945932	820	CT
1	24948183	2152	CA
1	24949447	1264	TG
1	24949631	184	CT
1	24949681	50	CT
1	24954837	4967	AG
1	24955377	465	CT
1	24955672	295	TC
1	24959948	3767	TC
1	24960521	545	GA
1	24961675	1154	AG
1	24965193	3365	GC
1	24974006	8454	TC
1	24974575	569	TC
1	24975474	875	TC
1	24977520	2046	TA
1	24978805	1007	CT
1	24978933	128	GA
1	24980978	1874	TC
1	24986495	5186	CG
1	24987096	601	GA
1	24996845	8769	AG
1	24997790	945	CG
1	24999482	1362	GA
1	25587112	587112	CT
1	25588235	1123	AG
1	25588464	205	CT
1	25588592	128	CT
1	25589555	963	AG
1	25592869	3281	GA
1	25596432	2989	GA
1	25601660	5163	GC
1	25601939	279	CT
1	25602119	180	AG
1	25603858	1739	GA
1	25604369	511	GA
1	25605008	639	TA
1	25605010	2	GA
1	25605676	666	CT
1	25605950	274	CG
1	25605997	47	CG
1	25606010	13	GT
1	25606289	279	TC
1	25613042	5346	CA
1	25613154	112	AG
1	25613237	83	TA
1	25616428	3021	GC
1	25616779	351	CT
1	25617929	1150	GT
1	25619082	940	AG
1	25622982	3425	AT
1	25623680	558	GA
1	25624550	641	CT
1	25628437	3532	TG
1	25630394	1225	GA
1	25634957	3228	CT
1	25639288	3351	AT
1	25639309	21	GA
1	25640902	1543	TC
1	25641383	481	GA
1	25641433	50	AG
1	25643225	1381	CG
1	25657627	5742	GA
1	25659941	2279	GA
1	25660273	332	CT
1	25660308	35	CT
1	25660432	124	AG
1	25660533	101	CT
1	25660574	41	TC
1	25660767	193	GA
1	25660817	50	CT
1	25661677	860	TC
1	25662636	959	AG
1	25663360	665	CT
1	25664336	976	TC
1	25664525	189	CG
1	25664665	140	CT
1	25664966	301	AC
1	25665513	519	GC
1	25665626	113	GC
1	25666243	617	TC
1	25666728	485	CG
1	25667900	1172	GA
1	25667982	82	AG
1	25669838	1540	GA
1	25673578	3330	TC
1	25675505	1804	TC
1	25678724	3031	TC
1	25679337	581	CG
1	25680536	1117	CA
1	25681973	1408	GA
1	25682087	114	GA
1	25682108	21	AG
1	25682944	836	TC
1	25682983	39	AG
1	25685780	2429	AG
1	25686094	192	GA
1	25687012	876	AG
1	25687094	82	AG
1	25689705	785	GA
1	25689744	39	TC
1	25689930	186	CT
1	25703478	12607	GT
1	25720784	5182	AG
1	25721855	1071	AC
1	25722606	751	TC
1	25725131	2353	GA
1	25727300	1526	AG
1	25727502	202	GA
1	25728290	788	CT
1	25730038	1748	TC
1	25734321	3790	CT
1	25734765	444	AG
1	25735218	453	CT
1	25735350	132	CT
1	25736735	1356	AG
1	25737360	625	TC
1	25737933	573	CG
1	25738566	633	CT
1	25739814	1248	GA
1	25740451	468	AG
1	25740768	271	CT
1	25741615	773	AG
1	25742387	294	GA
1	25742489	102	GA
1	25742595	106	GA
1	25743932	1337	CT
1	25744064	132	TC
1	25744318	254	GA
1	25744550	232	CT
1	25744586	36	CA
1	25744708	122	GT
1	25744724	16	TC
1	25744727	3	CT
1	25744768	41	TC
1	25744825	57	GC
1	25744883	58	CG
1	25744936	53	GT
1	25745051	115	TG
1	25745122	71	CT
1	25745389	267	CA
1	25745420	31	AG
1	25745676	256	TA
1	25745821	145	AG
1	25747376	998	GA
1	25753090	3844	CT
1	25753887	296	CT
1	25754192	305	TC
1	25754268	76	CT
1	25754391	123	AG
1	25754407	16	GT
1	25755772	352	CT
1	25755784	12	TC
1	25756825	196	TC
1	25756871	46	GA
1	25756892	21	TC
1	25757832	940	GA
1	25757872	40	TA
1	25757881	9	GA
1	25757972	91	GA
1	25758031	59	TC
1	25758037	6	AG
1	25758943	409	CT
1	25760292	1197	GA
1	25762972	2402	GA
1	25763077	105	GA
1	25763497	420	GT
1	25763571	74	CT
1	25764680	730	TC
1	25764746	66	TA
1	25765224	187	AG
1	25765693	469	AG
1	25765948	255	TC
1	25765969	21	CT
1	25768722	1089	AT
1	25769056	334	CT
1	25769140	84	CT
1	25769527	71	CT
1	25773279	1577	AG
1	25774233	954	AG
1	25774538	305	CT
1	25774930	279	AG
1	25780171	825	TC
1	25781283	789	TC
1	25781622	339	AG
1	25785590	3435	GA
1	25785848	258	CT
1	25786270	422	AT
1	25786450	141	GA
1	25786599	149	CT
1	25787265	217	GT
1	25788030	481	TC
1	25788036	6	TG
1	25788059	23	CT
1	25788122	63	TC
1	25788133	11	TC
1	25788300	167	CT
1	25788309	9	AG
1	25795726	4923	CT
1	25796083	321	CT
1	25797079	996	CT
1	25797656	546	AG
1	25797839	183	AG
1	25797965	126	CT
1	25798248	283	AG
1	25798958	669	AG
1	25799810	461	AG
1	25799991	138	TC
1	25799992	1	GT
1	25800420	330	TA
1	25800709	185	AG
1	25800977	268	TC
1	25803218	1014	TA
1	25803368	150	TC
1	25803429	61	TG
1	25803465	36	TC
1	25803531	66	CT
1	25803739	141	GA
1	25808802	2095	TG
1	25809069	267	TC
1	25809072	3	GA
1	25809154	82	GA
1	25811842	314	AC
1	25811843	1	GT
1	25811911	68	TC
1	25811935	24	GA
1	25811944	9	CT
1	25811969	25	GA
1	25824963	6480	GA
1	25828480	2781	CT
1	25829060	580	CA
1	25829588	528	GA
1	25830967	1379	AG
1	25830987	20	CG
1	25832087	1100	AG
1	25835029	2521	AG
1	25835395	366	GA
1	25839489	4027	TC
1	25839492	3	TC
1	25845047	5156	CT
1	25853758	8167	TG
1	25854871	913	AC
1	25856808	1720	AG
1	25856973	165	TC
1	25859233	2000	CT
1	25859248	15	GC
1	25860879	1576	AT
1	25860909	30	CT
1	25860957	48	AG
1	25860965	8	GC
1	25861791	709	GA
1	25863048	1178	TC
1	25863402	318	TC
1	25863908	457	TG
1	25863921	13	AG
1	25864254	132	GC
1	25865312	713	CA
1	25865320	8	GA
1	25865391	71	GC
1	25865421	30	TC
1	25865490	69	AG
1	25865510	20	AG
1	25865525	15	GA
1	25866152	586	GA
1	25866798	296	CT
1	25870054	1183	AG
1	25870700	623	TA
1	25870754	54	CT
1	25870858	104	TC
1	25871053	195	TA
1	25871069	16	CA
1	25871154	85	GC
1	25871286	132	TC
1	25871324	38	CT
1	25871380	56	CT
1	25872453	858	CT
1	25873408	565	TC
1	25874854	1295	AG
1	25875967	1064	TC
1	25878023	2056	CG
1	25878730	707	AG
1	25879310	509	AG
1	25879757	416	CT
1	25882123	2196	GA
1	25882969	822	GA
1	25882970	1	TA
1	25883399	300	GC
1	25883479	80	AG
1	25885445	493	CT
1	25885615	170	TC
1	25885924	309	CT
1	25886163	239	GA
1	25887853	880	TG
1	25891541	2790	CT
1	25894512	2619	CT
1	25895525	1013	CG
1	25895553	28	AG
1	25895642	89	AG
1	25896054	412	GC
1	25897373	473	CT
1	25898123	560	TC
1	25898489	293	TC
1	25898490	1	GA
1	25898791	301	GT
1	25898840	49	GC
1	25899736	896	TC
1	25899778	42	TC
1	25899872	94	AG
1	25899890	18	CT
1	25899938	48	TC
1	25900018	80	GA
1	25900063	45	AG
1	25900204	141	CT
1	25900530	326	CT
1	25906830	4368	AG
1	25907455	198	TC
1	25907565	110	TC
1	25907894	329	TC
1	25909887	1327	CA
1	25913185	2759	TC
1	25914864	1389	AG
1	25920591	4545	AG
1	25920716	125	CT
1	25925151	3248	GC
1	25925248	97	TC
1	25928021	1591	TC
1	25931372	2841	AG
1	25932042	670	TC
1	25932927	727	GA
1	25933080	153	GA
1	25935078	1534	AC
1	25935219	141	GC
1	25935319	100	CT
1	25935752	433	GT
1	25936105	353	CG
1	25936185	80	TC
1	25936556	69	CT
1	25936657	101	GA
1	25936852	195	TC
1	25936948	96	GA
1	25936949	1	AC
1	25937024	75	CT
1	25937471	447	AG
1	25937814	301	AG
1	25938042	228	CT
1	25938225	183	AG
1	25938636	275	TC
1	25938854	193	TA
1	25939824	970	CT
1	25940736	885	GA
1	25941343	454	AG
1	25941588	222	CT
1	25941603	15	AG
1	25942183	580	CT
1	25942494	130	AT
1	25942712	218	CT
1	25942770	58	GA
1	25943369	599	CT
1	25943472	103	CT
1	25943787	120	CT
1	25943789	2	AG
1	25944274	279	AG
1	25944328	54	CT
1	25944441	113	TC
1	25944624	183	TC
1	25944656	32	TG
1	25944778	122	AG
1	25944784	6	TG
1	25944793	9	AG
1	25945463	634	TC
1	25945594	32	TC
1	25945649	55	TC
1	25947280	1320	GA
1	25947498	183	AC
1	25947741	243	GC
1	25951350	1490	TC
1	25951368	18	TC
1	25951456	88	AG
1	25951496	40	GA
1	25952732	887	CT
1	25952930	72	AG
1	25953224	294	AC
1	25953233	9	CT
1	25953428	195	GC
1	25953435	7	AG
1	25954171	399	TC
1	25955497	589	TA
1	25955843	346	TC
1	25955930	87	AG
1	25956920	452	CT
1	25958306	1298	CT
1	25959129	764	GA
1	25959163	34	CT
1	25962354	1579	AG
1	25962662	308	GA
1	25962925	263	CG
1	25963086	161	CA
1	25963518	432	CT
1	25963547	29	TC
1	25963793	246	AC
1	25963837	44	TC
1	25966681	1611	AG
1	25967914	1008	CG
1	25968779	865	CT
1	25974342	2461	GA
1	25974647	305	CT
1	25975213	566	CT
1	25979751	3804	AC
1	25980266	235	GT
1	25980853	587	AG
1	25982021	307	AG
1	25982410	389	AG
1	25983156	746	TA
1	25989913	3690	TC
1	25990071	158	GA
1	25990159	88	GA
1	25990363	204	CT
1	25995591	4082	TC
1	25996362	554	CT
1	25996365	3	GC
1	25996374	9	GA
1	25996381	7	AG
1	25996465	84	TC
1	25996467	2	AG
1	25997962	311	AG
1	25999699	1255	TA
1	26000400	623	CT
1	26000756	356	CT
1	26002819	1501	TC
1	26003015	196	GA
1	26003653	597	TC
1	26009581	3975	CA
1	26009723	142	CT
1	26010226	465	AC
1	26011365	1072	CT
1	26011798	393	CT
1	26011915	117	GA
1	26011934	19	AG
1	26012866	778	GT
1	26012872	6	TC
1	26014254	895	AG
1	29267985	1949115	AC
1	29727507	307706	TC
1	29745235	15142	GA
1	29745767	363	TC
1	29747194	1180	TC
1	29747336	142	TC
1	29748619	758	AG
1	29748637	18	TC
1	29748986	349	CT
1	29750114	894	TC
1	29750812	409	TC
1	29750902	90	CT
1	29750917	15	TC
1	29751638	656	GC
1	29752101	463	GA
1	29752306	205	TC
1	29752935	629	CT
1	29753275	340	AC
1	29753415	140	CT
1	29753469	54	GA
1	29753521	52	AT
1	29753799	259	AG
1	29754123	177	AG
1	29754523	299	GC
1	29755499	976	GT
1	29756534	330	AG
1	29756551	17	TC
1	29757137	397	TC
1	29757156	19	AG
1	29758041	354	GA
1	29758793	438	CT
1	29759304	511	TG
1	29759571	267	TC
1	29761374	1481	AG
1	29762030	656	CT
1	29762271	241	TC
1	29763221	911	TG
1	29763241	20	TC
1	29763463	222	CG
1	29766850	1643	AG
1	29766913	63	CT
1	29766934	21	GA
1	29767813	537	TC
1	29767822	9	CT
1	29768321	165	AG
1	29769136	815	GA
1	29769862	501	GA
1	29770589	727	AG
1	29771946	277	GC
1	29771949	3	TC
1	29774524	2482	CG
1	29774650	126	TG
1	29776069	1181	TC
1	29777928	1859	CT
1	29780105	1737	GC
1	29780131	26	GT
1	29780225	94	AC
1	29780299	74	AG
1	29780481	182	TG
1	29780730	249	AG
1	29780915	117	CG
1	29782313	1353	GT
1	29782690	377	TC
1	29782877	187	CG
1	29782889	12	AG
1	29783229	340	AG
1	29784541	1013	GA
1	29784601	60	CG
1	29784673	72	CT
1	29784712	39	AG
1	29785044	332	GA
1	29785051	7	AG
1	29785228	177	CG
1	29785248	20	TC
1	29785496	248	CT
1	29785676	180	GT
1	29785895	219	GA
1	29791381	4737	TC
1	29791445	64	CT
1	29796931	3982	GA
1	29797336	405	CT
1	29798606	1270	TC
1	29803860	4376	AG
1	29804729	869	CT
1	29805513	784	GA
1	29807269	1756	AG
1	29807552	231	CT
1	29811132	2734	CG
1	29812287	960	GA
1	29815102	1994	CT
1	29823128	6465	TC
1	29823351	223	AG
1	29823622	271	GA
1	29824567	249	AG
1	29824633	66	AG
1	29824687	54	TC
1	29824743	56	GA
1	29825295	284	CT
1	29825327	32	CT
1	29825481	154	GC
1	29825576	95	GA
1	29825820	76	TC
1	29825957	137	CT
1	29825970	13	AG
1	29825990	20	AG
1	29826200	210	GA
1	29826364	164	TC
1	29826440	76	GC
1	29826449	9	AG
1	29827304	557	CT
1	29827576	272	AG
1	29827583	7	CT
1	29828005	422	GA
1	29828013	8	GA
1	29828082	69	GA
1	29828168	86	TC
1	29829335	771	TG
1	29829343	8	GA
1	29829476	67	AG
1	29829490	14	TC
1	29829619	98	CT
1	29829638	19	GA
1	29830316	356	TC
1	29830510	194	TC
1	29830771	261	TC
1	29830982	185	AT
1	29831026	44	AT
1	29832168	769	CT
1	29834093	418	TC
1	29834747	603	GC
1	29835125	131	TC
1	29835923	471	AC
1	29835985	62	TC
1	29836685	700	CT
1	29838273	1511	AG
1	29838297	24	TG
1	29839015	573	GA
1	29839138	123	GT
1	29840660	1051	GA
1	29842774	1489	CT
1	29844058	536	AG
1	29845203	1145	TG
1	29845443	240	CG
1	29846340	897	TC
1	29846903	563	TC
1	29849793	1403	AG
1	29850194	401	CA
1	29864963	8724	AG
1	29873244	6303	CT
1	29873345	101	CG
1	29878132	3337	TC
1	29880223	2046	CT
1	29880645	422	CT
1	29882478	600	AG
1	29882643	165	GA
1	29884402	1732	CT
1	29885767	1201	AG
1	29909961	17129	TC
1	29910825	785	TC
1	29913034	1467	GA
1	29913838	804	GA
1	29915478	1640	CT
1	29916927	868	TC
1	29917839	839	AG
1	29918427	316	GA
1	29918501	74	CT
1	29918542	41	GA
1	29920174	1531	CT
1	29924339	3165	TC
1	29924658	319	CT
1	29928744	2283	GC
1	29931127	624	GA
1	29931436	309	AC
1	29932475	1039	AG
1	29932635	160	CT
1	29933214	430	CT
1	29933272	58	TC
1	29935096	1824	GA
1	29936425	989	TG
1	29936802	377	TC
1	29936825	23	TC
1	29938062	1237	TC
1	29942386	1550	AG
1	29942750	278	TC
1	29942795	45	CT
1	29943664	869	AG
1	29944288	573	AG
1	29944500	212	CG
1	29945112	589	CT
1	29945932	820	CT
1	29948183	2152	CA
1	29949447	1264	TG
1	29949631	184	CT
1	29949681	50	CT
1	29954837	4967	AG
1	29955377	465	CT
1	29955672	295	TC
1	29959948	3767	TC
1	29960521	545	GA
1	29961675	1154	AG
1	29965193	3365	GC
1	29974006	8454	TC
1	29974575	569	TC
1	29975474	875	TC
1	29977520	2046	TA
1	29978805	1007	CT
1	29978933	128	GA
1	29980978	1874	TC
1	29986495	5186	CG
1	29987096	601	GA
1	29996845	8769	AG
1	29997790	945	CG
1	29999482	1362	GA
1	30001864	1864	AG
1	30005986	3544	CT
1	30006350	364	TC
1	30009493	2594	CT
1	30010332	607	CT
1	30010768	436	GC
1	30013579	2666	TC
1	30015209	1242	TC
1	30016176	843	GA
1	30016187	11	TC
1	30016527	340	TC
1	30016540	13	AG
1	30016621	81	GA
1	30016646	25	GA
1	30016683	37	CT
1	30016864	181	GA
1	30016877	13	AC
1	30017234	357	TA
1	30017448	214	GA
1	30017470	22	AG
1	30017556	86	TC
1	30017826	270	GT
1	30018127	301	AC
1	30018216	89	CT
1	30019245	771	TC
1	30019256	11	TC
1	30019277	21	GA
1	30019769	51	GA
1	30019811	42	AG
1	30019909	98	GA
1	30019970	61	GA
1	30020197	227	AG
1	30020233	36	CT
1	30020391	158	TC
1	30020737	267	GA
1	30020803	66	GA
1	30020957	154	TG
1	30021675	718	GA
1	30021727	52	CT
1	30022217	490	TC
1	30022475	258	AG
1	30023877	1138	CT
1	30024624	715	TC
1	30025699	708	CT
1	30025783	84	CT
1	30026083	300	AG
1	30026560	477	TC
1	30027477	455	AG
1	30027688	211	CT
1	30028012	324	CT
1	30028146	134	AG
1	30029327	756	GA
1	30029386	59	AG
1	30029438	52	TC
1	30029600	162	AT
1	30029714	114	GA
1	30030012	298	GA
1	30030107	95	AG
1	30030114	7	AG
1	30030149	35	CT
1	30030774	625	CT
1	30030777	3	AT
1	30037606	4923	AT
1	30048170	10088	CA
1	30052428	4239	CA
1	30052694	266	CG
1	30054500	1337	CT
1	30055759	613	CG
1	30058685	1459	AG
1	30060247	1489	CT
1	30060328	81	AG
1	30060351	23	AG
1	30060369	18	CT
1	30061115	746	CT
1	30062610	984	TC
1	30063010	330	CG
1	30063026	16	GA
1	30063027	1	TC
1	30063048	21	CT
1	30065339	2109	CT
1	30065527	188	TC
1	30065628	101	CT
1	30068349	2561	AG
1	30070152	1450	CT
1	30070428	276	TC
1	30070615	187	AG
1	30123681	44126	TG
1	30125603	1833	AT
1	30144177	15840	CT
1	30149969	5317	GT
1	30160093	8765	AG
1	30174336	12209	CT
1	30180060	5215	GA
1	30180219	159	CT
1	30181186	967	GA
1	30193543	9293	AG
1	30197038	3414	AG
1	30197086	48	AG
1	30197545	459	CT
1	30198266	182	CT
1	30200189	1870	AG
1	30218599	15829	GC
1	30219022	372	AG
1	30220462	1344	TC
1	30221830	1368	AG
1	30222070	240	CT
1	30222337	88	AG
1	30222727	390	CA
1	30228798	5641	GA
1	30229206	302	GA
1	30230462	900	AC
1	32291426	1448563	AG
1	34441440	1397198	TC
1	34442769	1032	GA
1	34443133	364	CT
1	34443197	64	AG
1	34443199	2	AG
1	34443389	83	AG
1	34443392	3	AG
1	34443437	45	CA
1	34443440	3	GA
1	34443460	20	GT
1	34444410	911	GC
1	34449403	3837	CT
1	34449439	36	AT
1	34449596	157	TC
1	34450699	333	AG
1	34451133	434	AG
1	34453042	912	GC
1	34453120	78	AG
1	34453491	271	TC
1	34453902	411	GA
1	34454099	197	GA
1	34454202	103	AT
1	34454259	57	CG
1	34455200	345	TC
1	34455274	74	TC
1	34456401	226	TC
1	34456522	121	TC
1	34456648	126	AG
1	34456800	152	CG
1	34457576	776	TA
1	34457613	37	TG
1	34457672	59	TG
1	34457675	3	TC
1	34458510	749	AG
1	34459017	479	GT
1	34459029	12	TC
1	34459033	4	GA
1	34459560	135	CT
1	34459573	13	CA
1	34460046	235	TC
1	34460250	204	GA
1	34460614	246	CT
1	34461323	351	AG
1	34461748	425	GT
1	34462109	118	GA
1	34462583	474	CT
1	34462605	22	GC
1	34463687	1082	AC
1	34466143	234	AG
1	34468853	233	TC
1	34470669	448	TC
1	34470733	27	AG
1	34470793	60	GC
1	34471266	473	AG
1	34471283	17	CT
1	34471307	24	AT
1	34471530	223	AT
1	34471701	171	AC
1	34471992	291	GA
1	34472115	123	TC
1	34472456	341	CA
1	34472940	357	CT
1	34473126	186	TC
1	34473341	215	TC
1	34473800	459	CT
1	34474218	418	AG
1	34474397	126	GA
1	34475293	613	CT
1	34476314	736	GA
1	34476364	50	GA
1	34478104	1309	CA
1	34480330	1618	TA
1	34481156	476	GT
1	34482877	1210	AG
1	34492018	3653	GC
1	34493113	1006	TA
1	34493416	303	GA
1	34495119	1135	CG
1	34497676	1730	TA
1	34499246	1199	CT
1	34499320	74	TC
1	34499353	33	GA
1	34499502	149	CT
1	34499565	63	GA
1	34499704	139	CT
1	34499761	57	GA
1	34500180	419	GA
1	34500227	47	AG
1	34500552	325	GA
1	34500588	36	GA
1	34500594	6	GA
1	34500604	10	GA
1	34500976	372	TC
1	34501055	79	CA
1	34501406	351	TC
1	34501440	34	AC
1	34502361	338	GC
1	34502374	13	CT
1	34502449	75	AG
1	34502900	184	TA
1	34502965	65	AG
1	34503008	43	GA
1	34503672	131	TC
1	34503695	23	CT
1	34503887	153	CA
1	34503890	3	CT
1	34503991	101	CT
1	34504029	38	CT
1	34504065	36	CA
1	34504066	1	AG
1	34504402	289	AC
1	34504432	30	GA
1	34504445	13	CT
1	34505495	969	CT
1	34505782	287	CA
1	34506067	285	GA
1	34507662	1281	AG
1	34508090	105	GA
1	34508173	83	GA
1	34508639	466	AG
1	34508729	90	TC
1	34508740	11	TG
1	34509114	374	TC
1	34509492	97	GA
1	34509595	103	CT
1	34510194	599	CT
1	34510717	523	GT
1	34510841	124	TA
1	34510913	72	GT
1	34511151	238	TC
1	34511609	458	CA
1	34512087	478	TC
1	34512088	1	GA
1	34512192	104	AG
1	34512322	130	AG
1	34512343	21	AG
1	34512368	25	GT
1	34512610	242	TC
1	34513025	415	GA
1	34513804	779	CA
1	34514657	853	GA
1	34515252	595	GA
1	34515947	616	AG
1	34518726	1444	CT
1	34521698	2068	AG
1	34526064	1305	TG
1	34526566	301	AG
1	34526628	62	CG
1	34529695	2726	TC
1	34531479	379	CT
1	34532798	208	GA
1	34533844	1046	CA
1	34535111	1153	CT
1	34535116	5	CG
1	34536968	1144	TC
1	34538561	1289	TC
1	34539946	914	CA
1	34540035	89	CT
1	34557610	14207	CT
1	34664466	80708	GA
1	34664481	15	CT
1	34664608	127	CT
1	34664638	30	CT
1	34665361	556	GA
1	34665465	104	CT
1	34665470	5	GA
1	34665569	99	TC
1	34665988	419	CT
1	34665990	2	AC
1	34666212	222	GA
1	34666360	148	AG
1	34666545	185	TC
1	34666617	72	GA
1	34666671	54	CG
1	34666905	234	CT
1	34667211	146	TC
1	34672973	3469	CT
1	34673262	289	TC
1	34673683	198	GA
1	34673746	63	CT
1	34674571	554	TA
1	34674585	14	TA
1	34677644	2267	AC
1	34677848	204	CT
1	34682435	3478	GC
1	34682689	254	TC
1	34682710	21	TC
1	34682783	73	AG
1	34683042	259	AG
1	34683097	55	GC
1	34683227	130	AG
1	34683256	29	AG
1	34683347	91	CT
1	34683530	183	TC
1	34684964	974	AG
1	34687789	1228	AT
1	34687963	174	AG
1	34689138	475	AG
1	34689613	394	TC
1	34691225	861	AT
1	34692223	289	CT
1	34692411	188	GT
1	34692476	65	CT
1	34692491	15	AG
1	34692703	212	AG
1	34693090	387	AG
1	34693134	44	CT
1	34693137	3	GA
1	34693606	373	CT
1	34693861	255	GA
1	34693906	45	GA
1	34695802	291	TC
1	34696116	275	TC
1	34696236	120	AG
1	34696566	330	CT
1	34696700	134	AG
1	34696711	11	TG
1	34696732	21	GA
1	34697436	704	AG
1	34697937	389	GC
1	34698374	79	TA
1	34698376	2	AC
1	34698774	398	AG
1	34698868	94	CT
1	34698942	74	TC
1	34700796	494	TC
1	34700861	65	AG
1	34701391	503	AG
1	34701496	105	AG
1	34701497	1	GA
1	34702124	547	AC
1	34702147	23	AG
1	34702297	113	GA
1	34702504	207	AG
1	34703205	701	GA
1	34703410	130	CA
1	34704455	468	TC
1	34704478	23	GT
1	34707199	1910	GA
1	34708512	1083	GA
1	34709455	943	AC
1	34710049	594	GC
1	34710064	15	GA
1	34710418	354	CT
1	34710473	55	TC
1	34710700	227	GA
1	34710911	211	TC
1	34712310	1257	TC
1	34715076	2008	GA
1	34715234	158	CA
1	34715252	18	AG
1	34715319	67	GA
1	34715486	167	GC
1	34715837	176	AG
1	34715844	7	AC
1	34715857	13	GA
1	34715946	89	TA
1	34716095	149	GC
1	34716115	20	CT
1	34716159	44	CT
1	34716248	89	TG
1	34716255	7	TC
1	34716271	16	TA
1	34716465	25	AG
1	34716557	68	AG
1	34716738	181	GA
1	34716812	74	AG
1	34717015	109	AG
1	34717101	86	GC
1	34717212	111	GA
1	34717390	178	TC
1	34717481	91	GC
1	34717567	86	TC
1	34718178	412	TC
1	34718533	330	TC
1	34718554	21	GA
1	34718566	12	GA
1	34718570	4	TC
1	34718607	37	GA
1	34718625	18	GA
1	34718863	238	AG
1	34719813	950	GA
1	34719922	109	TC
1	34719925	3	TC
1	34721648	1113	GA
1	34721819	171	CA
1	34722504	649	CT
1	34723844	1340	CT
1	34724203	326	CT
1	34725686	1483	CG
1	34725971	285	TC
1	34726094	123	GA
1	34727187	597	CA
1	34727345	158	TC
1	34727401	56	AT
1	34727533	56	GT
1	34727545	12	TG
1	34727546	1	GA
1	34727935	389	AG
1	34728358	423	CA
1	34728675	317	TG
1	34729004	189	AG
1	34729053	49	GC
1	34729321	268	GC
1	34730363	895	TC
1	34730676	313	CT
1	34730686	10	CT
1	34730797	111	AG
1	34731553	535	TC
1	34731555	2	CT
1	34732579	349	TC
1	34733513	515	CT
1	34734927	1142	GC
1	34737904	2114	AG
1	34737936	32	GA
1	34738354	389	AG
1	34742408	2717	GA
1	34744332	1862	GA
1	34744367	35	TC
1	34744378	11	TC
1	34744685	307	GA
1	34744886	201	CT
1	34745100	214	TC
1	34745261	161	TC
1	34748446	2389	AG
1	34749371	925	CT
1	34750009	592	GA
1	34750037	28	CT
1	34750104	67	GA
1	34750236	132	GA
1	34750266	30	CT
1	34751282	923	AG
1	34751381	99	GA
1	34751572	191	CG
1	34751744	172	CT
1	34753374	837	CT
1	34753887	478	CT
1	34754085	198	TC
1	34754302	217	TC
1	34754456	154	TC
1	34754533	77	CT
1	34754540	7	GA
1	34754576	36	TC
1	34755062	486	CT
1	34755063	1	GC
1	34755076	13	AG
1	34755083	7	AG
1	34755116	33	CA
1	34755283	167	TC
1	34755285	2	GA
1	34755386	101	CT
1	34755463	77	GA
1	34755589	126	CG
1	34757646	1557	TA
1	34759027	1080	AG
1	34759058	31	TG
1	34759115	57	CA
1	34760217	747	GA
1	34760339	122	TC
1	34760776	399	AT
1	34760819	43	GA
1	34761823	829	TC
1	34762631	643	AG
1	34763323	673	GA
1	34764222	899	GA
1	34767802	3059	GC
1	34769074	1272	AG
1	34769123	49	TC
1	34769448	325	AT
1	34770211	632	CT
1	34770261	50	AG
1	34770328	67	CT
1	34770470	142	GT
1	34770576	106	AG
1	34770658	82	GC
1	34770823	165	CT
1	34770876	53	TC
1	34771122	246	TC
1	34771170	48	AG
1	34771210	40	CT
1	34771360	150	AG
1	34771409	49	CT
1	34771833	424	GA
1	34771858	25	CT
1	34772181	323	GC
1	34772860	428	CT
1	34773410	550	AG
1	34774510	1037	GA
1	34775183	381	GA
1	34776226	1043	AG
1	34776435	209	AG
1	34776967	410	GA
1	34777074	54	GC
1	34777117	43	TC
1	34777809	189	GC
1	34778046	237	CA
1	34778120	74	GA
1	34778128	8	AG
1	34778181	53	GA
1	34778276	95	TC
1	34778299	23	GA
1	34778387	88	GA
1	34778550	163	CT
1	34778742	192	CG
1	34778936	194	TC
1	34779184	248	AG
1	34779436	252	AG
1	34780796	853	GT
1	34780805	9	GA
1	34780881	76	GA
1	34780928	47	CT
1	34781019	91	TC
1	34781093	74	AT
1	34781108	15	AG
1	34781184	76	TG
1	34781509	325	CT
1	34782453	944	AC
1	34783079	160	AG
1	34784145	812	GA
1	34784186	41	TC
1	34786833	1536	CG
1	34786911	78	GA
1	34786986	75	GA
1	34788184	492	TC
1	34788293	109	GC
1	34788701	276	TC
1	34788769	68	GA
1	34789705	401	AG
1	34789974	269	GT
1	34790138	164	AG
1	34790297	159	TC
1	34790411	114	CA
1	34790420	9	GA
1	34790716	91	CT
1	34790764	48	GA
1	34791144	318	GA
1	34791179	35	CG
1	34791249	70	AG
1	34791273	24	TC
1	34791617	157	CT
1	34791742	125	CT
1	34791817	75	TC
1	34791876	59	TC
1	34791903	27	GA
1	34792563	120	AC
1	34792578	15	CT
1	34792690	88	CG
1	34792938	248	CT
1	34794434	556	AG
1	34795014	469	GC
1	34796082	1068	CT
1	34796091	9	AG
1	34796310	219	CT
1	34796386	76	CT
1	34796413	27	TC
1	34796876	463	GT
1	34797965	783	AG
1	34797995	30	GA
1	34799708	1544	AG
1	34800962	1193	AG
1	34801252	290	GT
1	34801844	592	CA
1	34802210	324	GA
1	34802222	12	CT
1	34802887	328	TC
1	34802948	61	CG
1	34803105	157	CT
1	34803226	121	AG
1	34804247	932	GA
1	34804481	234	AG
1	34804768	287	GA
1	34804847	79	CT
1	34805064	217	TC
1	34806605	1541	CG
1	34806642	37	AC
1	34806817	175	TC
1	34806987	84	CT
1	34807035	48	CT
1	34807042	7	AC
1	34807045	3	GA
1	34807919	551	CT
1	34808153	234	GC
1	34808419	266	GT
1	34808460	41	AG
1	34808876	416	TA
1	34809171	295	AG
1	34809195	24	AG
1	34809307	112	CT
1	34810397	1090	CT
1	34810929	532	CT
1	34811284	355	TC
1	34812322	898	AG
1	34813303	981	CA
1	34819631	3020	CT
1	34819894	263	TA
1	34820357	463	AC
1	34820855	498	AT
1	34820928	73	CT
1	34821696	641	CA
1	34822087	391	CT
1	34823491	1287	GA
1	34823735	244	GA
1	34823899	164	CA
1	34824736	700	CA
1	34824968	232	CT
1	34825301	333	TC
1	34827405	1526	CT
1	34827557	152	GC
1	34830829	2540	GT
1	34830834	5	TC
1	34830841	7	AG
1	34830927	86	GA
1	34830968	41	CT
1	34830973	5	TA
1	34831003	30	AG
1	34831240	237	GA
1	34831259	19	AG
1	34831287	28	AG
1	34831288	1	CT
1	34831306	18	AC
1	34831406	100	AG
1	34831452	46	TC
1	34831689	237	GA
1	34833504	764	CG
1	34834551	971	AG
1	34837205	1799	TC
1	34837761	336	TC
1	34839747	1312	GA
1	34839860	113	GT
1	34840277	417	GA
1	34840434	157	AG
1	34841064	48	AG
1	34842557	1331	CT
1	34842566	9	GA
1	34842583	17	CT
1	34842600	17	CT
1	34842732	132	TC
1	34842936	204	GC
1	34843197	166	GA
1	34843333	136	AC
1	34843703	370	CT
1	34843760	57	TC
1	34843788	28	CT
1	34844188	400	CT
1	34844333	145	GA
1	34844340	7	GA
1	34844420	80	CT
1	34844607	187	TC
1	34845238	224	TC
1	34845725	487	CA
1	34845927	202	AG
1	34846140	213	CT
1	34846144	4	TC
1	34846231	87	AC
1	34846248	17	CT
1	34846403	155	TC
1	34846791	52	GA
1	34846805	14	GA
1	34846902	97	TC
1	34847001	99	CG
1	34847002	1	CT
1	34847089	87	CT
1	34847225	136	CA
1	34847229	4	TC
1	34847368	139	CT
1	34847435	67	CA
1	34849202	1738	TC
1	34852408	2326	AC
1	34856160	2859	TA
1	34857397	973	CT
1	34858370	719	TC
1	34867345	5977	CT
1	34868800	555	AG
1	34869541	487	TC
1	34869572	31	TC
1	34869748	149	AG
1	34869883	135	CT
1	34870891	1008	GA
1	34870968	77	AG
1	34871003	35	GA
1	34871063	60	GA
1	34871088	25	AG
1	34871211	123	TC
1	34871524	313	AT
1	34872848	484	CT
1	34873061	213	AG
1	34873122	61	GA
1	34873636	148	TC
1	34874401	703	AG
1	34874777	376	TC
1	34874797	20	GC
1	34884213	4975	CG
1	34884615	314	CT
1	34884626	11	CT
1	34885087	461	GC
1	34885285	198	AG
1	34885322	37	GC
1	34885335	13	AT
1	34885393	58	TC
1	34885636	243	AG
1	34885651	15	CT
1	34885874	223	CT
1	34885948	74	TC
1	34885981	33	CT
1	34886009	28	TC
1	34886179	170	AG
1	34886725	271	AG
1	34886735	10	AT
1	34886759	24	TC
1	34886767	8	GA
1	34886890	123	AG
1	34886933	43	TG
1	34886937	4	AG
1	34886976	39	GC
1	34886983	7	GC
1	34886994	11	GA
1	34887072	78	TA
1	34887078	6	AG
1	34887085	7	TA
1	34887086	1	AG
1	34887140	54	GA
1	34887181	41	GC
1	34887193	12	GA
1	34887201	8	GA
1	34887259	58	AG
1	34887305	46	AG
1	34887410	105	GA
1	34887433	23	CT
1	34887450	17	AG
1	34887452	2	GT
1	34887514	62	TC
1	34887721	207	GA
1	34888023	226	GA
1	34889393	827	TC
1	34889399	6	CT
1	34890387	374	CG
1	34890753	366	GA
1	34890797	44	CT
1	34890929	132	CT
1	34891143	214	GA
1	34891254	111	CT
1	34891634	380	CT
1	34892580	883	AG
1	34892877	179	AG
1	34892894	17	TC
1	34893035	141	CT
1	34897982	3587	CA
1	34900249	1074	TC
1	34901996	1075	TC
1	34902150	154	GA
1	34920053	12196	TC
1	34921446	754	TC
1	34923185	1739	TC
1	34923633	448	AG
1	34924423	655	GA
1	34929304	1359	TC
1	34930063	672	GA
1	34930308	245	AG
1	34932643	1769	GA
1	34932754	111	CT
1	34933991	899	GA
1	34935818	1631	AG
1	34937459	1272	AG
1	34940578	2083	AG
1	34942721	1879	TC
1	34944895	700	AT
1	34945095	200	AG
1	34946198	1064	AG
1	34946321	123	TC
1	34951117	3792	TC
1	34961598	3665	TC
1	34961668	70	AG
1	34964172	1518	GT
1	34965017	91	CT
1	34965066	49	GA
1	34965073	7	AG
1	34965296	223	GA
1	34965382	86	GT
1	34965390	8	TA
1	34965483	93	TC
1	34965573	90	CT
1	34965635	62	CT
1	34965637	2	TC
1	34966266	249	GA
1	34968321	921	AG
1	34984017	11143	TC
1	34984089	72	TC
1	34984118	29	AC
1	34984130	12	AG
1	34984414	284	GA
1	34986361	1287	CT
1	34986391	30	TC
1	34997329	3641	TC
1	34997404	75	GA
1	34997521	117	GA
1	35637190	637190	TA
1	35638252	975	GA
1	35638602	318	CG
1	35641625	1120	CT
1	35641845	173	GA
1	35641922	77	CG
1	35642913	649	TC
1	35643130	217	GA
1	35643201	71	AC
1	35644650	862	AT
1	35645157	71	TC
1	35645330	173	GA
1	35645331	1	TC
1	35645587	256	AG
1	35645643	56	CG
1	35645997	354	TC
1	35646231	234	GA
1	35646308	77	GA
1	35646698	223	TC
1	35646699	1	GA
1	35646796	97	GA
1	35648144	577	TC
1	35648717	538	CT
1	35649881	510	TC
1	35650095	214	GC
1	35650101	6	AG
1	35650225	124	AG
1	35650231	6	TC
1	35650250	19	CT
1	35650253	3	TC
1	35650438	130	AG
1	35650490	52	GC
1	35650545	55	AC
1	35650548	3	GC
1	35650550	2	AG
1	35650570	20	GA
1	35650579	9	CG
1	35650583	4	CA
1	35650584	1	AG
1	35650705	121	CG
1	35650706	1	TG
1	35650798	92	AG
1	35650866	68	GA
1	35650933	67	GC
1	35650962	29	GA
1	35651168	206	GA
1	35651798	630	AG
1	35651818	20	TC
1	35652008	115	CT
1	35652208	200	AG
1	35652231	23	AG
1	35652264	33	CA
1	35652401	25	CT
1	35652429	28	GA
1	35653109	680	CT
1	35653188	79	TG
1	35653212	24	CT
1	35653233	21	AC
1	35654541	1308	GA
1	35654600	59	CT
1	35655002	402	GT
1	35655537	535	CT
1	35655912	375	CT
1	35656159	247	CT
1	35656339	180	GT
1	35656374	35	GA
1	35656386	12	CT
1	35656705	319	CT
1	35657405	700	AG
1	35657525	120	GA
1	35657567	42	CT
1	35657765	198	TG
1	35657863	98	AG
1	35658007	144	CA
1	35658286	279	CA
1	35658425	139	GA
1	35660006	1022	GA
1	35660025	19	AG
1	35660132	107	TC
1	35660151	19	TC
1	35660230	79	CT
1	35660260	30	CT
1	35660362	102	GA
1	35660390	28	CG
1	35660391	1	AG
1	35660419	28	TC
1	35660486	67	AC
1	35660521	35	TC
1	35660734	213	CT
1	35660924	190	GT
1	35661386	209	CT
1	35661398	12	CT
1	35661654	214	GA
1	35661839	185	AG
1	35662009	170	GA
1	35662113	104	TC
1	35662137	24	GA
1	35662503	287	AC
1	35662688	185	AG
1	35662751	63	TC
1	35663617	522	AC
1	35663823	206	AG
1	35663980	157	AG
1	35664603	242	CT
1	35664795	192	TC
1	35664877	82	GA
1	35665021	144	GC
1	35665036	15	TC
1	35665094	58	CT
1	35665132	38	GA
1	35665942	810	AG
1	35666144	202	AG
1	35666827	683	AG
1	35667083	256	TC
1	35667242	159	AG
1	35667246	4	CT
1	35667260	14	CT
1	35667385	125	AG
1	35667414	29	TC
1	35667540	126	AG
1	35668388	715	TC
1	35668466	78	CT
1	35668487	21	CA
1	35668669	182	TA
1	35668841	172	TG
1	40001864	1864	AG
1	40005986	3544	CT
1	40006350	364	TC
1	40009493	2594	CT
1	40010332	607	CT
1	40010768	436	GC
1	40013579	2666	TC
1	40015209	1242	TC
1	40016176	843	GA
1	40016187	11	TC
1	40016527	340	TC
1	40016540	13	AG
1	40016621	81	GA
1	40016646	25	GA
1	40016683	37	CT
1	40016864	181	GA
1	40016877	13	AC
1	40017234	357	TA
1	40017448	214	GA
1	40017470	22	AG
1	40017556	86	TC
1	40017826	270	GT
1	40018127	301	AC
1	40018216	89	CT
1	40019245	771	TC
1	40019256	11	TC
1	40019277	21	GA
1	40019769	51	GA
1	40019811	42	AG
1	40019909	98	GA
1	40019970	61	GA
1	40020197	227	AG
1	40020233	36	CT
1	40020391	158	TC
1	40020737	267	GA
1	40020803	66	GA
1	40020957	154	TG
1	40021675	718	GA
1	40021727	52	CT
1	40022217	490	TC
1	40022475	258	AG
1	40023877	1138	CT
1	40024624	715	TC
1	40025699	708	CT
1	40025783	84	CT
1	40026083	300	AG
1	40026560	477	TC
1	40027477	455	AG
1	40027688	211	CT
1	40028012	324	CT
1	40028146	134	AG
1	40029327	756	GA
1	40029386	59	AG
1	40029438	52	TC
1	40029600	162	AT
1	40029714	114	GA
1	40030012	298	GA
1	40030107	95	AG
1	40030114	7	AG
1	40030149	35	CT
1	40030774	625	CT
1	40030777	3	AT
1	40037606	4923	AT
1	40048170	10088	CA
1	40052428	4239	CA
1	40052694	266	CG
1	40054500	1337	CT
1	40055759	613	CG
1	40058685	1459	AG
1	40060247	1489	CT
1	40060328	81	AG
1	40060351	23	AG
1	40060369	18	CT
1	40061115	746	CT
1	40062610	984	TC
1	40063010	330	CG
1	40063026	16	GA
1	40063027	1	TC
1	40063048	21	CT
1	40065339	2109	CT
1	40065527	188	TC
1	40065628	101	CT
1	40068349	2561	AG
1	40070152	1450	CT
1	40070428	276	TC
1	40070615	187	AG
1	40123681	44126	TG
1	40125603	1833	AT
1	40144177	15840	CT
1	40149969	5317	GT
1	40160093	8765	AG
1	40174336	12209	CT
1	40180060	5215	GA
1	40180219	159	CT
1	40181186	967	GA
1	40193543	9293	AG
1	40197038	3414	AG
1	40197086	48	AG
1	40197545	459	CT
1	40198266	182	CT
1	40200189	1870	AG
1	40218599	15829	GC
1	40219022	372	AG
1	40220462	1344	TC
1	40221830	1368	AG
1	40222070	240	CT
1	40222337	88	AG
1	40222727	390	CA
1	40228798	5641	GA
1	40229206	302	GA
1	40230462	900	AC
1	42291426	1448563	AG
1	44441440	1397198	TC
1	44442769	1032	GA
1	44443133	364	CT
1	44443197	64	AG
1	44443199	2	AG
1	44443389	83	AG
1	44443392	3	AG
1	44443437	45	CA
1	44443440	3	GA
1	44443460	20	GT
1	44444410	911	GC
1	44449403	3837	CT
1	44449439	36	AT
1	44449596	157	TC
1	44450699	333	AG
1	44451133	434	AG
1	44453042	912	GC
1	44453120	78	AG
1	44453491	271	TC
1	44453902	411	GA
1	44454099	197	GA
1	44454202	103	AT
1	44454259	57	CG
1	44455200	345	TC
1	44455274	74	TC
1	44456401	226	TC
1	44456522	121	TC
1	44456648	126	AG
1	44456800	152	CG
1	44457576	776	TA
1	44457613	37	TG
1	44457672	59	TG
1	44457675	3	TC
1	44458510	749	AG
1	44459017	479	GT
1	44459029	12	TC
1	44459033	4	GA
1	44459560	135	CT
1	44459573	13	CA
1	44460046	235	TC
1	44460250	204	GA
1	44460614	246	CT
1	44461323	351	AG
1	44461748	425	GT
1	44462109	118	GA
1	44462583	474	CT
1	44462605	22	GC
1	44463687	1082	AC
1	44466143	234	AG
1	44468853	233	TC
1	44470669	448	TC
1	44470733	27	AG
1	44470793	60	GC
1	44471266	473	AG
1	44471283	17	CT
1	44471307	24	AT
1	44471530	223	AT
1	44471701	171	AC
1	44471992	291	GA
1	44472115	123	TC
1	44472456	341	CA
1	44472940	357	CT
1	44473126	186	TC
1	44473341	215	TC
1	44473800	459	CT
1	44474218	418	AG
1	44474397	126	GA
1	44475293	613	CT
1	44476314	736	GA
1	44476364	50	GA
1	44478104	1309	CA
1	44480330	1618	TA
1	44481156	476	GT
1	44482877	1210	AG
1	44492018	3653	GC
1	44493113	1006	TA
1	44493416	303	GA
1	44495119	1135	CG
1	44497676	1730	TA
1	44499246	1199	CT
1	44499320	74	TC
1	44499353	33	GA
1	44499502	149	CT
1	44499565	63	GA
1	44499704	139	CT
1	44499761	57	GA
1	44500180	419	GA
1	44500227	47	AG
1	44500552	325	GA
1	44500588	36	GA
1	44500594	6	GA
1	44500604	10	GA
1	44500976	372	TC
1	44501055	79	CA
1	44501406	351	TC
1	44501440	34	AC
1	44502361	338	GC
1	44502374	13	CT
1	44502449	75	AG
1	44502900	184	TA
1	44502965	65	AG
1	44503008	43	GA
1	44503672	131	TC
1	44503695	23	CT
1	44503887	153	CA
1	44503890	3	CT
1	44503991	101	CT
1	44504029	38	CT
1	44504065	36	CA
1	44504066	1	AG
1	44504402	289	AC
1	44504432	30	GA
1	44504445	13	CT
1	44505495	969	CT
1	44505782	287	CA
1	44506067	285	GA
1	44507662	1281	AG
1	44508090	105	GA
1	44508173	83	GA
1	44508639	466	AG
1	44508729	90	TC
1	44508740	11	TG
1	44509114	374	TC
1	44509492	97	GA
1	44509595	103	CT
1	44510194	599	CT
1	44510717	523	GT
1	44510841	124	TA
1	44510913	72	GT
1	44511151	238	TC
1	44511609	458	CA
1	44512087	478	TC
1	44512088	1	GA
1	44512192	104	AG
1	44512322	130	AG
1	44512343	21	AG
1	44512368	25	GT
1	44512610	242	TC
1	44513025	415	GA
1	44513804	779	CA
1	44514657	853	GA
1	44515252	595	GA
1	44515947	616	AG
1	44518726	1444	CT
1	44521698	2068	AG
1	44526064	1305	TG
1	44526566	301	AG
1	44526628	62	CG
1	44529695	2726	TC
1	44531479	379	CT
1	44532798	208	GA
1	44533844	1046	CA
1	44535111	1153	CT
1	44535116	5	CG
1	44536968	1144	TC
1	44538561	1289	TC
1	44539946	914	CA
1	44540035	89	CT
1	44557610	14207	CT
1	44664466	80708	GA
1	44664481	15	CT
1	44664608	127	CT
1	44664638	30	CT
1	44665361	556	GA
1	44665465	104	CT
1	44665470	5	GA
1	44665569	99	TC
1	44665988	419	CT
1	44665990	2	AC
1	44666212	222	GA
1	44666360	148	AG
1	44666545	185	TC
1	44666617	72	GA
1	44666671	54	CG
1	44666905	234	CT
1	44667211	146	TC
1	44672973	3469	CT
1	44673262	289	TC
1	44673683	198	GA
1	44673746	63	CT
1	44674571	554	TA
1	44674585	14	TA
1	44677644	2267	AC
1	44677848	204	CT
1	44682435	3478	GC
1	44682689	254	TC
1	44682710	21	TC
1	44682783	73	AG
1	44683042	259	AG
1	44683097	55	GC
1	44683227	130	AG
1	44683256	29	AG
1	44683347	91	CT
1	44683530	183	TC
1	44684964	974	AG
1	44687789	1228	AT
1	44687963	174	AG
1	44689138	475	AG
1	44689613	394	TC
1	44691225	861	AT
1	44692223	289	CT
1	44692411	188	GT
1	44692476	65	CT
1	44692491	15	AG
1	44692703	212	AG
1	44693090	387	AG
1	44693134	44	CT
1	44693137	3	GA
1	44693606	373	CT
1	44693861	255	GA
1	44693906	45	GA
1	44695802	291	TC
1	44696116	275	TC
1	44696236	120	AG
1	44696566	330	CT
1	44696700	134	AG
1	44696711	11	TG
1	44696732	21	GA
1	44697436	704	AG
1	44697937	389	GC
1	44698374	79	TA
1	44698376	2	AC
1	44698774	398	AG
1	44698868	94	CT
1	44698942	74	TC
1	44700796	494	TC
1	44700861	65	AG
1	44701391	503	AG
1	44701496	105	AG
1	44701497	1	GA
1	44702124	547	AC
1	44702147	23	AG
1	44702297	113	GA
1	44702504	207	AG
1	44703205	701	GA
1	44703410	130	CA
1	44704455	468	TC
1	44704478	23	GT
1	44707199	1910	GA
1	44708512	1083	GA
1	44709455	943	AC
1	44710049	594	GC
1	44710064	15	GA
1	44710418	354	CT
1	44710473	55	TC
1	44710700	227	GA
1	44710911	211	TC
1	44712310	1257	TC
1	44715076	2008	GA
1	44715234	158	CA
1	44715252	18	AG
1	44715319	67	GA
1	44715486	167	GC
1	44715837	176	AG
1	44715844	7	AC
1	44715857	13	GA
1	44715946	89	TA
1	44716095	149	GC
1	44716115	20	CT
1	44716159	44	CT
1	44716248	89	TG
1	44716255	7	TC
1	44716271	16	TA
1	44716465	25	AG
1	44716557	68	AG
1	44716738	181	GA
1	44716812	74	AG
1	44717015	109	AG
1	44717101	86	GC
1	44717212	111	GA
1	44717390	178	TC
1	44717481	91	GC
1	44717567	86	TC
1	44718178	412	TC
1	44718533	330	TC
1	44718554	21	GA
1	44718566	12	GA
1	44718570	4	TC
1	44718607	37	GA
1	44718625	18	GA
1	44718863	238	AG
1	44719813	950	GA
1	44719922	109	TC
1	44719925	3	TC
1	44721648	1113	GA
1	44721819	171	CA
1	44722504	649	CT
1	44723844	1340	CT
1	44724203	326	CT
1	44725686	1483	CG
1	44725971	285	TC
1	44726094	123	GA
1	44727187	597	CA
1	44727345	158	TC
1	44727401	56	AT
1	44727533	56	GT
1	44727545	12	TG
1	44727546	1	GA
1	44727935	389	AG
1	44728358	423	CA
1	44728675	317	TG
1	44729004	189	AG
1	44729053	49	GC
1	44729321	268	GC
1	44730363	895	TC
1	44730676	313	CT
1	44730686	10	CT
1	44730797	111	AG
1	44731553	535	TC
1	44731555	2	CT
1	44732579	349	TC
1	44733513	515	CT
1	44734927	1142	GC
1	44737904	2114	AG
1	44737936	32	GA
1	44738354	389	AG
1	44742408	2717	GA
1	44744332	1862	GA
1	44744367	35	TC
1	44744378	11	TC
1	44744685	307	GA
1	44744886	201	CT
1	44745100	214	TC
1	44745261	161	TC
1	44748446	2389	AG
1	44749371	925	CT
1	44750009	592	GA
1	44750037	28	CT
1	44750104	67	GA
1	44750236	132	GA
1	44750266	30	CT
1	44751282	923	AG
1	44751381	99	GA
1	44751572	191	CG
1	44751744	172	CT
1	44753374	837	CT
1	44753887	478	CT
1	44754085	198	TC
1	44754302	217	TC
1	44754456	154	TC
1	44754533	77	CT
1	44754540	7	GA
1	44754576	36	TC
1	44755062	486	CT
1	44755063	1	GC
1	44755076	13	AG
1	44755083	7	AG
1	44755116	33	CA
1	44755283	167	TC
1	44755285	2	GA
1	44755386	101	CT
1	44755463	77	GA
1	44755589	126	CG
1	44757646	1557	TA
1	44759027	1080	AG
1	44759058	31	TG
1	44759115	57	CA
1	44760217	747	GA
1	44760339	122	TC
1	44760776	399	AT
1	44760819	43	GA
1	44761823	829	TC
1	44762631	643	AG
1	44763323	673	GA
1	44764222	899	GA
1	44767802	3059	GC
1	44769074	1272	AG
1	44769123	49	TC
1	44769448	325	AT
1	44770211	632	CT
1	44770261	50	AG
1	44770328	67	CT
1	44770470	142	GT
1	44770576	106	AG
1	44770658	82	GC
1	44770823	165	CT
1	44770876	53	TC
1	44771122	246	TC
1	44771170	48	AG
1	44771210	40	CT
1	44771360	150	AG
1	44771409	49	CT
1	44771833	424	GA
1	44771858	25	CT
1	44772181	323	GC
1	44772860	428	CT
1	44773410	550	AG
1	44774510	1037	GA
1	44775183	381	GA
1	44776226	1043	AG
1	44776435	209	AG
1	44776967	410	GA
1	44777074	54	GC
1	44777117	43	TC
1	44777809	189	GC
1	44778046	237	CA
1	44778120	74	GA
1	44778128	8	AG
1	44778181	53	GA
1	44778276	95	TC
1	44778299	23	GA
1	44778387	88	GA
1	44778550	163	CT
1	44778742	192	CG
1	44778936	194	TC
1	44779184	248	AG
1	44779436	252	AG
1	44780796	853	GT
1	44780805	9	GA
1	44780881	76	GA
1	44780928	47	CT
1	44781019	91	TC
1	44781093	74	AT
1	44781108	15	AG
1	44781184	76	TG
1	44781509	325	CT
1	44782453	944	AC
1	44783079	160	AG
1	44784145	812	GA
1	44784186	41	TC
1	44786833	1536	CG
1	44786911	78	GA
1	44786986	75	GA
1	44788184	492	TC
1	44788293	109	GC
1	44788701	276	TC
1	44788769	68	GA
1	44789705	401	AG
1	44789974	269	GT
1	44790138	164	AG
1	44790297	159	TC
1	44790411	114	CA
1	44790420	9	GA
1	44790716	91	CT
1	44790764	48	GA
1	44791144	318	GA
1	44791179	35	CG
1	44791249	70	AG
1	44791273	24	TC
1	44791617	157	CT
1	44791742	125	CT
1	44791817	75	TC
1	44791876	59	TC
1	44791903	27	GA
1	44792563	120	AC
1	44792578	15	CT
1	44792690	88	CG
1	44792938	248	CT
1	44794434	556	AG
1	44795014	469	GC
1	44796082	1068	CT
1	44796091	9	AG
1	44796310	219	CT
1	44796386	76	CT
1	44796413	27	TC
1	44796876	463	GT
1	44797965	783	AG
1	44797995	30	GA
1	44799708	1544	AG
1	44800962	1193	AG
1	44801252	290	GT
1	44801844	592	CA
1	44802210	324	GA
1	44802222	12	CT
1	44802887	328	TC
1	44802948	61	CG
1	44803105	157	CT
1	44803226	121	AG
1	44804247	932	GA
1	44804481	234	AG
1	44804768	287	GA
1	44804847	79	CT
1	44805064	217	TC
1	44806605	1541	CG
1	44806642	37	AC
1	44806817	175	TC
1	44806987	84	CT
1	44807035	48	CT
1	44807042	7	AC
1	44807045	3	GA
1	44807919	551	CT
1	44808153	234	GC
1	44808419	266	GT
1	44808460	41	AG
1	44808876	416	TA
1	44809171	295	AG
1	44809195	24	AG
1	44809307	112	CT
1	44810397	1090	CT
1	44810929	532	CT
1	44811284	355	TC
1	44812322	898	AG
1	44813303	981	CA
1	44819631	3020	CT
1	44819894	263	TA
1	44820357	463	AC
1	44820855	498	AT
1	44820928	73	CT
1	44821696	641	CA
1	44822087	391	CT
1	44823491	1287	GA
1	44823735	244	GA
1	44823899	164	CA
1	44824736	700	CA
1	44824968	232	CT
1	44825301	333	TC
1	44827405	1526	CT
1	44827557	152	GC
1	44830829	2540	GT
1	44830834	5	TC
1	44830841	7	AG
1	44830927	86	GA
1	44830968	41	CT
1	44830973	5	TA
1	44831003	30	AG
1	44831240	237	GA
1	44831259	19	AG
1	44831287	28	AG
1	44831288	1	CT
1	44831306	18	AC
1	44831406	100	AG
1	44831452	46	TC
1	44831689	237	GA
1	44833504	764	CG
1	44834551	971	AG
1	44837205	1799	TC
1	44837761	336	TC
1	44839747	1312	GA
1	44839860	113	GT
1	44840277	417	GA
1	44840434	157	AG
1	44841064	48	AG
1	44842557	1331	CT
1	44842566	9	GA
1	44842583	17	CT
1	44842600	17	CT
1	44842732	132	TC
1	44842936	204	GC
1	44843197	166	GA
1	44843333	136	AC
1	44843703	370	CT
1	44843760	57	TC
1	44843788	28	CT
1	44844188	400	CT
1	44844333	145	GA
1	44844340	7	GA
1	44844420	80	CT
1	44844607	187	TC
1	44845238	224	TC
1	44845725	487	CA
1	44845927	202	AG
1	44846140	213	CT
1	44846144	4	TC
1	44846231	87	AC
1	44846248	17	CT
1	44846403	155	TC
1	44846791	52	GA
1	44846805	14	GA
1	44846902	97	TC
1	44847001	99	CG
1	44847002	1	CT
1	44847089	87	CT
1	44847225	136	CA
1	44847229	4	TC
1	44847368	139	CT
1	44847435	67	CA
1	44849202	1738	TC
1	44852408	2326	AC
1	44856160	2859	TA
1	44857397	973	CT
1	44858370	719	TC
1	44867345	5977	CT
1	44868800	555	AG
1	44869541	487	TC
1	44869572	31	TC
1	44869748	149	AG
1	44869883	135	CT
1	44870891	1008	GA
1	44870968	77	AG
1	44871003	35	GA
1	44871063	60	GA
1	44871088	25	AG
1	44871211	123	TC
1	44871524	313	AT
1	44872848	484	CT
1	44873061	213	AG
1	44873122	61	GA
1	44873636	148	TC
1	44874401	703	AG
1	44874777	376	TC
1	44874797	20	GC
1	44884213	4975	CG
1	44884615	314	CT
1	44884626	11	CT
1	44885087	461	GC
1	44885285	198	AG
1	44885322	37	GC
1	44885335	13	AT
1	44885393	58	TC
1	44885636	243	AG
1	44885651	15	CT
1	44885874	223	CT
1	44885948	74	TC
1	44885981	33	CT
1	44886009	28	TC
1	44886179	170	AG
1	44886725	271	AG
1	44886735	10	AT
1	44886759	24	TC
1	44886767	8	GA
1	44886890	123	AG
1	44886933	43	TG
1	44886937	4	AG
1	44886976	39	GC
1	44886983	7	GC
1	44886994	11	GA
1	44887072	78	TA
1	44887078	6	AG
1	44887085	7	TA
1	44887086	1	AG
1	44887140	54	GA
1	44887181	41	GC
1	44887193	12	GA
1	44887201	8	GA
1	44887259	58	AG
1	44887305	46	AG
1	44887410	105	GA
1	44887433	23	CT
1	44887450	17	AG
1	44887452	2	GT
1	44887514	62	TC
1	44887721	207	GA
1	44888023	226	GA
1	44889393	827	TC
1	44889399	6	CT
1	44890387	374	CG
1	44890753	366	GA
1	44890797	44	CT
1	44890929	132	CT
1	44891143	214	GA
1	44891254	111	CT
1	44891634	380	CT
1	44892580	883	AG
1	44892877	179	AG
1	44892894	17	TC
1	44893035	141	CT
1	44897982	3587	CA
1	44900249	1074	TC
1	44901996	1075	TC
1	44902150	154	GA
1	44920053	12196	TC
1	44921446	754	TC
1	44923185	1739	TC
1	44923633	448	AG
1	44924423	655	GA
1	44929304	1359	TC
1	44930063	672	GA
1	44930308	245	AG
1	44932643	1769	GA
1	44932754	111	CT
1	44933991	899	GA
1	44935818	1631	AG
1	44937459	1272	AG
1	44940578	2083	AG
1	44942721	1879	TC
1	44944895	700	AT
1	44945095	200	AG
1	44946198	1064	AG
1	44946321	123	TC
1	44951117	3792	TC
1	44961598	3665	TC
1	44961668	70	AG
1	44964172	1518	GT
1	44965017	91	CT
1	44965066	49	GA
1	44965073	7	AG
1	44965296	223	GA
1	44965382	86	GT
1	44965390	8	TA
1	44965483	93	TC
1	44965573	90	CT
1	44965635	62	CT
1	44965637	2	TC
1	44966266	249	GA
1	44968321	921	AG
1	44984017	11143	TC
1	44984089	72	TC
1	44984118	29	AC
1	44984130	12	AG
1	44984414	284	GA
1	44986361	1287	CT
1	44986391	30	TC
1	44997329	3641	TC
1	44997404	75	GA
1	44997521	117	GA
1	45029997	29997	GA
1	45079262	35034	TG
1	45079296	34	TC
1	45079963	667	AG
1	45080619	656	AG
1	45080723	104	CT
1	45080783	60	TC
1	45080805	22	AG
1	45080990	185	GC
1	45081024	34	TC
1	45081664	448	CT
1	45081869	205	TC
1	45081917	48	AG
1	45082230	166	AG
1	45082328	98	AG
1	45082698	329	GA
1	45083058	360	TG
1	45083230	172	CT
1	45083231	1	AG
1	45083904	188	AG
1	45084836	567	GA
1	45084855	19	AG
1	45085186	331	TA
1	45085714	129	CA
1	45085769	55	CT
1	45087120	401	GA
1	45087267	147	CG
1	45087269	2	AG
1	45087324	55	GT
1	45087390	66	CT
1	45087617	227	TC
1	45087645	28	AC
1	45087646	1	GA
1	45087683	37	CT
1	45087852	169	GA
1	45087871	19	TC
1	45088166	251	GT
1	45088172	6	GA
1	45088276	104	GA
1	45088382	106	GA
1	45088384	2	CT
1	45088471	34	TC
1	45088704	233	TC
1	45088777	73	AG
1	45088993	216	TC
1	45089270	277	CA
1	45089323	53	CT
1	45089324	1	AG
1	45089437	113	AC
1	45090023	312	TG
1	45090049	26	AG
1	45090056	7	TG
1	45090230	174	AG
1	45090247	17	AC
1	45090263	16	CT
1	45090435	141	AT
1	45090480	45	TG
1	45090483	3	CA
1	45090498	15	GT
1	45090634	136	CT
1	45090704	70	TC
1	45090835	131	TC
1	45091761	496	CT
1	45092070	309	CT
1	45092089	19	TC
1	45092352	263	TC
1	45093160	597	TC
1	45093164	4	CT
1	45093322	158	CT
1	45093807	485	GA
1	45096109	1861	CT
1	45103878	5216	CT
1	45103992	114	TG
1	45105190	1198	GA
1	45106032	797	CT
1	45116256	7332	AG
1	45162124	29810	AC
1	45163189	1032	TG
1	45164378	1189	CT
1	45164451	73	AC
1	45165375	784	CT
1	45166102	530	CT
1	45169024	1582	TC
1	45173102	3796	TC
1	45176110	2215	TG
1	45176638	479	TC
1	45177728	1090	GA
1	45185850	3046	AG
1	45190286	3585	GA
1	45200839	3410	AG
1	45202027	698	AG
1	45202038	11	GA
1	45202384	346	AG
1	45202530	146	CT
1	45202719	189	TG
1	45203175	456	TG
1	45204694	1138	AG
1	45204697	3	AG
1	45205489	792	GC
1	45206350	545	AC
1	45208353	1280	GA
1	45210462	763	GC
1	45210938	402	CG
1	45211239	301	CT
1	45211609	370	TA
1	45211690	81	TG
1	45212345	101	GC
1	45212403	58	GA
1	45212470	67	AC
1	45212631	161	CT
1	45212755	124	AG
1	45213113	358	TG
1	45213371	258	CA
1	45213649	278	GC
1	45213741	92	TC
1	45224768	338	GC
1	45224795	27	TC
1	45225215	420	GT
1	45225245	30	TG
1	45225260	15	CA
1	45225265	5	TC
1	45225277	12	CT
1	45225364	87	CT
1	45225522	158	GA
1	45225548	26	GA
1	45225747	199	GA
1	45226809	681	AG
1	45226942	133	GA
1	45230181	2366	CT
1	45235966	1776	AC
1	45236058	92	GA
1	45237243	638	GA
1	45237389	146	TA
1	45237390	1	AT
1	45237489	99	AT
1	45237759	270	CT
1	45237773	14	TC
1	45238212	439	TC
1	45238328	116	AG
1	45238506	178	TC
1	45243137	1093	GT
1	45243579	185	AC
1	45250810	3976	GC
1	45250847	37	GA
1	45255062	2513	GA
1	45255195	133	GA
1	45257900	1419	AG
1	45257961	61	GT
1	45259550	1048	CG
1	45264595	3635	AG
1	45266204	1380	AC
1	45310418	7786	GC
1	45328865	2382	CT
1	45343587	2617	GA
1	45345145	562	CT
1	45352142	5689	GA
1	45353521	940	AT
1	45354133	612	GA
1	45354439	306	GA
1	45354989	451	TG
1	45355590	530	AG
1	45359616	2771	TA
1	45360379	622	CT
1	45360480	101	GC
1	45361135	163	AG
1	45361155	20	GA
1	45361250	95	TC
1	45361275	25	AG
1	45361338	63	GT
1	45362018	251	AC
1	45362095	77	AG
1	45365182	1892	TG
1	45365240	58	TG
1	45365342	102	AG
1	45365813	347	AG
1	45366357	367	AG
1	45366503	38	GA
1	45366988	441	AG
1	45367722	252	CT
1	45367902	180	TC
1	45368308	406	TC
1	45369987	662	AC
1	45370213	226	CG
1	45370340	127	AG
1	45370756	104	CA
1	45370758	2	GT
1	45371004	218	GA
1	45371248	244	TC
1	45371799	66	GA
1	45371954	155	AC
1	45371959	5	TC
1	45372220	261	GA
1	45372313	93	CT
1	45372419	106	GA
1	45372459	40	GA
1	45372460	1	GA
1	45372678	218	GC
1	45372843	165	TC
1	45372863	20	TC
1	45373485	622	AG
1	45373761	276	TG
1	45374042	263	TG
1	45376128	1465	TC
1	45376584	449	GA
1	45378873	1592	GA
1	45380777	1420	AG
1	45382503	1607	AG
1	45382731	185	AT
1	45383552	449	AG
1	45384432	501	GA
1	45388415	1402	TC
1	45388585	170	CG
1	45389389	804	GA
1	45389419	30	GA
1	45389846	427	AG
1	45390417	571	CT
1	45392349	1210	TC
1	45393382	1033	GA
1	45394098	583	GA
1	45395191	995	TC
1	45395707	516	GA
1	45396305	363	CG
1	45397007	702	TC
1	45397068	61	GT
1	45397150	82	CT
1	45397433	283	TA
1	45398175	742	AG
1	45399760	1585	GA
1	45400027	267	AG
1	45401068	1041	CA
1	45404446	2760	CT
1	45404639	193	GA
1	45415074	5619	GA
1	45415337	263	GA
1	45416080	743	CT
1	45417289	1075	GA
1	45417939	115	AG
1	45417948	9	AG
1	45417975	27	GA
1	45418002	27	GA
1	45418023	21	GA
1	45418085	62	AG
1	45418160	75	GA
1	45418204	44	TC
1	45418328	124	TC
1	45418451	123	TA
1	45420459	1686	GA
1	45421386	927	AG
1	45421499	113	AG
1	45421505	6	GA
1	45421552	47	CT
1	45421680	128	TC
1	45421769	89	AC
1	45421788	19	CT
1	45421961	173	TA
1	45422002	41	TC
1	45422003	1	TA
1	45422027	24	CT
1	45422096	69	CT
1	45422112	16	TC
1	45422875	763	AG
1	45422886	11	AT
1	45422911	25	GC
1	45423168	257	GC
1	45423183	15	TC
1	45423473	290	GA
1	45423553	80	AG
1	45423703	150	TC
1	45424370	667	GA
1	45424518	148	CT
1	45424525	7	GA
1	45425961	610	GC
1	45426033	72	CT
1	45426343	216	CT
1	45426365	22	AG
1	45426543	178	AG
1	45426560	17	AG
1	45428197	1358	TC
1	45428199	2	AG
1	45428270	71	GT
1	45428276	6	GA
1	45428407	131	GA
1	45428704	257	AG
1	45428868	164	GA
1	45429052	184	GA
1	45429676	398	GA
1	45432400	2482	TC
1	45433056	656	TC
1	45434194	1043	GA
1	45436470	2029	TA
1	45436745	275	GT
1	45436809	64	AG
1	45437109	300	CT
1	45437991	882	TC
1	45438380	389	AG
1	45438594	214	GC
1	45438672	78	AC
1	45438675	3	AG
1	45439179	504	GA
1	45439283	104	TG
1	45439337	54	GT
1	45440317	980	CT
1	45444520	2305	GA
1	45445813	922	GA
1	45446827	1014	CG
1	45447196	369	AG
1	45448652	957	TC
1	45449226	574	TC
1	45455193	3158	GA
1	45455449	256	GC
1	45455691	242	CT
1	45455830	139	GA
1	45456080	250	TG
1	45458494	926	CT
1	45458496	2	GA
1	45458512	16	AC
1	45458657	145	GA
1	45458969	312	CT
1	45458970	1	AC
1	45459108	138	TA
1	45459117	9	AT
1	45459160	43	CT
1	45459161	1	CT
1	45460208	629	TC
1	45460990	782	AT
1	45461625	635	AG
1	45461890	265	AG
1	45463227	1282	AC
1	45465693	927	TA
1	45466858	1165	CT
1	45468164	1029	CT
1	45468830	666	CT
1	45469305	475	TA
1	45469796	281	CT
1	45470235	229	GA
1	45470256	21	GC
1	45470284	28	AG
1	45470343	59	GA
1	45471058	715	CA
1	45471296	208	CT
1	45471801	348	GC
1	45472365	564	GA
1	45472480	115	CG
1	45472943	463	CT
1	45474687	1358	TC
1	45476075	1140	CT
1	45477202	1067	TC
1	45478920	1485	GC
1	45479030	110	TG
1	45479827	536	AG
1	45479922	95	CT
1	45480662	175	TC
1	45480825	163	CA
1	45480990	165	GA
1	45484056	2350	AG
1	45485402	1277	GC
1	45488065	2437	GA
1	45488117	52	AC
1	45489354	1153	AC
1	45491155	1701	TG
1	45492922	1767	GA
1	45493177	233	CT
1	45493265	88	GA
1	45493442	177	GA
1	45493667	225	CT
1	45493886	141	TC
1	45494272	196	GA
1	45495151	879	AG
1	45495152	1	AG
1	45495213	61	CT
1	45495227	14	TC
1	45495388	130	AC
1	45495720	311	AG
1	45496400	680	TC
1	45496715	315	TC
1	45498316	1388	TC
1	45498537	221	TC
1	45498793	256	TG
1	45498865	72	AG
1	45499201	336	GC
1	45499406	205	AG
1	45499599	193	TC
1	45499722	123	CT
1	45500340	392	AG
1	45500441	101	TC
1	45501603	1162	TC
1	45501704	101	AG
1	45502496	792	CT
1	45502625	129	GA
1	45503340	640	AG
1	45506385	2727	GA
1	45508152	1734	GC
1	45508501	349	GA
1	45508676	175	CT
1	45508751	66	CT
1	45509163	412	CT
1	45509202	39	CT
1	45509236	34	AC
1	45509426	190	GC
1	45509745	319	CT
1	45509801	56	AG
1	45510142	341	TC
1	45510143	1	GA
1	45511315	1170	GC
1	45547370	30509	GA
1	45547910	540	TG
1	45548617	596	GA
1	45548907	290	CG
1	45548930	23	CA
1	45549354	424	CT
1	45549470	116	GA
1	45550619	855	TC
1	45550934	315	AG
1	45551248	314	GA
1	45552149	901	AC
1	45557692	3044	CT
1	45558361	314	CT
1	45558425	64	CA
1	45558705	184	CA
1	45559749	580	GA
1	45559843	94	GC
1	45560760	187	AG
1	45562734	1108	GA
1	45564170	1361	AT
1	45564275	105	GA
1	45564533	258	GA
1	45565172	639	CG
1	45565222	50	CT
1	45569539	3489	CT
1	45570600	776	CT
1	45573984	3004	TC
1	45574722	738	CG
1	45574851	129	GT
1	45577653	2376	GA
1	45578013	360	GT
1	45581766	3245	AG
1	45581832	66	CT
1	45582406	396	GT
1	45583839	1397	AG
1	45585007	382	AG
1	45586648	641	GA
1	45586817	169	CT
1	45586973	156	TC
1	45587213	136	GA
1	45587930	434	CT
1	45588066	136	GA
1	45589256	1008	AG
1	45589992	708	AG
1	45590236	220	GC
1	45590857	341	AC
1	45592212	482	AC
1	45592244	32	GA
1	45592434	74	GA
1	45592521	87	CG
1	45592762	241	GA
1	45593489	177	CT
1	45593578	89	CT
1	45593676	98	CT
1	45593844	168	GT
1	45606655	8047	GA
1	45607659	1004	AG
1	45607713	54	TC
1	45608656	943	GA
1	45611345	2331	GA
1	45612973	1547	CT
1	45613374	401	TC
1	45614003	552	TC
1	45614359	343	GA
1	45614747	388	GA
1	45615097	350	AG
1	45615763	666	GT
1	45618237	2408	GA
1	45618611	374	CG
1	45618890	279	AG
1	45618895	5	GA
1	45620215	1320	AG
1	45620616	401	CT
1	45620795	151	TG
1	45621298	481	GA
1	45621909	522	GA
1	45621992	83	AT
1	45622640	614	CT
1	45622689	49	CT
1	45622857	168	AC
1	45623075	170	AG
1	45623239	123	AG
1	45623301	62	TC
1	45623365	64	TC
1	45623563	198	AG
1	45624248	685	TC
1	45624285	37	GA
1	45624398	113	AG
1	45624509	111	TC
1	45625045	506	GA
1	45625907	862	TG
1	45626010	103	AG
1	45626132	51	AG
1	45626302	170	CT
1	45626720	418	GA
1	45627516	796	GA
1	45627545	29	AG
1	45627553	8	TC
1	45628123	570	CT
1	45628434	121	TC
1	45628449	15	TC
1	45628503	54	GA
1	45629499	667	GA
1	45629550	51	CT
1	45674297	29710	GA
1	45674357	60	AG
1	45675028	455	GT
1	45675717	291	CG
1	45675757	40	AG
1	45675796	39	TC
1	45675824	28	AG
1	45675834	10	AG
1	45676408	423	CT
1	45676584	176	CG
1	45677516	526	CT
1	45677564	48	TC
1	45677641	77	GA
1	45678172	497	GA
1	45678937	217	AG
1	45678940	3	AG
1	45679508	568	AG
1	45679512	4	TC
1	45679563	51	GT
1	45679705	142	TC
1	45679744	39	AC
1	45679822	78	GT
1	45679840	18	CT
1	45679850	10	CT
1	45679855	5	AG
1	45679947	92	TC
1	45679981	34	GA
1	45679996	15	TC
1	45680267	271	TC
1	45680288	21	TC
1	45680424	136	AG
1	45680519	95	CT
1	45680529	10	GA
1	45681675	343	GT
1	45681831	156	TC
1	45681919	88	CT
1	45681939	20	CT
1	45682086	54	CT
1	45682088	2	CT
1	45682189	101	CA
1	45682262	73	CT
1	45682412	150	GA
1	45682427	15	GA
1	45682557	130	GA
1	45682690	133	CT
1	45682718	28	AG
1	45682912	194	GA
1	45682973	61	GA
1	45683179	206	AC
1	45683399	220	GA
1	45683500	101	AG
1	45683528	28	GA
1	45683728	200	CT
1	45684109	349	CT
1	45684181	72	GC
1	45684199	18	GA
1	45684210	11	CT
1	45684849	358	GT
1	45685068	219	TC
1	45685807	739	AG
1	45690221	3075	AC
1	45695953	5375	AG
1	45697937	1860	GC
1	45698495	558	CG
1	45700099	1604	TC
1	45700533	400	GT
1	45709851	5561	GA
1	45711664	1744	GA
1	45712806	970	AG
1	45719655	5157	AG
1	45721948	2052	GA
1	45723748	1649	GA
1	45723838	90	TC
1	45724369	491	TC
1	45724443	74	AG
1	45725165	722	TC
1	45725839	674	GA
1	45725892	53	AG
1	45725924	32	AG
1	45725932	8	AG
1	45726087	155	GA
1	45726326	239	GA
1	45726372	46	AG
1	45726404	32	AG
1	45726835	260	CT
1	45727520	502	CT
1	45728487	967	GC
1	45729184	697	GA
1	45735894	6096	GA
1	45735934	40	CT
1	45736200	266	CT
1	45738468	1868	TC
1	45739787	999	GC
1	45740113	326	GT
1	45740764	651	TC
1	45741338	574	GA
1	45741423	85	CT
1	45742832	953	AG
1	45743057	225	AG
1	45744439	1312	AC
1	45746198	1339	CA
1	45753513	6011	TC
1	45755937	2243	TC
1	45756024	87	AG
1	45756929	853	CT
1	45757021	92	CT
1	45758994	1973	GT
1	45759304	310	GA
1	45764725	3225	TC
1	45769726	4070	AG
1	45769945	219	CT
1	45770851	906	AG
1	45771010	159	AG
1	45773723	1188	AG
1	45774200	477	CA
1	45781109	6878	GA
1	45781187	78	AG
1	45781827	640	CT
1	45783267	1073	CT
1	45784047	396	TC
1	45784810	441	AC
1	45784998	188	CA
1	45785688	403	AG
1	45788859	2557	AG
1	45790173	652	TG
1	45790750	577	GT
1	45791364	614	GA
1	45792404	641	CT
1	45793903	1499	CT
1	45794486	362	AG
1	45798678	2549	CT
1	45798851	173	CT
1	45798967	116	GA
1	45799038	71	AG
1	45799165	127	AG
1	45799230	65	GA
1	45801061	1340	TC
1	45807513	4809	CT
1	45810906	3197	CT
1	45811224	287	TC
1	45811300	76	TC
1	45811519	219	CT
1	45811773	254	TC
1	45812456	635	TC
1	45812738	282	CT
1	45813500	718	GC
1	45813579	79	TC
1	45813840	261	AG
1	45814101	261	AT
1	45814115	14	CG
1	45814118	3	TC
1	45814119	1	GC
1	45814333	214	TA
1	45814908	575	GA
1	45815354	446	TC
1	45815454	100	GA
1	45815854	400	AG
1	45816037	183	TC
1	45817369	937	AG
1	45817464	95	GA
1	45817489	25	GA
1	45817811	322	CG
1	45818124	313	GA
1	45818178	54	GC
1	45818242	64	AG
1	45818426	184	CT
1	45819126	700	GA
1	45819132	6	TC
1	45819265	133	AG
1	45819356	91	TC
1	45819839	483	AG
1	45820133	294	AG
1	45820519	386	CA
1	45820530	11	AG
1	45820683	153	AG
1	45820731	48	CT
1	45820788	57	CT
1	45820888	100	GA
1	45820955	67	TC
1	45821083	128	AC
1	45821148	65	GT
1	45821603	455	TC
1	45821632	29	CA
1	45821640	8	CT
1	45821749	53	TC
1	45821803	54	TC
1	45821868	65	CT
1	45821911	43	CT
1	45822184	273	TC
1	45822649	329	CT
1	45822796	147	CT
1	45822924	128	GA
1	45823293	369	GC
1	45823388	95	AC
1	45824188	668	CT
1	45824973	785	TC
1	45825094	121	CG
1	45826569	1448	CT
1	45827396	827	AG
1	45827852	456	AG
1	45828796	794	GA
1	45829536	642	AG
1	45829886	350	CA
1	45830001	115	GA
1	45830121	120	AG
1	45830712	591	CT
1	45834237	1097	CT
1	45837592	2491	GT
1	45838346	754	CT
1	45838737	391	TC
1	45838739	2	GA
1	45839100	361	TC
1	45839119	19	CT
1	45839699	438	TC
1	45839724	25	GC
1	45839745	21	AG
1	45839806	61	CT
1	45839811	5	GC
1	45840135	324	GC
1	45840258	123	CA
1	45840286	28	GA
1	45840450	164	GA
1	45840548	98	TC
1	45840597	49	GC
1	45840663	66	AG
1	45840827	164	TC
1	45840965	138	GA
1	45842423	1458	TC
1	45843483	582	AG
1	45843528	45	AG
1	45843675	147	GC
1	45844210	535	TC
1	45844376	166	TC
1	45844407	31	CG
1	45844524	117	AC
1	45844572	48	AG
1	45844662	90	GA
1	45846056	723	AG
1	45846147	91	GC
1	45847635	471	TC
1	45847749	114	AG
1	45847872	123	CT
1	45848348	239	CT
1	45848741	393	AG
1	45848905	164	TC
1	45848955	50	AG
1	45850692	854	TC
1	45850841	149	AC
1	45850873	32	AG
1	45851255	142	GA
1	45851747	492	GA
1	45852785	477	CT
1	45853334	549	GT
1	45853363	29	CG
1	45853509	146	TC
1	45853684	175	AG
1	45853890	206	GC
1	45853958	68	GA
1	45856939	2931	TC
1	45858692	1495	CT
1	45861712	2642	CA
1	45862359	647	GT
1	45864788	2400	AG
1	45864993	205	AG
1	45865075	82	TC
1	45868424	3306	GC
1	45870737	2283	GC
1	45872154	1350	TC
1	45874317	2052	CT
1	45876358	1173	GC
1	45880649	1900	TG
1	45883103	1913	GA
1	45885814	2559	TC
1	45886119	305	TA
1	45889946	2760	CG
1	45892879	2684	TC
1	45893667	788	AG
1	45895704	1559	AG
1	45895885	181	TG
1	45896228	230	CT
1	45896297	69	AG
1	45897136	742	CT
1	45897213	77	TC
1	45897270	57	CT
1	45900023	2704	GC
1	45900329	197	AG
1	45906644	4755	TC
1	45907189	313	GA
1	45908820	1631	TC
1	45908998	178	CT
1	45909124	126	GA
1	45910549	1425	TC
1	45911622	1073	TA
1	45911703	81	GA
1	45912424	721	CT
1	45916917	3890	GA
1	45919812	2426	CT
1	45919856	44	AG
1	45919885	29	TC
1	45920169	284	AG
1	45920265	96	CT
1	45920554	289	AG
1	45920984	430	GA
1	45921462	434	AG
1	45925809	1821	TC
1	45926294	485	CA
1	45927133	316	CT
1	45927302	169	GA
1	45927327	25	GA
1	45927379	52	GA
1	45928047	668	TC
1	45928133	86	GT
1	45928209	76	AG
1	45928229	20	TG
1	45928395	166	AG
1	45928462	67	TC
1	45928510	48	TC
1	45928587	77	GA
1	45928651	64	TC
1	45929096	445	CG
1	45931653	2224	GA
1	45932031	378	AG
1	45932772	741	CT
1	45933341	569	CG
1	45933638	297	GA
1	45933718	80	TC
1	45933737	19	TG
1	45934401	618	AG
1	45934553	152	TG
1	45937297	2263	AC
1	45939446	2055	CT
1	45941266	1655	TC
1	45941773	507	CT
1	45944746	2097	CT
1	45944839	93	TC
1	45946967	2128	CT
1	45949471	1874	CT
1	45949601	93	AG
1	45949983	382	CG
1	45952598	1982	CT
1	45953523	648	AG
1	45954415	615	AG
1	45954963	548	GT
1	45955489	520	AG
1	45955643	154	AG
1	45956011	368	GA
1	45957370	1359	TG
1	45965930	5492	GA
1	45978106	10861	TC
1	45988875	8196	CT
1	45992942	3281	AC
1	45994166	1224	AG
1	45994360	194	GA
1	45995196	806	AG
1	45997582	2115	TA
1	45998640	939	GA
1	45999049	409	CT
1	45999890	841	CT
1	46001227	1337	AG
1	46001994	767	TC
1	46002094	100	AG
1	46002814	643	TC
1	46002972	158	AG
1	46003072	100	AG
1	46003150	78	CG
1	46003226	76	GA
1	46003230	4	AG
1	46003635	405	TC
1	46004261	626	AG
1	46004303	42	AC
1	46004390	87	TC
1	46006758	2242	TA
1	46007614	708	CT
1	46007654	40	CA
1	46007657	3	TC
1	46010273	2494	TC
1	46010483	210	GA
1	46012505	1861	TC
1	46013454	866	GA
1	46015236	779	GA
1	46016071	798	AC
1	46017543	1472	AG
1	46017693	150	AG
1	46017912	219	TC
1	46018092	180	GA
1	46019087	543	CT
1	46019176	89	TC
1	46019248	72	CT
1	46019268	20	CT
1	46019355	87	GA
1	46019548	193	CT
1	46019962	414	GA
1	46020022	60	CT
1	46020051	29	GA
1	46020264	213	GA
1	46020430	166	GA
1	46020676	246	CT
1	46021268	431	AG
1	46021495	227	TC
1	46021634	139	CT
1	46021669	35	TC
1	46022254	585	CT
1	46022310	56	AG
1	46022945	411	GA
1	46030811	3203	CA
1	46032077	1192	AC
1	46036020	2196	TC
1	46037981	875	AG
1	46038208	227	AG
1	46039403	914	AG
1	46039963	450	CA
1	46048499	4172	TC
1	46051434	1395	CA
1	46051444	10	GA
1	46053388	1623	GC
1	46058038	2968	TC
1	46058398	360	TC
1	46062001	1052	GA
1	46073158	7573	AG
1	46079018	2639	CG
1	46080663	1096	TG
1	46084079	1331	TC
1	46087225	1813	TC
1	46088476	1037	CG
1	46101750	11007	CT
1	46116388	7766	CT
1	46122458	4503	TC
1	46124350	1864	AC
1	46125925	1575	CT
1	46126000	75	CG
1	46129015	2665	TC
1	46129407	392	GA
1	46130987	1580	AG
1	46131018	31	CG
1	46131595	447	AG
1	46132636	1001	GA
1	46136807	3209	GA
1	46139118	594	CT
1	46139686	540	GA
1	46140455	769	CT
1	46140753	298	AG
1	46144952	2384	CT
1	46152588	4256	AG
1	46152920	332	GA
1	46153720	399	TC
1	46153830	110	AT
1	46154874	311	CT
1	46154917	43	GA
1	46154920	3	TC
1	46154981	61	TC
1	46155365	107	TC
1	46155408	43	TC
1	46156550	114	CT
1	46156760	210	GA
1	46158514	1178	TA
1	46160094	302	AG
1	46160095	1	CA
1	46161926	540	AG
1	46161960	34	GA
1	46162319	325	TC
1	46162967	228	CG
1	46163783	816	CG
1	46164353	570	TG
1	46164387	34	CT
1	46166688	1915	AC
1	46181571	5673	CA
1	46192184	7906	AG
1	46194661	1193	AT
1	46195552	258	GA
1	46198311	1578	GT
1	46198811	500	TA
1	46199265	454	AT
1	46199403	138	TC
1	46199422	19	GA
1	46200614	741	AG
1	46201428	375	AC
1	46202555	1107	TC
1	46204727	1972	AG
1	46205491	732	GA
1	46205780	249	GC
1	46205788	8	CT
1	46206416	389	CT
1	46207532	1059	CT
1	46209181	1366	GA
1	46209189	8	GT
1	46209780	383	TC
1	46209858	78	GA
1	46210229	371	GC
1	46210451	222	GA
1	46210580	129	GC
1	46211858	1100	TC
1	46211908	50	AT
1	46212009	101	TA
1	46212027	18	GA
1	46212942	915	TC
1	46214599	1657	GT
1	46215384	618	GC
1	46215415	31	AG
1	46215715	300	CT
1	46218729	1947	CG
1	46218768	39	CT
1	46218827	59	GT
1	46219042	215	AG
1	46219066	24	CT
1	46219081	15	GA
1	46219089	8	AG
1	46219379	290	GA
1	46219701	297	CG
1	46219972	271	AC
1	46220805	410	CT
1	46220868	63	GT
1	46220914	46	AT
1	46220928	14	GT
1	46222542	346	CA
1	46222653	111	CT
1	46222750	97	GA
1	46222792	42	TC
1	46225662	903	CT
1	46225747	85	GA
1	46225776	29	GC
1	46225861	85	CG
1	46226539	235	TG
1	46227489	775	GA
1	46227498	9	CT
1	46228345	272	TC
1	46229015	115	CG
1	46229481	91	CT
1	46229484	3	GA
1	46229523	39	GA
1	46229550	27	GC
1	46232231	1237	GT
1	46232299	68	AG
1	46232332	33	TC
1	46232501	169	AT
1	46232548	47	CG
1	46232600	52	GC
1	46233563	149	AG
1	46234164	601	GA
1	46234381	217	TC
1	46234950	569	AG
1	46236153	1028	TC
1	46236642	489	GT
1	46237454	444	TC
1	46238192	738	AG
1	46239380	161	GA
1	46240068	629	AG
1	46242148	355	TC
1	46242254	106	GC
1	46243445	191	TC
1	46243906	29	GT
1	46246140	444	TA
1	46248288	313	CT
1	46249810	509	GA
1	46249812	2	GC
1	46249823	11	TC
1	46250645	108	GA
1	46253175	1266	GA
1	46254213	1038	GA
1	46256444	1754	TG
1	46256445	1	TC
1	46257389	944	CA
1	46258215	800	TC
1	46258457	242	GA
1	46258472	15	CT
1	46258857	385	AG
1	46259038	181	AG
1	46260633	1595	AG
1	46260647	14	AG
1	46260760	113	CT
1	46260960	200	GA
1	46261086	126	AG
1	46261641	489	TG
1	46261806	165	AG
1	46262046	240	AG
1	46262389	343	GA
1	46263172	505	AC
1	46264014	382	TC
1	46265200	554	CG
1	46274413	5591	AG
1	46278988	3914	CT
1	46279292	304	CT
1	46280684	1349	TA
1	46283435	2329	AG
1	46285185	1750	TC
1	46285765	580	AG
1	46288846	2654	CT
1	46290360	1424	CT
1	46292625	2265	AG
1	46293052	427	GA
1	46300487	3841	AG
1	46307159	5620	AG
1	46307183	24	TC
1	46307224	41	AG
1	46307227	3	CT
1	46307497	270	TC
1	46307720	223	TC
1	46307761	41	TC
1	46308043	282	GC
1	46308925	847	AT
1	46309238	226	CT
1	46309318	80	AG
1	46309463	145	AG
1	46309525	62	GC
1	46309834	240	AG
1	46310290	244	TG
1	46310325	35	GA
1	46310349	24	TA
1	46310430	81	AG
1	46310469	39	GA
1	46312048	1179	CA
1	46312925	171	GC
1	46313715	269	CT
1	46314156	441	GC
1	46314204	48	AG
1	46314241	37	CG
1	46314573	332	GA
1	46314717	144	AG
1	46315532	815	CG
1	46316039	507	GA
1	46318246	2131	TC
1	46319008	762	CA
1	46360123	28946	CG
1	46366385	3919	GA
1	46374617	5638	CT
1	46380414	3721	CT
1	46382475	1967	GA
1	46383566	541	AG
1	46383609	43	TC
1	46384168	65	TC
1	46385750	404	AG
1	46399466	11662	CG
1	46402011	2180	CT
1	46402906	895	CT
1	46409159	5756	GT
1	46411031	1551	GA
1	46426372	14837	AT
1	46428578	2131	GA
1	46429676	861	CT
1	46436385	4318	CT
1	46436606	221	AG
1	46437462	856	GA
1	46438146	641	TC
1	46440750	1470	CT
1	46441430	680	TA
1	46448500	4055	AG
1	46452868	2881	CA
1	46454136	894	AC
1	46457177	2411	AC
1	46458122	945	TA
1	46458625	503	GT
1	46459393	719	CT
1	46461697	2222	CT
1	46463235	1538	GA
1	46465504	1936	CT
1	46465604	100	GA
1	46467741	1966	CT
1	46469271	1530	GA
1	46470555	1266	AC
1	46473838	3064	CG
1	46475536	1458	GA
1	46490952	12654	AG
1	46514974	17251	CT
1	46526137	9725	AG
1	46529032	2715	CG
1	46538809	7415	TC
1	46541821	2220	GA
1	46547353	2103	AT
1	46547392	39	GA
1	46551446	2637	CA
1	46551482	36	GA
1	46577317	18123	CA
1	46578061	447	CT
1	46578208	147	CT
1	46579253	292	CG
1	46579270	17	GA
1	46579621	351	GC
1	46580163	542	AC
1	46580297	134	CG
1	46580893	330	TC
1	46582828	1003	CT
1	46583951	750	AG
1	46586252	930	GC
1	46588554	657	CG
1	46588759	205	GT
1	46589588	829	GT
1	46590570	158	GC
1	46590659	89	AG
1	46597277	3476	CT
1	46597482	205	GA
1	46597528	46	AG
1	46598418	849	GC
1	46599312	696	GA
1	46599377	65	GC
1	46599702	325	TG
1	46602737	1912	GA
1	46602864	127	GA
1	46602919	55	TG
1	46603063	144	AG
1	46603378	315	AG
1	46603416	38	TC
1	46603448	32	TC
1	46603898	450	CT
1	46604046	148	GA
1	46604100	54	AG
1	46604144	44	AG
1	46604159	15	TG
1	46604397	238	GC
1	46604599	202	TC
1	46604632	33	TC
1	46604679	47	TC
1	46604724	45	GA
1	46604725	1	GA
1	46604967	242	CT
1	46605441	391	CT
1	46605517	76	GC
1	46605520	3	GA
1	46605684	164	GA
1	46605739	55	TG
1	46606025	286	TG
1	46606076	51	AG
1	46606290	214	GA
1	46606419	129	GA
1	46607883	688	CT
1	46608071	188	GA
1	46609543	679	CT
1	46609556	13	CT
1	46609897	341	TA
1	46610087	190	CG
1	46610364	277	CT
1	46610397	33	GC
1	46610577	180	AG
1	46611557	551	CT
1	46613890	660	CT
1	46614016	126	CT
1	46615652	926	TC
1	46616028	376	CT
1	46616050	22	TC
1	46617151	761	CT
1	46617465	248	TG
1	46617947	482	GC
1	46618395	448	TG
1	46618399	4	TC
1	46619808	1377	TC
1	46619853	45	AC
1	46621301	1305	TG
1	46621773	472	TC
1	46622274	469	AG
1	46625001	1447	GA
1	46625224	223	AT
1	46626292	1068	CT
1	46626500	208	TC
1	46626550	50	AC
1	46626661	111	GA
1	46626943	282	AC
1	46628380	701	AG
1	46628388	8	GA
1	46628688	92	AC
1	46629307	163	GA
1	46629336	29	CT
1	46629360	24	GA
1	46629408	48	CG
1	46629423	15	CT
1	46629478	55	AG
1	46629695	217	CT
1	46629725	30	AC
1	46629729	4	GC
1	46629768	39	TC
1	46629802	34	CT
1	46630325	137	GC
1	46630953	219	AG
1	46630965	12	AG
1	46630994	29	GT
1	46631084	90	CG
1	46631345	261	CT
1	46631691	346	GA
1	46631728	37	GA
1	46631945	217	AT
1	46632015	70	GA
1	46634428	2055	CA
1	46634985	514	GA
1	46635505	520	AC
1	46635517	12	CA
1	46635547	30	CA
1	46635597	50	CT
1	46636282	685	CG
1	46636495	145	CT
1	46636696	201	TC
1	46641509	1039	GA
1	46642977	771	TC
1	46643013	36	GC
1	46643093	80	CT
1	46644612	579	AG
1	46644683	71	AG
1	46644841	158	GA
1	46645270	429	GT
1	46645317	47	AG
1	46645356	39	GA
1	46645393	37	GA
1	46645565	172	GT
1	46645852	287	TG
1	46646002	150	CT
1	46646158	156	AG
1	46646849	691	TC
1	46647104	255	GA
1	46647912	725	CT
1	46648142	230	AG
1	46648216	74	GA
1	46648529	313	AG
1	46648830	301	TC
1	46648871	41	CA
1	46648885	14	TC
1	46649317	432	TC
1	46650026	709	CT
1	46673496	20260	AG
1	46682028	4658	GC
1	46699235	13290	TC
1	46699236	1	CA
1	46699365	129	GA
1	46699547	82	CA
1	46699978	431	GA
1	46700057	79	GC
1	46700698	192	AC
1	46701280	73	TC
1	46702372	761	TC
1	46703794	1422	AG
1	46704611	817	AC
1	46706413	1802	AG
1	46706816	403	TC
1	46706874	58	CT
1	46706883	9	GA
1	46708860	1751	AG
1	46709576	382	CT
1	46710850	861	TC
1	46711931	230	TA
1	46712286	355	TC
1	46712757	471	AC
1	46715945	275	TC
1	46717027	899	GA
1	46723181	2522	GA
1	46725468	1662	GT
1	46725469	1	CT
1	46729123	941	GA
1	46730038	915	GA
1	46730381	343	TC
1	46734055	2983	TG
1	46734185	130	CT
1	46754884	12771	GA
1	46762873	6806	TG
1	46779915	9134	AG
1	46802490	427	TG
1	46802512	22	AC
1	46802966	454	CT
1	46803015	49	AG
1	46824517	443	GA
1	46825339	579	GA
1	46825917	578	CT
1	46826402	425	CT
1	46826528	126	GA
1	46831471	2358	GT
1	46832437	733	GC
1	46836707	3154	CT
1	46836973	266	CT
1	46837281	308	GA
1	46838493	938	GA
1	46838665	172	TC
1	46839431	515	CG
1	46840045	573	CT
1	46840432	387	CT
1	46840883	76	TC
1	46845357	3483	CT
1	46845992	309	AG
1	46846878	838	GA
1	46846893	15	TC
1	46846919	26	CT
1	46846923	4	CT
1	46848647	1551	CT
1	46848816	169	GA
1	46848916	100	AG
1	46849084	2	AG
1	46849176	92	GC
1	46849607	431	CT
1	46850323	662	TC
1	46850457	134	CT
1	46854763	1731	TC
1	46856106	898	TC
1	46860505	3123	CG
1	46861077	572	GA
1	46864833	2100	GA
1	46865735	902	CT
1	46866946	485	GA
1	46867506	541	TC
1	46867772	266	GC
1	46868527	407	CA
1	46868834	307	CT
1	46873674	1536	AG
1	46873710	36	GA
1	46874875	579	CT
1	46876324	1199	CG
1	46876610	286	GC
1	46876680	70	CT
1	46877126	299	GT
1	46877563	382	CT
1	46877606	43	CA
1	46877810	204	CT
1	46882598	2650	TC
1	46882960	362	GC
1	46883063	103	TC
1	46883177	114	TC
1	46883196	19	GC
1	46883294	98	AG
1	46883772	141	TG
1	46883864	92	GA
1	46883882	18	TC
1	46883941	59	TC
1	46884550	609	TC
1	46884554	4	GA
1	46884693	139	CT
1	46884843	150	CT
1	46885609	438	AC
1	46885637	28	CA
1	46888057	900	TA
1	46888313	256	CT
1	46888410	97	CA
1	46888422	12	CT
1	46888710	80	GA
1	46889610	867	AT
1	46889618	8	CT
1	46889871	253	CT
1	46891174	911	AG
1	46891887	713	AG
1	46892330	443	CA
1	46895006	1379	TG
1	46897118	663	TC
1	46897832	714	AG
1	46897865	33	CA
1	46897901	36	TC
1	46898058	157	GA
1	46898136	78	GA
1	46898527	82	CT
1	46898592	65	CT
1	46898597	5	CT
1	46898653	56	CT
1	46898670	17	GA
1	46898916	246	AT
1	46898921	5	GA
1	46899242	297	CT
1	46900806	1118	GC
1	46903133	1251	CT
1	46905449	708	TG
1	46909628	2709	GC
1	46910421	793	TA
1	46910489	68	GC
1	46910545	56	TA
1	46912420	902	AG
1	46912583	163	CT
1	46912645	62	TC
1	46912744	99	AG
1	46913209	465	TC
1	46914776	390	GA
1	46915627	623	TC
1	46915756	129	TC
1	46916447	94	CA
1	46918343	1452	GA
1	46923359	3658	GA
1	46923680	293	CT
1	46924185	505	AG
1	46925336	1151	TA
1	46936589	10532	GA
1	46937098	509	AC
1	46938602	1504	CT
1	46939020	418	GA
1	46942895	3657	TC
1	46944330	1155	GA
1	46947091	1722	CT
1	46947228	137	GC
1	46948034	610	CT
1	46949747	678	CA
1	46949748	1	AG
1	46949761	13	AC
1	46949803	42	GA
1	46949815	12	TC
1	46949833	18	GT
1	46949951	118	AG
1	46950418	445	CA
1	46950435	17	AC
1	46951258	516	CG
1	46951341	83	GA
1	46951908	214	GA
1	46951929	21	TC
1	46952114	185	CT
1	46953069	704	CT
1	46953345	276	TG
1	46953467	122	AG
1	46954422	847	AG
1	46954865	443	CT
1	46955064	199	CT
1	46955094	30	TC
1	46955659	368	AC
1	46956792	776	AG
1	46956802	10	GC
1	46956817	15	AG
1	46956868	51	TA
1	46957082	214	CG
1	46957638	191	TC
1	46957715	77	GA
1	46958326	153	CA
1	46958357	31	TG
1	46958375	18	GA
1	46958380	5	GC
1	46961724	1710	GA
1	46961784	60	GA
1	46961845	61	TC
1	46961974	81	GA
1	46962954	802	TC
1	46964501	1547	CG
1	46966178	1361	AG
1	47003177	22601	TC
1	47004316	775	GT
1	47012627	5975	TC
1	47014035	1336	TG
1	47017093	1576	AG
1	47021315	3718	GA
1	47021522	207	GA
1	47024094	2164	TC
1	47031350	4400	GT
1	47034726	3168	GA
1	47035004	278	AG
1	47036074	594	CT
1	47043193	6074	CT
1	47043295	102	TC
1	47043627	34	GA
1	47043638	11	TG
1	47043728	90	CT
1	47043880	152	AG
1	47044252	372	CG
1	47044296	44	CT
1	47044632	336	TG
1	47045569	813	CG
1	47046258	689	TC
1	47046607	349	TG
1	47046900	293	CT
1	47046956	56	TC
1	47047109	153	TG
1	47047187	78	GA
1	47047202	15	GT
1	47047253	51	GT
1	47047272	19	CG
1	47047336	64	TC
1	47047628	155	GC
1	47048153	208	TC
1	47048594	303	CG
1	47049924	1214	TC
1	47049993	69	GA
1	47051513	1189	GA
1	47051531	18	GA
1	47051902	206	CT
1	47052113	211	CT
1	47052122	9	GT
1	47052261	139	CT
1	47052299	38	CT
1	47052516	217	CT
1	47053337	747	CT
1	47053585	248	AC
1	47053783	198	TC
1	47054203	420	AG
1	47054417	214	CT
1	47054562	145	TC
1	47056098	645	CT
1	47057362	1060	CT
1	47058696	1334	GA
1	47058842	146	CA
1	47058863	21	TA
1	47059720	740	AG
1	47060315	595	TC
1	47060353	38	GT
1	47062422	1220	AG
1	47068263	3376	CG
1	47068598	138	GA
1	47069072	474	GT
1	47069774	702	AG
1	47070221	265	GA
1	47070735	352	CG
1	47071363	270	CT
1	47071580	217	TC
1	47072227	647	AG
1	47073874	1456	TC
1	47074000	126	AG
1	47075749	1401	AG
1	47076632	434	AG
1	47076673	41	TA
1	47076837	164	TC
1	47076965	128	AG
1	47077044	79	CT
1	47077274	230	AG
1	47077444	170	CG
1	47077478	34	AG
1	47077493	15	GA
1	47079463	557	CT
1	47079677	214	AC
1	47080081	336	GA
1	47080281	200	TC
1	47080972	522	AG
1	47081075	103	AG
1	47081083	8	TC
1	47081245	162	GC
1	47084607	2392	TC
1	47087281	1525	TC
1	47092931	1540	AG
1	47102559	7382	GA
1	47102790	231	AG
1	47103809	868	CT
1	47103826	17	GA
1	47103834	8	AG
1	47103898	64	AG
1	47103999	101	CA
1	47104051	52	GC
1	47105283	1164	TC
1	47105373	90	TC
1	47105479	106	AG
1	47106613	1082	CT
1	47107943	1117	GA
1	47108448	505	GA
1	47108783	217	GT
1	47108856	73	CT
1	47108876	20	CT
1	47109030	154	AG
1	47109125	95	TC
1	47109159	34	TG
1	47109945	725	GC
1	47110704	759	GA
1	47110787	83	TC
1	47111428	611	GA
1	47111725	297	AC
1	47113208	1447	CT
1	47113341	133	CT
1	47118197	1916	TC
1	47118298	101	CA
1	47119839	1541	GC
1	47120110	271	GA
1	47124865	2929	TC
1	47125415	449	TC
1	47125581	166	AC
1	47125709	128	CT
1	47125869	160	TG
1	47125927	58	AC
1	47126530	603	AC
1	47126612	82	CT
1	47126637	25	TC
1	47126668	31	CG
1	47126904	236	AG
1	47127275	371	TC
1	47127591	104	CA
1	47127645	54	CT
1	47127702	57	AC
1	47128097	261	CT
1	47129060	963	TC
1	47130950	1781	AG
1	47132829	1726	TC
1	47133094	265	AG
1	47134976	1492	TG
1	47135465	432	CA
1	47135760	295	AG
1	47135986	226	CT
1	47139425	206	GA
1	47139750	202	TC
1	47139982	232	TC
1	47140018	36	AG
1	47140605	151	GA
1	47140710	105	GA
1	47140897	187	TG
1	47140925	28	GC
1	47140947	22	TC
1	47141018	71	GA
1	47141099	81	CT
1	47141159	60	AG
1	47141177	18	AG
1	47141231	54	GC
1	47141253	22	GA
1	47141279	26	TG
1	47141306	27	TA
1	47141419	113	AG
1	47141421	2	GA
1	47141431	10	TA
1	47141670	239	CT
1	47141741	71	CT
1	47141785	44	GA
1	47142865	1080	GC
1	47142893	28	CT
1	47143194	301	TC
1	47143470	276	GA
1	47143651	181	AG
1	47143812	161	AG
1	47144021	209	TC
1	47144316	273	AG
1	47144330	14	GT
1	47144382	52	CT
1	47145124	524	AG
1	47145503	379	CT
1	47146503	1000	CT
1	47146535	32	CT
1	47147125	300	GC
1	47147678	506	CG
1	47147680	2	GA
1	47147704	24	GA
1	47147969	265	GA
1	47147973	4	GC
1	47148153	180	CT
1	47148167	14	TC
1	47148175	8	GA
1	47148473	174	CG
1	47148589	116	GT
1	47149347	466	TG
1	47149405	58	GA
1	47149674	269	CT
1	47149692	18	GA
1	47149740	48	AG
1	47149782	42	AG
1	47149791	9	GC
1	47149821	30	CA
1	47149863	42	CG
1	47150831	438	TC
1	47151473	597	TG
1	47152519	875	CG
1	47152535	16	CT
1	47152921	178	AG
1	47153202	209	AG
1	47153666	464	CG
1	47154264	394	AG
1	47154524	260	CT
1	47154593	69	AG
1	47155341	748	TC
1	47155406	65	AT
1	47155509	103	CG
1	47155565	56	CT
1	47155688	123	AG
1	47155714	26	TC
1	47155749	35	CT
1	47155761	12	CT
1	47157042	730	TC
1	47157116	74	CT
1	47157823	493	GT
1	47158311	488	TC
1	47158503	192	GA
1	47159056	553	AG
1	47159957	768	CA
1	47161869	1856	CT
1	47162012	143	AG
1	47169259	5459	AG
1	47169397	138	GA
1	47169453	56	CT
1	47169556	49	GA
1	47169605	49	AG
1	47176001	1757	GA
1	47180219	2987	GA
1	47182488	1382	GA
1	47184687	1924	CT
1	47189162	3410	CT
1	47189492	180	AG
1	47192790	2928	GA
1	47193932	1142	GC
1	47195690	1116	CT
1	47196023	333	GA
1	47196177	154	CT
1	47198128	1686	CG
1	47202332	2509	AG
1	47203441	1109	AG
1	47203916	475	TG
1	47204831	915	TC
1	47204929	98	GA
1	47204932	3	CT
1	47204936	4	CT
1	47204940	4	GC
1	47204950	10	AC
1	47204955	5	AG
1	47205487	532	TC
1	47205494	7	AC
1	47205506	12	CT
1	47205581	75	TC
1	47205842	261	TC
1	47207402	1560	GT
1	47207714	230	CT
1	47209218	1504	AG
1	47209239	21	GA
1	47210255	1016	AG
1	47213834	1021	AG
1	47214054	101	AG
1	47214311	215	GA
1	47215797	1387	AG
1	47220764	4398	AC
1	47221994	1230	CG
1	47225250	3117	GC
1	47225373	123	GA
1	47225520	147	CG
1	47225799	279	CA
1	47226021	222	AT
1	47226914	631	CT
1	47227344	430	CG
1	47227626	282	CG
1	47227669	43	CA
1	47228947	1205	CT
1	47229701	754	AG
1	47230384	571	CT
1	47231072	272	GC
1	47231195	123	TG
1	47231205	10	AG
1	47231359	154	TA
1	47232518	854	AT
1	47232625	107	GA
1	47232672	47	GT
1	47232697	25	AG
1	47232714	17	GA
1	47233435	344	AG
1	47233738	303	GA
1	47233740	2	TC
1	47233775	35	CT
1	47233794	19	CT
1	47233880	86	TG
1	47233909	29	GA
1	47234076	110	TC
1	47234086	10	AG
1	47235273	871	GA
1	47235640	367	TA
1	47235805	165	GA
1	47235880	75	AT
1	47236253	373	AC
1	47236845	248	CT
1	47238034	1077	GC
1	47238127	93	AG
1	47238253	126	GA
1	47238343	90	TC
1	47238350	7	CG
1	47238651	301	TC
1	47238729	78	AG
1	47238963	162	AG
1	47239195	232	AC
1	47239292	97	GA
1	47239531	239	AG
1	47241372	1067	AG
1	47241378	6	GA
1	47241419	41	CG
1	47241451	32	GT
1	47241915	341	CT
1	47242684	769	AG
1	47242747	63	GT
1	47243055	308	TC
1	47243066	11	GA
1	47244118	954	CG
1	47244167	49	AG
1	47244402	235	AG
1	47245546	715	AG
1	47246793	659	TG
1	47246831	38	GA
1	47247246	362	CT
1	47247275	29	CT
1	47247361	86	TC
1	47247665	304	TC
1	47247748	83	TC
1	47247898	150	TA
1	47247963	65	AG
1	47248216	253	CT
1	47248413	197	GA
1	47248420	7	AC
1	47248692	272	CT
1	47248695	3	CT
1	47248836	141	AC
1	47250495	1578	GA
1	47251340	845	CT
1	47251501	161	TC
1	47254159	1652	AG
1	47256878	1972	TC
1	47256985	107	GA
1	47258619	398	TC
1	47258670	51	CT
1	47259921	621	GA
1	47260004	83	TC
1	47261154	776	TC
1	47263742	1149	TC
1	47264519	614	AC
1	47265769	641	CT
1	47265815	46	TC
1	47267059	819	GA
1	47269826	1813	GC
1	47269955	129	GA
1	47270546	223	AG
1	47270569	23	AG
1	47272213	875	GA
1	47272728	515	GC
1	47274321	1036	GA
1	47275034	304	GA
1	47276839	1182	CT
1	47278433	948	CG
1	47278581	148	GA
1	47278912	265	CT
1	47279987	858	AG
1	47280043	56	AG
1	47286473	4295	TC
1	47286832	359	AT
1	47288158	1218	GT
1	47288173	15	GC
1	47288385	212	TC
1	47288401	16	GA
1	47289111	688	AG
1	47290575	1397	AG
1	47293966	3156	CA
1	47295417	1451	AT
1	47295850	433	AG
1	47296430	580	CG
1	47296674	244	CT
1	47297010	336	CG
1	47297081	71	CT
1	47297950	869	CT
1	47297998	48	GT
1	47300075	1159	CA
1	47300401	326	CG
1	47301208	807	GA
1	47301894	686	GA
1	47301962	68	CT
1	47302046	84	TA
1	47302103	57	GA
1	47302161	58	CG
1	47302227	66	AG
1	47304170	1943	TA
1	47305746	1537	CT
1	47306158	412	AG
1	47309802	2966	TC
1	47311506	1037	TG
1	47312711	839	CA
1	47313001	290	TC
1	47315652	1870	CT
1	47316133	163	CT
1	47320416	3132	TA
1	47320485	69	CG
1	47322251	1745	GA
1	47323002	393	TC
1	47323201	199	AT
1	47323490	265	CG
1	47324374	847	TG
1	47326628	2081	AG
1	47327048	420	GA
1	47327422	374	TC
1	47328392	970	TC
1	47328405	13	CG
1	47328451	46	GA
1	47328866	415	CT
1	47330154	1045	GA
1	47331295	1141	TC
1	47335869	4513	GC
1	47336907	933	TG
1	47337003	96	AT
1	47338739	963	CT
1	47341394	2530	GA
1	47349379	6384	AG
1	47349548	169	GC
1	47351718	1903	GT
1	47357182	4675	CG
1	47358023	841	AG
1	47358602	579	TC
1	47361348	2668	GT
1	47363679	2213	GA
1	47363935	256	CT
1	47365394	1422	AG
1	47365710	316	TG
1	47366024	314	CT
1	47366921	871	CT
1	47367244	323	TC
1	47367425	181	AG
1	47368001	576	CG
1	47377081	7236	GA
1	47378145	930	GC
1	47381747	1855	CT
1	47383470	1154	TC
1	47383875	322	GA
1	47386738	2609	TC
1	47388843	1344	TC
1	47390334	834	TC
1	47390409	75	TC
1	47390417	8	CT
1	47390421	4	CT
1	47390531	110	CT
1	47390993	462	GA
1	47391393	400	CT
1	47391831	438	AG
1	47391833	2	CT
1	47391849	16	AG
1	47391938	89	TA
1	47393232	1001	CT
1	47394044	812	CG
1	47394045	1	GA
1	47394047	2	GA
1	47394052	5	AC
1	47394054	2	GT
1	47394972	918	TA
1	47395495	413	AG
1	47396962	1176	CT
1	47397370	408	GA
1	47401894	3103	GA
1	47401906	12	AG
1	47401925	19	TC
1	47403369	1302	CT
1	47405634	1569	GA
1	47406680	664	CG
1	47406915	235	TA
1	47407739	486	TC
1	47407962	223	TA
1	47408757	795	CT
1	47408831	74	AG
1	47411510	2356	CA
1	47411533	23	GA
1	47412179	646	CT
1	47415730	1327	GA
1	47417253	1276	GC
1	47417365	112	GT
1	47417766	401	AG
1	47417895	129	GA
1	47417964	69	CT
1	47418799	835	AG
1	47421485	2686	CT
1	47424085	2600	GA
1	47424672	587	GC
1	47425398	726	GA
1	47426044	646	GA
1	47426329	285	TC
1	47430672	3254	TC
1	47430802	130	CG
1	47435655	3866	AG
1	47436978	1164	CA
1	47437170	192	GC
1	47437298	128	AG
1	47437330	32	CT
1	47439296	1934	TC
1	47441405	2047	GT
1	47441445	40	AC
1	47442317	808	GA
1	47442325	8	TC
1	47444602	2187	CG
1	47448007	2935	TC
1	47467140	6709	TC
1	47468444	1002	CG
1	47468565	121	GT
1	47471421	2548	GT
1	47472319	709	AT
1	47472366	47	TA
1	47472850	376	CT
1	47474113	1237	GA
1	47501289	18417	AG
1	47501329	40	TA
1	47503093	271	AC
1	47507045	3679	TC
1	47507123	78	AG
1	47509435	2031	AG
1	47515990	6342	TG
1	47516492	502	AG
1	47516667	175	AG
1	47517130	463	AG
1	47517254	124	TC
1	47517799	545	TC
1	47518571	752	TC
1	47519220	314	TC
1	47521273	1976	GT
1	47521346	73	CA
1	47523077	1187	GA
1	47525811	2337	CG
1	47527037	481	TC
1	47527600	463	GA
1	47527961	361	TC
1	47538920	7158	CT
1	47539512	592	GA
1	47541306	1794	GT
1	47545251	3595	CT
1	47546114	863	GA
1	47555833	7657	TC
1	47562155	5399	TC
1	47565737	2275	AC
1	47567699	1962	CA
1	47570886	2493	CA
1	47571768	531	AG
1	47571801	33	CT
1	47573219	1380	CT
1	47589052	12845	GC
1	47589424	372	TG
1	47591368	978	TG
1	47592718	519	CT
1	47596259	2932	GC
1	47597203	944	GA
1	47609422	3772	TC
1	47611443	1360	AG
1	47616017	328	AG
1	47620242	2051	CG
1	47620825	327	CG
1	47624056	3157	GA
1	47624653	326	CG
1	47646645	11944	GA
1	47657820	9110	CT
1	47668239	2125	GA
1	47676787	4191	AG
1	47683173	5412	AG
1	47684486	809	AC
1	47685519	564	TG
1	47685542	23	GC
1	47686052	88	GA
1	47690643	1354	AG
1	47690799	156	AC
1	47690852	53	AG
1	47691045	193	AG
1	47692150	529	GA
1	47693031	685	CT
1	47693109	78	GA
1	47693335	226	AC
1	47693795	348	TC
1	47698829	2619	AG
1	47698943	114	GC
1	47701105	1007	CA
1	47701153	48	CG
1	47703853	1891	CG
1	47703877	24	TA
1	47705222	1235	TG
1	47706416	972	CA
1	47707636	1220	GA
1	47707710	74	AG
1	47708216	506	AG
1	47708619	298	AG
1	47711244	1680	AG
1	47711356	112	TC
1	47712375	951	TC
1	47713197	822	CT
1	47713676	409	CT
1	47714452	776	TA
1	47714453	1	GC
1	47714739	286	AC
1	47714755	16	AG
1	47715294	284	CT
1	47715325	31	AG
1	47715376	51	CT
1	47715391	15	TC
1	47715419	28	CT
1	47715487	68	CT
1	47715829	312	GT
1	47715929	100	TC
1	47716001	72	CT
1	47721845	5528	CT
1	47722809	924	AG
1	47723003	194	CT
1	47723217	214	GT
1	47723219	2	CA
1	47724938	1659	GA
1	47727224	1528	CT
1	47727682	174	GA
1	47727893	211	CA
1	47732100	2297	CT
1	47732148	48	CT
1	47733552	430	CG
1	47734483	555	CT
1	47734854	371	CT
1	47734892	38	TC
1	47734927	35	CA
1	47735532	86	GT
1	47735673	76	AG
1	47735674	1	GA
1	47736970	671	GA
1	47737364	394	AG
1	47737456	92	GC
1	47737495	39	AG
1	47737652	157	CT
1	47737707	55	GA
1	47738023	230	CG
1	47738484	461	AG
1	47739237	706	TG
1	47739638	368	TC
1	47740456	753	TC
1	47741202	569	CT
1	47741725	458	CA
1	47742041	316	TC
1	47744687	1622	AT
1	47744824	137	CT
1	47746110	917	TC
1	47746643	533	AG
1	47746817	174	TG
1	47748161	914	CG
1	47750946	2162	TG
1	47751116	170	TA
1	47752152	759	CG
1	47752378	226	GA
1	47753630	1131	AG
1	47754931	521	AG
1	47756464	1158	AG
1	47756575	111	TC
1	47758605	1561	GA
1	47758687	82	CT
1	47758778	91	TC
1	47759047	269	GT
1	47759197	150	CT
1	47763273	1770	CG
1	47767541	3015	CA
1	47768080	406	AC
1	47769518	1405	CT
1	47769553	35	GC
1	47772227	524	AG
1	47774454	1427	GA
1	47778143	1620	GC
1	47778258	115	CT
1	47781311	1693	CT
1	47783560	1246	TG
1	47786146	961	GA
1	47787980	1571	GT
1	47788262	173	CT
1	47788276	14	TA
1	47790042	1190	CT
1	47790043	1	AG
1	47791393	1068	GA
1	47791394	1	AG
1	47793279	772	CT
1	47793503	224	GA
1	47796762	3259	CA
1	47801134	2350	AG
1	47801301	167	CA
1	47802044	743	TC
1	47804242	1867	CT
1	47804321	79	TC
1	47804546	225	AT
1	47804564	18	GA
1	47804834	270	GA
1	47804859	25	TA
1	47805370	353	CT
1	47805545	175	AG
1	47805593	48	GA
1	47805596	3	GA
1	47806188	592	GA
1	47806690	502	GA
1	47807931	630	AG
1	47808124	193	AG
1	47808157	33	TA
1	47808346	189	CG
1	47808570	73	CT
1	47808648	78	GA
1	47810415	1403	GA
1	47814497	3030	CT
1	47815434	825	CT
1	47815555	121	CT
1	47816870	670	CT
1	47817183	88	AG
1	47819260	433	GA
1	47820287	493	CT
1	47825791	2227	GA
1	47825812	21	AG
1	47829183	693	TC
1	47830480	1125	AC
1	47860969	8500	AG
1	47870843	9027	AG
1	47871123	247	AG
1	47871222	99	GT
1	47871320	98	CT
1	47871435	115	CT
1	47871457	22	AG
1	47871464	7	GA
1	47872338	874	GA
1	47874780	2442	CT
1	47876653	1873	CT
1	47876815	162	AG
1	47876823	8	CT
1	47878774	1925	CT
1	47879580	781	GC
1	47879806	207	AG
1	47880191	385	CT
1	47881618	1427	CG
1	47882552	856	AG
1	47882762	210	GC
1	47882792	30	GA
1	47883060	268	GA
1	47883749	172	GC
1	47883791	42	GT
1	47887075	2687	TC
1	47887270	195	TC
1	47888191	398	GA
1	47891327	2032	TC
1	47893044	1230	CT
1	47893116	72	TC
1	47894828	1435	TC
1	47895701	527	GA
1	47895794	93	CT
1	47897627	839	TG
1	47899752	1345	CA
1	47907254	5795	TC
1	47912660	354	AT
1	47914890	331	GA
1	47918525	894	AG
1	47921040	835	CT
1	47928147	2661	AG
1	47928594	243	CT
1	47931087	1134	AC
1	47937472	4972	TG
1	47937829	357	GA
1	47941671	1661	AG
1	47942071	400	CT
1	47942737	497	TC
1	47949264	6051	GA
1	47950035	771	CT
1	47950851	816	TC
1	47954402	2950	TC
1	47955673	881	CA
1	47965891	7943	TC
1	47966598	343	AG
1	47967272	498	TC
1	47967739	467	AG
1	47967851	112	CT
1	47967888	37	TC
1	47967892	4	AG
1	47970207	794	TG
1	47970239	32	GA
1	47970566	327	AG
1	47970656	90	CA
1	47970995	339	AG
1	47972142	283	AG
1	47973110	521	CG
1	47973274	164	CG
1	47973409	135	TG
1	47973441	32	GC
1	47973623	147	CA
1	47973954	331	GA
1	47974177	223	CA
1	47974250	73	TC
1	47974362	112	CT
1	47974407	45	GA
1	47974422	15	TC
1	47974761	339	AG
1	47975216	455	GA
1	47975255	39	TC
1	47975856	90	CT
1	47976311	436	TC
1	47976775	265	AC
1	47977327	223	GA
1	47977946	151	CA
1	47978190	244	CT
1	47978357	144	TC
1	47978446	89	TC
1	47978523	77	GC
1	47981514	508	GA
1	47981975	340	TC
1	47982223	248	GC
1	47982337	114	AG
1	47982854	210	GA
1	47982882	28	TC
1	47982900	18	TC
1	47982920	20	TC
1	47982953	33	CT
1	47983068	115	CT
1	47983281	213	GA
1	47983290	9	GA
1	47983292	2	AG
1	47984100	342	CT
1	47985105	319	GT
1	47985717	547	GA
1	47986951	195	GT
1	47987558	462	AG
1	47987755	75	TC
1	47987842	87	AG
1	47988590	748	GA
1	47989583	689	TC
1	47989586	3	AG
1	47990024	438	TA
1	47991673	1411	CA
1	47991854	181	GA
1	47992885	926	TC
1	47993809	924	GA
1	47995039	1210	TC
1	47995487	448	TC
1	47995724	237	GT
1	47996922	1198	CT
1	47997219	297	CT
1	47997278	59	TC
1	47997308	30	TA
1	47998354	881	AG
1	47999702	1243	CT
1	48000652	912	GA
1	48001673	473	AG
1	48002010	337	TC
1	48002794	641	AG
1	48003708	852	AG
1	48004426	718	AT
1	48004514	88	AG
1	48004532	18	TC
1	48004661	129	TG
1	48004723	62	GA
1	48005866	1143	AG
1	48006031	165	TC
1	48006859	608	AT
1	48007299	440	CG
1	48007430	131	CT
1	48007791	200	TC
1	48008126	335	CA
1	48008265	139	CG
1	48008401	136	CT
1	48008498	97	AG
1	48008649	151	GC
1	48008766	117	TG
1	48008781	15	TG
1	48008917	136	AG
1	48009247	308	GC
1	48009720	473	GA
1	48010036	316	AG
1	48010897	861	AG
1	48013784	1916	AG
1	48014179	395	AT
1	48014230	51	AG
1	48014387	157	GA
1	48015239	852	TC
1	48016208	766	TA
1	48016324	116	GC
1	48018130	1806	TC
1	48018333	203	CT
1	48021912	3500	CT
1	48022533	621	CT
1	48031067	5969	GT
1	48031176	109	CT
1	48034239	2517	CT
1	48034403	164	GA
1	48040180	4399	TG
1	48041200	1020	CT
1	48053122	10787	CG
1	48053905	783	CT
1	48054123	190	AC
1	48055372	1204	GT
1	48056466	973	AG
1	48057113	647	GA
1	48060718	2831	TG
1	48063402	2022	GA
1	48066830	3200	CG
1	48067377	446	TA
1	48067580	203	CT
1	48073568	3790	TC
1	48073859	291	TC
1	48074162	303	GA
1	48074999	792	TC
1	48075292	293	TC
1	48075293	1	GA
1	48075831	503	CG
1	48076274	406	CT
1	48076389	115	GC
1	48076412	23	GA
1	48076633	221	CT
1	48076825	192	GA
1	48076999	174	TC
1	48077469	398	AG
1	48079183	1499	CT
1	48081058	945	CT
1	48081625	567	CT
1	48081734	109	CT
1	48081954	220	TA
1	48082569	373	GA
1	48082720	151	CT
1	48083560	589	CG
1	48084161	601	AG
1	48084657	496	AG
1	48084886	229	CT
1	48085300	370	CT
1	48085400	100	TG
1	48085645	214	CT
1	48085781	136	CG
1	48085946	165	GA
1	48086120	174	GA
1	48086132	12	GT
1	48086145	13	TC
1	48089890	3214	AG
1	48096954	7018	CG
1	48097028	74	GA
1	48103501	4758	CT
1	48108353	2609	CT
1	48109976	1541	AG
1	48115026	4513	AG
1	48115968	942	TG
1	48116307	320	TG
1	48116329	22	GA
1	48117206	730	GA
1	48119743	2108	AG
1	48119751	8	GA
1	48119832	81	TC
1	48120471	205	GA
1	48122192	1247	AT
1	48122655	149	GA
1	48123736	1081	AC
1	48125058	776	GA
1	48126243	1103	GA
1	48134824	6864	AG
1	48136441	1617	AG
1	48139401	2736	CT
1	48139489	88	AG
1	48140295	806	GA
1	48140413	118	AG
1	48140816	403	AG
1	48141238	422	CA
1	48141875	637	CT
1	48142134	259	CT
1	48146192	4017	AG
1	48146481	289	AG
1	48152923	5674	GA
1	48153240	317	AG
1	48157551	3665	GA
1	48158848	1113	GA
1	48158859	11	CT
1	48158962	103	CT
1	48161392	1828	TC
1	48161776	359	TC
1	48161903	127	GA
1	48162128	225	AT
1	48162492	364	CA
1	48165111	2140	CT
1	48167461	2195	GT
1	48172220	4475	TC
1	48173058	277	TC
1	48173870	812	CT
1	48175935	1762	CA
1	48176138	203	AT
1	48176286	148	AG
1	48176712	258	CT
1	48177791	1079	TC
1	48180527	2694	AG
1	48181213	617	GA
1	48181538	325	GT
1	48183263	1230	CT
1	48183623	322	GA
1	48184834	858	AG
1	48184869	35	AG
1	48184986	117	TA
1	48185250	264	CT
1	48185384	134	GA
1	48185399	15	GA
1	48185475	76	CT
1	48185523	48	CT
1	48185833	310	GA
1	48186334	501	AG
1	48186603	269	AG
1	48192543	5846	TC
1	48193356	501	GA
1	48193387	31	AC
1	48203176	5905	CT
1	48203722	546	AG
1	48204375	653	AG
1	48207290	664	GA
1	48208209	693	CG
1	48209447	909	GA
1	48209646	62	GA
1	48210928	790	AG
1	48211052	124	AC
1	48211067	15	TC
1	48211492	115	CT
1	48213427	569	TC
1	48214026	528	CA
1	48214090	64	TC
1	48214136	46	CT
1	48214909	565	TC
1	48215574	212	TC
1	48215623	49	AG
1	48217269	1253	CT
1	48218700	1391	GA
1	48218958	258	GA
1	48219090	132	GA
1	48219544	306	TC
1	48221637	1979	TG
1	48222281	644	TG
1	48222293	12	TC
1	48225516	2869	TC
1	48225703	187	CG
1	48226308	255	AG
1	48226379	71	CT
1	48226554	175	GA
1	48227405	851	GC
1	48227650	214	AG
1	48228656	961	CT
1	48228927	237	CG
1	48229034	107	TC
1	48229072	38	GA
1	48229253	181	GC
1	48229454	201	TG
1	48229599	145	TC
1	48229857	258	CG
1	48229947	90	AC
1	48230551	604	TG
1	48231138	587	TC
1	48232235	892	AC
1	48232763	528	TC
1	48232966	203	AG
1	48233525	535	AG
1	48234603	839	TC
1	48234754	151	GA
1	48234755	1	CT
1	48234788	33	TC
1	48234934	146	GC
1	48235020	86	CG
1	48235060	40	CT
1	48235099	39	TC
1	48235544	445	GA
1	48235545	1	GT
1	48235766	221	AG
1	48237125	994	TC
1	48237291	166	AC
1	48237362	71	GA
1	48237938	179	AG
1	48238250	312	TC
1	48238266	16	AG
1	48239020	709	AG
1	48239104	84	TC
1	48239139	35	GC
1	48240895	1091	CT
1	48241579	684	TC
1	48242004	425	CG
1	48242256	252	TC
1	48242360	104	TC
1	48242476	116	CT
1	48242512	36	TC
1	48242515	3	CT
1	48243573	777	AG
1	48243863	290	CG
1	48244351	488	GA
1	48244436	85	CT
1	48245089	616	TC
1	48245103	14	GA
1	48245882	779	TC
1	48246593	711	CG
1	48246595	2	TC
1	48247550	955	GA
1	48248488	815	CT
1	48248612	124	TC
1	48249049	437	GA
1	48249248	199	TC
1	48249595	347	CT
1	48250185	590	GA
1	48250261	76	AG
1	48250772	511	CT
1	48250878	106	AG
1	48250920	42	TC
1	48251356	436	TG
1	48251889	533	CG
1	48252026	137	CT
1	48252027	1	GC
1	48252061	34	TG
1	48252062	1	GT
1	48252172	50	AG
1	48252241	69	CT
1	48252331	49	GC
1	48252338	7	TC
1	48252592	254	AG
1	48252761	169	CT
1	48253726	878	CG
1	48254341	615	AG
1	48254378	37	TC
1	48254412	34	TC
1	48254449	37	GA
1	48256786	608	TG
1	48256881	95	CT
1	48257125	244	CT
1	48257908	321	CA
1	48259933	1841	CT
1	48259990	57	AG
1	48261283	1237	TC
1	48261366	83	CT
1	48261511	145	TC
1	48261828	317	CT
1	48261899	71	GA
1	48262132	233	GA
1	48262219	87	TC
1	48262384	165	AG
1	48262592	208	TC
1	48262792	176	GC
1	48262967	175	TC
1	48263128	161	GC
1	48263617	489	TG
1	48263801	184	AC
1	48263821	20	AG
1	48263827	6	CT
1	48264040	213	AG
1	48264276	236	TC
1	48264534	258	GA
1	48264729	195	TC
1	48264840	111	GC
1	48264904	64	CT
1	48266245	1312	GA
1	48266269	24	TC
1	48266573	304	CT
1	48267818	1174	TC
1	48267883	65	TC
1	48268018	135	GA
1	48268214	196	TA
1	48268465	251	GA
1	48268577	112	AG
1	48268601	24	GA
1	48268781	180	TC
1	48269707	883	AG
1	48270005	298	CT
1	48270454	449	TC
1	48270723	269	CT
1	48270763	40	CT
1	48270956	193	TG
1	48271001	45	CT
1	48271049	48	CA
1	48272960	797	CT
1	48273988	684	CT
1	48275978	1990	AC
1	48276217	239	TG
1	48281132	4073	AC
1	48283406	1983	CT
1	48283948	542	AG
1	48285737	1267	CT
1	48286476	739	CT
1	48288181	1566	GA
1	48289405	383	CT
1	48289631	226	TC
1	48289747	116	TC
1	48289869	122	GA
1	48289962	93	GC
1	48290080	118	CT
1	48290081	1	CT
1	48290108	27	TC
1	48290137	29	GA
1	48290143	6	TC
1	48290152	9	CT
1	48290217	65	TC
1	48291282	743	TC
1	48291977	243	AG
1	48292023	46	AT
1	48292377	354	AG
1	48292765	362	GC
1	48292923	120	AC
1	48292927	4	TG
1	48293020	93	CG
1	48294028	660	CT
1	48294036	8	TC
1	48294548	483	CT
1	48294815	267	CT
1	48294817	2	TC
1	48295802	947	TG
1	48296213	411	GT
1	48296242	29	AG
1	48296421	179	CT
1	48300824	3780	CT
1	48301176	352	CT
1	48301864	688	AG
1	48302019	155	CT
1	48303236	1217	CT
1	48304506	1182	AG
1	48304633	127	GA
1	48305288	554	CT
1	48305303	15	TC
1	48305675	372	TC
1	48305951	276	TG
1	48307076	474	TG
1	48307977	754	CT
1	48308623	646	CT
1	48308756	133	CT
1	48311050	225	AG
1	48312540	1490	TA
1	48316742	1778	GA
1	48317920	348	CT
1	48321011	2485	AG
1	48322022	955	GA
1	48322164	142	GA
1	48324093	1684	GC
1	48324278	185	TC
1	48326103	1037	AG
1	48326193	90	GC
1	48331918	2245	TC
1	48332102	184	CT
1	48332104	2	AG
1	48332356	252	CT
1	48333242	647	AG
1	48333384	142	GA
1	48333476	92	GA
1	48333632	156	AG
1	48333704	72	CT
1	48333707	3	TC
1	48334849	733	CA
1	48336467	1033	CT
1	48346849	5363	AC
1	48347537	688	CT
1	48353848	4298	CT
1	48355754	1406	CA
1	48361584	4179	AG
1	48370570	8565	CA
1	48372667	2052	GC
1	48375503	2346	CT
1	48375747	217	GA
1	48376634	860	CT
1	48380823	2725	CA
1	48382065	1242	CT
1	48382980	915	TA
1	48383970	990	TA
1	48384589	619	TG
1	48384701	112	CA
1	48385067	366	AC
1	48385921	854	AT
1	48385938	17	CT
1	48387523	1506	AT
1	48387625	102	GC
1	48387726	101	TC
1	48388044	318	CT
1	48389891	1666	CT
1	48390051	160	AG
1	48390074	23	AC
1	48390232	158	CG
1	48392319	2033	CA
1	48392672	353	AG
1	48393199	527	CT
1	48394156	957	GA
1	48394183	27	CT
1	48394283	100	CT
1	48394288	5	GA
1	48394634	346	CT
1	48395885	585	GA
1	48396776	891	TA
1	48396805	29	TC
1	48397893	745	TC
1	48398170	277	GC
1	48401324	2660	GC
1	48401732	408	AG
1	48401839	107	TC
1	48402823	743	GA
1	48403055	232	GA
1	48403060	5	TC
1	48403298	238	GA
1	48406242	2740	GA
1	48406742	500	GA
1	48407416	220	GA
1	48408552	1032	GC
1	48408799	247	CT
1	48412279	1498	GC
1	48418845	3013	TC
1	48419562	717	AC
1	48422131	937	AG
1	48425533	2263	TC
1	48427045	1512	GA
1	48427215	79	TC
1	48427276	61	AC
1	48427365	89	TC
1	48427372	7	TC
1	48427519	147	CT
1	48427636	117	CT
1	48428861	1006	GA
1	48428862	1	GC
1	48428952	90	GA
1	48430759	870	GC
1	48430865	106	GA
1	48430926	61	AC
1	48431894	821	TC
1	48431979	85	GC
1	48432819	840	CT
1	48433354	376	CT
1	48433714	360	CT
1	48437246	3109	AG
1	48438261	1015	AG
1	48438509	248	CT
1	48439117	465	CT
1	48439119	2	AG
1	48440103	230	GA
1	48440285	182	CA
1	48440634	349	AG
1	48441715	1081	AG
1	48441824	109	TC
1	48442456	390	GT
1	48443148	615	TC
1	48443407	259	AG
1	48443504	97	TC
1	48443661	157	TC
1	48443691	30	CT
1	48443723	32	CT
1	48443924	201	CT
1	48443978	54	TC
1	48444139	161	TC
1	48444360	221	CT
1	48444444	84	TC
1	48444618	174	CT
1	48444636	18	TC
1	48444912	276	AT
1	48445067	155	TC
1	48445254	107	GC
1	48445270	16	TC
1	48445451	181	AG
1	48445462	11	TC
1	48446162	484	TC
1	48446319	157	CT
1	48446586	267	GA
1	48446663	77	GA
1	48446717	54	GA
1	48447027	310	TC
1	48447241	214	AG
1	48447394	153	CT
1	48447605	211	TA
1	48447738	133	TG
1	48447973	153	TC
1	48448016	43	CT
1	48448107	91	CT
1	48448507	400	GT
1	48449151	119	GA
1	48449177	26	TG
1	48449291	114	CG
1	48449749	458	AG
1	48449767	18	TC
1	48450377	303	CT
1	48450527	150	CT
1	48450541	14	CA
1	48450586	45	GC
1	48450647	61	CT
1	48450976	329	AG
1	48454150	3174	GC
1	48461310	2847	GA
1	48462113	803	TA
1	48467633	1380	TC
1	48473282	4810	CG
1	48473925	328	CA
1	48473949	24	TG
1	48474073	124	CG
1	48474758	320	AG
1	48476277	691	GA
1	48477154	650	GT
1	48477231	77	GA
1	48482643	1519	AT
1	48483132	452	GT
1	48483260	128	GC
1	48483553	293	CT
1	48485857	1743	TC
1	48486247	390	TC
1	48486817	570	CG
1	48487242	425	CG
1	48487273	31	TG
1	48487311	38	GC
1	48488158	835	CT
1	48489133	919	TC
1	48489258	125	AG
1	48489495	237	GA
1	48489634	139	AG
1	48490904	1270	GA
1	48491566	662	GA
1	48491661	95	GC
1	48492376	680	AG
1	48492601	225	AG
1	48493003	402	GA
1	48493557	554	CT
1	48493934	377	CG
1	48493971	37	TC
1	48494604	633	TC
1	48494707	103	TC
1	48494753	46	TC
1	48494769	16	TC
1	48495125	356	CT
1	48496345	608	CT
1	48496815	470	TC
1	48497178	58	AG
1	48497208	30	TC
1	48498827	1351	TA
1	48498965	102	GA
1	48499253	288	AT
1	48499706	453	AG
1	48499802	96	AG
1	48499818	16	GA
1	48499861	43	AT
1	48499871	10	TC
1	48500051	180	TC
1	48500452	401	AC
1	48500727	236	GA
1	48504276	2733	GT
1	48504967	691	AG
1	48505501	492	CT
1	48506081	270	GA
1	48507242	696	AG
1	48510930	2196	TC
1	48511125	86	TC
1	48511506	381	AG
1	48511549	43	TC
1	48513633	776	GC
1	48514800	700	TG
1	48514860	60	GC
1	48516317	1267	GT
1	48516389	72	AG
1	48518075	1153	AG
1	48519040	605	TC
1	48521364	1254	GC
1	48521559	195	TC
1	48521797	238	AG
1	48522011	41	GA
1	48522037	26	CT
1	48522726	444	CT
1	48522966	240	CG
1	48524135	543	CG
1	48524137	2	TC
1	48524170	33	TC
1	48525238	111	TC
1	48525243	5	GA
1	48525618	143	TC
1	48527133	916	TC
1	48529247	2012	TG
1	48529756	509	CT
1	48530170	375	GA
1	48533311	2364	GA
1	48533978	667	CT
1	48534818	663	CT
1	48537143	2097	GA
1	48541734	2265	AT
1	48542974	1240	GT
1	48548620	4942	AG
1	48549065	402	CT
1	48549707	523	CT
1	48550703	652	CT
1	48550731	28	CA
1	48550754	23	CT
1	48551318	564	TC
1	48553281	1690	AG
1	48553825	544	TC
1	48554157	332	TA
1	48555083	860	AG
1	48555306	223	GA
1	48555513	207	TC
1	48558968	3067	AG
1	48561564	2178	AC
1	48562433	869	TC
1	48562876	443	GT
1	48562963	87	TG
1	48601289	30676	AG
1	48668014	55913	TG
1	48668103	89	CT
1	48668365	236	GC
1	48669347	861	GT
1	48670291	780	GA
1	48671069	732	AG
1	48671073	4	TC
1	48671562	489	AG
1	48671649	87	AC
1	48671742	93	CA
1	48671919	177	AT
1	48671965	46	AC
1	48672091	80	CT
1	48672447	159	TG
1	48672456	9	CT
1	48672858	402	AG
1	48673188	330	CT
1	48673221	33	GC
1	48673234	13	CA
1	48673333	99	GT
1	48673432	99	AG
1	48673473	41	GA
1	48673643	170	AG
1	48673657	14	GA
1	48673817	160	TG
1	48673877	60	GA
1	48673909	32	GA
1	48674788	879	AG
1	48675766	945	TC
1	48676001	235	AG
1	48676164	163	CT
1	48676275	111	AG
1	48676281	6	CT
1	48676606	325	CT
1	48677501	895	GA
1	48677686	185	AG
1	48678221	535	CT
1	48682282	2406	CG
1	48683782	1145	CT
1	48685286	1430	GT
1	48686072	786	CT
1	48686538	466	AG
1	48689164	2451	CT
1	48689325	161	TC
1	48690555	1125	GT
1	48691060	505	AG
1	48691365	305	CT
1	48691393	28	TC
1	48691638	245	GA
1	48691734	96	AG
1	48691758	24	AG
1	48691839	81	CT
1	48691914	75	TC
1	48692578	664	GT
1	48692678	100	CT
1	48695381	2577	AG
1	48697900	2407	CT
1	48697943	43	GT
1	48708831	9433	GT
1	48710188	1077	GA
1	48710530	342	AG
1	48710531	1	AT
1	48710870	339	CT
1	48711469	599	GT
1	48711525	56	GA
1	48711679	154	TG
1	48711681	2	CG
1	48711947	266	CG
1	48712726	677	TC
1	48712743	17	CT
1	48712940	127	TC
1	48713406	466	TC
1	48713650	244	CT
1	48713849	199	GT
1	48713851	2	GT
1	48716088	1466	TC
1	48717360	1139	CT
1	48717372	12	TC
1	48717558	186	CA
1	48719485	1890	AT
1	48719971	486	CA
1	48722849	2592	TC
1	48724680	955	CT
1	48726667	1306	TC
1	48727151	460	TC
1	48729135	1984	CT
1	48729928	713	CT
1	48730560	632	TC
1	48730608	48	TC
1	48730956	348	GA
1	48731172	216	AG
1	48732405	775	CT
1	48732862	457	TC
1	48732902	40	GA
1	48733183	281	GA
1	48734732	1168	AG
1	48734794	62	CT
1	48734841	47	GA
1	48735019	178	GC
1	48736238	1219	TC
1	48736535	297	CT
1	48736650	115	AG
1	48737326	509	TC
1	48737348	22	AT
1	48742154	2581	AG
1	48743335	1145	CA
1	48743376	41	CT
1	48743840	53	TA
1	48745646	1568	GA
1	48746215	569	TC
1	48748326	1593	TC
1	48748554	228	GA
1	48749077	523	AC
1	48751442	1808	CT
1	48751786	344	TC
1	48751818	32	TA
1	48752057	239	CT
1	48752150	93	AC
1	48752995	495	GC
1	48753943	617	GT
1	48754021	78	CG
1	48754489	468	TC
1	48754498	9	GA
1	48754604	106	AG
1	48755010	386	AG
1	48755035	25	AC
1	48755546	238	GA
1	48755937	391	GA
1	48758006	1214	AG
1	48758325	319	GC
1	48758485	160	CA
1	48758522	37	GA
1	48759152	576	GT
1	48759677	369	TC
1	48759709	32	GA
1	48759895	186	GA
1	48760257	297	TC
1	48760409	152	AG
1	48760510	101	AG
1	48761052	266	GA
1	48761190	138	TC
1	48761980	276	CA
1	48762218	238	GC
1	48762843	375	AC
1	48762922	79	AG
1	48770761	5159	CT
1	48771531	770	CG
1	48772631	574	AG
1	48773049	143	GA
1	48773056	7	GA
1	48773127	71	CG
1	48773766	639	GA
1	48774639	873	TC
1	48775564	925	TC
1	48775811	247	CT
1	48775854	43	CT
1	48776081	227	AT
1	48776702	621	AC
1	48777595	893	TC
1	48778518	923	GC
1	48778632	114	CT
1	48778678	46	CA
1	48778934	256	TC
1	48782876	1604	CT
1	48782993	117	CT
1	48783005	12	TG
1	48783744	739	GA
1	48783752	8	TC
1	48783762	10	AC
1	48783985	223	CG
1	48784503	518	TG
1	48785068	285	CT
1	48785446	378	AG
1	48786142	583	TG
1	48786495	353	GA
1	48788267	1213	AG
1	48788284	17	GA
1	48790190	1320	TC
1	48790661	471	GA
1	48790711	50	AT
1	48790757	46	AG
1	48790797	40	GA
1	48793024	2227	CT
1	48802058	7189	TC
1	48802161	103	GC
1	48804999	1089	GA
1	48806466	1278	GT
1	48807122	187	TC
1	48807138	16	AT
1	48808350	978	CT
1	48809107	554	AG
1	48809126	19	TC
1	48809833	211	CA
1	48809979	146	TC
1	48811093	383	AG
1	48811449	356	AG
1	48812854	542	AG
1	48813064	210	CT
1	48813207	143	TC
1	48813268	61	TA
1	48813342	74	CA
1	48813814	472	GA
1	48813816	2	TG
1	48815015	387	TC
1	48815369	354	AT
1	48815570	201	CG
1	48816225	318	CT
1	48816281	56	GA
1	48816556	275	CT
1	48817802	624	TC
1	48818244	400	TC
1	48818386	142	AG
1	48819382	751	CT
1	48827940	4083	TG
1	48829879	440	GA
1	48831194	376	AG
1	48835529	1703	AG
1	48838014	1810	GA
1	48845186	6249	TG
1	48852391	5113	CT
1	48857547	2291	GA
1	48858157	335	CT
1	48862777	2984	CT
1	48864182	1265	GA
1	48864892	323	AG
1	48866961	1363	GA
1	48867580	619	CT
1	48867866	286	TC
1	48872783	2988	CT
1	48874704	895	AG
1	48874882	178	TG
1	48875830	595	CA
1	48877291	1331	CT
1	48877425	134	GA
1	48877520	95	TC
1	48877532	12	GA
1	48877551	19	TC
1	48877847	296	TC
1	48878197	187	GA
1	48878821	560	GA
1	48879087	266	AG
1	48880105	862	GA
1	48881186	860	GA
1	48881419	233	CT
1	48881527	108	TC
1	48881570	43	GA
1	48882153	471	CT
1	48882243	90	CA
1	48882913	615	CT
1	48882969	56	GC
1	48883700	731	AC
1	48883742	42	GA
1	48884079	337	TC
1	48885064	508	GT
1	48885070	6	CT
1	48885117	47	GA
1	48885559	359	CG
1	48886088	358	CG
1	48886874	342	TC
1	48886878	4	CA
1	48887090	212	GA
1	48887102	12	GA
1	48887491	338	CT
1	48887506	15	CT
1	48887519	13	GT
1	48887555	36	TC
1	48887601	46	TG
1	48888002	365	CG
1	48888184	182	CG
1	48888388	204	AG
1	48888481	93	TC
1	48888491	10	AG
1	48888508	17	AC
1	48888886	247	GA
1	48888917	31	CG
1	48889375	83	GC
1	48889376	1	GC
1	48889546	50	TC
1	48889547	1	GA
1	48889722	175	TG
1	48889826	104	CT
1	48889832	6	CT
1	48889935	103	AG
1	48891574	613	GA
1	48891671	97	GA
1	48892004	333	GC
1	48892058	54	AC
1	48892161	60	AG
1	48892164	3	CG
1	48892258	94	AC
1	48892276	18	TC
1	48893527	145	TC
1	48893546	19	AC
1	48894017	471	CT
1	48894190	173	CT
1	48894308	118	AG
1	48894641	333	CT
1	48894948	307	AG
1	48895107	159	GC
1	48895190	83	GC
1	48896092	362	GT
1	48896144	52	GC
1	48900740	3719	AC
1	48902024	555	AG
1	48906156	3082	TC
1	48906235	79	TC
1	48908762	1318	GA
1	48918045	6426	AG
1	48920508	1399	TC
1	48920544	36	GA
1	48922932	1838	GA
1	48923071	139	CG
1	48923755	269	CT
1	48923939	184	GA
1	48923979	40	GT
1	48924452	153	TA
1	48925277	797	AG
1	48925381	104	TC
1	48925964	583	CT
1	48926284	320	CT
1	48926433	149	AG
1	48926880	447	TA
1	48927390	510	AG
1	48929766	1946	AG
1	48930766	825	AG
1	48934225	2998	TA
1	48934304	79	CT
1	48934382	78	AG
1	48941251	4280	GC
1	48946467	3882	CT
1	48948894	2381	CA
1	48949224	185	AT
1	48957736	5321	TC
1	48958403	546	AG
1	48960774	1920	GA
1	48963567	2498	AG
1	48966941	2035	CT
1	48968435	929	GA
1	48968942	380	TC
1	48969144	202	TC
1	48969226	82	GA
1	48969399	173	TC
1	48969564	165	GA
1	48969649	85	AG
1	48973006	1877	AC
1	48976015	2485	AG
1	48978274	1636	GA
1	48979106	832	TC
1	48983337	3352	GA
1	48983561	71	AG
1	48984259	698	CT
1	48985612	244	TC
1	48986479	833	TG
1	48987336	304	AC
1	48988635	663	AG
1	48988960	264	CT
1	48989608	453	CG
1	48989682	74	CT
1	48989763	81	AT
1	48989843	80	CG
1	48990158	315	GA
1	48990720	304	GA
1	48990838	118	GA
1	48991037	199	TC
1	48991413	376	GA
1	48991492	79	AC
1	48991560	68	AT
1	48991673	113	GT
1	48991774	32	AG
1	48991860	86	GA
1	48991862	2	GC
1	48991893	31	AG
1	48993695	1742	AG
1	48994010	315	TG
1	48995210	1014	CT
1	48995261	51	CT
1	48995349	88	CT
1	48995383	34	CG
1	48995393	10	GA
1	48995678	285	CT
1	48995838	160	AG
1	48995938	100	CT
1	48996393	366	TC
1	48996492	99	AG
1	48997015	162	TC
1	48997102	87	GC
1	48997259	157	AG
1	48997587	194	GC
1	48997651	64	AG
1	48997995	344	GA
1	48998042	47	AG
1	48998147	105	GA
1	48998160	13	AG
1	48998210	50	TC
1	48998231	21	TC
1	48998248	17	GA
1	48998495	247	CT
1	48999282	708	CT
1	48999749	437	AG
1	48999751	2	GA
1	49000070	319	CT
1	49000168	98	GA
1	49001097	887	GA
1	49001392	295	CT
1	49002648	1256	TC
1	49003174	342	AG
1	49003602	428	CT
1	49004215	525	AG
1	49004734	323	CA
1	49005035	99	TC
1	49005293	230	CT
1	49005656	363	GA
1	49005665	9	AG
1	49005986	321	AG
1	49007276	255	GA
1	49007325	49	CT
1	49008091	747	TG
1	49008096	5	TC
1	49008101	5	GA
1	49008144	43	GA
1	49008483	339	AT
1	49009012	529	GA
1	49009051	39	CG
1	49009172	121	TC
1	49009539	367	AG
1	49009554	15	AG
1	49011557	1726	AC
1	49012236	574	GA
1	49012325	89	GT
1	49013410	1085	CT
1	49013720	242	CG
1	49014564	844	CT
1	49014836	272	CT
1	49015077	241	GA
1	49015369	63	AG
1	49015556	187	CG
1	49015719	163	AG
1	49015740	21	CT
1	49015903	163	CT
1	49016043	140	TA
1	49016217	174	GT
1	49018905	1986	GA
1	49021691	2042	CG
1	49024972	2951	AG
1	49028203	2707	GA
1	49029511	1189	GT
1	49029819	308	CT
1	49029831	12	GA
1	49034802	4295	GA
1	49036839	1968	GC
1	49040868	3944	GA
1	49041508	640	GA
1	49043025	917	CT
1	49043060	35	GA
1	49043343	283	CT
1	49043367	24	AG
1	49043389	22	TC
1	49043559	170	CT
1	49043590	31	GA
1	49043825	85	CG
1	49044269	102	CT
1	49044466	98	CA
1	49044471	5	CA
1	49044871	400	GT
1	49045300	316	GA
1	49045502	202	TC
1	49045665	163	AG
1	49045677	12	CA
1	49045988	311	CT
1	49046795	807	CT
1	49046862	67	TC
1	49047659	797	AT
1	49047703	44	CT
1	49047722	19	AG
1	49048237	515	TC
1	49048590	353	CT
1	49048958	368	GA
1	49050519	1167	AT
1	49051064	339	TC
1	49051104	40	AG
1	49051129	25	GC
1	49051203	74	AC
1	49052115	635	CT
1	49052206	91	TC
1	49052212	6	TG
1	49052262	50	CT
1	49052309	47	AT
1	49053356	1008	AC
1	49053502	146	CG
1	49053567	65	CG
1	49054702	687	CT
1	49054878	176	GA
1	49054928	50	CT
1	49055020	92	CT
1	49055032	12	AG
1	49055129	97	GT
1	49055474	345	GA
1	49056292	496	AG
1	49056301	9	CA
1	49058636	1099	CT
1	49059452	438	AG
1	49060093	461	AG
1	49060243	150	TG
1	49062258	1953	CT
1	49065274	1989	CT
1	49066665	763	GC
1	49068459	479	AG
1	49068461	2	CT
1	49070236	846	CG
1	49070796	54	CT
1	49072891	342	AG
1	49072994	103	CT
1	49073710	353	GA
1	49074768	354	CT
1	49075041	273	CT
1	49076099	639	CT
1	49077159	650	CT
1	49077704	545	GA
1	49081104	3308	TC
1	49081227	123	GC
1	49081230	3	GA
1	49082456	1226	TC
1	49083938	1343	AC
1	49084089	151	AG
1	49086904	2435	AG
1	49087802	898	TC
1	49089060	1258	AT
1	49090465	1259	CG
1	49094928	1868	GA
1	49094956	28	GA
1	49096846	1741	CT
1	49097775	752	AG
1	49097806	31	AC
1	49097909	103	CT
1	49098260	351	AG
1	49098733	364	GT
1	49100638	1677	CA
1	49103611	2359	AG
1	49104731	438	AG
1	49106079	1098	GA
1	49109062	1472	AC
1	49109083	21	GT
1	49109534	451	AC
1	49110381	816	GA
1	49112724	1708	AG
1	49113430	311	CT
1	49113539	109	AG
1	49114364	825	GA
1	49114559	195	GC
1	49114617	58	GA
1	49115978	1199	AG
1	49116085	107	AG
1	49118680	1540	TC
1	49119608	595	AG
1	49120751	853	CT
1	49121741	801	TG
1	49125388	2344	GA
1	49126519	895	GA
1	49131684	4170	TC
1	49133797	1819	GA
1	49134850	928	GA
1	49135613	763	CG
1	49137675	1890	CT
1	49138923	1163	TC
1	49139317	394	GC
1	49139529	212	TG
1	49140649	807	AG
1	49140701	52	CT
1	49141371	670	GA
1	49144781	3123	TC
1	49146593	1587	GA
1	49147663	1070	AG
1	49148359	662	CT
1	49148877	487	CT
1	49148931	54	CA
1	49148974	43	GA
1	49149008	34	GC
1	49149009	1	CT
1	49149015	6	AG
1	49149039	24	CG
1	49149642	567	AG
1	49149818	176	CT
1	49149880	62	AG
1	49149911	31	AG
1	49149955	44	GC
1	49150217	262	GC
1	49150272	55	AG
1	49150604	332	TC
1	49151211	607	AG
1	49151398	187	AG
1	49151451	53	CT
1	49151533	82	GT
1	49151667	134	GA
1	49151701	34	GC
1	49151707	6	TC
1	49151775	68	GA
1	49152131	356	TC
1	49152186	55	GA
1	49152195	9	TC
1	49152794	503	GA
1	49152970	108	CT
1	49153557	495	TC
1	49153852	295	AG
1	49153951	67	AG
1	49154053	102	GA
1	49154073	20	TC
1	49154099	26	AG
1	49154116	17	TC
1	49154125	9	AG
1	49154196	71	TC
1	49154540	344	CT
1	49155152	216	CT
1	49155543	391	GA
1	49155556	13	AT
1	49155802	246	CG
1	49155841	39	AG
1	49156199	358	CT
1	49157242	1043	CG
1	49160035	2376	TC
1	49163272	2748	TC
1	49163423	151	CT
1	49168261	4568	CT
1	49168605	344	GA
1	49171780	2867	GT
1	49171888	108	GA
1	49172512	624	CT
1	49174268	1756	TC
1	49174314	46	CG
1	49174770	456	GT
1	49176239	1469	AG
1	49176361	122	GT
1	49176800	439	GA
1	49178335	1411	CT
1	49178379	44	GA
1	49181413	2895	GA
1	49181466	53	GC
1	49182066	600	CG
1	49182593	527	CT
1	49183439	846	CT
1	49191020	7015	TC
1	49205344	8388	AG
1	49208104	2531	CT
1	49208491	140	TC
1	49212520	3136	CT
1	49213696	1176	TC
1	49215944	1417	CT
1	49220196	1551	GA
1	49226574	4980	GA
1	49227347	773	CT
1	49234223	4451	TC
1	49235588	1102	GA
1	49235916	328	CT
1	49239468	2760	TC
1	49241563	1503	GA
1	49241994	431	CA
1	49243670	1014	AG
1	49247945	2936	CT
1	49248125	180	CA
1	49250791	1310	TC
1	49251270	161	AC
1	49253071	1355	CT
1	49254294	451	CT
1	49254624	145	TC
1	49254847	223	CT
1	49257039	2129	CT
1	49257355	316	TC
1	49259012	860	GA
1	49259426	414	AC
1	49260867	838	GA
1	49261185	318	CT
1	49261559	374	AG
1	49263336	1035	GA
1	49264873	1354	TC
1	49266458	1090	TC
1	49267951	1218	AG
1	49268488	537	TA
1	49268573	85	CT
1	49269332	759	CT
1	49273771	2437	AT
1	49274637	424	TC
1	49276152	1515	TC
1	49279721	3178	CA
1	49281697	1695	TC
1	49287311	4525	AG
1	49288154	642	AG
1	49290365	1129	GA
1	49290446	81	GA
1	49299298	5661	GA
1	49300385	848	CT
1	49300785	400	AG
1	49303957	2347	AC
1	49306288	2041	GA
1	49312587	3634	GT
1	49312806	219	CT
1	49312972	166	GA
1	49314422	1042	GA
1	49314889	467	GA
1	49315078	189	GA
1	49315106	28	AG
1	49315260	154	TC
1	49315284	24	CT
1	49315594	68	TC
1	49315991	397	AG
1	49316006	15	GA
1	49317195	1189	TA
1	49318527	1132	GA
1	49320232	1652	TC
1	49322541	2272	GA
1	49323982	1441	GT
1	49327132	2747	CT
1	49329310	1741	AG
1	49330410	743	AG
1	49332317	1593	TC
1	49337796	1834	CT
1	49340425	1876	TC
1	49340828	403	GA
1	49342620	1036	AG
1	49344420	977	CT
1	49345321	625	GA
1	49348289	2248	AG
1	49348541	170	TC
1	49348724	183	GA
1	49351891	2377	GA
1	49355303	3250	GC
1	49360874	2200	AG
