1	1588475	1210250	GA
1	1588476	1	AG
1	1588508	32	AG
1	1588515	7	AG
1	1588523	8	CG
1	1588527	4	GA
1	1588535	8	CT
1	1588537	2	GA
1	1588538	1	TC
1	2099690	357586	AG
1	3497377	1096022	CT
1	3498178	681	AC
1	3498181	3	CG
1	3498210	29	TA
1	3498225	15	GA
1	3498229	4	GT
1	3498301	72	GA
1	3498960	579	AG
1	3500752	1556	CA
1	3502924	2153	CT
1	3509199	2175	AC
1	3509811	199	CT
1	3511934	1889	GA
1	3511975	41	GA
1	3517203	3570	GC
1	3517543	340	AG
1	3520442	2524	CT
1	3521061	570	GA
1	3521195	134	CT
1	3521323	128	AG
1	3521474	151	GT
1	3523173	1372	GA
1	3523440	61	AC
1	3523512	72	CT
1	3523674	162	TC
1	3523727	53	TC
1	3524101	335	GA
1	3524151	50	AG
1	3524162	11	GC
1	3524183	21	GA
1	3524217	34	CT
1	3524365	148	CA
1	3524565	200	CG
1	3524797	232	AG
1	3524814	17	CG
1	3525078	264	TC
1	3525231	153	TC
1	3525948	641	TC
1	3526007	59	GC
1	3526085	78	GC
1	3528146	1708	GT
1	3528718	362	TC
1	3528911	193	GA
1	3529788	385	GA
1	3529873	85	GA
1	3530066	193	GT
1	3530113	47	TC
1	3530313	200	TC
1	3530318	5	TA
1	3530367	49	GA
1	3532076	1564	CT
1	3532658	582	GA
1	3534423	1743	GA
1	3540914	591	CT
1	3541099	185	GA
1	3543434	898	CT
1	3545955	2207	CT
1	3548161	1752	TC
1	3553309	4064	GA
1	3556499	3032	GT
1	3558299	1723	GA
1	3570888	10293	TC
1	3575432	3636	AG
1	3577211	1433	GA
1	3578469	1258	GA
1	3582338	2899	GA
1	3582652	314	CA
1	3583515	863	GA
1	3583522	7	GA
1	3583537	15	TG
1	3583628	91	CA
1	3583831	203	GA
1	3583841	10	AT
1	3584058	217	GA
1	3584243	185	TC
1	3584374	131	CT
1	3584430	56	AG
1	3584733	303	CT
1	3585006	97	GT
1	3585037	31	TA
1	3585123	86	GA
1	3585164	41	AG
1	3585179	15	AG
1	3585502	323	AG
1	3585562	60	TC
1	3585847	285	AG
1	3585894	47	GA
1	3589209	2182	CT
1	3590533	638	GA
1	3601222	7519	GC
1	3601407	185	CG
1	3602377	796	GA
1	3602509	132	CT
1	3602522	13	CT
1	3606102	3497	AG
1	3606557	241	AG
1	3607426	841	GA
1	3609505	2079	GC
1	3609605	100	TA
1	3609712	107	TC
1	3611012	1300	GA
1	3611695	626	GA
1	3612039	344	GA
1	3612265	226	GT
1	3613302	799	GA
1	3615270	1335	AG
1	3615688	418	TC
1	3616267	579	GA
1	3617387	1120	GA
1	3618979	984	CT
1	3625678	4702	GT
1	3626102	343	CT
1	3628483	642	AT
1	3631601	2603	GA
1	3631692	91	GC
1	3631820	128	GA
1	3633172	1008	CT
1	3633193	21	TG
1	3633196	3	CA
1	3633265	69	GA
1	3633823	558	GA
1	3634197	291	GA
1	3634209	12	TC
1	3634221	12	TC
1	3635424	790	CT
1	3635483	59	TC
1	3635502	19	GA
1	3635522	20	TC
1	3635546	24	TC
1	3636293	621	CA
1	3637207	914	GA
1	3638024	332	CT
1	3638344	320	GC
1	3638430	86	CT
1	3638738	308	CT
1	3639016	278	TC
1	3639134	118	CG
1	3639171	37	GT
1	3639247	76	CT
1	3639250	3	GA
1	3639339	89	GA
1	3639379	40	GC
1	3639392	13	GA
1	3639680	288	AG
1	3640802	947	GA
1	3640805	3	TC
1	3640900	95	GA
1	3641666	766	CT
1	3641824	158	CT
1	3644583	2649	GA
1	3645498	915	TG
1	3646610	1064	GT
1	3646887	185	GC
1	3648671	1296	AG
1	3648974	143	GA
1	3648984	10	GA
1	3649343	289	GC
1	3649363	20	TC
1	3649677	314	CT
1	3649841	164	AG
1	3649979	138	AG
1	3650200	221	TC
1	3650335	135	GA
1	3650438	103	GA
1	3651315	403	CT
1	3651382	67	GA
1	3651430	48	CT
1	3651618	188	CG
1	3651645	27	CT
1	3651816	171	AC
1	3651850	34	TC
1	3652199	349	AG
1	3652328	129	GA
1	3654291	1572	CT
1	3654359	68	GC
1	3654646	287	GT
1	3655127	429	GA
1	3657992	2796	TC
1	3661315	3024	AG
1	3661578	263	TC
1	3661749	171	AG
1	3663785	502	GA
1	3663852	67	TC
1	3663886	34	GT
1	3664034	148	TC
1	3664273	239	CT
1	3664492	219	AG
1	3664763	63	AG
1	3664889	126	AG
1	3665980	594	TC
1	3666133	153	AG
1	3666375	242	GA
1	3666947	287	AG
1	3667085	138	GA
1	3667241	156	AG
1	3667358	117	AG
1	3668234	876	AG
1	3668644	240	AC
1	3669216	572	CT
1	3669748	532	GC
1	3669770	22	CT
1	3669990	112	AG
1	3670031	41	GA
1	3670300	250	AG
1	3670840	494	CT
1	3671119	279	CG
1	3671149	30	GA
1	3671348	199	CT
1	3671986	437	GA
1	3672554	568	CT
1	3672569	15	CT
1	3672792	223	AG
1	3672809	17	GT
1	3672847	38	GT
1	3674430	642	AG
1	3679055	80	CT
1	3679576	436	TG
1	3679957	280	AG
1	3680794	282	CG
1	3681101	307	TC
1	3681370	269	GA
1	3681673	303	TG
1	3681712	39	GT
1	3681791	79	GT
1	3682125	296	CT
1	3682143	18	TC
1	3682231	88	AG
1	3682261	30	GC
1	3682309	48	TC
1	3682342	33	GT
1	3682350	8	GA
1	3682457	107	TC
1	3682824	367	CT
1	3682969	145	AG
1	3683564	478	CT
1	3685680	1527	CT
1	3686445	765	TC
1	3688081	1284	GA
1	3689796	1631	GA
1	3690537	741	GA
1	3692509	1331	GC
1	3694703	1893	GA
1	3694742	39	CT
1	3699838	3416	AG
1	3701049	887	AG
1	3701661	612	CA
1	3705265	3224	GA
1	3707060	1541	CT
1	3707217	157	AT
1	3707973	540	TC
1	3708557	584	GA
1	3708671	114	GA
1	3708836	165	CA
1	3709978	925	CT
1	3710085	107	TC
1	3710477	392	CT
1	3710478	1	AG
1	3710782	271	GA
1	3710989	207	GC
1	3712418	1429	CG
1	3712492	74	TC
1	3712505	13	TC
1	3712520	15	AG
1	3713106	586	GA
1	3713174	68	CG
1	3713291	117	CT
1	3713382	91	GA
1	3713906	99	CG
1	3714246	340	CT
1	3714803	557	TG
1	3714813	10	GA
1	3715013	200	TC
1	3715072	59	CT
1	3715079	7	TC
1	3715351	272	CT
1	3715397	46	CG
1	3715709	312	CT
1	3716353	56	TC
1	3716427	74	TC
1	3716698	271	GA
1	3717035	337	AG
1	3717502	467	GC
1	3717504	2	TC
1	3717699	195	TG
1	3717915	216	AG
1	3718180	265	AG
1	3718181	1	AC
1	3718231	50	GA
1	3719022	762	GA
1	3719126	104	TC
1	3719127	1	CA
1	3719654	152	TG
1	3719723	69	TC
1	3719724	1	CT
1	3719944	220	GA
1	3720172	228	GC
1	3720685	466	GT
1	3720878	193	CT
1	3720923	45	GA
1	3721081	158	TC
1	3721084	3	CT
1	3721091	7	AC
1	3721119	28	GA
1	3722748	1477	CT
1	3723644	867	TC
1	3726953	2890	CT
1	3726954	1	GA
1	3727162	69	CT
1	3727395	233	GC
1	3727652	206	CT
1	3727735	83	AG
1	3727769	34	GA
1	3728749	980	GA
1	3728865	116	AG
1	3730418	1516	TC
1	3731420	787	AC
1	3731932	512	TG
1	3731960	28	TC
1	3732438	478	GA
1	3732935	497	GA
1	3733401	466	TG
1	3734501	321	GA
1	3734513	12	AG
1	3734859	346	GA
1	3734915	56	GC
1	3735049	134	CT
1	3735850	779	AG
1	3735932	82	TC
1	3737009	1077	GA
1	3738069	913	CT
1	3738558	489	CT
1	3738739	181	CT
1	3739183	419	AG
1	3739833	650	AG
1	3740073	240	GA
1	3740958	867	GA
1	3750352	8490	CT
1	3751122	715	GA
1	3753564	2100	TC
1	3753854	290	GA
1	3753861	7	TG
1	3753929	68	CG
1	3753949	20	GA
1	3754214	58	CT
1	3754770	556	GA
1	3755270	348	AG
1	3756134	195	CT
1	3756680	410	AG
1	3756705	25	TC
1	3756726	21	CT
1	3756992	266	AG
1	3757043	51	CT
1	3757374	331	TA
1	3757871	497	AG
1	3757910	39	CA
1	3757927	17	TC
1	3757961	34	GA
1	3758305	344	GC
1	3758511	206	TA
1	3758531	20	CT
1	3758603	72	CT
1	3758680	77	GA
1	3758722	42	GA
1	3758725	3	AG
1	3758730	5	AC
1	3759059	329	CG
1	3759836	497	GA
1	3759871	35	CT
1	3759972	101	GA
1	3760708	213	CT
1	3760714	6	CG
1	3760757	43	GA
1	3763580	478	AG
1	3763584	4	GA
1	3763908	324	GA
1	3764033	125	TC
1	3764571	425	AC
1	3764697	126	CT
1	3764752	55	AG
1	3764967	215	GA
1	3765321	323	GA
1	3765669	348	GA
1	3766879	1210	AG
1	3767445	566	CG
1	3781746	8780	GA
1	3781766	20	TC
1	3782823	476	AG
1	3782974	151	AG
1	3783009	35	AG
1	3783177	168	TC
1	3783281	104	CT
1	3783497	216	AG
1	3783518	21	TG
1	3784117	599	CA
1	3784335	218	CT
1	3784366	31	GA
1	3785460	391	AG
1	3785527	67	AG
1	3785638	111	GC
1	3785683	45	CT
1	3785903	220	CT
1	3786220	210	GT
1	3786229	9	GA
1	3786230	1	TC
1	3786302	72	AG
1	3786374	72	GA
1	3786686	312	AG
1	3786702	16	AC
1	3788392	216	CG
1	3790409	1713	GC
1	3791365	907	CT
1	3791718	353	CT
1	3792033	315	CA
1	3792054	21	GA
1	3792141	87	CT
1	3792146	5	TC
1	3792505	359	CT
1	3792597	92	CA
1	3792620	23	GA
1	3792624	4	GA
1	3792693	69	GA
1	3792833	140	GA
1	3793850	771	AG
1	3793876	26	CT
1	3794048	172	TC
1	3794849	801	GA
1	3795195	346	GT
1	3795824	581	TG
1	3795908	84	CT
1	3796428	520	GA
1	3798652	1935	CT
1	3799232	580	AG
1	3799739	507	GA
1	3800987	1248	GT
1	3801349	122	GA
1	3801684	335	AG
1	3802042	358	GT
1	3802506	464	GA
1	3807099	3592	GA
1	3807950	851	GC
1	3811637	3442	CT
1	3811640	3	CT
1	3812639	999	GA
1	3814724	1800	AG
1	3814985	261	GT
1	3815214	189	GA
1	3815812	557	GA
1	3816042	230	TC
1	3817196	850	AC
1	3818902	1706	TC
1	3819608	706	AC
1	3820221	572	GA
1	3820595	374	GA
1	3838094	16204	TC
1	3838166	72	AG
1	3839902	1736	CA
1	3840102	200	AG
1	3840863	761	CT
1	3841134	117	AT
1	3842971	1353	CT
1	3843138	167	CT
1	3843141	3	CT
1	3844692	1074	CT
1	3845465	726	GA
1	3846432	936	CT
1	3846739	307	CT
1	3847678	381	GC
1	3848576	239	GA
1	3849012	436	GA
1	3849114	102	GA
1	3850790	1508	GC
1	3851051	213	AG
1	3851867	693	CA
1	3851926	59	GT
1	3851932	6	GA
1	3852096	164	GA
1	3852418	322	CT
1	3852485	67	TC
1	3852517	32	CT
1	3855414	655	GA
1	3855876	462	CT
1	3857276	1400	GA
1	3857317	41	CA
1	3857318	1	GA
1	3859380	987	GA
1	3860275	895	CT
1	3865489	3196	GT
1	3872438	1920	CT
1	3872598	160	GA
1	3872874	146	TC
1	3872891	17	GA
1	3872911	20	TC
1	3873303	392	AG
1	3873667	364	CT
1	3873873	206	AG
1	3875522	1526	CT
1	3877222	1571	AT
1	3877300	78	TA
1	3877583	283	TA
1	3877935	352	TC
1	3879042	1107	CT
1	3879723	335	AG
1	3880323	600	CT
1	3880573	250	CT
1	3880718	145	GA
1	3885845	4551	GA
1	3886408	461	CT
1	3887724	1316	AC
1	3887748	24	GA
1	3888126	378	GA
1	3888406	280	CT
1	3889626	1220	CG
1	3892787	3036	TC
1	3893038	251	CT
1	3895616	1505	CT
1	3898516	1619	CT
1	3901000	1971	TC
1	3901123	123	CT
1	3901288	165	GA
1	3903511	1601	TC
1	3904204	587	CT
1	3904415	211	TC
1	3904737	322	GA
1	3904810	73	GC
1	3904968	158	GA
1	3905025	57	TC
1	3907069	1505	CT
1	3907155	86	TC
1	3908640	1458	CA
1	3909974	1160	TC
1	3910194	220	AG
1	3910690	496	CT
1	3910812	122	GA
1	3910820	8	GA
1	3910827	7	AG
1	3911212	329	AG
1	3912071	750	GA
1	3913187	267	TC
1	3913315	128	GA
1	3913677	124	CT
1	3914348	671	GT
1	3914366	18	TC
1	3914402	36	TG
1	3914443	41	TC
1	3914503	60	AG
1	3914584	81	GA
1	3914626	42	CG
1	3915384	758	CT
1	3915411	27	TC
1	3917569	1527	CT
1	3924960	2927	AG
1	3930985	3809	CT
1	3940096	4558	AG
1	3940364	268	GA
1	3961996	14738	GC
1	3962512	392	AG
1	3967949	4224	CA
1	3969573	970	TC
1	3970292	719	CT
1	3970506	214	AG
1	3970801	295	TC
1	3971053	252	GT
1	3972179	970	AG
1	3972187	8	GT
1	3974239	1349	AG
1	3974717	455	GA
1	3974933	216	GA
1	3975931	852	TG
1	3976058	127	GA
1	3976220	162	GA
1	3976283	63	CT
1	3976284	1	GA
1	3976516	183	TC
1	3976869	324	GA
1	3976913	44	GA
1	3977017	104	GA
1	3978679	918	GA
1	3979054	375	TG
1	3979055	1	CT
1	3979848	614	TC
1	3979970	122	CA
1	3979987	17	CG
1	3979991	4	CT
1	3979992	1	AG
1	3980008	16	AG
1	3980045	30	TC
1	3980069	24	TC
1	3980074	5	TA
1	3980075	1	GA
1	3980088	13	TA
1	3980166	78	GA
1	3980238	72	CG
1	3980249	11	CG
1	3980259	10	GA
1	3980280	21	CT
1	3980285	5	TA
1	3980357	72	CG
1	3980366	9	AG
1	3980373	7	GT
1	3980374	1	CA
1	3980381	7	TC
1	3980382	1	GA
1	3980875	290	CT
1	3983064	1258	AG
1	3983394	330	TC
1	3983468	74	CT
1	3983481	13	TC
1	3983483	2	CT
1	3983553	26	CT
1	3983579	26	GA
1	3983637	23	GC
1	3983649	12	TC
1	3983655	6	AG
1	3983727	72	TC
1	3984513	530	AG
1	3984584	71	GA
1	3984701	117	AG
1	3984794	93	CT
1	3984843	49	GA
1	3984881	38	AC
1	3985530	574	CT
1	3986455	534	GC
1	3986535	80	CT
1	3986550	15	GA
1	3986591	41	AG
1	3986824	233	CT
1	3986889	65	CG
1	3986893	4	GA
1	3988057	290	TA
1	3988295	137	CG
1	3988296	1	AG
1	3988318	22	TC
1	3991392	553	TA
1	3993784	1330	TC
1	3993799	15	TC
1	3994647	431	CT
1	3994780	133	GA
1	3994790	10	TA
1	3995120	225	TA
1	3995145	25	AG
1	3996308	116	AG
1	3997592	719	AT
1	3998444	531	CT
1	3998798	354	AG
1	3998857	59	GA
1	4000931	567	GT
1	4001380	353	CA
1	4001633	217	TA
1	4001712	79	CT
1	4001713	1	TC
1	4003443	889	GA
1	4004527	657	CG
1	4008282	786	GC
1	4009741	266	AG
1	4010953	180	GA
1	4011152	199	GC
1	4011487	335	AG
1	4011586	99	AC
1	4011605	19	TC
1	4011628	23	GC
1	4011629	1	AC
1	4011989	145	GA
1	4012296	130	GA
1	4012527	119	GA
1	4012758	101	GA
1	4012776	18	CT
1	4012874	98	GT
1	4013006	132	GA
1	4013125	119	GT
1	4013162	37	GC
1	4013170	8	CG
1	4013173	3	TC
1	4013195	22	TC
1	4013329	134	AG
1	4013483	154	GA
1	4013604	121	AC
1	4013629	25	GA
1	4013655	26	CT
1	4013691	36	AG
1	4014174	230	GA
1	4014251	77	GA
1	4014283	32	GC
1	4014387	104	GC
1	4014395	8	GA
1	4014399	4	CT
1	4014403	4	GA
1	4014456	53	CT
1	4014475	19	GA
1	4014543	68	TC
1	4014620	77	CT
1	4014646	26	CT
1	4014984	338	AG
1	4015120	136	AC
1	4015182	62	GA
1	4015293	111	CG
1	4015693	400	CT
1	4015725	32	GA
1	4015793	68	CT
1	4017042	321	AG
1	4017181	137	CT
1	4017246	65	TA
1	4017261	15	GC
1	4017710	422	CG
1	4017713	3	AG
1	4017842	129	AC
1	4017846	4	CG
1	4017847	1	AG
1	4018220	206	GC
1	4018234	14	TC
1	4018239	5	GA
1	4018956	230	CT
1	4018959	3	TC
1	4019052	93	GC
1	4019062	10	CA
1	4019323	92	CA
1	4020005	177	GA
1	4020009	4	CT
1	4020010	1	TG
1	4020575	278	AT
1	4020872	55	GC
1	4020943	71	TC
1	4020947	4	TC
1	4020952	5	TA
1	4020999	47	TA
1	4021005	5	CT
1	4021009	4	AG
1	4023908	1535	GA
1	4025836	1275	CT
1	4026551	301	AG
1	4026555	4	CG
1	4034886	2355	TC
1	4036815	420	GA
1	4037155	340	TC
1	4037161	6	GC
1	4038330	593	GC
1	4038832	476	GA
1	4039793	512	TG
1	4040160	157	GA
1	4040196	36	GT
1	4042018	1086	GA
1	4043061	335	TC
1	4043572	58	CT
1	4043620	48	TA
1	4044068	300	TC
1	4044324	79	CT
1	4044325	1	AG
1	4044371	41	TG
1	4044414	43	TG
1	4044416	2	AG
1	4044858	442	TC
1	4044859	1	TC
1	4044913	54	CA
1	4044922	9	CT
1	4044929	7	TA
1	4044937	8	AT
1	4044968	31	GA
1	4044970	2	GT
1	4044972	2	GA
1	4045020	48	GA
1	4045056	36	GA
1	4045086	30	GA
1	4045090	4	GC
1	4045112	22	CT
1	4046119	169	GA
1	4046371	32	AG
1	4046434	63	AG
1	4046435	1	GA
1	4047250	12	AG
1	4047371	121	CG
1	4047523	88	GA
1	4047653	130	TG
1	4047671	18	CT
1	4047737	66	CT
1	4048208	264	AG
1	4048226	18	AG
1	4048347	111	AC
1	4048400	53	AG
1	4048522	122	AG
1	4048595	73	TA
1	4048614	19	AC
1	4048661	47	CG
1	4048799	138	TA
1	4048808	9	CT
1	4048818	10	GA
1	4048833	15	CT
1	4048834	1	AG
1	4049233	42	CT
1	4050831	300	TG
1	4050858	27	CT
1	4050945	87	TG
1	4051371	421	AT
1	4051582	155	AT
1	4051585	3	AC
1	4051586	1	GA
1	4051611	25	GT
1	4051672	61	TG
1	4051688	16	TC
1	4051784	96	AC
1	4051814	30	CT
1	4051847	33	TC
1	4052363	148	AG
1	4052402	39	AC
1	4052408	6	TC
1	4052498	90	TC
1	4052581	34	TC
1	4052713	132	CG
1	4052745	32	AC
1	4052837	54	GA
1	4052866	29	AG
1	4052901	35	TC
1	4052950	49	CG
1	4052982	32	TG
1	4053050	68	CG
1	4053052	2	AC
1	4053084	32	AC
1	4053130	46	GA
1	4053255	125	TC
1	4053591	19	TG
1	4053661	70	GC
1	4053720	59	GA
1	4053798	78	CA
1	4053843	45	GT
1	4053882	39	AG
1	4057365	1151	GA
1	4057412	47	AT
1	4057465	53	TC
1	4057477	12	CT
1	4057482	5	CT
1	4057550	68	TC
1	4057575	25	CT
1	4057611	36	TC
1	4057681	70	GT
1	4058253	288	AG
1	4058322	69	AG
1	4059041	719	TA
1	4059190	149	AG
1	4059214	24	CT
1	4059286	72	GA
1	4059318	32	AT
1	4059319	1	GA
1	4059364	45	AC
1	4059400	36	CT
1	4059425	25	CG
1	4059455	30	CT
1	4059738	256	TA
1	4059795	51	GA
1	4059796	1	AT
1	4064697	2631	GA
1	4950674	666534	CA
1	4950687	13	CT
1	4950723	36	CT
1	4951111	388	CT
1	4951503	392	TC
1	4952131	336	CT
1	4952132	1	GA
1	4952290	158	AG
1	4952476	186	AG
1	4952832	222	GT
1	4956366	2617	CG
1	4956876	228	GC
1	4957555	679	CG
1	4957777	222	TA
1	4957989	108	CA
1	4958067	78	CT
1	4958245	178	CA
1	4958823	538	GA
1	4959526	703	CT
1	4960453	927	GA
1	4961241	788	GA
1	4961253	12	GA
1	4961743	490	CT
1	4962388	595	CT
1	4962604	216	CT
1	4964033	1354	AG
1	4965102	1069	TC
1	4966064	318	AC
1	4966263	199	CG
1	4966804	541	CT
1	4967432	509	AG
1	4969406	1821	AG
1	4972233	434	CT
1	4972756	523	TC
1	4973594	650	GA
1	4974082	223	GC
1	4974140	58	TG
1	4974214	74	CT
1	4974340	126	TC
1	4974507	167	GA
1	4974509	2	CT
1	4975301	792	CG
1	4976124	823	GA
1	4976263	139	AG
1	4976375	112	CG
1	4976422	47	AG
1	4976579	157	CT
1	4977494	915	TG
1	4977501	7	TA
1	4977511	10	AG
1	4977908	397	AC
1	4980683	2775	AT
1	4981296	613	AG
1	4981476	180	CT
1	4981579	103	CT
1	4982665	1032	TC
1	4984843	2178	CG
1	4985041	198	GT
1	4988795	3435	CT
1	5048196	48196	GT
1	5052950	4453	TC
1	5054081	1049	GA
1	5054307	226	CT
1	5054678	371	GA
1	5055341	663	AG
1	5055531	190	GC
1	5055567	36	GC
1	5057169	1260	CT
1	5057248	79	CT
1	5057290	42	AC
1	5058303	1013	CT
1	5058362	59	CG
1	5059044	682	CT
1	5060207	988	TC
1	5060369	162	AG
1	5060870	462	CT
1	5061939	905	AG
1	5062746	774	GA
1	5068096	3872	GA
1	5069815	1533	CT
1	5070618	803	CT
1	5070619	1	GA
1	5072907	2218	AG
1	5073738	831	AG
1	5073887	149	CT
1	5075437	1506	GT
1	5077508	1781	GA
1	5077610	102	GC
1	5077632	22	TA
1	5081023	2242	CT
1	5081286	239	GA
1	5083612	2292	TC
1	5083759	147	CT
1	5083894	135	CT
1	5084158	264	AG
1	5084354	196	CT
1	5084379	25	GA
1	5084553	174	TC
1	5084574	21	CA
1	5084641	67	CT
1	5084645	4	GA
1	5084718	73	TC
1	5085145	392	CT
1	5085159	14	AG
1	5085228	69	AG
1	5085442	214	TC
1	5087023	1581	GA
1	5088022	740	AG
1	5088082	60	TC
1	5088230	148	CT
1	5088479	249	AG
1	5088813	334	CT
1	5088913	100	TC
1	5088990	77	GA
1	5089539	549	TC
1	5089760	221	TC
1	5090220	460	AC
1	5090297	77	CT
1	5090645	251	TC
1	5090652	7	TC
1	5090784	132	GA
1	5090791	7	CT
1	5090799	8	CG
1	5090940	141	GA
1	5091081	141	CT
1	5091104	23	CT
1	5091261	157	GA
1	5091342	81	CT
1	5091366	24	TC
1	5091727	96	GA
1	5092165	438	TC
1	5092957	315	TG
1	5092958	1	CA
1	5092970	12	GA
1	5092986	16	CT
1	5093121	135	GA
1	5093159	38	CT
1	5093279	120	GA
1	5093731	452	AC
1	5093936	205	TC
1	5094309	373	GA
1	5094723	346	CT
1	5094738	15	TC
1	5094750	12	GA
1	5094842	92	TC
1	5094968	126	AG
1	5095331	363	GC
1	5095420	89	AG
1	5095441	21	CT
1	5095558	117	AG
1	5095821	263	GA
1	5095925	104	CT
1	5095950	25	CG
1	5097255	138	GA
1	5097298	43	TA
1	5097311	13	TC
1	5097321	10	AC
1	5097406	85	CT
1	5097436	30	CG
1	5097438	2	AG
1	5097682	244	CT
1	5098036	354	CT
1	5098101	65	CT
1	5098110	9	TC
1	5098258	148	GC
1	5098517	259	AG
1	5098996	479	GC
1	5099027	31	AG
1	5099114	87	CG
1	5099140	26	TC
1	5099141	1	GA
1	5099163	22	GC
1	5099497	334	TC
1	5099525	28	CT
1	5099647	122	TC
1	5099669	22	AG
1	5099687	18	TC
1	5101367	339	GA
1	5102264	595	CT
1	5103786	1411	GA
1	5122120	11674	TC
1	5123974	319	CA
1	5124938	261	GA
1	5126493	281	AG
1	5126602	109	AC
1	5127312	222	GA
1	5127685	5	TG
1	5127768	83	CT
1	5128156	388	TC
1	5128294	138	CT
1	5133075	3812	AC
1	5133477	91	AG
1	5136057	1372	CG
1	5143371	4262	GC
1	5143378	7	GC
1	5150780	4784	AG
1	5151038	151	CT
1	5151422	384	AC
1	5156391	4571	CT
1	5161187	2937	CT
1	5164612	2739	AG
1	5165063	451	AT
1	5165237	127	GA
1	5167031	1561	TG
1	5167474	346	AG
1	5167810	287	CT
1	5167905	95	TC
1	5167961	56	AG
1	5168188	227	GA
1	5168378	190	TC
1	5168384	6	GA
1	5168639	189	TC
1	5168654	15	TC
1	5168756	102	TC
1	5169662	152	TC
1	5169749	87	CA
1	5169935	151	CT
1	5169984	49	GA
1	5170062	78	CT
1	5171110	1048	AG
1	5171193	83	CG
1	5171554	361	CA
1	5171808	159	CT
1	5172835	1027	TC
1	5172930	95	GA
1	5173541	611	TC
1	5173980	308	CT
1	5174515	535	CG
1	5175049	534	TC
1	5175100	51	GC
1	5175139	39	CT
1	5175491	321	GA
1	5176009	518	TG
1	5176168	159	GC
1	5176249	81	TC
1	5176487	238	TG
1	5176493	6	TC
1	5176776	283	TA
1	5176819	43	CT
1	5176942	123	CG
1	5177025	83	GA
1	5177724	699	CT
1	5177819	95	AG
1	5177857	38	GA
1	5178753	896	GT
1	5178843	90	GA
1	5179059	216	GC
1	5179299	240	TG
1	5179607	308	TG
1	5183231	2954	GC
1	5183284	53	GA
1	5184042	758	CT
1	5184937	895	TC
1	5185924	895	GA
1	5186817	893	GT
1	5187629	812	AG
1	5187703	74	TG
1	5190857	2888	GA
1	5192077	1220	CT
1	5192925	507	GA
1	5193617	692	AG
1	5193829	212	CT
1	5194300	471	CT
1	5194610	310	GA
1	5195100	490	GA
1	5195969	869	GT
1	5196156	187	TG
1	5197152	996	TC
1	5197944	792	CG
1	5198302	358	GA
1	5198402	100	AG
1	5198476	74	CT
1	5198693	217	AG
1	5199027	275	CT
1	5199634	607	GC
1	5199671	37	CT
1	5199891	220	CT
1	5200568	677	GA
1	5205728	4800	GT
1	5209221	2911	GT
1	5210086	865	AG
1	5210308	222	TC
1	5210796	488	GT
1	5211072	276	AC
1	5211670	580	GA
1	5212148	478	TC
1	5212161	13	AG
1	5212317	156	GA
1	5212894	577	CT
1	5213712	818	CG
1	5214699	964	GT
1	5214999	300	GA
1	5216498	1018	CT
1	5216660	118	CT
1	5216937	277	TC
1	5217429	40	CT
1	5217604	175	GA
1	5217632	28	TG
1	5217644	12	CT
1	5218030	386	CT
1	5220785	2755	TC
1	5221142	357	GA
1	5222153	1011	CA
1	5222249	96	AG
1	5222735	312	TC
1	5246208	14361	GA
1	5248344	2136	GC
1	5250045	1428	TC
1	5250145	100	CT
1	5250153	8	TC
1	5250689	177	CT
1	5250699	10	GA
1	5256253	4410	AG
1	5257138	609	AG
1	5258560	930	AG
1	5260900	2031	CT
1	5264986	2600	GA
1	5267947	1574	AG
1	5267955	8	CA
1	5268626	671	CT
1	5271699	1470	AG
1	5271790	91	TC
1	5272638	806	GT
1	5272828	190	AG
1	5273272	444	GT
1	5273309	37	CT
1	5274050	352	AG
1	5274141	91	TC
1	5275323	918	GA
1	5275635	145	CG
1	5275680	45	CT
1	5275898	218	CA
1	5276590	496	CT
1	5278093	1462	TC
1	5278215	122	GC
1	5278455	240	TC
1	5278876	421	TG
1	5278993	117	AG
1	5279676	287	GA
1	5279797	121	GA
1	5280078	281	TG
1	5280294	216	AG
1	5280438	144	CT
1	5280824	386	AG
1	5281667	546	TA
1	5283522	1588	TC
1	5283530	8	GA
1	5283531	1	AT
1	5284026	495	TA
1	5284710	684	AG
1	5284722	12	GA
1	5284958	236	CT
1	5286569	1574	GC
1	5286911	152	CT
1	5287284	373	AC
1	5290277	1632	CA
1	5290559	242	GA
1	5292141	1582	AG
1	5292247	106	TC
1	5293648	769	AG
1	5296604	1953	AG
1	5296995	391	AC
1	5297693	698	AC
1	5300013	1086	TC
1	5300421	309	TG
1	5300932	344	TC
1	5300955	23	CT
1	5301256	154	GC
1	5301646	189	CT
1	5301982	336	CA
1	5302160	178	AC
1	5302298	138	CA
1	5302366	68	CT
1	5302427	61	AG
1	5302607	180	AC
1	5302652	45	AT
1	5302741	89	TC
1	5303406	630	TC
1	5303456	50	CT
1	5303728	272	TC
1	5303775	47	TC
1	5303896	121	CT
1	5304301	242	AC
1	5304419	7	TC
1	5304464	45	TC
1	5305095	495	AG
1	5305742	187	AC
1	5305818	76	CG
1	5306028	210	CA
1	5306150	122	CT
1	5306683	235	AC
1	5306738	55	TC
1	5306895	157	TC
1	5307101	206	TC
1	5307321	220	AG
1	5307857	214	TC
1	5307976	119	GA
1	5308113	137	CT
1	5308390	277	CA
1	5308813	423	GA
1	5308981	168	AT
1	5308982	1	AT
1	5311695	518	GA
1	5311793	98	CT
1	5311838	45	TA
1	5313099	477	CA
1	5328446	1165	TC
1	5329619	1015	CG
1	5329748	129	CA
1	5329925	177	TC
1	5330775	850	GA
1	5332009	1234	TC
1	5332046	37	GA
1	5333140	444	AT
1	5333732	248	CA
1	5334006	274	AG
1	5334653	647	GT
1	5340290	415	CT
1	5340848	186	CA
1	5345717	3106	GT
1	5345885	168	GT
1	5345928	43	CG
1	5346164	236	AC
1	5347206	922	GA
1	5347802	316	CT
1	5347913	111	AC
1	5347992	79	CT
1	5348296	304	AG
1	5348867	571	CT
1	5356751	3016	CA
1	5357341	590	AT
1	5363718	2927	TC
1	5369557	2697	GA
1	5373799	3150	GC
1	5375117	1318	TC
1	5385446	4974	GA
1	5397981	10849	TC
1	5398774	571	TC
1	5400479	477	TC
1	5401558	897	AC
1	5402076	481	GA
1	5402111	35	AG
1	5402748	637	CA
1	5403705	340	CT
1	5404665	156	AG
1	5404846	181	AG
1	5404874	28	AG
1	5404961	87	CT
1	5404985	24	TC
1	5405030	45	CG
1	5407164	289	GA
1	5407418	254	AG
1	5407870	452	TG
1	5408703	793	GC
1	5409083	380	AT
1	5410185	368	TC
1	5410437	252	AG
1	5419554	5461	AG
1	5419648	94	CT
1	5423155	895	CG
1	5424929	1268	GA
1	5426837	1476	GA
1	5427388	420	GC
1	5427527	139	GA
1	5429208	1240	GC
1	5431900	1851	GC
1	5432086	186	TC
1	5433842	1276	GC
1	5435497	1350	AC
1	5435519	22	AG
1	5435595	76	GA
1	5436130	482	TC
1	5437211	343	TC
1	5437394	183	TC
1	5438620	1008	AG
1	5438686	66	TC
1	5439064	240	GA
1	5439155	91	TC
1	5439199	44	CT
1	5439280	81	CT
1	5439851	329	TC
1	5441538	885	CT
1	5441677	139	TC
1	5442034	357	TC
1	5442061	27	CT
1	5442986	865	CT
1	5444278	853	GT
1	5446480	1235	GA
1	5447182	449	CA
1	5447335	153	GA
1	5448819	511	GA
1	5450406	1129	GA
1	5450737	331	AC
1	5451063	326	CT
1	5451142	79	GA
1	5451263	121	CT
1	5453236	878	GA
1	5453628	349	CT
1	5454284	451	GA
1	5454362	78	GA
1	5454466	104	CT
1	5455299	334	CT
1	5455317	18	GA
1	5455500	183	CA
1	5456416	503	AG
1	5456856	440	GT
1	5459275	1771	GA
1	5459427	152	GA
1	5459844	308	GT
1	5460116	272	GA
1	5460247	131	GT
1	5461710	688	CG
1	5463613	1241	AG
1	5463672	59	CG
1	5463706	34	AG
1	5463783	77	CT
1	5464042	259	GT
1	5466440	1663	GT
1	5466530	90	AG
1	5466566	36	AG
1	5466684	118	CT
1	5466712	28	TC
1	5467710	669	CT
1	5468141	98	TC
1	5469589	578	GA
1	5469601	12	GA
1	5469602	1	GA
1	5469608	6	GC
1	5469802	34	GA
1	5470068	121	CT
1	5470105	37	CT
1	5470302	197	AG
1	5471625	896	GA
1	5471639	14	GA
1	5473118	418	GA
1	5473974	52	GC
1	5475052	1026	GA
1	5476304	1014	GA
1	5478270	1482	GA
1	5478436	166	GT
1	5478920	484	GC
1	5478922	2	TG
1	5479881	618	GA
1	5483385	1796	GA
1	5483805	420	CT
1	5484949	815	TC
1	5485895	314	CT
1	5485915	20	GA
1	5486448	225	AG
1	5488391	1349	CA
1	5489005	161	AG
1	5489453	227	GA
1	5489509	56	GC
1	5489515	6	CT
1	5489779	264	TC
1	5490662	415	GA
1	5490668	6	GA
1	5492105	786	AG
1	5492769	239	TC
1	5492807	38	GA
1	5493245	438	AG
1	5493629	384	AG
1	5493679	50	AG
1	5493839	160	TC
1	5496428	2496	CT
1	5497325	659	GT
1	5497339	14	GC
1	5497363	24	GA
1	5497540	177	AG
1	5497721	181	CA
1	5498323	602	GA
1	5499660	875	AT
1	5501143	1096	TC
1	5501338	195	AG
1	5503362	1857	GA
1	5503438	76	CT
1	5503762	233	TC
1	5504044	282	GA
1	5509904	4582	CT
1	5515644	4025	GT
1	5516747	503	CT
1	5519247	2145	GA
1	5523333	2606	AT
1	5530610	6057	TC
1	5530679	69	GA
1	5531513	834	CT
1	5532325	430	AG
1	5542009	3660	CT
1	5542759	446	CT
1	5544193	1434	GA
1	5545190	997	CT
1	5546592	842	AG
1	5546676	84	TC
1	5546809	133	GA
1	5547063	254	CA
1	5547073	10	AT
1	5547226	153	CT
1	5547290	64	AG
1	5547605	315	GA
1	5548020	415	CT
1	5548347	327	CT
1	5548441	94	TC
1	5561980	3122	CT
1	5562172	192	GA
1	5567937	2960	GA
1	5569592	249	CT
1	5569813	221	AC
1	5569836	23	AG
1	5569886	50	GA
1	5570604	239	GT
1	5570710	106	TC
1	5570848	138	TC
1	5570855	7	GC
1	5571945	794	TC
1	5572459	514	TC
1	5573339	139	CT
1	5573468	129	GA
1	5574543	1048	TC
1	5574614	71	TC
1	5574976	222	AG
1	5574981	5	CT
1	5575149	168	AG
1	5575311	162	TC
1	5575594	231	GC
1	5575839	245	TC
1	5575921	82	GA
1	5576216	274	GA
1	5576631	415	TC
1	5576672	41	TC
1	5576673	1	GA
1	5577365	473	AG
1	5577651	136	AG
1	5578386	471	CG
1	5578516	130	AG
1	5578546	30	GA
1	5578793	247	AG
1	5579602	809	CT
1	5580969	1281	GA
1	5581507	538	GT
1	5583175	1668	AG
1	5587391	3660	CG
1	5587393	2	TG
1	5587512	119	AC
1	5588022	510	AG
1	5588175	129	GT
1	5588657	457	AT
1	5590402	1036	GA
1	5591642	1240	CT
1	5591664	22	TC
1	5591722	58	CT
1	5592840	524	TC
1	5593156	316	GA
1	5597197	3390	AC
1	5597866	628	TG
1	5598400	534	CA
1	5601680	2402	GA
1	5606525	4248	AG
1	5606529	4	GC
1	5607660	1011	TC
1	5607796	136	CT
1	5607947	151	TC
1	5607966	19	TA
1	5608025	59	GA
1	5608152	127	TC
1	5608549	397	GC
1	5609009	188	GA
1	5609259	250	GA
1	5609279	20	CT
1	5609479	200	GA
1	5609520	41	TC
1	5609525	5	AG
1	5609636	111	GC
1	5609641	5	TC
1	5609717	76	GC
1	5609780	63	CT
1	5610031	65	CT
1	5610201	170	TC
1	5610880	679	TC
1	5611419	539	GA
1	5611913	494	CT
1	5611931	18	TC
1	5612032	71	CT
1	5612781	558	TC
1	5612786	5	AT
1	5613385	410	GC
1	5613552	167	GT
1	5614030	478	TC
1	5614465	435	CT
1	5614566	101	TC
1	5614567	1	GA
1	5614811	216	AG
1	5615033	222	AG
1	5615400	162	TG
1	5615437	37	TC
1	5615506	69	GA
1	5615516	10	AG
1	5615658	142	CT
1	5615676	18	CG
1	5615865	189	CT
1	5616007	142	GA
1	5616289	282	CT
1	5616393	104	GA
1	5616476	83	GA
1	5616480	4	TG
1	5617246	512	GC
1	5617290	44	AG
1	5617644	307	GT
1	5617708	64	CG
1	5617710	2	GA
1	5617716	6	CT
1	5617767	51	AG
1	5617856	89	TG
1	5617886	30	CT
1	5617928	42	TC
1	5618082	154	GA
1	5618110	28	CT
1	5618182	72	TC
1	5618201	19	GA
1	5618316	115	GT
1	5618366	50	AG
1	5618411	45	AG
1	5618939	476	CT
1	5619310	371	CT
1	5619319	9	CT
1	5619324	5	CT
1	5619983	659	AG
1	5620415	432	GA
1	5621410	889	CT
1	5621598	188	CT
1	5622397	799	AG
1	5622478	46	TC
1	5622482	4	AG
1	5623045	563	AG
1	5623302	45	GA
1	5623339	37	CT
1	5623460	121	CT
1	5623536	76	CG
1	5624502	927	AG
1	5624873	67	AG
1	5624910	37	CA
1	5624998	88	GT
1	5625013	15	GA
1	5625098	85	TC
1	5628439	3277	GT
1	5628776	179	GA
1	5628802	26	AG
1	5630059	1117	GA
1	5634725	3493	TC
1	5634734	9	TG
1	5635497	214	CT
1	5636132	539	GA
1	5636175	43	AG
1	5636177	2	GA
1	5636263	86	TG
1	5636305	42	CT
1	5636359	54	CA
1	5636410	51	TA
1	5636460	50	CT
1	5636625	165	TC
1	5636901	168	GA
1	5637181	88	GC
1	5637270	89	CT
1	5640612	2264	CT
1	5641845	242	GA
1	5643201	1014	AC
1	5643519	200	CT
1	5643863	344	AG
1	5648289	2548	CT
1	5650465	1467	AG
1	5650579	114	CG
1	5650583	4	CA
1	5650584	1	AG
1	5650705	121	CG
1	5650706	1	TG
1	5650798	92	AG
1	5650866	68	GA
1	5650933	67	GC
1	5650962	29	GA
1	5651168	206	GA
1	5651798	630	AG
1	5651818	20	TC
1	5652008	115	CT
1	5652208	200	AG
1	5652231	23	AG
1	5652264	33	CA
1	5652401	25	CT
1	5652429	28	GA
1	5653109	680	CT
1	5653233	124	AC
1	5653473	240	CA
1	5654541	1068	GA
1	5654600	59	CT
1	5655083	483	TC
1	5655150	67	CT
1	5655537	387	CT
1	5656159	622	CT
1	5656339	180	GT
1	5656374	35	GA
1	5656386	12	CT
1	5656705	319	CT
1	5656989	284	GA
1	5657405	416	AG
1	5657525	120	GA
1	5657567	42	CT
1	5657765	198	TG
1	5657863	98	AG
1	5658007	144	CA
1	5658095	88	CT
1	5658286	191	CA
1	5658425	139	GA
1	5660006	1022	GA
1	5660025	19	AG
1	5660132	107	TC
1	5660151	19	TC
1	5660362	211	GA
1	5660390	28	CG
1	5660438	48	CG
1	5660486	48	AC
1	5660521	35	TC
1	5660734	213	CT
1	5660924	190	GT
1	5661386	209	CT
1	5661398	12	CT
1	5661654	214	GA
1	5661839	185	AG
1	5662113	274	TC
1	5662137	24	GA
1	5662200	63	CT
1	5662503	224	AC
1	5662688	185	AG
1	5662751	63	TC
1	5663617	522	AC
1	5663823	206	AG
1	5663980	157	AG
1	5664001	21	GA
1	5664795	413	TC
1	5664877	82	GA
1	5665043	166	TC
1	5665132	89	GA
1	5665927	795	CT
1	5666278	351	CT
1	5670535	3817	CT
1	5672303	1581	CT
1	5672352	49	GA
1	5673811	1259	CG
1	5673872	61	CT
1	5673954	82	TG
1	5674673	719	GA
1	5675540	806	CT
1	5675945	405	AG
1	5676151	206	CT
1	5676154	3	CT
1	5676400	246	AG
1	5676410	10	CG
1	5676431	21	GA
1	5676660	229	TC
1	5677043	383	AG
1	5677468	425	CT
1	5677487	19	TC
1	5677968	481	TC
1	5678008	40	AG
1	5678167	159	TC
1	5678218	51	CT
1	5678234	16	GA
1	5678346	112	GA
1	5678398	52	GA
1	5678438	40	AG
1	5678644	206	AG
1	5678676	32	GA
1	5679242	407	CT
1	5679636	394	CT
1	5679742	106	CT
1	5679764	22	CT
1	5679792	28	CT
1	5679801	9	CG
1	5679958	157	CG
1	5680009	51	GA
1	5680428	232	CT
1	5680487	59	CA
1	5680756	269	AG
1	5680834	78	CT
1	5680862	28	TA
1	5681447	521	AG
1	5681452	5	CT
1	5684578	905	CT
1	5685241	663	CT
1	5689351	3744	CT
1	5690970	1619	GA
1	5696888	4900	CT
1	5699933	2380	CT
1	5700122	189	GA
1	5700754	632	CT
1	5701700	417	AG
1	5701712	12	AG
1	5702133	421	AT
1	5702646	210	TC
1	5704394	1624	CG
1	5705630	843	CT
1	5709214	3510	TG
1	5710100	305	AG
1	5710946	827	CA
1	5711631	451	GA
1	5712988	1025	TC
1	5714091	833	AG
1	5714100	9	GA
1	5714101	1	TC
1	5714265	164	CG
1	5714692	427	CG
1	5716485	1325	CG
1	5716940	149	GA
1	5717083	143	TG
1	5717617	534	TC
1	5718424	807	AC
1	5718530	106	CT
1	5718613	83	TC
1	5718857	244	CG
1	5719127	270	AG
1	5719158	31	GA
1	5719358	200	CT
1	5719456	98	AG
1	5719726	270	GC
1	5719898	172	TC
1	5720353	177	TG
1	5723141	1518	AG
1	5723159	18	GA
1	5723384	225	TC
1	5725375	901	AG
1	5726032	520	TC
1	5726039	7	AG
1	5726141	102	CT
1	5726230	89	GA
1	5726572	342	GC
1	5726641	69	GT
1	5726971	330	GA
1	5727015	44	CT
1	5727045	30	GT
1	5727067	22	CT
1	5727245	178	GC
1	5727411	166	AG
1	5727477	66	GA
1	5727565	88	CA
1	5727705	140	CT
1	5727761	56	CA
1	5728008	247	TC
1	5728068	60	TC
1	5728077	9	GA
1	5728116	39	TC
1	5728294	178	CT
1	5728903	592	CA
1	5729089	186	TC
1	5729157	68	CG
1	5729396	239	TC
1	5729822	408	CT
1	5731158	931	GT
1	5731433	275	TC
1	5731738	305	CT
1	5731795	57	AG
1	5732037	242	TC
1	5732185	148	GC
1	5732413	228	AG
1	5732771	358	AG
1	5732819	48	TC
1	5733195	376	GC
1	5733339	144	AG
1	5733489	150	GA
1	5733818	329	GA
1	5734406	413	TC
1	5734598	118	CA
1	5735314	422	GA
1	5737426	1448	CA
1	5737437	11	AT
1	5737452	15	AG
1	5737912	259	CT
1	5737921	9	TC
1	5738409	271	CT
1	5738896	487	TC
1	5740621	1725	AG
1	5741376	212	GA
1	5741491	115	CT
1	5741769	278	GA
1	5741841	72	AC
1	5741951	110	AG
1	5742097	146	TC
1	5743064	875	TC
1	5743300	153	CT
1	5743450	150	AC
1	5743748	298	TC
1	5748505	3845	GC
1	5749319	814	CT
1	5750536	656	CT
1	5752472	1271	CT
1	5753026	554	CT
1	5753253	227	CT
1	5753408	155	GA
1	5754449	748	AG
1	5755425	948	TC
1	5755630	205	CT
1	5755659	29	GA
1	5755676	17	GA
1	5756725	711	GA
1	5757526	801	TA
1	5758549	636	TC
1	5759588	776	AG
1	5760338	594	CT
1	5760707	369	AC
1	5760711	4	CG
1	5761211	500	CT
1	5762228	488	AT
1	5762354	126	CT
1	5762614	260	TC
1	5763548	499	GC
1	5764694	380	TC
1	5764742	48	CT
1	5764776	34	CT
1	5764870	94	CA
1	5764888	18	AG
1	5765144	256	AC
1	5765211	67	CT
1	5765292	81	GA
1	5765430	138	TG
1	5765434	4	CT
1	5765446	12	TC
1	5765457	11	TG
1	5765519	62	GA
1	5765626	107	AG
1	5765663	37	GC
1	5765677	14	GA
1	5765744	67	GA
1	5765808	64	GA
1	5766278	470	AT
1	5767479	1118	GA
1	5767690	211	CA
1	5768190	500	CT
1	5768541	351	AG
1	5768586	45	CA
1	5771486	2592	GC
1	5771756	270	CT
1	5771835	79	AG
1	5772311	97	CA
1	5772617	306	CT
1	5772633	16	CT
1	5772800	167	GC
1	5773243	443	AG
1	5773572	329	AG
1	5773726	154	GA
1	5777656	2756	AG
1	5778818	1162	GA
1	5781542	1623	GA
1	5783162	1156	CT
1	5788033	3825	GA
1	5788736	609	GA
1	5789912	858	GA
1	5789915	3	AG
1	5790362	251	CG
1	5790570	183	TC
1	5790625	55	TA
1	5791482	140	CT
1	5791575	93	AC
1	5792715	720	TC
1	5793059	133	AG
1	5793077	18	GA
1	5793133	56	CT
1	5793136	3	AG
1	5793151	15	GA
1	5793154	3	CA
1	5794253	1019	CT
1	5794572	295	GA
1	5794665	93	CT
1	5794721	56	CT
1	5794920	199	CT
1	5794970	50	AG
1	5795169	199	GA
1	5795551	382	GA
1	5795701	150	AG
1	5795758	57	AG
1	5796378	356	AG
1	5796555	177	GA
1	5796924	369	CT
1	5796950	26	GA
1	5796991	41	GA
1	5797085	94	AG
1	5797319	234	CT
1	5797572	253	TG
1	5797803	231	CT
1	5797976	173	TC
1	5799022	775	CT
1	5799110	88	GA
1	5799143	33	CG
1	5799804	558	CA
1	5802179	2356	AG
1	5804400	1786	CT
1	5804500	100	GA
1	5805034	267	CG
1	5805188	74	GA
1	5805304	116	AC
1	5807049	1182	GT
1	5809066	1065	GT
1	5809758	466	GA
1	5812530	1562	TC
1	5812531	1	GT
1	5812606	75	GT
1	5813160	554	CG
1	5848064	18189	GT
1	5848120	56	AG
1	5848124	4	CG
1	5867740	8265	TC
1	5871430	2916	GA
1	5872243	307	TC
1	5879970	2984	TC
1	5880222	39	GA
1	5881364	556	GA
1	5881490	126	CT
1	5881533	43	CG
1	5881733	200	GA
1	5882670	683	TC
1	5884444	1157	GT
1	5884653	209	GA
1	5886102	1145	CT
1	5886312	210	AG
1	5886627	315	AC
1	5886737	110	AT
1	5886739	2	GT
1	5886791	52	TA
1	5886867	76	CG
1	5886884	17	TC
1	5886945	61	GA
1	5886966	21	CT
1	5887003	37	CT
1	5887010	7	TC
1	5887053	43	GA
1	5887570	517	CG
1	5888242	628	TC
1	5888356	114	CT
1	5888549	168	GA
1	5888607	58	TC
1	5888640	33	CT
1	5889767	812	GA
1	5890347	295	CT
1	5890444	97	CT
1	5890559	115	TA
1	5890751	192	CA
1	5890885	134	GT
1	5891345	460	AG
1	5892150	751	GC
1	5892242	92	CT
1	5892248	6	CT
1	5893203	928	CT
1	5893651	448	CA
1	5893678	27	AT
1	5895201	933	CT
1	5895528	284	TC
1	5895578	50	GA
1	5895744	166	AC
1	5895855	111	GA
1	5895867	12	AG
1	5895963	96	TG
1	5896023	60	AT
1	5896031	8	TC
1	5896034	3	CG
1	5896086	52	TG
1	5896190	104	GC
1	5896384	194	CT
1	5896390	6	TC
1	5896431	41	TC
1	5896455	24	TC
1	5896497	42	GA
1	5898839	996	CT
1	5898900	61	GA
1	5898928	28	AG
1	5899230	302	TG
1	5899299	69	TC
1	5899302	3	AG
1	5899330	28	GC
1	5899379	49	AT
1	5899443	64	CT
1	5899551	108	GA
1	5899553	2	GT
1	5899976	238	TC
1	5899982	6	CT
1	5900012	30	CG
1	5900757	423	GA
1	5902448	810	TA
1	5902505	57	GT
1	5902893	59	TC
1	5903359	148	TA
1	5904260	567	AG
1	5904538	278	CT
1	5904614	76	TC
1	5904618	4	TC
1	5904774	156	CT
1	5904878	104	AG
1	5904917	39	GC
1	5905081	164	GA
1	5905223	142	AC
1	5905518	295	CT
1	5905546	28	AG
1	5906222	641	CG
1	5906380	158	TA
1	5906458	78	TC
1	5906475	17	GA
1	5906477	2	GC
1	5906749	272	AG
1	5907539	616	CA
1	5908011	472	AG
1	5908054	43	CT
1	5908403	154	AG
1	5908679	276	AT
1	5909141	256	GC
1	5910564	823	CT
1	5912977	1476	GA
1	5917460	2130	CA
1	5917474	14	AC
1	5917489	15	AC
1	5917544	55	TG
1	5917645	101	TC
1	5917742	97	CG
1	5924125	231	TC
1	5924293	168	AG
1	5924429	136	TC
1	5926522	841	CT
1	5926675	153	CT
1	5926839	164	GA
1	5926968	129	CT
1	5927493	176	CT
1	5927714	221	GA
1	5929030	476	CG
1	5929062	32	GA
1	5929312	250	TG
1	5929408	96	TC
1	5929443	35	AT
1	5929851	34	CA
1	5929949	98	GA
1	5930509	475	CT
1	5933663	1180	CT
1	5933908	245	AC
1	5933947	39	CA
1	5934001	54	CA
1	5934689	655	CA
1	5935073	40	CT
1	5937397	1060	TC
1	5937552	155	GC
1	5938497	568	AG
1	5939314	484	CT
1	5939486	172	CT
1	5942697	1038	TC
1	5942734	37	AG
1	5942843	109	CG
1	5942856	13	CT
1	5943028	102	TC
1	5943047	19	TC
1	5943345	298	GA
1	5943761	76	TC
1	5944068	307	AG
1	5944101	33	CT
1	5944255	127	TC
1	5945069	398	AT
1	5945296	227	CT
1	5945298	2	GT
1	5945948	216	CA
1	5946028	80	TC
1	5946038	10	GA
1	5946139	101	CT
1	5946291	152	CT
1	5946359	68	TC
1	5946370	11	CG
1	5946371	1	TG
1	5946595	224	CT
1	5946909	119	TC
1	5947124	215	GA
1	5948274	633	AG
1	5950164	660	CT
1	5950411	247	AG
1	5950592	131	AG
1	5950688	96	AG
1	5950805	117	GA
1	5952298	597	GA
1	5952307	9	AC
1	5952313	6	TC
1	5952316	3	GA
1	5952374	58	GA
1	5953198	73	GT
1	5953447	249	AC
1	5954087	437	AG
1	5954197	110	GA
1	5955440	442	TC
1	5955495	55	GA
1	5955998	503	GA
1	5956099	101	GA
1	5956820	721	GT
1	5957723	176	GA
1	5960503	1607	GA
1	5961371	608	TC
1	5961388	17	CT
1	5961442	54	TC
1	5961549	107	TG
1	5963660	909	GC
1	5973218	5366	CA
1	5977011	1034	AG
1	5977260	87	AG
1	5977279	19	GA
1	5977507	101	GA
1	5977637	130	CT
1	5978777	273	TC
1	5978778	1	AT
1	5978864	86	CT
1	5980717	1450	CT
1	5981653	161	GA
1	5982647	943	CT
1	5983016	369	TC
1	5984321	688	GA
1	5986961	2163	TA
1	5990667	2089	CT
1	5992104	691	TC
1	5992153	49	TC
1	5992691	521	AG
1	5992760	69	TC
1	5992852	92	AG
1	5993017	165	TC
1	5993141	124	CG
1	5993216	75	AT
1	5993432	216	GA
1	5993519	87	CT
1	5994102	73	TC
1	5994104	2	GC
1	5994145	41	CT
1	5994147	2	GA
1	5995727	366	GA
1	5995943	216	AG
1	5996110	125	TA
1	5996225	115	CT
1	5996250	25	AG
1	5996251	1	AG
1	5996254	3	TC
1	5996255	1	GC
1	5996282	27	TC
1	5996283	1	GT
1	5996306	23	CT
1	5996344	38	TC
1	5996481	137	CA
1	5997979	1287	AG
1	5998298	319	GA
1	5999036	449	CT
1	5999114	78	CT
1	5999142	28	TC
1	5999328	59	AG
1	6000402	309	AG
1	6000537	135	GA
1	6000885	348	GA
1	6000897	12	AG
1	6001934	191	CT
1	6002501	301	GA
1	6003368	867	CT
1	6003418	50	TC
1	6009113	842	TA
1	6009221	108	TC
1	6009253	32	CT
1	6009380	127	TC
1	6009391	11	GT
1	6009933	473	CA
1	6010377	444	TC
1	6010993	534	GA
1	6016270	1256	CT
1	6016672	236	CT
1	6017987	1114	AG
1	6024398	5064	CT
1	6024841	379	CT
1	6025114	273	CT
1	6026735	1185	TG
1	6027203	468	AG
1	6028207	353	AC
1	6028337	130	AT
1	6030207	1056	TA
1	6030469	262	CT
1	6031106	90	TC
1	6031374	268	AG
1	6031416	42	AT
1	6035114	1193	GT
1	6035136	22	GT
1	6035270	134	CT
1	6035303	33	TG
1	6041095	2502	AG
1	6044622	1440	AG
1	6052096	3269	TC
1	6059551	3364	AG
1	6062207	1590	GA
1	6062315	108	GA
1	6069776	934	AC
1	6073565	1190	GA
1	6074519	954	GT
1	6074705	186	CT
1	6075241	536	AG
1	6076658	1417	AG
1	6077215	557	GA
1	6077324	109	CG
1	6077689	365	GA
1	6077952	263	CT
1	6080467	1713	GA
1	6080486	19	AC
1	6081767	1281	AG
1	6082716	622	GA
1	6083316	276	TG
1	6084679	955	TA
1	6087093	1053	CT
1	6087983	600	TC
1	6092068	1621	GA
1	6092174	106	AG
1	6093023	589	TA
1	6093081	58	GT
1	6093131	50	CA
1	6093999	846	CT
1	6100258	1547	GC
1	6107015	5910	CT
1	6107346	272	CA
1	6110711	2855	GC
1	6112746	1172	GT
1	6113731	873	AT
1	6115000	1206	TA
1	6116565	963	CT
1	6116773	208	GA
1	6116898	125	AG
1	6117220	131	AT
1	6117406	186	AG
1	6117586	180	AG
1	6117610	24	AG
1	6118357	101	TC
1	6120469	309	AG
1	6120500	31	CG
1	6120551	51	AG
1	6120660	83	AC
1	6120868	208	GA
1	6120926	58	CT
1	6121450	524	GT
1	6121928	478	CT
1	6121932	4	CT
1	6122035	103	GA
1	6122079	44	AG
1	6122095	16	GT
1	6122340	200	CT
1	6122341	1	TG
1	6122651	310	TG
1	6122652	1	CA
1	6124090	894	CT
1	6124385	295	GA
1	6124499	114	GA
1	6124628	129	GA
1	6125793	916	GA
1	6126706	406	GC
1	6127482	776	AT
1	6130770	2068	AG
1	6130782	12	GC
1	6130793	11	AG
1	6130994	122	CT
1	6131479	485	TC
1	6131662	183	CT
1	6132937	1146	AC
1	6133604	667	CG
1	6134003	399	TC
1	6135426	1423	GT
1	6137197	1729	GT
1	6137534	337	GT
1	6137535	1	CT
1	6138024	489	GT
1	6140913	2290	AC
1	6143166	1409	GA
1	6152996	2470	AG
1	6153133	137	CG
1	6153606	243	AT
1	6153607	1	TC
1	6154384	777	TC
1	6155058	674	GA
1	6155184	126	GA
1	6155202	18	CA
1	6160032	4091	CT
1	6161406	1374	AC
1	6161509	103	CT
1	6161524	15	TC
1	6161704	180	GC
1	6162337	633	AT
1	6163051	714	GT
1	6163276	225	AG
1	6164757	1334	AG
1	6170160	3773	TC
1	6170162	2	GT
1	6170564	402	GT
1	6171180	616	GT
1	6180158	1362	AG
1	6180178	20	CT
1	6180402	197	TC
1	6180965	247	AT
1	6181819	547	AG
1	6182411	453	AG
1	6182771	226	TC
1	6183122	89	GA
1	6183453	331	AG
1	6186898	2048	TG
1	6187380	482	AG
1	6187971	591	AG
1	6199509	4895	TC
1	6202418	1193	AG
1	6204174	1580	CT
1	6205304	1130	GA
1	6208024	2696	GA
1	6208686	662	AG
1	6211373	2196	CG
1	6211578	205	GA
1	6211583	5	TC
1	6212774	201	CT
1	6212939	165	AT
1	6213266	100	AT
1	6213275	9	TC
1	6213483	208	GA
1	6213637	154	TC
1	6213701	64	GA
1	6213739	38	CT
1	6213771	32	GA
1	6213975	183	GA
1	6214002	27	TC
1	6214056	54	CT
1	6214079	23	GA
1	6214280	201	AG
1	6216117	1511	TC
1	6217170	1053	GA
1	6218046	876	TA
1	6220851	1860	TC
1	6224857	3518	GA
1	6228255	2990	CT
1	6228554	299	CT
1	6228647	93	GC
1	6229630	983	CT
1	6230218	588	TG
1	6230299	15	AG
1	6230846	547	TG
1	6235155	3567	AG
1	6240051	4187	AG
1	6247654	5728	GA
1	6260671	10699	GA
1	6262010	1339	TC
1	6264382	2187	AG
1	6264436	54	GC
1	6264462	26	TC
1	6264946	484	TC
1	6268044	2460	GA
1	6268223	179	TC
1	6268582	359	TC
1	6268680	98	CT
1	6268786	106	AC
1	6268833	47	CT
1	6269115	282	TC
1	6269341	226	TA
1	6269429	88	CT
1	6269590	161	GA
1	6269680	90	TA
1	6271299	1562	AG
1	6271334	35	AT
1	6281580	5296	GA
1	6281632	52	GC
1	6282654	452	GT
1	6283167	262	GA
1	6283803	545	TC
1	6283939	136	CT
1	6287238	2417	TC
1	6287239	1	AG
1	6291195	3654	TC
1	6291267	72	GA
1	6292955	1040	CG
1	6294238	1126	AG
1	6294355	117	CT
1	6294869	514	GC
1	6294944	75	TC
1	6295155	211	TA
1	6295156	1	CG
1	6297099	1342	CT
1	6297539	440	TC
1	6297556	17	AG
1	6297789	233	AG
1	6297861	72	CT
1	6298015	154	GA
1	6298170	155	GA
1	6298652	482	TC
1	6298703	51	CT
1	6298986	187	TC
1	6299053	67	GA
1	6299086	33	GA
1	6300291	1157	GC
1	6300353	62	GC
1	6300563	210	TC
1	6300614	51	CT
1	6300617	3	GA
1	6300652	35	TC
1	6300828	176	GT
1	6300885	57	TC
1	6301405	520	AG
1	6301522	117	AT
1	6301527	5	CT
1	6301564	37	TG
1	6301605	41	AG
1	6302839	119	CT
1	6303907	282	GA
1	6303957	50	CT
1	6304012	55	TA
1	6304173	161	CT
1	6304223	50	GA
1	6304638	415	CT
1	6304980	342	AG
1	6305051	71	TC
1	6305085	34	TC
1	6305110	25	CT
1	6305282	172	AG
1	6305345	63	GC
1	6305549	74	GA
1	6305848	250	GT
1	6306358	343	AG
1	6306485	127	AC
1	6306986	201	AG
1	6307019	33	CT
1	6307158	139	GT
1	6307314	156	TC
1	6307885	571	GA
1	6307887	2	GA
1	6307959	72	AG
1	6307974	15	GA
1	6308264	140	CT
1	6308287	23	AG
1	6308317	30	AG
1	6308368	51	GA
1	6308371	3	AG
1	6308525	154	AG
1	6308551	26	AG
1	6308607	56	GA
1	6308630	23	AC
1	6308912	282	AC
1	6309116	204	GA
1	6309569	453	TC
1	6309622	53	GA
1	6309632	10	CT
1	6310039	407	AG
1	6310067	28	TG
1	6310191	124	GA
1	6310830	639	TC
1	6310877	47	GA
1	6310910	33	CT
1	6312289	961	CT
1	6312848	559	CT
1	6312891	43	TA
1	6319589	755	TC
1	6319710	121	TC
1	6319849	139	CT
1	6319997	148	GA
1	6320245	212	GA
1	6320293	48	AG
1	6320445	152	CA
1	6320804	144	AG
1	6320823	19	AG
1	6320921	98	AG
1	6320949	28	AG
1	6321231	282	CT
1	6321328	97	GC
1	6321516	188	TA
1	6321585	69	AG
1	6321817	232	GA
1	6322376	559	CT
1	6322411	35	GA
1	6322573	162	TG
1	6322850	277	GA
1	6322865	15	TG
1	6323046	181	TG
1	6323058	12	GA
1	6323076	18	CA
1	6323078	2	TC
1	6323121	43	AG
1	6323126	5	GA
1	6323195	69	GA
1	6323210	15	CT
1	6323217	7	TC
1	6323253	36	TC
1	6323273	20	CG
1	6323388	115	TC
1	6323411	23	GT
1	6323479	68	CT
1	6323497	18	GT
1	6323573	76	CT
1	6323578	5	GA
1	6323588	10	CT
1	6323598	10	GA
1	6324778	471	TA
1	6324803	25	TC
1	6324969	166	AG
1	6325442	473	AC
1	6325803	361	GA
1	6326236	433	GA
1	6326237	1	TC
1	6326246	9	CT
1	6326253	7	TC
1	6326330	77	TG
1	6326341	11	TC
1	6326358	17	CT
1	6326363	5	AG
1	6326638	275	CT
1	6326723	85	AG
1	6326729	6	GA
1	6326786	57	CT
1	6326927	141	GA
1	6330153	2564	GA
1	6330527	374	GT
1	6330636	109	AG
1	6334421	2257	GA
1	6334464	43	GC
1	6334552	88	TC
1	6335111	559	GA
1	6335331	220	TC
1	6335387	56	GT
1	6335675	26	CT
1	6335944	269	GA
1	6336163	219	GA
1	6336327	164	GT
1	6337141	212	GA
1	6337803	662	GA
1	6338353	259	GA
1	6338361	8	CT
1	6338364	3	TA
1	6338459	95	TC
1	6338513	54	GA
1	6338642	129	TC
1	6338657	15	CT
1	6338930	273	AG
1	6338931	1	TG
1	6338936	5	GA
1	6338950	14	TG
1	6338968	18	TC
1	6339523	513	GA
1	6339539	16	TC
1	6339540	1	AC
1	6339568	28	CT
1	6339589	21	TC
1	6339591	2	CT
1	6339745	154	GA
1	6339748	3	GA
1	6339998	250	AG
1	6340286	288	GA
1	6340634	113	CA
1	6341296	662	CT
1	6341879	273	GT
1	6342487	273	TC
1	6342756	269	AC
1	6342784	28	GA
1	6342805	21	GA
1	6342866	61	TC
1	6342912	46	CG
1	6343018	106	AC
1	6343055	37	CT
1	6343483	265	GC
1	6344050	442	AG
1	6344091	41	AC
1	6344518	362	CG
1	6344522	4	TC
1	6344810	219	CT
1	6344952	142	TC
1	6345099	147	AC
1	6345104	5	CG
1	6345181	77	GT
1	6345605	376	GA
1	6345648	43	CT
1	6345683	35	AG
1	6346067	267	AG
1	6346461	353	AG
1	6346659	198	TC
1	6346746	87	CT
1	6346750	4	CG
1	6347369	459	AG
1	6347478	109	TC
1	6347722	244	TC
1	6347726	4	GC
1	6347760	34	GT
1	6348210	410	TC
1	6348330	120	GA
1	6348531	146	CA
1	6348555	24	GA
1	6348711	156	AC
1	6348759	48	AG
1	6348920	161	GA
1	6349368	380	AG
1	6349613	245	CT
1	6349664	51	CG
1	6350728	818	CT
1	6350755	27	TG
1	6351255	418	GA
1	6351297	42	AG
1	6351324	27	TC
1	6352865	1179	CG
1	6352957	92	CT
1	6352985	28	GA
1	6353007	22	CT
1	6353186	179	CT
1	6353291	105	GT
1	6353319	28	CT
1	6353379	60	CT
1	6353619	240	CT
1	6353629	10	CT
1	6354158	529	GA
1	6354300	142	GA
1	6354669	126	AG
1	6354891	222	TC
1	6355476	585	GA
1	6355477	1	CT
1	6356247	192	GT
1	6357081	834	TC
1	6357115	34	AG
1	6357133	18	CT
1	6357298	165	GA
1	6359689	2033	GA
1	6362296	1950	GC
1	6362664	368	AG
1	6367653	4217	CA
1	6368493	840	AG
1	6371673	2704	CT
1	6374281	2373	TG
1	6376557	2276	GA
1	6377344	787	GA
1	6378017	247	CT
1	6378027	10	AG
1	6378180	153	CT
1	6378324	144	AG
1	6379409	553	AC
1	6379419	10	TC
1	6379920	159	AG
1	6381217	1141	GT
1	6381314	97	TG
1	6381579	265	CT
1	6382289	676	CG
1	6382837	548	CT
1	6382969	132	CA
1	6383516	547	CT
1	6383574	58	AC
1	6383986	412	CG
1	6384213	227	GT
1	6384334	121	AG
1	6384349	15	AG
1	6385249	847	CG
1	6385257	8	GC
1	6385375	118	CT
1	6385414	39	TC
1	6386015	601	CA
1	6386035	20	CG
1	6386045	10	AG
1	6386185	140	AG
1	6386694	509	CT
1	6386701	7	CT
1	6386793	92	CT
1	6386910	117	TC
1	6386932	22	GA
1	6386961	29	GA
1	6387131	170	CT
1	6387558	427	CT
1	6388474	916	AT
1	6389362	888	CT
1	6391731	2345	CT
1	6392049	318	TG
1	6392124	75	GC
1	6394165	2041	GT
1	6396727	2094	TC
1	6397138	411	TC
1	6398927	1701	GA
1	6399140	213	AG
1	6399227	87	CT
1	6399633	389	AG
1	6401011	1378	TC
1	6401019	8	CG
1	6401035	16	GC
1	6401653	445	GA
1	6401680	27	CT
1	6401958	278	TC
1	6402039	81	GA
1	6402091	52	CT
1	6402436	345	CT
1	6402487	51	TC
1	6402573	86	GT
1	6402858	285	GA
1	6402894	36	GA
1	6403170	276	CT
1	6403271	101	GA
1	6403313	42	GC
1	6403382	69	GA
1	6403505	123	GT
1	6403550	45	TC
1	6403855	305	CT
1	6403911	56	CG
1	6404018	107	CA
1	6404026	8	CT
1	6404057	31	CT
1	6404191	134	GA
1	6404198	7	GA
1	6404219	21	AG
1	6404261	42	CT
1	6404279	18	GT
1	6404306	27	CA
1	6404344	38	TC
1	6404420	76	TC
1	6404870	450	GA
1	6406424	864	CA
1	6406792	215	GA
1	6406827	35	CT
1	6407283	456	TG
1	6408228	846	CT
1	6409141	913	GA
1	6409823	682	TC
1	6409829	6	TC
1	6415779	4103	CT
1	6417712	1597	GT
1	6418522	810	CT
1	6420300	1613	GA
1	6420690	390	AG
1	6421291	601	AG
1	6424268	2856	GT
1	6426201	1933	CA
1	6426211	10	TC
1	6426861	614	CA
1	6427728	845	TG
1	6428239	451	GC
1	6428694	398	GT
1	6429980	1286	GA
1	6430434	454	AG
1	6430622	188	CG
1	6430633	11	GA
1	6430746	113	TC
1	6430978	232	TC
1	6431268	167	TC
1	6431312	44	TC
1	6431487	175	GA
1	6431675	21	GA
1	6431777	102	GA
1	6431823	46	TC
1	6431834	11	AC
1	6431997	163	GA
1	6432003	6	GC
1	6432073	70	AG
1	6432393	320	TG
1	6432416	23	CT
1	6432469	53	AG
1	6433165	696	TG
1	6435332	2138	CT
1	6436616	1284	GA
1	6440105	2733	GA
1	6446490	3287	AC
1	6447039	227	GA
1	6449228	1268	CT
1	6451745	2354	AG
1	6454033	1467	AG
1	6454247	214	CT
1	6454578	268	GT
1	6455046	30	GA
1	6455246	200	CT
1	6455393	147	TC
1	6455406	13	GT
1	6455438	32	TC
1	6455454	16	GA
1	6455514	60	GA
1	6455543	29	TC
1	6458621	615	CT
1	6459326	621	CT
1	6459377	51	GA
1	6459794	417	TG
1	6459816	22	AG
1	6459817	1	AG
1	6469535	3494	AG
1	6470507	143	CT
1	6477733	4720	TC
1	6477798	65	CT
1	6479542	1437	CT
1	6481456	1131	TC
1	6481697	91	GA
1	6482580	504	CT
1	6483153	573	GA
1	6483241	88	GT
1	6483486	39	CA
1	6483631	145	CT
1	6483720	89	GA
1	6483898	178	CT
1	6484084	18	TC
1	6484091	7	CA
1	6485088	213	AG
1	6485094	6	GA
1	6485148	54	CA
1	6485212	64	AG
1	6485221	9	TG
1	6485281	60	GA
1	6485360	79	CA
1	6485762	402	CT
1	6485775	13	CT
1	6486670	802	TC
1	6488113	1443	AG
1	6488848	735	AG
1	6489465	617	CT
1	6489730	220	TC
1	6489952	222	CT
1	6491543	590	AG
1	6494680	2399	TC
1	6496812	1383	TA
1	6496820	8	GA
1	6501642	3171	AG
1	6505150	596	AG
1	6506270	882	TC
1	6506849	557	GT
1	6506875	26	TC
1	6507476	365	TC
1	6507700	224	CT
1	6510319	2046	GA
1	6511039	720	AC
1	6511065	26	AG
1	6511650	585	TC
1	6511989	339	GA
1	6512606	512	AG
1	6513039	433	CT
1	6513289	250	AC
1	6513689	345	TC
1	6513744	55	AG
1	6513867	123	TG
1	6513877	10	AG
1	6513909	32	AG
1	6513920	11	CA
1	6513965	45	AG
1	6514163	67	TC
1	6514599	436	AG
1	6514734	135	TC
1	6515264	494	CT
1	6515294	30	CG
1	6524288	3105	CG
1	6528658	1596	AG
1	6528787	129	CT
1	6528851	64	AG
1	6528912	61	GT
1	6529463	523	CT
1	6531388	1893	GA
1	6531723	335	CT
1	6532249	526	CT
1	6532305	56	AG
1	6532420	115	CG
1	6532623	203	AG
1	6533097	130	CT
1	6533270	173	TC
1	6533884	561	GT
1	6533898	14	AC
1	6533997	99	TC
1	6534847	850	GA
1	6534878	31	CG
1	6538757	1965	AG
1	6539026	269	CT
1	6539208	182	GA
1	6540040	399	TC
1	6540512	154	CT
1	6540544	32	GA
1	6541549	183	GA
1	6541566	17	GA
1	6542128	562	CG
1	6542133	5	TC
1	6543924	606	CT
1	6544120	196	GA
1	6544285	165	AG
1	6544341	56	AG
1	6544499	158	GC
1	6545220	580	CG
1	6545931	456	CT
1	6546841	746	GA
1	6547079	238	GA
1	6547142	63	AG
1	6547276	134	AG
1	6547518	242	GA
1	6549437	565	GA
1	6551179	1615	GA
1	6551484	305	GA
1	6553495	1772	AC
1	6553612	117	GC
1	6554947	773	TC
1	6555518	518	AG
1	6556940	719	CT
1	6558133	800	CG
1	6559456	1157	AT
1	6563926	2738	AG
1	6564067	141	CT
1	6564174	107	GA
1	6564197	23	TG
1	6564210	13	TC
1	6564229	19	CT
1	6570475	3873	AG
1	6570953	478	GA
1	6571256	157	AG
1	6571711	455	AT
1	6571790	79	TC
1	6571791	1	GA
1	6571815	24	GC
1	6571816	1	GA
1	6571826	10	AG
1	6578427	4753	TC
1	6586581	4622	AG
1	6587809	810	CT
1	6591275	2777	GA
1	6591419	144	AG
1	6594803	2541	CT
1	6597086	1704	CT
1	6601214	2502	CT
1	6601424	210	CT
1	6601672	187	TC
1	6602048	376	CT
1	6607532	1071	AG
1	6607685	153	CT
1	6607728	43	TC
1	6608486	329	GA
1	6609634	442	CT
1	6609863	229	TC
1	6609954	91	CT
1	6610032	78	TC
1	6610046	14	TC
1	6610080	34	AG
1	6610083	3	AC
1	6610146	63	GA
1	6610162	16	GC
1	6610520	358	AG
1	6614653	1771	AG
1	6615487	834	TG
1	6615526	39	CT
1	6615544	18	GA
1	6615551	7	TC
1	6615609	58	AG
1	6617026	553	CT
1	6619713	1473	GC
1	6619746	33	TG
1	6619758	12	TC
1	6619762	4	CT
1	6619786	24	GA
1	6620303	193	AG
1	6620942	297	CT
1	6620948	6	AC
1	6621838	99	AG
1	6621900	62	AG
1	6621907	7	GC
1	6621932	25	TC
1	6622298	366	TC
1	6622536	238	TC
1	6622800	264	TC
1	6623479	187	CT
1	6623507	28	CT
1	6623554	47	AG
1	6623696	142	CT
1	6623869	173	TC
1	6626822	2282	CT
1	6628769	1305	AG
1	6628865	96	CG
1	6629218	353	CT
1	6632152	1431	AC
1	6633230	1051	CT
1	6633280	50	CT
1	6633295	15	CT
1	6635014	586	GA
1	6635021	7	AG
1	6636646	1117	AG
1	6637099	453	TC
1	6638285	1144	GA
1	6638344	59	AG
1	6638348	4	TC
1	6640917	748	CT
1	6642650	1498	GA
1	6644459	1362	GA
1	6647051	2032	CT
1	6647350	274	GA
1	6648522	476	TG
1	6648928	406	TC
1	6649215	287	CG
1	6649444	229	GA
1	6649450	6	AC
1	6649492	42	TC
1	6649608	116	AG
1	6649639	31	CT
1	6649660	21	TC
1	6650875	801	GA
1	6651161	286	CT
1	6651279	118	TG
1	6653597	2290	TC
1	6660756	4190	CT
1	6660869	113	AT
1	6660897	28	GA
1	6663126	625	GT
1	6663256	130	CG
1	6663283	27	TA
1	6663375	92	TC
1	6663593	218	TC
1	6663598	5	CA
1	6663961	363	TC
1	6663983	22	AT
1	6664002	19	AG
1	6664028	26	TC
1	6664301	273	GC
1	6664333	32	TC
1	6664447	114	CT
1	6664646	158	GA
1	6664847	201	CG
1	6665039	152	TG
1	6665698	623	TA
1	6668587	1603	AG
1	6674046	3106	CT
1	6674148	102	AG
1	6674197	49	AG
1	6674879	506	AG
1	6676834	1808	CT
1	6677199	365	AG
1	6694952	10896	TA
1	6697358	1639	GC
1	6699391	2033	CT
1	6701823	2114	AT
1	6705063	2425	AG
1	6705690	627	CA
1	6708009	2030	TC
1	6708856	778	CT
1	6709147	291	TC
1	6709982	530	AG
1	6710090	108	TA
1	6713909	3183	AG
1	6716538	2360	GC
1	6716638	100	GA
1	6716662	24	AG
1	6721526	2240	CT
1	6721722	196	CA
1	6722629	907	AG
1	6724478	1329	TC
1	6725242	597	TG
1	6725537	295	CA
1	6725667	130	GA
1	6728423	1661	TC
1	6728730	307	GA
1	6730290	1038	GA
1	6731720	545	GT
1	6731891	171	GA
1	6731901	10	GT
1	6732554	653	TC
1	6733873	1319	TC
1	6734558	685	GC
1	6734913	355	GA
1	6735105	192	CA
1	6735579	474	GA
1	6736038	210	TC
1	6736103	65	GA
1	6736143	40	TC
1	6736144	1	GA
1	6736451	307	GA
1	6736534	83	TC
1	6737036	502	GT
1	6737054	18	AG
1	6737117	63	CA
1	6744593	2355	GA
1	6745969	661	TC
1	6747961	1449	AC
1	6747970	9	CT
1	6748200	230	GA
1	6749075	479	CG
1	6749196	121	CG
1	6751252	630	GC
1	6751726	474	GA
1	6754886	462	TC
1	6754974	88	GC
1	6755020	46	AG
1	6755092	72	AG
1	6755099	7	TC
1	6755338	30	GA
1	6757018	1126	AC
1	6758727	757	CT
1	6758985	258	CT
1	6759016	31	CA
1	6759056	40	AT
1	6759168	49	CT
1	6759360	172	GC
1	6759402	42	CT
1	6759449	47	CG
1	6759450	1	TC
1	6759551	101	CT
1	6759744	193	GA
1	6762527	728	TC
1	6763070	543	TG
1	6763508	438	GT
1	6764375	543	CG
1	6764782	407	TA
1	6765205	375	TC
1	6765327	53	GA
1	6765857	530	CT
1	6766018	161	GC
1	6766285	267	GA
1	6766544	259	GA
1	6767407	497	CT
1	6767825	418	CG
1	6768108	283	TG
1	6768145	37	CG
1	6768147	2	GC
1	6768148	1	GA
1	6768152	4	AG
1	6769847	1151	TC
1	6769868	21	GA
1	6769885	17	AG
1	6770615	430	GA
1	6770795	163	TC
1	6770796	1	GA
1	6770911	115	CT
1	6771321	410	AC
1	6776232	2895	GC
1	6776669	437	GC
1	6778465	1301	GA
1	6778745	280	AT
1	6779794	353	TG
1	6779995	201	AG
1	6781281	460	TA
1	6781368	87	GA
1	6781381	13	CT
1	6781480	99	TC
1	6781527	47	CA
1	6781537	10	CT
1	6781538	1	CT
1	6781658	120	GA
1	6781767	109	GA
1	6782622	174	CA
1	6782644	22	AT
1	6785169	328	TC
1	6785466	297	CT
1	6785544	78	TC
1	6785709	125	CG
1	6786070	361	GC
1	6786182	112	AG
1	6792182	4189	CT
1	6800050	5139	AT
1	6806876	3646	CT
1	6806887	11	CG
1	6809386	1331	GC
1	6809524	138	CT
1	6809649	125	TA
1	6809745	96	TC
1	6810267	522	GA
1	6810337	70	AG
1	6810565	228	GC
1	6813447	1662	CT
1	6813673	226	TC
1	6814225	533	AG
1	6817813	879	AG
1	6819902	1825	CT
1	6822656	1407	TC
1	6822795	139	CT
1	6837655	11142	CT
1	6837742	87	GT
1	6839758	1711	CT
1	6840003	245	GC
1	6840073	70	TC
1	6841903	767	GA
1	6841958	55	GA
1	6842568	556	AG
1	6842781	213	CT
1	6842837	56	CT
1	6843093	256	CT
1	6843291	198	CG
1	6843584	293	GA
1	6843719	135	GA
1	6843734	15	GA
1	6845998	604	CT
1	6847750	737	TG
1	6848710	438	CT
1	6848853	143	CG
1	6849065	212	CT
1	6849207	142	TC
1	6849553	166	TG
1	6849604	51	AG
1	6849652	48	AC
1	6849657	5	AG
1	6849806	149	AG
1	6852387	2373	GC
1	6853440	897	CA
1	6853441	1	TA
1	6853668	227	TG
1	6854541	709	CG
1	6854874	229	CT
1	6855168	294	TC
1	6855345	177	AC
1	6855833	361	TC
1	6855867	34	TC
1	6855964	97	AG
1	6856667	703	TC
1	6856889	222	GC
1	6857660	163	TG
1	6857686	26	CT
1	6857857	171	GC
1	6858096	239	AG
1	6858148	52	CT
1	6858152	4	AC
1	6858227	75	AG
1	6858403	176	CG
1	6858518	115	GA
1	6858664	146	TC
1	6859599	168	AG
1	6859610	11	AC
1	6859803	193	GA
1	6863326	837	GA
1	6865433	816	TC
1	6867011	546	AT
1	6867048	37	AC
1	6867537	188	AG
1	6868067	530	CT
1	6868086	19	CT
1	6868165	79	CA
1	6868621	283	GC
1	6868871	67	GA
1	6869069	198	TG
1	6900738	14253	AC
1	6902115	903	AC
1	6902125	10	GA
1	6902806	681	GA
1	6903117	311	AC
1	6903127	10	AG
1	6903359	232	AC
1	6903364	5	AC
1	6903388	24	CT
1	6903565	177	GT
1	6903651	86	GA
1	6903654	3	GA
1	6903685	31	AG
1	6903764	79	GA
1	6903908	144	AG
1	6904204	177	GA
1	6904275	71	CG
1	6904789	514	CA
1	6904983	194	AG
1	6905371	388	CT
1	6908106	561	GA
1	6908347	241	TC
1	6908419	72	GA
1	6908634	215	GA
1	6908723	89	TC
1	6908762	39	GA
1	6908986	224	TC
1	6908998	12	CT
1	6909285	287	TC
1	6912825	1771	CT
1	6913107	74	TC
1	6913661	168	GA
1	6915216	1369	CT
1	6915229	13	CT
1	6915875	616	CT
1	6920889	3755	GA
1	6920996	107	GT
1	6921018	22	TC
1	6921574	232	GA
1	6922641	1067	CT
1	6922687	46	CG
1	6923154	467	TG
1	6923954	459	GA
1	6924565	213	AT
1	6930099	1957	GA
1	6930356	147	AC
1	6930659	60	AG
1	6930841	182	TC
1	6930941	100	CT
1	6930950	9	GA
1	6930951	1	AG
1	6930970	19	AG
1	6931231	261	GA
1	6931253	22	CT
1	6931275	22	CT
1	6931439	47	AC
1	6931747	308	CG
1	6931871	124	TA
1	6931939	68	AG
1	6931957	18	CA
1	6932064	107	CT
1	6932663	429	GA
1	6934076	609	AC
1	6934706	160	AT
1	6934709	3	AT
1	6934716	7	GC
1	6935881	619	AT
1	6936082	201	TC
1	6936270	188	TC
1	6936731	310	GA
1	6936855	124	CG
1	6937006	151	TC
1	6937014	8	AG
1	6937625	611	TC
1	6937639	14	AG
1	6938123	270	AG
1	6938141	18	TC
1	6938149	8	CT
1	6939851	990	GA
1	6939885	34	AG
1	6940333	122	AG
1	6940519	186	GT
1	6940601	82	TC
1	6941351	750	TG
1	6946416	1353	CT
1	6946614	198	CT
1	6949384	2541	AG
1	6950968	1219	TC
1	6952875	1308	CT
1	6954055	1180	GA
1	6964175	8708	CT
1	6964488	313	CG
1	6964594	106	GA
1	6964816	222	GT
1	6964915	99	CA
1	6965484	569	CT
1	6965794	310	CT
1	6966220	426	GA
1	6966231	11	CT
1	6966580	303	AG
1	6966747	167	TC
1	6966956	209	GA
1	6967094	138	AG
1	6967161	67	TC
1	6967166	5	TA
1	6969575	1474	AT
1	6969654	79	GA
1	6969749	95	GA
1	6969840	91	GA
1	6970884	1000	AG
1	6971334	414	CT
1	6971543	209	TC
1	6972172	629	TA
1	6972433	261	TC
1	6973059	626	CT
1	6974215	901	CA
1	6986974	6095	CT
1	6986997	23	CT
1	6987452	111	GA
1	6987556	104	AC
1	6987770	172	CT
1	6987782	12	TC
1	6994089	150	TC
1	6998333	1227	GT
1	7002359	2351	AG
1	7004158	1478	TC
1	7005072	536	CT
1	7005190	118	CT
1	7005523	333	GA
1	7005529	6	CT
1	7005811	282	GA
1	7006887	967	GT
1	7007170	283	CT
1	7009123	1409	GA
1	7011490	2286	CT
1	7012824	1334	GA
1	7014237	1097	CG
1	7015838	1441	CT
1	7016008	170	AG
1	7016150	142	AT
1	7020183	3263	CT
1	7020721	538	GA
1	7022526	1290	GA
1	7022756	230	AG
1	7023076	320	CT
1	7024084	961	CT
1	7024889	292	GC
1	7024939	50	CT
1	7024943	4	CA
1	7024956	13	CT
1	7025013	57	TC
1	7025108	95	GA
1	7025406	298	CG
1	7026017	546	GA
1	7026230	213	TC
1	7026707	417	TA
1	7026756	49	AG
1	7026817	61	AG
1	7026984	167	AG
1	7026987	3	GA
1	7027144	157	AG
1	7027256	112	CT
1	7027554	298	CT
1	7027564	10	GA
1	7027565	1	TC
1	7028097	370	GT
1	7028179	82	AT
1	7029462	656	AG
1	7029552	90	AG
1	7032128	2576	TC
1	7034780	642	AG
1	7036543	1763	CT
1	7036800	257	TC
1	7037180	313	CT
1	7037681	458	TG
1	7037809	93	AG
1	7038334	525	CT
1	7038574	240	GC
1	7038864	290	GA
1	7039010	146	CT
1	7039058	48	GA
1	7039080	22	CT
1	7039142	62	CT
1	7039211	69	GA
1	7039607	290	AG
1	7039666	59	GC
1	7040375	640	CG
1	7040645	270	GT
1	7041508	783	AG
1	7042262	754	AT
1	7042862	259	CT
1	7045600	1440	GA
1	7045660	60	CT
1	7045876	197	CT
1	7050253	2492	GA
1	7052722	1328	AG
1	7053284	562	CG
1	7053285	1	CA
1	7055121	1585	CG
1	7055703	534	GA
1	7055918	215	CT
1	7056322	404	TC
1	7056471	149	CA
1	7058879	2408	CT
1	7059325	446	CT
1	7060629	1267	AT
1	7064107	3002	GA
1	7069176	3571	TG
1	7069695	519	AG
1	7070136	441	CT
1	7070590	410	TC
1	7071224	182	GA
1	7071230	6	TA
1	7100685	24067	GA
1	7113155	6254	TC
1	7180633	40933	CT
1	7184592	3324	CT
1	7187557	2930	CT
1	7187765	173	CT
1	7188597	832	CT
1	7188697	100	TG
1	7189286	548	TC
1	7189635	349	CT
1	7190228	525	GA
1	7190361	133	CT
1	7190483	122	CT
1	7191679	1196	CT
1	7191709	30	GA
1	7193565	1856	CT
1	7195670	1103	GA
1	7195888	218	GA
1	7195893	5	TC
1	7195918	25	GC
1	7196472	554	TC
1	7196502	30	GA
1	7196686	184	CT
1	7196923	237	GA
1	7196994	71	TC
1	7196997	3	GC
1	7197067	70	AC
1	7197120	53	TC
1	7197128	8	AC
1	7197359	231	AG
1	7311458	70225	TA
1	7311634	17	CT
1	7311707	73	GA
1	7311787	80	AG
1	7312571	257	CT
1	7312614	43	CT
1	7312619	5	CT
1	7312818	199	CT
1	7312913	95	CG
1	7313655	323	CT
1	7314083	428	TC
1	7314991	908	TC
1	7315615	624	GA
1	7315773	158	CT
1	7315848	75	TC
1	7315985	137	GA
1	7315994	9	TC
1	7316775	760	CG
1	7320088	1057	TC
1	7320126	38	AC
1	7320148	22	AG
1	7320153	5	TG
1	7320365	212	CA
1	7320474	109	TC
1	7320563	89	AG
1	7320571	8	TC
1	7321499	392	AT
1	7322074	308	TC
1	7322091	17	CT
1	7322257	166	CT
1	7322321	64	CA
1	7322480	159	TC
1	7322493	13	GA
1	7322614	121	GA
1	7322618	4	CT
1	7322728	110	AG
1	7322749	21	AG
1	7322768	19	GA
1	7322769	1	GT
1	7323208	150	GA
1	7323607	399	CT
1	7323719	112	TC
1	7323813	94	AC
1	7323855	42	TC
1	7324221	366	CT
1	7324334	113	AG
1	7324611	277	AC
1	7324613	2	CG
1	7324768	155	AG
1	7325946	98	CT
1	7326074	128	GA
1	7326284	210	CT
1	7329379	623	AG
1	7330943	1467	TA
1	7331090	147	TC
1	7331324	234	CT
1	7331591	267	GC
1	7331912	321	CT
1	7332056	144	AG
1	7332095	39	TC
1	7332616	339	CT
1	7332634	18	TC
1	7332647	13	CT
1	7333657	331	TC
1	7333666	9	GT
1	7333716	50	AC
1	7334294	479	GA
1	7334321	27	GA
1	7334977	362	TC
1	7335636	659	AG
1	7335746	110	TC
1	7335772	26	AG
1	7335849	77	TA
1	7336196	347	AT
1	7338319	1585	GT
1	7340522	1505	GA
1	7340842	320	TG
1	7341302	256	CG
1	7341485	183	TC
1	7342587	656	GT
1	7343196	609	CT
1	7343470	274	GT
1	7345358	1724	CT
1	7347380	1906	CT
1	7348181	750	GA
1	7349868	1376	TC
1	7354384	2850	TC
1	7354549	165	TC
1	7354927	378	GA
1	7359734	3614	CT
1	7361236	989	CT
1	7364291	1532	GA
1	7364345	54	AC
1	7365583	920	TC
1	7365709	126	AG
1	7366210	501	GA
1	7366654	315	GC
1	7367568	234	TC
1	7367657	89	CT
1	7367664	7	GA
1	7367944	55	AG
1	7369791	836	CG
1	7370076	285	AG
1	7370179	103	TC
1	7370230	51	AG
1	7371292	883	TC
1	7372058	288	CT
1	7372471	413	GA
1	7377672	2534	CA
1	7379376	1100	CT
1	7383176	3029	GA
1	7383577	369	TC
1	7383748	171	AC
1	7396232	4503	AG
1	7397236	797	CT
1	7403226	4509	TC
1	7406639	2767	AG
1	7409670	2346	AG
1	7409938	268	TC
1	7410360	422	GT
1	7416917	5427	TC
1	7417253	230	GA
1	7417407	132	CG
1	7417553	146	AG
1	7418130	577	CT
1	7419571	1167	GC
1	7419610	39	TC
1	7426599	5668	CG
1	7428214	1514	GT
1	7429321	1107	TC
1	7429360	39	CT
1	7430128	682	CG
1	7430237	109	CT
1	7430577	297	TC
1	7430580	3	TC
1	7431018	385	TG
1	7431115	97	GC
1	7431930	815	TC
1	7432378	391	TC
1	7432540	162	AT
1	7432897	321	CT
1	7433077	180	TC
1	7433164	87	TC
1	7434165	803	CT
1	7435523	522	GC
1	7436412	378	GA
1	7436460	48	GA
1	7436628	168	CT
1	7436817	189	GA
1	7437223	406	GA
1	7437313	90	TC
1	7437338	25	GA
1	7437357	19	CG
1	7437462	105	TG
1	7437525	63	CA
1	7437757	232	GA
1	7437867	110	CT
1	7437880	13	TC
1	7438265	385	CT
1	7438279	14	GC
1	7438445	166	CT
1	7438574	129	AG
1	7438592	18	TC
1	7438598	6	AG
1	7438638	40	GT
1	7438737	99	GT
1	7439671	296	AC
1	7440149	365	GA
1	7440227	78	AC
1	7443349	537	AG
1	7443361	12	TC
1	7443594	233	TC
1	7444601	345	GA
1	7444779	178	GC
1	7444795	16	CT
1	7445116	44	GC
1	7445237	121	AG
1	7445309	72	AG
1	7445877	531	TC
1	7445878	1	GA
1	7445888	10	CT
1	7446426	538	TC
1	7449134	2163	CA
1	7449374	212	CG
1	7449458	84	CT
1	7449537	79	CT
1	7450566	1029	CT
1	7452175	901	CT
1	7452915	324	TC
1	7453471	227	CT
1	7453686	215	TG
1	7454233	547	GA
1	7454966	538	AT
1	7455130	164	AG
1	7455139	9	GA
1	7455349	210	AG
1	7455437	88	CT
1	7456236	799	GT
1	7456602	284	TG
1	7459150	1313	GA
1	7459211	61	TG
1	7459772	353	TC
1	7459835	63	GC
1	7459840	5	CT
1	7459861	21	CT
1	7461443	1280	CA
1	7461482	39	AT
1	7461487	5	TC
1	7461571	84	CT
1	7461913	342	CA
1	7461940	27	AG
1	7462074	134	TC
1	7462199	125	AG
1	7462350	151	CA
1	7462563	213	GA
1	7462798	173	GA
1	7462896	98	GA
1	7462904	8	GA
1	7463017	113	TC
1	7463695	318	AG
1	7463709	14	TC
1	7463910	201	GA
1	7464249	339	CT
1	7464571	322	GC
1	7464626	55	AG
1	7464650	24	CG
1	7466266	715	TC
1	7466622	356	AG
1	7466677	55	AG
1	7466932	255	AG
1	7467439	337	GA
1	7468087	270	GA
1	7468351	264	TC
1	7468352	1	CT
1	7468367	15	AG
1	7468370	3	TC
1	7468640	270	AC
1	7468724	84	AG
1	7468729	5	GA
1	7468732	3	GC
1	7468987	178	CT
1	7469280	293	TA
1	7469348	68	TA
1	7469450	102	GA
1	7472820	1002	AG
1	7472945	125	GC
1	7473075	130	GA
1	7473219	144	GC
1	7473459	205	GA
1	7473498	39	CA
1	7473554	56	CG
1	7474166	612	TC
1	7474192	26	AG
1	7474361	169	GA
1	7474509	148	TC
1	7474881	148	AT
1	7474964	83	TC
1	7475367	403	CT
1	7475431	64	CT
1	7476289	377	GA
1	7476636	278	GA
1	7476968	332	AC
1	7477002	34	CT
1	7477458	456	AG
1	7477736	133	AT
1	7478732	467	GA
1	7479005	273	AG
1	7479563	558	GA
1	7480247	424	CA
1	7482874	1351	GC
1	7484872	1547	AG
1	7484877	5	CG
1	7484880	3	TC
1	7487430	1874	CA
1	7487751	321	GA
1	7493433	3988	CT
1	7494395	850	GA
1	7494801	406	GT
1	7495443	614	GA
1	7495507	64	AC
1	7495908	308	AC
1	7495944	36	CT
1	7496290	151	GA
1	7496326	36	CT
1	7496593	267	GA
1	7496921	328	AT
1	7497691	512	GC
1	7504890	4538	CA
1	7508530	3122	AT
1	7512164	2815	GA
1	7513088	705	GT
1	7513166	78	CA
1	7513254	88	AG
1	7513294	40	GT
1	7514410	1076	GA
1	7514456	46	AG
1	7514493	37	CT
1	7518404	3614	GA
1	7520250	608	AG
1	7520264	14	TG
1	7520840	576	CT
1	7521520	680	GA
1	7524755	2234	AG
1	7524760	5	AC
1	7526522	664	CT
1	7528444	1689	CT
1	7528660	216	TA
1	7529260	600	AG
1	7529274	14	TA
1	7529275	1	CT
1	7530341	1023	AC
1	7530410	69	GA
1	7530437	27	GA
1	7530450	13	AG
1	7530797	195	GT
1	7530910	113	GC
1	7532020	824	CT
1	7532024	4	GT
1	7532334	310	CT
1	7532346	12	AC
1	7534456	1235	GA
1	7535503	238	GA
1	7539760	1272	AC
1	7539884	124	AG
1	7539945	61	CT
1	7541438	1079	GC
1	7541620	182	GT
1	7541992	372	GT
1	7542200	148	TC
1	7542233	33	AG
1	7542235	2	CT
1	7542512	226	AG
1	7542575	63	GT
1	7542912	132	CT
1	7545369	2259	GA
1	7546190	760	GA
1	7546306	116	AG
1	7546873	298	CT
1	7548542	1669	AG
1	7549767	1225	AG
1	7550043	276	CT
1	7550107	64	GA
1	7550208	101	AG
1	7550358	150	GA
1	7550407	49	TG
1	7551296	853	AG
1	7552051	470	AG
1	7552282	231	CA
1	7552309	27	AC
1	7552533	224	CA
1	7552536	3	CT
1	7553114	578	GA
1	7553157	43	AG
1	7553595	438	AC
1	7553663	68	AG
1	7557178	2754	TG
1	7557182	4	TC
1	7558416	1068	CT
1	7558485	69	CT
1	7558536	51	GA
1	7558600	64	TC
1	7560439	1706	CT
1	7561066	395	GA
1	7561729	663	AG
1	7562570	500	CT
1	7562620	50	CT
1	7562985	365	GA
1	7563075	90	CT
1	7566093	1178	GA
1	7567592	482	TG
1	7568099	507	GA
1	7568331	232	TC
1	7568381	50	AG
1	7568514	104	AT
1	7569004	267	CT
1	7569155	151	GA
1	7569774	265	AC
1	7569785	11	GA
1	7569892	107	CT
1	7569994	102	GA
1	7570047	53	CG
1	7570169	122	GT
1	7570232	63	TC
1	7570431	199	GA
1	7570432	1	CT
1	7570456	24	AG
1	7570524	35	GA
1	7570564	40	GA
1	7570589	25	CT
1	7570619	30	TC
1	7571116	244	GA
1	7571267	151	CT
1	7572188	529	GA
1	7572925	363	AG
1	7572934	9	AT
1	7573516	582	TC
1	7573881	365	AT
1	7574064	183	CG
1	7574651	278	TC
1	7574871	220	CT
1	7577669	1782	CT
1	7578050	350	GA
1	7578169	50	CT
1	7579154	187	TC
1	7579615	355	AG
1	7580587	937	CT
1	7580686	99	AC
1	7594443	11430	GA
1	7594722	279	TG
1	7594773	51	CT
1	7594794	21	AG
1	7601455	5657	CT
1	7601761	306	GA
1	7601774	13	GA
1	7601779	5	GC
1	7601958	179	GA
1	7602222	264	CT
1	7602311	89	GA
1	7602480	169	GT
1	7602657	177	CA
1	7602728	71	GC
1	7602905	177	TC
1	7602920	15	CT
1	7602929	9	CT
1	7603686	723	CT
1	7604446	683	CT
1	7604641	195	CA
1	7604655	14	AG
1	7604687	32	CT
1	7604745	58	AG
1	7604809	64	AG
1	7604968	159	AG
1	7605094	126	AG
1	7605095	1	CT
1	7605649	484	TA
1	7605719	70	CT
1	7605875	156	CT
1	7606076	83	CT
1	7607011	935	AG
1	7607189	178	TC
1	7607377	188	GA
1	7607695	69	GA
1	7607975	280	GC
1	7612371	3416	AC
1	7616209	1251	TC
1	7620315	906	GA
1	7620373	58	TC
1	7622908	2273	AC
1	7623300	392	TC
1	7623995	547	GA
1	7624021	26	TC
1	7624044	23	GA
1	7624422	378	CT
1	7625080	156	AC
1	7625337	257	CT
1	7625582	245	AG
1	7625699	117	AC
1	7625712	13	AC
1	7625811	99	CT
1	7625833	22	CA
1	7626377	420	AG
1	7626693	316	AG
1	7627680	987	TC
1	7628317	490	AC
1	7628320	3	AG
1	7628374	54	GC
1	7629113	578	CT
1	7629790	333	CT
1	7630120	330	AG
1	7630306	186	CG
1	7630520	214	AG
1	7630540	20	TC
1	7630665	125	GA
1	7630917	252	GC
1	7630971	54	CG
1	7631014	43	TA
1	7631375	271	AG
1	7631669	294	AG
1	7632465	796	GC
1	7632612	147	CT
1	7633231	619	TG
1	7633236	5	TC
1	7633403	167	GA
1	7633430	27	CG
1	7633634	165	GA
1	7633710	76	AG
1	7633741	31	CG
1	7633761	20	AG
1	7633777	16	AG
1	7634093	104	AG
1	7634139	46	TC
1	7635067	713	CA
1	7635093	26	GA
1	7636225	985	CG
1	7637694	1398	CT
1	7637835	141	AG
1	7637872	37	GA
1	7637879	7	CT
1	7637915	36	TA
1	7637921	6	GT
1	7638041	120	GA
1	7638074	33	TC
1	7638084	10	TA
1	7638124	40	TG
1	7638125	1	TC
1	7638128	3	AG
1	7638236	108	GA
1	7638249	13	AG
1	7638258	9	CT
1	7638324	66	GC
1	7638494	170	AG
1	7639355	829	TA
1	7640191	544	GT
1	7640194	3	AG
1	7640197	3	GT
1	7640277	80	CT
1	7640628	351	GA
1	7640659	31	GT
1	7640776	117	TG
1	7641080	244	AG
1	7652058	819	GC
1	7655328	3011	GA
1	7655637	280	CT
1	7655786	149	CT
1	7656243	307	CA
1	7657221	919	CT
1	7658072	694	CT
1	7659643	1317	CT
1	7659933	290	AG
1	7660148	215	TG
1	7660779	631	TC
1	7664084	2411	CT
1	7664329	134	GT
1	7667138	2091	CT
1	7667247	109	GC
1	7667393	146	CT
1	7667806	413	GA
1	7670813	2084	CT
1	7670820	7	TG
1	7672257	1298	TC
1	7677183	4108	AG
1	7680822	1877	AG
1	7687600	5383	CA
1	7687837	237	AG
1	7687845	8	TC
1	7687963	118	CT
1	7687966	3	CT
1	7688266	170	TC
1	7688832	360	TC
1	7688835	3	TC
1	7688905	70	CT
1	7689270	97	TC
1	7689302	32	CT
1	7689485	183	GC
1	7689577	92	GA
1	7689582	5	CT
1	7689740	158	TC
1	7689755	15	GA
1	7689799	44	AG
1	7689804	5	CT
1	7689805	1	CG
1	7689850	45	GA
1	7689967	117	GC
1	7690108	141	GA
1	7690117	9	GT
1	7690148	31	CT
1	7690154	6	CT
1	7690183	29	GA
1	7690268	85	CT
1	7690515	247	CT
1	7690577	62	CT
1	7690722	145	GA
1	7690756	34	CT
1	7691818	818	CA
1	7691877	59	AC
1	7691959	82	CG
1	7692133	174	GA
1	7692794	392	GT
1	7692821	27	CT
1	7693540	348	CT
1	7694556	974	GA
1	7694747	37	TC
1	7694856	109	AG
1	7694878	22	GA
1	7694926	48	CT
1	7695525	485	GA
1	7695711	186	GC
1	7695815	104	CA
1	7695875	60	GT
1	7696775	900	TC
1	7697810	1018	TC
1	7698774	964	GC
1	7699911	717	CT
1	7699949	38	GC
1	7700475	526	TC
1	7700814	339	CT
1	7700858	44	GA
1	7701234	376	GA
1	7701305	71	CA
1	7701675	370	GC
1	7702338	636	CG
1	7703244	704	TA
1	7703285	41	AG
1	7703319	34	TC
1	7703522	203	GA
1	7703606	84	GA
1	7703641	35	TG
1	7703865	224	AC
1	7704064	199	GA
1	7704066	2	AC
1	7704178	112	CT
1	7704411	73	TA
1	7704567	156	TC
1	7704572	5	CT
1	7704718	146	TA
1	7704734	16	CT
1	7704768	34	CG
1	7704863	95	TC
1	7705204	341	GA
1	7705241	37	GT
1	7705255	14	GA
1	7705419	164	TC
1	7706000	552	TC
1	7706159	159	GA
1	7706181	22	AG
1	7706546	365	GA
1	7706701	155	GA
1	7707362	587	TC
1	7709569	1883	AG
1	7709660	91	TC
1	7711847	2187	GC
1	7711853	6	CT
1	7711937	84	TC
1	7711998	61	CT
1	7712017	19	CT
1	7714045	1810	TC
1	7717434	3221	TC
1	7721220	2398	TC
1	7721221	1	TC
1	7721847	626	AG
1	7721872	25	TC
1	7722795	828	AG
1	7723304	509	AG
1	7723915	580	GA
1	7724577	626	AG
1	7726295	906	GA
1	7730309	2844	GA
1	7733378	2326	GA
1	7733512	134	CT
1	7734222	591	CT
1	7735247	979	AC
1	7735304	57	TC
1	7736432	1128	CG
1	7737172	740	GA
1	7737730	558	AG
1	7739889	767	CT
1	7740882	652	CT
1	7741745	755	CT
1	7741763	18	TC
1	7742897	881	TC
1	7743120	223	CG
1	7743588	293	GC
1	7743873	285	TC
1	7743938	65	AG
1	7743946	8	CT
1	7744171	225	TC
1	7744177	6	GA
1	7744179	2	CT
1	7744307	128	CT
1	7744406	99	AG
1	7744604	198	CT
1	7744938	334	GA
1	7744992	54	CA
1	7744993	1	AG
1	7745128	135	AG
1	7745331	203	TA
1	7745340	9	CG
1	7745379	39	GA
1	7745657	278	TC
1	7745956	215	TC
1	7746185	229	AC
1	7746293	108	GC
1	7746295	2	CT
1	7746316	21	AG
1	7746720	180	AC
1	7747263	171	AC
1	7747299	36	GT
1	7747334	35	GA
1	7747410	76	AG
1	7747734	249	TC
1	7747745	11	CT
1	7747746	1	GA
1	7747793	47	GC
1	7748158	183	AG
1	7748161	3	CG
1	7748290	129	GC
1	7748353	63	TA
1	7748592	239	AT
1	7748883	291	TC
1	7749372	349	GA
1	7749391	19	GA
1	7749393	2	GA
1	7749664	271	TC
1	7749715	51	TC
1	7750343	475	CT
1	7752348	1365	GA
1	7754482	1608	CA
1	7760095	1635	AG
1	7763160	1501	TG
1	7764521	841	AG
1	7764631	110	GA
1	7765059	428	TG
1	7766767	1487	TC
1	7766980	213	CT
1	7767118	138	AG
1	7767127	9	GC
1	7767142	15	AG
1	7768513	675	AC
1	7769186	424	CT
1	7772810	2276	TC
1	7772848	38	AT
1	7772852	4	CT
1	7773275	318	AG
1	7773406	131	CT
1	7773445	39	TC
1	7773457	12	GA
1	7773548	91	GA
1	7773607	59	AG
1	7779937	3908	CT
1	7781737	1464	GA
1	7782666	820	TC
1	7782851	185	CG
1	7784364	762	GA
1	7786150	1432	AG
1	7789434	2443	GT
1	7790660	1186	CT
1	7792295	1414	CA
1	7796098	3026	CG
1	7798161	1877	TG
1	7798687	526	AG
1	7798777	90	TA
1	7800130	1173	CT
1	7801221	1014	GC
1	7801998	250	CT
1	7802735	396	GC
1	7805625	1959	CT
1	7805799	174	TC
1	7805862	63	TC
1	7805952	90	AG
1	7806757	144	TC
1	7806903	146	AG
1	7808410	983	AG
1	7808588	178	CT
1	7809655	1008	TC
1	7810045	293	CT
1	7810909	802	CT
1	7811003	94	AG
1	7811129	126	GA
1	7811721	592	GA
1	7812630	737	CT
1	7812631	1	AG
1	7812984	266	GA
1	7813522	508	AC
1	7813580	58	GA
1	7813918	338	TC
1	7814098	112	TA
1	7814102	4	TA
1	7814511	409	GA
1	7814741	191	TC
1	7814744	3	CT
1	7814758	14	GC
1	7814824	66	GA
1	7814880	56	GA
1	7815829	949	GA
1	7815932	103	TA
1	7815941	9	TC
1	7815946	5	AT
1	7817751	470	CA
1	7819384	1514	GC
1	7820456	678	GA
1	7821644	761	GA
1	7821695	51	AG
1	7822102	407	GA
1	7822163	61	AG
1	7822226	63	TC
1	7822249	23	GA
1	7822884	472	AC
1	7822918	34	CT
1	7822919	1	AG
1	7823016	97	CT
1	7823036	20	CT
1	7823766	110	TG
1	7823883	117	CT
1	7823938	55	CT
1	7824141	203	AT
1	7824315	174	CT
1	7824754	439	AT
1	7824909	155	CT
1	7826048	820	GT
1	7826625	458	AG
1	7827606	818	CT
1	7828329	723	CT
1	7829912	1203	TG
1	7830528	616	TC
1	7830718	190	CA
1	7832434	1321	TC
1	7834359	740	CT
1	7834407	48	CA
1	7834797	390	GA
1	7835000	203	AG
1	7835294	294	CG
1	7835360	66	GA
1	7836040	680	GA
1	7837339	92	AT
1	7837388	49	CT
1	7837391	3	AG
1	7838023	527	CT
1	7838569	491	GA
1	7839233	664	GA
1	7839707	186	CT
1	7840082	375	CA
1	7840186	104	AC
1	7840244	58	AC
1	7840348	104	CT
1	7841399	271	GA
1	7841432	33	TA
1	7842400	282	GA
1	7842894	494	TG
1	7843233	187	AG
1	7843237	4	TC
1	7843245	8	AG
1	7843250	5	AG
1	7844235	507	GC
1	7844574	339	AG
1	7845209	594	CA
1	7845210	1	GC
1	7845621	411	CT
1	7845945	249	TC
1	7846110	165	CT
1	7846265	155	TC
1	7846993	493	AG
1	7847002	9	GA
1	7847227	186	TG
1	7851721	3743	CT
1	7851748	27	CT
1	7851782	34	CG
1	7852370	309	AC
1	7852599	129	GT
1	7852657	58	AG
1	7852700	43	CT
1	7853002	302	AG
1	7853596	384	GA
1	7853706	110	CA
1	7854351	507	GA
1	7859276	4322	AG
1	7865498	5914	TC
1	7866540	968	GT
1	7866916	376	CA
1	7871768	3479	CT
1	7872023	255	TC
1	7872944	800	AG
1	7873022	78	CT
1	7875644	2068	TC
1	7876426	748	AG
1	7888109	10521	GA
1	7890624	2380	CA
1	7892296	1501	CT
1	7893461	790	AT
1	7894324	863	AC
1	7894371	47	TC
1	7895435	994	AC
1	7895445	10	AG
1	7895475	30	AG
1	7895635	160	GA
1	7895661	26	CG
1	7895685	24	GT
1	7895687	2	GT
1	7895696	9	TA
1	7896504	713	GC
1	7896545	41	AG
1	7896738	159	GT
1	7896752	14	GA
1	7896815	63	AG
1	7896841	26	CT
1	7896845	4	CT
1	7897390	446	GA
1	7897740	175	GT
1	7898571	361	TG
1	7898747	176	GA
1	7899796	860	TC
1	7899800	4	AG
1	7900306	506	CT
1	7900801	495	CT
1	7900888	87	CG
1	7900922	34	GT
1	7900967	45	GA
1	7901514	547	GA
1	7902651	906	GT
1	7907384	3253	CT
1	7907670	41	CT
1	7907692	22	CG
1	7907707	15	TC
1	7907776	69	CT
1	7907795	19	TG
1	7907979	165	TC
1	7909094	1034	CT
1	7909114	20	TG
1	7909192	78	TC
1	7909199	7	CT
1	7909202	3	TC
1	7909221	19	GT
1	7910037	783	GA
1	7910106	69	TC
1	7910145	39	TC
1	7910146	1	GA
1	7910198	52	TG
1	7910223	25	GA
1	7910227	4	AT
1	7910236	9	TC
1	7910245	9	AG
1	7910277	32	AT
1	7910385	108	CG
1	7910978	409	TG
1	7911067	89	CA
1	7911114	47	CT
1	7911471	110	CT
1	7911484	13	CT
1	7911513	29	GA
1	7911683	148	TC
1	7911698	15	GA
1	7911737	39	GA
1	7911801	64	GA
1	7911805	4	CT
1	7911824	19	GA
1	7911841	17	CT
1	7912082	241	TC
1	7912085	3	AG
1	7912096	11	AG
1	7912103	7	GA
1	7912446	343	AG
1	7912554	108	CT
1	7912561	7	AG
1	7912719	158	CT
1	7912741	22	GA
1	7913019	155	AG
1	7913049	30	CT
1	7913050	1	GT
1	7913084	34	TC
1	7913122	38	CT
1	7913127	5	TC
1	7913210	83	TA
1	7913289	79	CT
1	7913416	127	CT
1	7913445	29	AT
1	7913467	22	CT
1	7913510	43	CT
1	7914027	292	TA
1	7914028	1	TA
1	7914030	2	GA
1	7914257	227	AG
1	7914330	73	TC
1	7916816	2165	CG
1	7916820	4	GC
1	7916948	128	CT
1	7917246	298	AC
1	7917540	294	CT
1	7917560	20	GA
1	7917568	8	TA
1	7917610	42	CT
1	7917635	25	CT
1	7917771	136	GA
1	7917806	35	GA
1	7917958	152	CT
1	7918427	174	TC
1	7918503	76	CT
1	7918801	298	CT
1	7918820	19	GA
1	7918916	29	CT
1	7918990	20	GT
1	7920595	1017	TC
1	7920650	55	AG
1	7920701	51	CT
1	7920787	86	TC
1	7920900	113	CT
1	7921070	95	TC
1	7921782	49	CT
1	7921784	2	GA
1	7921791	7	GA
1	7921960	169	GA
1	7922041	81	TC
1	7922047	6	TC
1	7922276	229	TC
1	7922325	49	AC
1	7922393	68	CG
1	7922648	255	TC
1	7922658	10	GA
1	7922694	36	TC
1	7922714	20	CT
1	7922723	9	GT
1	7923341	341	GA
1	7923728	68	TG
1	7924039	140	GA
1	7942572	12755	TA
1	7943086	480	CT
1	7943240	154	TA
1	7943712	326	CT
1	7943725	13	TG
1	7944032	51	TC
1	7944118	86	CT
1	7944140	22	TA
1	7944290	150	GA
1	7944909	495	AT
1	7945080	171	CA
1	7945910	529	CA
1	7947037	814	AG
1	7948258	956	TG
1	7948335	15	AG
1	7948353	18	CG
1	7948375	22	TC
1	7949038	621	GA
1	7949166	128	AT
1	7953031	2310	AG
1	7955022	1376	AG
1	7955539	271	TC
1	7955574	35	AT
1	7956310	584	GT
1	7956312	2	AG
1	7956355	43	TG
1	7956422	67	CT
1	7956581	159	AG
1	7957130	294	CA
1	7958059	185	TC
1	7958634	575	TC
1	7958777	143	GA
1	7959080	303	TC
1	7959101	21	AG
1	7959139	38	GA
1	7959252	113	GA
1	7960358	635	CT
1	7960382	24	CT
1	7961225	843	AG
1	7961601	376	TC
1	7961650	49	GA
1	7962379	588	TC
1	7962837	257	CT
1	7963021	184	AG
1	7963072	51	GA
1	7963314	186	AT
1	7964158	379	AC
1	7964854	498	AG
1	7965124	143	GC
1	7966432	1225	AG
1	7967562	1073	GC
1	7967969	407	TC
1	7968132	163	GC
1	7968244	112	TC
1	7968342	98	CT
1	7969049	594	GA
1	7971656	2325	CT
1	7971763	107	GC
1	7972261	498	CT
1	7972428	167	CA
1	7973828	716	CT
1	7973869	41	GA
1	7974478	571	CG
1	7974761	283	TG
1	7974792	31	CG
1	7975093	301	GT
1	7975142	49	GA
1	7975631	402	TC
1	7976564	753	GA
1	7976582	18	AG
1	7976812	230	TC
1	7977009	153	CA
1	7977026	17	GA
1	7977684	590	AC
1	7978106	422	TC
1	7978293	81	GT
1	7978338	45	AG
1	7981691	2716	TC
1	7983950	1374	TG
1	7984053	103	CT
1	7984160	107	GA
1	7984359	199	GA
1	7992878	3522	AG
1	7992918	40	TC
1	7992921	3	TC
1	7993358	437	AG
1	7993946	409	TC
1	7993987	41	GA
1	7994022	35	CA
1	7994026	4	AG
1	7994184	158	GA
1	7994186	2	GA
1	7994221	35	GA
1	7994413	192	TC
1	7996505	79	TC
1	7998034	146	AC
1	7998122	88	CT
1	7998130	8	AC
1	7998783	242	AT
1	7998784	1	AT
1	7998804	20	AG
1	7999075	271	GA
1	7999601	267	TC
1	7999761	160	GA
1	8000194	433	AG
1	8000338	144	GT
1	8001420	1019	GA
1	8001490	70	TC
1	8001596	106	CT
1	8001602	6	AG
1	8001608	6	GA
1	8001736	128	AT
1	8001829	93	GC
1	8001844	15	TA
1	8001989	145	GT
1	8002127	138	GA
1	8002476	349	GA
1	8002546	70	AT
1	8002698	58	GA
1	8003224	58	TC
1	8003404	180	CG
1	8003605	201	AG
1	8004072	467	CT
1	8007430	1354	TC
1	8008577	649	CT
1	8008820	243	AG
1	8011035	1612	CT
1	8011061	26	GA
1	8011095	34	AG
1	8011373	278	GA
1	8012078	391	CT
1	8012460	208	TC
1	8012984	207	GC
1	8013029	45	AC
1	8014615	1586	CT
1	8016028	1152	TC
1	8016056	28	CT
1	8017401	977	TC
1	8017403	2	CT
1	8017554	151	CT
1	8018728	1157	GA
1	8018735	7	GA
1	8018853	118	CT
1	8018857	4	GC
1	8018897	40	GT
1	8019397	500	CT
1	8020832	866	GT
1	8021401	569	GA
1	8021765	364	CT
1	8022896	1110	GC
1	8023545	465	CT
1	8024492	596	GA
1	8025496	845	AC
1	8025991	385	AG
1	8026306	208	TG
1	8026374	68	TC
1	8026435	61	CT
1	8026468	33	CT
1	8026477	9	TC
1	8026651	45	TC
1	8027435	784	CT
1	8028041	447	TG
1	8030212	1849	AG
1	8031559	1308	CT
1	8033877	1276	GA
1	8035733	1551	AG
1	8037319	1399	AC
1	8037770	236	CT
1	8037777	7	GA
1	8037911	134	AG
1	8038781	824	TC
1	8038879	98	CT
1	8038880	1	AG
1	8038902	22	GC
1	8039833	931	AG
1	8040213	363	GA
1	8040686	473	GA
1	8042270	1495	GA
1	8042639	369	TA
1	8043106	467	TC
1	8053092	8773	TG
1	8059664	5923	GA
1	8064057	3305	AG
1	8065396	1339	AG
1	8066404	830	AG
1	8067254	429	GA
1	8069510	2256	CG
1	8069516	6	CT
1	8070000	448	AG
1	8070231	231	AG
1	8070271	40	GA
1	8070273	2	TC
1	8071762	1070	TC
1	8071981	202	CT
1	8071999	18	CT
1	8072107	108	GC
1	8072605	434	CT
1	8072664	59	GA
1	8072875	211	AG
1	8073207	332	TC
1	8073381	174	CT
1	8073850	374	TC
1	8073907	57	TC
1	8074781	549	TC
1	8075373	592	CT
1	8076179	806	CT
1	8076277	98	AG
1	8076410	38	AG
1	8076431	21	GA
1	8076657	226	TA
1	8077047	273	GT
1	8077401	171	GA
1	8077412	11	CG
1	8077511	99	CT
1	8077608	97	TG
1	8079201	1097	TC
1	8079349	148	AG
1	8080343	972	TC
1	8082712	926	CA
1	8082730	18	TC
1	8082774	44	TC
1	8083954	630	AG
1	8084389	323	CT
1	8084579	190	CT
1	8086212	1375	TC
1	8086263	51	TC
1	8086840	121	TC
1	8086869	29	GT
1	8087254	385	AC
1	8087766	512	CT
1	8087809	43	AG
1	8088179	313	AG
1	8089899	1441	CA
1	8090567	668	CT
1	8098604	5728	TG
1	8099727	772	TC
1	8100008	281	AG
1	8100732	724	TC
1	8101872	1140	CT
1	8102703	488	CA
1	8103787	1084	GA
1	8103864	77	AG
1	8104351	309	TA
1	8104480	129	TC
1	8104487	7	GA
1	8104491	4	CG
1	8104688	197	TC
1	8105798	1110	AG
1	8105966	168	CA
1	8109444	2514	AG
1	8110548	1104	GT
1	8112743	1630	AG
1	8114779	1345	TC
1	8114951	172	CT
1	8117570	2495	AG
1	8118230	660	CT
1	8120812	1746	AT
1	8121882	510	TC
1	8122306	424	AG
1	8123426	728	TC
1	8123557	131	GC
1	8123566	9	CT
1	8123593	27	GC
1	8123626	33	AG
1	8124359	733	TC
1	8135281	9231	CT
1	8135635	354	CT
1	8136136	501	CA
1	8136184	48	TC
1	8136449	265	GC
1	8136517	68	CG
1	8136905	388	CT
1	8137002	97	AG
1	8137068	66	TC
1	8138356	1124	GA
1	8141783	2432	AG
1	8141863	80	TA
1	8141975	112	TC
1	8142313	338	GA
1	8142355	42	GT
1	8142496	141	AG
1	8142738	242	GA
1	8142787	49	TC
1	8142867	80	AG
1	8143169	302	CT
1	8143905	226	AG
1	8144657	752	CT
1	8145196	450	GA
1	8145455	259	GA
1	8145729	274	GA
1	8145815	86	CT
1	8146454	439	GA
1	8148393	1201	GA
1	8151621	2828	TG
1	8151634	13	GA
1	8151752	118	AG
1	8153376	1032	GT
1	8153468	92	GA
1	8153634	166	TC
1	8154305	671	CT
1	8154586	281	TG
1	8154588	2	TC
1	8154700	112	TC
1	8154739	39	GA
1	8155317	578	CT
1	8155952	552	TC
1	8156037	85	GA
1	8156122	85	TC
1	8156151	29	CA
1	8156286	135	TC
1	8156331	45	GA
1	8156558	227	AG
1	8156918	360	CT
1	8157009	91	TA
1	8157227	218	AG
1	8157246	19	CT
1	8157351	105	TC
1	8157519	168	GC
1	8157858	339	GA
1	8158108	250	GA
1	8158157	49	CT
1	8158187	30	TG
1	8158386	199	GC
1	8159260	401	CT
1	8160482	1004	CA
1	8160495	13	TC
1	8161044	549	TC
1	8162738	1694	CG
1	8163053	315	CT
1	8163903	777	TG
1	8164889	892	AG
1	8165103	214	CT
1	8172165	555	TC
1	8172433	268	TC
1	8172637	204	CG
1	8173088	451	GA
1	8173151	63	GT
1	8173501	350	CT
1	8174564	931	CT
1	8174577	13	CT
1	8174614	37	CT
1	8175520	880	AC
1	8175545	25	CT
1	8176628	696	CT
1	8178319	1088	TC
1	8178436	117	TC
1	8179322	700	TC
1	8179334	12	AG
1	8179419	85	AG
1	8179794	375	GA
1	8180073	279	TC
1	8180685	589	TG
1	8180771	86	AG
1	8181211	440	GA
1	8185435	1266	TC
1	8185478	43	AG
1	8185575	97	GA
1	8185584	9	CT
1	8185864	65	GT
1	8186123	259	GA
1	8186704	435	TC
1	8186706	2	TC
1	8186755	49	TC
1	8187021	266	TC
1	8187118	78	GA
1	8187265	70	CT
1	8187267	2	CG
1	8187413	146	AG
1	8187427	14	TC
1	8187477	50	TC
1	8187636	159	TC
1	8187756	120	CA
1	8187886	130	GA
1	8187905	19	GA
1	8188195	290	AG
1	8188595	356	GT
1	8188899	304	GA
1	8189158	259	AG
1	8189359	201	CT
1	8189813	347	GT
1	8189853	40	CT
1	8189917	64	GA
1	8190974	247	AG
1	8191142	168	AG
1	8191422	280	GA
1	8191481	59	CT
1	8191734	253	CT
1	8192009	275	AG
1	8192399	390	AG
1	8192537	138	CT
1	8193210	312	GT
1	8193236	26	TC
1	8193468	232	GA
1	8193481	13	AC
1	8193568	87	GC
1	8193625	57	AC
1	8193820	195	TC
1	8193895	75	CT
1	8193896	1	AG
1	8194124	228	AC
1	8194182	58	TC
1	8194670	176	GT
1	8194676	6	CT
1	8195328	348	CT
1	8195768	440	CT
1	8196037	269	CG
1	8196048	11	AC
1	8196396	348	AG
1	8196836	328	GA
1	8197746	460	GA
1	8198366	620	TC
1	8198808	442	TC
1	8198870	62	GC
1	8199043	173	GA
1	8201859	1208	GA
1	8202325	306	GA
1	8202440	115	TC
1	8202447	7	AC
1	8202451	4	AG
1	8202501	50	AG
1	8202517	16	TC
1	8202844	327	CG
1	8203149	305	TC
1	8203256	107	TC
1	8203258	2	CG
1	8203273	15	TG
1	8203279	6	TC
1	8203384	105	GC
1	8203436	52	AG
1	8203553	117	TC
1	8203814	261	GA
1	8203923	109	TC
1	8203955	32	CG
1	8204243	288	AC
1	8204443	200	CT
1	8204509	66	CT
1	8204838	329	TC
1	8204964	126	CT
1	8205229	151	GA
1	8205234	5	CT
1	8205309	75	CT
1	8205434	125	GA
1	8206238	694	TC
1	8206389	109	CT
1	8206637	66	AG
1	8206645	8	CT
1	8207727	903	AG
1	8208648	853	GA
1	8208966	318	TC
1	8209164	198	CT
1	8209436	272	CT
1	8209474	38	GC
1	8209507	33	TG
1	8209904	197	CT
1	8209979	75	GA
1	8210820	841	GA
1	8211019	199	CT
1	8211186	167	GA
1	8211233	47	TA
1	8211823	435	GC
1	8213425	363	GA
1	8213427	2	AG
1	8213558	56	AG
1	8215291	1648	CT
1	8215397	106	AG
1	8215420	23	GA
1	8215583	163	GA
1	8218480	1902	GA
1	8220772	1737	CG
1	8221192	306	GA
1	8221563	310	GA
1	8221578	15	TC
1	8221580	2	CG
1	8221599	19	GA
1	8221613	14	AC
1	8222883	576	TC
1	8222959	76	TA
1	8223207	248	AG
1	8223225	18	AT
1	8223271	46	AT
1	8223390	119	CT
1	8223920	530	GC
1	8223965	45	GA
1	8223994	29	GA
1	8224043	49	CA
1	8224114	71	TC
1	8224292	178	TA
1	8224345	53	TC
1	8224660	315	TC
1	8224749	89	AG
1	8224943	194	AG
1	8224959	16	TC
1	8225150	191	TG
1	8225455	305	AT
1	8226544	525	AG
1	8227511	596	TC
1	8229130	1466	GA
1	8229368	238	TC
1	8233494	1704	AC
1	8234295	801	GA
1	8234406	111	TC
1	8234492	86	CT
1	8234753	261	GA
1	8234915	162	GA
1	8235575	660	CT
1	8235603	28	CA
1	8235615	12	CT
1	8235636	21	GA
1	8235724	88	AC
1	8235805	81	GC
1	8235815	10	CT
1	8235944	129	GC
1	8237186	594	AG
1	8240765	2384	GA
1	8249810	7666	GA
1	8252808	2606	TC
1	8252890	82	TC
1	8252897	7	GC
1	8253120	223	GT
1	8253208	88	AG
1	8253355	147	CT
1	8253441	86	TG
1	8258404	3298	TC
1	8259354	950	CT
1	8260217	863	CA
1	8273178	9689	AG
1	8273297	92	GA
1	8273545	248	GA
1	8274970	1095	GA
1	8275171	201	GA
1	8275239	68	GA
1	8275335	96	CT
1	8275402	67	GC
1	8275574	172	GA
1	8275647	73	AG
1	8275849	202	CT
1	8275973	124	CT
1	8276097	124	CT
1	8276122	25	AG
1	8276309	187	TC
1	8276570	261	GA
1	8277570	872	AG
1	8277661	91	TC
1	8277997	336	CT
1	8278710	713	CT
1	8278776	66	GT
1	8278951	175	CT
1	8279211	95	GC
1	8279605	394	GA
1	8279892	287	GA
1	8279893	1	GA
1	8281279	1386	TA
1	8282887	1077	CA
1	8282949	62	AG
1	8283548	599	CT
1	8286531	2381	CG
1	8286901	335	AC
1	8289126	1929	GC
1	8289754	628	CT
1	8290291	537	CT
1	8290540	249	AG
1	8290779	239	CA
1	8290818	39	TC
1	8290839	21	TG
1	8291418	579	GA
1	8291841	375	CG
1	8291868	27	AC
1	8291882	14	AG
1	8291916	34	GT
1	8292047	131	TC
1	8292053	6	CT
1	8292454	401	CT
1	8292795	341	GA
1	8292798	3	CG
1	8292869	71	CT
1	8293011	142	AT
1	8293646	635	GA
1	8293782	136	GA
1	8293834	52	CA
1	8293946	112	GA
1	8294533	351	AG
1	8294546	13	CT
1	8294556	10	TC
1	8294678	79	CT
1	8294815	137	CG
1	8294820	5	GA
1	8294849	29	GA
1	8294866	17	GA
1	8294900	34	TC
1	8294914	14	AG
1	8294923	9	AT
1	8297780	1776	GA
1	8297933	153	GA
1	8298502	569	CT
1	8298508	6	AG
1	8299432	924	TG
1	8301557	1670	CG
1	8301711	154	GA
1	8301739	28	CT
1	8302534	795	TC
1	8303326	545	CT
1	8303747	212	GA
1	8304256	454	CT
1	8304272	16	CT
1	8304475	203	CT
1	8304490	15	AG
1	8304635	145	GA
1	8305238	526	GT
1	8305257	19	AG
1	8305277	20	GA
1	8305715	266	AG
1	8305843	128	AT
1	8306348	505	AG
1	8306755	407	GA
1	8307541	786	AT
1	8307979	438	TC
1	8308621	642	CT
1	8309481	502	CT
1	8309501	20	GC
1	8309604	103	CT
1	8309676	72	GA
1	8310028	352	CT
1	8310992	925	GA
1	8312063	732	TC
1	8312441	192	GC
1	8313387	653	CT
1	8314198	725	GA
1	8319285	4366	GA
1	8321024	1680	AG
1	8321266	242	CT
1	8322119	853	GC
1	8322323	204	TC
1	8323799	1452	GA
1	8324312	513	CT
1	8324391	40	TG
1	8324957	471	CG
1	8326889	1418	GA
1	8326965	76	CT
1	8327124	159	GA
1	8327154	30	AG
1	8327236	82	CT
1	8327252	16	AG
1	8327677	425	CT
1	8327703	26	AG
1	8327776	73	CT
1	8327932	156	TG
1	8327976	44	GA
1	8328976	657	CT
1	8329111	135	AG
1	8329773	537	CT
1	8329882	109	GA
1	8329990	108	CT
1	8330307	317	AG
1	8337636	6287	GA
1	8337719	83	AC
1	8337878	159	GA
1	8338031	153	CG
1	8338174	143	AG
1	8338835	661	CT
1	8339139	304	GA
1	8339310	61	CG
1	8340047	596	CT
1	8340100	53	AG
1	8340350	250	TC
1	8340393	43	GA
1	8340589	196	AG
1	8340597	8	AT
1	8341448	584	AG
1	8341859	411	GT
1	8341948	89	TC
1	8342164	149	GA
1	8342508	344	AG
1	8342655	147	GA
1	8342739	84	AG
1	8342776	37	GA
1	8342788	12	GA
1	8342798	10	GA
1	8342838	40	AG
1	8342982	144	AG
1	8343066	84	TC
1	8343092	26	AG
1	8344030	938	GA
1	8344528	498	CG
1	8344678	150	TG
1	8344691	13	AT
1	8344923	146	CG
1	8345254	331	GC
1	8351151	599	CA
1	8351207	56	GC
1	8351432	225	TC
1	8351529	97	AG
1	8351537	8	AC
1	8351546	9	CT
1	8351659	113	CT
1	8351660	1	GA
1	8351715	55	AG
1	8351877	162	TC
1	8352106	229	AT
1	8352225	119	GT
1	8352287	62	TC
1	8352821	264	GT
1	8352828	7	CT
1	8353148	320	GA
1	8353510	362	CA
1	8353647	137	CT
1	8353712	65	GA
1	8353795	83	AG
1	8353944	149	GC
1	8353990	46	GA
1	8354200	210	AG
1	8354212	12	TG
1	8354233	21	GA
1	8354436	203	TG
1	8354472	36	GA
1	8354491	19	GC
1	8354679	188	CT
1	8354787	108	AG
1	8354970	183	TC
1	8355018	48	GT
1	8355036	18	GC
1	8355135	99	TC
1	8355273	138	TC
1	8355344	71	GT
1	8368444	9178	AG
1	8368450	6	GA
1	8371037	2147	AG
1	8371652	496	TC
1	8371673	21	AG
1	8371677	4	AG
1	8371715	38	TC
1	8371750	35	CG
1	8372144	394	GA
1	8372548	404	AG
1	8373036	131	CA
1	8373350	198	GA
1	8373508	158	AG
1	8373525	17	CT
1	8373915	63	CA
1	8374512	490	CT
1	8374845	333	AG
1	8375067	222	AG
1	8376063	996	GA
1	8376489	281	GA
1	8376542	53	AT
1	8376596	54	TA
1	8377025	429	AC
1	8383366	597	CT
1	8383584	218	GA
1	8383591	7	CT
1	8383848	257	CT
1	8383904	56	CT
1	8383943	39	AG
1	8384001	58	CT
1	8384019	18	TG
1	8385435	1220	CT
1	8387000	1045	CT
1	8387698	237	CT
1	8388362	640	TC
1	8388467	105	TC
1	8389034	567	GT
1	8389148	114	CT
1	8389214	66	CT
1	8389239	25	TC
1	8389346	107	GA
1	8389549	203	GA
1	8389555	6	GA
1	8390376	591	TC
1	8390424	48	CA
1	8391024	545	CT
1	8392006	964	CT
1	8392025	19	TC
1	8392065	40	GA
1	8392153	88	CT
1	8392756	322	TC
1	8392806	50	CT
1	8392830	24	AG
1	8392861	31	GA
1	8393379	457	GA
1	8393508	129	TG
1	8393518	10	TC
1	8393531	13	AG
1	8393585	54	GA
1	8393692	107	CT
1	8393791	99	TC
1	8393862	71	AG
1	8394039	177	GC
1	8394128	89	CT
1	8394361	233	GA
1	8394388	27	TG
1	8395207	549	GA
1	8395375	168	GA
1	8397083	880	AG
1	8397489	293	TC
1	8397503	14	TC
1	8397657	154	TC
1	8398552	870	AG
1	8398578	26	CT
1	8398674	96	CT
1	8398985	311	CA
1	8399000	15	GT
1	8400344	824	TC
1	8400419	75	CT
1	8400740	287	GA
1	8400762	22	GA
1	8400780	18	GC
1	8400803	23	GA
1	8401154	351	AG
1	8401422	118	GA
1	8401474	52	GA
1	8401545	71	GA
1	8403683	1936	AG
1	8403883	200	CT
1	8405335	1312	GA
1	8405494	159	GA
1	8412966	5484	TC
1	8427021	11866	CT
1	8427166	145	CT
1	8427782	521	AG
1	8432935	4603	CG
1	8433143	134	GT
1	8433198	55	CT
1	8434612	1198	TC
1	8436340	1099	AG
1	8436714	374	GT
1	8437381	667	AC
1	8438031	590	GA
1	8439102	802	CT
1	8439157	55	TC
1	8441932	2010	AG
1	8442037	105	GA
1	8442487	112	GA
1	8442509	22	CT
1	8443595	692	TC
1	8443642	47	AG
1	8443957	315	GT
1	8444288	331	GA
1	8444810	522	AG
1	8444844	34	AG
1	8444855	11	TC
1	8444967	112	CT
1	8444982	15	GA
1	8445377	395	TG
1	8445905	528	TC
1	8445970	65	GC
1	8446016	46	TG
1	8447710	1236	TA
1	8449236	1002	GC
1	8449486	250	TC
1	8450097	611	AG
1	8450156	59	GT
1	8450163	7	TG
1	8450418	42	TC
1	8451581	1008	GA
1	8451895	314	GA
1	8451937	42	GA
1	8452091	154	TC
1	8452708	345	GA
1	8455540	2740	GA
1	8456462	797	AG
1	8458813	2027	TC
1	8459094	281	TC
1	8459247	153	TG
1	8459618	275	CG
1	8459694	76	GA
1	8459764	70	AT
1	8459999	193	TC
1	8460507	194	CT
1	8460587	80	TC
1	8460636	49	CG
1	8461842	1051	CG
1	8462002	160	CT
1	8463309	237	GC
1	8463415	106	CG
1	8463450	35	CA
1	8463465	15	TC
1	8464409	629	TC
1	8464800	391	TC
1	8464830	30	TC
1	8464949	119	TC
1	8465709	540	CT
1	8465877	168	TC
1	8465890	13	GT
1	8465934	44	CG
1	8465960	26	CA
1	8465987	27	TC
1	8466063	76	CT
1	8466122	59	TA
1	8466240	118	GC
1	8466382	142	AG
1	8467028	507	CT
1	8467093	65	TC
1	8467123	30	TC
1	8467550	259	GA
1	8469114	1310	AG
1	8469368	138	GC
1	8469628	206	GA
1	8469633	5	AG
1	8470606	846	CT
1	8470611	5	CT
1	8470989	378	AG
1	8471571	451	GA
1	8471863	292	GA
1	8472026	163	TC
1	8472046	20	GA
1	8472654	589	TC
1	8473209	555	CT
1	8474548	1166	AG
1	8475296	591	CT
1	8475717	421	GA
1	8476249	532	CT
1	8478481	2071	GA
1	8478991	510	AT
1	8479018	27	AG
1	8479157	139	TC
1	8479189	32	AT
1	8479490	301	TC
1	8479658	168	CT
1	8480532	721	CA
1	8480617	85	AG
1	8480944	272	GC
1	8481062	118	TC
1	8481077	15	AT
1	8481411	259	CT
1	8482032	111	AG
1	8482221	189	CT
1	8482438	217	CA
1	8482543	105	AT
1	8482572	29	TA
1	8482612	40	AC
1	8483493	480	CT
1	8483716	223	CA
1	8483866	150	TC
1	8483896	30	GA
1	8483921	25	GA
1	8483960	39	GA
1	8484005	45	TC
1	8484184	179	TG
1	8484194	10	GA
1	8484211	17	TG
1	8484238	27	AG
1	8484388	150	TC
1	8484608	220	CT
1	8484647	39	CG
1	8484666	19	CT
1	8484915	112	CG
1	8484954	39	GA
1	8485477	523	GA
1	8485498	21	CT
1	8485857	359	GA
1	8486074	217	TC
1	8486096	22	CA
1	8486097	1	CA
1	8486206	109	AC
1	8486234	28	GC
1	8486356	122	TC
1	8486420	64	TC
1	8487002	258	TC
1	8504282	13193	CT
1	8505851	1284	CG
1	8509405	2399	CA
1	8512630	2630	GA
1	8516908	2502	TC
1	8517089	181	TC
1	8522748	4788	CA
1	8523193	235	TC
1	8523502	309	AC
1	8523689	187	AG
1	8523874	185	GA
1	8523966	92	GA
1	8524475	162	TC
1	8524523	48	CT
1	8524581	58	AC
1	8524645	64	CT
1	8524677	32	AT
1	8525248	476	CT
1	8526470	1124	TA
1	8526474	4	AG
1	8526848	111	CG
1	8526923	75	AT
1	8529495	1727	GA
1	8529990	397	TC
1	8530413	423	AG
1	8530631	218	AG
1	8531154	327	AG
1	8532042	627	TC
1	8532815	719	TC
1	8532864	49	GA
1	8532933	69	CT
1	8533382	449	GA
1	8533386	4	GC
1	8533418	32	GA
1	8533582	164	AC
1	8533616	34	TC
1	8533807	191	GA
1	8533851	44	CT
1	8533969	118	CA
1	8534241	272	GA
1	8534429	188	CT
1	8537341	2429	CT
1	8538194	730	GA
1	8538827	633	GA
1	8538932	105	GA
1	8539466	212	AG
1	8539628	162	CT
1	8539631	3	GA
1	8541082	1000	CG
1	8541153	71	AG
1	8542602	1139	AG
1	8542896	294	GA
1	8543449	143	GA
1	8543540	91	TC
1	8543898	358	TC
1	8543994	96	GA
1	8544091	97	CA
1	8544253	162	TC
1	8544266	13	AG
1	8544324	58	CT
1	8544353	29	GA
1	8544361	8	GT
1	8544446	85	TC
1	8544650	204	AG
1	8545531	881	GT
1	8546105	363	AG
1	8546798	384	CT
1	8546871	73	CG
1	8548543	340	CT
1	8552553	1466	CT
1	8553966	1366	AT
1	8555688	1722	AG
1	8555720	32	AG
1	8556343	598	GA
1	8556511	168	CT
1	8556678	167	GA
1	8556704	26	GC
1	8557074	370	GA
1	8557192	118	AG
1	8558462	768	AG
1	8559385	762	TC
1	8560355	558	TC
1	8560433	78	AG
1	8560446	13	TG
1	8560478	32	GA
1	8561640	390	GA
1	8561648	8	CT
1	8561671	23	CT
1	8561819	148	GA
1	8561846	27	CT
1	8561974	128	GA
1	8562312	338	AG
1	8563249	908	CT
1	8563252	3	CT
1	8563308	56	AC
1	8569859	4659	TC
1	8570152	293	AC
1	8570232	80	TC
1	8570234	2	GT
1	8571099	865	CT
1	8571316	217	AG
1	8571327	11	CT
1	8571333	6	AG
1	8571572	239	CA
1	8571834	262	GT
1	8571893	59	CT
1	8571922	29	AG
1	8572001	79	GA
1	8572002	1	AT
1	8572090	88	GC
1	8572148	58	AG
1	8572259	111	AG
1	8572426	167	GA
1	8572794	368	AG
1	8573147	353	TC
1	8573154	7	TA
1	8573175	21	CT
1	8573281	106	CT
1	8573467	186	GA
1	8573474	7	CT
1	8573505	31	CT
1	8574048	135	GA
1	8574883	835	CT
1	8575114	231	TC
1	8575160	46	TC
1	8576969	1306	CA
1	8577509	540	CG
1	8579955	556	CT
1	8581913	1627	GA
1	8583882	854	TG
1	8584102	220	TC
1	8587884	3245	CA
1	8596796	8398	GA
1	8596917	121	TC
1	8603427	3250	AG
1	8603959	532	AG
1	8604586	627	CT
1	8604642	56	GC
1	8606380	1109	GA
1	8607526	666	AC
1	8607570	44	GA
1	8607623	53	CT
1	8607754	131	GA
1	8608148	58	AT
1	8608151	3	GT
1	8608387	236	CT
1	8608399	12	CT
1	8608487	88	TC
1	8608501	14	GT
1	8608611	34	GA
1	8608684	73	CG
1	8608723	39	GT
1	8608972	108	AC
1	8608995	23	GT
1	8608999	4	AG
1	8609027	28	CT
1	8609240	213	TG
1	8609738	498	GA
1	8610328	426	CT
1	8610401	73	GA
1	8610554	111	GC
1	8610984	430	CT
1	8611230	246	CT
1	8611236	6	GT
1	8611261	25	GA
1	8611276	15	GA
1	8611294	18	GA
1	8611317	23	CT
1	8611387	70	GA
1	8611413	26	CT
1	8611483	70	TC
1	8611486	3	GA
1	8611493	7	CA
1	8611631	138	CT
1	8611664	33	AG
1	8611665	1	AC
1	8611695	30	TG
1	8612056	361	GA
1	8612426	370	CG
1	8612878	452	TC
1	8612918	40	AG
1	8613025	107	TA
1	8613406	381	CT
1	8613588	182	GA
1	8613767	179	AG
1	8613802	35	GA
1	8614037	68	AG
1	8614049	12	CA
1	8614274	225	AG
1	8614663	389	GA
1	8614664	1	GC
1	8614705	41	CT
1	8615115	364	CT
1	8615185	70	CT
1	8615233	48	AG
1	8615253	20	CT
1	8615272	19	GA
1	8615377	105	AG
1	8615634	257	AG
1	8615670	36	GA
1	8616510	840	GC
1	8616613	103	CT
1	8616817	204	GA
1	8618425	1353	CT
1	8620497	2012	GT
1	8622649	632	CA
1	8623252	603	CT
1	8623282	30	GA
1	8623316	34	CA
1	8623563	247	TA
1	8624259	394	CT
1	8624734	475	CT
1	8625499	686	CT
1	8625554	55	AG
1	8625930	34	TC
1	8625982	52	CT
1	8626083	101	CT
1	8626089	6	GA
1	8626183	94	GA
1	8626288	105	TC
1	8626323	35	CA
1	8626547	145	GA
1	8626615	68	GC
1	8626812	197	TC
1	8626879	67	GA
1	8627881	511	TC
1	8627915	34	TC
1	8627983	68	TC
1	8628181	198	CT
1	8628198	17	CT
1	8628201	3	GA
1	8628222	21	TG
1	8628252	30	TA
1	8628270	18	GT
1	8628280	10	CT
1	8628294	14	CT
1	8628329	35	CA
1	8628394	65	TA
1	8628396	2	GA
1	8628415	19	GA
1	8630676	407	GA
1	8630716	40	CT
1	8630830	114	AG
1	8631040	210	AC
1	8631157	117	GC
1	8631229	72	AT
1	8631269	40	CT
1	8631300	31	CG
1	8631332	32	GT
1	8631413	81	GA
1	8631648	235	AG
1	8631797	149	TC
1	8632148	351	GA
1	8632416	268	GA
1	8632454	38	GA
1	8632510	56	GA
1	8632861	351	TC
1	8632908	47	CT
1	8633073	165	GA
1	8633083	10	CT
1	8633927	799	AG
1	8634300	373	TA
1	8636475	357	GA
1	8636477	2	GT
1	8636965	488	GT
1	8636977	12	AG
1	8637066	89	AG
1	8637078	12	GC
1	8637195	52	AG
1	8637231	36	TC
1	8637669	419	CA
1	8637674	5	CT
1	8638739	954	TC
1	8640018	1131	CG
1	8642857	1764	GA
1	8644626	1139	GA
1	8644647	21	CG
1	8645104	457	AT
1	8645145	41	TC
1	8645407	262	CT
1	8645413	6	GA
1	8645490	77	AG
1	8645980	208	TC
1	8646066	86	GA
1	8646248	161	CG
1	8646305	57	GA
1	8646313	8	CT
1	8646402	89	TC
1	8646409	7	TC
1	8646584	120	GA
1	8646813	229	GA
1	8646953	140	CA
1	8647055	102	AG
1	8647296	241	GA
1	8647327	31	TG
1	8647329	2	TC
1	8647344	15	CT
1	8647346	2	GA
1	8647426	80	AT
1	8647509	83	TC
1	8647510	1	GA
1	8647531	21	TC
1	8647562	31	CG
1	8648026	440	GA
1	8648185	159	GA
1	8648280	95	CT
1	8648325	45	TC
1	8648613	288	CG
1	8649068	382	TC
1	8649477	409	CG
1	8649747	270	AG
1	8649762	15	TC
1	8649820	58	TC
1	8650051	143	TC
1	8650059	8	CA
1	8650068	9	TC
1	8650387	319	GA
1	8650422	35	CT
1	8650430	8	TC
1	8650484	54	TC
1	8650543	59	AT
1	8650561	18	TC
1	8650573	12	CA
1	8651322	749	TC
1	8651435	113	TG
1	8651473	38	AG
1	8651598	125	AG
1	8651681	83	TC
1	8651907	226	TC
1	8651977	70	GA
1	8652064	87	GA
1	8653020	956	TG
1	8653098	78	GC
1	8653213	115	AG
1	8653235	22	GA
1	8653271	36	TC
1	8653290	19	AG
1	8653543	253	AG
1	8653762	219	CG
1	8654921	1159	GA
1	8655345	424	CG
1	8655953	514	CT
1	8657197	909	CT
1	8657918	721	GA
1	8658671	403	GA
1	8658917	246	GA
1	8659010	93	GA
1	8659020	10	AC
1	8659054	34	CT
1	8659164	110	GC
1	8659529	264	CT
1	8660932	1403	CT
1	8661105	173	CT
1	8661262	157	GA
1	8661268	6	GA
1	8662784	1267	AT
1	8663417	633	TG
1	8663556	139	CT
1	8664663	1027	CA
1	8664713	50	CT
1	8664910	197	CT
1	8665217	307	AC
1	8665396	179	CT
1	8665715	319	GA
1	8665741	26	TC
1	8666517	716	CT
1	8666800	283	CT
1	8675629	4345	GA
1	8675772	143	AC
1	8676290	418	TC
1	8676435	145	CG
1	8677161	475	GT
1	8677264	103	AG
1	8678169	641	CT
1	8678294	125	CT
1	8678556	262	CT
1	8678800	244	AG
1	8678856	56	AC
1	8679071	215	GT
1	8679374	303	GT
1	8680005	631	TC
1	8680026	21	GA
1	8680863	837	CT
1	8681839	922	GA
1	8682254	282	GC
1	8682594	340	GA
1	8682627	33	GT
1	8683053	313	TC
1	8683805	432	TG
1	8685211	878	AG
1	8687734	1114	CT
1	8687851	117	AG
1	8688642	394	TC
1	8688673	31	AG
1	8688781	108	GA
1	8688844	63	GC
1	8689155	311	TC
1	8689484	329	AG
1	8690845	1285	CT
1	8692099	1254	CG
1	8693204	361	CT
1	8694056	447	CA
1	8694092	36	AG
1	8694331	239	TA
1	8694846	515	CT
1	8697266	2176	CT
1	8698723	1360	GA
1	8701993	2640	AG
1	8702078	85	TC
1	8710648	5060	GA
1	8710738	90	GA
1	8711930	1192	AC
1	8714146	2216	CT
1	8714415	269	TG
1	8715532	807	AG
1	8719728	3154	TC
1	8720100	372	AG
1	8721146	970	TA
1	8721148	2	CT
1	8721164	16	TC
1	8721214	50	TG
1	8721283	69	GA
1	8721479	196	TG
1	8721564	85	TG
1	8721751	187	TG
1	8721824	73	GA
1	8721827	3	CT
1	8721936	109	CG
1	8722188	252	TC
1	8722243	55	TC
1	8722365	122	AG
1	8722376	11	CT
1	8722431	55	CT
1	8724074	1643	AC
1	8724467	393	GA
1	8724691	224	AG
1	8724905	214	TC
1	8724979	74	AG
1	8725143	164	GA
1	8725640	497	CG
1	8725713	73	CT
1	8726180	467	AG
1	8726314	58	AT
1	8726327	13	CA
1	8726336	9	CT
1	8727191	821	GA
1	8727201	10	CT
1	8727260	59	TA
1	8727303	43	TC
1	8727793	490	GA
1	8728720	927	GC
1	8728767	47	CT
1	8730386	1164	GA
1	8731260	605	CT
1	8734344	2311	TG
1	8734434	90	GA
1	8734826	392	CG
1	8735277	361	GA
1	8735351	74	GA
1	8735680	329	TC
1	8735723	43	CT
1	8735888	165	TC
1	8735984	96	CT
1	8736869	651	GA
1	8736875	6	GA
1	8736942	67	GA
1	8736945	3	GT
1	8737084	139	CT
1	8737144	24	AG
1	8737153	9	TC
1	8737164	11	GA
1	8737167	3	CT
1	8737169	2	AG
1	8737273	104	GA
1	8737460	187	AG
1	8737636	176	GA
1	8737761	125	CT
1	8738483	643	GA
1	8738542	59	AC
1	8738586	44	GA
1	8738979	258	CT
1	8739125	125	AG
1	8739246	121	GA
1	8739414	168	GC
1	8739441	27	CT
1	8739647	127	GA
1	8739687	40	CT
1	8741978	1217	CT
1	8743377	427	TC
1	8747039	3032	GT
1	8747490	305	CT
1	8749583	1627	GA
1	8749628	45	CG
1	8751261	1428	CG
1	8752946	1635	TG
1	8753949	547	CT
1	8754183	234	AG
1	8756352	1976	TG
1	8756940	467	TC
1	8757403	463	CT
1	8758373	687	CT
1	8759512	600	GA
1	8760058	546	TC
1	8760079	21	GA
1	8760110	31	GA
1	8760195	85	GC
1	8760255	60	GT
1	8760689	434	GA
1	8761204	140	GA
1	8761558	354	GA
1	8762059	501	TG
1	8762200	141	TC
1	8762285	85	TC
1	8762890	418	AG
1	8763346	456	GA
1	8764194	848	CG
1	8764296	102	AT
1	8764298	2	CT
1	8764299	1	GT
1	8765044	669	GA
1	8765480	207	CT
1	8766485	974	CT
1	8766716	231	CA
1	8766904	188	TG
1	8767387	483	CT
1	8769197	1810	TC
1	8769373	176	AC
1	8770050	508	GA
1	8770199	149	TC
1	8770435	236	CT
1	8770477	42	GT
1	8770915	438	AC
1	8771561	646	AG
1	8771952	215	CT
1	8772172	220	CT
1	8772274	28	CT
1	8772335	61	TC
1	8772363	28	GA
1	8772382	19	AG
1	8772423	41	CT
1	8772447	24	CA
1	8772595	148	TG
1	8772735	140	GA
1	8772739	4	TA
1	8772807	68	CG
1	8772919	112	AG
1	8772921	2	CT
1	8772960	39	GT
1	8773042	82	GA
1	8773426	384	AG
1	8773590	164	TC
1	8773606	16	GA
1	8773697	91	TC
1	8773701	4	GA
1	8773822	121	AG
1	8773919	97	AG
1	8773956	37	AG
1	8774018	62	GA
1	8774040	22	TC
1	8774243	119	AG
1	8774553	88	TC
1	8774627	19	GA
1	8774674	47	GA
1	8775072	170	TC
1	8775556	484	CT
1	8775763	207	CT
1	8777575	1163	AG
1	8777845	270	GA
1	8778029	184	TG
1	8778094	65	AG
1	8778381	237	CA
1	8778382	1	AG
1	8778456	74	GA
1	8778527	71	AC
1	8778537	10	GA
1	8778628	91	AC
1	8779387	709	GA
1	8779509	122	TC
1	8780031	522	TC
1	8780138	107	GC
1	8780672	486	AG
1	8786206	3704	AG
1	8786467	261	TC
1	8786603	136	GA
1	8788687	1632	AG
1	8788706	19	AG
1	8789092	386	GA
1	8789108	16	GA
1	8789161	53	GC
1	8789257	96	CT
1	8789278	21	GA
1	8789852	393	GC
1	8790125	273	TC
1	8791714	951	CA
1	8791844	93	CA
1	8791892	48	CT
1	8791893	1	AG
1	8792019	126	AG
1	8792404	340	GA
1	8792491	87	CT
1	8792695	204	CA
1	8792775	80	CT
1	8793071	246	TA
1	8793116	45	AG
1	8793334	218	CA
1	8793345	11	GC
1	8793686	341	AG
1	8793695	9	GA
1	8793715	20	CG
1	8793783	68	TC
1	8794105	240	GT
1	8794491	263	TC
1	8795205	665	AG
1	8795630	425	AG
1	8796356	679	CT
1	8796361	5	CT
1	8796846	485	AG
1	8797042	196	GA
1	8798638	1283	TA
1	8798728	90	CA
1	8798765	37	CG
1	8798813	48	TG
1	8798907	94	CT
1	8799410	503	CT
1	8800232	805	CT
1	8801340	724	CG
1	8801414	74	CT
1	8801826	412	AG
1	8803854	1068	AG
1	8804414	317	AG
1	8804433	19	CT
1	8804443	10	AC
1	8804623	180	GA
1	8804698	75	CT
1	8805924	460	GT
1	8807103	797	CT
1	8807140	37	TC
1	8807179	39	GA
1	8807427	248	GA
1	8807717	290	CT
1	8808035	318	AG
1	8808425	205	GT
1	8808617	192	CT
1	8809130	465	AG
1	8809388	219	AG
1	8809603	215	GT
1	8809784	181	TG
1	8809854	70	CT
1	8809897	43	CT
1	8810153	151	AG
1	8810157	4	CT
1	8810449	242	CT
1	8810505	56	CT
1	8811472	967	AC
1	8811765	161	TC
1	8811991	226	TC
1	8812167	176	GT
1	8812784	617	TC
1	8813335	551	GC
1	8814090	755	AG
1	8814092	2	AG
1	8814503	411	TG
1	8815196	652	GA
1	8815246	50	GA
1	8815387	141	AC
1	8815629	242	CT
1	8815649	20	TG
1	8815653	4	TC
1	8815673	20	TC
1	8815702	29	GT
1	8815797	95	AG
1	8815843	46	GA
1	8815872	29	TC
1	8816340	468	CG
1	8816389	49	CT
1	8816471	82	TC
1	8816727	47	CG
1	8816842	115	GA
1	8816946	104	GA
1	8817356	410	CA
1	8817412	56	AG
1	8817534	122	AG
1	8819374	1739	TA
1	8819582	208	GA
1	8819590	8	CT
1	8820532	621	AC
1	8823210	2135	CT
1	8823330	120	AG
1	8823374	44	GT
1	8823591	217	AG
1	8823864	273	CT
1	8824062	198	CT
1	8824326	204	CT
1	8824450	124	TC
1	8824475	25	GA
1	8824726	251	TC
1	8824766	40	TC
1	8826227	304	AC
1	8826237	10	CT
1	8826446	209	CT
1	8826454	8	TA
1	8826519	65	AG
1	8826525	6	GT
1	8826709	184	AG
1	8826720	11	AG
1	8826813	93	GA
1	8826980	167	GA
1	8827011	31	CT
1	8827418	407	AT
1	8827557	40	CT
1	8827598	41	CT
1	8828228	224	GT
1	8828265	37	GA
1	8828273	8	TA
1	8828345	72	TC
1	8828526	51	CG
1	8829208	280	AT
1	8830236	732	GC
1	8830315	79	TA
1	8830912	597	CT
1	8831125	213	GA
1	8831489	316	GA
1	8831529	40	AC
1	8831653	124	GA
1	8832298	645	CT
1	8834301	1707	TA
1	8834368	67	TA
1	8835154	537	GA
1	8835210	56	AC
1	8836168	958	AG
1	8836310	142	GA
1	8837435	523	GA
1	8837632	197	CG
1	8837737	105	CT
1	8837835	98	CG
1	8838237	402	CT
1	8839319	924	CT
1	8839608	57	GA
1	8841066	929	GA
1	8841327	38	GA
1	8841845	518	GA
1	8841936	91	AC
1	8842633	539	CT
1	8842889	225	CT
1	8843407	328	GA
1	8843498	91	GC
1	8843680	182	CT
1	8843835	155	GA
1	8843838	3	CT
1	8843959	121	GA
1	8845297	1170	GA
1	8845638	341	TC
1	8845748	110	TC
1	8845840	92	GA
1	8846302	431	GA
1	8847093	707	GT
1	8847216	123	CT
1	8847437	191	CT
1	8847439	2	CT
1	8847821	382	TC
1	8847902	81	AT
1	8847917	15	CT
1	8848100	183	GC
1	8848143	43	CT
1	8848203	60	CT
1	8848581	357	GA
1	8848946	365	GA
1	8849166	220	CA
1	8849343	177	GA
1	8849544	201	GA
1	8850807	1103	CT
1	8851198	391	GA
1	8852026	386	GT
1	8853027	631	GT
1	8853268	241	GA
1	8853421	153	GC
1	8854092	671	GA
1	8854285	193	CA
1	8854612	327	CT
1	8854680	68	AG
1	8854728	48	GA
1	8854940	212	CT
1	8854964	24	TC
1	8857012	1060	TC
1	8857185	173	AG
1	8857201	16	TA
1	8857397	196	CT
1	8857813	233	TA
1	8857836	23	GA
1	8858337	501	GA
1	8858600	263	GA
1	8858624	24	AG
1	8859135	60	TC
1	8862662	2736	GA
1	8865297	2118	AC
1	8865319	22	TC
1	8866475	1055	CT
1	8867457	808	AG
1	8870081	1991	TC
1	8870350	269	AC
1	8877364	5639	CG
1	8878590	1226	CT
1	8881240	2365	GA
1	8881598	314	CT
1	8882264	666	GA
1	8882297	33	GT
1	8882413	116	GA
1	8882426	13	CG
1	8883017	282	GA
1	8883132	115	TA
1	8884399	536	GA
1	8884955	556	TC
1	8885268	313	GT
1	8886356	627	CT
1	8886757	401	GC
1	8886969	212	GA
1	8886992	23	TG
1	8893782	5151	CT
1	8894349	567	AG
1	8894411	62	AG
1	8894523	112	AG
1	8895052	422	AG
1	8895873	762	TC
1	8895968	95	CT
1	8896407	242	GA
1	8896539	132	AG
1	8897460	871	CT
1	8898252	547	AG
1	8898287	35	CT
1	8898720	218	AG
1	8898766	46	CT
1	8900235	712	AG
1	8907084	5972	CT
1	8908372	1108	GA
1	8908896	524	AC
1	8908930	34	CT
1	8909118	188	AG
1	8909248	130	GA
1	8909317	69	CT
1	8909388	71	CT
1	8909416	28	AG
1	8909435	19	TC
1	8909712	204	GA
1	8909827	115	GA
1	8910053	226	GA
1	8910087	34	TC
1	8910398	311	TC
1	8910496	98	CG
1	8912013	307	GA
1	8912266	253	TC
1	8912333	67	AG
1	8912789	456	AG
1	8913138	349	GA
1	8913222	84	CT
1	8913333	111	GT
1	8916630	2408	CT
1	8916640	10	CT
1	8919723	2328	CT
1	8919945	222	GA
1	8920410	465	AG
1	8920497	87	AC
1	8920594	97	GA
1	8921136	520	TG
1	8921825	689	CT
1	8921833	8	CT
1	8924143	2171	CG
1	8924298	155	CG
1	8925897	1532	TC
1	8927671	1728	AG
1	8932303	4163	GT
1	8933169	648	AG
1	8934052	883	TC
1	8934310	258	GA
1	8934636	238	TC
1	8935087	451	TC
1	8935275	188	GC
1	8936486	734	TC
1	8936507	21	GA
1	8936835	47	GA
1	8937042	207	GC
1	8937296	254	GA
1	8937328	32	TC
1	8937348	20	CT
1	8937349	1	AG
1	8937449	100	CT
1	8937480	31	CT
1	8937780	300	AG
1	8937801	21	TC
1	8937945	144	TA
1	8938011	66	CT
1	8938799	788	GA
1	8939320	283	TC
1	8940133	729	CT
1	8940457	324	TC
1	8940813	356	TC
1	8940916	103	CG
1	8941855	911	AG
1	8945814	3769	TC
1	8947148	1151	GC
1	8948248	886	GA
1	8948305	57	TG
1	8948315	10	CT
1	8948406	91	AG
1	8948453	47	AT
1	8948579	126	AG
1	8948655	76	TG
1	8948710	55	TC
1	8948849	139	GA
1	8949492	643	GA
1	8951523	1683	CT
1	8952114	591	CA
1	8954806	2608	AT
1	8955262	456	GA
1	8955518	256	AG
1	8956627	755	TC
1	8957840	1213	TC
1	8959046	1110	GA
1	8960249	803	GA
1	8961075	826	GA
1	8964993	3766	GC
1	8965048	55	GT
1	8965068	20	AT
1	8969923	4767	CT
1	8970207	284	AG
1	8970307	100	AG
1	8972261	1339	CT
1	8978656	6138	CT
1	8978700	44	CT
1	8980862	1917	CT
1	8981096	234	AG
1	8981667	512	CT
1	8981786	119	AG
1	8982207	325	GA
1	8982499	292	GA
1	8984286	1554	AC
1	8985214	928	AT
1	8985327	113	CT
1	8991455	4759	AG
1	8993740	2099	AG
1	8994007	126	GA
1	8999752	4677	CT
1	8999831	79	GA
1	9000136	305	TC
1	9000251	115	GA
1	9000594	228	TC
1	9000923	329	TC
1	9000962	39	TC
1	9001047	85	CT
1	9004924	2073	CT
1	9005114	190	GA
1	9005801	483	CT
1	9006783	982	AT
1	9007616	833	CT
1	9007650	34	TC
1	9007751	101	TG
1	9008026	68	GA
1	9008114	88	GA
1	9008182	68	GA
1	9009028	606	GA
1	9009229	201	CT
1	9009637	377	CT
1	9010829	1033	AC
1	9011162	333	AG
1	9011212	50	TC
1	9011267	55	CT
1	9011419	152	GA
1	9011906	487	GA
1	9012046	140	GA
1	9012074	28	TC
1	9012410	336	GA
1	9012472	62	CT
1	9012880	408	CT
1	9013053	173	GA
1	9013232	179	TC
1	9013297	65	TC
1	9013569	272	TC
1	9013988	136	GA
1	9014079	91	CA
1	9014092	13	AG
1	9014127	35	AT
1	9014139	12	AG
1	9014258	119	AG
1	9014462	204	AC
1	9015045	332	GA
1	9017482	390	GC
1	9018475	420	TC
1	9019881	321	AT
1	9020025	144	AC
1	9020148	42	CT
1	9020252	104	GT
1	9023277	644	GA
1	9023502	225	CA
1	9024841	170	CA
1	9025187	346	GA
1	9025637	450	GA
1	9030131	1750	TG
1	9030225	94	TG
1	9031090	865	GA
1	9031810	644	AT
1	9032295	485	GA
1	9032367	72	CT
1	9032873	506	CT
1	9033421	548	CT
1	9033543	122	GA
1	9034274	731	TC
1	9034346	72	AG
1	9035202	816	TC
1	9035273	71	CA
1	9035274	1	AG
1	9038470	2757	CT
1	9038580	110	CT
1	9038593	13	CT
1	9038915	322	AG
1	9039371	345	AG
1	9041184	1629	GA
1	9042939	1368	GA
1	9043207	268	AG
1	9043304	97	CT
1	9043730	426	GA
1	9043931	201	TC
1	9045185	1254	GA
1	9045370	185	CG
1	9045770	400	CT
1	9046050	280	GA
1	9046228	178	AG
1	9047720	946	AG
1	9048420	531	AC
1	9048681	261	GA
1	9048949	268	GA
1	9050524	1575	TC
1	9050875	297	AG
1	9050881	6	GA
1	9051011	130	TC
1	9052400	958	TC
1	9052472	72	CT
1	9053609	588	CT
1	9053782	173	GA
1	9053826	44	CT
1	9054215	389	GA
1	9054337	122	TC
1	9054659	109	TC
1	9054783	124	CA
1	9055130	278	GT
1	9055826	422	AG
1	9055905	79	AG
1	9056508	603	GT
1	9057442	934	AG
1	9058086	644	TG
1	9058155	69	TC
1	9058237	82	CT
1	9058549	312	GA
1	9058569	20	TC
1	9058596	27	CT
1	9058872	196	TC
1	9058894	22	CT
1	9059698	431	CT
1	9060188	490	TC
1	9060241	53	CG
1	9060319	78	CA
1	9060325	6	CT
1	9061875	824	AG
1	9061953	78	AG
1	9062124	171	GA
1	9062143	19	GA
1	9062425	282	GA
1	9063074	562	GA
1	9063658	584	AG
1	9075153	5617	CA
1	9077683	1872	GA
1	9079753	1687	GA
1	9079946	193	GA
1	9082605	2000	CT
1	9083757	963	GA
1	9089900	4130	CT
1	9090147	247	CT
1	9090150	3	TC
1	9090390	214	CG
1	9091155	376	AG
1	9091171	16	TC
1	9093754	2196	CT
1	9094975	695	GT
1	9101487	5134	CT
1	9102590	882	TC
1	9102599	9	CG
1	9103219	620	CA
1	9104379	829	GA
1	9104500	121	GA
1	9104852	305	GA
1	9105705	853	TC
1	9105855	150	CT
1	9107880	1258	GA
1	9107885	5	TC
1	9107926	41	TA
1	9108061	135	TC
1	9108115	54	CG
1	9108747	632	TC
1	9108762	15	GA
1	9109034	272	GA
1	9109109	75	AC
1	9109291	182	TC
1	9109359	68	AT
1	9109514	155	GA
1	9109624	110	AG
1	9109640	16	GA
1	9109708	68	GA
1	9110383	545	CG
1	9110387	4	AC
1	9110419	32	AT
1	9110949	484	CT
1	9111110	15	AG
1	9111121	11	GA
1	9111155	34	GA
1	9111494	94	AG
1	9112581	751	TC
1	9112661	80	TA
1	9112697	36	AT
1	9112766	69	AG
1	9112835	69	AG
1	9112949	114	GT
1	9113025	76	GA
1	9113233	208	CA
1	9113409	176	CG
1	9113410	1	AC
1	9113780	370	GA
1	9113785	5	CT
1	9114387	560	CA
1	9114410	23	GA
1	9114681	208	CT
1	9115297	579	CT
1	9116251	325	GA
1	9117065	200	AC
1	9118891	228	TC
1	9119575	258	AG
1	9121090	991	AG
1	9121500	410	AG
1	9121830	281	CT
1	9122309	414	TA
1	9122617	226	AT
1	9122700	83	CT
1	9122817	117	AT
1	9122964	147	CT
1	9123112	148	CT
1	9123299	187	CT
1	9123373	74	TC
1	9124223	662	CT
1	9125293	1070	CT
1	9125545	252	GT
1	9125921	376	CT
1	9126684	486	GA
1	9127109	425	GA
1	9127141	32	GC
1	9127381	240	CT
1	9128012	631	GA
1	9128258	246	AG
1	9128347	89	GA
1	9128383	36	CT
1	9129185	511	AG
1	9129544	316	CA
1	9129668	124	CT
1	9129705	37	TC
1	9129758	53	CT
1	9129779	21	CT
1	9131315	888	TC
1	9131404	89	CG
1	9131505	56	GC
1	9131546	41	CA
1	9132088	542	CG
1	9132892	378	GA
1	9133154	262	GA
1	9133313	159	AG
1	9134380	239	GA
1	9134800	420	AG
1	9134836	36	GC
1	9134982	146	GA
1	9135282	113	AG
1	9135585	239	AG
1	9135586	1	GA
1	9135612	26	CT
1	9136245	53	AT
1	9136260	15	GC
1	9136394	46	CA
1	9136803	409	TC
1	9137807	797	GA
1	9137918	111	GT
1	9138213	295	GA
1	9138308	95	CT
1	9138473	165	TG
1	9138575	102	AT
1	9138997	206	TC
1	9143670	3689	CT
1	9144263	593	CT
1	9144379	116	CA
1	9144859	443	GA
1	9145492	569	CA
1	9145844	352	TC
1	9146421	577	GC
1	9146436	15	GA
1	9146663	105	CT
1	9146934	271	TG
1	9147056	122	TC
1	9147177	121	CT
1	9147296	119	TC
1	9147429	133	CT
1	9147709	162	CA
1	9147718	9	TC
1	9148232	332	TC
1	9149486	438	GA
1	9149717	97	CG
1	9150125	261	GA
1	9150561	436	CA
1	9150596	35	AT
1	9150606	10	CA
1	9151293	636	CA
1	9152529	526	CT
1	9153303	722	GA
1	9153803	428	GT
1	9154157	354	CT
1	9154544	387	CT
1	9155416	720	AG
1	9155470	54	AG
1	9155564	94	CT
1	9155959	74	AT
1	9156135	176	GA
1	9157632	456	AC
1	9158291	659	AG
1	9158292	1	CT
1	9158486	194	AG
1	9158548	62	CT
1	9158806	166	CT
1	9158965	159	GT
1	9159166	88	CT
1	9159455	289	GA
1	9160914	572	CG
1	9160999	85	GA
1	9161357	358	CT
1	9161543	186	AG
1	9161675	132	GA
1	9161748	73	GA
1	9161996	248	CT
1	9162082	86	TC
1	9162101	19	TC
1	9162174	73	AG
1	9162183	9	AG
1	9162276	93	TC
1	9162311	35	AG
1	9162546	235	TC
1	9162783	218	AG
1	9163810	1006	CT
1	9163952	142	AC
1	9163953	1	AC
1	9164031	78	TA
1	9164036	5	AC
1	9164589	283	GC
1	9164989	400	CT
1	9166472	1239	AT
1	9167964	827	GA
1	9168524	560	AG
1	9168821	18	AG
1	9168830	9	CT
1	9169698	507	TC
1	9169717	19	GA
1	9169800	83	GA
1	9169887	87	TC
1	9170062	175	GA
1	9170149	87	GC
1	9170288	139	TG
1	9170811	292	AG
1	9170921	110	TC
1	9171281	360	AG
1	9171329	48	AG
1	9172104	513	CG
1	9172131	27	GA
1	9173219	967	GC
1	9173630	327	TC
1	9173659	29	TC
1	9173695	36	GC
1	9173741	46	CT
1	9174803	858	CT
1	9175224	172	TC
1	9177336	1326	GA
1	9177337	1	GA
1	9178005	329	GA
1	9184056	2101	GA
1	9187887	1856	AT
1	9188446	559	TC
1	9191831	2134	TC
1	9191870	39	AG
1	9191985	115	AG
1	9195684	2258	CT
1	9198838	2729	TC
1	9200263	1079	GA
1	9200268	5	GA
1	9201164	896	AG
1	9201186	22	CT
1	9201572	386	GC
1	9201755	183	CT
1	9201790	35	CG
1	9201800	10	AT
1	9202338	463	AG
1	9202445	107	CG
1	9202497	52	AG
1	9202586	89	CA
1	9202898	312	CT
1	9204226	1064	TC
1	9204309	83	TA
1	9204324	15	TC
1	9205549	382	TC
1	9207745	1997	CT
1	9207978	233	CG
1	9208554	449	CG
1	9214786	3162	AC
1	9214806	20	TC
1	9214811	5	CT
1	9216255	683	AT
1	9216987	732	GA
1	9217825	626	GA
1	9218186	235	GA
1	9219869	1307	TG
1	9220745	669	TG
1	9221051	271	TA
1	9221345	136	GA
1	9222906	1219	CA
1	9223162	187	TC
1	9223598	344	GC
1	9224432	478	TC
1	9227638	1353	AG
1	9230268	1341	AG
1	9230342	74	CT
1	9231828	718	AG
1	9232903	781	AG
1	9233682	779	AG
1	9238587	2384	GT
1	9239490	338	CT
1	9239521	31	GA
1	9239635	114	GA
1	9244710	982	GA
1	9253495	3087	GC
1	9254109	262	AG
1	9254362	253	TC
1	9260483	4739	TA
1	9261493	884	GA
1	9261567	74	GC
1	9262260	652	AG
1	9263177	917	GA
1	9263595	241	CA
1	9263606	11	TC
1	9263797	191	TC
1	9263951	154	CT
1	9264020	69	CT
1	9264114	94	AG
1	9264136	22	AG
1	9265215	514	GA
1	9265317	23	GT
1	9265690	373	TC
1	9266983	420	CA
1	9267047	64	CG
1	9267537	490	GC
1	9267808	106	CT
1	9268066	258	TC
1	9268356	290	TC
1	9268759	254	GC
1	9269695	725	CT
1	9270439	642	GA
1	9270449	10	GA
1	9270574	125	AC
1	9271883	348	TA
1	9271887	4	TG
1	9272363	38	CT
1	9272921	558	AG
1	9272994	73	GT
1	9273191	197	GA
1	9275872	1371	GA
1	9278092	1785	CT
1	9278422	330	TA
1	9281144	1404	TC
1	9286703	4290	CT
1	9286868	165	AG
1	9286882	14	AT
1	9287057	175	CT
1	9287198	141	CT
1	9287300	102	CG
1	9287351	51	CA
1	9287690	339	CT
1	9287786	96	CT
1	9287967	181	GA
1	9288583	482	AG
1	9289013	430	CT
1	9289051	38	GA
1	9289960	909	CT
1	9291413	1349	TC
1	9293782	2090	TC
1	9293844	62	AC
1	9293886	42	TC
1	9293922	36	AG
1	9293932	10	AG
1	9294349	417	AG
1	9294461	112	TC
1	9294876	415	GC
1	9294882	6	AG
1	9294923	41	AG
1	9295745	822	GA
1	9296285	540	AG
1	9296321	36	GC
1	9296389	68	GA
1	9297070	681	GA
1	9297170	100	TC
1	9297373	203	CT
1	9297857	484	GA
1	9297902	45	GA
1	9298256	354	CG
1	9298257	1	TC
1	9298328	71	GA
1	9298515	187	TA
1	9298516	1	CA
1	9298559	43	GA
1	9298836	277	CT
1	9298885	49	GA
1	9298921	36	AG
1	9298951	30	GA
1	9299898	873	TC
1	9300846	948	AG
1	9301332	486	GA
1	9301518	186	AG
1	9301600	82	CT
1	9301957	357	AC
1	9302016	59	TC
1	9302080	64	CG
1	9302549	469	TG
1	9302665	116	CT
1	9302846	181	TC
1	9303065	219	GA
1	9303116	51	CG
1	9303120	4	GA
1	9303529	220	CG
1	9303815	129	AG
1	9304278	139	TC
1	9304427	149	AG
1	9304484	57	CG
1	9304725	241	AG
1	9304764	39	AG
1	9304922	158	CT
1	9305045	123	CT
1	9305215	170	GC
1	9305452	237	GA
1	9305565	113	GA
1	9305688	123	CA
1	9305848	160	AG
1	9305934	86	TC
1	9306022	88	GC
1	9306565	217	AG
1	9306600	35	AG
1	9306997	397	CT
1	9307062	65	AG
1	9307149	87	TC
1	9307339	190	GA
1	9307345	6	TG
1	9307354	9	CT
1	9307375	21	GA
1	9307961	494	AG
1	9308117	156	AG
1	9308152	35	CT
1	9308217	65	CT
1	9308226	9	GA
1	9308358	132	GA
1	9308617	259	GT
1	9308699	82	CT
1	9308924	225	TG
1	9308925	1	CA
1	9308931	6	TC
1	9309194	263	CG
1	9309211	17	CT
1	9310254	1043	CT
1	9310709	455	TC
1	9314897	3850	GA
1	9316672	950	GC
1	9317163	429	TC
1	9317693	379	CT
1	9317752	59	TC
1	9318401	649	CT
1	9318595	194	TA
1	9319292	697	AG
1	9319716	424	GA
1	9319889	173	GA
1	9320742	853	CT
1	9320843	101	GC
1	9321144	301	GA
1	9321233	89	AG
1	9322037	445	TC
1	9322045	8	AG
1	9322161	116	CT
1	9322290	129	AG
1	9322358	68	TG
1	9322889	531	CT
1	9323411	209	CT
1	9324005	472	CT
1	9324795	357	GA
1	9324802	7	CT
1	9324945	143	GT
1	9325098	153	TC
1	9325160	62	TC
1	9325218	58	CT
1	9325286	68	AG
1	9325604	318	CT
1	9326651	612	CT
1	9326959	308	TC
1	9326984	25	GA
1	9327298	314	AT
1	9327357	59	CT
1	9327427	70	AG
1	9327459	32	AG
1	9327563	104	AG
1	9327845	282	GA
1	9327963	118	CT
1	9328517	554	GA
1	9328560	43	AT
1	9328925	365	AG
1	9328980	55	AC
1	9330071	1062	GA
1	9331972	1081	AC
1	9332477	505	GA
1	9334620	2036	CT
1	9389204	36864	GA
1	9406067	11686	AG
1	9424293	12709	TC
1	9425407	1114	GA
1	9425951	544	GA
1	9426607	425	AG
1	9426807	140	TC
1	9426808	1	CT
1	9429055	1349	CT
1	9429541	486	CT
1	9429643	102	CT
1	9429655	12	GA
1	9431818	1421	CT
1	9431836	18	GC
1	9436489	3580	CT
1	9438091	1537	GC
1	9438742	193	TC
1	9438789	47	CG
1	9438852	63	GA
1	9438853	1	TG
1	9439533	264	CG
1	9439534	1	AG
1	9439597	63	CT
1	9440143	361	AG
1	9440283	140	CG
1	9440391	108	CT
1	9440440	49	CT
1	9440475	35	GA
1	9440490	15	CT
1	9440497	7	CG
1	9440578	81	AG
1	9440788	210	GA
1	9440931	143	CT
1	9440939	8	GC
1	9440990	51	CA
1	9440991	1	AT
1	9441496	208	TC
1	9442063	211	AG
1	9442082	19	TG
1	9442112	30	GA
1	9442502	182	TC
1	9442507	5	TC
1	9442554	47	GA
1	9442555	1	AG
1	9442603	48	GA
1	9442859	256	GA
1	9442881	22	AG
1	9443605	570	CA
1	9444210	478	TG
1	9445237	732	CG
1	9445280	43	TA
1	9445356	76	TC
1	9445623	267	AG
1	9445824	201	TC
1	9445865	41	CG
1	9445908	43	CG
1	9445974	66	AG
1	9445977	3	CG
1	9446010	33	GA
1	9446372	362	GA
1	9446390	18	AC
1	9446414	24	AG
1	9446463	49	TG
1	9446464	1	CG
1	9446532	68	AG
1	9446706	174	AG
1	9446890	184	TC
1	9446892	2	CT
1	9447127	214	GA
1	9447269	142	TC
1	9447323	54	TC
1	9447340	17	GA
1	9447373	33	AG
1	9447806	433	GT
1	9447810	4	AG
1	9448079	269	TG
1	9448270	191	AC
1	9448379	109	AG
1	9448631	252	TC
1	9448674	43	CT
1	9449080	94	CA
1	9449122	42	TC
1	9449123	1	CT
1	9449257	134	CT
1	9452482	1760	AT
1	9455985	1659	CT
1	9456799	814	CT
1	9468648	3963	TC
1	9469111	463	GC
1	9469510	367	CT
1	9478747	5996	AG
1	9478796	49	GA
1	9479459	227	GT
1	9480080	260	CT
1	9486193	1181	AG
1	9486269	76	CG
1	9486532	263	GA
1	9489590	1318	GA
1	9491647	1106	GA
1	9496069	1087	AT
1	9500974	2706	CG
1	9506397	767	GA
1	9506424	27	TC
1	9506425	1	GA
1	9531019	10042	CT
1	9531709	690	CG
1	9536818	1636	CT
1	9536934	116	AG
1	9537062	128	AG
1	9537072	10	GA
1	9537197	125	CT
1	9537228	31	AG
1	9537398	130	GA
1	9537456	58	AG
1	9537472	16	AG
1	9537654	182	CT
1	9538071	417	GA
1	9539207	639	TC
1	9539492	285	AG
1	9539514	22	TC
1	9540175	661	TC
1	9540355	180	CG
1	9540709	322	AG
1	9540747	38	TC
1	9540761	14	TC
1	9540782	21	GC
1	9541016	234	AC
1	9541033	17	CA
1	9541211	178	CT
1	9541303	92	TA
1	9542407	445	TC
1	9542418	11	AG
1	9542423	5	AC
1	9542424	1	CT
1	9542429	5	GA
1	9542443	14	CT
1	9542549	106	TC
1	9542571	22	AG
1	9542661	90	AG
1	9542715	54	CT
1	9542727	12	TG
1	9544444	674	TA
1	9545218	484	GA
1	9545246	28	TC
1	9545747	501	AG
1	9545812	65	CT
1	9545819	7	CT
1	9546393	218	TC
1	9547414	468	GA
1	9547597	183	TG
1	9547744	147	CG
1	9548011	267	GA
1	9548642	581	CT
1	9548896	254	CT
1	9549120	224	CT
1	9549470	313	TC
1	9549713	243	CT
1	9549762	49	GA
1	9549841	79	GC
1	9550076	235	GA
1	9550226	150	GA
1	9550286	60	CA
1	9550340	54	CT
1	9550350	10	AG
1	9550361	11	GT
1	9550439	78	GA
1	9550443	4	GA
1	9550465	22	GA
1	9550731	266	CT
1	9550733	2	GA
1	9550755	22	TC
1	9550813	58	TC
1	9551090	277	CT
1	9551129	39	AG
1	9551164	35	AG
1	9551595	188	TC
1	9551610	15	CG
1	9551623	13	TA
1	9551650	27	GC
1	9551652	2	TC
1	9551686	34	CA
1	9552128	442	GC
1	9554162	860	GT
1	9554870	271	CT
1	9554895	25	CT
1	9554907	12	CT
1	9555103	196	CG
1	9555302	199	TC
1	9555523	221	CT
1	9556327	331	TC
1	9556362	35	TG
1	9557258	896	CT
1	9557620	362	GA
1	9558196	576	TC
1	9558414	218	AG
1	9559668	821	CT
1	9562735	1695	AG
1	9563760	493	CT
1	9563805	45	TC
1	9563810	5	CG
1	9564121	186	GT
1	9564182	61	TC
1	9564256	74	TC
1	9564320	15	GA
1	9564451	131	GA
1	9564452	1	CT
1	9564583	131	GA
1	9564827	244	GA
1	9564866	39	TG
1	9564873	7	CA
1	9565703	678	CT
1	9565866	163	AG
1	9566061	195	TG
1	9567452	1121	TC
1	9568245	447	TG
1	9568305	60	TG
1	9568527	222	GC
1	9568567	40	AG
1	9568661	94	CT
1	9569064	79	GA
1	9569386	322	AC
1	9569768	382	CG
1	9570388	573	GA
1	9570428	40	GC
1	9570440	12	GC
1	9571199	759	CA
1	9571221	22	CT
1	9571227	6	TC
1	9571228	1	CA
1	9571903	675	GA
1	9572615	712	AC
1	9572771	156	CT
1	9573304	254	GA
1	9573336	32	GA
1	9573520	184	CT
1	9573594	74	GT
1	9574734	415	AT
1	9575095	361	CA
1	9575655	452	AT
1	9575783	128	GA
1	9576509	585	AG
1	9576885	251	TC
1	9577106	122	CA
1	9577451	345	AC
1	9577483	32	GT
1	9578243	760	GA
1	9578563	320	CT
1	9580538	682	TA
1	9582902	1762	TC
1	9582920	18	GA
1	9585162	1925	TC
1	9587927	1026	GA
1	9587928	1	GA
1	9587936	8	AG
1	9587990	54	TG
1	9588476	486	CT
1	9589169	508	TC
1	9589266	97	GA
1	9589810	544	CT
1	9589880	70	TG
1	9589907	27	AG
1	9592486	761	GA
1	9593222	244	AG
1	9593271	49	CT
1	9593456	185	CT
1	9594021	276	GA
1	9594215	194	CT
1	9594246	31	GA
1	9595177	560	CT
1	9595205	28	CT
1	9595437	232	GA
1	9596136	301	TC
1	9596363	195	TC
1	9596455	92	CT
1	9596902	263	TA
1	9596954	52	GA
1	9597017	63	GT
1	9597021	4	AT
1	9597571	464	CA
1	9597703	132	GA
1	9597776	73	CT
1	9597811	35	TG
1	9598570	759	CT
1	9598635	65	CT
1	9599118	483	AG
1	9599604	453	TC
1	9603747	2599	TG
1	9604219	472	TA
1	9609364	3597	GA
1	9609483	119	CT
1	9609653	170	AG
1	9611776	754	CT
1	9612131	355	AG
1	9613109	978	TC
1	9613180	71	GA
1	9614959	1634	CT
1	9618345	3254	CG
1	9618869	230	CT
1	9619380	511	GA
1	9619907	527	CT
1	9619910	3	GA
1	9619950	40	AT
1	9621365	1132	AT
1	9623512	1510	CT
1	9625277	854	GA
1	9625330	53	TC
1	9625457	127	CT
1	9625535	78	CT
1	9625666	131	AG
1	9625744	78	AG
1	9626323	579	TG
1	9626594	271	GC
1	9626962	368	TC
1	9627073	111	GC
1	9627302	229	AG
1	9627466	164	GT
1	9627865	399	AG
1	9628855	514	TG
1	9628856	1	AT
1	9629057	201	TC
1	9629346	289	CT
1	9629485	139	AT
1	9630470	327	GA
1	9630945	475	CT
1	9631034	61	AT
1	9631068	34	TG
1	9631084	16	CT
1	9631119	35	CT
1	9631301	182	GA
1	9631410	109	AG
1	9631448	38	AT
1	9631459	11	TC
1	9631481	22	TC
1	9631858	104	CT
1	9632786	258	AG
1	9636724	1497	TC
1	9636787	63	CT
1	9636930	143	CT
1	9637005	75	AG
1	9637042	37	GT
1	9637940	898	AG
1	9639903	1450	CT
1	9640185	282	GA
1	9640195	10	GA
1	9641228	818	CT
1	9642320	1092	CG
1	9642360	40	CT
1	9642814	454	TC
1	9643892	998	AG
1	9646294	1582	CT
1	9646711	417	CT
1	9646808	97	TC
1	9647176	331	TG
1	9647191	15	GA
1	9647198	7	AG
1	9647207	9	GT
1	9650185	2978	GA
1	9660088	7769	TC
1	9667433	4816	TG
1	9670674	2295	GA
1	9674072	2396	CG
1	9675005	933	GC
1	9675107	102	CA
1	9675318	211	CA
1	9675392	74	TC
1	9675458	66	AT
1	9675654	196	CT
1	9675854	200	AG
1	9675984	130	TC
1	9676473	489	AG
1	9676648	175	GA
1	9676962	314	TG
1	9677030	68	GA
1	9677435	193	TC
1	9677460	25	GA
1	9677666	206	AG
1	9677704	38	GA
1	9677890	108	GA
1	9679309	1030	AG
1	9679379	70	CA
1	9679520	141	GA
1	9679639	119	CT
1	9679910	271	CT
1	9680408	454	AT
1	9681569	910	CT
1	9683345	1759	CG
1	9683481	136	CT
1	9684347	866	GA
1	9685284	937	TC
1	9690989	5137	TC
1	9692464	270	TC
1	9692676	212	TC
1	9692825	149	CT
1	9692990	165	AG
1	9693008	18	CT
1	9694104	524	TC
1	9694888	741	TA
1	9696027	796	CG
1	9697224	1164	CT
1	9697500	276	TC
1	9697776	276	AG
1	9701249	3031	TC
1	9706587	5169	CT
1	9706670	83	CT
1	9708786	2053	GA
1	9710934	1856	GA
1	9711367	413	GA
1	9712645	1187	TC
1	9715794	3063	CT
1	9715804	10	TC
1	9723435	7157	CT
1	9724890	820	AC
1	9727151	1404	AT
1	9729731	2217	AT
1	9732464	2498	GC
1	9732796	332	TC
1	9733674	878	GA
1	9738086	3964	GA
1	9738906	768	AG
1	9739982	1076	AG
1	9740137	155	GC
1	9741831	1431	GA
1	9743836	1253	TC
1	9743989	153	CT
1	9744018	29	AG
1	9744279	261	GA
1	9744603	324	GA
1	9744708	105	CA
1	9747050	1672	GC
1	9759811	7440	GA
1	9765064	3353	TC
1	9765090	26	CG
1	9765117	27	TG
1	9765515	398	AC
1	9767115	1501	CT
1	9768091	976	GC
1	9770523	2138	TC
1	9773190	2667	GA
1	9784128	8093	AC
1	9790928	6517	CA
1	9793198	1949	GT
1	9802087	7181	CT
1	9802600	376	CT
1	9804706	1899	CT
1	9808652	2314	GA
1	9809923	1184	TC
1	9813281	2360	TA
1	9827621	10888	CT
1	9830074	1367	AT
1	9831527	1453	CA
1	9831550	23	GA
1	9834843	2996	AC
1	9838741	2559	CT
1	9839502	600	CT
1	9840354	773	GA
1	9840669	315	CT
1	9840711	42	CT
1	9841110	323	CT
1	9841363	253	TC
1	9841415	52	CT
1	9841548	133	TC
1	9841740	146	GA
1	9841972	232	AG
1	9842014	42	TC
1	9842581	385	CT
1	9842782	201	GA
1	9842858	76	TG
1	9842882	24	CT
1	9843109	227	GC
1	9843318	188	AC
1	9843727	409	AG
1	9844300	353	CT
1	9844302	2	AG
1	9844303	1	AC
1	9844826	505	TC
1	9847522	1811	CG
1	9847523	1	CT
1	9849209	1447	GT
1	9850056	775	CA
1	9850384	328	CG
1	9850908	524	AG
1	9851104	196	CG
1	9852700	1596	AG
1	9853112	412	CA
1	9853684	354	AG
1	9853826	142	AG
1	9854706	777	CT
1	9855048	342	GA
1	9855073	25	CT
1	9855082	9	CG
1	9855295	111	TC
1	9855578	283	AG
1	9856181	603	GA
1	9856224	43	GC
1	9856349	125	AG
1	9856625	276	TG
1	9856676	51	CG
1	9856677	1	TG
1	9856685	8	GA
1	9856749	64	CT
1	9858776	870	CA
1	9858784	8	TA
1	9859449	116	AG
1	9859754	305	AG
1	9862111	1630	CG
1	9862718	607	TC
1	9863134	416	AG
1	9863213	79	GT
1	9863217	4	TG
1	9863628	411	CG
1	9864036	230	AT
1	9864579	75	GA
1	9865396	630	GA
1	9865426	30	GC
1	9865556	130	CT
1	9865734	178	TC
1	9866043	203	GA
1	9867209	324	AG
1	9867528	170	GA
1	9868169	62	AG
1	9868863	495	AG
1	9869192	172	CT
1	9871663	603	TC
1	9872203	231	CT
1	9873374	921	CG
1	9873663	289	TC
1	9873885	222	CT
1	9874129	244	CT
1	9874225	96	AG
1	9874365	67	CT
1	9875854	819	CA
1	9876218	364	AT
1	9877497	510	GA
1	9877724	227	CT
1	9877773	49	GC
1	9877853	80	GA
1	9878326	449	GA
1	9878649	190	GT
1	9878733	84	AG
1	9879667	630	CA
1	9880001	334	AG
1	9880009	8	GA
1	9883890	2351	GC
1	9884607	717	GT
1	9884887	280	GA
1	9892941	5745	TC
1	9894335	527	GA
1	9894982	406	CT
1	9895615	633	AG
1	9903459	1158	AG
1	9903551	56	TC
1	9903929	219	CT
1	9904141	212	GA
1	9904158	17	AG
1	9905139	918	GC
1	9905147	8	GA
1	9905148	1	AG
1	9907534	303	GC
1	9908283	345	TC
1	9908482	199	GA
1	9909107	504	AG
1	9909129	22	CG
1	9909217	88	CG
1	9909345	128	CT
1	9909566	169	CT
1	9909591	25	CG
1	9909662	71	GA
1	9909736	74	GA
1	9909780	44	AG
1	9909985	205	CT
1	9909994	9	TC
1	9910679	658	GA
1	9910977	298	AG
1	9911231	203	GA
1	9911784	243	GA
1	9914555	582	TC
1	9915187	534	AG
1	9916027	840	TC
1	9921448	4277	AG
1	9922884	395	GA
1	9923721	837	AG
1	9923988	267	TC
1	9933703	7874	GA
1	9933980	85	TC
1	9935729	1663	AT
1	9935802	73	TC
1	9936367	565	TC
1	9940492	3192	GA
1	9940777	285	CT
1	9942434	1390	CT
1	9942581	61	AG
1	9942800	219	CT
1	9942837	37	AG
1	9942949	112	TG
1	9942998	49	TG
1	9944389	1164	TA
1	9944398	9	GC
1	9946010	1495	CA
1	9946231	221	CT
1	9947748	1517	CA
1	9948236	431	TC
1	9948291	55	GT
1	9948387	96	CT
1	9948492	105	GT
1	9948794	302	TC
1	9949239	445	GT
1	9949443	66	CT
1	9949511	68	GC
1	9949830	319	AG
1	9949895	65	AG
1	9949948	53	GA
1	9949955	7	GA
1	9950059	104	TC
1	9950125	66	AG
1	9950134	9	TG
1	9950386	252	AG
1	9950591	205	AG
1	9950776	185	GA
1	9950823	47	CT
1	9951097	187	TC
1	9951218	121	GA
1	9951264	46	GC
1	9951269	5	TC
1	9951766	267	AC
1	9951995	229	GC
1	9952000	5	AT
1	9956291	1697	TC
1	9956297	6	GA
1	9957396	683	GA
1	9957600	204	TG
1	9957975	375	GT
1	9959814	1418	AG
1	9972661	9676	TC
1	9973349	688	GA
1	9973978	629	TA
1	9974657	679	GC
1	9974686	29	GA
1	9974688	2	CG
1	9977721	2056	CT
1	9979104	1138	CA
1	9980095	663	GA
1	9980104	9	GT
1	9980413	136	TC
1	9980493	80	AG
1	9980515	22	AT
1	9980632	117	GA
1	9980803	171	CT
1	9980920	117	AG
1	9980982	62	TC
1	9982204	379	AG
1	9982301	97	TC
1	9984975	1175	GA
1	9985135	160	TC
1	9985647	512	CT
1	9985673	26	GA
1	9985695	22	CT
1	9985771	76	AG
1	9986021	172	CT
1	9986217	196	CA
1	9986300	83	CA
1	9986434	134	TC
1	9987109	675	AG
1	9987803	666	CT
1	9989352	1178	TG
1	9990252	390	GA
1	9990313	61	AG
1	9992840	2447	AG
1	9992928	88	AG
1	9992931	3	AG
1	9993133	202	TC
1	9993297	164	CT
1	9993300	3	TA
1	9993362	62	AG
1	9994656	1049	CT
1	9994773	117	CT
1	9995153	380	GA
1	9995838	358	TC
1	9996020	182	CT
1	9996161	141	CA
1	9996176	15	CT
1	9997057	626	GA
1	9997096	39	CT
1	9997259	163	AG
1	9997427	168	CT
1	9997461	34	TC
1	9997477	16	TC
1	9997870	215	GA
1	9997972	102	GA
1	9998194	222	CT
1	9998244	50	CT
1	9998332	88	GA
1	9998415	83	AC
1	9998829	204	TC
1	9998859	30	AG
1	9998865	6	CG
1	9998936	71	GT
1	9998971	35	CA
1	9999336	365	AG
1	9999392	56	TC
1	9999413	21	CT
1	9999414	1	AG
1	9999941	188	AG
1	9999984	43	TA
1	9999995	11	GA
1	10001835	998	CT
1	10001894	59	GT
1	10005224	1317	AG
1	10010679	1309	CT
1	10010689	10	CG
1	10020893	5165	TC
1	10022883	1648	GA
1	10024016	953	GA
1	10024197	181	AG
1	10024481	284	AG
1	10024488	7	AG
1	10024499	11	AG
1	10024749	197	GA
1	10024817	68	AG
1	10024977	160	TC
1	10025319	303	GT
1	10026498	1110	TC
1	10027414	593	AG
1	10027651	237	TC
1	10027859	208	TC
1	10037486	1837	CT
1	10037753	267	CT
1	10038515	494	TG
1	10038545	30	CT
1	10039050	259	AT
1	10039838	487	TA
1	10039982	144	CT
1	10040755	508	GA
1	10040792	37	TC
1	10042131	940	AG
1	10042670	496	GT
1	10042766	96	CA
1	10046391	2374	AG
1	10046398	7	TC
1	10046538	140	TA
1	10047664	1026	TC
1	10049218	945	TC
1	10049772	554	AG
1	10050097	325	AG
1	10050670	573	CG
1	10051024	354	AG
1	10051029	5	GA
1	10051387	358	CT
1	10051426	39	AG
1	10051507	81	TG
1	10052061	309	CT
1	10052968	571	TA
1	10054868	1900	CT
1	10058487	3182	GA
1	10060171	1114	CG
1	10060426	255	CG
1	10062987	1929	GA
1	10064115	842	GA
1	10064368	253	CG
1	10065057	689	AG
1	10066103	1046	AC
1	10066300	197	TC
1	10067357	723	GA
1	10069862	1850	GA
1	10069866	4	AC
1	10072305	2078	TG
1	10072389	84	TG
1	10072498	109	GA
1	10072587	89	CT
1	10074398	1228	TA
1	10077277	2377	GA
1	10077704	427	GA
1	10079739	1495	CT
1	10080759	818	GA
1	10086524	5449	CT
1	10087583	1021	AG
1	10088347	245	CT
1	10088653	306	CA
1	10088676	23	GA
1	10088701	25	GC
1	10089018	317	TC
1	10089288	270	CT
1	10089289	1	GA
1	10089317	28	TC
1	10089405	88	GA
1	10089432	27	AG
1	10089532	100	CG
1	10089537	5	TC
1	10089787	250	CA
1	10090193	406	AG
1	10090224	31	AG
1	10090327	103	TC
1	10090534	207	GA
1	10090574	40	CT
1	10090641	67	CT
1	10090652	11	AG
1	10090857	205	CA
1	10090968	111	GC
1	10091060	92	TC
1	10091111	51	AC
1	10091132	21	CT
1	10091156	24	TC
1	10091467	311	GT
1	10091468	1	TC
1	10091533	65	CT
1	10091755	222	CG
1	10091916	161	GA
1	10092582	666	GC
1	10092618	36	AG
1	10094602	1758	TC
1	10094977	375	TC
1	10094978	1	CT
1	10095584	606	AG
1	10096061	477	AG
1	10096096	35	TC
1	10096672	576	CT
1	10096835	163	AG
1	10097036	201	GC
1	10097431	395	GA
1	10097432	1	CT
1	10097481	49	AG
1	10097515	34	GA
1	10097536	21	AG
1	10097538	2	TG
1	10097564	26	GA
1	10097614	50	AG
1	10098526	695	AG
1	10098537	11	GA
1	10098773	236	CT
1	10099626	558	CG
1	10099742	116	TC
1	10099743	1	GA
1	10099753	10	TC
1	10099766	13	AC
1	10100455	303	TC
1	10100489	34	GA
1	10100677	188	AG
1	10100687	10	GC
1	10100759	72	GA
1	10101273	514	CT
1	10101803	148	TC
1	10102008	205	TC
1	10104906	1337	AG
1	10106846	669	CT
1	10111817	2562	GA
1	10114886	2045	TG
1	10114950	64	AG
1	10115063	113	CA
1	10115105	42	GC
1	10115187	82	AG
1	10115402	215	GC
1	10115528	126	CT
1	10115624	96	CG
1	10115759	135	GC
1	10115761	2	TA
1	10116380	568	CT
1	10116515	135	GA
1	10116527	12	CT
1	10116830	303	CT
1	10116840	10	TA
1	10116913	73	CT
1	10117220	307	CG
1	10117786	455	TC
1	10117791	5	TC
1	10118520	729	TC
1	10118548	28	AG
1	10119173	565	CT
1	11330649	866471	GC
1	11330936	287	GT
1	11331124	188	GA
1	11331273	149	CT
1	11331842	348	TC
1	11332484	510	AG
1	11332515	31	GC
1	11332550	35	TC
1	11332566	16	TC
1	11333263	324	GT
1	11333275	12	CT
1	11333301	26	TC
1	11333523	222	GC
1	11333541	18	CT
1	11334350	761	TC
1	11334409	59	GA
1	11334915	506	AG
1	11335081	166	GT
1	11335546	333	GA
1	11337556	1413	AC
1	11337962	406	TC
1	11338021	59	CG
1	11338022	1	GA
1	11338122	100	CT
1	11338243	121	GA
1	11338250	7	GA
1	11338441	191	AG
1	11339385	944	TC
1	11340148	763	GA
1	11340162	14	CT
1	11340212	50	CT
1	11341192	980	CT
1	11341344	152	TC
1	11341707	185	GC
1	11343988	1629	CT
1	11344149	161	CT
1	11344273	124	TC
1	11344777	504	CG
1	11345020	211	TC
1	11345313	293	GA
1	11345572	102	AG
1	11345935	363	GC
1	11346001	66	TC
1	11346057	56	GA
1	11348557	709	AG
1	11348741	184	GA
1	11349054	313	GT
1	11349086	32	GT
1	11349173	87	AC
1	11349404	231	GA
1	11349465	61	GT
1	11349479	14	CG
1	11350112	569	AC
1	11350203	91	TC
1	11350600	397	CA
1	11350638	38	CT
1	11350759	121	TC
1	11351418	659	GA
1	11351637	219	AG
1	11351650	13	GA
1	11351654	4	GA
1	11352448	359	GA
1	11352518	70	GA
1	11353024	506	AG
1	11353058	34	CT
1	11355044	1148	TC
1	11355360	316	CT
1	11358025	1806	CT
1	11359287	790	CG
1	11359428	141	GA
1	11359785	310	AG
1	11363220	1147	GA
1	11363338	118	TC
1	11363440	102	CT
1	11363534	94	CT
1	11363746	212	GA
1	11363815	69	GT
1	11363820	5	AG
1	11363841	21	GT
1	11364346	428	AG
1	11364443	97	CT
1	11364656	107	CT
1	11365051	395	AT
1	11365397	302	GA
1	11365655	258	GA
1	11365983	328	TA
1	11366123	140	GC
1	11372203	3660	AG
1	11373708	607	AG
1	11375955	1501	CT
1	11376004	49	CG
1	11377688	1258	TC
1	11377953	232	TC
1	11378606	653	CT
1	11379548	642	TC
1	11379589	41	TC
1	11379594	5	CT
1	11379605	11	GA
1	11380281	676	AG
1	11381757	1318	CT
1	11382523	694	CT
1	11383184	635	GA
1	11383787	436	AG
1	11384388	601	CT
1	11384488	100	TG
1	11385515	712	AG
1	11385788	273	GA
1	11385813	25	AG
1	11386236	133	TC
1	11386277	41	TC
1	11386772	495	GA
1	11387801	1029	GT
1	11389543	1308	GT
1	11390841	854	AG
1	11392052	1054	GC
1	11396842	4322	GC
1	11396861	19	CA
1	11396928	67	TC
1	11396972	44	GA
1	11397034	62	GC
1	11397142	108	CT
1	11397252	110	CT
1	11397463	211	GC
1	11397595	132	CA
1	11398082	487	GA
1	11398094	12	GA
1	11398101	7	CT
1	11398254	153	CT
1	11398366	112	GA
1	11398749	383	AG
1	11399590	493	TC
1	11400011	129	GT
1	11400318	307	GA
1	11400692	374	GT
1	11400703	11	GA
1	11400796	93	GA
1	11401304	301	GA
1	11401947	492	TC
1	11402132	185	AG
1	11403525	1297	GC
1	11403725	162	AG
1	11404796	1071	TC
1	11405652	828	AG
1	11406461	465	TG
1	11406931	470	CT
1	11407672	468	AG
1	11408709	684	GA
1	11408891	182	TC
1	11408909	18	AT
1	11409095	186	AG
1	11410376	1238	AC
1	11410754	378	CT
1	11412383	1133	GA
1	11412796	413	GA
1	11413163	259	TC
1	11413429	266	GT
1	11413797	368	CT
1	11414322	525	CT
1	11414924	367	GC
1	11415078	154	AG
1	11415106	28	TC
1	11415774	598	CT
1	11415821	47	TC
1	11416667	846	CT
1	11417031	46	AG
1	11417117	86	CT
1	11417328	211	GA
1	11417427	99	CT
1	11417473	46	CA
1	11417638	57	AG
1	11417838	200	TG
1	11417891	53	AG
1	11418083	192	GC
1	11418106	23	CG
1	11418242	136	AT
1	11418603	298	GA
1	11418670	67	CT
1	11419161	491	TG
1	11419172	11	GC
1	11419195	23	AG
1	11419339	144	AG
1	11419624	109	CT
1	11419765	141	CT
1	11419774	9	AC
1	11420109	335	CG
1	11420220	111	CG
1	11420229	9	AG
1	11420633	62	TC
1	11420642	9	TC
1	11420796	154	TG
1	11421019	223	CT
1	11421286	267	CT
1	11421504	218	TC
1	11421510	6	AG
1	11421517	7	CT
1	11421584	67	AG
1	11421623	39	AG
1	11421678	55	TG
1	11422344	488	AG
1	11422386	42	GA
1	11422469	83	AG
1	11427438	3611	CA
1	11428360	628	AG
1	11432319	2550	TG
1	11432905	453	GA
1	11433791	690	GC
1	11433813	22	GC
1	11434724	621	CA
1	11434799	75	TC
1	11436964	468	TC
1	11436972	8	GA
1	11442101	2277	AC
1	11442803	374	CT
1	11447123	2989	CG
1	11447512	389	GA
1	11449131	1570	GT
1	11460143	7392	CT
1	11460357	214	GT
1	11462526	1100	GA
1	11463898	357	AG
1	11464475	125	CG
1	11464635	160	CT
1	11464695	60	CG
1	11464703	8	GA
1	11464743	40	AG
1	11464765	22	TC
1	11464847	82	TC
1	11464854	7	CT
1	11465036	182	AG
1	11465219	183	AC
1	11465478	259	TC
1	11465520	42	GA
1	11465755	115	GA
1	11465767	12	AG
1	11465890	123	TC
1	11466993	547	GT
1	11467366	373	TG
1	11467484	118	TA
1	11467939	366	AG
1	11468083	144	CG
1	11470048	1287	CT
1	11475829	3860	TC
1	11475985	156	CT
1	11476049	64	CA
1	11476050	1	AG
1	11477233	332	GA
1	11478834	817	GC
1	11478985	151	CT
1	11482189	1885	GA
1	11482303	66	AC
1	11482581	278	CA
1	11482654	73	GA
1	11485802	1174	TC
1	11485828	26	TC
1	11487393	708	AG
1	11487515	122	GA
1	11488494	719	AG
1	11490351	1422	CT
1	11490563	212	TC
1	11492136	1250	AT
1	11493137	1001	AG
1	11493236	99	AG
1	11494982	396	AG
1	11495183	201	TC
1	11495439	256	GA
1	11495448	9	AG
1	11495496	48	AG
1	11495813	317	TC
1	11496698	524	AG
1	11496789	91	TC
1	11496887	98	CA
1	11496912	25	TA
1	11496975	63	AG
1	11497657	204	CT
1	11498425	610	TG
1	11498513	88	AG
1	11500663	686	TC
1	11501279	616	GC
1	11502308	858	TG
1	11502554	246	TG
1	11505608	1529	AG
1	11505769	161	AT
1	11505795	26	AG
1	11506477	682	GA
1	11506908	431	AG
1	11506909	1	TC
1	11506972	63	AG
1	11507433	461	GT
1	11507455	22	GA
1	11507539	84	TC
1	11509764	2225	GT
1	11510351	587	AG
1	11511478	1127	AT
1	11511942	464	AG
1	11511955	13	GC
1	11511977	22	CT
1	11512125	148	CT
1	11512335	210	AG
1	11512551	216	GA
1	11513074	523	TC
1	11514332	1258	AC
1	11514681	349	CT
1	11514976	295	TG
1	11514983	7	CT
1	11515784	772	AG
1	11516345	513	CT
1	11516583	238	GA
1	11516673	90	TA
1	11516674	1	GT
1	11517756	1047	TC
1	11522772	3010	GA
1	11524377	1057	TA
1	11526335	1253	CT
1	11533714	5041	CG
1	11541428	1469	CT
1	11545106	2222	TC
1	11552433	269	GT
1	11557843	4238	GT
1	11566081	4039	GA
1	11566098	17	CT
1	11566189	91	GA
1	11566511	322	GC
1	11566861	350	CT
1	11567686	825	CT
1	11568771	1085	TA
1	11569201	430	AT
1	11571074	1873	CT
1	11572082	1008	AG
1	11572098	16	TA
1	11572320	222	CG
1	11572510	190	AT
1	11572727	217	TC
1	11573165	438	CT
1	11574231	694	AG
1	11575437	909	TC
1	11575503	66	CT
1	11576746	571	TC
1	11576779	33	GA
1	11576821	42	TC
1	11576994	173	CT
1	11577097	103	AG
1	11577139	42	CT
1	11578107	884	AG
1	11578339	232	CT
1	11578559	220	TC
1	11579762	757	AG
1	11579803	41	GA
1	11579806	3	GT
1	11580099	293	TC
1	11580293	194	TA
1	11580589	296	TC
1	11580740	151	GA
1	11580819	79	GA
1	11581084	265	GT
1	11581298	214	TC
1	11581419	121	GT
1	11581856	143	GC
1	11581880	24	TA
1	11582355	192	AG
1	11582491	136	GA
1	11583395	904	CA
1	11583482	87	CA
1	11583502	20	AC
1	11583564	62	TC
1	11583807	243	GA
1	11583816	9	CT
1	11584472	656	GA
1	11584789	174	TG
1	11584839	50	TC
1	11585886	961	CT
1	11591765	2870	TC
1	11592103	338	GT
1	11593769	847	AG
1	11594478	709	CT
1	11595524	905	TG
1	11595631	107	GC
1	11596695	1064	CA
1	11598445	819	CT
1	11599784	1339	CA
1	11599907	123	AG
1	11600156	249	CT
1	11600924	459	CT
1	11601513	589	GA
1	11602161	201	CG
1	11602468	307	GA
1	11602470	2	AT
1	11602769	299	CT
1	11603541	772	TC
1	11603915	374	GA
1	11605550	813	CT
1	11605751	201	TG
1	11606460	627	AG
1	11607130	670	AG
1	11607158	28	TA
1	11607717	559	CT
1	11608829	1068	AT
1	11609348	419	GA
1	11610805	762	CA
1	11611470	665	GA
1	11612070	557	CT
1	11612165	95	GC
1	11612177	12	CT
1	11612392	215	GA
1	11621472	4699	GT
1	11623522	1666	AG
1	11623957	333	TC
1	11630381	1826	TG
1	11631876	1350	CT
1	11632862	726	CT
1	11633305	443	TG
1	11637040	1556	AT
1	11637203	105	CA
1	11637301	98	TC
1	11637828	527	CT
1	11637830	2	TC
1	11638340	510	AG
1	11638836	187	TC
1	11641296	330	TC
1	11641444	148	CT
1	11641656	212	GA
1	11642235	215	TC
1	11643627	733	TG
1	11643656	29	GA
1	11644101	445	GA
1	11644695	594	CT
1	11644944	249	GA
1	11645057	113	TA
1	11645270	213	AT
1	11646593	788	CG
1	11646597	4	CA
1	11646932	315	CG
1	11651536	3239	CT
1	11651998	462	GA
1	11652003	5	GA
1	11652343	136	CT
1	11652364	21	CT
1	11652544	180	GT
1	11652557	13	GA
1	11652672	115	AC
1	11652905	233	GA
1	11653715	251	CT
1	11653743	28	AC
1	11655021	564	GA
1	11657718	1233	CT
1	11657842	124	CT
1	11657884	42	GT
1	11658238	354	GC
1	11661546	1395	CT
1	11662090	544	GT
1	11663912	1203	CG
1	11667603	867	CT
1	11670918	1135	AT
1	11671171	253	TC
1	11672603	520	TA
1	11674397	745	CT
1	11674432	35	CT
1	11677430	1039	AG
1	11679874	1636	TA
1	11679950	76	AC
1	11680127	177	AT
1	11680199	72	GA
1	11680438	239	CT
1	11680694	256	AT
1	11680898	204	AC
1	11681431	503	TG
1	11682140	709	GA
1	11683098	906	GA
1	11683144	46	GC
1	11685647	2137	GT
1	11686079	405	GA
1	11686223	144	TC
1	11687761	1487	TC
1	11687988	227	TC
1	11689969	1216	GT
1	11691545	692	CT
1	11691554	9	AG
1	11692238	316	AG
1	11692793	555	CA
1	11698176	2932	AG
1	11703537	2584	CT
1	11712244	5046	TC
1	11712273	29	GA
1	11712285	12	TC
1	11714462	1161	CT
1	11714482	20	AG
1	11714659	177	TC
1	11714761	102	AG
1	11715452	429	AG
1	11715542	90	CG
1	11717210	297	GA
1	11717256	46	GA
1	11721842	333	GC
1	11723248	386	TC
1	11723459	211	GA
1	11723597	138	GA
1	11724101	353	GA
1	11724207	106	TC
1	11727885	578	TG
1	11730158	614	GA
1	11731246	146	GC
1	11731280	34	GA
1	11732259	735	CG
1	11732345	86	AG
1	11734401	575	AT
1	11734410	9	AG
1	11734825	415	CT
1	11734918	93	CT
1	11735009	91	GA
1	11737891	2171	AG
1	11738274	353	GA
1	11738961	646	GC
1	11739622	223	AG
1	11740416	766	GA
1	11740693	277	GA
1	11741671	177	AG
1	11741674	3	TC
1	11743104	510	AG
1	11743147	43	AG
1	11744037	386	AT
1	11744133	96	GA
1	11745454	1297	GT
1	11746784	957	CT
1	11747036	252	CT
1	11748197	563	TA
1	11750568	2344	TG
1	11750585	17	GA
1	11751338	466	AG
1	11756003	3367	AC
1	11762728	4784	CG
1	11763222	494	TG
1	11763223	1	TA
1	11763264	41	AG
1	11763323	59	GA
1	11766130	2253	GA
1	11766285	155	CT
1	11766311	26	CT
1	11766360	49	GT
1	11767111	527	GA
1	11767200	89	AG
1	11767440	44	TG
1	11773214	1768	AC
1	11776123	1080	GC
1	11778699	1369	TC
1	11779390	510	CT
1	11779442	52	TC
1	11785139	5416	GC
1	11785264	125	GA
1	11785700	436	AG
1	11786993	1293	TC
1	11787350	280	TG
1	11788766	1390	CA
1	11788784	18	AG
1	11789005	221	CA
1	11789229	224	AG
1	11789487	258	GA
1	11789837	350	GA
1	11789962	125	CA
1	11790089	127	CT
1	11792748	2516	CT
1	11795444	1868	GA
1	11798083	2032	GA
1	11800793	1210	TC
1	11800870	77	TC
1	11801677	596	CG
1	11804443	2475	AG
1	11804804	361	TG
1	11808878	3188	AC
1	11809032	154	AT
1	11810804	746	GA
1	11812739	778	AG
1	11813013	274	GC
1	11814174	1161	TC
1	11814983	589	CA
1	11816967	1914	GA
1	11817176	171	GA
1	11817910	734	CT
1	11818108	198	CT
1	11821650	1434	CT
1	11822576	877	CA
1	11827455	4143	GT
1	11828250	795	CT
1	11828273	23	CT
1	11838825	5124	AG
1	11838900	75	CA
1	11839351	451	TC
1	11841577	2226	TC
1	11843252	1054	TC
1	11843951	567	TC
1	11844807	826	AG
1	11845594	787	TC
1	11847954	1762	CT
1	11848688	734	TC
1	11848804	116	TC
1	11849198	209	GA
1	11849541	343	CT
1	11851097	743	CT
1	11851098	1	GA
1	11851551	145	AG
1	11851804	253	GC
1	11852216	317	AG
1	11852418	202	CT
1	11852503	85	TC
1	11852796	86	AG
1	11852847	51	TC
1	11853329	271	AG
1	11853460	131	GA
1	11854072	496	GT
1	11854279	77	TG
1	11856037	899	TC
1	11857161	1057	TC
1	11859568	1435	TC
1	11859607	39	TC
1	11859663	56	GA
1	11859686	23	AC
1	11861586	1620	GC
1	11864510	2208	TA
1	11876236	6587	AC
1	11877040	804	AT
1	11878709	1669	TC
1	11883376	580	TC
1	11894337	5589	GA
1	11894416	79	CT
1	11905498	4818	AG
1	11908603	1501	AG
1	11908978	172	CT
1	11911372	725	CT
1	11916883	2217	CA
1	11917722	816	GA
1	11918134	412	TC
1	11924563	1186	GC
1	11929749	1955	TC
1	11932643	2012	GA
1	11938119	3231	GC
1	11938357	238	GC
1	11938445	88	GA
1	11938699	92	CT
1	11938744	45	CG
1	11939038	294	AG
1	11939156	118	GC
1	11941063	778	AG
1	11943996	1482	AG
1	11944283	287	CT
1	11949124	1285	AG
1	11949833	649	GA
1	11950959	661	GC
1	11951555	573	TG
1	11951594	39	GA
1	11951735	141	AG
1	11951966	231	TA
1	11952014	48	TC
1	11954112	119	GA
1	11954170	58	CT
1	11954179	9	CT
1	11954957	277	GA
1	11955843	713	AC
1	11956385	458	AG
1	11958369	1058	TC
1	11960732	989	TC
1	11960755	23	GA
1	11960904	149	CA
1	11961351	400	CG
1	11961632	281	TC
1	11962105	473	CG
1	11962106	1	TG
1	11963111	200	AG
1	11963157	46	TC
1	11963826	222	GC
1	11963873	47	TC
1	11963884	11	TC
1	11963913	29	TA
1	11964073	62	GC
1	11964212	139	TC
1	11964259	47	GA
1	11964396	137	CA
1	11964416	20	GA
1	11964419	3	CT
1	11964431	12	AG
1	11964461	30	TC
1	11964563	102	GA
1	11964635	72	GA
1	11964738	61	TC
1	11964798	60	CT
1	11964990	90	GT
1	11965056	66	TC
1	11965150	94	TC
1	11965177	27	TA
1	11965318	141	AG
1	11965343	25	TC
1	11965359	16	TC
1	11965478	119	GA
1	11967574	1065	GA
1	11968637	767	TG
1	11979041	5670	AT
1	11980787	362	TC
1	11990370	4353	GA
1	11990513	143	TC
1	11994370	1246	CA
1	11995394	356	AG
1	11996649	240	AG
1	11996658	9	AG
1	11997187	212	AC
1	11997495	308	AG
1	11997747	252	CT
1	11997752	5	CA
1	11997815	63	CA
1	11998213	398	TC
1	11998282	69	TC
1	11999444	761	AG
1	11999454	10	GA
1	11999586	132	CT
1	12002678	520	GA
1	12004798	706	TC
1	12005038	240	GC
1	12006222	1142	AG
1	12006245	23	GA
1	12006272	27	CT
1	12006380	108	CT
1	12007737	682	CG
1	12007860	123	AG
1	12010641	1535	GA
1	12010722	81	AG
1	12011112	390	TC
1	12011122	10	TC
1	12011125	3	TC
1	12011168	43	TG
1	12011177	9	GT
1	12011536	145	AG
1	12011563	27	TC
1	12011703	140	GA
1	12011761	58	GA
1	12011817	56	TC
1	12011903	86	AG
1	12012012	109	TG
1	12012099	87	AG
1	12012107	8	CA
1	12012167	60	GC
1	12012304	137	CG
1	12013516	410	CT
1	12013525	9	AG
1	12013572	47	CT
1	12013681	109	GA
1	12013867	186	GA
1	12014239	372	CT
1	12014505	266	GA
1	12014595	51	TA
1	12014619	24	TC
1	12015008	389	GA
1	12015074	66	AG
1	12015109	35	CT
1	12015130	21	AC
1	12015178	48	CG
1	12015551	373	AG
1	12015568	17	CT
1	12015992	55	TC
1	12016054	62	CT
1	12016112	58	AT
1	12016175	63	CG
1	12016709	200	GA
1	12016716	7	CT
1	12016728	12	CT
1	12016774	46	TG
1	12016868	94	CT
1	12016882	14	AG
1	12016926	44	GA
1	12017381	147	CT
1	12017512	131	TA
1	12018239	151	TC
1	12018244	5	GT
1	12018246	2	CT
1	12018351	105	TC
1	12018778	427	TG
1	12018788	10	GA
1	12018921	133	AG
1	12019250	329	GA
1	12022216	1318	TC
1	12022400	184	TC
1	12024958	1083	AT
1	12025570	457	GT
1	12025705	96	AG
1	12026161	286	CT
1	12026629	175	AG
1	12026729	100	GA
1	12026766	37	TC
1	12027878	488	AG
1	12028300	122	AG
1	12028402	102	AG
1	12028863	461	GA
1	12029326	129	TC
1	12029788	462	AG
1	12029812	24	CT
1	12029938	126	GA
1	12029989	51	TA
1	12030012	23	GA
1	12030643	62	TC
1	12031843	166	AG
1	12032402	559	CT
1	12032491	89	GT
1	12034565	1677	GT
1	12034566	1	GA
1	12034854	288	CT
1	12036366	1512	TC
1	12039423	3057	CG
1	12042285	2130	GA
1	12042674	389	CA
1	12043884	1210	CT
1	12044988	1062	AC
1	12045097	109	CT
1	12045770	673	AG
1	12045821	51	GC
1	12046132	269	CT
1	12049497	1977	AG
1	12049660	163	GA
1	12049873	196	AC
1	12050291	314	GA
1	12050890	599	AG
1	12051350	260	GA
1	12051470	120	CT
1	12051522	52	TG
1	12052373	851	CT
1	12052558	185	CA
1	12056184	2447	GC
1	12056735	551	AC
1	12057341	290	GA
1	12060254	626	TC
1	12060544	290	AG
1	12060594	50	GT
1	12060811	217	TC
1	12061036	225	TC
1	12062213	428	AG
1	12063727	1022	GC
1	12063740	13	GA
1	12063780	40	GA
1	12065728	1415	CA
1	12067299	730	TC
1	12068063	405	AT
1	12070036	1481	CT
1	12072177	1573	CT
1	12074402	1568	CT
1	12076316	1691	GA
1	12076328	12	TC
1	12076885	255	CT
1	12076968	83	CT
1	12076989	21	CG
1	12077005	16	GA
1	12077448	158	CT
1	12077639	191	CT
1	12077684	45	AG
1	12077843	159	GA
1	12077996	153	CT
1	12078171	175	GA
1	12078562	391	CT
1	12078582	20	TC
1	12078750	138	GC
1	12079106	356	CT
1	12079120	14	GT
1	12079224	104	CT
1	12079366	142	CT
1	12079499	133	TC
1	12079541	42	CT
1	12080279	543	TC
1	12080293	14	CT
1	12080318	25	TC
1	12080437	119	CT
1	12080474	37	AC
1	12080539	65	TC
1	12080610	71	CT
1	12080859	249	TC
1	12081734	750	GC
1	12081754	20	AG
1	12081792	38	TC
1	12081823	31	CT
1	12082122	299	GA
1	12082228	106	AG
1	12082883	627	AG
1	12082999	116	TC
1	12083259	260	TA
1	12083647	339	TC
1	12083748	101	CT
1	12084053	305	AC
1	12084124	71	GA
1	12084270	146	CG
1	12084671	358	GC
1	12084681	10	TC
1	12086301	1120	GA
1	12086805	504	CG
1	12087002	197	TG
1	12087633	631	TC
1	12088400	393	AG
1	12089167	767	TC
1	12090117	950	TC
1	12090844	727	GA
1	12090920	76	AG
1	12094651	879	GC
1	12094664	13	CT
1	12094969	305	CT
1	12095133	164	GA
1	12096623	1445	AG
1	12096669	46	TC
1	12097771	963	GT
1	12097995	224	GC
1	12099619	980	TC
1	12099956	276	GA
1	12099975	19	GA
1	12100626	633	AG
1	12100750	124	CT
1	12101466	556	GA
1	12101492	26	CT
1	12102750	1153	AG
1	12102902	152	CT
1	12102929	27	CA
1	12103615	686	GT
1	12104328	713	TA
1	12104350	22	TC
1	12106009	576	AG
1	12115229	3482	CT
1	12119491	2932	CT
1	12119496	5	GA
1	12120092	596	GA
1	12121949	1020	GA
1	12133379	6720	GA
1	12155154	16344	CT
1	12158361	2142	CG
1	12158434	73	AC
1	12159029	307	TC
1	12159039	10	GA
1	12160106	749	TC
1	12160517	411	AC
1	12160655	138	CT
1	12164807	1443	GA
1	12165492	685	GA
1	12166424	932	CT
1	12166717	293	TA
1	12170101	1345	GA
1	12173930	3504	CG
1	12174279	349	CT
1	12174803	524	TA
1	12175404	361	GA
1	12175622	218	GT
1	12175744	122	CT
1	12176411	433	TG
1	12177332	399	GA
1	12177422	90	AT
1	12177745	323	AG
1	12177747	2	CT
1	12179345	964	CT
1	12179581	236	GA
1	12179604	23	AT
1	12180300	108	GA
1	12180378	78	TC
1	12180415	37	AC
1	12180531	116	AG
1	12180630	53	CT
1	12180707	77	TC
1	12181317	283	TC
1	12181442	125	GA
1	12181590	59	GA
1	12184407	632	GA
1	12184486	79	CT
1	12184553	67	GA
1	12184617	64	GA
1	12185149	532	GC
1	12186136	649	TC
1	12186558	327	GA
1	12187883	816	CG
1	12193253	2118	TC
1	12195646	899	AG
1	12196050	404	CG
1	12196304	254	TC
1	12196431	127	CT
1	12197023	551	GC
1	12197125	102	CT
1	12200611	2654	GA
1	12200820	209	AG
1	12202123	934	GA
1	12206860	2485	GA
1	12207641	751	TC
1	12208251	610	TC
1	12208392	141	GA
1	12208822	269	CT
1	12209033	211	CT
1	12210192	567	CT
1	12210517	325	GA
1	12212091	741	TC
1	12212142	51	CT
1	12212216	74	GA
1	12212429	213	AG
1	12212664	235	CT
1	12213108	444	GA
1	12214161	1053	TC
1	12216004	934	GA
1	12217466	1462	TC
1	12219181	1319	GA
1	12219340	159	TA
1	12219341	1	TA
1	12229632	5371	GC
1	12230202	459	TC
1	12230281	79	GT
1	12231909	1042	CT
1	12231956	47	CT
1	12232767	660	TA
1	12233052	285	CT
1	12233223	171	TC
1	12235307	1514	TC
1	12235795	154	CA
1	12236661	723	AG
1	12237959	508	GC
1	12238883	634	TC
1	12240202	1136	CT
1	12241790	741	CT
1	12244206	1535	AC
1	12245041	835	AC
1	12249478	2586	TC
1	12251701	1149	CT
1	12256813	1956	TG
1	12256839	26	CT
1	12259026	1739	CT
1	12259131	105	CT
1	12259193	62	TC
1	12259803	610	GA
1	12355069	52925	CG
1	12358936	580	AG
1	12359319	293	GT
1	12359493	174	CT
1	12359611	118	GA
1	12359683	72	TC
1	12359711	28	AG
1	12359766	55	CT
1	12359932	166	GA
1	12359949	17	CT
1	12359981	32	CG
1	12366643	1020	GT
1	12367811	742	GA
1	12368138	327	AG
1	12368709	544	AT
1	12372678	3827	CT
1	12373279	349	CT
1	12373409	130	TC
1	12373427	18	TG
1	12373547	120	TC
1	12373649	102	AG
1	12373805	156	GA
1	12376725	1936	TC
1	12376995	270	TC
1	12377062	67	TA
1	12377274	212	GT
1	12377360	86	AC
1	12377869	127	CA
1	12378914	668	CT
1	12379306	392	GA
1	12379352	46	TG
1	12386939	2979	AG
1	12387292	353	TA
1	12387581	289	GA
1	12388091	510	GC
1	12388306	215	AG
1	12388380	74	TA
1	12388773	393	TC
1	12390256	508	AG
1	12390319	63	AG
1	12392584	1678	CT
1	12392700	116	AC
1	12394776	908	AG
1	12396021	951	GC
1	12398047	624	GA
1	12398050	3	GA
1	12398093	43	TC
1	12398147	54	AG
1	12398172	25	CT
1	12399123	492	AT
1	12407231	3257	GA
1	12408773	1308	AG
1	12408923	150	AC
1	12409481	558	AG
1	12409759	278	AG
1	12412238	1646	TC
1	12415650	1890	CA
1	12430348	12278	TC
1	12440668	6427	CT
1	12441773	558	TC
1	12448517	6002	GA
1	12450010	1467	CA
1	12455898	4503	AT
1	12458623	2474	TC
1	12462298	2984	TA
1	12462299	1	AC
1	12467593	2079	CT
1	12467692	99	TG
1	12467855	163	GA
1	12468754	225	GA
1	12469917	754	AC
1	12470194	277	GA
1	12471386	582	TG
1	12471769	383	CA
1	12472369	283	CT
1	12472648	130	CT
1	12473125	477	CT
1	12473703	433	CT
1	12473726	23	GA
1	12473730	4	GA
1	12473788	58	GT
1	12473854	66	AT
1	12475137	686	TG
1	12475777	640	AG
1	12475817	40	GA
1	12476259	442	AG
1	12476539	280	TC
1	12476571	32	AG
1	12476736	165	GT
1	12476826	90	AT
1	12476983	157	AG
1	12477045	62	CT
1	12477505	331	GC
1	12477532	27	AG
1	12477652	120	CA
1	12477848	196	GA
1	12477979	131	TA
1	12479141	717	GC
1	12479146	5	CT
1	12479410	264	CT
1	12479450	40	CA
1	12479529	79	AG
1	12481028	866	AG
1	12481339	311	GA
1	12484889	3217	AT
1	12484973	84	AC
1	12491540	1231	TA
1	12492756	946	AG
1	12494556	984	CT
1	12494634	78	CT
1	12494986	352	TC
1	12494996	10	GA
1	12495131	135	CG
1	12495403	272	CT
1	12496374	712	AG
1	12496424	50	GA
1	12499871	2715	GA
1	12505107	1146	CG
1	12508128	2968	AG
1	12511155	2386	TC
1	12514093	2055	GT
1	12514341	248	TA
1	12514455	114	GA
1	12514541	86	CG
1	12514841	300	GA
1	12516625	1487	CT
1	12516806	181	AG
1	12516851	45	AG
1	12517348	497	AG
1	12519066	1211	TC
1	12524192	3924	CT
1	12525355	1130	TC
1	12525452	97	GA
1	12525956	504	CT
1	12525983	27	TC
1	12526089	106	TC
1	12527527	1128	AG
1	12528301	774	GA
1	12529062	726	TG
1	12529242	180	GA
1	12529434	192	TC
1	12529626	192	CG
1	12530079	453	AT
1	12530125	46	CG
1	12530275	150	AT
1	12530302	27	TG
1	12531657	1355	TC
1	12532648	991	AG
1	12537819	3486	GA
1	12537991	172	GA
1	12540097	1783	TC
1	12540665	568	CT
1	12541427	762	GA
1	12541738	291	TC
1	12541859	121	GA
1	12541882	23	GA
1	12543589	1496	CT
1	12543701	112	CT
1	12543744	43	AG
1	12543949	205	GA
1	12544014	65	GA
1	12544041	27	AC
1	12544050	9	CA
1	12544064	14	CT
1	12544094	30	AG
1	12544198	104	CT
1	12544815	617	CT
1	12544917	102	AC
1	12545750	478	GA
1	12545998	248	TC
1	12546003	5	CA
1	12546069	66	CG
1	12546334	265	GA
1	12546373	39	GA
1	12546381	8	GA
1	12550156	1481	CT
1	12550414	258	CT
1	12550744	330	GC
1	12550786	42	GA
1	12550864	78	TG
1	12551915	743	GA
1	12553077	443	GA
1	12553137	60	GA
1	12553305	168	TA
1	12553647	342	CT
1	12555049	1068	CT
1	12555354	30	GA
1	12555592	238	CT
1	12555624	32	GA
1	12556132	508	CT
1	12556237	105	TA
1	12556336	99	GA
1	12556898	44	AG
1	12557099	201	CT
1	12557245	146	TC
1	12557628	75	GA
1	12558318	637	TC
1	12558384	66	GA
1	12558401	17	AG
1	12558418	17	AG
1	12558507	89	CT
1	12558525	18	AG
1	12558527	2	GA
1	12558556	29	TC
1	12558570	14	GA
1	12558615	45	GT
1	12559095	480	CT
1	12559294	199	CT
1	12559790	301	GA
1	12560553	565	GA
1	12561195	371	CT
1	12561576	381	CT
1	12561842	266	TC
1	12561882	40	AC
1	12561884	2	TC
1	12566772	3875	TA
1	12567051	279	TC
1	12567583	468	GA
1	12568492	609	CG
1	12571881	2639	CT
1	12572224	343	GA
1	12572280	56	GA
1	12572292	12	TA
1	12572315	23	CT
1	12574339	1881	CT
1	12576206	1808	GA
1	12577831	1012	GC
1	12577877	46	GA
1	12578486	102	GA
1	12581549	2996	TG
1	12584104	1960	AG
1	12584209	105	AT
1	12584283	74	AG
1	12585856	1255	CT
1	12586090	234	GA
1	12586093	3	CG
1	12586721	628	GC
1	12586839	118	CA
1	12587096	257	GA
1	12587143	47	CG
1	12587193	50	GA
1	12587594	401	AG
1	12587844	250	CT
1	12588127	283	AG
1	12588144	17	CT
1	12588160	16	CT
1	12588414	232	GA
1	12588475	61	AG
1	12588952	267	GC
1	12589215	34	CG
1	12589548	333	CT
1	12590649	822	GA
1	12590860	211	GA
1	12591108	248	CT
1	12591329	221	AG
1	12591373	44	CT
1	12591458	85	CT
1	12592697	1031	AC
1	12593088	391	CT
1	12593337	249	GA
1	12594017	680	AC
1	12594225	208	GT
1	12594290	65	GA
1	12594598	308	GC
1	12594773	175	CT
1	12594853	80	TC
1	12594966	78	TA
1	12595016	50	CA
1	12595017	1	AG
1	12595107	90	GA
1	12595113	6	CT
1	12595180	67	CT
1	12595242	62	GA
1	12595261	19	AG
1	12595269	8	GT
1	12595324	55	TA
1	12595626	302	CT
1	12595820	194	GC
1	12596210	390	AG
1	12596362	75	AG
1	12596369	7	TG
1	12596806	392	CA
1	12597415	609	CA
1	12597634	219	GT
1	12598396	376	CT
1	12599210	399	AG
1	12599251	41	GA
1	12599487	236	CT
1	12599576	89	CT
1	12599633	57	CT
1	12599771	138	TC
1	12599791	20	CT
1	12601473	967	TC
1	12605213	3133	CT
1	12606647	1083	GC
1	12607063	397	TC
1	12610503	2865	AT
1	12610874	371	CG
1	12610907	33	GA
1	12611069	162	CT
1	12614485	2808	GA
1	12616173	1389	GA
1	12620400	3705	GC
1	12622419	1709	CG
1	12622743	324	TA
1	12622758	15	GC
1	12622816	58	AG
1	12623510	694	CA
1	12623535	25	GA
1	12623558	23	GA
1	12623731	173	GA
1	12624362	549	TC
1	12626007	1621	GA
1	12626042	35	GA
1	12626241	199	GT
1	12626244	3	GC
1	12626286	42	GA
1	12626479	193	CG
1	12627534	965	AG
1	12627601	67	GA
1	12627738	137	TG
1	12628006	268	CG
1	12628536	64	GA
1	12628992	456	GC
1	12629078	86	TC
1	12629100	22	CT
1	12629114	14	AG
1	12629334	220	GA
1	12630285	708	CT
1	12630604	284	CT
1	12630614	10	TG
1	12630645	31	CT
1	12630648	3	TC
1	12630751	103	CG
1	12630769	18	GT
1	12630992	223	AC
1	12631004	12	TC
1	12631058	54	AG
1	12631095	37	GC
1	12631175	80	TA
1	12631215	40	CA
1	12631356	141	CT
1	12632425	595	TG
1	12632527	102	AG
1	12633138	168	TG
1	12633143	5	AG
1	12633902	357	AG
1	12633918	16	GC
1	12634746	828	GC
1	12635712	515	AG
1	12635762	50	TA
1	12636421	659	GA
1	12636435	14	TC
1	12636671	236	AG
1	12636682	11	GA
1	12636916	234	AG
1	12637637	721	CT
1	12637712	75	TG
1	12638030	318	CG
1	12638058	28	GC
1	12638373	315	TC
1	12638463	90	GA
1	12638579	116	AC
1	12638667	88	GA
1	12639134	467	CT
1	12639202	68	GA
1	12639567	253	GC
1	12639712	145	GA
1	12640120	408	AG
1	12640162	42	GA
1	12640706	406	TC
1	12640962	256	CT
1	12640972	10	TC
1	12640973	1	GA
1	12640976	3	AG
1	12640980	4	AG
1	12641014	34	AG
1	12641081	67	CG
1	12641109	28	GA
1	12641246	137	CT
1	12641402	87	CT
1	12642264	492	GT
1	12642915	563	TC
1	12642975	60	CG
1	12643076	101	GA
1	12643472	396	CT
1	12643633	161	CT
1	12643974	341	GA
1	12644095	121	TC
1	12644131	36	CT
1	12644291	160	TC
1	12644327	36	TG
1	12644669	342	CT
1	12644703	34	CT
1	12644725	22	TG
1	12644869	144	CT
1	12644956	87	AG
1	12644958	2	CT
1	12645060	102	GA
1	12645084	24	GA
1	12646216	93	GA
1	12646220	4	GA
1	12646230	10	AG
1	12646258	28	AG
1	12646274	16	TC
1	12646279	5	AG
1	12646286	7	TC
1	12646322	36	TG
1	12646333	11	AC
1	12646994	47	GA
1	12647015	21	TC
1	12647313	151	TC
1	12647480	167	CT
1	12647495	15	CT
1	12647564	69	GA
1	12647623	59	GA
1	12647810	187	GA
1	12648327	351	TG
1	12648353	26	TC
1	12648371	18	GA
1	12648408	37	GA
1	12648547	139	CT
1	12648814	267	GA
1	12648838	24	CA
1	12648976	138	CT
1	12649135	159	CT
1	12649500	242	GA
1	12649534	34	AG
1	12649540	6	AG
1	12649677	137	AG
1	12649893	216	CT
1	12650041	148	GA
1	12650349	141	GA
1	12653382	1378	GA
1	12655115	531	CA
1	12655885	291	GC
1	12656051	166	AG
1	12656090	39	AG
1	12656725	518	TC
1	12657519	234	AC
1	12661321	3171	CT
1	12662984	1233	GA
1	12665360	1869	GT
1	12668138	2278	CT
1	12668321	183	TC
1	12669125	769	CT
1	12670258	943	CT
1	12670369	111	CT
1	12670450	81	TC
1	12670881	321	GC
1	12670884	3	CG
1	12671150	266	CT
1	12671423	273	GC
1	12671533	110	GA
1	12671605	72	CT
1	12671662	57	AG
1	12671967	305	AG
1	12672033	66	CT
1	12672039	6	CT
1	12672349	310	CT
1	12672375	26	GA
1	12672469	56	AG
1	12672562	93	AC
1	12672585	23	CT
1	12672674	89	CT
1	12672697	23	TC
1	12672873	176	GA
1	12672922	49	CT
1	12672990	68	AG
1	12673110	120	AG
1	12673170	60	TG
1	12673258	88	GA
1	12673503	245	CT
1	12673597	94	AG
1	12674417	509	GA
1	12674644	227	TC
1	12674766	122	GA
1	12674816	50	GA
1	12674930	114	AG
1	12674984	54	CG
1	12675001	17	CT
1	12675060	59	TA
1	12675078	18	CA
1	12675079	1	GA
1	12675868	291	GA
1	12676254	386	AG
1	12676359	105	CA
1	12676388	29	GA
1	12676607	219	GA
1	12676681	74	GA
1	12676756	75	CT
1	12677132	376	CT
1	12677252	120	AG
1	12678340	296	GA
1	12678371	31	AG
1	12678486	115	TC
1	12678503	17	CT
1	12678637	134	CT
1	12678676	39	AC
1	12678740	64	GA
1	12678782	42	TC
1	12678946	164	GA
1	12679309	363	GA
1	12679553	244	TC
1	12679592	39	GA
1	12679680	88	GA
1	12683262	2343	CT
1	12683322	60	TC
1	12683728	406	TC
1	12686940	2805	TG
1	12690606	3143	GA
1	12691812	221	AG
1	12693913	2056	CG
1	12694140	227	CT
1	12695306	1015	TC
1	12695434	128	GC
1	12695468	34	TC
1	12695469	1	GA
1	12695631	162	GA
1	12695869	238	GC
1	12696521	429	GA
1	12696592	71	TC
1	12698380	1627	CT
1	12703290	2623	GA
1	12724547	15953	GC
1	12730366	4676	CT
1	12732575	1468	GA
1	12732687	112	TG
1	12733721	871	TC
1	12733740	19	CA
1	12733901	161	CT
1	12736493	701	CT
1	12737237	634	GA
1	12737404	167	CA
1	12738357	511	AG
1	12739231	723	AG
1	12739459	228	GA
1	12739534	75	AG
1	12739562	28	AG
1	12739575	13	AG
1	12739615	40	TC
1	12739745	130	GA
1	12740368	142	AG
1	12740716	201	GA
1	12740736	20	GC
1	12740771	35	GA
1	12741832	711	AG
1	12742837	765	TC
1	12742989	61	CT
1	12743420	431	CT
1	12743805	385	CT
1	12743809	4	TC
1	12744022	117	GC
1	12744044	22	GA
1	12746410	1923	GA
1	12769860	20645	GA
1	12769974	114	CT
1	12770982	782	CT
1	12771566	584	TC
1	12771654	88	AG
1	12771725	71	TA
1	12771889	135	TC
1	12773028	996	CT
1	12773325	297	CG
1	12773327	2	CT
1	12773492	165	CA
1	12774205	375	GA
1	12774308	103	CT
1	12774414	106	GA
1	12777044	2216	TC
1	12778453	1409	AG
1	12780267	1814	AG
1	12780465	198	AG
1	12781097	251	TC
1	12781638	541	CG
1	12782446	326	CT
1	12788548	4044	GC
1	12788626	78	TC
1	12788687	61	GA
1	12789454	629	GA
1	12812662	20310	GA
1	12816505	3337	GA
1	12820205	3483	TC
1	12823424	2330	AT
1	12823746	322	AG
1	12823976	230	AG
1	12824316	340	CT
1	12831811	5653	GA
1	12831828	17	CT
1	12837874	4530	AG
1	12839318	1241	AC
1	12840220	324	GA
1	12841260	1040	CT
1	12841360	100	GA
1	12842966	1403	CG
1	12843954	223	TA
1	12844116	162	CT
1	12844157	41	GA
1	12845017	860	CT
1	12845084	67	CA
1	12845126	42	TC
1	12845138	12	AG
1	12845214	76	TC
1	12845224	10	CG
1	12845586	362	CT
1	12845638	52	CA
1	12845833	195	CT
1	12845867	34	CA
1	12845893	26	GA
1	12846317	424	CA
1	12846521	204	TC
1	12847215	694	TC
1	12847763	548	TA
1	12852855	3110	GC
1	12853928	1073	GA
1	12854768	840	TA
1	12860891	6123	TC
1	12861093	202	CT
1	12869579	6781	TC
1	12869776	197	GA
1	12869849	73	TC
1	12871813	1964	GA
1	12874656	2623	GA
1	12876118	448	AG
1	12876426	308	AG
1	12877126	650	CT
1	12877397	271	AG
1	12878240	644	AC
1	12878388	148	AG
1	12879064	676	TG
1	12879268	204	GA
1	12879579	311	CT
1	12879620	41	TC
1	12879653	33	CT
1	12879672	19	TC
1	12879792	120	TC
1	12879879	87	CT
1	12880043	164	AG
1	12880114	71	AG
1	12880221	107	CT
1	12880343	122	TC
1	12880449	106	CT
1	12880464	15	TA
1	12880797	189	TC
1	12881391	594	TC
1	12881407	16	TC
1	12884019	2060	GA
1	12884279	120	TC
1	12884303	24	CT
1	12884644	341	CT
1	12884829	185	TC
1	12884895	66	TC
1	12885356	461	GA
1	12885548	192	CT
1	12886056	416	CG
1	12886224	168	TG
1	12886243	19	GA
1	12886246	3	GA
1	12886398	152	AG
1	12886471	73	GA
1	12886482	11	GC
1	12886500	18	GA
1	12887069	309	TC
1	12887209	140	AG
1	12887640	431	AT
1	12889488	1148	TC
1	12889876	388	TC
1	12892305	2345	TC
1	12893340	1017	CT
1	12893809	469	TC
1	12896686	1820	TC
1	12896760	74	GA
1	12898198	270	AG
1	12898336	138	CT
1	12898368	32	TC
1	12898385	17	GT
1	12898513	128	TC
1	12900135	1135	CT
1	12900241	106	CT
1	12901763	832	AT
1	12903181	596	CG
1	12903237	56	TA
1	12903238	1	CT
1	12903405	167	CT
1	12903438	33	TC
1	12903450	12	AG
1	12903488	38	TC
1	12903624	136	TC
1	12903725	101	TC
1	12904188	419	GA
1	12905025	398	GA
1	12905595	570	GA
1	12923321	1576	AG
1	12925120	917	CT
1	12925980	811	GC
1	12926714	734	GA
1	12926763	49	CT
1	12926974	211	CT
1	12927206	232	TC
1	12927776	255	CT
1	12927948	172	AG
1	12928144	196	CT
1	12928190	46	TC
1	12928305	115	CA
1	12930280	1144	TC
1	12930372	92	AC
1	12930503	131	CT
1	12930812	189	AC
1	12931365	553	TC
1	12932115	643	AG
1	12933201	1086	GA
1	12933489	288	CT
1	12933785	296	CT
1	12934717	932	AG
1	12934929	195	TC
1	12934937	8	TG
1	12935131	194	CT
1	12935201	70	TG
1	12935221	20	TC
1	12935628	407	GA
1	12935786	158	AG
1	12942461	4649	CA
1	12943937	1413	CT
1	12949984	5237	TC
1	12952059	1723	AC
1	12953832	1663	GA
1	12953969	137	AG
1	12954492	523	CT
1	12955425	746	GA
1	12957713	1287	AG
1	12957754	41	AG
1	12957786	32	GA
1	12958088	101	GA
1	12958116	28	TC
1	12958370	254	TC
1	12958378	8	GC
1	12958407	29	TC
1	12959039	335	CG
1	12959066	27	GC
1	12959071	5	TC
1	12959253	36	CT
1	12959597	175	CT
1	12959616	19	TC
1	12959854	238	TC
1	12959888	34	GA
1	12959945	57	AG
1	12960274	242	TC
1	12960309	35	TC
1	12960415	106	TA
1	12960497	82	CA
1	12960738	39	AG
1	12960973	163	CG
1	12961468	495	CT
1	12961665	197	GA
1	12962046	381	TC
1	12962428	382	AG
1	12962476	48	GT
1	12962581	105	TC
1	12962807	226	TC
1	12963081	247	CT
1	12963312	231	AG
1	12963390	78	CT
1	12963417	27	CT
1	12963714	156	GA
1	12964018	304	GA
1	12964079	61	AG
1	12965054	975	AG
1	12965524	424	CA
1	12965895	371	CT
1	12965903	8	CG
1	12967179	128	AG
1	12967529	350	TC
1	12969522	1649	GA
1	12969616	94	TA
1	12970055	390	CG
1	12970468	309	TC
1	12970751	283	AG
1	12971489	439	TC
1	12971599	110	CT
1	12971602	3	GT
1	12971666	64	GT
1	12972763	567	CA
1	12973291	528	CT
1	12973681	390	TG
1	12973884	203	TC
1	12973930	46	AG
1	12973972	42	GA
1	12974060	88	GC
1	12974373	313	TC
1	12974720	347	TC
1	12974735	15	GA
1	12974978	243	CG
1	12975024	46	CT
1	12975814	790	GA
1	12975906	92	AG
1	12975917	11	CT
1	12976081	164	AG
1	12976185	104	CT
1	12976212	27	GT
1	12976386	174	GA
1	12976489	103	GA
1	12976684	195	GA
1	12976692	8	AC
1	12976855	163	AG
1	12977058	203	CT
1	12977290	232	AG
1	12977321	31	AT
1	12977399	78	AG
1	12977494	95	GC
1	12977568	74	GT
1	12977838	270	GA
1	12978832	678	AT
1	12978988	156	CT
1	12979105	117	CT
1	12979687	582	AC
1	12979723	36	AG
1	12979792	69	AG
1	12979847	55	GA
1	12980056	179	AG
1	12980386	330	CT
1	12980737	351	TA
1	12980810	73	AG
1	12980933	123	AG
1	12981564	291	AG
1	12981589	25	CT
1	12981689	100	CT
1	12981752	63	GC
1	12982048	296	CA
1	12982147	99	AG
1	12982223	76	GA
1	12982431	208	AG
1	12982895	464	CT
1	12983803	272	TC
1	12984469	600	TC
1	12984730	261	AG
1	12984782	52	GA
1	12984969	149	CT
1	12985696	672	AG
1	12985875	179	GA
1	12986051	176	AG
1	12986080	29	AC
1	12986174	94	TC
1	12986322	148	CT
1	12986560	238	AT
1	12986680	120	AG
1	12986743	63	AG
1	12987403	660	GT
1	12987758	355	TC
1	12988798	384	AG
1	12989919	1074	TC
1	12990009	90	AG
1	12990719	710	CG
1	12990934	215	TG
1	12991025	91	TC
1	12995518	2593	GA
1	12995919	401	TC
1	12996155	236	GA
1	12996487	332	CT
1	13001903	4413	GC
1	13002506	603	GA
1	13002542	36	CG
1	13002643	101	GC
1	13002699	56	TC
1	13002947	248	AG
1	13003239	292	AG
1	13003477	238	GA
1	13003492	15	AG
1	13003503	11	CT
1	13003587	84	GA
1	13004075	488	GA
1	13004151	76	GA
1	13004246	95	GA
1	13004250	4	CT
1	13004315	65	CT
1	13004374	59	CT
1	13004432	58	GA
1	13004652	220	CT
1	13004680	28	TC
1	13004811	131	AC
1	13005376	527	CT
1	13006101	725	TC
1	13006426	325	AG
1	13010129	1958	AT
1	13010348	219	GA
1	13010478	130	CT
1	13010968	490	CG
1	13011153	185	TC
1	13011180	27	TC
1	13012948	1167	CG
1	13013434	466	TC
1	13014194	296	GA
1	13015360	1166	TC
1	13016208	754	AG
1	13017049	841	GA
1	13018599	1430	GA
1	13018662	63	AG
1	13024526	4918	CT
1	13024527	1	GA
1	13025154	627	TC
1	13025439	285	TG
1	13025884	445	TC
1	13026484	545	GA
1	13027337	853	CT
1	13027785	448	AG
1	13028203	418	TC
1	13028214	11	GA
1	13028218	4	TC
1	13028251	33	GC
1	13028441	190	AG
1	13028980	517	TC
1	13029043	63	GA
1	13029097	54	TC
1	13029229	132	TC
1	13029419	190	AT
1	13029428	9	TC
1	13029482	54	TC
1	13030006	450	GA
1	13030302	296	AC
1	13030595	293	AC
1	13030655	60	TC
1	13030705	50	GA
1	13030715	10	GA
1	13031088	373	AG
1	13031115	27	TA
1	13031141	26	CT
1	13031187	46	GA
1	13031578	391	AG
1	13031671	93	TC
1	13031747	76	GA
1	13031847	100	TG
1	13031940	93	TC
1	13032200	260	CT
1	13032687	237	GA
1	13033092	405	AG
1	13034430	1338	AG
1	13034492	62	CA
1	13034979	487	AG
1	13035150	171	CT
1	13035160	10	GA
1	13035215	55	CT
1	13035690	406	CG
1	13036144	454	AG
1	13036379	235	AG
1	13037018	639	TA
1	13037414	396	GA
1	13037598	184	AG
1	13038375	777	GA
1	13039755	1380	AG
1	13039779	24	AC
1	13041253	655	CT
1	13041255	2	AC
1	13041626	371	CT
1	13041630	4	GA
1	13041740	110	CT
1	13041793	53	GA
1	13041920	127	TC
1	13042150	38	CT
1	13042497	347	TC
1	13043021	524	AG
1	13043095	74	TC
1	13044257	1049	TA
1	13044321	64	GA
1	13045091	770	GA
1	13045167	76	GC
1	13045358	191	AC
1	13045532	174	GA
1	13045597	65	CT
1	13045632	35	GA
1	13045903	229	AC
1	13046263	360	GA
1	13048163	1806	AG
1	13049313	512	TC
1	13049557	191	GA
1	13052491	2914	GA
1	13054065	1574	CT
1	13056879	2476	AG
1	13061394	3062	CA
1	13062503	821	GA
1	13063918	1366	GA
1	13067472	2940	CT
1	13070605	2341	GC
1	13073872	2469	CA
1	13074447	146	CT
1	13074522	75	TC
1	13076015	724	CG
1	13076364	209	CG
1	13076409	45	TG
1	13076565	156	GT
1	13076867	302	CT
1	13076942	75	GA
1	13077416	474	TC
1	13077514	98	CG
1	13079435	1414	TC
1	13079852	324	GT
1	13079853	1	TC
1	13079940	87	CT
1	13080808	868	AC
1	13080822	14	CT
1	13081004	182	TC
1	13081058	54	AG
1	13081116	58	GC
1	13081353	237	GT
1	13081709	356	AG
1	13081955	246	TC
1	13082472	517	AG
1	13082725	253	CT
1	13082972	247	CA
1	13083466	494	AC
1	13083542	76	GA
1	13083576	34	GT
1	13084320	744	CT
1	13084513	193	CT
1	13085487	974	TC
1	13085755	268	TC
1	13085798	43	AT
1	13086012	168	TC
1	13086173	161	AT
1	13088415	1570	CT
1	13088531	116	GA
1	13088551	20	AG
1	13089351	753	TG
1	13089571	220	AG
1	13089577	6	CT
1	13094416	3598	GA
1	13095189	773	AG
1	13095740	551	GA
1	13096512	772	AG
1	13096807	295	CT
1	13099661	1431	CT
1	13100067	406	TC
1	13100426	359	TG
1	13100994	421	CA
1	13101585	591	GA
1	13101605	20	TC
1	13101705	100	GA
1	13101735	30	TC
1	13101896	161	CT
1	13102111	215	GA
1	13102131	20	AG
1	13102202	71	CA
1	13102399	197	TG
1	13102470	71	TC
1	13102490	20	AC
1	13102539	49	AG
1	13102633	94	CT
1	13103165	532	AG
1	13103460	295	AG
1	13103576	116	TC
1	13103636	60	TC
1	13104462	826	TC
1	13104715	253	AG
1	13104749	34	GA
1	13105053	304	GA
1	13105198	145	TC
1	13106332	1064	CA
1	13106515	183	TC
1	13106672	157	TC
1	13106932	241	CT
1	13107126	194	TC
1	13110679	2069	GC
1	13117207	5684	CT
1	13118647	802	TC
1	13120556	1749	CT
1	13121658	1082	GA
1	13122961	1008	GT
1	13123673	392	AG
1	13124853	1068	CT
1	13125049	196	GA
1	13125338	289	GA
1	13127253	1592	TG
1	13127306	53	TC
1	13129012	1521	CA
1	13129776	764	GC
1	13130810	1034	TC
1	13130848	38	CT
1	13131027	179	AC
1	13131430	403	GA
1	13131485	55	CT
1	13131486	1	AG
1	13131632	122	AG
1	13131680	48	CT
1	13140024	6144	CT
1	13141817	840	CA
1	13142656	502	AG
1	13142728	72	GC
1	13143612	460	CA
1	13143716	104	GA
1	13144233	85	GA
1	13144251	18	GA
1	13144386	135	TC
1	13144593	207	CT
1	13144600	7	AG
1	13144605	5	GA
1	13144614	9	TC
1	13144864	250	AG
1	13145032	168	AG
1	13145274	242	TC
1	13145330	56	GA
1	13145486	156	TC
1	13145561	75	CG
1	13145595	34	AG
1	13145775	180	GC
1	13145836	61	TC
1	13145863	27	TC
1	13145880	17	TC
1	13145940	60	CG
1	13145953	13	AC
1	13145969	16	AG
1	13146078	109	GA
1	13146315	237	TG
1	13146386	71	GA
1	13146563	177	AG
1	13148144	895	GA
1	13148183	39	GA
1	13148361	178	GA
1	13148816	371	CT
1	13149455	408	GA
1	13149609	154	CA
1	13149735	126	CT
1	13150641	857	CT
1	13151246	517	TC
1	13151753	121	GA
1	13151767	14	CT
1	13151794	27	GA
1	13157660	1720	GA
1	13158854	509	GA
1	13158949	95	CG
1	13161343	1237	AG
1	13162355	702	AG
1	13162730	352	AG
1	13163284	554	CT
1	13163518	234	TC
1	13165075	968	TC
1	13165814	290	AG
1	13168277	1455	AG
1	13173100	3603	CT
1	13949467	551760	CT
1	14159911	157490	CT
1	14162920	2120	AG
1	14164999	1988	CT
1	14166048	951	TA
1	14172188	5475	CT
1	14173862	1593	GA
1	14175047	1151	TC
1	14175091	44	TC
1	14175094	3	TG
1	14175803	709	GA
1	14175906	103	TC
1	14176420	514	AC
1	14176644	224	CT
1	14176748	104	GA
1	14176769	21	CT
1	14176829	60	TC
1	14177694	865	CT
1	14177944	250	CT
1	14180310	2251	CT
1	14181621	1311	AG
1	14182968	1347	TC
1	14183814	846	GA
1	14184503	689	TC
1	14184678	175	GA
1	14184789	111	CT
1	14196767	89	TC
1	14196958	60	CT
1	14197262	304	TG
1	14197868	606	AT
1	14197991	123	TA
1	14198923	675	AG
1	14199033	110	CG
1	14199371	338	CT
1	14199422	51	GC
1	14199948	526	GT
1	14200321	373	GA
1	14200401	80	GA
1	14200578	177	GA
1	14201464	526	CT
1	14202220	357	TG
1	14202294	74	AG
1	14202455	161	GA
1	14202737	282	TC
1	14202934	197	AG
1	14202937	3	TC
1	14202979	42	AT
1	14203379	400	GA
1	14204230	851	GA
1	14205083	629	CT
1	14205115	32	CT
1	14207130	665	GA
1	14207166	36	AG
1	14207175	9	AC
1	14207289	114	GA
1	14211106	3629	CT
1	14228263	12383	AG
1	14231806	1038	CT
1	14231993	187	TC
1	14233083	870	GA
1	14233188	105	CG
1	14233292	104	GA
1	14233653	361	CT
1	14233850	158	AG
1	14243340	6101	AG
1	14243513	173	AC
1	14251024	5996	TC
1	14258125	3653	GC
1	14260612	1909	TC
1	14261355	724	GA
1	14261391	36	CT
1	14267163	4831	GA
1	14267481	318	AG
1	14267685	204	GA
1	14268700	1015	CT
1	14269362	267	CT
1	14270036	644	AG
1	14271237	1201	TC
1	14271850	613	CT
1	14272811	793	TG
1	14275472	2489	GA
1	14287379	7303	GA
1	14289972	1757	CT
1	14291034	859	AG
1	14291437	231	CT
1	14292482	623	CT
1	14293716	1144	TC
1	14293842	96	CT
1	14293843	1	GA
1	14293877	34	CT
1	14293964	87	CA
1	14294045	81	GA
1	14294146	101	GA
1	14294264	118	TC
1	14294739	475	CT
1	14294799	60	CT
1	14295081	282	GA
1	14295546	389	TG
1	14297944	1883	TC
1	14303103	3338	GA
1	14305018	1597	GA
1	14305139	121	TC
1	14305146	7	GC
1	14305225	79	GA
1	14305283	58	CT
1	14305657	374	AG
1	14305810	153	GA
1	14306496	686	CA
1	14306604	108	CT
1	14307804	233	TG
1	14307953	149	GA
1	14308157	204	CT
1	14309318	1123	GA
1	14310107	789	CG
1	14310265	158	CA
1	14310266	1	TC
1	14310308	42	CA
1	14310330	22	CT
1	14310331	1	GA
1	14310519	188	TC
1	14310626	107	CG
1	14310639	13	GA
1	14310642	3	TC
1	14310709	67	GA
1	14310787	78	CA
1	14310835	48	GC
1	14311133	298	TA
1	14311327	194	CT
1	14311365	38	AG
1	14311573	208	CA
1	14311639	66	GA
1	14311767	128	TG
1	14311768	1	TA
1	14311831	63	AT
1	14312627	707	GA
1	14313747	1064	AG
1	14313990	243	GA
1	14314015	25	GA
1	14314016	1	CT
1	14314053	37	AG
1	14314135	82	GA
1	14314261	68	GA
1	14314385	124	TC
1	14314501	116	GT
1	14314770	269	AT
1	14315286	516	TC
1	14315450	164	CG
1	14317025	873	CT
1	14317413	388	GA
1	14318114	240	AG
1	14318128	14	GA
1	14318456	303	TC
1	14321247	527	CA
1	14321479	232	AC
1	14321855	376	TC
1	14321906	51	TA
1	14322016	110	CA
1	14322125	109	GA
1	14322439	246	AG
1	14322635	136	GA
1	14322688	53	AT
1	14322741	53	CT
1	14325380	1575	TG
1	14328323	1732	GA
1	14328839	516	AT
1	14328994	155	CT
1	14329103	109	GA
1	14329306	203	TC
1	14329423	117	CT
1	14329447	24	GA
1	14329870	234	CT
1	14330208	338	GC
1	14330552	23	CA
1	14330713	161	AG
1	14331296	583	GC
1	14331311	15	GT
1	14331367	56	CT
1	14331781	414	GC
1	14331889	108	CT
1	14331914	25	GA
1	14331974	60	GA
1	14331982	8	CT
1	14332120	138	TC
1	14332231	111	CA
1	14332292	61	CT
1	14332309	17	GA
1	14332327	18	AG
1	14332616	289	GA
1	14332776	160	CT
1	14334059	232	CA
1	14334222	163	CT
1	14334301	79	AT
1	14334339	38	CA
1	14334381	42	CG
1	14334531	11	GA
1	14334822	291	CT
1	14334899	77	CT
1	14334924	25	AG
1	14336055	543	CA
1	14336408	353	GA
1	14337370	579	CT
1	14337690	155	TC
1	14337713	23	GA
1	14341503	1812	CT
1	14341553	50	CT
1	14341650	97	GA
1	14341672	22	CT
1	14341714	42	AG
1	14342091	377	TC
1	14362273	12405	GA
1	14362289	16	GA
1	14364022	195	GA
1	14364259	237	CG
1	14365323	1028	AC
1	14366467	1068	AG
1	14366792	21	GA
1	14368016	1183	GT
1	14368019	3	GA
1	14368031	12	TG
1	14368058	27	TC
1	14368974	860	GT
1	14369204	50	CT
1	14369294	90	AG
1	14369312	18	CT
1	14370809	151	GA
1	14371562	446	GA
1	14371706	144	AT
1	14371932	168	CT
1	14372063	131	TC
1	14372098	35	AG
1	14372227	129	TG
1	14372298	71	CT
1	14372374	76	CG
1	14372439	65	CT
1	14372586	147	AG
1	14372593	7	AG
1	14372760	95	TC
1	14373353	481	CT
1	14373695	279	GC
1	14373734	39	TC
1	14373830	96	TC
1	14373905	75	GT
1	14374191	286	TC
1	14374207	16	TG
1	14374230	23	AG
1	14374274	44	TC
1	14374294	20	CA
1	14374330	36	TC
1	14374357	27	TC
1	14374549	192	GA
1	14374716	167	TC
1	14374914	198	CT
1	14375082	168	CG
1	14375277	195	AG
1	14375561	284	AG
1	14375610	49	TC
1	14376009	399	TG
1	14376707	360	CG
1	14376742	35	AC
1	14377201	459	CT
1	14377382	181	CT
1	14378811	1130	TG
1	14380444	917	CT
1	14380549	105	TG
1	14380791	242	CT
1	14384155	3047	CT
1	14385153	998	TC
1	14385450	297	AG
1	14386253	429	CT
1	14388263	1081	TC
1	14388354	91	CT
1	14388689	335	GA
1	14388744	55	TG
1	14390333	1541	CT
1	14391079	746	CG
1	14392109	638	AG
1	14392240	131	AG
1	14393855	1412	CT
1	14393890	35	CT
1	14393898	8	GA
1	14393968	70	CA
1	14394448	88	CT
1	14394540	92	GA
1	14394616	76	GA
1	14394686	70	TG
1	14394834	63	CT
1	14394846	12	CT
1	14394888	42	CT
1	14395752	710	CT
1	14396220	468	AG
1	14396345	125	AC
1	14396582	237	CT
1	14396795	213	TC
1	14396868	73	GC
1	14396907	39	CT
1	14397050	143	CT
1	14397051	1	TC
1	14397266	198	TC
1	14397290	24	TC
1	14397559	183	TC
1	14397627	68	GA
1	14399029	1045	GA
1	14399159	130	CT
1	14400374	688	GA
1	14400498	20	TC
1	14400526	28	GA
1	14400572	46	CT
1	14401707	1135	AG
1	14403341	867	AG
1	14403567	226	TC
1	14403606	39	CT
1	14403626	20	GA
1	14403868	242	CT
1	14403983	115	GA
1	14403985	2	TA
1	14404064	79	CA
1	14404701	298	TC
1	14405252	551	GT
1	14405863	611	AC
1	14405879	16	GA
1	14406878	483	TC
1	14407113	138	GA
1	14407296	183	CT
1	14407297	1	GA
1	14407324	27	GC
1	14407395	71	CT
1	14407409	14	CT
1	14407450	41	GA
1	14407685	235	GA
1	14407845	160	TC
1	14407900	55	CG
1	14408063	163	AC
1	14408368	10	GA
1	14408493	125	TG
1	14408523	30	TG
1	14409643	688	CT
1	14412502	2211	AG
1	14412603	101	TC
1	14413235	632	GT
1	14416825	1974	AC
1	14420543	962	TG
1	14421316	502	GA
1	14422236	578	CG
1	14428266	2044	TG
1	14428747	481	CT
1	14431527	1382	AG
1	14432351	732	TC
1	14432787	65	AT
1	14433712	873	CT
1	14434545	529	CT
1	14436133	898	GA
1	14436445	312	GA
1	14436895	406	TG
1	14437517	622	AG
1	14437747	230	CT
1	14438058	311	AG
1	14438736	678	TG
1	14439074	338	TG
1	14439078	4	GA
1	14439079	1	GA
1	14439086	7	GA
1	14439090	4	TA
1	14439094	4	CT
1	14439180	86	CG
1	14439203	23	CT
1	14439411	208	CT
1	14439415	4	TC
1	14439512	97	AT
1	14439514	2	GT
1	14439587	73	CT
1	14439667	80	TC
1	14440577	910	CT
1	14440828	251	AG
1	14440919	91	GA
1	14441213	276	CT
1	14441235	22	GA
1	14441251	16	AG
1	14441315	64	TC
1	14441398	83	TA
1	14441448	50	GA
1	14441681	205	CT
1	14441687	6	GT
1	14441705	18	CT
1	14441732	27	CA
1	14441753	21	AG
1	14441902	149	AG
1	14441903	1	CT
1	14442604	370	CT
1	14442962	185	CT
1	14443688	266	AG
1	14443764	76	AG
1	14443967	203	GT
1	14443981	14	CT
1	14443995	14	TA
1	14443999	4	GC
1	14444022	23	TC
1	14444023	1	GA
1	14444846	479	AG
1	14444860	14	GT
1	14445185	325	AG
1	14445396	211	CA
1	14446359	926	GA
1	14446361	2	GA
1	14448421	815	GA
1	14448712	291	TC
1	14448753	41	TG
1	14453367	2899	AC
1	14453635	268	CT
1	14473019	16845	AC
1	14473023	4	AC
1	14473074	51	AG
1	14473122	48	GA
1	14473142	20	AG
1	14473442	300	CG
1	14473566	124	AG
1	14473920	354	AG
1	14473923	3	GA
1	14474806	575	TC
1	14480578	4687	AG
1	14481841	857	AG
1	14481842	1	TA
1	14482124	282	CT
1	14482143	19	CT
1	14482149	6	CT
1	14482179	30	TC
1	14482808	325	GA
1	14484373	328	TC
1	14484417	44	TC
1	14486389	1282	AC
1	14488761	2049	AG
1	14493051	1419	AG
1	14499436	3570	GA
1	14500902	1173	CT
1	14502106	874	TC
1	14503022	673	CT
1	14503369	347	CT
1	14503495	126	TC
1	14503637	142	CT
1	14503661	24	TC
1	14503722	61	CT
1	14503757	35	AG
1	14504090	118	AC
1	14504226	136	TA
1	14504718	190	TC
1	14506583	1454	CT
1	14506852	216	GA
1	14507023	171	GT
1	14507312	289	GA
1	14507610	240	CA
1	14507706	96	TC
1	14507897	191	TC
1	14508457	512	CT
1	14508853	396	AC
1	14508883	30	GA
1	14509084	201	TA
1	14509157	73	AG
1	14509178	21	AG
1	14511035	1111	TC
1	14511090	55	TC
1	14511680	590	CT
1	14512391	143	CT
1	14514238	1521	CA
1	14514805	422	TC
1	14515275	470	TC
1	14515379	104	GA
1	14515703	324	CG
1	14515735	32	TC
1	14517716	1237	GA
1	14519189	1083	CT
1	14520716	1361	TA
1	14520821	105	CT
1	14521292	471	GC
1	14523672	2046	AG
1	14527020	2286	CT
1	14528008	722	CT
1	14528696	644	GC
1	14529252	556	GA
1	14529845	593	CT
1	14530496	621	TC
1	14530627	131	CT
1	14530751	124	CT
1	14530874	123	GC
1	14530894	20	CT
1	14532937	130	CT
1	14532945	8	TC
1	14534455	1132	CT
1	14535228	773	CT
1	14535851	623	AG
1	14536546	394	AG
1	14537348	715	GC
1	14537361	13	CT
1	14537491	130	CT
1	14538191	700	GA
1	14538213	22	GA
1	14538233	20	CG
1	14538302	69	TC
1	14540059	1022	CA
1	14541097	746	TC
1	14541145	48	GA
1	14541255	110	GC
1	14541822	184	AG
1	14546832	4081	CT
1	14546969	137	CT
1	14552503	3790	CT
1	14552738	207	AC
1	14554640	1652	TC
1	14558954	3570	CT
1	14559472	518	AG
1	14559744	272	CT
1	14559850	106	CT
1	14563151	2946	CA
1	14563539	388	TC
1	14563932	366	TC
1	14564095	163	CT
1	14564390	295	GA
1	14564911	521	GC
1	14564918	7	AC
1	14565081	163	TG
1	14565261	180	AC
1	14565270	9	AT
1	14565528	258	TC
1	14565650	122	AG
1	14566155	505	AG
1	14566173	18	TC
1	14566344	171	AG
1	14566853	448	AG
1	14566865	12	CT
1	14567283	174	AG
1	14567533	250	TG
1	14567622	89	CT
1	14567626	4	GT
1	14568045	110	CA
1	14568170	125	CG
1	14568171	1	GC
1	14568198	27	AG
1	14568525	228	CT
1	14568900	375	GT
1	14569224	324	GA
1	14569292	68	GT
1	14569363	71	AG
1	14569366	3	AC
1	14569457	91	AG
1	14569480	23	AG
1	14569501	21	AG
1	14569803	302	CT
1	14569829	26	AG
1	14569955	126	CT
1	14570150	195	CA
1	14570156	6	CT
1	14570159	3	GT
1	14570163	4	CT
1	14570239	76	TC
1	14570246	7	CT
1	14570256	10	CT
1	14570926	670	CT
1	14571696	479	CT
1	14571724	28	TC
1	14572666	396	CT
1	14572814	148	GT
1	14573715	430	CT
1	14573945	230	GC
1	14573989	44	TC
1	14574020	31	TC
1	14574131	111	AG
1	14574211	80	CT
1	14574245	34	CT
1	14574317	72	AG
1	14574460	143	CT
1	14574618	158	TG
1	14575665	420	AG
1	14576002	337	TC
1	14577278	997	GA
1	14577780	502	CT
1	14580749	2271	TC
1	14584776	3471	AC
1	14591204	5546	CA
1	14600396	2900	CT
1	14612927	9342	GA
1	14615793	1831	TC
1	14617006	1213	AG
1	14617330	287	AG
1	14617702	343	GA
1	14617718	16	GA
1	14618582	417	AC
1	14618946	297	AG
1	14620326	688	TC
1	14621952	602	TC
1	14622134	182	CT
1	14622263	129	GA
1	14622277	14	GA
1	14622448	171	CT
1	14622748	300	GC
1	14622978	230	GT
1	14623215	215	CT
1	14623246	31	GC
1	14623674	22	TA
1	14623780	106	CT
1	14623792	12	AG
1	14623825	33	CA
1	14623827	2	CT
1	14623989	162	CA
1	14624115	126	CT
1	14624121	6	AG
1	14624131	10	TC
1	14624174	43	CA
1	14624257	83	TC
1	14624291	34	CT
1	14624323	32	GA
1	14624326	3	CG
1	14624542	216	GA
1	14624744	202	TG
1	14624762	18	TC
1	14624999	237	TA
1	14625897	719	CT
1	14626163	266	CT
1	14626425	262	TC
1	14626694	269	CT
1	14626900	206	TC
1	14627161	261	GT
1	14627254	93	AG
1	14627295	41	CA
1	14627434	66	TC
1	14627644	210	GA
1	14627819	175	AG
1	14627825	6	AG
1	14627920	95	TC
1	14628475	214	TC
1	14628512	37	AG
1	14629142	210	CA
1	14629277	135	GA
1	14629287	10	CT
1	14629307	20	TC
1	14632104	581	GA
1	14632273	169	CT
1	14633085	580	TA
1	14633534	449	TG
1	14633849	315	AG
1	14633898	49	TC
1	14635349	534	TC
1	14636243	520	GT
1	14638069	1248	TC
1	14638853	784	GA
1	14639716	580	CT
1	14639886	170	GC
1	14641103	1020	CT
1	14641211	108	GA
1	14641380	169	GA
1	14642567	809	AG
1	14643132	565	CA
1	14646118	1302	GA
1	14650645	2946	GA
1	14652911	2162	AG
1	14658059	3883	GA
1	14670891	8216	AC
1	14671159	268	GA
1	14676905	4486	GA
1	14678870	1930	TC
1	14679094	224	TC
1	14697126	13234	GA
1	14697959	521	CA
1	14700339	1170	GT
1	14705113	3264	CT
1	14709738	2860	GA
1	14710337	599	AC
1	14712362	1696	TA
1	14718611	4875	GC
1	14729526	8076	CT
1	14738075	6809	TG
1	14743869	2892	AC
1	14744108	239	GC
1	14750301	4764	GT
1	14754176	3457	TC
1	14757020	1803	CG
1	14758333	1055	CT
1	14758341	8	GA
1	14764476	4739	CT
1	14766622	1418	CT
1	14777466	4730	CT
1	14784550	5401	TC
1	14786335	1785	TG
1	14790400	3363	GA
1	14791714	909	GT
1	14797959	3690	CT
1	14798457	498	CT
1	14800360	1776	CT
1	14808955	4472	GC
1	14812944	3944	TC
1	14813882	938	TC
1	14815706	1318	AG
1	14817064	1358	GC
1	14819319	2255	CA
1	14820939	1620	TC
1	14825052	1778	CT
1	14829043	2605	TC
1	14830132	745	TC
1	14831476	1223	CG
1	14833307	1792	GA
1	14833308	1	GA
1	14834001	693	AG
1	14834113	112	CG
1	14834281	168	CG
1	14834715	434	TC
1	14835308	593	AG
1	14835375	67	GC
1	14835655	280	GA
1	14835684	29	TC
1	14835716	32	GA
1	14835792	76	TG
1	14835835	43	AG
1	14837608	1295	CG
1	14839299	1354	TG
1	14839507	208	CT
1	14840024	517	CT
1	14840289	193	CA
1	14842882	1641	TC
1	14847605	2207	TC
1	14854112	3370	AG
1	14854315	203	GC
1	14855010	352	TC
1	14855069	59	TC
1	14855250	181	GA
1	14855373	123	TG
1	14855448	75	AG
1	14857898	510	GA
1	14858916	64	TC
1	14866621	2706	TG
1	14867046	425	CT
1	14867597	551	TC
1	14867708	111	GA
1	14869258	419	GA
1	14869333	75	TC
1	14869357	24	AC
1	14869926	501	GT
1	14870055	129	AG
1	14870322	267	GA
1	14870323	1	AT
1	14870551	228	TC
1	14870734	183	GA
1	14870752	18	CG
1	14870786	34	GA
1	14870794	8	AG
1	14870953	159	CG
1	14870954	1	GC
1	14871069	115	TC
1	14871073	4	GT
1	14871339	266	TG
1	14871477	138	GA
1	14872037	560	GC
1	14872067	30	CT
1	14872792	684	TC
1	14875251	821	GC
1	14875486	235	CA
1	14875679	193	GA
1	14876283	286	AG
1	14878323	1752	TC
1	14878835	512	GT
1	14878916	81	AG
1	14879615	199	GA
1	14880688	1021	GA
1	14881054	366	GA
1	14881561	208	GA
1	14883443	1392	AG
1	14883509	66	AG
1	14883834	178	TG
1	14884193	359	TC
1	14884227	34	CT
1	14884557	330	TA
1	14884579	22	GC
1	14884776	197	TC
1	14887335	2559	GA
1	14889754	2195	GA
1	14889851	97	AG
1	14890999	599	CA
1	14891443	444	GA
1	14891444	1	TC
1	14892908	1403	CT
1	14893155	247	AG
1	14894092	408	CT
1	14894205	113	CT
1	14894242	37	CT
1	14894269	27	GC
1	14894411	142	CT
1	14896013	1539	CT
1	14896066	53	TC
1	14896261	37	CG
1	14896290	29	CT
1	14896721	431	TC
1	14897766	999	GT
1	14897877	111	TC
1	14898443	78	CA
1	14900178	1362	GA
1	14904679	3257	GA
1	14907315	1423	TC
1	14908382	907	TA
1	14908397	15	GA
1	14908435	38	TC
1	14908716	281	AG
1	14908787	71	AG
1	14909068	202	AG
1	14909088	20	GA
1	14909287	199	CT
1	14909327	40	TC
1	14909779	387	GT
1	14909965	186	GA
1	14910508	543	GC
1	14910642	134	TC
1	14910773	131	GA
1	14911273	500	GA
1	14911350	77	CT
1	14911364	14	TC
1	14911689	325	CT
1	14911779	90	CT
1	14911894	115	TG
1	14911905	11	GA
1	14912016	111	AT
1	14912022	6	TC
1	14912036	14	AG
1	14912107	71	CT
1	14912276	169	TC
1	14912305	29	AC
1	14912667	362	CA
1	14912671	4	TC
1	14912672	1	GA
1	14913795	829	GC
1	14914337	248	TC
1	14914426	89	GT
1	14914659	233	CA
1	14917796	2186	GA
1	14917859	63	GT
1	14919106	1058	GA
1	14920277	770	AG
1	14921227	414	GA
1	14922369	1072	GA
1	14922730	245	GA
1	14922731	1	GT
1	14922918	187	GA
1	14922921	3	TG
1	14923058	137	GC
1	14923242	184	AG
1	14923539	297	TC
1	14923903	223	GA
1	14924242	166	GA
1	14925860	1557	GA
1	14926296	436	TG
1	14927068	748	GA
1	14927812	548	AG
1	14928096	284	CG
1	14929230	906	TC
1	14929990	760	GA
1	14930250	260	GA
1	14930785	112	GA
1	14930791	6	CA
1	14930843	52	AC
1	14930918	75	CT
1	14930943	25	TC
1	14930967	24	AG
1	14931004	37	GA
1	14931503	53	CG
1	14931559	56	AG
1	14931577	18	AG
1	14931676	99	CT
1	14932830	841	CT
1	14933303	473	AG
1	14933404	101	AG
1	14934659	844	GA
1	14934941	282	AT
1	14935345	404	CT
1	14935447	102	GA
1	14935787	296	GT
1	14936488	188	CT
1	14937057	389	CT
1	14937773	716	CT
1	14937774	1	GA
1	14937888	114	GA
1	14938967	500	GA
1	14939599	334	TC
1	14939634	35	AG
1	14939695	61	GT
1	14940294	599	TC
1	14940357	63	TC
1	14941319	668	TC
1	14941423	104	AG
1	14941605	182	GC
1	14941651	46	CA
1	14941670	19	TC
1	14941696	26	GA
1	14941706	10	TC
1	14941707	1	GA
1	14942579	537	TG
1	14943025	446	CT
1	14943054	29	GA
1	14943088	34	CT
1	14943200	112	GC
1	14943326	126	GA
1	14943335	9	AG
1	14943408	73	GA
1	14943412	4	TC
1	14943639	227	TC
1	14944885	662	CG
1	14944903	18	TG
1	14944922	19	CG
1	14945004	82	GT
1	14945097	93	AG
1	14945165	68	TG
1	14945222	57	TC
1	14945334	76	GA
1	14945349	15	CT
1	14946192	93	CG
1	14946917	57	AG
1	14946930	13	CT
1	14947086	126	TC
1	14947368	187	GA
1	14948550	432	TC
1	14949983	1144	CT
1	14950292	309	TC
1	14950503	99	TC
1	14950677	174	TC
1	14952659	1251	AC
1	14952689	30	TA
1	14954141	728	AG
1	14954389	248	CT
1	14955093	682	GA
1	14969454	8440	AG
1	14989458	17270	GA
1	14994411	4150	CT
1	14994833	422	TC
1	14996013	1180	AG
1	14996531	518	AG
1	14997010	479	CT
1	14997230	220	CA
1	14997331	101	CT
1	14997907	576	AG
1	14998156	249	TC
1	14998297	141	GT
1	15000024	24	TG
1	15000051	27	GT
1	15000717	608	TC
1	15001037	320	CA
1	15001356	114	GA
1	15001401	45	CT
1	15001501	100	CT
1	15002864	1363	AT
1	15004474	1610	GC
1	15004678	80	CT
1	15004988	310	GT
1	15005058	70	CT
1	15005062	4	TC
1	15005152	90	GA
1	15005214	62	TC
1	15005269	55	GT
1	15005482	176	GT
1	15005485	3	TC
1	15006249	764	CA
1	15007130	468	CT
1	15010116	2211	AC
1	15010292	176	AG
1	15010789	497	AC
1	15010836	47	GT
1	15010983	147	TC
1	15011078	95	GT
1	15015546	2916	GA
1	15016668	800	GA
1	15017184	516	CT
1	15017466	282	GT
1	15017472	6	GA
1	15022334	4153	TC
1	15043200	17207	GT
1	15043201	1	CT
1	15056472	9802	CT
1	15066611	9158	GC
1	15066669	58	CT
1	15067576	422	AG
1	15068916	675	TC
1	15069100	184	GT
1	15069884	572	GA
1	15070056	172	GC
1	15070168	112	CT
1	15071347	768	GC
1	15074383	1082	GC
1	15074426	43	CT
1	15075319	651	GA
1	15080468	1427	CT
1	15080561	93	CT
1	15080665	104	CA
1	15081127	399	GA
1	15081136	9	CT
1	15081201	65	TC
1	15081227	26	AG
1	15081263	36	CT
1	15081277	14	TC
1	15081881	279	CT
1	15081900	19	GC
1	15082118	81	AG
1	15082240	122	CA
1	15082795	555	TC
1	15082836	41	AG
1	15082972	136	GA
1	15083295	323	TC
1	15083316	21	TC
1	15084137	821	CG
1	15085252	1006	GA
1	15086134	31	CG
1	15086135	1	GC
1	15086151	16	TG
1	15086602	76	TC
1	15086603	1	GA
1	15086817	214	AG
1	15086840	23	TC
1	15087008	168	TC
1	15087982	920	GA
1	15088230	127	GA
1	15088453	223	CT
1	15089020	567	TC
1	15089352	197	AG
1	15093728	3977	GA
1	15093859	131	CT
1	15109004	8897	CG
1	15109030	26	GC
1	15109399	369	GA
1	15109571	172	CT
1	15109765	194	CT
1	15109769	4	GA
1	15110263	494	CT
1	15110324	61	GA
1	15111149	198	CT
1	15111279	130	GA
1	15111606	233	GA
1	15112687	1051	GA
1	15114579	1236	GA
1	15114734	155	AG
1	15115936	67	TC
1	15116329	334	TA
1	15116340	11	TC
1	15116690	350	AG
1	15116709	19	GA
1	15116839	130	TC
1	15117064	99	TG
1	15117273	209	AG
1	15117277	4	TC
1	15117692	127	AG
1	15118430	738	CT
1	15119583	864	CA
1	15119859	178	TA
1	15120072	178	CT
1	15120449	253	TA
1	15120991	542	CT
1	15121015	24	CG
1	15121967	750	AT
1	15122105	138	CG
1	15122164	59	CT
1	15122337	173	CT
1	15122670	208	CT
1	15122736	66	AG
1	15123175	237	GA
1	15123250	75	CT
1	15123573	248	CT
1	15131913	7864	AC
1	15137168	4911	AG
1	15141039	3358	CT
1	15141111	72	CT
1	15141562	451	GA
1	15142266	704	GA
1	15144981	2346	GA
1	15144986	5	GA
1	15146617	923	AG
1	15147713	563	GT
1	15153328	4073	AG
1	15153519	191	GA
1	15154577	744	GA
1	15155167	590	CT
1	15155375	208	AG
1	15155458	83	AG
1	15155896	384	GA
1	15156949	777	CT
1	15157061	112	AG
1	15157554	493	AG
1	15157877	323	CT
1	15158637	626	AG
1	15159334	697	CG
1	15160648	1063	GA
1	15160724	76	TC
1	15161920	1002	AG
1	15163398	1118	AG
1	15163965	540	GA
1	15164603	368	TG
1	15165030	325	TG
1	15165044	14	TC
1	15165064	20	AG
1	15167297	1036	GT
1	15167639	320	CT
1	15169307	1525	GT
1	15169664	357	AC
1	15170953	1142	CA
1	15172136	1026	AG
1	15172141	5	AT
1	15173023	552	CT
1	15173246	223	GA
1	15173250	4	CT
1	15173293	43	TC
1	15173490	197	CT
1	15173861	371	GC
1	15173873	12	GA
1	15176057	1513	CT
1	15176127	70	CT
1	15176331	204	CA
1	15176335	4	GA
1	15176520	185	TG
1	15176558	38	GA
1	15176634	76	TA
1	15178386	1054	TC
1	15179736	1090	CT
1	15181707	1438	CG
1	15181732	25	GA
1	15181913	181	GA
1	15181940	27	GA
1	15181989	49	GA
1	15183405	1416	CT
1	15184130	725	GA
1	15184285	155	CT
1	15184523	238	TC
1	15184660	137	GC
1	15185546	799	GA
1	15185765	219	CT
1	15185863	98	TG
1	15185880	17	AG
1	15185910	30	AG
1	15185914	4	GC
1	15186524	53	GA
1	15186760	139	CG
1	15186776	16	AG
1	15186815	39	TC
1	15187956	410	AG
1	15188585	243	GA
1	15188804	80	TC
1	15188842	38	CT
1	15189661	122	GA
1	15189682	21	CT
1	15189811	129	AC
1	15190006	195	TC
1	15190968	962	GA
1	15191172	204	GA
1	15191542	370	TC
1	15191748	206	CT
1	15192594	480	AG
1	15192735	141	TC
1	15192818	83	CT
1	15192975	157	TC
1	15192976	1	GA
1	15193139	163	AG
1	15193669	530	CT
1	15193770	101	CT
1	15193771	1	CG
1	15193952	181	CA
1	15194204	252	GA
1	15194475	271	TC
1	15195136	612	GA
1	15202377	5822	CA
1	15203132	482	CT
1	15203207	75	GA
1	15204847	1330	AG
1	15204878	31	TC
1	15209868	320	GA
1	15209934	66	GA
1	15210385	451	CT
1	15210567	182	GA
1	15210928	361	AG
1	15211612	235	TC
1	15213244	478	AG
1	15213254	10	CA
1	15216611	2102	CA
1	15218424	1591	AC
1	15219719	766	GA
1	15220323	186	GT
1	15220445	122	CT
1	15220844	209	TC
1	15221199	42	CT
1	15221249	50	AT
1	15221371	122	AG
1	15221378	7	TC
1	15221672	294	TC
1	15221799	127	GT
1	15221801	2	CT
1	15221886	85	TC
1	15221957	71	TC
1	15222833	641	TC
1	15222836	3	AG
1	15222970	115	GA
1	15223196	226	CT
1	15223314	118	AC
1	15223709	395	AC
1	15224454	745	GA
1	15224631	177	AG
1	15225032	401	AC
1	15225346	314	GC
1	15225907	490	AG
1	15225909	2	GA
1	15226393	465	CT
1	15226715	322	CT
1	15228250	634	GA
1	15228308	58	AT
1	15228383	75	CT
1	15228387	4	TC
1	15229107	391	GT
1	15230072	497	AG
1	15230629	557	TC
1	15231414	381	TG
1	15231462	48	GT
1	15231745	283	AG
1	15231780	35	CT
1	15231871	91	TC
1	15232449	370	GA
1	15232463	14	GC
1	15232514	51	CG
1	15232566	52	TA
1	15232602	36	GA
1	15232805	203	GA
1	15232847	42	GA
1	15232896	49	AG
1	15232917	21	AG
1	15234123	984	AC
1	15236151	1201	CT
1	15237637	1066	CT
1	15240557	2392	GA
1	15240666	109	TC
1	15240808	142	GA
1	15240822	14	TA
1	15240893	71	AG
1	15241227	334	CT
1	15241401	174	TC
1	15241478	77	TG
1	15241500	22	GT
1	15241558	58	CT
1	15241781	223	TC
1	15241921	140	CA
1	15242263	342	GA
1	15242650	387	CT
1	15242802	152	CG
1	15248220	1765	CA
1	15248277	57	GA
1	15248498	221	TC
1	15248543	45	CT
1	15248557	14	GA
1	15248908	351	GA
1	15248911	3	GA
1	15249020	109	GA
1	15249507	150	GT
1	15249742	235	AT
1	15250393	558	AT
1	15250552	159	AT
1	15252014	1368	AG
1	15252340	326	AG
1	15253155	499	GA
1	15253177	22	AG
1	15254052	875	AC
1	15254184	132	AT
1	15254505	321	GA
1	15254638	133	CG
1	15254784	146	CA
1	15256431	1083	TC
1	15258316	1039	GA
1	15260164	1563	TA
1	15261662	624	AG
1	15261738	76	GA
1	15262056	318	GA
1	15263274	346	AC
1	15263300	26	TC
1	15263362	62	TC
1	15270787	315	AG
1	15271308	521	CT
1	15271825	319	CT
1	15273576	1069	GA
1	15273637	61	AG
1	15274294	505	CT
1	15274599	266	AG
1	15274637	38	GA
1	15274703	66	AG
1	15274817	114	AT
1	15275117	300	CT
1	15277171	2054	AG
1	15277880	692	TG
1	15327681	34861	CT
1	15351554	14352	AG
1	15352564	670	TA
1	15360201	5141	CT
1	15414346	38468	CT
1	15417838	1034	CT
1	15419229	869	CT
1	15419292	63	AG
1	15419652	301	AG
1	15419947	225	AC
1	15422061	1753	AG
1	15422301	156	TA
1	15422395	94	GA
1	15425020	1063	AT
1	15425165	145	TA
1	15426110	808	TC
1	15426721	531	GC
1	15438858	899	TA
1	15440273	567	GA
1	15440498	225	CT
1	15440721	156	GT
1	15440940	219	CT
1	15441282	342	AG
1	15442027	178	TC
1	15442726	283	CT
1	15442885	159	AG
1	15442915	30	GT
1	15443890	975	GA
1	15447153	1819	CG
1	15448081	534	GA
1	15448726	595	AG
1	15448861	135	GT
1	15448910	49	AT
1	15449335	403	AT
1	15450565	518	TC
1	15451815	598	TC
1	15452014	108	AG
1	15452785	471	CT
1	15452863	78	AG
1	15453444	581	GA
1	15453892	366	TG
1	15455156	946	CT
1	15456407	1202	GA
1	15462113	545	AG
1	15463380	1093	CT
1	15466435	1624	AT
1	15468655	1713	CT
1	15472904	3233	AC
1	15479541	1626	CA
1	15481863	1133	TC
1	15483929	1514	CA
1	15485142	945	TC
1	15486683	745	AG
1	15486786	103	GT
1	15486787	1	AG
1	15487166	379	TC
1	15487696	530	GA
1	15489203	798	TA
1	15492855	2296	GA
1	15508342	6793	AG
1	15509683	1045	TG
1	15510622	447	TC
1	15510688	66	CT
1	15510845	157	TC
1	15511649	701	GA
1	15512339	216	CT
1	15513760	527	GT
1	15515171	971	TC
1	15517831	1657	GC
1	15530905	10272	TC
1	15533662	1775	AC
1	15537756	1037	GA
1	15543276	3850	GT
1	15544805	598	GA
1	15546398	1023	TC
1	15546833	293	GC
1	15547015	182	CT
1	15548105	778	GA
1	15548914	726	TG
1	15549222	308	AG
1	15551135	1178	CT
1	15556222	4446	GA
1	15557129	632	TC
1	15557337	208	AG
1	15557421	84	TG
1	15561109	2293	CT
1	15561544	312	GA
1	15561580	36	GA
1	15561863	283	AG
1	15562039	176	AC
1	15564091	1976	CT
1	15564101	10	TC
1	15570363	5461	TC
1	15572574	2040	AG
1	15572703	129	CT
1	15573223	437	AG
1	15575624	1592	AG
1	15576298	674	CT
1	15576718	420	TC
1	15576765	47	AG
1	15579492	1343	CT
1	15581537	1794	CT
1	15582317	780	CT
1	15582802	485	GA
1	15584179	1346	AG
1	15584497	288	GA
1	15585503	961	GA
1	15587112	1609	CT
1	15588235	1123	AG
1	15588464	205	CT
1	15588592	128	CT
1	15593487	4862	GT
1	15593710	223	TC
1	15595320	1325	TC
1	15595799	479	CT
1	15597309	1221	AG
1	15597420	111	CA
1	15597626	206	AG
1	15597801	175	TG
1	15598681	880	AG
1	15598714	33	GT
1	15598726	12	AG
1	15600599	1853	CT
1	15600655	56	CG
1	15600924	241	GA
1	15600959	35	CT
1	15601360	384	CT
1	15601990	630	CT
1	15602038	48	CT
1	15602304	266	AG
1	15602683	379	TC
1	15603266	583	GA
1	15603341	75	CT
1	15603858	517	GA
1	15603931	73	CG
1	15604138	207	CT
1	15604369	231	GA
1	15605008	639	TA
1	15605010	2	GA
1	15605676	666	CT
1	15605950	274	CG
1	15605997	47	CG
1	15606010	13	GT
1	15606289	279	TC
1	15606792	503	GA
1	15607489	655	CA
1	15609049	415	TC
1	15609342	293	GA
1	15609556	214	CT
1	15609800	244	CT
1	15610250	411	GA
1	15610501	251	GT
1	15610518	17	GC
1	15610547	29	GA
1	15610569	22	CT
1	15612089	1503	CT
1	15612126	37	CT
1	15612613	487	TC
1	15613507	730	CG
1	15613878	371	GA
1	15615249	1233	GA
1	15615426	177	CT
1	15615672	246	TC
1	15616482	778	AT
1	15616512	30	CG
1	15617014	502	CT
1	15617157	143	AG
1	15617239	82	GC
1	15617350	111	AG
1	15617507	157	GA
1	15618322	815	GA
1	15618950	415	GA
1	15619415	465	TC
1	15619426	11	TA
1	15619773	347	CT
1	15620126	39	CT
1	15620155	29	CT
1	15620189	34	CT
1	15620388	199	AG
1	15621799	1250	GA
1	15624464	2296	TC
1	15625310	727	AC
1	15625858	548	GT
1	15631094	4268	CG
1	15634105	1737	AG
1	15634972	806	AG
1	15635726	754	AC
1	15635816	90	TA
1	15635904	88	GT
1	15636181	20	AT
1	15640905	3951	CG
1	15643761	2398	AG
1	15665677	13181	CT
1	15689670	20455	GC
1	15689705	35	GA
1	15689872	167	TC
1	15689911	39	TC
1	15690713	802	CT
1	15692197	1484	GA
1	15693096	807	CG
1	15693267	171	TC
1	15693466	199	AG
1	15693858	392	AG
1	15697615	3649	CA
1	15703478	5122	GT
1	15703652	126	AG
1	15703680	28	TC
1	15705000	1320	CT
1	15705173	173	GA
1	15705437	264	AC
1	15719856	2343	GA
1	15719895	39	TG
1	15720021	126	TC
1	15720089	68	CG
1	15721002	913	TC
1	15722266	1264	AG
1	15722671	405	CT
1	15723675	862	CG
1	15723677	2	CT
1	15725131	1424	GA
1	15727479	1705	TC
1	15727502	23	GA
1	15727603	101	CT
1	15728290	687	CT
1	15729841	1551	GA
1	15731431	1590	GA
1	15734321	2397	CT
1	15735149	828	AG
1	15735218	69	CT
1	15735350	132	CT
1	15737431	2052	CA
1	15737933	502	CG
1	15738152	219	TC
1	15738731	579	GT
1	15739235	504	CT
1	15740886	1436	CT
1	15741878	918	CT
1	15744334	1978	GA
1	15746699	2087	CT
1	15747376	398	GA
1	15750995	2329	CT
1	15753090	1515	CT
1	15753887	296	CT
1	15754069	182	CT
1	15756892	965	TC
1	15757674	782	CT
1	15759490	1319	CG
1	15759617	127	CG
1	15762972	2925	GA
1	15763571	599	CT
1	15765726	1485	CT
1	15765948	222	TC
1	15779574	5240	CT
1	15780604	409	GA
1	15781283	679	TC
1	15784257	2496	AT
1	15791612	5356	AG
1	15791851	239	TC
1	15792660	809	TC
1	15797079	3061	CT
1	15799803	2261	GA
1	15809692	4966	TC
1	15813819	895	GT
1	15815436	1332	AC
1	15816516	518	CT
1	15816751	68	AG
1	15817124	373	GA
1	15817644	144	AG
1	15817648	4	CT
1	15817659	11	TC
1	15822860	2384	TG
1	15824963	1070	GA
1	15825716	694	CT
1	15827898	1505	GA
1	15828480	582	CT
1	15829060	580	CA
1	15829166	106	CT
1	15829588	422	GA
1	15830147	559	GA
1	15830967	820	AG
1	15834084	2778	AG
1	15835029	863	AG
1	15835334	305	GT
1	15853069	16760	GC
1	15853399	330	TC
1	15853645	211	GA
1	15862640	8067	AG
1	15862928	288	AG
1	15863163	235	CT
1	15863331	132	TC
1	15863350	19	CG
1	15863402	52	TC
1	15863444	42	CT
1	15863585	92	GA
1	15863908	323	TG
1	15863921	13	AG
1	15864254	132	GC
1	15864805	488	TG
1	15864808	3	GA
1	15865492	402	GA
1	15865510	18	AG
1	15865662	111	CT
1	15866152	490	GA
1	15873344	4141	CA
1	15873466	122	CG
1	15873983	459	GA
1	15874349	273	CT
1	15874559	210	CA
1	15874603	44	CT
1	15874804	201	TG
1	15874854	50	AG
1	15875194	340	CG
1	15875305	62	CT
1	15875398	93	AC
1	15875406	8	TA
1	15875515	109	GA
1	15875967	452	TC
1	15876589	622	TC
1	15876812	223	CT
1	15876947	135	CG
1	15877133	186	TC
1	15877687	554	TC
1	15878397	710	CT
1	15878398	1	AG
1	15878571	173	CG
1	15878814	243	CT
1	15878976	129	GA
1	15879788	743	GA
1	15882123	2165	GA
1	15882666	543	TG
1	15883399	580	GC
1	15885445	573	CT
1	15885615	170	TC
1	15885924	309	CT
1	15886222	298	TG
1	15893241	5087	TC
1	15896036	2667	CA
1	15898791	1646	GT
1	15899736	945	TC
1	15899778	42	TC
1	15899872	94	AG
1	15899890	18	CT
1	15899938	48	TC
1	15900018	80	GA
1	15900063	45	AG
1	15900204	141	CT
1	15900530	326	CT
1	15902510	1844	TC
1	15905061	1149	CT
1	15909681	3133	CG
1	15910460	779	TC
1	15920716	8245	CT
1	15922354	1286	CT
1	15923285	819	CT
1	15923831	447	CT
1	15925151	696	GC
1	15928021	1688	TC
1	15930050	1567	GA
1	15931372	1274	AG
1	15931951	579	GA
1	15932927	818	GA
1	15933080	153	GA
1	15933248	168	CT
1	15933299	51	CT
1	15933502	31	AG
1	15933775	183	CT
1	15935319	1342	CT
1	15935686	367	GA
1	15935752	66	GT
1	15936105	353	CG
1	15936185	80	TC
1	15936556	69	CT
1	15936657	101	GA
1	15936852	195	TC
1	15936948	96	GA
1	15936949	1	AC
1	15937024	75	CT
1	15937471	447	AG
1	15937814	301	AG
1	15938042	228	CT
1	15938225	183	AG
1	15938636	275	TC
1	15938854	193	TA
1	15939824	970	CT
1	15940736	885	GA
1	15941343	454	AG
1	15941588	222	CT
1	15941603	15	AG
1	15942183	580	CT
1	15942494	130	AT
1	15942712	218	CT
1	15942770	58	GA
1	15943369	599	CT
1	15943472	103	CT
1	15943787	120	CT
1	15943789	2	AG
1	15944244	249	CT
1	15944274	30	AG
1	15944328	54	CT
1	15944441	113	TC
1	15944624	183	TC
1	15944656	32	TG
1	15944778	122	AG
1	15944784	6	TG
1	15944793	9	AG
1	15945463	634	TC
1	15945594	32	TC
1	15945649	55	TC
1	15947280	1320	GA
1	15947498	183	AC
1	15947741	243	GC
1	15951350	1490	TC
1	15951368	18	TC
1	15951456	88	AG
1	15951496	40	GA
1	15952732	887	CT
1	15952930	72	AG
1	15953224	294	AC
1	15953233	9	CT
1	15953428	195	GC
1	15953435	7	AG
1	15954171	399	TC
1	15955843	935	TC
1	15955930	87	AG
1	15956638	170	CG
1	15956920	282	CT
1	15958306	1298	CT
1	15958577	271	TC
1	15959129	493	GA
1	15960088	631	GA
1	15962354	982	AG
1	15962662	308	GA
1	15962925	263	CG
1	15963086	161	CA
1	15963518	432	CT
1	15963547	29	TC
1	15963793	246	AC
1	15963837	44	TC
1	15968779	3484	CT
1	15974342	2461	GA
1	15974647	305	CT
1	15975486	839	GA
1	15977262	1563	GA
1	15979787	2004	GA
1	15980266	199	GT
1	15980853	587	AG
1	15982021	307	AG
1	15982061	40	AT
1	15982410	349	AG
1	15985807	2932	CT
1	15990071	1662	GA
1	15990411	340	CT
1	15992948	1959	CT
1	15993513	526	GT
1	15994906	893	GA
1	15995055	149	GA
1	15995452	368	CT
1	15995591	139	TC
1	15998738	1339	TG
1	15999045	307	CT
1	15999050	5	CG
1	15999079	29	CA
1	15999783	629	AG
1	15999851	68	TC
1	16000333	404	CT
1	16000730	397	GA
1	16000799	69	CT
1	16001520	636	TC
1	16001525	5	AG
1	16002475	473	GA
1	16002787	312	GA
1	16003015	228	GA
1	16003782	726	TA
1	16003868	86	AT
1	16003921	53	CT
1	16004046	17	GT
1	16004061	15	TG
1	16004083	22	CT
1	16004301	91	AG
1	16006059	907	TC
1	16006648	589	GC
1	16006939	291	AG
1	16007468	313	GA
1	16007866	292	CG
1	16008054	112	CT
1	16008100	46	CT
1	16008705	400	GA
1	16009581	612	CA
1	16010057	438	CG
1	16012301	2137	CT
1	16012402	101	TG
1	16014736	1655	AG
1	16014797	61	GC
1	16014874	77	AG
1	16014887	13	GA
1	16015188	301	AC
1	16015225	37	AG
1	16015524	299	GA
1	16015674	150	GA
1	16015682	8	AG
1	16016038	356	GC
1	16016426	347	AG
1	16016969	447	GC
1	16018465	1496	CG
1	16018862	397	GA
1	16021894	1729	TC
1	16024245	1865	AG
1	16043118	13739	CT
1	16043928	570	CT
1	16043932	4	CA
1	16044094	162	GC
1	16044214	120	TC
1	16044285	71	AG
1	16044354	69	AG
1	16044467	113	GA
1	16044848	233	CT
1	16045658	564	CA
1	16045885	227	TC
1	16045886	1	GA
1	16045904	18	CA
1	16046000	96	AG
1	16046093	93	TC
1	16046443	298	CT
1	16046489	46	AT
1	16046496	7	CT
1	16046557	61	TG
1	16046898	341	CG
1	16046962	64	GA
1	16047297	271	CG
1	16047341	44	GT
1	16047495	154	GT
1	16047532	37	GT
1	16047760	228	AG
1	16047843	83	GA
1	16047904	61	GA
1	16047918	14	TC
1	16047943	25	CT
1	16048042	99	CT
1	16048044	2	TC
1	16048175	131	CG
1	16048384	209	GC
1	16048387	3	CG
1	16048404	17	AG
1	16048425	21	AC
1	16048583	158	AG
1	16048674	91	TC
1	16048678	4	GA
1	16048704	26	GC
1	16049298	160	AG
1	16049914	616	TC
1	16050665	309	TC
1	16053795	2792	TC
1	16054420	625	GA
1	16055108	688	AG
1	16056077	569	AG
1	16056498	421	CG
1	16056530	32	AG
1	16056651	121	AG
1	16058185	983	GA
1	16058621	436	GA
1	16059522	901	GC
1	16060536	296	CT
1	16060537	1	TC
1	16061526	799	AT
1	16062520	399	TC
1	16063292	358	TC
1	16063294	2	AG
1	16076415	9972	GA
1	16079871	2936	CA
1	16086505	5760	TG
1	16092376	4335	GA
1	16094777	2288	GA
1	16094921	144	GA
1	16094974	53	GA
1	16095788	814	TC
1	16097142	917	TC
1	16097371	229	AG
1	16099494	1893	AG
1	16101518	2024	CA
1	16102030	375	TC
1	16110393	4586	GA
1	16111148	714	TG
1	16112730	1055	CT
1	16115480	2256	CT
1	16116618	887	GT
1	16168228	38815	GA
1	16186213	12178	GC
1	16195158	7948	TC
1	16197255	2076	CT
1	16201722	4467	AT
1	16215259	11766	CT
1	16257814	31387	GT
1	16258985	695	CT
1	16271490	9739	CT
1	16308801	25547	GA
1	16343570	18236	CT
1	16344572	338	GA
1	16387238	17980	AG
1	16427892	22413	AG
1	16431463	2086	AT
1	16434288	2012	GA
1	16446842	6507	GA
1	16455688	3366	CA
1	16475782	12532	GA
1	16477564	998	GT
1	16480656	1299	AC
1	16481122	445	GA
1	16482301	849	GA
1	16483468	632	CG
1	16484670	1202	AG
1	16485236	522	GT
1	16485971	585	GA
1	16486256	285	GA
1	16487051	777	CT
1	16487128	77	GA
1	16487211	83	TC
1	16487371	160	GA
1	16492828	3110	CA
1	16493127	299	TC
1	16493397	270	GA
1	16493425	28	CT
1	16494376	646	TA
1	16494500	124	TC
1	16494584	84	CT
1	16494677	93	AG
1	16494818	141	AG
1	16494853	35	GA
1	16494974	121	TA
1	16495103	129	CT
1	16495192	89	CT
1	16495248	56	TC
1	16500864	1299	TC
1	16501783	574	CT
1	16502333	203	CT
1	16502501	168	AG
1	16503492	287	TA
1	16503692	200	CA
1	16503827	135	CA
1	16503935	108	AG
1	16504054	119	TC
1	16507964	3910	GA
1	16508472	486	CT
1	16509828	926	TC
1	16510468	640	CG
1	16511642	260	AG
1	16513275	1535	GA
1	16513305	30	GT
1	16513333	28	GA
1	16513966	576	CT
1	16514283	256	TC
1	16515481	458	AG
1	16523455	5839	CG
1	16526440	1373	TC
1	16527131	85	CT
1	16527181	50	TC
1	16530259	808	CT
1	16530318	59	GA
1	16530320	2	TC
1	16530459	139	AC
1	16530478	19	AC
1	16530605	127	CT
1	16530923	87	CG
1	16531943	463	GC
1	16532096	153	AT
1	16532235	50	AG
1	16532921	686	CT
1	16535341	1154	AG
1	16536490	304	AG
1	16536563	73	GA
1	16537322	453	CT
1	16537465	96	CT
1	16539115	161	AG
1	16539220	105	AT
1	16539414	194	CG
1	16539869	455	CA
1	16539913	44	AC
1	16540107	194	TC
1	16541294	522	AG
1	16541449	108	CT
1	16541499	50	GC
1	16542053	554	CT
1	16542107	54	GA
1	16542156	49	AG
1	16542255	99	GA
1	16542320	65	TA
1	16542434	114	TC
1	16542926	492	CT
1	16544034	1091	AG
1	16545094	215	GA
1	16545120	26	TC
1	16545135	15	CA
1	16545843	75	GT
1	16545997	154	TA
1	16546483	208	TC
1	16548477	1139	GC
1	16549823	614	CT
1	16554153	1071	GA
1	16555109	956	CT
1	16555683	301	TC
1	16555962	279	AC
1	16556472	510	AG
1	16556709	237	TC
1	16557062	353	TC
1	16557279	217	GA
1	16575974	9871	GA
1	16575978	4	GT
1	16577970	1121	AT
1	16578881	504	TC
1	16578922	41	CT
1	16579103	181	GA
1	16579162	59	GC
1	16579176	14	TC
1	16579408	83	TC
1	16581612	321	CT
1	16585726	787	AG
1	16586467	489	CG
1	16586880	413	AT
1	16586909	29	CG
1	16586913	4	CG
1	16586933	20	CT
1	16586967	34	CT
1	16587025	58	CT
1	16587026	1	AT
1	16587693	267	AG
1	16588102	409	CT
1	16589005	867	AG
1	16589555	550	GT
1	16589607	52	TC
1	16589664	57	CT
1	16589976	312	CG
1	16590113	137	GA
1	16590228	115	TC
1	16590245	17	TC
1	16590247	2	TA
1	16590298	51	CA
1	16590878	297	AG
1	16595232	2081	CT
1	16596319	791	GA
1	16598660	960	GA
1	16600983	1593	CT
1	16602185	477	TA
1	16603181	996	CT
1	16610463	4000	GA
1	16612904	1314	TC
1	16615410	659	AT
1	16621782	5279	AG
1	16622708	926	AT
1	16622943	235	CA
1	16625398	714	AC
1	16626499	427	TA
1	16628412	660	AG
1	16628489	77	CT
1	16629248	398	CT
1	16629289	41	GA
1	16630906	993	GA
1	16631120	214	AG
1	16634561	1227	GA
1	16635648	648	AG
1	16637572	1789	TA
1	16638095	523	TC
1	16638117	22	CT
1	16638731	525	GA
1	16642207	1299	GA
1	16642282	75	CA
1	16643259	925	TA
1	16643398	139	GA
1	16643823	298	AG
1	16644254	431	GT
1	16644276	22	CT
1	16646293	1769	CA
1	16646654	361	CT
1	16646865	123	CT
1	16646984	119	TC
1	16647229	245	AG
1	16647925	363	CG
1	16649185	568	TA
1	16649321	136	AG
1	16649717	396	GA
1	16649832	115	AG
1	16652447	818	AC
1	16653543	861	GA
1	16654431	152	CT
1	16654772	341	GA
1	16656202	853	AC
1	16656348	146	AG
1	16656640	292	TC
1	16656842	202	GA
1	16658087	529	AG
1	16658586	499	GT
1	16659940	1054	CT
1	16660802	528	CT
1	16662381	937	AG
1	16662997	595	GA
1	16663596	599	GA
1	16665307	1440	TA
1	16667395	1104	GT
1	16667396	1	GT
1	16671243	2708	AG
1	16674375	2817	AT
1	16675041	382	TG
1	16677111	2070	AG
1	16678194	674	CG
1	16679170	924	GC
1	16680307	355	GA
1	16680968	661	TC
1	16681973	685	GC
1	16690092	440	GT
1	16693523	2337	GA
1	16693641	118	GA
1	16693693	52	GA
1	16693831	138	GA
1	16694509	678	CG
1	16695300	791	AG
1	16696251	370	GC
1	16696388	137	CA
1	16696709	180	GA
1	16696717	8	TC
1	16697013	296	CT
1	16697802	789	CT
1	16698599	797	CT
1	16699136	252	TC
1	16699289	113	AT
1	16699353	64	GA
1	16699436	83	GA
1	16699951	515	AG
1	16700208	257	GA
1	16700565	357	TC
1	16700948	383	CT
1	16700953	5	TC
1	16702298	960	CT
1	16702305	7	CT
1	16702324	19	GC
1	16702467	143	GA
1	16702487	20	GC
1	16704052	642	AT
1	16704432	380	AT
1	16704461	29	AG
1	16704499	38	AG
1	16705076	378	CT
1	16705279	203	TA
1	16706727	458	AG
1	16708045	377	CG
1	16708083	38	TC
1	16709392	486	GA
1	16709545	153	CT
1	16709955	159	TC
1	16711110	110	CA
1	16711519	367	CT
1	16712197	295	CT
1	16712266	69	GA
1	16712904	638	GA
1	16714870	1776	CT
1	16718645	2443	GA
1	16719988	1343	TC
1	16720229	241	GA
1	16722521	1652	AG
1	16722788	232	AG
1	16726528	1815	CT
1	16728104	1230	AG
1	16728661	195	TG
1	16728841	180	GA
1	16729263	386	CT
1	16729271	8	TC
1	16738812	3090	GA
1	16740598	1039	AG
1	16740695	97	CT
1	16741454	515	GA
1	16741505	51	GT
1	16741584	79	AT
1	16745935	2048	AG
1	16746086	151	GC
1	16747841	1627	CG
1	16748172	331	GA
1	16748178	6	GA
1	16749890	134	TC
1	16759104	435	TC
1	16759265	161	GA
1	16759446	181	TG
1	16759808	283	CT
1	16760000	192	AG
1	16760205	205	AG
1	16760361	156	GA
1	16761473	497	GC
1	16761538	65	GA
1	16761567	29	CG
1	16761599	32	AG
1	16761610	11	CT
1	16761623	13	CT
1	16761626	3	CT
1	16761661	35	AT
1	16761730	69	CT
1	16762350	154	TG
1	16762707	302	TC
1	16762756	49	GC
1	16762925	169	AG
1	16762946	21	CG
1	16763729	629	AC
1	16764048	319	AG
1	16764555	507	AG
1	16764784	229	AG
1	16770504	4149	AT
1	16770796	292	GA
1	16770930	134	AG
1	16771916	706	GA
1	16772078	162	GT
1	16773239	999	CT
1	16776068	1652	TC
1	16776126	58	GA
1	16778288	2162	GA
1	16779076	788	AG
1	16789282	5227	AG
1	16789818	508	GA
1	16797808	2039	TA
1	16801691	1397	AG
1	16803864	1539	AT
1	16805377	1490	GT
1	16806119	719	GT
1	16810833	2731	AG
1	16811273	353	CT
1	16811305	32	AG
1	16824109	7828	AG
1	16901796	34744	TC
1	16908794	4160	TA
1	16919876	8688	GA
1	16948827	19345	TC
1	16950804	1608	TG
1	16960728	7483	GA
1	16977286	10557	TC
1	16978130	844	GA
1	16986535	6425	TC
1	16987895	1360	GC
1	16987938	43	AG
1	16997801	7414	AG
1	16999154	1353	CT
1	17000040	835	CT
1	17000814	774	GT
1	17001034	220	GA
1	17002077	199	TG
1	17006511	1443	CT
1	17006612	101	TC
1	17008027	1174	GA
1	17008388	361	CT
1	17009200	675	CT
1	17009236	36	GA
1	17009955	719	AG
1	17010157	202	TG
1	17012268	990	TC
1	17013312	666	TA
1	17013825	513	TG
1	17013952	127	AG
1	17020875	1163	CG
1	17021122	178	AG
1	17021315	193	CG
1	17021971	656	CG
1	17022611	498	GC
1	17023337	443	CT
1	17023451	114	GA
1	17023512	61	GA
1	17027984	3638	CG
1	17028617	633	GA
1	17028743	126	CT
1	17029838	1095	CT
1	17030958	933	GA
1	17031382	424	GT
1	17031734	352	TC
1	17032083	313	TG
1	17032268	185	TA
1	17032398	130	GA
1	17032601	203	GA
1	17032679	78	GA
1	17032694	15	CT
1	17032947	253	AG
1	17032966	19	TC
1	17035043	1974	GA
1	17100462	51742	GA
1	17105281	4756	AG
1	17116468	8433	GA
1	17116872	404	AC
1	17116900	28	AG
1	17117991	556	GA
1	17118062	71	AG
1	17118119	57	CT
1	17118391	272	AG
1	17118631	240	TC
1	17118968	337	CA
1	17119022	54	TC
1	17119269	247	TC
1	17119346	77	AG
1	17119428	82	GA
1	17119574	146	GA
1	17119630	56	TC
1	17119888	258	AT
1	17119987	99	CT
1	17120042	55	CT
1	17120197	155	AT
1	17120544	347	GA
1	17120627	83	GA
1	17120680	53	GA
1	17121729	734	AG
1	17121851	122	CT
1	17122194	286	GA
1	17124298	1622	GC
1	17127708	2750	TA
1	17139723	10322	TG
1	17140695	972	TC
1	17140940	245	CT
1	17145953	4337	AG
1	17149400	2000	AG
1	17160548	7358	GA
1	17161169	621	GA
1	17164777	3245	AC
1	17165707	898	CT
1	17170086	4191	AG
1	17172452	2299	TC
1	17173620	629	CT
1	17174736	1024	CT
1	17175097	344	TG
1	17176359	732	CT
1	17176403	44	AG
1	17176550	147	CT
1	17176836	253	GC
1	17176884	48	GC
1	17176901	17	CT
1	17177002	101	AG
1	17177003	1	CT
1	17177018	15	GA
1	17177036	18	AG
1	17177053	17	GA
1	17177297	244	AG
1	17177335	38	GA
1	17177433	98	CT
1	17177584	151	AG
1	17177600	16	AC
1	17177747	147	GA
1	17178276	529	TA
1	17178300	24	AG
1	17178302	2	CT
1	17178517	215	GA
1	17178518	1	AG
1	17179318	303	AC
1	17179781	463	GA
1	17180229	448	AG
1	17180903	674	TG
1	17181009	106	CG
1	17181499	490	AG
1	17181770	271	TA
1	17181873	103	TC
1	17182227	354	GA
1	17182232	5	AG
1	17183714	1208	CT
1	17184867	1028	GA
1	17185107	174	GA
1	17185553	332	AG
1	17187156	1150	CT
1	17187580	424	GC
1	17187877	297	AC
1	17187994	117	GA
1	17188168	174	CT
1	17188182	14	AG
1	17188301	119	GA
1	17188307	6	CT
1	17200136	10533	GA
1	17201086	950	TC
1	17203172	1660	AG
1	17203450	278	GA
1	17204508	1058	CT
1	17204652	144	AG
1	17205154	188	GC
1	17205369	215	GA
1	17205490	121	GA
1	17205663	173	GA
1	17206562	820	AG
1	17206677	115	GA
1	17206792	115	CT
1	17206946	154	CT
1	17207583	637	GA
1	17207708	125	AG
1	17207754	46	CT
1	17207861	38	GA
1	17208051	190	AG
1	17208052	1	TG
1	17208269	217	CT
1	17208595	326	GA
1	17208858	263	CT
1	17209548	654	TG
1	17209557	9	TC
1	17209699	142	CG
1	17210026	290	AG
1	17210139	113	TC
1	17210690	456	GA
1	17210710	20	TC
1	17210719	9	GC
1	17210953	234	CT
1	17210965	12	CT
1	17211114	149	TC
1	17211273	159	AG
1	17212830	1478	AG
1	17214720	932	CT
1	17214992	232	AG
1	17214993	1	GT
1	17215081	88	CA
1	17215199	118	GA
1	17216000	583	CT
1	17216378	378	GA
1	17216649	271	CT
1	17217762	1065	GA
1	17218587	750	GT
1	17221341	1814	AG
1	17221358	17	AG
1	17221429	71	TG
1	17222325	525	GA
1	17222399	74	GA
1	17222577	178	TC
1	17222638	61	GT
1	17222644	6	AG
1	17223249	605	GA
1	17223384	135	AC
1	17223620	236	TA
1	17224079	148	TC
1	17226543	1991	TC
1	17227653	1110	GA
1	17236115	7794	TC
1	17236287	172	TC
1	17236418	131	TC
1	17236858	411	CT
1	17242691	5568	CT
1	17242994	303	CT
1	17245161	1997	CT
1	17248122	2906	GA
1	17248326	204	CA
1	17253454	5075	GA
1	17258534	4750	GA
1	17261195	2325	AT
1	17261762	567	GA
1	17261897	135	GA
1	17263038	1141	GA
1	17263942	848	CA
1	17265961	1982	CG
1	17267601	1640	GT
1	17269736	1962	GA
1	17269912	176	CT
1	17270209	297	AC
1	17270396	187	AG
1	17270798	402	CT
1	17271077	279	AG
1	17271182	105	GC
1	17271487	305	CG
1	17272119	632	GA
1	17272160	41	GA
1	17272281	121	GA
1	17272306	25	GA
1	17272686	282	CT
1	17273293	182	AG
1	17273351	58	CT
1	17273446	95	AG
1	17273614	168	AG
1	17273751	137	CG
1	17273785	34	AG
1	17274069	284	GA
1	17274280	211	GA
1	17274694	272	AG
1	17275008	188	CT
1	17275554	501	CT
1	17276048	161	GC
1	17276070	22	CT
1	17276524	159	AC
1	17276571	47	CG
1	17276740	169	TG
1	17276948	208	GA
1	17276993	45	TC
1	17277207	214	GA
1	17277240	33	TC
1	17277286	46	AG
1	17277753	467	GC
1	17278286	145	TC
1	17278301	15	AC
1	17278809	508	CT
1	17278810	1	CG
1	17278833	23	AG
1	17278849	16	CT
1	17278864	15	AG
1	17279179	315	GT
1	17279341	120	AG
1	17279373	32	TC
1	17279431	58	CT
1	17279537	106	AG
1	17279800	263	AC
1	17279923	123	CT
1	17281841	1013	TC
1	17283091	596	AG
1	17287180	1018	CT
1	17287235	55	TC
1	17287260	25	GT
1	17287288	28	AG
1	17287345	57	CG
1	17287577	232	GC
1	17287625	48	TC
1	17287940	103	GA
1	17287998	58	AG
1	17288260	262	AG
1	17288466	206	CT
1	17288686	220	CG
1	17289070	384	GT
1	17292983	2174	GA
1	17303543	5644	CG
1	17303609	66	TC
1	17303906	297	GT
1	17303937	31	CT
1	17303952	15	GA
1	17304206	254	GA
1	17304570	364	AC
1	17304828	258	AC
1	17305143	72	GA
1	17306843	722	AG
1	17306916	73	CT
1	17307688	772	GA
1	17309351	1537	CG
1	17309451	100	GA
1	17309483	32	GA
1	17309688	205	GC
1	17310199	470	AT
1	17310394	195	TA
1	17310418	24	TC
1	17310585	167	CT
1	17310607	22	GT
1	17311057	450	GT
1	17311476	419	CT
1	17311489	13	CA
1	17313864	2375	GC
1	17314316	452	GC
1	17314387	71	CT
1	17315951	1425	TC
1	17317303	1322	GA
1	17319636	2078	AG
1	17319653	17	CT
1	17319778	125	TG
1	17320192	414	CG
1	17320551	359	CT
1	17320621	70	CT
1	17322836	2049	GA
1	17322973	137	AC
1	17323090	117	CG
1	17325010	1813	GA
1	17325885	875	TC
1	17325933	48	CT
1	17326282	349	AG
1	17326765	452	GA
1	17326814	49	GA
1	17327895	721	CT
1	17328912	326	TC
1	17329646	247	CT
1	17329696	50	CT
1	17330218	343	GA
1	17331511	1105	GA
1	17332611	1043	CT
1	17333386	775	CG
1	17334053	441	GA
1	17335111	1058	GA
1	17335881	738	GT
1	17337490	1132	TC
1	17337619	129	AT
1	17338607	988	CT
1	17338611	4	AG
1	17338819	208	GT
1	17338852	33	AG
1	17339494	642	TC
1	17344992	5235	TC
1	17349353	3744	TC
1	17355909	2554	CT
1	17359140	2693	TG
1	17361683	2081	TC
1	17367265	3860	GA
1	17368100	243	CA
1	17368749	649	CT
1	17373013	901	CG
1	17373202	189	CT
1	17373297	95	GA
1	17373684	387	GA
1	17373763	79	CG
1	17373854	91	TC
1	17373971	117	AG
1	17374164	193	TC
1	17374181	17	TC
1	17374535	354	GA
1	17374743	208	GA
1	17374752	9	CT
1	17376023	1137	CA
1	17376831	439	AC
1	17377343	104	GA
1	17378670	122	CA
1	17379616	888	TG
1	17382503	2577	GT
1	17382830	273	TC
1	17382960	60	AT
1	17388087	1199	TC
1	17388329	242	GA
1	17388330	1	AG
1	17388772	246	TC
1	17389748	755	GA
1	17390428	384	AC
1	17391065	264	AC
1	17391166	101	AT
1	17391299	133	GA
1	17391389	90	TC
1	17391992	603	AG
1	17392020	28	TC
1	17392408	271	TC
1	17392516	108	AT
1	17392740	224	CT
1	17392808	68	GC
1	17393015	207	TC
1	17394296	1281	CA
1	17400486	4849	TA
1	17400545	59	AC
1	17400646	101	AC
1	17400658	12	AG
1	17411023	3965	TG
1	17416904	3391	TG
1	17417053	149	GA
1	17418533	1239	CG
1	17418588	55	TG
1	17418765	177	TC
1	17419734	606	TG
1	17420069	335	AC
1	17420876	807	AG
1	17421235	359	TC
1	17422389	1154	TG
1	17423159	356	TC
1	17423357	198	CT
1	17423405	48	TC
1	17423654	249	GA
1	17423754	100	GA
1	17424140	386	TC
1	17425735	1188	CG
1	17425888	153	CT
1	17426089	201	GA
1	17426206	117	CG
1	17426351	145	CT
1	17426395	44	AG
1	17426759	364	AG
1	17426789	30	CT
1	17426993	204	TC
1	17427049	56	GA
1	17427080	31	CT
1	17427174	94	TC
1	17427229	55	TC
1	17427272	43	TC
1	17427282	10	CT
1	17427344	62	GA
1	17427366	22	TC
1	17427581	215	GA
1	17428171	516	AG
1	17429862	818	GA
1	17430042	180	GA
1	17430075	33	TC
1	17430090	15	AG
1	17430121	31	GA
1	17430165	44	AG
1	17430202	37	CA
1	17430252	50	AT
1	17430284	32	CT
1	17440435	114	GC
1	17441295	347	CA
1	17441341	46	GA
1	17441720	379	AG
1	17441862	142	TC
1	17442283	421	AG
1	17442288	5	TC
1	17443245	641	CT
1	17443344	99	AG
1	17443416	72	CT
1	17443488	72	TC
1	17445305	1134	CT
1	17446860	930	GA
1	17455196	2157	CT
1	17456409	1213	TA
1	17456490	81	TC
1	17462241	2705	GT
1	17463648	1375	TC
1	17471172	365	GA
1	17488394	6324	GT
1	17489732	679	AG
1	17490392	660	GT
1	17493326	2053	GA
1	17497717	4205	AT
1	17498008	291	GC
1	17500845	1717	GC
1	17505185	2062	TC
1	17507026	1471	TA
1	17508099	744	TC
1	17525143	4244	TC
1	17529083	1281	TA
1	17529963	403	CT
1	17530329	366	CT
1	17531432	547	GC
1	17531546	114	CT
1	17531871	211	AG
1	17532149	278	TG
1	17533828	1679	TC
1	17534107	279	GA
1	17536082	1423	GC
1	17537724	1408	TC
1	17537946	222	GT
1	17538323	265	GA
1	17540955	1591	TA
1	17541321	366	TC
1	17543944	1927	CT
1	17546089	1223	CA
1	17546651	562	AG
1	17547954	658	CA
1	17552279	3100	GA
1	17552436	157	AG
1	17555378	790	CT
1	17555619	241	GA
1	17565442	1903	GA
1	17565623	181	AG
1	17566018	136	CT
1	17566068	50	CT
1	17566110	42	CT
1	17566227	117	AG
1	17567792	286	CG
1	17568227	435	TC
1	17569441	1214	GA
1	17569788	347	AG
1	17570881	568	GA
1	17572227	153	GA
1	17572429	202	GA
1	17572452	23	GA
1	17573090	319	CG
1	17573266	176	GC
1	17573429	163	TC
1	17573447	18	CT
1	17574952	416	CG
1	17575695	389	TC
1	17575766	71	GT
1	17577880	1072	AT
1	17577882	2	TC
1	17579202	915	GA
1	17579775	573	TA
1	17579794	19	AG
1	17584664	1590	TC
1	17588676	431	AG
1	17592886	1211	GA
1	17592961	75	GT
1	17601493	4023	CT
1	17619744	4154	AG
1	17620479	735	TC
1	17621814	686	GA
1	17624560	1542	GA
1	17625818	1258	CT
1	17625847	29	CT
1	17626034	187	CT
1	17626087	53	TC
1	17626628	541	CT
1	17627534	876	AG
1	17627746	212	AG
1	17627763	17	CT
1	17627909	146	CT
1	17628362	453	TC
1	17628545	183	TC
1	17628562	17	AC
1	17628572	10	AC
1	17629687	623	CT
1	17630562	800	AG
1	17630789	148	TC
1	17630864	75	AG
1	17631708	651	TA
1	17632379	671	GC
1	17632975	596	TC
1	17633100	125	CT
1	17633438	338	CG
1	17634120	340	GA
1	17637910	1846	CT
1	17638105	120	GA
1	17646058	1261	GT
1	17646218	160	TC
1	17646972	530	TA
1	17660545	6676	AG
1	17660737	192	AT
1	17669185	1817	TC
1	17671103	833	TA
1	17673331	1259	GA
1	17673574	243	AC
1	17674770	867	TC
1	17676674	969	CT
1	17677854	1180	GA
1	17679827	1872	AG
1	17680366	521	CT
1	17681081	691	AG
1	17683520	1614	TA
1	17683525	5	TA
1	17684036	511	GC
1	17685288	686	CT
1	17685904	579	TA
1	17686907	245	AG
1	17687014	107	CT
1	17687105	91	AG
1	17687872	508	TC
1	17688008	94	CA
1	17688683	321	TC
1	17688845	162	GA
1	17689242	397	CT
1	17689263	21	GA
1	17691345	1643	GA
1	17691546	167	TC
1	17694204	1355	AG
1	17694974	462	GA
1	17695013	39	CG
1	17695493	480	AT
1	17695703	210	AG
1	17695849	109	CT
1	17696230	381	CT
1	17696925	600	TC
1	17698149	454	CT
1	17699106	551	CA
1	17699114	8	AC
1	17699347	213	TC
1	17699389	42	CT
1	17699395	6	GC
1	17699514	54	CG
1	17700427	286	TC
1	17700449	22	CT
1	17700582	133	TC
1	17701118	536	TC
1	17701601	162	GA
1	17701981	380	CT
1	17702388	407	CT
1	17702462	74	AT
1	17702473	11	AG
1	17702597	124	TA
1	17703294	697	TC
1	17703820	526	GT
1	17704109	253	AG
1	17704373	264	AT
1	17704793	347	TC
1	17704836	43	GA
1	17704846	10	TC
1	17706542	913	AG
1	17707025	179	GA
1	17707494	130	AG
1	17707760	104	GA
1	17707871	111	CT
1	17708644	568	AG
1	17710421	1188	CT
1	17712435	575	CT
1	17712797	155	CT
1	17720229	4842	TA
1	17721461	384	CT
1	17722082	621	GC
1	17722084	2	GA
1	17724264	1855	AT
1	17724292	28	CA
1	17724521	212	TC
1	17730373	1947	GA
1	17730385	12	GT
1	17732129	111	GA
1	17733649	960	TA
1	17737260	2997	AC
1	17741692	4349	AG
1	17744725	2791	AG
1	17752210	5137	CA
1	17752297	87	CT
1	17755319	2249	GA
1	17757312	1348	TC
1	17764974	2669	GA
1	17767045	666	AT
1	17767973	406	GA
1	17768879	143	CA
1	17773524	2981	TG
1	17774593	1014	CT
1	17776317	1630	AC
1	17782136	3650	AG
1	17782915	779	AC
1	17784146	1231	TC
1	17784439	293	AC
1	17787249	2303	AC
1	17788844	1169	GC
1	17789900	1056	TC
1	17793561	1977	TC
1	17794690	984	GT
1	17801884	4782	CG
1	17802799	577	TC
1	17805119	1412	TG
1	17808888	577	GA
1	17818909	5523	AG
1	17827687	6304	AT
1	17828710	1023	AG
1	17830188	1410	TC
1	17835012	4411	TC
1	17837533	1657	TC
1	17837818	285	GA
1	17838756	540	TA
1	17838928	172	AG
1	17838991	63	CT
1	17842198	940	AT
1	17844801	660	AT
1	17844947	146	GC
1	17845400	453	GA
1	17845798	398	AC
1	17846364	319	CT
1	17846425	61	GA
1	17846985	269	AT
1	17847567	582	AG
1	17847812	245	TC
1	17847829	17	TA
1	17847975	146	TC
1	17848444	469	AT
1	17848593	149	TC
1	17848740	147	CT
1	17850533	1227	TG
1	17850948	384	CT
1	17853478	1568	CG
1	17855802	1199	AC
1	17856574	471	GA
1	17858550	1858	CA
1	17861604	2504	CT
1	17874533	4972	CT
1	17877154	2088	CT
1	17877309	155	GA
1	17879377	2068	GT
1	17880953	714	AC
1	17883454	1738	CT
1	17883461	7	AG
1	17887177	1912	GA
1	17887521	344	GC
1	17890575	2480	CT
1	17891628	973	CT
1	17892070	442	CA
1	17900624	3723	CT
1	17901079	455	GA
1	17901618	539	AG
1	17904224	1090	GA
1	17908898	1799	GA
1	17910636	1067	GA
1	17912271	1635	GC
1	17915524	2152	TC
1	17923849	1137	AC
1	17926758	1301	AT
1	17927060	302	CT
1	17931429	2715	CT
1	17940936	1810	CG
1	17951126	1981	GA
1	17951737	322	AC
1	17954978	2440	TC
1	17956662	685	GA
1	17957738	1076	CT
1	17958683	945	TC
1	17962282	927	CT
1	17969553	1503	CT
1	17980619	5125	CT
1	17994567	5955	GA
1	18010220	6500	AT
1	18014544	2793	CT
1	18018085	2609	GA
1	18018350	265	AG
1	18022007	3602	CT
1	18028289	4803	AG
1	18031584	978	TC
1	18044284	7077	CT
1	18045674	1390	AG
1	18050164	2415	AG
1	18056414	3719	TG
1	18056976	287	TC
1	18057040	64	AG
1	18058137	1097	AG
1	18059160	996	CT
1	18060030	776	GA
1	18060699	523	AT
1	18062409	865	TG
1	18064841	1357	CG
1	18068371	2338	AC
1	18068372	1	TC
1	18068474	102	GA
1	18069186	541	CT
1	18069204	18	AG
1	18069706	502	CT
1	18070047	341	GA
1	18071695	1207	GA
1	18071883	188	CT
1	18074610	1808	AG
1	18074642	32	GC
1	18077220	1136	GA
1	18080819	1185	GT
1	18080870	51	CG
1	18081012	142	AC
1	18084994	1237	TA
1	18086188	904	CT
1	18087310	852	CG
1	18088589	1279	CT
1	18088605	16	AG
1	18090176	1335	AT
1	18092847	1207	GA
1	18094869	1985	AG
1	18095218	305	AC
1	18095896	678	CT
1	18097428	1057	CA
1	18098329	573	CA
1	18099308	979	TG
1	18099450	142	CT
1	18099666	216	TG
1	18099684	18	GA
1	18101285	1601	GA
1	18102417	926	GA
1	18102718	301	CA
1	18104625	1686	GA
1	18106555	1890	CT
1	18107017	462	TC
1	18107100	83	TA
1	18111772	3599	TC
1	18116319	3359	TC
1	18120800	2265	TC
1	18123956	1232	CG
1	18130024	5139	GA
1	18131684	1258	CG
1	18135174	843	AG
1	18135586	412	AG
1	18135678	92	TC
1	18136206	484	AC
1	18136930	724	CG
1	18144622	1305	CT
1	18144745	123	TG
1	18145052	278	TC
1	18145374	274	TC
1	18145404	30	TC
1	18146218	311	AT
1	18146336	118	GA
1	18146413	77	AT
1	18148201	352	GA
1	18149273	1072	GA
1	18155139	4659	TA
1	18155202	63	GC
1	18157780	2477	CT
1	18163071	3195	CT
1	18164014	475	TC
1	18167437	2200	CG
1	18169189	863	AG
1	18174153	2653	TC
1	18174700	547	AG
1	18178737	1429	GC
1	18179952	1215	GA
1	18180918	219	GT
1	18183721	2015	AG
1	18183843	122	CT
1	18185618	838	GA
1	18190088	1147	TC
1	18191638	683	AG
1	18193247	844	AC
1	18193441	194	GC
1	18196019	870	TC
1	18196890	432	TC
1	18199124	1520	AG
1	18199705	581	AT
1	18200243	538	GA
1	18200397	154	AC
1	18200836	439	CG
1	18201708	510	GA
1	18202309	601	AC
1	18202948	399	GA
1	18203694	698	GA
1	18205670	785	AG
1	18205725	55	TC
1	18206063	79	GC
1	18206100	37	TC
1	18207371	738	CG
1	18207598	227	AG
1	18207729	131	AG
1	18209803	1749	CT
1	18210166	70	AT
1	18210567	110	GA
1	18217325	473	GA
1	18217367	42	AG
1	18217409	42	CT
1	18217472	63	CT
1	18218230	758	GA
1	18220778	1272	TC
1	18221678	304	TC
1	18230412	4437	CG
1	18230895	483	AG
1	18230911	16	GA
1	18232078	1167	AT
1	18232404	326	TA
1	18237547	4098	TA
1	18242463	3050	AG
1	18249891	6913	AG
1	18258356	7075	CG
1	18260070	1714	GA
1	18261138	1068	TC
1	18263995	2269	GC
1	18265096	786	CT
1	18266090	515	GA
1	18268606	2170	CT
1	18269150	544	GC
1	18272776	3360	TA
1	18272897	121	GA
1	18273062	165	TC
1	18273177	115	GA
1	18277927	3526	AT
1	18278385	424	TC
1	18278980	595	CG
1	18282862	3703	CT
1	18283778	916	GA
1	18284958	1125	GA
1	18289820	3537	TG
1	18289961	141	TC
1	18291176	1215	CT
1	18293172	1395	TC
1	18295694	1571	TC
1	18296164	144	GC
1	18296539	249	TC
1	18297577	768	CT
1	18300942	2654	TA
1	18303202	2186	AC
1	18309714	4799	TA
1	18309716	2	CT
1	18312076	1398	CT
1	18313080	630	GA
1	18315480	1443	CA
1	18318076	687	GC
1	18320461	1170	TC
1	18321805	195	CT
1	18322976	864	CT
1	18323141	165	GA
1	18336572	4650	TC
1	18338730	1465	GC
1	18340610	1682	GA
1	18342553	971	TC
1	18343717	1130	TC
1	18344223	454	GA
1	18344466	203	AG
1	18344609	143	AT
1	18346653	447	CT
1	18347653	506	AG
1	18349343	1663	AG
1	18349361	18	AT
1	18349473	112	CA
1	18351255	1475	AG
1	18354439	3042	TC
1	18355180	345	AC
1	18356505	633	GA
1	18356507	2	AG
1	18356978	435	TA
1	18357072	94	GA
1	18359685	2590	AC
1	18360607	772	CA
1	18360842	235	AT
1	18360858	16	AG
1	18360953	95	GA
1	18361227	274	AG
1	18361315	88	GA
1	18362336	498	TG
1	18362341	5	GA
1	18362414	73	GA
1	18362526	112	AT
1	18362660	134	CT
1	18362662	2	AG
1	18362787	125	GT
1	18363419	195	CT
1	18364092	248	AG
1	18364107	15	GA
1	18364146	39	GA
1	18364325	179	AG
1	18367053	907	TA
1	18367158	105	CT
1	18367791	308	CT
1	18368094	303	AG
1	18368114	20	TC
1	18369989	994	GT
1	18370024	35	GT
1	18370147	123	AT
1	18370235	88	CA
1	18371180	945	TC
1	18371268	88	CT
1	18374408	2226	GA
1	18374690	190	AG
1	18374936	246	GA
1	18375294	13	GA
1	18375594	300	GA
1	18375601	7	TC
1	18375846	30	CT
1	18375851	5	GT
1	18375854	3	TA
1	18376943	815	CA
1	18378190	448	AT
1	18379351	567	GT
1	18379373	22	AG
1	18379604	231	GT
1	18380271	459	GA
1	18382753	1715	GA
1	18386343	2381	AC
1	18389528	1893	CT
1	18391121	896	GA
1	18392986	1278	TA
1	18393560	200	CA
1	18393909	349	GC
1	18396263	1112	TG
1	18399540	2420	CA
1	18402655	621	GA
1	18404387	1366	CT
1	18404948	561	CT
1	18406635	1225	TC
1	18406848	213	CT
1	18408189	822	TA
1	18411250	1720	AG
1	18412513	1166	GC
1	18412662	149	TC
1	18412796	134	GC
1	18414567	1359	AG
1	18414620	53	AT
1	18414770	150	AG
1	18414869	99	GA
1	18415194	325	AG
1	18417942	1025	AG
1	18418072	130	AG
1	18419825	1642	AG
1	18419836	11	AG
1	18419963	127	AC
1	18420126	163	TC
1	18420397	218	GA
1	18420588	191	GA
1	18420782	97	AG
1	18425705	1941	AG
1	18426418	713	GT
1	18427286	407	CT
1	18427922	473	GA
1	18428068	146	AT
1	18428719	651	GT
1	18430530	1161	TC
1	18431068	538	GA
1	18431129	61	GT
1	18431661	319	TC
1	18431739	78	AG
1	18432134	395	GT
1	18435679	1750	CT
1	18437865	948	AT
1	18439361	51	TC
1	18440419	712	GA
1	18447475	5248	GT
1	18447609	134	AG
1	18450085	1370	TC
1	18450673	588	TC
1	18450745	72	TC
1	18450960	215	TC
1	18451083	123	AG
1	18454104	1948	GA
1	18454182	78	GC
1	18459240	4460	GA
1	18461785	1336	AG
1	18465199	2515	AG
1	18469164	3129	CT
1	18481813	10335	GA
1	18482297	484	TC
1	18483014	717	GT
1	18503279	14411	AC
1	18505495	1981	AG
1	18510652	4536	TC
1	18514736	3919	GC
1	18517809	2442	GA
1	18518699	564	CT
1	18521856	2892	TA
1	18523909	1544	TC
1	18529701	4193	TC
1	18532567	2631	AG
1	18538663	4974	GC
1	18538919	256	GA
1	18539288	369	AG
1	18543838	2654	GA
1	18556547	5599	GA
1	18560681	2576	TG
1	18564676	1683	AG
1	18585015	9535	TG
1	18585831	438	AG
1	18589165	1093	GA
1	18605467	6136	TC
1	18605620	153	CT
1	18605653	33	CT
1	18605701	48	GA
1	18606002	301	GC
1	18609700	1169	CA
1	18609986	286	TG
1	18611728	562	TC
1	18613023	646	CT
1	18613707	489	GC
1	18615910	1302	CG
1	18620232	815	CT
1	18622595	1710	CT
1	18624467	1017	TG
1	18625749	991	TG
1	18627073	1144	GA
1	18646571	12697	AG
1	18654480	5045	GT
1	18669986	7322	CT
1	18682785	2397	TC
1	18692339	3331	TC
1	18696862	3387	TC
1	18715704	8713	GA
1	18743268	13245	GA
1	18746582	2518	CT
1	18746609	27	AG
1	18747059	166	CG
1	18769447	9324	AT
1	18769742	295	GT
1	18796292	10283	CG
1	18822076	11903	GA
1	18824328	1384	AC
1	18824329	1	CT
1	18826263	1199	AG
1	18828301	1791	GC
1	18830275	1941	AC
1	18830759	266	GA
1	18835641	909	TA
1	18844345	5987	GA
1	18844767	422	CT
1	18852825	7073	GA
1	18854769	1504	GA
1	18859269	3192	TC
1	18865412	2923	GA
1	18886744	9689	CT
1	18905999	7638	TA
1	18923594	6278	AG
1	18923934	340	GT
1	18952754	8457	CT
1	18971461	4993	CA
1	18988580	3289	CT
1	18996519	1852	GA
1	19010295	6177	AT
1	19011276	785	TA
1	19014104	2142	GT
1	19017091	1715	TC
1	19021706	2243	TG
1	19026854	3668	GA
1	19027389	535	GA
1	19027498	109	AT
1	19027593	95	GA
1	19028027	434	TC
1	19028061	34	TC
1	19028182	121	TC
1	19028622	440	TC
1	19028743	121	GA
1	19029069	326	AC
1	19035931	3400	TA
1	19036449	518	TC
1	19037461	1012	GC
1	19038257	265	GA
1	19046826	4930	GA
1	19048823	1154	GT
1	19048870	47	TA
1	19055559	4112	CT
1	19065368	4517	GA
1	19078910	3235	TC
1	19086714	5653	AG
1	19101947	7271	TG
1	19102033	86	GA
1	19102039	6	GA
1	19105177	1653	AT
1	19108747	1253	CT
1	19109854	1079	GC
1	19121323	4869	GC
1	19122516	947	CT
1	19124335	1011	CG
1	19137051	4219	TG
1	19137516	412	CT
1	19140151	1275	GT
1	19143778	2132	GC
1	19149656	4451	TC
1	19153262	1156	GA
1	19154073	811	CA
1	19154255	43	TG
1	19154967	688	CT
1	19155870	779	AG
1	19156268	398	AC
1	19166604	6549	GC
1	19166645	41	GA
1	19171545	3732	GA
1	19177343	4477	AG
1	19178766	346	AG
1	19179344	255	CT
1	19180765	1044	TG
1	19181403	355	GA
1	19182722	1319	TA
1	19185368	1211	CT
1	19186160	792	GC
1	19188248	1202	GA
1	19192180	1503	AT
1	19195542	2849	TA
1	19212546	7693	GA
1	19214440	1596	AG
1	19214502	62	GC
1	19221677	6725	AG
1	19225656	3798	GA
1	19229248	3440	TC
1	19230943	1475	GA
1	19232963	2020	TA
1	19236072	3042	AG
1	19236781	709	GC
1	19237363	582	CT
1	19239763	2335	GA
1	19243856	3137	AG
1	19245043	991	GA
1	19245252	109	CT
1	19253111	5762	CT
1	19253333	222	GC
1	19253337	4	GA
1	19255766	1619	GA
1	19259162	3361	CA
1	19797931	371450	TC
1	19797943	12	CT
1	19798492	549	CT
1	19798493	1	TC
1	19798606	113	TC
1	19798992	386	GT
1	19799118	126	TC
1	19799251	133	AG
1	19800496	535	TC
1	19803843	3179	GA
1	19803860	17	AG
1	19804531	671	CT
1	19804650	119	TC
1	19804651	1	GA
1	19804664	13	AG
1	19805086	422	AG
1	19805298	212	CA
1	19805301	3	AG
1	19805618	317	CT
1	19807269	1651	AG
1	19807552	231	CT
1	19809472	1880	TC
1	19811132	854	CG
1	19811425	293	CG
1	19811456	31	TC
1	19811884	233	AG
1	19816477	3386	GA
1	19818629	2114	CT
1	19818664	35	GT
1	19822817	3016	GA
1	19823128	311	TC
1	19823351	223	AG
1	19823622	271	GA
1	19824567	249	AG
1	19824633	66	AG
1	19824743	110	GA
1	19825295	284	CT
1	19825327	32	CT
1	19825481	154	GC
1	19825576	95	GA
1	19825820	76	TC
1	19825990	170	AG
1	19831351	4222	GA
1	19834206	975	AG
1	19835923	1092	AC
1	19835985	62	TC
1	19838273	2211	AG
1	19838297	24	TG
1	19839015	573	GA
1	19839138	123	GT
1	19840660	1051	GA
1	19844058	2025	AG
1	19845203	1145	TG
1	19845443	240	CG
1	19846624	1181	TC
1	19846635	11	GA
1	19847822	645	TC
1	19847955	133	CT
1	19849732	832	AG
1	19857693	3127	CT
1	19857807	114	CT
1	19857899	92	CG
1	19857940	41	TC
1	19858495	555	CT
1	19858655	160	CT
1	19858904	187	CT
1	19859295	391	TC
1	19859315	20	CT
1	19860072	757	CT
1	19861236	401	AG
1	19861307	71	CT
1	19862167	860	AG
1	19862383	73	GA
1	19863085	702	CT
1	19863286	201	CA
1	19863468	182	TC
1	19864641	930	CG
1	19864999	358	TC
1	19865024	25	CT
1	19865238	214	TC
1	19866446	389	CA
1	19866532	86	TC
1	19866988	214	AG
1	19867286	196	TC
1	19867383	97	TC
1	19867440	57	TC
1	19867545	105	CT
1	19867931	169	GA
1	19868529	598	CT
1	19869444	915	CT
1	19869802	358	AC
1	19870123	321	GA
1	19870287	164	GA
1	19870321	34	GA
1	19870324	3	CT
1	19870333	9	AC
1	19870555	222	TC
1	19870680	125	AG
1	19870694	14	CG
1	19870746	52	CT
1	19870804	58	AG
1	19870967	163	GC
1	19871849	284	GA
1	19872004	155	AG
1	19872094	90	TC
1	19872166	72	TC
1	19872195	29	TC
1	19872392	197	CA
1	19872615	223	AT
1	19875077	2406	GA
1	19880223	3707	CT
1	19880645	422	CT
1	19882478	600	AG
1	19882643	165	GA
1	19884402	1732	CT
1	19885297	731	CT
1	19885610	313	CT
1	19885761	151	CT
1	19885766	5	CT
1	19885786	20	AG
1	19885789	3	CT
1	19886074	285	CT
1	19886704	191	GC
1	19888839	1831	AG
1	19898437	7541	GT
1	19900877	1435	TG
1	19909155	5373	GA
1	19913928	3597	GT
1	19913957	29	TC
1	19914884	927	GA
1	19929009	10295	CT
1	19931542	774	GT
1	19931633	91	AT
1	19932635	1002	CT
1	19932665	30	GT
1	19933141	327	GA
1	19936583	3102	GA
1	19936837	254	CT
1	19938013	1176	GA
1	19938062	49	TC
1	19942386	1550	AG
1	19942795	323	CT
1	19942820	25	GA
1	19943395	575	AG
1	19943664	269	AG
1	19945932	2194	CT
1	19947682	1651	AG
1	19949785	2103	AG
1	19955088	5114	AG
1	19955377	214	CT
1	19956334	908	GA
1	19957192	828	AC
1	19959715	2093	GA
1	19959716	1	AT
1	19960038	322	CT
1	19962620	2495	CT
1	19963130	510	TG
1	19963349	125	GA
1	19965494	2145	TA
1	19976262	10385	GA
1	19976885	623	CT
1	19977520	635	TA
1	19977786	266	GA
1	19978857	793	GA
1	19978974	117	GA
1	19981555	2410	CT
1	19984470	2687	GA
1	19984884	414	AG
1	19985333	346	TC
1	19985678	345	AG
1	19985967	289	AT
1	19986495	528	CG
1	19987815	1320	CG
1	19988604	759	AG
1	19989706	700	TC
1	19989779	73	CT
1	19989862	83	GA
1	19989941	79	TC
1	19989949	8	GA
1	19990495	546	TG
1	19990616	121	AT
1	19990642	26	AG
1	19991131	489	TC
1	19991157	26	CT
1	19991944	753	GA
1	19991978	34	CG
1	19992399	421	AG
1	19992432	33	TG
1	19992440	8	GA
1	19992603	163	CG
1	19992747	144	AG
1	19993928	867	GC
1	19994049	121	TC
1	19994369	320	TC
1	19996341	1817	CT
1	19997027	641	GA
1	19997231	204	CT
1	19998325	1094	GA
1	19998563	238	GA
1	19998728	165	GA
1	19998735	7	AG
1	19999289	224	GA
1	20082346	10539	AG
1	20083465	1037	GC
1	20091908	6956	GA
1	20094972	1872	TA
1	20095004	32	GA
1	20095720	716	TC
1	20098130	2370	TC
1	20101393	2621	GA
1	20105447	2940	GA
1	20115197	8774	GA
1	20120889	4778	GA
1	20125483	4017	AG
1	20126938	1427	TC
1	20127702	764	CT
1	20127861	159	TC
1	20139851	10659	TC
1	20140968	875	TC
1	20142013	492	GT
1	20147929	4928	CG
1	20149076	984	GA
1	20154575	4573	GA
1	20156220	1503	AG
1	20157648	1008	GT
1	20161716	3562	GA
1	20162432	668	CT
1	20162934	502	CG
1	20165493	2509	GA
1	20170126	4158	TG
1	20174874	3931	CT
1	20178955	3562	GT
1	20179035	80	TC
1	20181969	2736	TA
1	20182753	784	TC
1	20182772	19	CT
1	20188856	4487	CG
1	20189631	521	CT
1	20200751	8296	CT
1	20201043	205	GA
1	20209866	4169	GA
1	20209897	31	CT
1	20209920	23	TC
1	20210418	232	GA
1	20211528	676	TC
1	20213370	1176	TG
1	20214151	730	GA
1	20214159	8	TG
1	20218313	2007	TC
1	20218389	76	GA
1	20226231	6399	GC
1	20228054	1340	CT
1	20231245	2319	GA
1	20232603	1270	GA
1	20242562	4483	TC
1	20244142	1374	AG
1	20245510	529	AC
1	20246835	960	TC
1	20248034	964	GC
1	20248560	205	GA
1	20248561	1	AT
1	20249278	717	AG
1	20249924	303	AC
1	20250477	553	CT
1	20250773	163	CT
1	20252700	519	GA
1	20253186	340	GC
1	20253722	536	CT
1	20257567	2898	GA
1	20259699	1419	GA
1	20260510	748	AG
1	20260624	114	CT
1	20261647	1023	TC
1	20262386	739	CT
1	20263330	750	TC
1	20263623	233	TG
1	20263697	74	GC
1	20263709	12	GA
1	20264191	482	GT
1	20265408	677	GC
1	20266570	710	TC
1	20266608	38	GA
1	20266856	248	GA
1	20267105	249	AG
1	20267504	399	CT
1	20268228	724	AG
1	20268262	34	TC
1	20268287	25	CA
1	20268510	223	GA
1	20268753	243	TC
1	20268823	70	TC
1	20268912	89	CT
1	20276997	739	TC
1	20277096	99	TC
1	20277121	25	GA
1	20277301	180	TC
1	20277335	34	TC
1	20278002	318	CT
1	20278575	573	TC
1	20279011	338	TC
1	20280184	681	AG
1	20282624	1806	TG
1	20282826	202	GA
1	20282882	56	GT
1	20283372	490	CT
1	20288610	4906	GC
1	20289099	489	CG
1	20290188	816	CT
1	20290475	287	AG
1	20290982	507	TA
1	20291234	225	TC
1	20291271	37	GA
1	20291843	509	AG
1	20293474	536	TG
1	20293512	38	AG
1	20297390	1865	CT
1	20297520	130	CT
1	20300600	1940	AG
1	20302679	1506	GA
1	20303158	479	GA
1	20304628	1071	GA
1	20304944	262	TC
1	20305076	132	AG
1	20305788	682	CT
1	20306975	834	CT
1	20307408	433	GA
1	20307454	46	CT
1	20308660	1118	AG
1	20309040	380	CT
1	20309773	235	AG
1	20310187	414	TG
1	20310210	23	CT
1	20310629	419	GA
1	20312047	1418	GA
1	20312082	35	GT
1	20312325	243	GT
1	20317439	3512	TC
1	20318175	694	CG
1	20319368	742	GA
1	20320497	988	AG
1	20322163	1348	GA
1	20326862	4178	CT
1	20326863	1	AT
1	20326909	46	CT
1	20326933	24	CT
1	20329511	2240	CA
1	20330183	672	GC
1	20334352	4135	TC
1	20334573	221	TC
1	20338181	3608	AG
1	20339690	1470	CT
1	20345453	4522	GA
1	20346163	710	GC
1	20346839	626	GA
1	20355520	7564	AG
1	20356836	758	CA
1	20371965	11317	CA
1	20383450	8205	GA
1	20384015	565	GT
1	20387216	2376	CG
1	20390611	3337	CT
1	20392689	1645	CT
1	20400226	6006	CT
1	20413222	7046	GA
1	20425693	8661	GA
1	20428437	2225	TC
1	20428517	80	CG
1	20428729	212	GA
1	20428750	21	GA
1	20429179	429	TC
1	20429341	162	GC
1	20429767	331	GA
1	20429931	164	GC
1	20430101	170	CT
1	20431466	1365	TG
1	20431921	455	GA
1	20431957	36	CT
1	20431999	42	TC
1	20433483	1204	CT
1	20436184	2259	CT
1	20436312	128	GA
1	20436553	241	GT
1	20436869	316	CT
1	20440705	2947	GA
1	20441090	385	TG
1	20441569	479	GA
1	20442397	828	GA
1	20444195	1050	CT
1	20444872	677	GA
1	20445362	490	GA
1	20445525	163	GC
1	20446455	744	CT
1	20448046	663	CT
1	20449539	1323	CT
1	20449733	194	CG
1	20450459	726	CG
1	20450475	16	GA
1	20451637	1122	CT
1	20451731	94	AC
1	20452423	621	GA
1	20452468	45	CT
1	20453224	756	GA
1	20453300	76	GA
1	20453484	184	CT
1	20453485	1	GA
1	20453655	170	TC
1	20453722	67	CT
1	20453724	2	AC
1	20453966	242	TC
1	20453996	30	CT
1	20454211	215	GA
1	20454304	93	AG
1	20454444	140	CA
1	20454972	528	AG
1	20455104	75	CG
1	20455134	30	CG
1	20455147	13	CG
1	20455150	3	AG
1	20457490	1786	TC
1	20463077	4367	TC
1	20463479	212	GT
1	20463627	148	TA
1	20465160	789	TA
1	20466064	473	TC
1	20466179	115	CA
1	20466683	504	TC
1	20469815	2212	AG
1	20474354	3320	GA
1	20474553	199	GA
1	20475732	702	AG
1	20475986	190	CT
1	20476762	776	AG
1	20477497	670	CT
1	20477563	66	TG
1	20477630	67	AG
1	20482519	3745	TC
1	20487053	3774	CT
1	20487170	117	GC
1	20488450	1226	AT
1	20489443	916	TC
1	20489798	355	AG
1	20494115	3253	TA
1	20498416	2259	CT
1	20498659	243	TA
1	20498671	12	GT
1	20498895	35	AC
1	20498983	88	AC
1	20500578	807	AG
1	20500585	7	GT
1	20500773	112	CT
1	20501024	251	GC
1	20501118	94	TC
1	20501140	22	CA
1	20501987	115	GA
1	20501995	8	GC
1	20501998	3	GA
1	20502000	2	CG
1	20502001	1	TG
1	20503686	787	GA
1	20504045	281	AC
1	20513498	1512	GA
1	20514041	390	CT
1	20514076	35	GA
1	20514103	27	TA
1	20514184	81	CT
1	20514217	33	GA
1	20516382	136	AG
1	20516387	5	CT
1	20516532	86	GA
1	20516868	33	TC
1	20517505	157	GC
1	20517522	17	CT
1	20517745	94	GT
1	20518896	212	GA
1	20519439	142	GC
1	20519475	36	GT
1	20519808	236	CT
1	20519811	3	TC
1	20519813	2	AG
1	20519929	116	GA
1	20519933	4	AG
1	20520755	90	TG
1	20520802	47	TC
1	20520820	18	AG
1	20520884	64	AC
1	20520895	11	GA
1	20520962	67	CT
1	20521073	111	GA
1	20521213	140	AG
1	20521447	234	AC
1	20521456	9	TC
1	20522624	241	GA
1	20523038	414	TC
1	20523175	137	CT
1	20523721	546	TC
1	20523804	83	AG
1	20524113	309	AG
1	20528739	1638	CT
1	20528823	84	CT
1	20529124	301	GA
1	20529871	712	AG
1	20531019	191	AG
1	20531037	18	GT
1	20539190	950	AG
1	20542188	1447	AG
1	20543717	833	CT
1	20543726	9	CT
1	20548998	3420	TC
1	20549177	179	AG
1	20556746	3937	TA
1	20560660	606	GA
1	20580331	3741	AC
1	20583246	1676	TC
1	20583787	541	CG
1	20583843	56	TG
1	20586196	459	GA
1	20589234	1628	TA
1	20589319	85	CT
1	20592439	1195	CT
1	20592515	76	AG
1	20592777	153	CT
1	20593725	870	CT
1	20594027	302	CT
1	20594196	169	CA
1	20594228	32	CG
1	20594481	253	AG
1	20594775	146	CT
1	20594857	82	CA
1	20595211	354	TA
1	20595330	119	AG
1	20595533	203	GA
1	20596632	413	GA
1	20596779	147	GA
1	20597948	1169	GA
1	20609358	5795	GA
1	20609508	150	AC
1	20609779	271	GA
1	20609845	66	AT
1	20610017	172	GC
1	20610662	645	TG
1	20610985	323	CA
1	20611006	21	CT
1	20611437	407	AG
1	20611909	472	GT
1	20615006	691	AT
1	20615045	39	GA
1	20615421	376	AG
1	20631416	1069	CT
1	20631511	95	AT
1	20631731	220	CT
1	20632415	172	TC
1	20632641	154	TA
1	20632642	1	GA
1	20632681	39	TC
1	20632852	171	GA
1	20633165	313	CT
1	20634985	638	CT
1	20635546	489	TC
1	20636399	853	AT
1	20637019	160	GA
1	20638127	683	TC
1	20640998	1229	GA
1	20641279	281	AG
1	20652809	3125	GT
1	20652818	9	GA
1	20652836	18	GC
1	20653356	226	TA
1	20653362	6	CT
1	20653384	22	TC
1	20653423	39	GA
1	20653455	32	CT
1	20653559	104	TC
1	20654176	617	TC
1	20654288	112	TG
1	20654963	675	GA
1	20655056	93	AG
1	20655155	99	GA
1	20656192	180	TC
1	20656249	57	GA
1	20656250	1	AC
1	20656296	46	GA
1	20657372	1055	GA
1	20659399	451	GA
1	20659460	61	CT
1	20660420	960	GA
1	20660961	357	GA
1	20661200	118	AC
1	20661780	580	AC
1	20661786	6	GC
1	20661887	101	CA
1	20662069	182	GC
1	20662277	111	AG
1	20662283	6	TC
1	20662732	449	CG
1	20662899	167	TC
1	20662915	16	GT
1	20662941	26	AG
1	20663415	390	GT
1	20663839	223	CG
1	20663840	1	CG
1	20663843	3	CT
1	20663869	26	GA
1	20663874	5	TC
1	20663877	3	TG
1	20663926	49	CT
1	20663933	7	AC
1	20663959	26	AC
1	20664176	217	TC
1	20664711	101	AC
1	20665533	445	AT
1	20667707	340	AG
1	20667801	94	AG
1	20667841	40	GA
1	20668266	90	GA
1	20668315	49	GA
1	20668363	48	TA
1	20668645	79	GA
1	20669720	217	GA
1	20669762	42	TC
1	20669764	2	GA
1	20669842	78	AG
1	20669970	128	CT
1	20670047	77	AG
1	20670057	10	TC
1	20670069	12	AG
1	20670488	419	TG
1	20670506	18	TC
1	20670629	123	CT
1	20670634	5	CT
1	20670680	46	GA
1	20670688	8	AG
1	20670737	49	GA
1	20670766	29	GA
1	20670804	38	AG
1	20671054	250	CT
1	20671317	263	CT
1	20671318	1	GT
1	20671350	32	CG
1	20671435	85	AG
1	20671504	69	CG
1	20671657	153	GT
1	20671659	2	AT
1	20671979	320	TC
1	20672065	86	CA
1	20672395	161	GA
1	20672632	237	CT
1	20674825	1001	CA
1	20675101	68	AG
1	20682510	5748	AG
1	20687059	1543	CT
1	20779867	41146	AC
1	20789685	1344	TC
1	20801815	1235	CG
1	20801821	6	AG
1	20830799	1411	AG
1	20830844	45	GA
1	20832793	1058	TA
1	20835175	910	GA
1	20835800	313	TC
1	20839571	3237	TC
1	20842993	2298	TC
1	20843051	58	TC
1	20843306	255	GA
1	20843383	77	CA
1	20843550	167	GT
1	20843817	267	TC
1	20850276	360	AT
1	20850499	223	TC
1	20853559	286	CT
1	20853612	53	CA
1	20870269	2938	GA
1	20877643	4783	CT
1	20879376	1389	CA
1	20879857	481	CG
1	20880257	342	GA
1	20880258	1	GC
1	20880419	161	AC
1	20880421	2	GA
1	20880508	87	GA
1	20880649	141	AT
1	20880758	109	AG
1	20881816	467	TA
1	20892080	544	TC
1	20892109	29	TA
1	20900152	1703	CG
1	20901054	394	TA
1	20901497	247	AG
1	20901653	156	CT
1	20901864	211	AC
1	20901902	38	GA
1	20903060	392	AG
1	20903396	336	GC
1	20903695	299	AG
1	20903731	36	CT
1	20908665	1220	AT
1	20908666	1	AC
1	20908814	148	GA
1	20908824	10	TG
1	20909030	206	TA
1	20915789	260	TC
1	20916292	503	TG
1	20917583	636	GA
1	20919922	468	GT
1	20920149	227	GT
1	20920171	22	TC
1	20921991	870	CA
1	20922435	444	CT
1	20923197	374	GA
1	20923699	422	AG
1	20924450	751	GA
1	20925216	766	CA
1	20925717	501	GA
1	20925719	2	GA
1	20925727	8	AC
1	20933706	1338	GA
1	20933728	22	AC
1	20934393	324	CG
1	20934467	74	TC
1	20936682	313	AG
1	20941250	578	CA
1	20944367	165	GA
1	20948579	457	CG
1	20949451	872	GA
1	20950211	634	AG
1	20953180	1216	CT
1	20953730	550	AG
1	20958719	1260	GA
1	20958870	151	TC
1	20959238	368	TC
1	20959660	422	GC
1	20962428	2538	CT
1	20962471	43	AG
1	20963021	550	GA
1	20963025	4	GA
1	20964924	1675	CT
1	20967693	2149	CT
1	20968457	764	CT
1	20970752	1552	AG
1	20971593	810	TC
1	20971983	298	GT
1	20972038	55	AG
1	20973849	1600	CG
1	20974159	310	GA
1	20975131	972	AC
1	20975135	4	AT
1	20975373	238	TA
1	20976638	1243	CT
1	20977168	530	GA
1	20977999	831	TC
1	20984684	5591	GC
1	20985105	271	GA
1	20985156	51	CA
1	20985651	495	GA
1	20987222	1571	CG
1	20987575	353	CT
1	20987767	192	CG
1	20988442	272	GA
1	20990364	1922	GA
1	20991242	629	AG
1	20991243	1	AG
1	20991524	281	CT
1	20994786	877	GA
1	20995636	373	AG
1	20997448	1648	CT
1	21034222	21595	CT
1	21047021	10401	GT
1	21051813	2711	AG
1	21054526	1918	CG
1	21060697	4576	CT
1	21060707	10	AG
1	21072669	8075	TC
1	21096865	17526	GT
1	21098181	1247	TC
1	21098501	320	CT
1	21099020	183	TC
1	21099048	28	GA
1	21099092	44	GA
1	21099151	59	TC
1	21099162	11	AG
1	21099685	523	GA
1	21100670	716	AT
1	21100962	292	GA
1	21100970	8	GA
1	21101378	408	TA
1	21106646	2763	TC
1	21107004	263	TG
1	21107789	688	GC
1	21107791	2	CT
1	21112922	2366	CT
1	21113014	92	GC
1	21113032	18	CT
1	21113034	2	TG
1	21113036	2	TC
1	21113247	211	CG
1	21113413	166	GA
1	21113683	270	AT
1	21113718	35	AG
1	21114058	340	AC
1	21114163	105	CT
1	21114208	45	GA
1	21114493	59	GA
1	21114576	83	GA
1	21114652	76	AT
1	21115344	692	AG
1	21115471	127	TA
1	21116431	549	AG
1	21116509	78	TA
1	21116543	34	AG
1	21117070	317	GA
1	21117076	6	CT
1	21117162	86	CT
1	21117227	65	GA
1	21117274	47	AG
1	21117276	2	AG
1	21117279	3	CG
1	21117281	2	AT
1	21117684	403	TC
1	21117855	171	AG
1	21117917	62	TG
1	21119905	768	CT
1	21123070	1367	GT
1	21124618	924	GA
1	21149567	16649	TG
1	21149720	153	GC
1	21149802	82	GC
1	21149894	92	GA
1	21150019	125	CT
1	21150799	408	TC
1	21152096	1183	TC
1	21154018	962	GA
1	21155640	1587	GT
1	21162183	5132	CT
1	21171116	4202	GT
1	21186681	8908	CT
1	21329629	86376	CT
1	21329874	245	TC
1	21333306	795	TC
1	21334792	324	GA
1	21335117	325	CT
1	21335165	48	GA
1	21338309	502	TC
1	21338570	261	GT
1	21338597	27	TC
1	21339737	867	AG
1	21339943	206	AG
1	21340139	143	GA
1	21341699	575	CT
1	21342063	279	AG
1	21342086	23	AG
1	21342161	75	CT
1	21342195	34	GA
1	21342223	28	AC
1	21342246	23	CT
1	21342264	18	TC
1	21342276	12	TC
1	21342279	3	GC
1	21342523	244	AT
1	21342542	19	AG
1	21343871	76	GA
1	21343958	87	TC
1	21343969	11	GT
1	21344062	93	TG
1	21344086	24	AC
1	21346125	534	CT
1	21346255	130	CT
1	21346292	37	GC
1	21346333	41	AG
1	21349993	2016	AG
1	21352723	1253	CT
1	21357013	2449	TA
1	21357812	684	AG
1	21358488	397	AG
1	21358611	123	AG
1	21358750	139	TC
1	21360290	249	AG
1	21360345	55	GT
1	21361132	205	GC
1	21361147	15	GT
1	21361855	708	GA
1	21362150	295	AG
1	21363259	395	TC
1	21368844	1073	CG
1	21374841	612	GA
1	21376368	687	CG
1	21376452	84	GA
1	21376680	169	AG
1	21377299	336	GA
1	21377496	197	GA
1	21378136	457	CA
1	21378494	358	CT
1	21378624	130	AG
1	21379784	724	TC
1	21380675	508	GA
1	21381939	229	TC
1	21382007	68	GA
1	21382015	8	AG
1	21384579	1126	CG
1	21385302	679	CG
1	21385306	4	CT
1	21385580	274	AT
1	21386477	561	GT
1	21386574	97	GA
1	21386616	42	TC
1	21386729	113	GC
1	21387290	17	TC
1	21389631	209	GA
1	21389738	107	AG
1	21390323	443	TC
1	21390328	5	GA
1	21390351	23	TC
1	21392759	601	TG
1	21392859	100	CT
1	21393978	966	GA
1	21394934	829	TC
1	21396433	1198	GA
1	21396454	21	GA
1	21396474	20	GA
1	21396625	151	CT
1	21396833	91	GA
1	21396847	14	TA
1	21397942	710	TC
1	21398257	315	GA
1	21398567	310	GA
1	21398833	266	AT
1	21403163	1702	TC
1	21403798	151	GA
1	21409712	3277	TA
1	21413431	1942	AG
1	21413538	107	AG
1	21415301	466	TC
1	21416722	432	TC
1	21417966	1036	CT
1	21419313	1167	GA
1	21419944	326	CT
1	21423746	716	TC
1	21424839	701	TC
1	21426231	486	TC
1	21428887	1315	AG
1	21429650	200	GA
1	21429699	49	AG
1	21429829	130	TC
1	21437787	956	CT
1	21437853	66	TC
1	21438099	246	TC
1	21445153	2192	TA
1	21445616	194	AT
1	21447820	1107	AC
1	21452190	1059	TC
1	21453105	46	AG
1	21453616	57	TG
1	21455681	441	TC
1	21456351	504	TC
1	21460349	3103	CG
1	21460865	516	TC
1	21470119	4965	AG
1	21471845	1726	CT
1	21475341	3324	CT
1	21477947	818	AG
1	21481375	3259	CT
1	21481856	349	GT
1	21487011	4932	GA
1	21493491	1542	CT
1	21493567	76	AG
1	21493659	92	AG
1	21494169	510	AC
1	21494216	47	CT
1	21494549	333	AG
1	21495421	787	GA
1	21499420	3875	CT
1	21501167	1747	CT
1	21501850	683	CT
1	21503419	1569	AG
1	21503581	162	AG
1	21507066	3350	CA
1	21507806	671	TC
1	21510485	2176	CT
1	21513037	2479	CG
1	21513884	847	TG
1	21515920	2006	GA
1	21516094	174	CT
1	21520058	3924	CG
1	21521146	1088	TA
1	21522774	1628	CT
1	21524022	1096	CT
1	21526920	1795	TC
1	21527858	817	TC
1	21529796	1224	AG
1	21532303	2130	CA
1	21533360	311	CT
1	21536384	2785	TC
1	21536639	255	TC
1	21538249	1610	GA
1	21538636	387	CG
1	21538919	283	AT
1	21539408	489	TC
1	21540341	906	CT
1	21541458	424	CT
1	21542266	503	TG
1	21543169	903	AG
1	21543188	19	CA
1	21543642	454	GT
1	21544792	866	AG
1	21545990	902	TC
1	21547592	1602	AG
1	21547753	161	GC
1	21548358	605	TG
1	21548359	1	GT
1	21548424	65	CT
1	21550768	1111	AC
1	21550791	23	TG
1	21550903	112	TC
1	21551348	417	AG
1	21551363	15	GA
1	21552718	979	AG
1	21553766	923	CT
1	21557644	1597	AG
1	21558923	374	TC
1	21560074	184	TC
1	21560206	132	TA
1	21560462	216	GA
1	21562452	1508	TC
1	21562605	153	AG
1	21562672	67	CT
1	21563965	1293	CT
1	21564201	236	TC
1	21565260	1059	GA
1	21566130	870	CT
1	21569708	3388	CT
1	21570501	793	AT
1	21577334	1660	AG
1	21578300	450	AG
1	21581227	2302	GC
1	21582363	412	GA
1	21583516	1153	CG
1	21583723	207	TC
1	21586489	1009	CT
1	21590447	2165	GC
1	21592066	1560	AT
1	21592268	202	TA
1	21592537	180	GA
1	21592717	114	TC
1	21593524	807	CT
1	21594728	1204	TG
1	21594768	40	CT
1	21596011	884	GA
1	21599991	2899	CT
1	21600125	134	GA
1	21602609	1692	GA
1	21604432	1539	CT
1	21605424	992	AG
1	21605500	76	CT
1	21609080	2899	AG
1	21609223	143	AG
1	21615043	4573	GA
1	21617913	2846	GC
1	21620751	2838	AG
1	21625509	2337	GA
1	21627910	1679	AG
1	21628432	522	CT
1	21635318	4170	TC
1	21636385	1033	AG
1	21637560	1175	CT
1	21637711	151	GA
1	21638301	590	AG
1	21638427	126	TA
1	21638517	90	TC
1	21645875	2709	AT
1	21648300	1777	TC
1	21648530	230	GC
1	21654490	1958	CT
1	21656100	1610	TC
1	21661971	4692	CT
1	21666305	3008	CA
1	21666485	180	TC
1	21668825	2302	TC
1	21669871	1046	GC
1	21670805	934	GC
1	21671454	252	TC
1	21676147	3784	TC
1	21676262	115	AG
1	21678209	1231	CT
1	21680969	1318	AG
1	21681048	79	CT
1	21682023	658	AT
1	21682144	121	AG
1	21682289	145	GC
1	21686397	2416	GC
1	21686665	268	GA
1	21687035	96	AG
1	21691670	1663	AG
1	21691722	52	TC
1	21695458	2246	TA
1	21696167	682	GC
1	21696481	287	GA
1	21696686	205	CT
1	21697337	651	AG
1	21699277	862	GA
1	21699560	283	GA
1	21699674	114	GA
1	21700138	464	CT
1	21700375	237	GA
1	21702997	1332	AG
1	21703164	167	CG
1	21703231	67	CT
1	21704832	725	CT
1	21705320	488	GA
1	21705732	412	CT
1	21708681	1010	GA
1	21712286	2033	GT
1	21715299	1579	AG
1	21716804	415	TA
1	21721450	1088	TC
1	21759000	17685	GC
1	21765732	615	AG
1	21770377	4570	CT
1	21770525	148	GC
1	21775641	4768	GA
1	21776740	860	CT
1	21783076	6163	AG
1	21783335	259	AT
1	21784393	1058	AC
1	21784990	597	CT
1	21785657	667	TA
1	21785715	58	CT
1	21785716	1	TC
1	21785770	54	GC
1	21785843	73	CT
1	21785858	15	TC
1	21785916	58	CG
1	21786258	304	GT
1	21786896	638	AC
1	21788090	1097	CA
1	21788349	259	CT
1	21789177	828	CT
1	21790454	1277	TC
1	21790661	207	CT
1	21790788	127	CG
1	21791260	472	TC
1	21793022	1729	AC
1	21793130	108	CA
1	21797269	3989	GA
1	21797290	21	GA
1	21798474	1092	GA
1	21807852	9080	GC
1	21819976	11222	GA
1	22037434	143943	TC
1	22037471	37	CT
1	22037666	195	GA
1	22045308	4185	GA
1	22045339	31	GT
1	22049570	4111	GA
1	22053227	3542	GA
1	22053824	597	GA
1	22065421	7336	AG
1	22072251	6055	TC
1	22074912	2619	GA
1	22075807	866	AG
1	22075885	78	AG
1	22075989	104	GC
1	22076067	78	GA
1	22076299	232	GA
1	22076318	19	GA
1	22076439	121	GA
1	22078841	1924	TC
1	22082775	3476	CT
1	22083416	338	AC
1	22083590	174	TC
1	22083591	1	GA
1	22083666	75	CG
1	22084262	596	CT
1	22085572	781	AG
1	22086919	879	AC
1	22088683	80	TC
1	22089087	404	CT
1	22089612	221	CT
1	22093324	1328	GA
1	22093326	2	GA
1	22093883	131	GT
1	22093998	115	CT
1	22094626	346	TC
1	22099059	1314	GC
1	22099311	252	AG
1	22104567	4564	CT
1	22122816	10263	GC
1	22123080	264	CT
1	22123997	754	GA
1	22126575	1197	GT
1	22127583	1008	TG
1	22128309	726	AT
1	22130914	1984	GA
1	22131209	295	GC
1	22132561	1309	CG
1	22132920	359	CA
1	22133489	457	CT
1	22134103	614	TC
1	22134535	432	CT
1	22135099	488	CT
1	22135248	149	CG
1	22135837	589	TC
1	22136352	515	AG
1	22136426	74	CT
1	22136692	266	GT
1	22138411	1256	TC
1	22139426	474	GA
1	22141931	2093	CA
1	22142004	73	GC
1	22142189	185	CG
1	22142267	78	CT
1	22142487	220	GA
1	22142545	58	TC
1	22142968	423	GC
1	22143553	523	CT
1	22143650	97	GA
1	22144008	358	CT
1	22144357	349	CA
1	22144645	288	CT
1	22144819	174	GC
1	22145494	675	CT
1	22152267	4818	CT
1	22153473	1206	GA
1	22153998	525	TG
1	22154137	139	GA
1	22154866	729	GT
1	22155328	462	AG
1	22156096	768	CA
1	22156766	670	TC
1	22158942	1627	GA
1	22160850	1832	CT
1	22161002	152	TC
1	22163026	1735	TG
1	22163250	224	TG
1	22163961	675	AC
1	22165133	403	AG
1	22167840	1923	CG
1	22167868	28	CT
1	22173064	3045	AG
1	22173095	31	AG
1	22173104	9	AG
1	22173177	73	CT
1	22177138	725	CT
1	22178661	1477	CT
1	22178895	234	AG
1	22178907	12	GA
1	22179806	393	AC
1	22180876	1016	TC
1	22181835	959	TC
1	22182388	339	AC
1	22182881	493	CG
1	22182948	67	GA
1	22183255	226	TC
1	22184291	470	GA
1	22184838	547	CT
1	22187134	1574	CG
1	22188962	1777	TC
1	22190806	1358	CT
1	22190968	162	GA
1	22190981	13	CT
1	22191016	35	AG
1	22192052	1036	GA
1	22192163	111	GA
1	22192435	205	GC
1	22192471	36	CT
1	22197593	3090	AG
1	22198304	357	CT
1	22199793	849	GC
1	22200310	454	GA
1	22201451	1141	TA
1	22204221	2447	AG
1	22207195	2609	CG
1	22208455	1260	AG
1	22209397	641	CG
1	22213862	3584	GA
1	22214635	773	AG
1	22215868	958	GC
1	22215869	1	GT
1	22215994	125	GA
1	22216116	122	TG
1	22216118	2	GT
1	22216154	36	CT
1	22216308	154	CT
1	22217350	1042	TC
1	22217352	2	AG
1	22217556	204	CA
1	22220773	2341	GA
1	22222420	1498	AG
1	22223817	1261	CT
1	22230962	3412	CG
1	22238090	5080	AG
1	22239267	1177	TG
1	22244986	5364	GC
1	22249715	3159	GC
1	22250926	988	GA
1	22251114	188	TG
1	22254717	2388	CT
1	22255570	562	GT
1	22257063	1493	CT
1	22259266	2203	CT
1	22259388	122	GA
1	22259448	60	AG
1	22261200	1752	AG
1	22266225	4740	CT
1	22268009	1742	GA
1	22268787	731	GA
1	22268826	39	CT
1	22269255	429	AG
1	22269374	119	TC
1	22270677	379	GC
1	22272108	1333	GA
1	22272257	149	AG
1	22275354	2525	CT
1	22275363	9	CT
1	22278368	2775	GA
1	22278775	407	TC
1	22278993	218	CT
1	22279314	321	GA
1	22279318	4	CT
1	22279688	370	CT
1	22285417	5153	AG
1	22285630	213	GA
1	22287857	1326	AG
1	22303156	9868	TC
1	22303446	290	TG
1	22306551	2026	CT
1	22306607	56	TG
1	22306740	133	GA
1	22308556	1170	TC
1	22309428	108	CA
1	22309936	343	TC
1	22312753	2156	TA
1	22313782	984	AG
1	22314026	244	TC
1	22315395	1210	TC
1	22322423	4513	AC
1	22329354	1635	GA
1	22332153	1637	AG
1	22339525	857	GT
1	22340392	319	AG
1	22340800	125	CG
1	22340801	1	AG
1	22340806	5	TC
1	22340872	66	AT
1	22341130	258	GA
1	22343454	2115	GA
1	22344457	973	CT
1	22347103	1894	TG
1	22349460	1778	CT
1	22364730	5468	GA
1	22379630	3547	AG
1	22388394	4276	TC
1	22395058	6061	CG
1	22396394	1211	GA
1	22403102	2100	TC
1	22403177	75	GT
1	22403873	379	TC
1	22408363	810	GA
1	22410172	1172	GT
1	22412000	1705	GC
1	22414842	2629	TC
1	22424285	1876	CG
1	22424303	18	CA
1	22424324	21	CT
1	22427759	1760	CT
1	22427868	109	CG
1	22428018	150	GA
1	22428200	182	TC
1	22428912	712	TC
1	22429159	247	GA
1	22429298	85	GA
1	22430462	1099	CA
1	22431354	392	TC
1	22431400	46	TC
1	22431469	69	CG
1	22431547	78	GA
1	22431700	153	TC
1	22432029	329	CT
1	22432073	44	AG
1	22432191	118	CT
1	22432328	137	TA
1	22432488	160	CT
1	22432886	265	CT
1	22432916	30	GC
1	22433161	245	AG
1	22433747	586	GA
1	22433848	101	TC
1	22434657	809	CT
1	22434854	197	AG
1	22435201	347	TC
1	22435562	361	TC
1	22435667	105	AG
1	22435681	14	CG
1	22435960	239	CT
1	22436210	250	AG
1	22437080	870	CT
1	22438748	1431	GT
1	22438814	66	TC
1	22438815	1	GA
1	22438991	176	CG
1	22439124	133	TC
1	22439475	249	CT
1	22439592	117	GT
1	22439594	2	TA
1	22440219	583	AG
1	22440354	135	CG
1	22440649	251	GA
1	22440698	49	GA
1	22440762	64	TC
1	22440792	30	AG
1	22441012	220	GA
1	22441052	40	AG
1	22441231	179	GA
1	22441239	8	GA
1	22441255	16	CT
1	22441451	196	GA
1	22441492	41	CG
1	22442205	713	AG
1	22442265	60	GA
1	22442575	310	CT
1	22442699	124	CG
1	22442821	122	GA
1	22443059	238	CG
1	22445341	2076	GT
1	22445548	207	CG
1	22445876	224	GA
1	22445886	10	TC
1	22445894	8	CG
1	22446328	434	CG
1	22446345	17	AG
1	22446971	297	GA
1	22447047	76	AG
1	22447161	114	GA
1	22448358	1197	GA
1	22448359	1	TC
1	22448402	43	GA
1	22448405	3	TC
1	22448763	358	CT
1	22449336	573	GA
1	22449966	294	AG
1	22451907	550	GA
1	22452968	925	CT
1	22454716	1443	CT
1	22454742	26	GC
1	22456263	1311	GA
1	22456275	12	CT
1	22456292	17	CT
1	22456294	2	CA
1	22456295	1	AT
1	22456604	154	CT
1	22456830	200	GA
1	22459159	1084	AC
1	22459992	715	CT
1	22460078	86	GA
1	22460715	637	GA
1	22460876	161	AG
1	22462175	972	TG
1	22462375	200	CT
1	22464650	1236	GA
1	22465114	464	GA
1	22465796	132	GC
1	22470481	2742	GA
1	22471797	1247	CT
1	22472328	531	CA
1	22472592	264	CT
1	22474594	1343	TG
1	22475177	460	TC
1	22476586	1282	CT
1	22476670	84	CA
1	22476672	2	TC
1	22476747	75	GC
1	22476828	81	AG
1	22476862	34	TG
1	22476865	3	GA
1	22477437	572	GA
1	22479983	1985	TC
1	22480249	266	TC
1	22480399	150	AC
1	22480528	129	CA
1	22480582	54	GA
1	22480589	7	AG
1	22481629	1040	GA
1	22484267	2488	CG
1	22485033	766	GC
1	22485243	210	GA
1	22485742	499	GC
1	22485752	10	CA
1	22485852	100	CT
1	22485875	23	CT
1	22486388	481	AG
1	22486911	523	GC
1	22487148	237	AG
1	22488504	1309	GA
1	22488807	303	CG
1	22488979	172	AG
1	22488994	15	GA
1	22491503	1185	GA
1	22492590	407	GT
1	22493414	216	CT
1	22493469	55	CT
1	22493499	30	CG
1	22494308	476	CT
1	22494317	9	GA
1	22494463	146	TC
1	22494699	236	TC
1	22494789	90	CT
1	22494815	26	CT
1	22494830	15	GA
1	22494922	92	CT
1	22495107	152	GA
1	22495288	181	CT
1	22495664	376	AG
1	22496123	459	CT
1	22496258	135	CT
1	22496399	141	CT
1	22498903	1784	GA
1	22499469	480	AC
1	22499679	210	TC
1	22499766	87	TC
1	22501155	384	CT
1	22501284	129	CT
1	22502575	1291	CT
1	22502886	311	CT
1	22503502	572	AG
1	22505343	891	GA
1	22507210	690	TC
1	22507573	57	CT
1	22508394	120	GA
1	22511624	1110	GA
1	22512217	557	GA
1	22513013	796	CA
1	22514034	982	GA
1	22515550	1516	TC
1	22517728	391	GA
1	22517913	185	CT
1	22518777	529	CA
1	22519282	505	TC
1	22519364	82	CA
1	22519869	505	GA
1	22520375	506	TC
1	22520826	155	GA
1	22521152	326	AG
1	22521832	318	CT
1	22523156	166	GA
1	22523178	22	GA
1	22523360	182	GA
1	22523456	96	GT
1	22523497	41	TC
1	22523522	25	CG
1	22523805	283	AG
1	22523869	64	GA
1	22523991	122	CT
1	22524094	103	AG
1	22524216	122	GC
1	22524338	122	GA
1	22524758	420	TC
1	22524979	221	GA
1	22525485	434	CA
1	22526057	404	CT
1	22526161	104	GA
1	22528399	2127	GA
1	22528709	214	GA
1	22529202	493	GA
1	22529801	599	TC
1	22530941	930	AG
1	22530976	35	GA
1	22531244	268	GA
1	22531751	507	TC
1	22532283	532	GA
1	22532577	294	TC
1	22533139	441	AT
1	22533153	14	GA
1	22533388	235	GA
1	22533402	14	CT
1	22533686	284	CT
1	22533736	50	TC
1	22533803	67	TC
1	22533804	1	GA
1	22533915	111	AG
1	22533998	83	GC
1	22534225	227	GC
1	22534405	180	CG
1	22534678	273	AG
1	22534700	22	GT
1	22534819	119	CT
1	22534937	118	GA
1	22535553	597	TA
1	22535749	196	AG
1	22535788	39	GA
1	22535854	66	TC
1	22536756	795	TG
1	22536879	123	GA
1	22537223	344	AC
1	22537566	343	GA
1	22537738	172	TC
1	22537844	106	CT
1	22538161	317	CA
1	22539214	1053	AG
1	22539370	156	TC
1	22539607	237	CT
1	22539747	140	AC
1	22540309	562	CT
1	22540318	9	CT
1	22540345	27	GA
1	22540964	112	GA
1	22541245	281	CT
1	22541410	165	CT
1	22541697	287	CG
1	22541748	51	CA
1	22542123	375	TC
1	22542365	242	GA
1	22542407	42	GC
1	22542409	2	CT
1	22542464	55	GA
1	22542619	155	GA
1	22542775	156	TC
1	22542906	131	GT
1	22544889	1202	GA
1	22545177	41	CA
1	22545847	494	AC
1	22548921	1970	TC
1	22557306	6038	CT
1	22557840	534	GC
1	22558112	272	AG
1	22558165	53	AT
1	22562201	2200	CT
1	22566326	4048	CT
1	22566457	85	CA
1	22567882	1352	CT
1	22570360	983	GA
1	22571054	694	AG
1	22571264	210	AG
1	22571265	1	TC
1	22571665	400	TG
1	22571670	5	TC
1	22576638	1490	TC
1	22577096	117	GA
1	22578208	705	CG
1	22580972	680	CT
1	22581297	325	CT
1	22581482	185	AT
1	22582027	510	GA
1	22582169	142	AG
1	22582277	108	CA
1	22582294	17	GA
1	22582302	8	TG
1	22582392	90	TC
1	22582425	33	GA
1	22582555	130	AG
1	22582705	150	GA
1	22582765	60	AG
1	22582805	40	GC
1	22583127	322	AC
1	22584146	589	AC
1	22584589	443	CT
1	22585021	94	TC
1	22585086	65	CA
1	22585566	480	GA
1	22585958	392	AG
1	22586275	317	CA
1	22586362	87	GC
1	22586988	407	CT
1	22588343	919	GA
1	22588514	171	CA
1	22588544	30	GA
1	22588549	5	CT
1	22588654	105	GT
1	22589111	457	CT
1	22589567	456	GA
1	22590016	449	GA
1	22590044	28	TC
1	22590351	307	AG
1	22590803	452	AG
1	22591174	371	AG
1	22591384	210	CT
1	22595114	1098	TC
1	22595514	400	CA
1	22596154	344	CT
1	22597148	963	GA
1	22597424	276	GC
1	22600354	1110	CT
1	22600423	69	GA
1	22600548	125	CT
1	22601940	579	TG
1	22603434	384	AG
1	22603726	292	GA
1	22603759	33	AG
1	22605240	447	AC
1	22605257	17	CA
1	22605955	232	CT
1	22606020	65	TC
1	22606021	1	CT
1	22606083	62	AG
1	22606185	102	TC
1	22606286	101	CT
1	22606430	144	TC
1	22606770	307	TG
1	22607962	670	CT
1	22609065	958	CT
1	22609817	752	CG
1	22609890	73	AG
1	22610229	339	CT
1	22610805	576	GT
1	22613369	2091	GC
1	22617393	1905	GA
1	22619120	358	GT
1	22620221	315	GC
1	22620235	14	TC
1	22626620	1429	CA
1	22627247	297	CA
1	22627321	74	TA
1	22627960	101	AC
1	22628866	363	TC
1	22629914	117	GA
1	22630560	48	GA
1	22630847	287	TC
1	22632667	305	CG
1	22632730	63	AT
1	22632896	166	AG
1	22633032	136	GA
1	22633343	311	CT
1	22633615	207	TA
1	22633616	1	CA
1	22633870	254	TC
1	22633918	48	AG
1	22633978	60	CT
1	22634003	25	TG
1	22634111	108	AG
1	22634229	118	AG
1	22634575	346	CT
1	22634647	72	CT
1	22635348	675	CT
1	22635894	393	GA
1	22636114	220	CG
1	22636462	300	TC
1	22637034	367	CG
1	22637035	1	AG
1	22637084	49	AT
1	22637085	1	AC
1	22637344	78	AG
1	22637563	219	AG
1	22637582	19	TG
1	22637583	1	CG
1	22637751	168	TC
1	22637795	44	GA
1	22637889	94	GC
1	22637976	87	GA
1	22637984	8	TC
1	22637998	14	GA
1	22638039	41	TC
1	22638042	3	GA
1	22638066	24	CT
1	22638092	26	TC
1	22638350	94	AC
1	22638357	7	GC
1	22641727	562	GC
1	22641890	163	GA
1	22642465	161	CA
1	22642638	173	GA
1	22642771	133	TC
1	22642985	214	GA
1	22643003	18	GT
1	22643083	80	GA
1	22643107	24	GT
1	22643132	25	GA
1	22643188	56	TC
1	22643280	92	AG
1	22643522	242	TC
1	22643532	10	CT
1	22643606	74	CT
1	22643640	34	AG
1	22643650	10	TC
1	22643783	133	TC
1	22644876	1093	GC
1	22645684	770	CT
1	22645771	87	TC
1	22645870	99	GC
1	22647366	1214	CG
1	22648254	822	GA
1	22648693	439	GA
1	22648889	196	GC
1	22649522	555	CT
1	22649612	90	AG
1	22649790	100	GA
1	22651958	2047	GA
1	22652048	90	AG
1	22652837	789	CT
1	22653315	478	AG
1	22653640	325	TC
1	22653697	57	AC
1	22654523	826	GA
1	22654583	60	CT
1	22654794	211	CT
1	22654837	43	CT
1	22654988	151	GA
1	22654989	1	CT
1	22655003	14	GA
1	22655010	7	CT
1	22655071	61	GA
1	22655312	241	CT
1	22655400	88	AG
1	22655404	4	CT
1	22655582	178	CT
1	22655603	21	AG
1	22655622	19	TC
1	22655704	82	GA
1	22655714	10	CT
1	22655740	26	GA
1	22655751	11	CT
1	22655889	138	TA
1	22655935	46	CT
1	22656046	111	TC
1	22656407	70	GA
1	22656594	187	GC
1	22656628	34	AG
1	22657785	1087	GC
1	22658495	565	TC
1	22658632	137	TC
1	22658914	245	GT
1	22659337	423	GT
1	22660012	270	GA
1	22660503	109	CT
1	22660521	18	AT
1	22660574	53	GC
1	22661302	728	CG
1	22661791	489	CA
1	22662810	680	AG
1	22664922	2112	GA
1	22664951	29	CG
1	22664973	22	TC
1	22665070	97	CT
1	22665143	73	CA
1	22665600	457	GT
1	22665751	151	GC
1	22666591	785	TC
1	22666804	213	GT
1	22667084	280	TC
1	22667153	69	CT
1	22667194	41	GA
1	22667589	395	TG
1	22667776	187	GC
1	22667884	108	TC
1	22667903	19	TG
1	22668093	190	GA
1	22692141	13263	AT
1	22692147	6	CT
1	22692197	50	AG
1	22692835	548	CT
1	22692992	157	GC
1	22693121	129	CT
1	22693584	463	TC
1	22694097	284	CT
1	22694233	136	CT
1	22694755	522	TC
1	22694915	160	CT
1	22695188	189	AT
1	22695266	78	GT
1	22696354	159	CG
1	22696395	41	AT
1	22697340	546	AT
1	22698226	623	CA
1	22698687	172	AT
1	22698731	44	GA
1	22699026	295	AT
1	22701032	56	GA
1	22701521	452	AG
1	22701548	27	GC
1	22701591	43	GA
1	22701641	50	CT
1	22702648	943	CT
1	22703425	397	CT
1	22703700	275	TC
1	22704139	439	CA
1	22704452	313	AG
1	22704539	87	CG
1	22705315	599	GC
1	22705517	202	CA
1	22706012	134	GA
1	22709293	955	TC
1	22709363	70	TC
1	22710616	1220	TC
1	22710836	220	GA
1	22716960	3524	GA
1	22717526	566	CA
1	22724704	3646	GC
1	22727665	2326	AG
1	22730263	2218	GC
1	22730308	45	CA
1	22730796	353	CT
1	22731156	360	GA
1	22734450	2453	TC
1	22734608	158	TG
1	22734910	302	CT
1	22735174	264	CT
1	22735333	159	AG
1	22735504	171	GT
1	22735646	142	TC
1	22735680	34	CT
1	22736797	562	CA
1	22736882	85	CT
1	22738295	568	AG
1	22738810	515	GA
1	22739175	67	AC
1	22740108	933	CA
1	22740400	260	AG
1	22740436	36	GA
1	22740542	106	GA
1	22740550	8	AG
1	22740561	11	TC
1	22740562	1	CT
1	22740563	1	AG
1	22740656	93	AC
1	22740672	16	CT
1	22740713	41	CT
1	22740747	34	TC
1	22740887	140	CA
1	22740889	2	AC
1	22740926	37	TG
1	22741382	456	TC
1	22741543	161	CA
1	22741746	203	AG
1	22742687	527	TG
1	22743123	436	TC
1	22743306	127	TC
1	22745837	1970	TC
1	22746967	842	AC
1	22748548	1128	CG
1	22749766	1200	GA
1	22750140	374	CG
1	22750710	570	AG
1	22752539	1482	GC
1	22752813	274	GA
1	22753632	529	TC
1	22753719	87	CA
1	22753791	72	TC
1	22754013	157	CG
1	22754169	156	GC
1	22754620	451	TC
1	22754796	176	CA
1	22754921	125	CT
1	22756407	1338	CT
1	22757570	518	AG
1	22758322	283	TA
1	22758393	71	CT
1	22759033	387	CT
1	22759140	107	TC
1	22759200	60	GC
1	22759211	11	AG
1	22760691	229	TC
1	22760743	52	CG
1	22763077	1330	AG
1	22763263	186	GC
1	22763408	145	TC
1	22763431	23	CT
1	22763464	33	GA
1	22763732	231	AG
1	22763749	17	TC
1	22763859	110	TC
1	22766033	1900	GA
1	22766367	334	TC
1	22766369	2	TC
1	22766381	12	CT
1	22766382	1	AG
1	22766406	24	CG
1	22766477	71	AG
1	22766851	192	AG
1	22767145	216	GA
1	22767149	4	TA
1	22767257	108	AG
1	22767447	190	GA
1	22767693	246	TG
1	22768457	134	GA
1	22769203	698	TA
1	22769880	677	CA
1	22769911	31	GC
1	22770067	78	GA
1	22771038	897	GA
1	22772264	751	TC
1	22773637	766	GA
1	22773820	79	TC
1	22774561	377	GT
1	22774871	310	CT
1	22774878	7	GC
1	22775352	474	CT
1	22775616	264	AT
1	22775798	182	CT
1	22775864	66	GA
1	22775972	108	TC
1	22775979	7	CG
1	22775994	15	GA
1	22776054	60	AG
1	22776097	43	CT
1	22776221	124	CT
1	22776387	166	TC
1	22776946	559	GA
1	22777086	140	CT
1	22777207	121	TC
1	22777215	8	CT
1	22777491	276	AG
1	22777569	78	CT
1	22777832	263	TC
1	22778035	203	TC
1	22778089	54	CT
1	22778141	52	TG
1	22778461	320	GA
1	22778479	18	TC
1	22778556	77	GA
1	22778658	102	CG
1	22778677	19	CT
1	22778681	4	GA
1	22778696	15	CT
1	22778704	8	TC
1	22778916	67	AG
1	22779012	96	TA
1	22779095	83	GA
1	22780033	625	CT
1	22780065	32	CG
1	22780444	379	GT
1	22780452	8	TC
1	22783039	775	CT
1	22783597	558	GT
1	22784223	528	GA
1	22786855	1849	TC
1	22789636	2781	CT
1	22789655	19	CT
1	22789837	182	CT
1	22789902	65	AG
1	22789913	11	GT
1	22790138	225	TC
1	22792815	1729	TC
1	22794213	1010	TC
1	22794614	401	CT
1	22796405	811	GA
1	22797677	851	CT
1	22798371	602	AG
1	22799172	450	TC
1	22799664	492	TC
1	22801593	1659	TC
1	22802313	720	CT
1	22803852	748	GA
1	22806420	1680	AC
1	22807577	781	CA
1	22807579	2	CT
1	22807655	76	CT
1	22809185	627	GA
1	22809325	140	CT
1	22809404	79	AG
1	22810123	262	GA
1	22810985	274	CT
1	22811119	134	CT
1	22811521	402	CT
1	22811830	309	TA
1	22812648	171	AG
1	22813528	759	CT
1	22814527	647	GA
1	22814689	162	CT
1	22815060	371	AC
1	22815670	369	GA
1	22815863	193	AG
1	22815884	21	CT
1	22816083	199	GA
1	22816222	139	CT
1	22816565	247	GA
1	22816634	69	AG
1	22817898	1219	CA
1	22820369	2118	TC
1	22820706	337	GC
1	22821351	645	AC
1	22822070	719	AG
1	22822599	529	TC
1	22822619	20	TC
1	22822932	254	CT
1	22823010	78	TC
1	22823106	96	GA
1	22826311	3166	TA
1	22828171	1860	AG
1	22830524	2308	CG
1	22830863	339	GC
1	22833523	2561	CG
1	22834415	892	TG
1	22837819	2506	AT
1	22851257	3175	GA
1	22851274	17	GA
1	22851329	55	GA
1	22851860	57	AG
1	22853196	968	CT
1	22853285	89	GA
1	22855519	1630	GT
1	22856966	1100	GA
1	22857721	755	CA
1	22857900	179	GC
1	22858278	378	CT
1	22859472	1194	GA
1	22859479	7	CT
1	22859784	162	CA
1	22859901	117	CT
1	22860014	113	TC
1	22860212	198	CT
1	22860480	120	GC
1	22860487	7	GA
1	22860498	11	TC
1	22860518	20	AG
1	22861294	250	TA
1	22861411	117	AT
1	22861509	98	GC
1	22861815	306	TC
1	22862189	374	CT
1	22863037	756	CA
1	22863388	351	AG
1	22863406	18	CT
1	22863791	385	GA
1	22864129	338	CT
1	22864458	329	TA
1	22864703	245	TG
1	22864885	182	TC
1	22864981	96	AG
1	22865340	359	CA
1	22865809	469	GT
1	22866464	655	GA
1	22866478	14	AG
1	22867393	915	AG
1	22867396	3	TC
1	22867801	405	CT
1	22868324	523	GA
1	22868466	142	CT
1	22869990	1488	CA
1	22870479	489	GA
1	22873151	2639	CG
1	22873173	22	GA
1	22874804	1631	GA
1	22875684	790	AG
1	22876673	989	CG
1	22878141	1468	GA
1	22878164	23	TC
1	22878897	733	GA
1	22879562	665	TG
1	22880071	425	GA
1	22880080	9	CT
1	22880923	843	CT
1	22883039	539	AG
1	22888256	3323	CT
1	22891020	1892	CA
1	22893287	1641	TG
1	22895443	1968	CA
1	22895960	362	GA
1	22896380	420	CT
1	22896438	58	CG
1	22896807	369	CG
1	22896980	173	CA
1	22897034	54	GC
1	22897053	19	TC
1	22897124	71	AG
1	22897126	2	GT
1	22897163	37	AG
1	22897392	229	AG
1	22897690	298	TC
1	22898024	334	CT
1	22899683	1261	AG
1	22901816	1345	TC
1	22903744	1843	CT
1	22905467	1460	GA
1	22909842	3453	AC
1	22910053	211	CT
1	22911629	1340	CG
1	22911727	98	AT
1	22913666	1420	CT
1	22918654	4164	CG
1	22930774	8248	CT
1	22931378	604	CT
1	22931611	233	GA
1	22944076	9291	CT
1	22944124	48	GA
1	22974790	24836	TC
1	22975051	261	GA
1	22976487	863	AG
1	22978666	1647	TG
1	22978991	325	GA
1	22980274	1283	AG
1	22980442	168	GA
1	22981160	718	AG
1	22981291	131	AG
1	22981358	67	TC
1	22982004	393	TG
1	22983493	1113	AG
1	22985307	921	TC
1	22985316	9	TA
1	22987434	990	CG
1	22987443	9	CT
1	22987537	94	TC
1	22998570	6367	CT
1	23043418	32227	CA
1	23044737	1100	TC
1	23045517	744	CT
1	23048809	3292	AG
1	23050305	1415	CT
1	23052492	1120	AC
1	23053156	306	CT
1	23054061	905	GA
1	23055617	1556	CT
1	23056008	391	GA
1	23056394	386	CT
1	23061164	4201	GC
1	23064499	3298	CT
1	23066148	1649	CT
1	23066491	343	TC
1	23079418	12063	CT
1	23097069	15678	CG
1	23098126	1057	CT
1	23098173	47	CT
1	23099144	784	GA
1	23100084	806	AT
1	23102062	687	AC
1	23104513	1837	CT
1	23108012	3222	CT
1	23109317	1305	AT
1	23113866	3317	CT
1	23121677	6999	CG
1	23122319	623	CT
1	23122683	364	CT
1	23124148	1465	TG
1	23141490	11847	CT
1	23141889	399	GT
1	23143038	437	GC
1	23144302	797	AG
1	23144351	49	CT
1	23144387	36	GA
1	23145683	1078	CT
1	23145874	191	CT
1	23147059	1025	GA
1	23148127	512	CT
1	23149106	602	TA
1	23149125	19	CT
1	23149218	93	AG
1	23149859	310	TA
1	23149860	1	TG
1	23149870	10	GC
1	23150619	568	CT
1	23151022	403	GA
1	23151373	351	CT
1	23152065	648	GA
1	23153198	207	GA
1	23153566	178	CT
1	23153595	29	GA
1	23153610	15	GA
1	23153635	25	GA
1	23153875	240	TC
1	23154175	300	CT
1	23156012	411	TC
1	23157112	889	AG
1	23158362	1050	CT
1	23158761	399	TC
1	23160055	1023	GA
1	23160248	193	CT
1	23160261	13	CT
1	23160287	26	GA
1	23161739	717	AT
1	23161818	79	CT
1	23162461	466	GC
1	23166015	3022	AG
1	23169424	2872	TC
1	23172684	3178	AG
1	23173640	868	GA
1	23173725	85	GC
1	23174554	829	CT
1	23175357	803	CT
1	23175856	499	AG
1	23175898	42	AG
1	23176521	582	GA
1	23176809	105	CT
1	23177186	346	AG
1	23177876	690	GT
1	23178724	814	GA
1	23179272	548	GA
1	23179829	557	GT
1	23179961	132	GA
1	23180010	49	GA
1	23180874	551	GA
1	23181205	331	GA
1	23181259	54	CT
1	23181567	308	GT
1	23181707	140	AG
1	23182191	344	GA
1	23182474	283	TC
1	23183321	715	AG
1	23183757	436	TC
1	23183794	37	GT
1	23185124	946	GA
1	23185170	46	CT
1	23185311	113	CG
1	23185483	172	GA
1	23185611	128	GA
1	23185740	129	TC
1	23186055	315	TC
1	23186090	35	GA
1	23186151	61	CT
1	23187430	722	AG
1	23187487	57	TC
1	23187776	289	TC
1	23187820	44	GA
1	23187833	13	CT
1	23188665	832	AC
1	23189508	737	GA
1	23190816	301	GT
1	23190933	67	TG
1	23190987	54	GC
1	23191867	378	CT
1	23192172	305	GA
1	23192554	293	GA
1	23192813	259	CT
1	23192845	32	CT
1	23193131	286	AG
1	23193175	44	CT
1	23193176	1	GA
1	23198452	2961	GA
1	23206312	4265	AT
1	23208557	1422	CT
1	23209260	703	AT
1	23209728	468	AC
1	23209832	104	AT
1	23209881	49	CT
1	23213001	1909	GA
1	23213734	688	GA
1	23218584	4313	GC
1	23219713	936	GA
1	23223194	140	GA
1	23223215	18	AG
1	23224260	574	CT
1	23224287	27	TC
1	23228063	2801	CG
1	23228226	163	AG
1	23228267	41	GA
1	23228670	403	TC
1	23230033	298	TC
1	23237094	2076	TC
1	23237309	215	AG
1	23237595	286	TC
1	23237897	302	CA
1	23238725	828	CT
1	23239172	349	CT
1	23243535	1440	CA
1	23247772	2763	TC
1	23248534	762	GC
1	23248760	226	GT
1	23255219	4564	CT
1	23256003	743	CT
1	23257865	561	CT
1	23260363	1910	CT
1	23265388	4270	TC
1	23267872	2066	CT
1	23270481	2309	CA
1	23270862	381	TC
1	23270895	33	GA
1	23271167	272	CT
1	23271694	527	CT
1	23272471	483	CT
1	23274099	1484	CT
1	23274224	125	AT
1	23275787	1383	GT
1	23275934	147	CT
1	23275980	46	CG
1	23276390	410	GA
1	23276687	297	GA
1	23277266	316	GC
1	23278276	951	TC
1	23278539	263	AG
1	23278550	11	CT
1	23278800	250	CT
1	23279530	292	AG
1	23279708	178	TC
1	23279990	282	CT
1	23280094	104	TC
1	23280403	309	GT
1	23280696	252	AG
1	23280934	238	AG
1	23281538	461	AT
1	23281585	47	TA
1	23282955	1347	CT
1	23283332	377	CT
1	23283598	266	GT
1	23283924	326	CT
1	23283998	74	CT
1	23284202	204	GA
1	23284270	68	CT
1	23284782	512	CT
1	23286691	968	AG
1	23286898	207	TG
1	23287146	248	GA
1	23287928	610	CT
1	23288743	786	TC
1	23289222	479	GA
1	23289484	262	CT
1	23289655	171	TC
1	23290467	537	GA
1	23291001	534	CT
1	23291006	5	GA
1	23291333	327	GT
1	23291341	8	TC
1	23298371	4702	CT
1	23298373	2	CT
1	23298509	136	GA
1	23298794	285	AC
1	23299591	256	TC
1	23299628	37	TC
1	23299647	19	CT
1	23300515	542	AG
1	23300518	3	TC
1	23300671	153	TC
1	23300766	95	TC
1	23300780	14	CT
1	23301308	249	GA
1	23302301	635	GA
1	23303130	238	CT
1	23303140	10	TA
1	23303199	59	CG
1	23303246	47	GT
1	23303273	27	AG
1	23303349	76	GA
1	23303730	235	CT
1	23303800	70	CA
1	23304115	315	CT
1	23304313	198	GA
1	23304491	178	GA
1	23305442	631	CT
1	23305524	82	CT
1	23305721	197	TA
1	23305831	110	CA
1	23306076	245	CT
1	23306229	153	TC
1	23306233	4	TC
1	23306340	107	GT
1	23306432	92	CT
1	23306870	438	GA
1	23307035	165	CT
1	23307272	237	CT
1	23307445	120	CG
1	23307486	41	CT
1	23308064	418	AT
1	23308135	71	AG
1	23308303	168	AT
1	23308347	44	AG
1	23308642	295	CA
1	23308945	303	CT
1	23309098	153	CT
1	23309192	94	CA
1	23310052	860	CT
1	23310419	367	AC
1	23310879	460	TC
1	23311374	495	GA
1	23311906	532	CG
1	23311976	70	TC
1	23312180	204	CT
1	23312249	69	AG
1	23312496	186	TC
1	23312966	470	TC
1	23313530	224	TC
1	23313633	103	TC
1	23313819	186	AG
1	23313870	51	TC
1	23314172	302	GA
1	23314264	92	GC
1	23314327	63	CT
1	23314596	269	CA
1	23314626	30	TC
1	23314637	11	GA
1	23314814	177	TG
1	23315297	483	TG
1	23316287	386	GC
1	23316501	214	CT
1	23317038	537	GT
1	23317163	125	TC
1	23317192	29	TC
1	23317525	297	AG
1	23317530	5	TC
1	23317625	95	CA
1	23317852	227	GA
1	23317963	111	CG
1	23318047	84	TC
1	23318128	81	TG
1	23318224	58	TC
1	23318858	248	GA
1	23319310	61	AG
1	23319391	81	GA
1	23319422	31	AG
1	23319462	40	CT
1	23319526	64	TG
1	23319562	36	GA
1	23319567	5	TC
1	23319572	5	AG
1	23319881	309	TG
1	23320002	121	CA
1	23320019	17	TG
1	23320040	21	CG
1	23320729	689	GA
1	23321043	141	TG
1	23321111	68	CT
1	23321149	38	TG
1	23330190	2556	GA
1	23331522	178	CT
1	23331776	254	TC
1	23337421	3283	GC
1	23337479	58	GA
1	23338135	656	AG
1	23338216	81	TG
1	23338555	339	CA
1	23340060	1164	GA
1	23344510	765	GA
1	23344616	106	TC
1	23344666	50	AT
1	23344672	6	GT
1	23344918	246	GT
1	23344945	27	AG
1	23345165	54	GC
1	23345252	87	TC
1	23345262	10	CT
1	23345276	14	CA
1	23345340	64	GA
1	23345545	205	CT
1	23345639	94	TA
1	23345771	132	TC
1	23345885	114	CA
1	23345969	84	TC
1	23346291	322	TG
1	23346298	7	GA
1	23346390	92	TC
1	23346424	34	TG
1	23346454	30	GC
1	23346543	89	TC
1	23346585	42	TC
1	23346946	361	AG
1	23346967	21	CA
1	23347029	62	AC
1	23347251	222	AG
1	23347787	508	TC
1	23348531	547	GT
1	23348536	5	TG
1	23348583	47	TG
1	23349537	717	AT
1	23349555	18	CT
1	23350233	616	AG
1	23350248	15	TG
1	23350258	10	CG
1	23350485	227	CT
1	23350940	455	CT
1	23357263	4027	TC
1	23361202	3600	TC
1	23361253	51	TC
1	23361331	78	CT
1	23364552	754	GA
1	23366003	767	GA
1	23444450	46639	TA
1	23449336	3570	AC
1	23452392	2281	TC
1	23452585	193	TA
1	23452768	183	GC
1	23452820	9	GT
1	23453489	110	GA
1	23453953	464	GA
1	23454216	263	GT
1	23454667	451	CT
1	23455032	365	CT
1	23455167	135	AG
1	23455323	156	TC
1	23455597	274	CA
1	23455616	19	GC
1	23455645	29	TC
1	23455722	77	TC
1	23455851	129	AG
1	23455883	32	AG
1	23456073	190	AG
1	23456135	62	CT
1	23456165	30	GT
1	23456169	4	AG
1	23456186	17	GA
1	23458191	442	GA
1	23458709	518	GA
1	23459955	925	GA
1	23461409	765	CA
1	23461429	20	GA
1	23461486	57	GC
1	23461574	88	AG
1	23465612	1884	GA
1	23466156	475	CT
1	23470544	648	GA
1	23470586	42	AT
1	23470825	239	AG
1	23470948	123	TC
1	23472335	828	AG
1	23473930	1175	TC
1	23475957	744	TC
1	23476061	104	AC
1	23476062	1	GT
1	23476849	594	CT
1	23476854	5	GA
1	23476997	38	CT
1	23477067	70	GC
1	23477125	58	GA
1	23477253	128	CA
1	23479148	934	AT
1	23480220	595	TG
1	23480341	121	TC
1	23480369	28	TC
1	23481775	496	AG
1	23481792	17	TC
1	23483780	789	TC
1	23485395	1212	GA
1	23485652	257	TC
1	23485791	139	GA
1	23485867	76	AC
1	23486013	146	AG
1	23486198	185	CT
1	23486272	74	AG
1	23486297	25	GC
1	23487128	198	CT
1	23489107	776	TA
1	23489207	100	TC
1	23491824	1175	AG
1	23492669	553	CT
1	23492838	169	GA
1	23493373	535	CT
1	23494091	683	CT
1	23494110	19	GA
1	23494188	78	CT
1	23496924	1395	CT
1	23497567	592	TC
1	23497912	345	AG
1	23498256	318	AC
1	23499449	903	CT
1	23500474	842	CT
1	23501913	887	CT
1	23502669	432	CT
1	23506176	2670	CT
1	23507379	615	TC
1	23513885	2065	AG
1	23516463	804	CT
1	23517207	407	CT
1	23519089	644	GA
1	23519757	668	CT
1	23521575	1499	CT
1	23522714	999	CA
1	23522726	12	GA
1	23522763	37	GT
1	23524422	1200	CT
1	23525085	359	CT
1	23525096	11	AT
1	23525151	55	AG
1	23527825	2133	AT
1	23527967	142	AG
1	23528871	259	GA
1	23529739	640	CT
1	23530174	435	TA
1	23530198	24	TC
1	23530291	93	GA
1	23530744	453	GA
1	23530957	213	TC
1	23531153	196	AG
1	23531284	131	GA
1	23531315	31	AG
1	23531324	9	TC
1	23531381	57	CT
1	23532048	201	TG
1	23532176	128	AG
1	23532209	33	GA
1	23532212	3	AG
1	23532331	119	TC
1	23532503	172	GT
1	23532688	185	TC
1	23532810	122	CT
1	23532938	92	CT
1	23533015	77	AG
1	23533054	39	CT
1	23533256	74	TC
1	23533893	150	TG
1	23534013	49	AG
1	23534015	2	TC
1	23534022	7	GC
1	23534206	97	AT
1	23534226	20	CT
1	23534581	149	TC
1	23534762	181	AC
1	23534787	25	AC
1	23534938	151	TG
1	23534940	2	TC
1	23534951	11	TG
1	23534975	24	AG
1	23541406	182	CT
1	23541469	63	GC
1	23541515	46	AG
1	23541786	271	CT
1	23541959	140	CT
1	23542070	111	GA
1	23542087	17	GA
1	23542143	56	AG
1	23542741	125	AC
1	23544320	633	GA
1	23545226	266	CT
1	23546118	425	GT
1	23546122	4	AT
1	23546384	262	GA
1	23547716	1136	GA
1	23547826	110	GA
1	23547866	40	TA
1	23548383	442	CT
1	23548425	42	CT
1	23548439	14	AG
1	23548445	6	TC
1	23548960	317	GA
1	23549227	267	TG
1	23549235	8	TC
1	23550255	692	AG
1	23550323	68	GA
1	23550767	444	AG
1	23550795	28	TG
1	23551003	208	CA
1	23552035	468	GA
1	23552241	116	GA
1	23552342	101	AG
1	23552460	118	AC
1	23552540	80	TA
1	23552702	162	TC
1	23552788	86	CT
1	23553072	284	GC
1	23553480	408	GA
1	23553495	15	AG
1	23553699	204	GA
1	23553855	156	GA
1	23553915	60	GT
1	23553929	14	TC
1	23553991	62	TA
1	23554768	742	AG
1	23555175	407	CG
1	23555884	89	GA
1	23556016	132	TA
1	23556195	179	AG
1	23557228	1033	CT
1	23558720	1492	CT
1	23558734	14	CT
1	23564445	3207	AG
1	23564457	12	GA
1	23565435	652	AG
1	23565949	514	GA
1	23566547	235	AG
1	23566645	98	CT
1	23566787	142	CT
1	23567268	285	AC
1	23567273	5	CG
1	23567575	302	GA
1	23567595	20	CG
1	23569041	1104	AG
1	23569299	258	GA
1	23572097	2157	TC
1	23572613	516	AT
1	23574241	1165	TC
1	23575425	1002	AG
1	23577644	1568	CT
1	23579436	1184	TC
1	23579510	74	CT
1	23581678	1436	AG
1	23582817	618	GA
1	23583159	288	GC
1	23583247	48	AC
1	23583252	5	TC
1	23583256	4	GA
1	23584736	1480	AG
1	23587340	2433	CT
1	23587492	152	GC
1	23588169	677	AG
1	23588594	425	TA
1	23588820	226	CT
1	23589018	198	CT
1	23589085	67	GT
1	23591186	1436	GC
1	23591708	444	CT
1	23592638	904	CT
1	23592845	207	CT
1	23593293	364	GA
1	23593463	170	GA
1	23594013	451	GA
1	23594804	791	CA
1	23595190	386	GA
1	23598103	2750	TC
1	23601234	3131	GA
1	23602723	707	CT
1	23604379	1656	GA
1	23605192	693	AG
1	23605631	439	TA
1	23605868	237	TC
1	23605886	18	CT
1	23605918	32	GA
1	23606493	575	GA
1	23606525	32	AG
1	23606611	86	GA
1	23606940	329	TC
1	23607186	246	CA
1	23607746	560	CG
1	23608844	1073	CT
1	23608846	2	CT
1	23608977	131	GC
1	23609125	148	GC
1	23609603	478	AG
1	23609979	155	AG
1	23610036	57	CT
1	23610279	243	CT
1	23610350	71	GA
1	23610427	77	TA
1	23610467	40	AG
1	23611451	911	CT
1	23611674	223	CA
1	23612754	537	TC
1	23612850	96	CT
1	23613147	53	GA
1	23613191	44	CG
1	23613508	317	CT
1	23613601	93	CT
1	23613759	158	GA
1	23613797	38	CT
1	23613916	119	AC
1	23614095	179	CT
1	23614490	395	CT
1	23614629	139	CT
1	23617716	2241	CT
1	23619099	1255	CT
1	23619592	273	AG
1	23619993	401	TC
1	23620183	190	TC
1	23620221	38	AG
1	23620248	27	CT
1	23620356	108	CT
1	23620381	25	GA
1	23620663	282	GA
1	23620686	23	TA
1	23621043	357	AG
1	23621092	49	TG
1	23621473	381	TC
1	23621718	245	AG
1	23622993	1232	TC
1	23623760	448	CT
1	23633100	3288	CT
1	23638867	4503	GA
1	23644219	1685	GA
1	23644322	103	GA
1	23644906	157	TC
1	23644913	7	GA
1	23644950	37	CT
1	23645095	145	AG
1	23645296	201	CT
1	23645377	81	TG
1	23645568	191	CT
1	23645651	83	GA
1	23646011	360	AG
1	23646064	53	AC
1	23646146	82	CT
1	23647185	962	AG
1	23649002	951	GA
1	23649482	370	AC
1	23650875	646	TC
1	23650894	19	CA
1	23651223	329	TC
1	23651700	126	TC
1	23651712	12	CA
1	23652425	713	TC
1	23652670	138	CT
1	23653216	190	TC
1	23653299	83	CT
1	23653432	133	AC
1	23653450	18	CT
1	23653535	85	GA
1	23653613	78	GC
1	23653678	65	GA
1	23653690	12	AC
1	23653729	39	TC
1	23653746	17	CT
1	23653758	12	CT
1	23653772	14	GA
1	23653875	103	AG
1	23653995	120	CT
1	23653996	1	TA
1	23654061	65	TC
1	23654385	193	TA
1	23654386	1	AT
1	23654411	25	CT
1	23655343	344	AG
1	23655937	213	CA
1	23657110	503	CT
1	23657705	264	TC
1	23657709	4	AC
1	23657715	6	TC
1	23657805	90	GT
1	23658355	550	TC
1	23659079	45	AG
1	23659080	1	AC
1	23659204	84	GT
1	23659563	359	AG
1	23659938	283	TC
1	23660997	742	TC
1	23661003	6	AC
1	23661033	30	CG
1	23661910	385	CT
1	23662481	236	AC
1	23662582	76	GC
1	23667106	1494	TC
1	23667677	398	AG
1	23667751	74	GA
1	23667783	32	CT
1	23668985	606	TC
1	23669068	83	TC
1	23669866	798	CG
1	23669883	17	GC
1	23670271	388	GA
1	23670412	121	GT
1	23670422	10	TC
1	23670600	178	CT
1	23670631	31	TG
1	23670852	221	TC
1	23671716	629	GA
1	23671764	48	GA
1	23671770	6	TC
1	23673269	230	CT
1	23673270	1	TC
1	23673854	496	TG
1	23673962	108	TC
1	23673994	32	CT
1	23674300	306	CT
1	23674327	27	CT
1	23674344	17	CT
1	23680619	2844	AC
1	23682860	1094	TC
1	23684422	971	CA
1	23685292	870	TC
1	23685432	140	AG
1	23685722	234	CT
1	23685725	3	TC
1	23687703	1120	CG
1	23687981	278	AG
1	23688012	31	AG
1	23688830	782	CT
1	23688832	2	CT
1	23688919	87	TC
1	23689151	38	CG
1	23689153	2	TA
1	23692335	1089	CT
1	23693592	972	AG
1	23693608	16	AG
1	23694228	296	AG
1	23695013	434	CA
1	23695119	106	TC
1	23695138	19	AT
1	23695336	198	CT
1	23695423	87	AT
1	23695587	41	CT
1	23696040	30	TC
1	23696513	473	TG
1	23696672	159	GA
1	23696918	246	GA
1	23697087	169	CT
1	23697697	307	CT
1	23698160	175	GC
1	23699137	843	GA
1	23699314	177	CG
1	23699350	36	CT
1	23699599	249	GA
1	23699610	11	GC
1	23699644	34	GA
1	23699697	53	AG
1	23699705	8	GT
1	23700290	297	AG
1	23700357	67	CT
1	23700418	61	TA
1	23700433	15	CT
1	23700548	115	GC
1	23700894	346	GA
1	23700991	97	GT
1	23701128	137	CT
1	23701296	168	GA
1	23701933	117	AG
1	23702117	184	CT
1	23702122	5	AT
1	23702387	265	AG
1	23703239	116	TG
1	23703399	160	GA
1	23703962	450	GT
1	23706388	977	TC
1	23706409	21	TG
1	23707269	860	AT
1	23707278	9	CT
1	23707533	255	CT
1	23708325	366	CT
1	23708906	534	TC
1	23709254	293	GC
1	23709912	658	AC
1	23710056	144	AG
1	23710190	134	TC
1	23711127	781	TC
1	23711290	163	GA
1	23712630	320	GC
1	23713035	146	CT
1	23713058	23	CT
1	23713138	80	CT
1	23713224	86	TC
1	23713417	193	AG
1	23714132	698	GA
1	23714295	163	AG
1	23718902	1720	GT
1	23719021	119	AG
1	23719217	196	GA
1	23719223	6	CT
1	23719257	34	TC
1	23720275	706	GA
1	23720580	305	TC
1	23720698	118	GT
1	23720767	69	GC
1	23720842	75	CT
1	23720869	27	CT
1	23720870	1	CG
1	23720873	3	GA
1	23722031	647	GA
1	23722118	87	AT
1	23722538	157	GC
1	23722622	84	GA
1	23722717	95	TC
1	23726318	2887	TC
1	23726319	1	GA
1	23726685	366	GA
1	23727132	447	TC
1	23728305	858	GC
1	23729584	580	CT
1	23729638	54	CT
1	23736845	2802	CT
1	23737293	350	CG
1	23739507	226	GA
1	23739508	1	AG
1	23740152	426	CA
1	23740329	177	CT
1	23740545	216	GA
1	23740758	213	CT
1	23741251	295	CT
1	23741313	62	TA
1	23741448	135	GA
1	23741507	59	GA
1	23741628	121	TC
1	23743562	80	GA
1	23743694	132	CG
1	23744138	355	GA
1	23744191	53	AC
1	23744874	683	GA
1	23745425	551	AC
1	23747051	1332	TC
1	23747064	13	GA
1	23747259	195	GC
1	23747826	567	TC
1	23748870	767	GT
1	23752055	1848	CT
1	23753206	129	CT
1	23756578	881	CT
1	23763217	2707	CT
1	23763343	126	TG
1	23764623	1280	TC
1	23776151	1487	AC
1	23777559	973	TA
1	23777684	125	CT
1	23778731	758	GA
1	23782908	1938	CT
1	23783492	272	AG
1	23784581	463	TC
1	23791240	2581	TA
1	23805106	2603	GT
1	23808055	1562	TC
1	23808850	795	CT
1	23808852	2	CT
1	23810899	377	AG
1	23810959	60	CA
1	23810967	8	CT
1	23812850	275	AT
1	23813103	253	AG
1	23813407	304	CA
1	23813443	36	TC
1	23813643	200	AG
1	23814805	693	AG
1	23815002	197	GA
1	23815046	44	GA
1	23815058	12	GT
1	23815360	302	TA
1	23816289	200	GT
1	23817647	924	CT
1	23817677	30	AG
1	23817779	102	TG
1	23820437	1072	AT
1	23823414	330	CT
1	23826346	1183	GA
1	23826367	21	TC
1	23829439	1401	AC
1	23850841	628	GA
1	23852820	1659	CT
1	23853204	200	CT
1	23853813	609	TC
1	23857188	1689	GA
1	23857283	95	GA
1	23857686	379	TC
1	23857825	139	CT
1	23858563	738	AC
1	23858938	179	AG
1	23859928	663	AG
1	23859965	37	TC
1	23863056	2768	TC
1	23863947	574	GA
1	23864803	673	AG
1	23876146	2909	TC
1	23877610	1069	CT
1	23878515	905	GC
1	23881693	3026	AG
1	23882084	391	GT
1	23882888	591	AG
1	23888220	3404	GC
1	23889308	579	CG
1	23892825	3203	TG
1	23894984	1225	TC
1	23896142	977	AG
1	23897812	861	AG
1	23898640	828	CA
1	23911153	7710	TC
1	23912833	1600	CT
1	23915703	1858	GA
1	23919698	2908	TG
1	23920317	619	CG
1	23921075	501	TG
1	23921282	207	GA
1	23921352	70	CT
1	23923044	1692	GC
1	23923472	428	GA
1	23927193	1887	AC
1	23931272	2030	AG
1	23934243	1685	AG
1	23934438	195	AG
1	23936104	1170	GA
1	23939564	2393	CA
1	23940844	732	CA
1	23941948	513	TC
1	23942383	334	CT
1	23943466	940	CT
1	23946151	1457	TC
1	23946988	572	GA
1	23948630	1053	AG
1	23949641	1011	AG
1	23949693	52	CA
1	23950195	418	GA
1	23950391	196	GA
1	23951661	687	CT
1	23952019	247	TC
1	23952510	491	CG
1	23952763	253	TC
1	23954167	805	GA
1	23954169	2	TC
1	23954764	431	GA
1	23954856	92	AG
1	23955320	464	AG
1	23955759	439	TA
1	23955886	127	AG
1	23956810	924	CG
1	23957748	586	GA
1	23959180	229	GT
1	23960334	1154	AG
1	23960387	53	CG
1	23961101	260	CT
1	23961636	276	GA
1	23961643	7	GT
1	23961892	249	CT
1	23962126	234	TC
1	23962202	76	GT
1	23962255	53	TC
1	23962262	7	GT
1	23962981	544	CT
1	23962995	14	GT
1	23963502	507	GA
1	23963870	368	TC
1	23966592	1494	CT
1	23966617	25	AG
1	23966644	27	GA
1	23966853	209	GC
1	23966953	100	AT
1	23968649	1234	AG
1	23975058	2600	AG
1	23976949	1806	TC
1	23996496	7399	GA
1	23998485	1967	TG
1	23998530	45	GT
1	23998610	80	GA
1	24000579	1332	CT
1	24002870	1683	AG
1	24004678	1070	TC
1	24005603	925	AC
1	24005645	42	AG
1	24007601	1184	TG
1	24009017	1079	GA
1	24012837	2595	AT
1	24013892	814	GA
1	24014852	479	GC
1	24015034	182	CT
1	24017871	1872	CT
1	24021728	2446	GT
1	24021852	124	CT
1	24022699	339	GA
1	24023322	587	GC
1	24025233	1296	AG
1	24028664	2948	AT
1	24029044	380	AG
1	24030892	1022	CT
1	24035339	3748	GC
1	24037033	1377	TC
1	24038583	1510	GA
1	24051655	9100	TG
1	24053021	460	GA
1	24053705	423	GC
1	24054469	320	AT
1	24074369	14906	CT
1	24076842	2138	GT
1	24077280	438	CT
1	24089009	7747	GA
1	24099718	4826	AG
1	24133204	28850	GA
1	24135508	2157	GA
1	24136452	910	AT
1	24136832	380	TC
1	24136874	42	AG
1	24136936	62	AG
1	24137679	643	CG
1	24138168	426	GC
1	24138181	13	AG
1	24138707	526	CG
1	24139057	156	AG
1	24139162	105	AG
1	24139596	434	GA
1	24139770	174	TC
1	24139785	15	AG
1	24139955	170	CT
1	24140156	201	TC
1	24140893	352	TC
1	24141072	179	CT
1	24144876	813	CT
1	24147025	1298	GA
1	24147278	253	GA
1	24148857	1579	TC
1	24149284	427	CT
1	24152789	3466	GC
1	24152819	30	AT
1	24155874	2955	TC
1	24157839	1913	TC
1	24158888	702	TA
1	24160901	1884	TC
1	24161063	162	TC
1	24162961	1674	CG
1	24163136	175	TG
1	24163264	128	AG
1	24163421	157	CA
1	24167321	3751	CT
1	24168218	897	CT
1	24172577	4283	CT
1	24174696	1693	AG
1	24175028	332	CA
1	24177930	2807	CA
1	24178233	303	TA
1	24178423	190	AG
1	24180228	1305	TC
1	24181743	1515	TC
1	24185961	3535	CT
1	24193071	4813	TC
1	24207369	9462	TA
1	24209308	1916	GA
1	24213438	2598	CA
1	24214343	309	TC
1	24216309	961	TC
1	24223609	2303	CT
1	24226059	1209	GA
1	24226936	877	CT
1	24230404	2577	AG
1	24233336	2230	GA
1	24234733	1104	AG
1	24240413	875	AG
1	24241727	736	CT
1	24242386	659	TC
1	24243597	346	AT
1	24243797	200	TC
1	24244765	711	GA
1	24245655	890	AT
1	24246361	634	CT
1	24247120	759	TC
1	24248964	1443	GC
1	24251792	835	AG
1	24253889	1488	GA
1	24254569	334	TG
1	24257684	521	TC
1	24258839	197	TC
1	24259469	312	AG
1	24259977	508	CT
1	24264441	695	GA
1	24267216	1402	GA
1	24277943	1601	CT
1	24277979	36	TA
1	24280976	184	AC
1	24282358	1349	TC
1	24282363	5	TC
1	24283190	664	CT
1	24284948	449	GC
1	24285154	206	TC
1	24285302	148	CA
1	24285560	258	TC
1	24291149	900	CT
1	24292379	1230	TC
1	24298810	1246	GA
1	24303675	1920	TC
1	24307456	2341	AT
1	24317674	2390	AG
1	24323716	2808	AG
1	24326307	1560	CT
1	24333044	4086	AC
1	24333045	1	TC
1	24335571	1279	GA
1	24335716	145	GA
1	24336235	323	CT
1	24336273	38	CT
1	24336278	5	GA
1	24338844	2540	CT
1	24342187	2194	CT
1	24342292	105	AC
1	24344668	1425	CT
1	24346120	953	CT
1	24346245	125	AG
1	24349539	2386	AG
1	24350978	485	GT
1	24351512	534	TG
1	24351523	11	AG
1	24353895	1793	TA
1	24354535	538	AC
1	24354846	311	TC
1	24354910	64	GA
1	24354913	3	GC
1	24354991	78	TC
1	24355112	121	CG
1	24355117	5	GC
1	24355589	149	GA
1	24355642	53	TC
1	24356583	442	GT
1	24356755	172	AG
1	24357067	312	CA
1	24358684	1517	GA
1	24358756	72	GA
1	24360848	1092	CG
1	24361154	102	CT
1	24361950	456	CT
1	24362563	168	GA
1	24362583	20	TG
1	24373846	2572	GT
1	24384177	3295	GC
1	24384197	20	GC
1	24387392	324	AT
1	24388600	809	GA
1	24392809	1610	AG
1	24392860	51	GA
1	24393556	589	CT
1	24393573	17	CA
1	24398787	2178	GT
1	24399004	217	GA
1	24400763	112	AG
1	24400776	13	AC
1	24401008	232	GA
1	24401167	159	AG
1	24402615	813	GA
1	24402635	20	GT
1	24403303	261	TC
1	24403334	31	AG
1	24403336	2	AC
1	24403366	30	AC
1	24404444	175	CA
1	24404900	233	TC
1	24404905	5	CT
1	24406601	929	GA
1	24406994	393	GA
1	24406998	4	CT
1	24407954	543	CT
1	24408074	120	TA
1	24408491	190	GT
1	24409406	863	CG
1	24414719	3068	TC
1	24414935	216	TG
1	24415419	484	CA
1	24420627	2582	GA
1	24426112	4834	GA
1	24426541	429	GA
1	24428601	1765	TG
1	24429313	404	GC
1	24430516	1180	AG
1	24433291	1370	GC
1	24433500	209	AG
1	24442306	6580	TC
1	24451992	8808	AG
1	24454755	2763	GA
1	24455677	511	CT
1	24455848	171	CT
1	24470151	7969	CA
1	24472518	539	CT
1	24474447	1025	TA
1	24475335	646	CT
1	24475344	9	CT
1	24475368	24	CT
1	24475471	103	TC
1	24476823	1078	TC
1	24477997	77	CT
1	24478074	77	TC
1	24478105	31	CT
1	24478119	14	CG
1	24478280	161	GA
1	24478317	37	CA
1	24478326	9	CG
1	24478372	46	GA
1	24478404	32	GA
1	24478405	1	TC
1	24478431	26	TC
1	24478437	6	GC
1	24479190	301	TC
1	24479203	13	GC
1	24479257	54	TC
1	24479701	444	GA
1	24480323	478	TA
1	24480390	67	TC
1	24480449	59	GA
1	24480585	136	CG
1	24480620	35	GA
1	24480628	8	TC
1	24480784	156	AG
1	24480829	45	TG
1	24480938	109	TC
1	24481524	153	TC
1	24481568	44	CG
1	24481575	7	TG
1	24481936	138	CT
1	24482134	66	CT
1	24482196	62	TG
1	24482302	106	GA
1	24482355	53	GA
1	24483323	375	CT
1	24483326	3	TC
1	24485516	393	TC
1	24485535	19	AG
1	24485662	127	TC
1	24485664	2	CT
1	24486437	384	AG
1	24487176	399	TA
1	24487214	38	GC
1	24487367	153	CT
1	24497537	3183	GA
1	24497739	202	CG
1	24497757	18	CT
1	24497821	64	TC
1	24500063	1982	TC
1	24500898	835	CT
1	24500958	60	GA
1	24501429	471	CA
1	24502140	550	GC
1	24503120	907	GA
1	24503709	479	CT
1	24504156	447	GT
1	24506275	526	GA
1	24506887	612	CT
1	24508253	545	TG
1	24510110	1623	GA
1	24513205	2752	AG
1	24513829	624	TC
1	24513900	71	AG
1	24514211	311	CG
1	24514454	243	CT
1	24515163	709	GA
1	24515898	680	GA
1	24515941	43	CT
1	24515951	10	CT
1	24516752	665	CT
1	24518381	1526	GA
1	24518973	592	AG
1	24519025	52	CG
1	24519137	112	GA
1	24519701	564	AG
1	24520049	348	AG
1	24520961	716	GT
1	24524875	3441	GA
1	24524969	94	AG
1	24525194	225	GA
1	24526026	832	CG
1	24526079	53	CT
1	24526599	391	TG
1	24530316	3179	CT
1	24531982	1420	GA
1	24533120	1138	CT
1	24533179	59	CT
1	24534377	747	CT
1	24537780	3308	GA
1	24539354	1574	GT
1	24539510	156	GA
1	24539748	238	CG
1	24539960	212	GA
1	24540542	541	GA
1	24540988	446	CT
1	24542218	1230	TG
1	24542570	352	GA
1	24544424	1824	CT
1	24546032	1221	AG
1	24546480	384	GA
1	24546573	93	TC
1	24546751	178	AC
1	24546834	83	CG
1	24547047	180	AT
1	24547895	848	CT
1	24547900	5	GT
1	24548152	252	GC
1	24548155	3	TC
1	24550483	2328	GT
1	24550725	242	GA
1	24550819	11	CT
1	24550870	51	GA
1	24550907	37	CA
1	24550930	23	TC
1	24552043	1113	AC
1	24553009	925	TG
1	24553221	212	GA
1	24553359	138	AG
1	24553425	66	AG
1	24553832	407	CT
1	24554023	191	GA
1	24554051	28	TC
1	24554392	341	TC
1	24555020	628	GT
1	24555974	954	GA
1	24556248	274	TC
1	24556676	231	AG
1	24556927	251	CG
1	24556973	46	TC
1	24560578	2847	GT
1	24560847	269	CA
1	24561381	534	TC
1	24561840	459	CT
1	24562045	205	AG
1	24563054	827	TC
1	24563055	1	GC
1	24563059	4	CT
1	24563064	5	CT
1	24563237	173	TC
1	24563411	174	AG
1	24563795	384	GA
1	24564249	405	AG
1	24564608	359	CT
1	24565648	1040	AG
1	24565741	93	CT
1	24565808	67	GA
1	24565821	13	GC
1	24566414	301	GA
1	24566888	374	GA
1	24567466	540	CT
1	24567543	77	GA
1	24567846	303	AG
1	24569159	1313	GA
1	24570923	1764	GA
1	24571097	174	AG
1	24575928	4782	AG
1	24575932	4	CT
1	24576177	245	GC
1	24577732	1410	GA
1	24577787	55	AG
1	24580281	2443	GA
1	24580806	525	AG
1	24580953	147	AG
1	24581042	89	GA
1	24581293	251	TA
1	24581485	192	AG
1	24581535	50	AT
1	24582393	786	GT
1	24582543	150	GA
1	24582805	262	CG
1	24583223	418	AG
1	24583369	146	GA
1	24583943	574	GA
1	24584054	111	CG
1	24584818	685	TC
1	24585608	790	CT
1	24585821	188	GA
1	24586436	481	GA
1	24586837	401	AG
1	24588144	782	TC
1	24588210	66	CA
1	24588311	101	AG
1	24588375	64	GA
1	24588424	49	TC
1	24588539	115	GA
1	24588546	7	AG
1	24588608	62	GA
1	24588694	86	GA
1	24588709	15	AG
1	24589470	761	AG
1	24589568	98	TC
1	24589673	105	CT
1	24590731	852	CT
1	24590746	15	CT
1	24590759	13	CG
1	24590827	68	GA
1	24590831	4	TC
1	24591337	506	CG
1	24591485	148	TC
1	24591877	392	AG
1	24591934	57	CT
1	24591943	9	AC
1	24591961	18	GA
1	24592356	395	AG
1	24593013	291	TG
1	24593020	7	TC
1	24593496	476	TC
1	24593760	180	AT
1	24593822	62	GC
1	24594231	300	GA
1	24594412	181	CT
1	24594416	4	AG
1	24594436	20	GA
1	24594482	46	GA
1	24594736	254	TC
1	24595066	330	AG
1	24595470	404	AG
1	24595969	450	AG
1	24596155	186	CT
1	24596210	55	TC
1	24596292	82	TC
1	24596393	101	GA
1	24596787	394	TA
1	24597533	697	CT
1	24598264	421	CT
1	24599546	1202	GT
1	24599696	150	CT
1	24601079	299	GA
1	24601175	96	CT
1	24601354	179	AC
1	24601365	11	CG
1	24601474	109	GA
1	24601490	16	AT
1	24602084	566	AG
1	24602490	406	CT
1	24605284	1333	CT
1	24605328	44	CA
1	24605333	5	CT
1	24605334	1	AG
1	24605533	199	GA
1	24605869	336	CT
1	24606536	667	GA
1	24606595	59	GA
1	24606667	72	GA
1	24631370	14943	CT
1	24631526	156	TC
1	24631813	287	TC
1	24633426	322	CT
1	24634239	769	CT
1	24634327	88	CT
1	24635359	822	CT
1	24635450	91	CT
1	24635639	189	GA
1	24638076	2083	CT
1	24638404	328	AG
1	24638894	490	CG
1	24638897	3	GA
1	24639778	881	GA
1	24640936	868	AG
1	24641205	269	CG
1	24641207	2	AG
1	24641503	296	AC
1	24642516	785	CT
1	24642743	227	AG
1	24643942	1199	TA
1	24643992	50	CT
1	24644126	134	GA
1	24645263	703	AG
1	24652284	5526	GA
1	24657593	5124	GA
1	24679903	20045	CT
1	24695742	14483	CT
1	24703272	7384	GA
1	24711852	6587	AG
1	24713390	591	GT
1	24722070	6180	GA
1	24724472	2204	CT
1	24728320	3264	CT
1	24729571	1251	GA
1	24729725	154	AG
1	24730730	1005	CT
1	24731776	739	CT
1	24731951	175	GT
1	24781539	35594	CT
1	25001284	1284	GA
1	25003091	1807	AG
1	25004055	964	TC
1	25004173	118	GA
1	25004224	51	AG
1	25004361	137	AG
1	25004446	85	CT
1	25004887	441	AC
1	25005899	985	CT
1	25006111	212	AG
1	25006626	515	CT
1	25007122	342	CT
1	25007491	369	GA
1	25007622	131	AG
1	25007702	80	TC
1	25007929	227	GA
1	25008102	131	AC
1	25008115	13	AC
1	25008645	530	CA
1	25008856	89	TG
1	25009066	210	GA
1	25009204	138	GA
1	25009320	91	AG
1	25009420	100	TC
1	25009441	21	AG
1	25009715	274	AG
1	25009768	53	GA
1	25009881	113	CA
1	25009956	75	GA
1	25010096	140	GA
1	25010238	142	TA
1	25010264	26	GA
1	25010811	356	TC
1	25011200	389	GA
1	25012287	331	GA
1	25012350	63	AT
1	25012618	268	CG
1	25013015	350	AG
1	25013503	461	GA
1	25013521	18	GA
1	25013974	405	CG
1	25014579	605	CG
1	25015330	595	AC
1	25015764	434	TA
1	25015919	155	CT
1	25016698	455	CT
1	25016830	132	CT
1	25016860	30	CT
1	25016921	61	CG
1	25017002	81	AG
1	25017549	327	CT
1	25017917	368	TG
1	25018191	237	GT
1	25025454	5137	CT
1	25026853	1084	CT
1	25030581	2642	TC
1	25030724	143	TC
1	25031432	708	CT
1	25034457	1351	TC
1	25034654	197	CT
1	25035578	118	GA
1	25035833	255	GA
1	25035996	163	AG
1	25036132	136	TC
1	25036188	56	TG
1	25036252	64	GA
1	25036995	151	CT
1	25037281	212	TC
1	25037680	399	TC
1	25037735	55	TC
1	25037829	94	GA
1	25038208	379	TC
1	25038215	7	AG
1	25038767	552	TC
1	25039340	573	CT
1	25039428	88	CT
1	25039618	190	AG
1	25039832	214	AG
1	25039882	50	GA
1	25040130	29	CT
1	25040691	561	CG
1	25040708	17	CA
1	25040737	29	CT
1	25040788	51	GA
1	25040866	78	CT
1	25040913	47	AG
1	25041125	212	CT
1	25041453	328	GA
1	25042237	784	TC
1	25042346	109	GA
1	25042950	604	CT
1	25043146	196	CT
1	25043198	52	TC
1	25043372	174	AG
1	25044104	369	CT
1	25044156	52	GA
1	25044161	5	AG
1	25045097	806	AG
1	25045243	146	AC
1	25045323	80	GA
1	25045564	241	TG
1	25045688	124	CT
1	25045981	293	GT
1	25046042	61	TC
1	25046144	102	CT
1	25046145	1	CT
1	25046440	295	GA
1	25047097	200	GA
1	25047390	293	CT
1	25047453	63	CT
1	25047669	216	CT
1	25047849	180	TG
1	25047876	27	TC
1	25048036	160	GC
1	25049239	398	GT
1	25049512	273	TA
1	25049714	202	CT
1	25049785	71	GA
1	25049848	63	TC
1	25050364	516	CT
1	25051209	806	TC
1	25051441	232	CT
1	25052155	414	TA
1	25052631	434	AT
1	25052779	148	AG
1	25053157	378	GA
1	25053276	119	GA
1	25053351	75	AG
1	25053361	10	GA
1	25053592	231	GA
1	25053601	9	GA
1	25053631	30	GA
1	25053868	237	TC
1	25053957	89	GT
1	25054107	150	TA
1	25054193	86	CG
1	25054267	74	TG
1	25054360	93	TC
1	25054382	22	GT
1	25054389	7	CT
1	25054393	4	TC
1	25054394	1	GA
1	25054396	2	GT
1	25054707	311	CG
1	25055235	470	GA
1	25055298	63	CT
1	25055657	359	AG
1	25055703	46	TG
1	25055955	220	TA
1	25059113	1896	CT
1	25062930	2909	AG
1	25063698	612	CT
1	25067987	2567	GA
1	25068995	414	TG
1	25069524	431	GA
1	25070514	482	TC
1	25070947	51	AG
1	25070986	39	AG
1	25071296	310	CT
1	25071310	14	TC
1	25071411	101	GA
1	25071428	17	CA
1	25074472	1282	AG
1	25074501	29	AG
1	25074529	28	CT
1	25074887	358	AG
1	25075485	238	AT
1	25075657	172	GT
1	25075794	137	AT
1	25075859	65	TC
1	25075925	66	CT
1	25076373	151	CT
1	25076671	298	TC
1	25076693	22	CA
1	25077098	296	GA
1	25077584	486	AC
1	25078437	622	CT
1	25079262	825	TG
1	25079296	34	TC
1	25079457	161	GA
1	25079601	144	GC
1	25079771	170	AG
1	25079903	132	GC
1	25079912	9	TC
1	25079963	51	AG
1	25079964	1	TC
1	25080021	57	CG
1	25080545	524	CT
1	25080619	74	AG
1	25080678	59	GA
1	25080723	45	CT
1	25080783	60	TC
1	25080805	22	AG
1	25080869	64	CT
1	25080875	6	TG
1	25080978	103	CG
1	25080990	12	GC
1	25081024	34	TC
1	25081402	186	AG
1	25081869	467	TC
1	25081917	48	AG
1	25082230	166	AG
1	25082328	98	AG
1	25082698	329	GA
1	25083058	360	TG
1	25083230	172	CT
1	25083231	1	AG
1	25083904	188	AG
1	25084836	567	GA
1	25085186	350	TA
1	25085769	184	CT
1	25087120	401	GA
1	25087267	147	CG
1	25087269	2	AG
1	25087324	55	GT
1	25087617	293	TC
1	25087645	28	AC
1	25087646	1	GA
1	25087683	37	CT
1	25087852	169	GA
1	25087871	19	TC
1	25088021	150	CA
1	25088172	107	GA
1	25088276	104	GA
1	25088370	94	AG
1	25088382	12	GA
1	25088471	36	TC
1	25089323	852	CT
1	25089324	1	AG
1	25089437	113	AC
1	25089462	25	AT
1	25090023	287	TG
1	25090049	26	AG
1	25090056	7	TG
1	25090207	151	GA
1	25090483	245	CA
1	25090498	15	GT
1	25090634	136	CT
1	25090704	70	TC
1	25090835	131	TC
1	25091100	265	TC
1	25092070	540	CT
1	25092089	19	TC
1	25092352	263	TC
1	25092462	110	GC
1	25093322	649	CT
1	25093807	485	GA
1	25096109	1861	CT
1	25096390	281	TC
1	25097795	529	TG
1	25098328	291	CT
1	25098609	254	GA
1	25098640	31	GC
1	25098649	9	GA
1	25098925	276	TC
1	25099198	273	AG
1	25100831	659	GA
1	25100891	60	CT
1	25100994	103	GA
1	25101586	285	AG
1	25103878	2165	CT
1	25105190	1312	GA
1	25106966	1361	CT
1	25107040	74	CT
1	25107277	237	AG
1	25107647	370	TG
1	25107684	37	TC
1	25107716	32	GA
1	25107774	58	GT
1	25107838	64	CA
1	25107988	150	CT
1	25108190	202	AG
1	25108819	629	AG
1	25110602	1303	TC
1	25111258	297	CT
1	25111321	63	TA
1	25111580	259	AG
1	25111667	87	CT
1	25112110	315	GA
1	25112268	158	AG
1	25112445	177	CT
1	25112496	51	CG
1	25112509	13	AG
1	25112553	44	TC
1	25112557	4	CT
1	25112608	51	GA
1	25113738	404	CT
1	25114240	457	CT
1	25114382	142	CA
1	25116268	1102	GC
1	25117732	1219	TC
1	25117918	186	GA
1	25118200	282	CT
1	25118739	236	CT
1	25119469	682	TC
1	25120636	787	GA
1	25122127	799	TA
1	25122715	588	AG
1	25124262	1475	AT
1	25124289	27	CT
1	25125087	798	GA
1	25125138	51	GA
1	25125855	614	CG
1	25125985	130	GA
1	25128592	2299	TG
1	25130630	1776	AT
1	25131112	482	AG
1	25135481	1620	TC
1	25137285	489	GA
1	25137339	54	AC
1	25137554	215	GA
1	25137779	225	AG
1	25138109	330	TC
1	25138483	374	TG
1	25138596	113	GA
1	25138712	116	TC
1	25138800	88	TC
1	25139199	163	CT
1	25139980	442	GA
1	25140276	296	GA
1	25140450	174	GA
1	25140587	137	AG
1	25140915	152	TC
1	25140916	1	AG
1	25140991	75	GA
1	25141022	31	TC
1	25141068	46	CT
1	25141119	51	GA
1	25142034	353	GA
1	25142343	281	TC
1	25142791	253	TC
1	25142831	40	AG
1	25142988	157	GC
1	25144369	1233	TC
1	25144936	265	GA
1	25147171	1129	TC
1	25151562	719	AC
1	25153019	732	TC
1	25156225	2857	TC
1	25156481	256	GC
1	25156509	28	AG
1	25156758	249	TC
1	25156766	8	AG
1	25156841	75	TC
1	25157395	414	GA
1	25157556	161	AC
1	25160352	1760	AG
1	25161071	505	AG
1	26369239	832394	GA
1	26380414	6708	CT
1	26383214	2156	GA
1	26385824	938	AG
1	26387468	1299	GA
1	26551446	130933	CA
1	26551482	36	GA
1	26552846	1364	GA
1	26553083	36	TC
1	26556469	1929	TC
1	26564139	5751	GA
1	26564770	631	CG
1	26565813	937	CT
1	26566560	747	AG
1	26567477	770	GT
1	26568456	350	AG
1	26568969	283	CG
1	26569552	267	CT
1	26569578	26	GA
1	26572288	1732	CT
1	26572689	401	AG
1	26572989	300	GT
1	26574189	1200	AG
1	26574315	126	AG
1	26574368	53	TC
1	26575337	466	TC
1	26575350	13	AG
1	26575506	156	TC
1	26577119	387	CT
1	26578061	645	CT
1	26579253	439	CG
1	26579270	17	GA
1	26579729	459	GC
1	26580044	315	GC
1	26580163	119	AC
1	26580297	134	CG
1	26582252	757	TG
1	26585888	1892	CT
1	26586430	542	CT
1	26586550	120	AG
1	26586673	123	CT
1	26590659	1517	AG
1	26594600	1728	CG
1	26594647	47	TC
1	26595053	386	GA
1	26595764	711	GA
1	26596721	100	TG
1	26596808	87	CT
1	26597007	147	CA
1	26598123	1116	GA
1	26598347	183	CT
1	26598418	71	GC
1	26599312	696	GA
1	26599377	65	GC
1	26599387	10	GA
1	26600459	654	CA
1	26600701	242	AG
1	26600782	81	AG
1	26602831	1344	GA
1	26602919	88	TG
1	26603063	144	AG
1	26603378	315	AG
1	26603416	38	TC
1	26603492	76	TG
1	26604723	1231	CT
1	26604858	135	GA
1	26604911	53	CG
1	26605466	472	GA
1	26609911	2876	TA
1	26610577	666	AG
1	26610652	75	GT
1	26611437	356	AG
1	26611557	120	CT
1	26613890	660	CT
1	26614748	493	TC
1	26615021	273	CA
1	26615751	385	AG
1	26617947	1790	GC
1	26619853	1874	AC
1	26621301	1305	TG
1	26622818	1485	GT
1	26626680	2582	GC
1	26626943	263	AC
1	26628688	801	AC
1	26629336	192	CT
1	26629408	72	CG
1	26629423	15	CT
1	26629695	272	CT
1	26630876	386	AG
1	26631084	208	CG
1	26632018	934	GA
1	26632026	8	CT
1	26632212	186	GA
1	26632370	158	CG
1	26632409	39	CT
1	26632496	87	GA
1	26633310	456	CA
1	26633704	394	GC
1	26633837	133	TC
1	26633925	88	AG
1	26633975	50	GA
1	26634208	233	CT
1	26634985	734	GA
1	26634994	9	GT
1	26635293	299	GA
1	26635467	174	CA
1	26635468	1	GA
1	26635547	79	CA
1	26635597	50	CT
1	26636495	830	CT
1	26636776	281	CG
1	26639158	287	AG
1	26641509	672	GA
1	26642977	771	TC
1	26643013	36	GC
1	26643093	80	CT
1	26644612	579	AG
1	26644683	71	AG
1	26644841	158	GA
1	26645270	429	GT
1	26645317	47	AG
1	26645340	23	GA
1	26645356	16	GA
1	26645393	37	GA
1	26645565	172	GT
1	26646002	437	CT
1	26646157	155	CT
1	26646158	1	AG
1	26646849	691	TC
1	26648142	1210	AG
1	26648216	74	GA
1	26648482	266	GA
1	26648515	33	GA
1	26648529	14	AG
1	26648830	301	TC
1	26648885	55	TC
1	26650026	1141	CT
1	26650541	396	CT
1	26651643	1102	CG
1	26651677	34	CT
1	26651955	278	GT
1	26653840	1695	GA
1	26653871	31	AG
1	26656323	2452	CT
1	26657533	1137	TC
1	26657605	72	GA
1	26659012	1407	GA
1	26659369	357	AG
1	26659425	56	AG
1	26660521	1096	CA
1	26660959	336	GA
1	26662066	1076	GA
1	26662609	543	GA
1	26665636	2382	AG
1	26666434	697	CT
1	26666443	9	CA
1	26666444	1	TG
1	26668761	1779	CT
1	26670906	1413	GA
1	26672033	448	CT
1	26672053	20	GT
1	26672249	196	CT
1	26672251	2	TC
1	26672267	16	GT
1	26672298	31	GC
1	26672369	71	TC
1	26672373	4	CT
1	26672374	1	GA
1	26672380	6	GA
1	26672699	319	CT
1	26672830	131	TC
1	26673350	520	CT
1	26673430	80	AG
1	26673531	101	GA
1	26673544	13	AG
1	26673591	47	TC
1	26673929	338	CG
1	26674744	815	TG
1	26675997	148	GA
1	26676663	373	CA
1	26676737	74	CT
1	26676994	257	GA
1	26679408	395	GA
1	26679752	344	GC
1	26679829	77	AG
1	26680131	302	GA
1	26680908	607	GC
1	26681533	338	GA
1	26681559	26	TC
1	26681679	120	TC
1	26682115	436	CG
1	26682259	144	TC
1	26683025	766	CT
1	26683413	49	GA
1	26684089	676	TC
1	26684141	52	CT
1	26685173	1032	CT
1	26685916	743	GA
1	26686061	145	CT
1	26686140	79	GA
1	26686282	142	GA
1	26686949	667	CA
1	26688271	1004	TA
1	26689003	532	CT
1	26689206	203	CT
1	26690723	1305	GA
1	26691773	1050	GA
1	26691917	144	TC
1	26693615	604	GA
1	26693745	130	GC
1	26693765	20	CT
1	26694724	244	TC
1	26694819	95	CG
1	26695288	104	TC
1	26695392	104	TC
1	26695573	181	CG
1	26696604	1031	TG
1	26697465	537	TC
1	26697466	1	AG
1	26697731	265	GC
1	26697834	29	AG
1	26698241	131	CG
1	26698716	475	AG
1	26699365	649	GA
1	26699547	82	CA
1	26699918	371	TC
1	26700057	139	GC
1	26700698	192	AC
1	26702359	821	TC
1	26703841	1482	CT
1	26703957	116	GT
1	26704063	106	TC
1	26704376	313	TC
1	26706874	2498	CT
1	26710204	2506	AG
1	26710850	497	TC
1	26711931	230	TA
1	26712194	263	AT
1	26712286	92	TC
1	26716577	1195	AG
1	26716616	39	TC
1	26716788	172	TG
1	26716791	3	GA
1	26716807	16	TC
1	26716882	75	GA
1	26717027	145	GA
1	26717591	128	TG
1	26717623	32	CT
1	26718166	543	TC
1	26719632	793	GA
1	26720088	173	AG
1	26720110	22	AC
1	26722954	604	TA
1	26729123	2831	GA
1	26729610	487	CT
1	26730050	440	GT
1	26733145	3017	TG
1	26737257	1977	GA
1	26738649	419	CT
1	26738679	30	AG
1	26739344	383	CT
1	26739408	64	GT
1	26740411	556	TC
1	26741057	329	CT
1	26742831	502	GA
1	26744871	1209	GT
1	26744976	105	CT
1	26745035	59	CA
1	26745127	92	AG
1	26745243	116	CT
1	26745654	411	GC
1	26745708	54	GC
1	26745927	219	TC
1	26746254	327	GA
1	26747248	460	AC
1	26748811	848	GC
1	26748892	81	AG
1	26749676	475	AG
1	26750048	372	CT
1	26750199	151	GC
1	26750972	586	CT
1	26751193	221	GA
1	26751198	5	AC
1	26751740	542	TC
1	26752423	327	AG
1	26752475	52	CT
1	26752526	51	AG
1	26752543	17	CT
1	26753048	471	CA
1	26753231	183	AG
1	26753397	166	AG
1	26753476	79	AG
1	26753589	113	TC
1	26753904	315	CT
1	26754018	77	TA
1	26754176	158	TC
1	26756126	1459	GA
1	26756241	115	CG
1	26756255	14	CT
1	26756605	269	GA
1	26757364	450	TG
1	26757468	104	CT
1	26757488	20	GA
1	26758883	981	GA
1	26759139	256	CT
1	26759219	80	AG
1	26760710	1491	AC
1	26761082	372	GA
1	26761334	252	AC
1	26762147	813	AG
1	26762253	106	AG
1	26762312	59	CT
1	26762314	2	GT
1	26762430	116	AG
1	26762957	527	GC
1	26763063	106	GA
1	26763669	408	AT
1	26765365	1696	CG
1	26765388	23	TC
1	26765391	3	GA
1	26765578	187	TC
1	26765832	254	TA
1	26766163	331	TC
1	26766900	737	CT
1	26767575	675	GA
1	26767781	206	AG
1	26767809	28	CG
1	26767890	81	TC
1	26767904	14	AG
1	26768415	260	AG
1	26768741	326	AC
1	26769167	426	GA
1	26769254	87	GA
1	26769300	46	CT
1	26770295	906	AC
1	26775284	1799	AC
1	26802323	711	AG
1	26802331	8	GC
1	26802549	218	GA
1	26824517	909	GA
1	26825646	886	AG
1	26826402	696	CT
1	26827565	622	AT
1	26829215	897	TG
1	26829235	20	CT
1	26829798	145	GC
1	26830072	274	CA
1	26832068	1089	TC
1	26832074	6	TG
1	26832534	261	GT
1	26834376	955	AC
1	26834479	103	TC
1	26834863	248	CG
1	26834870	7	AG
1	26837568	2605	TG
1	26840082	1948	CA
1	26840432	350	CT
1	26846878	4706	GA
1	26846893	15	TC
1	26846919	26	CT
1	26846923	4	CT
1	26848647	1551	CT
1	26848816	169	GA
1	26848916	100	AG
1	26849084	2	AG
1	26849176	92	GC
1	26851534	2199	CT
1	26856195	1746	CG
1	26859455	2430	AG
1	26859511	56	TA
1	26859693	182	GA
1	26860505	366	CG
1	26863366	1955	GA
1	26864556	440	GA
1	26864615	59	CT
1	26865475	860	TA
1	26867456	1236	CT
1	26868301	497	GC
1	26872972	1367	TC
1	26873230	258	GA
1	26873304	74	GT
1	26873674	370	AG
1	26873710	36	GA
1	26874807	511	TC
1	26874875	68	CT
1	26876214	1089	CG
1	26876324	110	CG
1	26879004	1593	GC
1	26879115	111	GT
1	26880664	641	GC
1	26880835	171	GA
1	26882863	1683	GA
1	26884235	1035	GC
1	26889103	2779	CT
1	26889369	266	GA
1	26889610	241	AT
1	26889618	8	CT
1	26889871	253	CT
1	26891174	911	AG
1	26891811	637	GA
1	26891887	76	AG
1	26892319	432	AG
1	26892330	11	CA
1	26893553	1092	GA
1	26895006	287	TG
1	26897118	663	TC
1	26897759	641	CT
1	26897832	73	AG
1	26897865	33	CA
1	26897901	36	TC
1	26898136	235	GA
1	26898527	82	CT
1	26898592	65	CT
1	26898597	5	CT
1	26898653	56	CT
1	26898670	17	GA
1	26898916	246	AT
1	26898921	5	GA
1	26899242	297	CT
1	26899734	139	CT
1	26900133	399	GT
1	26900213	80	AG
1	26900215	2	GA
1	26900701	393	GA
1	26900807	106	CT
1	26901244	63	CG
1	26902291	728	GC
1	26905117	835	GA
1	26905281	164	TG
1	26909628	2877	GC
1	26910421	793	TA
1	26910489	68	GC
1	26910545	56	TA
1	26912420	902	AG
1	26913147	727	GA
1	26913201	54	CG
1	26914819	441	GA
1	26914835	16	TC
1	26915627	564	TC
1	26916447	223	CA
1	26918343	1452	GA
1	26927076	7347	GT
1	26929893	2721	GA
1	26931828	1869	CT
1	26936664	4277	CT
1	26942251	5369	CT
1	26943781	1250	GA
1	26944251	470	AG
1	26944268	17	AG
1	26944300	32	GC
1	26944304	4	AC
1	26946433	1090	TG
1	26946507	74	GA
1	26947361	736	CT
1	26949815	1341	TC
1	26949951	136	AG
1	26952301	1668	GA
1	26952470	169	CT
1	26953069	348	CT
1	26953169	100	GA
1	26953179	10	GA
1	26953345	166	TG
1	26953718	373	GA
1	26954376	550	GT
1	26954584	208	GA
1	26954824	240	GC
1	26954865	41	CT
1	26954906	41	GA
1	26954942	36	AT
1	26955059	117	TG
1	26955347	91	GT
1	26956052	705	GC
1	26956197	145	CT
1	26956792	238	AG
1	26956817	25	AG
1	26956861	44	AG
1	26956868	7	TA
1	26956895	27	CT
1	26957062	167	GA
1	26957638	211	TC
1	26957715	77	GA
1	26958126	87	CG
1	26958346	86	CG
1	26958375	29	GA
1	26959559	350	GA
1	26959584	25	CT
1	26960985	601	CA
1	26961724	739	GA
1	26961784	60	GA
1	26961845	61	TC
1	26961974	81	GA
1	26962654	502	AG
1	26962954	300	TC
1	26963880	926	CT
1	26964027	147	TC
1	26964272	245	GA
1	26965967	1420	TC
1	26966285	277	CT
1	26967569	952	GC
1	26971824	2771	GA
1	26972342	518	GA
1	26973252	862	CT
1	26974815	447	GA
1	26974917	102	TC
1	26975020	103	AC
1	26975267	247	TC
1	26976800	740	GT
1	26977331	531	GA
1	26977424	93	GA
1	26977428	4	CT
1	26977781	162	TC
1	26977793	12	TC
1	26977827	34	AG
1	26977962	135	GA
1	26978038	76	CT
1	26979694	1132	GC
1	26979728	34	GA
1	26979735	7	GC
1	26980433	403	CT
1	26981437	256	CG
1	26981995	529	CT
1	26982739	319	CT
1	26983874	457	TA
1	26985158	352	TG
1	26985241	83	CT
1	26985729	191	TC
1	26986579	548	CT
1	26986660	81	TC
1	26987742	869	CT
1	26988169	427	CT
1	26988424	255	GC
1	26988464	40	GA
1	26988619	155	CT
1	26988646	27	GA
1	26989342	434	TA
1	26990246	386	CT
1	26990815	280	AC
1	26992029	1048	CT
1	26992101	72	GA
1	26993237	817	AG
1	26994552	919	CT
1	26996790	671	GA
1	26997092	302	GA
1	26997337	245	TG
1	27001104	1877	CT
1	27003971	2004	CT
1	27004269	213	CT
1	27005976	1599	GA
1	27007019	487	CT
1	27007274	255	AG
1	27012842	3824	TC
1	27012853	11	CT
1	27014807	1798	TC
1	27016909	776	AG
1	27016957	48	AC
1	27017038	81	CT
1	27017813	775	GC
1	27017931	118	CT
1	27019308	998	CT
1	27019494	130	GC
1	27019562	68	CT
1	27020323	692	AG
1	27020437	114	AG
1	27020905	468	CT
1	27021233	328	GA
1	27021300	67	CT
1	27021325	25	AG
1	27021373	48	CT
1	27022032	659	CT
1	27022256	224	AG
1	27022791	535	CT
1	27022893	102	GA
1	27023085	192	GT
1	27023742	249	AT
1	27024004	262	CT
1	27027895	1510	GA
1	27028221	326	TC
1	27028395	174	AG
1	27029253	497	GA
1	27030155	788	TC
1	27031004	849	TG
1	27031350	346	GT
1	27031516	166	AG
1	27031585	69	GA
1	27031955	370	GA
1	27032299	344	GA
1	27035004	2497	AG
1	27036074	594	CT
1	27036585	211	CT
1	27038802	1993	AG
1	27039403	574	CG
1	27039462	59	CT
1	27039580	118	TC
1	27039592	12	AG
1	27039593	1	TC
1	27039610	17	TG
1	27039813	137	AC
1	27040013	200	TC
1	27040334	321	GC
1	27040682	315	GC
1	27040791	76	TC
1	27040817	26	CT
1	27041099	282	AC
1	27041135	36	CT
1	27041363	228	TC
1	27041532	169	TC
1	27041538	6	CA
1	27041595	57	TC
1	27041662	67	AG
1	27041927	265	TC
1	27041947	20	TC
1	27041949	2	AG
1	27042016	67	GA
1	27042020	4	TC
1	27043193	811	CT
1	27043295	102	TC
1	27043627	34	GA
1	27043638	11	TG
1	27043728	90	CT
1	27043880	152	AG
1	27044252	372	CG
1	27044296	44	CT
1	27044632	336	TG
1	27044901	269	AG
1	27045889	864	CT
1	27046258	369	TC
1	27046607	349	TG
1	27046900	293	CT
1	27046956	56	TC
1	27047109	153	TG
1	27047187	78	GA
1	27047202	15	GT
1	27047253	51	GT
1	27047270	17	CA
1	27047272	2	CG
1	27047336	64	TC
1	27047459	123	GA
1	27047628	32	GC
1	27048153	208	TC
1	27050552	1814	CT
1	27050935	383	GA
1	27050986	51	TC
1	27050993	7	TC
1	27051026	33	CT
1	27051259	233	AC
1	27051354	95	GT
1	27051376	22	AG
1	27051429	53	CT
1	27051513	84	GA
1	27051531	18	GA
1	27051742	46	TC
1	27053111	1295	GC
1	27053783	672	TC
1	27054203	420	AG
1	27056088	994	GC
1	27056098	10	CT
1	27057074	827	CT
1	27057307	178	CT
1	27057534	227	GC
1	27057601	67	TC
1	27058761	1160	AC
1	27058818	57	AT
1	27059179	361	AG
1	27059720	424	AG
1	27061823	1293	AG
1	27062161	299	TC
1	27062342	181	GA
1	27062365	23	TG
1	27062418	53	GA
1	27062561	143	TA
1	27062594	33	AG
1	27062634	40	CG
1	27063288	550	AG
1	27063388	100	CT
1	27063501	113	TC
1	27063575	74	GC
1	27063770	49	CT
1	27063773	3	AT
1	27063794	21	CT
1	27065258	1246	GA
1	27065409	151	AG
1	27065593	184	GA
1	27068605	818	CT
1	27069282	677	CA
1	27071630	1646	CT
1	27072227	597	AG
1	27072698	471	GA
1	27072795	97	TC
1	27073065	270	GA
1	27073436	371	GA
1	27073867	240	GA
1	27073874	7	TC
1	27073880	6	CT
1	27074000	120	AG
1	27075631	1283	AG
1	27075685	54	TA
1	27076446	312	CA
1	27076632	186	AG
1	27076673	41	TA
1	27076837	164	TC
1	27077044	207	CT
1	27077210	166	GC
1	27077444	234	CG
1	27077478	34	AG
1	27077493	15	GA
1	27079174	268	GA
1	27079463	289	CT
1	27079677	214	AC
1	27080949	1035	GA
1	27080951	2	AC
1	27080972	21	AG
1	27082774	1260	GA
1	27092747	4286	CT
1	27094753	1586	GA
1	27095575	702	CT
1	27098437	2557	CT
1	27100912	1379	CG
1	27102192	1056	TC
1	27102790	517	AG
1	27103260	470	TC
1	27103810	399	GA
1	27103826	16	GA
1	27103898	72	AG
1	27104051	153	GC
1	27105283	1164	TC
1	27105373	90	TC
1	27105479	106	AG
1	27105875	396	CA
1	27107289	1285	CA
1	27107943	518	GA
1	27108448	505	GA
1	27108783	217	GT
1	27108856	73	CT
1	27108876	20	CT
1	27109030	154	AG
1	27109125	95	TC
1	27109945	759	GC
1	27110704	759	GA
1	27110787	83	TC
1	27110988	171	CT
1	27111428	440	GA
1	27111725	297	AC
1	27112317	556	GA
1	27112425	108	AG
1	27112428	3	GA
1	27113208	780	CT
1	27113341	133	CT
1	27118298	2017	CA
1	27121285	2841	GA
1	27125225	2159	TA
1	27126682	1457	GA
1	27128442	1414	CT
1	27130950	2399	AG
1	27132426	1323	GA
1	27132829	403	TC
1	27143470	6402	GA
1	27146663	2953	TC
1	27147218	265	CT
1	27151153	2897	CA
1	27152477	1153	CT
1	27154273	1312	TC
1	27155341	1068	TC
1	27155509	168	CG
1	27155565	56	CT
1	27155688	123	AG
1	27155714	26	TC
1	27155749	35	CT
1	27155761	12	CT
1	27157042	730	TC
1	27157823	567	GT
1	27159056	1233	AG
1	27163939	4121	AG
1	27163966	27	TC
1	27165120	487	GA
1	27165473	353	GT
1	27165814	341	CT
1	27165955	78	GA
1	27167028	1043	GA
1	27167249	221	CG
1	27167264	15	AG
1	27169259	1540	AG
1	27169397	138	GA
1	27182488	6280	GA
1	27184687	1924	CT
1	27189162	3410	CT
1	27194498	4449	GA
1	27194673	175	GA
1	27194693	20	TA
1	27194823	130	GA
1	27195690	592	CT
1	27195696	6	AG
1	27196010	314	GA
1	27196147	137	TC
1	27196491	344	TC
1	27196492	1	GA
1	27196537	45	TC
1	27197606	804	GA
1	27198381	775	CT
1	27199013	360	AG
1	27200171	512	AT
1	27202332	1384	AG
1	27203163	831	TC
1	27203175	12	GA
1	27203191	16	CT
1	27203916	725	TG
1	27204163	247	CT
1	27204955	792	AG
1	27209218	4181	AG
1	27210255	1037	AG
1	27212056	352	GC
1	27213458	375	TC
1	27213560	102	AG
1	27213774	132	AG
1	27213825	51	CT
1	27213834	9	AG
1	27214059	106	CT
1	27214311	210	GA
1	27216927	2034	TC
1	27217200	187	TC
1	27219918	2718	CG
1	27220553	635	GA
1	27220764	211	AC
1	27221994	1230	CG
1	27227669	5274	CA
1	27230210	2356	CG
1	27234076	2711	TC
1	27234086	10	AG
1	27234382	257	CT
1	27235144	485	AC
1	27235273	129	GA
1	27235805	532	GA
1	27235880	75	AT
1	27236771	547	GA
1	27236845	74	CT
1	27237003	158	CA
1	27238034	919	GC
1	27238127	93	AG
1	27238253	126	GA
1	27238343	90	TC
1	27238505	162	CT
1	27238651	146	TC
1	27238729	78	AG
1	27239531	730	AG
1	27240180	59	TA
1	27240320	54	CT
1	27241378	960	GA
1	27241451	73	GT
1	27242684	1110	AG
1	27243066	382	GA
1	27244167	1003	AG
1	27244402	235	AG
1	27245536	705	GT
1	27245542	6	CT
1	27245545	3	CT
1	27245546	1	AG
1	27245683	137	TC
1	27245687	4	TC
1	27245718	31	GT
1	27245865	109	GA
1	27245900	35	TC
1	27245968	68	AT
1	27246767	249	AG
1	27247246	426	CT
1	27247361	115	TC
1	27247748	387	TC
1	27247851	103	CT
1	27250913	2981	GA
1	27251340	427	CT
1	27254159	1813	AG
1	27256878	1972	TC
1	27258498	384	GA
1	27258619	121	TC
1	27258670	51	CT
1	27258838	168	CT
1	27261189	1347	TA
1	27263742	1114	TC
1	27265769	1255	CT
1	27265815	46	TC
1	27266947	707	TA
1	27272213	3175	GA
1	27272344	131	GA
1	27283323	6949	GA
1	27284669	754	GA
1	27295013	9881	CA
1	27320485	20554	CG
1	27322104	1598	CT
1	27322251	147	GA
1	27322809	221	GA
1	27323473	619	GA
1	27324374	864	TG
1	27326628	2081	AG
1	27326775	147	CG
1	27326969	194	AG
1	27327422	453	TC
1	27328451	1029	GA
1	27328866	415	CT
1	27339877	9704	CG
1	27341027	1150	GA
1	27341150	123	GA
1	27341394	244	GA
1	27344348	2037	CG
1	27347177	2347	AG
1	27347551	304	GC
1	27349379	1696	AG
1	27349548	169	GC
1	27351379	1564	CT
1	27351684	305	TC
1	27355568	3148	CA
1	27355659	91	TC
1	27355732	73	GT
1	27356554	769	GA
1	27358573	2019	GA
1	27367001	8169	CT
1	27369424	2320	GA
1	27371834	2186	GC
1	27371895	61	GA
1	27372101	206	TA
1	27372529	428	TA
1	27374019	1113	GA
1	27376972	1871	AG
1	27377108	78	GA
1	27378393	1151	AG
1	27381230	1229	GC
1	27385307	3158	CA
1	27385338	31	CA
1	27385682	344	GA
1	27388913	2344	GA
1	27390278	708	TC
1	27390417	139	CT
1	27390421	4	CT
1	27390612	191	GA
1	27390943	331	CT
1	27390993	50	GA
1	27391245	252	GA
1	27391393	148	CT
1	27392009	616	CT
1	27392249	240	CT
1	27392477	228	AG
1	27394044	1274	CG
1	27394045	1	GA
1	27394047	2	GA
1	27394052	5	AC
1	27394054	2	GT
1	27394577	523	GA
1	27397824	2571	AG
1	27405935	6127	CT
1	27406816	499	CA
1	27406976	160	GT
1	27407739	425	TC
1	27408663	924	CT
1	27409709	1046	GA
1	27410094	385	TC
1	27410757	663	GT
1	27411510	430	CA
1	27411599	89	AT
1	27415880	2057	TC
1	27418654	2527	GC
1	27418918	264	AG
1	27421080	2162	AT
1	27421437	357	GA
1	27425375	3938	CT
1	27426115	740	CG
1	27426141	26	TC
1	27426964	823	TA
1	27428856	1605	TG
1	27429398	542	GA
1	27429958	83	GA
1	27430708	425	AG
1	27432320	794	CT
1	27432594	274	GA
1	27432828	234	CA
1	27433402	574	TC
1	27433751	349	TC
1	27433915	124	GA
1	27433917	2	CG
1	27434394	477	GA
1	27435603	1080	GA
1	27435720	117	GA
1	27435755	35	GA
1	27435824	69	GA
1	27435873	49	CT
1	27436282	409	GT
1	27437013	572	CT
1	27438819	1774	GA
1	27438889	70	GA
1	27438980	91	AG
1	27440022	1042	GA
1	27441048	995	CT
1	27441405	326	GT
1	27444638	3079	CT
1	27444868	230	AG
1	27448007	2669	TC
1	27451281	2886	GA
1	27458112	607	TC
1	27462315	772	GA
1	27462731	85	GT
1	27465253	1151	CT
1	27466360	588	AG
1	27466896	536	TC
1	27466897	1	CT
1	27467140	83	TC
1	27467826	559	GC
1	27468444	443	CG
1	27471421	2669	GT
1	27472319	709	AT
1	27472366	47	TA
1	27473204	730	GA
1	27473869	639	TC
1	27475351	1348	CT
1	27479971	3149	GC
1	27480433	462	GC
1	27480446	13	GT
1	27480703	257	GA
1	27481327	624	CT
1	27481509	182	CG
1	27481531	22	GA
1	27482672	670	CT
1	27482941	269	AG
1	27483230	289	CT
1	27483711	481	AG
1	27483757	46	GA
1	27483989	232	CT
1	27485369	1380	TC
1	27485778	409	AG
1	27489721	2510	CA
1	27494106	3725	TC
1	27498226	961	AG
1	27498847	404	CT
1	27499645	148	CA
1	27501289	1080	AG
1	27501329	40	TA
1	27501339	10	GA
1	27503093	261	AC
1	27507045	3679	TC
1	27507429	384	TC
1	27507616	187	AG
1	27510035	2138	GA
1	27510520	485	CT
1	27514331	3628	GA
1	27514708	377	GA
1	27514758	50	AG
1	27514860	102	CG
1	27515759	869	GA
1	27517791	2032	GT
1	27517799	8	TC
1	27517854	55	CT
1	27520293	2084	GT
1	27527259	5203	TC
1	27528123	764	CA
1	27528124	1	TA
1	27528903	406	AG
1	27534055	2373	GA
1	27538920	4216	CT
1	27539512	592	GA
1	27541306	1794	GT
1	27541664	358	GC
1	27542659	915	TC
1	27545251	2322	CT
1	27555833	8520	TC
1	27556541	354	TC
1	27658456	64760	CT
1	27701221	20614	CT
1	27703877	1847	TA
1	27705222	1235	TG
1	27708407	2858	TC
1	27710001	720	CT
1	27711087	1015	AG
1	27711316	229	AG
1	27713102	1718	GA
1	27713197	95	CT
1	27713503	236	CT
1	27713746	243	AG
1	27713831	85	CA
1	27713918	87	GA
1	27713967	49	CT
1	27713980	13	AG
1	27714200	220	CT
1	27714637	437	GA
1	27714739	102	AC
1	27714755	16	AG
1	27715376	366	CT
1	27715391	15	TC
1	27715487	96	CT
1	27716596	1079	GT
1	27718164	1513	GA
1	27721292	2889	GC
1	27722080	744	GC
1	27722433	353	GC
1	27724938	2427	GA
1	27727261	1565	AT
1	27727682	137	GA
1	27727893	211	CA
1	27729406	1117	CT
1	27733552	1658	CG
1	27739237	3967	TG
1	27741202	1690	CT
1	27741725	458	CA
1	27742041	316	TC
1	27743989	1007	TC
1	27744687	615	AT
1	27744824	137	CT
1	27746110	917	TC
1	27746643	533	AG
1	27746817	174	TG
1	27749611	1777	AT
1	27752152	2228	CG
1	27752378	226	GA
1	27754931	1652	AG
1	27756464	1158	AG
1	27757461	958	CT
1	27758605	714	GA
1	27759197	592	CT
1	27759772	220	CG
1	27762358	1105	TA
1	27763273	445	CG
1	27767541	3015	CA
1	27769518	1811	CT
1	27769553	35	GC
1	27778143	3571	GC
1	27778258	115	CT
1	27783143	2814	AG
1	27783560	125	TG
1	27785824	639	GA
1	27786963	996	GT
1	27787980	897	GT
1	27788262	173	CT
1	27788276	14	TA
1	27790042	1190	CT
1	27790043	1	AG
1	27791393	1068	GA
1	27791394	1	AG
1	27793279	772	CT
1	27793503	224	GA
1	27796762	3259	CA
1	27802044	3260	TC
1	27804197	1822	CT
1	27804859	662	TA
1	27805593	576	GA
1	27805596	3	GA
1	27806188	592	GA
1	27807829	1030	CT
1	27808124	295	AG
1	27808157	33	TA
1	27808346	189	CG
1	27808648	151	GA
1	27811213	2201	GA
1	27814116	1851	TC
1	27814497	381	CT
1	27815139	642	TC
1	27815434	183	CT
1	27815577	143	CT
1	27830480	5728	AC
1	27848222	397	TC
1	27848715	453	AG
1	27852440	3122	CA
1	27852599	159	AG
1	27854057	1458	GC
1	27854788	731	AG
1	27854994	206	AG
1	27855044	50	TG
1	27856352	1308	CG
1	27856475	123	GC
1	27863014	2401	CG
1	27865228	1898	GC
1	27865705	396	TC
1	27870843	4825	AG
1	27871123	247	AG
1	27871320	197	CT
1	27871457	137	AG
1	27871464	7	GA
1	27872338	874	GA
1	27874780	2442	CT
1	27876653	1873	CT
1	27876815	162	AG
1	27877176	361	GA
1	27877526	350	CT
1	27878774	1222	CT
1	27879580	781	GC
1	27879806	207	AG
1	27881618	1812	CG
1	27882762	1066	GC
1	27882792	30	GA
1	27883060	268	GA
1	27883749	172	GC
1	27883791	42	GT
1	27885669	1306	GT
1	27886824	1130	GT
1	27887075	251	TC
1	27888191	593	GA
1	27891327	2032	TC
1	27893044	1230	CT
1	27893116	72	TC
1	27895701	1962	GA
1	27895794	93	CT
1	27897627	839	TG
1	27899752	1345	CA
1	27907254	5795	TC
1	27912660	354	AT
1	27914890	331	GA
1	27918525	894	AG
1	27921040	835	CT
1	27928147	2661	AG
1	27928594	243	CT
1	27937472	6106	TG
1	27941671	2018	AG
1	27942071	400	CT
1	27942737	497	TC
1	27950035	6822	CT
1	27950927	892	CT
1	27954402	2874	TC
1	27955673	881	CA
1	27957555	1453	CG
1	27965713	6312	CT
1	27965891	178	TC
1	27966598	343	AG
1	27967272	498	TC
1	27967739	467	AG
1	27967851	112	CT
1	27967888	37	TC
1	27967892	4	AG
1	27969956	543	CA
1	27970207	251	TG
1	27970239	32	GA
1	27970502	263	TC
1	27970566	64	AG
1	27970656	90	CA
1	27970995	339	AG
1	27971072	77	CA
1	27975055	2637	GA
1	27981354	2267	AT
1	27981514	160	GA
1	27983062	1120	GA
1	27987558	2095	AG
1	27988572	892	CA
1	27988587	15	TA
1	27990513	1384	CA
1	27992465	1882	GA
1	27992648	148	GA
1	27992657	9	CG
1	27992686	29	TG
1	27992717	31	TC
1	27992866	149	CT
1	27993044	178	CT
1	27993154	110	GA
1	27994104	950	TG
1	27994975	851	CT
1	27995794	819	GA
1	27996845	1051	AG
1	27996884	39	CT
1	27997664	615	GA
1	27997724	60	GT
1	27998016	292	TC
1	27998538	522	GC
1	27999083	545	AG
1	27999702	514	CT
1	28000476	736	CT
1	28000652	176	GA
1	28001692	492	GC
1	28001770	78	CT
1	28002794	881	AG
1	28003714	858	GA
1	28003858	144	AG
1	28004316	458	AG
1	28004479	163	CT
1	28004514	35	AG
1	28004532	18	TC
1	28004618	86	TC
1	28004627	9	CT
1	28004812	185	GC
1	28004964	152	AG
1	28004971	7	AG
1	28005400	429	CT
1	28005407	7	CA
1	28005649	242	CT
1	28005866	217	AG
1	28006031	165	TC
1	28006166	135	CT
1	28006237	71	GA
1	28006310	73	TC
1	28006676	146	CA
1	28006764	88	GT
1	28006799	35	AT
1	28006859	60	AT
1	28006874	15	TC
1	28007299	425	CG
1	28007430	131	CT
1	28008095	504	CT
1	28008126	31	CA
1	28008498	372	AG
1	28008649	151	GC
1	28008743	94	CT
1	28008766	23	TG
1	28008781	15	TG
1	28009356	553	CT
1	28009376	20	GC
1	28010004	628	TC
1	28010762	758	GA
1	28010897	135	AG
1	28011017	120	AG
1	28012542	652	CT
1	28013275	635	GA
1	28013635	360	CG
1	28013943	308	GA
1	28014387	444	GA
1	28015030	643	CT
1	28015647	617	GA
1	28017652	1802	GA
1	28017688	36	CA
1	28018465	777	TC
1	28021563	3019	GA
1	28022780	1217	GA
1	28024582	833	CT
1	28029340	3215	TG
1	28029523	183	TC
1	28032545	2969	AC
1	28034187	1096	CT
1	28034239	52	CT
1	28034513	274	CA
1	28044490	8599	GC
1	28067891	20307	GT
1	28068974	177	CG
1	28070605	520	TC
1	28070810	205	TG
1	28070849	39	GA
1	28070853	4	TG
1	28071226	373	CA
1	28071305	79	TC
1	28071306	1	AG
1	28071580	274	GA
1	28071581	1	CT
1	28071585	4	CT
1	28071708	123	GA
1	28071811	103	CT
1	28073079	1087	GT
1	28073568	489	TC
1	28074043	475	AG
1	28074999	911	TC
1	28075253	254	AG
1	28081632	5090	AT
1	28085645	3445	CT
1	28089091	2915	GA
1	28089890	799	AG
1	28090330	440	CA
1	28091382	1052	CT
1	28095338	3956	CT
1	28099991	3919	GA
1	28103501	2483	CT
1	28106030	765	TC
1	28107033	684	GA
1	28113188	5574	AT
1	28113954	568	GC
1	28113955	1	TG
1	28114103	148	GA
1	28115026	923	AG
1	28115103	77	TC
1	28115968	865	TG
1	28116056	88	AG
1	28116119	63	AG
1	28116329	191	GA
1	28117149	673	CT
1	28117361	156	AG
1	28117722	18	GA
1	28118900	1148	AT
1	28118928	28	GA
1	28119743	815	AG
1	28119751	8	GA
1	28119832	81	TC
1	28122192	1452	AT
1	28122655	149	GA
1	28123736	1081	AC
1	28125058	776	GA
1	28125340	253	TC
1	28125371	31	CT
1	28125941	517	GC
1	28125956	15	TC
1	28126243	287	GA
1	28128730	1100	TC
1	28129568	838	TC
1	28129814	246	AG
1	28130736	766	GT
1	28130809	73	TC
1	28131198	389	CG
1	28131211	13	CG
1	28131778	567	GA
1	28131925	147	GT
1	28132330	405	CA
1	28132655	325	CT
1	28132666	11	GC
1	28132700	34	GT
1	28133079	379	CT
1	28133173	94	TG
1	28133238	65	AG
1	28133277	39	AG
1	28133594	317	CA
1	28133771	177	GA
1	28133805	34	CT
1	28133810	5	AG
1	28133827	17	AG
1	28133851	24	AC
1	28134055	204	CT
1	28135175	946	GT
1	28135298	123	GC
1	28135299	1	CT
1	28136111	812	CA
1	28138121	1988	CG
1	28138124	3	AG
1	28138246	122	CT
1	28138351	105	CA
1	28138605	254	AG
1	28139590	783	GA
1	28139634	44	GT
1	28141099	1465	GA
1	28141665	566	AG
1	28141841	176	CT
1	28141882	41	GA
1	28141884	2	AG
1	28143762	1837	GC
1	28144481	719	CT
1	28144553	72	AG
1	28144612	59	AG
1	28146126	1514	GT
1	28146909	783	AG
1	28146913	4	CT
1	28147030	117	GA
1	28147355	325	AG
1	28148751	1396	AG
1	28149214	463	CG
1	28149773	559	TC
1	28150184	369	GA
1	28150210	26	AG
1	28150726	516	GA
1	28150861	135	TC
1	28150935	74	TC
1	28151315	380	CT
1	28152677	679	AG
1	28152682	5	AG
1	28153453	728	GT
1	28154647	864	AG
1	28155149	224	GA
1	28155454	305	TG
1	28155598	144	TC
1	28155722	124	CT
1	28155724	2	GA
1	28155881	157	AG
1	28155988	107	GC
1	28158122	2096	GA
1	28158269	147	GA
1	28159189	736	CT
1	28160033	844	GC
1	28161903	1243	GA
1	28162125	222	CG
1	28163441	1065	GC
1	28164851	1309	GA
1	28164895	44	TC
1	28164903	8	CT
1	28165092	62	CT
1	28165319	227	CA
1	28165320	1	AG
1	28165574	254	AG
1	28167461	1732	GT
1	28167548	87	GA
1	28168084	536	GA
1	28169231	1113	CG
1	28180384	9829	AC
1	28191168	9735	TC
1	28191832	664	GA
1	28192449	617	GT
1	28192512	63	GA
1	28192520	8	CT
1	28192770	250	GA
1	28193227	145	TC
1	28193228	1	CT
1	28193387	159	AC
1	28193403	16	CT
1	28193716	313	TC
1	28194070	271	GA
1	28194206	136	GA
1	28194717	448	CG
1	28194861	144	CT
1	28195277	416	AG
1	28196762	756	AG
1	28196883	121	GC
1	28197021	138	TC
1	28197112	91	AG
1	28197215	103	CG
1	28197265	50	GA
1	28197714	449	CT
1	28198044	330	CG
1	28198129	85	CG
1	28198229	100	TC
1	28200748	990	CT
1	28200910	162	GT
1	28200933	23	GA
1	28204038	1625	CT
1	28207607	1318	GC
1	28208849	918	TA
1	28209327	247	CG
1	28209769	305	TC
1	28210041	272	CG
1	28211052	519	AC
1	28211067	15	TC
1	28214026	1212	CA
1	28214090	64	TC
1	28214136	46	CT
1	28215633	836	TC
1	28216637	639	TG
1	28218047	1362	TC
1	28218160	113	GA
1	28219090	910	GA
1	28219544	306	TC
1	28221928	2270	CT
1	28222000	72	GA
1	28222293	293	TC
1	28223483	1190	CT
1	28225516	1679	TC
1	28225703	187	CG
1	28226308	255	AG
1	28226379	71	CT
1	28226554	175	GA
1	28227405	851	GC
1	28227650	214	AG
1	28228927	1198	CG
1	28229034	107	TC
1	28229072	38	GA
1	28229253	181	GC
1	28229454	201	TG
1	28229599	145	TC
1	28229857	258	CG
1	28229947	90	AC
1	28230348	401	CG
1	28230551	203	TG
1	28231138	587	TC
1	28232235	892	AC
1	28232763	528	TC
1	28232966	203	AG
1	28233525	535	AG
1	28234754	990	GA
1	28234755	1	CT
1	28234902	147	GA
1	28234992	90	CT
1	28235060	68	CT
1	28235544	484	GA
1	28235545	1	GT
1	28235602	57	GA
1	28236214	378	GA
1	28236242	28	CT
1	28237440	1067	GA
1	28237927	90	CT
1	28238387	460	CT
1	28239104	672	TC
1	28239342	176	TA
1	28248890	8504	CT
1	28249595	705	CT
1	28250878	1283	AG
1	28250886	8	CT
1	28250923	37	CT
1	28251310	387	GC
1	28252024	714	GA
1	28252827	702	CT
1	28254049	1135	AC
1	28254052	3	CT
1	28254378	326	TC
1	28256786	679	TG
1	28256881	95	CT
1	28257125	244	CT
1	28257908	321	CA
1	28258264	356	TC
1	28259990	1542	AG
1	28261283	1237	TC
1	28261366	83	CT
1	28261511	145	TC
1	28261828	317	CT
1	28262174	346	CT
1	28262384	210	AG
1	28262499	115	CT
1	28262592	93	TC
1	28262792	176	GC
1	28262967	175	TC
1	28263128	161	GC
1	28263599	471	AG
1	28263617	18	TG
1	28263821	204	AG
1	28263827	6	CT
1	28264040	213	AG
1	28264276	236	TC
1	28264534	258	GA
1	28264840	306	GC
1	28264904	64	CT
1	28265721	788	CT
1	28266096	375	TC
1	28266245	149	GA
1	28266269	24	TC
1	28266573	304	CT
1	28267818	1174	TC
1	28267883	65	TC
1	28268018	135	GA
1	28268214	196	TA
1	28268465	251	GA
1	28268577	112	AG
1	28268601	24	GA
1	28268781	180	TC
1	28270005	1181	CT
1	28270050	45	GA
1	28270454	404	TC
1	28270763	309	CT
1	28270956	193	TG
1	28271001	45	CT
1	28271049	48	CA
1	28275115	2608	GA
1	28283406	7158	CT
1	28287062	3134	CT
1	28290405	2363	GA
1	28300080	7799	GA
1	28300174	94	CT
1	28316427	10773	CT
1	28316784	357	GA
1	28316801	17	AC
1	28317817	186	CT
1	28319645	1742	TC
1	28320964	799	AG
1	28321011	47	AG
1	28322022	955	GA
1	29168261	638891	CT
1	29374098	148495	TC
1	29379520	4797	AT
1	29379527	7	GA
1	29380093	566	AG
1	29380738	645	AG
1	29381663	396	AG
1	29381715	52	CG
1	29381804	89	TG
1	29381849	45	TC
1	29382315	466	GA
1	29382440	125	CG
1	29382535	95	TC
1	29383689	637	GA
1	29384342	653	GA
1	29386078	1201	TG
1	29386445	367	AG
1	29387832	1056	GT
1	29387853	21	TC
1	29388183	330	AG
1	29394575	868	CT
1	29417757	13945	GC
1	29417967	210	AG
1	29418598	631	TA
1	29422980	3862	CG
1	29424937	1584	TA
1	29425890	672	TC
1	29429621	1189	TC
1	29429758	137	AG
1	29430603	636	AC
1	29430616	13	CT
1	29432899	1388	AG
1	29439657	3692	AG
1	29440009	278	AG
1	29440114	105	CT
1	29441562	923	GA
1	29441617	55	CT
1	29442749	817	TC
1	29443402	653	TC
1	29444072	495	TA
1	29445348	976	TC
1	29445482	134	CT
1	29446586	1104	GC
1	29447646	1060	CA
1	29447944	298	TG
1	29448936	837	GA
1	29450171	950	CT
1	29450257	86	GA
1	29451955	690	AG
1	29452252	297	AG
1	29452586	334	CT
1	29452724	138	TC
1	29453491	392	AT
1	29453699	208	CT
1	29454437	392	CT
1	29454482	45	GA
1	29454929	375	CA
1	29455182	253	CT
1	29455582	74	CT
1	29455745	163	AG
1	29455763	18	TC
1	29457272	169	TC
1	29457311	39	TG
1	29457312	1	TG
1	29457466	154	TC
1	29457476	10	TC
1	29457605	129	TG
1	29457627	22	AT
1	29457804	177	AC
1	29457810	6	AG
1	29457872	62	GT
1	29457887	15	GA
1	29458134	23	CT
1	29459519	1066	AG
1	29459552	33	CA
1	29459840	288	AG
1	29459924	84	AG
1	29459949	25	TC
1	29460117	168	CT
1	29460510	337	GA
1	29460814	239	TC
1	29461103	289	TC
1	29461117	14	GA
1	29461257	140	GT
1	29461403	146	AG
1	29461416	13	AG
1	29461537	121	CT
1	29461551	14	GA
1	29461677	126	CT
1	29463262	1051	AC
1	29463436	174	GC
1	29463437	1	GA
1	29463616	179	GA
1	29463689	73	AG
1	29464136	447	GT
1	29464261	125	TC
1	29464317	56	AG
1	29464474	157	CT
1	29464540	66	TG
1	29464553	13	CG
1	29464556	3	CT
1	29464751	195	AC
1	29464861	110	TC
1	29464912	51	AG
1	29465046	134	AC
1	29465059	13	TC
1	29465143	84	TC
1	29465230	87	CG
1	29465823	487	CG
1	29466065	242	TC
1	29466494	253	CT
1	29466547	53	CT
1	29469073	778	AG
1	29469180	107	TC
1	29469216	36	GA
1	29469286	70	CT
1	29469320	34	TG
1	29472190	1876	GC
1	29472219	29	GA
1	29472302	83	CG
1	29472318	16	GC
1	29472443	125	CT
1	29472458	15	CT
1	29472842	384	CT
1	29472934	92	GT
1	29473165	231	CT
1	29473354	189	AC
1	29473474	120	GA
1	29473620	146	CT
1	29474067	447	GC
1	29474550	483	TC
1	29474707	157	GA
1	29474981	151	AG
1	29477087	1272	GA
1	29477395	308	AG
1	29478178	783	GA
1	29478668	225	CT
1	29479403	297	TC
1	29479554	151	GT
1	29479672	118	CT
1	29479808	136	TG
1	29479821	13	GA
1	29480693	653	AG
1	29483870	2196	GA
1	29485157	1113	AG
1	29485368	211	CT
1	29488162	2502	CT
1	29492125	1370	CT
1	29492147	22	TC
1	29492170	23	TC
1	29492217	47	CT
1	29492314	97	AG
1	29492336	22	CG
1	29492430	94	TC
1	29494026	1596	CT
1	29494627	449	CT
1	29494761	134	TG
1	29495387	626	AG
1	29496349	718	CT
1	29498623	1334	TC
1	29498642	19	TC
1	29500324	1330	TG
1	29500387	63	TC
1	29500461	74	GC
1	29500476	15	CT
1	29500832	356	AG
1	29501188	356	GC
1	29501335	147	TC
1	29501497	86	GC
1	29501593	96	GA
1	29501755	162	GA
1	29502335	168	CT
1	29503730	869	AG
1	29504230	500	CT
1	29504244	14	CT
1	29504246	2	GA
1	29505233	987	GA
1	29507827	1926	TC
1	29508156	329	GA
1	29508350	194	TG
1	29514449	4252	CA
1	29518430	3151	TC
1	29519405	842	GT
1	29519441	36	CT
1	29519867	397	GA
1	29520559	692	AG
1	29521049	490	AC
1	29521365	316	CA
1	29521462	97	GT
1	29521466	4	TA
1	29521823	357	AG
1	29521852	29	GC
1	29522076	224	CA
1	29523580	1047	GA
1	29523908	239	TC
1	29523948	40	CT
1	29524848	900	CT
1	29526206	1182	AG
1	29526900	645	AG
1	29527545	645	GT
1	29527555	10	TC
1	29527596	41	CT
1	29527773	65	AG
1	29527992	219	AT
1	29528077	85	GT
1	29528078	1	TG
1	29528098	20	TC
1	29528143	45	CT
1	29528341	198	CT
1	29528348	7	TC
1	29528381	33	TC
1	29528751	240	GA
1	29528929	178	TC
1	29529193	264	TC
1	29529343	150	GA
1	29529353	10	AT
1	29529367	14	TC
1	29530008	478	TG
1	29530315	269	CT
1	29530395	80	AC
1	29530470	75	AG
1	29530487	17	CT
1	29531088	565	AG
1	29531142	54	AG
1	29531521	245	AG
1	29531578	57	CT
1	29532944	794	GT
1	29534286	966	CG
1	29534390	104	TG
1	29534921	531	CG
1	29536101	1065	GC
1	29537556	722	CT
1	29537557	1	GA
1	29538733	743	CT
1	29539180	447	GC
1	29539875	695	CT
1	29539973	98	TC
1	29540085	112	GC
1	29540439	354	AC
1	29541129	644	TG
1	29541286	157	TC
1	29541667	381	CT
1	29541947	280	GA
1	29543000	796	CT
1	29543299	299	GA
1	29543567	268	CT
1	29546477	571	TC
1	29547268	791	CT
1	29547405	137	GA
1	29547683	278	CT
1	29548194	470	AG
1	29548563	369	GA
1	29548849	103	TG
1	29548969	120	AG
1	29548986	17	AG
1	29549005	19	AG
1	29549374	285	AG
1	29549413	39	CT
1	29550351	469	GT
1	29551724	330	AG
1	29551764	40	GA
1	29551838	74	AC
1	29551882	44	GA
1	29551895	13	CT
1	29552511	299	AT
1	29552790	279	GA
1	29552792	2	GA
1	29553486	434	CT
1	29553645	133	TG
1	29553766	121	AT
1	29553818	52	TC
1	29554960	561	CG
1	29567791	2945	CG
1	29579936	6215	AG
1	29583055	2316	CT
1	29583541	306	AT
1	29583594	53	GA
1	29583684	90	AG
1	29583688	4	TC
1	29583747	59	CT
1	29583951	204	AC
1	29584052	101	CT
1	29584273	221	CT
1	29585988	291	GA
1	29586422	434	GA
1	29586532	110	AC
1	29587659	233	CT
1	29587708	49	TC
1	29588070	362	GA
1	29588269	199	AC
1	29590156	1184	CG
1	29590492	263	CT
1	29591080	89	AC
1	29591142	62	GT
1	29591251	109	GA
1	29591271	20	GA
1	29591387	116	AG
1	29591396	9	AT
1	29591829	433	AC
1	29591839	10	TG
1	29596032	1341	GA
1	29596039	7	GA
1	29596195	156	CT
1	29608408	6567	AG
1	29612624	2736	CT
1	29613338	305	GA
1	29614710	1157	GA
1	29616593	1819	AC
1	29618060	925	AG
1	29619229	906	CT
1	29619381	152	TC
1	29619716	335	GC
1	29619722	6	GA
1	29620071	349	AC
1	29620813	468	TG
1	29621196	235	GA
1	29621235	39	TA
1	29621350	115	TC
1	29621761	348	CT
1	29622000	239	TA
1	29622071	71	CT
1	29622601	530	CT
1	29623093	184	GT
1	29623109	16	GA
1	29623493	341	GA
1	29623567	74	CT
1	29624410	646	GA
1	29624893	483	CT
1	29625116	223	GA
1	29625152	36	GA
1	29625401	110	TC
1	29625402	1	GT
1	29625867	281	GC
1	29627163	49	TG
1	29628115	922	TC
1	29628332	217	AC
1	29628975	643	CT
1	29629320	345	AC
1	29630707	1094	GA
1	29636791	2073	AG
1	29636957	166	GC
1	29637678	721	AT
1	29640947	317	GA
1	29641075	128	CT
1	29641084	9	CT
1	29642595	979	GA
1	29643121	168	TA
1	29643187	66	CT
1	29643480	293	AG
1	29643481	1	AC
1	29643522	41	GT
1	29643622	100	GA
1	29643633	11	AC
1	29643724	91	CT
1	29644826	414	AG
1	29647329	863	AT
1	29648351	781	TA
1	29661303	5955	AG
1	29662748	1192	GA
1	29662980	232	TG
1	29663423	443	CT
1	29663668	245	AC
1	29664255	587	CT
1	29665304	799	GA
1	29668154	2048	CT
1	29668177	23	AG
1	29677955	5717	GA
1	29678021	66	GA
1	29678097	76	AC
1	29682804	380	AG
1	29683006	202	TC
1	29683255	249	TC
1	29683289	34	TC
1	29683326	37	CT
1	29683367	41	CA
1	29683542	175	TC
1	29683608	66	GA
1	29683629	21	CT
1	29683649	20	AG
1	29683706	57	CT
1	29683734	28	GT
1	29683735	1	AG
1	29683746	11	GC
1	29683799	53	GT
1	29684983	458	CT
1	29685018	35	CT
1	29685048	30	GT
1	29685839	302	AG
1	29686034	42	TG
1	29686053	19	AG
1	29686110	57	GA
1	29686195	85	GT
1	29686380	185	GA
1	29687078	654	AG
1	29687083	5	TG
1	29687092	9	TA
1	29687109	17	AC
1	29687608	194	AG
1	29687628	20	TC
1	29687637	9	GA
1	29687799	36	CA
1	29688560	414	AG
1	29688571	11	CT
1	29688592	21	AG
1	29688641	49	AG
1	29688656	15	GC
1	29688709	53	GA
1	29688728	19	TC
1	29688763	35	CT
1	29689500	321	AG
1	29689564	64	GA
1	29690236	672	TA
1	29691107	364	TC
1	29691113	6	TC
1	29694815	2153	AG
1	29695434	619	GA
1	29695444	10	CT
1	29696941	247	AG
1	29697372	161	GA
1	29697826	391	GA
1	29700645	2068	GC
1	29701266	621	GA
1	29701495	229	TC
1	29703715	817	GA
1	29704173	458	AG
1	29704373	200	CT
1	29704924	327	GC
1	29705282	181	CA
1	29705309	27	CG
1	29706286	846	TG
1	29706300	14	CT
1	29714750	4352	CA
1	29715121	270	GC
1	29717753	996	CT
1	29717777	24	TA
1	29717810	33	GA
1	29720144	1165	GC
1	29720207	63	TC
1	29721499	726	AG
1	29721726	227	AG
1	29721733	7	CT
1	29721735	2	AG
1	29721845	110	AG
1	29721974	129	TC
1	29721976	2	GA
1	29722440	317	GA
1	29722455	15	AG
1	29722565	110	CA
1	29730003	4764	AC
1	29730045	42	AG
1	29730879	834	AT
1	29731304	293	GA
1	29732044	344	GA
1	29732210	166	AG
1	29732717	472	TC
1	29733367	650	TC
1	29734006	210	GA
1	29734032	26	CA
1	29734050	18	GA
1	29734052	2	GT
1	29734059	7	CT
1	29734071	12	GA
1	29734110	39	CA
1	29734212	102	CA
1	29734604	111	GT
1	29736815	853	CT
1	29736923	108	CG
1	29736960	37	CT
1	29737031	71	GA
1	29737260	229	TG
1	29739138	299	TA
1	29739266	128	AC
1	29739641	78	GA
1	29739733	92	GT
1	29739819	86	TC
1	29740426	102	AG
1	29741090	358	GA
1	29741229	139	CT
1	29741445	187	TA
1	29741783	338	TC
1	29741905	122	GA
1	29741966	61	TC
1	29742135	33	AG
1	29742240	105	CT
1	29742489	249	CG
1	29742985	496	CA
1	29744053	426	TA
1	29744285	232	GA
1	29744307	22	AG
1	29744348	41	GT
1	29744361	13	CT
1	29744435	74	GA
1	29744450	15	AG
1	29744595	145	AG
1	29744915	146	GA
1	29745241	63	CT
1	29745242	1	AG
1	29745540	298	CT
1	29745550	10	CT
1	29746052	502	TA
1	29747106	616	CT
1	29747129	23	AG
1	29747396	267	TG
1	29747412	16	TA
1	29747796	384	AC
1	29749462	449	TC
1	29749491	29	GT
1	29749641	150	GA
1	29749713	72	CA
1	29751383	1495	AG
1	29757050	1832	CA
1	29757851	801	GA
1	29758935	925	AC
1	29759032	97	AG
1	29759353	279	AG
1	29759371	18	TC
1	29759486	115	AG
1	29759686	200	GA
1	29761067	917	TC
1	29761247	180	CT
1	29761248	1	CG
1	29765639	1494	TG
1	29767603	1204	CT
1	29767732	129	AG
1	29768663	504	CT
1	29776920	4963	AG
1	29777289	305	TA
1	29777421	132	GA
1	29778409	570	TC
1	29779311	362	TC
1	29780798	227	CA
1	29780799	1	CG
1	29782078	422	CT
1	29782127	49	AC
1	29783240	711	AT
1	29784996	1524	TC
1	29785034	38	CT
1	29785776	419	AG
1	29787780	1030	TG
1	29789867	1448	GA
1	29789976	109	GA
1	29790024	48	GC
1	29790217	193	GA
1	29790300	83	AC
1	29791497	671	AG
1	29791902	85	GA
1	29792256	228	AG
1	29792501	102	GC
1	29792611	110	AT
1	29792673	62	AG
1	29792680	7	GA
1	29793703	999	CT
1	29794044	341	AG
1	29798172	181	TA
1	29798317	120	GA
1	29798362	45	AC
1	29798456	94	CA
1	29798480	24	TG
1	29799090	610	TC
1	29799179	89	AG
1	29799607	428	AT
1	29799803	196	GA
1	29802539	1727	CT
1	29803232	418	GT
1	29803233	1	GC
1	29803302	69	GA
1	29804115	35	TG
1	29804626	91	AT
1	29804707	81	CA
1	29804729	22	GC
1	29805365	636	TC
1	29806076	163	GC
1	29806127	51	AG
1	29807322	1050	GA
1	29807943	458	AG
1	29808508	565	AG
1	29808531	23	CA
1	29809112	461	TC
1	29809142	30	TC
1	29810266	99	CT
1	29810282	16	TA
1	29810351	69	AG
1	29821840	6117	CT
1	29822635	795	AT
1	29822961	159	AG
1	29825170	1517	CT
1	29826378	216	GT
1	29827166	249	CT
1	29827211	45	CT
1	29827250	39	TC
1	29827564	314	TC
1	29828118	268	CT
1	29828126	8	CT
1	29828231	105	CT
1	29828397	166	AC
1	29829402	543	CT
1	29829743	341	GA
1	29830373	630	AG
1	29831106	436	GA
1	29831713	357	GA
1	29831716	3	CT
1	29831739	23	AG
1	29831997	135	TC
1	29833148	199	AG
1	29837864	328	TG
1	29843462	2026	CA
1	29852392	2432	AG
1	29853414	1022	AG
1	29855132	1509	GA
1	29857452	1496	CT
1	29858384	747	AG
1	29858690	170	AG
1	29858874	184	CT
1	29859143	269	GC
1	29859501	301	TG
1	29860788	674	AG
1	29861141	294	CA
1	29861142	1	AG
1	29861973	788	GA
1	29862177	204	CT
1	29865696	1050	AG
1	29866144	70	AT
1	29866410	266	GA
1	29867815	904	AC
1	29870920	2022	AG
1	29871422	272	CA
1	29871683	261	CT
1	29877279	425	AG
1	29877759	480	TC
1	29878163	283	GA
1	29878700	537	GT
1	29879350	650	AG
1	29879354	4	TG
1	29880634	849	AG
1	29881124	172	CT
1	29881499	375	GC
1	29881828	329	GA
1	29881880	52	AG
1	29881980	100	GA
1	29882377	397	TA
1	29885239	1378	CT
1	29885809	356	TC
1	29885832	23	GA
1	29887285	639	TA
1	29888037	590	CT
1	29888630	353	CT
1	29889475	537	AG
1	29891814	1292	AT
1	29892112	250	TG
1	29892761	565	AG
1	29894113	208	AG
1	29894711	220	TA
1	29896274	727	TC
1	29897171	897	GA
1	29897272	101	CA
1	29897887	542	AG
1	29898137	250	TA
1	29898193	56	CT
1	29898334	107	TC
1	29898407	73	CT
1	29898647	240	GT
1	29898832	185	CT
1	29899592	589	AG
1	29899660	68	GA
1	29899684	24	AC
1	29901601	748	GA
1	29903651	272	TG
1	29903661	10	CA
1	29923975	1486	AG
1	29924184	209	AT
1	29927114	838	GT
1	29928306	808	CA
1	29929259	775	GA
1	29929684	425	GA
1	29935825	4585	CT
1	29938333	2106	TC
1	29938888	555	TC
1	29943831	3151	GA
1	29944437	166	AC
1	29945100	450	GA
1	29945752	652	AG
1	29945798	46	CT
1	29946741	868	GA
1	29947109	368	GA
1	29947122	13	CA
1	29947331	209	GA
1	29947345	14	GA
1	29947423	78	GA
1	29947450	27	CT
1	29947521	71	CT
1	29947764	243	AT
1	29947765	1	TA
1	29947834	69	GA
1	29950152	1277	AG
1	29950931	259	CT
1	29951163	232	TG
1	29951513	350	CT
1	29951552	39	TC
1	29951580	28	GC
1	29951587	7	AG
1	29951657	70	AG
1	29952122	168	CA
1	29954124	925	AT
1	29954247	123	TA
1	29954248	1	CT
1	29955922	1468	CT
1	29956839	452	CT
1	29957053	125	TC
1	29957146	93	GA
1	29958638	808	GA
1	29958812	174	TC
1	29958987	175	TC
1	29959103	116	GA
1	29959190	87	GA
1	29960406	551	GA
1	29962125	1623	GA
1	29963184	1031	GC
1	29963715	335	CT
1	29965179	980	CT
1	29965874	290	CT
1	29966171	103	TC
1	29968404	1331	AC
1	29968651	247	CT
1	29968953	302	CT
1	29969601	648	GT
1	29969825	224	CT
1	29969861	36	AG
1	29969878	17	GA
1	29970257	266	AG
1	29970815	380	GA
1	29970896	81	GA
1	29971953	348	TC
1	29972287	334	GA
1	29972455	168	CT
1	29972500	45	TC
1	29972767	267	GA
1	29973363	330	CG
1	29984395	9105	GA
1	29986466	1174	CT
1	29989047	1586	AG
1	29990700	865	CT
1	29996108	1829	AG
1	29999047	1550	AT
1	30000073	73	TC
1	30000207	134	AC
1	30000400	193	AG
1	30000426	26	TC
1	30000444	18	GA
1	30001739	1147	TC
1	30002461	722	GA
1	30002837	376	AG
1	30002842	5	GA
1	30005847	2483	TG
1	30006137	234	CG
1	30006350	213	TC
1	30008240	1341	CT
1	30009320	1080	GA
1	30010668	1116	CT
1	30011467	799	CT
1	30011525	58	CT
1	30012268	743	CT
1	30012505	141	CA
1	30015209	2267	TC
1	30016591	1258	TC
1	30016877	286	AC
1	30017445	568	CT
1	30021092	2869	AT
1	30024438	3050	GA
1	30025699	894	CT
1	30025741	42	GA
1	30025783	42	CT
1	30025819	36	GC
1	30026103	284	CA
1	30029327	2337	GA
1	30029438	111	TC
1	30029600	162	AT
1	30029714	114	GA
1	30030012	298	GA
1	30030107	95	AG
1	30030114	7	AG
1	30030149	35	CT
1	30030747	598	CA
1	30030774	27	CT
1	30030777	3	AT
1	30033751	2470	CT
1	30036024	1650	TC
1	30036166	142	GA
1	30037673	728	AC
1	30038439	712	AG
1	30039545	898	TC
1	30040443	898	GC
1	30040754	311	CT
1	30041134	380	TC
1	30041937	803	CT
1	30041938	1	GA
1	30042944	1006	CA
1	30045199	2041	GA
1	30045607	408	GC
1	30046534	927	GA
1	30047726	1192	GC
1	30051359	3614	TC
1	30051622	263	AC
1	30051698	76	GA
1	30052310	612	CT
1	30055759	2334	CG
1	30058685	1459	AG
1	30060247	1489	CT
1	30060328	81	AG
1	30060351	23	AG
1	30061115	764	CT
1	30062610	984	TC
1	30063048	368	CT
1	30063580	532	GC
1	30067326	3483	TC
1	30068368	963	CT
1	30070152	1431	CT
1	30070615	463	AG
1	30071895	1123	GC
1	30075436	3182	AG
1	30076079	438	GA
1	30076579	500	GA
1	30076805	226	AG
1	30076950	145	GT
1	30077050	100	AG
1	30077472	422	GA
1	30081770	3084	GT
1	30082460	690	GA
1	30083085	625	CT
1	30083256	171	GA
1	30083829	527	CT
1	30083883	54	AG
1	30083939	56	CG
1	30084067	128	TC
1	30085621	1468	AG
1	30085995	257	CA
1	30086283	288	GA
1	30087007	612	CT
1	30090667	1685	CT
1	30091099	432	TA
1	30091671	572	TC
1	30092501	780	GA
1	30094239	1388	GT
1	30094777	538	CT
1	30095657	880	GA
1	30098983	2529	GA
1	30099402	419	GT
1	30099565	163	CT
1	30099634	69	AG
1	30099931	297	CA
1	30104649	2920	TC
1	30104891	242	TC
1	30106322	1431	AG
1	30106783	461	AG
1	30107180	397	GA
1	30107271	91	GA
1	30107483	212	CT
1	30107604	121	TC
1	30108152	548	AG
1	30108598	446	CT
1	30110101	1082	CT
1	30110400	299	CT
1	30110464	64	TC
1	30110475	11	CT
1	30113049	2442	CT
1	30113973	924	CA
1	30114228	255	CT
1	30115705	1045	AG
1	30116037	332	CT
1	30116226	189	CA
1	30117645	1273	CT
1	30118108	463	GA
1	30118768	604	CT
1	30118928	160	CT
1	30118982	54	CT
1	30119332	350	AG
1	30119430	98	GT
1	30120013	299	TC
1	30120155	142	TG
1	30120270	115	CT
1	30120514	244	AG
1	30120592	78	TC
1	30120619	27	GC
1	30121560	910	GT
1	30122128	568	CT
1	30122382	220	AC
1	30123481	961	TC
1	30123681	200	TG
1	30124184	480	AT
1	30124467	217	CT
1	30124494	27	AG
1	30124497	3	TC
1	30124905	408	TC
1	30125961	1056	AC
1	30131014	4000	GT
1	30131701	687	GA
1	30131758	57	CG
1	30132254	410	CT
1	30134735	2314	AG
1	30141035	5142	CT
1	30142093	1018	AG
1	30144187	1864	CT
1	30145172	985	AG
1	30146469	1297	GA
1	30151642	3962	CT
1	30153367	1725	CT
1	30153822	248	TC
1	30155312	1459	GA
1	30157649	2152	CG
1	30158081	432	GA
1	30158703	622	CT
1	30158844	141	CT
1	30159446	538	CG
1	30160962	1335	TC
1	30160989	27	CT
1	30161983	758	GC
1	30166418	3638	TC
1	30173463	6089	GA
1	30175551	1898	GT
1	30175609	58	GA
1	30175902	293	CT
1	30175994	92	AG
1	30177755	1495	TG
1	30177831	76	AG
1	30180060	2176	GA
1	30180219	159	CT
1	30193543	10260	AG
1	30197038	3414	AG
1	30197086	48	AG
1	30197545	459	CT
1	30198266	182	CT
1	30198835	569	TC
1	30199032	197	GA
1	30199244	212	CT
1	30199768	524	CT
1	30200058	237	AG
1	30200189	131	AG
1	30201649	1321	TC
1	30201753	104	TC
1	30202629	876	CT
1	30203374	616	TC
1	30205159	1785	GA
1	30205496	299	AC
1	30206078	582	AG
1	30206694	582	CT
1	30206809	115	CT
1	30206977	168	TG
1	30209314	1323	CT
1	30209989	675	AC
1	30210039	50	GA
1	30210876	837	CT
1	30210898	22	CT
1	30211365	467	GC
1	30213365	1792	GA
1	30216327	2351	TC
1	30218599	1864	GC
1	30219117	467	CT
1	30219885	768	CT
1	30221874	1893	GA
1	30222070	196	CT
1	30228798	6119	GA
1	30229206	302	GA
1	30230462	900	AC
1	30233617	2928	CA
1	30235088	759	GT
1	30235470	382	AG
1	30239432	3526	CG
1	30240152	324	CT
1	30247752	6450	AG
1	30248780	1010	AG
1	30250249	1397	GA
1	30254404	1883	TC
1	30254955	428	GA
1	30258271	2595	TC
1	30259393	1096	AG
1	30259655	262	CT
1	30260200	545	AC
1	30262118	1563	TC
1	30262990	323	TC
1	30263056	66	GA
1	30264948	1642	TG
1	30264952	4	GA
1	30264978	26	CG
1	30265201	223	GA
1	30266329	312	TC
1	30266455	126	AG
1	30268041	1526	AG
1	30268417	376	AT
1	30268734	293	AC
1	30269902	453	CT
1	30272427	1865	AG
1	30273056	629	GA
1	30273170	114	CG
1	30273351	146	CG
1	30273555	204	GC
1	30273751	196	CT
1	30274108	271	CT
1	30274126	18	TC
1	30274599	473	TG
1	30274626	27	GA
1	30275336	681	GA
1	30275337	1	AC
1	30275479	142	CG
1	30275682	203	AT
1	30275689	7	CT
1	30275829	140	GA
1	30276510	681	AG
1	30276812	278	CT
1	30277031	219	CG
1	30277429	88	AG
1	30278842	1413	CT
1	30279019	177	TC
1	30279349	330	GA
1	30280956	1279	GT
1	30282065	406	GA
1	30283819	1403	CT
1	30284046	227	GA
1	30284128	82	GT
1	30284257	129	GA
1	30285527	1085	CT
1	30286113	530	TC
1	30287534	714	CA
1	30287945	411	GA
1	30288509	564	CT
1	30289284	775	CT
1	30291348	1676	GA
1	30291438	90	CT
1	30291687	249	CT
1	30291882	195	CT
1	30291891	9	GA
1	30291936	45	CT
1	30292674	738	GA
1	30293896	959	TG
1	30295746	1738	GA
1	30295771	25	TC
1	30296140	369	GA
1	30296304	164	CG
1	30296558	254	GC
1	30297867	1309	GA
1	30297994	127	CG
1	30298046	52	GA
1	30298335	289	TC
1	30298504	169	CT
1	30298854	310	CG
1	30298964	110	CG
1	30300112	1006	AG
1	30303080	2528	CT
1	30303834	722	CT
1	30307642	3440	CT
1	30307929	287	CG
1	30308227	298	AG
1	30309529	761	GC
1	30309706	177	CT
1	30310702	996	CG
1	30311916	971	GA
1	30312308	392	CT
1	30312747	439	GA
1	30315362	2149	AG
1	30318460	2784	CT
1	30318948	488	TC
1	30319500	552	AG
1	30319943	443	AC
1	30319979	36	GA
1	30320106	127	CA
1	30320656	304	AG
1	30320909	253	CA
1	30320970	61	TC
1	30321489	519	GA
1	30321958	469	AT
1	30322227	114	CG
1	30322616	389	GA
1	30323220	604	GA
1	30325885	2366	CT
1	30326821	936	CT
1	30333273	5535	CT
1	30344378	5962	CT
1	30344402	24	CT
1	30344508	106	CT
1	30344568	60	CG
1	30344663	95	GT
1	30346333	1639	CT
1	30347122	789	TC
1	30348605	1240	CT
1	30353001	2553	TA
1	30353057	56	GT
1	30353905	396	CT
1	30361995	2119	TC
1	30368713	3123	TC
1	30369813	1058	GA
1	30376001	4602	TC
1	30378106	1557	GA
1	30379476	1295	AG
1	30400054	9919	CG
1	30400304	250	TC
1	30400362	58	CT
1	30400809	447	CT
1	30401885	697	CT
1	30401980	95	CT
1	30403180	512	AG
1	30403213	33	TC
1	30403375	162	TC
1	30403418	43	AG
1	30403446	28	AC
1	30403578	132	GA
1	30403942	364	CT
1	30408048	1288	CT
1	30408902	794	GA
1	30410153	734	CA
1	30412206	1486	GA
1	30412213	7	AG
1	30412230	17	TC
1	30412231	1	GA
1	30412265	34	GA
1	30412660	395	CA
1	30412778	118	GA
1	30412819	41	CT
1	30412887	68	CT
1	30412904	17	GT
1	30412973	69	GA
1	30413008	35	GA
1	30415734	1369	GA
1	30415746	12	TC
1	30419717	2832	AG
1	30419761	44	AT
1	30419851	90	AG
1	30419858	7	GA
1	30419908	50	AG
1	30421385	623	TG
1	30421816	431	TC
1	30422109	293	GA
1	30422203	94	TC
1	30422806	408	CG
1	30422854	48	CT
1	30422877	23	CA
1	30422900	23	GA
1	30423064	164	GA
1	30423284	220	TC
1	30423529	245	GA
1	30423631	102	CT
1	30425035	1184	CG
1	30425102	67	CT
1	30426021	919	AC
1	30426057	36	CT
1	30426786	493	GC
1	30426823	37	TC
1	30427263	440	GA
1	30428194	551	CT
1	30428381	187	TC
1	30428675	294	TC
1	30428702	27	CT
1	30428818	116	TC
1	30429058	240	TC
1	30429159	101	GC
1	30429522	363	TG
1	30430336	412	GT
1	30430378	42	GA
1	30431322	670	CT
1	30431439	117	CT
1	30431612	173	GA
1	30431668	56	GT
1	30431936	268	GT
1	30432286	350	TC
1	30434364	1669	CG
1	30434478	114	GA
1	30435250	636	CG
1	30435332	82	CT
1	30435333	1	AG
1	30435419	86	CT
1	30435911	492	TC
1	30436451	398	AG
1	30436562	111	CG
1	30437108	546	CT
1	30437387	279	CT
1	30438080	693	CT
1	30438642	562	AG
1	30443884	4794	GA
1	30444346	462	GA
1	30445085	710	GC
1	30445602	517	CG
1	30446080	478	CT
1	30446082	2	AT
1	30446670	588	AG
1	30446826	156	GA
1	30449050	1769	CT
1	30451990	1987	TC
1	30452562	572	GC
1	30452575	13	CG
1	30454074	1332	GA
1	30454242	168	GT
1	30454561	319	CT
1	30454644	83	GC
1	30455068	424	GA
1	30456298	1163	GT
1	30456834	244	CT
1	30456849	15	GA
1	30457006	157	AG
1	30457142	136	GC
1	30457314	172	CT
1	30458368	636	AG
1	30458611	243	TC
1	30459589	978	TC
1	30459622	33	AG
1	30460470	485	TG
1	30461999	846	CG
1	30462603	604	CT
1	30463069	466	CT
1	30463432	363	TC
1	30463813	381	CT
1	30463865	52	CG
1	30465462	1378	CT
1	30466987	1355	GC
1	30468656	1298	GA
1	30473572	2773	AC
1	30474621	359	TC
1	30475089	468	CT
1	30475315	190	TC
1	30476616	246	TC
1	30477227	386	GA
1	30477510	283	TA
1	30477539	29	AG
1	30477959	420	GA
1	30478615	507	AG
1	30478724	109	CT
1	30478780	56	TC
1	30478999	219	AG
1	30479623	105	GA
1	30480326	703	AG
1	30480553	227	AT
1	30480558	5	CT
1	30480573	15	CT
1	30480752	179	CT
1	30481202	318	GT
1	30481323	121	AG
1	30481383	60	AG
1	30482503	284	TC
1	30482925	236	CT
1	30483922	288	GT
1	30484479	361	GA
1	30485294	680	CT
1	30485773	162	TC
1	30488196	725	TG
1	30488648	346	CT
1	30489797	451	AG
1	30489807	10	CG
1	30490559	567	TA
1	30493645	930	GA
1	30495408	548	GA
1	30495566	158	GA
1	30498108	766	GA
1	30498783	656	GA
1	30499470	406	AG
1	30499544	74	AG
1	30499980	436	TC
1	30500142	162	TC
1	30500530	388	AG
1	30501319	417	GC
1	30501766	360	GA
1	30503446	635	TC
1	30503734	112	AG
1	30503782	48	CT
1	30503874	92	GA
1	30503879	5	GC
1	30503914	35	AG
1	30504410	317	AG
1	30504667	257	CT
1	30504792	125	TC
1	30505306	314	AG
1	30505354	48	AG
1	30505407	53	AG
1	30550018	27451	AG
1	30551342	580	GA
1	30585871	20902	CT
1	30588986	1736	CG
1	30589018	32	TA
1	30589028	10	TC
1	30589146	118	CT
1	30589225	79	TC
1	30589268	43	GA
1	30589287	19	AG
1	30589411	124	TC
1	30591811	1169	GA
1	30591828	17	AG
1	30596602	743	AG
1	30608434	3870	TC
1	30608511	77	GA
1	30608579	68	GA
1	30608611	32	GT
1	30608796	100	GA
1	30609084	288	TG
1	30609165	81	TC
1	30609194	29	AG
1	30609326	132	AG
1	30609340	14	GC
1	30609396	56	TC
1	30609764	213	AG
1	30610032	268	TG
1	30610655	623	TG
1	30611032	377	TG
1	30614302	2029	GA
1	30614668	366	AC
1	30615037	369	AG
1	30618525	2550	AT
1	30618819	228	CT
1	30618856	37	AG
1	30619245	389	TC
1	30619289	44	AT
1	30625197	4293	CT
1	30625342	145	TC
1	30625601	259	GT
1	30626223	622	TA
1	30626224	1	GT
1	30626442	218	GA
1	30626673	231	TC
1	30627144	471	TG
1	30627411	267	AG
1	30627430	19	AG
1	30627532	102	GA
1	30628044	512	AT
1	30629838	373	CT
1	30632457	913	CA
1	30632459	2	AC
1	30632467	8	TC
1	30632518	51	CG
1	30633632	708	TC
1	30634092	280	GA
1	30635063	399	GA
1	30635885	457	GA
1	30636157	272	TC
1	30637119	799	AC
1	30637200	81	AG
1	30637224	24	AC
1	30637360	136	GA
1	30637423	63	AG
1	30640234	2495	AC
1	30640301	67	CT
1	30640373	72	CT
1	30640389	16	GC
1	30640409	20	CT
1	30640603	194	CT
1	30641017	414	AC
1	30641068	51	AG
1	30641555	487	TC
1	30642174	619	GA
1	30642237	63	GA
1	30643491	1254	CT
1	30643979	467	CT
1	30644050	71	GC
1	30644256	206	GT
1	30644433	177	AG
1	30644491	58	TC
1	30644754	263	TG
1	30644959	205	CT
1	30645007	48	CT
1	30645010	3	CT
1	30645085	75	TC
1	30645210	125	GA
1	30645288	78	CT
1	30645295	7	GA
1	30645366	71	CT
1	30645438	72	CT
1	30645479	41	AT
1	30646112	633	CA
1	30646450	338	TC
1	30646483	33	AG
1	30646806	323	TC
1	30647648	634	TC
1	30648033	385	GT
1	30648557	322	CT
1	30648581	24	GA
1	30648924	343	AG
1	30649499	305	AC
1	30649541	42	AG
1	30650564	1023	GA
1	30650772	208	CT
1	30650892	120	CT
1	30651454	562	TC
1	30651460	6	GA
1	30651814	354	GA
1	30651877	63	CT
1	30652223	346	AG
1	30652277	54	AT
1	30652323	46	TC
1	30652383	60	GT
1	30652789	406	TC
1	30653068	112	AG
1	30653072	4	GA
1	30653089	17	GA
1	30653597	78	TA
1	30653819	222	GT
1	30653960	141	AC
1	30654487	527	TC
1	30654519	32	GA
1	30654538	19	AG
1	30657500	965	CT
1	30657629	129	CA
1	30657637	8	CT
1	30657676	39	TG
1	30657705	29	AG
1	30657734	29	AG
1	30657861	127	TC
1	30657892	31	CT
1	30657902	10	TA
1	30659734	1238	TA
1	30659842	108	AG
1	30661959	1265	TC
1	30662031	72	AC
1	30662054	23	GT
1	30662200	146	AG
1	30662424	224	TG
1	30663037	566	CA
1	30663880	843	CT
1	30664285	405	GC
1	30664550	265	TC
1	30665441	822	GA
1	30665782	162	GA
1	30667742	764	AG
1	30667806	64	CT
1	30671478	2020	GA
1	30671672	194	GT
1	30671750	78	GA
1	30671758	8	GA
1	30673519	687	GA
1	30674124	605	CT
1	30674549	425	CG
1	30674577	28	GA
1	30674616	39	TC
1	30674733	117	CT
1	30674739	6	AG
1	30674783	44	AT
1	30674802	19	GA
1	30674865	63	GA
1	30676001	633	GA
1	30676137	136	TC
1	30676154	17	GA
1	30677626	1387	GA
1	30677699	73	GA
1	30677747	48	TC
1	30677769	22	GA
1	30678247	478	GA
1	30678589	86	CT
1	30678911	162	GA
1	30679036	125	GT
1	30679167	131	CT
1	30679553	386	AG
1	30679818	265	TC
1	30679965	147	AG
1	30682152	758	GT
1	30682333	181	GC
1	30683281	948	CG
1	30683527	246	GA
1	30683714	187	CT
1	30689673	3983	GA
1	30689742	69	GA
1	30692926	2054	GA
1	30704221	7627	CT
1	30704240	19	TC
1	30704275	35	GA
1	30704304	29	TC
1	30704506	202	TC
1	30704642	136	GT
1	30704908	97	GT
1	30705373	465	CT
1	30705598	225	AG
1	30705784	186	GA
1	30705912	128	GA
1	30705924	12	CA
1	30706402	423	GC
1	30707419	1017	GA
1	30709155	1145	GC
1	30712785	3057	GA
1	30712860	75	GA
1	30713447	410	CT
1	30713696	249	TC
1	30728640	9751	CT
1	30729205	565	CT
1	30731510	1436	GA
1	30731625	115	TC
1	30731729	104	GA
1	30731869	140	GA
1	30731948	79	GA
1	30732321	373	GC
1	30732888	501	AG
1	30732959	71	CT
1	30733106	147	CG
1	30733306	126	AG
1	30733661	313	TC
1	30733761	100	GA
1	30733807	46	GA
1	30733831	24	CT
1	30733845	14	AC
1	30733853	8	CT
1	30733865	12	TC
1	30734071	206	AG
1	30734394	270	CT
1	30735593	1199	TG
1	30735605	12	GT
1	30735850	245	CT
1	30737054	256	CT
1	30737076	22	TC
1	30737079	3	CT
1	30737128	49	GC
1	30737171	43	CT
1	30737486	315	AG
1	30737488	2	GA
1	30737494	6	GA
1	30737514	20	TG
1	30737529	15	TC
1	30737600	71	GA
1	30739174	259	GT
1	30739325	151	TC
1	30740187	523	AG
1	30740759	572	TC
1	30740964	205	TC
1	30741155	191	CA
1	30742854	1515	GC
1	30742925	71	TC
1	30743120	195	AC
1	30743276	156	GC
1	30743291	15	GA
1	30743385	94	GA
1	30743508	123	AG
1	30744538	394	CG
1	30744844	188	CT
1	30744907	63	CT
1	30744941	34	AG
1	30745020	79	CT
1	30745170	150	GA
1	30745305	135	AG
1	30745506	201	GA
1	30745561	55	GA
1	30745563	2	GA
1	30746179	616	GT
1	30747257	997	CT
1	30747345	88	TC
1	30747831	486	GA
1	30748033	202	TC
1	30748110	77	AG
1	30748413	303	TC
1	30748739	282	CA
1	30749005	266	GA
1	30749109	104	CT
1	30750113	904	CT
1	30750114	1	CG
1	30750192	78	CA
1	30750233	41	CA
1	30750366	133	AT
1	30750397	31	AG
1	30750400	3	GA
1	30750827	427	GA
1	30753638	1992	CT
1	30754353	715	GA
1	30754829	206	AG
1	30754832	3	CT
1	30755222	390	GA
1	30755270	48	TC
1	30755297	27	GC
1	30755298	1	GA
1	30756135	837	GA
1	30756233	98	AC
1	30756895	662	AG
1	30757146	251	TC
1	30757160	14	AG
1	30757172	12	GA
1	30757396	224	TC
1	30757571	175	CT
1	30758341	496	TG
1	30758657	316	CA
1	30758668	11	AG
1	30758683	15	GC
1	30758885	202	CG
1	30758990	105	GA
1	30759198	208	AG
1	30759558	360	AT
1	30759629	71	GA
1	30760269	599	GC
1	30760616	347	TG
1	30760651	35	GA
1	30761270	558	CT
1	30761430	160	TG
1	30761629	177	CT
1	30761673	44	GA
1	30762490	167	TA
1	30767013	1465	AT
1	30767661	21	CT
1	30767662	1	GC
1	30767894	232	CT
1	30768003	109	CT
1	30768363	299	GA
1	30768470	107	CT
1	30770572	1827	GA
1	30770766	194	TG
1	30771247	481	GT
1	30771897	650	TA
1	30772168	271	GA
1	30772722	194	CT
1	30777136	3077	CA
1	30777515	379	AG
1	30777684	169	CT
1	30777757	73	GA
1	30777818	61	CT
1	30777998	180	CT
1	30778082	84	GA
1	30778182	100	CA
1	30779279	566	CT
1	30779875	570	GA
1	30779877	2	AC
1	30786710	3503	CT
1	30786854	144	CT
1	30787160	306	CT
1	30787164	4	CA
1	30788022	556	GA
1	30788180	158	GC
1	30789040	491	AC
1	30789666	324	TC
1	30790792	783	TC
1	30790952	160	GA
1	30791016	17	GA
1	30791028	12	GT
1	30791407	379	GA
1	30791544	137	GA
1	30791595	51	TC
1	30791654	59	GA
1	30792338	684	AG
1	30792593	255	CT
1	30792677	84	CT
1	30792699	22	TC
1	30792799	100	AC
1	30792836	37	GC
1	30792902	66	AG
1	30792927	25	TG
1	30793248	321	AG
1	30793336	88	GA
1	30794309	973	GA
1	30799896	4651	AG
1	30799979	83	GA
1	30800131	152	GA
1	30800139	8	CT
1	30800148	9	GA
1	30800432	284	TC
1	30800459	27	GA
1	30800598	139	GC
1	30802122	675	AT
1	30802130	8	GA
1	30803343	1213	CT
1	30804158	754	GA
1	30806582	2067	CT
1	30807529	947	GA
1	30809775	934	CG
1	30809854	79	AG
1	30810196	193	CT
1	30812237	1098	AG
1	30812442	205	GC
1	30812661	219	GC
1	30812726	65	TC
1	30812908	182	TC
1	30813011	103	GA
1	30813479	468	TC
1	30813619	140	CT
1	30813628	9	TG
1	30813927	299	GA
1	30814038	111	CT
1	30814233	195	GC
1	30815191	439	AG
1	30815215	24	GA
1	30815716	206	GA
1	30816043	327	CT
1	30817020	289	CG
1	30817541	521	GC
1	30817544	3	GA
1	30818075	531	TC
1	30818429	205	CT
1	30818620	157	CT
1	30819899	1017	CT
1	30820503	604	TC
1	30822740	1411	TC
1	30833761	6999	CT
1	30841403	6542	AT
1	30898707	47452	GT
1	30898715	8	GA
1	30913500	10795	AG
1	30913639	139	GA
1	30913950	113	AG
1	30913955	5	TC
1	30913973	18	TC
1	30913978	5	TC
1	30914350	372	TC
1	30916715	1462	CG
1	30919610	2454	AC
1	30922663	2490	AG
1	30922781	118	AG
1	30923528	339	GA
1	30923862	334	CG
1	30924003	141	AG
1	30924023	20	TC
1	30924050	27	CA
1	30924683	540	AG
1	30925130	447	AG
1	30925238	108	CG
1	30925569	331	TC
1	30925627	58	CA
1	30925795	61	CT
1	30926131	84	AG
1	30926432	301	TG
1	30928137	1452	TC
1	30928425	132	CT
1	30928816	391	GC
1	30929016	200	AG
1	30929157	141	GC
1	30933008	3683	CT
1	30933827	697	GA
1	30934706	843	TC
1	30937647	2769	TC
1	30937705	58	GC
1	30937781	76	GA
1	30937808	27	AG
1	30937940	132	GC
1	30937942	2	CT
1	30938071	129	GC
1	30941119	1585	GA
1	30941177	58	CG
1	30941295	118	TG
1	30942186	525	AG
1	30946280	2290	TC
1	30947058	667	CT
1	30947392	334	GA
1	30949180	1788	AG
1	30949992	812	GA
1	30952531	1604	CT
1	30954734	2062	AG
1	30957018	1548	GA
1	30957167	149	CT
1	30957168	1	AT
1	30957650	482	CT
1	30961318	2999	TC
1	30961376	58	CA
1	30962738	1318	AG
1	30964183	1319	AG
1	30964293	110	TA
1	30964759	167	TC
1	30964772	13	AC
1	30965116	202	TC
1	30966943	1624	CG
1	30967173	149	CT
1	30969082	1909	TC
1	30969947	805	AG
1	30969994	47	CG
1	30970262	268	AG
1	30970467	205	GA
1	30970550	83	AT
1	30970832	282	GA
1	30971395	563	TC
1	30971673	278	GA
1	30972354	681	TG
1	30972485	131	TG
1	30972787	266	CA
1	30974849	2043	GA
1	30975478	629	TC
1	30976503	1025	TA
1	30977012	509	TA
1	30980085	1781	CT
1	30980088	3	AG
1	30980096	8	CT
1	30980139	43	GA
1	30980425	181	AG
1	30980528	103	CT
1	30981148	549	AG
1	30981281	133	GA
1	30981448	167	AG
1	30982792	229	CG
1	30982958	166	CT
1	30983893	903	AC
1	30984848	955	AG
1	30986007	924	GT
1	30987266	1008	TC
1	30987815	549	CA
1	30988253	376	GC
1	30988676	423	GA
1	30990866	2044	GC
1	30991548	682	GC
1	30993509	1524	TG
1	30998706	3488	CT
1	30998765	59	GA
1	30999011	246	GC
1	31004454	5179	TC
1	31008646	3636	GA
1	31009251	554	CT
1	31009310	59	CT
1	31009312	2	CT
1	31010483	830	GC
1	31013185	2272	GC
1	31014369	1167	TC
1	31014513	144	AG
1	31014781	268	CT
1	31021531	1080	AG
1	31023099	1568	CT
1	31023256	157	TC
1	31023313	57	CT
1	31023876	528	CT
1	31023963	87	TC
1	31024101	138	TC
1	31024303	134	AG
1	31024461	158	TA
1	31024482	21	GT
1	31024979	497	TG
1	31025500	276	AG
1	31025505	5	AG
1	31025544	39	GA
1	31026102	248	TG
1	31026158	56	TC
1	31026927	769	TA
1	31027164	237	AC
1	31027961	797	TC
1	31028802	736	CG
1	31030645	880	TC
1	31032445	509	GA
1	31033560	983	CT
1	31034577	1017	CG
1	31034644	67	TA
1	31034992	348	GA
1	31038412	2522	TG
1	31039474	439	AG
1	31046646	3881	TA
1	31049591	2625	CA
1	31050286	535	CA
1	31050452	166	CG
1	31050684	207	GC
1	31051078	394	AG
1	31051205	127	GA
1	31051429	224	TC
1	31051515	86	CA
1	31052139	252	CT
1	31052397	258	CG
1	31052425	28	TG
1	31052932	507	GC
1	31053225	293	CT
1	31053993	768	CG
1	31054003	10	TC
1	31054042	39	GA
1	31054120	78	GT
1	31054537	417	TA
1	31055759	1163	GA
1	31056926	1145	CT
1	31057919	993	GT
1	31062833	1701	AT
1	31063982	1095	AC
1	31064183	201	TC
1	31064594	411	TC
1	31064761	167	GT
1	31064969	208	CT
1	31065269	169	AG
1	31065369	100	CT
1	31065641	272	GC
1	31065686	45	CT
1	31065747	61	CT
1	31065778	31	CT
1	31066858	682	GA
1	31067395	97	GA
1	31068032	637	AC
1	31068301	269	AG
1	31068576	275	CT
1	31068696	80	AG
1	31068820	124	GT
1	31069646	826	TC
1	31070140	494	TC
1	31071565	1272	GC
1	31071847	282	GA
1	31071913	66	TC
1	31078420	2873	AG
1	31078507	87	GA
1	31080157	254	CG
1	31083906	2689	AT
1	31084569	663	GA
1	31084719	150	CT
1	31084720	1	AG
1	31084759	39	TC
1	31085905	1146	TC
1	31086063	158	CA
1	31086441	378	AG
1	31086862	421	GC
1	31087279	375	GA
1	31087324	45	GA
1	31089448	1348	GC
1	31089666	218	CG
1	31089934	268	CT
1	31090103	56	TA
1	31092123	1803	GT
1	31092169	46	CA
1	31092283	114	GA
1	31092484	201	CT
1	31092571	87	GA
1	31092673	102	TC
1	31092828	155	GA
1	31094876	1963	AC
1	31095165	289	CT
1	31095324	159	CG
1	31095534	210	AC
1	31095632	98	CG
1	31095848	216	CT
1	31096116	268	AC
1	31096268	152	CT
1	31096313	45	CA
1	31096317	4	AG
1	31096355	38	GA
1	31096364	9	GT
1	31096367	3	TC
1	31096766	354	GT
1	31096980	214	GC
1	31098062	328	TC
1	31098105	43	CG
1	31098247	142	AC
1	31102563	796	CT
1	31102859	296	CT
1	31103370	227	AG
1	31103682	312	AG
1	31103694	12	AG
1	31103840	146	GA
1	31103953	113	CT
1	31104136	183	CT
1	31104186	50	CT
1	31104187	1	AG
1	31104493	186	GA
1	31104651	158	CT
1	31106461	1306	CT
1	31107701	1029	GA
1	31108323	622	TC
1	31110252	1333	TC
1	31110524	272	CT
1	31110633	109	TC
1	31111266	583	CT
1	31111526	260	GC
1	31111535	9	CT
1	31112374	839	CA
1	31114778	1926	GA
1	31118187	2667	CT
1	31119559	1063	GA
1	31120295	399	AG
1	31120767	472	CT
1	31120792	25	TA
1	31120880	88	GT
1	31121211	291	GA
1	31121670	459	CT
1	31123982	252	TC
1	31124273	48	CG
1	31124339	66	CG
1	31124431	92	TG
1	31124446	15	GC
1	31124560	114	AG
1	31124693	133	CA
1	31126107	1414	CG
1	31126381	274	CT
1	31127121	148	TC
1	31127167	46	AG
1	31127304	137	CG
1	31127947	119	CT
1	31127966	19	AG
1	31128306	340	TC
1	31128332	26	AT
1	31128455	123	TC
1	31128476	21	AG
1	31128509	33	TC
1	31128715	206	CT
1	31128742	27	CG
1	31128771	29	GT
1	31129017	165	TC
1	31129033	16	GT
1	31129324	291	GA
1	31129333	9	GA
1	31129407	74	TC
1	31129469	62	AG
1	31129476	7	TC
1	31129565	89	AG
1	31130469	79	GA
1	31130540	71	TG
1	31130711	171	AC
1	31130970	259	CT
1	31131740	445	CT
1	31132341	235	TC
1	31132382	41	GA
1	31132446	64	TC
1	31132458	12	TC
1	31132482	24	CT
1	31133854	929	TC
1	31134132	278	GA
1	31134168	36	AC
1	31134445	200	GA
1	31134459	14	TC
1	31134740	281	TC
1	31135039	299	AG
1	31135088	49	CT
1	31135340	252	TA
1	31135438	98	CT
1	31136085	647	AC
1	31136325	240	CA
1	31136334	9	TC
1	31137704	694	GA
1	31137775	71	GC
1	31137908	133	AG
1	31138124	216	AG
1	31138243	119	CT
1	31138273	30	CT
1	31139064	791	GT
1	31139151	87	GA
1	31142531	2880	CT
1	31143559	1028	CT
1	31143560	1	AG
1	31144110	550	AT
1	31144407	297	CT
1	31144550	143	AG
1	31145829	1279	CT
1	31150811	3818	CT
1	31158531	6440	GT
1	31164501	3511	TC
1	31165501	1000	GC
1	31204315	32430	TC
1	31204777	462	TC
1	31205400	571	GA
1	31205649	249	TC
1	31205829	180	CT
1	31206039	210	CT
1	31206763	724	TC
1	31207781	927	TC
1	31209539	1758	TC
1	31210895	1234	TC
1	31211046	151	AC
1	31211571	525	AG
1	31211589	18	AG
1	31214870	2416	AG
1	31215153	283	TG
1	31215549	366	TC
1	31215584	35	CT
1	31215770	186	TA
1	31216612	353	GA
1	31216619	7	GA
1	31216674	55	AG
1	31216796	122	TC
1	31217870	1074	AT
1	31218736	467	CT
1	31218967	231	AG
1	31219077	110	GA
1	31222019	2683	TG
1	31222052	33	GA
1	31222254	202	TC
1	31222620	366	CA
1	31224122	1449	CA
1	31225283	1009	GA
1	31225420	137	AG
1	31228084	2170	TC
1	31229868	1305	GA
1	31229896	28	CA
1	31230760	572	CT
1	31231152	392	AG
1	31231358	206	GA
1	31232815	1274	AC
1	31236842	3520	AG
1	31237015	173	CG
1	31237561	546	GA
1	31238958	1397	CT
1	31239524	451	TC
1	31239549	25	CG
1	31239894	345	TC
1	31240726	777	GC
1	31240871	145	GA
1	31245154	3706	TC
1	31245365	211	GA
1	31245569	204	AG
1	31245697	128	CT
1	31245823	126	TC
1	31245973	150	CT
1	31247521	1168	AT
1	31247563	42	CT
1	31247954	391	GA
1	31250247	909	CT
1	31250588	341	AC
1	31250892	304	CT
1	31252035	877	CT
1	31252043	8	AC
1	31252134	91	TC
1	31252163	29	TC
1	31252400	237	CA
1	31253260	277	TC
1	31253685	425	TC
1	31253768	83	GA
1	31254269	460	AC
1	31254400	38	TC
1	31254502	38	CT
1	31254657	127	AT
1	31255130	412	AC
1	31255524	394	TC
1	31255971	447	TC
1	31256629	658	GC
1	31258891	1147	TC
1	31258919	28	AT
1	31259416	303	AG
1	31259690	274	AT
1	31260034	344	CT
1	31260189	155	CT
1	31260454	265	CG
1	31261754	387	CT
1	31263746	1770	TG
1	31263774	28	TC
1	31264126	167	GT
1	31264416	180	AG
1	31264419	3	GC
1	31264558	139	CT
1	31264858	262	GT
1	31264994	136	TC
1	31265520	526	GA
1	31265628	108	TC
1	31265629	1	GA
1	31265887	169	CT
1	31265892	5	CT
1	31266540	571	CT
1	31266839	173	GA
1	31266874	35	TA
1	31267578	71	AC
1	31267596	18	CT
1	31268757	970	TG
1	31273155	2308	AG
1	31276162	2291	AG
1	31276606	211	GA
1	31276778	172	AG
1	31277344	566	AG
1	31278912	650	GA
1	31279870	410	TC
1	31279888	18	CG
1	31279996	108	AG
1	31280900	881	GA
1	31282632	1640	TC
1	31282822	190	GA
1	31282949	127	CT
1	31283027	78	CT
1	31285968	234	TC
1	31286154	186	CT
1	31286207	53	CT
1	31297727	1280	GA
1	31298481	512	GC
1	31300283	1509	CA
1	31300293	10	CA
1	31301317	974	CT
1	31301410	93	GT
1	31303797	1617	TC
1	31304659	408	GT
1	31305356	443	GA
1	31306619	492	AG
1	31308114	1200	CT
1	31308511	397	CT
1	31311279	1321	TC
1	31313010	1731	TC
1	31314066	969	TA
1	31315226	1107	TC
1	31315233	7	TC
1	31315318	85	CA
1	31315486	168	AC
1	31316296	445	TC
1	31316473	25	CT
1	31320594	1885	TC
1	31321497	521	CG
1	31321930	433	TG
1	31322263	333	GA
1	31322291	28	CT
1	31323081	690	CG
1	31323428	197	CT
1	31324621	1008	CT
1	31325910	788	TC
1	31326134	224	AT
1	31326229	95	CT
1	31326481	252	AT
1	31326563	41	CT
1	31326646	83	TC
1	31327040	353	GT
1	31327620	353	GT
1	31327678	58	GA
1	31327908	230	CT
1	31327996	48	TC
1	31328039	43	CG
1	31328113	74	AC
1	31328136	23	TC
1	31328689	232	GA
1	31329619	899	GT
1	31333391	3059	TC
1	31333425	34	GA
1	31333848	423	CT
1	31334995	797	AG
1	31335079	84	GA
1	31335091	12	CG
1	31335639	507	CG
1	31335903	157	CT
1	31336099	196	GA
1	31336763	112	AG
1	31336814	51	GC
1	31336965	151	GA
1	31339535	505	GA
1	31340730	543	AC
1	31340760	30	CT
1	31341556	560	AG
1	31341634	78	AG
1	31341701	67	AG
1	31341833	132	TC
1	31343026	878	GC
1	31343138	112	AC
1	31344119	981	GA
1	31345018	678	CG
1	31346267	713	CT
1	31346716	449	AG
1	31347947	323	GC
1	31348691	568	CG
1	31348695	4	AG
1	31348889	194	GA
1	31349899	939	AG
1	31350017	118	AG
1	31350042	25	GA
1	31350100	58	GA
1	31350104	4	CT
1	31350129	25	GA
1	31350156	27	AC
1	31350301	145	TA
1	31350429	128	TC
1	31350586	157	TC
1	31351161	513	CT
1	31357050	5191	CT
1	31357458	337	GA
1	31362613	4175	AG
1	31362841	228	AC
1	31362855	14	AG
1	31363279	424	CG
1	31364531	701	AG
1	31365363	706	AC
1	31365477	114	TC
1	31366195	648	AG
1	31366481	286	TC
1	31366676	195	CG
1	31367021	345	TA
1	31367045	24	TC
1	31368814	1769	CT
1	31369509	695	CT
1	31369726	217	GA
1	31369885	159	GA
1	31372593	2645	GT
1	31378539	4568	TA
1	31379251	712	GC
1	31379936	491	AG
1	31382007	1052	TC
1	31383492	736	CT
1	31386149	1626	TC
1	31386473	324	GT
1	31389629	2647	AG
1	31391015	703	TG
1	31393409	2276	TC
1	31396797	2873	CT
1	31400009	1274	GT
1	31404131	1260	TA
1	31407430	2311	CA
1	31409484	1785	GA
1	31410623	737	TC
1	31410845	222	GA
1	31414112	2734	GA
1	31414922	810	TG
1	31416562	1231	TC
1	31418493	1018	CT
1	31418749	256	CT
1	31420171	1355	AT
1	31421331	826	CT
1	31423429	1773	CT
1	31430116	1932	TC
1	31431580	1236	AG
1	31436330	1779	GA
1	31437779	1080	TC
1	31438913	457	GT
1	31447005	3517	CT
1	31450257	2902	TC
1	31450597	340	CT
1	31451782	633	CT
1	31455247	2130	CT
1	31455481	234	AG
1	31455942	156	CT
1	31456525	583	GA
1	31463237	438	TG
1	31469216	1663	TC
1	31472803	2771	AG
1	31475014	1737	GT
1	31477746	1831	CG
1	31477759	13	AG
1	31477971	212	GT
1	31479624	1141	GA
1	31480643	794	CA
1	31481022	379	AT
1	31482106	745	TC
1	31521155	20766	GA
1	31521279	124	CG
1	31521737	458	TC
1	31548924	19748	GA
1	31550152	776	GA
1	31550228	76	TC
1	31550370	142	GA
1	31550566	196	GA
1	31551720	530	TA
1	31551838	118	TA
1	31552065	227	TC
1	31552171	106	CT
1	31552487	316	TC
1	31552627	140	GA
1	31557969	4346	AG
1	31564273	6087	CG
1	31564712	399	GA
1	31580396	12987	AG
1	31588067	6421	AT
1	31624810	22912	CT
1	31629413	3492	CT
1	31630719	1004	AC
1	31631427	648	AC
1	31632201	484	GC
1	31632422	221	CT
1	31632428	6	GA
1	31632557	36	GA
1	31633090	62	TC
1	31633511	421	TC
1	31633917	406	GA
1	31634083	166	AG
1	31634169	86	TC
1	31634582	308	AG
1	31634680	98	AG
1	31635123	443	AG
1	31635167	44	GT
1	31635444	277	GA
1	31636365	622	AT
1	31640407	2949	AG
1	31641800	625	CA
1	31642839	741	TA
1	31644967	2017	GA
1	31645043	76	AG
1	31645581	538	AG
1	31645748	167	GA
1	31646417	669	AG
1	31647497	801	GA
1	31647741	244	AG
1	31647756	15	AG
1	31648120	332	GA
1	31649081	809	GA
1	31649097	16	AC
1	31649160	63	GC
1	31649395	123	GA
1	31649695	51	CT
1	31650696	663	TC
1	31650726	30	AG
1	31651054	295	GA
1	31651342	288	TC
1	31651621	196	AC
1	31651720	99	AC
1	31651930	210	CT
1	31652185	255	CT
1	31652333	148	CG
1	31652577	244	CG
1	31653241	664	GA
1	31654404	796	CT
1	31654816	147	GA
1	31656149	657	CT
1	31666266	3946	CT
1	31668815	2048	CT
1	31675371	4296	CA
1	31676984	1330	TG
1	31683327	4016	TC
1	31685057	1108	GA
1	31690003	3907	AG
1	31698292	5260	CT
1	31700061	1453	CT
1	31700764	600	GA
1	31702502	1236	CT
1	31702914	358	CT
1	31706530	3149	CT
1	31713568	3090	GC
1	31714186	484	CT
1	31718498	3488	TC
1	31721186	2099	GC
1	31722860	599	CT
1	31726565	2433	TC
1	31727929	810	CT
1	31727931	2	CT
1	31727983	52	TC
1	31728931	343	GA
1	31728959	28	AG
1	31728971	12	CT
1	31730666	148	TC
1	31731659	558	AG
1	31732300	641	TG
1	31732458	158	TC
1	31732510	52	TC
1	31733024	514	AG
1	31733048	24	GA
1	31733050	2	TC
1	31733084	34	AG
1	31733095	11	AG
1	31733096	1	AT
1	31733098	2	TA
1	31733212	114	CT
1	31733266	54	AC
1	31733521	255	GA
1	31733597	76	TA
1	31733940	343	CT
1	31733957	17	AG
1	31734419	462	CT
1	31734765	346	TA
1	31736504	1535	AG
1	31737745	1241	CT
1	31737903	158	TG
1	31737929	26	GT
1	31737932	3	TA
1	31737950	18	GT
1	31737986	36	GT
1	31738022	36	TC
1	31738106	84	GA
1	31738185	79	GA
1	31738189	4	CT
1	31738248	59	AT
1	31738255	7	AG
1	31738343	88	GC
1	31738417	74	TC
1	31738433	16	CT
1	31738439	6	GT
1	31738470	31	TA
1	31739785	71	AT
1	31739827	42	AG
1	31739890	63	GC
1	31741743	898	AC
1	31741777	34	CT
1	31745031	1739	AG
1	31749375	2853	CG
1	31750854	1479	CT
1	31753919	1599	AG
1	31755532	1232	TC
1	31755923	391	TC
1	31763328	2370	CT
1	31766112	2391	GC
1	31766572	460	CT
1	31768234	791	CA
1	31768598	364	GA
1	31768666	68	GA
1	31768837	91	GA
1	31773616	1992	CT
1	31773647	31	AG
1	31773877	230	TC
1	31773966	89	CT
1	31774517	492	AG
1	31774547	30	GT
1	31774610	63	AG
1	31774721	111	AG
1	31774730	9	AG
1	31775296	469	GA
1	31776367	417	AG
1	31776870	503	GA
1	31778333	1197	GT
1	31778468	135	CT
1	31778512	44	TG
1	31778513	1	TG
1	31778547	34	CT
1	31778941	394	CT
1	31779475	149	TC
1	31779482	7	AG
1	31779617	135	AG
1	31779866	249	GA
1	31780715	672	GA
1	31781702	321	CT
1	31781742	40	TC
1	31781995	253	GA
1	31782941	620	CT
1	31783608	667	TC
1	31783793	185	CA
1	31783857	64	CT
1	31784096	239	GT
1	31784099	3	AG
1	31784272	173	GA
1	31784727	455	CT
1	31784815	88	TC
1	31784877	62	GA
1	31784941	64	GC
1	31784963	22	GT
1	31785574	303	AT
1	31785708	134	TC
1	31785848	140	AG
1	31785851	3	CT
1	31786436	585	TC
1	31786574	138	CT
1	31786880	306	AG
1	31789035	1693	CA
1	31792524	737	GC
1	31793979	784	TC
1	31794143	164	CT
1	31794509	141	AG
1	31795615	745	CT
1	31798574	1811	TC
1	31829055	23019	GA
1	31833095	3718	TC
1	31836103	1248	TC
1	31837525	1327	AG
1	31839300	1775	GA
1	31839842	512	AT
1	31840068	226	CG
1	31840072	4	CG
1	31840789	717	GA
1	31840875	86	AC
1	31840912	37	GA
1	31840990	78	GC
1	31840997	7	TC
1	31841030	33	TA
1	31841163	133	AC
1	31841193	30	AT
1	31841194	1	GA
1	31841477	283	GA
1	31841507	30	GC
1	31841534	27	TC
1	31841599	65	GA
1	31841634	35	AG
1	31842153	326	AG
1	31842251	98	CT
1	31842364	113	TC
1	31842377	13	TC
1	31844255	1623	AC
1	31844375	120	TC
1	31844396	21	GA
1	31844612	216	CG
1	31844848	207	AT
1	31845946	409	CT
1	31845955	9	TA
1	31846776	474	GA
1	31846812	36	GA
1	31846901	89	CT
1	31847118	217	GA
1	31847165	47	AG
1	31847461	296	CT
1	31847509	48	GA
1	31847523	14	CT
1	31847726	135	AG
1	31847948	150	CT
1	31847977	29	AG
1	31848002	25	GA
1	31848290	227	CT
1	31848312	22	TC
1	31848360	48	CG
1	31848773	324	GA
1	31848972	199	AG
1	31849078	106	CT
1	31849520	395	CT
1	31849784	264	TC
1	31850107	323	AG
1	31850116	9	CT
1	31850132	16	TA
1	31850270	138	CT
1	31851098	772	CA
1	31858468	5005	CT
1	31858511	43	AG
1	31858592	81	TC
1	31858599	7	GA
1	31858987	388	CT
1	31859396	409	GA
1	31860003	607	TC
1	31860035	32	GT
1	31860071	36	CG
1	31862534	1548	GA
1	31862572	38	TA
1	31863700	792	GA
1	31864057	357	GA
1	31864146	89	CA
1	31867379	2641	CA
1	31867595	101	GA
1	31869289	789	TG
1	31869635	346	CG
1	31869659	24	TC
1	31869746	87	AT
1	31870301	555	AG
1	31870345	44	GA
1	31870359	14	GA
1	31870367	8	AG
1	31870412	45	AG
1	31870609	197	AG
1	31876494	4997	AC
1	31877528	588	AT
1	31877578	50	TC
1	31877664	86	GT
1	31877693	29	TC
1	31877789	96	CT
1	31878027	238	CT
1	31878118	91	CG
1	31878344	226	AT
1	31878767	423	TG
1	31879204	181	CG
1	31879211	7	TC
1	31879566	355	GA
1	31879896	183	TC
1	31880090	194	GA
1	31881437	1067	GA
1	31883072	1405	AT
1	31883594	522	TC
1	31883605	11	TC
1	31883888	283	TC
1	31883945	57	TC
1	31883999	54	GA
1	31884458	459	CT
1	31886432	1943	AG
1	31886884	452	CT
1	31887416	504	GA
1	31887979	563	TG
1	31888108	129	CG
1	31889391	951	CT
1	31890533	1142	AG
1	31891124	591	TA
1	31891675	551	CT
1	31891702	27	GA
1	31892769	1006	TC
1	31892779	10	TC
1	31892810	31	AG
1	31893185	375	GA
1	31912411	15932	GA
1	31913654	1151	CT
1	31914840	1186	AG
1	31914887	47	CA
1	31915825	938	GC
1	31915942	117	CT
1	31916922	980	AT
1	31917938	1016	GA
1	31918879	941	AC
1	31920106	436	TC
1	31920122	16	CT
1	31921503	1381	CT
1	31922036	533	CG
1	31922040	4	AG
1	31922083	43	CT
1	31922120	37	TC
1	31922245	125	CT
1	31923285	1040	AG
1	31923491	206	TG
1	31923712	221	TC
1	31923720	8	GC
1	31924416	664	CT
1	31924587	171	CT
1	31929600	4594	TC
1	31930274	437	CA
1	31931699	745	CA
1	31931739	40	AG
1	31932250	464	CA
1	31932356	106	CT
1	31932435	79	CT
1	31932567	132	GA
1	31933013	416	CT
1	31933475	326	CT
1	31933965	243	TC
1	31933993	28	AG
1	31935076	1083	GT
1	31937107	1842	GA
1	31937413	306	GT
1	31937614	201	GA
1	31938514	552	CT
1	31940216	651	GA
1	31940455	239	GA
1	31943119	2428	CA
1	31943991	847	TC
1	31950614	3602	TC
1	31955004	2800	CT
1	31956901	1431	AG
1	31973520	13127	GT
1	31974338	796	TC
1	31979826	2646	GA
1	31980778	952	GA
1	31983088	1320	GA
1	31983429	341	GA
1	31986426	1964	GA
1	31989324	1753	AG
1	31991113	1489	GA
1	31993623	2306	CT
1	31993679	56	TC
1	31994038	359	TC
1	31994052	14	GA
1	31994392	340	GC
1	31994969	386	TG
1	31994984	15	AG
1	31995049	65	TA
1	31995052	3	CT
1	31995226	174	TG
1	31995287	61	CA
1	31995299	12	GA
1	31995352	53	GA
1	31995488	136	CT
1	31995554	66	TG
1	31995600	46	AT
1	31995604	4	AG
1	31995608	4	CT
1	31995716	108	AG
1	31995737	21	TA
1	31995875	138	TC
1	31996140	209	TC
1	31996141	1	GA
1	31996241	100	TC
1	31996249	8	CT
1	31996418	79	TC
1	31997516	901	AT
1	31997526	10	CG
1	31998282	259	GA
1	31998371	89	AT
1	31998410	39	AG
1	31998424	14	CT
1	31998589	165	CG
1	31998623	34	TC
1	31998629	6	AG
1	31998832	203	GA
1	31998898	66	AG
1	31998977	79	GA
1	31999053	76	AG
1	31999087	34	TA
1	31999125	38	CG
1	31999192	67	GA
1	31999255	63	CG
1	31999361	106	GA
1	31999665	284	TC
1	32000507	682	CT
1	32001163	656	AG
1	32001682	519	CT
1	32001961	279	CT
1	32002306	345	GT
1	32010150	3046	CT
1	32010752	123	CA
1	32010869	117	GC
1	32011261	392	CT
1	32011753	492	AG
1	32012442	576	AG
1	32015705	1399	AG
1	32015859	154	AG
1	32016068	50	GC
1	32016177	73	TC
1	32016252	75	TC
1	32016547	134	CT
1	32017620	632	AG
1	32017759	139	CT
1	32017869	110	GA
1	32019041	1136	CT
1	32019544	503	GA
1	32019686	95	CT
1	32021258	945	CG
1	32021406	148	TG
1	32021976	349	AG
1	32022629	653	CT
1	32022948	319	CT
1	32023064	116	CT
1	32023209	145	CT
1	32023421	212	TC
1	32024389	968	TG
1	32025722	1333	CA
1	32026208	486	AT
1	32026575	367	GA
1	32027542	876	AG
1	32029751	1629	AT
1	32029818	67	AG
1	32030226	408	GA
1	32032159	1933	AG
1	32032520	361	CT
1	32033040	487	CT
1	32035450	2410	GT
1	32036893	1340	GA
1	32036903	10	TC
1	32037880	848	AC
1	32038603	202	AG
1	32039032	31	GA
1	32043119	3323	CA
1	32056198	9490	TC
1	32063047	3458	CT
1	32069704	3337	TG
1	32086516	13296	CT
1	32086598	82	GT
1	32087047	449	CT
1	32092016	4191	TC
1	32094604	2416	TC
1	32098677	1678	CT
1	32102901	2773	GA
1	32104717	1358	CT
1	32105514	399	TA
1	32105668	154	CG
1	32106319	651	GT
1	32107727	1408	CT
1	32111866	3368	AG
1	32112420	554	GC
1	32112945	525	CT
1	32117133	736	TA
1	32118928	806	CT
1	32119190	9	TC
1	32119378	188	GC
1	32119452	74	CT
1	32119496	44	GT
1	32119505	9	AC
1	32119606	101	TC
1	32119733	127	AG
1	32119929	88	TC
1	32121832	439	CT
1	32122146	240	AG
1	32122731	159	CT
1	32123055	324	TC
1	32123420	173	TC
1	32123616	61	GA
1	32123744	128	CT
1	32123954	210	TA
1	32124429	354	AC
1	32125525	236	AG
1	32144715	13533	GA
1	32146450	1431	CT
1	32146462	12	GA
1	32154038	6394	TA
1	32156113	1636	CT
1	32156332	219	GC
1	32158617	1733	CA
1	32166751	5697	TA
1	32170418	2695	TC
1	32175453	3672	CT
1	32181550	3076	CT
1	32182100	550	GA
1	32186891	4221	GA
1	32187927	860	GA
1	32188430	313	AC
1	32189621	965	CA
1	32192659	2649	TC
1	32218695	15895	GA
1	32226664	4799	CA
1	32247408	14917	CT
1	32252682	4049	GA
1	32256832	3007	CT
1	32257963	805	TC
1	32257968	5	TC
1	32258576	295	AG
1	32258692	116	GA
1	32258853	161	TC
1	32258918	65	CG
1	32259876	629	TA
1	32260226	350	GA
1	32260367	141	TC
1	32260417	50	GT
1	32260524	107	AT
1	32260552	28	AG
1	32260569	17	CT
1	32260578	9	TG
1	32261422	784	TG
1	32261844	422	AG
1	32262223	379	GC
1	32262803	249	AT
1	32273529	6787	AG
1	32284349	4730	AG
1	32291013	4894	TA
1	32291354	190	TC
1	32291410	56	AG
1	32295382	324	CT
1	32297752	2031	TA
1	32303359	4429	CT
1	32307290	3045	CT
1	32309080	1056	GA
1	32309916	543	AG
1	32309919	3	AG
1	32311193	905	TC
1	32320500	7190	GA
1	32320596	96	TA
1	32325323	1675	CT
1	32330878	1683	CT
1	32339129	1014	AC
1	32343819	3920	GC
1	32344049	230	TC
1	32344468	388	AG
1	32347589	2712	AG
1	32351333	2581	GC
1	32359599	7220	AC
1	32362246	2113	CT
1	32364000	1580	GA
1	32367945	3945	GA
1	32369054	846	CT
1	32369470	399	TG
1	32371211	1402	CG
1	32373443	1381	AG
1	32373600	157	GA
1	32373649	49	AG
1	32373995	157	AG
1	32376393	1102	AG
1	32376464	71	TC
1	32378858	877	GA
1	32380297	1439	AG
1	32381032	735	CA
1	32382911	1490	TC
1	32390271	5375	TC
1	32391041	770	TC
1	32400151	5105	GC
1	32400237	86	GT
1	32401219	599	CG
1	32401506	287	AT
1	32402773	1267	GT
1	32402886	46	AG
1	32403444	558	AG
1	32405599	1540	CT
1	32406005	406	GT
1	32406107	102	AG
1	32407885	1405	AG
1	32409253	1292	AT
1	32412999	3189	TC
1	32413268	269	TG
1	32413568	300	GC
1	32416276	823	CT
1	32419149	2851	CT
1	32422261	2870	AT
1	32426387	2180	AT
1	32426705	318	GA
1	32431910	2363	GA
1	32431926	16	CT
1	32431929	3	GT
1	32431934	5	AT
1	32432004	70	AT
1	32432035	31	CG
1	32432492	397	AG
1	32432577	85	GA
1	32433097	211	CT
1	32433279	182	CA
1	32433282	3	CT
1	32433432	150	GA
1	32433545	113	CG
1	32433613	68	GC
1	32433919	306	TC
1	32433942	23	AG
1	32433943	1	CT
1	32433961	18	AG
1	32434045	84	AG
1	32434289	244	TC
1	32434306	17	GT
1	32434492	186	CT
1	32434503	11	CA
1	32434607	104	GT
1	32434630	23	AG
1	32435649	308	GA
1	32435951	302	CG
1	32436036	85	CT
1	32436734	436	TA
1	32436822	88	AG
1	32436863	41	TC
1	32437014	151	GA
1	32437201	187	CA
1	32449710	96	AG
1	32449723	13	AG
1	32449963	240	AC
1	32450217	254	AC
1	32450762	189	AT
1	32450836	74	CT
1	32451063	227	CT
1	32452109	64	TC
1	32452130	21	TC
1	32452151	21	TG
1	32452338	187	CT
1	32452629	291	AC
1	32452678	24	TC
1	32452738	60	TC
1	32452740	2	TC
1	32452779	39	AT
1	32452961	66	GA
1	32452992	31	AG
1	32453128	136	TC
1	32453213	85	CT
1	32453363	150	TC
1	32453389	26	TC
1	32453446	57	GT
1	32453454	8	TC
1	32453599	145	CG
1	32453767	168	CT
1	32453806	39	AT
1	32454072	134	AG
1	32454517	428	GA
1	32455033	516	CG
1	32455035	2	TC
1	32455059	24	AT
1	32455255	196	TC
1	32455257	2	CT
1	32455395	138	AC
1	32455958	293	TC
1	32456061	103	AG
1	32456283	222	CT
1	32456285	2	CT
1	32456572	215	CT
1	32456677	105	GA
1	32456779	102	AG
1	32456965	186	TC
1	32460185	323	GC
1	32460288	103	TC
1	32460440	152	CT
1	32460449	9	TA
1	32460486	37	CA
1	32461487	526	CT
1	32461538	51	TA
1	32461684	146	TC
1	32462401	238	TA
1	32462692	117	CA
1	32462707	15	TG
1	32463096	389	AG
1	32463135	39	AG
1	32463182	47	TG
1	32463575	393	TC
1	32463805	230	TA
1	32464240	435	GA
1	32464395	155	CT
1	32464498	103	CG
1	32464679	181	AG
1	32464833	154	GC
1	32465513	650	TC
1	32466305	337	TC
1	32466775	187	GA
1	32467005	213	TC
1	32467072	67	CT
1	32467257	185	CT
1	32467258	1	AG
1	32468108	471	TC
1	32468188	80	GA
1	32468489	301	TC
1	32469140	566	GA
1	32469388	248	TC
1	32470173	785	AG
1	32470455	282	CG
1	32471447	280	GA
1	32471451	4	AG
1	32471499	48	TG
1	32472016	394	CT
1	32474021	293	TC
1	32475060	850	GT
1	32475064	4	TC
1	32478087	1580	AC
1	32478200	113	CA
1	32481126	584	AG
1	32481330	204	AG
1	32482587	1230	AC
1	32482802	215	TC
1	32482965	163	GA
1	32483418	453	CA
1	32483916	498	TA
1	32483935	19	AG
1	32484158	223	CT
1	32484167	9	GA
1	32484260	93	GA
1	32485688	348	AG
1	32486047	359	AC
1	32486605	558	TC
1	32486695	90	TC
1	32486696	1	AT
1	32487018	322	AG
1	32489718	319	TC
1	32489855	137	AG
1	32490689	90	CT
1	32490836	147	AT
1	32491131	295	AG
1	32492361	936	TC
1	32492987	364	GA
1	32493091	104	GT
1	32493164	73	GA
1	32493212	48	CA
1	32493301	89	TC
1	32493595	294	AT
1	32493726	131	AG
1	32494142	416	CT
1	32494285	143	AG
1	32494485	200	TC
1	32494680	195	TA
1	32494752	72	AT
1	32495206	401	GA
1	32496281	317	CT
1	32496440	159	TC
1	32496659	219	TC
1	32496681	22	AG
1	32496982	256	AG
1	32497003	21	GA
1	32497008	5	GC
1	32497346	338	GA
1	32497723	203	GT
1	32498781	757	GA
1	32498979	198	TG
1	32498995	16	AC
1	32501808	2024	AG
1	32529013	8208	AG
1	32530096	573	TC
1	32530125	29	AG
1	32530681	534	GT
1	32532515	768	AG
1	32532764	223	GA
1	32533079	315	CT
1	32533634	508	AC
1	32533698	64	CT
1	32534028	330	CA
1	32534742	714	CA
1	32536883	1393	AG
1	32539550	2066	AG
1	32540827	1040	AG
1	32540914	87	GA
1	32541777	657	TA
1	32545967	2126	AG
1	32548272	1950	AG
1	32548667	395	GA
1	32548692	25	AC
1	32549029	337	TC
1	32549453	424	AG
1	32549463	10	CT
1	32549646	183	GA
1	32549671	25	GA
1	32550676	212	TA
1	32550889	213	GA
1	32550974	85	CT
1	32551045	71	GA
1	32551575	462	AC
1	32551885	310	CT
1	32551971	86	GA
1	32552214	243	GA
1	32552511	183	CA
1	32553152	260	TG
1	32553470	318	AT
1	32553806	336	GA
1	32554504	698	TG
1	32554526	22	TG
1	32555025	447	AG
1	32555624	411	AG
1	32555664	40	GT
1	32555799	135	GA
1	32555893	94	CG
1	32556139	246	TC
1	32557580	1237	GT
1	32558767	1024	TA
1	32559169	402	CT
1	32559437	268	GA
1	32559536	99	CT
1	32559874	338	AG
1	32560128	205	CT
1	32560323	195	GA
1	32561777	135	CT
1	32563402	1084	AG
1	32563410	8	GC
1	32564318	801	AG
1	32564329	11	AT
1	32564825	386	GA
1	32567454	394	GT
1	32567929	262	CG
1	32567939	10	GC
1	32567950	11	TC
1	32568009	59	TC
1	32568050	41	CT
1	32568195	145	GA
1	32569491	638	TC
1	32569616	125	GA
1	32569721	105	TA
1	32569783	62	AG
1	32569799	16	CT
1	32570257	458	AC
1	32570414	157	CG
1	32571291	114	TG
1	32574569	773	AG
1	32574929	271	CT
1	32574963	34	AG
1	32575352	285	AC
1	32575366	14	GT
1	32575523	136	GT
1	32576613	757	GA
1	32576744	131	AT
1	32577837	1063	TA
1	32578039	202	TG
1	32578259	166	AG
1	32578441	182	GA
1	32581268	413	GA
1	32581887	248	TC
1	32581954	67	AC
1	32582556	182	AG
1	32582668	112	TG
1	32582893	225	TC
1	32582919	26	CA
1	32583072	153	AG
1	32583112	40	TC
1	32583457	345	TA
1	32583610	153	TC
1	32587402	3431	CT
1	32588613	1179	AG
1	32591382	1356	CT
1	32592433	744	AC
1	32592543	110	CT
1	32592747	204	AG
1	32598516	921	AG
1	32602392	1813	AC
1	32614562	6269	AT
1	32619430	3724	GC
1	32627376	6747	CT
1	32628621	873	GA
1	32628767	93	AG
1	32637363	5815	GA
1	32637895	389	GA
1	32639196	855	GC
1	32640108	912	AG
1	32640166	58	GT
1	32640849	683	TC
1	32644959	703	TA
1	32648659	2835	AG
1	32649870	908	CA
1	32653209	2568	CT
1	32653308	99	CT
1	32653829	521	GA
1	32655206	1087	AG
1	32657259	1735	GA
1	32660536	2676	GA
1	32660927	295	AG
1	32666273	2652	TA
1	32667451	811	AT
1	32667752	271	CT
1	32671142	2369	AT
1	32671767	421	TC
1	32672111	344	GA
1	32673257	663	GA
1	32676043	1664	AG
1	32676161	118	AG
1	32676660	499	TG
1	32679375	493	TC
1	32686396	4385	AC
1	32692824	4495	TG
1	32695668	2310	CA
1	32698619	2542	CT
1	32699727	1108	TG
1	32701706	1961	CT
1	32705466	2002	AG
1	32705484	18	GA
1	32708504	1629	CA
1	32712854	3470	AG
1	32722108	4621	CT
1	32722221	113	GA
1	32722366	145	TG
1	32724179	1084	GT
1	32725046	298	TC
1	32725075	29	AG
1	32726343	649	AG
1	32726678	335	GA
1	32727079	401	AT
1	32727495	416	AT
1	32728111	616	AG
1	32728826	715	GC
1	32729801	671	TC
1	32730362	561	AG
1	32730705	343	AT
1	32731866	586	GA
1	32731900	34	TC
1	32732079	179	TC
1	32732100	21	CT
1	32733454	984	CT
1	32733630	176	TC
1	32736388	1473	GT
1	32736398	10	AG
1	32736401	3	TA
1	32736415	14	AG
1	32739646	1696	CT
1	32740464	818	GA
1	32740539	75	AG
1	32742721	1186	GC
1	32742778	57	AT
1	32742834	56	AG
1	32747920	193	CG
1	32748096	176	TC
1	32749120	993	GA
1	32749175	55	GA
1	32749389	179	TC
1	32750517	1128	TC
1	32750572	55	CT
1	32753250	2077	TC
1	32753364	114	GA
1	32753809	445	AG
1	32754066	257	TC
1	32756261	2103	AT
1	32757794	1119	TC
1	32757958	164	CT
1	32759086	781	TC
1	32759210	124	TA
1	32759496	286	GA
1	32759533	37	CA
1	32759601	68	GC
1	32759624	23	AT
1	32759666	42	TC
1	32759718	52	TC
1	32759758	40	AG
1	32759793	35	TG
1	32759981	188	GA
1	32760026	45	AG
1	32760069	43	GA
1	32760125	56	TC
1	32760337	212	GA
1	32761712	962	CG
1	32761911	199	AT
1	32763495	1234	TC
1	32763652	157	GA
1	32764039	387	AG
1	32764283	244	GA
1	32764588	305	GA
1	32764606	18	CA
1	32764950	254	AG
1	32766025	956	AC
1	32766362	168	CT
1	32767462	343	TC
1	32767851	210	CT
1	32768574	723	TC
1	32768854	137	AG
1	32770794	1040	GA
1	32772020	1061	TC
1	32772770	750	CT
1	32773337	567	GA
1	32774103	178	TA
1	32774352	101	CT
1	32774530	178	GC
1	32774678	148	TG
1	32774934	256	AG
1	32775072	138	AG
1	32775453	381	AG
1	32777120	385	TC
1	32777226	106	AC
1	32777556	330	GA
1	32778630	582	AG
1	32779037	407	CT
1	32779515	478	TC
1	32779938	378	GA
1	32780010	72	GA
1	32780419	259	GA
1	32787635	3295	AG
1	32789670	2035	GT
1	32795259	1469	GA
1	32797583	2094	GA
1	32800938	2527	AG
1	32801471	533	AG
1	32801477	6	TA
1	32801726	249	GC
1	32802302	576	TC
1	32802452	150	AG
1	32802475	23	GA
1	32802723	248	CT
1	32803008	285	CT
1	32803329	321	TA
1	32803958	146	AG
1	32804179	221	CT
1	32804620	441	AG
1	32804624	4	GC
1	32804698	74	TA
1	32804933	235	AG
1	32805607	225	TG
1	32806446	444	GT
1	32806523	77	GA
1	32806621	98	CA
1	32806975	354	AG
1	32807880	535	GT
1	32810487	1475	GA
1	32811068	542	TC
1	32812394	1234	CT
1	32813431	904	AG
1	32813727	245	TC
1	32815577	690	GA
1	32815708	131	GT
1	32819823	1497	AT
1	32819924	101	AG
1	32821959	477	GC
1	32822421	462	CT
1	32822582	161	AT
1	32824299	748	AG
1	32824488	189	AG
1	32824628	140	TG
1	32824687	59	AG
1	32828522	2974	AG
1	32830848	1612	CT
1	32831995	1147	AG
1	32832000	5	AG
1	32832518	306	CT
1	32832626	108	AG
1	32832635	9	GA
1	32832733	98	TA
1	32833605	872	AG
1	32841710	3591	CG
1	32841734	24	GA
1	32841928	194	TC
1	32842046	118	AT
1	32842063	17	TC
1	32842230	167	AT
1	32842293	63	AC
1	32842299	6	AG
1	32842428	129	TC
1	32842499	71	CG
1	32842524	25	TC
1	32844572	1332	GA
1	32844660	88	CT
1	32845335	675	GA
1	32846072	737	GT
1	32846137	65	CG
1	32851057	1500	CT
1	32852560	1185	TC
1	32852989	277	TC
1	32853077	88	CT
1	32853814	737	GA
1	32854377	249	GA
1	32854563	186	TG
1	32854780	217	AG
1	32854911	131	CA
1	32855060	149	AG
1	32855090	30	CT
1	32855097	7	GA
1	32856708	780	CA
1	32857040	332	CT
1	32857271	231	AG
1	32857774	264	GA
1	32857792	18	TA
1	32857871	79	GA
1	32857880	9	GA
1	32858847	645	TC
1	32858857	10	AG
1	32859767	663	TC
1	32859886	119	GA
1	32860848	578	AG
1	32861136	216	GT
1	32861263	127	TA
1	32861299	36	AG
1	32861460	161	GC
1	32861608	148	CT
1	32862881	1001	AC
1	32863289	408	CT
1	32867525	1898	AG
1	32867605	80	TC
1	32870380	2101	CT
1	32870518	138	TC
1	32871681	834	AG
1	32871758	77	CT
1	32871882	124	GT
1	32871997	115	GA
1	32872296	299	GA
1	32873587	970	TC
1	32874031	444	GA
1	32874445	414	GT
1	32874802	280	TG
1	32875406	604	GT
1	32876331	329	TC
1	32876429	98	AG
1	32877035	340	TC
1	32877987	367	AG
1	32878376	389	TA
1	32878421	45	CT
1	32878446	25	GT
1	32878529	83	CT
1	32878626	97	GA
1	32878838	212	GC
1	32879788	698	GA
1	32879859	71	AT
1	32880414	120	GA
1	32881000	364	GT
1	32881094	94	CT
1	32881890	796	CA
1	32882142	252	GA
1	32882628	486	CT
1	32883035	134	GT
1	32883817	576	TC
1	32883979	162	GA
1	32885070	342	AG
1	32885304	234	CG
1	32885358	54	GC
1	32885381	23	TA
1	32885452	71	AG
1	32885471	19	AG
1	32885609	138	GA
1	32886058	402	AG
1	32886326	268	TG
1	32886348	22	GA
1	32887341	612	CT
1	32887782	372	TC
1	32888742	497	TC
1	32888777	35	TG
1	32888914	137	CT
1	32890322	779	TC
1	32890456	134	TC
1	32890527	71	CT
1	32892261	1734	AG
1	32892509	224	AG
1	32892556	47	GA
1	32893721	812	AC
1	32895226	698	TG
1	32895415	189	CT
1	32895462	47	CA
1	32896000	538	AG
1	32897898	1430	CT
1	32900114	1496	AG
1	32900765	554	AC
1	32905324	3497	GT
1	32907756	2047	GA
1	32907921	165	GA
1	32908524	603	AT
1	32909763	747	CT
1	32910716	655	AC
1	32911436	360	CT
1	32911648	180	CT
1	32912589	905	GA
1	32913597	804	AG
1	32914370	773	TC
1	32915491	1121	AG
1	32917442	190	AG
1	32917807	365	TA
1	32917982	175	AT
1	32918296	314	CT
1	32924280	2333	GA
1	32924568	252	AG
1	32929634	2910	GA
1	32931753	1014	TC
1	32932523	751	TC
1	32932794	271	AG
1	32932902	108	TC
1	32932960	58	CA
1	32933880	691	AG
1	32934117	35	AC
1	32934487	202	GA
1	32936028	773	AC
1	32936152	124	TC
1	32936259	107	CA
1	32936384	125	GT
1	32938419	277	TC
1	32939681	1229	CT
1	32941193	781	TC
1	32941981	275	GC
1	32943485	433	TG
1	32944042	488	GA
1	32944422	380	AG
1	32944610	188	AG
1	32944712	102	AG
1	32946719	1069	GC
1	32946893	174	CA
1	32947121	170	AG
1	32947249	128	AC
1	32948335	417	GA
1	32948690	355	CT
1	32949760	381	AG
1	32952818	1392	AG
1	32953178	187	GA
1	32953958	530	GA
1	32953960	2	AC
1	32954512	245	CT
1	32956609	1793	CA
1	32957047	438	AG
1	32957582	497	GT
1	32959020	1438	TC
1	32959620	271	AT
1	32961929	1134	AG
1	32962144	197	AG
1	32963521	1357	AG
1	32963770	249	GA
1	32963790	20	GA
1	32963840	50	CG
1	32963876	36	AG
1	32966151	1744	AC
1	32966689	538	CT
1	32967454	765	CT
1	32967547	93	GA
1	32967636	44	TG
1	32967981	345	CT
1	32971152	732	AG
1	32972921	1072	CA
1	32972936	15	AC
1	32974277	919	GA
1	32974300	23	TA
1	32975427	1127	GA
1	32976686	925	GA
1	32978136	878	TA
1	32978252	116	CA
1	32978361	109	GC
1	32978788	311	CT
1	32979135	347	CA
1	32979600	465	GA
1	32979966	366	AG
1	32979981	15	CG
1	32980133	152	GA
1	32980166	33	CT
1	32980350	184	TA
1	32981024	368	AC
1	32981075	51	GA
1	32981110	35	CT
1	32982434	1324	AG
1	32985994	2279	TA
1	32988945	1187	AG
1	32990515	1271	AG
1	32996165	3699	GA
1	32996766	601	CA
1	32999457	2112	GA
1	32999540	83	TC
1	32999730	190	AG
1	33001430	1540	GA
1	33003941	1966	GC
1	33004379	438	TA
1	33005983	1193	GA
1	33006216	233	GA
1	33006219	3	TA
1	33006312	93	AG
1	33006738	426	AG
1	33006911	173	AG
1	33006913	2	AT
1	33009350	817	GA
1	33010437	1087	TC
1	33011890	1201	GA
1	33017459	2321	AG
1	33017938	479	AG
1	33018003	65	AG
1	33018370	367	CT
1	33018526	156	GA
1	33019435	909	AG
1	33020910	1475	CG
1	33022001	868	TC
1	33022543	265	CA
1	33022559	16	AG
1	33022774	215	GA
1	33024414	871	TC
1	33024425	11	TG
1	33024432	7	GA
1	33026303	1383	GA
1	33030494	1379	CT
1	33030516	22	TC
1	33030770	42	GA
1	33030791	21	CT
1	33030926	135	GT
1	33030990	64	AG
1	33031895	530	AG
1	33032907	649	GC
1	33033509	602	GA
1	33033528	19	AG
1	33035451	1834	AC
1	33035616	165	AG
1	33036643	735	TA
1	33036723	80	GA
1	33037500	654	TC
1	33038219	696	TA
1	33038336	117	TG
1	33039116	731	AG
1	33039840	724	AG
1	33040350	372	CA
1	33041237	422	GA
1	33041323	86	AT
1	33041617	294	TC
1	33041672	55	CG
1	33041691	19	CT
1	33043925	1726	TC
1	33044045	120	GT
1	33044661	616	GA
1	33045433	456	CT
1	33045484	51	AG
1	33045514	30	AG
1	33045701	187	GT
1	33045739	38	TC
1	33046069	223	GA
1	33047096	993	AG
1	33047335	239	CT
1	33048027	649	CT
1	33048133	106	TC
1	33048568	435	CT
1	33048709	141	TG
1	33049887	862	GA
1	33050213	179	GA
1	33051150	683	GA
1	33051166	16	AG
1	33051169	3	TC
1	33051342	173	CA
1	33051522	180	AG
1	33051778	256	AT
1	33051794	16	CT
1	33051804	10	TC
1	33051826	22	CT
1	33051937	111	AC
1	33052264	327	CT
1	33052326	62	GA
1	33054816	2252	TC
1	33057586	2390	CA
1	33057976	163	CG
1	33058120	144	AG
1	33058192	72	TC
1	33058207	15	AG
1	33058227	20	CT
1	33058271	44	TA
1	33058318	47	TC
1	33058345	27	TC
1	33058477	132	TC
1	33058590	113	AG
1	33058948	358	GT
1	33059217	227	CT
1	33059463	246	CT
1	33061245	1452	CG
1	33061481	184	GA
1	33061581	100	CT
1	33062478	468	TC
1	33062704	38	CT
1	33062713	9	GA
1	33068319	3936	AG
1	33070344	1360	CT
1	33072459	1239	AG
1	33072652	193	GA
1	33074047	1395	CT
1	33074154	107	GA
1	33074830	676	GA
1	33075334	212	CT
1	33075728	394	AG
1	33076409	528	CT
1	33076608	199	TC
1	33077161	368	GC
1	33077853	522	AT
1	33078054	201	AG
1	33078435	222	AT
1	33078447	12	AG
1	33078482	35	CT
1	33078491	9	AG
1	33078552	61	CT
1	33079287	692	AG
1	33079412	125	TC
1	33081009	1058	TC
1	33081175	166	GA
1	33082008	32	AG
1	33082078	70	CT
1	33082850	739	AG
1	33083234	235	GA
1	33083296	62	AG
1	33084796	1460	AT
1	33085207	411	CA
1	33085306	99	AG
1	33085379	73	GA
1	33085848	469	CT
1	33085868	20	CT
1	33086022	154	TC
1	33086093	71	GA
1	33086105	12	AT
1	33088133	1696	CT
1	33090397	1274	CT
1	33090455	58	GA
1	33091822	769	AT
1	33092100	210	GT
1	33093973	1237	TC
1	33094330	357	GC
1	33099133	3486	GA
1	33099520	387	AG
1	33100394	679	AG
1	33101038	644	GA
1	33101192	154	AG
1	33101229	37	AG
1	33101580	351	CT
1	33101588	8	GA
1	33101701	113	GA
1	33101734	33	TA
1	33102439	686	CT
1	33104252	635	GT
1	33104603	320	CT
1	33105502	899	AG
1	33105525	23	TC
1	33105704	179	CT
1	33105903	199	GA
1	33107330	1000	TC
1	33108508	592	TC
1	33109818	1001	AG
1	33110001	68	GA
1	33110356	355	GT
1	33111467	791	GA
1	33111886	419	GC
1	33112096	164	GC
1	33113709	1017	GC
1	33114667	958	CT
1	33115880	740	AG
1	33115997	117	GA
1	33116509	512	AC
1	33116681	172	TC
1	33116689	8	AG
1	33117415	334	TC
1	33117428	13	GA
1	33117802	167	GA
1	33119138	346	GA
1	33119146	8	CT
1	33119609	463	TC
1	33119904	221	TA
1	33120448	348	GA
1	33121192	696	GA
1	33121706	381	CT
1	33122940	1148	AG
1	33139762	10312	GA
1	33139798	36	AT
1	33139941	143	CT
1	33140303	345	GA
1	33141271	682	AG
1	33141316	45	CT
1	33141368	52	TC
1	33141430	62	AT
1	33141841	411	CT
1	33141996	155	GT
1	33142220	224	TC
1	33142334	114	GA
1	33143277	575	CT
1	33144295	690	CT
1	33144741	446	AG
1	33145052	267	GA
1	33145853	801	CT
1	33145877	24	GT
1	33147289	770	CG
1	33147502	213	GA
1	33147510	8	TC
1	33149625	1612	AG
1	33150236	582	GA
1	33150508	272	GA
1	33150974	273	TC
1	33151002	28	CT
1	33151018	16	AG
1	33151030	12	CT
1	33151031	1	AG
1	33151059	28	CG
1	33151078	19	CT
1	33151119	41	AG
1	33151186	67	TA
1	33151263	77	CA
1	33152918	1655	TC
1	33153487	93	CT
1	33157549	370	AG
1	33157648	99	GA
1	33157656	8	TG
1	33157685	29	AG
1	33157721	36	AG
1	33158125	404	AG
1	33158156	31	GT
1	33158380	224	AG
1	33158730	350	CT
1	33158800	70	TC
1	33158999	199	CT
1	33159130	131	TC
1	33159612	449	GT
1	33159791	179	CG
1	33159833	42	TG
1	33160289	77	GA
1	33160677	294	TG
1	33163539	89	GA
1	33163802	263	TC
1	33164042	240	GA
1	33164732	672	GA
1	33164969	237	CT
1	33165012	43	GA
1	33165139	127	AG
1	33165273	134	GA
1	33165298	25	AC
1	33165600	302	GA
1	33165779	179	GA
1	33166675	402	CG
1	33168123	866	GA
1	33168210	47	CT
1	33168223	13	AG
1	33168509	286	AG
1	33168566	57	TC
1	33169404	786	AC
1	33169981	577	TC
1	33170439	310	GT
1	33170927	488	TC
1	33172245	1232	CA
1	33172567	265	GA
1	33173446	564	CT
1	33174007	561	TC
1	33174449	442	CG
1	33174584	135	GA
1	33174676	92	CT
1	33174700	24	CT
1	33175335	635	GA
1	33176060	725	TC
1	33176852	697	CT
1	33178211	1142	TC
1	33181654	2786	GC
1	33182095	441	CG
1	33182357	262	CA
1	33184340	993	AG
1	33186221	1477	TA
1	33186258	37	TG
1	33187156	898	AG
1	33187406	250	AG
1	33187468	62	CT
1	33187826	358	TC
1	33188598	772	AG
1	33189041	203	CA
1	33189307	266	AC
1	33195012	1774	CT
1	33195053	41	GA
1	33196327	114	TA
1	33196429	102	CT
1	33197977	1548	TC
1	33198758	781	AG
1	33198782	24	CT
1	33198886	104	CT
1	33198917	31	CT
1	33199101	184	GA
1	33199693	542	TA
1	33199701	8	GA
1	33199715	14	CT
1	33199731	16	GA
1	33199950	219	TC
1	33200162	212	GA
1	33200413	251	AT
1	33200437	24	AG
1	33202876	365	GA
1	33203057	181	TA
1	33203298	177	CT
1	33206087	1569	GA
1	33206514	427	AG
1	33207412	702	AT
1	33212172	3283	AG
1	33215860	830	CT
1	33216048	188	CT
1	33216308	260	GA
1	33216358	50	GA
1	33217640	441	GC
1	33217896	256	AG
1	33218846	865	AG
1	33219627	291	GA
1	33222175	1371	TC
1	33222415	240	TG
1	33225982	1003	AT
1	33226541	559	CT
1	33226759	180	AG
1	33228211	1048	GA
1	33229544	1078	CT
1	33230043	499	TC
1	33231306	733	AT
1	33233036	1547	CT
1	33233294	258	GA
1	33250100	12932	CT
1	33250657	557	AG
1	33251673	1016	TC
1	33254289	2351	GA
1	33254893	604	TC
1	33259655	3421	TC
1	33263589	2618	GA
1	33280467	11980	AG
1	33280831	364	TC
1	33280996	165	CA
1	33281010	14	AG
1	33282588	1454	TC
1	33287952	2878	TC
1	33288819	867	AG
1	33289035	216	AG
1	33289290	255	CT
1	33289433	143	GC
1	33290193	461	GT
1	33290204	11	CT
1	33290270	66	TC
1	33290428	158	GA
1	33290486	58	GC
1	33290511	25	CT
1	33290518	7	GA
1	33290608	90	TC
1	33290721	113	AG
1	33290857	136	GA
1	33291470	251	TC
1	33291774	304	CT
1	33292195	395	AG
1	33293330	866	AG
1	33293658	328	GT
1	33294016	358	GC
1	33294330	314	AG
1	33294377	47	GA
1	33294946	514	AT
1	33295519	162	CG
1	33295575	56	TA
1	33295760	185	GA
1	33296244	387	GA
1	33297873	1097	AG
1	33297988	115	TC
1	33298036	48	CT
1	33299064	569	CT
1	33299077	13	TC
1	33300061	408	CT
1	33300098	37	CT
1	33300147	49	AG
1	33300203	6	CT
1	33300398	195	AT
1	33300766	368	GA
1	33301387	467	AC
1	33301911	340	TG
1	33301922	11	GA
1	33301929	7	TG
1	33302142	213	GT
1	33302399	257	AG
1	33302418	19	CT
1	33302432	14	GA
1	33302454	22	AC
1	33302463	9	TC
1	33302466	3	GT
1	33302478	12	CT
1	33302546	68	CA
1	33302550	4	GA
1	33302612	62	GT
1	33302743	13	AG
1	33302771	28	GC
1	33302798	27	AG
1	33302846	48	CT
1	33302978	132	CT
1	33303059	81	GA
1	33303077	18	TA
1	33303108	31	TC
1	33303133	25	AC
1	33303138	5	AG
1	33303147	9	AG
1	33303316	169	AG
1	33303332	16	AG
1	33303669	337	TC
1	33303747	78	CT
1	33303866	119	TC
1	33304045	179	AG
1	33304301	256	TA
1	33304388	87	GT
1	33304993	566	GA
1	33306545	1523	AG
1	33307455	910	AG
1	33307947	492	GA
1	33308498	551	TG
1	33309724	1006	TA
1	33312603	665	TC
1	33313114	432	AT
1	33313145	31	TC
1	33313222	77	TC
1	33313320	98	TC
1	33313426	106	TC
1	33313544	118	AC
1	33313682	138	GA
1	33313699	17	CT
1	33313789	90	GA
1	33313907	118	CA
1	33313928	21	CT
1	33315411	1357	AC
1	33315750	339	CG
1	33317930	1471	GA
1	33318777	819	AG
1	33331495	10228	GT
1	33335732	3637	TA
1	33340005	2378	AT
1	33341027	881	GA
1	33341305	278	CA
1	33345197	3725	GA
1	33347174	1535	GC
1	33347214	40	CA
1	33347253	39	AG
1	33347266	13	TA
1	33347592	326	CG
1	33354403	5158	AG
1	33355707	1304	GA
1	33356973	1167	TC
1	33361091	2813	TC
1	33364456	2378	CT
1	33374126	4329	TC
1	33379582	4402	GA
1	33380444	804	CT
1	33380882	438	CT
1	33382477	1391	CT
1	33396838	5397	CA
1	33409516	7580	GT
1	33411429	1513	GA
1	33416512	3257	TC
1	33416782	270	TC
1	33416797	15	CT
1	33417430	151	AT
1	33417503	73	TC
1	33417634	131	GC
1	33417644	10	GA
1	33417822	178	TC
1	33418094	272	TC
1	33418240	146	AG
1	33418318	78	AG
1	33418857	322	GA
1	33426680	212	AT
1	33427095	79	TG
1	33427489	327	GA
1	33427976	87	GA
1	33428843	867	TC
1	33428889	46	TC
1	33429008	119	AC
1	33429527	519	GA
1	33429866	339	TC
1	33430268	241	CT
1	33430326	58	AT
1	33430336	10	GT
1	33430756	420	TC
1	33431012	256	CT
1	33431896	470	TG
1	33432265	71	GC
1	33432315	50	GA
1	33432321	6	TC
1	33432398	77	CT
1	33432411	13	GT
1	33437860	1234	TG
1	33438053	152	CT
1	33438586	316	TC
1	33439209	287	GC
1	33440262	766	TA
1	33440488	226	CT
1	33440674	114	GA
1	33440681	7	GA
1	33440698	17	TG
1	33440857	159	CT
1	33441046	30	CT
1	33441229	183	CT
1	33442133	379	TA
1	33442647	215	AC
1	33442672	25	GC
1	33442687	15	TC
1	33442879	157	TG
1	33442990	111	AG
1	33444491	1501	GT
1	33445487	996	TC
1	33445626	139	GA
1	33446754	737	AC
1	33450554	248	CA
1	33450758	204	TC
1	33450812	54	GT
1	33450880	68	CT
1	33450896	16	GT
1	33450952	56	CG
1	33451161	209	TA
1	33451362	34	CT
1	33451709	347	CA
1	33452307	598	TG
1	33452473	166	AC
1	33452514	41	AC
1	33454426	380	GT
1	33454502	76	GT
1	33454850	311	CT
1	33454890	40	CT
1	33454905	15	TC
1	33455896	991	TG
1	33455897	1	GA
1	33455900	3	GA
1	33456576	530	CT
1	33456751	134	GA
1	33461174	2840	TG
1	33461376	202	GA
1	33463477	1269	TC
1	33463763	286	CT
1	33463815	52	AT
1	33463816	1	TC
1	33463888	72	GA
1	33464052	164	CT
1	33464214	162	AC
1	33464236	22	TC
1	33464253	17	TC
1	33464264	11	TC
1	33464266	2	TC
1	33464277	11	AG
1	33464527	250	CG
1	33465270	314	TC
1	33465306	36	CT
1	33465364	58	AG
1	33466098	109	AG
1	33469618	1590	TC
1	33478874	3313	AG
1	33484468	4551	AT
1	33487015	1703	GC
1	33487745	730	CG
1	33488714	929	GA
1	33491813	3072	GC
1	33491951	138	GA
1	33493639	1033	CA
1	33493663	24	TG
1	33496240	2124	GA
1	33497246	681	TC
1	33497457	211	CT
1	33497604	147	TC
1	33497626	22	GC
1	33498604	950	AG
1	33499301	628	TC
1	33499458	157	AC
1	33502506	2568	GT
1	33510663	5326	TC
1	33513617	1412	GT
1	33513854	200	AG
1	33514229	375	AC
1	33514350	121	GT
1	33514476	126	GT
1	33514848	271	TG
1	33514996	110	CG
1	33515014	18	AG
1	33515121	107	GT
1	33515212	91	TC
1	33515254	42	CA
1	33515359	105	TA
1	33515433	74	CT
1	33515554	121	CT
1	33515560	6	AG
1	33515582	22	AG
1	33515657	75	CT
1	33515831	174	AG
1	33515856	25	AG
1	33515876	20	TC
1	33518105	141	AG
1	33519134	649	TC
1	33519824	690	AG
1	33520367	442	GA
1	33521290	488	AT
1	33521347	57	TC
1	33521458	111	AT
1	33522241	615	AG
1	33523086	447	TC
1	33529246	98	AC
1	33530891	487	TC
1	33530950	59	GA
1	33531191	241	AG
1	33532066	388	CA
1	33532157	25	AT
1	33532358	201	AC
1	33532621	263	GC
1	33532700	79	AG
1	33532890	190	AC
1	33532902	12	AT
1	33534053	729	CA
1	33534520	443	AG
1	33534597	77	GT
1	33536002	1405	TG
1	33536314	312	CT
1	33536512	198	GC
1	33536802	213	GT
1	33538494	1212	GA
1	33538595	101	CT
1	33538827	232	GC
1	33540651	1159	TC
1	33541174	523	TC
1	33541257	83	CG
1	33541308	51	TC
1	33541378	70	CG
1	33541383	5	GC
1	33541505	122	CT
1	33541526	21	TC
1	33541595	69	CT
1	33541730	135	AG
1	33541925	195	GA
1	33541959	34	GA
1	33542381	422	TC
1	33542678	263	TC
1	33544066	1031	TC
1	33544217	151	CT
1	33544720	243	CT
1	33544918	198	AG
1	33545176	258	GA
1	33546058	882	CT
1	33546233	175	TC
1	33546278	45	TC
1	33546705	427	TC
1	33546974	269	CA
1	33548112	801	TA
1	33548971	510	CA
1	33549887	121	CT
1	33551110	250	GT
1	33553586	1263	AG
1	33553603	17	TC
1	33554033	344	TG
1	33554089	56	CA
1	33554603	479	TC
1	33556067	735	AG
1	33556279	212	AC
1	33557135	808	GA
1	33557945	641	CA
1	33558096	151	CT
1	33558505	409	CA
1	33558506	1	AT
1	33558538	32	TC
1	33559396	290	TG
1	33559468	72	CT
1	33560323	855	TC
1	33560813	490	AG
1	33560895	82	CT
1	33560948	53	TC
1	33561114	166	TG
1	33561128	14	CT
1	33561811	527	AG
1	33562124	313	AC
1	33562184	60	AG
1	33562715	483	AG
1	33563341	626	TC
1	33563462	121	GA
1	33565502	1227	CT
1	33565865	317	CT
1	33567313	752	AG
1	33567428	115	CT
1	33568837	1129	TC
1	33569047	210	AG
1	33569207	160	GT
1	33569376	169	TA
1	33569426	50	AC
1	33569688	262	TC
1	33570032	344	CT
1	33570179	147	GT
1	33570479	300	TC
1	33570582	103	TC
1	33570849	235	TC
1	33570907	58	GA
1	33570956	49	AG
1	33570969	13	CT
1	33571756	787	GA
1	33571775	19	TC
1	33572010	165	GT
1	33575452	1624	AG
1	33575769	317	AG
1	33575950	181	TC
1	33576031	81	CT
1	33576308	277	CA
1	33578107	1799	TC
1	33578829	400	AG
1	33579038	209	AG
1	33579065	27	GA
1	33579083	18	CT
1	33579087	4	GA
1	33579158	71	CT
1	33579514	170	TC
1	33579608	94	GA
1	33579844	236	CG
1	33579958	114	TC
1	33579982	24	AC
1	33580238	256	TC
1	33580796	339	TG
1	33581583	184	AG
1	33581942	86	TC
1	33582061	119	CG
1	33582071	10	AC
1	33582120	49	TG
1	33582443	165	CA
1	33582715	139	TC
1	33582737	22	CA
1	33582758	21	TC
1	33582823	65	GA
1	33583187	304	AG
1	33583201	14	CG
1	33583517	316	AG
1	33583519	2	AG
1	33583521	2	TA
1	33583786	265	TA
1	33584564	611	AG
1	33584583	19	AG
1	33585205	622	GC
1	33585358	153	CT
1	33585687	329	TC
1	33585823	136	TA
1	33585841	18	CT
1	33585923	82	CT
1	33586006	83	TG
1	33586771	309	TC
1	33587594	395	TC
1	33588021	427	CT
1	33588275	254	CA
1	33588281	6	TA
1	33588499	140	AT
1	33588502	3	GA
1	33588846	344	CT
1	33588847	1	AG
1	33588857	10	GA
1	33588952	95	CA
1	33588967	15	CT
1	33589081	114	CT
1	33589085	4	AT
1	33589133	48	TC
1	33589153	20	TC
1	33590671	954	AG
1	33591030	331	GT
1	33592074	994	GC
1	33594287	2213	TC
1	33595039	418	GA
1	33595955	610	AC
1	33596025	70	TC
1	33596500	177	CA
1	33596575	75	CT
1	33596741	166	GA
1	33596971	230	CT
1	33598001	988	TA
1	33598349	348	GT
1	33598424	75	GA
1	33606671	2754	TG
1	33609669	1187	GC
1	33610675	687	GA
1	33610886	211	AT
1	33611056	170	CT
1	33611073	17	CA
1	33611100	27	TC
1	33611118	18	GC
1	33611121	3	CT
1	33611155	34	TC
1	33611182	27	TC
1	33611767	561	GA
1	33614132	809	CT
1	33614487	200	AG
1	33614555	68	TC
1	33614564	9	GA
1	33614677	113	CG
1	33614847	170	GA
1	33622160	358	TC
1	33622719	539	GC
1	33622865	146	TC
1	33623000	135	AG
1	33623207	207	TC
1	33623372	165	CT
1	33623376	4	TC
1	33623638	262	AG
1	33624087	449	CT
1	33624670	302	TC
1	33624879	209	AT
1	33626723	1202	AC
1	33628396	1349	GC
1	33629964	1009	GA
1	33631035	1071	AG
1	33632256	1093	AC
1	33640850	2043	GA
1	33663176	11522	AC
1	33665060	1853	TC
1	33668108	2042	CT
1	33674005	4933	TC
1	33674172	167	TC
1	33675107	902	CT
1	33677130	1548	CG
1	33681921	3870	CT
1	33683923	1555	CT
1	33699990	6467	CT
1	33700338	124	TA
1	33701081	277	TC
1	33701217	136	TC
1	33701295	78	AG
1	33701332	37	TC
1	33701592	260	TC
1	33703698	1744	AG
1	33703781	83	TC
1	33710475	598	CT
1	33710545	70	CT
1	33710551	6	GA
1	33710749	114	GA
1	33711062	313	AG
1	33712935	1430	TA
1	33713613	196	TC
1	33715213	674	CT
1	33984896	193928	CT
1	33985125	229	GA
1	33985414	289	GA
1	33985456	42	GA
1	33985761	305	CG
1	33985856	95	GA
1	33986465	609	CT
1	33986807	342	TA
1	33987013	206	CT
1	33990193	2435	GT
1	33990367	174	CT
1	33991703	1046	TC
1	33993713	284	GC
1	33994627	914	AG
1	33995233	477	TC
1	33995318	85	CA
1	33995538	220	GA
1	33995672	134	TC
1	33995781	109	GT
1	33996026	245	GA
1	33996058	32	GA
1	33996143	85	GT
1	33996160	17	GA
1	33996295	135	TC
1	33996757	462	AG
1	33996868	111	GA
1	34000551	3099	GC
1	34000635	84	GT
1	34000868	233	GA
1	34000983	115	AG
1	34003609	1794	TG
1	34004072	423	TC
1	34004389	317	GA
1	34004788	399	AG
1	34004916	128	CG
1	34006573	1525	TA
1	34006920	347	AG
1	34008736	1593	AG
1	34008764	28	CT
1	34008765	1	AG
1	34009137	242	TC
1	34010348	877	AG
1	34010915	567	AC
1	34011863	602	TC
1	34012150	287	AT
1	34012400	216	TC
1	34013385	985	AG
1	34013588	203	AG
1	34053506	25362	GA
1	34054542	1036	AT
1	34058417	3414	CA
1	34058426	9	CG
1	34058975	169	TC
1	34059474	477	TC
1	34060869	1143	GA
1	34061951	859	TC
1	34063388	1249	CT
1	34067460	3091	AG
1	34072886	545	TC
1	34073186	300	AG
1	34074045	689	CT
1	34076066	314	CA
1	34076177	111	AG
1	34076260	83	TC
1	34076424	164	GA
1	34078389	1235	GA
1	34079452	521	TC
1	34079464	12	TC
1	34080053	283	CT
1	34080111	58	CA
1	34080598	396	TC
1	34081315	558	TC
1	34082853	167	AG
1	34085406	1467	TC
1	34088349	1770	AG
1	34089563	951	TC
1	34089939	322	GC
1	34092866	1276	CT
1	34094561	1623	GA
1	34096192	1029	TC
1	34098082	1638	CG
1	34099512	1353	TA
1	34105074	4347	GA
1	34105957	793	CT
1	34106305	297	AG
1	34106342	37	TC
1	34106343	1	GA
1	34106348	5	TC
1	34106472	124	GA
1	34106485	13	TC
1	34106521	36	AT
1	34106768	247	CT
1	34106973	205	AG
1	34107193	220	TC
1	34110001	2047	TC
1	34110023	22	AG
1	34114208	1528	TA
1	34114396	99	CG
1	34114792	164	GT
1	34115747	281	TC
1	34122551	3913	CG
1	34122735	184	GA
1	34123120	385	TC
1	34123707	427	AC
1	34124227	226	GA
1	34124410	183	TC
1	34125545	956	GT
1	34126238	273	TC
1	34126448	210	TG
1	34126898	433	CT
1	34127993	837	AT
1	34128015	22	AG
1	34128178	163	GT
1	34128360	182	GA
1	34132973	2516	AT
1	34133279	306	TC
1	34133648	331	GA
1	34133774	126	CT
1	34133931	157	TG
1	34134281	350	TA
1	34135225	732	TC
1	34136163	437	CG
1	34141728	4769	AT
1	34142211	483	TA
1	34152346	5203	CG
1	34152353	7	TG
1	34157058	3394	TG
1	34157290	232	TC
1	34158463	790	TC
1	34159155	692	GA
1	34159571	334	CT
1	34159839	268	TA
1	34159862	23	TC
1	34160089	227	CG
1	34160424	58	AC
1	34161257	753	AC
1	34161323	66	CG
1	34161329	6	TC
1	34161955	304	CA
1	34162041	86	GA
1	34162424	15	AT
1	34162648	83	GC
1	34162869	221	CT
1	34163294	425	AG
1	34163894	600	GA
1	34164150	256	CT
1	34164213	63	AC
1	34165026	381	CG
1	34165234	208	GA
1	34165296	62	CT
1	34165422	126	AT
1	34166962	1181	GT
1	34167110	148	TC
1	34167417	158	CT
1	34168683	19	AT
1	34168851	168	TC
1	34169135	184	GA
1	34169205	70	CA
1	34169215	10	AG
1	34169217	2	TC
1	34169387	170	TC
1	34169416	29	CT
1	34169440	24	TG
1	34169527	87	AG
1	34169553	26	AG
1	34169648	95	TC
1	34169708	60	GC
1	34171256	819	CT
1	34174125	2069	CG
1	34174349	224	TG
1	34174776	427	CT
1	34175386	610	AG
1	34176107	721	CA
1	34176286	179	GC
1	34178113	732	GA
1	34178408	295	GC
1	34178562	154	AG
1	34178563	1	TC
1	34178601	38	AG
1	34180424	1323	CT
1	34182151	586	GA
1	34182468	317	CT
1	34182888	318	CT
1	34182893	5	GA
1	34182917	24	TC
1	34182979	62	GA
1	34183898	487	CT
1	34184480	582	TG
1	34185916	1352	AG
1	34186239	323	CT
1	34186505	266	AG
1	34189932	788	GA
1	34194226	3792	GA
1	34195073	751	AG
1	34203289	3302	GA
1	34206882	2405	AT
1	34208133	948	AC
1	34210401	926	GC
1	34219433	7189	CT
1	34219625	192	GA
1	34219736	111	TC
1	34220404	668	AG
1	34221556	633	AG
1	34221805	249	AC
1	34222535	340	AT
1	34222671	136	GA
1	34223076	405	CT
1	34226273	2490	CT
1	34226398	125	TA
1	34226533	135	AC
1	34227693	539	CG
1	34227855	162	AC
1	34229666	1510	TC
1	34229922	256	AG
1	34230313	391	GA
1	34230790	378	CA
1	34230846	56	TC
1	34230855	9	GA
1	34230893	38	AG
1	34230961	68	TC
1	34231186	225	TA
1	34231190	4	TG
1	34231312	122	TC
1	34231531	177	AT
1	34231532	1	AC
1	34231676	144	TC
1	34231732	56	GT
1	34231816	84	GA
1	34231944	128	CT
1	34232099	155	GA
1	34232242	143	AG
1	34232281	39	TA
1	34233633	1054	CT
1	34233634	1	AG
1	34233725	91	GA
1	34233726	1	CA
1	34234042	316	AC
1	34234277	235	CT
1	34234308	31	TA
1	34235008	700	CT
1	34235118	110	CA
1	34235180	62	GT
1	34235625	445	TC
1	34235637	12	GA
1	34235796	159	TG
1	34235814	18	GA
1	34235957	143	AG
1	34236528	132	GA
1	34236777	249	TC
1	34248877	8711	CA
1	34248903	26	CG
1	34250329	589	AG
1	34250528	44	CT
1	34250568	40	CG
1	34250579	11	AG
1	34250679	100	CT
1	34258185	1367	GA
1	34258744	531	CT
1	34258867	123	TC
1	34258900	33	CT
1	34259449	303	TC
1	34259520	71	AG
1	34259900	358	AG
1	34259921	21	AG
1	34260152	231	GA
1	34260222	70	GT
1	34260243	21	TC
1	34260425	182	GT
1	34261051	122	TC
1	34261066	15	AG
1	34261112	46	TC
1	34261512	98	AG
1	34261530	18	AG
1	34261622	92	CG
1	34262131	509	GT
1	34267673	1093	TG
1	34271067	1896	CT
1	34271808	741	CA
1	34272620	448	TC
1	34272796	84	TC
1	34273278	482	CT
1	34274334	296	TC
1	34274449	115	CT
1	34275459	379	TC
1	34275501	42	AG
1	34276138	287	AG
1	34276187	49	TC
1	34276196	9	TC
1	34277055	540	TC
1	34277093	38	AG
1	34277112	19	TC
1	34277221	109	TC
1	34277255	34	TC
1	34277257	2	AC
1	34277258	1	AG
1	34277285	27	AC
1	34278010	129	GA
1	34278026	16	CT
1	34278084	58	CT
1	34278126	42	AG
1	34278189	63	CG
1	34278292	103	TG
1	34279944	740	CA
1	34280261	317	TC
1	34280300	39	CT
1	34281248	561	CT
1	34282232	543	GA
1	34282242	10	CA
1	34282277	35	CG
1	34282330	53	CG
1	34283329	164	AT
1	34290806	4872	GT
1	34291004	198	GT
1	34294265	1771	GA
1	34294714	449	AG
1	34296118	1063	CT
1	34296317	199	TC
1	34300854	2332	CT
1	34301548	464	GA
1	34301549	1	AG
1	34306832	3649	AG
1	34307360	528	CT
1	34309564	2006	TG
1	34310768	1088	TC
1	34312138	1143	CT
1	34314321	1974	CT
1	34314437	116	CT
1	34314635	198	GA
1	34314779	144	CG
1	34315747	277	GA
1	34315826	79	TC
1	34315977	151	AG
1	34316075	98	GA
1	34316100	25	TC
1	34316320	220	TC
1	34316464	144	TC
1	34316704	240	TC
1	34317124	420	AC
1	34317207	83	CT
1	34317637	430	CT
1	34317881	244	AG
1	34318077	196	AG
1	34318416	172	AG
1	34319324	606	CT
1	34319347	23	GA
1	34319384	37	CT
1	34319534	150	AG
1	34320267	733	GA
1	34320386	63	GA
1	34320514	128	CG
1	34322783	1478	GA
1	34326388	2224	CT
1	34329816	2854	GT
1	34330169	353	CT
1	34330717	335	AT
1	34330845	128	TC
1	34331924	452	AG
1	34331950	26	CT
1	34332137	187	AG
1	34332162	25	CT
1	34332464	302	AG
1	34332513	49	AC
1	34332691	178	CA
1	34332912	221	TC
1	34333932	380	GA
1	34334417	463	AG
1	34334530	113	AT
1	34335018	488	GA
1	34336674	469	CT
1	34336757	83	AT
1	34336796	39	CA
1	34337355	137	GA
1	34337381	26	TA
1	34337384	3	CT
1	34337468	84	GA
1	34337505	37	CT
1	34337663	158	GA
1	34338089	384	CA
1	34338284	195	GA
1	34338285	1	CT
1	34338324	39	CT
1	34338473	149	TC
1	34338667	194	GA
1	34338771	104	AG
1	34338776	5	TC
1	34339598	385	CT
1	34339651	53	TG
1	34339672	21	TC
1	34339806	134	CT
1	34339881	75	CT
1	34339937	56	GA
1	34340677	283	AT
1	34340710	33	CT
1	34340716	6	GA
1	34340733	17	AC
1	34340748	15	CT
1	34340787	39	CT
1	34341198	411	GA
1	34341223	25	CG
1	34342532	1259	GT
1	34342912	380	GA
1	34343062	150	GA
1	34343209	147	TA
1	34344484	873	CT
1	34344507	23	CT
1	34344734	227	AG
1	34344740	6	CT
1	34344776	36	GA
1	34345714	571	CG
1	34346226	512	AG
1	34349286	1364	AG
1	34349784	467	CT
1	34351576	1299	CT
1	34353258	1042	AG
1	34354161	730	GA
1	34355339	887	TC
1	34355412	73	AG
1	34355521	109	CT
1	34357354	1357	AG
1	34358932	1144	TC
1	34359761	640	CT
1	34361922	1953	CT
1	34362267	281	AG
1	34364590	1974	CT
1	34365328	738	TC
1	34366624	1296	AG
1	34367081	457	TG
1	34367188	34	CT
1	34367210	22	CT
1	34368227	895	GA
1	34369607	1253	GA
1	34370055	157	TA
1	34370057	2	CT
1	34370252	195	GA
1	34370315	63	AG
1	34370328	13	TC
1	34370665	26	GA
1	34370737	72	AG
1	34371584	541	TG
1	34371681	97	GC
1	34372053	372	GA
1	34372842	789	CT
1	34373065	223	CT
1	34374727	1350	CG
1	34374802	75	CG
1	34375020	218	TG
1	34375041	21	AG
1	34375197	156	CT
1	34375597	327	GA
1	34377179	444	CT
1	34380680	2778	GA
1	34380737	57	TC
1	34380751	14	CT
1	34380790	39	TA
1	34381408	355	CA
1	34381437	29	TA
1	34381701	264	AG
1	34382136	435	CT
1	34383057	407	CT
1	34383201	144	TC
1	34383219	18	CT
1	34383499	188	AG
1	34383541	42	AT
1	34383825	284	CG
1	34383837	12	GA
1	34383852	15	CA
1	34383937	85	AG
1	34383994	57	CT
1	34384014	20	GC
1	34384029	15	TC
1	34384044	15	AT
1	34384183	139	CG
1	34384406	223	GA
1	34384463	57	TC
1	34384466	3	GA
1	34384473	7	CT
1	34385474	145	AG
1	34385489	15	CA
1	34385491	2	AG
1	34385558	67	CT
1	34385984	219	CT
1	34386247	263	AC
1	34386248	1	CT
1	34386257	9	GA
1	34386326	69	CT
1	34386337	11	CT
1	34386339	2	TC
1	34386390	51	CT
1	34386684	294	CT
1	34387036	352	TG
1	34387126	90	TG
1	34387149	23	GA
1	34387259	110	GT
1	34387341	82	AG
1	34387351	10	AG
1	34388861	1208	AG
1	34389470	547	AG
1	34389582	112	TC
1	34390310	728	CT
1	34390712	146	CG
1	34390721	9	GA
1	34392013	943	GA
1	34392087	74	GA
1	34392291	138	GA
1	34392313	22	CT
1	34392618	305	AG
1	34392639	21	AG
1	34392668	29	GA
1	34392683	15	GA
1	34393154	471	GA
1	34393235	81	GA
1	34393456	221	TC
1	34393640	184	AG
1	34393681	41	TC
1	34393724	43	GA
1	34393892	168	CT
1	34393973	81	GT
1	34394379	183	CA
1	34394518	139	GA
1	34394811	206	GA
1	34394835	24	AG
1	34394957	122	GA
1	34395082	125	AG
1	34395610	347	GA
1	34396402	716	CG
1	34398489	1368	AG
1	34398751	262	CT
1	34399019	268	AC
1	34399331	312	AG
1	34399416	85	CT
1	34399682	266	TC
1	34399849	167	AG
1	34399996	147	TC
1	34400501	404	GA
1	34400889	388	GA
1	34401038	149	GA
1	34404301	2565	CT
1	34407327	2910	GA
1	34407404	77	CT
1	34407778	374	TC
1	34408252	341	GA
1	34409747	805	AG
1	34413287	390	TC
1	34413644	325	TC
1	34413647	3	GA
1	34414583	794	CT
1	34414607	24	GA
1	34414720	113	GC
1	34414867	147	CT
1	34414987	120	TC
1	34415081	94	AC
1	34415143	62	CG
1	34415234	91	TA
1	34415327	93	GA
1	34415544	217	TC
1	34415559	15	GA
1	34415726	167	TG
1	34415729	3	CT
1	34415740	11	GA
1	34418548	1210	AG
1	34419261	575	CT
1	34419350	89	AG
1	34419650	300	TA
1	34427325	4321	TC
1	34427456	131	TC
1	34427768	215	CT
1	34428457	542	CT
1	34428796	76	GA
1	34428803	7	GA
1	34429488	347	CT
1	34429551	63	GA
1	34430028	477	AG
1	34430086	58	TA
1	34430683	278	AG
1	34432617	1432	CT
1	34432910	293	AG
1	34432952	42	GA
1	34433062	110	GA
1	34433261	199	CT
1	34433288	27	AG
1	34433302	14	TC
1	34433376	74	GT
1	34433384	8	AG
1	34433539	155	GA
1	34433665	126	AG
1	34433970	305	GA
1	34434042	72	TA
1	34434092	50	CT
1	34434107	15	CT
1	34434116	9	CT
1	34434322	188	CT
1	34434437	115	TC
1	34434471	34	GT
1	34434473	2	TC
1	34434740	267	CT
1	34434745	5	AG
1	34434957	212	CA
1	34435864	655	CT
1	34436461	268	GA
1	34436520	59	TC
1	34443460	2925	GT
1	34444410	911	GC
1	34446413	2003	AG
1	34449140	1571	GA
1	34461323	7599	AG
1	34461753	430	GA
1	34462109	113	GA
1	34462821	712	CT
1	34462910	89	TC
1	34463687	777	AC
1	34466088	179	AG
1	34466138	50	CA
1	34466149	11	AG
1	34466191	42	CT
1	34466336	83	AC
1	34468927	176	GA
1	34470669	374	TC
1	34472789	1956	AG
1	34472790	1	CG
1	34472940	150	CT
1	34473126	186	TC
1	34473208	82	TA
1	34473538	330	GA
1	34473546	8	TC
1	34473579	33	AT
1	34473800	221	CT
1	34474397	544	GA
1	34474499	102	GC
1	34474562	63	CT
1	34485069	7673	CT
1	34492192	2001	GC
1	34492957	676	GA
1	34495119	1594	CG
1	34496758	1059	TG
1	34497557	552	GA
1	34497676	119	TA
1	34497680	4	CA
1	34498000	320	AG
1	34498859	488	AG
1	34498905	46	GA
1	34499025	120	GC
1	34499039	14	AG
1	34499044	5	TC
1	34499059	15	AC
1	34499186	127	GA
1	34499194	8	GA
1	34499520	326	TC
1	34499638	118	TA
1	34501055	1417	CA
1	34502326	688	AG
1	34502342	16	CA
1	34502361	19	GC
1	34502449	88	AG
1	34502479	30	AG
1	34502879	133	CT
1	34502888	9	CG
1	34503672	251	TC
1	34503774	102	GT
1	34504029	216	CT
1	34504066	37	AG
1	34504432	319	GA
1	34504559	127	CA
1	34504657	98	GA
1	34504812	155	AG
1	34505257	364	GA
1	34506803	1232	TC
1	34507389	586	AG
1	34507403	14	GA
1	34507662	259	AG
1	34508090	105	GA
1	34508173	83	GA
1	34508639	466	AG
1	34508729	90	TC
1	34508740	11	TG
1	34508799	59	TC
1	34509103	304	CT
1	34509114	11	TC
1	34509492	97	GA
1	34526628	11556	CG
1	34527243	615	GA
1	34527275	32	TC
1	34527516	212	CT
1	34528232	404	CA
1	34528591	359	CT
1	34528614	23	AG
1	34528983	369	AG
1	34529103	120	AG
1	34529111	8	GA
1	34529113	2	AG
1	34529695	582	TC
1	34533844	1633	CA
1	34534094	250	TC
1	34535098	890	GA
1	34540035	3454	CT
1	34542118	1607	TC
1	34542356	238	TC
1	34542598	242	TC
1	34543115	377	AG
1	34543960	845	AG
1	34544200	240	GA
1	34546265	1623	AT
1	34548638	2119	GA
1	34548992	354	GC
1	34549141	149	GA
1	34549999	858	TC
1	34554525	3068	CA
1	34555395	375	CT
1	34555413	18	AG
1	34556050	534	CA
1	34556055	5	CA
1	34556244	189	AG
1	34557053	809	CT
1	34557110	57	TC
1	34557262	152	GA
1	34557631	369	CT
1	34558150	82	TC
1	34558344	194	AG
1	34558621	249	AC
1	34558924	303	GC
1	34559045	121	CT
1	34559081	36	AG
1	34559092	11	GA
1	34559159	67	CT
1	34559660	501	GA
1	34560013	353	CT
1	34560207	194	GA
1	34560341	134	GA
1	34561146	318	CT
1	34561358	212	AG
1	34561501	143	TC
1	34561755	224	AC
1	34561756	1	TC
1	34562034	278	AG
1	34562063	29	CT
1	34562219	156	AT
1	34562398	179	TC
1	34562405	7	GA
1	34562717	312	AG
1	34563143	426	GA
1	34563371	228	CT
1	34563431	60	CT
1	34563435	4	AG
1	34563475	40	CG
1	34563490	15	AG
1	34563535	45	CT
1	34563706	171	CG
1	34563906	164	CG
1	34564184	278	CT
1	34564189	5	TC
1	34564268	79	CT
1	34564336	68	AG
1	34564410	74	GA
1	34564534	124	GC
1	34565141	574	GT
1	34565250	109	CT
1	34565309	59	AC
1	34565435	126	AG
1	34566143	682	AC
1	34566427	284	CT
1	34567558	712	TC
1	34567788	230	CT
1	34568034	246	AG
1	34568617	583	AT
1	34569094	477	GA
1	34569163	69	AG
1	34569188	25	GA
1	34569240	52	AG
1	34569603	324	GA
1	34569760	157	GA
1	34569822	62	AG
1	34570142	176	TC
1	34570145	3	AG
1	34570818	290	AG
1	34570869	51	TC
1	34570895	26	TA
1	34571059	164	GA
1	34571062	3	AT
1	34571106	44	AG
1	34571163	57	GA
1	34571179	16	CT
1	34571425	246	CT
1	34571900	475	AG
1	34572432	366	TA
1	34572880	448	GA
1	34573613	354	AG
1	34574116	244	GA
1	34574181	65	CT
1	34574429	248	GT
1	34574430	1	TA
1	34574924	349	GA
1	34575379	276	TC
1	34575470	91	GA
1	34575755	285	GT
1	34576031	276	GA
1	34576146	115	GA
1	34576299	153	GA
1	34576691	392	CG
1	34576949	174	GA
1	34577083	134	GA
1	34577259	176	TC
1	34577395	136	TC
1	34577557	162	GA
1	34577564	7	GA
1	34577673	71	AG
1	34577723	50	CA
1	34578159	436	CA
1	34578160	1	TC
1	34578164	4	CT
1	34578234	70	CA
1	34578816	582	AG
1	34579271	455	GA
1	34579310	39	TC
1	34579415	105	GA
1	34579531	116	AG
1	34579643	29	AG
1	34579655	12	GA
1	34582603	2375	GA
1	34582724	121	GA
1	34582983	259	TC
1	34585297	1872	CT
1	34586141	844	CA
1	34587008	745	AT
1	34587324	165	TC
1	34588374	954	TC
1	34588392	18	AG
1	34588597	135	GA
1	34588869	272	CT
1	34588941	72	GA
1	34588955	14	GC
1	34588991	36	CT
1	34588997	6	AG
1	34589267	270	TC
1	34590162	326	GC
1	34590497	335	AG
1	34590686	189	TA
1	34591105	372	AG
1	34591595	473	AG
1	34592055	460	TC
1	34592176	121	CA
1	34592242	66	TA
1	34592261	19	TG
1	34592263	2	GC
1	34592289	26	AG
1	34592294	5	TG
1	34592313	19	GA
1	34592716	150	AG
1	34593731	720	AC
1	34594255	524	AT
1	34594508	161	GA
1	34597199	416	TC
1	34598772	476	AG
1	34598865	93	CT
1	34598895	30	GA
1	34599989	1058	CT
1	34601664	644	AG
1	34603196	1510	CT
1	34603777	391	GA
1	34603970	193	CT
1	34605504	1432	CT
1	34605761	257	GA
1	34605916	96	CT
1	34605925	9	CG
1	34605963	38	CT
1	34606148	185	AC
1	34606216	68	CA
1	34606251	35	GA
1	34606553	236	CT
1	34608247	753	CG
1	34608337	90	AG
1	34608350	13	GA
1	34608503	153	CT
1	34608513	10	GA
1	34608961	385	GT
1	34609284	323	GA
1	34609370	86	GT
1	34609517	147	AT
1	34612603	1362	TC
1	34612798	195	AT
1	34613209	411	CT
1	34613979	397	GT
1	34615010	470	AC
1	34615322	312	AG
1	34615510	98	GA
1	34615718	208	GA
1	34616119	212	GA
1	34616195	76	GA
1	34617739	833	CT
1	34619193	587	CT
1	34619276	83	GA
1	34623220	2994	TC
1	34623912	692	AG
1	34624076	164	GA
1	34624210	134	AG
1	34624289	79	GC
1	34624477	188	CT
1	34624918	328	GT
1	34625088	170	AG
1	34625183	95	GA
1	34625247	64	AG
1	34626589	854	AG
1	34626594	5	CT
1	34626778	34	CT
1	34626797	19	TC
1	34626859	62	CT
1	34626893	34	GA
1	34628280	1387	TC
1	34629802	908	TC
1	34631073	596	CT
1	34631978	281	TC
1	34632272	294	TC
1	34632306	34	GA
1	34633745	1439	TA
1	34634325	415	AG
1	34634756	431	GC
1	34637271	1592	CA
1	34637371	100	GA
1	34638015	644	AG
1	34638434	419	TC
1	34638553	119	GA
1	34638667	114	TC
1	34639591	745	AG
1	34641092	1376	TC
1	34641332	58	AG
1	34642151	819	AT
1	34642319	168	CT
1	34642407	88	AG
1	34642423	16	GA
1	34642544	121	TC
1	34642756	212	GC
1	34643215	158	TA
1	34643556	341	CT
1	34643681	125	AG
1	34643986	305	CT
1	34644191	56	TC
1	34644245	54	CT
1	34644261	16	CT
1	34645263	546	AG
1	34645383	120	AG
1	34645421	38	CT
1	34645429	8	GC
1	34645561	132	TC
1	34645585	24	TC
1	34645677	92	GT
1	34645710	33	TC
1	34645726	16	AG
1	34645921	195	CT
1	34645972	51	CG
1	34645999	27	GA
1	34646296	204	CT
1	34663262	13992	GA
1	34663429	167	GA
1	34664429	532	TG
1	34664466	37	GA
1	34664481	15	CT
1	34664608	127	CT
1	34664638	30	CT
1	34665116	340	GA
1	34665361	216	GA
1	34665465	104	CT
1	34665470	5	GA
1	34665569	99	TC
1	34665726	157	GA
1	34665988	262	CT
1	34666065	77	GA
1	34666156	91	CT
1	34666212	56	GA
1	34666393	181	CT
1	34666545	152	TC
1	34666615	70	CT
1	34666671	56	CG
1	34666757	86	CT
1	34666792	35	GA
1	34666905	113	CT
1	34667211	146	TC
1	34667858	647	TC
1	34668138	280	AG
1	34668472	251	GA
1	34669284	249	TC
1	34669371	87	TG
1	34669564	193	CT
1	34671548	908	CG
1	34671923	375	AG
1	34671996	73	CG
1	34672051	55	CT
1	34672831	209	TG
1	34674532	1207	CT
1	34676285	1235	CG
1	34676493	208	AT
1	34676560	67	TC
1	34677122	288	CT
1	34677159	37	AG
1	34677186	27	GA
1	34677196	10	TC
1	34677644	448	AC
1	34678073	429	CA
1	34678156	83	GC
1	34678352	196	CA
1	34678424	72	CA
1	34679157	631	AG
1	34679369	155	GA
1	34679403	34	TC
1	34680677	651	GA
1	34680870	193	CT
1	34680902	32	GA
1	34681744	611	TC
1	34681912	118	CT
1	34682378	420	TA
1	34683042	664	AG
1	34683097	55	GC
1	34683256	159	AG
1	34683273	17	CT
1	34683347	74	CT
1	34683362	15	GA
1	34683363	1	CG
1	34683530	167	TC
1	34684155	272	CA
1	34684964	702	AG
1	34685729	378	AG
1	34687963	1024	AG
1	34692813	2609	CT
1	34693061	248	CT
1	34693661	504	GA
1	34693861	200	GA
1	34693920	59	GA
1	34696116	552	TC
1	34696566	450	CT
1	34696732	166	GA
1	34697267	535	GA
1	34697436	169	AG
1	34697610	62	CT
1	34698374	406	TA
1	34698376	2	AC
1	34698868	492	CT
1	34701391	1136	AG
1	34702459	951	GA
1	34703479	945	AG
1	34703543	64	TA
1	34703579	36	CT
1	34704259	103	TG
1	34704380	121	GA
1	34704455	75	TC
1	34704478	23	GT
1	34704662	184	CT
1	34705297	329	GA
1	34705403	106	AG
1	34705799	332	CG
1	34706074	164	TG
1	34706215	141	CT
1	34706328	113	CT
1	34706372	44	GA
1	34707199	497	GA
1	34708092	732	GA
1	34708512	351	GA
1	34708785	273	AT
1	34709455	670	AC
1	34710049	594	GC
1	34710064	15	GA
1	34710700	636	GA
1	34712310	1468	TC
1	34715076	2008	GA
1	34715234	158	CA
1	34715252	18	AG
1	34715319	67	GA
1	34715486	167	GC
1	34715837	176	AG
1	34715844	7	AC
1	34715857	13	GA
1	34715946	89	TA
1	34716078	132	CT
1	34716095	17	GC
1	34716115	20	CT
1	34716159	44	CT
1	34716248	89	TG
1	34716255	7	TC
1	34716271	16	TA
1	34716465	25	AG
1	34716505	40	AG
1	34716557	28	AG
1	34716738	181	GA
1	34716812	74	AG
1	34716854	42	GT
1	34717015	67	AG
1	34717101	86	GC
1	34717212	111	GA
1	34717285	73	CT
1	34717390	105	TC
1	34717567	177	TC
1	34718178	412	TC
1	34718533	330	TC
1	34718554	21	GA
1	34718566	12	GA
1	34718570	4	TC
1	34718607	37	GA
1	34718625	18	GA
1	34718863	238	AG
1	34719813	950	GA
1	34719922	109	TC
1	34719925	3	TC
1	34721648	1113	GA
1	34721819	171	CA
1	34722504	649	CT
1	34723844	1340	CT
1	34724203	326	CT
1	34724478	275	GA
1	34725686	1208	CG
1	34725971	285	TC
1	34726094	123	GA
1	34727187	597	CA
1	34727345	158	TC
1	34727401	56	AT
1	34727533	56	GT
1	34727545	12	TG
1	34727546	1	GA
1	34727935	389	AG
1	34728358	423	CA
1	34728675	317	TG
1	34729004	189	AG
1	34729053	49	GC
1	34729321	268	GC
1	34730363	895	TC
1	34730676	313	CT
1	34730686	10	CT
1	34730797	111	AG
1	34731553	535	TC
1	34733513	866	CT
1	34733569	56	GA
1	34734149	580	TC
1	34734195	46	TC
1	34734927	460	GC
1	34735445	518	GA
1	34736387	350	AG
1	34737709	1051	GA
1	34737936	227	GA
1	34738354	389	AG
1	34740913	1256	CT
1	34740942	29	GA
1	34741174	232	CT
1	34741214	40	GA
1	34741477	263	CT
1	34741813	336	CT
1	34741945	132	CG
1	34742243	264	CA
1	34742408	165	GA
1	34742655	247	CT
1	34743048	331	CT
1	34743350	302	CG
1	34743449	99	TC
1	34743674	225	GA
1	34743800	126	TC
1	34744092	292	GA
1	34744206	114	TG
1	34744212	6	TC
1	34744279	67	TC
1	34744528	249	GA
1	34744685	157	GA
1	34744930	245	CA
1	34745261	331	TC
1	34745372	111	CT
1	34745710	294	TC
1	34745946	236	AG
1	34746443	394	TG
1	34746782	231	AG
1	34747507	272	GA
1	34747596	89	TC
1	34747701	105	AG
1	34748446	657	AG
1	34749522	1076	GA
1	34749573	51	GA
1	34750009	390	GA
1	34750037	28	CT
1	34750104	67	GA
1	34750236	132	GA
1	34751063	734	AG
1	34751115	52	CT
1	34751165	50	CT
1	34751207	42	CA
1	34751301	94	CT
1	34754533	2404	CT
1	34757646	2613	TA
1	34759027	1080	AG
1	34759058	31	TG
1	34759115	57	CA
1	34760217	747	GA
1	34760339	122	TC
1	34760776	399	AT
1	34760819	43	GA
1	34761823	829	TC
1	34767293	4929	AG
1	34767802	345	GC
1	34769074	1272	AG
1	34769123	49	TC
1	34769448	325	AT
1	34770211	632	CT
1	34770261	50	AG
1	34770323	62	CT
1	34770470	147	GT
1	34770658	188	GC
1	34770823	165	CT
1	34771122	299	TC
1	34771210	88	CT
1	34771360	150	AG
1	34771409	49	CT
1	34771833	424	GA
1	34771858	25	CT
1	34772181	323	GC
1	34773410	978	AG
1	34773588	178	TC
1	34774510	859	GA
1	34775183	381	GA
1	34775472	289	CG
1	34776226	754	AG
1	34776435	209	AG
1	34777074	464	GC
1	34777117	43	TC
1	34777808	188	CT
1	34777809	1	GC
1	34778046	237	CA
1	34778120	74	GA
1	34778128	8	AG
1	34778181	53	GA
1	34778276	95	TC
1	34778299	23	GA
1	34778387	88	GA
1	34778550	163	CT
1	34778936	386	TC
1	34779184	248	AG
1	34779436	252	AG
1	34780796	853	GT
1	34780881	85	GA
1	34780928	47	CT
1	34781019	91	TC
1	34781093	74	AT
1	34781108	15	AG
1	34781184	76	TG
1	34781274	90	CA
1	34781842	568	CA
1	34786901	3228	GA
1	34786986	85	GA
1	34788150	458	CT
1	34788229	79	GT
1	34788529	300	CG
1	34789284	298	CT
1	34789705	211	AG
1	34789974	269	GT
1	34790138	164	AG
1	34790297	159	TC
1	34790420	123	GA
1	34790716	91	CT
1	34791016	238	CT
1	34791056	40	CT
1	34791144	88	GA
1	34791179	35	CG
1	34791249	70	AG
1	34791273	24	TC
1	34792563	563	AC
1	34794934	1296	TC
1	34796082	1148	CT
1	34796091	9	AG
1	34796310	219	CT
1	34796386	76	CT
1	34796413	27	TC
1	34796876	463	GT
1	34797953	771	GA
1	34797965	12	AG
1	34797998	33	CT
1	34798125	55	GT
1	34798385	260	GC
1	34798473	88	AC
1	34798573	100	CA
1	34798826	253	GC
1	34798978	152	TC
1	34799086	108	GA
1	34799374	288	GT
1	34799708	237	AG
1	34799918	149	TC
1	34800463	545	AG
1	34802210	1705	GA
1	34802222	12	CT
1	34802887	328	TC
1	34802948	61	CG
1	34803105	157	CT
1	34803226	121	AG
1	34803532	306	AC
1	34804481	860	AG
1	34804768	287	GA
1	34804864	96	TC
1	34805629	765	GA
1	34805814	185	GA
1	34805849	35	AG
1	34806605	756	CG
1	34806616	11	GA
1	34806650	34	GA
1	34806691	41	AG
1	34807578	597	AG
1	34808153	456	GC
1	34808419	266	GT
1	34808616	197	GA
1	34808876	260	TA
1	34809195	319	AG
1	34819780	7137	CT
1	34826203	5840	CT
1	34826520	317	CT
1	34826800	280	CT
1	34827315	139	AG
1	34827579	264	CT
1	34827761	28	AG
1	34828174	413	GA
1	34829364	1190	CT
1	34831273	1331	GA
1	34832299	527	CT
1	34832676	46	CA
1	34833076	214	GA
1	34833154	78	CG
1	34833167	13	GA
1	34833504	302	CG
1	34833810	230	AG
1	34833866	56	TC
1	34834166	300	CT
1	34834191	25	CT
1	34834285	94	GA
1	34834308	23	TC
1	34834373	65	TG
1	34834572	199	TG
1	34834605	33	CT
1	34834620	15	GA
1	34834687	67	AG
1	34834781	94	GA
1	34834969	93	TA
1	34834986	17	GA
1	34835064	78	GA
1	34835114	50	TC
1	34835188	74	CG
1	34835675	487	GA
1	34835794	119	TC
1	34836039	245	TC
1	34837205	406	TC
1	34837246	41	AG
1	34837714	248	TC
1	34837725	11	TA
1	34837761	36	TC
1	34838183	422	TC
1	34838500	317	CT
1	34838628	128	CT
1	34838809	181	AG
1	34839747	264	GA
1	34839860	113	GT
1	34839973	113	AG
1	34840397	424	GA
1	34841064	85	AG
1	34842566	1340	GA
1	34842583	17	CT
1	34842600	17	CT
1	34852823	8476	CT
1	34854549	886	GA
1	34856160	1558	TA
1	34857397	973	CT
1	34858370	719	TC
1	34861031	1250	GA
1	34861541	510	CT
1	34861573	32	CT
1	34862464	556	AG
1	34864385	1523	CT
1	34869541	3148	TC
1	34869883	315	CT
1	34871003	1120	GA
1	34871063	60	GA
1	34871088	25	AG
1	34871171	83	GA
1	34871211	40	TC
1	34871524	313	AT
1	34872848	484	CT
1	34873061	213	AG
1	34873636	209	TC
1	34874067	431	CT
1	34874147	80	CT
1	34874149	2	TC
1	34874401	190	AG
1	34874777	376	TC
1	34874797	20	GC
1	34876387	928	GA
1	34876617	189	GA
1	34880555	1988	CA
1	34880571	16	AC
1	34884213	1854	CG
1	34884615	314	CT
1	34884626	11	CT
1	34885087	461	GC
1	34885285	198	AG
1	34885322	37	GC
1	34885335	13	AT
1	34885393	58	TC
1	34885636	243	AG
1	34885651	15	CT
1	34885874	223	CT
1	34886725	576	AG
1	34886735	10	AT
1	34886759	24	TC
1	34886767	8	GA
1	34886890	123	AG
1	34886933	43	TG
1	34886937	4	AG
1	34886976	39	GC
1	34886983	7	GC
1	34886994	11	GA
1	34887072	78	TA
1	34887078	6	AG
1	34887085	7	TA
1	34887086	1	AG
1	34887140	54	GA
1	34887181	41	GC
1	34887193	12	GA
1	34887259	66	AG
1	34887305	46	AG
1	34887410	105	GA
1	34887433	23	CT
1	34887514	81	TC
1	34887721	207	GA
1	34888023	226	GA
1	34888694	457	CT
1	34890713	1076	GA
1	34890752	39	CT
1	34890753	1	GA
1	34890797	44	CT
1	34890807	10	CT
1	34890929	122	CT
1	34891143	214	GA
1	34891254	111	CT
1	34891368	114	TC
1	34891634	266	CT
1	34891873	239	GC
1	34892580	644	AG
1	34892877	179	AG
1	34892894	17	TC
1	34893035	141	CT
1	34897907	3512	AG
1	34900249	1149	TC
1	34903541	2272	CG
1	34906390	2289	TC
1	34907116	458	TA
1	34907400	284	GT
1	34907407	7	TA
1	34909456	1107	GA
1	34909882	278	AG
1	34909974	92	CT
1	34910056	82	AG
1	34910476	259	GA
1	34910482	6	TC
1	34911106	624	GT
1	34911414	308	GA
1	34911646	232	AG
1	34911745	99	TC
1	34912617	579	CT
1	34912705	88	GC
1	34915021	733	AG
1	34915167	146	AG
1	34915197	30	GC
1	34915233	36	GA
1	34915579	346	AG
1	34915585	6	GA
1	34915602	17	GA
1	34915609	7	CT
1	34916200	290	AG
1	34918765	1867	TC
1	34918793	28	CA
1	34919232	439	CG
1	34921283	1007	CT
1	34923356	2073	CT
1	34923405	49	CT
1	34923459	54	CT
1	34924143	684	AG
1	34924423	145	GA
1	34929304	1359	TC
1	34930063	672	GA
1	34930280	217	CT
1	34930308	28	AG
1	34931677	1096	AG
1	34934270	1962	AT
1	34934355	85	CT
1	34934367	12	AG
1	34934568	135	TA
1	34934571	3	CA
1	34934607	36	AG
1	34934651	44	GA
1	34934797	146	TG
1	34934799	2	AG
1	34934942	143	TC
1	34934966	24	TC
1	34935072	106	TC
1	34935094	22	GA
1	34935241	147	AT
1	34935542	171	GA
1	34935818	276	AG
1	34936127	309	GA
1	34936371	244	GA
1	34936709	338	TG
1	34937459	381	AG
1	34941192	2697	CT
1	34941202	10	CG
1	34944895	1955	AT
1	34945390	456	CT
1	34946198	808	AG
1	34946321	123	TC
1	34946960	639	CT
1	34947348	388	GA
1	34947508	160	TG
1	34949349	860	GC
1	34949383	34	AG
1	34949448	65	GA
1	34950832	1384	CA
1	34951117	262	TC
1	34952334	424	GA
1	34952778	386	GT
1	34953532	117	GA
1	34953533	1	GA
1	34956063	292	GA
1	34956086	23	TG
1	34956089	3	CT
1	34956130	41	AG
1	34956520	390	AG
1	34956870	350	AG
1	34956914	44	TC
1	34959917	692	AG
1	34961109	853	CT
1	34961607	58	TA
1	34961668	61	AG
1	34961763	95	CT
1	34961772	9	TC
1	34961797	25	AT
1	34961996	199	CG
1	34984017	14214	TC
1	34984118	101	AC
1	34984130	12	AG
1	34984250	120	CT
1	34984414	164	GA
1	34986361	1287	CT
1	34986391	30	TC
1	34997329	3641	TC
1	34997404	75	GA
1	34997521	117	GA
1	35005590	5590	AG
1	35006962	1102	CT
1	35011623	4311	CT
1	35013412	1049	GA
1	35016855	3322	CT
1	35021521	4178	GA
1	35022091	570	CT
1	35027078	4677	CT
1	35028347	1269	GA
1	35030319	1943	CG
1	35031575	1224	CT
1	35031856	281	GA
1	35035819	3831	CT
1	35044700	3108	CT
1	35044761	61	AG
1	35044849	88	CT
1	35045109	260	GA
1	35049149	2054	GA
1	35049454	305	AG
1	35049883	429	GA
1	35050050	167	GA
1	35050217	167	AG
1	35051415	1105	AG
1	35054536	3121	GC
1	35059454	2415	CT
1	35059489	35	GA
1	35059552	63	CT
1	35064394	551	GA
1	35064509	115	TC
1	35065890	1158	GA
1	35067150	802	CT
1	35068147	997	CA
1	35068398	251	GA
1	35069664	1266	GA
1	35069700	36	GA
1	35072364	2038	GC
1	35073289	925	CT
1	35075529	2240	CT
1	35076136	607	CT
1	35077655	446	AG
1	35080828	2683	AT
1	35081434	606	GC
1	35081548	114	TC
1	35081868	320	AT
1	35081869	1	TC
1	35082103	93	CT
1	35082118	15	CT
1	35082563	445	CG
1	35083063	500	CG
1	35083613	482	GA
1	35083970	318	CA
1	35084099	129	CG
1	35084211	112	CG
1	35085068	857	CT
1	35085087	19	TG
1	35085253	166	TC
1	35085311	58	AT
1	35085340	29	TC
1	35085397	57	GA
1	35085454	57	GA
1	35085844	390	TC
1	35085846	2	AG
1	35085890	44	GA
1	35086096	206	TC
1	35086316	220	AC
1	35086496	180	CT
1	35086927	431	GC
1	35086959	32	GC
1	35087874	915	TC
1	35088063	189	CA
1	35088076	13	CT
1	35088117	41	GC
1	35089921	1752	TC
1	35090570	570	TC
1	35090734	164	CT
1	35090743	9	TC
1	35091189	446	GA
1	35091952	763	CT
1	35092057	105	TC
1	35093489	1432	TA
1	35093566	77	AG
1	35095275	1709	GC
1	35139496	29345	CA
1	35139577	81	TA
1	35139989	412	AG
1	35140124	135	CT
1	35140758	22	CT
1	35143676	1950	GA
1	35145143	1294	CT
1	35145182	39	GA
1	35147356	1203	GA
1	35147694	338	AG
1	35147723	29	AG
1	35148959	1236	GA
1	35149199	240	CT
1	35149454	255	TC
1	35149572	118	TC
1	35150782	1210	TA
1	35151129	347	AC
1	35152030	901	CT
1	35152040	10	GA
1	35152186	146	GA
1	35152264	78	AG
1	35152487	223	CA
1	35152726	239	TC
1	35153383	657	AG
1	35153449	66	CT
1	35153623	174	GA
1	35153629	6	TC
1	35156202	2335	CA
1	35156620	418	AG
1	35156793	142	GA
1	35157743	541	TC
1	35157831	88	GA
1	35157869	38	AG
1	35158140	235	CT
1	35159618	1377	CT
1	35160064	446	GT
1	35160813	624	GA
1	35162563	1750	GC
1	35163709	872	CA
1	35164598	889	GA
1	35164978	380	CT
1	35165425	447	AC
1	35165467	42	CT
1	35166015	548	TG
1	35166341	326	AG
1	35167491	799	GA
1	35167568	77	GA
1	35169468	1862	TC
1	35169904	436	AG
1	35169950	46	TC
1	35170507	557	CA
1	35170510	3	CT
1	35171939	860	GA
1	35172004	65	CA
1	35172256	252	CA
1	35172531	275	AG
1	35172549	18	TC
1	35173124	575	CT
1	35173729	605	CG
1	35173946	217	CT
1	35173947	1	GA
1	35174182	235	AG
1	35174599	417	GC
1	35175778	1179	AT
1	35175819	41	GA
1	35176094	275	GC
1	35176121	27	CT
1	35177466	626	TC
1	35177789	323	GA
1	35178515	726	CT
1	35180107	1066	AT
1	35180171	64	CT
1	35180267	96	CT
1	35180664	90	GA
1	35180705	41	GT
1	35180717	12	CT
1	35180952	235	TC
1	35181158	206	TC
1	35181207	49	CT
1	35182552	1345	GA
1	35182593	41	CT
1	35182635	42	GA
1	35185340	1621	GA
1	35185528	188	TC
1	35187849	1561	CT
1	35188054	205	AG
1	35188231	177	GA
1	35191012	2261	TG
1	35191612	600	AG
1	35191825	213	AG
1	35192065	200	AG
1	35192695	441	TC
1	35192961	266	AG
1	35194009	178	TG
1	35194040	31	CT
1	35194156	116	GA
1	35195693	408	CT
1	35195923	163	TC
1	35195980	57	CG
1	35196002	22	AG
1	35196143	141	TC
1	35196194	51	GC
1	35196935	408	CA
1	35196978	43	CA
1	35196993	15	TC
1	35197079	86	CT
1	35199292	1525	GC
1	35199372	80	TA
1	35201936	935	GA
1	35202513	88	TC
1	35202967	302	AT
1	35203126	159	GA
1	35203749	235	AC
1	35203891	142	AG
1	35204139	248	TC
1	35204418	279	AG
1	35204516	98	GA
1	35205042	62	GA
1	35205951	349	GA
1	35205985	34	AG
1	35206453	468	AG
1	35206518	65	CT
1	35207325	349	CG
1	35207672	347	TC
1	35207771	99	AG
1	35208196	372	TC
1	35208464	268	TG
1	35208727	169	AG
1	35212117	324	AG
1	35213411	1248	GC
1	35213559	148	AG
1	35214214	566	TG
1	35214488	274	CT
1	35215448	871	GC
1	35215594	146	GA
1	35215657	63	GT
1	35215942	285	GT
1	35216689	668	CT
1	35217129	440	GC
1	35217378	249	GA
1	35217724	346	GA
1	35217820	96	CT
1	35218133	313	AG
1	35218157	24	TC
1	35218164	7	AG
1	35218445	281	GA
1	35218681	192	CT
1	35218833	152	CT
1	35219052	219	TC
1	35219150	98	GA
1	35219420	253	GA
1	35219602	182	CG
1	35219954	352	AG
1	35220070	116	GA
1	35220152	82	CT
1	35220618	466	GA
1	35220880	262	CT
1	35220918	38	TG
1	35220987	69	TG
1	35221289	302	AG
1	35221357	68	AG
1	35222189	832	AT
1	35222608	419	CT
1	35222667	59	AG
1	35223136	469	CT
1	35223137	1	GA
1	35223159	22	GA
1	35223235	76	GA
1	35224359	1124	GA
1	35225895	1536	AG
1	35226134	239	AG
1	35226349	215	CT
1	35226368	19	AG
1	35226554	186	AC
1	35226847	293	TC
1	35227046	199	TG
1	35227462	416	AG
1	35227877	415	TA
1	35228116	239	AG
1	35228118	2	CT
1	35228697	579	CT
1	35228766	69	CT
1	35228814	48	TG
1	35229087	273	GA
1	35229470	383	TC
1	35229531	61	TC
1	35229539	8	TC
1	35229567	28	TC
1	35229664	97	CA
1	35229986	322	CG
1	35230152	166	CT
1	35230174	22	CA
1	35230489	315	GA
1	35230616	127	CT
1	35230647	31	AG
1	35230739	92	CA
1	35230752	13	GA
1	35230905	153	AC
1	35230975	70	TC
1	35231240	265	TG
1	35231293	53	AG
1	35231937	86	AC
1	35232072	135	GA
1	35232173	101	CT
1	35232213	40	CA
1	35232376	163	CT
1	35232645	269	GA
1	35234076	496	CT
1	35234376	300	CT
1	35235052	332	CT
1	35235343	291	GA
1	35237192	1472	GA
1	35237794	602	CT
1	35237932	138	GA
1	35238435	503	CT
1	35239180	745	CT
1	35240396	755	GT
1	35240427	31	TC
1	35240519	92	GA
1	35241174	359	CA
1	35243428	277	CT
1	35243581	153	GA
1	35244116	535	GA
1	35244370	254	CA
1	35244374	4	CG
1	35244407	33	GA
1	35245215	808	GA
1	35245529	314	AG
1	35246840	1311	GA
1	35246910	70	GT
1	35246932	22	GA
1	35248121	1166	GC
1	35248165	44	CT
1	35248382	217	AG
1	35248838	334	GA
1	35248849	11	AG
1	35250164	249	TG
1	35252023	1757	TC
1	35253501	1430	CA
1	35256175	2618	CT
1	35256381	206	TG
1	35258518	2137	CT
1	35258794	276	CT
1	35259118	324	CT
1	35260499	1333	CT
1	35260923	397	AC
1	35261403	480	TC
1	35262167	764	GA
1	35265258	3091	GA
1	35266148	890	CT
1	35266956	808	CT
1	35268056	1100	GC
1	35268507	451	AC
1	35268841	334	GT
1	35269165	324	TA
1	35269508	343	GA
1	35270113	605	TC
1	35270396	283	GA
1	35272479	1925	CT
1	35276106	3054	GA
1	35312093	23892	AC
1	35313094	850	TC
1	35313827	703	TC
1	35319324	2498	AG
1	35319333	9	TC
1	35321857	1318	GA
1	35322097	240	TC
1	35322306	209	CT
1	35322327	21	GC
1	35322381	54	TC
1	35322608	227	CT
1	35322718	110	AG
1	35327842	732	AG
1	35328494	329	TA
1	35329307	444	GA
1	35329710	169	CA
1	35330937	426	AT
1	35334000	2706	CG
1	35334079	79	GT
1	35334630	551	AG
1	35336299	485	TC
1	35336946	647	CT
1	35336983	37	GA
1	35337075	92	AC
1	35338200	830	CG
1	35338282	82	CT
1	35338308	26	TC
1	35338519	211	TG
1	35338524	5	TC
1	35338986	383	AC
1	35339084	98	CT
1	35339127	43	GA
1	35339633	282	CG
1	35339919	286	TC
1	35340830	615	AG
1	35341522	119	TC
1	35343812	1816	AG
1	35344348	494	GT
1	35344566	218	TC
1	35344627	61	AG
1	35345126	255	AG
1	35345488	362	CA
1	35346472	984	CT
1	35346671	199	AG
1	35346686	15	TC
1	35346976	243	AG
1	35347103	127	CG
1	35347197	94	CT
1	35349974	2206	AG
1	35350287	313	AC
1	35352208	1664	AG
1	35352278	70	CG
1	35353741	1427	GA
1	35356129	2355	TC
1	35356613	484	GA
1	35357799	978	AG
1	35357876	77	GA
1	35361995	4084	CT
1	35363450	1126	GC
1	35365690	2240	CT
1	35367497	1460	CG
1	35368854	1357	CT
1	35368858	4	CT
1	35369080	222	TC
1	35385235	6595	TC
1	35385379	144	TC
1	35385412	33	CA
1	35385510	9	GA
1	35385940	230	GA
1	35386223	283	AG
1	35386274	51	TC
1	35386373	99	GA
1	35386565	192	GC
1	35391297	3313	AG
1	35393869	2572	GA
1	35393892	23	TA
1	35393895	3	TG
1	35393915	20	TG
1	35394443	528	TC
1	35394899	456	TG
1	35395244	345	AG
1	35399742	1966	GA
1	35399767	25	TC
1	35400041	158	AG
1	35402289	906	AG
1	35402293	4	CT
1	35402926	633	GC
1	35403646	720	CT
1	35403681	35	AG
1	35403698	17	TC
1	35403763	65	AT
1	35403851	88	AG
1	35403933	82	TC
1	35403975	42	AT
1	35404386	411	TG
1	35404673	287	TG
1	35404720	47	TG
1	35405029	309	AG
1	35405224	195	AG
1	35405251	27	AG
1	35405474	223	AG
1	35405564	90	AG
1	35405589	25	TC
1	35406112	523	TG
1	35410287	2884	CT
1	35418366	4246	CT
1	35418697	331	AG
1	35419325	628	AG
1	35419392	67	AG
1	35419452	60	AG
1	35419614	162	CG
1	35419822	208	TC
1	35420467	158	TC
1	35420575	108	CT
1	35420598	23	GA
1	35420621	23	GC
1	35420670	49	GA
1	35421570	361	CA
1	35421667	97	TG
1	35421731	64	GT
1	35421741	10	TC
1	35421759	18	GA
1	35422262	503	AG
1	35422393	131	AG
1	35422440	47	TC
1	35422492	52	TC
1	35422508	16	GC
1	35422536	28	GA
1	35422585	49	AG
1	35424038	458	GA
1	35424843	685	CT
1	35425657	814	GA
1	35435079	5087	AG
1	35445184	8581	AC
1	35446769	1585	GA
1	35448187	1398	GA
1	35449498	1286	TC
1	35449735	237	GA
1	35453184	2978	GA
1	35454992	1808	CA
1	35456193	1201	CT
1	35456241	48	GA
1	35456617	376	AG
1	35458148	1494	GC
1	35458406	258	CT
1	35459736	1330	TA
1	35459739	3	GT
1	35460344	605	AG
1	35460359	15	CT
1	35460766	39	GA
1	35461210	444	GC
1	35461346	136	AG
1	35461724	378	AG
1	35461829	105	GA
1	35462858	776	GA
1	35465055	2041	AG
1	35465223	94	GA
1	35465297	74	CT
1	35465606	309	CT
1	35465686	80	CT
1	35465700	14	AG
1	35465795	95	TC
1	35465856	61	CT
1	35465949	93	GA
1	35466002	53	CT
1	35466069	67	TC
1	35466070	1	CA
1	35466662	410	AG
1	35466701	39	AG
1	35467434	733	AG
1	35467554	120	GA
1	35467698	144	GA
1	35467739	41	GC
1	35467891	152	AC
1	35468124	233	GA
1	35468128	4	TC
1	35468170	42	CT
1	35468320	150	CA
1	35468361	41	CT
1	35468609	248	TC
1	35468772	30	CT
1	35469091	319	GC
1	35469267	176	CT
1	35470125	858	CG
1	35470359	234	CT
1	35470544	185	CG
1	35470964	420	CT
1	35471318	354	TC
1	35471507	189	TC
1	35471541	34	CT
1	35471763	222	CT
1	35471893	130	GT
1	35472056	163	AG
1	35472405	349	AG
1	35472478	73	CA
1	35472796	318	GT
1	35473424	155	CT
1	35473621	197	TC
1	35473685	64	TC
1	35473731	46	AG
1	35474041	310	CT
1	35474053	12	GA
1	35474264	211	AT
1	35474280	16	GA
1	35474355	75	GA
1	35474529	174	TC
1	35475093	564	GA
1	35475152	59	GA
1	35475363	211	AG
1	35475390	27	GA
1	35475420	30	TC
1	35475591	171	GA
1	35475752	161	GA
1	35475956	204	AG
1	35476110	154	AC
1	35476149	39	GA
1	35476505	356	CT
1	35476627	122	CT
1	35480238	2710	CA
1	35480337	99	CT
1	35480716	379	CA
1	35481524	326	GA
1	35482983	902	CT
1	35483304	321	GA
1	35484444	439	TC
1	35484904	460	TC
1	35485042	138	AG
1	35485047	5	GC
1	35486123	546	CT
1	35486292	169	CT
1	35486487	195	AT
1	35487368	330	TC
1	35487385	17	CT
1	35488470	368	TC
1	35489457	531	AG
1	35489608	117	CG
1	35489863	255	TC
1	35490347	484	GA
1	35491639	658	AG
1	35491679	40	AG
1	35492596	843	GC
1	35492996	317	GA
1	35493397	401	GA
1	35493461	64	AG
1	35495235	757	TC
1	35495680	445	GC
1	35495755	75	AG
1	35496380	290	CT
1	35496783	403	AT
1	35496907	124	TC
1	35496928	21	TC
1	35496965	37	GC
1	35497169	178	GA
1	35497825	656	AC
1	35499559	1135	TC
1	35504000	3482	GC
1	35504542	341	GA
1	35504990	448	GA
1	35505092	102	CG
1	35507357	2034	CT
1	35507858	276	AG
1	35507888	30	AG
1	35508859	576	AC
1	35511376	1607	GA
1	35512000	624	TC
1	35512094	94	GA
1	35514584	1010	AG
1	35515118	534	GA
1	35515234	116	GT
1	35515788	288	GA
1	35516230	442	CT
1	35516911	608	CT
1	35517122	211	GA
1	35520224	3046	TC
1	35520388	164	AG
1	35520553	165	CT
1	35520605	52	TC
1	35520607	2	CT
1	35521629	1022	GA
1	35521711	82	AC
1	35522178	434	AG
1	35522557	314	TC
1	35522576	19	GA
1	35523546	942	GA
1	35523606	60	TA
1	35523858	252	AG
1	35524873	941	CA
1	35525058	185	CG
1	35525430	372	TC
1	35525540	110	GA
1	35526189	649	CG
1	35526493	304	GA
1	35526678	185	GA
1	35526682	4	TC
1	35527954	1243	GA
1	35530239	2252	GA
1	35530242	3	TC
1	35530283	41	TC
1	35532496	1580	CT
1	35532533	37	GA
1	35532636	103	GA
1	35532649	13	CT
1	35534024	1139	GA
1	35534027	3	CT
1	35534165	138	TC
1	35534255	90	TG
1	35534990	709	CG
1	35535889	899	AG
1	35535909	20	TC
1	35536407	498	CT
1	35536511	104	CT
1	35536719	208	AG
1	35536824	105	AG
1	35536858	34	CT
1	35537591	733	TA
1	35537690	99	GA
1	35538281	430	TG
1	35538466	120	GC
1	35539111	503	CT
1	35539118	7	TC
1	35539130	12	CT
1	35540082	952	CT
1	35540653	571	TC
1	35545126	3800	GA
1	35545250	124	TC
1	35546244	965	GA
1	35547325	747	TC
1	35547533	208	GC
1	35547910	307	CG
1	35548050	140	TC
1	35550573	1132	GA
1	35550602	29	GC
1	35551428	564	GA
1	35551771	343	AG
1	35553045	999	AG
1	35553336	182	AG
1	35554640	1223	CT
1	35562573	4448	CT
1	35563765	1192	GT
1	35584027	17147	CT
1	35591701	7250	GA
1	35600572	6525	GA
1	35627275	13055	CA
1	35627316	41	GA
1	35627318	2	CG
1	35627547	229	CT
1	35627959	412	TC
1	35627989	30	CT
1	35628124	135	CT
1	35628302	178	GA
1	35629481	1179	GA
1	35629488	7	AG
1	35629553	65	TC
1	35629580	27	GA
1	35629585	5	GA
1	35632581	1812	AC
1	35632709	128	GA
1	35633001	292	CT
1	35633501	158	TC
1	35633503	2	GA
1	35634263	98	GT
1	35634449	186	TC
1	35634465	16	AG
1	35634471	6	TC
1	35634751	280	AG
1	35635030	279	CA
1	35635686	656	GA
1	35636561	298	GA
1	35636763	202	AT
1	35637531	370	CG
1	35637735	204	TC
1	35638189	413	TC
1	35638408	219	GT
1	35638423	15	CG
1	35638432	9	AG
1	35638527	95	GC
1	35638533	6	AG
1	35638550	17	GA
1	35639470	811	CT
1	35639585	115	AC
1	35639684	99	AG
1	35640017	24	TG
1	35640027	10	TC
1	35640127	100	GA
1	35640302	175	TC
1	35640311	9	CG
1	35640445	134	AC
1	35640451	6	CT
1	35640455	4	TC
1	35640556	101	CA
1	35640712	156	CT
1	35640719	7	AG
1	35641204	485	CT
1	35641222	18	AG
1	35641358	136	CT
1	35641372	14	AG
1	35641511	139	CA
1	35641528	17	CT
1	35641719	80	TC
1	35641762	43	CT
1	35642139	63	TA
1	35642242	103	TA
1	35642449	207	AG
1	35642481	32	AG
1	35642643	162	GA
1	35642661	18	AG
1	35643697	916	GT
1	35643781	84	GC
1	35644564	783	GA
1	35644614	50	CT
1	35644865	251	TC
1	35644897	32	CT
1	35644925	28	GA
1	35645429	144	TA
1	35649839	1128	AG
1	35653295	2784	CT
1	35668719	8747	GA
1	35669268	509	CT
1	35670012	744	CT
1	35670671	659	GT
1	35673099	2428	GA
1	35673442	343	CT
1	35674207	765	CT
1	35676611	2184	AG
1	35679476	2827	CT
1	35685035	4581	TC
1	35689543	4038	CT
1	35690385	842	AC
1	35691494	1081	GA
1	35694458	1513	CT
1	35695078	620	GA
1	35695158	80	CT
1	35695709	551	CA
1	35696078	369	TC
1	35697389	1176	CA
1	35697833	444	CG
1	35698547	714	CG
1	35702502	3852	GA
1	35704636	2095	AG
1	35707876	2407	GA
1	35709751	1808	GC
1	35710545	155	TC
1	35712578	1303	GC
1	35712724	146	GT
1	35713332	543	TC
1	35713913	581	AC
1	35713985	72	CA
1	35714529	544	CT
1	35716581	1903	CG
1	35719187	2549	AG
1	35719346	159	TA
1	35719392	46	TG
1	35720555	1078	AC
1	35720598	43	GT
1	35733008	8117	CG
1	35735712	847	TC
1	35737650	1306	GA
1	35739366	584	AC
1	35741376	593	GA
1	35750320	3862	GA
1	35750358	38	AC
1	35750494	136	AG
1	35752567	678	CG
1	35753718	579	CT
1	35753734	16	AG
1	35754189	455	CT
1	35755256	338	CT
1	35759134	721	GC
1	35759804	125	GT
1	35759855	51	TC
1	35760784	612	GC
1	35762410	817	TA
1	35762561	151	TC
1	35763485	434	CT
1	35763533	48	GC
1	35764278	745	GA
1	35764541	263	AC
1	35766152	1143	TG
1	35766383	231	GA
1	35767664	292	CT
1	35772808	3142	GA
1	35776976	2510	GA
1	35777023	47	GC
1	35778500	1436	CT
1	35778553	53	CT
1	35781742	1639	GA
1	35781774	32	GA
1	35781977	203	GC
1	35782038	61	CT
1	35782241	203	CT
1	35782243	2	CT
1	35782443	200	CA
1	35782503	60	CT
1	35783126	112	GA
1	35783456	330	GA
1	35784568	165	CG
1	35784853	285	GC
1	35785773	353	CT
1	35785830	57	AG
1	35785999	140	TC
1	35786704	635	AG
1	35786725	21	TC
1	35787637	427	TC
1	35787749	112	CG
1	35787782	33	CT
1	35787783	1	AG
1	35787790	7	GA
1	35787834	44	GA
1	35787907	73	TC
1	35788484	369	GA
1	35788592	108	AG
1	35788630	38	CT
1	35788873	243	AG
1	35788995	122	CT
1	35789160	165	TC
1	35789757	597	TC
1	35789796	39	GC
1	35789841	45	CT
1	35790051	210	TC
1	35792351	2300	CT
1	35793033	682	TA
1	35793712	679	AG
1	35794271	522	CA
1	35794276	5	GA
1	35794772	277	GC
1	35795017	216	GA
1	35795038	21	AG
1	35796161	1073	CG
1	35796306	94	AC
1	35797014	596	AC
1	35797441	280	CT
1	35797574	133	TC
1	35797650	76	CG
1	35798295	645	CT
1	35798531	236	CT
1	35798645	114	GA
1	35798839	194	GC
1	35798847	8	CA
1	35799152	305	GA
1	35799310	125	CG
1	35799455	145	GA
1	35799471	16	AG
1	35799672	201	GA
1	35800443	674	GA
1	35800654	211	CT
1	35801018	364	AG
1	35801128	110	GA
1	35801421	293	AT
1	35801425	4	AG
1	35801426	1	AG
1	35801493	67	CT
1	35802056	531	AG
1	35802392	336	TC
1	35803197	371	CT
1	35803321	124	TC
1	35804170	669	AG
1	35804191	21	AG
1	35804500	309	CT
1	35804703	203	CT
1	35805346	643	AG
1	35806998	1405	GA
1	35807096	98	CT
1	35807397	301	CA
1	35807479	82	GA
1	35807617	138	GA
1	35808111	494	CT
1	35808135	24	GA
1	35809057	601	TC
1	35809772	467	GA
1	35809813	41	GA
1	35810670	857	GA
1	35811741	1071	AC
1	35812321	580	GA
1	35812765	444	GA
1	35813145	380	GA
1	35813209	64	AT
1	35813294	85	GA
1	35813304	10	GA
1	35813386	82	AG
1	35815997	986	CA
1	35816430	175	GA
1	35816495	65	GA
1	35816815	320	CT
1	35816837	22	GA
1	35817212	375	GA
1	35817806	594	TC
1	35818758	910	GA
1	35818956	198	TA
1	35819343	356	GA
1	35821322	1873	AG
1	35821626	304	GA
1	35824378	1998	AG
1	35824535	157	TA
1	35824620	85	TC
1	35825172	301	AG
1	35826575	832	CT
1	35826580	5	CT
1	35826876	296	AG
1	35826914	38	TG
1	35826917	3	TC
1	35826930	13	AG
1	35827573	602	GA
1	35828133	560	GA
1	35828269	136	GA
1	35828335	66	AG
1	35828716	128	GA
1	35828814	98	GA
1	35829225	246	GA
1	35829780	555	GA
1	35829840	60	CT
1	35830024	184	CG
1	35830214	162	GA
1	35830329	115	CT
1	35831317	667	TC
1	35831345	28	GA
1	35831378	33	CT
1	35831459	81	CG
1	35831772	92	CA
1	35831953	181	GC
1	35832049	96	GA
1	35832059	10	CT
1	35832209	150	CT
1	35832233	24	TC
1	35832312	79	GA
1	35832316	4	TC
1	35832334	18	GA
1	35832705	333	CA
1	35832815	110	GA
1	35832820	5	GT
1	35832863	43	CT
1	35832878	15	GA
1	35832887	9	GT
1	35833046	159	GT
1	35833200	154	AG
1	35833324	124	TA
1	35833678	123	GA
1	35834008	330	CT
1	35834559	551	GA
1	35834666	107	TC
1	35834722	56	GA
1	35834813	91	GA
1	35835251	438	TC
1	35835312	61	TC
1	35835408	96	CT
1	35836351	773	GA
1	35836484	133	CG
1	35836698	214	AG
1	35836803	105	CT
1	35837053	250	CT
1	35837236	183	GT
1	35837610	331	GT
1	35837662	52	CT
1	35837784	122	GT
1	35837847	63	GA
1	35837972	125	AG
1	35837980	8	GC
1	35838187	207	GA
1	35838197	10	AG
1	35838333	136	GA
1	35838351	18	TC
1	35838593	242	CT
1	35838886	293	TC
1	35838904	18	TC
1	35838988	84	GA
1	35838990	2	TC
1	35839507	253	AG
1	35839723	216	CG
1	35840238	515	CT
1	35840753	515	GA
1	35841079	326	CT
1	35850204	4909	TG
1	35850522	318	TC
1	35852079	1344	AG
1	35852327	248	CG
1	35852382	55	AG
1	35852406	24	CT
1	35852899	450	GA
1	35852963	64	GA
1	35853999	399	GC
1	35854076	77	TG
1	35854284	208	CT
1	35854298	14	GT
1	35854304	6	CG
1	35854582	278	GC
1	35854620	38	GA
1	35854740	120	TC
1	35855354	344	GA
1	35855667	313	TC
1	35856439	772	CG
1	35856597	158	CT
1	35856656	59	CT
1	35856917	261	AG
1	35857890	798	CT
1	35857986	96	TC
1	35858287	301	GA
1	35858409	122	GA
1	35858564	155	CT
1	35858642	78	CT
1	35860224	1445	AT
1	35862133	1231	AG
1	35863305	1172	CT
1	35866157	511	CA
1	35869769	2730	GT
1	35871613	818	AG
1	35871687	74	CT
1	35871719	32	AG
1	35872111	392	TA
1	35872351	145	GA
1	35872854	89	GA
1	35873462	120	AG
1	35873502	40	AC
1	35873563	61	CG
1	35873612	49	GT
1	35873932	182	AC
1	35874644	712	GA
1	35874776	132	GT
1	35874793	17	TC
1	35874987	194	CT
1	35875188	157	CT
1	35875387	199	AC
1	35876070	249	GA
1	35877008	332	CT
1	35877010	2	GA
1	35877218	208	CT
1	35877345	127	CA
1	35879152	940	CT
1	35879153	1	AG
1	35879791	88	TC
1	35879816	25	CT
1	35879848	32	TC
1	35879985	51	GC
1	35881292	317	AG
1	35881721	259	CT
1	35881932	211	TC
1	35882330	398	CT
1	35882333	3	AG
1	35882890	339	GC
1	35883045	155	AG
1	35883719	138	AG
1	35884276	283	CT
1	35884813	512	GC
1	35884950	137	TC
1	35885382	406	GA
1	35885539	157	CT
1	35886232	50	AG
1	35886427	50	CT
1	35886911	188	TC
1	35887262	351	CG
1	35887465	203	GA
1	35887507	42	CT
1	35887534	27	CT
1	35887630	96	AC
1	35887867	237	GA
1	35888188	321	GA
1	35889066	878	CT
1	35889313	59	CT
1	35890965	247	GA
1	35891066	101	AG
1	35891746	470	CT
1	35891916	170	GA
1	35892487	571	GA
1	35892609	122	CG
1	35896378	1715	AG
1	35896506	128	TC
1	35896927	421	CT
1	35898259	444	CT
1	35898313	54	AG
1	35900818	1542	GA
1	35902057	517	GC
1	35902525	441	GA
1	35902582	57	AG
1	35902638	56	TC
1	35902653	15	TG
1	35902660	7	TA
1	35902720	60	AG
1	35902833	113	GA
1	35902849	16	CT
1	35903254	405	AG
1	35903295	41	GC
1	35904270	276	AG
1	35904286	16	AC
1	35907651	2888	TA
1	35908526	492	AG
1	35909312	212	TG
1	35909424	112	TC
1	35909510	86	GC
1	35909541	31	AG
1	35910568	247	GT
1	35910637	69	CT
1	35910849	212	TC
1	35911032	183	CA
1	35912908	284	CT
1	35913582	674	TC
1	35913628	46	AG
1	35913715	87	GA
1	35913807	92	CT
1	35913811	4	AG
1	35913816	5	CT
1	35914251	435	GA
1	35914268	17	GA
1	35914881	613	AG
1	35915029	148	CT
1	35915053	24	TA
1	35915356	228	CT
1	35915826	119	GA
1	35915983	157	GC
1	35916404	421	AG
1	35916676	272	AG
1	35917016	340	GC
1	35919940	2300	CT
1	35921561	974	CT
1	35923405	1384	GA
1	35923541	136	GA
1	35924541	473	CT
1	35924549	8	AG
1	35925054	505	GA
1	35928752	2754	GA
1	35928924	172	TC
1	35929278	354	CT
1	35929389	111	CT
1	35929825	254	TC
1	35930204	379	GA
1	35930444	240	TC
1	35930910	466	GC
1	35931031	121	AG
1	35931410	379	GA
1	35931436	26	TC
1	35932038	259	CT
1	35932403	365	GA
1	35932506	103	TG
1	35932835	329	AG
1	35933052	217	CA
1	35933064	12	CT
1	35933068	4	CT
1	35933390	322	GA
1	35933393	3	GA
1	35933492	99	CT
1	35934935	672	AT
1	35935304	369	GA
1	35935317	13	AG
1	35935376	59	TC
1	35935431	55	AG
1	35935524	93	AG
1	35943355	4616	GC
1	35946004	1878	GC
1	35946256	252	GA
1	35946863	549	AG
1	35947510	257	AG
1	35947698	188	AT
1	35949395	1554	GC
1	35953160	2321	TC
1	35955079	1201	GA
1	35956655	1006	GT
1	35962834	5411	TG
1	35964864	2030	GA
1	35965208	344	TC
1	35987535	14980	CT
1	35987537	2	TG
1	35987560	23	GA
1	35987769	209	GA
1	35987798	29	GA
1	35987832	34	AC
1	35987837	5	TC
1	35987864	27	AG
1	35988164	300	TC
1	35988220	56	AG
1	35988619	399	TC
1	35989198	303	CT
1	35993603	3257	CG
1	35995194	1591	AG
1	35996184	815	GC
1	35999296	2632	GA
1	35999762	446	CT
1	36000678	916	TC
1	36001845	1146	TC
1	36004544	2327	GT
1	36009638	3188	GT
1	36011099	848	GA
1	36012582	706	CG
1	36013039	457	CT
1	36014221	1182	TG
1	36014629	408	CT
1	36015043	414	TC
1	36017950	2243	AG
1	36021623	1617	GA
1	36021709	86	CT
1	36022219	510	AT
1	36022866	326	GA
1	36026684	3208	CA
1	36026994	310	AC
1	36027673	679	GA
1	36027769	96	CT
1	36027994	200	GA
1	36028193	199	GC
1	36030418	2040	AG
1	36030456	38	CT
1	36030575	119	TC
1	36032507	1604	CT
1	36032775	268	TC
1	36033310	535	AG
1	36033777	467	GA
1	36033803	26	GA
1	36033919	116	CT
1	36034041	122	CT
1	36034097	56	AG
1	36034577	480	TC
1	36034847	270	GA
1	36035148	301	AG
1	36035447	299	TC
1	36035658	211	CT
1	36035665	7	GC
1	36035683	18	CG
1	36035719	36	CG
1	36036000	281	CA
1	36036289	289	GT
1	36036618	329	CT
1	36037098	480	GC
1	36037189	91	CT
1	36038821	991	GA
1	36039006	185	TC
1	36039104	98	CT
1	36039464	325	CT
1	36040104	640	AG
1	36040241	94	GA
1	36040476	235	GT
1	36041684	555	CT
1	36042186	251	CT
1	36042380	194	GA
1	36042564	184	CT
1	36042671	107	AG
1	36042715	44	GA
1	36043019	304	CT
1	36043263	244	CT
1	36043983	239	GA
1	36044164	181	AG
1	36044284	120	TC
1	36044346	62	GA
1	36044557	211	GA
1	36044592	35	GA
1	36044809	217	CG
1	36045671	586	CT
1	36046029	172	AG
1	36046071	42	CT
1	36046515	408	CA
1	36046559	44	GA
1	36046695	136	AG
1	36046845	150	CT
1	36046925	80	CT
1	36046946	21	TC
1	36047070	124	CG
1	36047077	7	CT
1	36047222	145	GA
1	36047240	18	GC
1	36047368	128	AG
1	36047619	251	GA
1	36047668	49	TC
1	36047681	13	GA
1	36047711	30	GC
1	36047714	3	CT
1	36047728	14	GA
1	36047775	47	CT
1	36047776	1	AG
1	36047778	2	CT
1	36047814	36	TC
1	36047891	77	TC
1	36048094	203	GA
1	36048190	96	AG
1	36048249	59	AC
1	36048286	37	GA
1	36048304	18	TG
1	36049044	471	TC
1	36049055	11	AG
1	36049059	4	CT
1	36049064	5	CT
1	36049108	44	CT
1	36049904	448	GA
1	36049920	16	CT
1	36049925	5	AG
1	36050118	193	CT
1	36050157	39	CG
1	36050276	119	TG
1	36050390	114	GA
1	36050441	51	TG
1	36051130	639	CT
1	36051219	56	TC
1	36051275	56	TG
1	36051400	125	GA
1	36051531	131	CG
1	36051782	251	GA
1	36051988	206	AG
1	36052111	123	AG
1	36052121	10	TC
1	36052354	233	GA
1	36052540	186	AC
1	36052562	22	GA
1	36052564	2	TA
1	36052769	205	GA
1	36052840	71	CT
1	36053202	362	AG
1	36053283	81	AG
1	36053541	258	AG
1	36053569	28	AG
1	36053632	63	AG
1	36053644	12	AG
1	36053733	89	CT
1	36053876	143	GA
1	36053877	1	GA
1	36054026	149	CT
1	36054048	22	CT
1	36054098	50	GA
1	36054219	121	AG
1	36054265	46	AC
1	36054290	25	CT
1	36054377	87	GA
1	36054383	6	GA
1	36054409	26	AG
1	36054612	203	TC
1	36054628	16	GA
1	36054656	28	AG
1	36054814	158	CT
1	36054868	54	TC
1	36054982	114	AG
1	36054991	9	CT
1	36055024	33	CA
1	36055025	1	TG
1	36055040	15	TC
1	36055234	194	CT
1	36055296	62	TA
1	36055304	8	GA
1	36055312	8	GA
1	36055542	87	TC
1	36055752	210	GA
1	36055801	49	AG
1	36056095	219	CT
1	36056100	5	TC
1	36057144	585	CT
1	36057562	127	GA
1	36057692	130	GA
1	36057763	71	TG
1	36057991	228	TC
1	36058032	41	TC
1	36058054	22	GA
1	36058074	20	GC
1	36058099	25	CG
1	36058197	98	AG
1	36058344	147	TC
1	36058420	76	TC
1	36058426	6	GC
1	36058432	6	AG
1	36058447	15	TC
1	36058643	196	GA
1	36058753	110	AG
1	36059108	355	GC
1	36059496	388	CA
1	36059541	45	CT
1	36059698	157	GA
1	36059903	205	CT
1	36059919	16	GC
1	36059942	23	CT
1	36060207	265	CT
1	36060251	44	GC
1	36060566	217	GA
1	36060587	21	GA
1	36062533	1525	AG
1	36062571	38	TC
1	36062660	89	GA
1	36064010	471	GA
1	36064101	91	TC
1	36064184	83	TC
1	36064633	174	CT
1	36064634	1	GC
1	36064661	27	CA
1	36064682	21	CG
1	36064722	40	CT
1	36064726	4	CT
1	36064779	53	CT
1	36064919	140	GT
1	36065443	255	TC
1	36065459	16	CT
1	36065500	41	AG
1	36066059	463	GT
1	36066679	620	CT
1	36067023	143	TC
1	36067048	25	CG
1	36067231	183	TC
1	36067292	61	GA
1	36068840	1445	GA
1	36068880	40	TC
1	36072828	2934	CT
1	36074012	520	CT
1	36077446	3249	AG
1	36078343	897	GC
1	36078728	385	TC
1	36079040	312	CA
1	36080272	1169	GC
1	36080667	395	GT
1	36081630	963	AG
1	36081651	21	TC
1	36081660	9	GA
1	36083193	1365	TC
1	36083206	13	CT
1	36083380	174	CG
1	36083482	102	GA
1	36083968	238	CT
1	36086093	1189	GA
1	36086990	897	TC
1	36087049	59	CT
1	36087198	149	TC
1	36087222	24	GA
1	36087289	67	GA
1	36087329	40	CT
1	36087332	3	AG
1	36087480	148	TC
1	36087547	67	CT
1	36087827	214	AG
1	36087830	3	GA
1	36087902	72	CT
1	36087954	52	AG
1	36088962	1008	GA
1	36088973	11	CG
1	36089790	608	CT
1	36090111	321	CT
1	36090515	404	GA
1	36092337	1780	GA
1	36092718	381	CA
1	36093876	1158	CT
1	36096311	1917	GA
1	36097234	923	GA
1	36097758	524	CT
1	36099850	1625	GA
1	36099882	32	CG
1	36100114	232	CT
1	36100372	258	AG
1	36101817	1412	AG
1	36102447	630	CT
1	36103696	774	CT
1	36112871	3948	CT
1	36116591	2799	GA
1	36117210	619	CT
1	36119188	1745	CG
1	36119389	201	GA
1	36119886	497	GC
1	36126534	5670	GA
1	36128260	842	TC
1	36129272	602	AG
1	36130000	456	CT
1	36133806	3575	CG
1	36134984	1178	AG
1	36135285	301	TC
1	36136243	958	CT
1	36137724	1481	CT
1	36138173	449	GC
1	36138351	178	AG
1	36138438	87	GA
1	36139061	623	GA
1	36139721	660	CT
1	36139778	57	GC
1	36139882	104	TC
1	36141010	1099	AG
1	36143356	2117	GA
1	36143690	334	GA
1	36145205	969	AG
1	36145587	382	CT
1	36145599	12	TC
1	36147648	1595	GA
1	36147954	306	GA
1	36148307	353	AG
1	36148359	52	AG
1	36148589	197	AG
1	36148761	172	TC
1	36148771	10	CA
1	36149046	275	CT
1	36149309	263	CG
1	36149312	3	CT
1	36149321	9	TC
1	36149368	47	AC
1	36149720	352	TC
1	36149976	256	CT
1	36151557	1581	TC
1	36152320	340	TC
1	36152620	300	CT
1	36152936	316	GA
1	36154531	1554	CG
1	36155317	518	CT
1	36155340	23	CT
1	36157402	1684	CT
1	36157428	26	CT
1	36164128	6254	CT
1	36164152	24	CA
1	36164608	170	GA
1	36164676	68	GA
1	36164836	160	CT
1	36165682	580	AG
1	36165843	161	CT
1	36166442	599	CT
1	36166829	387	CT
1	36167700	871	CT
1	36167932	232	CG
1	36168018	86	CT
1	36168072	54	GA
1	36168407	264	CT
1	36169909	1444	GT
1	36170867	934	GA
1	36172290	1265	GA
1	36174070	1780	GA
1	36174380	242	GA
1	36174434	54	GT
1	36174512	78	CT
1	36174779	267	CT
1	36174938	159	AG
1	36175347	409	CT
1	36175528	181	AG
1	36175538	10	AG
1	36175588	50	GA
1	36177678	1894	AG
1	36177736	58	CT
1	36177912	176	AG
1	36179290	1097	CT
1	36180558	1268	GC
1	36181044	389	TA
1	36182262	1218	CA
1	36182757	495	TC
1	36183635	878	GA
1	36183956	321	CA
1	36184025	69	GA
1	36184678	653	CG
1	36185528	346	CT
1	36186480	617	GA
1	36191005	3529	GT
1	36195360	4058	CT
1	36195726	366	GA
1	36196028	302	GA
1	36196662	594	AG
1	36197021	359	AG
1	36197282	261	AT
1	36197769	487	GA
1	36200233	2401	CG
1	36200714	110	CT
1	36200851	137	TC
1	36201663	713	CT
1	36202417	754	GA
1	36203118	654	CT
1	36203338	34	GA
1	36203506	168	CT
1	36203509	3	CG
1	36203522	13	GC
1	36203727	205	CG
1	36204137	410	GT
1	36204490	353	CG
1	36204821	306	TA
1	36205184	363	GA
1	36205253	69	CT
1	36205401	148	TG
1	36205479	78	GA
1	36205646	167	CT
1	36205669	23	AG
1	36205687	18	CT
1	36205801	114	GA
1	36205806	5	GC
1	36205807	1	GT
1	36205867	60	GT
1	36206129	262	GC
1	36207543	849	CT
1	36207630	87	CT
1	36208132	502	CT
1	36208533	401	TC
1	36208618	85	GC
1	36208626	8	GA
1	36208687	61	AG
1	36209773	797	CT
1	36209830	57	CT
1	36210062	232	GA
1	36210131	69	TC
1	36211238	395	AC
1	36211352	114	CT
1	36211390	38	GA
1	36211437	47	TA
1	36211502	65	CT
1	36211616	114	TA
1	36212490	175	CT
1	36212533	43	GA
1	36212929	396	GA
1	36213027	98	CT
1	36213230	203	CT
1	36214254	1024	CT
1	36215137	860	GA
1	36215880	743	CT
1	36217573	1693	GT
1	36217685	112	GA
1	36218232	547	GT
1	36218296	64	GA
1	36218300	4	GA
1	36218786	461	CT
1	36218901	115	GA
1	36219004	84	CT
1	36219104	100	CT
1	36219108	4	GA
1	36219520	412	TC
1	36219831	311	GA
1	36220000	169	CT
1	36220002	2	CT
1	36220032	30	AG
1	36220039	7	TC
1	36221642	1023	GA
1	36221670	28	GA
1	36223301	1541	GA
1	36223349	48	CG
1	36223847	469	AG
1	36224260	413	CT
1	36224328	68	GA
1	36225727	1373	GT
1	36226101	333	TC
1	36226424	299	TC
1	36226436	12	AG
1	36226463	27	CT
1	36227368	638	CT
1	36227492	124	CT
1	36227635	143	CA
1	36227731	96	TC
1	36227759	28	CA
1	36227795	36	GA
1	36228127	237	CA
1	36228281	154	GA
1	36229115	785	GA
1	36229213	98	GA
1	36229718	505	GT
1	36229719	1	CA
1	36229804	85	TC
1	36230033	229	AG
1	36230450	417	GA
1	36231353	748	CT
1	36232068	447	CT
1	36232154	86	CT
1	36232351	197	GA
1	36232477	126	CT
1	36232624	147	CT
1	36232635	11	GA
1	36234651	830	TC
1	36234713	62	CT
1	36234968	236	GA
1	36235493	525	GA
1	36236309	324	GA
1	36237114	213	GT
1	36237618	504	GT
1	36237667	49	CT
1	36237883	216	CA
1	36237979	96	CT
1	36238464	194	TG
1	36239111	345	TC
1	36239274	163	CG
1	36239311	37	CA
1	36240351	301	CA
1	36241708	653	TC
1	36241878	170	GA
1	36242038	160	TC
1	36242176	138	CT
1	36242577	350	CA
1	36242590	13	GA
1	36242970	380	TC
1	36243514	544	TC
1	36243597	83	CT
1	36243944	347	GA
1	36243986	42	CT
1	36244330	344	CT
1	36244577	247	GA
1	36245410	239	AG
1	36245643	233	TC
1	36245863	220	AG
1	36246036	173	AG
1	36246215	179	GA
1	36246257	42	AG
1	36246718	461	AT
1	36246914	196	GC
1	36247895	495	GA
1	36248138	243	GC
1	36248321	183	AG
1	36248332	11	GC
1	36248338	6	GA
1	36248412	74	AC
1	36248640	85	CG
1	36248757	117	AT
1	36249221	284	CT
1	36249409	188	TC
1	36249454	45	GA
1	36249781	327	AC
1	36250239	458	TC
1	36250297	58	CT
1	36250441	144	TC
1	36250620	179	CT
1	36250874	254	CT
1	36255743	2515	CT
1	36256262	519	CT
1	36257145	854	CG
1	36257697	552	AG
1	36258686	989	CA
1	36262864	2885	TC
1	36263743	849	GC
1	36267643	2992	CT
1	36270380	1634	TC
1	36270645	265	CT
1	36271365	720	TC
1	36272102	737	CT
1	36276323	4221	GA
1	36277648	810	CT
1	36278814	1166	AG
1	36279536	566	TC
1	36279990	454	GA
1	36280682	350	GA
1	36280840	158	CG
1	36281904	1064	CT
1	36286549	1803	CT
1	36286905	356	TA
1	36287137	232	GA
1	36288215	1078	CT
1	36288295	80	CT
1	36290049	1398	CT
1	36290104	55	CT
1	36290528	424	CA
1	36290596	68	GA
1	36290820	224	TC
1	36290878	58	GA
1	36290980	102	TC
1	36291386	406	GA
1	36292084	698	TC
1	36292263	179	TC
1	36292273	10	GA
1	36295627	2566	GT
1	36304816	7523	AC
1	36305242	426	AG
1	36305320	78	CT
1	36305903	583	AG
1	36305915	12	CT
1	36306602	687	CT
1	36306689	87	CT
1	36306798	109	AG
1	36306959	138	AG
1	36309413	876	GT
1	36310243	830	GA
1	36311458	1215	GA
1	36311960	132	AG
1	36312366	355	CT
1	36312891	525	TC
1	36313033	142	GA
1	36314826	727	CT
1	36315386	560	GC
1	36315527	141	AG
1	36316044	517	GC
1	36316348	304	CT
1	36317809	1461	CT
1	36321828	2784	GA
1	36325688	2677	TC
1	36326287	599	AG
1	36326433	146	TC
1	36326434	1	CT
1	36326449	15	GA
1	36326584	135	GA
1	36327479	435	CT
1	36327483	4	CT
1	36327736	253	GA
1	36327864	128	CT
1	36329520	1113	GA
1	36329847	327	TC
1	36329864	17	TC
1	36332101	981	AT
1	36332895	233	GA
1	36333518	319	TC
1	36333630	112	AG
1	36334443	372	GA
1	36334444	1	CT
1	36335481	944	TC
1	36335530	49	TC
1	36335998	372	GT
1	36340318	3970	TA
1	36340419	101	CA
1	36340466	47	AG
1	36340468	2	CG
1	36340509	41	CT
1	36340999	490	CT
1	36341397	398	GA
1	36341539	142	TA
1	36342281	412	CT
1	36342488	207	CT
1	36342502	14	GC
1	36342806	304	TC
1	36342894	88	GA
1	36342950	56	TA
1	36342952	2	AG
1	36343021	69	CA
1	36343312	291	CT
1	36343534	222	GA
1	36343541	7	GA
1	36343561	20	CT
1	36343706	111	CT
1	36344147	441	GA
1	36344297	150	GC
1	36344558	261	AG
1	36344658	100	CG
1	36344720	62	GA
1	36344843	123	CT
1	36348287	1991	GA
1	36348443	156	TC
1	36351761	2915	GT
1	36352770	1009	TC
1	36360613	6079	CT
1	36360802	189	TG
1	36362091	1143	CT
1	36362161	70	GA
1	36362223	62	GA
1	36366990	4588	GA
1	36371044	3096	CT
1	36371957	833	GA
1	36372099	142	GA
1	36372224	125	GC
1	36375454	1462	CT
1	36375685	231	CA
1	36377406	1053	CT
1	36377591	185	AG
1	36377685	94	AG
1	36377987	302	TG
1	36378002	15	CT
1	36378795	793	CT
1	36379155	360	GA
1	36379300	145	CT
1	36379825	422	GA
1	36380487	662	AT
1	36382028	1423	GA
1	36382051	23	GA
1	36382134	83	GA
1	36384448	1211	TC
1	36384906	458	CT
1	36385950	1044	TC
1	36386676	726	CT
1	36386924	248	GA
1	36388027	531	GC
1	36388232	205	CT
1	36388375	143	TC
1	36388583	208	CT
1	36388621	38	GA
1	36388679	58	GA
1	36389240	202	GC
1	36389346	106	GA
1	36389351	5	TC
1	36389446	95	GA
1	36389696	44	AG
1	36389736	40	CT
1	36389796	60	CT
1	36389811	15	TG
1	36389836	25	GA
1	36390176	340	GC
1	36390529	353	GA
1	36390670	141	GA
1	36390683	13	TC
1	36391652	365	CT
1	36391718	66	GA
1	36391722	4	CA
1	36391808	86	TC
1	36391844	36	CA
1	36391981	137	TC
1	36392307	326	GT
1	36392316	9	GA
1	36392403	87	CT
1	36392477	74	CT
1	36392552	75	TC
1	36392977	396	CT
1	36393152	175	CT
1	36393851	592	CG
1	36393906	55	TC
1	36393965	59	AG
1	36394436	471	CA
1	36394488	52	GA
1	36394532	44	TC
1	36394606	74	GC
1	36394649	43	AC
1	36394654	5	AG
1	36394810	156	AG
1	36395105	295	AG
1	36395489	384	GA
1	36395540	51	TG
1	36395584	44	AG
1	36395708	124	GA
1	36395726	18	CT
1	36396126	212	GA
1	36396421	247	TC
1	36396713	292	AG
1	36396762	49	CT
1	36396779	17	GA
1	36397626	417	GA
1	36397888	262	TC
1	36397979	91	AG
1	36398057	78	GA
1	36398288	231	TC
1	36398466	178	AG
1	36398553	87	TC
1	36398857	304	CG
1	36398868	11	GA
1	36398996	128	GA
1	36399044	48	AG
1	36399093	49	GA
1	36399226	133	TC
1	36399333	107	CT
1	36399334	1	AG
1	36399487	153	GC
1	36399527	40	CT
1	36399543	16	AC
1	36399933	186	GA
1	36400015	82	GA
1	36400043	28	CT
1	36400186	143	GA
1	36400189	3	GC
1	36400391	202	GA
1	36400458	67	AG
1	36400541	83	GT
1	36400613	72	AG
1	36400752	139	GA
1	36400865	113	CT
1	36401057	192	GA
1	36401255	198	GA
1	36401359	104	TC
1	36401675	316	AG
1	36401901	226	TC
1	36402305	404	TC
1	36402417	112	GA
1	36402882	465	GA
1	36403334	452	TC
1	36403358	24	GA
1	36403604	246	CG
1	36403667	63	CT
1	36403700	33	CT
1	36403736	36	TC
1	36404008	172	GT
1	36404224	216	AT
1	36404448	224	CT
1	36404736	288	GA
1	36404834	98	TC
1	36405043	209	GA
1	36405166	65	TC
1	36405333	167	CT
1	36405455	122	GA
1	36405884	429	GA
1	36405911	27	GA
1	36405982	71	CA
1	36405998	16	GA
1	36406422	393	AG
1	36406453	31	CT
1	36406610	157	GT
1	36406732	122	GA
1	36406941	209	CT
1	36407203	218	GA
1	36407223	20	AC
1	36407265	42	GT
1	36407382	117	CT
1	36407430	48	AG
1	36408280	337	AG
1	36408528	16	AG
1	36408590	62	AG
1	36408630	40	TC
1	36408662	32	CG
1	36408674	12	GA
1	36408697	23	GA
1	36408712	15	AG
1	36408728	16	CG
1	36408826	98	CT
1	36408948	122	GA
1	36408949	1	CT
1	36408998	49	CT
1	36409166	168	TC
1	36409290	124	AG
1	36409353	63	GA
1	36409398	45	TC
1	36409527	129	AG
1	36409672	145	TC
1	36409937	265	AG
1	36410547	301	CT
1	36410780	233	TC
1	36412084	1093	TC
1	36412552	468	CT
1	36413390	570	GT
1	36413405	15	AG
1	36413412	7	GA
1	36413637	225	CT
1	36413737	100	GC
1	36413876	139	GC
1	36413931	55	GA
1	36414963	1032	GA
1	36415051	88	TC
1	36415089	38	CG
1	36415150	61	AG
1	36416302	494	TC
1	36416648	346	CT
1	36417124	476	CT
1	36418696	1496	GA
1	36418771	75	TC
1	36418910	139	CT
1	36419288	378	CT
1	36419319	31	AC
1	36419330	11	AG
1	36419407	77	TA
1	36419424	17	TC
1	36419447	23	TC
1	36419566	119	GT
1	36419937	371	GA
1	36420005	68	GA
1	36420084	79	GA
1	36420165	49	GA
1	36420929	231	CT
1	36421025	96	TC
1	36421030	5	AG
1	36421079	49	TC
1	36421320	223	GA
1	36421343	23	TG
1	36421381	38	TC
1	36421407	26	AG
1	36421539	132	CA
1	36421556	17	GA
1	36421566	10	GT
1	36421572	6	CT
1	36421617	45	CG
1	36421974	357	CT
1	36422003	29	CT
1	36422429	426	GA
1	36422448	19	CT
1	36423071	623	GA
1	36423110	39	AG
1	36423234	124	CT
1	36423366	132	TC
1	36423802	436	AG
1	36424027	225	TC
1	36426615	2531	AG
1	36426695	80	GA
1	36426701	6	GA
1	36426708	7	GA
1	36426710	2	GA
1	36426718	8	CT
1	36427473	361	TC
1	36427580	107	TC
1	36428025	88	CT
1	36428460	303	TC
1	36428579	69	CG
1	36428585	6	GT
1	36428653	68	GC
1	36428733	80	TC
1	36428799	66	GA
1	36429037	238	CA
1	36429087	50	TG
1	36429730	288	TC
1	36430483	634	AG
1	36431022	494	GA
1	36431161	139	GA
1	36431182	21	GA
1	36431445	263	GA
1	36431524	79	AG
1	36431550	26	CT
1	36431832	282	CT
1	36431945	113	TC
1	36432529	584	GA
1	36432578	49	CT
1	36435270	2692	CT
1	36435430	160	GA
1	36435730	300	GA
1	36436317	485	CT
1	36437545	983	GA
1	36437763	218	TC
1	36437789	26	AT
1	36437867	78	AC
1	36438237	181	CT
1	36438948	365	CG
1	36439196	248	CT
1	36439198	2	CT
1	36439348	150	TC
1	36440031	461	TC
1	36442810	1465	TC
1	36442811	1	TA
1	36443183	176	GA
1	36443193	10	GC
1	36443656	396	CT
1	36443692	36	GA
1	36443805	113	CT
1	36443856	51	GA
1	36444049	193	CT
1	36444089	40	CT
1	36444238	149	GA
1	36445517	393	GA
1	36445558	41	AG
1	36445722	164	CT
1	36445734	12	TC
1	36445886	152	CT
1	36446072	186	CT
1	36446127	55	CT
1	36446167	40	CT
1	36446378	211	AG
1	36446447	69	CG
1	36446585	138	GC
1	36446607	22	TG
1	36446789	182	CT
1	36446821	32	GC
1	36446946	125	AG
1	36446984	38	CT
1	36447080	96	AC
1	36447173	93	CT
1	36447607	434	TC
1	36447800	193	GT
1	36447807	7	GT
1	36448148	270	GA
1	36448154	6	AG
1	36448361	119	AC
1	36448362	1	GA
1	36448659	213	CT
1	36448667	8	TC
1	36448677	10	AG
1	36448922	164	CT
1	36449674	696	GA
1	36450214	540	GA
1	36450490	276	GA
1	36450512	22	TA
1	36450545	33	GA
1	36450550	5	CT
1	36450598	48	AG
1	36450756	158	AG
1	36450821	65	GA
1	36450837	16	GT
1	36451055	218	GA
1	36451155	100	GC
1	36451241	86	TC
1	36451293	52	CT
1	36451296	3	GA
1	36451406	110	AG
1	36451510	104	AG
1	36451512	2	TC
1	36453035	934	TC
1	36453047	12	TC
1	36453889	822	TA
1	36454122	233	GA
1	36454208	86	CT
1	36454331	123	GA
1	36454573	242	CT
1	36454770	197	TC
1	36455419	273	GA
1	36455420	1	AC
1	36455564	144	GA
1	36455621	57	AG
1	36456572	489	CG
1	36456613	41	TC
1	36457033	420	TC
1	36457102	69	TC
1	36457146	44	CT
1	36458144	773	CG
1	36458207	63	TC
1	36458574	367	AG
1	36458641	67	CT
1	36458702	61	GA
1	36459174	472	GA
1	36459978	761	AC
1	36460150	129	GA
1	36463280	1538	TC
1	36464181	901	GA
1	36464449	268	GA
1	36464699	250	AG
1	36466042	568	TG
1	36466060	18	AG
1	36467447	1315	GA
1	36471443	1832	GA
1	36471806	363	CT
1	36471952	146	TC
1	36472227	275	TC
1	36472272	45	GC
1	36472433	161	CT
1	36472513	80	GA
1	36472684	171	CG
1	36473575	781	GA
1	36473631	56	TC
1	36474509	854	AG
1	36474550	41	GT
1	36478692	4108	GC
1	36483225	4505	AG
1	36484397	832	AG
1	36486807	2378	GA
1	36487856	1049	CT
1	36489869	1861	CT
1	36493675	3262	GA
1	36493887	212	GA
1	36494281	394	GA
1	36496838	2148	GA
1	36497525	687	GA
1	36498519	994	CT
1	36500105	1008	AG
1	36501039	934	CT
1	36501271	232	CT
1	36501339	68	AG
1	36501681	342	GA
1	36501834	153	CT
1	36501847	13	GA
1	36501894	47	TC
1	36501905	11	AG
1	36503941	763	CG
1	36504157	216	GA
1	36504162	5	AG
1	36505171	967	AG
1	36505225	54	CT
1	36505366	141	GA
1	36505671	305	TG
1	36505922	186	CT
1	36506100	178	CT
1	36506384	284	GA
1	36506760	376	AG
1	36507112	352	GT
1	36508099	987	CT
1	36508305	206	TC
1	36509096	738	AG
1	36511558	2230	GA
1	36512606	741	GA
1	36512853	247	GA
1	36512950	62	CT
1	36513322	372	TG
1	36513344	22	CG
1	36513697	324	GA
1	36513751	54	CT
1	36514455	704	GA
1	36515432	874	GA
1	36520691	3622	GA
1	36520934	243	TG
1	36524193	1696	CG
1	36531015	3645	CG
1	36531378	363	GA
1	36535598	4119	AG
1	36544928	7719	CA
1	36551896	2680	GA
1	36570169	9326	GA
1	36577981	4084	AG
1	36581153	1579	GA
1	36581196	43	CT
1	36581395	199	TC
1	36582405	1010	TG
1	36583801	1312	TC
1	36584017	216	GA
1	36585385	480	CT
1	36585935	235	CG
1	36586459	460	GA
1	36586620	161	GC
1	36586664	44	GA
1	36586695	31	GA
1	36587370	337	CG
1	36589454	1930	GA
1	36590293	176	CG
1	36592561	1868	TA
1	36593887	1255	TC
1	36594011	57	CT
1	36594014	3	TC
1	36596662	330	GA
1	36596824	162	GC
1	36596989	165	TC
1	36597522	327	CT
1	36598064	542	GA
1	36598569	236	GA
1	36598766	197	GA
1	36599658	722	CA
1	36602082	1645	GC
1	36602229	147	AT
1	36602310	81	GA
1	36604570	1315	AG
1	36605634	1024	CT
1	36606139	505	AG
1	36606987	574	GA
1	36608579	1536	GC
1	36609294	593	CT
1	36611614	887	AT
1	36611825	211	AG
1	36612659	800	TG
1	36612788	129	GA
1	36612801	13	CG
1	36613883	454	CT
1	36615986	1182	CT
1	36616940	339	GA
1	36618190	392	AT
1	36618324	134	AG
1	36619771	1210	GC
1	36621792	214	GA
1	36622522	730	AG
1	36622565	43	CT
1	36622893	328	CG
1	36626364	3366	TA
1	36627114	750	GA
1	36630417	1883	CT
1	36630714	297	AC
1	36630738	24	CG
1	36631076	338	GC
1	36631253	177	TC
1	36632760	1185	AG
1	36632830	70	AG
1	36632997	167	GA
1	36638442	4934	CT
1	36639031	533	TA
1	36641687	1556	CT
1	36641718	31	AT
1	36641803	85	CG
1	36641898	95	AG
1	36642218	320	AG
1	36643419	677	AG
1	36643608	189	CT
1	36644372	764	TC
1	36644508	136	GT
1	36644623	115	CA
1	36649332	1030	CT
1	36649781	128	CA
1	36650698	493	CT
1	36651772	1074	CT
1	36652288	378	CG
1	36653304	1016	CT
1	36653469	165	CA
1	36653644	175	CG
1	36654095	451	CT
1	36656166	2047	GA
1	36663724	6443	TC
1	36665913	1982	CT
1	36681279	10853	CT
1	36682339	663	CT
1	36689319	6519	GA
1	36690491	1068	GT
1	36692849	1299	GC
1	36696894	3885	AG
1	36699419	2377	AC
1	36700803	1305	TC
1	36703826	2879	GA
1	36703874	48	GA
1	36706251	2183	GC
1	36714288	7782	CT
1	36715066	778	TC
1	36717366	1632	AG
1	36719297	1136	GA
1	36719854	557	TC
1	36720153	122	GA
1	36721892	1631	TC
1	36724527	2544	CT
1	36725060	533	TG
1	36725113	53	TC
1	36727406	2249	GA
1	36729224	1529	GC
1	36729226	2	CG
1	36731707	2106	CA
1	36736371	3043	AG
1	36740251	3254	GT
1	36740264	13	CG
1	36740394	130	CT
1	36740398	4	TC
1	36740643	245	AG
1	36740848	144	AG
1	36740914	66	GA
1	36741014	100	TG
1	36741676	355	GA
1	36742452	776	GA
1	36743245	502	AG
1	36744232	377	AG
1	36744310	78	AG
1	36745235	202	GA
1	36745884	217	GA
1	36748532	1685	CG
1	36750964	964	GC
1	36751708	417	GA
1	36753921	1579	TC
1	36755678	1480	GA
1	36755831	153	GA
1	36755948	117	AG
1	36756017	69	TA
1	36756817	201	CT
1	36757032	215	CT
1	36757135	103	CA
1	36757190	55	GA
1	36757192	2	CT
1	36757346	154	AG
1	36757526	147	CT
1	36757581	55	CA
1	36757729	148	GA
1	36758068	339	TC
1	36758070	2	TC
1	36765178	4081	CT
1	36765710	360	CT
1	36768342	1678	GA
1	36773733	4249	GA
1	36773848	115	TC
1	36774098	214	TC
1	36777522	3080	AG
1	36780970	3448	TC
1	36781615	645	CT
1	36782109	427	AG
1	36783120	978	TC
1	36783149	29	CT
1	36784208	946	TC
1	36798662	12646	GT
1	36799794	1073	GC
1	36800206	412	CT
1	36803096	2848	CT
1	36803360	264	GT
1	36803492	132	GA
1	36803818	326	CT
1	36804068	250	GC
1	36804075	7	CT
1	36804078	3	AG
1	36804612	259	GA
1	36804637	25	GA
1	36806021	425	AT
1	36806150	129	GA
1	36807291	755	TC
1	36808031	740	TC
1	36808377	346	CT
1	36808593	150	GA
1	36809978	502	CT
1	36810359	381	CT
1	36811009	650	GA
1	36811031	22	AC
1	36811133	102	GC
1	36811802	669	GA
1	36812944	697	AG
1	36813173	229	AG
1	36813188	15	TC
1	36813209	21	CT
1	36813218	9	GA
1	36813226	8	CT
1	36813270	44	AG
1	36813328	58	GA
1	36813777	213	TC
1	36813800	23	TC
1	36814318	106	GC
1	36814920	206	TC
1	36814966	46	TC
1	36815031	65	GA
1	36815140	109	AG
1	36815144	4	AG
1	36815396	252	AG
1	36815429	33	TC
1	36815439	10	TC
1	36815602	163	CT
1	36817109	627	AT
1	36817506	104	CT
1	36817525	19	TC
1	36817800	275	GA
1	36817961	23	CT
1	36818143	182	GA
1	36819156	800	AG
1	36819927	771	TC
1	36821535	768	GA
1	36822148	613	CG
1	36822306	158	TC
1	36822392	86	AG
1	36822549	157	GA
1	36822859	310	GA
1	36823714	417	AG
1	36823739	25	TC
1	36824540	646	TC
1	36825486	946	CT
1	36825599	113	AG
1	36826279	680	GA
1	36827383	1104	AG
1	36827595	212	TC
1	36828894	827	GA
1	36828902	8	CT
1	36829319	417	CG
1	36830010	691	CT
1	36830013	3	TC
1	36830100	62	AC
1	36831870	1052	CA
1	36831871	1	CT
1	36833429	1558	TG
1	36834573	836	TC
1	36835037	464	AG
1	36835340	303	AG
1	36836161	686	GA
1	36836445	284	AG
1	36836571	126	GT
1	36836668	97	TC
1	36836809	141	GA
1	36837725	874	GA
1	36838398	407	CT
1	36838419	21	CT
1	36839666	1081	CT
1	36841405	1515	GA
1	36842233	660	AG
1	36842504	156	GA
1	36842759	255	TC
1	36842760	1	GA
1	36844771	1803	CG
1	36852434	7320	CT
1	36874596	18946	TC
1	36874604	8	CT
1	36878480	2252	CT
1	36885391	4718	TC
1	36891497	6072	CT
1	36894128	1909	CT
1	36915435	19793	AG
1	36918352	2917	CT
1	36927982	8741	GA
1	36928208	226	GA
1	36929318	1029	GA
1	36929808	344	TC
1	36931035	1194	CT
1	36934164	2715	GA
1	36934203	39	TC
1	36935274	1071	CT
1	36936237	963	GT
1	36937587	1350	CT
1	36938058	471	CT
1	36938858	404	AG
1	36940617	1759	GA
1	36941509	892	AG
1	36947100	4993	TC
1	36950230	3130	GA
1	36957197	5443	GA
1	36958100	805	GA
1	36958145	45	CT
1	36958552	407	CT
1	36958791	213	TC
1	36959554	426	TC
1	36960021	467	TC
1	36964027	3643	CT
1	36966465	2278	TC
1	36968117	1577	TC
1	36968324	156	AG
1	36969126	802	GC
1	36969841	715	GA
1	36970151	310	CT
1	36972104	1953	GA
1	36972460	356	CA
1	36974449	1036	CT
1	36974637	188	CT
1	36975826	1189	TC
1	36978808	2829	GA
1	36980601	1758	GT
1	36981726	430	AG
1	36982759	1033	GA
1	36982818	59	GA
1	36983287	254	GA
1	36984978	1354	GA
1	36986143	801	GA
1	36986635	492	CT
1	36987107	472	GA
1	36988988	1682	AG
1	36989045	57	GC
1	36989058	13	GA
1	36989059	1	TA
1	36989115	56	CT
1	36989996	526	TC
1	36990634	638	CT
1	36991761	1127	AG
1	36991889	128	GA
1	36992018	129	GA
1	36992749	428	TC
1	36992849	100	CT
1	36993274	425	CT
1	36993575	301	AG
1	36994139	69	GA
1	36994281	142	AG
1	36994913	600	TC
1	36995074	161	AG
1	36995258	184	CT
1	36995311	53	TC
1	36996485	575	GA
1	36997617	1025	GC
1	36998941	1114	GA
1	36999339	60	AG
1	36999937	598	CT
1	37000530	593	CT
1	37000565	35	CT
1	37000654	89	GA
1	37003298	147	GA
1	37004245	947	CT
1	37005319	1074	TC
1	37006034	715	TC
1	37006242	208	CT
1	37008474	1921	TC
1	37009879	1069	CT
1	37009988	109	AG
1	37011786	1302	AC
1	37011855	69	CT
1	37013343	315	CG
1	37013714	317	CT
1	37013916	202	CT
1	37015610	1344	GA
1	37015646	36	CT
1	37019376	1594	GA
1	37019795	419	TC
1	37020751	260	CT
1	37021779	218	TA
1	37021783	4	GT
1	37021920	137	AG
1	37021950	30	GT
1	37022029	79	CT
1	37023417	1388	CT
1	37023521	104	CT
1	37024443	748	CT
1	37024501	58	GA
1	37024742	241	AC
1	37024933	191	AC
1	37024977	44	CT
1	37024992	15	TC
1	37025124	132	TC
1	37025334	210	CT
1	37025403	69	CT
1	37025643	185	TA
1	37025646	3	AG
1	37025683	37	TC
1	37025816	133	GA
1	37026275	23	CG
1	37026276	1	TA
1	37026340	64	TC
1	37026433	93	GC
1	37026442	9	CT
1	37026504	62	TC
1	37026603	99	AC
1	37026632	29	GA
1	37026748	116	CT
1	37027368	471	GA
1	37027395	27	AG
1	37027588	193	GC
1	37027605	17	GC
1	37027637	32	GA
1	37028031	394	CT
1	37028085	54	CT
1	37028567	216	TC
1	37028875	277	CT
1	37029176	204	GA
1	37029329	153	AG
1	37029405	76	CT
1	37030755	936	CT
1	37031212	457	CT
1	37031223	11	TC
1	37031230	7	GA
1	37031443	213	GA
1	37031661	218	TC
1	37031955	294	CT
1	37031960	5	CG
1	37031977	17	AG
1	37032684	707	GA
1	37032714	30	TC
1	37033205	491	AG
1	37033209	4	TC
1	37033466	257	CT
1	37033643	177	TC
1	37033666	23	GA
1	37033670	4	GA
1	37033789	119	TC
1	37036022	1223	TC
1	37038751	1168	GA
1	37039172	421	GA
1	37040006	733	AG
1	37040047	41	AC
1	37040841	794	AG
1	37040850	9	GA
1	37040943	93	GA
1	37040947	4	TA
1	37040987	40	TG
1	37041040	53	CT
1	37042156	325	GA
1	37042261	105	CT
1	37042764	503	CG
1	37043438	674	GA
1	37043815	377	GA
1	37043818	3	CT
1	37044427	609	AG
1	37044460	33	GA
1	37044474	14	TC
1	37044522	48	GA
1	37044526	4	GA
1	37044978	452	CT
1	37045591	613	GA
1	37045778	187	GA
1	37045885	107	CT
1	37046344	345	AT
1	37046962	509	TA
1	37046997	35	GA
1	37047017	20	AG
1	37047177	160	GA
1	37047546	369	TC
1	37047690	144	AG
1	37047952	262	CT
1	37048014	62	GC
1	37048371	357	CT
1	37048384	13	TC
1	37048433	49	GA
1	37048855	422	CT
1	37049601	746	TA
1	37049705	104	GA
1	37049960	255	TC
1	37050730	770	CT
1	37050983	253	GA
1	37051788	805	AG
1	37054033	2226	GA
1	37054917	857	AC
1	37055466	549	TC
1	37056674	980	TA
1	37057459	785	AG
1	37057584	125	GA
1	37057651	67	CT
1	37058824	1173	AC
1	37059276	452	AG
1	37061401	1758	TC
1	37061760	172	TC
1	37063822	2015	TC
1	37064655	833	CT
1	37064668	13	CG
1	37064766	98	CT
1	37064965	199	TC
1	37066229	955	TA
1	37066652	423	AT
1	37066721	69	AG
1	37067461	740	TC
1	37069224	1253	AC
1	37072777	2337	TG
1	37076211	3212	GA
1	37076970	759	CT
1	37077486	516	CT
1	37077614	128	GC
1	37077954	340	AG
1	37079800	1306	CT
1	37080518	718	CT
1	37080839	321	TC
1	37081258	419	CA
1	37083477	2097	GA
1	37083715	238	AG
1	37085256	1541	TC
1	37085327	71	CT
1	37085589	262	CA
1	37086918	1329	AG
1	37086919	1	CT
1	37087232	313	CA
1	37087872	640	GT
1	37087905	33	AG
1	37088401	496	GA
1	37089037	636	AG
1	37090299	615	GA
1	37090509	210	AG
1	37091656	1147	CT
1	37093402	1376	AG
1	37093405	3	CG
1	37093938	533	CT
1	37096464	1378	TC
1	37097615	899	CA
1	37097828	213	CT
1	37098053	225	CT
1	37098064	11	AG
1	37099570	991	TG
1	37099651	81	GT
1	37102934	2521	AG
1	37105408	1528	GA
1	37106060	448	GA
1	37107121	874	CT
1	37109372	1843	CT
1	37109500	128	CT
1	37109633	133	GA
1	37109648	15	GA
1	37110756	395	CT
1	37111167	411	GC
1	37111275	108	TG
1	37112156	562	CT
1	37113197	1041	AG
1	37114995	1296	GC
1	37116177	1182	CT
1	37122248	4409	AG
1	37123094	846	TA
1	37124695	1560	AG
1	37124745	50	TC
1	37125921	797	GA
1	37126867	189	AG
1	37126928	61	AG
1	37126994	66	TC
1	37127028	34	GA
1	37127181	153	GC
1	37127559	106	AG
1	37127787	228	CT
1	37127875	88	CT
1	37128099	224	CT
1	37128678	306	CT
1	37128707	29	CG
1	37128713	6	CT
1	37128731	18	AG
1	37128884	153	CT
1	37129455	571	GA
1	37129574	119	GA
1	37129590	16	GT
1	37131863	1817	CT
1	37132088	225	AG
1	37132882	794	AG
1	37133158	246	CT
1	37133163	5	CG
1	37133284	121	AG
1	37133343	59	GA
1	37133617	274	GC
1	37133937	320	CG
1	37136144	2098	GT
1	37138485	2040	CT
1	37141092	1858	GA
1	37141467	326	AG
1	37143725	2219	GA
1	37144804	1079	CG
1	37145093	289	CT
1	37145637	312	GA
1	37146778	1141	CT
1	37148871	1032	AG
1	37150410	1364	GA
1	37151132	685	TG
1	37152326	1194	CA
1	37153624	1298	AG
1	37153691	67	CT
1	37153792	101	GA
1	37153998	206	AG
1	37154025	27	AG
1	37154519	494	TC
1	37154755	236	TC
1	37155387	632	CT
1	37156134	747	AG
1	37156626	492	GA
1	37157743	1117	AC
1	37158215	472	CT
1	37160560	1389	TC
1	37161501	635	CT
1	37165695	3348	TC
1	37165883	188	TC
1	37168263	1688	AT
1	37169101	838	CT
1	37170800	1699	CT
1	37171007	207	CG
1	37172083	954	GA
1	37173069	986	TC
1	37174533	1464	AG
1	37175302	543	GA
1	37175468	166	TC
1	37178026	2027	GC
1	37178212	120	GA
1	37179004	792	GT
1	37179402	398	TC
1	37180049	647	TC
1	37180655	606	GA
1	37181736	671	CG
1	37181821	85	TG
1	37182003	182	AG
1	37182782	531	CG
1	37183513	457	AG
1	37183623	110	CT
1	37183704	81	GC
1	37183871	167	AG
1	37184308	437	CG
1	37184830	522	GA
1	37184864	34	CT
1	37184896	32	TC
1	37184958	62	CG
1	37185582	624	TC
1	37185595	13	CT
1	37185625	30	GA
1	37185794	169	AG
1	37185867	73	CT
1	37185868	1	AG
1	37186071	203	CT
1	37186480	284	GA
1	37186572	92	GA
1	37186719	147	GA
1	37186843	124	GA
1	37186935	92	GA
1	37187091	156	GA
1	37188149	475	TC
1	37188211	62	CA
1	37188485	274	CT
1	37188625	140	TC
1	37188692	67	AG
1	37189101	409	AC
1	37189194	93	GA
1	37189801	607	AG
1	37193497	3549	AG
1	37195900	2403	GA
1	37200590	4690	GA
1	37217292	14722	CG
1	37217618	326	CT
1	37217719	101	CT
1	37217769	50	CA
1	37217952	183	GA
1	37218022	70	CT
1	37218045	23	AC
1	37218194	149	AT
1	37218495	301	TC
1	37218517	22	CT
1	37218715	198	AC
1	37218900	185	TC
1	37222004	2670	GA
1	37223165	1142	GC
1	37224566	1169	CT
1	37225195	629	GT
1	37225597	402	GA
1	37226299	702	CT
1	37226342	43	CT
1	37226645	303	CA
1	37227746	894	GA
1	37232011	4026	TC
1	37233109	1098	AG
1	37237184	3193	CT
1	37237488	304	CG
1	37237499	11	GA
1	37239645	1616	AC
1	37240297	652	GT
1	37240560	263	GC
1	37241226	666	CT
1	37241471	245	CT
1	37242454	664	CA
1	37242744	290	CT
1	37243790	380	GC
1	37243808	18	AG
1	37243927	119	GC
1	37244460	533	AG
1	37245127	667	AG
1	37245334	207	CT
1	37245964	188	TC
1	37246592	628	AG
1	37246644	52	TC
1	37246899	255	AC
1	37248261	1098	TC
1	37248964	212	AG
1	37249375	283	AG
1	37250150	775	CT
1	37250571	387	TC
1	37253243	2648	TC
1	37253295	52	GT
1	37254754	1459	GA
1	37255614	617	AT
1	37257092	1478	GA
1	37261799	4330	AG
1	37266251	1148	GC
1	37269961	3467	TC
1	37271390	1429	CT
1	37276137	1549	CT
1	37276180	43	AG
1	37276300	120	AG
1	37276690	390	CT
1	37277119	429	TC
1	37277392	273	CA
1	37277496	104	GA
1	37277576	80	CG
1	37277583	7	AC
1	37277823	240	TC
1	37278409	201	TC
1	37278932	523	GA
1	37279026	94	GT
1	37279030	4	GA
1	37279087	57	CG
1	37279114	27	CT
1	37279252	138	CT
1	37279337	85	GA
1	37279842	505	AT
1	37280001	159	AG
1	37280118	117	GA
1	37280214	96	TC
1	37280235	21	AG
1	37280310	75	GA
1	37280931	223	AG
1	37287857	6458	CT
1	37290795	2271	CT
1	37290861	66	TC
1	37291049	188	CT
1	37291105	56	TA
1	37291232	127	CT
1	37293753	2238	AC
1	37293757	4	TC
1	37294993	1236	AG
1	37295160	167	CA
1	37295251	91	GA
1	37297423	2133	CT
1	37297909	486	CT
1	37298065	156	AG
1	37298242	177	CT
1	37298685	443	CT
1	37298966	281	CT
1	37299175	209	TC
1	37299178	3	TC
1	37300085	884	CA
1	37300198	113	GA
1	37300651	453	TC
1	37301151	500	TC
1	37301345	194	TC
1	37301745	400	TG
1	37302013	268	GA
1	37302039	26	TG
1	37302072	33	CT
1	37302208	136	TC
1	37302477	269	TC
1	37302819	168	CG
1	37302835	16	CT
1	37302843	8	AG
1	37303398	555	GA
1	37303768	297	AG
1	37303844	76	CT
1	37320446	11266	CT
1	37356525	32826	TA
1	37359936	3411	CT
1	37364491	4397	GA
1	37366780	2105	AG
1	37377650	10404	TC
1	37382377	4170	AT
1	37385380	2681	TC
1	37387836	2009	GC
1	37388126	290	AG
1	37388132	6	TC
1	37388169	37	TC
1	37388366	197	CG
1	37388670	304	AG
1	37389005	335	TG
1	37390385	1332	AG
1	37392975	2519	GA
1	37394790	1757	TC
1	37395316	526	CT
1	37395464	148	TC
1	37397222	1351	GA
1	37397754	532	AG
1	37400882	3079	TC
1	37401191	309	TC
1	37401243	52	TC
1	37401454	211	GA
1	37401849	395	CA
1	37401984	135	CT
1	37402008	24	AG
1	37402448	440	GA
1	37402776	328	CA
1	37403428	652	TA
1	37403429	1	CT
1	37403497	68	GA
1	37403548	51	GC
1	37403641	93	CT
1	37403672	31	CG
1	37403796	124	CA
1	37403916	120	CA
1	37404081	165	AG
1	37404502	421	CT
1	37405544	1042	AT
1	37405619	75	AG
1	37405647	28	CT
1	37405685	38	CT
1	37406418	733	CT
1	37406572	154	AG
1	37407017	445	GA
1	37407813	646	CT
1	37407859	46	GA
1	37408210	351	GA
1	37408264	54	GA
1	37408996	732	CT
1	37409171	175	GA
1	37409405	82	CT
1	37409424	19	GA
1	37409426	2	GA
1	37409710	284	AC
1	37409917	207	CT
1	37410020	103	GA
1	37410251	231	GT
1	37412383	1214	CT
1	37412515	132	GT
1	37412759	244	CT
1	37412906	147	CT
1	37413148	242	GA
1	37413479	305	CT
1	37415142	1214	CG
1	37415646	504	TC
1	37416358	618	GA
1	37422678	3597	GA
1	37422884	206	CG
1	37423961	1077	CT
1	37424659	698	GA
1	37426526	1867	GA
1	37426542	16	GA
1	37429331	2692	TC
1	37429665	334	CT
1	37429673	8	GA
1	37431972	2021	GA
1	37432017	45	AG
1	37433136	1119	GA
1	37433422	286	GC
1	37434494	1072	TC
1	37437249	2488	TC
1	37437872	623	AC
1	37437960	88	AG
1	37438054	94	TC
1	37438978	924	TC
1	37439100	122	CT
1	37439859	759	CT
1	37441051	1192	CT
1	37441343	292	CT
1	37441768	425	TC
1	37441859	91	GA
1	37441916	57	AG
1	37442558	642	CA
1	37442584	26	AG
1	37442629	45	TC
1	37442716	87	AG
1	37442735	19	TC
1	37443928	1158	GA
1	37445369	1402	GT
1	37448480	3031	GA
1	37451969	3236	CT
1	37455430	2920	GA
1	37455851	421	AG
1	37456313	462	GA
1	37462685	2054	TG
1	37463237	552	TC
1	37463264	27	CT
1	37463947	683	AG
1	37464119	172	CT
1	37464165	46	GA
1	37464176	11	AG
1	37465096	529	TC
1	37465159	63	GA
1	37465320	128	CT
1	37465415	95	CA
1	37465448	33	CT
1	37465715	230	CT
1	37465807	92	CT
1	37465911	104	GA
1	37466204	293	TC
1	37466902	698	TC
1	37466956	54	CA
1	37467267	311	AG
1	37467275	8	AG
1	37467561	286	CT
1	37467567	6	CT
1	37467818	251	TC
1	37467846	28	GA
1	37467919	73	GA
1	37468446	166	GT
1	37468587	141	CT
1	37469292	655	GT
1	37469763	471	CT
1	37469792	29	GA
1	37471175	631	AT
1	37495728	19711	GA
1	37503959	7226	AG
1	37504550	591	GA
1	37504804	254	CG
1	37505256	452	GA
1	37506214	958	CT
1	37507225	580	TC
1	37508280	1055	AG
1	37511348	3068	CT
1	37511428	80	CA
1	37513283	1758	CA
1	37516290	2638	GA
1	37517496	939	GA
1	37520733	1630	TG
1	37521503	317	AT
1	37521734	189	AC
1	37522187	265	CT
1	37522549	362	CT
1	37522564	15	AG
1	37522971	407	AG
1	37523899	881	TC
1	37524049	150	GA
1	37524690	641	CT
1	37524697	7	CT
1	37524946	249	CT
1	37525351	405	AG
1	37525601	250	TG
1	37526474	873	AG
1	37527176	702	AG
1	37528344	1082	GA
1	37528702	358	CT
1	37528956	254	TG
1	37528994	38	AG
1	37529317	323	CT
1	37529423	106	TC
1	37529508	85	CT
1	37529893	385	AG
1	37536651	3423	CT
1	37537963	1312	CT
1	37538398	435	AG
1	37541948	2972	AG
1	37542126	178	TC
1	37542302	176	AG
1	37542337	35	TC
1	37542726	389	CT
1	37542731	5	TG
1	37543327	596	CT
1	37544685	1263	CG
1	37544854	169	TC
1	37546639	1631	AG
1	37546786	147	AG
1	37547071	285	GT
1	37547551	409	TC
1	37547929	378	CT
1	37549003	996	GC
1	37550387	1384	GC
1	37551814	1168	GA
1	37552188	374	GT
1	37552227	39	CT
1	37552232	5	CT
1	37553266	1014	TA
1	37553270	4	CG
1	37553379	109	AG
1	37553390	11	TC
1	37553732	251	TG
1	37554243	417	CG
1	37554802	509	CA
1	37554877	75	CT
1	37556111	91	CT
1	37556187	76	TC
1	37558001	731	GC
1	37558443	49	TC
1	37558813	104	CT
1	37558925	112	TC
1	37559002	77	AG
1	37560092	1090	CT
1	37560677	585	GC
1	37560740	63	GA
1	37560881	141	AG
1	37560992	111	CG
1	37561236	244	CT
1	37561299	63	GA
1	37561366	67	TC
1	37561411	45	GA
1	37561690	170	TA
1	37561695	5	AG
1	37561763	68	TG
1	37561766	3	AG
1	37563949	1345	TC
1	37565075	764	CT
1	37565987	676	CT
1	37566350	363	CT
1	37568025	1341	CG
1	37570022	1997	CT
1	37571522	1500	GA
1	37571605	49	CT
1	37571866	261	CT
1	37573399	1489	CT
1	37577064	3052	CT
1	37578716	1467	GC
1	37579918	1111	CT
1	37582571	2360	GA
1	37601393	16189	CT
1	37602015	622	CA
1	37603814	1480	AT
1	37611016	6397	CT
1	37611753	707	GT
1	37612562	233	CT
1	37620058	6340	GA
1	37623939	3473	CT
1	37624404	465	CT
1	37628864	3784	GA
1	37633358	2821	CT
1	37633850	492	TC
1	37637724	2744	GA
1	37644481	6321	GA
1	37644610	129	CT
1	37646183	1375	GT
1	37650327	3650	GA
1	37650751	424	CT
1	37651012	261	GA
1	37652451	1418	GA
1	37655254	2564	GA
1	37655257	3	TC
1	37655924	419	CT
1	37655931	7	CA
1	37656113	182	CT
1	37656205	92	AG
1	37656945	607	CT
1	37657223	278	AG
1	37657281	58	CT
1	37657370	89	TG
1	37657656	286	GT
1	37657928	272	AG
1	37658985	518	AC
1	37659207	222	TC
1	37659730	523	TC
1	37659790	60	GA
1	37662236	1564	GA
1	37662244	8	GC
1	37662868	624	GA
1	37667824	4604	CT
1	37668004	180	AG
1	37670728	2686	GC
1	37671806	694	CT
1	37672120	314	TG
1	37672310	190	AG
1	37675458	1819	GA
1	37677344	1611	GA
1	37678557	576	GT
1	37678590	33	GA
1	37679090	328	GA
1	37679365	275	CT
1	37679817	400	CT
1	37679819	2	CT
1	37680456	637	TC
1	37680876	420	CT
1	37683056	1816	GA
1	37685649	1925	CA
1	37686791	1142	GT
1	37688762	1942	GA
1	37689479	439	GT
1	37691299	1628	CT
1	37691762	446	CT
1	37691863	101	AG
1	37691876	13	GA
1	37691886	10	CT
1	37692140	254	GA
1	37692186	46	CT
1	37692433	247	AG
1	37693241	599	GA
1	37699889	5151	AG
1	37702469	1760	AG
1	37703476	1007	TC
1	37706059	2010	GT
1	37706962	773	AG
1	37707664	702	AG
1	37708800	1136	GA
1	37708820	20	TC
1	37709778	958	AG
1	37710346	363	AT
1	37711091	745	AT
1	37711120	29	GC
1	37711778	658	CT
1	37714336	1931	CA
1	37714533	197	CT
1	37718591	3337	TG
1	37719261	670	CT
1	37719900	639	CT
1	37720854	468	GA
1	37721119	265	TC
1	37721930	652	GA
1	37724709	2099	CT
1	37725494	481	GT
1	37725737	243	CT
1	37727346	1564	TC
1	37728296	634	CT
1	37728748	452	GA
1	37728968	220	CT
1	37729177	163	AG
1	37730449	1272	GA
1	37731594	1145	GC
1	37732577	983	AG
1	37732846	247	TC
1	37732865	19	CT
1	37733755	890	TC
1	37734098	343	CT
1	37735373	978	GA
1	37736308	935	CT
1	37736673	365	GC
1	37736802	129	TC
1	37737132	330	CA
1	37737817	685	CA
1	37737894	77	AG
1	37738175	281	GA
1	37738453	278	GT
1	37739117	664	GA
1	37739134	17	AG
1	37739643	509	TC
1	37739851	208	GA
1	37740123	272	AG
1	37741412	1255	CT
1	37743472	2026	CT
1	37743518	46	CT
1	37746505	2594	GA
1	37747320	815	CT
1	37751573	3429	CT
1	37754308	1724	AC
1	37755108	571	CT
1	37755124	16	GA
1	37755806	515	GA
1	37757129	1168	TC
1	37757202	73	GA
1	37757208	6	GC
1	37757549	341	TC
1	37758130	581	TC
1	37761215	2513	GA
1	37761701	486	AG
1	37763186	1485	CA
1	37765484	1511	AG
1	37767237	1267	CT
1	37768607	739	CT
1	37771175	2182	AG
1	37771697	414	TC
1	37771772	75	GA
1	37771779	7	CA
1	37772123	344	AG
1	37772317	194	GA
1	37772739	422	AG
1	37773016	277	GT
1	37773260	244	GA
1	37773830	570	AG
1	37774076	246	AT
1	37775251	1153	GC
1	37775309	58	GA
1	37778946	2105	GA
1	37779221	275	GA
1	37779970	424	CT
1	37781474	909	TC
1	37781498	24	CA
1	37781775	277	GA
1	37782015	70	GA
1	37782520	176	CT
1	37782922	402	AG
1	37782925	3	GA
1	37783141	216	TC
1	37783192	51	AG
1	37783218	26	GA
1	37783286	68	TC
1	37783550	264	CT
1	37783726	176	CG
1	37783935	209	TG
1	37783974	39	GA
1	37784005	31	AG
1	37784593	588	AG
1	37784836	243	AC
1	37784837	1	GA
1	37785117	280	GA
1	37785201	84	CA
1	37785799	273	GA
1	37786000	201	CG
1	37786059	59	TC
1	37786239	180	CT
1	37787339	498	CA
1	37788571	1232	GA
1	37788724	153	GA
1	37788862	138	CT
1	37789473	318	CT
1	37789753	280	CT
1	37790106	353	GA
1	37790427	321	TC
1	37792696	1525	AG
1	37793436	740	CA
1	37796179	1593	AG
1	37796494	315	GA
1	37797078	555	GA
1	37797663	499	AG
1	37798452	789	CT
1	37798714	262	AG
1	37800948	1768	GA
1	37804461	3130	CT
1	37806315	1569	AC
1	37806616	301	CG
1	37807846	1230	CT
1	37807915	69	CG
1	37808871	956	CT
1	37813161	4206	GA
1	37813433	272	AG
1	37814978	1420	AC
1	37818589	3322	AG
1	37818590	1	CA
1	37820835	933	AC
1	37822023	876	CG
1	37822264	241	GC
1	37822818	446	CT
1	37823021	168	CT
1	37823983	680	AC
1	37825703	1394	TC
1	37825704	1	CG
1	37825745	41	GC
1	37826137	392	GA
1	37826484	347	TC
1	37826807	323	CT
1	37827422	615	GA
1	37827813	391	CT
1	37827830	17	CT
1	37829753	1923	GC
1	37830003	250	CT
1	37830096	93	GA
1	37830397	301	GA
1	37831264	795	AG
1	37831283	19	CA
1	37833222	1850	TC
1	37833327	105	CT
1	37834141	510	AG
1	37834923	782	TC
1	37834984	61	CA
1	37835016	32	GC
1	37837506	689	CT
1	37837723	136	CA
1	37837759	36	GC
1	37838000	241	CT
1	37839610	1153	CT
1	37839611	1	CG
1	37839698	87	AG
1	37839715	17	CG
1	37840563	848	CT
1	37840589	26	GA
1	37841714	700	CT
1	37844786	1958	TC
1	37844887	101	GA
1	37844952	65	CT
1	37846617	1195	GA
1	37848875	1026	AG
1	37848899	24	GA
1	37848937	38	GC
1	37848970	33	CT
1	37849757	787	GA
1	37850806	731	TC
1	37852502	576	CT
1	37852644	142	AG
1	37853046	402	GA
1	37853082	36	TA
1	37855554	583	CT
1	37855953	399	GA
1	37857490	950	AC
1	37857544	54	CG
1	37858238	694	GA
1	37858921	683	CT
1	37859116	195	CT
1	37863527	3770	TG
1	37865327	1800	TC
1	37866570	1206	GA
1	37866996	426	CT
1	37867282	249	GA
1	37867585	303	GC
1	37870307	2682	GA
1	37870962	655	AG
1	37872577	1615	GC
1	37872863	286	AG
1	37878442	5332	GA
1	37883045	4222	AC
1	37883879	834	AG
1	37884224	345	GA
1	37885864	1357	CG
1	37886555	691	GA
1	37888311	1756	AT
1	37890830	2398	AG
1	37894444	3417	GA
1	37895202	758	AC
1	37897266	2018	CG
1	37899156	1890	CT
1	37900693	1139	CT
1	37900807	114	TC
1	37902475	1343	TC
1	37905605	2751	TC
1	37905680	75	GA
1	37908043	2276	TC
1	37908632	589	CG
1	37909812	1024	GC
1	37917248	7018	CG
1	37920127	2783	TC
1	37921882	1755	GA
1	37922082	200	GC
1	37923284	1202	GA
1	37926874	2651	CT
1	37928855	1956	CT
1	37931453	1850	CT
1	37933647	1803	AG
1	37933824	177	CT
1	37933870	46	GA
1	37936684	1936	GT
1	37936781	97	CT
1	37936796	15	AG
1	37936953	157	TC
1	37937503	155	TA
1	37937582	79	CG
1	37937643	61	TG
1	37938150	507	CT
1	37941005	1036	CT
1	37941165	160	CT
1	37941570	405	AG
1	37942655	1085	AC
1	37943065	410	AG
1	37943121	56	GC
1	37943153	32	AG
1	37943163	10	CT
1	37943259	96	TA
1	37943435	176	TC
1	37944863	1245	TC
1	37946468	1366	AG
1	37947153	491	TC
1	37947185	32	GA
1	37951071	1803	GT
1	37954239	2054	CA
1	37954875	309	AG
1	37954949	74	CG
1	37954977	28	TC
1	37955690	713	CT
1	37955967	277	GA
1	37958106	1559	CT
1	37958155	49	GA
1	37960220	1617	GC
1	37960569	349	GA
1	37961801	797	TC
1	37962581	440	CT
1	37962962	381	GA
1	37963731	769	CT
1	37963947	216	AC
1	37964810	863	AG
1	37966957	2029	TC
1	37966989	32	AT
1	37967264	24	AG
1	37967325	61	CT
1	37969030	1705	AC
1	37969043	13	GC
1	37969917	774	CT
1	37970491	451	CT
1	37974948	4105	GA
1	37978304	3318	GA
1	37982866	980	TC
1	37984253	1387	CT
1	37985096	843	CT
1	37985367	271	CT
1	37986106	739	GA
1	37986449	343	TA
1	37986983	534	GA
1	37988414	1329	GA
1	37988681	267	AG
1	37989140	459	GA
1	37989160	20	CT
1	37989595	435	CT
1	37991089	1494	CT
1	37991757	668	GC
1	37991876	119	TC
1	37992644	705	CG
1	37992662	18	GA
1	37992705	43	GC
1	37992765	60	CT
1	37993348	583	AC
1	37997095	3198	TG
1	37997169	74	AG
1	37997284	115	CT
1	37997410	126	TC
1	37998092	394	GT
1	37998803	674	GT
1	37999052	209	TC
1	37999290	238	AT
1	37999325	35	AG
1	37999945	284	CT
1	38010889	2605	AT
1	38012353	713	GC
1	38012368	15	TC
1	38012421	53	CA
1	38012901	480	TC
1	38012935	34	CG
1	38013008	73	CA
1	38013106	98	GA
1	38013141	35	AG
1	38013440	214	CT
1	38014114	674	CT
1	38014307	153	CT
1	38014400	93	GA
1	38014541	141	TC
1	38014710	169	AG
1	38014879	169	AG
1	38015441	562	TC
1	38018803	3010	TC
1	38019124	321	CT
1	38019359	235	CT
1	38019737	359	CT
1	38020019	242	CT
1	38020558	110	TC
1	38023503	2515	GA
1	38023699	196	CT
1	38024120	421	TC
1	38025244	1124	GC
1	38026667	804	GA
1	38026845	178	GC
1	38027235	390	TC
1	38027260	25	GA
1	38027429	169	CT
1	38027469	40	TC
1	38027546	77	CG
1	38027804	258	CA
1	38028025	221	GA
1	38028084	59	CT
1	38029059	700	GA
1	38029752	429	GA
1	38030958	250	GA
1	38031598	329	TG
1	38031846	186	CT
1	38032488	609	CG
1	38032881	393	CT
1	38032886	5	CA
1	38032928	42	AG
1	38033141	213	TC
1	38033274	133	TC
1	38033305	31	GA
1	38033603	103	GA
1	38033688	85	CT
1	38034212	524	CT
1	38035108	496	CA
1	38036425	1289	GA
1	38036512	87	GA
1	38036958	426	AG
1	38037806	344	GA
1	38037831	25	GT
1	38037897	66	GA
1	38037996	99	AG
1	38038037	41	CT
1	38038239	202	GA
1	38038378	139	GT
1	38038385	7	CT
1	38038542	38	TC
1	38038652	110	CT
1	38038672	20	CT
1	38038816	144	GA
1	38038817	1	TG
1	38038915	98	GA
1	38038956	41	GA
1	38039029	73	CT
1	38039103	74	GA
1	38039135	32	TC
1	38039464	329	GT
1	38039504	40	CG
1	38039690	186	CT
1	38039771	81	CT
1	38039807	36	AC
1	38039839	32	CG
1	38039891	52	CG
1	38039896	5	CG
1	38039899	3	CT
1	38040216	317	CT
1	38040234	18	CT
1	38040250	16	CG
1	38040287	37	CT
1	38040352	65	GC
1	38040356	4	TG
1	38040386	30	CT
1	38040538	152	GA
1	38040603	65	GA
1	38040605	2	AG
1	38040686	81	GA
1	38040805	119	CT
1	38041223	418	GT
1	38041986	763	GA
1	38042011	25	GC
1	38042017	6	CT
1	38042127	110	GA
1	38042294	167	GC
1	38042612	318	CT
1	38043366	656	CT
1	38043410	44	GA
1	38043478	68	CT
1	38043798	134	CT
1	38043801	3	TC
1	38043882	81	CT
1	38043913	31	AC
1	38043963	50	GA
1	38044005	42	TC
1	38044030	25	CT
1	38044059	29	GA
1	38044944	258	GA
1	38045006	62	CT
1	38045034	28	CT
1	38046602	1016	CT
1	38046844	242	GA
1	38048016	635	GA
1	38048523	507	CT
1	38050335	1290	CT
1	38051544	1209	CT
1	38051665	121	GC
1	38052158	493	AC
1	38053682	1285	AG
1	38053689	7	GA
1	38056499	2515	CT
1	38057858	1000	TA
1	38058145	287	AG
1	38058469	324	GA
1	38059276	807	TC
1	38059733	276	GA
1	38059866	133	CG
1	38059868	2	CT
1	38060303	143	GA
1	38063683	2142	AG
1	38064082	399	GA
1	38066609	2490	CG
1	38067602	993	CT
1	38069007	1371	GC
1	38071226	1519	GA
1	38071227	1	TG
1	38071772	280	TC
1	38071838	66	AG
1	38072245	407	GA
1	38072376	131	AG
1	38072545	169	GA
1	38072547	2	AG
1	38072646	99	CA
1	38072691	45	TC
1	38072989	298	AG
1	38073018	29	CT
1	38073568	550	TC
1	38073626	58	CA
1	38073643	17	CT
1	38073683	40	CT
1	38073732	49	CT
1	38073736	4	TC
1	38074197	461	CA
1	38076336	978	CT
1	38076349	13	AG
1	38077398	1011	GA
1	38077495	97	GA
1	38083399	3638	GA
1	38083603	204	CT
1	38085268	1156	GA
1	38086160	892	CT
1	38089212	2509	TC
1	38089627	415	AG
1	38089665	38	TC
1	38089984	319	GC
1	38090152	168	TG
1	38090161	9	GA
1	38090211	50	TC
1	38090243	32	GA
1	38091193	495	CT
1	38092362	605	TC
1	38092434	72	GA
1	38093522	1063	TC
1	38094029	507	AG
1	38094998	874	GA
1	38099033	3908	AG
1	38099130	97	TA
1	38099357	227	CT
1	38099476	119	GA
1	38100500	970	TC
1	38101769	654	TC
1	38101859	90	GA
1	38101880	21	CT
1	38102379	266	TC
1	38102798	419	AG
1	38102812	14	TC
1	38102882	70	CT
1	38102981	99	GA
1	38103036	55	TC
1	38103159	123	TC
1	38104535	1166	GA
1	38104983	448	GT
1	38104995	12	CT
1	38105007	12	GA
1	38105018	11	AG
1	38105175	92	TA
1	38105187	12	CT
1	38105193	6	AG
1	38105248	55	AG
1	38105282	34	TC
1	38105483	201	GA
1	38105527	44	GA
1	38105642	115	CT
1	38105819	177	AC
1	38105876	57	AG
1	38106044	168	CA
1	38106156	112	GC
1	38106188	32	CT
1	38106479	291	GA
1	38106509	30	CT
1	38107978	1469	AG
1	38108036	58	AG
1	38108041	5	GA
1	38108079	38	GC
1	38108096	17	GA
1	38108113	17	GC
1	38108183	70	TC
1	38108426	243	AG
1	38108441	15	TC
1	38108560	119	TC
1	38108561	1	GA
1	38108639	78	GA
1	38108653	14	GA
1	38108657	4	CT
1	38108791	134	CT
1	38108803	12	CG
1	38109429	626	CG
1	38109467	38	CT
1	38109625	158	TG
1	38109795	170	CT
1	38109857	62	AG
1	38109875	18	CT
1	38109926	51	GA
1	38109985	59	TC
1	38110628	606	GA
1	38110699	71	GA
1	38110708	9	GA
1	38110717	9	GA
1	38110850	133	GA
1	38110855	5	CT
1	38111133	278	CT
1	38111230	97	CT
1	38111652	422	CT
1	38112264	394	AG
1	38112556	292	GA
1	38112748	192	TC
1	38112939	191	CA
1	38113011	72	GA
1	38113202	191	CT
1	38113218	16	AG
1	38113232	14	CT
1	38113693	461	AG
1	38114367	653	CT
1	38115685	1318	GA
1	38116291	606	CT
1	38116537	246	CT
1	38116880	27	CT
1	38117135	53	GA
1	38117144	9	CT
1	38117183	39	GA
1	38117235	52	AG
1	38117245	10	GA
1	38117251	6	GC
1	38117466	75	GC
1	38117478	12	CT
1	38117735	64	GA
1	38117739	4	GT
1	38117761	22	GA
1	38117796	35	GA
1	38117890	94	AG
1	38118252	55	TC
1	38118268	16	TC
1	38118345	77	CT
1	38118355	10	GA
1	38118603	23	GA
1	38118644	41	GA
1	38118912	268	CT
1	38119572	576	TC
1	38119768	196	GT
1	38119813	45	AG
1	38120056	243	GA
1	38120149	93	CT
1	38120167	18	GA
1	38120189	22	TC
1	38120246	57	AG
1	38120387	141	CT
1	38120445	58	CT
1	38120496	51	AG
1	38120501	5	CT
1	38120504	3	AT
1	38120573	69	CT
1	38121128	365	GT
1	38121156	28	CT
1	38121887	456	CT
1	38121902	15	CT
1	38121928	26	TC
1	38121956	28	CG
1	38121961	5	CT
1	38122451	199	GA
1	38122613	162	TC
1	38122795	182	AG
1	38123003	208	CT
1	38123101	98	CT
1	38123139	38	CT
1	38123149	10	CG
1	38123273	124	CT
1	38123312	39	AC
1	38123334	22	GA
1	38123369	35	CT
1	38123454	85	AG
1	38123476	22	GA
1	38123479	3	TC
1	38123530	51	GA
1	38123534	4	CT
1	38123549	15	GA
1	38123668	119	GT
1	38123769	101	AG
1	38124083	314	GA
1	38124475	392	AG
1	38124893	418	CG
1	38125170	277	AG
1	38125436	266	AG
1	38126277	724	CT
1	38126569	292	AT
1	38126751	182	GA
1	38126776	25	GA
1	38127948	1172	GA
1	38130041	1758	GC
1	38132622	2073	GC
1	38132692	70	GA
1	38132850	158	AG
1	38133346	283	CT
1	38134125	779	TC
1	38134400	275	CT
1	38134841	441	AG
1	38136549	1277	CT
1	38137735	1186	GA
1	38138579	563	CT
1	38139453	828	TC
1	38139942	489	AG
1	38140028	86	GA
1	38140604	576	CT
1	38141587	864	CT
1	38142361	548	CT
1	38144699	1833	CT
1	38145415	464	TC
1	38148762	2388	TC
1	38150190	1428	AG
1	38150760	570	TC
1	38154305	3446	CT
1	38159309	2905	AG
1	38160212	652	GA
1	38163972	3091	AG
1	38164264	292	CT
1	38164634	370	AG
1	38164952	318	CT
1	38165078	126	AG
1	38169166	3521	GT
1	38171690	2180	CT
1	38174805	2609	CT
1	38175145	340	CT
1	38176668	1523	CT
1	38176683	15	TG
1	38176711	28	AG
1	38177512	248	TC
1	38177586	74	CT
1	38177632	46	GA
1	38177710	78	CT
1	38177717	7	AG
1	38177843	126	CT
1	38177903	60	TC
1	38177910	7	TA
1	38177943	33	CT
1	38178116	173	GC
1	38178174	58	GT
1	38178513	339	TC
1	38178581	68	AG
1	38178643	62	CG
1	38178794	151	GA
1	38179112	211	CT
1	38179205	93	GA
1	38179223	18	AG
1	38179493	270	GA
1	38180408	634	TC
1	38181570	430	GA
1	38181592	22	AG
1	38181979	387	CT
1	38182125	146	AG
1	38182135	10	AG
1	38182285	150	GA
1	38182441	156	CT
1	38182993	552	GA
1	38183220	227	CT
1	38183221	1	GT
1	38184378	982	AG
1	38184798	420	CA
1	38184844	46	TA
1	38185072	228	CT
1	38185412	340	AG
1	38185458	46	AG
1	38185492	34	GA
1	38185557	65	AG
1	38186153	596	CG
1	38186212	59	AG
1	38186671	459	CT
1	38186842	171	GA
1	38186925	83	GA
1	38186965	40	TC
1	38187077	112	CT
1	38187171	94	CT
1	38187320	149	TC
1	38187636	259	CT
1	38187640	4	CG
1	38187815	175	TG
1	38187981	166	CT
1	38188117	136	CT
1	38188118	1	AG
1	38189508	795	CT
1	38189698	190	AG
1	38189846	148	AG
1	38190017	171	CT
1	38190217	200	CT
1	38190388	171	AG
1	38190726	338	CT
1	38191074	348	GC
1	38191325	251	CG
1	38191364	39	CT
1	38191491	127	TC
1	38191832	341	TC
1	38192044	212	AG
1	38192099	55	GA
1	38192137	38	GC
1	38192423	286	TC
1	38192427	4	AG
1	38192452	25	TA
1	38192669	217	GA
1	38193522	810	GA
1	38193583	61	GA
1	38193840	257	CT
1	38194001	161	AC
1	38194016	15	CG
1	38194072	56	CT
1	38194073	1	TG
1	38194678	231	GA
1	38194738	60	CT
1	38194742	4	CT
1	38194787	45	GT
1	38194970	183	TC
1	38195012	42	CT
1	38195025	13	GA
1	38195234	209	CT
1	38195332	98	CT
1	38195335	3	GA
1	38195350	15	GA
1	38195378	28	TC
1	38195390	12	GA
1	38195479	89	TC
1	38195487	8	CT
1	38195590	103	GA
1	38195761	171	GC
1	38195804	43	CA
1	38195837	33	CT
1	38195884	47	CG
1	38196032	148	TC
1	38196086	54	TC
1	38196289	142	TC
1	38196361	72	GA
1	38196490	129	AG
1	38196937	447	TC
1	38197000	63	AG
1	38197102	102	CG
1	38197233	131	CT
1	38197289	56	GA
1	38197691	365	TC
1	38197902	211	GC
1	38197926	24	GA
1	38197990	64	CT
1	38198732	742	CT
1	38199226	455	CT
1	38199422	196	CT
1	38200224	728	CA
1	38200812	542	CA
1	38201591	779	AC
1	38201773	182	AG
1	38202540	683	AG
1	38202692	152	TG
1	38202722	30	CT
1	38204872	1526	TC
1	38205038	166	TC
1	38205299	211	GA
1	38205796	249	GA
1	38205844	48	CT
1	38206926	690	GA
1	38208425	662	GA
1	38208539	114	CT
1	38209240	203	GA
1	38209605	365	GA
1	38209801	196	CT
1	38209979	178	TC
1	38210190	211	TC
1	38210240	50	CG
1	38210247	7	TC
1	38211499	1066	GA
1	38211804	305	CT
1	38212408	456	CT
1	38212461	53	TC
1	38212627	166	CA
1	38213003	376	AC
1	38213066	63	CG
1	38213219	153	AC
1	38213725	506	CT
1	38215158	1271	GA
1	38215674	516	CT
1	38215955	246	GA
1	38216853	340	GA
1	38217340	487	GA
1	38218158	788	CT
1	38218315	157	CG
1	38219699	1057	CT
1	38220129	430	CT
1	38223674	2736	TC
1	38224071	397	GA
1	38227524	2011	TC
1	38227549	25	AG
1	38227849	300	AG
1	38227876	27	CA
1	38227988	112	GA
1	38228763	742	GC
1	38229080	317	GT
1	38229258	178	CT
1	38229329	71	AG
1	38229397	68	TC
1	38230472	1075	AG
1	38230642	170	CT
1	38231023	381	GA
1	38231357	334	GA
1	38231796	439	AG
1	38231857	61	AG
1	38232013	156	GA
1	38232040	27	GA
1	38232232	192	AG
1	38232487	255	GA
1	38232499	12	TC
1	38232646	147	AG
1	38232853	207	CG
1	38234428	948	GC
1	38234718	290	AG
1	38235053	335	CT
1	38236115	1019	CT
1	38236862	408	TC
1	38237020	158	AG
1	38237863	843	GC
1	38240086	1618	GA
1	38240881	795	CT
1	38241174	293	CT
1	38242505	891	GA
1	38242973	468	GA
1	38243829	802	TC
1	38243904	75	CA
1	38247673	3560	CG
1	38247756	83	CT
1	38248557	801	GA
1	38248890	333	CT
1	38249576	350	TA
1	38251136	1255	GA
1	38251907	771	GA
1	38252078	171	CT
1	38253659	1581	CG
1	38254454	795	TC
1	38254542	88	CT
1	38255467	925	GA
1	38256259	792	TC
1	38256727	468	CG
1	38257264	537	AG
1	38258146	502	CT
1	38261405	2821	CT
1	38261549	144	CT
1	38262189	618	AG
1	38262939	597	GA
1	38267644	3424	CT
1	38270275	2602	GA
1	38272244	771	AC
1	38277265	2380	CT
1	38279911	2362	AC
1	38281679	1466	CT
1	38284115	1477	TC
1	38284243	128	TC
1	38284460	217	TC
1	38284470	10	CT
1	38284540	70	AG
1	38284933	393	GA
1	38284956	23	AG
1	38285216	260	AG
1	38285402	186	CT
1	38285649	247	AG
1	38286407	509	GA
1	38286960	553	CT
1	38287485	525	AG
1	38287689	204	GA
1	38288572	883	TC
1	38289813	1241	CT
1	38290021	208	AT
1	38290397	376	TC
1	38290405	8	TC
1	38291349	944	GA
1	38291483	134	TC
1	38291867	334	CG
1	38292318	451	AG
1	38292422	104	GA
1	38293149	727	CT
1	38293792	643	AT
1	38296171	657	AG
1	38297687	1516	GA
1	38300108	2347	CG
1	38300206	98	CT
1	38300383	177	AG
1	38301962	1485	GA
1	38302844	882	TC
1	38303226	382	GC
1	38303454	228	GA
1	38305805	2157	GC
1	38307769	1964	GA
1	38308324	555	AC
1	38309401	1077	AG
1	38309794	365	CT
1	38309985	191	GA
1	38311611	1578	AG
1	38311753	142	CA
1	38311872	119	CT
1	38312313	441	CT
1	38312762	423	CG
1	38315901	3021	CT
1	38315909	8	CT
1	38317218	540	GA
1	38319618	1813	CT
1	38319703	85	AG
1	38319851	148	GA
1	38320073	222	GA
1	38320367	294	CG
1	38320394	27	GA
1	38325729	5113	CT
1	38325922	193	CT
1	38327991	1859	TC
1	38328623	632	CT
1	38332059	3371	GC
1	38332902	809	GA
1	38333445	543	CT
1	38338031	2897	GT
1	38338061	30	CT
1	38340185	2124	CT
1	38341476	1291	TG
1	38342244	768	TC
1	38342308	64	GA
1	38342601	293	AG
1	38342769	168	TC
1	38343191	422	GA
1	38344215	944	AG
1	38344225	10	CT
1	38345653	1428	GA
1	38350354	4504	CT
1	38351687	1309	AG
1	38352102	415	CG
1	38352598	496	TG
1	38353229	613	CT
1	38353583	172	TA
1	38354743	1160	CA
1	38355030	287	CT
1	38355063	33	CA
1	38355173	110	GA
1	38356271	1098	GA
1	38356465	194	AG
1	38357151	615	GC
1	38358663	1512	CT
1	38358681	18	CT
1	38358785	104	TC
1	38359130	197	GA
1	38360046	916	GC
1	38360069	23	GA
1	38360208	139	GA
1	38361557	1299	TC
1	38361840	283	GA
1	38362162	322	AG
1	38362213	51	CT
1	38362901	688	TC
1	38362902	1	CT
1	38364258	771	GA
1	38364499	241	AC
1	38364622	123	TG
1	38365355	670	CA
1	38369000	3535	AG
1	38379745	6328	CG
1	38394122	11261	CA
1	38396267	1831	GC
1	38403611	5765	TC
1	38407107	2383	CT
1	38407790	646	CA
1	38409650	767	GA
1	38412539	2237	GT
1	38412638	99	AC
1	38414222	1584	CT
1	38414792	570	GA
1	38417069	723	CG
1	38417420	351	AG
1	38418974	1120	CT
1	38420999	378	AG
1	38421300	301	GA
1	38422653	374	GC
1	38423556	903	GC
1	38424039	483	CT
1	38426687	1677	CT
1	38427215	528	CT
1	38428370	694	GA
1	38429145	775	TC
1	38431349	1347	CT
1	38431947	598	TC
1	38433617	1502	CA
1	38433690	73	CG
1	38434154	464	CT
1	38434159	5	CT
1	38434160	1	AG
1	38434163	3	TC
1	38434764	601	AG
1	38438142	604	GT
1	38438855	76	TC
1	38438886	31	GT
1	38439977	338	CT
1	38440083	106	CT
1	38440084	1	GA
1	38440361	277	CA
1	38440567	206	TC
1	38441081	473	AG
1	38441292	211	TC
1	38441448	156	CT
1	38441519	71	TC
1	38441856	337	TC
1	38442076	220	TC
1	38442175	99	TA
1	38442395	220	GA
1	38442676	281	CT
1	38442737	61	TC
1	38442761	24	TC
1	38443421	308	GA
1	38444797	959	GA
1	38444893	96	CG
1	38445090	197	CA
1	38445674	584	GA
1	38445918	88	AG
1	38445927	9	GA
1	38446064	137	TC
1	38446107	43	AG
1	38447245	810	GA
1	38447466	221	CT
1	38448408	942	CT
1	38448420	12	CT
1	38451006	2228	CT
1	38451269	263	CT
1	38452055	786	TA
1	38452496	441	TG
1	38452742	246	CT
1	38452772	30	AG
1	38453000	228	GA
1	38453116	116	AC
1	38453854	738	CT
1	38454308	454	GA
1	38456131	1823	GA
1	38456498	367	GC
1	38458480	1568	TC
1	38458618	138	TG
1	38458782	164	CT
1	38458833	51	GA
1	38458918	85	AG
1	38458960	42	AG
1	38459038	78	AC
1	38460239	1201	CA
1	38460354	115	GA
1	38461709	1355	GA
1	38461750	41	CT
1	38462948	846	AG
1	38463333	385	GT
1	38463371	38	CG
1	38463562	191	TA
1	38464282	720	GA
1	38464384	102	AG
1	38464795	411	AG
1	38465005	68	GA
1	38465121	116	TC
1	38465238	117	GA
1	38465492	254	GA
1	38465674	182	AG
1	38465848	174	CT
1	38465906	58	TA
1	38466021	115	CT
1	38466966	491	GA
1	38466979	13	CA
1	38467129	150	GT
1	38467250	121	TC
1	38467702	452	TC
1	38467725	23	TG
1	38468428	623	CT
1	38468715	287	TC
1	38468753	38	AG
1	38468755	2	GA
1	38469073	318	TC
1	38469091	18	GT
1	38470346	1225	GA
1	38470526	180	AG
1	38470702	176	GA
1	38470896	161	CA
1	38470913	17	TC
1	38471369	431	CT
1	38471383	14	AG
1	38471535	152	CT
1	38471639	104	GC
1	38473309	1226	AG
1	38474229	920	AT
1	38474702	473	CT
1	38475715	761	AG
1	38477564	968	AT
1	38477577	13	AG
1	38477728	151	GA
1	38478171	409	TG
1	38479314	826	GC
1	38479517	203	CT
1	38479537	20	GT
1	38480213	676	GA
1	38481088	875	CG
1	38481313	225	CG
1	38481880	567	CG
1	38482284	404	TC
1	38482655	371	AG
1	38483238	583	TC
1	38483256	18	GA
1	38483561	305	AG
1	38483784	223	TC
1	38486576	2035	GA
1	38489030	1560	CT
1	38492996	3478	AG
1	38495166	1585	CT
1	38497759	2593	TG
1	38498440	681	GC
1	38498696	256	CA
1	38500693	1789	TG
1	38507908	6572	GA
1	38508955	975	CT
1	38511582	2627	TC
1	38512063	167	GC
1	38512937	796	TC
1	38513521	388	GA
1	38515410	1509	AT
1	38517698	2210	AT
1	38519375	1402	GA
1	38519924	549	GA
1	38523913	3198	GA
1	38525857	1913	GC
1	38526464	607	GC
1	38526479	15	CT
1	38531132	4393	TC
1	38531568	358	AG
1	38531883	315	AC
1	38532581	698	TC
1	38532807	226	TG
1	38533470	663	AG
1	38533606	136	TC
1	38533729	123	TA
1	38536835	1449	TC
1	38536873	38	AG
1	38536934	61	CG
1	38536958	24	CA
1	38539773	1649	GA
1	38558303	340	AG
1	38562483	3188	GA
1	38568430	2337	GA
1	38568466	36	GA
1	38568940	474	GC
1	38568985	45	GC
1	38569035	50	GA
1	38570336	1301	GC
1	38571858	1522	AG
1	38572439	581	GC
1	38572562	123	CA
1	38572662	100	GA
1	38573328	666	GA
1	38573329	1	AG
1	38573447	118	AG
1	38573625	178	CT
1	38573824	199	AC
1	38574169	345	CT
1	38574275	106	CG
1	38574677	402	TC
1	38574712	35	TC
1	38575816	764	AG
1	38576126	310	GT
1	38576502	376	TC
1	38576513	11	GA
1	38576967	454	CT
1	38577040	73	CT
1	38579202	2137	TC
1	38579647	445	CT
1	38580360	598	GA
1	38580965	605	AG
1	38581136	171	GA
1	38581548	412	GA
1	38581787	239	GA
1	38582568	98	TC
1	38582572	4	CT
1	38582584	12	CT
1	38582731	147	GT
1	38582737	6	GC
1	38582794	57	GC
1	38583116	322	AT
1	38583576	412	TG
1	38583674	98	AT
1	38585633	476	AG
1	38585763	130	GA
1	38586103	245	CT
1	38586584	327	GC
1	38588177	1031	CG
1	38588207	30	AG
1	38588351	144	TC
1	38588756	405	GA
1	38588820	64	CT
1	38589241	421	CT
1	38589359	118	GA
1	38589464	105	AG
1	38589526	62	TC
1	38589582	56	AG
1	38590462	880	AG
1	38591818	1264	GA
1	38592846	977	CT
1	38594376	1008	CT
1	38595532	1156	CT
1	38595538	6	GA
1	38595615	77	GT
1	38596722	759	TA
1	38596905	183	TC
1	38597493	588	TC
1	38597714	221	CT
1	38598043	329	CG
1	38598057	14	TC
1	38598952	895	TC
1	38600184	1025	TC
1	38602109	1905	GC
1	38604026	1660	CT
1	38605710	1452	TC
1	38605996	286	CT
1	38608755	1104	GA
1	38609104	22	GA
1	38609420	316	TG
1	38609704	284	TC
1	38610112	408	GA
1	38610638	526	AG
1	38610884	246	AC
1	38613029	2145	CT
1	38613716	687	AG
1	38615495	1312	AG
1	38615832	337	CT
1	38616420	588	GA
1	38618466	1966	CT
1	38619056	590	GA
1	38620199	1143	TC
1	38621025	826	GA
1	38621587	562	CA
1	38623419	1832	CG
1	38625603	1833	TC
1	38626496	893	CT
1	38626777	281	CT
1	38628929	2124	AG
1	38629192	263	CT
1	38631300	2050	TC
1	38636750	4461	CT
1	38637095	345	AG
1	38637367	272	GA
1	38637760	371	GT
1	38637774	14	CT
1	38642088	3817	GA
1	38643813	1725	CT
1	38644490	677	GA
1	38644639	149	CT
1	38646178	1468	CG
1	38646732	554	CT
1	38648593	1861	CG
1	38648803	210	GA
1	38648850	47	CT
1	38650101	1049	CT
1	38655296	1786	GA
1	38655856	560	CT
1	38661510	4731	GA
1	38661566	56	GA
1	38662856	1160	GC
1	38663155	299	CT
1	38663974	819	AG
1	38665261	1253	TC
1	38665816	555	CT
1	38666082	266	CG
1	38666929	847	CT
1	38668022	764	TC
1	38668717	695	CT
1	38669586	802	TC
1	38670638	1052	CT
1	38670955	317	AG
1	38671658	703	GA
1	38673549	1891	CT
1	38673911	362	GA
1	38674354	443	GA
1	38675600	1246	TC
1	38676346	746	CT
1	38677147	801	TC
1	38677246	99	AG
1	38677749	503	CA
1	38677846	97	TC
1	38679011	967	CT
1	38679037	26	CT
1	38679976	939	TC
1	38681386	1410	TC
1	38683836	2450	TG
1	38686362	2217	CT
1	38687618	1181	AT
1	38689193	1536	GA
1	38690055	862	CT
1	38694935	4880	GA
1	38695808	873	CA
1	38698269	1158	GA
1	38698291	22	GA
1	38699507	1066	GA
1	38699931	424	AG
1	38700129	198	AG
1	38700339	210	AG
1	38701201	862	GT
1	38701270	69	CA
1	38701341	71	GA
1	38702934	1198	GA
1	38703171	237	GA
1	38703877	706	TC
1	38704139	262	GA
1	38704252	113	GA
1	38704527	275	CT
1	38704667	140	AG
1	38705987	879	TC
1	38706281	294	GA
1	38706830	549	GA
1	38707753	550	GT
1	38709372	1619	GA
1	38709565	193	GT
1	38710330	765	AC
1	38710520	190	GA
1	38710526	6	GC
1	38712338	1766	CT
1	38712508	170	GC
1	38712979	471	CT
1	38714866	1700	AT
1	38715207	341	GA
1	38715265	58	GA
1	38715886	621	CT
1	38715913	27	TC
1	38716140	227	GA
1	38716378	238	AG
1	38717058	680	GA
1	38718463	1405	AG
1	38719294	831	GA
1	38719637	343	CA
1	38719745	108	AG
1	38720584	839	GA
1	38721051	467	TC
1	38721365	314	GA
1	38721376	11	AG
1	38721397	21	GA
1	38721886	489	AG
1	38722286	400	GA
1	38722312	26	TC
1	38722325	13	TG
1	38722384	59	GA
1	38722604	220	CT
1	38724800	2196	AG
1	38724999	199	AC
1	38726892	1806	AG
1	38727244	352	GA
1	38727331	87	CA
1	38727812	481	TC
1	38729791	1979	GA
1	38730940	663	TC
1	38730946	6	GC
1	38731500	254	AG
1	38731733	233	AG
1	38731751	18	AG
1	38732289	538	GA
1	38732334	45	TG
1	38732348	14	TG
1	38732381	33	GA
1	38732443	62	GC
1	38732603	160	GA
1	38732945	249	CT
1	38732955	10	TC
1	38732975	20	CT
1	38734170	1195	CT
1	38734196	26	GA
1	38735012	816	CT
1	38735060	48	GA
1	38735463	39	AG
1	38735584	121	GA
1	38735943	359	GC
1	38736327	384	AG
1	38736411	84	GA
1	38736541	130	CA
1	38736642	101	AG
1	38736869	153	GA
1	38736961	92	CG
1	38738526	1474	CT
1	38738719	193	CT
1	38738880	161	GA
1	38738926	46	TC
1	38739886	960	CT
1	38741356	1298	CT
1	38742747	1186	CA
1	38743273	526	GT
1	38744330	1057	GT
1	38746119	1789	TC
1	38747148	769	GC
1	38747228	80	GA
1	38752439	2207	CT
1	38753047	608	GC
1	38754529	1482	CT
1	38755239	710	CT
1	38755426	187	GA
1	38756257	831	AT
1	38756941	684	CT
1	38756994	53	CT
1	38757035	41	CT
1	38757096	61	AG
1	38757307	211	TC
1	38758066	727	CT
1	38759413	1347	GA
1	38759753	299	CT
1	38765593	5428	GC
1	38766600	1007	CT
1	38766935	335	CT
1	38767070	135	CT
1	38767438	368	TC
1	38772725	4683	TG
1	38773309	584	TC
1	38774104	795	CT
1	38776703	2296	CG
1	38777079	376	CT
1	38778241	1162	CG
1	38780316	2075	AG
1	38782985	1414	CT
1	38783201	216	AG
1	38783581	380	GA
1	38785190	1537	TC
1	38786018	808	AG
1	38786792	774	AG
1	38787327	535	CT
1	38788166	839	TC
1	38788463	297	AG
1	38789281	818	GC
1	38789460	179	GA
1	38792955	3495	CT
1	38793196	241	TC
1	38796060	2301	AG
1	38797487	899	TC
1	38799758	2164	TC
1	38799898	140	GA
1	38801478	1528	TC
1	38802792	1314	TC
1	38803302	510	AG
1	38804283	981	CT
1	38811020	6678	TC
1	38814037	3017	CT
1	38814331	294	CT
1	38814645	314	GT
1	38815563	822	CT
1	38815894	331	CT
1	38816492	598	CG
1	38817526	1034	CT
1	38817658	132	TC
1	38817815	157	GA
1	38817994	179	AG
1	38818337	343	TC
1	38818727	390	TC
1	38819948	1221	CT
1	38820216	268	CT
1	38823206	2906	TC
1	38826655	3449	CT
1	38829230	2575	CT
1	38831212	1982	GC
1	38835830	4495	GA
1	38837815	1985	GT
1	38837816	1	CT
1	38838767	922	CT
1	38839808	923	CT
1	38843404	3596	CT
1	38848721	5216	AC
1	38850649	1731	CA
1	38852320	1627	AG
1	38867868	12962	CT
1	38869485	1617	GT
1	38871156	1593	AG
1	38871266	110	GA
1	38874773	3220	GA
1	38876191	893	CT
1	38876701	510	CT
1	38877174	473	CT
1	38877447	273	GA
1	38879833	2386	AG
1	38882673	2505	AG
1	38885866	3133	CT
1	38885929	63	GA
1	38887199	1270	AG
1	38888181	982	GA
1	38888319	138	AG
1	38889850	1531	TA
1	38891929	1935	GA
1	38893285	1294	GA
1	38895316	2031	AG
1	38897031	1715	GA
1	38899764	557	AG
1	38901435	1646	CT
1	38901573	138	CA
1	38901916	343	GA
1	38902002	86	GC
1	38902578	576	GA
1	38909008	6308	GA
1	38911076	2068	CG
1	38911602	526	CT
1	38911662	60	GA
1	38912018	356	AG
1	38912495	477	CT
1	38912817	322	TC
1	38913534	717	TC
1	38913603	69	TC
1	38917211	3557	GA
1	38917322	111	TC
1	38917361	39	AC
1	38917720	359	TC
1	38918060	340	TC
1	38919382	1322	GA
1	38920389	1007	GA
1	38923460	2692	CT
1	38924042	582	CT
1	38929484	5401	CT
1	38930509	1025	CA
1	38932327	1587	GA
1	38932610	283	CT
1	38936193	1759	AG
1	38936531	338	CT
1	38939265	2640	GC
1	38941011	1746	GC
1	38941527	516	CT
1	38941601	74	GA
1	38941609	8	CT
1	38942138	483	GA
1	38946119	3589	AT
1	38946224	105	GA
1	38947190	966	AG
1	38951462	3467	AG
1	38953567	2105	GA
1	38954504	801	CT
1	38954676	90	CT
1	38955418	742	AG
1	38955604	186	AG
1	38955697	93	CT
1	38957304	1430	GA
1	38958358	699	TC
1	38958636	231	CT
1	38958894	258	CT
1	38959826	482	AC
1	38961358	406	GT
1	38961422	64	TC
1	38961478	56	CT
1	38961801	323	CT
1	38961915	114	AG
1	38962055	140	GA
1	38965922	3223	CT
1	38966160	238	AG
1	38966545	251	CT
1	38966588	43	GA
1	38966724	136	GT
1	38967071	347	GA
1	38967149	78	GC
1	38967340	191	CT
1	38968534	1194	GT
1	38969269	735	CT
1	38972647	2761	GC
1	38973243	554	GA
1	38973474	231	CT
1	38974325	851	GA
1	38976291	1871	TC
1	39011705	29194	CG
1	39040073	22851	CT
1	39047510	7361	CT
1	39086767	38321	CT
1	39170017	72248	AG
1	39195709	22141	CT
1	39195877	168	GA
1	39309385	93121	GA
1	39318707	7013	CT
1	39328841	9881	CA
1	39349238	18696	GA
1	39358483	8453	CT
1	39368025	8538	CT
1	39378576	5186	GC
1	39404722	19721	CT
1	39441502	32573	GC
1	39444707	2950	CT
1	39462187	14095	CT
1	39464268	1887	GT
1	39464741	442	GA
1	39475626	10629	TC
1	39516450	35891	AG
1	39527152	9233	CT
1	39527571	419	CT
1	39529912	2341	CT
1	39531539	1627	CA
1	39531871	332	CT
1	39532510	639	CT
1	39533129	619	GA
1	39533908	779	CT
1	39534055	147	TC
1	39535578	1523	CT
1	39537092	1495	TG
1	39544426	3867	TC
1	39548994	1088	CT
1	39562646	11862	CT
1	39566659	3976	GA
1	39570850	4076	CA
1	39573025	2175	GA
1	39574052	1027	CG
1	39575114	1062	CT
1	39575348	234	CT
1	39576329	752	AG
1	39576471	142	CT
1	39576905	353	GA
1	39576976	71	GA
1	39577553	577	CT
1	39577843	290	GA
1	39579597	1073	GA
1	39580667	1070	GC
1	39581038	371	GA
1	39581065	27	CT
1	39581239	174	CT
1	39587177	3086	GA
1	39590071	2138	AG
1	39590106	35	GA
1	39590315	209	GC
1	39590487	172	TC
1	39590670	183	AG
1	39591527	857	GC
1	39592469	942	CT
1	39593445	196	CT
1	39593447	2	GC
1	39593749	302	CT
1	39593755	6	GA
1	39600713	2473	AG
1	39600821	108	CT
1	39600841	20	GA
1	39601357	105	GC
1	39603109	1752	AG
1	39608946	2727	GA
1	39609993	420	CG
1	39614729	3351	TC
1	39616954	1783	AG
1	39617593	391	AT
1	39617774	181	CT
1	39618222	448	CT
1	39619298	1076	CT
1	39620333	786	GA
1	39620348	15	GA
1	39620590	242	AG
1	39621345	755	AG
1	39621706	361	TC
1	39622049	343	GA
1	39623697	533	GT
1	39627350	2124	CG
1	39628206	530	AG
1	39630086	1563	GA
1	39631478	1331	GA
1	39632052	574	TC
1	39632212	160	GA
1	39632893	681	CT
1	39633683	473	AG
1	39634529	736	AG
1	39634920	391	GT
1	39635858	938	GA
1	39636054	196	GA
1	39638936	2314	CA
1	39642050	1678	CT
1	39644289	2122	TG
1	39646722	1240	GA
1	39648847	1574	AG
1	39651765	1400	GA
1	39651998	233	AT
1	39652084	86	GA
1	39652732	648	GT
1	39656285	2951	GA
1	39656871	586	GA
1	39657040	169	GA
1	39657743	398	CT
1	39658088	345	CT
1	39658802	624	GA
1	39662517	2571	GA
1	39665698	1403	CT
1	39669570	3840	CT
1	39670782	142	AG
1	39672575	1513	GT
1	39673399	824	CT
1	39673518	119	AG
1	39674283	765	GA
1	39674956	276	CT
1	39750284	64172	TC
1	39785176	25560	CT
1	39791316	5470	GT
1	39808619	11556	GA
1	39825684	11484	GA
1	39831129	5142	CT
1	39835922	4727	CG
1	39866298	24139	CT
1	39866370	72	TG
1	39866788	418	TC
1	39867219	431	GA
1	39867234	15	CA
1	39867299	65	CT
1	39881482	12141	GA
1	39894517	10407	CT
1	39894520	3	GA
1	39902962	7411	AG
1	39954633	30979	CT
1	39982649	19456	GA
1	40048196	48196	GT
1	40052950	4453	TC
1	40054081	1049	GA
1	40054307	226	CT
1	40054678	371	GA
1	40055341	663	AG
1	40055531	190	GC
1	40055567	36	GC
1	40057169	1260	CT
1	40057248	79	CT
1	40057290	42	AC
1	40058303	1013	CT
1	40058362	59	CG
1	40059044	682	CT
1	40060207	988	TC
1	40060369	162	AG
1	40060870	462	CT
1	40061939	905	AG
1	40062746	774	GA
1	40068096	3872	GA
1	40069815	1533	CT
1	40070618	803	CT
1	40070619	1	GA
1	40072907	2218	AG
1	40073738	831	AG
1	40073887	149	CT
1	40075437	1506	GT
1	40077508	1781	GA
1	40077610	102	GC
1	40077632	22	TA
1	40081023	2242	CT
1	40081286	239	GA
1	40083612	2292	TC
1	40083759	147	CT
1	40083894	135	CT
1	40084158	264	AG
1	40084354	196	CT
1	40084379	25	GA
1	40084553	174	TC
1	40084574	21	CA
1	40084641	67	CT
1	40084645	4	GA
1	40084718	73	TC
1	40085145	392	CT
1	40085159	14	AG
1	40085228	69	AG
1	40085442	214	TC
1	40087023	1581	GA
1	40088022	740	AG
1	40088082	60	TC
1	40088230	148	CT
1	40088479	249	AG
1	40088813	334	CT
1	40088913	100	TC
1	40088990	77	GA
1	40089539	549	TC
1	40089760	221	TC
1	40090220	460	AC
1	40090297	77	CT
1	40090645	251	TC
1	40090652	7	TC
1	40090784	132	GA
1	40090791	7	CT
1	40090799	8	CG
1	40090940	141	GA
1	40091081	141	CT
1	40091104	23	CT
1	40091261	157	GA
1	40091342	81	CT
1	40091366	24	TC
1	40091727	96	GA
1	40092165	438	TC
1	40092957	315	TG
1	40092958	1	CA
1	40092970	12	GA
1	40092986	16	CT
1	40093121	135	GA
1	40093159	38	CT
1	40093279	120	GA
1	40093731	452	AC
1	40093936	205	TC
1	40094309	373	GA
1	40094723	346	CT
1	40094738	15	TC
1	40094750	12	GA
1	40094842	92	TC
1	40094968	126	AG
1	40095331	363	GC
1	40095420	89	AG
1	40095441	21	CT
1	40095558	117	AG
1	40095821	263	GA
1	40095925	104	CT
1	40095950	25	CG
1	40097255	138	GA
1	40097298	43	TA
1	40097311	13	TC
1	40097321	10	AC
1	40097406	85	CT
1	40097436	30	CG
1	40097438	2	AG
1	40097682	244	CT
1	40098036	354	CT
1	40098101	65	CT
1	40098110	9	TC
1	40098258	148	GC
1	40098517	259	AG
1	40098996	479	GC
1	40099027	31	AG
1	40099114	87	CG
1	40099140	26	TC
1	40099141	1	GA
1	40099163	22	GC
1	40099497	334	TC
1	40099525	28	CT
1	40099647	122	TC
1	40099669	22	AG
1	40099687	18	TC
1	40101367	339	GA
1	40102264	595	CT
1	40103786	1411	GA
1	40122120	11674	TC
1	40123974	319	CA
1	40124938	261	GA
1	40126493	281	AG
1	40126602	109	AC
1	40127312	222	GA
1	40127685	5	TG
1	40127768	83	CT
1	40128156	388	TC
1	40128294	138	CT
1	40133075	3812	AC
1	40133477	91	AG
1	40136057	1372	CG
1	40143371	4262	GC
1	40143378	7	GC
1	40150780	4784	AG
1	40151038	151	CT
1	40151422	384	AC
1	40156391	4571	CT
1	40161187	2937	CT
1	40164612	2739	AG
1	40165063	451	AT
1	40165237	127	GA
1	40167031	1561	TG
1	40167474	346	AG
1	40167810	287	CT
1	40167905	95	TC
1	40167961	56	AG
1	40168188	227	GA
1	40168378	190	TC
1	40168384	6	GA
1	40168639	189	TC
1	40168654	15	TC
1	40168756	102	TC
1	40169662	152	TC
1	40169749	87	CA
1	40169935	151	CT
1	40169984	49	GA
1	40170062	78	CT
1	40171110	1048	AG
1	40171193	83	CG
1	40171554	361	CA
1	40171808	159	CT
1	40172835	1027	TC
1	40172930	95	GA
1	40173541	611	TC
1	40173980	308	CT
1	40174515	535	CG
1	40175049	534	TC
1	40175100	51	GC
1	40175139	39	CT
1	40175491	321	GA
1	40176009	518	TG
1	40176168	159	GC
1	40176249	81	TC
1	40176487	238	TG
1	40176493	6	TC
1	40176776	283	TA
1	40176819	43	CT
1	40176942	123	CG
1	40177025	83	GA
1	40177724	699	CT
1	40177819	95	AG
1	40177857	38	GA
1	40178753	896	GT
1	40178843	90	GA
1	40179059	216	GC
1	40179299	240	TG
1	40179607	308	TG
1	40183231	2954	GC
1	40183284	53	GA
1	40184042	758	CT
1	40184937	895	TC
1	40185924	895	GA
1	40186817	893	GT
1	40187629	812	AG
1	40187703	74	TG
1	40190857	2888	GA
1	40192077	1220	CT
1	40192925	507	GA
1	40193617	692	AG
1	40193829	212	CT
1	40194300	471	CT
1	40194610	310	GA
1	40195100	490	GA
1	40195969	869	GT
1	40196156	187	TG
1	40197152	996	TC
1	40197944	792	CG
1	40198302	358	GA
1	40198402	100	AG
1	40198476	74	CT
1	40198693	217	AG
1	40199027	275	CT
1	40199634	607	GC
1	40199671	37	CT
1	40199891	220	CT
1	40200568	677	GA
1	40205728	4800	GT
1	40209221	2911	GT
1	40210086	865	AG
1	40210308	222	TC
1	40210796	488	GT
1	40211072	276	AC
1	40211670	580	GA
1	40212148	478	TC
1	40212161	13	AG
1	40212317	156	GA
1	40212894	577	CT
1	40213712	818	CG
1	40214699	964	GT
1	40214999	300	GA
1	40216498	1018	CT
1	40216660	118	CT
1	40216937	277	TC
1	40217429	40	CT
1	40217604	175	GA
1	40217632	28	TG
1	40217644	12	CT
1	40218030	386	CT
1	40220785	2755	TC
1	40221142	357	GA
1	40222153	1011	CA
1	40222249	96	AG
1	40222735	312	TC
1	40246208	14361	GA
1	40248344	2136	GC
1	40250045	1428	TC
1	40250145	100	CT
1	40250153	8	TC
1	40250689	177	CT
1	40250699	10	GA
1	40256253	4410	AG
1	40257138	609	AG
1	40258560	930	AG
1	40260900	2031	CT
1	40264986	2600	GA
1	40267947	1574	AG
1	40267955	8	CA
1	40268626	671	CT
1	40271699	1470	AG
1	40271790	91	TC
1	40272638	806	GT
1	40272828	190	AG
1	40273272	444	GT
1	40273309	37	CT
1	40274050	352	AG
1	40274141	91	TC
1	40275323	918	GA
1	40275635	145	CG
1	40275680	45	CT
1	40275898	218	CA
1	40276590	496	CT
1	40278093	1462	TC
1	40278215	122	GC
1	40278455	240	TC
1	40278876	421	TG
1	40278993	117	AG
1	40279676	287	GA
1	40279797	121	GA
1	40280078	281	TG
1	40280294	216	AG
1	40280438	144	CT
1	40280824	386	AG
1	40281667	546	TA
1	40283522	1588	TC
1	40283530	8	GA
1	40283531	1	AT
1	40284026	495	TA
1	40284710	684	AG
1	40284722	12	GA
1	40284958	236	CT
1	40286569	1574	GC
1	40286911	152	CT
1	40287284	373	AC
1	40290277	1632	CA
1	40290559	242	GA
1	40292141	1582	AG
1	40292247	106	TC
1	40293648	769	AG
1	40296604	1953	AG
1	40296995	391	AC
1	40297693	698	AC
1	40300013	1086	TC
1	40300421	309	TG
1	40300932	344	TC
1	40300955	23	CT
1	40301256	154	GC
1	40301646	189	CT
1	40301982	336	CA
1	40302160	178	AC
1	40302298	138	CA
1	40302366	68	CT
1	40302427	61	AG
1	40302607	180	AC
1	40302652	45	AT
1	40302741	89	TC
1	40303406	630	TC
1	40303456	50	CT
1	40303728	272	TC
1	40303775	47	TC
1	40303896	121	CT
1	40304301	242	AC
1	40304419	7	TC
1	40304464	45	TC
1	40305095	495	AG
1	40305742	187	AC
1	40305818	76	CG
1	40306028	210	CA
1	40306150	122	CT
1	40306683	235	AC
1	40306738	55	TC
1	40306895	157	TC
1	40307101	206	TC
1	40307321	220	AG
1	40307857	214	TC
1	40307976	119	GA
1	40308113	137	CT
1	40308390	277	CA
1	40308813	423	GA
1	40308981	168	AT
1	40308982	1	AT
1	40311695	518	GA
1	40311793	98	CT
1	40311838	45	TA
1	40313099	477	CA
1	40328446	1165	TC
1	40329619	1015	CG
1	40329748	129	CA
1	40329925	177	TC
1	40330775	850	GA
1	40332009	1234	TC
1	40332046	37	GA
1	40333140	444	AT
1	40333732	248	CA
1	40334006	274	AG
1	40334653	647	GT
1	40340290	415	CT
1	40340848	186	CA
1	40345717	3106	GT
1	40345885	168	GT
1	40345928	43	CG
1	40346164	236	AC
1	40347206	922	GA
1	40347802	316	CT
1	40347913	111	AC
1	40347992	79	CT
1	40348296	304	AG
1	40348867	571	CT
1	40356751	3016	CA
1	40357341	590	AT
1	40363718	2927	TC
1	40369557	2697	GA
1	40373799	3150	GC
1	40375117	1318	TC
1	40385446	4974	GA
1	40397981	10849	TC
1	40398774	571	TC
1	40400479	477	TC
1	40401558	897	AC
1	40402076	481	GA
1	40402111	35	AG
1	40402748	637	CA
1	40403705	340	CT
1	40404665	156	AG
1	40404846	181	AG
1	40404874	28	AG
1	40404961	87	CT
1	40404985	24	TC
1	40405030	45	CG
1	40407164	289	GA
1	40407418	254	AG
1	40407870	452	TG
1	40408703	793	GC
1	40409083	380	AT
1	40410185	368	TC
1	40410437	252	AG
1	40419554	5461	AG
1	40419648	94	CT
1	40423155	895	CG
1	40424929	1268	GA
1	40426837	1476	GA
1	40427388	420	GC
1	40427527	139	GA
1	40429208	1240	GC
1	40431900	1851	GC
1	40432086	186	TC
1	40433842	1276	GC
1	40435497	1350	AC
1	40435519	22	AG
1	40435595	76	GA
1	40436130	482	TC
1	40437211	343	TC
1	40437394	183	TC
1	40438620	1008	AG
1	40438686	66	TC
1	40439064	240	GA
1	40439155	91	TC
1	40439199	44	CT
1	40439280	81	CT
1	40439851	329	TC
1	40441538	885	CT
1	40441677	139	TC
1	40442034	357	TC
1	40442061	27	CT
1	40442986	865	CT
1	40444278	853	GT
1	40446480	1235	GA
1	40447182	449	CA
1	40447335	153	GA
1	40448819	511	GA
1	40450406	1129	GA
1	40450737	331	AC
1	40451063	326	CT
1	40451142	79	GA
1	40451263	121	CT
1	40453236	878	GA
1	40453628	349	CT
1	40454284	451	GA
1	40454362	78	GA
1	40454466	104	CT
1	40455299	334	CT
1	40455317	18	GA
1	40455500	183	CA
1	40456416	503	AG
1	40456856	440	GT
1	40459275	1771	GA
1	40459427	152	GA
1	40459844	308	GT
1	40460116	272	GA
1	40460247	131	GT
1	40461710	688	CG
1	40463613	1241	AG
1	40463672	59	CG
1	40463706	34	AG
1	40463783	77	CT
1	40464042	259	GT
1	40466440	1663	GT
1	40466530	90	AG
1	40466566	36	AG
1	40466684	118	CT
1	40466712	28	TC
1	40467710	669	CT
1	40468141	98	TC
1	40469589	578	GA
1	40469601	12	GA
1	40469602	1	GA
1	40469608	6	GC
1	40469802	34	GA
1	40470068	121	CT
1	40470105	37	CT
1	40470302	197	AG
1	40471625	896	GA
1	40471639	14	GA
1	40473118	418	GA
1	40473974	52	GC
1	40475052	1026	GA
1	40476304	1014	GA
1	40478270	1482	GA
1	40478436	166	GT
1	40478920	484	GC
1	40478922	2	TG
1	40479881	618	GA
1	40483385	1796	GA
1	40483805	420	CT
1	40484949	815	TC
1	40485895	314	CT
1	40485915	20	GA
1	40486448	225	AG
1	40488391	1349	CA
1	40489005	161	AG
1	40489453	227	GA
1	40489509	56	GC
1	40489515	6	CT
1	40489779	264	TC
1	40490662	415	GA
1	40490668	6	GA
1	40492105	786	AG
1	40492769	239	TC
1	40492807	38	GA
1	40493245	438	AG
1	40493629	384	AG
1	40493679	50	AG
1	40493839	160	TC
1	40496428	2496	CT
1	40497325	659	GT
1	40497339	14	GC
1	40497363	24	GA
1	40497540	177	AG
1	40497721	181	CA
1	40498323	602	GA
1	40499660	875	AT
1	40501143	1096	TC
1	40501338	195	AG
1	40503362	1857	GA
1	40503438	76	CT
1	40503762	233	TC
1	40504044	282	GA
1	40509904	4582	CT
1	40515644	4025	GT
1	40516747	503	CT
1	40519247	2145	GA
1	40523333	2606	AT
1	40530610	6057	TC
1	40530679	69	GA
1	40531513	834	CT
1	40532325	430	AG
1	40542009	3660	CT
1	40542759	446	CT
1	40544193	1434	GA
1	40545190	997	CT
1	40546592	842	AG
1	40546676	84	TC
1	40546809	133	GA
1	40547063	254	CA
1	40547073	10	AT
1	40547226	153	CT
1	40547290	64	AG
1	40547605	315	GA
1	40548020	415	CT
1	40548347	327	CT
1	40548441	94	TC
1	40561980	3122	CT
1	40562172	192	GA
1	40567937	2960	GA
1	40569592	249	CT
1	40569813	221	AC
1	40569836	23	AG
1	40569886	50	GA
1	40570604	239	GT
1	40570710	106	TC
1	40570848	138	TC
1	40570855	7	GC
1	40571945	794	TC
1	40572459	514	TC
1	40573339	139	CT
1	40573468	129	GA
1	40574543	1048	TC
1	40574614	71	TC
1	40574976	222	AG
1	40574981	5	CT
1	40575149	168	AG
1	40575311	162	TC
1	40575594	231	GC
1	40575839	245	TC
1	40575921	82	GA
1	40576216	274	GA
1	40576631	415	TC
1	40576672	41	TC
1	40576673	1	GA
1	40577365	473	AG
1	40577651	136	AG
1	40578386	471	CG
1	40578516	130	AG
1	40578546	30	GA
1	40578793	247	AG
1	40579602	809	CT
1	40580969	1281	GA
1	40581507	538	GT
1	40583175	1668	AG
1	40587391	3660	CG
1	40587393	2	TG
1	40587512	119	AC
1	40588022	510	AG
1	40588175	129	GT
1	40588657	457	AT
1	40590402	1036	GA
1	40591642	1240	CT
1	40591664	22	TC
1	40591722	58	CT
1	40592840	524	TC
1	40593156	316	GA
1	40597197	3390	AC
1	40597866	628	TG
1	40598400	534	CA
1	40601680	2402	GA
1	40606525	4248	AG
1	40606529	4	GC
1	40607660	1011	TC
1	40607796	136	CT
1	40607947	151	TC
1	40607966	19	TA
1	40608025	59	GA
1	40608152	127	TC
1	40608549	397	GC
1	40609009	188	GA
1	40609259	250	GA
1	40609279	20	CT
1	40609479	200	GA
1	40609520	41	TC
1	40609525	5	AG
1	40609636	111	GC
1	40609641	5	TC
1	40609717	76	GC
1	40609780	63	CT
1	40610031	65	CT
1	40610201	170	TC
1	40610880	679	TC
1	40611419	539	GA
1	40611913	494	CT
1	40611931	18	TC
1	40612032	71	CT
1	40612781	558	TC
1	40612786	5	AT
1	40613385	410	GC
1	40613552	167	GT
1	40614030	478	TC
1	40614465	435	CT
1	40614566	101	TC
1	40614567	1	GA
1	40614811	216	AG
1	40615033	222	AG
1	40615400	162	TG
1	40615437	37	TC
1	40615506	69	GA
1	40615516	10	AG
1	40615658	142	CT
1	40615676	18	CG
1	40615865	189	CT
1	40616007	142	GA
1	40616289	282	CT
1	40616393	104	GA
1	40616476	83	GA
1	40616480	4	TG
1	40617246	512	GC
1	40617290	44	AG
1	40617644	307	GT
1	40617708	64	CG
1	40617710	2	GA
1	40617716	6	CT
1	40617767	51	AG
1	40617856	89	TG
1	40617886	30	CT
1	40617928	42	TC
1	40618082	154	GA
1	40618110	28	CT
1	40618182	72	TC
1	40618201	19	GA
1	40618316	115	GT
1	40618366	50	AG
1	40618411	45	AG
1	40618939	476	CT
1	40619310	371	CT
1	40619319	9	CT
1	40619324	5	CT
1	40619983	659	AG
1	40620415	432	GA
1	40621410	889	CT
1	40621598	188	CT
1	40622397	799	AG
1	40622478	46	TC
1	40622482	4	AG
1	40623045	563	AG
1	40623302	45	GA
1	40623339	37	CT
1	40623460	121	CT
1	40623536	76	CG
1	40624502	927	AG
1	40624873	67	AG
1	40624910	37	CA
1	40624998	88	GT
1	40625013	15	GA
1	40625098	85	TC
1	40628439	3277	GT
1	40628776	179	GA
1	40628802	26	AG
1	40630059	1117	GA
1	40634725	3493	TC
1	40634734	9	TG
1	40635497	214	CT
1	40636132	539	GA
1	40636175	43	AG
1	40636177	2	GA
1	40636263	86	TG
1	40636305	42	CT
1	40636359	54	CA
1	40636410	51	TA
1	40636460	50	CT
1	40636625	165	TC
1	40636901	168	GA
1	40637181	88	GC
1	40637270	89	CT
1	40640612	2264	CT
1	40641845	242	GA
1	40643201	1014	AC
1	40643519	200	CT
1	40643863	344	AG
1	40648289	2548	CT
1	40650465	1467	AG
1	40650579	114	CG
1	40650583	4	CA
1	40650584	1	AG
1	40650705	121	CG
1	40650706	1	TG
1	40650798	92	AG
1	40650866	68	GA
1	40650933	67	GC
1	40650962	29	GA
1	40651168	206	GA
1	40651798	630	AG
1	40651818	20	TC
1	40652008	115	CT
1	40652208	200	AG
1	40652231	23	AG
1	40652264	33	CA
1	40652401	25	CT
1	40652429	28	GA
1	40653109	680	CT
1	40653233	124	AC
1	40653473	240	CA
1	40654541	1068	GA
1	40654600	59	CT
1	40655083	483	TC
1	40655150	67	CT
1	40655537	387	CT
1	40656159	622	CT
1	40656339	180	GT
1	40656374	35	GA
1	40656386	12	CT
1	40656705	319	CT
1	40656989	284	GA
1	40657405	416	AG
1	40657525	120	GA
1	40657567	42	CT
1	40657765	198	TG
1	40657863	98	AG
1	40658007	144	CA
1	40658095	88	CT
1	40658286	191	CA
1	40658425	139	GA
1	40660006	1022	GA
1	40660025	19	AG
1	40660132	107	TC
1	40660151	19	TC
1	40660362	211	GA
1	40660390	28	CG
1	40660438	48	CG
1	40660486	48	AC
1	40660521	35	TC
1	40660734	213	CT
1	40660924	190	GT
1	40661386	209	CT
1	40661398	12	CT
1	40661654	214	GA
1	40661839	185	AG
1	40662113	274	TC
1	40662137	24	GA
1	40662200	63	CT
1	40662503	224	AC
1	40662688	185	AG
1	40662751	63	TC
1	40663617	522	AC
1	40663823	206	AG
1	40663980	157	AG
1	40664001	21	GA
1	40664795	413	TC
1	40664877	82	GA
1	40665043	166	TC
1	40665132	89	GA
1	40665927	795	CT
1	40666278	351	CT
1	40670535	3817	CT
1	40672303	1581	CT
1	40672352	49	GA
1	40673811	1259	CG
1	40673872	61	CT
1	40673954	82	TG
1	40674673	719	GA
1	40675540	806	CT
1	40675945	405	AG
1	40676151	206	CT
1	40676154	3	CT
1	40676400	246	AG
1	40676410	10	CG
1	40676431	21	GA
1	40676660	229	TC
1	40677043	383	AG
1	40677468	425	CT
1	40677487	19	TC
1	40677968	481	TC
1	40678008	40	AG
1	40678167	159	TC
1	40678218	51	CT
1	40678234	16	GA
1	40678346	112	GA
1	40678398	52	GA
1	40678438	40	AG
1	40678644	206	AG
1	40678676	32	GA
1	40679242	407	CT
1	40679636	394	CT
1	40679742	106	CT
1	40679764	22	CT
1	40679792	28	CT
1	40679801	9	CG
1	40679958	157	CG
1	40680009	51	GA
1	40680428	232	CT
1	40680487	59	CA
1	40680756	269	AG
1	40680834	78	CT
1	40680862	28	TA
1	40681447	521	AG
1	40681452	5	CT
1	40684578	905	CT
1	40685241	663	CT
1	40689351	3744	CT
1	40690970	1619	GA
1	40696888	4900	CT
1	40699933	2380	CT
1	40700122	189	GA
1	40700754	632	CT
1	40701700	417	AG
1	40701712	12	AG
1	40702133	421	AT
1	40702646	210	TC
1	40704394	1624	CG
1	40705630	843	CT
1	40709214	3510	TG
1	40710100	305	AG
1	40710946	827	CA
1	40711631	451	GA
1	40712988	1025	TC
1	40714091	833	AG
1	40714100	9	GA
1	40714101	1	TC
1	40714265	164	CG
1	40714692	427	CG
1	40716485	1325	CG
1	40716940	149	GA
1	40717083	143	TG
1	40717617	534	TC
1	40718424	807	AC
1	40718530	106	CT
1	40718613	83	TC
1	40718857	244	CG
1	40719127	270	AG
1	40719158	31	GA
1	40719358	200	CT
1	40719456	98	AG
1	40719726	270	GC
1	40719898	172	TC
1	40720353	177	TG
1	40723141	1518	AG
1	40723159	18	GA
1	40723384	225	TC
1	40725375	901	AG
1	40726032	520	TC
1	40726039	7	AG
1	40726141	102	CT
1	40726230	89	GA
1	40726572	342	GC
1	40726641	69	GT
1	40726971	330	GA
1	40727015	44	CT
1	40727045	30	GT
1	40727067	22	CT
1	40727245	178	GC
1	40727411	166	AG
1	40727477	66	GA
1	40727565	88	CA
1	40727705	140	CT
1	40727761	56	CA
1	40728008	247	TC
1	40728068	60	TC
1	40728077	9	GA
1	40728116	39	TC
1	40728294	178	CT
1	40728903	592	CA
1	40729089	186	TC
1	40729157	68	CG
1	40729396	239	TC
1	40729822	408	CT
1	40731158	931	GT
1	40731433	275	TC
1	40731738	305	CT
1	40731795	57	AG
1	40732037	242	TC
1	40732185	148	GC
1	40732413	228	AG
1	40732771	358	AG
1	40732819	48	TC
1	40733195	376	GC
1	40733339	144	AG
1	40733489	150	GA
1	40733818	329	GA
1	40734406	413	TC
1	40734598	118	CA
1	40735314	422	GA
1	40737426	1448	CA
1	40737437	11	AT
1	40737452	15	AG
1	40737912	259	CT
1	40737921	9	TC
1	40738409	271	CT
1	40738896	487	TC
1	40740621	1725	AG
1	40741376	212	GA
1	40741491	115	CT
1	40741769	278	GA
1	40741841	72	AC
1	40741951	110	AG
1	40742097	146	TC
1	40743064	875	TC
1	40743300	153	CT
1	40743450	150	AC
1	40743748	298	TC
1	40748505	3845	GC
1	40749319	814	CT
1	40750536	656	CT
1	40752472	1271	CT
1	40753026	554	CT
1	40753253	227	CT
1	40753408	155	GA
1	40754449	748	AG
1	40755425	948	TC
1	40755630	205	CT
1	40755659	29	GA
1	40755676	17	GA
1	40756725	711	GA
1	40757526	801	TA
1	40758549	636	TC
1	40759588	776	AG
1	40760338	594	CT
1	40760707	369	AC
1	40760711	4	CG
1	40761211	500	CT
1	40762228	488	AT
1	40762354	126	CT
1	40762614	260	TC
1	40763548	499	GC
1	40764694	380	TC
1	40764742	48	CT
1	40764776	34	CT
1	40764870	94	CA
1	40764888	18	AG
1	40765144	256	AC
1	40765211	67	CT
1	40765292	81	GA
1	40765430	138	TG
1	40765434	4	CT
1	40765446	12	TC
1	40765457	11	TG
1	40765519	62	GA
1	40765626	107	AG
1	40765663	37	GC
1	40765677	14	GA
1	40765744	67	GA
1	40765808	64	GA
1	40766278	470	AT
1	40767479	1118	GA
1	40767690	211	CA
1	40768190	500	CT
1	40768541	351	AG
1	40768586	45	CA
1	40771486	2592	GC
1	40771756	270	CT
1	40771835	79	AG
1	40772311	97	CA
1	40772617	306	CT
1	40772633	16	CT
1	40772800	167	GC
1	40773243	443	AG
1	40773572	329	AG
1	40773726	154	GA
1	40777656	2756	AG
1	40778818	1162	GA
1	40781542	1623	GA
1	40783162	1156	CT
1	40788033	3825	GA
1	40788736	609	GA
1	40789912	858	GA
1	40789915	3	AG
1	40790362	251	CG
1	40790570	183	TC
1	40790625	55	TA
1	40791482	140	CT
1	40791575	93	AC
1	40792715	720	TC
1	40793059	133	AG
1	40793077	18	GA
1	40793133	56	CT
1	40793136	3	AG
1	40793151	15	GA
1	40793154	3	CA
1	40794253	1019	CT
1	40794572	295	GA
1	40794665	93	CT
1	40794721	56	CT
1	40794920	199	CT
1	40794970	50	AG
1	40795169	199	GA
1	40795551	382	GA
1	40795701	150	AG
1	40795758	57	AG
1	40796378	356	AG
1	40796555	177	GA
1	40796924	369	CT
1	40796950	26	GA
1	40796991	41	GA
1	40797085	94	AG
1	40797319	234	CT
1	40797572	253	TG
1	40797803	231	CT
1	40797976	173	TC
1	40799022	775	CT
1	40799110	88	GA
1	40799143	33	CG
1	40799804	558	CA
1	40802179	2356	AG
1	40804400	1786	CT
1	40804500	100	GA
1	40805034	267	CG
1	40805188	74	GA
1	40805304	116	AC
1	40807049	1182	GT
1	40809066	1065	GT
1	40809758	466	GA
1	40812530	1562	TC
1	40812531	1	GT
1	40812606	75	GT
1	40813160	554	CG
1	40848064	18189	GT
1	40848120	56	AG
1	40848124	4	CG
1	40867740	8265	TC
1	40871430	2916	GA
1	40872243	307	TC
1	40879970	2984	TC
1	40880222	39	GA
1	40881364	556	GA
1	40881490	126	CT
1	40881533	43	CG
1	40881733	200	GA
1	40882670	683	TC
1	40884444	1157	GT
1	40884653	209	GA
1	40886102	1145	CT
1	40886312	210	AG
1	40886627	315	AC
1	40886737	110	AT
1	40886739	2	GT
1	40886791	52	TA
1	40886867	76	CG
1	40886884	17	TC
1	40886945	61	GA
1	40886966	21	CT
1	40887003	37	CT
1	40887010	7	TC
1	40887053	43	GA
1	40887570	517	CG
1	40888242	628	TC
1	40888356	114	CT
1	40888549	168	GA
1	40888607	58	TC
1	40888640	33	CT
1	40889767	812	GA
1	40890347	295	CT
1	40890444	97	CT
1	40890559	115	TA
1	40890751	192	CA
1	40890885	134	GT
1	40891345	460	AG
1	40892150	751	GC
1	40892242	92	CT
1	40892248	6	CT
1	40893203	928	CT
1	40893651	448	CA
1	40893678	27	AT
1	40895201	933	CT
1	40895528	284	TC
1	40895578	50	GA
1	40895744	166	AC
1	40895855	111	GA
1	40895867	12	AG
1	40895963	96	TG
1	40896023	60	AT
1	40896031	8	TC
1	40896034	3	CG
1	40896086	52	TG
1	40896190	104	GC
1	40896384	194	CT
1	40896390	6	TC
1	40896431	41	TC
1	40896455	24	TC
1	40896497	42	GA
1	40898839	996	CT
1	40898900	61	GA
1	40898928	28	AG
1	40899230	302	TG
1	40899299	69	TC
1	40899302	3	AG
1	40899330	28	GC
1	40899379	49	AT
1	40899443	64	CT
1	40899551	108	GA
1	40899553	2	GT
1	40899976	238	TC
1	40899982	6	CT
1	40900012	30	CG
1	40900757	423	GA
1	40902448	810	TA
1	40902505	57	GT
1	40902893	59	TC
1	40903359	148	TA
1	40904260	567	AG
1	40904538	278	CT
1	40904614	76	TC
1	40904618	4	TC
1	40904774	156	CT
1	40904878	104	AG
1	40904917	39	GC
1	40905081	164	GA
1	40905223	142	AC
1	40905518	295	CT
1	40905546	28	AG
1	40906222	641	CG
1	40906380	158	TA
1	40906458	78	TC
1	40906475	17	GA
1	40906477	2	GC
1	40906749	272	AG
1	40907539	616	CA
1	40908011	472	AG
1	40908054	43	CT
1	40908403	154	AG
1	40908679	276	AT
1	40909141	256	GC
1	40910564	823	CT
1	40912977	1476	GA
1	40917460	2130	CA
1	40917474	14	AC
1	40917489	15	AC
1	40917544	55	TG
1	40917645	101	TC
1	40917742	97	CG
1	40924125	231	TC
1	40924293	168	AG
1	40924429	136	TC
1	40926522	841	CT
1	40926675	153	CT
1	40926839	164	GA
1	40926968	129	CT
1	40927493	176	CT
1	40927714	221	GA
1	40929030	476	CG
1	40929062	32	GA
1	40929312	250	TG
1	40929408	96	TC
1	40929443	35	AT
1	40929851	34	CA
1	40929949	98	GA
1	40930509	475	CT
1	40933663	1180	CT
1	40933908	245	AC
1	40933947	39	CA
1	40934001	54	CA
1	40934689	655	CA
1	40935073	40	CT
1	40937397	1060	TC
1	40937552	155	GC
1	40938497	568	AG
1	40939314	484	CT
1	40939486	172	CT
1	40942697	1038	TC
1	40942734	37	AG
1	40942843	109	CG
1	40942856	13	CT
1	40943028	102	TC
1	40943047	19	TC
1	40943345	298	GA
1	40943761	76	TC
1	40944068	307	AG
1	40944101	33	CT
1	40944255	127	TC
1	40945069	398	AT
1	40945296	227	CT
1	40945298	2	GT
1	40945948	216	CA
1	40946028	80	TC
1	40946038	10	GA
1	40946139	101	CT
1	40946291	152	CT
1	40946359	68	TC
1	40946370	11	CG
1	40946371	1	TG
1	40946595	224	CT
1	40946909	119	TC
1	40947124	215	GA
1	40948274	633	AG
1	40950164	660	CT
1	40950411	247	AG
1	40950592	131	AG
1	40950688	96	AG
1	40950805	117	GA
1	40952298	597	GA
1	40952307	9	AC
1	40952313	6	TC
1	40952316	3	GA
1	40952374	58	GA
1	40953198	73	GT
1	40953447	249	AC
1	40954087	437	AG
1	40954197	110	GA
1	40955440	442	TC
1	40955495	55	GA
1	40955998	503	GA
1	40956099	101	GA
1	40956820	721	GT
1	40957723	176	GA
1	40960503	1607	GA
1	40961371	608	TC
1	40961388	17	CT
1	40961442	54	TC
1	40961549	107	TG
1	40963660	909	GC
1	40973218	5366	CA
1	40977011	1034	AG
1	40977260	87	AG
1	40977279	19	GA
1	40977507	101	GA
1	40977637	130	CT
1	40978777	273	TC
1	40978778	1	AT
1	40978864	86	CT
1	40980717	1450	CT
1	40981653	161	GA
1	40982647	943	CT
1	40983016	369	TC
1	40984321	688	GA
1	40986961	2163	TA
1	40990667	2089	CT
1	40992104	691	TC
1	40992153	49	TC
1	40992691	521	AG
1	40992760	69	TC
1	40992852	92	AG
1	40993017	165	TC
1	40993141	124	CG
1	40993216	75	AT
1	40993432	216	GA
1	40993519	87	CT
1	40994102	73	TC
1	40994104	2	GC
1	40994145	41	CT
1	40994147	2	GA
1	40995727	366	GA
1	40995943	216	AG
1	40996110	125	TA
1	40996225	115	CT
1	40996250	25	AG
1	40996251	1	AG
1	40996254	3	TC
1	40996255	1	GC
1	40996282	27	TC
1	40996283	1	GT
1	40996306	23	CT
1	40996344	38	TC
1	40996481	137	CA
1	40997979	1287	AG
1	40998298	319	GA
1	40999036	449	CT
1	40999114	78	CT
1	40999142	28	TC
1	40999328	59	AG
1	41000402	309	AG
1	41000537	135	GA
1	41000885	348	GA
1	41000897	12	AG
1	41001934	191	CT
1	41002501	301	GA
1	41003368	867	CT
1	41003418	50	TC
1	41009113	842	TA
1	41009221	108	TC
1	41009253	32	CT
1	41009380	127	TC
1	41009391	11	GT
1	41009933	473	CA
1	41010377	444	TC
1	41010993	534	GA
1	41016270	1256	CT
1	41016672	236	CT
1	41017987	1114	AG
1	41024398	5064	CT
1	41024841	379	CT
1	41025114	273	CT
1	41026735	1185	TG
1	41027203	468	AG
1	41028207	353	AC
1	41028337	130	AT
1	41030207	1056	TA
1	41030469	262	CT
1	41031106	90	TC
1	41031374	268	AG
1	41031416	42	AT
1	41035114	1193	GT
1	41035136	22	GT
1	41035270	134	CT
1	41035303	33	TG
1	41041095	2502	AG
1	41044622	1440	AG
1	41052096	3269	TC
1	41059551	3364	AG
1	41062207	1590	GA
1	41062315	108	GA
1	41069776	934	AC
1	41073565	1190	GA
1	41074519	954	GT
1	41074705	186	CT
1	41075241	536	AG
1	41076658	1417	AG
1	41077215	557	GA
1	41077324	109	CG
1	41077689	365	GA
1	41077952	263	CT
1	41080467	1713	GA
1	41080486	19	AC
1	41081767	1281	AG
1	41082716	622	GA
1	41083316	276	TG
1	41084679	955	TA
1	41087093	1053	CT
1	41087983	600	TC
1	41092068	1621	GA
1	41092174	106	AG
1	41093023	589	TA
1	41093081	58	GT
1	41093131	50	CA
1	41093999	846	CT
1	41100258	1547	GC
1	41107015	5910	CT
1	41107346	272	CA
1	41110711	2855	GC
1	41112746	1172	GT
1	41113731	873	AT
1	41115000	1206	TA
1	41116565	963	CT
1	41116773	208	GA
1	41116898	125	AG
1	41117220	131	AT
1	41117406	186	AG
1	41117586	180	AG
1	41117610	24	AG
1	41118357	101	TC
1	41120469	309	AG
1	41120500	31	CG
1	41120551	51	AG
1	41120660	83	AC
1	41120868	208	GA
1	41120926	58	CT
1	41121450	524	GT
1	41121928	478	CT
1	41121932	4	CT
1	41122035	103	GA
1	41122079	44	AG
1	41122095	16	GT
1	41122340	200	CT
1	41122341	1	TG
1	41122651	310	TG
1	41122652	1	CA
1	41124090	894	CT
1	41124385	295	GA
1	41124499	114	GA
1	41124628	129	GA
1	41125793	916	GA
1	41126706	406	GC
1	41127482	776	AT
1	41130770	2068	AG
1	41130782	12	GC
1	41130793	11	AG
1	41130994	122	CT
1	41131479	485	TC
1	41131662	183	CT
1	41132937	1146	AC
1	41133604	667	CG
1	41134003	399	TC
1	41135426	1423	GT
1	41137197	1729	GT
1	41137534	337	GT
1	41137535	1	CT
1	41138024	489	GT
1	41140913	2290	AC
1	41143166	1409	GA
1	41152996	2470	AG
1	41153133	137	CG
1	41153606	243	AT
1	41153607	1	TC
1	41154384	777	TC
1	41155058	674	GA
1	41155184	126	GA
1	41155202	18	CA
1	41160032	4091	CT
1	41161406	1374	AC
1	41161509	103	CT
1	41161524	15	TC
1	41161704	180	GC
1	41162337	633	AT
1	41163051	714	GT
1	41163276	225	AG
1	41164757	1334	AG
1	41170160	3773	TC
1	41170162	2	GT
1	41170564	402	GT
1	41171180	616	GT
1	41180158	1362	AG
1	41180178	20	CT
1	41180402	197	TC
1	41180965	247	AT
1	41181819	547	AG
1	41182411	453	AG
1	41182771	226	TC
1	41183122	89	GA
1	41183453	331	AG
1	41186898	2048	TG
1	41187380	482	AG
1	41187971	591	AG
1	41199509	4895	TC
1	41202418	1193	AG
1	41204174	1580	CT
1	41205304	1130	GA
1	41208024	2696	GA
1	41208686	662	AG
1	41211373	2196	CG
1	41211578	205	GA
1	41211583	5	TC
1	41212774	201	CT
1	41212939	165	AT
1	41213266	100	AT
1	41213275	9	TC
1	41213483	208	GA
1	41213637	154	TC
1	41213701	64	GA
1	41213739	38	CT
1	41213771	32	GA
1	41213975	183	GA
1	41214002	27	TC
1	41214056	54	CT
1	41214079	23	GA
1	41214280	201	AG
1	41216117	1511	TC
1	41217170	1053	GA
1	41218046	876	TA
1	41220851	1860	TC
1	41224857	3518	GA
1	41228255	2990	CT
1	41228554	299	CT
1	41228647	93	GC
1	41229630	983	CT
1	41230218	588	TG
1	41230299	15	AG
1	41230846	547	TG
1	41235155	3567	AG
1	41240051	4187	AG
1	41247654	5728	GA
1	41260671	10699	GA
1	41262010	1339	TC
1	41264382	2187	AG
1	41264436	54	GC
1	41264462	26	TC
1	41264946	484	TC
1	41268044	2460	GA
1	41268223	179	TC
1	41268582	359	TC
1	41268680	98	CT
1	41268786	106	AC
1	41268833	47	CT
1	41269115	282	TC
1	41269341	226	TA
1	41269429	88	CT
1	41269590	161	GA
1	41269680	90	TA
1	41271299	1562	AG
1	41271334	35	AT
1	41281580	5296	GA
1	41281632	52	GC
1	41282654	452	GT
1	41283167	262	GA
1	41283803	545	TC
1	41283939	136	CT
1	41287238	2417	TC
1	41287239	1	AG
1	41291195	3654	TC
1	41291267	72	GA
1	41292955	1040	CG
1	41294238	1126	AG
1	41294355	117	CT
1	41294869	514	GC
1	41294944	75	TC
1	41295155	211	TA
1	41295156	1	CG
1	41297099	1342	CT
1	41297539	440	TC
1	41297556	17	AG
1	41297789	233	AG
1	41297861	72	CT
1	41298015	154	GA
1	41298170	155	GA
1	41298652	482	TC
1	41298703	51	CT
1	41298986	187	TC
1	41299053	67	GA
1	41299086	33	GA
1	41300291	1157	GC
1	41300353	62	GC
1	41300563	210	TC
1	41300614	51	CT
1	41300617	3	GA
1	41300652	35	TC
1	41300828	176	GT
1	41300885	57	TC
1	41301405	520	AG
1	41301522	117	AT
1	41301527	5	CT
1	41301564	37	TG
1	41301605	41	AG
1	41302839	119	CT
1	41303907	282	GA
1	41303957	50	CT
1	41304012	55	TA
1	41304173	161	CT
1	41304223	50	GA
1	41304638	415	CT
1	41304980	342	AG
1	41305051	71	TC
1	41305085	34	TC
1	41305110	25	CT
1	41305282	172	AG
1	41305345	63	GC
1	41305549	74	GA
1	41305848	250	GT
1	41306358	343	AG
1	41306485	127	AC
1	41306986	201	AG
1	41307019	33	CT
1	41307158	139	GT
1	41307314	156	TC
1	41307885	571	GA
1	41307887	2	GA
1	41307959	72	AG
1	41307974	15	GA
1	41308264	140	CT
1	41308287	23	AG
1	41308317	30	AG
1	41308368	51	GA
1	41308371	3	AG
1	41308525	154	AG
1	41308551	26	AG
1	41308607	56	GA
1	41308630	23	AC
1	41308912	282	AC
1	41309116	204	GA
1	41309569	453	TC
1	41309622	53	GA
1	41309632	10	CT
1	41310039	407	AG
1	41310067	28	TG
1	41310191	124	GA
1	41310830	639	TC
1	41310877	47	GA
1	41310910	33	CT
1	41312289	961	CT
1	41312848	559	CT
1	41312891	43	TA
1	41319589	755	TC
1	41319710	121	TC
1	41319849	139	CT
1	41319997	148	GA
1	41320245	212	GA
1	41320293	48	AG
1	41320445	152	CA
1	41320804	144	AG
1	41320823	19	AG
1	41320921	98	AG
1	41320949	28	AG
1	41321231	282	CT
1	41321328	97	GC
1	41321516	188	TA
1	41321585	69	AG
1	41321817	232	GA
1	41322376	559	CT
1	41322411	35	GA
1	41322573	162	TG
1	41322850	277	GA
1	41322865	15	TG
1	41323046	181	TG
1	41323058	12	GA
1	41323076	18	CA
1	41323078	2	TC
1	41323121	43	AG
1	41323126	5	GA
1	41323195	69	GA
1	41323210	15	CT
1	41323217	7	TC
1	41323253	36	TC
1	41323273	20	CG
1	41323388	115	TC
1	41323411	23	GT
1	41323479	68	CT
1	41323497	18	GT
1	41323573	76	CT
1	41323578	5	GA
1	41323588	10	CT
1	41323598	10	GA
1	41324778	471	TA
1	41324803	25	TC
1	41324969	166	AG
1	41325442	473	AC
1	41325803	361	GA
1	41326236	433	GA
1	41326237	1	TC
1	41326246	9	CT
1	41326253	7	TC
1	41326330	77	TG
1	41326341	11	TC
1	41326358	17	CT
1	41326363	5	AG
1	41326638	275	CT
1	41326723	85	AG
1	41326729	6	GA
1	41326786	57	CT
1	41326927	141	GA
1	41330153	2564	GA
1	41330527	374	GT
1	41330636	109	AG
1	41334421	2257	GA
1	41334464	43	GC
1	41334552	88	TC
1	41335111	559	GA
1	41335331	220	TC
1	41335387	56	GT
1	41335675	26	CT
1	41335944	269	GA
1	41336163	219	GA
1	41336327	164	GT
1	41337141	212	GA
1	41337803	662	GA
1	41338353	259	GA
1	41338361	8	CT
1	41338364	3	TA
1	41338459	95	TC
1	41338513	54	GA
1	41338642	129	TC
1	41338657	15	CT
1	41338930	273	AG
1	41338931	1	TG
1	41338936	5	GA
1	41338950	14	TG
1	41338968	18	TC
1	41339523	513	GA
1	41339539	16	TC
1	41339540	1	AC
1	41339568	28	CT
1	41339589	21	TC
1	41339591	2	CT
1	41339745	154	GA
1	41339748	3	GA
1	41339998	250	AG
1	41340286	288	GA
1	41340634	113	CA
1	41341296	662	CT
1	41341879	273	GT
1	41342487	273	TC
1	41342756	269	AC
1	41342784	28	GA
1	41342805	21	GA
1	41342866	61	TC
1	41342912	46	CG
1	41343018	106	AC
1	41343055	37	CT
1	41343483	265	GC
1	41344050	442	AG
1	41344091	41	AC
1	41344518	362	CG
1	41344522	4	TC
1	41344810	219	CT
1	41344952	142	TC
1	41345099	147	AC
1	41345104	5	CG
1	41345181	77	GT
1	41345605	376	GA
1	41345648	43	CT
1	41345683	35	AG
1	41346067	267	AG
1	41346461	353	AG
1	41346659	198	TC
1	41346746	87	CT
1	41346750	4	CG
1	41347369	459	AG
1	41347478	109	TC
1	41347722	244	TC
1	41347726	4	GC
1	41347760	34	GT
1	41348210	410	TC
1	41348330	120	GA
1	41348531	146	CA
1	41348555	24	GA
1	41348711	156	AC
1	41348759	48	AG
1	41348920	161	GA
1	41349368	380	AG
1	41349613	245	CT
1	41349664	51	CG
1	41350728	818	CT
1	41350755	27	TG
1	41351255	418	GA
1	41351297	42	AG
1	41351324	27	TC
1	41352865	1179	CG
1	41352957	92	CT
1	41352985	28	GA
1	41353007	22	CT
1	41353186	179	CT
1	41353291	105	GT
1	41353319	28	CT
1	41353379	60	CT
1	41353619	240	CT
1	41353629	10	CT
1	41354158	529	GA
1	41354300	142	GA
1	41354669	126	AG
1	41354891	222	TC
1	41355476	585	GA
1	41355477	1	CT
1	41356247	192	GT
1	41357081	834	TC
1	41357115	34	AG
1	41357133	18	CT
1	41357298	165	GA
1	41359689	2033	GA
1	41362296	1950	GC
1	41362664	368	AG
1	41367653	4217	CA
1	41368493	840	AG
1	41371673	2704	CT
1	41374281	2373	TG
1	41376557	2276	GA
1	41377344	787	GA
1	41378017	247	CT
1	41378027	10	AG
1	41378180	153	CT
1	41378324	144	AG
1	41379409	553	AC
1	41379419	10	TC
1	41379920	159	AG
1	41381217	1141	GT
1	41381314	97	TG
1	41381579	265	CT
1	41382289	676	CG
1	41382837	548	CT
1	41382969	132	CA
1	41383516	547	CT
1	41383574	58	AC
1	41383986	412	CG
1	41384213	227	GT
1	41384334	121	AG
1	41384349	15	AG
1	41385249	847	CG
1	41385257	8	GC
1	41385375	118	CT
1	41385414	39	TC
1	41386015	601	CA
1	41386035	20	CG
1	41386045	10	AG
1	41386185	140	AG
1	41386694	509	CT
1	41386701	7	CT
1	41386793	92	CT
1	41386910	117	TC
1	41386932	22	GA
1	41386961	29	GA
1	41387131	170	CT
1	41387558	427	CT
1	41388474	916	AT
1	41389362	888	CT
1	41391731	2345	CT
1	41392049	318	TG
1	41392124	75	GC
1	41394165	2041	GT
1	41396727	2094	TC
1	41397138	411	TC
1	41398927	1701	GA
1	41399140	213	AG
1	41399227	87	CT
1	41399633	389	AG
1	41401011	1378	TC
1	41401019	8	CG
1	41401035	16	GC
1	41401653	445	GA
1	41401680	27	CT
1	41401958	278	TC
1	41402039	81	GA
1	41402091	52	CT
1	41402436	345	CT
1	41402487	51	TC
1	41402573	86	GT
1	41402858	285	GA
1	41402894	36	GA
1	41403170	276	CT
1	41403271	101	GA
1	41403313	42	GC
1	41403382	69	GA
1	41403505	123	GT
1	41403550	45	TC
1	41403855	305	CT
1	41403911	56	CG
1	41404018	107	CA
1	41404026	8	CT
1	41404057	31	CT
1	41404191	134	GA
1	41404198	7	GA
1	41404219	21	AG
1	41404261	42	CT
1	41404279	18	GT
1	41404306	27	CA
1	41404344	38	TC
1	41404420	76	TC
1	41404870	450	GA
1	41406424	864	CA
1	41406792	215	GA
1	41406827	35	CT
1	41407283	456	TG
1	41408228	846	CT
1	41409141	913	GA
1	41409823	682	TC
1	41409829	6	TC
1	41415779	4103	CT
1	41417712	1597	GT
1	41418522	810	CT
1	41420300	1613	GA
1	41420690	390	AG
1	41421291	601	AG
1	41424268	2856	GT
1	41426201	1933	CA
1	41426211	10	TC
1	41426861	614	CA
1	41427728	845	TG
1	41428239	451	GC
1	41428694	398	GT
1	41429980	1286	GA
1	41430434	454	AG
1	41430622	188	CG
1	41430633	11	GA
1	41430746	113	TC
1	41430978	232	TC
1	41431268	167	TC
1	41431312	44	TC
1	41431487	175	GA
1	41431675	21	GA
1	41431777	102	GA
1	41431823	46	TC
1	41431834	11	AC
1	41431997	163	GA
1	41432003	6	GC
1	41432073	70	AG
1	41432393	320	TG
1	41432416	23	CT
1	41432469	53	AG
1	41433165	696	TG
1	41435332	2138	CT
1	41436616	1284	GA
1	41440105	2733	GA
1	41446490	3287	AC
1	41447039	227	GA
1	41449228	1268	CT
1	41451745	2354	AG
1	41454033	1467	AG
1	41454247	214	CT
1	41454578	268	GT
1	41455046	30	GA
1	41455246	200	CT
1	41455393	147	TC
1	41455406	13	GT
1	41455438	32	TC
1	41455454	16	GA
1	41455514	60	GA
1	41455543	29	TC
1	41458621	615	CT
1	41459326	621	CT
1	41459377	51	GA
1	41459794	417	TG
1	41459816	22	AG
1	41459817	1	AG
1	41469535	3494	AG
1	41470507	143	CT
1	41477733	4720	TC
1	41477798	65	CT
1	41479542	1437	CT
1	41481456	1131	TC
1	41481697	91	GA
1	41482580	504	CT
1	41483153	573	GA
1	41483241	88	GT
1	41483486	39	CA
1	41483631	145	CT
1	41483720	89	GA
1	41483898	178	CT
1	41484084	18	TC
1	41484091	7	CA
1	41485088	213	AG
1	41485094	6	GA
1	41485148	54	CA
1	41485212	64	AG
1	41485221	9	TG
1	41485281	60	GA
1	41485360	79	CA
1	41485762	402	CT
1	41485775	13	CT
1	41486670	802	TC
1	41488113	1443	AG
1	41488848	735	AG
1	41489465	617	CT
1	41489730	220	TC
1	41489952	222	CT
1	41491543	590	AG
1	41494680	2399	TC
1	41496812	1383	TA
1	41496820	8	GA
1	41501642	3171	AG
1	41505150	596	AG
1	41506270	882	TC
1	41506849	557	GT
1	41506875	26	TC
1	41507476	365	TC
1	41507700	224	CT
1	41510319	2046	GA
1	41511039	720	AC
1	41511065	26	AG
1	41511650	585	TC
1	41511989	339	GA
1	41512606	512	AG
1	41513039	433	CT
1	41513289	250	AC
1	41513689	345	TC
1	41513744	55	AG
1	41513867	123	TG
1	41513877	10	AG
1	41513909	32	AG
1	41513920	11	CA
1	41513965	45	AG
1	41514163	67	TC
1	41514599	436	AG
1	41514734	135	TC
1	41515264	494	CT
1	41515294	30	CG
1	41524288	3105	CG
1	41528658	1596	AG
1	41528787	129	CT
1	41528851	64	AG
1	41528912	61	GT
1	41529463	523	CT
1	41531388	1893	GA
1	41531723	335	CT
1	41532249	526	CT
1	41532305	56	AG
1	41532420	115	CG
1	41532623	203	AG
1	41533097	130	CT
1	41533270	173	TC
1	41533884	561	GT
1	41533898	14	AC
1	41533997	99	TC
1	41534847	850	GA
1	41534878	31	CG
1	41538757	1965	AG
1	41539026	269	CT
1	41539208	182	GA
1	41540040	399	TC
1	41540512	154	CT
1	41540544	32	GA
1	41541549	183	GA
1	41541566	17	GA
1	41542128	562	CG
1	41542133	5	TC
1	41543924	606	CT
1	41544120	196	GA
1	41544285	165	AG
1	41544341	56	AG
1	41544499	158	GC
1	41545220	580	CG
1	41545931	456	CT
1	41546841	746	GA
1	41547079	238	GA
1	41547142	63	AG
1	41547276	134	AG
1	41547518	242	GA
1	41549437	565	GA
1	41551179	1615	GA
1	41551484	305	GA
1	41553495	1772	AC
1	41553612	117	GC
1	41554947	773	TC
1	41555518	518	AG
1	41556940	719	CT
1	41558133	800	CG
1	41559456	1157	AT
1	41563926	2738	AG
1	41564067	141	CT
1	41564174	107	GA
1	41564197	23	TG
1	41564210	13	TC
1	41564229	19	CT
1	41570475	3873	AG
1	41570953	478	GA
1	41571256	157	AG
1	41571711	455	AT
1	41571790	79	TC
1	41571791	1	GA
1	41571815	24	GC
1	41571816	1	GA
1	41571826	10	AG
1	41578427	4753	TC
1	41586581	4622	AG
1	41587809	810	CT
1	41591275	2777	GA
1	41591419	144	AG
1	41594803	2541	CT
1	41597086	1704	CT
1	41601214	2502	CT
1	41601424	210	CT
1	41601672	187	TC
1	41602048	376	CT
1	41607532	1071	AG
1	41607685	153	CT
1	41607728	43	TC
1	41608486	329	GA
1	41609634	442	CT
1	41609863	229	TC
1	41609954	91	CT
1	41610032	78	TC
1	41610046	14	TC
1	41610080	34	AG
1	41610083	3	AC
1	41610146	63	GA
1	41610162	16	GC
1	41610520	358	AG
1	41614653	1771	AG
1	41615487	834	TG
1	41615526	39	CT
1	41615544	18	GA
1	41615551	7	TC
1	41615609	58	AG
1	41617026	553	CT
1	41619713	1473	GC
1	41619746	33	TG
1	41619758	12	TC
1	41619762	4	CT
1	41619786	24	GA
1	41620303	193	AG
1	41620942	297	CT
1	41620948	6	AC
1	41621838	99	AG
1	41621900	62	AG
1	41621907	7	GC
1	41621932	25	TC
1	41622298	366	TC
1	41622536	238	TC
1	41622800	264	TC
1	41623479	187	CT
1	41623507	28	CT
1	41623554	47	AG
1	41623696	142	CT
1	41623869	173	TC
1	41626822	2282	CT
1	41628769	1305	AG
1	41628865	96	CG
1	41629218	353	CT
1	41632152	1431	AC
1	41633230	1051	CT
1	41633280	50	CT
1	41633295	15	CT
1	41635014	586	GA
1	41635021	7	AG
1	41636646	1117	AG
1	41637099	453	TC
1	41638285	1144	GA
1	41638344	59	AG
1	41638348	4	TC
1	41640917	748	CT
1	41642650	1498	GA
1	41644459	1362	GA
1	41647051	2032	CT
1	41647350	274	GA
1	41648522	476	TG
1	41648928	406	TC
1	41649215	287	CG
1	41649444	229	GA
1	41649450	6	AC
1	41649492	42	TC
1	41649608	116	AG
1	41649639	31	CT
1	41649660	21	TC
1	41650875	801	GA
1	41651161	286	CT
1	41651279	118	TG
1	41653597	2290	TC
1	41660756	4190	CT
1	41660869	113	AT
1	41660897	28	GA
1	41663126	625	GT
1	41663256	130	CG
1	41663283	27	TA
1	41663375	92	TC
1	41663593	218	TC
1	41663598	5	CA
1	41663961	363	TC
1	41663983	22	AT
1	41664002	19	AG
1	41664028	26	TC
1	41664301	273	GC
1	41664333	32	TC
1	41664447	114	CT
1	41664646	158	GA
1	41664847	201	CG
1	41665039	152	TG
1	41665698	623	TA
1	41668587	1603	AG
1	41674046	3106	CT
1	41674148	102	AG
1	41674197	49	AG
1	41674879	506	AG
1	41676834	1808	CT
1	41677199	365	AG
1	41694952	10896	TA
1	41697358	1639	GC
1	41699391	2033	CT
1	41701823	2114	AT
1	41705063	2425	AG
1	41705690	627	CA
1	41708009	2030	TC
1	41708856	778	CT
1	41709147	291	TC
1	41709982	530	AG
1	41710090	108	TA
1	41713909	3183	AG
1	41716538	2360	GC
1	41716638	100	GA
1	41716662	24	AG
1	41721526	2240	CT
1	41721722	196	CA
1	41722629	907	AG
1	41724478	1329	TC
1	41725242	597	TG
1	41725537	295	CA
1	41725667	130	GA
1	41728423	1661	TC
1	41728730	307	GA
1	41730290	1038	GA
1	41731720	545	GT
1	41731891	171	GA
1	41731901	10	GT
1	41732554	653	TC
1	41733873	1319	TC
1	41734558	685	GC
1	41734913	355	GA
1	41735105	192	CA
1	41735579	474	GA
1	41736038	210	TC
1	41736103	65	GA
1	41736143	40	TC
1	41736144	1	GA
1	41736451	307	GA
1	41736534	83	TC
1	41737036	502	GT
1	41737054	18	AG
1	41737117	63	CA
1	41744593	2355	GA
1	41745969	661	TC
1	41747961	1449	AC
1	41747970	9	CT
1	41748200	230	GA
1	41749075	479	CG
1	41749196	121	CG
1	41751252	630	GC
1	41751726	474	GA
1	41754886	462	TC
1	41754974	88	GC
1	41755020	46	AG
1	41755092	72	AG
1	41755099	7	TC
1	41755338	30	GA
1	41757018	1126	AC
1	41758727	757	CT
1	41758985	258	CT
1	41759016	31	CA
1	41759056	40	AT
1	41759168	49	CT
1	41759360	172	GC
1	41759402	42	CT
1	41759449	47	CG
1	41759450	1	TC
1	41759551	101	CT
1	41759744	193	GA
1	41762527	728	TC
1	41763070	543	TG
1	41763508	438	GT
1	41764375	543	CG
1	41764782	407	TA
1	41765205	375	TC
1	41765327	53	GA
1	41765857	530	CT
1	41766018	161	GC
1	41766285	267	GA
1	41766544	259	GA
1	41767407	497	CT
1	41767825	418	CG
1	41768108	283	TG
1	41768145	37	CG
1	41768147	2	GC
1	41768148	1	GA
1	41768152	4	AG
1	41769847	1151	TC
1	41769868	21	GA
1	41769885	17	AG
1	41770615	430	GA
1	41770795	163	TC
1	41770796	1	GA
1	41770911	115	CT
1	41771321	410	AC
1	41776232	2895	GC
1	41776669	437	GC
1	41778465	1301	GA
1	41778745	280	AT
1	41779794	353	TG
1	41779995	201	AG
1	41781281	460	TA
1	41781368	87	GA
1	41781381	13	CT
1	41781480	99	TC
1	41781527	47	CA
1	41781537	10	CT
1	41781538	1	CT
1	41781658	120	GA
1	41781767	109	GA
1	41782622	174	CA
1	41782644	22	AT
1	41785169	328	TC
1	41785466	297	CT
1	41785544	78	TC
1	41785709	125	CG
1	41786070	361	GC
1	41786182	112	AG
1	41792182	4189	CT
1	41800050	5139	AT
1	41806876	3646	CT
1	41806887	11	CG
1	41809386	1331	GC
1	41809524	138	CT
1	41809649	125	TA
1	41809745	96	TC
1	41810267	522	GA
1	41810337	70	AG
1	41810565	228	GC
1	41813447	1662	CT
1	41813673	226	TC
1	41814225	533	AG
1	41817813	879	AG
1	41819902	1825	CT
1	41822656	1407	TC
1	41822795	139	CT
1	41837655	11142	CT
1	41837742	87	GT
1	41839758	1711	CT
1	41840003	245	GC
1	41840073	70	TC
1	41841903	767	GA
1	41841958	55	GA
1	41842568	556	AG
1	41842781	213	CT
1	41842837	56	CT
1	41843093	256	CT
1	41843291	198	CG
1	41843584	293	GA
1	41843719	135	GA
1	41843734	15	GA
1	41845998	604	CT
1	41847750	737	TG
1	41848710	438	CT
1	41848853	143	CG
1	41849065	212	CT
1	41849207	142	TC
1	41849553	166	TG
1	41849604	51	AG
1	41849652	48	AC
1	41849657	5	AG
1	41849806	149	AG
1	41852387	2373	GC
1	41853440	897	CA
1	41853441	1	TA
1	41853668	227	TG
1	41854541	709	CG
1	41854874	229	CT
1	41855168	294	TC
1	41855345	177	AC
1	41855833	361	TC
1	41855867	34	TC
1	41855964	97	AG
1	41856667	703	TC
1	41856889	222	GC
1	41857660	163	TG
1	41857686	26	CT
1	41857857	171	GC
1	41858096	239	AG
1	41858148	52	CT
1	41858152	4	AC
1	41858227	75	AG
1	41858403	176	CG
1	41858518	115	GA
1	41858664	146	TC
1	41859599	168	AG
1	41859610	11	AC
1	41859803	193	GA
1	41863326	837	GA
1	41865433	816	TC
1	41867011	546	AT
1	41867048	37	AC
1	41867537	188	AG
1	41868067	530	CT
1	41868086	19	CT
1	41868165	79	CA
1	41868621	283	GC
1	41868871	67	GA
1	41869069	198	TG
1	41900738	14253	AC
1	41902115	903	AC
1	41902125	10	GA
1	41902806	681	GA
1	41903117	311	AC
1	41903127	10	AG
1	41903359	232	AC
1	41903364	5	AC
1	41903388	24	CT
1	41903565	177	GT
1	41903651	86	GA
1	41903654	3	GA
1	41903685	31	AG
1	41903764	79	GA
1	41903908	144	AG
1	41904204	177	GA
1	41904275	71	CG
1	41904789	514	CA
1	41904983	194	AG
1	41905371	388	CT
1	41908106	561	GA
1	41908347	241	TC
1	41908419	72	GA
1	41908634	215	GA
1	41908723	89	TC
1	41908762	39	GA
1	41908986	224	TC
1	41908998	12	CT
1	41909285	287	TC
1	41912825	1771	CT
1	41913107	74	TC
1	41913661	168	GA
1	41915216	1369	CT
1	41915229	13	CT
1	41915875	616	CT
1	41920889	3755	GA
1	41920996	107	GT
1	41921018	22	TC
1	41921574	232	GA
1	41922641	1067	CT
1	41922687	46	CG
1	41923154	467	TG
1	41923954	459	GA
1	41924565	213	AT
1	41930099	1957	GA
1	41930356	147	AC
1	41930659	60	AG
1	41930841	182	TC
1	41930941	100	CT
1	41930950	9	GA
1	41930951	1	AG
1	41930970	19	AG
1	41931231	261	GA
1	41931253	22	CT
1	41931275	22	CT
1	41931439	47	AC
1	41931747	308	CG
1	41931871	124	TA
1	41931939	68	AG
1	41931957	18	CA
1	41932064	107	CT
1	41932663	429	GA
1	41934076	609	AC
1	41934706	160	AT
1	41934709	3	AT
1	41934716	7	GC
1	41935881	619	AT
1	41936082	201	TC
1	41936270	188	TC
1	41936731	310	GA
1	41936855	124	CG
1	41937006	151	TC
1	41937014	8	AG
1	41937625	611	TC
1	41937639	14	AG
1	41938123	270	AG
1	41938141	18	TC
1	41938149	8	CT
1	41939851	990	GA
1	41939885	34	AG
1	41940333	122	AG
1	41940519	186	GT
1	41940601	82	TC
1	41941351	750	TG
1	41946416	1353	CT
1	41946614	198	CT
1	41949384	2541	AG
1	41950968	1219	TC
1	41952875	1308	CT
1	41954055	1180	GA
1	41964175	8708	CT
1	41964488	313	CG
1	41964594	106	GA
1	41964816	222	GT
1	41964915	99	CA
1	41965484	569	CT
1	41965794	310	CT
1	41966220	426	GA
1	41966231	11	CT
1	41966580	303	AG
1	41966747	167	TC
1	41966956	209	GA
1	41967094	138	AG
1	41967161	67	TC
1	41967166	5	TA
1	41969575	1474	AT
1	41969654	79	GA
1	41969749	95	GA
1	41969840	91	GA
1	41970884	1000	AG
1	41971334	414	CT
1	41971543	209	TC
1	41972172	629	TA
1	41972433	261	TC
1	41973059	626	CT
1	41974215	901	CA
1	41986974	6095	CT
1	41986997	23	CT
1	41987452	111	GA
1	41987556	104	AC
1	41987770	172	CT
1	41987782	12	TC
1	41994089	150	TC
1	41998333	1227	GT
1	42002359	2351	AG
1	42004158	1478	TC
1	42005072	536	CT
1	42005190	118	CT
1	42005523	333	GA
1	42005529	6	CT
1	42005811	282	GA
1	42006887	967	GT
1	42007170	283	CT
1	42009123	1409	GA
1	42011490	2286	CT
1	42012824	1334	GA
1	42014237	1097	CG
1	42015838	1441	CT
1	42016008	170	AG
1	42016150	142	AT
1	42020183	3263	CT
1	42020721	538	GA
1	42022526	1290	GA
1	42022756	230	AG
1	42023076	320	CT
1	42024084	961	CT
1	42024889	292	GC
1	42024939	50	CT
1	42024943	4	CA
1	42024956	13	CT
1	42025013	57	TC
1	42025108	95	GA
1	42025406	298	CG
1	42026017	546	GA
1	42026230	213	TC
1	42026707	417	TA
1	42026756	49	AG
1	42026817	61	AG
1	42026984	167	AG
1	42026987	3	GA
1	42027144	157	AG
1	42027256	112	CT
1	42027554	298	CT
1	42027564	10	GA
1	42027565	1	TC
1	42028097	370	GT
1	42028179	82	AT
1	42029462	656	AG
1	42029552	90	AG
1	42032128	2576	TC
1	42034780	642	AG
1	42036543	1763	CT
1	42036800	257	TC
1	42037180	313	CT
1	42037681	458	TG
1	42037809	93	AG
1	42038334	525	CT
1	42038574	240	GC
1	42038864	290	GA
1	42039010	146	CT
1	42039058	48	GA
1	42039080	22	CT
1	42039142	62	CT
1	42039211	69	GA
1	42039607	290	AG
1	42039666	59	GC
1	42040375	640	CG
1	42040645	270	GT
1	42041508	783	AG
1	42042262	754	AT
1	42042862	259	CT
1	42045600	1440	GA
1	42045660	60	CT
1	42045876	197	CT
1	42050253	2492	GA
1	42052722	1328	AG
1	42053284	562	CG
1	42053285	1	CA
1	42055121	1585	CG
1	42055703	534	GA
1	42055918	215	CT
1	42056322	404	TC
1	42056471	149	CA
1	42058879	2408	CT
1	42059325	446	CT
1	42060629	1267	AT
1	42064107	3002	GA
1	42069176	3571	TG
1	42069695	519	AG
1	42070136	441	CT
1	42070590	410	TC
1	42071224	182	GA
1	42071230	6	TA
1	42100685	24067	GA
1	42113155	6254	TC
1	42180633	40933	CT
1	42184592	3324	CT
1	42187557	2930	CT
1	42187765	173	CT
1	42188597	832	CT
1	42188697	100	TG
1	42189286	548	TC
1	42189635	349	CT
1	42190228	525	GA
1	42190361	133	CT
1	42190483	122	CT
1	42191679	1196	CT
1	42191709	30	GA
1	42193565	1856	CT
1	42195670	1103	GA
1	42195888	218	GA
1	42195893	5	TC
1	42195918	25	GC
1	42196472	554	TC
1	42196502	30	GA
1	42196686	184	CT
1	42196923	237	GA
1	42196994	71	TC
1	42196997	3	GC
1	42197067	70	AC
1	42197120	53	TC
1	42197128	8	AC
1	42197359	231	AG
1	42311458	70225	TA
1	42311634	17	CT
1	42311707	73	GA
1	42311787	80	AG
1	42312571	257	CT
1	42312614	43	CT
1	42312619	5	CT
1	42312818	199	CT
1	42312913	95	CG
1	42313655	323	CT
1	42314083	428	TC
1	42314991	908	TC
1	42315615	624	GA
1	42315773	158	CT
1	42315848	75	TC
1	42315985	137	GA
1	42315994	9	TC
1	42316775	760	CG
1	42320088	1057	TC
1	42320126	38	AC
1	42320148	22	AG
1	42320153	5	TG
1	42320365	212	CA
1	42320474	109	TC
1	42320563	89	AG
1	42320571	8	TC
1	42321499	392	AT
1	42322074	308	TC
1	42322091	17	CT
1	42322257	166	CT
1	42322321	64	CA
1	42322480	159	TC
1	42322493	13	GA
1	42322614	121	GA
1	42322618	4	CT
1	42322728	110	AG
1	42322749	21	AG
1	42322768	19	GA
1	42322769	1	GT
1	42323208	150	GA
1	42323607	399	CT
1	42323719	112	TC
1	42323813	94	AC
1	42323855	42	TC
1	42324221	366	CT
1	42324334	113	AG
1	42324611	277	AC
1	42324613	2	CG
1	42324768	155	AG
1	42325946	98	CT
1	42326074	128	GA
1	42326284	210	CT
1	42329379	623	AG
1	42330943	1467	TA
1	42331090	147	TC
1	42331324	234	CT
1	42331591	267	GC
1	42331912	321	CT
1	42332056	144	AG
1	42332095	39	TC
1	42332616	339	CT
1	42332634	18	TC
1	42332647	13	CT
1	42333657	331	TC
1	42333666	9	GT
1	42333716	50	AC
1	42334294	479	GA
1	42334321	27	GA
1	42334977	362	TC
1	42335636	659	AG
1	42335746	110	TC
1	42335772	26	AG
1	42335849	77	TA
1	42336196	347	AT
1	42338319	1585	GT
1	42340522	1505	GA
1	42340842	320	TG
1	42341302	256	CG
1	42341485	183	TC
1	42342587	656	GT
1	42343196	609	CT
1	42343470	274	GT
1	42345358	1724	CT
1	42347380	1906	CT
1	42348181	750	GA
1	42349868	1376	TC
1	42354384	2850	TC
1	42354549	165	TC
1	42354927	378	GA
1	42359734	3614	CT
1	42361236	989	CT
1	42364291	1532	GA
1	42364345	54	AC
1	42365583	920	TC
1	42365709	126	AG
1	42366210	501	GA
1	42366654	315	GC
1	42367568	234	TC
1	42367657	89	CT
1	42367664	7	GA
1	42367944	55	AG
1	42369791	836	CG
1	42370076	285	AG
1	42370179	103	TC
1	42370230	51	AG
1	42371292	883	TC
1	42372058	288	CT
1	42372471	413	GA
1	42377672	2534	CA
1	42379376	1100	CT
1	42383176	3029	GA
1	42383577	369	TC
1	42383748	171	AC
1	42396232	4503	AG
1	42397236	797	CT
1	42403226	4509	TC
1	42406639	2767	AG
1	42409670	2346	AG
1	42409938	268	TC
1	42410360	422	GT
1	42416917	5427	TC
1	42417253	230	GA
1	42417407	132	CG
1	42417553	146	AG
1	42418130	577	CT
1	42419571	1167	GC
1	42419610	39	TC
1	42426599	5668	CG
1	42428214	1514	GT
1	42429321	1107	TC
1	42429360	39	CT
1	42430128	682	CG
1	42430237	109	CT
1	42430577	297	TC
1	42430580	3	TC
1	42431018	385	TG
1	42431115	97	GC
1	42431930	815	TC
1	42432378	391	TC
1	42432540	162	AT
1	42432897	321	CT
1	42433077	180	TC
1	42433164	87	TC
1	42434165	803	CT
1	42435523	522	GC
1	42436412	378	GA
1	42436460	48	GA
1	42436628	168	CT
1	42436817	189	GA
1	42437223	406	GA
1	42437313	90	TC
1	42437338	25	GA
1	42437357	19	CG
1	42437462	105	TG
1	42437525	63	CA
1	42437757	232	GA
1	42437867	110	CT
1	42437880	13	TC
1	42438265	385	CT
1	42438279	14	GC
1	42438445	166	CT
1	42438574	129	AG
1	42438592	18	TC
1	42438598	6	AG
1	42438638	40	GT
1	42438737	99	GT
1	42439671	296	AC
1	42440149	365	GA
1	42440227	78	AC
1	42443349	537	AG
1	42443361	12	TC
1	42443594	233	TC
1	42444601	345	GA
1	42444779	178	GC
1	42444795	16	CT
1	42445116	44	GC
1	42445237	121	AG
1	42445309	72	AG
1	42445877	531	TC
1	42445878	1	GA
1	42445888	10	CT
1	42446426	538	TC
1	42449134	2163	CA
1	42449374	212	CG
1	42449458	84	CT
1	42449537	79	CT
1	42450566	1029	CT
1	42452175	901	CT
1	42452915	324	TC
1	42453471	227	CT
1	42453686	215	TG
1	42454233	547	GA
1	42454966	538	AT
1	42455130	164	AG
1	42455139	9	GA
1	42455349	210	AG
1	42455437	88	CT
1	42456236	799	GT
1	42456602	284	TG
1	42459150	1313	GA
1	42459211	61	TG
1	42459772	353	TC
1	42459835	63	GC
1	42459840	5	CT
1	42459861	21	CT
1	42461443	1280	CA
1	42461482	39	AT
1	42461487	5	TC
1	42461571	84	CT
1	42461913	342	CA
1	42461940	27	AG
1	42462074	134	TC
1	42462199	125	AG
1	42462350	151	CA
1	42462563	213	GA
1	42462798	173	GA
1	42462896	98	GA
1	42462904	8	GA
1	42463017	113	TC
1	42463695	318	AG
1	42463709	14	TC
1	42463910	201	GA
1	42464249	339	CT
1	42464571	322	GC
1	42464626	55	AG
1	42464650	24	CG
1	42466266	715	TC
1	42466622	356	AG
1	42466677	55	AG
1	42466932	255	AG
1	42467439	337	GA
1	42468087	270	GA
1	42468351	264	TC
1	42468352	1	CT
1	42468367	15	AG
1	42468370	3	TC
1	42468640	270	AC
1	42468724	84	AG
1	42468729	5	GA
1	42468732	3	GC
1	42468987	178	CT
1	42469280	293	TA
1	42469348	68	TA
1	42469450	102	GA
1	42472820	1002	AG
1	42472945	125	GC
1	42473075	130	GA
1	42473219	144	GC
1	42473459	205	GA
1	42473498	39	CA
1	42473554	56	CG
1	42474166	612	TC
1	42474192	26	AG
1	42474361	169	GA
1	42474509	148	TC
1	42474881	148	AT
1	42474964	83	TC
1	42475367	403	CT
1	42475431	64	CT
1	42476289	377	GA
1	42476636	278	GA
1	42476968	332	AC
1	42477002	34	CT
1	42477458	456	AG
1	42477736	133	AT
1	42478732	467	GA
1	42479005	273	AG
1	42479563	558	GA
1	42480247	424	CA
1	42482874	1351	GC
1	42484872	1547	AG
1	42484877	5	CG
1	42484880	3	TC
1	42487430	1874	CA
1	42487751	321	GA
1	42493433	3988	CT
1	42494395	850	GA
1	42494801	406	GT
1	42495443	614	GA
1	42495507	64	AC
1	42495908	308	AC
1	42495944	36	CT
1	42496290	151	GA
1	42496326	36	CT
1	42496593	267	GA
1	42496921	328	AT
1	42497691	512	GC
1	42504890	4538	CA
1	42508530	3122	AT
1	42512164	2815	GA
1	42513088	705	GT
1	42513166	78	CA
1	42513254	88	AG
1	42513294	40	GT
1	42514410	1076	GA
1	42514456	46	AG
1	42514493	37	CT
1	42518404	3614	GA
1	42520250	608	AG
1	42520264	14	TG
1	42520840	576	CT
1	42521520	680	GA
1	42524755	2234	AG
1	42524760	5	AC
1	42526522	664	CT
1	42528444	1689	CT
1	42528660	216	TA
1	42529260	600	AG
1	42529274	14	TA
1	42529275	1	CT
1	42530341	1023	AC
1	42530410	69	GA
1	42530437	27	GA
1	42530450	13	AG
1	42530797	195	GT
1	42530910	113	GC
1	42532020	824	CT
1	42532024	4	GT
1	42532334	310	CT
1	42532346	12	AC
1	42534456	1235	GA
1	42535503	238	GA
1	42539760	1272	AC
1	42539884	124	AG
1	42539945	61	CT
1	42541438	1079	GC
1	42541620	182	GT
1	42541992	372	GT
1	42542200	148	TC
1	42542233	33	AG
1	42542235	2	CT
1	42542512	226	AG
1	42542575	63	GT
1	42542912	132	CT
1	42545369	2259	GA
1	42546190	760	GA
1	42546306	116	AG
1	42546873	298	CT
1	42548542	1669	AG
1	42549767	1225	AG
1	42550043	276	CT
1	42550107	64	GA
1	42550208	101	AG
1	42550358	150	GA
1	42550407	49	TG
1	42551296	853	AG
1	42552051	470	AG
1	42552282	231	CA
1	42552309	27	AC
1	42552533	224	CA
1	42552536	3	CT
1	42553114	578	GA
1	42553157	43	AG
1	42553595	438	AC
1	42553663	68	AG
1	42557178	2754	TG
1	42557182	4	TC
1	42558416	1068	CT
1	42558485	69	CT
1	42558536	51	GA
1	42558600	64	TC
1	42560439	1706	CT
1	42561066	395	GA
1	42561729	663	AG
1	42562570	500	CT
1	42562620	50	CT
1	42562985	365	GA
1	42563075	90	CT
1	42566093	1178	GA
1	42567592	482	TG
1	42568099	507	GA
1	42568331	232	TC
1	42568381	50	AG
1	42568514	104	AT
1	42569004	267	CT
1	42569155	151	GA
1	42569774	265	AC
1	42569785	11	GA
1	42569892	107	CT
1	42569994	102	GA
1	42570047	53	CG
1	42570169	122	GT
1	42570232	63	TC
1	42570431	199	GA
1	42570432	1	CT
1	42570456	24	AG
1	42570524	35	GA
1	42570564	40	GA
1	42570589	25	CT
1	42570619	30	TC
1	42571116	244	GA
1	42571267	151	CT
1	42572188	529	GA
1	42572925	363	AG
1	42572934	9	AT
1	42573516	582	TC
1	42573881	365	AT
1	42574064	183	CG
1	42574651	278	TC
1	42574871	220	CT
1	42577669	1782	CT
1	42578050	350	GA
1	42578169	50	CT
1	42579154	187	TC
1	42579615	355	AG
1	42580587	937	CT
1	42580686	99	AC
1	42594443	11430	GA
1	42594722	279	TG
1	42594773	51	CT
1	42594794	21	AG
1	42601455	5657	CT
1	42601761	306	GA
1	42601774	13	GA
1	42601779	5	GC
1	42601958	179	GA
1	42602222	264	CT
1	42602311	89	GA
1	42602480	169	GT
1	42602657	177	CA
1	42602728	71	GC
1	42602905	177	TC
1	42602920	15	CT
1	42602929	9	CT
1	42603686	723	CT
1	42604446	683	CT
1	42604641	195	CA
1	42604655	14	AG
1	42604687	32	CT
1	42604745	58	AG
1	42604809	64	AG
1	42604968	159	AG
1	42605094	126	AG
1	42605095	1	CT
1	42605649	484	TA
1	42605719	70	CT
1	42605875	156	CT
1	42606076	83	CT
1	42607011	935	AG
1	42607189	178	TC
1	42607377	188	GA
1	42607695	69	GA
1	42607975	280	GC
1	42612371	3416	AC
1	42616209	1251	TC
1	42620315	906	GA
1	42620373	58	TC
1	42622908	2273	AC
1	42623300	392	TC
1	42623995	547	GA
1	42624021	26	TC
1	42624044	23	GA
1	42624422	378	CT
1	42625080	156	AC
1	42625337	257	CT
1	42625582	245	AG
1	42625699	117	AC
1	42625712	13	AC
1	42625811	99	CT
1	42625833	22	CA
1	42626377	420	AG
1	42626693	316	AG
1	42627680	987	TC
1	42628317	490	AC
1	42628320	3	AG
1	42628374	54	GC
1	42629113	578	CT
1	42629790	333	CT
1	42630120	330	AG
1	42630306	186	CG
1	42630520	214	AG
1	42630540	20	TC
1	42630665	125	GA
1	42630917	252	GC
1	42630971	54	CG
1	42631014	43	TA
1	42631375	271	AG
1	42631669	294	AG
1	42632465	796	GC
1	42632612	147	CT
1	42633231	619	TG
1	42633236	5	TC
1	42633403	167	GA
1	42633430	27	CG
1	42633634	165	GA
1	42633710	76	AG
1	42633741	31	CG
1	42633761	20	AG
1	42633777	16	AG
1	42634093	104	AG
1	42634139	46	TC
1	42635067	713	CA
1	42635093	26	GA
1	42636225	985	CG
1	42637694	1398	CT
1	42637835	141	AG
1	42637872	37	GA
1	42637879	7	CT
1	42637915	36	TA
1	42637921	6	GT
1	42638041	120	GA
1	42638074	33	TC
1	42638084	10	TA
1	42638124	40	TG
1	42638125	1	TC
1	42638128	3	AG
1	42638236	108	GA
1	42638249	13	AG
1	42638258	9	CT
1	42638324	66	GC
1	42638494	170	AG
1	42639355	829	TA
1	42640191	544	GT
1	42640194	3	AG
1	42640197	3	GT
1	42640277	80	CT
1	42640628	351	GA
1	42640659	31	GT
1	42640776	117	TG
1	42641080	244	AG
1	42652058	819	GC
1	42655328	3011	GA
1	42655637	280	CT
1	42655786	149	CT
1	42656243	307	CA
1	42657221	919	CT
1	42658072	694	CT
1	42659643	1317	CT
1	42659933	290	AG
1	42660148	215	TG
1	42660779	631	TC
1	42664084	2411	CT
1	42664329	134	GT
1	42667138	2091	CT
1	42667247	109	GC
1	42667393	146	CT
1	42667806	413	GA
1	42670813	2084	CT
1	42670820	7	TG
1	42672257	1298	TC
1	42677183	4108	AG
1	42680822	1877	AG
1	42687600	5383	CA
1	42687837	237	AG
1	42687845	8	TC
1	42687963	118	CT
1	42687966	3	CT
1	42688266	170	TC
1	42688832	360	TC
1	42688835	3	TC
1	42688905	70	CT
1	42689270	97	TC
1	42689302	32	CT
1	42689485	183	GC
1	42689577	92	GA
1	42689582	5	CT
1	42689740	158	TC
1	42689755	15	GA
1	42689799	44	AG
1	42689804	5	CT
1	42689805	1	CG
1	42689850	45	GA
1	42689967	117	GC
1	42690108	141	GA
1	42690117	9	GT
1	42690148	31	CT
1	42690154	6	CT
1	42690183	29	GA
1	42690268	85	CT
1	42690515	247	CT
1	42690577	62	CT
1	42690722	145	GA
1	42690756	34	CT
1	42691818	818	CA
1	42691877	59	AC
1	42691959	82	CG
1	42692133	174	GA
1	42692794	392	GT
1	42692821	27	CT
1	42693540	348	CT
1	42694556	974	GA
1	42694747	37	TC
1	42694856	109	AG
1	42694878	22	GA
1	42694926	48	CT
1	42695525	485	GA
1	42695711	186	GC
1	42695815	104	CA
1	42695875	60	GT
1	42696775	900	TC
1	42697810	1018	TC
1	42698774	964	GC
1	42699911	717	CT
1	42699949	38	GC
1	42700475	526	TC
1	42700814	339	CT
1	42700858	44	GA
1	42701234	376	GA
1	42701305	71	CA
1	42701675	370	GC
1	42702338	636	CG
1	42703244	704	TA
1	42703285	41	AG
1	42703319	34	TC
1	42703522	203	GA
1	42703606	84	GA
1	42703641	35	TG
1	42703865	224	AC
1	42704064	199	GA
1	42704066	2	AC
1	42704178	112	CT
1	42704411	73	TA
1	42704567	156	TC
1	42704572	5	CT
1	42704718	146	TA
1	42704734	16	CT
1	42704768	34	CG
1	42704863	95	TC
1	42705204	341	GA
1	42705241	37	GT
1	42705255	14	GA
1	42705419	164	TC
1	42706000	552	TC
1	42706159	159	GA
1	42706181	22	AG
1	42706546	365	GA
1	42706701	155	GA
1	42707362	587	TC
1	42709569	1883	AG
1	42709660	91	TC
1	42711847	2187	GC
1	42711853	6	CT
1	42711937	84	TC
1	42711998	61	CT
1	42712017	19	CT
1	42714045	1810	TC
1	42717434	3221	TC
1	42721220	2398	TC
1	42721221	1	TC
1	42721847	626	AG
1	42721872	25	TC
1	42722795	828	AG
1	42723304	509	AG
1	42723915	580	GA
1	42724577	626	AG
1	42726295	906	GA
1	42730309	2844	GA
1	42733378	2326	GA
1	42733512	134	CT
1	42734222	591	CT
1	42735247	979	AC
1	42735304	57	TC
1	42736432	1128	CG
1	42737172	740	GA
1	42737730	558	AG
1	42739889	767	CT
1	42740882	652	CT
1	42741745	755	CT
1	42741763	18	TC
1	42742897	881	TC
1	42743120	223	CG
1	42743588	293	GC
1	42743873	285	TC
1	42743938	65	AG
1	42743946	8	CT
1	42744171	225	TC
1	42744177	6	GA
1	42744179	2	CT
1	42744307	128	CT
1	42744406	99	AG
1	42744604	198	CT
1	42744938	334	GA
1	42744992	54	CA
1	42744993	1	AG
1	42745128	135	AG
1	42745331	203	TA
1	42745340	9	CG
1	42745379	39	GA
1	42745657	278	TC
1	42745956	215	TC
1	42746185	229	AC
1	42746293	108	GC
1	42746295	2	CT
1	42746316	21	AG
1	42746720	180	AC
1	42747263	171	AC
1	42747299	36	GT
1	42747334	35	GA
1	42747410	76	AG
1	42747734	249	TC
1	42747745	11	CT
1	42747746	1	GA
1	42747793	47	GC
1	42748158	183	AG
1	42748161	3	CG
1	42748290	129	GC
1	42748353	63	TA
1	42748592	239	AT
1	42748883	291	TC
1	42749372	349	GA
1	42749391	19	GA
1	42749393	2	GA
1	42749664	271	TC
1	42749715	51	TC
1	42750343	475	CT
1	42752348	1365	GA
1	42754482	1608	CA
1	42760095	1635	AG
1	42763160	1501	TG
1	42764521	841	AG
1	42764631	110	GA
1	42765059	428	TG
1	42766767	1487	TC
1	42766980	213	CT
1	42767118	138	AG
1	42767127	9	GC
1	42767142	15	AG
1	42768513	675	AC
1	42769186	424	CT
1	42772810	2276	TC
1	42772848	38	AT
1	42772852	4	CT
1	42773275	318	AG
1	42773406	131	CT
1	42773445	39	TC
1	42773457	12	GA
1	42773548	91	GA
1	42773607	59	AG
1	42779937	3908	CT
1	42781737	1464	GA
1	42782666	820	TC
1	42782851	185	CG
1	42784364	762	GA
1	42786150	1432	AG
1	42789434	2443	GT
1	42790660	1186	CT
1	42792295	1414	CA
1	42796098	3026	CG
1	42798161	1877	TG
1	42798687	526	AG
1	42798777	90	TA
1	42800130	1173	CT
1	42801221	1014	GC
1	42801998	250	CT
1	42802735	396	GC
1	42805625	1959	CT
1	42805799	174	TC
1	42805862	63	TC
1	42805952	90	AG
1	42806757	144	TC
1	42806903	146	AG
1	42808410	983	AG
1	42808588	178	CT
1	42809655	1008	TC
1	42810045	293	CT
1	42810909	802	CT
1	42811003	94	AG
1	42811129	126	GA
1	42811721	592	GA
1	42812630	737	CT
1	42812631	1	AG
1	42812984	266	GA
1	42813522	508	AC
1	42813580	58	GA
1	42813918	338	TC
1	42814098	112	TA
1	42814102	4	TA
1	42814511	409	GA
1	42814741	191	TC
1	42814744	3	CT
1	42814758	14	GC
1	42814824	66	GA
1	42814880	56	GA
1	42815829	949	GA
1	42815932	103	TA
1	42815941	9	TC
1	42815946	5	AT
1	42817751	470	CA
1	42819384	1514	GC
1	42820456	678	GA
1	42821644	761	GA
1	42821695	51	AG
1	42822102	407	GA
1	42822163	61	AG
1	42822226	63	TC
1	42822249	23	GA
1	42822884	472	AC
1	42822918	34	CT
1	42822919	1	AG
1	42823016	97	CT
1	42823036	20	CT
1	42823766	110	TG
1	42823883	117	CT
1	42823938	55	CT
1	42824141	203	AT
1	42824315	174	CT
1	42824754	439	AT
1	42824909	155	CT
1	42826048	820	GT
1	42826625	458	AG
1	42827606	818	CT
1	42828329	723	CT
1	42829912	1203	TG
1	42830528	616	TC
1	42830718	190	CA
1	42832434	1321	TC
1	42834359	740	CT
1	42834407	48	CA
1	42834797	390	GA
1	42835000	203	AG
1	42835294	294	CG
1	42835360	66	GA
1	42836040	680	GA
1	42837339	92	AT
1	42837388	49	CT
1	42837391	3	AG
1	42838023	527	CT
1	42838569	491	GA
1	42839233	664	GA
1	42839707	186	CT
1	42840082	375	CA
1	42840186	104	AC
1	42840244	58	AC
1	42840348	104	CT
1	42841399	271	GA
1	42841432	33	TA
1	42842400	282	GA
1	42842894	494	TG
1	42843233	187	AG
1	42843237	4	TC
1	42843245	8	AG
1	42843250	5	AG
1	42844235	507	GC
1	42844574	339	AG
1	42845209	594	CA
1	42845210	1	GC
1	42845621	411	CT
1	42845945	249	TC
1	42846110	165	CT
1	42846265	155	TC
1	42846993	493	AG
1	42847002	9	GA
1	42847227	186	TG
1	42851721	3743	CT
1	42851748	27	CT
1	42851782	34	CG
1	42852370	309	AC
1	42852599	129	GT
1	42852657	58	AG
1	42852700	43	CT
1	42853002	302	AG
1	42853596	384	GA
1	42853706	110	CA
1	42854351	507	GA
1	42859276	4322	AG
1	42865498	5914	TC
1	42866540	968	GT
1	42866916	376	CA
1	42871768	3479	CT
1	42872023	255	TC
1	42872944	800	AG
1	42873022	78	CT
1	42875644	2068	TC
1	42876426	748	AG
1	42888109	10521	GA
1	42890624	2380	CA
1	42892296	1501	CT
1	42893461	790	AT
1	42894324	863	AC
1	42894371	47	TC
1	42895435	994	AC
1	42895445	10	AG
1	42895475	30	AG
1	42895635	160	GA
1	42895661	26	CG
1	42895685	24	GT
1	42895687	2	GT
1	42895696	9	TA
1	42896504	713	GC
1	42896545	41	AG
1	42896738	159	GT
1	42896752	14	GA
1	42896815	63	AG
1	42896841	26	CT
1	42896845	4	CT
1	42897390	446	GA
1	42897740	175	GT
1	42898571	361	TG
1	42898747	176	GA
1	42899796	860	TC
1	42899800	4	AG
1	42900306	506	CT
1	42900801	495	CT
1	42900888	87	CG
1	42900922	34	GT
1	42900967	45	GA
1	42901514	547	GA
1	42902651	906	GT
1	42907384	3253	CT
1	42907670	41	CT
1	42907692	22	CG
1	42907707	15	TC
1	42907776	69	CT
1	42907795	19	TG
1	42907979	165	TC
1	42909094	1034	CT
1	42909114	20	TG
1	42909192	78	TC
1	42909199	7	CT
1	42909202	3	TC
1	42909221	19	GT
1	42910037	783	GA
1	42910106	69	TC
1	42910145	39	TC
1	42910146	1	GA
1	42910198	52	TG
1	42910223	25	GA
1	42910227	4	AT
1	42910236	9	TC
1	42910245	9	AG
1	42910277	32	AT
1	42910385	108	CG
1	42910978	409	TG
1	42911067	89	CA
1	42911114	47	CT
1	42911471	110	CT
1	42911484	13	CT
1	42911513	29	GA
1	42911683	148	TC
1	42911698	15	GA
1	42911737	39	GA
1	42911801	64	GA
1	42911805	4	CT
1	42911824	19	GA
1	42911841	17	CT
1	42912082	241	TC
1	42912085	3	AG
1	42912096	11	AG
1	42912103	7	GA
1	42912446	343	AG
1	42912554	108	CT
1	42912561	7	AG
1	42912719	158	CT
1	42912741	22	GA
1	42913019	155	AG
1	42913049	30	CT
1	42913050	1	GT
1	42913084	34	TC
1	42913122	38	CT
1	42913127	5	TC
1	42913210	83	TA
1	42913289	79	CT
1	42913416	127	CT
1	42913445	29	AT
1	42913467	22	CT
1	42913510	43	CT
1	42914027	292	TA
1	42914028	1	TA
1	42914030	2	GA
1	42914257	227	AG
1	42914330	73	TC
1	42916816	2165	CG
1	42916820	4	GC
1	42916948	128	CT
1	42917246	298	AC
1	42917540	294	CT
1	42917560	20	GA
1	42917568	8	TA
1	42917610	42	CT
1	42917635	25	CT
1	42917771	136	GA
1	42917806	35	GA
1	42917958	152	CT
1	42918427	174	TC
1	42918503	76	CT
1	42918801	298	CT
1	42918820	19	GA
1	42918916	29	CT
1	42918990	20	GT
1	42920595	1017	TC
1	42920650	55	AG
1	42920701	51	CT
1	42920787	86	TC
1	42920900	113	CT
1	42921070	95	TC
1	42921782	49	CT
1	42921784	2	GA
1	42921791	7	GA
1	42921960	169	GA
1	42922041	81	TC
1	42922047	6	TC
1	42922276	229	TC
1	42922325	49	AC
1	42922393	68	CG
1	42922648	255	TC
1	42922658	10	GA
1	42922694	36	TC
1	42922714	20	CT
1	42922723	9	GT
1	42923341	341	GA
1	42923728	68	TG
1	42924039	140	GA
1	42942572	12755	TA
1	42943086	480	CT
1	42943240	154	TA
1	42943712	326	CT
1	42943725	13	TG
1	42944032	51	TC
1	42944118	86	CT
1	42944140	22	TA
1	42944290	150	GA
1	42944909	495	AT
1	42945080	171	CA
1	42945910	529	CA
1	42947037	814	AG
1	42948258	956	TG
1	42948335	15	AG
1	42948353	18	CG
1	42948375	22	TC
1	42949038	621	GA
1	42949166	128	AT
1	42953031	2310	AG
1	42955022	1376	AG
1	42955539	271	TC
1	42955574	35	AT
1	42956310	584	GT
1	42956312	2	AG
1	42956355	43	TG
1	42956422	67	CT
1	42956581	159	AG
1	42957130	294	CA
1	42958059	185	TC
1	42958634	575	TC
1	42958777	143	GA
1	42959080	303	TC
1	42959101	21	AG
1	42959139	38	GA
1	42959252	113	GA
1	42960358	635	CT
1	42960382	24	CT
1	42961225	843	AG
1	42961601	376	TC
1	42961650	49	GA
1	42962379	588	TC
1	42962837	257	CT
1	42963021	184	AG
1	42963072	51	GA
1	42963314	186	AT
1	42964158	379	AC
1	42964854	498	AG
1	42965124	143	GC
1	42966432	1225	AG
1	42967562	1073	GC
1	42967969	407	TC
1	42968132	163	GC
1	42968244	112	TC
1	42968342	98	CT
1	42969049	594	GA
1	42971656	2325	CT
1	42971763	107	GC
1	42972261	498	CT
1	42972428	167	CA
1	42973828	716	CT
1	42973869	41	GA
1	42974478	571	CG
1	42974761	283	TG
1	42974792	31	CG
1	42975093	301	GT
1	42975142	49	GA
1	42975631	402	TC
1	42976564	753	GA
1	42976582	18	AG
1	42976812	230	TC
1	42977009	153	CA
1	42977026	17	GA
1	42977684	590	AC
1	42978106	422	TC
1	42978293	81	GT
1	42978338	45	AG
1	42981691	2716	TC
1	42983950	1374	TG
1	42984053	103	CT
1	42984160	107	GA
1	42984359	199	GA
1	42992878	3522	AG
1	42992918	40	TC
1	42992921	3	TC
1	42993358	437	AG
1	42993946	409	TC
1	42993987	41	GA
1	42994022	35	CA
1	42994026	4	AG
1	42994184	158	GA
1	42994186	2	GA
1	42994221	35	GA
1	42994413	192	TC
1	42996505	79	TC
1	42998034	146	AC
1	42998122	88	CT
1	42998130	8	AC
1	42998783	242	AT
1	42998784	1	AT
1	42998804	20	AG
1	42999075	271	GA
1	42999601	267	TC
1	42999761	160	GA
1	43000194	433	AG
1	43000338	144	GT
1	43001420	1019	GA
1	43001490	70	TC
1	43001596	106	CT
1	43001602	6	AG
1	43001608	6	GA
1	43001736	128	AT
1	43001829	93	GC
1	43001844	15	TA
1	43001989	145	GT
1	43002127	138	GA
1	43002476	349	GA
1	43002546	70	AT
1	43002698	58	GA
1	43003224	58	TC
1	43003404	180	CG
1	43003605	201	AG
1	43004072	467	CT
1	43007430	1354	TC
1	43008577	649	CT
1	43008820	243	AG
1	43011035	1612	CT
1	43011061	26	GA
1	43011095	34	AG
1	43011373	278	GA
1	43012078	391	CT
1	43012460	208	TC
1	43012984	207	GC
1	43013029	45	AC
1	43014615	1586	CT
1	43016028	1152	TC
1	43016056	28	CT
1	43017401	977	TC
1	43017403	2	CT
1	43017554	151	CT
1	43018728	1157	GA
1	43018735	7	GA
1	43018853	118	CT
1	43018857	4	GC
1	43018897	40	GT
1	43019397	500	CT
1	43020832	866	GT
1	43021401	569	GA
1	43021765	364	CT
1	43022896	1110	GC
1	43023545	465	CT
1	43024492	596	GA
1	43025496	845	AC
1	43025991	385	AG
1	43026306	208	TG
1	43026374	68	TC
1	43026435	61	CT
1	43026468	33	CT
1	43026477	9	TC
1	43026651	45	TC
1	43027435	784	CT
1	43028041	447	TG
1	43030212	1849	AG
1	43031559	1308	CT
1	43033877	1276	GA
1	43035733	1551	AG
1	43037319	1399	AC
1	43037770	236	CT
1	43037777	7	GA
1	43037911	134	AG
1	43038781	824	TC
1	43038879	98	CT
1	43038880	1	AG
1	43038902	22	GC
1	43039833	931	AG
1	43040213	363	GA
1	43040686	473	GA
1	43042270	1495	GA
1	43042639	369	TA
1	43043106	467	TC
1	43053092	8773	TG
1	43059664	5923	GA
1	43064057	3305	AG
1	43065396	1339	AG
1	43066404	830	AG
1	43067254	429	GA
1	43069510	2256	CG
1	43069516	6	CT
1	43070000	448	AG
1	43070231	231	AG
1	43070271	40	GA
1	43070273	2	TC
1	43071762	1070	TC
1	43071981	202	CT
1	43071999	18	CT
1	43072107	108	GC
1	43072605	434	CT
1	43072664	59	GA
1	43072875	211	AG
1	43073207	332	TC
1	43073381	174	CT
1	43073850	374	TC
1	43073907	57	TC
1	43074781	549	TC
1	43075373	592	CT
1	43076179	806	CT
1	43076277	98	AG
1	43076410	38	AG
1	43076431	21	GA
1	43076657	226	TA
1	43077047	273	GT
1	43077401	171	GA
1	43077412	11	CG
1	43077511	99	CT
1	43077608	97	TG
1	43079201	1097	TC
1	43079349	148	AG
1	43080343	972	TC
1	43082712	926	CA
1	43082730	18	TC
1	43082774	44	TC
1	43083954	630	AG
1	43084389	323	CT
1	43084579	190	CT
1	43086212	1375	TC
1	43086263	51	TC
1	43086840	121	TC
1	43086869	29	GT
1	43087254	385	AC
1	43087766	512	CT
1	43087809	43	AG
1	43088179	313	AG
1	43089899	1441	CA
1	43090567	668	CT
1	43098604	5728	TG
1	43099727	772	TC
1	43100008	281	AG
1	43100732	724	TC
1	43101872	1140	CT
1	43102703	488	CA
1	43103787	1084	GA
1	43103864	77	AG
1	43104351	309	TA
1	43104480	129	TC
1	43104487	7	GA
1	43104491	4	CG
1	43104688	197	TC
1	43105798	1110	AG
1	43105966	168	CA
1	43109444	2514	AG
1	43110548	1104	GT
1	43112743	1630	AG
1	43114779	1345	TC
1	43114951	172	CT
1	43117570	2495	AG
1	43118230	660	CT
1	43120812	1746	AT
1	43121882	510	TC
1	43122306	424	AG
1	43123426	728	TC
1	43123557	131	GC
1	43123566	9	CT
1	43123593	27	GC
1	43123626	33	AG
1	43124359	733	TC
1	43135281	9231	CT
1	43135635	354	CT
1	43136136	501	CA
1	43136184	48	TC
1	43136449	265	GC
1	43136517	68	CG
1	43136905	388	CT
1	43137002	97	AG
1	43137068	66	TC
1	43138356	1124	GA
1	43141783	2432	AG
1	43141863	80	TA
1	43141975	112	TC
1	43142313	338	GA
1	43142355	42	GT
1	43142496	141	AG
1	43142738	242	GA
1	43142787	49	TC
1	43142867	80	AG
1	43143169	302	CT
1	43143905	226	AG
1	43144657	752	CT
1	43145196	450	GA
1	43145455	259	GA
1	43145729	274	GA
1	43145815	86	CT
1	43146454	439	GA
1	43148393	1201	GA
1	43151621	2828	TG
1	43151634	13	GA
1	43151752	118	AG
1	43153376	1032	GT
1	43153468	92	GA
1	43153634	166	TC
1	43154305	671	CT
1	43154586	281	TG
1	43154588	2	TC
1	43154700	112	TC
1	43154739	39	GA
1	43155317	578	CT
1	43155952	552	TC
1	43156037	85	GA
1	43156122	85	TC
1	43156151	29	CA
1	43156286	135	TC
1	43156331	45	GA
1	43156558	227	AG
1	43156918	360	CT
1	43157009	91	TA
1	43157227	218	AG
1	43157246	19	CT
1	43157351	105	TC
1	43157519	168	GC
1	43157858	339	GA
1	43158108	250	GA
1	43158157	49	CT
1	43158187	30	TG
1	43158386	199	GC
1	43159260	401	CT
1	43160482	1004	CA
1	43160495	13	TC
1	43161044	549	TC
1	43162738	1694	CG
1	43163053	315	CT
1	43163903	777	TG
1	43164889	892	AG
1	43165103	214	CT
1	43172165	555	TC
1	43172433	268	TC
1	43172637	204	CG
1	43173088	451	GA
1	43173151	63	GT
1	43173501	350	CT
1	43174564	931	CT
1	43174577	13	CT
1	43174614	37	CT
1	43175520	880	AC
1	43175545	25	CT
1	43176628	696	CT
1	43178319	1088	TC
1	43178436	117	TC
1	43179322	700	TC
1	43179334	12	AG
1	43179419	85	AG
1	43179794	375	GA
1	43180073	279	TC
1	43180685	589	TG
1	43180771	86	AG
1	43181211	440	GA
1	43185435	1266	TC
1	43185478	43	AG
1	43185575	97	GA
1	43185584	9	CT
1	43185864	65	GT
1	43186123	259	GA
1	43186704	435	TC
1	43186706	2	TC
1	43186755	49	TC
1	43187021	266	TC
1	43187118	78	GA
1	43187265	70	CT
1	43187267	2	CG
1	43187413	146	AG
1	43187427	14	TC
1	43187477	50	TC
1	43187636	159	TC
1	43187756	120	CA
1	43187886	130	GA
1	43187905	19	GA
1	43188195	290	AG
1	43188595	356	GT
1	43188899	304	GA
1	43189158	259	AG
1	43189359	201	CT
1	43189813	347	GT
1	43189853	40	CT
1	43189917	64	GA
1	43190974	247	AG
1	43191142	168	AG
1	43191422	280	GA
1	43191481	59	CT
1	43191734	253	CT
1	43192009	275	AG
1	43192399	390	AG
1	43192537	138	CT
1	43193210	312	GT
1	43193236	26	TC
1	43193468	232	GA
1	43193481	13	AC
1	43193568	87	GC
1	43193625	57	AC
1	43193820	195	TC
1	43193895	75	CT
1	43193896	1	AG
1	43194124	228	AC
1	43194182	58	TC
1	43194670	176	GT
1	43194676	6	CT
1	43195328	348	CT
1	43195768	440	CT
1	43196037	269	CG
1	43196048	11	AC
1	43196396	348	AG
1	43196836	328	GA
1	43197746	460	GA
1	43198366	620	TC
1	43198808	442	TC
1	43198870	62	GC
1	43199043	173	GA
1	43201859	1208	GA
1	43202325	306	GA
1	43202440	115	TC
1	43202447	7	AC
1	43202451	4	AG
1	43202501	50	AG
1	43202517	16	TC
1	43202844	327	CG
1	43203149	305	TC
1	43203256	107	TC
1	43203258	2	CG
1	43203273	15	TG
1	43203279	6	TC
1	43203384	105	GC
1	43203436	52	AG
1	43203553	117	TC
1	43203814	261	GA
1	43203923	109	TC
1	43203955	32	CG
1	43204243	288	AC
1	43204443	200	CT
1	43204509	66	CT
1	43204838	329	TC
1	43204964	126	CT
1	43205229	151	GA
1	43205234	5	CT
1	43205309	75	CT
1	43205434	125	GA
1	43206238	694	TC
1	43206389	109	CT
1	43206637	66	AG
1	43206645	8	CT
1	43207727	903	AG
1	43208648	853	GA
1	43208966	318	TC
1	43209164	198	CT
1	43209436	272	CT
1	43209474	38	GC
1	43209507	33	TG
1	43209904	197	CT
1	43209979	75	GA
1	43210820	841	GA
1	43211019	199	CT
1	43211186	167	GA
1	43211233	47	TA
1	43211823	435	GC
1	43213425	363	GA
1	43213427	2	AG
1	43213558	56	AG
1	43215291	1648	CT
1	43215397	106	AG
1	43215420	23	GA
1	43215583	163	GA
1	43218480	1902	GA
1	43220772	1737	CG
1	43221192	306	GA
1	43221563	310	GA
1	43221578	15	TC
1	43221580	2	CG
1	43221599	19	GA
1	43221613	14	AC
1	43222883	576	TC
1	43222959	76	TA
1	43223207	248	AG
1	43223225	18	AT
1	43223271	46	AT
1	43223390	119	CT
1	43223920	530	GC
1	43223965	45	GA
1	43223994	29	GA
1	43224043	49	CA
1	43224114	71	TC
1	43224292	178	TA
1	43224345	53	TC
1	43224660	315	TC
1	43224749	89	AG
1	43224943	194	AG
1	43224959	16	TC
1	43225150	191	TG
1	43225455	305	AT
1	43226544	525	AG
1	43227511	596	TC
1	43229130	1466	GA
1	43229368	238	TC
1	43233494	1704	AC
1	43234295	801	GA
1	43234406	111	TC
1	43234492	86	CT
1	43234753	261	GA
1	43234915	162	GA
1	43235575	660	CT
1	43235603	28	CA
1	43235615	12	CT
1	43235636	21	GA
1	43235724	88	AC
1	43235805	81	GC
1	43235815	10	CT
1	43235944	129	GC
1	43237186	594	AG
1	43240765	2384	GA
1	43249810	7666	GA
1	43252808	2606	TC
1	43252890	82	TC
1	43252897	7	GC
1	43253120	223	GT
1	43253208	88	AG
1	43253355	147	CT
1	43253441	86	TG
1	43258404	3298	TC
1	43259354	950	CT
1	43260217	863	CA
1	43273178	9689	AG
1	43273297	92	GA
1	43273545	248	GA
1	43274970	1095	GA
1	43275171	201	GA
1	43275239	68	GA
1	43275335	96	CT
1	43275402	67	GC
1	43275574	172	GA
1	43275647	73	AG
1	43275849	202	CT
1	43275973	124	CT
1	43276097	124	CT
1	43276122	25	AG
1	43276309	187	TC
1	43276570	261	GA
1	43277570	872	AG
1	43277661	91	TC
1	43277997	336	CT
1	43278710	713	CT
1	43278776	66	GT
1	43278951	175	CT
1	43279211	95	GC
1	43279605	394	GA
1	43279892	287	GA
1	43279893	1	GA
1	43281279	1386	TA
1	43282887	1077	CA
1	43282949	62	AG
1	43283548	599	CT
1	43286531	2381	CG
1	43286901	335	AC
1	43289126	1929	GC
1	43289754	628	CT
1	43290291	537	CT
1	43290540	249	AG
1	43290779	239	CA
1	43290818	39	TC
1	43290839	21	TG
1	43291418	579	GA
1	43291841	375	CG
1	43291868	27	AC
1	43291882	14	AG
1	43291916	34	GT
1	43292047	131	TC
1	43292053	6	CT
1	43292454	401	CT
1	43292795	341	GA
1	43292798	3	CG
1	43292869	71	CT
1	43293011	142	AT
1	43293646	635	GA
1	43293782	136	GA
1	43293834	52	CA
1	43293946	112	GA
1	43294533	351	AG
1	43294546	13	CT
1	43294556	10	TC
1	43294678	79	CT
1	43294815	137	CG
1	43294820	5	GA
1	43294849	29	GA
1	43294866	17	GA
1	43294900	34	TC
1	43294914	14	AG
1	43294923	9	AT
1	43297780	1776	GA
1	43297933	153	GA
1	43298502	569	CT
1	43298508	6	AG
1	43299432	924	TG
1	43301557	1670	CG
1	43301711	154	GA
1	43301739	28	CT
1	43302534	795	TC
1	43303326	545	CT
1	43303747	212	GA
1	43304256	454	CT
1	43304272	16	CT
1	43304475	203	CT
1	43304490	15	AG
1	43304635	145	GA
1	43305238	526	GT
1	43305257	19	AG
1	43305277	20	GA
1	43305715	266	AG
1	43305843	128	AT
1	43306348	505	AG
1	43306755	407	GA
1	43307541	786	AT
1	43307979	438	TC
1	43308621	642	CT
1	43309481	502	CT
1	43309501	20	GC
1	43309604	103	CT
1	43309676	72	GA
1	43310028	352	CT
1	43310992	925	GA
1	43312063	732	TC
1	43312441	192	GC
1	43313387	653	CT
1	43314198	725	GA
1	43319285	4366	GA
1	43321024	1680	AG
1	43321266	242	CT
1	43322119	853	GC
1	43322323	204	TC
1	43323799	1452	GA
1	43324312	513	CT
1	43324391	40	TG
1	43324957	471	CG
1	43326889	1418	GA
1	43326965	76	CT
1	43327124	159	GA
1	43327154	30	AG
1	43327236	82	CT
1	43327252	16	AG
1	43327677	425	CT
1	43327703	26	AG
1	43327776	73	CT
1	43327932	156	TG
1	43327976	44	GA
1	43328976	657	CT
1	43329111	135	AG
1	43329773	537	CT
1	43329882	109	GA
1	43329990	108	CT
1	43330307	317	AG
1	43337636	6287	GA
1	43337719	83	AC
1	43337878	159	GA
1	43338031	153	CG
1	43338174	143	AG
1	43338835	661	CT
1	43339139	304	GA
1	43339310	61	CG
1	43340047	596	CT
1	43340100	53	AG
1	43340350	250	TC
1	43340393	43	GA
1	43340589	196	AG
1	43340597	8	AT
1	43341448	584	AG
1	43341859	411	GT
1	43341948	89	TC
1	43342164	149	GA
1	43342508	344	AG
1	43342655	147	GA
1	43342739	84	AG
1	43342776	37	GA
1	43342788	12	GA
1	43342798	10	GA
1	43342838	40	AG
1	43342982	144	AG
1	43343066	84	TC
1	43343092	26	AG
1	43344030	938	GA
1	43344528	498	CG
1	43344678	150	TG
1	43344691	13	AT
1	43344923	146	CG
1	43345254	331	GC
1	43351151	599	CA
1	43351207	56	GC
1	43351432	225	TC
1	43351529	97	AG
1	43351537	8	AC
1	43351546	9	CT
1	43351659	113	CT
1	43351660	1	GA
1	43351715	55	AG
1	43351877	162	TC
1	43352106	229	AT
1	43352225	119	GT
1	43352287	62	TC
1	43352821	264	GT
1	43352828	7	CT
1	43353148	320	GA
1	43353510	362	CA
1	43353647	137	CT
1	43353712	65	GA
1	43353795	83	AG
1	43353944	149	GC
1	43353990	46	GA
1	43354200	210	AG
1	43354212	12	TG
1	43354233	21	GA
1	43354436	203	TG
1	43354472	36	GA
1	43354491	19	GC
1	43354679	188	CT
1	43354787	108	AG
1	43354970	183	TC
1	43355018	48	GT
1	43355036	18	GC
1	43355135	99	TC
1	43355273	138	TC
1	43355344	71	GT
1	43368444	9178	AG
1	43368450	6	GA
1	43371037	2147	AG
1	43371652	496	TC
1	43371673	21	AG
1	43371677	4	AG
1	43371715	38	TC
1	43371750	35	CG
1	43372144	394	GA
1	43372548	404	AG
1	43373036	131	CA
1	43373350	198	GA
1	43373508	158	AG
1	43373525	17	CT
1	43373915	63	CA
1	43374512	490	CT
1	43374845	333	AG
1	43375067	222	AG
1	43376063	996	GA
1	43376489	281	GA
1	43376542	53	AT
1	43376596	54	TA
1	43377025	429	AC
1	43383366	597	CT
1	43383584	218	GA
1	43383591	7	CT
1	43383848	257	CT
1	43383904	56	CT
1	43383943	39	AG
1	43384001	58	CT
1	43384019	18	TG
1	43385435	1220	CT
1	43387000	1045	CT
1	43387698	237	CT
1	43388362	640	TC
1	43388467	105	TC
1	43389034	567	GT
1	43389148	114	CT
1	43389214	66	CT
1	43389239	25	TC
1	43389346	107	GA
1	43389549	203	GA
1	43389555	6	GA
1	43390376	591	TC
1	43390424	48	CA
1	43391024	545	CT
1	43392006	964	CT
1	43392025	19	TC
1	43392065	40	GA
1	43392153	88	CT
1	43392756	322	TC
1	43392806	50	CT
1	43392830	24	AG
1	43392861	31	GA
1	43393379	457	GA
1	43393508	129	TG
1	43393518	10	TC
1	43393531	13	AG
1	43393585	54	GA
1	43393692	107	CT
1	43393791	99	TC
1	43393862	71	AG
1	43394039	177	GC
1	43394128	89	CT
1	43394361	233	GA
1	43394388	27	TG
1	43395207	549	GA
1	43395375	168	GA
1	43397083	880	AG
1	43397489	293	TC
1	43397503	14	TC
1	43397657	154	TC
1	43398552	870	AG
1	43398578	26	CT
1	43398674	96	CT
1	43398985	311	CA
1	43399000	15	GT
1	43400344	824	TC
1	43400419	75	CT
1	43400740	287	GA
1	43400762	22	GA
1	43400780	18	GC
1	43400803	23	GA
1	43401154	351	AG
1	43401422	118	GA
1	43401474	52	GA
1	43401545	71	GA
1	43403683	1936	AG
1	43403883	200	CT
1	43405335	1312	GA
1	43405494	159	GA
1	43412966	5484	TC
1	43427021	11866	CT
1	43427166	145	CT
1	43427782	521	AG
1	43432935	4603	CG
1	43433143	134	GT
1	43433198	55	CT
1	43434612	1198	TC
1	43436340	1099	AG
1	43436714	374	GT
1	43437381	667	AC
1	43438031	590	GA
1	43439102	802	CT
1	43439157	55	TC
1	43441932	2010	AG
1	43442037	105	GA
1	43442487	112	GA
1	43442509	22	CT
1	43443595	692	TC
1	43443642	47	AG
1	43443957	315	GT
1	43444288	331	GA
1	43444810	522	AG
1	43444844	34	AG
1	43444855	11	TC
1	43444967	112	CT
1	43444982	15	GA
1	43445377	395	TG
1	43445905	528	TC
1	43445970	65	GC
1	43446016	46	TG
1	43447710	1236	TA
1	43449236	1002	GC
1	43449486	250	TC
1	43450097	611	AG
1	43450156	59	GT
1	43450163	7	TG
1	43450418	42	TC
1	43451581	1008	GA
1	43451895	314	GA
1	43451937	42	GA
1	43452091	154	TC
1	43452708	345	GA
1	43455540	2740	GA
1	43456462	797	AG
1	43458813	2027	TC
1	43459094	281	TC
1	43459247	153	TG
1	43459618	275	CG
1	43459694	76	GA
1	43459764	70	AT
1	43459999	193	TC
1	43460507	194	CT
1	43460587	80	TC
1	43460636	49	CG
1	43461842	1051	CG
1	43462002	160	CT
1	43463309	237	GC
1	43463415	106	CG
1	43463450	35	CA
1	43463465	15	TC
1	43464409	629	TC
1	43464800	391	TC
1	43464830	30	TC
1	43464949	119	TC
1	43465709	540	CT
1	43465877	168	TC
1	43465890	13	GT
1	43465934	44	CG
1	43465960	26	CA
1	43465987	27	TC
1	43466063	76	CT
1	43466122	59	TA
1	43466240	118	GC
1	43466382	142	AG
1	43467028	507	CT
1	43467093	65	TC
1	43467123	30	TC
1	43467550	259	GA
1	43469114	1310	AG
1	43469368	138	GC
1	43469628	206	GA
1	43469633	5	AG
1	43470606	846	CT
1	43470611	5	CT
1	43470989	378	AG
1	43471571	451	GA
1	43471863	292	GA
1	43472026	163	TC
1	43472046	20	GA
1	43472654	589	TC
1	43473209	555	CT
1	43474548	1166	AG
1	43475296	591	CT
1	43475717	421	GA
1	43476249	532	CT
1	43478481	2071	GA
1	43478991	510	AT
1	43479018	27	AG
1	43479157	139	TC
1	43479189	32	AT
1	43479490	301	TC
1	43479658	168	CT
1	43480532	721	CA
1	43480617	85	AG
1	43480944	272	GC
1	43481062	118	TC
1	43481077	15	AT
1	43481411	259	CT
1	43482032	111	AG
1	43482221	189	CT
1	43482438	217	CA
1	43482543	105	AT
1	43482572	29	TA
1	43482612	40	AC
1	43483493	480	CT
1	43483716	223	CA
1	43483866	150	TC
1	43483896	30	GA
1	43483921	25	GA
1	43483960	39	GA
1	43484005	45	TC
1	43484184	179	TG
1	43484194	10	GA
1	43484211	17	TG
1	43484238	27	AG
1	43484388	150	TC
1	43484608	220	CT
1	43484647	39	CG
1	43484666	19	CT
1	43484915	112	CG
1	43484954	39	GA
1	43485477	523	GA
1	43485498	21	CT
1	43485857	359	GA
1	43486074	217	TC
1	43486096	22	CA
1	43486097	1	CA
1	43486206	109	AC
1	43486234	28	GC
1	43486356	122	TC
1	43486420	64	TC
1	43487002	258	TC
1	43504282	13193	CT
1	43505851	1284	CG
1	43509405	2399	CA
1	43512630	2630	GA
1	43516908	2502	TC
1	43517089	181	TC
1	43522748	4788	CA
1	43523193	235	TC
1	43523502	309	AC
1	43523689	187	AG
1	43523874	185	GA
1	43523966	92	GA
1	43524475	162	TC
1	43524523	48	CT
1	43524581	58	AC
1	43524645	64	CT
1	43524677	32	AT
1	43525248	476	CT
1	43526470	1124	TA
1	43526474	4	AG
1	43526848	111	CG
1	43526923	75	AT
1	43529495	1727	GA
1	43529990	397	TC
1	43530413	423	AG
1	43530631	218	AG
1	43531154	327	AG
1	43532042	627	TC
1	43532815	719	TC
1	43532864	49	GA
1	43532933	69	CT
1	43533382	449	GA
1	43533386	4	GC
1	43533418	32	GA
1	43533582	164	AC
1	43533616	34	TC
1	43533807	191	GA
1	43533851	44	CT
1	43533969	118	CA
1	43534241	272	GA
1	43534429	188	CT
1	43537341	2429	CT
1	43538194	730	GA
1	43538827	633	GA
1	43538932	105	GA
1	43539466	212	AG
1	43539628	162	CT
1	43539631	3	GA
1	43541082	1000	CG
1	43541153	71	AG
1	43542602	1139	AG
1	43542896	294	GA
1	43543449	143	GA
1	43543540	91	TC
1	43543898	358	TC
1	43543994	96	GA
1	43544091	97	CA
1	43544253	162	TC
1	43544266	13	AG
1	43544324	58	CT
1	43544353	29	GA
1	43544361	8	GT
1	43544446	85	TC
1	43544650	204	AG
1	43545531	881	GT
1	43546105	363	AG
1	43546798	384	CT
1	43546871	73	CG
1	43548543	340	CT
1	43552553	1466	CT
1	43553966	1366	AT
1	43555688	1722	AG
1	43555720	32	AG
1	43556343	598	GA
1	43556511	168	CT
1	43556678	167	GA
1	43556704	26	GC
1	43557074	370	GA
1	43557192	118	AG
1	43558462	768	AG
1	43559385	762	TC
1	43560355	558	TC
1	43560433	78	AG
1	43560446	13	TG
1	43560478	32	GA
1	43561640	390	GA
1	43561648	8	CT
1	43561671	23	CT
1	43561819	148	GA
1	43561846	27	CT
1	43561974	128	GA
1	43562312	338	AG
1	43563249	908	CT
1	43563252	3	CT
1	43563308	56	AC
1	43569859	4659	TC
1	43570152	293	AC
1	43570232	80	TC
1	43570234	2	GT
1	43571099	865	CT
1	43571316	217	AG
1	43571327	11	CT
1	43571333	6	AG
1	43571572	239	CA
1	43571834	262	GT
1	43571893	59	CT
1	43571922	29	AG
1	43572001	79	GA
1	43572002	1	AT
1	43572090	88	GC
1	43572148	58	AG
1	43572259	111	AG
1	43572426	167	GA
1	43572794	368	AG
1	43573147	353	TC
1	43573154	7	TA
1	43573175	21	CT
1	43573281	106	CT
1	43573467	186	GA
1	43573474	7	CT
1	43573505	31	CT
1	43574048	135	GA
1	43574883	835	CT
1	43575114	231	TC
1	43575160	46	TC
1	43576969	1306	CA
1	43577509	540	CG
1	43579955	556	CT
1	43581913	1627	GA
1	43583882	854	TG
1	43584102	220	TC
1	43587884	3245	CA
1	43596796	8398	GA
1	43596917	121	TC
1	43603427	3250	AG
1	43603959	532	AG
1	43604586	627	CT
1	43604642	56	GC
1	43606380	1109	GA
1	43607526	666	AC
1	43607570	44	GA
1	43607623	53	CT
1	43607754	131	GA
1	43608148	58	AT
1	43608151	3	GT
1	43608387	236	CT
1	43608399	12	CT
1	43608487	88	TC
1	43608501	14	GT
1	43608611	34	GA
1	43608684	73	CG
1	43608723	39	GT
1	43608972	108	AC
1	43608995	23	GT
1	43608999	4	AG
1	43609027	28	CT
1	43609240	213	TG
1	43609738	498	GA
1	43610328	426	CT
1	43610401	73	GA
1	43610554	111	GC
1	43610984	430	CT
1	43611230	246	CT
1	43611236	6	GT
1	43611261	25	GA
1	43611276	15	GA
1	43611294	18	GA
1	43611317	23	CT
1	43611387	70	GA
1	43611413	26	CT
1	43611483	70	TC
1	43611486	3	GA
1	43611493	7	CA
1	43611631	138	CT
1	43611664	33	AG
1	43611665	1	AC
1	43611695	30	TG
1	43612056	361	GA
1	43612426	370	CG
1	43612878	452	TC
1	43612918	40	AG
1	43613025	107	TA
1	43613406	381	CT
1	43613588	182	GA
1	43613767	179	AG
1	43613802	35	GA
1	43614037	68	AG
1	43614049	12	CA
1	43614274	225	AG
1	43614663	389	GA
1	43614664	1	GC
1	43614705	41	CT
1	43615115	364	CT
1	43615185	70	CT
1	43615233	48	AG
1	43615253	20	CT
1	43615272	19	GA
1	43615377	105	AG
1	43615634	257	AG
1	43615670	36	GA
1	43616510	840	GC
1	43616613	103	CT
1	43616817	204	GA
1	43618425	1353	CT
1	43620497	2012	GT
1	43622649	632	CA
1	43623252	603	CT
1	43623282	30	GA
1	43623316	34	CA
1	43623563	247	TA
1	43624259	394	CT
1	43624734	475	CT
1	43625499	686	CT
1	43625554	55	AG
1	43625930	34	TC
1	43625982	52	CT
1	43626083	101	CT
1	43626089	6	GA
1	43626183	94	GA
1	43626288	105	TC
1	43626323	35	CA
1	43626547	145	GA
1	43626615	68	GC
1	43626812	197	TC
1	43626879	67	GA
1	43627881	511	TC
1	43627915	34	TC
1	43627983	68	TC
1	43628181	198	CT
1	43628198	17	CT
1	43628201	3	GA
1	43628222	21	TG
1	43628252	30	TA
1	43628270	18	GT
1	43628280	10	CT
1	43628294	14	CT
1	43628329	35	CA
1	43628394	65	TA
1	43628396	2	GA
1	43628415	19	GA
1	43630676	407	GA
1	43630716	40	CT
1	43630830	114	AG
1	43631040	210	AC
1	43631157	117	GC
1	43631229	72	AT
1	43631269	40	CT
1	43631300	31	CG
1	43631332	32	GT
1	43631413	81	GA
1	43631648	235	AG
1	43631797	149	TC
1	43632148	351	GA
1	43632416	268	GA
1	43632454	38	GA
1	43632510	56	GA
1	43632861	351	TC
1	43632908	47	CT
1	43633073	165	GA
1	43633083	10	CT
1	43633927	799	AG
1	43634300	373	TA
1	43636475	357	GA
1	43636477	2	GT
1	43636965	488	GT
1	43636977	12	AG
1	43637066	89	AG
1	43637078	12	GC
1	43637195	52	AG
1	43637231	36	TC
1	43637669	419	CA
1	43637674	5	CT
1	43638739	954	TC
1	43640018	1131	CG
1	43642857	1764	GA
1	43644626	1139	GA
1	43644647	21	CG
1	43645104	457	AT
1	43645145	41	TC
1	43645407	262	CT
1	43645413	6	GA
1	43645490	77	AG
1	43645980	208	TC
1	43646066	86	GA
1	43646248	161	CG
1	43646305	57	GA
1	43646313	8	CT
1	43646402	89	TC
1	43646409	7	TC
1	43646584	120	GA
1	43646813	229	GA
1	43646953	140	CA
1	43647055	102	AG
1	43647296	241	GA
1	43647327	31	TG
1	43647329	2	TC
1	43647344	15	CT
1	43647346	2	GA
1	43647426	80	AT
1	43647509	83	TC
1	43647510	1	GA
1	43647531	21	TC
1	43647562	31	CG
1	43648026	440	GA
1	43648185	159	GA
1	43648280	95	CT
1	43648325	45	TC
1	43648613	288	CG
1	43649068	382	TC
1	43649477	409	CG
1	43649747	270	AG
1	43649762	15	TC
1	43649820	58	TC
1	43650051	143	TC
1	43650059	8	CA
1	43650068	9	TC
1	43650387	319	GA
1	43650422	35	CT
1	43650430	8	TC
1	43650484	54	TC
1	43650543	59	AT
1	43650561	18	TC
1	43650573	12	CA
1	43651322	749	TC
1	43651435	113	TG
1	43651473	38	AG
1	43651598	125	AG
1	43651681	83	TC
1	43651907	226	TC
1	43651977	70	GA
1	43652064	87	GA
1	43653020	956	TG
1	43653098	78	GC
1	43653213	115	AG
1	43653235	22	GA
1	43653271	36	TC
1	43653290	19	AG
1	43653543	253	AG
1	43653762	219	CG
1	43654921	1159	GA
1	43655345	424	CG
1	43655953	514	CT
1	43657197	909	CT
1	43657918	721	GA
1	43658671	403	GA
1	43658917	246	GA
1	43659010	93	GA
1	43659020	10	AC
1	43659054	34	CT
1	43659164	110	GC
1	43659529	264	CT
1	43660932	1403	CT
1	43661105	173	CT
1	43661262	157	GA
1	43661268	6	GA
1	43662784	1267	AT
1	43663417	633	TG
1	43663556	139	CT
1	43664663	1027	CA
1	43664713	50	CT
1	43664910	197	CT
1	43665217	307	AC
1	43665396	179	CT
1	43665715	319	GA
1	43665741	26	TC
1	43666517	716	CT
1	43666800	283	CT
1	43675629	4345	GA
1	43675772	143	AC
1	43676290	418	TC
1	43676435	145	CG
1	43677161	475	GT
1	43677264	103	AG
1	43678169	641	CT
1	43678294	125	CT
1	43678556	262	CT
1	43678800	244	AG
1	43678856	56	AC
1	43679071	215	GT
1	43679374	303	GT
1	43680005	631	TC
1	43680026	21	GA
1	43680863	837	CT
1	43681839	922	GA
1	43682254	282	GC
1	43682594	340	GA
1	43682627	33	GT
1	43683053	313	TC
1	43683805	432	TG
1	43685211	878	AG
1	43687734	1114	CT
1	43687851	117	AG
1	43688642	394	TC
1	43688673	31	AG
1	43688781	108	GA
1	43688844	63	GC
1	43689155	311	TC
1	43689484	329	AG
1	43690845	1285	CT
1	43692099	1254	CG
1	43693204	361	CT
1	43694056	447	CA
1	43694092	36	AG
1	43694331	239	TA
1	43694846	515	CT
1	43697266	2176	CT
1	43698723	1360	GA
1	43701993	2640	AG
1	43702078	85	TC
1	43710648	5060	GA
1	43710738	90	GA
1	43711930	1192	AC
1	43714146	2216	CT
1	43714415	269	TG
1	43715532	807	AG
1	43719728	3154	TC
1	43720100	372	AG
1	43721146	970	TA
1	43721148	2	CT
1	43721164	16	TC
1	43721214	50	TG
1	43721283	69	GA
1	43721479	196	TG
1	43721564	85	TG
1	43721751	187	TG
1	43721824	73	GA
1	43721827	3	CT
1	43721936	109	CG
1	43722188	252	TC
1	43722243	55	TC
1	43722365	122	AG
1	43722376	11	CT
1	43722431	55	CT
1	43724074	1643	AC
1	43724467	393	GA
1	43724691	224	AG
1	43724905	214	TC
1	43724979	74	AG
1	43725143	164	GA
1	43725640	497	CG
1	43725713	73	CT
1	43726180	467	AG
1	43726314	58	AT
1	43726327	13	CA
1	43726336	9	CT
1	43727191	821	GA
1	43727201	10	CT
1	43727260	59	TA
1	43727303	43	TC
1	43727793	490	GA
1	43728720	927	GC
1	43728767	47	CT
1	43730386	1164	GA
1	43731260	605	CT
1	43734344	2311	TG
1	43734434	90	GA
1	43734826	392	CG
1	43735277	361	GA
1	43735351	74	GA
1	43735680	329	TC
1	43735723	43	CT
1	43735888	165	TC
1	43735984	96	CT
1	43736869	651	GA
1	43736875	6	GA
1	43736942	67	GA
1	43736945	3	GT
1	43737084	139	CT
1	43737144	24	AG
1	43737153	9	TC
1	43737164	11	GA
1	43737167	3	CT
1	43737169	2	AG
1	43737273	104	GA
1	43737460	187	AG
1	43737636	176	GA
1	43737761	125	CT
1	43738483	643	GA
1	43738542	59	AC
1	43738586	44	GA
1	43738979	258	CT
1	43739125	125	AG
1	43739246	121	GA
1	43739414	168	GC
1	43739441	27	CT
1	43739647	127	GA
1	43739687	40	CT
1	43741978	1217	CT
1	43743377	427	TC
1	43747039	3032	GT
1	43747490	305	CT
1	43749583	1627	GA
1	43749628	45	CG
1	43751261	1428	CG
1	43752946	1635	TG
1	43753949	547	CT
1	43754183	234	AG
1	43756352	1976	TG
1	43756940	467	TC
1	43757403	463	CT
1	43758373	687	CT
1	43759512	600	GA
1	43760058	546	TC
1	43760079	21	GA
1	43760110	31	GA
1	43760195	85	GC
1	43760255	60	GT
1	43760689	434	GA
1	43761204	140	GA
1	43761558	354	GA
1	43762059	501	TG
1	43762200	141	TC
1	43762285	85	TC
1	43762890	418	AG
1	43763346	456	GA
1	43764194	848	CG
1	43764296	102	AT
1	43764298	2	CT
1	43764299	1	GT
1	43765044	669	GA
1	43765480	207	CT
1	43766485	974	CT
1	43766716	231	CA
1	43766904	188	TG
1	43767387	483	CT
1	43769197	1810	TC
1	43769373	176	AC
1	43770050	508	GA
1	43770199	149	TC
1	43770435	236	CT
1	43770477	42	GT
1	43770915	438	AC
1	43771561	646	AG
1	43771952	215	CT
1	43772172	220	CT
1	43772274	28	CT
1	43772335	61	TC
1	43772363	28	GA
1	43772382	19	AG
1	43772423	41	CT
1	43772447	24	CA
1	43772595	148	TG
1	43772735	140	GA
1	43772739	4	TA
1	43772807	68	CG
1	43772919	112	AG
1	43772921	2	CT
1	43772960	39	GT
1	43773042	82	GA
1	43773426	384	AG
1	43773590	164	TC
1	43773606	16	GA
1	43773697	91	TC
1	43773701	4	GA
1	43773822	121	AG
1	43773919	97	AG
1	43773956	37	AG
1	43774018	62	GA
1	43774040	22	TC
1	43774243	119	AG
1	43774553	88	TC
1	43774627	19	GA
1	43774674	47	GA
1	43775072	170	TC
1	43775556	484	CT
1	43775763	207	CT
1	43777575	1163	AG
1	43777845	270	GA
1	43778029	184	TG
1	43778094	65	AG
1	43778381	237	CA
1	43778382	1	AG
1	43778456	74	GA
1	43778527	71	AC
1	43778537	10	GA
1	43778628	91	AC
1	43779387	709	GA
1	43779509	122	TC
1	43780031	522	TC
1	43780138	107	GC
1	43780672	486	AG
1	43786206	3704	AG
1	43786467	261	TC
1	43786603	136	GA
1	43788687	1632	AG
1	43788706	19	AG
1	43789092	386	GA
1	43789108	16	GA
1	43789161	53	GC
1	43789257	96	CT
1	43789278	21	GA
1	43789852	393	GC
1	43790125	273	TC
1	43791714	951	CA
1	43791844	93	CA
1	43791892	48	CT
1	43791893	1	AG
1	43792019	126	AG
1	43792404	340	GA
1	43792491	87	CT
1	43792695	204	CA
1	43792775	80	CT
1	43793071	246	TA
1	43793116	45	AG
1	43793334	218	CA
1	43793345	11	GC
1	43793686	341	AG
1	43793695	9	GA
1	43793715	20	CG
1	43793783	68	TC
1	43794105	240	GT
1	43794491	263	TC
1	43795205	665	AG
1	43795630	425	AG
1	43796356	679	CT
1	43796361	5	CT
1	43796846	485	AG
1	43797042	196	GA
1	43798638	1283	TA
1	43798728	90	CA
1	43798765	37	CG
1	43798813	48	TG
1	43798907	94	CT
1	43799410	503	CT
1	43800232	805	CT
1	43801340	724	CG
1	43801414	74	CT
1	43801826	412	AG
1	43803854	1068	AG
1	43804414	317	AG
1	43804433	19	CT
1	43804443	10	AC
1	43804623	180	GA
1	43804698	75	CT
1	43805924	460	GT
1	43807103	797	CT
1	43807140	37	TC
1	43807179	39	GA
1	43807427	248	GA
1	43807717	290	CT
1	43808035	318	AG
1	43808425	205	GT
1	43808617	192	CT
1	43809130	465	AG
1	43809388	219	AG
1	43809603	215	GT
1	43809784	181	TG
1	43809854	70	CT
1	43809897	43	CT
1	43810153	151	AG
1	43810157	4	CT
1	43810449	242	CT
1	43810505	56	CT
1	43811472	967	AC
1	43811765	161	TC
1	43811991	226	TC
1	43812167	176	GT
1	43812784	617	TC
1	43813335	551	GC
1	43814090	755	AG
1	43814092	2	AG
1	43814503	411	TG
1	43815196	652	GA
1	43815246	50	GA
1	43815387	141	AC
1	43815629	242	CT
1	43815649	20	TG
1	43815653	4	TC
1	43815673	20	TC
1	43815702	29	GT
1	43815797	95	AG
1	43815843	46	GA
1	43815872	29	TC
1	43816340	468	CG
1	43816389	49	CT
1	43816471	82	TC
1	43816727	47	CG
1	43816842	115	GA
1	43816946	104	GA
1	43817356	410	CA
1	43817412	56	AG
1	43817534	122	AG
1	43819374	1739	TA
1	43819582	208	GA
1	43819590	8	CT
1	43820532	621	AC
1	43823210	2135	CT
1	43823330	120	AG
1	43823374	44	GT
1	43823591	217	AG
1	43823864	273	CT
1	43824062	198	CT
1	43824326	204	CT
1	43824450	124	TC
1	43824475	25	GA
1	43824726	251	TC
1	43824766	40	TC
1	43826227	304	AC
1	43826237	10	CT
1	43826446	209	CT
1	43826454	8	TA
1	43826519	65	AG
1	43826525	6	GT
1	43826709	184	AG
1	43826720	11	AG
1	43826813	93	GA
1	43826980	167	GA
1	43827011	31	CT
1	43827418	407	AT
1	43827557	40	CT
1	43827598	41	CT
1	43828228	224	GT
1	43828265	37	GA
1	43828273	8	TA
1	43828345	72	TC
1	43828526	51	CG
1	43829208	280	AT
1	43830236	732	GC
1	43830315	79	TA
1	43830912	597	CT
1	43831125	213	GA
1	43831489	316	GA
1	43831529	40	AC
1	43831653	124	GA
1	43832298	645	CT
1	43834301	1707	TA
1	43834368	67	TA
1	43835154	537	GA
1	43835210	56	AC
1	43836168	958	AG
1	43836310	142	GA
1	43837435	523	GA
1	43837632	197	CG
1	43837737	105	CT
1	43837835	98	CG
1	43838237	402	CT
1	43839319	924	CT
1	43839608	57	GA
1	43841066	929	GA
1	43841327	38	GA
1	43841845	518	GA
1	43841936	91	AC
1	43842633	539	CT
1	43842889	225	CT
1	43843407	328	GA
1	43843498	91	GC
1	43843680	182	CT
1	43843835	155	GA
1	43843838	3	CT
1	43843959	121	GA
1	43845297	1170	GA
1	43845638	341	TC
1	43845748	110	TC
1	43845840	92	GA
1	43846302	431	GA
1	43847093	707	GT
1	43847216	123	CT
1	43847437	191	CT
1	43847439	2	CT
1	43847821	382	TC
1	43847902	81	AT
1	43847917	15	CT
1	43848100	183	GC
1	43848143	43	CT
1	43848203	60	CT
1	43848581	357	GA
1	43848946	365	GA
1	43849166	220	CA
1	43849343	177	GA
1	43849544	201	GA
1	43850807	1103	CT
1	43851198	391	GA
1	43852026	386	GT
1	43853027	631	GT
1	43853268	241	GA
1	43853421	153	GC
1	43854092	671	GA
1	43854285	193	CA
1	43854612	327	CT
1	43854680	68	AG
1	43854728	48	GA
1	43854940	212	CT
1	43854964	24	TC
1	43857012	1060	TC
1	43857185	173	AG
1	43857201	16	TA
1	43857397	196	CT
1	43857813	233	TA
1	43857836	23	GA
1	43858337	501	GA
1	43858600	263	GA
1	43858624	24	AG
1	43859135	60	TC
1	43862662	2736	GA
1	43865297	2118	AC
1	43865319	22	TC
1	43866475	1055	CT
1	43867457	808	AG
1	43870081	1991	TC
1	43870350	269	AC
1	43877364	5639	CG
1	43878590	1226	CT
1	43881240	2365	GA
1	43881598	314	CT
1	43882264	666	GA
1	43882297	33	GT
1	43882413	116	GA
1	43882426	13	CG
1	43883017	282	GA
1	43883132	115	TA
1	43884399	536	GA
1	43884955	556	TC
1	43885268	313	GT
1	43886356	627	CT
1	43886757	401	GC
1	43886969	212	GA
1	43886992	23	TG
1	43893782	5151	CT
1	43894349	567	AG
1	43894411	62	AG
1	43894523	112	AG
1	43895052	422	AG
1	43895873	762	TC
1	43895968	95	CT
1	43896407	242	GA
1	43896539	132	AG
1	43897460	871	CT
1	43898252	547	AG
1	43898287	35	CT
1	43898720	218	AG
1	43898766	46	CT
1	43900235	712	AG
1	43907084	5972	CT
1	43908372	1108	GA
1	43908896	524	AC
1	43908930	34	CT
1	43909118	188	AG
1	43909248	130	GA
1	43909317	69	CT
1	43909388	71	CT
1	43909416	28	AG
1	43909435	19	TC
1	43909712	204	GA
1	43909827	115	GA
1	43910053	226	GA
1	43910087	34	TC
1	43910398	311	TC
1	43910496	98	CG
1	43912013	307	GA
1	43912266	253	TC
1	43912333	67	AG
1	43912789	456	AG
1	43913138	349	GA
1	43913222	84	CT
1	43913333	111	GT
1	43916630	2408	CT
1	43916640	10	CT
1	43919723	2328	CT
1	43919945	222	GA
1	43920410	465	AG
1	43920497	87	AC
1	43920594	97	GA
1	43921136	520	TG
1	43921825	689	CT
1	43921833	8	CT
1	43924143	2171	CG
1	43924298	155	CG
1	43925897	1532	TC
1	43927671	1728	AG
1	43932303	4163	GT
1	43933169	648	AG
1	43934052	883	TC
1	43934310	258	GA
1	43934636	238	TC
1	43935087	451	TC
1	43935275	188	GC
1	43936486	734	TC
1	43936507	21	GA
1	43936835	47	GA
1	43937042	207	GC
1	43937296	254	GA
1	43937328	32	TC
1	43937348	20	CT
1	43937349	1	AG
1	43937449	100	CT
1	43937480	31	CT
1	43937780	300	AG
1	43937801	21	TC
1	43937945	144	TA
1	43938011	66	CT
1	43938799	788	GA
1	43939320	283	TC
1	43940133	729	CT
1	43940457	324	TC
1	43940813	356	TC
1	43940916	103	CG
1	43941855	911	AG
1	43945814	3769	TC
1	43947148	1151	GC
1	43948248	886	GA
1	43948305	57	TG
1	43948315	10	CT
1	43948406	91	AG
1	43948453	47	AT
1	43948579	126	AG
1	43948655	76	TG
1	43948710	55	TC
1	43948849	139	GA
1	43949492	643	GA
1	43951523	1683	CT
1	43952114	591	CA
1	43954806	2608	AT
1	43955262	456	GA
1	43955518	256	AG
1	43956627	755	TC
1	43957840	1213	TC
1	43959046	1110	GA
1	43960249	803	GA
1	43961075	826	GA
1	43964993	3766	GC
1	43965048	55	GT
1	43965068	20	AT
1	43969923	4767	CT
1	43970207	284	AG
1	43970307	100	AG
1	43972261	1339	CT
1	43978656	6138	CT
1	43978700	44	CT
1	43980862	1917	CT
1	43981096	234	AG
1	43981667	512	CT
1	43981786	119	AG
1	43982207	325	GA
1	43982499	292	GA
1	43984286	1554	AC
1	43985214	928	AT
1	43985327	113	CT
1	43991455	4759	AG
1	43993740	2099	AG
1	43994007	126	GA
1	43999752	4677	CT
1	43999831	79	GA
1	44000136	305	TC
1	44000251	115	GA
1	44000594	228	TC
1	44000923	329	TC
1	44000962	39	TC
1	44001047	85	CT
1	44004924	2073	CT
1	44005114	190	GA
1	44005801	483	CT
1	44006783	982	AT
1	44007616	833	CT
1	44007650	34	TC
1	44007751	101	TG
1	44008026	68	GA
1	44008114	88	GA
1	44008182	68	GA
1	44009028	606	GA
1	44009229	201	CT
1	44009637	377	CT
1	44010829	1033	AC
1	44011162	333	AG
1	44011212	50	TC
1	44011267	55	CT
1	44011419	152	GA
1	44011906	487	GA
1	44012046	140	GA
1	44012074	28	TC
1	44012410	336	GA
1	44012472	62	CT
1	44012880	408	CT
1	44013053	173	GA
1	44013232	179	TC
1	44013297	65	TC
1	44013569	272	TC
1	44013988	136	GA
1	44014079	91	CA
1	44014092	13	AG
1	44014127	35	AT
1	44014139	12	AG
1	44014258	119	AG
1	44014462	204	AC
1	44015045	332	GA
1	44017482	390	GC
1	44018475	420	TC
1	44019881	321	AT
1	44020025	144	AC
1	44020148	42	CT
1	44020252	104	GT
1	44023277	644	GA
1	44023502	225	CA
1	44024841	170	CA
1	44025187	346	GA
1	44025637	450	GA
1	44030131	1750	TG
1	44030225	94	TG
1	44031090	865	GA
1	44031810	644	AT
1	44032295	485	GA
1	44032367	72	CT
1	44032873	506	CT
1	44033421	548	CT
1	44033543	122	GA
1	44034274	731	TC
1	44034346	72	AG
1	44035202	816	TC
1	44035273	71	CA
1	44035274	1	AG
1	44038470	2757	CT
1	44038580	110	CT
1	44038593	13	CT
1	44038915	322	AG
1	44039371	345	AG
1	44041184	1629	GA
1	44042939	1368	GA
1	44043207	268	AG
1	44043304	97	CT
1	44043730	426	GA
1	44043931	201	TC
1	44045185	1254	GA
1	44045370	185	CG
1	44045770	400	CT
1	44046050	280	GA
1	44046228	178	AG
1	44047720	946	AG
1	44048420	531	AC
1	44048681	261	GA
1	44048949	268	GA
1	44050524	1575	TC
1	44050875	297	AG
1	44050881	6	GA
1	44051011	130	TC
1	44052400	958	TC
1	44052472	72	CT
1	44053609	588	CT
1	44053782	173	GA
1	44053826	44	CT
1	44054215	389	GA
1	44054337	122	TC
1	44054659	109	TC
1	44054783	124	CA
1	44055130	278	GT
1	44055826	422	AG
1	44055905	79	AG
1	44056508	603	GT
1	44057442	934	AG
1	44058086	644	TG
1	44058155	69	TC
1	44058237	82	CT
1	44058549	312	GA
1	44058569	20	TC
1	44058596	27	CT
1	44058872	196	TC
1	44058894	22	CT
1	44059698	431	CT
1	44060188	490	TC
1	44060241	53	CG
1	44060319	78	CA
1	44060325	6	CT
1	44061875	824	AG
1	44061953	78	AG
1	44062124	171	GA
1	44062143	19	GA
1	44062425	282	GA
1	44063074	562	GA
1	44063658	584	AG
1	44075153	5617	CA
1	44077683	1872	GA
1	44079753	1687	GA
1	44079946	193	GA
1	44082605	2000	CT
1	44083757	963	GA
1	44089900	4130	CT
1	44090147	247	CT
1	44090150	3	TC
1	44090390	214	CG
1	44091155	376	AG
1	44091171	16	TC
1	44093754	2196	CT
1	44094975	695	GT
1	44101487	5134	CT
1	44102590	882	TC
1	44102599	9	CG
1	44103219	620	CA
1	44104379	829	GA
1	44104500	121	GA
1	44104852	305	GA
1	44105705	853	TC
1	44105855	150	CT
1	44107880	1258	GA
1	44107885	5	TC
1	44107926	41	TA
1	44108061	135	TC
1	44108115	54	CG
1	44108747	632	TC
1	44108762	15	GA
1	44109034	272	GA
1	44109109	75	AC
1	44109291	182	TC
1	44109359	68	AT
1	44109514	155	GA
1	44109624	110	AG
1	44109640	16	GA
1	44109708	68	GA
1	44110383	545	CG
1	44110387	4	AC
1	44110419	32	AT
1	44110949	484	CT
1	44111110	15	AG
1	44111121	11	GA
1	44111155	34	GA
1	44111494	94	AG
1	44112581	751	TC
1	44112661	80	TA
1	44112697	36	AT
1	44112766	69	AG
1	44112835	69	AG
1	44112949	114	GT
1	44113025	76	GA
1	44113233	208	CA
1	44113409	176	CG
1	44113410	1	AC
1	44113780	370	GA
1	44113785	5	CT
1	44114387	560	CA
1	44114410	23	GA
1	44114681	208	CT
1	44115297	579	CT
1	44116251	325	GA
1	44117065	200	AC
1	44118891	228	TC
1	44119575	258	AG
1	44121090	991	AG
1	44121500	410	AG
1	44121830	281	CT
1	44122309	414	TA
1	44122617	226	AT
1	44122700	83	CT
1	44122817	117	AT
1	44122964	147	CT
1	44123112	148	CT
1	44123299	187	CT
1	44123373	74	TC
1	44124223	662	CT
1	44125293	1070	CT
1	44125545	252	GT
1	44125921	376	CT
1	44126684	486	GA
1	44127109	425	GA
1	44127141	32	GC
1	44127381	240	CT
1	44128012	631	GA
1	44128258	246	AG
1	44128347	89	GA
1	44128383	36	CT
1	44129185	511	AG
1	44129544	316	CA
1	44129668	124	CT
1	44129705	37	TC
1	44129758	53	CT
1	44129779	21	CT
1	44131315	888	TC
1	44131404	89	CG
1	44131505	56	GC
1	44131546	41	CA
1	44132088	542	CG
1	44132892	378	GA
1	44133154	262	GA
1	44133313	159	AG
1	44134380	239	GA
1	44134800	420	AG
1	44134836	36	GC
1	44134982	146	GA
1	44135282	113	AG
1	44135585	239	AG
1	44135586	1	GA
1	44135612	26	CT
1	44136245	53	AT
1	44136260	15	GC
1	44136394	46	CA
1	44136803	409	TC
1	44137807	797	GA
1	44137918	111	GT
1	44138213	295	GA
1	44138308	95	CT
1	44138473	165	TG
1	44138575	102	AT
1	44138997	206	TC
1	44143670	3689	CT
1	44144263	593	CT
1	44144379	116	CA
1	44144859	443	GA
1	44145492	569	CA
1	44145844	352	TC
1	44146421	577	GC
1	44146436	15	GA
1	44146663	105	CT
1	44146934	271	TG
1	44147056	122	TC
1	44147177	121	CT
1	44147296	119	TC
1	44147429	133	CT
1	44147709	162	CA
1	44147718	9	TC
1	44148232	332	TC
1	44149486	438	GA
1	44149717	97	CG
1	44150125	261	GA
1	44150561	436	CA
1	44150596	35	AT
1	44150606	10	CA
1	44151293	636	CA
1	44152529	526	CT
1	44153303	722	GA
1	44153803	428	GT
1	44154157	354	CT
1	44154544	387	CT
1	44155416	720	AG
1	44155470	54	AG
1	44155564	94	CT
1	44155959	74	AT
1	44156135	176	GA
1	44157632	456	AC
1	44158291	659	AG
1	44158292	1	CT
1	44158486	194	AG
1	44158548	62	CT
1	44158806	166	CT
1	44158965	159	GT
1	44159166	88	CT
1	44159455	289	GA
1	44160914	572	CG
1	44160999	85	GA
1	44161357	358	CT
1	44161543	186	AG
1	44161675	132	GA
1	44161748	73	GA
1	44161996	248	CT
1	44162082	86	TC
1	44162101	19	TC
1	44162174	73	AG
1	44162183	9	AG
1	44162276	93	TC
1	44162311	35	AG
1	44162546	235	TC
1	44162783	218	AG
1	44163810	1006	CT
1	44163952	142	AC
1	44163953	1	AC
1	44164031	78	TA
1	44164036	5	AC
1	44164589	283	GC
1	44164989	400	CT
1	44166472	1239	AT
1	44167964	827	GA
1	44168524	560	AG
1	44168821	18	AG
1	44168830	9	CT
1	44169698	507	TC
1	44169717	19	GA
1	44169800	83	GA
1	44169887	87	TC
1	44170062	175	GA
1	44170149	87	GC
1	44170288	139	TG
1	44170811	292	AG
1	44170921	110	TC
1	44171281	360	AG
1	44171329	48	AG
1	44172104	513	CG
1	44172131	27	GA
1	44173219	967	GC
1	44173630	327	TC
1	44173659	29	TC
1	44173695	36	GC
1	44173741	46	CT
1	44174803	858	CT
1	44175224	172	TC
1	44177336	1326	GA
1	44177337	1	GA
1	44178005	329	GA
1	44184056	2101	GA
1	44187887	1856	AT
1	44188446	559	TC
1	44191831	2134	TC
1	44191870	39	AG
1	44191985	115	AG
1	44195684	2258	CT
1	44198838	2729	TC
1	44200263	1079	GA
1	44200268	5	GA
1	44201164	896	AG
1	44201186	22	CT
1	44201572	386	GC
1	44201755	183	CT
1	44201790	35	CG
1	44201800	10	AT
1	44202338	463	AG
1	44202445	107	CG
1	44202497	52	AG
1	44202586	89	CA
1	44202898	312	CT
1	44204226	1064	TC
1	44204309	83	TA
1	44204324	15	TC
1	44205549	382	TC
1	44207745	1997	CT
1	44207978	233	CG
1	44208554	449	CG
1	44214786	3162	AC
1	44214806	20	TC
1	44214811	5	CT
1	44216255	683	AT
1	44216987	732	GA
1	44217825	626	GA
1	44218186	235	GA
1	44219869	1307	TG
1	44220745	669	TG
1	44221051	271	TA
1	44221345	136	GA
1	44222906	1219	CA
1	44223162	187	TC
1	44223598	344	GC
1	44224432	478	TC
1	44227638	1353	AG
1	44230268	1341	AG
1	44230342	74	CT
1	44231828	718	AG
1	44232903	781	AG
1	44233682	779	AG
1	44238587	2384	GT
1	44239490	338	CT
1	44239521	31	GA
1	44239635	114	GA
1	44244710	982	GA
1	44253495	3087	GC
1	44254109	262	AG
1	44254362	253	TC
1	44260483	4739	TA
1	44261493	884	GA
1	44261567	74	GC
1	44262260	652	AG
1	44263177	917	GA
1	44263595	241	CA
1	44263606	11	TC
1	44263797	191	TC
1	44263951	154	CT
1	44264020	69	CT
1	44264114	94	AG
1	44264136	22	AG
1	44265215	514	GA
1	44265317	23	GT
1	44265690	373	TC
1	44266983	420	CA
1	44267047	64	CG
1	44267537	490	GC
1	44267808	106	CT
1	44268066	258	TC
1	44268356	290	TC
1	44268759	254	GC
1	44269695	725	CT
1	44270439	642	GA
1	44270449	10	GA
1	44270574	125	AC
1	44271883	348	TA
1	44271887	4	TG
1	44272363	38	CT
1	44272921	558	AG
1	44272994	73	GT
1	44273191	197	GA
1	44275872	1371	GA
1	44278092	1785	CT
1	44278422	330	TA
1	44281144	1404	TC
1	44286703	4290	CT
1	44286868	165	AG
1	44286882	14	AT
1	44287057	175	CT
1	44287198	141	CT
1	44287300	102	CG
1	44287351	51	CA
1	44287690	339	CT
1	44287786	96	CT
1	44287967	181	GA
1	44288583	482	AG
1	44289013	430	CT
1	44289051	38	GA
1	44289960	909	CT
1	44291413	1349	TC
1	44293782	2090	TC
1	44293844	62	AC
1	44293886	42	TC
1	44293922	36	AG
1	44293932	10	AG
1	44294349	417	AG
1	44294461	112	TC
1	44294876	415	GC
1	44294882	6	AG
1	44294923	41	AG
1	44295745	822	GA
1	44296285	540	AG
1	44296321	36	GC
1	44296389	68	GA
1	44297070	681	GA
1	44297170	100	TC
1	44297373	203	CT
1	44297857	484	GA
1	44297902	45	GA
1	44298256	354	CG
1	44298257	1	TC
1	44298328	71	GA
1	44298515	187	TA
1	44298516	1	CA
1	44298559	43	GA
1	44298836	277	CT
1	44298885	49	GA
1	44298921	36	AG
1	44298951	30	GA
1	44299898	873	TC
1	44300846	948	AG
1	44301332	486	GA
1	44301518	186	AG
1	44301600	82	CT
1	44301957	357	AC
1	44302016	59	TC
1	44302080	64	CG
1	44302549	469	TG
1	44302665	116	CT
1	44302846	181	TC
1	44303065	219	GA
1	44303116	51	CG
1	44303120	4	GA
1	44303529	220	CG
1	44303815	129	AG
1	44304278	139	TC
1	44304427	149	AG
1	44304484	57	CG
1	44304725	241	AG
1	44304764	39	AG
1	44304922	158	CT
1	44305045	123	CT
1	44305215	170	GC
1	44305452	237	GA
1	44305565	113	GA
1	44305688	123	CA
1	44305848	160	AG
1	44305934	86	TC
1	44306022	88	GC
1	44306565	217	AG
1	44306600	35	AG
1	44306997	397	CT
1	44307062	65	AG
1	44307149	87	TC
1	44307339	190	GA
1	44307345	6	TG
1	44307354	9	CT
1	44307375	21	GA
1	44307961	494	AG
1	44308117	156	AG
1	44308152	35	CT
1	44308217	65	CT
1	44308226	9	GA
1	44308358	132	GA
1	44308617	259	GT
1	44308699	82	CT
1	44308924	225	TG
1	44308925	1	CA
1	44308931	6	TC
1	44309194	263	CG
1	44309211	17	CT
1	44310254	1043	CT
1	44310709	455	TC
1	44314897	3850	GA
1	44316672	950	GC
1	44317163	429	TC
1	44317693	379	CT
1	44317752	59	TC
1	44318401	649	CT
1	44318595	194	TA
1	44319292	697	AG
1	44319716	424	GA
1	44319889	173	GA
1	44320742	853	CT
1	44320843	101	GC
1	44321144	301	GA
1	44321233	89	AG
1	44322037	445	TC
1	44322045	8	AG
1	44322161	116	CT
1	44322290	129	AG
1	44322358	68	TG
1	44322889	531	CT
1	44323411	209	CT
1	44324005	472	CT
1	44324795	357	GA
1	44324802	7	CT
1	44324945	143	GT
1	44325098	153	TC
1	44325160	62	TC
1	44325218	58	CT
1	44325286	68	AG
1	44325604	318	CT
1	44326651	612	CT
1	44326959	308	TC
1	44326984	25	GA
1	44327298	314	AT
1	44327357	59	CT
1	44327427	70	AG
1	44327459	32	AG
1	44327563	104	AG
1	44327845	282	GA
1	44327963	118	CT
1	44328517	554	GA
1	44328560	43	AT
1	44328925	365	AG
1	44328980	55	AC
1	44330071	1062	GA
1	44331972	1081	AC
1	44332477	505	GA
1	44334620	2036	CT
1	44389204	36864	GA
1	44406067	11686	AG
1	44424293	12709	TC
1	44425407	1114	GA
1	44425951	544	GA
1	44426607	425	AG
1	44426807	140	TC
1	44426808	1	CT
1	44429055	1349	CT
1	44429541	486	CT
1	44429643	102	CT
1	44429655	12	GA
1	44431818	1421	CT
1	44431836	18	GC
1	44436489	3580	CT
1	44438091	1537	GC
1	44438742	193	TC
1	44438789	47	CG
1	44438852	63	GA
1	44438853	1	TG
1	44439533	264	CG
1	44439534	1	AG
1	44439597	63	CT
1	44440143	361	AG
1	44440283	140	CG
1	44440391	108	CT
1	44440440	49	CT
1	44440475	35	GA
1	44440490	15	CT
1	44440497	7	CG
1	44440578	81	AG
1	44440788	210	GA
1	44440931	143	CT
1	44440939	8	GC
1	44440990	51	CA
1	44440991	1	AT
1	44441496	208	TC
1	44442063	211	AG
1	44442082	19	TG
1	44442112	30	GA
1	44442502	182	TC
1	44442507	5	TC
1	44442554	47	GA
1	44442555	1	AG
1	44442603	48	GA
1	44442859	256	GA
1	44442881	22	AG
1	44443605	570	CA
1	44444210	478	TG
1	44445237	732	CG
1	44445280	43	TA
1	44445356	76	TC
1	44445623	267	AG
1	44445824	201	TC
1	44445865	41	CG
1	44445908	43	CG
1	44445974	66	AG
1	44445977	3	CG
1	44446010	33	GA
1	44446372	362	GA
1	44446390	18	AC
1	44446414	24	AG
1	44446463	49	TG
1	44446464	1	CG
1	44446532	68	AG
1	44446706	174	AG
1	44446890	184	TC
1	44446892	2	CT
1	44447127	214	GA
1	44447269	142	TC
1	44447323	54	TC
1	44447340	17	GA
1	44447373	33	AG
1	44447806	433	GT
1	44447810	4	AG
1	44448079	269	TG
1	44448270	191	AC
1	44448379	109	AG
1	44448631	252	TC
1	44448674	43	CT
1	44449080	94	CA
1	44449122	42	TC
1	44449123	1	CT
1	44449257	134	CT
1	44452482	1760	AT
1	44455985	1659	CT
1	44456799	814	CT
1	44468648	3963	TC
1	44469111	463	GC
1	44469510	367	CT
1	44478747	5996	AG
1	44478796	49	GA
1	44479459	227	GT
1	44480080	260	CT
1	44486193	1181	AG
1	44486269	76	CG
1	44486532	263	GA
1	44489590	1318	GA
1	44491647	1106	GA
1	44496069	1087	AT
1	44500974	2706	CG
1	44506397	767	GA
1	44506424	27	TC
1	44506425	1	GA
1	44531019	10042	CT
1	44531709	690	CG
1	44536818	1636	CT
1	44536934	116	AG
1	44537062	128	AG
1	44537072	10	GA
1	44537197	125	CT
1	44537228	31	AG
1	44537398	130	GA
1	44537456	58	AG
1	44537472	16	AG
1	44537654	182	CT
1	44538071	417	GA
1	44539207	639	TC
1	44539492	285	AG
1	44539514	22	TC
1	44540175	661	TC
1	44540355	180	CG
1	44540709	322	AG
1	44540747	38	TC
1	44540761	14	TC
1	44540782	21	GC
1	44541016	234	AC
1	44541033	17	CA
1	44541211	178	CT
1	44541303	92	TA
1	44542407	445	TC
1	44542418	11	AG
1	44542423	5	AC
1	44542424	1	CT
1	44542429	5	GA
1	44542443	14	CT
1	44542549	106	TC
1	44542571	22	AG
1	44542661	90	AG
1	44542715	54	CT
1	44542727	12	TG
1	44544444	674	TA
1	44545218	484	GA
1	44545246	28	TC
1	44545747	501	AG
1	44545812	65	CT
1	44545819	7	CT
1	44546393	218	TC
1	44547414	468	GA
1	44547597	183	TG
1	44547744	147	CG
1	44548011	267	GA
1	44548642	581	CT
1	44548896	254	CT
1	44549120	224	CT
1	44549470	313	TC
1	44549713	243	CT
1	44549762	49	GA
1	44549841	79	GC
1	44550076	235	GA
1	44550226	150	GA
1	44550286	60	CA
1	44550340	54	CT
1	44550350	10	AG
1	44550361	11	GT
1	44550439	78	GA
1	44550443	4	GA
1	44550465	22	GA
1	44550731	266	CT
1	44550733	2	GA
1	44550755	22	TC
1	44550813	58	TC
1	44551090	277	CT
1	44551129	39	AG
1	44551164	35	AG
1	44551595	188	TC
1	44551610	15	CG
1	44551623	13	TA
1	44551650	27	GC
1	44551652	2	TC
1	44551686	34	CA
1	44552128	442	GC
1	44554162	860	GT
1	44554870	271	CT
1	44554895	25	CT
1	44554907	12	CT
1	44555103	196	CG
1	44555302	199	TC
1	44555523	221	CT
1	44556327	331	TC
1	44556362	35	TG
1	44557258	896	CT
1	44557620	362	GA
1	44558196	576	TC
1	44558414	218	AG
1	44559668	821	CT
1	44562735	1695	AG
1	44563760	493	CT
1	44563805	45	TC
1	44563810	5	CG
1	44564121	186	GT
1	44564182	61	TC
1	44564256	74	TC
1	44564320	15	GA
1	44564451	131	GA
1	44564452	1	CT
1	44564583	131	GA
1	44564827	244	GA
1	44564866	39	TG
1	44564873	7	CA
1	44565703	678	CT
1	44565866	163	AG
1	44566061	195	TG
1	44567452	1121	TC
1	44568245	447	TG
1	44568305	60	TG
1	44568527	222	GC
1	44568567	40	AG
1	44568661	94	CT
1	44569064	79	GA
1	44569386	322	AC
1	44569768	382	CG
1	44570388	573	GA
1	44570428	40	GC
1	44570440	12	GC
1	44571199	759	CA
1	44571221	22	CT
1	44571227	6	TC
1	44571228	1	CA
1	44571903	675	GA
1	44572615	712	AC
1	44572771	156	CT
1	44573304	254	GA
1	44573336	32	GA
1	44573520	184	CT
1	44573594	74	GT
1	44574734	415	AT
1	44575095	361	CA
1	44575655	452	AT
1	44575783	128	GA
1	44576509	585	AG
1	44576885	251	TC
1	44577106	122	CA
1	44577451	345	AC
1	44577483	32	GT
1	44578243	760	GA
1	44578563	320	CT
1	44580538	682	TA
1	44582902	1762	TC
1	44582920	18	GA
1	44585162	1925	TC
1	44587927	1026	GA
1	44587928	1	GA
1	44587936	8	AG
1	44587990	54	TG
1	44588476	486	CT
1	44589169	508	TC
1	44589266	97	GA
1	44589810	544	CT
1	44589880	70	TG
1	44589907	27	AG
1	44592486	761	GA
1	44593222	244	AG
1	44593271	49	CT
1	44593456	185	CT
1	44594021	276	GA
1	44594215	194	CT
1	44594246	31	GA
1	44595177	560	CT
1	44595205	28	CT
1	44595437	232	GA
1	44596136	301	TC
1	44596363	195	TC
1	44596455	92	CT
1	44596902	263	TA
1	44596954	52	GA
1	44597017	63	GT
1	44597021	4	AT
1	44597571	464	CA
1	44597703	132	GA
1	44597776	73	CT
1	44597811	35	TG
1	44598570	759	CT
1	44598635	65	CT
1	44599118	483	AG
1	44599604	453	TC
1	44603747	2599	TG
1	44604219	472	TA
1	44609364	3597	GA
1	44609483	119	CT
1	44609653	170	AG
1	44611776	754	CT
1	44612131	355	AG
1	44613109	978	TC
1	44613180	71	GA
1	44614959	1634	CT
1	44618345	3254	CG
1	44618869	230	CT
1	44619380	511	GA
1	44619907	527	CT
1	44619910	3	GA
1	44619950	40	AT
1	44621365	1132	AT
1	44623512	1510	CT
1	44625277	854	GA
1	44625330	53	TC
1	44625457	127	CT
1	44625535	78	CT
1	44625666	131	AG
1	44625744	78	AG
1	44626323	579	TG
1	44626594	271	GC
1	44626962	368	TC
1	44627073	111	GC
1	44627302	229	AG
1	44627466	164	GT
1	44627865	399	AG
1	44628855	514	TG
1	44628856	1	AT
1	44629057	201	TC
1	44629346	289	CT
1	44629485	139	AT
1	44630470	327	GA
1	44630945	475	CT
1	44631034	61	AT
1	44631068	34	TG
1	44631084	16	CT
1	44631119	35	CT
1	44631301	182	GA
1	44631410	109	AG
1	44631448	38	AT
1	44631459	11	TC
1	44631481	22	TC
1	44631858	104	CT
1	44632786	258	AG
1	44636724	1497	TC
1	44636787	63	CT
1	44636930	143	CT
1	44637005	75	AG
1	44637042	37	GT
1	44637940	898	AG
1	44639903	1450	CT
1	44640185	282	GA
1	44640195	10	GA
1	44641228	818	CT
1	44642320	1092	CG
1	44642360	40	CT
1	44642814	454	TC
1	44643892	998	AG
1	44646294	1582	CT
1	44646711	417	CT
1	44646808	97	TC
1	44647176	331	TG
1	44647191	15	GA
1	44647198	7	AG
1	44647207	9	GT
1	44650185	2978	GA
1	44660088	7769	TC
1	44667433	4816	TG
1	44670674	2295	GA
1	44674072	2396	CG
1	44675005	933	GC
1	44675107	102	CA
1	44675318	211	CA
1	44675392	74	TC
1	44675458	66	AT
1	44675654	196	CT
1	44675854	200	AG
1	44675984	130	TC
1	44676473	489	AG
1	44676648	175	GA
1	44676962	314	TG
1	44677030	68	GA
1	44677435	193	TC
1	44677460	25	GA
1	44677666	206	AG
1	44677704	38	GA
1	44677890	108	GA
1	44679309	1030	AG
1	44679379	70	CA
1	44679520	141	GA
1	44679639	119	CT
1	44679910	271	CT
1	44680408	454	AT
1	44681569	910	CT
1	44683345	1759	CG
1	44683481	136	CT
1	44684347	866	GA
1	44685284	937	TC
1	44690989	5137	TC
1	44692464	270	TC
1	44692676	212	TC
1	44692825	149	CT
1	44692990	165	AG
1	44693008	18	CT
1	44694104	524	TC
1	44694888	741	TA
1	44696027	796	CG
1	44697224	1164	CT
1	44697500	276	TC
1	44697776	276	AG
1	44701249	3031	TC
1	44706587	5169	CT
1	44706670	83	CT
1	44708786	2053	GA
1	44710934	1856	GA
1	44711367	413	GA
1	44712645	1187	TC
1	44715794	3063	CT
1	44715804	10	TC
1	44723435	7157	CT
1	44724890	820	AC
1	44727151	1404	AT
1	44729731	2217	AT
1	44732464	2498	GC
1	44732796	332	TC
1	44733674	878	GA
1	44738086	3964	GA
1	44738906	768	AG
1	44739982	1076	AG
1	44740137	155	GC
1	44741831	1431	GA
1	44743836	1253	TC
1	44743989	153	CT
1	44744018	29	AG
1	44744279	261	GA
1	44744603	324	GA
1	44744708	105	CA
1	44747050	1672	GC
1	44759811	7440	GA
1	44765064	3353	TC
1	44765090	26	CG
1	44765117	27	TG
1	44765515	398	AC
1	44767115	1501	CT
1	44768091	976	GC
1	44770523	2138	TC
1	44773190	2667	GA
1	44784128	8093	AC
1	44790928	6517	CA
1	44793198	1949	GT
1	44802087	7181	CT
1	44802600	376	CT
1	44804706	1899	CT
1	44808652	2314	GA
1	44809923	1184	TC
1	44813281	2360	TA
1	44827621	10888	CT
1	44830074	1367	AT
1	44831527	1453	CA
1	44831550	23	GA
1	44834843	2996	AC
1	44838741	2559	CT
1	44839502	600	CT
1	44840354	773	GA
1	44840669	315	CT
1	44840711	42	CT
1	44841110	323	CT
1	44841363	253	TC
1	44841415	52	CT
1	44841548	133	TC
1	44841740	146	GA
1	44841972	232	AG
1	44842014	42	TC
1	44842581	385	CT
1	44842782	201	GA
1	44842858	76	TG
1	44842882	24	CT
1	44843109	227	GC
1	44843318	188	AC
1	44843727	409	AG
1	44844300	353	CT
1	44844302	2	AG
1	44844303	1	AC
1	44844826	505	TC
1	44847522	1811	CG
1	44847523	1	CT
1	44849209	1447	GT
1	44850056	775	CA
1	44850384	328	CG
1	44850908	524	AG
1	44851104	196	CG
1	44852700	1596	AG
1	44853112	412	CA
1	44853684	354	AG
1	44853826	142	AG
1	44854706	777	CT
1	44855048	342	GA
1	44855073	25	CT
1	44855082	9	CG
1	44855295	111	TC
1	44855578	283	AG
1	44856181	603	GA
1	44856224	43	GC
1	44856349	125	AG
1	44856625	276	TG
1	44856676	51	CG
1	44856677	1	TG
1	44856685	8	GA
1	44856749	64	CT
1	44858776	870	CA
1	44858784	8	TA
1	44859449	116	AG
1	44859754	305	AG
1	44862111	1630	CG
1	44862718	607	TC
1	44863134	416	AG
1	44863213	79	GT
1	44863217	4	TG
1	44863628	411	CG
1	44864036	230	AT
1	44864579	75	GA
1	44865396	630	GA
1	44865426	30	GC
1	44865556	130	CT
1	44865734	178	TC
1	44866043	203	GA
1	44867209	324	AG
1	44867528	170	GA
1	44868169	62	AG
1	44868863	495	AG
1	44869192	172	CT
1	44871663	603	TC
1	44872203	231	CT
1	44873374	921	CG
1	44873663	289	TC
1	44873885	222	CT
1	44874129	244	CT
1	44874225	96	AG
1	44874365	67	CT
1	44875854	819	CA
1	44876218	364	AT
1	44877497	510	GA
1	44877724	227	CT
1	44877773	49	GC
1	44877853	80	GA
1	44878326	449	GA
1	44878649	190	GT
1	44878733	84	AG
1	44879667	630	CA
1	44880001	334	AG
1	44880009	8	GA
1	44883890	2351	GC
1	44884607	717	GT
1	44884887	280	GA
1	44892941	5745	TC
1	44894335	527	GA
1	44894982	406	CT
1	44895615	633	AG
1	44903459	1158	AG
1	44903551	56	TC
1	44903929	219	CT
1	44904141	212	GA
1	44904158	17	AG
1	44905139	918	GC
1	44905147	8	GA
1	44905148	1	AG
1	44907534	303	GC
1	44908283	345	TC
1	44908482	199	GA
1	44909107	504	AG
1	44909129	22	CG
1	44909217	88	CG
1	44909345	128	CT
1	44909566	169	CT
1	44909591	25	CG
1	44909662	71	GA
1	44909736	74	GA
1	44909780	44	AG
1	44909985	205	CT
1	44909994	9	TC
1	44910679	658	GA
1	44910977	298	AG
1	44911231	203	GA
1	44911784	243	GA
1	44914555	582	TC
1	44915187	534	AG
1	44916027	840	TC
1	44921448	4277	AG
1	44922884	395	GA
1	44923721	837	AG
1	44923988	267	TC
1	44933703	7874	GA
1	44933980	85	TC
1	44935729	1663	AT
1	44935802	73	TC
1	44936367	565	TC
1	44940492	3192	GA
1	44940777	285	CT
1	44942434	1390	CT
1	44942581	61	AG
1	44942800	219	CT
1	44942837	37	AG
1	44942949	112	TG
1	44942998	49	TG
1	44944389	1164	TA
1	44944398	9	GC
1	44946010	1495	CA
1	44946231	221	CT
1	44947748	1517	CA
1	44948236	431	TC
1	44948291	55	GT
1	44948387	96	CT
1	44948492	105	GT
1	44948794	302	TC
1	44949239	445	GT
1	44949443	66	CT
1	44949511	68	GC
1	44949830	319	AG
1	44949895	65	AG
1	44949948	53	GA
1	44949955	7	GA
1	44950059	104	TC
1	44950125	66	AG
1	44950134	9	TG
1	44950386	252	AG
1	44950591	205	AG
1	44950776	185	GA
1	44950823	47	CT
1	44951097	187	TC
1	44951218	121	GA
1	44951264	46	GC
1	44951269	5	TC
1	44951766	267	AC
1	44951995	229	GC
1	44952000	5	AT
1	44956291	1697	TC
1	44956297	6	GA
1	44957396	683	GA
1	44957600	204	TG
1	44957975	375	GT
1	44959814	1418	AG
1	44972661	9676	TC
1	44973349	688	GA
1	44973978	629	TA
1	44974657	679	GC
1	44974686	29	GA
1	44974688	2	CG
1	44977721	2056	CT
1	44979104	1138	CA
1	44980095	663	GA
1	44980104	9	GT
1	44980413	136	TC
1	44980493	80	AG
1	44980515	22	AT
1	44980632	117	GA
1	44980803	171	CT
1	44980920	117	AG
1	44980982	62	TC
1	44982204	379	AG
1	44982301	97	TC
1	44984975	1175	GA
1	44985135	160	TC
1	44985647	512	CT
1	44985673	26	GA
1	44985695	22	CT
1	44985771	76	AG
1	44986021	172	CT
1	44986217	196	CA
1	44986300	83	CA
1	44986434	134	TC
1	44987109	675	AG
1	44987803	666	CT
1	44989352	1178	TG
1	44990252	390	GA
1	44990313	61	AG
1	44992840	2447	AG
1	44992928	88	AG
1	44992931	3	AG
1	44993133	202	TC
1	44993297	164	CT
1	44993300	3	TA
1	44993362	62	AG
1	44994656	1049	CT
1	44994773	117	CT
1	44995153	380	GA
1	44995838	358	TC
1	44996020	182	CT
1	44996161	141	CA
1	44996176	15	CT
1	44997057	626	GA
1	44997096	39	CT
1	44997259	163	AG
1	44997427	168	CT
1	44997461	34	TC
1	44997477	16	TC
1	44997870	215	GA
1	44997972	102	GA
1	44998194	222	CT
1	44998244	50	CT
1	44998332	88	GA
1	44998415	83	AC
1	44998829	204	TC
1	44998859	30	AG
1	44998865	6	CG
1	44998936	71	GT
1	44998971	35	CA
1	44999336	365	AG
1	44999392	56	TC
1	44999413	21	CT
1	44999414	1	AG
1	44999941	188	AG
1	44999984	43	TA
1	44999995	11	GA
1	46588475	1210250	GA
1	46588476	1	AG
1	46588508	32	AG
1	46588515	7	AG
1	46588523	8	CG
1	46588527	4	GA
1	46588535	8	CT
1	46588537	2	GA
1	46588538	1	TC
1	47099690	357586	AG
1	48497377	1096022	CT
1	48498178	681	AC
1	48498181	3	CG
1	48498210	29	TA
1	48498225	15	GA
1	48498229	4	GT
1	48498301	72	GA
1	48498960	579	AG
1	48500752	1556	CA
1	48502924	2153	CT
1	48509199	2175	AC
1	48509811	199	CT
1	48511934	1889	GA
1	48511975	41	GA
1	48517203	3570	GC
1	48517543	340	AG
1	48520442	2524	CT
1	48521061	570	GA
1	48521195	134	CT
1	48521323	128	AG
1	48521474	151	GT
1	48523173	1372	GA
1	48523440	61	AC
1	48523512	72	CT
1	48523674	162	TC
1	48523727	53	TC
1	48524101	335	GA
1	48524151	50	AG
1	48524162	11	GC
1	48524183	21	GA
1	48524217	34	CT
1	48524365	148	CA
1	48524565	200	CG
1	48524797	232	AG
1	48524814	17	CG
1	48525078	264	TC
1	48525231	153	TC
1	48525948	641	TC
1	48526007	59	GC
1	48526085	78	GC
1	48528146	1708	GT
1	48528718	362	TC
1	48528911	193	GA
1	48529788	385	GA
1	48529873	85	GA
1	48530066	193	GT
1	48530113	47	TC
1	48530313	200	TC
1	48530318	5	TA
1	48530367	49	GA
1	48532076	1564	CT
1	48532658	582	GA
1	48534423	1743	GA
1	48540914	591	CT
1	48541099	185	GA
1	48543434	898	CT
1	48545955	2207	CT
1	48548161	1752	TC
1	48553309	4064	GA
1	48556499	3032	GT
1	48558299	1723	GA
1	48570888	10293	TC
1	48575432	3636	AG
1	48577211	1433	GA
1	48578469	1258	GA
1	48582338	2899	GA
1	48582652	314	CA
1	48583515	863	GA
1	48583522	7	GA
1	48583537	15	TG
1	48583628	91	CA
1	48583831	203	GA
1	48583841	10	AT
1	48584058	217	GA
1	48584243	185	TC
1	48584374	131	CT
1	48584430	56	AG
1	48584733	303	CT
1	48585006	97	GT
1	48585037	31	TA
1	48585123	86	GA
1	48585164	41	AG
1	48585179	15	AG
1	48585502	323	AG
1	48585562	60	TC
1	48585847	285	AG
1	48585894	47	GA
1	48589209	2182	CT
1	48590533	638	GA
1	48601222	7519	GC
1	48601407	185	CG
1	48602377	796	GA
1	48602509	132	CT
1	48602522	13	CT
1	48606102	3497	AG
1	48606557	241	AG
1	48607426	841	GA
1	48609505	2079	GC
1	48609605	100	TA
1	48609712	107	TC
1	48611012	1300	GA
1	48611695	626	GA
1	48612039	344	GA
1	48612265	226	GT
1	48613302	799	GA
1	48615270	1335	AG
1	48615688	418	TC
1	48616267	579	GA
1	48617387	1120	GA
1	48618979	984	CT
1	48625678	4702	GT
1	48626102	343	CT
1	48628483	642	AT
1	48631601	2603	GA
1	48631692	91	GC
1	48631820	128	GA
1	48633172	1008	CT
1	48633193	21	TG
1	48633196	3	CA
1	48633265	69	GA
1	48633823	558	GA
1	48634197	291	GA
1	48634209	12	TC
1	48634221	12	TC
1	48635424	790	CT
1	48635483	59	TC
1	48635502	19	GA
1	48635522	20	TC
1	48635546	24	TC
1	48636293	621	CA
1	48637207	914	GA
1	48638024	332	CT
1	48638344	320	GC
1	48638430	86	CT
1	48638738	308	CT
1	48639016	278	TC
1	48639134	118	CG
1	48639171	37	GT
1	48639247	76	CT
1	48639250	3	GA
1	48639339	89	GA
1	48639379	40	GC
1	48639392	13	GA
1	48639680	288	AG
1	48640802	947	GA
1	48640805	3	TC
1	48640900	95	GA
1	48641666	766	CT
1	48641824	158	CT
1	48644583	2649	GA
1	48645498	915	TG
1	48646610	1064	GT
1	48646887	185	GC
1	48648671	1296	AG
1	48648974	143	GA
1	48648984	10	GA
1	48649343	289	GC
1	48649363	20	TC
1	48649677	314	CT
1	48649841	164	AG
1	48649979	138	AG
1	48650200	221	TC
1	48650335	135	GA
1	48650438	103	GA
1	48651315	403	CT
1	48651382	67	GA
1	48651430	48	CT
1	48651618	188	CG
1	48651645	27	CT
1	48651816	171	AC
1	48651850	34	TC
1	48652199	349	AG
1	48652328	129	GA
1	48654291	1572	CT
1	48654359	68	GC
1	48654646	287	GT
1	48655127	429	GA
1	48657992	2796	TC
1	48661315	3024	AG
1	48661578	263	TC
1	48661749	171	AG
1	48663785	502	GA
1	48663852	67	TC
1	48663886	34	GT
1	48664034	148	TC
1	48664273	239	CT
1	48664492	219	AG
1	48664763	63	AG
1	48664889	126	AG
1	48665980	594	TC
1	48666133	153	AG
1	48666375	242	GA
1	48666947	287	AG
1	48667085	138	GA
1	48667241	156	AG
1	48667358	117	AG
1	48668234	876	AG
1	48668644	240	AC
1	48669216	572	CT
1	48669748	532	GC
1	48669770	22	CT
1	48669990	112	AG
1	48670031	41	GA
1	48670300	250	AG
1	48670840	494	CT
1	48671119	279	CG
1	48671149	30	GA
1	48671348	199	CT
1	48671986	437	GA
1	48672554	568	CT
1	48672569	15	CT
1	48672792	223	AG
1	48672809	17	GT
1	48672847	38	GT
1	48674430	642	AG
1	48679055	80	CT
1	48679576	436	TG
1	48679957	280	AG
1	48680794	282	CG
1	48681101	307	TC
1	48681370	269	GA
1	48681673	303	TG
1	48681712	39	GT
1	48681791	79	GT
1	48682125	296	CT
1	48682143	18	TC
1	48682231	88	AG
1	48682261	30	GC
1	48682309	48	TC
1	48682342	33	GT
1	48682350	8	GA
1	48682457	107	TC
1	48682824	367	CT
1	48682969	145	AG
1	48683564	478	CT
1	48685680	1527	CT
1	48686445	765	TC
1	48688081	1284	GA
1	48689796	1631	GA
1	48690537	741	GA
1	48692509	1331	GC
1	48694703	1893	GA
1	48694742	39	CT
1	48699838	3416	AG
1	48701049	887	AG
1	48701661	612	CA
1	48705265	3224	GA
1	48707060	1541	CT
1	48707217	157	AT
1	48707973	540	TC
1	48708557	584	GA
1	48708671	114	GA
1	48708836	165	CA
1	48709978	925	CT
1	48710085	107	TC
1	48710477	392	CT
1	48710478	1	AG
1	48710782	271	GA
1	48710989	207	GC
1	48712418	1429	CG
1	48712492	74	TC
1	48712505	13	TC
1	48712520	15	AG
1	48713106	586	GA
1	48713174	68	CG
1	48713291	117	CT
1	48713382	91	GA
1	48713906	99	CG
1	48714246	340	CT
1	48714803	557	TG
1	48714813	10	GA
1	48715013	200	TC
1	48715072	59	CT
1	48715079	7	TC
1	48715351	272	CT
1	48715397	46	CG
1	48715709	312	CT
1	48716353	56	TC
1	48716427	74	TC
1	48716698	271	GA
1	48717035	337	AG
1	48717502	467	GC
1	48717504	2	TC
1	48717699	195	TG
1	48717915	216	AG
1	48718180	265	AG
1	48718181	1	AC
1	48718231	50	GA
1	48719022	762	GA
1	48719126	104	TC
1	48719127	1	CA
1	48719654	152	TG
1	48719723	69	TC
1	48719724	1	CT
1	48719944	220	GA
1	48720172	228	GC
1	48720685	466	GT
1	48720878	193	CT
1	48720923	45	GA
1	48721081	158	TC
1	48721084	3	CT
1	48721091	7	AC
1	48721119	28	GA
1	48722748	1477	CT
1	48723644	867	TC
1	48726953	2890	CT
1	48726954	1	GA
1	48727162	69	CT
1	48727395	233	GC
1	48727652	206	CT
1	48727735	83	AG
1	48727769	34	GA
1	48728749	980	GA
1	48728865	116	AG
1	48730418	1516	TC
1	48731420	787	AC
1	48731932	512	TG
1	48731960	28	TC
1	48732438	478	GA
1	48732935	497	GA
1	48733401	466	TG
1	48734501	321	GA
1	48734513	12	AG
1	48734859	346	GA
1	48734915	56	GC
1	48735049	134	CT
1	48735850	779	AG
1	48735932	82	TC
1	48737009	1077	GA
1	48738069	913	CT
1	48738558	489	CT
1	48738739	181	CT
1	48739183	419	AG
1	48739833	650	AG
1	48740073	240	GA
1	48740958	867	GA
1	48750352	8490	CT
1	48751122	715	GA
1	48753564	2100	TC
1	48753854	290	GA
1	48753861	7	TG
1	48753929	68	CG
1	48753949	20	GA
1	48754214	58	CT
1	48754770	556	GA
1	48755270	348	AG
1	48756134	195	CT
1	48756680	410	AG
1	48756705	25	TC
1	48756726	21	CT
1	48756992	266	AG
1	48757043	51	CT
1	48757374	331	TA
1	48757871	497	AG
1	48757910	39	CA
1	48757927	17	TC
1	48757961	34	GA
1	48758305	344	GC
1	48758511	206	TA
1	48758531	20	CT
1	48758603	72	CT
1	48758680	77	GA
1	48758722	42	GA
1	48758725	3	AG
1	48758730	5	AC
1	48759059	329	CG
1	48759836	497	GA
1	48759871	35	CT
1	48759972	101	GA
1	48760708	213	CT
1	48760714	6	CG
1	48760757	43	GA
1	48763580	478	AG
1	48763584	4	GA
1	48763908	324	GA
1	48764033	125	TC
1	48764571	425	AC
1	48764697	126	CT
1	48764752	55	AG
1	48764967	215	GA
1	48765321	323	GA
1	48765669	348	GA
1	48766879	1210	AG
1	48767445	566	CG
1	48781746	8780	GA
1	48781766	20	TC
1	48782823	476	AG
1	48782974	151	AG
1	48783009	35	AG
1	48783177	168	TC
1	48783281	104	CT
1	48783497	216	AG
1	48783518	21	TG
1	48784117	599	CA
1	48784335	218	CT
1	48784366	31	GA
1	48785460	391	AG
1	48785527	67	AG
1	48785638	111	GC
1	48785683	45	CT
1	48785903	220	CT
1	48786220	210	GT
1	48786229	9	GA
1	48786230	1	TC
1	48786302	72	AG
1	48786374	72	GA
1	48786686	312	AG
1	48786702	16	AC
1	48788392	216	CG
1	48790409	1713	GC
1	48791365	907	CT
1	48791718	353	CT
1	48792033	315	CA
1	48792054	21	GA
1	48792141	87	CT
1	48792146	5	TC
1	48792505	359	CT
1	48792597	92	CA
1	48792620	23	GA
1	48792624	4	GA
1	48792693	69	GA
1	48792833	140	GA
1	48793850	771	AG
1	48793876	26	CT
1	48794048	172	TC
1	48794849	801	GA
1	48795195	346	GT
1	48795824	581	TG
1	48795908	84	CT
1	48796428	520	GA
1	48798652	1935	CT
1	48799232	580	AG
1	48799739	507	GA
1	48800987	1248	GT
1	48801349	122	GA
1	48801684	335	AG
1	48802042	358	GT
1	48802506	464	GA
1	48807099	3592	GA
1	48807950	851	GC
1	48811637	3442	CT
1	48811640	3	CT
1	48812639	999	GA
1	48814724	1800	AG
1	48814985	261	GT
1	48815214	189	GA
1	48815812	557	GA
1	48816042	230	TC
1	48817196	850	AC
1	48818902	1706	TC
1	48819608	706	AC
1	48820221	572	GA
1	48820595	374	GA
1	48838094	16204	TC
1	48838166	72	AG
1	48839902	1736	CA
1	48840102	200	AG
1	48840863	761	CT
1	48841134	117	AT
1	48842971	1353	CT
1	48843138	167	CT
1	48843141	3	CT
1	48844692	1074	CT
1	48845465	726	GA
1	48846432	936	CT
1	48846739	307	CT
1	48847678	381	GC
1	48848576	239	GA
1	48849012	436	GA
1	48849114	102	GA
1	48850790	1508	GC
1	48851051	213	AG
1	48851867	693	CA
1	48851926	59	GT
1	48851932	6	GA
1	48852096	164	GA
1	48852418	322	CT
1	48852485	67	TC
1	48852517	32	CT
1	48855414	655	GA
1	48855876	462	CT
1	48857276	1400	GA
1	48857317	41	CA
1	48857318	1	GA
1	48859380	987	GA
1	48860275	895	CT
1	48865489	3196	GT
1	48872438	1920	CT
1	48872598	160	GA
1	48872874	146	TC
1	48872891	17	GA
1	48872911	20	TC
1	48873303	392	AG
1	48873667	364	CT
1	48873873	206	AG
1	48875522	1526	CT
1	48877222	1571	AT
1	48877300	78	TA
1	48877583	283	TA
1	48877935	352	TC
1	48879042	1107	CT
1	48879723	335	AG
1	48880323	600	CT
1	48880573	250	CT
1	48880718	145	GA
1	48885845	4551	GA
1	48886408	461	CT
1	48887724	1316	AC
1	48887748	24	GA
1	48888126	378	GA
1	48888406	280	CT
1	48889626	1220	CG
1	48892787	3036	TC
1	48893038	251	CT
1	48895616	1505	CT
1	48898516	1619	CT
1	48901000	1971	TC
1	48901123	123	CT
1	48901288	165	GA
1	48903511	1601	TC
1	48904204	587	CT
1	48904415	211	TC
1	48904737	322	GA
1	48904810	73	GC
1	48904968	158	GA
1	48905025	57	TC
1	48907069	1505	CT
1	48907155	86	TC
1	48908640	1458	CA
1	48909974	1160	TC
1	48910194	220	AG
1	48910690	496	CT
1	48910812	122	GA
1	48910820	8	GA
1	48910827	7	AG
1	48911212	329	AG
1	48912071	750	GA
1	48913187	267	TC
1	48913315	128	GA
1	48913677	124	CT
1	48914348	671	GT
1	48914366	18	TC
1	48914402	36	TG
1	48914443	41	TC
1	48914503	60	AG
1	48914584	81	GA
1	48914626	42	CG
1	48915384	758	CT
1	48915411	27	TC
1	48917569	1527	CT
1	48924960	2927	AG
1	48930985	3809	CT
1	48940096	4558	AG
1	48940364	268	GA
1	48961996	14738	GC
1	48962512	392	AG
1	48967949	4224	CA
1	48969573	970	TC
1	48970292	719	CT
1	48970506	214	AG
1	48970801	295	TC
1	48971053	252	GT
1	48972179	970	AG
1	48972187	8	GT
1	48974239	1349	AG
1	48974717	455	GA
1	48974933	216	GA
1	48975931	852	TG
1	48976058	127	GA
1	48976220	162	GA
1	48976283	63	CT
1	48976284	1	GA
1	48976516	183	TC
1	48976869	324	GA
1	48976913	44	GA
1	48977017	104	GA
1	48978679	918	GA
1	48979054	375	TG
1	48979055	1	CT
1	48979848	614	TC
1	48979970	122	CA
1	48979987	17	CG
1	48979991	4	CT
1	48979992	1	AG
1	48980008	16	AG
1	48980045	30	TC
1	48980069	24	TC
1	48980074	5	TA
1	48980075	1	GA
1	48980088	13	TA
1	48980166	78	GA
1	48980238	72	CG
1	48980249	11	CG
1	48980259	10	GA
1	48980280	21	CT
1	48980285	5	TA
1	48980357	72	CG
1	48980366	9	AG
1	48980373	7	GT
1	48980374	1	CA
1	48980381	7	TC
1	48980382	1	GA
1	48980875	290	CT
1	48983064	1258	AG
1	48983394	330	TC
1	48983468	74	CT
1	48983481	13	TC
1	48983483	2	CT
1	48983553	26	CT
1	48983579	26	GA
1	48983637	23	GC
1	48983649	12	TC
1	48983655	6	AG
1	48983727	72	TC
1	48984513	530	AG
1	48984584	71	GA
1	48984701	117	AG
1	48984794	93	CT
1	48984843	49	GA
1	48984881	38	AC
1	48985530	574	CT
1	48986455	534	GC
1	48986535	80	CT
1	48986550	15	GA
1	48986591	41	AG
1	48986824	233	CT
1	48986889	65	CG
1	48986893	4	GA
1	48988057	290	TA
1	48988295	137	CG
1	48988296	1	AG
1	48988318	22	TC
1	48991392	553	TA
1	48993784	1330	TC
1	48993799	15	TC
1	48994647	431	CT
1	48994780	133	GA
1	48994790	10	TA
1	48995120	225	TA
1	48995145	25	AG
1	48996308	116	AG
1	48997592	719	AT
1	48998444	531	CT
1	48998798	354	AG
1	48998857	59	GA
1	49000931	567	GT
1	49001380	353	CA
1	49001633	217	TA
1	49001712	79	CT
1	49001713	1	TC
1	49003443	889	GA
1	49004527	657	CG
1	49008282	786	GC
1	49009741	266	AG
1	49010953	180	GA
1	49011152	199	GC
1	49011487	335	AG
1	49011586	99	AC
1	49011605	19	TC
1	49011628	23	GC
1	49011629	1	AC
1	49011989	145	GA
1	49012296	130	GA
1	49012527	119	GA
1	49012758	101	GA
1	49012776	18	CT
1	49012874	98	GT
1	49013006	132	GA
1	49013125	119	GT
1	49013162	37	GC
1	49013170	8	CG
1	49013173	3	TC
1	49013195	22	TC
1	49013329	134	AG
1	49013483	154	GA
1	49013604	121	AC
1	49013629	25	GA
1	49013655	26	CT
1	49013691	36	AG
1	49014174	230	GA
1	49014251	77	GA
1	49014283	32	GC
1	49014387	104	GC
1	49014395	8	GA
1	49014399	4	CT
1	49014403	4	GA
1	49014456	53	CT
1	49014475	19	GA
1	49014543	68	TC
1	49014620	77	CT
1	49014646	26	CT
1	49014984	338	AG
1	49015120	136	AC
1	49015182	62	GA
1	49015293	111	CG
1	49015693	400	CT
1	49015725	32	GA
1	49015793	68	CT
1	49017042	321	AG
1	49017181	137	CT
1	49017246	65	TA
1	49017261	15	GC
1	49017710	422	CG
1	49017713	3	AG
1	49017842	129	AC
1	49017846	4	CG
1	49017847	1	AG
1	49018220	206	GC
1	49018234	14	TC
1	49018239	5	GA
1	49018956	230	CT
1	49018959	3	TC
1	49019052	93	GC
1	49019062	10	CA
1	49019323	92	CA
1	49020005	177	GA
1	49020009	4	CT
1	49020010	1	TG
1	49020575	278	AT
1	49020872	55	GC
1	49020943	71	TC
1	49020947	4	TC
1	49020952	5	TA
1	49020999	47	TA
1	49021005	5	CT
1	49021009	4	AG
1	49023908	1535	GA
1	49025836	1275	CT
1	49026551	301	AG
1	49026555	4	CG
1	49034886	2355	TC
1	49036815	420	GA
1	49037155	340	TC
1	49037161	6	GC
1	49038330	593	GC
1	49038832	476	GA
1	49039793	512	TG
1	49040160	157	GA
1	49040196	36	GT
1	49042018	1086	GA
1	49043061	335	TC
1	49043572	58	CT
1	49043620	48	TA
1	49044068	300	TC
1	49044324	79	CT
1	49044325	1	AG
1	49044371	41	TG
1	49044414	43	TG
1	49044416	2	AG
1	49044858	442	TC
1	49044859	1	TC
1	49044913	54	CA
1	49044922	9	CT
1	49044929	7	TA
1	49044937	8	AT
1	49044968	31	GA
1	49044970	2	GT
1	49044972	2	GA
1	49045020	48	GA
1	49045056	36	GA
1	49045086	30	GA
1	49045090	4	GC
1	49045112	22	CT
1	49046119	169	GA
1	49046371	32	AG
1	49046434	63	AG
1	49046435	1	GA
1	49047250	12	AG
1	49047371	121	CG
1	49047523	88	GA
1	49047653	130	TG
1	49047671	18	CT
1	49047737	66	CT
1	49048208	264	AG
1	49048226	18	AG
1	49048347	111	AC
1	49048400	53	AG
1	49048522	122	AG
1	49048595	73	TA
1	49048614	19	AC
1	49048661	47	CG
1	49048799	138	TA
1	49048808	9	CT
1	49048818	10	GA
1	49048833	15	CT
1	49048834	1	AG
1	49049233	42	CT
1	49050831	300	TG
1	49050858	27	CT
1	49050945	87	TG
1	49051371	421	AT
1	49051582	155	AT
1	49051585	3	AC
1	49051586	1	GA
1	49051611	25	GT
1	49051672	61	TG
1	49051688	16	TC
1	49051784	96	AC
1	49051814	30	CT
1	49051847	33	TC
1	49052363	148	AG
1	49052402	39	AC
1	49052408	6	TC
1	49052498	90	TC
1	49052581	34	TC
1	49052713	132	CG
1	49052745	32	AC
1	49052837	54	GA
1	49052866	29	AG
1	49052901	35	TC
1	49052950	49	CG
1	49052982	32	TG
1	49053050	68	CG
1	49053052	2	AC
1	49053084	32	AC
1	49053130	46	GA
1	49053255	125	TC
1	49053591	19	TG
1	49053661	70	GC
1	49053720	59	GA
1	49053798	78	CA
1	49053843	45	GT
1	49053882	39	AG
1	49057365	1151	GA
1	49057412	47	AT
1	49057465	53	TC
1	49057477	12	CT
1	49057482	5	CT
1	49057550	68	TC
1	49057575	25	CT
1	49057611	36	TC
1	49057681	70	GT
1	49058253	288	AG
1	49058322	69	AG
1	49059041	719	TA
1	49059190	149	AG
1	49059214	24	CT
1	49059286	72	GA
1	49059318	32	AT
1	49059319	1	GA
1	49059364	45	AC
1	49059400	36	CT
1	49059425	25	CG
1	49059455	30	CT
1	49059738	256	TA
1	49059795	51	GA
1	49059796	1	AT
1	49064697	2631	GA
1	49950674	666534	CA
1	49950687	13	CT
1	49950723	36	CT
1	49951111	388	CT
1	49951503	392	TC
1	49952131	336	CT
1	49952132	1	GA
1	49952290	158	AG
1	49952476	186	AG
1	49952832	222	GT
1	49956366	2617	CG
1	49956876	228	GC
1	49957555	679	CG
1	49957777	222	TA
1	49957989	108	CA
1	49958067	78	CT
1	49958245	178	CA
1	49958823	538	GA
1	49959526	703	CT
1	49960453	927	GA
1	49961241	788	GA
1	49961253	12	GA
1	49961743	490	CT
1	49962388	595	CT
1	49962604	216	CT
1	49964033	1354	AG
1	49965102	1069	TC
1	49966064	318	AC
1	49966263	199	CG
1	49966804	541	CT
1	49967432	509	AG
1	49969406	1821	AG
1	49972233	434	CT
1	49972756	523	TC
1	49973594	650	GA
1	49974082	223	GC
1	49974140	58	TG
1	49974214	74	CT
1	49974340	126	TC
1	49974507	167	GA
1	49974509	2	CT
1	49975301	792	CG
1	49976124	823	GA
1	49976263	139	AG
1	49976375	112	CG
1	49976422	47	AG
1	49976579	157	CT
1	49977494	915	TG
1	49977501	7	TA
1	49977511	10	AG
1	49977908	397	AC
1	49980683	2775	AT
1	49981296	613	AG
1	49981476	180	CT
1	49981579	103	CT
1	49982665	1032	TC
1	49984843	2178	CG
1	49985041	198	GT
1	49988795	3435	CT
