1	5590	5590	AG
1	6962	1102	CT
1	11623	4311	CT
1	13412	1049	GA
1	16855	3322	CT
1	21521	4178	GA
1	22091	570	CT
1	27078	4677	CT
1	28347	1269	GA
1	30319	1943	CG
1	31575	1224	CT
1	31856	281	GA
1	35819	3831	CT
1	44700	3108	CT
1	44761	61	AG
1	44849	88	CT
1	45109	260	GA
1	49149	2054	GA
1	49454	305	AG
1	49883	429	GA
1	50050	167	GA
1	50217	167	AG
1	51415	1105	AG
1	54536	3121	GC
1	59454	2415	CT
1	59489	35	GA
1	59552	63	CT
1	64394	551	GA
1	64509	115	TC
1	65890	1158	GA
1	67150	802	CT
1	68147	997	CA
1	68398	251	GA
1	69664	1266	GA
1	69700	36	GA
1	72364	2038	GC
1	73289	925	CT
1	75529	2240	CT
1	76136	607	CT
1	77655	446	AG
1	80828	2683	AT
1	81434	606	GC
1	81548	114	TC
1	81868	320	AT
1	81869	1	TC
1	82103	93	CT
1	82118	15	CT
1	82563	445	CG
1	83063	500	CG
1	83613	482	GA
1	83970	318	CA
1	84099	129	CG
1	84211	112	CG
1	85068	857	CT
1	85087	19	TG
1	85253	166	TC
1	85311	58	AT
1	85340	29	TC
1	85397	57	GA
1	85454	57	GA
1	85844	390	TC
1	85846	2	AG
1	85890	44	GA
1	86096	206	TC
1	86316	220	AC
1	86496	180	CT
1	86927	431	GC
1	86959	32	GC
1	87874	915	TC
1	88063	189	CA
1	88076	13	CT
1	88117	41	GC
1	89921	1752	TC
1	90570	570	TC
1	90734	164	CT
1	90743	9	TC
1	91189	446	GA
1	91952	763	CT
1	92057	105	TC
1	93489	1432	TA
1	93566	77	AG
1	95275	1709	GC
1	139496	29345	CA
1	139577	81	TA
1	139989	412	AG
1	140124	135	CT
1	140758	22	CT
1	143676	1950	GA
1	145143	1294	CT
1	145182	39	GA
1	147356	1203	GA
1	147694	338	AG
1	147723	29	AG
1	148959	1236	GA
1	149199	240	CT
1	149454	255	TC
1	149572	118	TC
1	150782	1210	TA
1	151129	347	AC
1	152030	901	CT
1	152040	10	GA
1	152186	146	GA
1	152264	78	AG
1	152487	223	CA
1	152726	239	TC
1	153383	657	AG
1	153449	66	CT
1	153623	174	GA
1	153629	6	TC
1	156202	2335	CA
1	156620	418	AG
1	156793	142	GA
1	157743	541	TC
1	157831	88	GA
1	157869	38	AG
1	158140	235	CT
1	159618	1377	CT
1	160064	446	GT
1	160813	624	GA
1	162563	1750	GC
1	163709	872	CA
1	164598	889	GA
1	164978	380	CT
1	165425	447	AC
1	165467	42	CT
1	166015	548	TG
1	166341	326	AG
1	167491	799	GA
1	167568	77	GA
1	169468	1862	TC
1	169904	436	AG
1	169950	46	TC
1	170507	557	CA
1	170510	3	CT
1	171939	860	GA
1	172004	65	CA
1	172256	252	CA
1	172531	275	AG
1	172549	18	TC
1	173124	575	CT
1	173729	605	CG
1	173946	217	CT
1	173947	1	GA
1	174182	235	AG
1	174599	417	GC
1	175778	1179	AT
1	175819	41	GA
1	176094	275	GC
1	176121	27	CT
1	177466	626	TC
1	177789	323	GA
1	178515	726	CT
1	180107	1066	AT
1	180171	64	CT
1	180267	96	CT
1	180664	90	GA
1	180705	41	GT
1	180717	12	CT
1	180952	235	TC
1	181158	206	TC
1	181207	49	CT
1	182552	1345	GA
1	182593	41	CT
1	182635	42	GA
1	185340	1621	GA
1	185528	188	TC
1	187849	1561	CT
1	188054	205	AG
1	188231	177	GA
1	191012	2261	TG
1	191612	600	AG
1	191825	213	AG
1	192065	200	AG
1	192695	441	TC
1	192961	266	AG
1	194009	178	TG
1	194040	31	CT
1	194156	116	GA
1	195693	408	CT
1	195923	163	TC
1	195980	57	CG
1	196002	22	AG
1	196143	141	TC
1	196194	51	GC
1	196935	408	CA
1	196978	43	CA
1	196993	15	TC
1	197079	86	CT
1	199292	1525	GC
1	199372	80	TA
1	201936	935	GA
1	202513	88	TC
1	202967	302	AT
1	203126	159	GA
1	203749	235	AC
1	203891	142	AG
1	204139	248	TC
1	204418	279	AG
1	204516	98	GA
1	205042	62	GA
1	205951	349	GA
1	205985	34	AG
1	206453	468	AG
1	206518	65	CT
1	207325	349	CG
1	207672	347	TC
1	207771	99	AG
1	208196	372	TC
1	208464	268	TG
1	208727	169	AG
1	212117	324	AG
1	213411	1248	GC
1	213559	148	AG
1	214214	566	TG
1	214488	274	CT
1	215448	871	GC
1	215594	146	GA
1	215657	63	GT
1	215942	285	GT
1	216689	668	CT
1	217129	440	GC
1	217378	249	GA
1	217724	346	GA
1	217820	96	CT
1	218133	313	AG
1	218157	24	TC
1	218164	7	AG
1	218445	281	GA
1	218681	192	CT
1	218833	152	CT
1	219052	219	TC
1	219150	98	GA
1	219420	253	GA
1	219602	182	CG
1	219954	352	AG
1	220070	116	GA
1	220152	82	CT
1	220618	466	GA
1	220880	262	CT
1	220918	38	TG
1	220987	69	TG
1	221289	302	AG
1	221357	68	AG
1	222189	832	AT
1	222608	419	CT
1	222667	59	AG
1	223136	469	CT
1	223137	1	GA
1	223159	22	GA
1	223235	76	GA
1	224359	1124	GA
1	225895	1536	AG
1	226134	239	AG
1	226349	215	CT
1	226368	19	AG
1	226554	186	AC
1	226847	293	TC
1	227046	199	TG
1	227462	416	AG
1	227877	415	TA
1	228116	239	AG
1	228118	2	CT
1	228697	579	CT
1	228766	69	CT
1	228814	48	TG
1	229087	273	GA
1	229470	383	TC
1	229531	61	TC
1	229539	8	TC
1	229567	28	TC
1	229664	97	CA
1	229986	322	CG
1	230152	166	CT
1	230174	22	CA
1	230489	315	GA
1	230616	127	CT
1	230647	31	AG
1	230739	92	CA
1	230752	13	GA
1	230905	153	AC
1	230975	70	TC
1	231240	265	TG
1	231293	53	AG
1	231937	86	AC
1	232072	135	GA
1	232173	101	CT
1	232213	40	CA
1	232376	163	CT
1	232645	269	GA
1	234076	496	CT
1	234376	300	CT
1	235052	332	CT
1	235343	291	GA
1	237192	1472	GA
1	237794	602	CT
1	237932	138	GA
1	238435	503	CT
1	239180	745	CT
1	240396	755	GT
1	240427	31	TC
1	240519	92	GA
1	241174	359	CA
1	243428	277	CT
1	243581	153	GA
1	244116	535	GA
1	244370	254	CA
1	244374	4	CG
1	244407	33	GA
1	245215	808	GA
1	245529	314	AG
1	246840	1311	GA
1	246910	70	GT
1	246932	22	GA
1	248121	1166	GC
1	248165	44	CT
1	248382	217	AG
1	248838	334	GA
1	248849	11	AG
1	250164	249	TG
1	252023	1757	TC
1	253501	1430	CA
1	256175	2618	CT
1	256381	206	TG
1	258518	2137	CT
1	258794	276	CT
1	259118	324	CT
1	260499	1333	CT
1	260923	397	AC
1	261403	480	TC
1	262167	764	GA
1	265258	3091	GA
1	266148	890	CT
1	266956	808	CT
1	268056	1100	GC
1	268507	451	AC
1	268841	334	GT
1	269165	324	TA
1	269508	343	GA
1	270113	605	TC
1	270396	283	GA
1	272479	1925	CT
1	276106	3054	GA
1	312093	23892	AC
1	313094	850	TC
1	313827	703	TC
1	319324	2498	AG
1	319333	9	TC
1	321857	1318	GA
1	322097	240	TC
1	322306	209	CT
1	322327	21	GC
1	322381	54	TC
1	322608	227	CT
1	322718	110	AG
1	327842	732	AG
1	328494	329	TA
1	329307	444	GA
1	329710	169	CA
1	330937	426	AT
1	334000	2706	CG
1	334079	79	GT
1	334630	551	AG
1	336299	485	TC
1	336946	647	CT
1	336983	37	GA
1	337075	92	AC
1	338200	830	CG
1	338282	82	CT
1	338308	26	TC
1	338519	211	TG
1	338524	5	TC
1	338986	383	AC
1	339084	98	CT
1	339127	43	GA
1	339633	282	CG
1	339919	286	TC
1	340830	615	AG
1	341522	119	TC
1	343812	1816	AG
1	344348	494	GT
1	344566	218	TC
1	344627	61	AG
1	345126	255	AG
1	345488	362	CA
1	346472	984	CT
1	346671	199	AG
1	346686	15	TC
1	346976	243	AG
1	347103	127	CG
1	347197	94	CT
1	349974	2206	AG
1	350287	313	AC
1	352208	1664	AG
1	352278	70	CG
1	353741	1427	GA
1	356129	2355	TC
1	356613	484	GA
1	357799	978	AG
1	357876	77	GA
1	361995	4084	CT
1	363450	1126	GC
1	365690	2240	CT
1	367497	1460	CG
1	368854	1357	CT
1	368858	4	CT
1	369080	222	TC
1	385235	6595	TC
1	385379	144	TC
1	385412	33	CA
1	385510	9	GA
1	385940	230	GA
1	386223	283	AG
1	386274	51	TC
1	386373	99	GA
1	386565	192	GC
1	391297	3313	AG
1	393869	2572	GA
1	393892	23	TA
1	393895	3	TG
1	393915	20	TG
1	394443	528	TC
1	394899	456	TG
1	395244	345	AG
1	399742	1966	GA
1	399767	25	TC
1	400041	158	AG
1	402289	906	AG
1	402293	4	CT
1	402926	633	GC
1	403646	720	CT
1	403681	35	AG
1	403698	17	TC
1	403763	65	AT
1	403851	88	AG
1	403933	82	TC
1	403975	42	AT
1	404386	411	TG
1	404673	287	TG
1	404720	47	TG
1	405029	309	AG
1	405224	195	AG
1	405251	27	AG
1	405474	223	AG
1	405564	90	AG
1	405589	25	TC
1	406112	523	TG
1	410287	2884	CT
1	418366	4246	CT
1	418697	331	AG
1	419325	628	AG
1	419392	67	AG
1	419452	60	AG
1	419614	162	CG
1	419822	208	TC
1	420467	158	TC
1	420575	108	CT
1	420598	23	GA
1	420621	23	GC
1	420670	49	GA
1	421570	361	CA
1	421667	97	TG
1	421731	64	GT
1	421741	10	TC
1	421759	18	GA
1	422262	503	AG
1	422393	131	AG
1	422440	47	TC
1	422492	52	TC
1	422508	16	GC
1	422536	28	GA
1	422585	49	AG
1	424038	458	GA
1	424843	685	CT
1	425657	814	GA
1	435079	5087	AG
1	445184	8581	AC
1	446769	1585	GA
1	448187	1398	GA
1	449498	1286	TC
1	449735	237	GA
1	453184	2978	GA
1	454992	1808	CA
1	456193	1201	CT
1	456241	48	GA
1	456617	376	AG
1	458148	1494	GC
1	458406	258	CT
1	459736	1330	TA
1	459739	3	GT
1	460344	605	AG
1	460359	15	CT
1	460766	39	GA
1	461210	444	GC
1	461346	136	AG
1	461724	378	AG
1	461829	105	GA
1	462858	776	GA
1	465055	2041	AG
1	465223	94	GA
1	465297	74	CT
1	465606	309	CT
1	465686	80	CT
1	465700	14	AG
1	465795	95	TC
1	465856	61	CT
1	465949	93	GA
1	466002	53	CT
1	466069	67	TC
1	466070	1	CA
1	466662	410	AG
1	466701	39	AG
1	467434	733	AG
1	467554	120	GA
1	467698	144	GA
1	467739	41	GC
1	467891	152	AC
1	468124	233	GA
1	468128	4	TC
1	468170	42	CT
1	468320	150	CA
1	468361	41	CT
1	468609	248	TC
1	468772	30	CT
1	469091	319	GC
1	469267	176	CT
1	470125	858	CG
1	470359	234	CT
1	470544	185	CG
1	470964	420	CT
1	471318	354	TC
1	471507	189	TC
1	471541	34	CT
1	471763	222	CT
1	471893	130	GT
1	472056	163	AG
1	472405	349	AG
1	472478	73	CA
1	472796	318	GT
1	473424	155	CT
1	473621	197	TC
1	473685	64	TC
1	473731	46	AG
1	474041	310	CT
1	474053	12	GA
1	474264	211	AT
1	474280	16	GA
1	474355	75	GA
1	474529	174	TC
1	475093	564	GA
1	475152	59	GA
1	475363	211	AG
1	475390	27	GA
1	475420	30	TC
1	475591	171	GA
1	475752	161	GA
1	475956	204	AG
1	476110	154	AC
1	476149	39	GA
1	476505	356	CT
1	476627	122	CT
1	480238	2710	CA
1	480337	99	CT
1	480716	379	CA
1	481524	326	GA
1	482983	902	CT
1	483304	321	GA
1	484444	439	TC
1	484904	460	TC
1	485042	138	AG
1	485047	5	GC
1	486123	546	CT
1	486292	169	CT
1	486487	195	AT
1	487368	330	TC
1	487385	17	CT
1	488470	368	TC
1	489457	531	AG
1	489608	117	CG
1	489863	255	TC
1	490347	484	GA
1	491639	658	AG
1	491679	40	AG
1	492596	843	GC
1	492996	317	GA
1	493397	401	GA
1	493461	64	AG
1	495235	757	TC
1	495680	445	GC
1	495755	75	AG
1	496380	290	CT
1	496783	403	AT
1	496907	124	TC
1	496928	21	TC
1	496965	37	GC
1	497169	178	GA
1	497825	656	AC
1	499559	1135	TC
1	504000	3482	GC
1	504542	341	GA
1	504990	448	GA
1	505092	102	CG
1	507357	2034	CT
1	507858	276	AG
1	507888	30	AG
1	508859	576	AC
1	511376	1607	GA
1	512000	624	TC
1	512094	94	GA
1	514584	1010	AG
1	515118	534	GA
1	515234	116	GT
1	515788	288	GA
1	516230	442	CT
1	516911	608	CT
1	517122	211	GA
1	520224	3046	TC
1	520388	164	AG
1	520553	165	CT
1	520605	52	TC
1	520607	2	CT
1	521629	1022	GA
1	521711	82	AC
1	522178	434	AG
1	522557	314	TC
1	522576	19	GA
1	523546	942	GA
1	523606	60	TA
1	523858	252	AG
1	524873	941	CA
1	525058	185	CG
1	525430	372	TC
1	525540	110	GA
1	526189	649	CG
1	526493	304	GA
1	526678	185	GA
1	526682	4	TC
1	527954	1243	GA
1	530239	2252	GA
1	530242	3	TC
1	530283	41	TC
1	532496	1580	CT
1	532533	37	GA
1	532636	103	GA
1	532649	13	CT
1	534024	1139	GA
1	534027	3	CT
1	534165	138	TC
1	534255	90	TG
1	534990	709	CG
1	535889	899	AG
1	535909	20	TC
1	536407	498	CT
1	536511	104	CT
1	536719	208	AG
1	536824	105	AG
1	536858	34	CT
1	537591	733	TA
1	537690	99	GA
1	538281	430	TG
1	538466	120	GC
1	539111	503	CT
1	539118	7	TC
1	539130	12	CT
1	540082	952	CT
1	540653	571	TC
1	545126	3800	GA
1	545250	124	TC
1	546244	965	GA
1	547325	747	TC
1	547533	208	GC
1	547910	307	CG
1	548050	140	TC
1	550573	1132	GA
1	550602	29	GC
1	551428	564	GA
1	551771	343	AG
1	553045	999	AG
1	553336	182	AG
1	554640	1223	CT
1	562573	4448	CT
1	563765	1192	GT
1	584027	17147	CT
1	591701	7250	GA
1	600572	6525	GA
1	627275	13055	CA
1	627316	41	GA
1	627318	2	CG
1	627547	229	CT
1	627959	412	TC
1	627989	30	CT
1	628124	135	CT
1	628302	178	GA
1	629481	1179	GA
1	629488	7	AG
1	629553	65	TC
1	629580	27	GA
1	629585	5	GA
1	632581	1812	AC
1	632709	128	GA
1	633001	292	CT
1	633501	158	TC
1	633503	2	GA
1	634263	98	GT
1	634449	186	TC
1	634465	16	AG
1	634471	6	TC
1	634751	280	AG
1	635030	279	CA
1	635686	656	GA
1	636561	298	GA
1	636763	202	AT
1	637531	370	CG
1	637735	204	TC
1	638189	413	TC
1	638408	219	GT
1	638423	15	CG
1	638432	9	AG
1	638527	95	GC
1	638533	6	AG
1	638550	17	GA
1	639470	811	CT
1	639585	115	AC
1	639684	99	AG
1	640017	24	TG
1	640027	10	TC
1	640127	100	GA
1	640302	175	TC
1	640311	9	CG
1	640445	134	AC
1	640451	6	CT
1	640455	4	TC
1	640556	101	CA
1	640712	156	CT
1	640719	7	AG
1	641204	485	CT
1	641222	18	AG
1	641358	136	CT
1	641372	14	AG
1	641511	139	CA
1	641528	17	CT
1	641719	80	TC
1	641762	43	CT
1	642139	63	TA
1	642242	103	TA
1	642449	207	AG
1	642481	32	AG
1	642643	162	GA
1	642661	18	AG
1	643697	916	GT
1	643781	84	GC
1	644564	783	GA
1	644614	50	CT
1	644865	251	TC
1	644897	32	CT
1	644925	28	GA
1	645429	144	TA
1	649839	1128	AG
1	653295	2784	CT
1	668719	8747	GA
1	669268	509	CT
1	670012	744	CT
1	670671	659	GT
1	673099	2428	GA
1	673442	343	CT
1	674207	765	CT
1	676611	2184	AG
1	679476	2827	CT
1	685035	4581	TC
1	689543	4038	CT
1	690385	842	AC
1	691494	1081	GA
1	694458	1513	CT
1	695078	620	GA
1	695158	80	CT
1	695709	551	CA
1	696078	369	TC
1	697389	1176	CA
1	697833	444	CG
1	698547	714	CG
1	702502	3852	GA
1	704636	2095	AG
1	707876	2407	GA
1	709751	1808	GC
1	710545	155	TC
1	712578	1303	GC
1	712724	146	GT
1	713332	543	TC
1	713913	581	AC
1	713985	72	CA
1	714529	544	CT
1	716581	1903	CG
1	719187	2549	AG
1	719346	159	TA
1	719392	46	TG
1	720555	1078	AC
1	720598	43	GT
1	733008	8117	CG
1	735712	847	TC
1	737650	1306	GA
1	739366	584	AC
1	741376	593	GA
1	750320	3862	GA
1	750358	38	AC
1	750494	136	AG
1	752567	678	CG
1	753718	579	CT
1	753734	16	AG
1	754189	455	CT
1	755256	338	CT
1	759134	721	GC
1	759804	125	GT
1	759855	51	TC
1	760784	612	GC
1	762410	817	TA
1	762561	151	TC
1	763485	434	CT
1	763533	48	GC
1	764278	745	GA
1	764541	263	AC
1	766152	1143	TG
1	766383	231	GA
1	767664	292	CT
1	772808	3142	GA
1	776976	2510	GA
1	777023	47	GC
1	778500	1436	CT
1	778553	53	CT
1	781742	1639	GA
1	781774	32	GA
1	781977	203	GC
1	782038	61	CT
1	782241	203	CT
1	782243	2	CT
1	782443	200	CA
1	782503	60	CT
1	783126	112	GA
1	783456	330	GA
1	784568	165	CG
1	784853	285	GC
1	785773	353	CT
1	785830	57	AG
1	785999	140	TC
1	786704	635	AG
1	786725	21	TC
1	787637	427	TC
1	787749	112	CG
1	787782	33	CT
1	787783	1	AG
1	787790	7	GA
1	787834	44	GA
1	787907	73	TC
1	788484	369	GA
1	788592	108	AG
1	788630	38	CT
1	788873	243	AG
1	788995	122	CT
1	789160	165	TC
1	789757	597	TC
1	789796	39	GC
1	789841	45	CT
1	790051	210	TC
1	792351	2300	CT
1	793033	682	TA
1	793712	679	AG
1	794271	522	CA
1	794276	5	GA
1	794772	277	GC
1	795017	216	GA
1	795038	21	AG
1	796161	1073	CG
1	796306	94	AC
1	797014	596	AC
1	797441	280	CT
1	797574	133	TC
1	797650	76	CG
1	798295	645	CT
1	798531	236	CT
1	798645	114	GA
1	798839	194	GC
1	798847	8	CA
1	799152	305	GA
1	799310	125	CG
1	799455	145	GA
1	799471	16	AG
1	799672	201	GA
1	800443	674	GA
1	800654	211	CT
1	801018	364	AG
1	801128	110	GA
1	801421	293	AT
1	801425	4	AG
1	801426	1	AG
1	801493	67	CT
1	802056	531	AG
1	802392	336	TC
1	803197	371	CT
1	803321	124	TC
1	804170	669	AG
1	804191	21	AG
1	804500	309	CT
1	804703	203	CT
1	805346	643	AG
1	806998	1405	GA
1	807096	98	CT
1	807397	301	CA
1	807479	82	GA
1	807617	138	GA
1	808111	494	CT
1	808135	24	GA
1	809057	601	TC
1	809772	467	GA
1	809813	41	GA
1	810670	857	GA
1	811741	1071	AC
1	812321	580	GA
1	812765	444	GA
1	813145	380	GA
1	813209	64	AT
1	813294	85	GA
1	813304	10	GA
1	813386	82	AG
1	815997	986	CA
1	816430	175	GA
1	816495	65	GA
1	816815	320	CT
1	816837	22	GA
1	817212	375	GA
1	817806	594	TC
1	818758	910	GA
1	818956	198	TA
1	819343	356	GA
1	821322	1873	AG
1	821626	304	GA
1	824378	1998	AG
1	824535	157	TA
1	824620	85	TC
1	825172	301	AG
1	826575	832	CT
1	826580	5	CT
1	826876	296	AG
1	826914	38	TG
1	826917	3	TC
1	826930	13	AG
1	827573	602	GA
1	828133	560	GA
1	828269	136	GA
1	828335	66	AG
1	828716	128	GA
1	828814	98	GA
1	829225	246	GA
1	829780	555	GA
1	829840	60	CT
1	830024	184	CG
1	830214	162	GA
1	830329	115	CT
1	831317	667	TC
1	831345	28	GA
1	831378	33	CT
1	831459	81	CG
1	831772	92	CA
1	831953	181	GC
1	832049	96	GA
1	832059	10	CT
1	832209	150	CT
1	832233	24	TC
1	832312	79	GA
1	832316	4	TC
1	832334	18	GA
1	832705	333	CA
1	832815	110	GA
1	832820	5	GT
1	832863	43	CT
1	832878	15	GA
1	832887	9	GT
1	833046	159	GT
1	833200	154	AG
1	833324	124	TA
1	833678	123	GA
1	834008	330	CT
1	834559	551	GA
1	834666	107	TC
1	834722	56	GA
1	834813	91	GA
1	835251	438	TC
1	835312	61	TC
1	835408	96	CT
1	836351	773	GA
1	836484	133	CG
1	836698	214	AG
1	836803	105	CT
1	837053	250	CT
1	837236	183	GT
1	837610	331	GT
1	837662	52	CT
1	837784	122	GT
1	837847	63	GA
1	837972	125	AG
1	837980	8	GC
1	838187	207	GA
1	838197	10	AG
1	838333	136	GA
1	838351	18	TC
1	838593	242	CT
1	838886	293	TC
1	838904	18	TC
1	838988	84	GA
1	838990	2	TC
1	839507	253	AG
1	839723	216	CG
1	840238	515	CT
1	840753	515	GA
1	841079	326	CT
1	850204	4909	TG
1	850522	318	TC
1	852079	1344	AG
1	852327	248	CG
1	852382	55	AG
1	852406	24	CT
1	852899	450	GA
1	852963	64	GA
1	853999	399	GC
1	854076	77	TG
1	854284	208	CT
1	854298	14	GT
1	854304	6	CG
1	854582	278	GC
1	854620	38	GA
1	854740	120	TC
1	855354	344	GA
1	855667	313	TC
1	856439	772	CG
1	856597	158	CT
1	856656	59	CT
1	856917	261	AG
1	857890	798	CT
1	857986	96	TC
1	858287	301	GA
1	858409	122	GA
1	858564	155	CT
1	858642	78	CT
1	860224	1445	AT
1	862133	1231	AG
1	863305	1172	CT
1	866157	511	CA
1	869769	2730	GT
1	871613	818	AG
1	871687	74	CT
1	871719	32	AG
1	872111	392	TA
1	872351	145	GA
1	872854	89	GA
1	873462	120	AG
1	873502	40	AC
1	873563	61	CG
1	873612	49	GT
1	873932	182	AC
1	874644	712	GA
1	874776	132	GT
1	874793	17	TC
1	874987	194	CT
1	875188	157	CT
1	875387	199	AC
1	876070	249	GA
1	877008	332	CT
1	877010	2	GA
1	877218	208	CT
1	877345	127	CA
1	879152	940	CT
1	879153	1	AG
1	879791	88	TC
1	879816	25	CT
1	879848	32	TC
1	879985	51	GC
1	881292	317	AG
1	881721	259	CT
1	881932	211	TC
1	882330	398	CT
1	882333	3	AG
1	882890	339	GC
1	883045	155	AG
1	883719	138	AG
1	884276	283	CT
1	884813	512	GC
1	884950	137	TC
1	885382	406	GA
1	885539	157	CT
1	886232	50	AG
1	886427	50	CT
1	886911	188	TC
1	887262	351	CG
1	887465	203	GA
1	887507	42	CT
1	887534	27	CT
1	887630	96	AC
1	887867	237	GA
1	888188	321	GA
1	889066	878	CT
1	889313	59	CT
1	890965	247	GA
1	891066	101	AG
1	891746	470	CT
1	891916	170	GA
1	892487	571	GA
1	892609	122	CG
1	896378	1715	AG
1	896506	128	TC
1	896927	421	CT
1	898259	444	CT
1	898313	54	AG
1	900818	1542	GA
1	902057	517	GC
1	902525	441	GA
1	902582	57	AG
1	902638	56	TC
1	902653	15	TG
1	902660	7	TA
1	902720	60	AG
1	902833	113	GA
1	902849	16	CT
1	903254	405	AG
1	903295	41	GC
1	904270	276	AG
1	904286	16	AC
1	907651	2888	TA
1	908526	492	AG
1	909312	212	TG
1	909424	112	TC
1	909510	86	GC
1	909541	31	AG
1	910568	247	GT
1	910637	69	CT
1	910849	212	TC
1	911032	183	CA
1	912908	284	CT
1	913582	674	TC
1	913628	46	AG
1	913715	87	GA
1	913807	92	CT
1	913811	4	AG
1	913816	5	CT
1	914251	435	GA
1	914268	17	GA
1	914881	613	AG
1	915029	148	CT
1	915053	24	TA
1	915356	228	CT
1	915826	119	GA
1	915983	157	GC
1	916404	421	AG
1	916676	272	AG
1	917016	340	GC
1	919940	2300	CT
1	921561	974	CT
1	923405	1384	GA
1	923541	136	GA
1	924541	473	CT
1	924549	8	AG
1	925054	505	GA
1	928752	2754	GA
1	928924	172	TC
1	929278	354	CT
1	929389	111	CT
1	929825	254	TC
1	930204	379	GA
1	930444	240	TC
1	930910	466	GC
1	931031	121	AG
1	931410	379	GA
1	931436	26	TC
1	932038	259	CT
1	932403	365	GA
1	932506	103	TG
1	932835	329	AG
1	933052	217	CA
1	933064	12	CT
1	933068	4	CT
1	933390	322	GA
1	933393	3	GA
1	933492	99	CT
1	934935	672	AT
1	935304	369	GA
1	935317	13	AG
1	935376	59	TC
1	935431	55	AG
1	935524	93	AG
1	943355	4616	GC
1	946004	1878	GC
1	946256	252	GA
1	946863	549	AG
1	947510	257	AG
1	947698	188	AT
1	949395	1554	GC
1	953160	2321	TC
1	955079	1201	GA
1	956655	1006	GT
1	962834	5411	TG
1	964864	2030	GA
1	965208	344	TC
1	987535	14980	CT
1	987537	2	TG
1	987560	23	GA
1	987769	209	GA
1	987798	29	GA
1	987832	34	AC
1	987837	5	TC
1	987864	27	AG
1	988164	300	TC
1	988220	56	AG
1	988619	399	TC
1	989198	303	CT
1	993603	3257	CG
1	995194	1591	AG
1	996184	815	GC
1	999296	2632	GA
1	999762	446	CT
1	1000678	916	TC
1	1001845	1146	TC
1	1004544	2327	GT
1	1009638	3188	GT
1	1011099	848	GA
1	1012582	706	CG
1	1013039	457	CT
1	1014221	1182	TG
1	1014629	408	CT
1	1015043	414	TC
1	1017950	2243	AG
1	1021623	1617	GA
1	1021709	86	CT
1	1022219	510	AT
1	1022866	326	GA
1	1026684	3208	CA
1	1026994	310	AC
1	1027673	679	GA
1	1027769	96	CT
1	1027994	200	GA
1	1028193	199	GC
1	1030418	2040	AG
1	1030456	38	CT
1	1030575	119	TC
1	1032507	1604	CT
1	1032775	268	TC
1	1033310	535	AG
1	1033777	467	GA
1	1033803	26	GA
1	1033919	116	CT
1	1034041	122	CT
1	1034097	56	AG
1	1034577	480	TC
1	1034847	270	GA
1	1035148	301	AG
1	1035447	299	TC
1	1035658	211	CT
1	1035665	7	GC
1	1035683	18	CG
1	1035719	36	CG
1	1036000	281	CA
1	1036289	289	GT
1	1036618	329	CT
1	1037098	480	GC
1	1037189	91	CT
1	1038821	991	GA
1	1039006	185	TC
1	1039104	98	CT
1	1039464	325	CT
1	1040104	640	AG
1	1040241	94	GA
1	1040476	235	GT
1	1041684	555	CT
1	1042186	251	CT
1	1042380	194	GA
1	1042564	184	CT
1	1042671	107	AG
1	1042715	44	GA
1	1043019	304	CT
1	1043263	244	CT
1	1043983	239	GA
1	1044164	181	AG
1	1044284	120	TC
1	1044346	62	GA
1	1044557	211	GA
1	1044592	35	GA
1	1044809	217	CG
1	1045671	586	CT
1	1046029	172	AG
1	1046071	42	CT
1	1046515	408	CA
1	1046559	44	GA
1	1046695	136	AG
1	1046845	150	CT
1	1046925	80	CT
1	1046946	21	TC
1	1047070	124	CG
1	1047077	7	CT
1	1047222	145	GA
1	1047240	18	GC
1	1047368	128	AG
1	1047619	251	GA
1	1047668	49	TC
1	1047681	13	GA
1	1047711	30	GC
1	1047714	3	CT
1	1047728	14	GA
1	1047775	47	CT
1	1047776	1	AG
1	1047778	2	CT
1	1047814	36	TC
1	1047891	77	TC
1	1048094	203	GA
1	1048190	96	AG
1	1048249	59	AC
1	1048286	37	GA
1	1048304	18	TG
1	1049044	471	TC
1	1049055	11	AG
1	1049059	4	CT
1	1049064	5	CT
1	1049108	44	CT
1	1049904	448	GA
1	1049920	16	CT
1	1049925	5	AG
1	1050118	193	CT
1	1050157	39	CG
1	1050276	119	TG
1	1050390	114	GA
1	1050441	51	TG
1	1051130	639	CT
1	1051219	56	TC
1	1051275	56	TG
1	1051400	125	GA
1	1051531	131	CG
1	1051782	251	GA
1	1051988	206	AG
1	1052111	123	AG
1	1052121	10	TC
1	1052354	233	GA
1	1052540	186	AC
1	1052562	22	GA
1	1052564	2	TA
1	1052769	205	GA
1	1052840	71	CT
1	1053202	362	AG
1	1053283	81	AG
1	1053541	258	AG
1	1053569	28	AG
1	1053632	63	AG
1	1053644	12	AG
1	1053733	89	CT
1	1053876	143	GA
1	1053877	1	GA
1	1054026	149	CT
1	1054048	22	CT
1	1054098	50	GA
1	1054219	121	AG
1	1054265	46	AC
1	1054290	25	CT
1	1054377	87	GA
1	1054383	6	GA
1	1054409	26	AG
1	1054612	203	TC
1	1054628	16	GA
1	1054656	28	AG
1	1054814	158	CT
1	1054868	54	TC
1	1054982	114	AG
1	1054991	9	CT
1	1055024	33	CA
1	1055025	1	TG
1	1055040	15	TC
1	1055234	194	CT
1	1055296	62	TA
1	1055304	8	GA
1	1055312	8	GA
1	1055542	87	TC
1	1055752	210	GA
1	1055801	49	AG
1	1056095	219	CT
1	1056100	5	TC
1	1057144	585	CT
1	1057562	127	GA
1	1057692	130	GA
1	1057763	71	TG
1	1057991	228	TC
1	1058032	41	TC
1	1058054	22	GA
1	1058074	20	GC
1	1058099	25	CG
1	1058197	98	AG
1	1058344	147	TC
1	1058420	76	TC
1	1058426	6	GC
1	1058432	6	AG
1	1058447	15	TC
1	1058643	196	GA
1	1058753	110	AG
1	1059108	355	GC
1	1059496	388	CA
1	1059541	45	CT
1	1059698	157	GA
1	1059903	205	CT
1	1059919	16	GC
1	1059942	23	CT
1	1060207	265	CT
1	1060251	44	GC
1	1060566	217	GA
1	1060587	21	GA
1	1062533	1525	AG
1	1062571	38	TC
1	1062660	89	GA
1	1064010	471	GA
1	1064101	91	TC
1	1064184	83	TC
1	1064633	174	CT
1	1064634	1	GC
1	1064661	27	CA
1	1064682	21	CG
1	1064722	40	CT
1	1064726	4	CT
1	1064779	53	CT
1	1064919	140	GT
1	1065443	255	TC
1	1065459	16	CT
1	1065500	41	AG
1	1066059	463	GT
1	1066679	620	CT
1	1067023	143	TC
1	1067048	25	CG
1	1067231	183	TC
1	1067292	61	GA
1	1068840	1445	GA
1	1068880	40	TC
1	1072828	2934	CT
1	1074012	520	CT
1	1077446	3249	AG
1	1078343	897	GC
1	1078728	385	TC
1	1079040	312	CA
1	1080272	1169	GC
1	1080667	395	GT
1	1081630	963	AG
1	1081651	21	TC
1	1081660	9	GA
1	1083193	1365	TC
1	1083206	13	CT
1	1083380	174	CG
1	1083482	102	GA
1	1083968	238	CT
1	1086093	1189	GA
1	1086990	897	TC
1	1087049	59	CT
1	1087198	149	TC
1	1087222	24	GA
1	1087289	67	GA
1	1087329	40	CT
1	1087332	3	AG
1	1087480	148	TC
1	1087547	67	CT
1	1087827	214	AG
1	1087830	3	GA
1	1087902	72	CT
1	1087954	52	AG
1	1088962	1008	GA
1	1088973	11	CG
1	1089790	608	CT
1	1090111	321	CT
1	1090515	404	GA
1	1092337	1780	GA
1	1092718	381	CA
1	1093876	1158	CT
1	1096311	1917	GA
1	1097234	923	GA
1	1097758	524	CT
1	1099850	1625	GA
1	1099882	32	CG
1	1100114	232	CT
1	1100372	258	AG
1	1101817	1412	AG
1	1102447	630	CT
1	1103696	774	CT
1	1112871	3948	CT
1	1116591	2799	GA
1	1117210	619	CT
1	1119188	1745	CG
1	1119389	201	GA
1	1119886	497	GC
1	1126534	5670	GA
1	1128260	842	TC
1	1129272	602	AG
1	1130000	456	CT
1	1133806	3575	CG
1	1134984	1178	AG
1	1135285	301	TC
1	1136243	958	CT
1	1137724	1481	CT
1	1138173	449	GC
1	1138351	178	AG
1	1138438	87	GA
1	1139061	623	GA
1	1139721	660	CT
1	1139778	57	GC
1	1139882	104	TC
1	1141010	1099	AG
1	1143356	2117	GA
1	1143690	334	GA
1	1145205	969	AG
1	1145587	382	CT
1	1145599	12	TC
1	1147648	1595	GA
1	1147954	306	GA
1	1148307	353	AG
1	1148359	52	AG
1	1148589	197	AG
1	1148761	172	TC
1	1148771	10	CA
1	1149046	275	CT
1	1149309	263	CG
1	1149312	3	CT
1	1149321	9	TC
1	1149368	47	AC
1	1149720	352	TC
1	1149976	256	CT
1	1151557	1581	TC
1	1152320	340	TC
1	1152620	300	CT
1	1152936	316	GA
1	1154531	1554	CG
1	1155317	518	CT
1	1155340	23	CT
1	1157402	1684	CT
1	1157428	26	CT
1	1164128	6254	CT
1	1164152	24	CA
1	1164608	170	GA
1	1164676	68	GA
1	1164836	160	CT
1	1165682	580	AG
1	1165843	161	CT
1	1166442	599	CT
1	1166829	387	CT
1	1167700	871	CT
1	1167932	232	CG
1	1168018	86	CT
1	1168072	54	GA
1	1168407	264	CT
1	1169909	1444	GT
1	1170867	934	GA
1	1172290	1265	GA
1	1174070	1780	GA
1	1174380	242	GA
1	1174434	54	GT
1	1174512	78	CT
1	1174779	267	CT
1	1174938	159	AG
1	1175347	409	CT
1	1175528	181	AG
1	1175538	10	AG
1	1175588	50	GA
1	1177678	1894	AG
1	1177736	58	CT
1	1177912	176	AG
1	1179290	1097	CT
1	1180558	1268	GC
1	1181044	389	TA
1	1182262	1218	CA
1	1182757	495	TC
1	1183635	878	GA
1	1183956	321	CA
1	1184025	69	GA
1	1184678	653	CG
1	1185528	346	CT
1	1186480	617	GA
1	1191005	3529	GT
1	1195360	4058	CT
1	1195726	366	GA
1	1196028	302	GA
1	1196662	594	AG
1	1197021	359	AG
1	1197282	261	AT
1	1197769	487	GA
1	1200233	2401	CG
1	1200714	110	CT
1	1200851	137	TC
1	1201663	713	CT
1	1202417	754	GA
1	1203118	654	CT
1	1203338	34	GA
1	1203506	168	CT
1	1203509	3	CG
1	1203522	13	GC
1	1203727	205	CG
1	1204137	410	GT
1	1204490	353	CG
1	1204821	306	TA
1	1205184	363	GA
1	1205253	69	CT
1	1205401	148	TG
1	1205479	78	GA
1	1205646	167	CT
1	1205669	23	AG
1	1205687	18	CT
1	1205801	114	GA
1	1205806	5	GC
1	1205807	1	GT
1	1205867	60	GT
1	1206129	262	GC
1	1207543	849	CT
1	1207630	87	CT
1	1208132	502	CT
1	1208533	401	TC
1	1208618	85	GC
1	1208626	8	GA
1	1208687	61	AG
1	1209773	797	CT
1	1209830	57	CT
1	1210062	232	GA
1	1210131	69	TC
1	1211238	395	AC
1	1211352	114	CT
1	1211390	38	GA
1	1211437	47	TA
1	1211502	65	CT
1	1211616	114	TA
1	1212490	175	CT
1	1212533	43	GA
1	1212929	396	GA
1	1213027	98	CT
1	1213230	203	CT
1	1214254	1024	CT
1	1215137	860	GA
1	1215880	743	CT
1	1217573	1693	GT
1	1217685	112	GA
1	1218232	547	GT
1	1218296	64	GA
1	1218300	4	GA
1	1218786	461	CT
1	1218901	115	GA
1	1219004	84	CT
1	1219104	100	CT
1	1219108	4	GA
1	1219520	412	TC
1	1219831	311	GA
1	1220000	169	CT
1	1220002	2	CT
1	1220032	30	AG
1	1220039	7	TC
1	1221642	1023	GA
1	1221670	28	GA
1	1223301	1541	GA
1	1223349	48	CG
1	1223847	469	AG
1	1224260	413	CT
1	1224328	68	GA
1	1225727	1373	GT
1	1226101	333	TC
1	1226424	299	TC
1	1226436	12	AG
1	1226463	27	CT
1	1227368	638	CT
1	1227492	124	CT
1	1227635	143	CA
1	1227731	96	TC
1	1227759	28	CA
1	1227795	36	GA
1	1228127	237	CA
1	1228281	154	GA
1	1229115	785	GA
1	1229213	98	GA
1	1229718	505	GT
1	1229719	1	CA
1	1229804	85	TC
1	1230033	229	AG
1	1230450	417	GA
1	1231353	748	CT
1	1232068	447	CT
1	1232154	86	CT
1	1232351	197	GA
1	1232477	126	CT
1	1232624	147	CT
1	1232635	11	GA
1	1234651	830	TC
1	1234713	62	CT
1	1234968	236	GA
1	1235493	525	GA
1	1236309	324	GA
1	1237114	213	GT
1	1237618	504	GT
1	1237667	49	CT
1	1237883	216	CA
1	1237979	96	CT
1	1238464	194	TG
1	1239111	345	TC
1	1239274	163	CG
1	1239311	37	CA
1	1240351	301	CA
1	1241708	653	TC
1	1241878	170	GA
1	1242038	160	TC
1	1242176	138	CT
1	1242577	350	CA
1	1242590	13	GA
1	1242970	380	TC
1	1243514	544	TC
1	1243597	83	CT
1	1243944	347	GA
1	1243986	42	CT
1	1244330	344	CT
1	1244577	247	GA
1	1245410	239	AG
1	1245643	233	TC
1	1245863	220	AG
1	1246036	173	AG
1	1246215	179	GA
1	1246257	42	AG
1	1246718	461	AT
1	1246914	196	GC
1	1247895	495	GA
1	1248138	243	GC
1	1248321	183	AG
1	1248332	11	GC
1	1248338	6	GA
1	1248412	74	AC
1	1248640	85	CG
1	1248757	117	AT
1	1249221	284	CT
1	1249409	188	TC
1	1249454	45	GA
1	1249781	327	AC
1	1250239	458	TC
1	1250297	58	CT
1	1250441	144	TC
1	1250620	179	CT
1	1250874	254	CT
1	1255743	2515	CT
1	1256262	519	CT
1	1257145	854	CG
1	1257697	552	AG
1	1258686	989	CA
1	1262864	2885	TC
1	1263743	849	GC
1	1267643	2992	CT
1	1270380	1634	TC
1	1270645	265	CT
1	1271365	720	TC
1	1272102	737	CT
1	1276323	4221	GA
1	1277648	810	CT
1	1278814	1166	AG
1	1279536	566	TC
1	1279990	454	GA
1	1280682	350	GA
1	1280840	158	CG
1	1281904	1064	CT
1	1286549	1803	CT
1	1286905	356	TA
1	1287137	232	GA
1	1288215	1078	CT
1	1288295	80	CT
1	1290049	1398	CT
1	1290104	55	CT
1	1290528	424	CA
1	1290596	68	GA
1	1290820	224	TC
1	1290878	58	GA
1	1290980	102	TC
1	1291386	406	GA
1	1292084	698	TC
1	1292263	179	TC
1	1292273	10	GA
1	1295627	2566	GT
1	1304816	7523	AC
1	1305242	426	AG
1	1305320	78	CT
1	1305903	583	AG
1	1305915	12	CT
1	1306602	687	CT
1	1306689	87	CT
1	1306798	109	AG
1	1306959	138	AG
1	1309413	876	GT
1	1310243	830	GA
1	1311458	1215	GA
1	1311960	132	AG
1	1312366	355	CT
1	1312891	525	TC
1	1313033	142	GA
1	1314826	727	CT
1	1315386	560	GC
1	1315527	141	AG
1	1316044	517	GC
1	1316348	304	CT
1	1317809	1461	CT
1	1321828	2784	GA
1	1325688	2677	TC
1	1326287	599	AG
1	1326433	146	TC
1	1326434	1	CT
1	1326449	15	GA
1	1326584	135	GA
1	1327479	435	CT
1	1327483	4	CT
1	1327736	253	GA
1	1327864	128	CT
1	1329520	1113	GA
1	1329847	327	TC
1	1329864	17	TC
1	1332101	981	AT
1	1332895	233	GA
1	1333518	319	TC
1	1333630	112	AG
1	1334443	372	GA
1	1334444	1	CT
1	1335481	944	TC
1	1335530	49	TC
1	1335998	372	GT
1	1340318	3970	TA
1	1340419	101	CA
1	1340466	47	AG
1	1340468	2	CG
1	1340509	41	CT
1	1340999	490	CT
1	1341397	398	GA
1	1341539	142	TA
1	1342281	412	CT
1	1342488	207	CT
1	1342502	14	GC
1	1342806	304	TC
1	1342894	88	GA
1	1342950	56	TA
1	1342952	2	AG
1	1343021	69	CA
1	1343312	291	CT
1	1343534	222	GA
1	1343541	7	GA
1	1343561	20	CT
1	1343706	111	CT
1	1344147	441	GA
1	1344297	150	GC
1	1344558	261	AG
1	1344658	100	CG
1	1344720	62	GA
1	1344843	123	CT
1	1348287	1991	GA
1	1348443	156	TC
1	1351761	2915	GT
1	1352770	1009	TC
1	1360613	6079	CT
1	1360802	189	TG
1	1362091	1143	CT
1	1362161	70	GA
1	1362223	62	GA
1	1366990	4588	GA
1	1371044	3096	CT
1	1371957	833	GA
1	1372099	142	GA
1	1372224	125	GC
1	1375454	1462	CT
1	1375685	231	CA
1	1377406	1053	CT
1	1377591	185	AG
1	1377685	94	AG
1	1377987	302	TG
1	1378002	15	CT
1	1378795	793	CT
1	1379155	360	GA
1	1379300	145	CT
1	1379825	422	GA
1	1380487	662	AT
1	1382028	1423	GA
1	1382051	23	GA
1	1382134	83	GA
1	1384448	1211	TC
1	1384906	458	CT
1	1385950	1044	TC
1	1386676	726	CT
1	1386924	248	GA
1	1388027	531	GC
1	1388232	205	CT
1	1388375	143	TC
1	1388583	208	CT
1	1388621	38	GA
1	1388679	58	GA
1	1389240	202	GC
1	1389346	106	GA
1	1389351	5	TC
1	1389446	95	GA
1	1389696	44	AG
1	1389736	40	CT
1	1389796	60	CT
1	1389811	15	TG
1	1389836	25	GA
1	1390176	340	GC
1	1390529	353	GA
1	1390670	141	GA
1	1390683	13	TC
1	1391652	365	CT
1	1391718	66	GA
1	1391722	4	CA
1	1391808	86	TC
1	1391844	36	CA
1	1391981	137	TC
1	1392307	326	GT
1	1392316	9	GA
1	1392403	87	CT
1	1392477	74	CT
1	1392552	75	TC
1	1392977	396	CT
1	1393152	175	CT
1	1393851	592	CG
1	1393906	55	TC
1	1393965	59	AG
1	1394436	471	CA
1	1394488	52	GA
1	1394532	44	TC
1	1394606	74	GC
1	1394649	43	AC
1	1394654	5	AG
1	1394810	156	AG
1	1395105	295	AG
1	1395489	384	GA
1	1395540	51	TG
1	1395584	44	AG
1	1395708	124	GA
1	1395726	18	CT
1	1396126	212	GA
1	1396421	247	TC
1	1396713	292	AG
1	1396762	49	CT
1	1396779	17	GA
1	1397626	417	GA
1	1397888	262	TC
1	1397979	91	AG
1	1398057	78	GA
1	1398288	231	TC
1	1398466	178	AG
1	1398553	87	TC
1	1398857	304	CG
1	1398868	11	GA
1	1398996	128	GA
1	1399044	48	AG
1	1399093	49	GA
1	1399226	133	TC
1	1399333	107	CT
1	1399334	1	AG
1	1399487	153	GC
1	1399527	40	CT
1	1399543	16	AC
1	1399933	186	GA
1	1400015	82	GA
1	1400043	28	CT
1	1400186	143	GA
1	1400189	3	GC
1	1400391	202	GA
1	1400458	67	AG
1	1400541	83	GT
1	1400613	72	AG
1	1400752	139	GA
1	1400865	113	CT
1	1401057	192	GA
1	1401255	198	GA
1	1401359	104	TC
1	1401675	316	AG
1	1401901	226	TC
1	1402305	404	TC
1	1402417	112	GA
1	1402882	465	GA
1	1403334	452	TC
1	1403358	24	GA
1	1403604	246	CG
1	1403667	63	CT
1	1403700	33	CT
1	1403736	36	TC
1	1404008	172	GT
1	1404224	216	AT
1	1404448	224	CT
1	1404736	288	GA
1	1404834	98	TC
1	1405043	209	GA
1	1405166	65	TC
1	1405333	167	CT
1	1405455	122	GA
1	1405884	429	GA
1	1405911	27	GA
1	1405982	71	CA
1	1405998	16	GA
1	1406422	393	AG
1	1406453	31	CT
1	1406610	157	GT
1	1406732	122	GA
1	1406941	209	CT
1	1407203	218	GA
1	1407223	20	AC
1	1407265	42	GT
1	1407382	117	CT
1	1407430	48	AG
1	1408280	337	AG
1	1408528	16	AG
1	1408590	62	AG
1	1408630	40	TC
1	1408662	32	CG
1	1408674	12	GA
1	1408697	23	GA
1	1408712	15	AG
1	1408728	16	CG
1	1408826	98	CT
1	1408948	122	GA
1	1408949	1	CT
1	1408998	49	CT
1	1409166	168	TC
1	1409290	124	AG
1	1409353	63	GA
1	1409398	45	TC
1	1409527	129	AG
1	1409672	145	TC
1	1409937	265	AG
1	1410547	301	CT
1	1410780	233	TC
1	1412084	1093	TC
1	1412552	468	CT
1	1413390	570	GT
1	1413405	15	AG
1	1413412	7	GA
1	1413637	225	CT
1	1413737	100	GC
1	1413876	139	GC
1	1413931	55	GA
1	1414963	1032	GA
1	1415051	88	TC
1	1415089	38	CG
1	1415150	61	AG
1	1416302	494	TC
1	1416648	346	CT
1	1417124	476	CT
1	1418696	1496	GA
1	1418771	75	TC
1	1418910	139	CT
1	1419288	378	CT
1	1419319	31	AC
1	1419330	11	AG
1	1419407	77	TA
1	1419424	17	TC
1	1419447	23	TC
1	1419566	119	GT
1	1419937	371	GA
1	1420005	68	GA
1	1420084	79	GA
1	1420165	49	GA
1	1420929	231	CT
1	1421025	96	TC
1	1421030	5	AG
1	1421079	49	TC
1	1421320	223	GA
1	1421343	23	TG
1	1421381	38	TC
1	1421407	26	AG
1	1421539	132	CA
1	1421556	17	GA
1	1421566	10	GT
1	1421572	6	CT
1	1421617	45	CG
1	1421974	357	CT
1	1422003	29	CT
1	1422429	426	GA
1	1422448	19	CT
1	1423071	623	GA
1	1423110	39	AG
1	1423234	124	CT
1	1423366	132	TC
1	1423802	436	AG
1	1424027	225	TC
1	1426615	2531	AG
1	1426695	80	GA
1	1426701	6	GA
1	1426708	7	GA
1	1426710	2	GA
1	1426718	8	CT
1	1427473	361	TC
1	1427580	107	TC
1	1428025	88	CT
1	1428460	303	TC
1	1428579	69	CG
1	1428585	6	GT
1	1428653	68	GC
1	1428733	80	TC
1	1428799	66	GA
1	1429037	238	CA
1	1429087	50	TG
1	1429730	288	TC
1	1430483	634	AG
1	1431022	494	GA
1	1431161	139	GA
1	1431182	21	GA
1	1431445	263	GA
1	1431524	79	AG
1	1431550	26	CT
1	1431832	282	CT
1	1431945	113	TC
1	1432529	584	GA
1	1432578	49	CT
1	1435270	2692	CT
1	1435430	160	GA
1	1435730	300	GA
1	1436317	485	CT
1	1437545	983	GA
1	1437763	218	TC
1	1437789	26	AT
1	1437867	78	AC
1	1438237	181	CT
1	1438948	365	CG
1	1439196	248	CT
1	1439198	2	CT
1	1439348	150	TC
1	1440031	461	TC
1	1442810	1465	TC
1	1442811	1	TA
1	1443183	176	GA
1	1443193	10	GC
1	1443656	396	CT
1	1443692	36	GA
1	1443805	113	CT
1	1443856	51	GA
1	1444049	193	CT
1	1444089	40	CT
1	1444238	149	GA
1	1445517	393	GA
1	1445558	41	AG
1	1445722	164	CT
1	1445734	12	TC
1	1445886	152	CT
1	1446072	186	CT
1	1446127	55	CT
1	1446167	40	CT
1	1446378	211	AG
1	1446447	69	CG
1	1446585	138	GC
1	1446607	22	TG
1	1446789	182	CT
1	1446821	32	GC
1	1446946	125	AG
1	1446984	38	CT
1	1447080	96	AC
1	1447173	93	CT
1	1447607	434	TC
1	1447800	193	GT
1	1447807	7	GT
1	1448148	270	GA
1	1448154	6	AG
1	1448361	119	AC
1	1448362	1	GA
1	1448659	213	CT
1	1448667	8	TC
1	1448677	10	AG
1	1448922	164	CT
1	1449674	696	GA
1	1450214	540	GA
1	1450490	276	GA
1	1450512	22	TA
1	1450545	33	GA
1	1450550	5	CT
1	1450598	48	AG
1	1450756	158	AG
1	1450821	65	GA
1	1450837	16	GT
1	1451055	218	GA
1	1451155	100	GC
1	1451241	86	TC
1	1451293	52	CT
1	1451296	3	GA
1	1451406	110	AG
1	1451510	104	AG
1	1451512	2	TC
1	1453035	934	TC
1	1453047	12	TC
1	1453889	822	TA
1	1454122	233	GA
1	1454208	86	CT
1	1454331	123	GA
1	1454573	242	CT
1	1454770	197	TC
1	1455419	273	GA
1	1455420	1	AC
1	1455564	144	GA
1	1455621	57	AG
1	1456572	489	CG
1	1456613	41	TC
1	1457033	420	TC
1	1457102	69	TC
1	1457146	44	CT
1	1458144	773	CG
1	1458207	63	TC
1	1458574	367	AG
1	1458641	67	CT
1	1458702	61	GA
1	1459174	472	GA
1	1459978	761	AC
1	1460150	129	GA
1	1463280	1538	TC
1	1464181	901	GA
1	1464449	268	GA
1	1464699	250	AG
1	1466042	568	TG
1	1466060	18	AG
1	1467447	1315	GA
1	1471443	1832	GA
1	1471806	363	CT
1	1471952	146	TC
1	1472227	275	TC
1	1472272	45	GC
1	1472433	161	CT
1	1472513	80	GA
1	1472684	171	CG
1	1473575	781	GA
1	1473631	56	TC
1	1474509	854	AG
1	1474550	41	GT
1	1478692	4108	GC
1	1483225	4505	AG
1	1484397	832	AG
1	1486807	2378	GA
1	1487856	1049	CT
1	1489869	1861	CT
1	1493675	3262	GA
1	1493887	212	GA
1	1494281	394	GA
1	1496838	2148	GA
1	1497525	687	GA
1	1498519	994	CT
1	1500105	1008	AG
1	1501039	934	CT
1	1501271	232	CT
1	1501339	68	AG
1	1501681	342	GA
1	1501834	153	CT
1	1501847	13	GA
1	1501894	47	TC
1	1501905	11	AG
1	1503941	763	CG
1	1504157	216	GA
1	1504162	5	AG
1	1505171	967	AG
1	1505225	54	CT
1	1505366	141	GA
1	1505671	305	TG
1	1505922	186	CT
1	1506100	178	CT
1	1506384	284	GA
1	1506760	376	AG
1	1507112	352	GT
1	1508099	987	CT
1	1508305	206	TC
1	1509096	738	AG
1	1511558	2230	GA
1	1512606	741	GA
1	1512853	247	GA
1	1512950	62	CT
1	1513322	372	TG
1	1513344	22	CG
1	1513697	324	GA
1	1513751	54	CT
1	1514455	704	GA
1	1515432	874	GA
1	1520691	3622	GA
1	1520934	243	TG
1	1524193	1696	CG
1	1531015	3645	CG
1	1531378	363	GA
1	1535598	4119	AG
1	1544928	7719	CA
1	1551896	2680	GA
1	1570169	9326	GA
1	1577981	4084	AG
1	1581153	1579	GA
1	1581196	43	CT
1	1581395	199	TC
1	1582405	1010	TG
1	1583801	1312	TC
1	1584017	216	GA
1	1585385	480	CT
1	1585935	235	CG
1	1586459	460	GA
1	1586620	161	GC
1	1586664	44	GA
1	1586695	31	GA
1	1587370	337	CG
1	1589454	1930	GA
1	1590293	176	CG
1	1592561	1868	TA
1	1593887	1255	TC
1	1594011	57	CT
1	1594014	3	TC
1	1596662	330	GA
1	1596824	162	GC
1	1596989	165	TC
1	1597522	327	CT
1	1598064	542	GA
1	1598569	236	GA
1	1598766	197	GA
1	1599658	722	CA
1	1602082	1645	GC
1	1602229	147	AT
1	1602310	81	GA
1	1604570	1315	AG
1	1605634	1024	CT
1	1606139	505	AG
1	1606987	574	GA
1	1608579	1536	GC
1	1609294	593	CT
1	1611614	887	AT
1	1611825	211	AG
1	1612659	800	TG
1	1612788	129	GA
1	1612801	13	CG
1	1613883	454	CT
1	1615986	1182	CT
1	1616940	339	GA
1	1618190	392	AT
1	1618324	134	AG
1	1619771	1210	GC
1	1621792	214	GA
1	1622522	730	AG
1	1622565	43	CT
1	1622893	328	CG
1	1626364	3366	TA
1	1627114	750	GA
1	1630417	1883	CT
1	1630714	297	AC
1	1630738	24	CG
1	1631076	338	GC
1	1631253	177	TC
1	1632760	1185	AG
1	1632830	70	AG
1	1632997	167	GA
1	1638442	4934	CT
1	1639031	533	TA
1	1641687	1556	CT
1	1641718	31	AT
1	1641803	85	CG
1	1641898	95	AG
1	1642218	320	AG
1	1643419	677	AG
1	1643608	189	CT
1	1644372	764	TC
1	1644508	136	GT
1	1644623	115	CA
1	1649332	1030	CT
1	1649781	128	CA
1	1650698	493	CT
1	1651772	1074	CT
1	1652288	378	CG
1	1653304	1016	CT
1	1653469	165	CA
1	1653644	175	CG
1	1654095	451	CT
1	1656166	2047	GA
1	1663724	6443	TC
1	1665913	1982	CT
1	1681279	10853	CT
1	1682339	663	CT
1	1689319	6519	GA
1	1690491	1068	GT
1	1692849	1299	GC
1	1696894	3885	AG
1	1699419	2377	AC
1	1700803	1305	TC
1	1703826	2879	GA
1	1703874	48	GA
1	1706251	2183	GC
1	1714288	7782	CT
1	1715066	778	TC
1	1717366	1632	AG
1	1719297	1136	GA
1	1719854	557	TC
1	1720153	122	GA
1	1721892	1631	TC
1	1724527	2544	CT
1	1725060	533	TG
1	1725113	53	TC
1	1727406	2249	GA
1	1729224	1529	GC
1	1729226	2	CG
1	1731707	2106	CA
1	1736371	3043	AG
1	1740251	3254	GT
1	1740264	13	CG
1	1740394	130	CT
1	1740398	4	TC
1	1740643	245	AG
1	1740848	144	AG
1	1740914	66	GA
1	1741014	100	TG
1	1741676	355	GA
1	1742452	776	GA
1	1743245	502	AG
1	1744232	377	AG
1	1744310	78	AG
1	1745235	202	GA
1	1745884	217	GA
1	1748532	1685	CG
1	1750964	964	GC
1	1751708	417	GA
1	1753921	1579	TC
1	1755678	1480	GA
1	1755831	153	GA
1	1755948	117	AG
1	1756017	69	TA
1	1756817	201	CT
1	1757032	215	CT
1	1757135	103	CA
1	1757190	55	GA
1	1757192	2	CT
1	1757346	154	AG
1	1757526	147	CT
1	1757581	55	CA
1	1757729	148	GA
1	1758068	339	TC
1	1758070	2	TC
1	1765178	4081	CT
1	1765710	360	CT
1	1768342	1678	GA
1	1773733	4249	GA
1	1773848	115	TC
1	1774098	214	TC
1	1777522	3080	AG
1	1780970	3448	TC
1	1781615	645	CT
1	1782109	427	AG
1	1783120	978	TC
1	1783149	29	CT
1	1784208	946	TC
1	1798662	12646	GT
1	1799794	1073	GC
1	1800206	412	CT
1	1803096	2848	CT
1	1803360	264	GT
1	1803492	132	GA
1	1803818	326	CT
1	1804068	250	GC
1	1804075	7	CT
1	1804078	3	AG
1	1804612	259	GA
1	1804637	25	GA
1	1806021	425	AT
1	1806150	129	GA
1	1807291	755	TC
1	1808031	740	TC
1	1808377	346	CT
1	1808593	150	GA
1	1809978	502	CT
1	1810359	381	CT
1	1811009	650	GA
1	1811031	22	AC
1	1811133	102	GC
1	1811802	669	GA
1	1812944	697	AG
1	1813173	229	AG
1	1813188	15	TC
1	1813209	21	CT
1	1813218	9	GA
1	1813226	8	CT
1	1813270	44	AG
1	1813328	58	GA
1	1813777	213	TC
1	1813800	23	TC
1	1814318	106	GC
1	1814920	206	TC
1	1814966	46	TC
1	1815031	65	GA
1	1815140	109	AG
1	1815144	4	AG
1	1815396	252	AG
1	1815429	33	TC
1	1815439	10	TC
1	1815602	163	CT
1	1817109	627	AT
1	1817506	104	CT
1	1817525	19	TC
1	1817800	275	GA
1	1817961	23	CT
1	1818143	182	GA
1	1819156	800	AG
1	1819927	771	TC
1	1821535	768	GA
1	1822148	613	CG
1	1822306	158	TC
1	1822392	86	AG
1	1822549	157	GA
1	1822859	310	GA
1	1823714	417	AG
1	1823739	25	TC
1	1824540	646	TC
1	1825486	946	CT
1	1825599	113	AG
1	1826279	680	GA
1	1827383	1104	AG
1	1827595	212	TC
1	1828894	827	GA
1	1828902	8	CT
1	1829319	417	CG
1	1830010	691	CT
1	1830013	3	TC
1	1830100	62	AC
1	1831870	1052	CA
1	1831871	1	CT
1	1833429	1558	TG
1	1834573	836	TC
1	1835037	464	AG
1	1835340	303	AG
1	1836161	686	GA
1	1836445	284	AG
1	1836571	126	GT
1	1836668	97	TC
1	1836809	141	GA
1	1837725	874	GA
1	1838398	407	CT
1	1838419	21	CT
1	1839666	1081	CT
1	1841405	1515	GA
1	1842233	660	AG
1	1842504	156	GA
1	1842759	255	TC
1	1842760	1	GA
1	1844771	1803	CG
1	1852434	7320	CT
1	1874596	18946	TC
1	1874604	8	CT
1	1878480	2252	CT
1	1885391	4718	TC
1	1891497	6072	CT
1	1894128	1909	CT
1	1915435	19793	AG
1	1918352	2917	CT
1	1927982	8741	GA
1	1928208	226	GA
1	1929318	1029	GA
1	1929808	344	TC
1	1931035	1194	CT
1	1934164	2715	GA
1	1934203	39	TC
1	1935274	1071	CT
1	1936237	963	GT
1	1937587	1350	CT
1	1938058	471	CT
1	1938858	404	AG
1	1940617	1759	GA
1	1941509	892	AG
1	1947100	4993	TC
1	1950230	3130	GA
1	1957197	5443	GA
1	1958100	805	GA
1	1958145	45	CT
1	1958552	407	CT
1	1958791	213	TC
1	1959554	426	TC
1	1960021	467	TC
1	1964027	3643	CT
1	1966465	2278	TC
1	1968117	1577	TC
1	1968324	156	AG
1	1969126	802	GC
1	1969841	715	GA
1	1970151	310	CT
1	1972104	1953	GA
1	1972460	356	CA
1	1974449	1036	CT
1	1974637	188	CT
1	1975826	1189	TC
1	1978808	2829	GA
1	1980601	1758	GT
1	1981726	430	AG
1	1982759	1033	GA
1	1982818	59	GA
1	1983287	254	GA
1	1984978	1354	GA
1	1986143	801	GA
1	1986635	492	CT
1	1987107	472	GA
1	1988988	1682	AG
1	1989045	57	GC
1	1989058	13	GA
1	1989059	1	TA
1	1989115	56	CT
1	1989996	526	TC
1	1990634	638	CT
1	1991761	1127	AG
1	1991889	128	GA
1	1992018	129	GA
1	1992749	428	TC
1	1992849	100	CT
1	1993274	425	CT
1	1993575	301	AG
1	1994139	69	GA
1	1994281	142	AG
1	1994913	600	TC
1	1995074	161	AG
1	1995258	184	CT
1	1995311	53	TC
1	1996485	575	GA
1	1997617	1025	GC
1	1998941	1114	GA
1	1999339	60	AG
1	1999937	598	CT
1	2000530	593	CT
1	2000565	35	CT
1	2000654	89	GA
1	2003298	147	GA
1	2004245	947	CT
1	2005319	1074	TC
1	2006034	715	TC
1	2006242	208	CT
1	2008474	1921	TC
1	2009879	1069	CT
1	2009988	109	AG
1	2011786	1302	AC
1	2011855	69	CT
1	2013343	315	CG
1	2013714	317	CT
1	2013916	202	CT
1	2015610	1344	GA
1	2015646	36	CT
1	2019376	1594	GA
1	2019795	419	TC
1	2020751	260	CT
1	2021779	218	TA
1	2021783	4	GT
1	2021920	137	AG
1	2021950	30	GT
1	2022029	79	CT
1	2023417	1388	CT
1	2023521	104	CT
1	2024443	748	CT
1	2024501	58	GA
1	2024742	241	AC
1	2024933	191	AC
1	2024977	44	CT
1	2024992	15	TC
1	2025124	132	TC
1	2025334	210	CT
1	2025403	69	CT
1	2025643	185	TA
1	2025646	3	AG
1	2025683	37	TC
1	2025816	133	GA
1	2026275	23	CG
1	2026276	1	TA
1	2026340	64	TC
1	2026433	93	GC
1	2026442	9	CT
1	2026504	62	TC
1	2026603	99	AC
1	2026632	29	GA
1	2026748	116	CT
1	2027368	471	GA
1	2027395	27	AG
1	2027588	193	GC
1	2027605	17	GC
1	2027637	32	GA
1	2028031	394	CT
1	2028085	54	CT
1	2028567	216	TC
1	2028875	277	CT
1	2029176	204	GA
1	2029329	153	AG
1	2029405	76	CT
1	2030755	936	CT
1	2031212	457	CT
1	2031223	11	TC
1	2031230	7	GA
1	2031443	213	GA
1	2031661	218	TC
1	2031955	294	CT
1	2031960	5	CG
1	2031977	17	AG
1	2032684	707	GA
1	2032714	30	TC
1	2033205	491	AG
1	2033209	4	TC
1	2033466	257	CT
1	2033643	177	TC
1	2033666	23	GA
1	2033670	4	GA
1	2033789	119	TC
1	2036022	1223	TC
1	2038751	1168	GA
1	2039172	421	GA
1	2040006	733	AG
1	2040047	41	AC
1	2040841	794	AG
1	2040850	9	GA
1	2040943	93	GA
1	2040947	4	TA
1	2040987	40	TG
1	2041040	53	CT
1	2042156	325	GA
1	2042261	105	CT
1	2042764	503	CG
1	2043438	674	GA
1	2043815	377	GA
1	2043818	3	CT
1	2044427	609	AG
1	2044460	33	GA
1	2044474	14	TC
1	2044522	48	GA
1	2044526	4	GA
1	2044978	452	CT
1	2045591	613	GA
1	2045778	187	GA
1	2045885	107	CT
1	2046344	345	AT
1	2046962	509	TA
1	2046997	35	GA
1	2047017	20	AG
1	2047177	160	GA
1	2047546	369	TC
1	2047690	144	AG
1	2047952	262	CT
1	2048014	62	GC
1	2048371	357	CT
1	2048384	13	TC
1	2048433	49	GA
1	2048855	422	CT
1	2049601	746	TA
1	2049705	104	GA
1	2049960	255	TC
1	2050730	770	CT
1	2050983	253	GA
1	2051788	805	AG
1	2054033	2226	GA
1	2054917	857	AC
1	2055466	549	TC
1	2056674	980	TA
1	2057459	785	AG
1	2057584	125	GA
1	2057651	67	CT
1	2058824	1173	AC
1	2059276	452	AG
1	2061401	1758	TC
1	2061760	172	TC
1	2063822	2015	TC
1	2064655	833	CT
1	2064668	13	CG
1	2064766	98	CT
1	2064965	199	TC
1	2066229	955	TA
1	2066652	423	AT
1	2066721	69	AG
1	2067461	740	TC
1	2069224	1253	AC
1	2072777	2337	TG
1	2076211	3212	GA
1	2076970	759	CT
1	2077486	516	CT
1	2077614	128	GC
1	2077954	340	AG
1	2079800	1306	CT
1	2080518	718	CT
1	2080839	321	TC
1	2081258	419	CA
1	2083477	2097	GA
1	2083715	238	AG
1	2085256	1541	TC
1	2085327	71	CT
1	2085589	262	CA
1	2086918	1329	AG
1	2086919	1	CT
1	2087232	313	CA
1	2087872	640	GT
1	2087905	33	AG
1	2088401	496	GA
1	2089037	636	AG
1	2090299	615	GA
1	2090509	210	AG
1	2091656	1147	CT
1	2093402	1376	AG
1	2093405	3	CG
1	2093938	533	CT
1	2096464	1378	TC
1	2097615	899	CA
1	2097828	213	CT
1	2098053	225	CT
1	2098064	11	AG
1	2099570	991	TG
1	2099651	81	GT
1	2102934	2521	AG
1	2105408	1528	GA
1	2106060	448	GA
1	2107121	874	CT
1	2109372	1843	CT
1	2109500	128	CT
1	2109633	133	GA
1	2109648	15	GA
1	2110756	395	CT
1	2111167	411	GC
1	2111275	108	TG
1	2112156	562	CT
1	2113197	1041	AG
1	2114995	1296	GC
1	2116177	1182	CT
1	2122248	4409	AG
1	2123094	846	TA
1	2124695	1560	AG
1	2124745	50	TC
1	2125921	797	GA
1	2126867	189	AG
1	2126928	61	AG
1	2126994	66	TC
1	2127028	34	GA
1	2127181	153	GC
1	2127559	106	AG
1	2127787	228	CT
1	2127875	88	CT
1	2128099	224	CT
1	2128678	306	CT
1	2128707	29	CG
1	2128713	6	CT
1	2128731	18	AG
1	2128884	153	CT
1	2129455	571	GA
1	2129574	119	GA
1	2129590	16	GT
1	2131863	1817	CT
1	2132088	225	AG
1	2132882	794	AG
1	2133158	246	CT
1	2133163	5	CG
1	2133284	121	AG
1	2133343	59	GA
1	2133617	274	GC
1	2133937	320	CG
1	2136144	2098	GT
1	2138485	2040	CT
1	2141092	1858	GA
1	2141467	326	AG
1	2143725	2219	GA
1	2144804	1079	CG
1	2145093	289	CT
1	2145637	312	GA
1	2146778	1141	CT
1	2148871	1032	AG
1	2150410	1364	GA
1	2151132	685	TG
1	2152326	1194	CA
1	2153624	1298	AG
1	2153691	67	CT
1	2153792	101	GA
1	2153998	206	AG
1	2154025	27	AG
1	2154519	494	TC
1	2154755	236	TC
1	2155387	632	CT
1	2156134	747	AG
1	2156626	492	GA
1	2157743	1117	AC
1	2158215	472	CT
1	2160560	1389	TC
1	2161501	635	CT
1	2165695	3348	TC
1	2165883	188	TC
1	2168263	1688	AT
1	2169101	838	CT
1	2170800	1699	CT
1	2171007	207	CG
1	2172083	954	GA
1	2173069	986	TC
1	2174533	1464	AG
1	2175302	543	GA
1	2175468	166	TC
1	2178026	2027	GC
1	2178212	120	GA
1	2179004	792	GT
1	2179402	398	TC
1	2180049	647	TC
1	2180655	606	GA
1	2181736	671	CG
1	2181821	85	TG
1	2182003	182	AG
1	2182782	531	CG
1	2183513	457	AG
1	2183623	110	CT
1	2183704	81	GC
1	2183871	167	AG
1	2184308	437	CG
1	2184830	522	GA
1	2184864	34	CT
1	2184896	32	TC
1	2184958	62	CG
1	2185582	624	TC
1	2185595	13	CT
1	2185625	30	GA
1	2185794	169	AG
1	2185867	73	CT
1	2185868	1	AG
1	2186071	203	CT
1	2186480	284	GA
1	2186572	92	GA
1	2186719	147	GA
1	2186843	124	GA
1	2186935	92	GA
1	2187091	156	GA
1	2188149	475	TC
1	2188211	62	CA
1	2188485	274	CT
1	2188625	140	TC
1	2188692	67	AG
1	2189101	409	AC
1	2189194	93	GA
1	2189801	607	AG
1	2193497	3549	AG
1	2195900	2403	GA
1	2200590	4690	GA
1	2217292	14722	CG
1	2217618	326	CT
1	2217719	101	CT
1	2217769	50	CA
1	2217952	183	GA
1	2218022	70	CT
1	2218045	23	AC
1	2218194	149	AT
1	2218495	301	TC
1	2218517	22	CT
1	2218715	198	AC
1	2218900	185	TC
1	2222004	2670	GA
1	2223165	1142	GC
1	2224566	1169	CT
1	2225195	629	GT
1	2225597	402	GA
1	2226299	702	CT
1	2226342	43	CT
1	2226645	303	CA
1	2227746	894	GA
1	2232011	4026	TC
1	2233109	1098	AG
1	2237184	3193	CT
1	2237488	304	CG
1	2237499	11	GA
1	2239645	1616	AC
1	2240297	652	GT
1	2240560	263	GC
1	2241226	666	CT
1	2241471	245	CT
1	2242454	664	CA
1	2242744	290	CT
1	2243790	380	GC
1	2243808	18	AG
1	2243927	119	GC
1	2244460	533	AG
1	2245127	667	AG
1	2245334	207	CT
1	2245964	188	TC
1	2246592	628	AG
1	2246644	52	TC
1	2246899	255	AC
1	2248261	1098	TC
1	2248964	212	AG
1	2249375	283	AG
1	2250150	775	CT
1	2250571	387	TC
1	2253243	2648	TC
1	2253295	52	GT
1	2254754	1459	GA
1	2255614	617	AT
1	2257092	1478	GA
1	2261799	4330	AG
1	2266251	1148	GC
1	2269961	3467	TC
1	2271390	1429	CT
1	2276137	1549	CT
1	2276180	43	AG
1	2276300	120	AG
1	2276690	390	CT
1	2277119	429	TC
1	2277392	273	CA
1	2277496	104	GA
1	2277576	80	CG
1	2277583	7	AC
1	2277823	240	TC
1	2278409	201	TC
1	2278932	523	GA
1	2279026	94	GT
1	2279030	4	GA
1	2279087	57	CG
1	2279114	27	CT
1	2279252	138	CT
1	2279337	85	GA
1	2279842	505	AT
1	2280001	159	AG
1	2280118	117	GA
1	2280214	96	TC
1	2280235	21	AG
1	2280310	75	GA
1	2280931	223	AG
1	2287857	6458	CT
1	2290795	2271	CT
1	2290861	66	TC
1	2291049	188	CT
1	2291105	56	TA
1	2291232	127	CT
1	2293753	2238	AC
1	2293757	4	TC
1	2294993	1236	AG
1	2295160	167	CA
1	2295251	91	GA
1	2297423	2133	CT
1	2297909	486	CT
1	2298065	156	AG
1	2298242	177	CT
1	2298685	443	CT
1	2298966	281	CT
1	2299175	209	TC
1	2299178	3	TC
1	2300085	884	CA
1	2300198	113	GA
1	2300651	453	TC
1	2301151	500	TC
1	2301345	194	TC
1	2301745	400	TG
1	2302013	268	GA
1	2302039	26	TG
1	2302072	33	CT
1	2302208	136	TC
1	2302477	269	TC
1	2302819	168	CG
1	2302835	16	CT
1	2302843	8	AG
1	2303398	555	GA
1	2303768	297	AG
1	2303844	76	CT
1	2320446	11266	CT
1	2356525	32826	TA
1	2359936	3411	CT
1	2364491	4397	GA
1	2366780	2105	AG
1	2377650	10404	TC
1	2382377	4170	AT
1	2385380	2681	TC
1	2387836	2009	GC
1	2388126	290	AG
1	2388132	6	TC
1	2388169	37	TC
1	2388366	197	CG
1	2388670	304	AG
1	2389005	335	TG
1	2390385	1332	AG
1	2392975	2519	GA
1	2394790	1757	TC
1	2395316	526	CT
1	2395464	148	TC
1	2397222	1351	GA
1	2397754	532	AG
1	2400882	3079	TC
1	2401191	309	TC
1	2401243	52	TC
1	2401454	211	GA
1	2401849	395	CA
1	2401984	135	CT
1	2402008	24	AG
1	2402448	440	GA
1	2402776	328	CA
1	2403428	652	TA
1	2403429	1	CT
1	2403497	68	GA
1	2403548	51	GC
1	2403641	93	CT
1	2403672	31	CG
1	2403796	124	CA
1	2403916	120	CA
1	2404081	165	AG
1	2404502	421	CT
1	2405544	1042	AT
1	2405619	75	AG
1	2405647	28	CT
1	2405685	38	CT
1	2406418	733	CT
1	2406572	154	AG
1	2407017	445	GA
1	2407813	646	CT
1	2407859	46	GA
1	2408210	351	GA
1	2408264	54	GA
1	2408996	732	CT
1	2409171	175	GA
1	2409405	82	CT
1	2409424	19	GA
1	2409426	2	GA
1	2409710	284	AC
1	2409917	207	CT
1	2410020	103	GA
1	2410251	231	GT
1	2412383	1214	CT
1	2412515	132	GT
1	2412759	244	CT
1	2412906	147	CT
1	2413148	242	GA
1	2413479	305	CT
1	2415142	1214	CG
1	2415646	504	TC
1	2416358	618	GA
1	2422678	3597	GA
1	2422884	206	CG
1	2423961	1077	CT
1	2424659	698	GA
1	2426526	1867	GA
1	2426542	16	GA
1	2429331	2692	TC
1	2429665	334	CT
1	2429673	8	GA
1	2431972	2021	GA
1	2432017	45	AG
1	2433136	1119	GA
1	2433422	286	GC
1	2434494	1072	TC
1	2437249	2488	TC
1	2437872	623	AC
1	2437960	88	AG
1	2438054	94	TC
1	2438978	924	TC
1	2439100	122	CT
1	2439859	759	CT
1	2441051	1192	CT
1	2441343	292	CT
1	2441768	425	TC
1	2441859	91	GA
1	2441916	57	AG
1	2442558	642	CA
1	2442584	26	AG
1	2442629	45	TC
1	2442716	87	AG
1	2442735	19	TC
1	2443928	1158	GA
1	2445369	1402	GT
1	2448480	3031	GA
1	2451969	3236	CT
1	2455430	2920	GA
1	2455851	421	AG
1	2456313	462	GA
1	2462685	2054	TG
1	2463237	552	TC
1	2463264	27	CT
1	2463947	683	AG
1	2464119	172	CT
1	2464165	46	GA
1	2464176	11	AG
1	2465096	529	TC
1	2465159	63	GA
1	2465320	128	CT
1	2465415	95	CA
1	2465448	33	CT
1	2465715	230	CT
1	2465807	92	CT
1	2465911	104	GA
1	2466204	293	TC
1	2466902	698	TC
1	2466956	54	CA
1	2467267	311	AG
1	2467275	8	AG
1	2467561	286	CT
1	2467567	6	CT
1	2467818	251	TC
1	2467846	28	GA
1	2467919	73	GA
1	2468446	166	GT
1	2468587	141	CT
1	2469292	655	GT
1	2469763	471	CT
1	2469792	29	GA
1	2471175	631	AT
1	2495728	19711	GA
1	2503959	7226	AG
1	2504550	591	GA
1	2504804	254	CG
1	2505256	452	GA
1	2506214	958	CT
1	2507225	580	TC
1	2508280	1055	AG
1	2511348	3068	CT
1	2511428	80	CA
1	2513283	1758	CA
1	2516290	2638	GA
1	2517496	939	GA
1	2520733	1630	TG
1	2521503	317	AT
1	2521734	189	AC
1	2522187	265	CT
1	2522549	362	CT
1	2522564	15	AG
1	2522971	407	AG
1	2523899	881	TC
1	2524049	150	GA
1	2524690	641	CT
1	2524697	7	CT
1	2524946	249	CT
1	2525351	405	AG
1	2525601	250	TG
1	2526474	873	AG
1	2527176	702	AG
1	2528344	1082	GA
1	2528702	358	CT
1	2528956	254	TG
1	2528994	38	AG
1	2529317	323	CT
1	2529423	106	TC
1	2529508	85	CT
1	2529893	385	AG
1	2536651	3423	CT
1	2537963	1312	CT
1	2538398	435	AG
1	2541948	2972	AG
1	2542126	178	TC
1	2542302	176	AG
1	2542337	35	TC
1	2542726	389	CT
1	2542731	5	TG
1	2543327	596	CT
1	2544685	1263	CG
1	2544854	169	TC
1	2546639	1631	AG
1	2546786	147	AG
1	2547071	285	GT
1	2547551	409	TC
1	2547929	378	CT
1	2549003	996	GC
1	2550387	1384	GC
1	2551814	1168	GA
1	2552188	374	GT
1	2552227	39	CT
1	2552232	5	CT
1	2553266	1014	TA
1	2553270	4	CG
1	2553379	109	AG
1	2553390	11	TC
1	2553732	251	TG
1	2554243	417	CG
1	2554802	509	CA
1	2554877	75	CT
1	2556111	91	CT
1	2556187	76	TC
1	2558001	731	GC
1	2558443	49	TC
1	2558813	104	CT
1	2558925	112	TC
1	2559002	77	AG
1	2560092	1090	CT
1	2560677	585	GC
1	2560740	63	GA
1	2560881	141	AG
1	2560992	111	CG
1	2561236	244	CT
1	2561299	63	GA
1	2561366	67	TC
1	2561411	45	GA
1	2561690	170	TA
1	2561695	5	AG
1	2561763	68	TG
1	2561766	3	AG
1	2563949	1345	TC
1	2565075	764	CT
1	2565987	676	CT
1	2566350	363	CT
1	2568025	1341	CG
1	2570022	1997	CT
1	2571522	1500	GA
1	2571605	49	CT
1	2571866	261	CT
1	2573399	1489	CT
1	2577064	3052	CT
1	2578716	1467	GC
1	2579918	1111	CT
1	2582571	2360	GA
1	2601393	16189	CT
1	2602015	622	CA
1	2603814	1480	AT
1	2611016	6397	CT
1	2611753	707	GT
1	2612562	233	CT
1	2620058	6340	GA
1	2623939	3473	CT
1	2624404	465	CT
1	2628864	3784	GA
1	2633358	2821	CT
1	2633850	492	TC
1	2637724	2744	GA
1	2644481	6321	GA
1	2644610	129	CT
1	2646183	1375	GT
1	2650327	3650	GA
1	2650751	424	CT
1	2651012	261	GA
1	2652451	1418	GA
1	2655254	2564	GA
1	2655257	3	TC
1	2655924	419	CT
1	2655931	7	CA
1	2656113	182	CT
1	2656205	92	AG
1	2656945	607	CT
1	2657223	278	AG
1	2657281	58	CT
1	2657370	89	TG
1	2657656	286	GT
1	2657928	272	AG
1	2658985	518	AC
1	2659207	222	TC
1	2659730	523	TC
1	2659790	60	GA
1	2662236	1564	GA
1	2662244	8	GC
1	2662868	624	GA
1	2667824	4604	CT
1	2668004	180	AG
1	2670728	2686	GC
1	2671806	694	CT
1	2672120	314	TG
1	2672310	190	AG
1	2675458	1819	GA
1	2677344	1611	GA
1	2678557	576	GT
1	2678590	33	GA
1	2679090	328	GA
1	2679365	275	CT
1	2679817	400	CT
1	2679819	2	CT
1	2680456	637	TC
1	2680876	420	CT
1	2683056	1816	GA
1	2685649	1925	CA
1	2686791	1142	GT
1	2688762	1942	GA
1	2689479	439	GT
1	2691299	1628	CT
1	2691762	446	CT
1	2691863	101	AG
1	2691876	13	GA
1	2691886	10	CT
1	2692140	254	GA
1	2692186	46	CT
1	2692433	247	AG
1	2693241	599	GA
1	2699889	5151	AG
1	2702469	1760	AG
1	2703476	1007	TC
1	2706059	2010	GT
1	2706962	773	AG
1	2707664	702	AG
1	2708800	1136	GA
1	2708820	20	TC
1	2709778	958	AG
1	2710346	363	AT
1	2711091	745	AT
1	2711120	29	GC
1	2711778	658	CT
1	2714336	1931	CA
1	2714533	197	CT
1	2718591	3337	TG
1	2719261	670	CT
1	2719900	639	CT
1	2720854	468	GA
1	2721119	265	TC
1	2721930	652	GA
1	2724709	2099	CT
1	2725494	481	GT
1	2725737	243	CT
1	2727346	1564	TC
1	2728296	634	CT
1	2728748	452	GA
1	2728968	220	CT
1	2729177	163	AG
1	2730449	1272	GA
1	2731594	1145	GC
1	2732577	983	AG
1	2732846	247	TC
1	2732865	19	CT
1	2733755	890	TC
1	2734098	343	CT
1	2735373	978	GA
1	2736308	935	CT
1	2736673	365	GC
1	2736802	129	TC
1	2737132	330	CA
1	2737817	685	CA
1	2737894	77	AG
1	2738175	281	GA
1	2738453	278	GT
1	2739117	664	GA
1	2739134	17	AG
1	2739643	509	TC
1	2739851	208	GA
1	2740123	272	AG
1	2741412	1255	CT
1	2743472	2026	CT
1	2743518	46	CT
1	2746505	2594	GA
1	2747320	815	CT
1	2751573	3429	CT
1	2754308	1724	AC
1	2755108	571	CT
1	2755124	16	GA
1	2755806	515	GA
1	2757129	1168	TC
1	2757202	73	GA
1	2757208	6	GC
1	2757549	341	TC
1	2758130	581	TC
1	2761215	2513	GA
1	2761701	486	AG
1	2763186	1485	CA
1	2765484	1511	AG
1	2767237	1267	CT
1	2768607	739	CT
1	2771175	2182	AG
1	2771697	414	TC
1	2771772	75	GA
1	2771779	7	CA
1	2772123	344	AG
1	2772317	194	GA
1	2772739	422	AG
1	2773016	277	GT
1	2773260	244	GA
1	2773830	570	AG
1	2774076	246	AT
1	2775251	1153	GC
1	2775309	58	GA
1	2778946	2105	GA
1	2779221	275	GA
1	2779970	424	CT
1	2781474	909	TC
1	2781498	24	CA
1	2781775	277	GA
1	2782015	70	GA
1	2782520	176	CT
1	2782922	402	AG
1	2782925	3	GA
1	2783141	216	TC
1	2783192	51	AG
1	2783218	26	GA
1	2783286	68	TC
1	2783550	264	CT
1	2783726	176	CG
1	2783935	209	TG
1	2783974	39	GA
1	2784005	31	AG
1	2784593	588	AG
1	2784836	243	AC
1	2784837	1	GA
1	2785117	280	GA
1	2785201	84	CA
1	2785799	273	GA
1	2786000	201	CG
1	2786059	59	TC
1	2786239	180	CT
1	2787339	498	CA
1	2788571	1232	GA
1	2788724	153	GA
1	2788862	138	CT
1	2789473	318	CT
1	2789753	280	CT
1	2790106	353	GA
1	2790427	321	TC
1	2792696	1525	AG
1	2793436	740	CA
1	2796179	1593	AG
1	2796494	315	GA
1	2797078	555	GA
1	2797663	499	AG
1	2798452	789	CT
1	2798714	262	AG
1	2800948	1768	GA
1	2804461	3130	CT
1	2806315	1569	AC
1	2806616	301	CG
1	2807846	1230	CT
1	2807915	69	CG
1	2808871	956	CT
1	2813161	4206	GA
1	2813433	272	AG
1	2814978	1420	AC
1	2818589	3322	AG
1	2818590	1	CA
1	2820835	933	AC
1	2822023	876	CG
1	2822264	241	GC
1	2822818	446	CT
1	2823021	168	CT
1	2823983	680	AC
1	2825703	1394	TC
1	2825704	1	CG
1	2825745	41	GC
1	2826137	392	GA
1	2826484	347	TC
1	2826807	323	CT
1	2827422	615	GA
1	2827813	391	CT
1	2827830	17	CT
1	2829753	1923	GC
1	2830003	250	CT
1	2830096	93	GA
1	2830397	301	GA
1	2831264	795	AG
1	2831283	19	CA
1	2833222	1850	TC
1	2833327	105	CT
1	2834141	510	AG
1	2834923	782	TC
1	2834984	61	CA
1	2835016	32	GC
1	2837506	689	CT
1	2837723	136	CA
1	2837759	36	GC
1	2838000	241	CT
1	2839610	1153	CT
1	2839611	1	CG
1	2839698	87	AG
1	2839715	17	CG
1	2840563	848	CT
1	2840589	26	GA
1	2841714	700	CT
1	2844786	1958	TC
1	2844887	101	GA
1	2844952	65	CT
1	2846617	1195	GA
1	2848875	1026	AG
1	2848899	24	GA
1	2848937	38	GC
1	2848970	33	CT
1	2849757	787	GA
1	2850806	731	TC
1	2852502	576	CT
1	2852644	142	AG
1	2853046	402	GA
1	2853082	36	TA
1	2855554	583	CT
1	2855953	399	GA
1	2857490	950	AC
1	2857544	54	CG
1	2858238	694	GA
1	2858921	683	CT
1	2859116	195	CT
1	2863527	3770	TG
1	2865327	1800	TC
1	2866570	1206	GA
1	2866996	426	CT
1	2867282	249	GA
1	2867585	303	GC
1	2870307	2682	GA
1	2870962	655	AG
1	2872577	1615	GC
1	2872863	286	AG
1	2878442	5332	GA
1	2883045	4222	AC
1	2883879	834	AG
1	2884224	345	GA
1	2885864	1357	CG
1	2886555	691	GA
1	2888311	1756	AT
1	2890830	2398	AG
1	2894444	3417	GA
1	2895202	758	AC
1	2897266	2018	CG
1	2899156	1890	CT
1	2900693	1139	CT
1	2900807	114	TC
1	2902475	1343	TC
1	2905605	2751	TC
1	2905680	75	GA
1	2908043	2276	TC
1	2908632	589	CG
1	2909812	1024	GC
1	2917248	7018	CG
1	2920127	2783	TC
1	2921882	1755	GA
1	2922082	200	GC
1	2923284	1202	GA
1	2926874	2651	CT
1	2928855	1956	CT
1	2931453	1850	CT
1	2933647	1803	AG
1	2933824	177	CT
1	2933870	46	GA
1	2936684	1936	GT
1	2936781	97	CT
1	2936796	15	AG
1	2936953	157	TC
1	2937503	155	TA
1	2937582	79	CG
1	2937643	61	TG
1	2938150	507	CT
1	2941005	1036	CT
1	2941165	160	CT
1	2941570	405	AG
1	2942655	1085	AC
1	2943065	410	AG
1	2943121	56	GC
1	2943153	32	AG
1	2943163	10	CT
1	2943259	96	TA
1	2943435	176	TC
1	2944863	1245	TC
1	2946468	1366	AG
1	2947153	491	TC
1	2947185	32	GA
1	2951071	1803	GT
1	2954239	2054	CA
1	2954875	309	AG
1	2954949	74	CG
1	2954977	28	TC
1	2955690	713	CT
1	2955967	277	GA
1	2958106	1559	CT
1	2958155	49	GA
1	2960220	1617	GC
1	2960569	349	GA
1	2961801	797	TC
1	2962581	440	CT
1	2962962	381	GA
1	2963731	769	CT
1	2963947	216	AC
1	2964810	863	AG
1	2966957	2029	TC
1	2966989	32	AT
1	2967264	24	AG
1	2967325	61	CT
1	2969030	1705	AC
1	2969043	13	GC
1	2969917	774	CT
1	2970491	451	CT
1	2974948	4105	GA
1	2978304	3318	GA
1	2982866	980	TC
1	2984253	1387	CT
1	2985096	843	CT
1	2985367	271	CT
1	2986106	739	GA
1	2986449	343	TA
1	2986983	534	GA
1	2988414	1329	GA
1	2988681	267	AG
1	2989140	459	GA
1	2989160	20	CT
1	2989595	435	CT
1	2991089	1494	CT
1	2991757	668	GC
1	2991876	119	TC
1	2992644	705	CG
1	2992662	18	GA
1	2992705	43	GC
1	2992765	60	CT
1	2993348	583	AC
1	2997095	3198	TG
1	2997169	74	AG
1	2997284	115	CT
1	2997410	126	TC
1	2998092	394	GT
1	2998803	674	GT
1	2999052	209	TC
1	2999290	238	AT
1	2999325	35	AG
1	2999945	284	CT
1	3010889	2605	AT
1	3012353	713	GC
1	3012368	15	TC
1	3012421	53	CA
1	3012901	480	TC
1	3012935	34	CG
1	3013008	73	CA
1	3013106	98	GA
1	3013141	35	AG
1	3013440	214	CT
1	3014114	674	CT
1	3014307	153	CT
1	3014400	93	GA
1	3014541	141	TC
1	3014710	169	AG
1	3014879	169	AG
1	3015441	562	TC
1	3018803	3010	TC
1	3019124	321	CT
1	3019359	235	CT
1	3019737	359	CT
1	3020019	242	CT
1	3020558	110	TC
1	3023503	2515	GA
1	3023699	196	CT
1	3024120	421	TC
1	3025244	1124	GC
1	3026667	804	GA
1	3026845	178	GC
1	3027235	390	TC
1	3027260	25	GA
1	3027429	169	CT
1	3027469	40	TC
1	3027546	77	CG
1	3027804	258	CA
1	3028025	221	GA
1	3028084	59	CT
1	3029059	700	GA
1	3029752	429	GA
1	3030958	250	GA
1	3031598	329	TG
1	3031846	186	CT
1	3032488	609	CG
1	3032881	393	CT
1	3032886	5	CA
1	3032928	42	AG
1	3033141	213	TC
1	3033274	133	TC
1	3033305	31	GA
1	3033603	103	GA
1	3033688	85	CT
1	3034212	524	CT
1	3035108	496	CA
1	3036425	1289	GA
1	3036512	87	GA
1	3036958	426	AG
1	3037806	344	GA
1	3037831	25	GT
1	3037897	66	GA
1	3037996	99	AG
1	3038037	41	CT
1	3038239	202	GA
1	3038378	139	GT
1	3038385	7	CT
1	3038542	38	TC
1	3038652	110	CT
1	3038672	20	CT
1	3038816	144	GA
1	3038817	1	TG
1	3038915	98	GA
1	3038956	41	GA
1	3039029	73	CT
1	3039103	74	GA
1	3039135	32	TC
1	3039464	329	GT
1	3039504	40	CG
1	3039690	186	CT
1	3039771	81	CT
1	3039807	36	AC
1	3039839	32	CG
1	3039891	52	CG
1	3039896	5	CG
1	3039899	3	CT
1	3040216	317	CT
1	3040234	18	CT
1	3040250	16	CG
1	3040287	37	CT
1	3040352	65	GC
1	3040356	4	TG
1	3040386	30	CT
1	3040538	152	GA
1	3040603	65	GA
1	3040605	2	AG
1	3040686	81	GA
1	3040805	119	CT
1	3041223	418	GT
1	3041986	763	GA
1	3042011	25	GC
1	3042017	6	CT
1	3042127	110	GA
1	3042294	167	GC
1	3042612	318	CT
1	3043366	656	CT
1	3043410	44	GA
1	3043478	68	CT
1	3043798	134	CT
1	3043801	3	TC
1	3043882	81	CT
1	3043913	31	AC
1	3043963	50	GA
1	3044005	42	TC
1	3044030	25	CT
1	3044059	29	GA
1	3044944	258	GA
1	3045006	62	CT
1	3045034	28	CT
1	3046602	1016	CT
1	3046844	242	GA
1	3048016	635	GA
1	3048523	507	CT
1	3050335	1290	CT
1	3051544	1209	CT
1	3051665	121	GC
1	3052158	493	AC
1	3053682	1285	AG
1	3053689	7	GA
1	3056499	2515	CT
1	3057858	1000	TA
1	3058145	287	AG
1	3058469	324	GA
1	3059276	807	TC
1	3059733	276	GA
1	3059866	133	CG
1	3059868	2	CT
1	3060303	143	GA
1	3063683	2142	AG
1	3064082	399	GA
1	3066609	2490	CG
1	3067602	993	CT
1	3069007	1371	GC
1	3071226	1519	GA
1	3071227	1	TG
1	3071772	280	TC
1	3071838	66	AG
1	3072245	407	GA
1	3072376	131	AG
1	3072545	169	GA
1	3072547	2	AG
1	3072646	99	CA
1	3072691	45	TC
1	3072989	298	AG
1	3073018	29	CT
1	3073568	550	TC
1	3073626	58	CA
1	3073643	17	CT
1	3073683	40	CT
1	3073732	49	CT
1	3073736	4	TC
1	3074197	461	CA
1	3076336	978	CT
1	3076349	13	AG
1	3077398	1011	GA
1	3077495	97	GA
1	3083399	3638	GA
1	3083603	204	CT
1	3085268	1156	GA
1	3086160	892	CT
1	3089212	2509	TC
1	3089627	415	AG
1	3089665	38	TC
1	3089984	319	GC
1	3090152	168	TG
1	3090161	9	GA
1	3090211	50	TC
1	3090243	32	GA
1	3091193	495	CT
1	3092362	605	TC
1	3092434	72	GA
1	3093522	1063	TC
1	3094029	507	AG
1	3094998	874	GA
1	3099033	3908	AG
1	3099130	97	TA
1	3099357	227	CT
1	3099476	119	GA
1	3100500	970	TC
1	3101769	654	TC
1	3101859	90	GA
1	3101880	21	CT
1	3102379	266	TC
1	3102798	419	AG
1	3102812	14	TC
1	3102882	70	CT
1	3102981	99	GA
1	3103036	55	TC
1	3103159	123	TC
1	3104535	1166	GA
1	3104983	448	GT
1	3104995	12	CT
1	3105007	12	GA
1	3105018	11	AG
1	3105175	92	TA
1	3105187	12	CT
1	3105193	6	AG
1	3105248	55	AG
1	3105282	34	TC
1	3105483	201	GA
1	3105527	44	GA
1	3105642	115	CT
1	3105819	177	AC
1	3105876	57	AG
1	3106044	168	CA
1	3106156	112	GC
1	3106188	32	CT
1	3106479	291	GA
1	3106509	30	CT
1	3107978	1469	AG
1	3108036	58	AG
1	3108041	5	GA
1	3108079	38	GC
1	3108096	17	GA
1	3108113	17	GC
1	3108183	70	TC
1	3108426	243	AG
1	3108441	15	TC
1	3108560	119	TC
1	3108561	1	GA
1	3108639	78	GA
1	3108653	14	GA
1	3108657	4	CT
1	3108791	134	CT
1	3108803	12	CG
1	3109429	626	CG
1	3109467	38	CT
1	3109625	158	TG
1	3109795	170	CT
1	3109857	62	AG
1	3109875	18	CT
1	3109926	51	GA
1	3109985	59	TC
1	3110628	606	GA
1	3110699	71	GA
1	3110708	9	GA
1	3110717	9	GA
1	3110850	133	GA
1	3110855	5	CT
1	3111133	278	CT
1	3111230	97	CT
1	3111652	422	CT
1	3112264	394	AG
1	3112556	292	GA
1	3112748	192	TC
1	3112939	191	CA
1	3113011	72	GA
1	3113202	191	CT
1	3113218	16	AG
1	3113232	14	CT
1	3113693	461	AG
1	3114367	653	CT
1	3115685	1318	GA
1	3116291	606	CT
1	3116537	246	CT
1	3116880	27	CT
1	3117135	53	GA
1	3117144	9	CT
1	3117183	39	GA
1	3117235	52	AG
1	3117245	10	GA
1	3117251	6	GC
1	3117466	75	GC
1	3117478	12	CT
1	3117735	64	GA
1	3117739	4	GT
1	3117761	22	GA
1	3117796	35	GA
1	3117890	94	AG
1	3118252	55	TC
1	3118268	16	TC
1	3118345	77	CT
1	3118355	10	GA
1	3118603	23	GA
1	3118644	41	GA
1	3118912	268	CT
1	3119572	576	TC
1	3119768	196	GT
1	3119813	45	AG
1	3120056	243	GA
1	3120149	93	CT
1	3120167	18	GA
1	3120189	22	TC
1	3120246	57	AG
1	3120387	141	CT
1	3120445	58	CT
1	3120496	51	AG
1	3120501	5	CT
1	3120504	3	AT
1	3120573	69	CT
1	3121128	365	GT
1	3121156	28	CT
1	3121887	456	CT
1	3121902	15	CT
1	3121928	26	TC
1	3121956	28	CG
1	3121961	5	CT
1	3122451	199	GA
1	3122613	162	TC
1	3122795	182	AG
1	3123003	208	CT
1	3123101	98	CT
1	3123139	38	CT
1	3123149	10	CG
1	3123273	124	CT
1	3123312	39	AC
1	3123334	22	GA
1	3123369	35	CT
1	3123454	85	AG
1	3123476	22	GA
1	3123479	3	TC
1	3123530	51	GA
1	3123534	4	CT
1	3123549	15	GA
1	3123668	119	GT
1	3123769	101	AG
1	3124083	314	GA
1	3124475	392	AG
1	3124893	418	CG
1	3125170	277	AG
1	3125436	266	AG
1	3126277	724	CT
1	3126569	292	AT
1	3126751	182	GA
1	3126776	25	GA
1	3127948	1172	GA
1	3130041	1758	GC
1	3132622	2073	GC
1	3132692	70	GA
1	3132850	158	AG
1	3133346	283	CT
1	3134125	779	TC
1	3134400	275	CT
1	3134841	441	AG
1	3136549	1277	CT
1	3137735	1186	GA
1	3138579	563	CT
1	3139453	828	TC
1	3139942	489	AG
1	3140028	86	GA
1	3140604	576	CT
1	3141587	864	CT
1	3142361	548	CT
1	3144699	1833	CT
1	3145415	464	TC
1	3148762	2388	TC
1	3150190	1428	AG
1	3150760	570	TC
1	3154305	3446	CT
1	3159309	2905	AG
1	3160212	652	GA
1	3163972	3091	AG
1	3164264	292	CT
1	3164634	370	AG
1	3164952	318	CT
1	3165078	126	AG
1	3169166	3521	GT
1	3171690	2180	CT
1	3174805	2609	CT
1	3175145	340	CT
1	3176668	1523	CT
1	3176683	15	TG
1	3176711	28	AG
1	3177512	248	TC
1	3177586	74	CT
1	3177632	46	GA
1	3177710	78	CT
1	3177717	7	AG
1	3177843	126	CT
1	3177903	60	TC
1	3177910	7	TA
1	3177943	33	CT
1	3178116	173	GC
1	3178174	58	GT
1	3178513	339	TC
1	3178581	68	AG
1	3178643	62	CG
1	3178794	151	GA
1	3179112	211	CT
1	3179205	93	GA
1	3179223	18	AG
1	3179493	270	GA
1	3180408	634	TC
1	3181570	430	GA
1	3181592	22	AG
1	3181979	387	CT
1	3182125	146	AG
1	3182135	10	AG
1	3182285	150	GA
1	3182441	156	CT
1	3182993	552	GA
1	3183220	227	CT
1	3183221	1	GT
1	3184378	982	AG
1	3184798	420	CA
1	3184844	46	TA
1	3185072	228	CT
1	3185412	340	AG
1	3185458	46	AG
1	3185492	34	GA
1	3185557	65	AG
1	3186153	596	CG
1	3186212	59	AG
1	3186671	459	CT
1	3186842	171	GA
1	3186925	83	GA
1	3186965	40	TC
1	3187077	112	CT
1	3187171	94	CT
1	3187320	149	TC
1	3187636	259	CT
1	3187640	4	CG
1	3187815	175	TG
1	3187981	166	CT
1	3188117	136	CT
1	3188118	1	AG
1	3189508	795	CT
1	3189698	190	AG
1	3189846	148	AG
1	3190017	171	CT
1	3190217	200	CT
1	3190388	171	AG
1	3190726	338	CT
1	3191074	348	GC
1	3191325	251	CG
1	3191364	39	CT
1	3191491	127	TC
1	3191832	341	TC
1	3192044	212	AG
1	3192099	55	GA
1	3192137	38	GC
1	3192423	286	TC
1	3192427	4	AG
1	3192452	25	TA
1	3192669	217	GA
1	3193522	810	GA
1	3193583	61	GA
1	3193840	257	CT
1	3194001	161	AC
1	3194016	15	CG
1	3194072	56	CT
1	3194073	1	TG
1	3194678	231	GA
1	3194738	60	CT
1	3194742	4	CT
1	3194787	45	GT
1	3194970	183	TC
1	3195012	42	CT
1	3195025	13	GA
1	3195234	209	CT
1	3195332	98	CT
1	3195335	3	GA
1	3195350	15	GA
1	3195378	28	TC
1	3195390	12	GA
1	3195479	89	TC
1	3195487	8	CT
1	3195590	103	GA
1	3195761	171	GC
1	3195804	43	CA
1	3195837	33	CT
1	3195884	47	CG
1	3196032	148	TC
1	3196086	54	TC
1	3196289	142	TC
1	3196361	72	GA
1	3196490	129	AG
1	3196937	447	TC
1	3197000	63	AG
1	3197102	102	CG
1	3197233	131	CT
1	3197289	56	GA
1	3197691	365	TC
1	3197902	211	GC
1	3197926	24	GA
1	3197990	64	CT
1	3198732	742	CT
1	3199226	455	CT
1	3199422	196	CT
1	3200224	728	CA
1	3200812	542	CA
1	3201591	779	AC
1	3201773	182	AG
1	3202540	683	AG
1	3202692	152	TG
1	3202722	30	CT
1	3204872	1526	TC
1	3205038	166	TC
1	3205299	211	GA
1	3205796	249	GA
1	3205844	48	CT
1	3206926	690	GA
1	3208425	662	GA
1	3208539	114	CT
1	3209240	203	GA
1	3209605	365	GA
1	3209801	196	CT
1	3209979	178	TC
1	3210190	211	TC
1	3210240	50	CG
1	3210247	7	TC
1	3211499	1066	GA
1	3211804	305	CT
1	3212408	456	CT
1	3212461	53	TC
1	3212627	166	CA
1	3213003	376	AC
1	3213066	63	CG
1	3213219	153	AC
1	3213725	506	CT
1	3215158	1271	GA
1	3215674	516	CT
1	3215955	246	GA
1	3216853	340	GA
1	3217340	487	GA
1	3218158	788	CT
1	3218315	157	CG
1	3219699	1057	CT
1	3220129	430	CT
1	3223674	2736	TC
1	3224071	397	GA
1	3227524	2011	TC
1	3227549	25	AG
1	3227849	300	AG
1	3227876	27	CA
1	3227988	112	GA
1	3228763	742	GC
1	3229080	317	GT
1	3229258	178	CT
1	3229329	71	AG
1	3229397	68	TC
1	3230472	1075	AG
1	3230642	170	CT
1	3231023	381	GA
1	3231357	334	GA
1	3231796	439	AG
1	3231857	61	AG
1	3232013	156	GA
1	3232040	27	GA
1	3232232	192	AG
1	3232487	255	GA
1	3232499	12	TC
1	3232646	147	AG
1	3232853	207	CG
1	3234428	948	GC
1	3234718	290	AG
1	3235053	335	CT
1	3236115	1019	CT
1	3236862	408	TC
1	3237020	158	AG
1	3237863	843	GC
1	3240086	1618	GA
1	3240881	795	CT
1	3241174	293	CT
1	3242505	891	GA
1	3242973	468	GA
1	3243829	802	TC
1	3243904	75	CA
1	3247673	3560	CG
1	3247756	83	CT
1	3248557	801	GA
1	3248890	333	CT
1	3249576	350	TA
1	3251136	1255	GA
1	3251907	771	GA
1	3252078	171	CT
1	3253659	1581	CG
1	3254454	795	TC
1	3254542	88	CT
1	3255467	925	GA
1	3256259	792	TC
1	3256727	468	CG
1	3257264	537	AG
1	3258146	502	CT
1	3261405	2821	CT
1	3261549	144	CT
1	3262189	618	AG
1	3262939	597	GA
1	3267644	3424	CT
1	3270275	2602	GA
1	3272244	771	AC
1	3277265	2380	CT
1	3279911	2362	AC
1	3281679	1466	CT
1	3284115	1477	TC
1	3284243	128	TC
1	3284460	217	TC
1	3284470	10	CT
1	3284540	70	AG
1	3284933	393	GA
1	3284956	23	AG
1	3285216	260	AG
1	3285402	186	CT
1	3285649	247	AG
1	3286407	509	GA
1	3286960	553	CT
1	3287485	525	AG
1	3287689	204	GA
1	3288572	883	TC
1	3289813	1241	CT
1	3290021	208	AT
1	3290397	376	TC
1	3290405	8	TC
1	3291349	944	GA
1	3291483	134	TC
1	3291867	334	CG
1	3292318	451	AG
1	3292422	104	GA
1	3293149	727	CT
1	3293792	643	AT
1	3296171	657	AG
1	3297687	1516	GA
1	3300108	2347	CG
1	3300206	98	CT
1	3300383	177	AG
1	3301962	1485	GA
1	3302844	882	TC
1	3303226	382	GC
1	3303454	228	GA
1	3305805	2157	GC
1	3307769	1964	GA
1	3308324	555	AC
1	3309401	1077	AG
1	3309794	365	CT
1	3309985	191	GA
1	3311611	1578	AG
1	3311753	142	CA
1	3311872	119	CT
1	3312313	441	CT
1	3312762	423	CG
1	3315901	3021	CT
1	3315909	8	CT
1	3317218	540	GA
1	3319618	1813	CT
1	3319703	85	AG
1	3319851	148	GA
1	3320073	222	GA
1	3320367	294	CG
1	3320394	27	GA
1	3325729	5113	CT
1	3325922	193	CT
1	3327991	1859	TC
1	3328623	632	CT
1	3332059	3371	GC
1	3332902	809	GA
1	3333445	543	CT
1	3338031	2897	GT
1	3338061	30	CT
1	3340185	2124	CT
1	3341476	1291	TG
1	3342244	768	TC
1	3342308	64	GA
1	3342601	293	AG
1	3342769	168	TC
1	3343191	422	GA
1	3344215	944	AG
1	3344225	10	CT
1	3345653	1428	GA
1	3350354	4504	CT
1	3351687	1309	AG
1	3352102	415	CG
1	3352598	496	TG
1	3353229	613	CT
1	3353583	172	TA
1	3354743	1160	CA
1	3355030	287	CT
1	3355063	33	CA
1	3355173	110	GA
1	3356271	1098	GA
1	3356465	194	AG
1	3357151	615	GC
1	3358663	1512	CT
1	3358681	18	CT
1	3358785	104	TC
1	3359130	197	GA
1	3360046	916	GC
1	3360069	23	GA
1	3360208	139	GA
1	3361557	1299	TC
1	3361840	283	GA
1	3362162	322	AG
1	3362213	51	CT
1	3362901	688	TC
1	3362902	1	CT
1	3364258	771	GA
1	3364499	241	AC
1	3364622	123	TG
1	3365355	670	CA
1	3369000	3535	AG
1	3379745	6328	CG
1	3394122	11261	CA
1	3396267	1831	GC
1	3403611	5765	TC
1	3407107	2383	CT
1	3407790	646	CA
1	3409650	767	GA
1	3412539	2237	GT
1	3412638	99	AC
1	3414222	1584	CT
1	3414792	570	GA
1	3417069	723	CG
1	3417420	351	AG
1	3418974	1120	CT
1	3420999	378	AG
1	3421300	301	GA
1	3422653	374	GC
1	3423556	903	GC
1	3424039	483	CT
1	3426687	1677	CT
1	3427215	528	CT
1	3428370	694	GA
1	3429145	775	TC
1	3431349	1347	CT
1	3431947	598	TC
1	3433617	1502	CA
1	3433690	73	CG
1	3434154	464	CT
1	3434159	5	CT
1	3434160	1	AG
1	3434163	3	TC
1	3434764	601	AG
1	3438142	604	GT
1	3438855	76	TC
1	3438886	31	GT
1	3439977	338	CT
1	3440083	106	CT
1	3440084	1	GA
1	3440361	277	CA
1	3440567	206	TC
1	3441081	473	AG
1	3441292	211	TC
1	3441448	156	CT
1	3441519	71	TC
1	3441856	337	TC
1	3442076	220	TC
1	3442175	99	TA
1	3442395	220	GA
1	3442676	281	CT
1	3442737	61	TC
1	3442761	24	TC
1	3443421	308	GA
1	3444797	959	GA
1	3444893	96	CG
1	3445090	197	CA
1	3445674	584	GA
1	3445918	88	AG
1	3445927	9	GA
1	3446064	137	TC
1	3446107	43	AG
1	3447245	810	GA
1	3447466	221	CT
1	3448408	942	CT
1	3448420	12	CT
1	3451006	2228	CT
1	3451269	263	CT
1	3452055	786	TA
1	3452496	441	TG
1	3452742	246	CT
1	3452772	30	AG
1	3453000	228	GA
1	3453116	116	AC
1	3453854	738	CT
1	3454308	454	GA
1	3456131	1823	GA
1	3456498	367	GC
1	3458480	1568	TC
1	3458618	138	TG
1	3458782	164	CT
1	3458833	51	GA
1	3458918	85	AG
1	3458960	42	AG
1	3459038	78	AC
1	3460239	1201	CA
1	3460354	115	GA
1	3461709	1355	GA
1	3461750	41	CT
1	3462948	846	AG
1	3463333	385	GT
1	3463371	38	CG
1	3463562	191	TA
1	3464282	720	GA
1	3464384	102	AG
1	3464795	411	AG
1	3465005	68	GA
1	3465121	116	TC
1	3465238	117	GA
1	3465492	254	GA
1	3465674	182	AG
1	3465848	174	CT
1	3465906	58	TA
1	3466021	115	CT
1	3466966	491	GA
1	3466979	13	CA
1	3467129	150	GT
1	3467250	121	TC
1	3467702	452	TC
1	3467725	23	TG
1	3468428	623	CT
1	3468715	287	TC
1	3468753	38	AG
1	3468755	2	GA
1	3469073	318	TC
1	3469091	18	GT
1	3470346	1225	GA
1	3470526	180	AG
1	3470702	176	GA
1	3470896	161	CA
1	3470913	17	TC
1	3471369	431	CT
1	3471383	14	AG
1	3471535	152	CT
1	3471639	104	GC
1	3473309	1226	AG
1	3474229	920	AT
1	3474702	473	CT
1	3475715	761	AG
1	3477564	968	AT
1	3477577	13	AG
1	3477728	151	GA
1	3478171	409	TG
1	3479314	826	GC
1	3479517	203	CT
1	3479537	20	GT
1	3480213	676	GA
1	3481088	875	CG
1	3481313	225	CG
1	3481880	567	CG
1	3482284	404	TC
1	3482655	371	AG
1	3483238	583	TC
1	3483256	18	GA
1	3483561	305	AG
1	3483784	223	TC
1	3486576	2035	GA
1	3489030	1560	CT
1	3492996	3478	AG
1	3495166	1585	CT
1	3497759	2593	TG
1	3498440	681	GC
1	3498696	256	CA
1	3500693	1789	TG
1	3507908	6572	GA
1	3508955	975	CT
1	3511582	2627	TC
1	3512063	167	GC
1	3512937	796	TC
1	3513521	388	GA
1	3515410	1509	AT
1	3517698	2210	AT
1	3519375	1402	GA
1	3519924	549	GA
1	3523913	3198	GA
1	3525857	1913	GC
1	3526464	607	GC
1	3526479	15	CT
1	3531132	4393	TC
1	3531568	358	AG
1	3531883	315	AC
1	3532581	698	TC
1	3532807	226	TG
1	3533470	663	AG
1	3533606	136	TC
1	3533729	123	TA
1	3536835	1449	TC
1	3536873	38	AG
1	3536934	61	CG
1	3536958	24	CA
1	3539773	1649	GA
1	3558303	340	AG
1	3562483	3188	GA
1	3568430	2337	GA
1	3568466	36	GA
1	3568940	474	GC
1	3568985	45	GC
1	3569035	50	GA
1	3570336	1301	GC
1	3571858	1522	AG
1	3572439	581	GC
1	3572562	123	CA
1	3572662	100	GA
1	3573328	666	GA
1	3573329	1	AG
1	3573447	118	AG
1	3573625	178	CT
1	3573824	199	AC
1	3574169	345	CT
1	3574275	106	CG
1	3574677	402	TC
1	3574712	35	TC
1	3575816	764	AG
1	3576126	310	GT
1	3576502	376	TC
1	3576513	11	GA
1	3576967	454	CT
1	3577040	73	CT
1	3579202	2137	TC
1	3579647	445	CT
1	3580360	598	GA
1	3580965	605	AG
1	3581136	171	GA
1	3581548	412	GA
1	3581787	239	GA
1	3582568	98	TC
1	3582572	4	CT
1	3582584	12	CT
1	3582731	147	GT
1	3582737	6	GC
1	3582794	57	GC
1	3583116	322	AT
1	3583576	412	TG
1	3583674	98	AT
1	3585633	476	AG
1	3585763	130	GA
1	3586103	245	CT
1	3586584	327	GC
1	3588177	1031	CG
1	3588207	30	AG
1	3588351	144	TC
1	3588756	405	GA
1	3588820	64	CT
1	3589241	421	CT
1	3589359	118	GA
1	3589464	105	AG
1	3589526	62	TC
1	3589582	56	AG
1	3590462	880	AG
1	3591818	1264	GA
1	3592846	977	CT
1	3594376	1008	CT
1	3595532	1156	CT
1	3595538	6	GA
1	3595615	77	GT
1	3596722	759	TA
1	3596905	183	TC
1	3597493	588	TC
1	3597714	221	CT
1	3598043	329	CG
1	3598057	14	TC
1	3598952	895	TC
1	3600184	1025	TC
1	3602109	1905	GC
1	3604026	1660	CT
1	3605710	1452	TC
1	3605996	286	CT
1	3608755	1104	GA
1	3609104	22	GA
1	3609420	316	TG
1	3609704	284	TC
1	3610112	408	GA
1	3610638	526	AG
1	3610884	246	AC
1	3613029	2145	CT
1	3613716	687	AG
1	3615495	1312	AG
1	3615832	337	CT
1	3616420	588	GA
1	3618466	1966	CT
1	3619056	590	GA
1	3620199	1143	TC
1	3621025	826	GA
1	3621587	562	CA
1	3623419	1832	CG
1	3625603	1833	TC
1	3626496	893	CT
1	3626777	281	CT
1	3628929	2124	AG
1	3629192	263	CT
1	3631300	2050	TC
1	3636750	4461	CT
1	3637095	345	AG
1	3637367	272	GA
1	3637760	371	GT
1	3637774	14	CT
1	3642088	3817	GA
1	3643813	1725	CT
1	3644490	677	GA
1	3644639	149	CT
1	3646178	1468	CG
1	3646732	554	CT
1	3648593	1861	CG
1	3648803	210	GA
1	3648850	47	CT
1	3650101	1049	CT
1	3655296	1786	GA
1	3655856	560	CT
1	3661510	4731	GA
1	3661566	56	GA
1	3662856	1160	GC
1	3663155	299	CT
1	3663974	819	AG
1	3665261	1253	TC
1	3665816	555	CT
1	3666082	266	CG
1	3666929	847	CT
1	3668022	764	TC
1	3668717	695	CT
1	3669586	802	TC
1	3670638	1052	CT
1	3670955	317	AG
1	3671658	703	GA
1	3673549	1891	CT
1	3673911	362	GA
1	3674354	443	GA
1	3675600	1246	TC
1	3676346	746	CT
1	3677147	801	TC
1	3677246	99	AG
1	3677749	503	CA
1	3677846	97	TC
1	3679011	967	CT
1	3679037	26	CT
1	3679976	939	TC
1	3681386	1410	TC
1	3683836	2450	TG
1	3686362	2217	CT
1	3687618	1181	AT
1	3689193	1536	GA
1	3690055	862	CT
1	3694935	4880	GA
1	3695808	873	CA
1	3698269	1158	GA
1	3698291	22	GA
1	3699507	1066	GA
1	3699931	424	AG
1	3700129	198	AG
1	3700339	210	AG
1	3701201	862	GT
1	3701270	69	CA
1	3701341	71	GA
1	3702934	1198	GA
1	3703171	237	GA
1	3703877	706	TC
1	3704139	262	GA
1	3704252	113	GA
1	3704527	275	CT
1	3704667	140	AG
1	3705987	879	TC
1	3706281	294	GA
1	3706830	549	GA
1	3707753	550	GT
1	3709372	1619	GA
1	3709565	193	GT
1	3710330	765	AC
1	3710520	190	GA
1	3710526	6	GC
1	3712338	1766	CT
1	3712508	170	GC
1	3712979	471	CT
1	3714866	1700	AT
1	3715207	341	GA
1	3715265	58	GA
1	3715886	621	CT
1	3715913	27	TC
1	3716140	227	GA
1	3716378	238	AG
1	3717058	680	GA
1	3718463	1405	AG
1	3719294	831	GA
1	3719637	343	CA
1	3719745	108	AG
1	3720584	839	GA
1	3721051	467	TC
1	3721365	314	GA
1	3721376	11	AG
1	3721397	21	GA
1	3721886	489	AG
1	3722286	400	GA
1	3722312	26	TC
1	3722325	13	TG
1	3722384	59	GA
1	3722604	220	CT
1	3724800	2196	AG
1	3724999	199	AC
1	3726892	1806	AG
1	3727244	352	GA
1	3727331	87	CA
1	3727812	481	TC
1	3729791	1979	GA
1	3730940	663	TC
1	3730946	6	GC
1	3731500	254	AG
1	3731733	233	AG
1	3731751	18	AG
1	3732289	538	GA
1	3732334	45	TG
1	3732348	14	TG
1	3732381	33	GA
1	3732443	62	GC
1	3732603	160	GA
1	3732945	249	CT
1	3732955	10	TC
1	3732975	20	CT
1	3734170	1195	CT
1	3734196	26	GA
1	3735012	816	CT
1	3735060	48	GA
1	3735463	39	AG
1	3735584	121	GA
1	3735943	359	GC
1	3736327	384	AG
1	3736411	84	GA
1	3736541	130	CA
1	3736642	101	AG
1	3736869	153	GA
1	3736961	92	CG
1	3738526	1474	CT
1	3738719	193	CT
1	3738880	161	GA
1	3738926	46	TC
1	3739886	960	CT
1	3741356	1298	CT
1	3742747	1186	CA
1	3743273	526	GT
1	3744330	1057	GT
1	3746119	1789	TC
1	3747148	769	GC
1	3747228	80	GA
1	3752439	2207	CT
1	3753047	608	GC
1	3754529	1482	CT
1	3755239	710	CT
1	3755426	187	GA
1	3756257	831	AT
1	3756941	684	CT
1	3756994	53	CT
1	3757035	41	CT
1	3757096	61	AG
1	3757307	211	TC
1	3758066	727	CT
1	3759413	1347	GA
1	3759753	299	CT
1	3765593	5428	GC
1	3766600	1007	CT
1	3766935	335	CT
1	3767070	135	CT
1	3767438	368	TC
1	3772725	4683	TG
1	3773309	584	TC
1	3774104	795	CT
1	3776703	2296	CG
1	3777079	376	CT
1	3778241	1162	CG
1	3780316	2075	AG
1	3782985	1414	CT
1	3783201	216	AG
1	3783581	380	GA
1	3785190	1537	TC
1	3786018	808	AG
1	3786792	774	AG
1	3787327	535	CT
1	3788166	839	TC
1	3788463	297	AG
1	3789281	818	GC
1	3789460	179	GA
1	3792955	3495	CT
1	3793196	241	TC
1	3796060	2301	AG
1	3797487	899	TC
1	3799758	2164	TC
1	3799898	140	GA
1	3801478	1528	TC
1	3802792	1314	TC
1	3803302	510	AG
1	3804283	981	CT
1	3811020	6678	TC
1	3814037	3017	CT
1	3814331	294	CT
1	3814645	314	GT
1	3815563	822	CT
1	3815894	331	CT
1	3816492	598	CG
1	3817526	1034	CT
1	3817658	132	TC
1	3817815	157	GA
1	3817994	179	AG
1	3818337	343	TC
1	3818727	390	TC
1	3819948	1221	CT
1	3820216	268	CT
1	3823206	2906	TC
1	3826655	3449	CT
1	3829230	2575	CT
1	3831212	1982	GC
1	3835830	4495	GA
1	3837815	1985	GT
1	3837816	1	CT
1	3838767	922	CT
1	3839808	923	CT
1	3843404	3596	CT
1	3848721	5216	AC
1	3850649	1731	CA
1	3852320	1627	AG
1	3867868	12962	CT
1	3869485	1617	GT
1	3871156	1593	AG
1	3871266	110	GA
1	3874773	3220	GA
1	3876191	893	CT
1	3876701	510	CT
1	3877174	473	CT
1	3877447	273	GA
1	3879833	2386	AG
1	3882673	2505	AG
1	3885866	3133	CT
1	3885929	63	GA
1	3887199	1270	AG
1	3888181	982	GA
1	3888319	138	AG
1	3889850	1531	TA
1	3891929	1935	GA
1	3893285	1294	GA
1	3895316	2031	AG
1	3897031	1715	GA
1	3899764	557	AG
1	3901435	1646	CT
1	3901573	138	CA
1	3901916	343	GA
1	3902002	86	GC
1	3902578	576	GA
1	3909008	6308	GA
1	3911076	2068	CG
1	3911602	526	CT
1	3911662	60	GA
1	3912018	356	AG
1	3912495	477	CT
1	3912817	322	TC
1	3913534	717	TC
1	3913603	69	TC
1	3917211	3557	GA
1	3917322	111	TC
1	3917361	39	AC
1	3917720	359	TC
1	3918060	340	TC
1	3919382	1322	GA
1	3920389	1007	GA
1	3923460	2692	CT
1	3924042	582	CT
1	3929484	5401	CT
1	3930509	1025	CA
1	3932327	1587	GA
1	3932610	283	CT
1	3936193	1759	AG
1	3936531	338	CT
1	3939265	2640	GC
1	3941011	1746	GC
1	3941527	516	CT
1	3941601	74	GA
1	3941609	8	CT
1	3942138	483	GA
1	3946119	3589	AT
1	3946224	105	GA
1	3947190	966	AG
1	3951462	3467	AG
1	3953567	2105	GA
1	3954504	801	CT
1	3954676	90	CT
1	3955418	742	AG
1	3955604	186	AG
1	3955697	93	CT
1	3957304	1430	GA
1	3958358	699	TC
1	3958636	231	CT
1	3958894	258	CT
1	3959826	482	AC
1	3961358	406	GT
1	3961422	64	TC
1	3961478	56	CT
1	3961801	323	CT
1	3961915	114	AG
1	3962055	140	GA
1	3965922	3223	CT
1	3966160	238	AG
1	3966545	251	CT
1	3966588	43	GA
1	3966724	136	GT
1	3967071	347	GA
1	3967149	78	GC
1	3967340	191	CT
1	3968534	1194	GT
1	3969269	735	CT
1	3972647	2761	GC
1	3973243	554	GA
1	3973474	231	CT
1	3974325	851	GA
1	3976291	1871	TC
1	4011705	29194	CG
1	4040073	22851	CT
1	4047510	7361	CT
1	4086767	38321	CT
1	4170017	72248	AG
1	4195709	22141	CT
1	4195877	168	GA
1	4309385	93121	GA
1	4318707	7013	CT
1	4328841	9881	CA
1	4349238	18696	GA
1	4358483	8453	CT
1	4368025	8538	CT
1	4378576	5186	GC
1	4404722	19721	CT
1	4441502	32573	GC
1	4444707	2950	CT
1	4462187	14095	CT
1	4464268	1887	GT
1	4464741	442	GA
1	4475626	10629	TC
1	4516450	35891	AG
1	4527152	9233	CT
1	4527571	419	CT
1	4529912	2341	CT
1	4531539	1627	CA
1	4531871	332	CT
1	4532510	639	CT
1	4533129	619	GA
1	4533908	779	CT
1	4534055	147	TC
1	4535578	1523	CT
1	4537092	1495	TG
1	4544426	3867	TC
1	4548994	1088	CT
1	4562646	11862	CT
1	4566659	3976	GA
1	4570850	4076	CA
1	4573025	2175	GA
1	4574052	1027	CG
1	4575114	1062	CT
1	4575348	234	CT
1	4576329	752	AG
1	4576471	142	CT
1	4576905	353	GA
1	4576976	71	GA
1	4577553	577	CT
1	4577843	290	GA
1	4579597	1073	GA
1	4580667	1070	GC
1	4581038	371	GA
1	4581065	27	CT
1	4581239	174	CT
1	4587177	3086	GA
1	4590071	2138	AG
1	4590106	35	GA
1	4590315	209	GC
1	4590487	172	TC
1	4590670	183	AG
1	4591527	857	GC
1	4592469	942	CT
1	4593445	196	CT
1	4593447	2	GC
1	4593749	302	CT
1	4593755	6	GA
1	4600713	2473	AG
1	4600821	108	CT
1	4600841	20	GA
1	4601357	105	GC
1	4603109	1752	AG
1	4608946	2727	GA
1	4609993	420	CG
1	4614729	3351	TC
1	4616954	1783	AG
1	4617593	391	AT
1	4617774	181	CT
1	4618222	448	CT
1	4619298	1076	CT
1	4620333	786	GA
1	4620348	15	GA
1	4620590	242	AG
1	4621345	755	AG
1	4621706	361	TC
1	4622049	343	GA
1	4623697	533	GT
1	4627350	2124	CG
1	4628206	530	AG
1	4630086	1563	GA
1	4631478	1331	GA
1	4632052	574	TC
1	4632212	160	GA
1	4632893	681	CT
1	4633683	473	AG
1	4634529	736	AG
1	4634920	391	GT
1	4635858	938	GA
1	4636054	196	GA
1	4638936	2314	CA
1	4642050	1678	CT
1	4644289	2122	TG
1	4646722	1240	GA
1	4648847	1574	AG
1	4651765	1400	GA
1	4651998	233	AT
1	4652084	86	GA
1	4652732	648	GT
1	4656285	2951	GA
1	4656871	586	GA
1	4657040	169	GA
1	4657743	398	CT
1	4658088	345	CT
1	4658802	624	GA
1	4662517	2571	GA
1	4665698	1403	CT
1	4669570	3840	CT
1	4670782	142	AG
1	4672575	1513	GT
1	4673399	824	CT
1	4673518	119	AG
1	4674283	765	GA
1	4674956	276	CT
1	4750284	64172	TC
1	4785176	25560	CT
1	4791316	5470	GT
1	4808619	11556	GA
1	4825684	11484	GA
1	4831129	5142	CT
1	4835922	4727	CG
1	4866298	24139	CT
1	4866370	72	TG
1	4866788	418	TC
1	4867219	431	GA
1	4867234	15	CA
1	4867299	65	CT
1	4881482	12141	GA
1	4894517	10407	CT
1	4894520	3	GA
1	4902962	7411	AG
1	4954633	30979	CT
1	4982649	19456	GA
1	5004960	4960	GA
1	5035347	24168	GC
1	5037451	1465	GA
1	5038028	577	GA
1	5038121	93	TC
1	5038367	246	AG
1	5038374	7	CT
1	5038420	46	AG
1	5038787	367	TC
1	5038853	66	GA
1	5039110	257	TC
1	5039637	527	TC
1	5040059	422	CT
1	5040748	689	CT
1	5040834	86	GA
1	5041357	523	CT
1	5041583	226	GA
1	5041697	114	GC
1	5042766	1069	TA
1	5044173	1213	GA
1	5044401	228	TC
1	5044816	415	CT
1	5045232	416	CT
1	5045283	51	CT
1	5045825	344	CT
1	5046747	922	CT
1	5047026	279	CT
1	5048586	1318	GC
1	5048841	255	GC
1	5049016	175	CT
1	5050725	668	TG
1	5051273	494	AT
1	5051340	67	GA
1	5057128	4027	CT
1	5057371	243	GA
1	5060088	1891	TC
1	5061282	476	TC
1	5064913	1845	CT
1	5064952	39	AG
1	5065031	79	AG
1	5065199	168	GA
1	5065474	275	TC
1	5066986	601	CT
1	5067031	45	CT
1	5069541	2113	GA
1	5069787	246	CT
1	5069829	42	CT
1	5070256	427	AC
1	5070473	217	GA
1	5070624	151	GA
1	5070803	179	TG
1	5071117	314	AG
1	5071901	784	TC
1	5073692	1283	CT
1	5075605	1580	CT
1	5075713	108	CT
1	5075793	80	CT
1	5075978	185	GA
1	5076204	226	GA
1	5077521	572	CT
1	5077799	278	CT
1	5078793	994	CG
1	5079178	385	CT
1	5079181	3	GA
1	5079451	270	TA
1	5079491	40	GC
1	5079800	309	CT
1	5080013	213	CA
1	5080119	106	CG
1	5080773	462	GA
1	5080782	9	AG
1	5081586	804	CT
1	5082015	429	GT
1	5083927	1314	CG
1	5085699	466	GA
1	5087457	1758	CG
1	5087491	34	TC
1	5092232	3852	AG
1	5092377	145	TC
1	5098305	1737	AC
1	5098614	309	AG
1	5103371	2163	GA
1	5103766	395	CT
1	5104698	932	GA
1	5105048	350	TC
1	5109175	3483	TC
1	5110357	1182	AG
1	5110798	441	AG
1	5110872	74	GA
1	5111966	1094	TC
1	5112211	245	TA
1	5112217	6	CG
1	5112503	286	CT
1	5112939	436	TC
1	5113039	100	CT
1	5113546	507	TG
1	5114227	649	TC
1	5119864	4348	CT
1	5120010	146	GA
1	5121343	554	CT
1	5123981	2058	CT
1	5124577	596	AG
1	5127940	2795	GT
1	5129196	1256	GA
1	5129962	766	GC
1	5134844	2795	AT
1	5136437	595	CT
1	5139363	2509	TC
1	5141773	2410	TA
1	5142247	474	GA
1	5143750	1354	TC
1	5144837	1062	TC
1	5144919	82	GT
1	5145069	150	AG
1	5147172	1738	TC
1	5147382	210	CG
1	5148820	697	CA
1	5148882	62	CT
1	5149973	777	CA
1	5151862	1889	CT
1	5152003	141	GA
1	5153049	1046	TC
1	5153175	126	GC
1	5153571	396	AG
1	5156555	1389	GT
1	5159060	1140	GT
1	5161661	2292	GA
1	5162319	394	GA
1	5164595	1616	GT
1	5168197	2375	TG
1	5169482	1285	TC
1	5172786	2805	TC
1	5174438	1652	TC
1	5174998	560	AG
1	5175829	831	CT
1	5177281	1452	GC
1	5180754	3404	CT
1	5181881	1104	AG
1	5183328	1370	GA
1	5185392	1405	CT
1	5185467	75	TG
1	5186393	870	TG
1	5187156	763	CT
1	5187500	344	GA
1	5187693	193	AG
1	5188168	475	CA
1	5190795	1449	CG
1	5191788	793	GA
1	5192828	875	TC
1	5193400	572	CG
1	5195301	1901	TC
1	5195523	222	GC
1	5196705	1027	AG
1	5197173	160	GC
1	5197282	109	TG
1	5199314	1682	TG
1	5199337	23	TC
1	5199375	38	CT
1	5199745	370	CT
1	5200323	578	CT
1	5201059	693	AG
1	5202759	1312	CT
1	5203681	468	TC
1	5207113	1846	TC
1	5207166	53	AC
1	5209232	1688	AG
1	5212238	2614	CG
1	5212326	88	AG
1	5212511	185	TG
1	5212827	316	GA
1	5212840	13	GA
1	5213442	602	CT
1	5213535	93	TC
1	5213655	120	AG
1	5214536	881	CT
1	5214650	114	GA
1	5217281	2304	GC
1	5221100	2265	AG
1	5221269	169	CT
1	5221978	709	CG
1	5222178	200	AG
1	5223049	871	TC
1	5223598	549	AT
1	5225613	1649	CT
1	5225636	23	GA
1	5226655	1019	CT
1	5226861	206	AG
1	5228086	841	GA
1	5228123	37	AG
1	5228196	73	TC
1	5228756	560	TC
1	5229346	590	CT
1	5229653	307	CT
1	5230369	716	GA
1	5236175	5453	AG
1	5236872	697	CT
1	5237414	542	CT
1	5238747	1276	CT
1	5238780	33	CT
1	5238900	120	CG
1	5239594	694	CT
1	5241602	907	CT
1	5242006	404	CG
1	5242202	196	CT
1	5244163	1961	CT
1	5244345	182	TC
1	5244540	195	TC
1	5246621	2081	CT
1	5248079	1026	TC
1	5248527	448	TC
1	5248613	86	GA
1	5249117	504	GA
1	5250132	1015	AG
1	5251137	1005	CG
1	5251683	387	GA
1	5251728	45	TC
1	5251816	88	AC
1	5251911	95	AC
1	5252159	248	CG
1	5252754	595	TC
1	5252779	25	GT
1	5252838	59	GA
1	5253347	509	CT
1	5255768	1191	GA
1	5255946	178	CT
1	5256346	400	TC
1	5257509	877	GA
1	5257768	259	CT
1	5258040	272	GA
1	5258251	211	GA
1	5259387	885	CT
1	5259407	20	CG
1	5259610	203	GA
1	5259657	47	AG
1	5261149	1468	TC
1	5261332	183	GA
1	5261862	530	TC
1	5262407	321	TC
1	5262562	155	CT
1	5262768	206	TC
1	5262895	127	AG
1	5263152	257	GA
1	5263343	191	CT
1	5263372	29	TA
1	5264779	1407	CT
1	5265009	230	CT
1	5265050	41	GT
1	5265322	272	CA
1	5265580	258	AG
1	5266131	301	CT
1	5266198	67	AG
1	5266823	625	AG
1	5267355	185	AG
1	5267672	317	TC
1	5268278	278	CT
1	5269271	993	TC
1	5269508	237	TC
1	5270044	469	GA
1	5271074	1030	CA
1	5275146	1423	AC
1	5275308	162	AT
1	5275514	206	AG
1	5275622	108	TC
1	5276294	672	CT
1	5277253	659	TC
1	5279733	2276	TC
1	5279773	40	GA
1	5280444	491	CT
1	5280688	244	AC
1	5280767	79	CT
1	5282002	1012	AG
1	5282669	512	GA
1	5282748	79	CT
1	5283554	806	GA
1	5283637	83	CG
1	5284048	411	CT
1	5284393	345	TC
1	5284712	319	CT
1	5284936	224	CT
1	5285055	119	CT
1	5285323	268	AG
1	5285912	589	CT
1	5290259	2655	TC
1	5290964	705	GA
1	5294502	2132	CT
1	5294734	232	CT
1	5294829	95	GA
1	5295179	113	GA
1	5295217	38	CG
1	5296042	757	GT
1	5296241	199	AG
1	5296291	50	CG
1	5296653	362	GA
1	5296809	156	GA
1	5296860	51	AG
1	5298346	1486	GA
1	5298456	110	CG
1	5298476	20	CT
1	5299538	1027	TC
1	5299896	132	CT
1	5300349	362	AT
1	5301588	800	CT
1	5302033	445	CT
1	5302036	3	GC
1	5303192	1156	CT
1	5303535	343	GA
1	5303638	103	TC
1	5304438	775	CT
1	5304630	192	CT
1	5304895	265	TC
1	5305274	379	CT
1	5306396	1122	GC
1	5307378	982	TG
1	5307400	22	TC
1	5308049	649	TC
1	5308953	836	CT
1	5309658	705	CT
1	5310043	385	CT
1	5310991	948	GA
1	5311080	89	AG
1	5314403	2954	TC
1	5337269	2853	CA
1	5337323	54	CT
1	5337761	438	TC
1	5337809	48	AT
1	5338307	216	TC
1	5339461	852	AG
1	5339897	347	CT
1	5340314	417	CG
1	5340994	680	GC
1	5342039	772	CG
1	5342144	105	TC
1	5342236	92	AG
1	5344094	1547	TC
1	5344747	653	CT
1	5344979	114	CT
1	5345021	42	CT
1	5345255	234	GT
1	5345301	46	TC
1	5345374	73	AG
1	5345540	166	CT
1	5345541	1	TG
1	5345621	80	AG
1	5345625	4	CT
1	5345723	98	AG
1	5345754	31	GA
1	5346025	136	GC
1	5346266	108	AG
1	5346296	30	GA
1	5346409	113	GA
1	5346415	6	AG
1	5346582	167	AG
1	5346602	20	TC
1	5347030	428	CT
1	5347393	363	TA
1	5348660	1267	CA
1	5348824	164	GA
1	5348826	2	AC
1	5349141	315	TC
1	5349767	626	CT
1	5349847	80	TC
1	5349934	87	AC
1	5350012	78	CT
1	5350095	83	CT
1	5350294	199	GA
1	5351671	1185	CT
1	5352026	85	AG
1	5352195	169	GA
1	5352398	203	GC
1	5352452	54	AC
1	5352643	191	TC
1	5353370	727	TA
1	5353850	480	TC
1	5354722	434	TC
1	5355236	373	TC
1	5356777	778	AG
1	5356814	37	CT
1	5358092	628	CG
1	5358122	30	AG
1	5358239	117	GT
1	5358282	43	GA
1	5362364	590	GA
1	5362523	159	GA
1	5362832	309	TC
1	5363075	243	TC
1	5363141	66	CT
1	5363575	404	TC
1	5364867	1222	AG
1	5365140	273	TG
1	5365196	56	GA
1	5365322	126	CT
1	5365410	88	AG
1	5365411	1	GA
1	5365773	362	AG
1	5366182	409	GA
1	5366339	157	TC
1	5366413	74	CT
1	5366648	235	TG
1	5367471	473	GA
1	5370776	2732	AG
1	5371697	882	AG
1	5372373	572	AG
1	5372549	176	CT
1	5373573	531	CT
1	5375564	1511	CT
1	5375796	232	TC
1	5378973	1012	TC
1	5379253	280	CT
1	5384984	5155	GA
1	5385780	654	CT
1	5388363	2393	CT
1	5389004	641	AG
1	5392057	2530	CT
1	5392147	90	AG
1	5395300	3153	GA
1	5395851	306	CT
1	5396274	423	AC
1	5396418	144	GA
1	5397036	618	TC
1	5397068	32	CT
1	5397166	98	TC
1	5397595	429	TC
1	5398079	484	AG
1	5399091	976	GA
1	5399959	868	CT
1	5402272	1932	CT
1	5403888	1616	TC
1	5404180	292	TC
1	5404635	122	GT
1	5404663	28	CT
1	5404669	6	GT
1	5405637	553	GA
1	5406257	620	CA
1	5406638	381	CT
1	5406848	210	TG
1	5407179	331	CT
1	5408401	786	GA
1	5409048	647	AG
1	5411709	2641	TG
1	5412510	801	CT
1	5412688	178	TC
1	5412753	65	GA
1	5414206	1453	CT
1	5414368	162	GC
1	5414413	45	TA
1	5414986	573	CG
1	5415743	607	AG
1	5415768	25	AG
1	5416067	299	GA
1	5416527	460	TC
1	5418028	917	GA
1	5418366	338	GA
1	5418522	156	CT
1	5419209	687	GT
1	5419639	76	CT
1	5419783	144	CG
1	5420023	240	GA
1	5422150	2127	TA
1	5422251	101	CT
1	5422367	116	GA
1	5423937	1522	GA
1	5424145	208	CT
1	5424433	288	AG
1	5425362	670	GT
1	5429230	2889	GA
1	5431179	1781	CA
1	5431193	14	AC
1	5431290	97	GC
1	5432632	1037	CT
1	5433208	576	GC
1	5433870	453	GA
1	5433984	114	AT
1	5435470	1486	TC
1	5435618	148	TG
1	5436714	1096	GA
1	5438220	1506	TC
1	5440217	1779	TC
1	5442206	1989	AG
1	5443585	1379	GA
1	5443610	25	AG
1	5444675	749	GC
1	5447060	1877	CT
1	5447520	460	GC
1	5448289	769	TA
1	5449522	1191	GA
1	5449861	339	GA
1	5450209	348	GA
1	5450730	521	TC
1	5451109	379	TC
1	5451663	554	AT
1	5453002	1339	CA
1	5456357	3231	GA
1	5457341	984	TC
1	5461425	1994	TC
1	5465051	3353	AC
1	5471049	5600	CT
1	5473506	2249	CT
1	5474628	1122	CT
1	5474800	172	GA
1	5474883	83	GA
1	5476611	1386	GA
1	5476624	13	TC
1	5478899	2275	AG
1	5486652	4005	AT
1	5488473	1738	GT
1	5488811	338	AG
1	5489523	712	CT
1	5490275	566	TG
1	5491061	414	CT
1	5491626	565	CT
1	5491962	336	CT
1	5492644	568	CT
1	5492787	143	AC
1	5494243	1401	GC
1	5494339	96	CT
1	5495123	464	AC
1	5497385	1244	GA
1	5497488	103	GA
1	5497869	381	TC
1	5501673	2249	GA
1	5502247	574	CT
1	5504163	575	CT
1	5504732	569	TG
1	10001284	1284	GA
1	10003091	1807	AG
1	10004055	964	TC
1	10004173	118	GA
1	10004224	51	AG
1	10004361	137	AG
1	10004446	85	CT
1	10004887	441	AC
1	10005899	985	CT
1	10006111	212	AG
1	10006626	515	CT
1	10007122	342	CT
1	10007491	369	GA
1	10007622	131	AG
1	10007702	80	TC
1	10007929	227	GA
1	10008102	131	AC
1	10008115	13	AC
1	10008645	530	CA
1	10008856	89	TG
1	10009066	210	GA
1	10009204	138	GA
1	10009320	91	AG
1	10009420	100	TC
1	10009441	21	AG
1	10009715	274	AG
1	10009768	53	GA
1	10009881	113	CA
1	10009956	75	GA
1	10010096	140	GA
1	10010238	142	TA
1	10010264	26	GA
1	10010811	356	TC
1	10011200	389	GA
1	10012287	331	GA
1	10012350	63	AT
1	10012618	268	CG
1	10013015	350	AG
1	10013503	461	GA
1	10013521	18	GA
1	10013974	405	CG
1	10014579	605	CG
1	10015330	595	AC
1	10015764	434	TA
1	10015919	155	CT
1	10016698	455	CT
1	10016830	132	CT
1	10016860	30	CT
1	10016921	61	CG
1	10017002	81	AG
1	10017549	327	CT
1	10017917	368	TG
1	10018191	237	GT
1	10025454	5137	CT
1	10026853	1084	CT
1	10030581	2642	TC
1	10030724	143	TC
1	10031432	708	CT
1	10034457	1351	TC
1	10034654	197	CT
1	10035578	118	GA
1	10035833	255	GA
1	10035996	163	AG
1	10036132	136	TC
1	10036188	56	TG
1	10036252	64	GA
1	10036995	151	CT
1	10037281	212	TC
1	10037680	399	TC
1	10037735	55	TC
1	10037829	94	GA
1	10038208	379	TC
1	10038215	7	AG
1	10038767	552	TC
1	10039340	573	CT
1	10039428	88	CT
1	10039618	190	AG
1	10039832	214	AG
1	10039882	50	GA
1	10040130	29	CT
1	10040691	561	CG
1	10040708	17	CA
1	10040737	29	CT
1	10040788	51	GA
1	10040866	78	CT
1	10040913	47	AG
1	10041125	212	CT
1	10041453	328	GA
1	10042237	784	TC
1	10042346	109	GA
1	10042950	604	CT
1	10043146	196	CT
1	10043198	52	TC
1	10043372	174	AG
1	10044104	369	CT
1	10044156	52	GA
1	10044161	5	AG
1	10045097	806	AG
1	10045243	146	AC
1	10045323	80	GA
1	10045564	241	TG
1	10045688	124	CT
1	10045981	293	GT
1	10046042	61	TC
1	10046144	102	CT
1	10046145	1	CT
1	10046440	295	GA
1	10047097	200	GA
1	10047390	293	CT
1	10047453	63	CT
1	10047669	216	CT
1	10047849	180	TG
1	10047876	27	TC
1	10048036	160	GC
1	10049239	398	GT
1	10049512	273	TA
1	10049714	202	CT
1	10049785	71	GA
1	10049848	63	TC
1	10050364	516	CT
1	10051209	806	TC
1	10051441	232	CT
1	10052155	414	TA
1	10052631	434	AT
1	10052779	148	AG
1	10053157	378	GA
1	10053276	119	GA
1	10053351	75	AG
1	10053361	10	GA
1	10053592	231	GA
1	10053601	9	GA
1	10053631	30	GA
1	10053868	237	TC
1	10053957	89	GT
1	10054107	150	TA
1	10054193	86	CG
1	10054267	74	TG
1	10054360	93	TC
1	10054382	22	GT
1	10054389	7	CT
1	10054393	4	TC
1	10054394	1	GA
1	10054396	2	GT
1	10054707	311	CG
1	10055235	470	GA
1	10055298	63	CT
1	10055657	359	AG
1	10055703	46	TG
1	10055955	220	TA
1	10059113	1896	CT
1	10062930	2909	AG
1	10063698	612	CT
1	10067987	2567	GA
1	10068995	414	TG
1	10069524	431	GA
1	10070514	482	TC
1	10070947	51	AG
1	10070986	39	AG
1	10071296	310	CT
1	10071310	14	TC
1	10071411	101	GA
1	10071428	17	CA
1	10074472	1282	AG
1	10074501	29	AG
1	10074529	28	CT
1	10074887	358	AG
1	10075485	238	AT
1	10075657	172	GT
1	10075794	137	AT
1	10075859	65	TC
1	10075925	66	CT
1	10076373	151	CT
1	10076671	298	TC
1	10076693	22	CA
1	10077098	296	GA
1	10077584	486	AC
1	10078437	622	CT
1	10079262	825	TG
1	10079296	34	TC
1	10079457	161	GA
1	10079601	144	GC
1	10079771	170	AG
1	10079903	132	GC
1	10079912	9	TC
1	10079963	51	AG
1	10079964	1	TC
1	10080021	57	CG
1	10080545	524	CT
1	10080619	74	AG
1	10080678	59	GA
1	10080723	45	CT
1	10080783	60	TC
1	10080805	22	AG
1	10080869	64	CT
1	10080875	6	TG
1	10080978	103	CG
1	10080990	12	GC
1	10081024	34	TC
1	10081402	186	AG
1	10081869	467	TC
1	10081917	48	AG
1	10082230	166	AG
1	10082328	98	AG
1	10082698	329	GA
1	10083058	360	TG
1	10083230	172	CT
1	10083231	1	AG
1	10083904	188	AG
1	10084836	567	GA
1	10085186	350	TA
1	10085769	184	CT
1	10087120	401	GA
1	10087267	147	CG
1	10087269	2	AG
1	10087324	55	GT
1	10087617	293	TC
1	10087645	28	AC
1	10087646	1	GA
1	10087683	37	CT
1	10087852	169	GA
1	10087871	19	TC
1	10088021	150	CA
1	10088172	107	GA
1	10088276	104	GA
1	10088370	94	AG
1	10088382	12	GA
1	10088471	36	TC
1	10089323	852	CT
1	10089324	1	AG
1	10089437	113	AC
1	10089462	25	AT
1	10090023	287	TG
1	10090049	26	AG
1	10090056	7	TG
1	10090207	151	GA
1	10090483	245	CA
1	10090498	15	GT
1	10090634	136	CT
1	10090704	70	TC
1	10090835	131	TC
1	10091100	265	TC
1	10092070	540	CT
1	10092089	19	TC
1	10092352	263	TC
1	10092462	110	GC
1	10093322	649	CT
1	10093807	485	GA
1	10096109	1861	CT
1	10096390	281	TC
1	10097795	529	TG
1	10098328	291	CT
1	10098609	254	GA
1	10098640	31	GC
1	10098649	9	GA
1	10098925	276	TC
1	10099198	273	AG
1	10100831	659	GA
1	10100891	60	CT
1	10100994	103	GA
1	10101586	285	AG
1	10103878	2165	CT
1	10105190	1312	GA
1	10106966	1361	CT
1	10107040	74	CT
1	10107277	237	AG
1	10107647	370	TG
1	10107684	37	TC
1	10107716	32	GA
1	10107774	58	GT
1	10107838	64	CA
1	10107988	150	CT
1	10108190	202	AG
1	10108819	629	AG
1	10110602	1303	TC
1	10111258	297	CT
1	10111321	63	TA
1	10111580	259	AG
1	10111667	87	CT
1	10112110	315	GA
1	10112268	158	AG
1	10112445	177	CT
1	10112496	51	CG
1	10112509	13	AG
1	10112553	44	TC
1	10112557	4	CT
1	10112608	51	GA
1	10113738	404	CT
1	10114240	457	CT
1	10114382	142	CA
1	10116268	1102	GC
1	10117732	1219	TC
1	10117918	186	GA
1	10118200	282	CT
1	10118739	236	CT
1	10119469	682	TC
1	10120636	787	GA
1	10122127	799	TA
1	10122715	588	AG
1	10124262	1475	AT
1	10124289	27	CT
1	10125087	798	GA
1	10125138	51	GA
1	10125855	614	CG
1	10125985	130	GA
1	10128592	2299	TG
1	10130630	1776	AT
1	10131112	482	AG
1	10135481	1620	TC
1	10137285	489	GA
1	10137339	54	AC
1	10137554	215	GA
1	10137779	225	AG
1	10138109	330	TC
1	10138483	374	TG
1	10138596	113	GA
1	10138712	116	TC
1	10138800	88	TC
1	10139199	163	CT
1	10139980	442	GA
1	10140276	296	GA
1	10140450	174	GA
1	10140587	137	AG
1	10140915	152	TC
1	10140916	1	AG
1	10140991	75	GA
1	10141022	31	TC
1	10141068	46	CT
1	10141119	51	GA
1	10142034	353	GA
1	10142343	281	TC
1	10142791	253	TC
1	10142831	40	AG
1	10142988	157	GC
1	10144369	1233	TC
1	10144936	265	GA
1	10147171	1129	TC
1	10151562	719	AC
1	10153019	732	TC
1	10156225	2857	TC
1	10156481	256	GC
1	10156509	28	AG
1	10156758	249	TC
1	10156766	8	AG
1	10156841	75	TC
1	10157395	414	GA
1	10157556	161	AC
1	10160352	1760	AG
1	10161071	505	AG
1	11369239	832394	GA
1	11380414	6708	CT
1	11383214	2156	GA
1	11385824	938	AG
1	11387468	1299	GA
1	11551446	130933	CA
1	11551482	36	GA
1	11552846	1364	GA
1	11553083	36	TC
1	11556469	1929	TC
1	11564139	5751	GA
1	11564770	631	CG
1	11565813	937	CT
1	11566560	747	AG
1	11567477	770	GT
1	11568456	350	AG
1	11568969	283	CG
1	11569552	267	CT
1	11569578	26	GA
1	11572288	1732	CT
1	11572689	401	AG
1	11572989	300	GT
1	11574189	1200	AG
1	11574315	126	AG
1	11574368	53	TC
1	11575337	466	TC
1	11575350	13	AG
1	11575506	156	TC
1	11577119	387	CT
1	11578061	645	CT
1	11579253	439	CG
1	11579270	17	GA
1	11579729	459	GC
1	11580044	315	GC
1	11580163	119	AC
1	11580297	134	CG
1	11582252	757	TG
1	11585888	1892	CT
1	11586430	542	CT
1	11586550	120	AG
1	11586673	123	CT
1	11590659	1517	AG
1	11594600	1728	CG
1	11594647	47	TC
1	11595053	386	GA
1	11595764	711	GA
1	11596721	100	TG
1	11596808	87	CT
1	11597007	147	CA
1	11598123	1116	GA
1	11598347	183	CT
1	11598418	71	GC
1	11599312	696	GA
1	11599377	65	GC
1	11599387	10	GA
1	11600459	654	CA
1	11600701	242	AG
1	11600782	81	AG
1	11602831	1344	GA
1	11602919	88	TG
1	11603063	144	AG
1	11603378	315	AG
1	11603416	38	TC
1	11603492	76	TG
1	11604723	1231	CT
1	11604858	135	GA
1	11604911	53	CG
1	11605466	472	GA
1	11609911	2876	TA
1	11610577	666	AG
1	11610652	75	GT
1	11611437	356	AG
1	11611557	120	CT
1	11613890	660	CT
1	11614748	493	TC
1	11615021	273	CA
1	11615751	385	AG
1	11617947	1790	GC
1	11619853	1874	AC
1	11621301	1305	TG
1	11622818	1485	GT
1	11626680	2582	GC
1	11626943	263	AC
1	11628688	801	AC
1	11629336	192	CT
1	11629408	72	CG
1	11629423	15	CT
1	11629695	272	CT
1	11630876	386	AG
1	11631084	208	CG
1	11632018	934	GA
1	11632026	8	CT
1	11632212	186	GA
1	11632370	158	CG
1	11632409	39	CT
1	11632496	87	GA
1	11633310	456	CA
1	11633704	394	GC
1	11633837	133	TC
1	11633925	88	AG
1	11633975	50	GA
1	11634208	233	CT
1	11634985	734	GA
1	11634994	9	GT
1	11635293	299	GA
1	11635467	174	CA
1	11635468	1	GA
1	11635547	79	CA
1	11635597	50	CT
1	11636495	830	CT
1	11636776	281	CG
1	11639158	287	AG
1	11641509	672	GA
1	11642977	771	TC
1	11643013	36	GC
1	11643093	80	CT
1	11644612	579	AG
1	11644683	71	AG
1	11644841	158	GA
1	11645270	429	GT
1	11645317	47	AG
1	11645340	23	GA
1	11645356	16	GA
1	11645393	37	GA
1	11645565	172	GT
1	11646002	437	CT
1	11646157	155	CT
1	11646158	1	AG
1	11646849	691	TC
1	11648142	1210	AG
1	11648216	74	GA
1	11648482	266	GA
1	11648515	33	GA
1	11648529	14	AG
1	11648830	301	TC
1	11648885	55	TC
1	11650026	1141	CT
1	11650541	396	CT
1	11651643	1102	CG
1	11651677	34	CT
1	11651955	278	GT
1	11653840	1695	GA
1	11653871	31	AG
1	11656323	2452	CT
1	11657533	1137	TC
1	11657605	72	GA
1	11659012	1407	GA
1	11659369	357	AG
1	11659425	56	AG
1	11660521	1096	CA
1	11660959	336	GA
1	11662066	1076	GA
1	11662609	543	GA
1	11665636	2382	AG
1	11666434	697	CT
1	11666443	9	CA
1	11666444	1	TG
1	11668761	1779	CT
1	11670906	1413	GA
1	11672033	448	CT
1	11672053	20	GT
1	11672249	196	CT
1	11672251	2	TC
1	11672267	16	GT
1	11672298	31	GC
1	11672369	71	TC
1	11672373	4	CT
1	11672374	1	GA
1	11672380	6	GA
1	11672699	319	CT
1	11672830	131	TC
1	11673350	520	CT
1	11673430	80	AG
1	11673531	101	GA
1	11673544	13	AG
1	11673591	47	TC
1	11673929	338	CG
1	11674744	815	TG
1	11675997	148	GA
1	11676663	373	CA
1	11676737	74	CT
1	11676994	257	GA
1	11679408	395	GA
1	11679752	344	GC
1	11679829	77	AG
1	11680131	302	GA
1	11680908	607	GC
1	11681533	338	GA
1	11681559	26	TC
1	11681679	120	TC
1	11682115	436	CG
1	11682259	144	TC
1	11683025	766	CT
1	11683413	49	GA
1	11684089	676	TC
1	11684141	52	CT
1	11685173	1032	CT
1	11685916	743	GA
1	11686061	145	CT
1	11686140	79	GA
1	11686282	142	GA
1	11686949	667	CA
1	11688271	1004	TA
1	11689003	532	CT
1	11689206	203	CT
1	11690723	1305	GA
1	11691773	1050	GA
1	11691917	144	TC
1	11693615	604	GA
1	11693745	130	GC
1	11693765	20	CT
1	11694724	244	TC
1	11694819	95	CG
1	11695288	104	TC
1	11695392	104	TC
1	11695573	181	CG
1	11696604	1031	TG
1	11697465	537	TC
1	11697466	1	AG
1	11697731	265	GC
1	11697834	29	AG
1	11698241	131	CG
1	11698716	475	AG
1	11699365	649	GA
1	11699547	82	CA
1	11699918	371	TC
1	11700057	139	GC
1	11700698	192	AC
1	11702359	821	TC
1	11703841	1482	CT
1	11703957	116	GT
1	11704063	106	TC
1	11704376	313	TC
1	11706874	2498	CT
1	11710204	2506	AG
1	11710850	497	TC
1	11711931	230	TA
1	11712194	263	AT
1	11712286	92	TC
1	11716577	1195	AG
1	11716616	39	TC
1	11716788	172	TG
1	11716791	3	GA
1	11716807	16	TC
1	11716882	75	GA
1	11717027	145	GA
1	11717591	128	TG
1	11717623	32	CT
1	11718166	543	TC
1	11719632	793	GA
1	11720088	173	AG
1	11720110	22	AC
1	11722954	604	TA
1	11729123	2831	GA
1	11729610	487	CT
1	11730050	440	GT
1	11733145	3017	TG
1	11737257	1977	GA
1	11738649	419	CT
1	11738679	30	AG
1	11739344	383	CT
1	11739408	64	GT
1	11740411	556	TC
1	11741057	329	CT
1	11742831	502	GA
1	11744871	1209	GT
1	11744976	105	CT
1	11745035	59	CA
1	11745127	92	AG
1	11745243	116	CT
1	11745654	411	GC
1	11745708	54	GC
1	11745927	219	TC
1	11746254	327	GA
1	11747248	460	AC
1	11748811	848	GC
1	11748892	81	AG
1	11749676	475	AG
1	11750048	372	CT
1	11750199	151	GC
1	11750972	586	CT
1	11751193	221	GA
1	11751198	5	AC
1	11751740	542	TC
1	11752423	327	AG
1	11752475	52	CT
1	11752526	51	AG
1	11752543	17	CT
1	11753048	471	CA
1	11753231	183	AG
1	11753397	166	AG
1	11753476	79	AG
1	11753589	113	TC
1	11753904	315	CT
1	11754018	77	TA
1	11754176	158	TC
1	11756126	1459	GA
1	11756241	115	CG
1	11756255	14	CT
1	11756605	269	GA
1	11757364	450	TG
1	11757468	104	CT
1	11757488	20	GA
1	11758883	981	GA
1	11759139	256	CT
1	11759219	80	AG
1	11760710	1491	AC
1	11761082	372	GA
1	11761334	252	AC
1	11762147	813	AG
1	11762253	106	AG
1	11762312	59	CT
1	11762314	2	GT
1	11762430	116	AG
1	11762957	527	GC
1	11763063	106	GA
1	11763669	408	AT
1	11765365	1696	CG
1	11765388	23	TC
1	11765391	3	GA
1	11765578	187	TC
1	11765832	254	TA
1	11766163	331	TC
1	11766900	737	CT
1	11767575	675	GA
1	11767781	206	AG
1	11767809	28	CG
1	11767890	81	TC
1	11767904	14	AG
1	11768415	260	AG
1	11768741	326	AC
1	11769167	426	GA
1	11769254	87	GA
1	11769300	46	CT
1	11770295	906	AC
1	11775284	1799	AC
1	11802323	711	AG
1	11802331	8	GC
1	11802549	218	GA
1	11824517	909	GA
1	11825646	886	AG
1	11826402	696	CT
1	11827565	622	AT
1	11829215	897	TG
1	11829235	20	CT
1	11829798	145	GC
1	11830072	274	CA
1	11832068	1089	TC
1	11832074	6	TG
1	11832534	261	GT
1	11834376	955	AC
1	11834479	103	TC
1	11834863	248	CG
1	11834870	7	AG
1	11837568	2605	TG
1	11840082	1948	CA
1	11840432	350	CT
1	11846878	4706	GA
1	11846893	15	TC
1	11846919	26	CT
1	11846923	4	CT
1	11848647	1551	CT
1	11848816	169	GA
1	11848916	100	AG
1	11849084	2	AG
1	11849176	92	GC
1	11851534	2199	CT
1	11856195	1746	CG
1	11859455	2430	AG
1	11859511	56	TA
1	11859693	182	GA
1	11860505	366	CG
1	11863366	1955	GA
1	11864556	440	GA
1	11864615	59	CT
1	11865475	860	TA
1	11867456	1236	CT
1	11868301	497	GC
1	11872972	1367	TC
1	11873230	258	GA
1	11873304	74	GT
1	11873674	370	AG
1	11873710	36	GA
1	11874807	511	TC
1	11874875	68	CT
1	11876214	1089	CG
1	11876324	110	CG
1	11879004	1593	GC
1	11879115	111	GT
1	11880664	641	GC
1	11880835	171	GA
1	11882863	1683	GA
1	11884235	1035	GC
1	11889103	2779	CT
1	11889369	266	GA
1	11889610	241	AT
1	11889618	8	CT
1	11889871	253	CT
1	11891174	911	AG
1	11891811	637	GA
1	11891887	76	AG
1	11892319	432	AG
1	11892330	11	CA
1	11893553	1092	GA
1	11895006	287	TG
1	11897118	663	TC
1	11897759	641	CT
1	11897832	73	AG
1	11897865	33	CA
1	11897901	36	TC
1	11898136	235	GA
1	11898527	82	CT
1	11898592	65	CT
1	11898597	5	CT
1	11898653	56	CT
1	11898670	17	GA
1	11898916	246	AT
1	11898921	5	GA
1	11899242	297	CT
1	11899734	139	CT
1	11900133	399	GT
1	11900213	80	AG
1	11900215	2	GA
1	11900701	393	GA
1	11900807	106	CT
1	11901244	63	CG
1	11902291	728	GC
1	11905117	835	GA
1	11905281	164	TG
1	11909628	2877	GC
1	11910421	793	TA
1	11910489	68	GC
1	11910545	56	TA
1	11912420	902	AG
1	11913147	727	GA
1	11913201	54	CG
1	11914819	441	GA
1	11914835	16	TC
1	11915627	564	TC
1	11916447	223	CA
1	11918343	1452	GA
1	11927076	7347	GT
1	11929893	2721	GA
1	11931828	1869	CT
1	11936664	4277	CT
1	11942251	5369	CT
1	11943781	1250	GA
1	11944251	470	AG
1	11944268	17	AG
1	11944300	32	GC
1	11944304	4	AC
1	11946433	1090	TG
1	11946507	74	GA
1	11947361	736	CT
1	11949815	1341	TC
1	11949951	136	AG
1	11952301	1668	GA
1	11952470	169	CT
1	11953069	348	CT
1	11953169	100	GA
1	11953179	10	GA
1	11953345	166	TG
1	11953718	373	GA
1	11954376	550	GT
1	11954584	208	GA
1	11954824	240	GC
1	11954865	41	CT
1	11954906	41	GA
1	11954942	36	AT
1	11955059	117	TG
1	11955347	91	GT
1	11956052	705	GC
1	11956197	145	CT
1	11956792	238	AG
1	11956817	25	AG
1	11956861	44	AG
1	11956868	7	TA
1	11956895	27	CT
1	11957062	167	GA
1	11957638	211	TC
1	11957715	77	GA
1	11958126	87	CG
1	11958346	86	CG
1	11958375	29	GA
1	11959559	350	GA
1	11959584	25	CT
1	11960985	601	CA
1	11961724	739	GA
1	11961784	60	GA
1	11961845	61	TC
1	11961974	81	GA
1	11962654	502	AG
1	11962954	300	TC
1	11963880	926	CT
1	11964027	147	TC
1	11964272	245	GA
1	11965967	1420	TC
1	11966285	277	CT
1	11967569	952	GC
1	11971824	2771	GA
1	11972342	518	GA
1	11973252	862	CT
1	11974815	447	GA
1	11974917	102	TC
1	11975020	103	AC
1	11975267	247	TC
1	11976800	740	GT
1	11977331	531	GA
1	11977424	93	GA
1	11977428	4	CT
1	11977781	162	TC
1	11977793	12	TC
1	11977827	34	AG
1	11977962	135	GA
1	11978038	76	CT
1	11979694	1132	GC
1	11979728	34	GA
1	11979735	7	GC
1	11980433	403	CT
1	11981437	256	CG
1	11981995	529	CT
1	11982739	319	CT
1	11983874	457	TA
1	11985158	352	TG
1	11985241	83	CT
1	11985729	191	TC
1	11986579	548	CT
1	11986660	81	TC
1	11987742	869	CT
1	11988169	427	CT
1	11988424	255	GC
1	11988464	40	GA
1	11988619	155	CT
1	11988646	27	GA
1	11989342	434	TA
1	11990246	386	CT
1	11990815	280	AC
1	11992029	1048	CT
1	11992101	72	GA
1	11993237	817	AG
1	11994552	919	CT
1	11996790	671	GA
1	11997092	302	GA
1	11997337	245	TG
1	12001104	1877	CT
1	12003971	2004	CT
1	12004269	213	CT
1	12005976	1599	GA
1	12007019	487	CT
1	12007274	255	AG
1	12012842	3824	TC
1	12012853	11	CT
1	12014807	1798	TC
1	12016909	776	AG
1	12016957	48	AC
1	12017038	81	CT
1	12017813	775	GC
1	12017931	118	CT
1	12019308	998	CT
1	12019494	130	GC
1	12019562	68	CT
1	12020323	692	AG
1	12020437	114	AG
1	12020905	468	CT
1	12021233	328	GA
1	12021300	67	CT
1	12021325	25	AG
1	12021373	48	CT
1	12022032	659	CT
1	12022256	224	AG
1	12022791	535	CT
1	12022893	102	GA
1	12023085	192	GT
1	12023742	249	AT
1	12024004	262	CT
1	12027895	1510	GA
1	12028221	326	TC
1	12028395	174	AG
1	12029253	497	GA
1	12030155	788	TC
1	12031004	849	TG
1	12031350	346	GT
1	12031516	166	AG
1	12031585	69	GA
1	12031955	370	GA
1	12032299	344	GA
1	12035004	2497	AG
1	12036074	594	CT
1	12036585	211	CT
1	12038802	1993	AG
1	12039403	574	CG
1	12039462	59	CT
1	12039580	118	TC
1	12039592	12	AG
1	12039593	1	TC
1	12039610	17	TG
1	12039813	137	AC
1	12040013	200	TC
1	12040334	321	GC
1	12040682	315	GC
1	12040791	76	TC
1	12040817	26	CT
1	12041099	282	AC
1	12041135	36	CT
1	12041363	228	TC
1	12041532	169	TC
1	12041538	6	CA
1	12041595	57	TC
1	12041662	67	AG
1	12041927	265	TC
1	12041947	20	TC
1	12041949	2	AG
1	12042016	67	GA
1	12042020	4	TC
1	12043193	811	CT
1	12043295	102	TC
1	12043627	34	GA
1	12043638	11	TG
1	12043728	90	CT
1	12043880	152	AG
1	12044252	372	CG
1	12044296	44	CT
1	12044632	336	TG
1	12044901	269	AG
1	12045889	864	CT
1	12046258	369	TC
1	12046607	349	TG
1	12046900	293	CT
1	12046956	56	TC
1	12047109	153	TG
1	12047187	78	GA
1	12047202	15	GT
1	12047253	51	GT
1	12047270	17	CA
1	12047272	2	CG
1	12047336	64	TC
1	12047459	123	GA
1	12047628	32	GC
1	12048153	208	TC
1	12050552	1814	CT
1	12050935	383	GA
1	12050986	51	TC
1	12050993	7	TC
1	12051026	33	CT
1	12051259	233	AC
1	12051354	95	GT
1	12051376	22	AG
1	12051429	53	CT
1	12051513	84	GA
1	12051531	18	GA
1	12051742	46	TC
1	12053111	1295	GC
1	12053783	672	TC
1	12054203	420	AG
1	12056088	994	GC
1	12056098	10	CT
1	12057074	827	CT
1	12057307	178	CT
1	12057534	227	GC
1	12057601	67	TC
1	12058761	1160	AC
1	12058818	57	AT
1	12059179	361	AG
1	12059720	424	AG
1	12061823	1293	AG
1	12062161	299	TC
1	12062342	181	GA
1	12062365	23	TG
1	12062418	53	GA
1	12062561	143	TA
1	12062594	33	AG
1	12062634	40	CG
1	12063288	550	AG
1	12063388	100	CT
1	12063501	113	TC
1	12063575	74	GC
1	12063770	49	CT
1	12063773	3	AT
1	12063794	21	CT
1	12065258	1246	GA
1	12065409	151	AG
1	12065593	184	GA
1	12068605	818	CT
1	12069282	677	CA
1	12071630	1646	CT
1	12072227	597	AG
1	12072698	471	GA
1	12072795	97	TC
1	12073065	270	GA
1	12073436	371	GA
1	12073867	240	GA
1	12073874	7	TC
1	12073880	6	CT
1	12074000	120	AG
1	12075631	1283	AG
1	12075685	54	TA
1	12076446	312	CA
1	12076632	186	AG
1	12076673	41	TA
1	12076837	164	TC
1	12077044	207	CT
1	12077210	166	GC
1	12077444	234	CG
1	12077478	34	AG
1	12077493	15	GA
1	12079174	268	GA
1	12079463	289	CT
1	12079677	214	AC
1	12080949	1035	GA
1	12080951	2	AC
1	12080972	21	AG
1	12082774	1260	GA
1	12092747	4286	CT
1	12094753	1586	GA
1	12095575	702	CT
1	12098437	2557	CT
1	12100912	1379	CG
1	12102192	1056	TC
1	12102790	517	AG
1	12103260	470	TC
1	12103810	399	GA
1	12103826	16	GA
1	12103898	72	AG
1	12104051	153	GC
1	12105283	1164	TC
1	12105373	90	TC
1	12105479	106	AG
1	12105875	396	CA
1	12107289	1285	CA
1	12107943	518	GA
1	12108448	505	GA
1	12108783	217	GT
1	12108856	73	CT
1	12108876	20	CT
1	12109030	154	AG
1	12109125	95	TC
1	12109945	759	GC
1	12110704	759	GA
1	12110787	83	TC
1	12110988	171	CT
1	12111428	440	GA
1	12111725	297	AC
1	12112317	556	GA
1	12112425	108	AG
1	12112428	3	GA
1	12113208	780	CT
1	12113341	133	CT
1	12118298	2017	CA
1	12121285	2841	GA
1	12125225	2159	TA
1	12126682	1457	GA
1	12128442	1414	CT
1	12130950	2399	AG
1	12132426	1323	GA
1	12132829	403	TC
1	12143470	6402	GA
1	12146663	2953	TC
1	12147218	265	CT
1	12151153	2897	CA
1	12152477	1153	CT
1	12154273	1312	TC
1	12155341	1068	TC
1	12155509	168	CG
1	12155565	56	CT
1	12155688	123	AG
1	12155714	26	TC
1	12155749	35	CT
1	12155761	12	CT
1	12157042	730	TC
1	12157823	567	GT
1	12159056	1233	AG
1	12163939	4121	AG
1	12163966	27	TC
1	12165120	487	GA
1	12165473	353	GT
1	12165814	341	CT
1	12165955	78	GA
1	12167028	1043	GA
1	12167249	221	CG
1	12167264	15	AG
1	12169259	1540	AG
1	12169397	138	GA
1	12182488	6280	GA
1	12184687	1924	CT
1	12189162	3410	CT
1	12194498	4449	GA
1	12194673	175	GA
1	12194693	20	TA
1	12194823	130	GA
1	12195690	592	CT
1	12195696	6	AG
1	12196010	314	GA
1	12196147	137	TC
1	12196491	344	TC
1	12196492	1	GA
1	12196537	45	TC
1	12197606	804	GA
1	12198381	775	CT
1	12199013	360	AG
1	12200171	512	AT
1	12202332	1384	AG
1	12203163	831	TC
1	12203175	12	GA
1	12203191	16	CT
1	12203916	725	TG
1	12204163	247	CT
1	12204955	792	AG
1	12209218	4181	AG
1	12210255	1037	AG
1	12212056	352	GC
1	12213458	375	TC
1	12213560	102	AG
1	12213774	132	AG
1	12213825	51	CT
1	12213834	9	AG
1	12214059	106	CT
1	12214311	210	GA
1	12216927	2034	TC
1	12217200	187	TC
1	12219918	2718	CG
1	12220553	635	GA
1	12220764	211	AC
1	12221994	1230	CG
1	12227669	5274	CA
1	12230210	2356	CG
1	12234076	2711	TC
1	12234086	10	AG
1	12234382	257	CT
1	12235144	485	AC
1	12235273	129	GA
1	12235805	532	GA
1	12235880	75	AT
1	12236771	547	GA
1	12236845	74	CT
1	12237003	158	CA
1	12238034	919	GC
1	12238127	93	AG
1	12238253	126	GA
1	12238343	90	TC
1	12238505	162	CT
1	12238651	146	TC
1	12238729	78	AG
1	12239531	730	AG
1	12240180	59	TA
1	12240320	54	CT
1	12241378	960	GA
1	12241451	73	GT
1	12242684	1110	AG
1	12243066	382	GA
1	12244167	1003	AG
1	12244402	235	AG
1	12245536	705	GT
1	12245542	6	CT
1	12245545	3	CT
1	12245546	1	AG
1	12245683	137	TC
1	12245687	4	TC
1	12245718	31	GT
1	12245865	109	GA
1	12245900	35	TC
1	12245968	68	AT
1	12246767	249	AG
1	12247246	426	CT
1	12247361	115	TC
1	12247748	387	TC
1	12247851	103	CT
1	12250913	2981	GA
1	12251340	427	CT
1	12254159	1813	AG
1	12256878	1972	TC
1	12258498	384	GA
1	12258619	121	TC
1	12258670	51	CT
1	12258838	168	CT
1	12261189	1347	TA
1	12263742	1114	TC
1	12265769	1255	CT
1	12265815	46	TC
1	12266947	707	TA
1	12272213	3175	GA
1	12272344	131	GA
1	12283323	6949	GA
1	12284669	754	GA
1	12295013	9881	CA
1	12320485	20554	CG
1	12322104	1598	CT
1	12322251	147	GA
1	12322809	221	GA
1	12323473	619	GA
1	12324374	864	TG
1	12326628	2081	AG
1	12326775	147	CG
1	12326969	194	AG
1	12327422	453	TC
1	12328451	1029	GA
1	12328866	415	CT
1	12339877	9704	CG
1	12341027	1150	GA
1	12341150	123	GA
1	12341394	244	GA
1	12344348	2037	CG
1	12347177	2347	AG
1	12347551	304	GC
1	12349379	1696	AG
1	12349548	169	GC
1	12351379	1564	CT
1	12351684	305	TC
1	12355568	3148	CA
1	12355659	91	TC
1	12355732	73	GT
1	12356554	769	GA
1	12358573	2019	GA
1	12367001	8169	CT
1	12369424	2320	GA
1	12371834	2186	GC
1	12371895	61	GA
1	12372101	206	TA
1	12372529	428	TA
1	12374019	1113	GA
1	12376972	1871	AG
1	12377108	78	GA
1	12378393	1151	AG
1	12381230	1229	GC
1	12385307	3158	CA
1	12385338	31	CA
1	12385682	344	GA
1	12388913	2344	GA
1	12390278	708	TC
1	12390417	139	CT
1	12390421	4	CT
1	12390612	191	GA
1	12390943	331	CT
1	12390993	50	GA
1	12391245	252	GA
1	12391393	148	CT
1	12392009	616	CT
1	12392249	240	CT
1	12392477	228	AG
1	12394044	1274	CG
1	12394045	1	GA
1	12394047	2	GA
1	12394052	5	AC
1	12394054	2	GT
1	12394577	523	GA
1	12397824	2571	AG
1	12405935	6127	CT
1	12406816	499	CA
1	12406976	160	GT
1	12407739	425	TC
1	12408663	924	CT
1	12409709	1046	GA
1	12410094	385	TC
1	12410757	663	GT
1	12411510	430	CA
1	12411599	89	AT
1	12415880	2057	TC
1	12418654	2527	GC
1	12418918	264	AG
1	12421080	2162	AT
1	12421437	357	GA
1	12425375	3938	CT
1	12426115	740	CG
1	12426141	26	TC
1	12426964	823	TA
1	12428856	1605	TG
1	12429398	542	GA
1	12429958	83	GA
1	12430708	425	AG
1	12432320	794	CT
1	12432594	274	GA
1	12432828	234	CA
1	12433402	574	TC
1	12433751	349	TC
1	12433915	124	GA
1	12433917	2	CG
1	12434394	477	GA
1	12435603	1080	GA
1	12435720	117	GA
1	12435755	35	GA
1	12435824	69	GA
1	12435873	49	CT
1	12436282	409	GT
1	12437013	572	CT
1	12438819	1774	GA
1	12438889	70	GA
1	12438980	91	AG
1	12440022	1042	GA
1	12441048	995	CT
1	12441405	326	GT
1	12444638	3079	CT
1	12444868	230	AG
1	12448007	2669	TC
1	12451281	2886	GA
1	12458112	607	TC
1	12462315	772	GA
1	12462731	85	GT
1	12465253	1151	CT
1	12466360	588	AG
1	12466896	536	TC
1	12466897	1	CT
1	12467140	83	TC
1	12467826	559	GC
1	12468444	443	CG
1	12471421	2669	GT
1	12472319	709	AT
1	12472366	47	TA
1	12473204	730	GA
1	12473869	639	TC
1	12475351	1348	CT
1	12479971	3149	GC
1	12480433	462	GC
1	12480446	13	GT
1	12480703	257	GA
1	12481327	624	CT
1	12481509	182	CG
1	12481531	22	GA
1	12482672	670	CT
1	12482941	269	AG
1	12483230	289	CT
1	12483711	481	AG
1	12483757	46	GA
1	12483989	232	CT
1	12485369	1380	TC
1	12485778	409	AG
1	12489721	2510	CA
1	12494106	3725	TC
1	12498226	961	AG
1	12498847	404	CT
1	12499645	148	CA
1	12501289	1080	AG
1	12501329	40	TA
1	12501339	10	GA
1	12503093	261	AC
1	12507045	3679	TC
1	12507429	384	TC
1	12507616	187	AG
1	12510035	2138	GA
1	12510520	485	CT
1	12514331	3628	GA
1	12514708	377	GA
1	12514758	50	AG
1	12514860	102	CG
1	12515759	869	GA
1	12517791	2032	GT
1	12517799	8	TC
1	12517854	55	CT
1	12520293	2084	GT
1	12527259	5203	TC
1	12528123	764	CA
1	12528124	1	TA
1	12528903	406	AG
1	12534055	2373	GA
1	12538920	4216	CT
1	12539512	592	GA
1	12541306	1794	GT
1	12541664	358	GC
1	12542659	915	TC
1	12545251	2322	CT
1	12555833	8520	TC
1	12556541	354	TC
1	12658456	64760	CT
1	12701221	20614	CT
1	12703877	1847	TA
1	12705222	1235	TG
1	12708407	2858	TC
1	12710001	720	CT
1	12711087	1015	AG
1	12711316	229	AG
1	12713102	1718	GA
1	12713197	95	CT
1	12713503	236	CT
1	12713746	243	AG
1	12713831	85	CA
1	12713918	87	GA
1	12713967	49	CT
1	12713980	13	AG
1	12714200	220	CT
1	12714637	437	GA
1	12714739	102	AC
1	12714755	16	AG
1	12715376	366	CT
1	12715391	15	TC
1	12715487	96	CT
1	12716596	1079	GT
1	12718164	1513	GA
1	12721292	2889	GC
1	12722080	744	GC
1	12722433	353	GC
1	12724938	2427	GA
1	12727261	1565	AT
1	12727682	137	GA
1	12727893	211	CA
1	12729406	1117	CT
1	12733552	1658	CG
1	12739237	3967	TG
1	12741202	1690	CT
1	12741725	458	CA
1	12742041	316	TC
1	12743989	1007	TC
1	12744687	615	AT
1	12744824	137	CT
1	12746110	917	TC
1	12746643	533	AG
1	12746817	174	TG
1	12749611	1777	AT
1	12752152	2228	CG
1	12752378	226	GA
1	12754931	1652	AG
1	12756464	1158	AG
1	12757461	958	CT
1	12758605	714	GA
1	12759197	592	CT
1	12759772	220	CG
1	12762358	1105	TA
1	12763273	445	CG
1	12767541	3015	CA
1	12769518	1811	CT
1	12769553	35	GC
1	12778143	3571	GC
1	12778258	115	CT
1	12783143	2814	AG
1	12783560	125	TG
1	12785824	639	GA
1	12786963	996	GT
1	12787980	897	GT
1	12788262	173	CT
1	12788276	14	TA
1	12790042	1190	CT
1	12790043	1	AG
1	12791393	1068	GA
1	12791394	1	AG
1	12793279	772	CT
1	12793503	224	GA
1	12796762	3259	CA
1	12802044	3260	TC
1	12804197	1822	CT
1	12804859	662	TA
1	12805593	576	GA
1	12805596	3	GA
1	12806188	592	GA
1	12807829	1030	CT
1	12808124	295	AG
1	12808157	33	TA
1	12808346	189	CG
1	12808648	151	GA
1	12811213	2201	GA
1	12814116	1851	TC
1	12814497	381	CT
1	12815139	642	TC
1	12815434	183	CT
1	12815577	143	CT
1	12830480	5728	AC
1	12848222	397	TC
1	12848715	453	AG
1	12852440	3122	CA
1	12852599	159	AG
1	12854057	1458	GC
1	12854788	731	AG
1	12854994	206	AG
1	12855044	50	TG
1	12856352	1308	CG
1	12856475	123	GC
1	12863014	2401	CG
1	12865228	1898	GC
1	12865705	396	TC
1	12870843	4825	AG
1	12871123	247	AG
1	12871320	197	CT
1	12871457	137	AG
1	12871464	7	GA
1	12872338	874	GA
1	12874780	2442	CT
1	12876653	1873	CT
1	12876815	162	AG
1	12877176	361	GA
1	12877526	350	CT
1	12878774	1222	CT
1	12879580	781	GC
1	12879806	207	AG
1	12881618	1812	CG
1	12882762	1066	GC
1	12882792	30	GA
1	12883060	268	GA
1	12883749	172	GC
1	12883791	42	GT
1	12885669	1306	GT
1	12886824	1130	GT
1	12887075	251	TC
1	12888191	593	GA
1	12891327	2032	TC
1	12893044	1230	CT
1	12893116	72	TC
1	12895701	1962	GA
1	12895794	93	CT
1	12897627	839	TG
1	12899752	1345	CA
1	12907254	5795	TC
1	12912660	354	AT
1	12914890	331	GA
1	12918525	894	AG
1	12921040	835	CT
1	12928147	2661	AG
1	12928594	243	CT
1	12937472	6106	TG
1	12941671	2018	AG
1	12942071	400	CT
1	12942737	497	TC
1	12950035	6822	CT
1	12950927	892	CT
1	12954402	2874	TC
1	12955673	881	CA
1	12957555	1453	CG
1	12965713	6312	CT
1	12965891	178	TC
1	12966598	343	AG
1	12967272	498	TC
1	12967739	467	AG
1	12967851	112	CT
1	12967888	37	TC
1	12967892	4	AG
1	12969956	543	CA
1	12970207	251	TG
1	12970239	32	GA
1	12970502	263	TC
1	12970566	64	AG
1	12970656	90	CA
1	12970995	339	AG
1	12971072	77	CA
1	12975055	2637	GA
1	12981354	2267	AT
1	12981514	160	GA
1	12983062	1120	GA
1	12987558	2095	AG
1	12988572	892	CA
1	12988587	15	TA
1	12990513	1384	CA
1	12992465	1882	GA
1	12992648	148	GA
1	12992657	9	CG
1	12992686	29	TG
1	12992717	31	TC
1	12992866	149	CT
1	12993044	178	CT
1	12993154	110	GA
1	12994104	950	TG
1	12994975	851	CT
1	12995794	819	GA
1	12996845	1051	AG
1	12996884	39	CT
1	12997664	615	GA
1	12997724	60	GT
1	12998016	292	TC
1	12998538	522	GC
1	12999083	545	AG
1	12999702	514	CT
1	13000476	736	CT
1	13000652	176	GA
1	13001692	492	GC
1	13001770	78	CT
1	13002794	881	AG
1	13003714	858	GA
1	13003858	144	AG
1	13004316	458	AG
1	13004479	163	CT
1	13004514	35	AG
1	13004532	18	TC
1	13004618	86	TC
1	13004627	9	CT
1	13004812	185	GC
1	13004964	152	AG
1	13004971	7	AG
1	13005400	429	CT
1	13005407	7	CA
1	13005649	242	CT
1	13005866	217	AG
1	13006031	165	TC
1	13006166	135	CT
1	13006237	71	GA
1	13006310	73	TC
1	13006676	146	CA
1	13006764	88	GT
1	13006799	35	AT
1	13006859	60	AT
1	13006874	15	TC
1	13007299	425	CG
1	13007430	131	CT
1	13008095	504	CT
1	13008126	31	CA
1	13008498	372	AG
1	13008649	151	GC
1	13008743	94	CT
1	13008766	23	TG
1	13008781	15	TG
1	13009356	553	CT
1	13009376	20	GC
1	13010004	628	TC
1	13010762	758	GA
1	13010897	135	AG
1	13011017	120	AG
1	13012542	652	CT
1	13013275	635	GA
1	13013635	360	CG
1	13013943	308	GA
1	13014387	444	GA
1	13015030	643	CT
1	13015647	617	GA
1	13017652	1802	GA
1	13017688	36	CA
1	13018465	777	TC
1	13021563	3019	GA
1	13022780	1217	GA
1	13024582	833	CT
1	13029340	3215	TG
1	13029523	183	TC
1	13032545	2969	AC
1	13034187	1096	CT
1	13034239	52	CT
1	13034513	274	CA
1	13044490	8599	GC
1	13067891	20307	GT
1	13068974	177	CG
1	13070605	520	TC
1	13070810	205	TG
1	13070849	39	GA
1	13070853	4	TG
1	13071226	373	CA
1	13071305	79	TC
1	13071306	1	AG
1	13071580	274	GA
1	13071581	1	CT
1	13071585	4	CT
1	13071708	123	GA
1	13071811	103	CT
1	13073079	1087	GT
1	13073568	489	TC
1	13074043	475	AG
1	13074999	911	TC
1	13075253	254	AG
1	13081632	5090	AT
1	13085645	3445	CT
1	13089091	2915	GA
1	13089890	799	AG
1	13090330	440	CA
1	13091382	1052	CT
1	13095338	3956	CT
1	13099991	3919	GA
1	13103501	2483	CT
1	13106030	765	TC
1	13107033	684	GA
1	13113188	5574	AT
1	13113954	568	GC
1	13113955	1	TG
1	13114103	148	GA
1	13115026	923	AG
1	13115103	77	TC
1	13115968	865	TG
1	13116056	88	AG
1	13116119	63	AG
1	13116329	191	GA
1	13117149	673	CT
1	13117361	156	AG
1	13117722	18	GA
1	13118900	1148	AT
1	13118928	28	GA
1	13119743	815	AG
1	13119751	8	GA
1	13119832	81	TC
1	13122192	1452	AT
1	13122655	149	GA
1	13123736	1081	AC
1	13125058	776	GA
1	13125340	253	TC
1	13125371	31	CT
1	13125941	517	GC
1	13125956	15	TC
1	13126243	287	GA
1	13128730	1100	TC
1	13129568	838	TC
1	13129814	246	AG
1	13130736	766	GT
1	13130809	73	TC
1	13131198	389	CG
1	13131211	13	CG
1	13131778	567	GA
1	13131925	147	GT
1	13132330	405	CA
1	13132655	325	CT
1	13132666	11	GC
1	13132700	34	GT
1	13133079	379	CT
1	13133173	94	TG
1	13133238	65	AG
1	13133277	39	AG
1	13133594	317	CA
1	13133771	177	GA
1	13133805	34	CT
1	13133810	5	AG
1	13133827	17	AG
1	13133851	24	AC
1	13134055	204	CT
1	13135175	946	GT
1	13135298	123	GC
1	13135299	1	CT
1	13136111	812	CA
1	13138121	1988	CG
1	13138124	3	AG
1	13138246	122	CT
1	13138351	105	CA
1	13138605	254	AG
1	13139590	783	GA
1	13139634	44	GT
1	13141099	1465	GA
1	13141665	566	AG
1	13141841	176	CT
1	13141882	41	GA
1	13141884	2	AG
1	13143762	1837	GC
1	13144481	719	CT
1	13144553	72	AG
1	13144612	59	AG
1	13146126	1514	GT
1	13146909	783	AG
1	13146913	4	CT
1	13147030	117	GA
1	13147355	325	AG
1	13148751	1396	AG
1	13149214	463	CG
1	13149773	559	TC
1	13150184	369	GA
1	13150210	26	AG
1	13150726	516	GA
1	13150861	135	TC
1	13150935	74	TC
1	13151315	380	CT
1	13152677	679	AG
1	13152682	5	AG
1	13153453	728	GT
1	13154647	864	AG
1	13155149	224	GA
1	13155454	305	TG
1	13155598	144	TC
1	13155722	124	CT
1	13155724	2	GA
1	13155881	157	AG
1	13155988	107	GC
1	13158122	2096	GA
1	13158269	147	GA
1	13159189	736	CT
1	13160033	844	GC
1	13161903	1243	GA
1	13162125	222	CG
1	13163441	1065	GC
1	13164851	1309	GA
1	13164895	44	TC
1	13164903	8	CT
1	13165092	62	CT
1	13165319	227	CA
1	13165320	1	AG
1	13165574	254	AG
1	13167461	1732	GT
1	13167548	87	GA
1	13168084	536	GA
1	13169231	1113	CG
1	13180384	9829	AC
1	13191168	9735	TC
1	13191832	664	GA
1	13192449	617	GT
1	13192512	63	GA
1	13192520	8	CT
1	13192770	250	GA
1	13193227	145	TC
1	13193228	1	CT
1	13193387	159	AC
1	13193403	16	CT
1	13193716	313	TC
1	13194070	271	GA
1	13194206	136	GA
1	13194717	448	CG
1	13194861	144	CT
1	13195277	416	AG
1	13196762	756	AG
1	13196883	121	GC
1	13197021	138	TC
1	13197112	91	AG
1	13197215	103	CG
1	13197265	50	GA
1	13197714	449	CT
1	13198044	330	CG
1	13198129	85	CG
1	13198229	100	TC
1	13200748	990	CT
1	13200910	162	GT
1	13200933	23	GA
1	13204038	1625	CT
1	13207607	1318	GC
1	13208849	918	TA
1	13209327	247	CG
1	13209769	305	TC
1	13210041	272	CG
1	13211052	519	AC
1	13211067	15	TC
1	13214026	1212	CA
1	13214090	64	TC
1	13214136	46	CT
1	13215633	836	TC
1	13216637	639	TG
1	13218047	1362	TC
1	13218160	113	GA
1	13219090	910	GA
1	13219544	306	TC
1	13221928	2270	CT
1	13222000	72	GA
1	13222293	293	TC
1	13223483	1190	CT
1	13225516	1679	TC
1	13225703	187	CG
1	13226308	255	AG
1	13226379	71	CT
1	13226554	175	GA
1	13227405	851	GC
1	13227650	214	AG
1	13228927	1198	CG
1	13229034	107	TC
1	13229072	38	GA
1	13229253	181	GC
1	13229454	201	TG
1	13229599	145	TC
1	13229857	258	CG
1	13229947	90	AC
1	13230348	401	CG
1	13230551	203	TG
1	13231138	587	TC
1	13232235	892	AC
1	13232763	528	TC
1	13232966	203	AG
1	13233525	535	AG
1	13234754	990	GA
1	13234755	1	CT
1	13234902	147	GA
1	13234992	90	CT
1	13235060	68	CT
1	13235544	484	GA
1	13235545	1	GT
1	13235602	57	GA
1	13236214	378	GA
1	13236242	28	CT
1	13237440	1067	GA
1	13237927	90	CT
1	13238387	460	CT
1	13239104	672	TC
1	13239342	176	TA
1	13248890	8504	CT
1	13249595	705	CT
1	13250878	1283	AG
1	13250886	8	CT
1	13250923	37	CT
1	13251310	387	GC
1	13252024	714	GA
1	13252827	702	CT
1	13254049	1135	AC
1	13254052	3	CT
1	13254378	326	TC
1	13256786	679	TG
1	13256881	95	CT
1	13257125	244	CT
1	13257908	321	CA
1	13258264	356	TC
1	13259990	1542	AG
1	13261283	1237	TC
1	13261366	83	CT
1	13261511	145	TC
1	13261828	317	CT
1	13262174	346	CT
1	13262384	210	AG
1	13262499	115	CT
1	13262592	93	TC
1	13262792	176	GC
1	13262967	175	TC
1	13263128	161	GC
1	13263599	471	AG
1	13263617	18	TG
1	13263821	204	AG
1	13263827	6	CT
1	13264040	213	AG
1	13264276	236	TC
1	13264534	258	GA
1	13264840	306	GC
1	13264904	64	CT
1	13265721	788	CT
1	13266096	375	TC
1	13266245	149	GA
1	13266269	24	TC
1	13266573	304	CT
1	13267818	1174	TC
1	13267883	65	TC
1	13268018	135	GA
1	13268214	196	TA
1	13268465	251	GA
1	13268577	112	AG
1	13268601	24	GA
1	13268781	180	TC
1	13270005	1181	CT
1	13270050	45	GA
1	13270454	404	TC
1	13270763	309	CT
1	13270956	193	TG
1	13271001	45	CT
1	13271049	48	CA
1	13275115	2608	GA
1	13283406	7158	CT
1	13287062	3134	CT
1	13290405	2363	GA
1	13300080	7799	GA
1	13300174	94	CT
1	13316427	10773	CT
1	13316784	357	GA
1	13316801	17	AC
1	13317817	186	CT
1	13319645	1742	TC
1	13320964	799	AG
1	13321011	47	AG
1	13322022	955	GA
1	14168261	638891	CT
1	14374098	148495	TC
1	14379520	4797	AT
1	14379527	7	GA
1	14380093	566	AG
1	14380738	645	AG
1	14381663	396	AG
1	14381715	52	CG
1	14381804	89	TG
1	14381849	45	TC
1	14382315	466	GA
1	14382440	125	CG
1	14382535	95	TC
1	14383689	637	GA
1	14384342	653	GA
1	14386078	1201	TG
1	14386445	367	AG
1	14387832	1056	GT
1	14387853	21	TC
1	14388183	330	AG
1	14394575	868	CT
1	14417757	13945	GC
1	14417967	210	AG
1	14418598	631	TA
1	14422980	3862	CG
1	14424937	1584	TA
1	14425890	672	TC
1	14429621	1189	TC
1	14429758	137	AG
1	14430603	636	AC
1	14430616	13	CT
1	14432899	1388	AG
1	14439657	3692	AG
1	14440009	278	AG
1	14440114	105	CT
1	14441562	923	GA
1	14441617	55	CT
1	14442749	817	TC
1	14443402	653	TC
1	14444072	495	TA
1	14445348	976	TC
1	14445482	134	CT
1	14446586	1104	GC
1	14447646	1060	CA
1	14447944	298	TG
1	14448936	837	GA
1	14450171	950	CT
1	14450257	86	GA
1	14451955	690	AG
1	14452252	297	AG
1	14452586	334	CT
1	14452724	138	TC
1	14453491	392	AT
1	14453699	208	CT
1	14454437	392	CT
1	14454482	45	GA
1	14454929	375	CA
1	14455182	253	CT
1	14455582	74	CT
1	14455745	163	AG
1	14455763	18	TC
1	14457272	169	TC
1	14457311	39	TG
1	14457312	1	TG
1	14457466	154	TC
1	14457476	10	TC
1	14457605	129	TG
1	14457627	22	AT
1	14457804	177	AC
1	14457810	6	AG
1	14457872	62	GT
1	14457887	15	GA
1	14458134	23	CT
1	14459519	1066	AG
1	14459552	33	CA
1	14459840	288	AG
1	14459924	84	AG
1	14459949	25	TC
1	14460117	168	CT
1	14460510	337	GA
1	14460814	239	TC
1	14461103	289	TC
1	14461117	14	GA
1	14461257	140	GT
1	14461403	146	AG
1	14461416	13	AG
1	14461537	121	CT
1	14461551	14	GA
1	14461677	126	CT
1	14463262	1051	AC
1	14463436	174	GC
1	14463437	1	GA
1	14463616	179	GA
1	14463689	73	AG
1	14464136	447	GT
1	14464261	125	TC
1	14464317	56	AG
1	14464474	157	CT
1	14464540	66	TG
1	14464553	13	CG
1	14464556	3	CT
1	14464751	195	AC
1	14464861	110	TC
1	14464912	51	AG
1	14465046	134	AC
1	14465059	13	TC
1	14465143	84	TC
1	14465230	87	CG
1	14465823	487	CG
1	14466065	242	TC
1	14466494	253	CT
1	14466547	53	CT
1	14469073	778	AG
1	14469180	107	TC
1	14469216	36	GA
1	14469286	70	CT
1	14469320	34	TG
1	14472190	1876	GC
1	14472219	29	GA
1	14472302	83	CG
1	14472318	16	GC
1	14472443	125	CT
1	14472458	15	CT
1	14472842	384	CT
1	14472934	92	GT
1	14473165	231	CT
1	14473354	189	AC
1	14473474	120	GA
1	14473620	146	CT
1	14474067	447	GC
1	14474550	483	TC
1	14474707	157	GA
1	14474981	151	AG
1	14477087	1272	GA
1	14477395	308	AG
1	14478178	783	GA
1	14478668	225	CT
1	14479403	297	TC
1	14479554	151	GT
1	14479672	118	CT
1	14479808	136	TG
1	14479821	13	GA
1	14480693	653	AG
1	14483870	2196	GA
1	14485157	1113	AG
1	14485368	211	CT
1	14488162	2502	CT
1	14492125	1370	CT
1	14492147	22	TC
1	14492170	23	TC
1	14492217	47	CT
1	14492314	97	AG
1	14492336	22	CG
1	14492430	94	TC
1	14494026	1596	CT
1	14494627	449	CT
1	14494761	134	TG
1	14495387	626	AG
1	14496349	718	CT
1	14498623	1334	TC
1	14498642	19	TC
1	14500324	1330	TG
1	14500387	63	TC
1	14500461	74	GC
1	14500476	15	CT
1	14500832	356	AG
1	14501188	356	GC
1	14501335	147	TC
1	14501497	86	GC
1	14501593	96	GA
1	14501755	162	GA
1	14502335	168	CT
1	14503730	869	AG
1	14504230	500	CT
1	14504244	14	CT
1	14504246	2	GA
1	14505233	987	GA
1	14507827	1926	TC
1	14508156	329	GA
1	14508350	194	TG
1	14514449	4252	CA
1	14518430	3151	TC
1	14519405	842	GT
1	14519441	36	CT
1	14519867	397	GA
1	14520559	692	AG
1	14521049	490	AC
1	14521365	316	CA
1	14521462	97	GT
1	14521466	4	TA
1	14521823	357	AG
1	14521852	29	GC
1	14522076	224	CA
1	14523580	1047	GA
1	14523908	239	TC
1	14523948	40	CT
1	14524848	900	CT
1	14526206	1182	AG
1	14526900	645	AG
1	14527545	645	GT
1	14527555	10	TC
1	14527596	41	CT
1	14527773	65	AG
1	14527992	219	AT
1	14528077	85	GT
1	14528078	1	TG
1	14528098	20	TC
1	14528143	45	CT
1	14528341	198	CT
1	14528348	7	TC
1	14528381	33	TC
1	14528751	240	GA
1	14528929	178	TC
1	14529193	264	TC
1	14529343	150	GA
1	14529353	10	AT
1	14529367	14	TC
1	14530008	478	TG
1	14530315	269	CT
1	14530395	80	AC
1	14530470	75	AG
1	14530487	17	CT
1	14531088	565	AG
1	14531142	54	AG
1	14531521	245	AG
1	14531578	57	CT
1	14532944	794	GT
1	14534286	966	CG
1	14534390	104	TG
1	14534921	531	CG
1	14536101	1065	GC
1	14537556	722	CT
1	14537557	1	GA
1	14538733	743	CT
1	14539180	447	GC
1	14539875	695	CT
1	14539973	98	TC
1	14540085	112	GC
1	14540439	354	AC
1	14541129	644	TG
1	14541286	157	TC
1	14541667	381	CT
1	14541947	280	GA
1	14543000	796	CT
1	14543299	299	GA
1	14543567	268	CT
1	14546477	571	TC
1	14547268	791	CT
1	14547405	137	GA
1	14547683	278	CT
1	14548194	470	AG
1	14548563	369	GA
1	14548849	103	TG
1	14548969	120	AG
1	14548986	17	AG
1	14549005	19	AG
1	14549374	285	AG
1	14549413	39	CT
1	14550351	469	GT
1	14551724	330	AG
1	14551764	40	GA
1	14551838	74	AC
1	14551882	44	GA
1	14551895	13	CT
1	14552511	299	AT
1	14552790	279	GA
1	14552792	2	GA
1	14553486	434	CT
1	14553645	133	TG
1	14553766	121	AT
1	14553818	52	TC
1	14554960	561	CG
1	14567791	2945	CG
1	14579936	6215	AG
1	14583055	2316	CT
1	14583541	306	AT
1	14583594	53	GA
1	14583684	90	AG
1	14583688	4	TC
1	14583747	59	CT
1	14583951	204	AC
1	14584052	101	CT
1	14584273	221	CT
1	14585988	291	GA
1	14586422	434	GA
1	14586532	110	AC
1	14587659	233	CT
1	14587708	49	TC
1	14588070	362	GA
1	14588269	199	AC
1	14590156	1184	CG
1	14590492	263	CT
1	14591080	89	AC
1	14591142	62	GT
1	14591251	109	GA
1	14591271	20	GA
1	14591387	116	AG
1	14591396	9	AT
1	14591829	433	AC
1	14591839	10	TG
1	14596032	1341	GA
1	14596039	7	GA
1	14596195	156	CT
1	14608408	6567	AG
1	14612624	2736	CT
1	14613338	305	GA
1	14614710	1157	GA
1	14616593	1819	AC
1	14618060	925	AG
1	14619229	906	CT
1	14619381	152	TC
1	14619716	335	GC
1	14619722	6	GA
1	14620071	349	AC
1	14620813	468	TG
1	14621196	235	GA
1	14621235	39	TA
1	14621350	115	TC
1	14621761	348	CT
1	14622000	239	TA
1	14622071	71	CT
1	14622601	530	CT
1	14623093	184	GT
1	14623109	16	GA
1	14623493	341	GA
1	14623567	74	CT
1	14624410	646	GA
1	14624893	483	CT
1	14625116	223	GA
1	14625152	36	GA
1	14625401	110	TC
1	14625402	1	GT
1	14625867	281	GC
1	14627163	49	TG
1	14628115	922	TC
1	14628332	217	AC
1	14628975	643	CT
1	14629320	345	AC
1	14630707	1094	GA
1	14636791	2073	AG
1	14636957	166	GC
1	14637678	721	AT
1	14640947	317	GA
1	14641075	128	CT
1	14641084	9	CT
1	14642595	979	GA
1	14643121	168	TA
1	14643187	66	CT
1	14643480	293	AG
1	14643481	1	AC
1	14643522	41	GT
1	14643622	100	GA
1	14643633	11	AC
1	14643724	91	CT
1	14644826	414	AG
1	14647329	863	AT
1	14648351	781	TA
1	14661303	5955	AG
1	14662748	1192	GA
1	14662980	232	TG
1	14663423	443	CT
1	14663668	245	AC
1	14664255	587	CT
1	14665304	799	GA
1	14668154	2048	CT
1	14668177	23	AG
1	14677955	5717	GA
1	14678021	66	GA
1	14678097	76	AC
1	14682804	380	AG
1	14683006	202	TC
1	14683255	249	TC
1	14683289	34	TC
1	14683326	37	CT
1	14683367	41	CA
1	14683542	175	TC
1	14683608	66	GA
1	14683629	21	CT
1	14683649	20	AG
1	14683706	57	CT
1	14683734	28	GT
1	14683735	1	AG
1	14683746	11	GC
1	14683799	53	GT
1	14684983	458	CT
1	14685018	35	CT
1	14685048	30	GT
1	14685839	302	AG
1	14686034	42	TG
1	14686053	19	AG
1	14686110	57	GA
1	14686195	85	GT
1	14686380	185	GA
1	14687078	654	AG
1	14687083	5	TG
1	14687092	9	TA
1	14687109	17	AC
1	14687608	194	AG
1	14687628	20	TC
1	14687637	9	GA
1	14687799	36	CA
1	14688560	414	AG
1	14688571	11	CT
1	14688592	21	AG
1	14688641	49	AG
1	14688656	15	GC
1	14688709	53	GA
1	14688728	19	TC
1	14688763	35	CT
1	14689500	321	AG
1	14689564	64	GA
1	14690236	672	TA
1	14691107	364	TC
1	14691113	6	TC
1	14694815	2153	AG
1	14695434	619	GA
1	14695444	10	CT
1	14696941	247	AG
1	14697372	161	GA
1	14697826	391	GA
1	14700645	2068	GC
1	14701266	621	GA
1	14701495	229	TC
1	14703715	817	GA
1	14704173	458	AG
1	14704373	200	CT
1	14704924	327	GC
1	14705282	181	CA
1	14705309	27	CG
1	14706286	846	TG
1	14706300	14	CT
1	14714750	4352	CA
1	14715121	270	GC
1	14717753	996	CT
1	14717777	24	TA
1	14717810	33	GA
1	14720144	1165	GC
1	14720207	63	TC
1	14721499	726	AG
1	14721726	227	AG
1	14721733	7	CT
1	14721735	2	AG
1	14721845	110	AG
1	14721974	129	TC
1	14721976	2	GA
1	14722440	317	GA
1	14722455	15	AG
1	14722565	110	CA
1	14730003	4764	AC
1	14730045	42	AG
1	14730879	834	AT
1	14731304	293	GA
1	14732044	344	GA
1	14732210	166	AG
1	14732717	472	TC
1	14733367	650	TC
1	14734006	210	GA
1	14734032	26	CA
1	14734050	18	GA
1	14734052	2	GT
1	14734059	7	CT
1	14734071	12	GA
1	14734110	39	CA
1	14734212	102	CA
1	14734604	111	GT
1	14736815	853	CT
1	14736923	108	CG
1	14736960	37	CT
1	14737031	71	GA
1	14737260	229	TG
1	14739138	299	TA
1	14739266	128	AC
1	14739641	78	GA
1	14739733	92	GT
1	14739819	86	TC
1	14740426	102	AG
1	14741090	358	GA
1	14741229	139	CT
1	14741445	187	TA
1	14741783	338	TC
1	14741905	122	GA
1	14741966	61	TC
1	14742135	33	AG
1	14742240	105	CT
1	14742489	249	CG
1	14742985	496	CA
1	14744053	426	TA
1	14744285	232	GA
1	14744307	22	AG
1	14744348	41	GT
1	14744361	13	CT
1	14744435	74	GA
1	14744450	15	AG
1	14744595	145	AG
1	14744915	146	GA
1	14745241	63	CT
1	14745242	1	AG
1	14745540	298	CT
1	14745550	10	CT
1	14746052	502	TA
1	14747106	616	CT
1	14747129	23	AG
1	14747396	267	TG
1	14747412	16	TA
1	14747796	384	AC
1	14749462	449	TC
1	14749491	29	GT
1	14749641	150	GA
1	14749713	72	CA
1	14751383	1495	AG
1	14757050	1832	CA
1	14757851	801	GA
1	14758935	925	AC
1	14759032	97	AG
1	14759353	279	AG
1	14759371	18	TC
1	14759486	115	AG
1	14759686	200	GA
1	14761067	917	TC
1	14761247	180	CT
1	14761248	1	CG
1	14765639	1494	TG
1	14767603	1204	CT
1	14767732	129	AG
1	14768663	504	CT
1	14776920	4963	AG
1	14777289	305	TA
1	14777421	132	GA
1	14778409	570	TC
1	14779311	362	TC
1	14780798	227	CA
1	14780799	1	CG
1	14782078	422	CT
1	14782127	49	AC
1	14783240	711	AT
1	14784996	1524	TC
1	14785034	38	CT
1	14785776	419	AG
1	14787780	1030	TG
1	14789867	1448	GA
1	14789976	109	GA
1	14790024	48	GC
1	14790217	193	GA
1	14790300	83	AC
1	14791497	671	AG
1	14791902	85	GA
1	14792256	228	AG
1	14792501	102	GC
1	14792611	110	AT
1	14792673	62	AG
1	14792680	7	GA
1	14793703	999	CT
1	14794044	341	AG
1	14798172	181	TA
1	14798317	120	GA
1	14798362	45	AC
1	14798456	94	CA
1	14798480	24	TG
1	14799090	610	TC
1	14799179	89	AG
1	14799607	428	AT
1	14799803	196	GA
1	14802539	1727	CT
1	14803232	418	GT
1	14803233	1	GC
1	14803302	69	GA
1	14804115	35	TG
1	14804626	91	AT
1	14804707	81	CA
1	14804729	22	GC
1	14805365	636	TC
1	14806076	163	GC
1	14806127	51	AG
1	14807322	1050	GA
1	14807943	458	AG
1	14808508	565	AG
1	14808531	23	CA
1	14809112	461	TC
1	14809142	30	TC
1	14810266	99	CT
1	14810282	16	TA
1	14810351	69	AG
1	14821840	6117	CT
1	14822635	795	AT
1	14822961	159	AG
1	14825170	1517	CT
1	14826378	216	GT
1	14827166	249	CT
1	14827211	45	CT
1	14827250	39	TC
1	14827564	314	TC
1	14828118	268	CT
1	14828126	8	CT
1	14828231	105	CT
1	14828397	166	AC
1	14829402	543	CT
1	14829743	341	GA
1	14830373	630	AG
1	14831106	436	GA
1	14831713	357	GA
1	14831716	3	CT
1	14831739	23	AG
1	14831997	135	TC
1	14833148	199	AG
1	14837864	328	TG
1	14843462	2026	CA
1	14852392	2432	AG
1	14853414	1022	AG
1	14855132	1509	GA
1	14857452	1496	CT
1	14858384	747	AG
1	14858690	170	AG
1	14858874	184	CT
1	14859143	269	GC
1	14859501	301	TG
1	14860788	674	AG
1	14861141	294	CA
1	14861142	1	AG
1	14861973	788	GA
1	14862177	204	CT
1	14865696	1050	AG
1	14866144	70	AT
1	14866410	266	GA
1	14867815	904	AC
1	14870920	2022	AG
1	14871422	272	CA
1	14871683	261	CT
1	14877279	425	AG
1	14877759	480	TC
1	14878163	283	GA
1	14878700	537	GT
1	14879350	650	AG
1	14879354	4	TG
1	14880634	849	AG
1	14881124	172	CT
1	14881499	375	GC
1	14881828	329	GA
1	14881880	52	AG
1	14881980	100	GA
1	14882377	397	TA
1	14885239	1378	CT
1	14885809	356	TC
1	14885832	23	GA
1	14887285	639	TA
1	14888037	590	CT
1	14888630	353	CT
1	14889475	537	AG
1	14891814	1292	AT
1	14892112	250	TG
1	14892761	565	AG
1	14894113	208	AG
1	14894711	220	TA
1	14896274	727	TC
1	14897171	897	GA
1	14897272	101	CA
1	14897887	542	AG
1	14898137	250	TA
1	14898193	56	CT
1	14898334	107	TC
1	14898407	73	CT
1	14898647	240	GT
1	14898832	185	CT
1	14899592	589	AG
1	14899660	68	GA
1	14899684	24	AC
1	14901601	748	GA
1	14903651	272	TG
1	14903661	10	CA
1	14923975	1486	AG
1	14924184	209	AT
1	14927114	838	GT
1	14928306	808	CA
1	14929259	775	GA
1	14929684	425	GA
1	14935825	4585	CT
1	14938333	2106	TC
1	14938888	555	TC
1	14943831	3151	GA
1	14944437	166	AC
1	14945100	450	GA
1	14945752	652	AG
1	14945798	46	CT
1	14946741	868	GA
1	14947109	368	GA
1	14947122	13	CA
1	14947331	209	GA
1	14947345	14	GA
1	14947423	78	GA
1	14947450	27	CT
1	14947521	71	CT
1	14947764	243	AT
1	14947765	1	TA
1	14947834	69	GA
1	14950152	1277	AG
1	14950931	259	CT
1	14951163	232	TG
1	14951513	350	CT
1	14951552	39	TC
1	14951580	28	GC
1	14951587	7	AG
1	14951657	70	AG
1	14952122	168	CA
1	14954124	925	AT
1	14954247	123	TA
1	14954248	1	CT
1	14955922	1468	CT
1	14956839	452	CT
1	14957053	125	TC
1	14957146	93	GA
1	14958638	808	GA
1	14958812	174	TC
1	14958987	175	TC
1	14959103	116	GA
1	14959190	87	GA
1	14960406	551	GA
1	14962125	1623	GA
1	14963184	1031	GC
1	14963715	335	CT
1	14965179	980	CT
1	14965874	290	CT
1	14966171	103	TC
1	14968404	1331	AC
1	14968651	247	CT
1	14968953	302	CT
1	14969601	648	GT
1	14969825	224	CT
1	14969861	36	AG
1	14969878	17	GA
1	14970257	266	AG
1	14970815	380	GA
1	14970896	81	GA
1	14971953	348	TC
1	14972287	334	GA
1	14972455	168	CT
1	14972500	45	TC
1	14972767	267	GA
1	14973363	330	CG
1	14984395	9105	GA
1	14986466	1174	CT
1	14989047	1586	AG
1	14990700	865	CT
1	14996108	1829	AG
1	14999047	1550	AT
1	15082346	10539	AG
1	15083465	1037	GC
1	15091908	6956	GA
1	15094972	1872	TA
1	15095004	32	GA
1	15095720	716	TC
1	15098130	2370	TC
1	15101393	2621	GA
1	15105447	2940	GA
1	15115197	8774	GA
1	15120889	4778	GA
1	15125483	4017	AG
1	15126938	1427	TC
1	15127702	764	CT
1	15127861	159	TC
1	15139851	10659	TC
1	15140968	875	TC
1	15142013	492	GT
1	15147929	4928	CG
1	15149076	984	GA
1	15154575	4573	GA
1	15156220	1503	AG
1	15157648	1008	GT
1	15161716	3562	GA
1	15162432	668	CT
1	15162934	502	CG
1	15165493	2509	GA
1	15170126	4158	TG
1	15174874	3931	CT
1	15178955	3562	GT
1	15179035	80	TC
1	15181969	2736	TA
1	15182753	784	TC
1	15182772	19	CT
1	15188856	4487	CG
1	15189631	521	CT
1	15200751	8296	CT
1	15201043	205	GA
1	15209866	4169	GA
1	15209897	31	CT
1	15209920	23	TC
1	15210418	232	GA
1	15211528	676	TC
1	15213370	1176	TG
1	15214151	730	GA
1	15214159	8	TG
1	15218313	2007	TC
1	15218389	76	GA
1	15226231	6399	GC
1	15228054	1340	CT
1	15231245	2319	GA
1	15232603	1270	GA
1	15242562	4483	TC
1	15244142	1374	AG
1	15245510	529	AC
1	15246835	960	TC
1	15248034	964	GC
1	15248560	205	GA
1	15248561	1	AT
1	15249278	717	AG
1	15249924	303	AC
1	15250477	553	CT
1	15250773	163	CT
1	15252700	519	GA
1	15253186	340	GC
1	15253722	536	CT
1	15257567	2898	GA
1	15259699	1419	GA
1	15260510	748	AG
1	15260624	114	CT
1	15261647	1023	TC
1	15262386	739	CT
1	15263330	750	TC
1	15263623	233	TG
1	15263697	74	GC
1	15263709	12	GA
1	15264191	482	GT
1	15265408	677	GC
1	15266570	710	TC
1	15266608	38	GA
1	15266856	248	GA
1	15267105	249	AG
1	15267504	399	CT
1	15268228	724	AG
1	15268262	34	TC
1	15268287	25	CA
1	15268510	223	GA
1	15268753	243	TC
1	15268823	70	TC
1	15268912	89	CT
1	15276997	739	TC
1	15277096	99	TC
1	15277121	25	GA
1	15277301	180	TC
1	15277335	34	TC
1	15278002	318	CT
1	15278575	573	TC
1	15279011	338	TC
1	15280184	681	AG
1	15282624	1806	TG
1	15282826	202	GA
1	15282882	56	GT
1	15283372	490	CT
1	15288610	4906	GC
1	15289099	489	CG
1	15290188	816	CT
1	15290475	287	AG
1	15290982	507	TA
1	15291234	225	TC
1	15291271	37	GA
1	15291843	509	AG
1	15293474	536	TG
1	15293512	38	AG
1	15297390	1865	CT
1	15297520	130	CT
1	15300600	1940	AG
1	15302679	1506	GA
1	15303158	479	GA
1	15304628	1071	GA
1	15304944	262	TC
1	15305076	132	AG
1	15305788	682	CT
1	15306975	834	CT
1	15307408	433	GA
1	15307454	46	CT
1	15308660	1118	AG
1	15309040	380	CT
1	15309773	235	AG
1	15310187	414	TG
1	15310210	23	CT
1	15310629	419	GA
1	15312047	1418	GA
1	15312082	35	GT
1	15312325	243	GT
1	15317439	3512	TC
1	15318175	694	CG
1	15319368	742	GA
1	15320497	988	AG
1	15322163	1348	GA
1	15326862	4178	CT
1	15326863	1	AT
1	15326909	46	CT
1	15326933	24	CT
1	15329511	2240	CA
1	15330183	672	GC
1	15334352	4135	TC
1	15334573	221	TC
1	15338181	3608	AG
1	15339690	1470	CT
1	15345453	4522	GA
1	15346163	710	GC
1	15346839	626	GA
1	15355520	7564	AG
1	15356836	758	CA
1	15371965	11317	CA
1	15383450	8205	GA
1	15384015	565	GT
1	15387216	2376	CG
1	15390611	3337	CT
1	15392689	1645	CT
1	15400226	6006	CT
1	15413222	7046	GA
1	15425693	8661	GA
1	15428437	2225	TC
1	15428517	80	CG
1	15428729	212	GA
1	15428750	21	GA
1	15429179	429	TC
1	15429341	162	GC
1	15429767	331	GA
1	15429931	164	GC
1	15430101	170	CT
1	15431466	1365	TG
1	15431921	455	GA
1	15431957	36	CT
1	15431999	42	TC
1	15433483	1204	CT
1	15436184	2259	CT
1	15436312	128	GA
1	15436553	241	GT
1	15436869	316	CT
1	15440705	2947	GA
1	15441090	385	TG
1	15441569	479	GA
1	15442397	828	GA
1	15444195	1050	CT
1	15444872	677	GA
1	15445362	490	GA
1	15445525	163	GC
1	15446455	744	CT
1	15448046	663	CT
1	15449539	1323	CT
1	15449733	194	CG
1	15450459	726	CG
1	15450475	16	GA
1	15451637	1122	CT
1	15451731	94	AC
1	15452423	621	GA
1	15452468	45	CT
1	15453224	756	GA
1	15453300	76	GA
1	15453484	184	CT
1	15453485	1	GA
1	15453655	170	TC
1	15453722	67	CT
1	15453724	2	AC
1	15453966	242	TC
1	15453996	30	CT
1	15454211	215	GA
1	15454304	93	AG
1	15454444	140	CA
1	15454972	528	AG
1	15455104	75	CG
1	15455134	30	CG
1	15455147	13	CG
1	15455150	3	AG
1	15457490	1786	TC
1	15463077	4367	TC
1	15463479	212	GT
1	15463627	148	TA
1	15465160	789	TA
1	15466064	473	TC
1	15466179	115	CA
1	15466683	504	TC
1	15469815	2212	AG
1	15474354	3320	GA
1	15474553	199	GA
1	15475732	702	AG
1	15475986	190	CT
1	15476762	776	AG
1	15477497	670	CT
1	15477563	66	TG
1	15477630	67	AG
1	15482519	3745	TC
1	15487053	3774	CT
1	15487170	117	GC
1	15488450	1226	AT
1	15489443	916	TC
1	15489798	355	AG
1	15494115	3253	TA
1	15498416	2259	CT
1	15498659	243	TA
1	15498671	12	GT
1	15498895	35	AC
1	15498983	88	AC
1	15500578	807	AG
1	15500585	7	GT
1	15500773	112	CT
1	15501024	251	GC
1	15501118	94	TC
1	15501140	22	CA
1	15501987	115	GA
1	15501995	8	GC
1	15501998	3	GA
1	15502000	2	CG
1	15502001	1	TG
1	15503686	787	GA
1	15504045	281	AC
1	15513498	1512	GA
1	15514041	390	CT
1	15514076	35	GA
1	15514103	27	TA
1	15514184	81	CT
1	15514217	33	GA
1	15516382	136	AG
1	15516387	5	CT
1	15516532	86	GA
1	15516868	33	TC
1	15517505	157	GC
1	15517522	17	CT
1	15517745	94	GT
1	15518896	212	GA
1	15519439	142	GC
1	15519475	36	GT
1	15519808	236	CT
1	15519811	3	TC
1	15519813	2	AG
1	15519929	116	GA
1	15519933	4	AG
1	15520755	90	TG
1	15520802	47	TC
1	15520820	18	AG
1	15520884	64	AC
1	15520895	11	GA
1	15520962	67	CT
1	15521073	111	GA
1	15521213	140	AG
1	15521447	234	AC
1	15521456	9	TC
1	15522624	241	GA
1	15523038	414	TC
1	15523175	137	CT
1	15523721	546	TC
1	15523804	83	AG
1	15524113	309	AG
1	15528739	1638	CT
1	15528823	84	CT
1	15529124	301	GA
1	15529871	712	AG
1	15531019	191	AG
1	15531037	18	GT
1	15539190	950	AG
1	15542188	1447	AG
1	15543717	833	CT
1	15543726	9	CT
1	15548998	3420	TC
1	15549177	179	AG
1	15556746	3937	TA
1	15560660	606	GA
1	15580331	3741	AC
1	15583246	1676	TC
1	15583787	541	CG
1	15583843	56	TG
1	15586196	459	GA
1	15589234	1628	TA
1	15589319	85	CT
1	15592439	1195	CT
1	15592515	76	AG
1	15592777	153	CT
1	15593725	870	CT
1	15594027	302	CT
1	15594196	169	CA
1	15594228	32	CG
1	15594481	253	AG
1	15594775	146	CT
1	15594857	82	CA
1	15595211	354	TA
1	15595330	119	AG
1	15595533	203	GA
1	15596632	413	GA
1	15596779	147	GA
1	15597948	1169	GA
1	15609358	5795	GA
1	15609508	150	AC
1	15609779	271	GA
1	15609845	66	AT
1	15610017	172	GC
1	15610662	645	TG
1	15610985	323	CA
1	15611006	21	CT
1	15611437	407	AG
1	15611909	472	GT
1	15615006	691	AT
1	15615045	39	GA
1	15615421	376	AG
1	15631416	1069	CT
1	15631511	95	AT
1	15631731	220	CT
1	15632415	172	TC
1	15632641	154	TA
1	15632642	1	GA
1	15632681	39	TC
1	15632852	171	GA
1	15633165	313	CT
1	15634985	638	CT
1	15635546	489	TC
1	15636399	853	AT
1	15637019	160	GA
1	15638127	683	TC
1	15640998	1229	GA
1	15641279	281	AG
1	15652809	3125	GT
1	15652818	9	GA
1	15652836	18	GC
1	15653356	226	TA
1	15653362	6	CT
1	15653384	22	TC
1	15653423	39	GA
1	15653455	32	CT
1	15653559	104	TC
1	15654176	617	TC
1	15654288	112	TG
1	15654963	675	GA
1	15655056	93	AG
1	15655155	99	GA
1	15656192	180	TC
1	15656249	57	GA
1	15656250	1	AC
1	15656296	46	GA
1	15657372	1055	GA
1	15659399	451	GA
1	15659460	61	CT
1	15660420	960	GA
1	15660961	357	GA
1	15661200	118	AC
1	15661780	580	AC
1	15661786	6	GC
1	15661887	101	CA
1	15662069	182	GC
1	15662277	111	AG
1	15662283	6	TC
1	15662732	449	CG
1	15662899	167	TC
1	15662915	16	GT
1	15662941	26	AG
1	15663415	390	GT
1	15663839	223	CG
1	15663840	1	CG
1	15663843	3	CT
1	15663869	26	GA
1	15663874	5	TC
1	15663877	3	TG
1	15663926	49	CT
1	15663933	7	AC
1	15663959	26	AC
1	15664176	217	TC
1	15664711	101	AC
1	15665533	445	AT
1	15667707	340	AG
1	15667801	94	AG
1	15667841	40	GA
1	15668266	90	GA
1	15668315	49	GA
1	15668363	48	TA
1	15668645	79	GA
1	15669720	217	GA
1	15669762	42	TC
1	15669764	2	GA
1	15669842	78	AG
1	15669970	128	CT
1	15670047	77	AG
1	15670057	10	TC
1	15670069	12	AG
1	15670488	419	TG
1	15670506	18	TC
1	15670629	123	CT
1	15670634	5	CT
1	15670680	46	GA
1	15670688	8	AG
1	15670737	49	GA
1	15670766	29	GA
1	15670804	38	AG
1	15671054	250	CT
1	15671317	263	CT
1	15671318	1	GT
1	15671350	32	CG
1	15671435	85	AG
1	15671504	69	CG
1	15671657	153	GT
1	15671659	2	AT
1	15671979	320	TC
1	15672065	86	CA
1	15672395	161	GA
1	15672632	237	CT
1	15674825	1001	CA
1	15675101	68	AG
1	15682510	5748	AG
1	15687059	1543	CT
1	15779867	41146	AC
1	15789685	1344	TC
1	15801815	1235	CG
1	15801821	6	AG
1	15830799	1411	AG
1	15830844	45	GA
1	15832793	1058	TA
1	15835175	910	GA
1	15835800	313	TC
1	15839571	3237	TC
1	15842993	2298	TC
1	15843051	58	TC
1	15843306	255	GA
1	15843383	77	CA
1	15843550	167	GT
1	15843817	267	TC
1	15850276	360	AT
1	15850499	223	TC
1	15853559	286	CT
1	15853612	53	CA
1	15870269	2938	GA
1	15877643	4783	CT
1	15879376	1389	CA
1	15879857	481	CG
1	15880257	342	GA
1	15880258	1	GC
1	15880419	161	AC
1	15880421	2	GA
1	15880508	87	GA
1	15880649	141	AT
1	15880758	109	AG
1	15881816	467	TA
1	15892080	544	TC
1	15892109	29	TA
1	15900152	1703	CG
1	15901054	394	TA
1	15901497	247	AG
1	15901653	156	CT
1	15901864	211	AC
1	15901902	38	GA
1	15903060	392	AG
1	15903396	336	GC
1	15903695	299	AG
1	15903731	36	CT
1	15908665	1220	AT
1	15908666	1	AC
1	15908814	148	GA
1	15908824	10	TG
1	15909030	206	TA
1	15915789	260	TC
1	15916292	503	TG
1	15917583	636	GA
1	15919922	468	GT
1	15920149	227	GT
1	15920171	22	TC
1	15921991	870	CA
1	15922435	444	CT
1	15923197	374	GA
1	15923699	422	AG
1	15924450	751	GA
1	15925216	766	CA
1	15925717	501	GA
1	15925719	2	GA
1	15925727	8	AC
1	15933706	1338	GA
1	15933728	22	AC
1	15934393	324	CG
1	15934467	74	TC
1	15936682	313	AG
1	15941250	578	CA
1	15944367	165	GA
1	15948579	457	CG
1	15949451	872	GA
1	15950211	634	AG
1	15953180	1216	CT
1	15953730	550	AG
1	15958719	1260	GA
1	15958870	151	TC
1	15959238	368	TC
1	15959660	422	GC
1	15962428	2538	CT
1	15962471	43	AG
1	15963021	550	GA
1	15963025	4	GA
1	15964924	1675	CT
1	15967693	2149	CT
1	15968457	764	CT
1	15970752	1552	AG
1	15971593	810	TC
1	15971983	298	GT
1	15972038	55	AG
1	15973849	1600	CG
1	15974159	310	GA
1	15975131	972	AC
1	15975135	4	AT
1	15975373	238	TA
1	15976638	1243	CT
1	15977168	530	GA
1	15977999	831	TC
1	15984684	5591	GC
1	15985105	271	GA
1	15985156	51	CA
1	15985651	495	GA
1	15987222	1571	CG
1	15987575	353	CT
1	15987767	192	CG
1	15988442	272	GA
1	15990364	1922	GA
1	15991242	629	AG
1	15991243	1	AG
1	15991524	281	CT
1	15994786	877	GA
1	15995636	373	AG
1	15997448	1648	CT
1	16034222	21595	CT
1	16047021	10401	GT
1	16051813	2711	AG
1	16054526	1918	CG
1	16060697	4576	CT
1	16060707	10	AG
1	16072669	8075	TC
1	16096865	17526	GT
1	16098181	1247	TC
1	16098501	320	CT
1	16099020	183	TC
1	16099048	28	GA
1	16099092	44	GA
1	16099151	59	TC
1	16099162	11	AG
1	16099685	523	GA
1	16100670	716	AT
1	16100962	292	GA
1	16100970	8	GA
1	16101378	408	TA
1	16106646	2763	TC
1	16107004	263	TG
1	16107789	688	GC
1	16107791	2	CT
1	16112922	2366	CT
1	16113014	92	GC
1	16113032	18	CT
1	16113034	2	TG
1	16113036	2	TC
1	16113247	211	CG
1	16113413	166	GA
1	16113683	270	AT
1	16113718	35	AG
1	16114058	340	AC
1	16114163	105	CT
1	16114208	45	GA
1	16114493	59	GA
1	16114576	83	GA
1	16114652	76	AT
1	16115344	692	AG
1	16115471	127	TA
1	16116431	549	AG
1	16116509	78	TA
1	16116543	34	AG
1	16117070	317	GA
1	16117076	6	CT
1	16117162	86	CT
1	16117227	65	GA
1	16117274	47	AG
1	16117276	2	AG
1	16117279	3	CG
1	16117281	2	AT
1	16117684	403	TC
1	16117855	171	AG
1	16117917	62	TG
1	16119905	768	CT
1	16123070	1367	GT
1	16124618	924	GA
1	16149567	16649	TG
1	16149720	153	GC
1	16149802	82	GC
1	16149894	92	GA
1	16150019	125	CT
1	16150799	408	TC
1	16152096	1183	TC
1	16154018	962	GA
1	16155640	1587	GT
1	16162183	5132	CT
1	16171116	4202	GT
1	16186681	8908	CT
1	16329629	86376	CT
1	16329874	245	TC
1	16333306	795	TC
1	16334792	324	GA
1	16335117	325	CT
1	16335165	48	GA
1	16338309	502	TC
1	16338570	261	GT
1	16338597	27	TC
1	16339737	867	AG
1	16339943	206	AG
1	16340139	143	GA
1	16341699	575	CT
1	16342063	279	AG
1	16342086	23	AG
1	16342161	75	CT
1	16342195	34	GA
1	16342223	28	AC
1	16342246	23	CT
1	16342264	18	TC
1	16342276	12	TC
1	16342279	3	GC
1	16342523	244	AT
1	16342542	19	AG
1	16343871	76	GA
1	16343958	87	TC
1	16343969	11	GT
1	16344062	93	TG
1	16344086	24	AC
1	16346125	534	CT
1	16346255	130	CT
1	16346292	37	GC
1	16346333	41	AG
1	16349993	2016	AG
1	16352723	1253	CT
1	16357013	2449	TA
1	16357812	684	AG
1	16358488	397	AG
1	16358611	123	AG
1	16358750	139	TC
1	16360290	249	AG
1	16360345	55	GT
1	16361132	205	GC
1	16361147	15	GT
1	16361855	708	GA
1	16362150	295	AG
1	16363259	395	TC
1	16368844	1073	CG
1	16374841	612	GA
1	16376368	687	CG
1	16376452	84	GA
1	16376680	169	AG
1	16377299	336	GA
1	16377496	197	GA
1	16378136	457	CA
1	16378494	358	CT
1	16378624	130	AG
1	16379784	724	TC
1	16380675	508	GA
1	16381939	229	TC
1	16382007	68	GA
1	16382015	8	AG
1	16384579	1126	CG
1	16385302	679	CG
1	16385306	4	CT
1	16385580	274	AT
1	16386477	561	GT
1	16386574	97	GA
1	16386616	42	TC
1	16386729	113	GC
1	16387290	17	TC
1	16389631	209	GA
1	16389738	107	AG
1	16390323	443	TC
1	16390328	5	GA
1	16390351	23	TC
1	16392759	601	TG
1	16392859	100	CT
1	16393978	966	GA
1	16394934	829	TC
1	16396433	1198	GA
1	16396454	21	GA
1	16396474	20	GA
1	16396625	151	CT
1	16396833	91	GA
1	16396847	14	TA
1	16397942	710	TC
1	16398257	315	GA
1	16398567	310	GA
1	16398833	266	AT
1	16403163	1702	TC
1	16403798	151	GA
1	16409712	3277	TA
1	16413431	1942	AG
1	16413538	107	AG
1	16415301	466	TC
1	16416722	432	TC
1	16417966	1036	CT
1	16419313	1167	GA
1	16419944	326	CT
1	16423746	716	TC
1	16424839	701	TC
1	16426231	486	TC
1	16428887	1315	AG
1	16429650	200	GA
1	16429699	49	AG
1	16429829	130	TC
1	16437787	956	CT
1	16437853	66	TC
1	16438099	246	TC
1	16445153	2192	TA
1	16445616	194	AT
1	16447820	1107	AC
1	16452190	1059	TC
1	16453105	46	AG
1	16453616	57	TG
1	16455681	441	TC
1	16456351	504	TC
1	16460349	3103	CG
1	16460865	516	TC
1	16470119	4965	AG
1	16471845	1726	CT
1	16475341	3324	CT
1	16477947	818	AG
1	16481375	3259	CT
1	16481856	349	GT
1	16487011	4932	GA
1	16493491	1542	CT
1	16493567	76	AG
1	16493659	92	AG
1	16494169	510	AC
1	16494216	47	CT
1	16494549	333	AG
1	16495421	787	GA
1	16499420	3875	CT
1	16501167	1747	CT
1	16501850	683	CT
1	16503419	1569	AG
1	16503581	162	AG
1	16507066	3350	CA
1	16507806	671	TC
1	16510485	2176	CT
1	16513037	2479	CG
1	16513884	847	TG
1	16515920	2006	GA
1	16516094	174	CT
1	16520058	3924	CG
1	16521146	1088	TA
1	16522774	1628	CT
1	16524022	1096	CT
1	16526920	1795	TC
1	16527858	817	TC
1	16529796	1224	AG
1	16532303	2130	CA
1	16533360	311	CT
1	16536384	2785	TC
1	16536639	255	TC
1	16538249	1610	GA
1	16538636	387	CG
1	16538919	283	AT
1	16539408	489	TC
1	16540341	906	CT
1	16541458	424	CT
1	16542266	503	TG
1	16543169	903	AG
1	16543188	19	CA
1	16543642	454	GT
1	16544792	866	AG
1	16545990	902	TC
1	16547592	1602	AG
1	16547753	161	GC
1	16548358	605	TG
1	16548359	1	GT
1	16548424	65	CT
1	16550768	1111	AC
1	16550791	23	TG
1	16550903	112	TC
1	16551348	417	AG
1	16551363	15	GA
1	16552718	979	AG
1	16553766	923	CT
1	16557644	1597	AG
1	16558923	374	TC
1	16560074	184	TC
1	16560206	132	TA
1	16560462	216	GA
1	16562452	1508	TC
1	16562605	153	AG
1	16562672	67	CT
1	16563965	1293	CT
1	16564201	236	TC
1	16565260	1059	GA
1	16566130	870	CT
1	16569708	3388	CT
1	16570501	793	AT
1	16577334	1660	AG
1	16578300	450	AG
1	16581227	2302	GC
1	16582363	412	GA
1	16583516	1153	CG
1	16583723	207	TC
1	16586489	1009	CT
1	16590447	2165	GC
1	16592066	1560	AT
1	16592268	202	TA
1	16592537	180	GA
1	16592717	114	TC
1	16593524	807	CT
1	16594728	1204	TG
1	16594768	40	CT
1	16596011	884	GA
1	16599991	2899	CT
1	16600125	134	GA
1	16602609	1692	GA
1	16604432	1539	CT
1	16605424	992	AG
1	16605500	76	CT
1	16609080	2899	AG
1	16609223	143	AG
1	16615043	4573	GA
1	16617913	2846	GC
1	16620751	2838	AG
1	16625509	2337	GA
1	16627910	1679	AG
1	16628432	522	CT
1	16635318	4170	TC
1	16636385	1033	AG
1	16637560	1175	CT
1	16637711	151	GA
1	16638301	590	AG
1	16638427	126	TA
1	16638517	90	TC
1	16645875	2709	AT
1	16648300	1777	TC
1	16648530	230	GC
1	16654490	1958	CT
1	16656100	1610	TC
1	16661971	4692	CT
1	16666305	3008	CA
1	16666485	180	TC
1	16668825	2302	TC
1	16669871	1046	GC
1	16670805	934	GC
1	16671454	252	TC
1	16676147	3784	TC
1	16676262	115	AG
1	16678209	1231	CT
1	16680969	1318	AG
1	16681048	79	CT
1	16682023	658	AT
1	16682144	121	AG
1	16682289	145	GC
1	16686397	2416	GC
1	16686665	268	GA
1	16687035	96	AG
1	16691670	1663	AG
1	16691722	52	TC
1	16695458	2246	TA
1	16696167	682	GC
1	16696481	287	GA
1	16696686	205	CT
1	16697337	651	AG
1	16699277	862	GA
1	16699560	283	GA
1	16699674	114	GA
1	16700138	464	CT
1	16700375	237	GA
1	16702997	1332	AG
1	16703164	167	CG
1	16703231	67	CT
1	16704832	725	CT
1	16705320	488	GA
1	16705732	412	CT
1	16708681	1010	GA
1	16712286	2033	GT
1	16715299	1579	AG
1	16716804	415	TA
1	16721450	1088	TC
1	16759000	17685	GC
1	16765732	615	AG
1	16770377	4570	CT
1	16770525	148	GC
1	16775641	4768	GA
1	16776740	860	CT
1	16783076	6163	AG
1	16783335	259	AT
1	16784393	1058	AC
1	16784990	597	CT
1	16785657	667	TA
1	16785715	58	CT
1	16785716	1	TC
1	16785770	54	GC
1	16785843	73	CT
1	16785858	15	TC
1	16785916	58	CG
1	16786258	304	GT
1	16786896	638	AC
1	16788090	1097	CA
1	16788349	259	CT
1	16789177	828	CT
1	16790454	1277	TC
1	16790661	207	CT
1	16790788	127	CG
1	16791260	472	TC
1	16793022	1729	AC
1	16793130	108	CA
1	16797269	3989	GA
1	16797290	21	GA
1	16798474	1092	GA
1	16807852	9080	GC
1	16819976	11222	GA
1	17037434	143943	TC
1	17037471	37	CT
1	17037666	195	GA
1	17045308	4185	GA
1	17045339	31	GT
1	17049570	4111	GA
1	17053227	3542	GA
1	17053824	597	GA
1	17065421	7336	AG
1	17072251	6055	TC
1	17074912	2619	GA
1	17075807	866	AG
1	17075885	78	AG
1	17075989	104	GC
1	17076067	78	GA
1	17076299	232	GA
1	17076318	19	GA
1	17076439	121	GA
1	17078841	1924	TC
1	17082775	3476	CT
1	17083416	338	AC
1	17083590	174	TC
1	17083591	1	GA
1	17083666	75	CG
1	17084262	596	CT
1	17085572	781	AG
1	17086919	879	AC
1	17088683	80	TC
1	17089087	404	CT
1	17089612	221	CT
1	17093324	1328	GA
1	17093326	2	GA
1	17093883	131	GT
1	17093998	115	CT
1	17094626	346	TC
1	17099059	1314	GC
1	17099311	252	AG
1	17104567	4564	CT
1	17122816	10263	GC
1	17123080	264	CT
1	17123997	754	GA
1	17126575	1197	GT
1	17127583	1008	TG
1	17128309	726	AT
1	17130914	1984	GA
1	17131209	295	GC
1	17132561	1309	CG
1	17132920	359	CA
1	17133489	457	CT
1	17134103	614	TC
1	17134535	432	CT
1	17135099	488	CT
1	17135248	149	CG
1	17135837	589	TC
1	17136352	515	AG
1	17136426	74	CT
1	17136692	266	GT
1	17138411	1256	TC
1	17139426	474	GA
1	17141931	2093	CA
1	17142004	73	GC
1	17142189	185	CG
1	17142267	78	CT
1	17142487	220	GA
1	17142545	58	TC
1	17142968	423	GC
1	17143553	523	CT
1	17143650	97	GA
1	17144008	358	CT
1	17144357	349	CA
1	17144645	288	CT
1	17144819	174	GC
1	17145494	675	CT
1	17152267	4818	CT
1	17153473	1206	GA
1	17153998	525	TG
1	17154137	139	GA
1	17154866	729	GT
1	17155328	462	AG
1	17156096	768	CA
1	17156766	670	TC
1	17158942	1627	GA
1	17160850	1832	CT
1	17161002	152	TC
1	17163026	1735	TG
1	17163250	224	TG
1	17163961	675	AC
1	17165133	403	AG
1	17167840	1923	CG
1	17167868	28	CT
1	17173064	3045	AG
1	17173095	31	AG
1	17173104	9	AG
1	17173177	73	CT
1	17177138	725	CT
1	17178661	1477	CT
1	17178895	234	AG
1	17178907	12	GA
1	17179806	393	AC
1	17180876	1016	TC
1	17181835	959	TC
1	17182388	339	AC
1	17182881	493	CG
1	17182948	67	GA
1	17183255	226	TC
1	17184291	470	GA
1	17184838	547	CT
1	17187134	1574	CG
1	17188962	1777	TC
1	17190806	1358	CT
1	17190968	162	GA
1	17190981	13	CT
1	17191016	35	AG
1	17192052	1036	GA
1	17192163	111	GA
1	17192435	205	GC
1	17192471	36	CT
1	17197593	3090	AG
1	17198304	357	CT
1	17199793	849	GC
1	17200310	454	GA
1	17201451	1141	TA
1	17204221	2447	AG
1	17207195	2609	CG
1	17208455	1260	AG
1	17209397	641	CG
1	17213862	3584	GA
1	17214635	773	AG
1	17215868	958	GC
1	17215869	1	GT
1	17215994	125	GA
1	17216116	122	TG
1	17216118	2	GT
1	17216154	36	CT
1	17216308	154	CT
1	17217350	1042	TC
1	17217352	2	AG
1	17217556	204	CA
1	17220773	2341	GA
1	17222420	1498	AG
1	17223817	1261	CT
1	17230962	3412	CG
1	17238090	5080	AG
1	17239267	1177	TG
1	17244986	5364	GC
1	17249715	3159	GC
1	17250926	988	GA
1	17251114	188	TG
1	17254717	2388	CT
1	17255570	562	GT
1	17257063	1493	CT
1	17259266	2203	CT
1	17259388	122	GA
1	17259448	60	AG
1	17261200	1752	AG
1	17266225	4740	CT
1	17268009	1742	GA
1	17268787	731	GA
1	17268826	39	CT
1	17269255	429	AG
1	17269374	119	TC
1	17270677	379	GC
1	17272108	1333	GA
1	17272257	149	AG
1	17275354	2525	CT
1	17275363	9	CT
1	17278368	2775	GA
1	17278775	407	TC
1	17278993	218	CT
1	17279314	321	GA
1	17279318	4	CT
1	17279688	370	CT
1	17285417	5153	AG
1	17285630	213	GA
1	17287857	1326	AG
1	17303156	9868	TC
1	17303446	290	TG
1	17306551	2026	CT
1	17306607	56	TG
1	17306740	133	GA
1	17308556	1170	TC
1	17309428	108	CA
1	17309936	343	TC
1	17312753	2156	TA
1	17313782	984	AG
1	17314026	244	TC
1	17315395	1210	TC
1	17322423	4513	AC
1	17329354	1635	GA
1	17332153	1637	AG
1	17339525	857	GT
1	17340392	319	AG
1	17340800	125	CG
1	17340801	1	AG
1	17340806	5	TC
1	17340872	66	AT
1	17341130	258	GA
1	17343454	2115	GA
1	17344457	973	CT
1	17347103	1894	TG
1	17349460	1778	CT
1	17364730	5468	GA
1	17379630	3547	AG
1	17388394	4276	TC
1	17395058	6061	CG
1	17396394	1211	GA
1	17403102	2100	TC
1	17403177	75	GT
1	17403873	379	TC
1	17408363	810	GA
1	17410172	1172	GT
1	17412000	1705	GC
1	17414842	2629	TC
1	17424285	1876	CG
1	17424303	18	CA
1	17424324	21	CT
1	17427759	1760	CT
1	17427868	109	CG
1	17428018	150	GA
1	17428200	182	TC
1	17428912	712	TC
1	17429159	247	GA
1	17429298	85	GA
1	17430462	1099	CA
1	17431354	392	TC
1	17431400	46	TC
1	17431469	69	CG
1	17431547	78	GA
1	17431700	153	TC
1	17432029	329	CT
1	17432073	44	AG
1	17432191	118	CT
1	17432328	137	TA
1	17432488	160	CT
1	17432886	265	CT
1	17432916	30	GC
1	17433161	245	AG
1	17433747	586	GA
1	17433848	101	TC
1	17434657	809	CT
1	17434854	197	AG
1	17435201	347	TC
1	17435562	361	TC
1	17435667	105	AG
1	17435681	14	CG
1	17435960	239	CT
1	17436210	250	AG
1	17437080	870	CT
1	17438748	1431	GT
1	17438814	66	TC
1	17438815	1	GA
1	17438991	176	CG
1	17439124	133	TC
1	17439475	249	CT
1	17439592	117	GT
1	17439594	2	TA
1	17440219	583	AG
1	17440354	135	CG
1	17440649	251	GA
1	17440698	49	GA
1	17440762	64	TC
1	17440792	30	AG
1	17441012	220	GA
1	17441052	40	AG
1	17441231	179	GA
1	17441239	8	GA
1	17441255	16	CT
1	17441451	196	GA
1	17441492	41	CG
1	17442205	713	AG
1	17442265	60	GA
1	17442575	310	CT
1	17442699	124	CG
1	17442821	122	GA
1	17443059	238	CG
1	17445341	2076	GT
1	17445548	207	CG
1	17445876	224	GA
1	17445886	10	TC
1	17445894	8	CG
1	17446328	434	CG
1	17446345	17	AG
1	17446971	297	GA
1	17447047	76	AG
1	17447161	114	GA
1	17448358	1197	GA
1	17448359	1	TC
1	17448402	43	GA
1	17448405	3	TC
1	17448763	358	CT
1	17449336	573	GA
1	17449966	294	AG
1	17451907	550	GA
1	17452968	925	CT
1	17454716	1443	CT
1	17454742	26	GC
1	17456263	1311	GA
1	17456275	12	CT
1	17456292	17	CT
1	17456294	2	CA
1	17456295	1	AT
1	17456604	154	CT
1	17456830	200	GA
1	17459159	1084	AC
1	17459992	715	CT
1	17460078	86	GA
1	17460715	637	GA
1	17460876	161	AG
1	17462175	972	TG
1	17462375	200	CT
1	17464650	1236	GA
1	17465114	464	GA
1	17465796	132	GC
1	17470481	2742	GA
1	17471797	1247	CT
1	17472328	531	CA
1	17472592	264	CT
1	17474594	1343	TG
1	17475177	460	TC
1	17476586	1282	CT
1	17476670	84	CA
1	17476672	2	TC
1	17476747	75	GC
1	17476828	81	AG
1	17476862	34	TG
1	17476865	3	GA
1	17477437	572	GA
1	17479983	1985	TC
1	17480249	266	TC
1	17480399	150	AC
1	17480528	129	CA
1	17480582	54	GA
1	17480589	7	AG
1	17481629	1040	GA
1	17484267	2488	CG
1	17485033	766	GC
1	17485243	210	GA
1	17485742	499	GC
1	17485752	10	CA
1	17485852	100	CT
1	17485875	23	CT
1	17486388	481	AG
1	17486911	523	GC
1	17487148	237	AG
1	17488504	1309	GA
1	17488807	303	CG
1	17488979	172	AG
1	17488994	15	GA
1	17491503	1185	GA
1	17492590	407	GT
1	17493414	216	CT
1	17493469	55	CT
1	17493499	30	CG
1	17494308	476	CT
1	17494317	9	GA
1	17494463	146	TC
1	17494699	236	TC
1	17494789	90	CT
1	17494815	26	CT
1	17494830	15	GA
1	17494922	92	CT
1	17495107	152	GA
1	17495288	181	CT
1	17495664	376	AG
1	17496123	459	CT
1	17496258	135	CT
1	17496399	141	CT
1	17498903	1784	GA
1	17499469	480	AC
1	17499679	210	TC
1	17499766	87	TC
1	17501155	384	CT
1	17501284	129	CT
1	17502575	1291	CT
1	17502886	311	CT
1	17503502	572	AG
1	17505343	891	GA
1	17507210	690	TC
1	17507573	57	CT
1	17508394	120	GA
1	17511624	1110	GA
1	17512217	557	GA
1	17513013	796	CA
1	17514034	982	GA
1	17515550	1516	TC
1	17517728	391	GA
1	17517913	185	CT
1	17518777	529	CA
1	17519282	505	TC
1	17519364	82	CA
1	17519869	505	GA
1	17520375	506	TC
1	17520826	155	GA
1	17521152	326	AG
1	17521832	318	CT
1	17523156	166	GA
1	17523178	22	GA
1	17523360	182	GA
1	17523456	96	GT
1	17523497	41	TC
1	17523522	25	CG
1	17523805	283	AG
1	17523869	64	GA
1	17523991	122	CT
1	17524094	103	AG
1	17524216	122	GC
1	17524338	122	GA
1	17524758	420	TC
1	17524979	221	GA
1	17525485	434	CA
1	17526057	404	CT
1	17526161	104	GA
1	17528399	2127	GA
1	17528709	214	GA
1	17529202	493	GA
1	17529801	599	TC
1	17530941	930	AG
1	17530976	35	GA
1	17531244	268	GA
1	17531751	507	TC
1	17532283	532	GA
1	17532577	294	TC
1	17533139	441	AT
1	17533153	14	GA
1	17533388	235	GA
1	17533402	14	CT
1	17533686	284	CT
1	17533736	50	TC
1	17533803	67	TC
1	17533804	1	GA
1	17533915	111	AG
1	17533998	83	GC
1	17534225	227	GC
1	17534405	180	CG
1	17534678	273	AG
1	17534700	22	GT
1	17534819	119	CT
1	17534937	118	GA
1	17535553	597	TA
1	17535749	196	AG
1	17535788	39	GA
1	17535854	66	TC
1	17536756	795	TG
1	17536879	123	GA
1	17537223	344	AC
1	17537566	343	GA
1	17537738	172	TC
1	17537844	106	CT
1	17538161	317	CA
1	17539214	1053	AG
1	17539370	156	TC
1	17539607	237	CT
1	17539747	140	AC
1	17540309	562	CT
1	17540318	9	CT
1	17540345	27	GA
1	17540964	112	GA
1	17541245	281	CT
1	17541410	165	CT
1	17541697	287	CG
1	17541748	51	CA
1	17542123	375	TC
1	17542365	242	GA
1	17542407	42	GC
1	17542409	2	CT
1	17542464	55	GA
1	17542619	155	GA
1	17542775	156	TC
1	17542906	131	GT
1	17544889	1202	GA
1	17545177	41	CA
1	17545847	494	AC
1	17548921	1970	TC
1	17557306	6038	CT
1	17557840	534	GC
1	17558112	272	AG
1	17558165	53	AT
1	17562201	2200	CT
1	17566326	4048	CT
1	17566457	85	CA
1	17567882	1352	CT
1	17570360	983	GA
1	17571054	694	AG
1	17571264	210	AG
1	17571265	1	TC
1	17571665	400	TG
1	17571670	5	TC
1	17576638	1490	TC
1	17577096	117	GA
1	17578208	705	CG
1	17580972	680	CT
1	17581297	325	CT
1	17581482	185	AT
1	17582027	510	GA
1	17582169	142	AG
1	17582277	108	CA
1	17582294	17	GA
1	17582302	8	TG
1	17582392	90	TC
1	17582425	33	GA
1	17582555	130	AG
1	17582705	150	GA
1	17582765	60	AG
1	17582805	40	GC
1	17583127	322	AC
1	17584146	589	AC
1	17584589	443	CT
1	17585021	94	TC
1	17585086	65	CA
1	17585566	480	GA
1	17585958	392	AG
1	17586275	317	CA
1	17586362	87	GC
1	17586988	407	CT
1	17588343	919	GA
1	17588514	171	CA
1	17588544	30	GA
1	17588549	5	CT
1	17588654	105	GT
1	17589111	457	CT
1	17589567	456	GA
1	17590016	449	GA
1	17590044	28	TC
1	17590351	307	AG
1	17590803	452	AG
1	17591174	371	AG
1	17591384	210	CT
1	17595114	1098	TC
1	17595514	400	CA
1	17596154	344	CT
1	17597148	963	GA
1	17597424	276	GC
1	17600354	1110	CT
1	17600423	69	GA
1	17600548	125	CT
1	17601940	579	TG
1	17603434	384	AG
1	17603726	292	GA
1	17603759	33	AG
1	17605240	447	AC
1	17605257	17	CA
1	17605955	232	CT
1	17606020	65	TC
1	17606021	1	CT
1	17606083	62	AG
1	17606185	102	TC
1	17606286	101	CT
1	17606430	144	TC
1	17606770	307	TG
1	17607962	670	CT
1	17609065	958	CT
1	17609817	752	CG
1	17609890	73	AG
1	17610229	339	CT
1	17610805	576	GT
1	17613369	2091	GC
1	17617393	1905	GA
1	17619120	358	GT
1	17620221	315	GC
1	17620235	14	TC
1	17626620	1429	CA
1	17627247	297	CA
1	17627321	74	TA
1	17627960	101	AC
1	17628866	363	TC
1	17629914	117	GA
1	17630560	48	GA
1	17630847	287	TC
1	17632667	305	CG
1	17632730	63	AT
1	17632896	166	AG
1	17633032	136	GA
1	17633343	311	CT
1	17633615	207	TA
1	17633616	1	CA
1	17633870	254	TC
1	17633918	48	AG
1	17633978	60	CT
1	17634003	25	TG
1	17634111	108	AG
1	17634229	118	AG
1	17634575	346	CT
1	17634647	72	CT
1	17635348	675	CT
1	17635894	393	GA
1	17636114	220	CG
1	17636462	300	TC
1	17637034	367	CG
1	17637035	1	AG
1	17637084	49	AT
1	17637085	1	AC
1	17637344	78	AG
1	17637563	219	AG
1	17637582	19	TG
1	17637583	1	CG
1	17637751	168	TC
1	17637795	44	GA
1	17637889	94	GC
1	17637976	87	GA
1	17637984	8	TC
1	17637998	14	GA
1	17638039	41	TC
1	17638042	3	GA
1	17638066	24	CT
1	17638092	26	TC
1	17638350	94	AC
1	17638357	7	GC
1	17641727	562	GC
1	17641890	163	GA
1	17642465	161	CA
1	17642638	173	GA
1	17642771	133	TC
1	17642985	214	GA
1	17643003	18	GT
1	17643083	80	GA
1	17643107	24	GT
1	17643132	25	GA
1	17643188	56	TC
1	17643280	92	AG
1	17643522	242	TC
1	17643532	10	CT
1	17643606	74	CT
1	17643640	34	AG
1	17643650	10	TC
1	17643783	133	TC
1	17644876	1093	GC
1	17645684	770	CT
1	17645771	87	TC
1	17645870	99	GC
1	17647366	1214	CG
1	17648254	822	GA
1	17648693	439	GA
1	17648889	196	GC
1	17649522	555	CT
1	17649612	90	AG
1	17649790	100	GA
1	17651958	2047	GA
1	17652048	90	AG
1	17652837	789	CT
1	17653315	478	AG
1	17653640	325	TC
1	17653697	57	AC
1	17654523	826	GA
1	17654583	60	CT
1	17654794	211	CT
1	17654837	43	CT
1	17654988	151	GA
1	17654989	1	CT
1	17655003	14	GA
1	17655010	7	CT
1	17655071	61	GA
1	17655312	241	CT
1	17655400	88	AG
1	17655404	4	CT
1	17655582	178	CT
1	17655603	21	AG
1	17655622	19	TC
1	17655704	82	GA
1	17655714	10	CT
1	17655740	26	GA
1	17655751	11	CT
1	17655889	138	TA
1	17655935	46	CT
1	17656046	111	TC
1	17656407	70	GA
1	17656594	187	GC
1	17656628	34	AG
1	17657785	1087	GC
1	17658495	565	TC
1	17658632	137	TC
1	17658914	245	GT
1	17659337	423	GT
1	17660012	270	GA
1	17660503	109	CT
1	17660521	18	AT
1	17660574	53	GC
1	17661302	728	CG
1	17661791	489	CA
1	17662810	680	AG
1	17664922	2112	GA
1	17664951	29	CG
1	17664973	22	TC
1	17665070	97	CT
1	17665143	73	CA
1	17665600	457	GT
1	17665751	151	GC
1	17666591	785	TC
1	17666804	213	GT
1	17667084	280	TC
1	17667153	69	CT
1	17667194	41	GA
1	17667589	395	TG
1	17667776	187	GC
1	17667884	108	TC
1	17667903	19	TG
1	17668093	190	GA
1	17692141	13263	AT
1	17692147	6	CT
1	17692197	50	AG
1	17692835	548	CT
1	17692992	157	GC
1	17693121	129	CT
1	17693584	463	TC
1	17694097	284	CT
1	17694233	136	CT
1	17694755	522	TC
1	17694915	160	CT
1	17695188	189	AT
1	17695266	78	GT
1	17696354	159	CG
1	17696395	41	AT
1	17697340	546	AT
1	17698226	623	CA
1	17698687	172	AT
1	17698731	44	GA
1	17699026	295	AT
1	17701032	56	GA
1	17701521	452	AG
1	17701548	27	GC
1	17701591	43	GA
1	17701641	50	CT
1	17702648	943	CT
1	17703425	397	CT
1	17703700	275	TC
1	17704139	439	CA
1	17704452	313	AG
1	17704539	87	CG
1	17705315	599	GC
1	17705517	202	CA
1	17706012	134	GA
1	17709293	955	TC
1	17709363	70	TC
1	17710616	1220	TC
1	17710836	220	GA
1	17716960	3524	GA
1	17717526	566	CA
1	17724704	3646	GC
1	17727665	2326	AG
1	17730263	2218	GC
1	17730308	45	CA
1	17730796	353	CT
1	17731156	360	GA
1	17734450	2453	TC
1	17734608	158	TG
1	17734910	302	CT
1	17735174	264	CT
1	17735333	159	AG
1	17735504	171	GT
1	17735646	142	TC
1	17735680	34	CT
1	17736797	562	CA
1	17736882	85	CT
1	17738295	568	AG
1	17738810	515	GA
1	17739175	67	AC
1	17740108	933	CA
1	17740400	260	AG
1	17740436	36	GA
1	17740542	106	GA
1	17740550	8	AG
1	17740561	11	TC
1	17740562	1	CT
1	17740563	1	AG
1	17740656	93	AC
1	17740672	16	CT
1	17740713	41	CT
1	17740747	34	TC
1	17740887	140	CA
1	17740889	2	AC
1	17740926	37	TG
1	17741382	456	TC
1	17741543	161	CA
1	17741746	203	AG
1	17742687	527	TG
1	17743123	436	TC
1	17743306	127	TC
1	17745837	1970	TC
1	17746967	842	AC
1	17748548	1128	CG
1	17749766	1200	GA
1	17750140	374	CG
1	17750710	570	AG
1	17752539	1482	GC
1	17752813	274	GA
1	17753632	529	TC
1	17753719	87	CA
1	17753791	72	TC
1	17754013	157	CG
1	17754169	156	GC
1	17754620	451	TC
1	17754796	176	CA
1	17754921	125	CT
1	17756407	1338	CT
1	17757570	518	AG
1	17758322	283	TA
1	17758393	71	CT
1	17759033	387	CT
1	17759140	107	TC
1	17759200	60	GC
1	17759211	11	AG
1	17760691	229	TC
1	17760743	52	CG
1	17763077	1330	AG
1	17763263	186	GC
1	17763408	145	TC
1	17763431	23	CT
1	17763464	33	GA
1	17763732	231	AG
1	17763749	17	TC
1	17763859	110	TC
1	17766033	1900	GA
1	17766367	334	TC
1	17766369	2	TC
1	17766381	12	CT
1	17766382	1	AG
1	17766406	24	CG
1	17766477	71	AG
1	17766851	192	AG
1	17767145	216	GA
1	17767149	4	TA
1	17767257	108	AG
1	17767447	190	GA
1	17767693	246	TG
1	17768457	134	GA
1	17769203	698	TA
1	17769880	677	CA
1	17769911	31	GC
1	17770067	78	GA
1	17771038	897	GA
1	17772264	751	TC
1	17773637	766	GA
1	17773820	79	TC
1	17774561	377	GT
1	17774871	310	CT
1	17774878	7	GC
1	17775352	474	CT
1	17775616	264	AT
1	17775798	182	CT
1	17775864	66	GA
1	17775972	108	TC
1	17775979	7	CG
1	17775994	15	GA
1	17776054	60	AG
1	17776097	43	CT
1	17776221	124	CT
1	17776387	166	TC
1	17776946	559	GA
1	17777086	140	CT
1	17777207	121	TC
1	17777215	8	CT
1	17777491	276	AG
1	17777569	78	CT
1	17777832	263	TC
1	17778035	203	TC
1	17778089	54	CT
1	17778141	52	TG
1	17778461	320	GA
1	17778479	18	TC
1	17778556	77	GA
1	17778658	102	CG
1	17778677	19	CT
1	17778681	4	GA
1	17778696	15	CT
1	17778704	8	TC
1	17778916	67	AG
1	17779012	96	TA
1	17779095	83	GA
1	17780033	625	CT
1	17780065	32	CG
1	17780444	379	GT
1	17780452	8	TC
1	17783039	775	CT
1	17783597	558	GT
1	17784223	528	GA
1	17786855	1849	TC
1	17789636	2781	CT
1	17789655	19	CT
1	17789837	182	CT
1	17789902	65	AG
1	17789913	11	GT
1	17790138	225	TC
1	17792815	1729	TC
1	17794213	1010	TC
1	17794614	401	CT
1	17796405	811	GA
1	17797677	851	CT
1	17798371	602	AG
1	17799172	450	TC
1	17799664	492	TC
1	17801593	1659	TC
1	17802313	720	CT
1	17803852	748	GA
1	17806420	1680	AC
1	17807577	781	CA
1	17807579	2	CT
1	17807655	76	CT
1	17809185	627	GA
1	17809325	140	CT
1	17809404	79	AG
1	17810123	262	GA
1	17810985	274	CT
1	17811119	134	CT
1	17811521	402	CT
1	17811830	309	TA
1	17812648	171	AG
1	17813528	759	CT
1	17814527	647	GA
1	17814689	162	CT
1	17815060	371	AC
1	17815670	369	GA
1	17815863	193	AG
1	17815884	21	CT
1	17816083	199	GA
1	17816222	139	CT
1	17816565	247	GA
1	17816634	69	AG
1	17817898	1219	CA
1	17820369	2118	TC
1	17820706	337	GC
1	17821351	645	AC
1	17822070	719	AG
1	17822599	529	TC
1	17822619	20	TC
1	17822932	254	CT
1	17823010	78	TC
1	17823106	96	GA
1	17826311	3166	TA
1	17828171	1860	AG
1	17830524	2308	CG
1	17830863	339	GC
1	17833523	2561	CG
1	17834415	892	TG
1	17837819	2506	AT
1	17851257	3175	GA
1	17851274	17	GA
1	17851329	55	GA
1	17851860	57	AG
1	17853196	968	CT
1	17853285	89	GA
1	17855519	1630	GT
1	17856966	1100	GA
1	17857721	755	CA
1	17857900	179	GC
1	17858278	378	CT
1	17859472	1194	GA
1	17859479	7	CT
1	17859784	162	CA
1	17859901	117	CT
1	17860014	113	TC
1	17860212	198	CT
1	17860480	120	GC
1	17860487	7	GA
1	17860498	11	TC
1	17860518	20	AG
1	17861294	250	TA
1	17861411	117	AT
1	17861509	98	GC
1	17861815	306	TC
1	17862189	374	CT
1	17863037	756	CA
1	17863388	351	AG
1	17863406	18	CT
1	17863791	385	GA
1	17864129	338	CT
1	17864458	329	TA
1	17864703	245	TG
1	17864885	182	TC
1	17864981	96	AG
1	17865340	359	CA
1	17865809	469	GT
1	17866464	655	GA
1	17866478	14	AG
1	17867393	915	AG
1	17867396	3	TC
1	17867801	405	CT
1	17868324	523	GA
1	17868466	142	CT
1	17869990	1488	CA
1	17870479	489	GA
1	17873151	2639	CG
1	17873173	22	GA
1	17874804	1631	GA
1	17875684	790	AG
1	17876673	989	CG
1	17878141	1468	GA
1	17878164	23	TC
1	17878897	733	GA
1	17879562	665	TG
1	17880071	425	GA
1	17880080	9	CT
1	17880923	843	CT
1	17883039	539	AG
1	17888256	3323	CT
1	17891020	1892	CA
1	17893287	1641	TG
1	17895443	1968	CA
1	17895960	362	GA
1	17896380	420	CT
1	17896438	58	CG
1	17896807	369	CG
1	17896980	173	CA
1	17897034	54	GC
1	17897053	19	TC
1	17897124	71	AG
1	17897126	2	GT
1	17897163	37	AG
1	17897392	229	AG
1	17897690	298	TC
1	17898024	334	CT
1	17899683	1261	AG
1	17901816	1345	TC
1	17903744	1843	CT
1	17905467	1460	GA
1	17909842	3453	AC
1	17910053	211	CT
1	17911629	1340	CG
1	17911727	98	AT
1	17913666	1420	CT
1	17918654	4164	CG
1	17930774	8248	CT
1	17931378	604	CT
1	17931611	233	GA
1	17944076	9291	CT
1	17944124	48	GA
1	17974790	24836	TC
1	17975051	261	GA
1	17976487	863	AG
1	17978666	1647	TG
1	17978991	325	GA
1	17980274	1283	AG
1	17980442	168	GA
1	17981160	718	AG
1	17981291	131	AG
1	17981358	67	TC
1	17982004	393	TG
1	17983493	1113	AG
1	17985307	921	TC
1	17985316	9	TA
1	17987434	990	CG
1	17987443	9	CT
1	17987537	94	TC
1	17998570	6367	CT
1	18043418	32227	CA
1	18044737	1100	TC
1	18045517	744	CT
1	18048809	3292	AG
1	18050305	1415	CT
1	18052492	1120	AC
1	18053156	306	CT
1	18054061	905	GA
1	18055617	1556	CT
1	18056008	391	GA
1	18056394	386	CT
1	18061164	4201	GC
1	18064499	3298	CT
1	18066148	1649	CT
1	18066491	343	TC
1	18079418	12063	CT
1	18097069	15678	CG
1	18098126	1057	CT
1	18098173	47	CT
1	18099144	784	GA
1	18100084	806	AT
1	18102062	687	AC
1	18104513	1837	CT
1	18108012	3222	CT
1	18109317	1305	AT
1	18113866	3317	CT
1	18121677	6999	CG
1	18122319	623	CT
1	18122683	364	CT
1	18124148	1465	TG
1	18141490	11847	CT
1	18141889	399	GT
1	18143038	437	GC
1	18144302	797	AG
1	18144351	49	CT
1	18144387	36	GA
1	18145683	1078	CT
1	18145874	191	CT
1	18147059	1025	GA
1	18148127	512	CT
1	18149106	602	TA
1	18149125	19	CT
1	18149218	93	AG
1	18149859	310	TA
1	18149860	1	TG
1	18149870	10	GC
1	18150619	568	CT
1	18151022	403	GA
1	18151373	351	CT
1	18152065	648	GA
1	18153198	207	GA
1	18153566	178	CT
1	18153595	29	GA
1	18153610	15	GA
1	18153635	25	GA
1	18153875	240	TC
1	18154175	300	CT
1	18156012	411	TC
1	18157112	889	AG
1	18158362	1050	CT
1	18158761	399	TC
1	18160055	1023	GA
1	18160248	193	CT
1	18160261	13	CT
1	18160287	26	GA
1	18161739	717	AT
1	18161818	79	CT
1	18162461	466	GC
1	18166015	3022	AG
1	18169424	2872	TC
1	18172684	3178	AG
1	18173640	868	GA
1	18173725	85	GC
1	18174554	829	CT
1	18175357	803	CT
1	18175856	499	AG
1	18175898	42	AG
1	18176521	582	GA
1	18176809	105	CT
1	18177186	346	AG
1	18177876	690	GT
1	18178724	814	GA
1	18179272	548	GA
1	18179829	557	GT
1	18179961	132	GA
1	18180010	49	GA
1	18180874	551	GA
1	18181205	331	GA
1	18181259	54	CT
1	18181567	308	GT
1	18181707	140	AG
1	18182191	344	GA
1	18182474	283	TC
1	18183321	715	AG
1	18183757	436	TC
1	18183794	37	GT
1	18185124	946	GA
1	18185170	46	CT
1	18185311	113	CG
1	18185483	172	GA
1	18185611	128	GA
1	18185740	129	TC
1	18186055	315	TC
1	18186090	35	GA
1	18186151	61	CT
1	18187430	722	AG
1	18187487	57	TC
1	18187776	289	TC
1	18187820	44	GA
1	18187833	13	CT
1	18188665	832	AC
1	18189508	737	GA
1	18190816	301	GT
1	18190933	67	TG
1	18190987	54	GC
1	18191867	378	CT
1	18192172	305	GA
1	18192554	293	GA
1	18192813	259	CT
1	18192845	32	CT
1	18193131	286	AG
1	18193175	44	CT
1	18193176	1	GA
1	18198452	2961	GA
1	18206312	4265	AT
1	18208557	1422	CT
1	18209260	703	AT
1	18209728	468	AC
1	18209832	104	AT
1	18209881	49	CT
1	18213001	1909	GA
1	18213734	688	GA
1	18218584	4313	GC
1	18219713	936	GA
1	18223194	140	GA
1	18223215	18	AG
1	18224260	574	CT
1	18224287	27	TC
1	18228063	2801	CG
1	18228226	163	AG
1	18228267	41	GA
1	18228670	403	TC
1	18230033	298	TC
1	18237094	2076	TC
1	18237309	215	AG
1	18237595	286	TC
1	18237897	302	CA
1	18238725	828	CT
1	18239172	349	CT
1	18243535	1440	CA
1	18247772	2763	TC
1	18248534	762	GC
1	18248760	226	GT
1	18255219	4564	CT
1	18256003	743	CT
1	18257865	561	CT
1	18260363	1910	CT
1	18265388	4270	TC
1	18267872	2066	CT
1	18270481	2309	CA
1	18270862	381	TC
1	18270895	33	GA
1	18271167	272	CT
1	18271694	527	CT
1	18272471	483	CT
1	18274099	1484	CT
1	18274224	125	AT
1	18275787	1383	GT
1	18275934	147	CT
1	18275980	46	CG
1	18276390	410	GA
1	18276687	297	GA
1	18277266	316	GC
1	18278276	951	TC
1	18278539	263	AG
1	18278550	11	CT
1	18278800	250	CT
1	18279530	292	AG
1	18279708	178	TC
1	18279990	282	CT
1	18280094	104	TC
1	18280403	309	GT
1	18280696	252	AG
1	18280934	238	AG
1	18281538	461	AT
1	18281585	47	TA
1	18282955	1347	CT
1	18283332	377	CT
1	18283598	266	GT
1	18283924	326	CT
1	18283998	74	CT
1	18284202	204	GA
1	18284270	68	CT
1	18284782	512	CT
1	18286691	968	AG
1	18286898	207	TG
1	18287146	248	GA
1	18287928	610	CT
1	18288743	786	TC
1	18289222	479	GA
1	18289484	262	CT
1	18289655	171	TC
1	18290467	537	GA
1	18291001	534	CT
1	18291006	5	GA
1	18291333	327	GT
1	18291341	8	TC
1	18298371	4702	CT
1	18298373	2	CT
1	18298509	136	GA
1	18298794	285	AC
1	18299591	256	TC
1	18299628	37	TC
1	18299647	19	CT
1	18300515	542	AG
1	18300518	3	TC
1	18300671	153	TC
1	18300766	95	TC
1	18300780	14	CT
1	18301308	249	GA
1	18302301	635	GA
1	18303130	238	CT
1	18303140	10	TA
1	18303199	59	CG
1	18303246	47	GT
1	18303273	27	AG
1	18303349	76	GA
1	18303730	235	CT
1	18303800	70	CA
1	18304115	315	CT
1	18304313	198	GA
1	18304491	178	GA
1	18305442	631	CT
1	18305524	82	CT
1	18305721	197	TA
1	18305831	110	CA
1	18306076	245	CT
1	18306229	153	TC
1	18306233	4	TC
1	18306340	107	GT
1	18306432	92	CT
1	18306870	438	GA
1	18307035	165	CT
1	18307272	237	CT
1	18307445	120	CG
1	18307486	41	CT
1	18308064	418	AT
1	18308135	71	AG
1	18308303	168	AT
1	18308347	44	AG
1	18308642	295	CA
1	18308945	303	CT
1	18309098	153	CT
1	18309192	94	CA
1	18310052	860	CT
1	18310419	367	AC
1	18310879	460	TC
1	18311374	495	GA
1	18311906	532	CG
1	18311976	70	TC
1	18312180	204	CT
1	18312249	69	AG
1	18312496	186	TC
1	18312966	470	TC
1	18313530	224	TC
1	18313633	103	TC
1	18313819	186	AG
1	18313870	51	TC
1	18314172	302	GA
1	18314264	92	GC
1	18314327	63	CT
1	18314596	269	CA
1	18314626	30	TC
1	18314637	11	GA
1	18314814	177	TG
1	18315297	483	TG
1	18316287	386	GC
1	18316501	214	CT
1	18317038	537	GT
1	18317163	125	TC
1	18317192	29	TC
1	18317525	297	AG
1	18317530	5	TC
1	18317625	95	CA
1	18317852	227	GA
1	18317963	111	CG
1	18318047	84	TC
1	18318128	81	TG
1	18318224	58	TC
1	18318858	248	GA
1	18319310	61	AG
1	18319391	81	GA
1	18319422	31	AG
1	18319462	40	CT
1	18319526	64	TG
1	18319562	36	GA
1	18319567	5	TC
1	18319572	5	AG
1	18319881	309	TG
1	18320002	121	CA
1	18320019	17	TG
1	18320040	21	CG
1	18320729	689	GA
1	18321043	141	TG
1	18321111	68	CT
1	18321149	38	TG
1	18330190	2556	GA
1	18331522	178	CT
1	18331776	254	TC
1	18337421	3283	GC
1	18337479	58	GA
1	18338135	656	AG
1	18338216	81	TG
1	18338555	339	CA
1	18340060	1164	GA
1	18344510	765	GA
1	18344616	106	TC
1	18344666	50	AT
1	18344672	6	GT
1	18344918	246	GT
1	18344945	27	AG
1	18345165	54	GC
1	18345252	87	TC
1	18345262	10	CT
1	18345276	14	CA
1	18345340	64	GA
1	18345545	205	CT
1	18345639	94	TA
1	18345771	132	TC
1	18345885	114	CA
1	18345969	84	TC
1	18346291	322	TG
1	18346298	7	GA
1	18346390	92	TC
1	18346424	34	TG
1	18346454	30	GC
1	18346543	89	TC
1	18346585	42	TC
1	18346946	361	AG
1	18346967	21	CA
1	18347029	62	AC
1	18347251	222	AG
1	18347787	508	TC
1	18348531	547	GT
1	18348536	5	TG
1	18348583	47	TG
1	18349537	717	AT
1	18349555	18	CT
1	18350233	616	AG
1	18350248	15	TG
1	18350258	10	CG
1	18350485	227	CT
1	18350940	455	CT
1	18357263	4027	TC
1	18361202	3600	TC
1	18361253	51	TC
1	18361331	78	CT
1	18364552	754	GA
1	18366003	767	GA
1	18444450	46639	TA
1	18449336	3570	AC
1	18452392	2281	TC
1	18452585	193	TA
1	18452768	183	GC
1	18452820	9	GT
1	18453489	110	GA
1	18453953	464	GA
1	18454216	263	GT
1	18454667	451	CT
1	18455032	365	CT
1	18455167	135	AG
1	18455323	156	TC
1	18455597	274	CA
1	18455616	19	GC
1	18455645	29	TC
1	18455722	77	TC
1	18455851	129	AG
1	18455883	32	AG
1	18456073	190	AG
1	18456135	62	CT
1	18456165	30	GT
1	18456169	4	AG
1	18456186	17	GA
1	18458191	442	GA
1	18458709	518	GA
1	18459955	925	GA
1	18461409	765	CA
1	18461429	20	GA
1	18461486	57	GC
1	18461574	88	AG
1	18465612	1884	GA
1	18466156	475	CT
1	18470544	648	GA
1	18470586	42	AT
1	18470825	239	AG
1	18470948	123	TC
1	18472335	828	AG
1	18473930	1175	TC
1	18475957	744	TC
1	18476061	104	AC
1	18476062	1	GT
1	18476849	594	CT
1	18476854	5	GA
1	18476997	38	CT
1	18477067	70	GC
1	18477125	58	GA
1	18477253	128	CA
1	18479148	934	AT
1	18480220	595	TG
1	18480341	121	TC
1	18480369	28	TC
1	18481775	496	AG
1	18481792	17	TC
1	18483780	789	TC
1	18485395	1212	GA
1	18485652	257	TC
1	18485791	139	GA
1	18485867	76	AC
1	18486013	146	AG
1	18486198	185	CT
1	18486272	74	AG
1	18486297	25	GC
1	18487128	198	CT
1	18489107	776	TA
1	18489207	100	TC
1	18491824	1175	AG
1	18492669	553	CT
1	18492838	169	GA
1	18493373	535	CT
1	18494091	683	CT
1	18494110	19	GA
1	18494188	78	CT
1	18496924	1395	CT
1	18497567	592	TC
1	18497912	345	AG
1	18498256	318	AC
1	18499449	903	CT
1	18500474	842	CT
1	18501913	887	CT
1	18502669	432	CT
1	18506176	2670	CT
1	18507379	615	TC
1	18513885	2065	AG
1	18516463	804	CT
1	18517207	407	CT
1	18519089	644	GA
1	18519757	668	CT
1	18521575	1499	CT
1	18522714	999	CA
1	18522726	12	GA
1	18522763	37	GT
1	18524422	1200	CT
1	18525085	359	CT
1	18525096	11	AT
1	18525151	55	AG
1	18527825	2133	AT
1	18527967	142	AG
1	18528871	259	GA
1	18529739	640	CT
1	18530174	435	TA
1	18530198	24	TC
1	18530291	93	GA
1	18530744	453	GA
1	18530957	213	TC
1	18531153	196	AG
1	18531284	131	GA
1	18531315	31	AG
1	18531324	9	TC
1	18531381	57	CT
1	18532048	201	TG
1	18532176	128	AG
1	18532209	33	GA
1	18532212	3	AG
1	18532331	119	TC
1	18532503	172	GT
1	18532688	185	TC
1	18532810	122	CT
1	18532938	92	CT
1	18533015	77	AG
1	18533054	39	CT
1	18533256	74	TC
1	18533893	150	TG
1	18534013	49	AG
1	18534015	2	TC
1	18534022	7	GC
1	18534206	97	AT
1	18534226	20	CT
1	18534581	149	TC
1	18534762	181	AC
1	18534787	25	AC
1	18534938	151	TG
1	18534940	2	TC
1	18534951	11	TG
1	18534975	24	AG
1	18541406	182	CT
1	18541469	63	GC
1	18541515	46	AG
1	18541786	271	CT
1	18541959	140	CT
1	18542070	111	GA
1	18542087	17	GA
1	18542143	56	AG
1	18542741	125	AC
1	18544320	633	GA
1	18545226	266	CT
1	18546118	425	GT
1	18546122	4	AT
1	18546384	262	GA
1	18547716	1136	GA
1	18547826	110	GA
1	18547866	40	TA
1	18548383	442	CT
1	18548425	42	CT
1	18548439	14	AG
1	18548445	6	TC
1	18548960	317	GA
1	18549227	267	TG
1	18549235	8	TC
1	18550255	692	AG
1	18550323	68	GA
1	18550767	444	AG
1	18550795	28	TG
1	18551003	208	CA
1	18552035	468	GA
1	18552241	116	GA
1	18552342	101	AG
1	18552460	118	AC
1	18552540	80	TA
1	18552702	162	TC
1	18552788	86	CT
1	18553072	284	GC
1	18553480	408	GA
1	18553495	15	AG
1	18553699	204	GA
1	18553855	156	GA
1	18553915	60	GT
1	18553929	14	TC
1	18553991	62	TA
1	18554768	742	AG
1	18555175	407	CG
1	18555884	89	GA
1	18556016	132	TA
1	18556195	179	AG
1	18557228	1033	CT
1	18558720	1492	CT
1	18558734	14	CT
1	18564445	3207	AG
1	18564457	12	GA
1	18565435	652	AG
1	18565949	514	GA
1	18566547	235	AG
1	18566645	98	CT
1	18566787	142	CT
1	18567268	285	AC
1	18567273	5	CG
1	18567575	302	GA
1	18567595	20	CG
1	18569041	1104	AG
1	18569299	258	GA
1	18572097	2157	TC
1	18572613	516	AT
1	18574241	1165	TC
1	18575425	1002	AG
1	18577644	1568	CT
1	18579436	1184	TC
1	18579510	74	CT
1	18581678	1436	AG
1	18582817	618	GA
1	18583159	288	GC
1	18583247	48	AC
1	18583252	5	TC
1	18583256	4	GA
1	18584736	1480	AG
1	18587340	2433	CT
1	18587492	152	GC
1	18588169	677	AG
1	18588594	425	TA
1	18588820	226	CT
1	18589018	198	CT
1	18589085	67	GT
1	18591186	1436	GC
1	18591708	444	CT
1	18592638	904	CT
1	18592845	207	CT
1	18593293	364	GA
1	18593463	170	GA
1	18594013	451	GA
1	18594804	791	CA
1	18595190	386	GA
1	18598103	2750	TC
1	18601234	3131	GA
1	18602723	707	CT
1	18604379	1656	GA
1	18605192	693	AG
1	18605631	439	TA
1	18605868	237	TC
1	18605886	18	CT
1	18605918	32	GA
1	18606493	575	GA
1	18606525	32	AG
1	18606611	86	GA
1	18606940	329	TC
1	18607186	246	CA
1	18607746	560	CG
1	18608844	1073	CT
1	18608846	2	CT
1	18608977	131	GC
1	18609125	148	GC
1	18609603	478	AG
1	18609979	155	AG
1	18610036	57	CT
1	18610279	243	CT
1	18610350	71	GA
1	18610427	77	TA
1	18610467	40	AG
1	18611451	911	CT
1	18611674	223	CA
1	18612754	537	TC
1	18612850	96	CT
1	18613147	53	GA
1	18613191	44	CG
1	18613508	317	CT
1	18613601	93	CT
1	18613759	158	GA
1	18613797	38	CT
1	18613916	119	AC
1	18614095	179	CT
1	18614490	395	CT
1	18614629	139	CT
1	18617716	2241	CT
1	18619099	1255	CT
1	18619592	273	AG
1	18619993	401	TC
1	18620183	190	TC
1	18620221	38	AG
1	18620248	27	CT
1	18620356	108	CT
1	18620381	25	GA
1	18620663	282	GA
1	18620686	23	TA
1	18621043	357	AG
1	18621092	49	TG
1	18621473	381	TC
1	18621718	245	AG
1	18622993	1232	TC
1	18623760	448	CT
1	18633100	3288	CT
1	18638867	4503	GA
1	18644219	1685	GA
1	18644322	103	GA
1	18644906	157	TC
1	18644913	7	GA
1	18644950	37	CT
1	18645095	145	AG
1	18645296	201	CT
1	18645377	81	TG
1	18645568	191	CT
1	18645651	83	GA
1	18646011	360	AG
1	18646064	53	AC
1	18646146	82	CT
1	18647185	962	AG
1	18649002	951	GA
1	18649482	370	AC
1	18650875	646	TC
1	18650894	19	CA
1	18651223	329	TC
1	18651700	126	TC
1	18651712	12	CA
1	18652425	713	TC
1	18652670	138	CT
1	18653216	190	TC
1	18653299	83	CT
1	18653432	133	AC
1	18653450	18	CT
1	18653535	85	GA
1	18653613	78	GC
1	18653678	65	GA
1	18653690	12	AC
1	18653729	39	TC
1	18653746	17	CT
1	18653758	12	CT
1	18653772	14	GA
1	18653875	103	AG
1	18653995	120	CT
1	18653996	1	TA
1	18654061	65	TC
1	18654385	193	TA
1	18654386	1	AT
1	18654411	25	CT
1	18655343	344	AG
1	18655937	213	CA
1	18657110	503	CT
1	18657705	264	TC
1	18657709	4	AC
1	18657715	6	TC
1	18657805	90	GT
1	18658355	550	TC
1	18659079	45	AG
1	18659080	1	AC
1	18659204	84	GT
1	18659563	359	AG
1	18659938	283	TC
1	18660997	742	TC
1	18661003	6	AC
1	18661033	30	CG
1	18661910	385	CT
1	18662481	236	AC
1	18662582	76	GC
1	18667106	1494	TC
1	18667677	398	AG
1	18667751	74	GA
1	18667783	32	CT
1	18668985	606	TC
1	18669068	83	TC
1	18669866	798	CG
1	18669883	17	GC
1	18670271	388	GA
1	18670412	121	GT
1	18670422	10	TC
1	18670600	178	CT
1	18670631	31	TG
1	18670852	221	TC
1	18671716	629	GA
1	18671764	48	GA
1	18671770	6	TC
1	18673269	230	CT
1	18673270	1	TC
1	18673854	496	TG
1	18673962	108	TC
1	18673994	32	CT
1	18674300	306	CT
1	18674327	27	CT
1	18674344	17	CT
1	18680619	2844	AC
1	18682860	1094	TC
1	18684422	971	CA
1	18685292	870	TC
1	18685432	140	AG
1	18685722	234	CT
1	18685725	3	TC
1	18687703	1120	CG
1	18687981	278	AG
1	18688012	31	AG
1	18688830	782	CT
1	18688832	2	CT
1	18688919	87	TC
1	18689151	38	CG
1	18689153	2	TA
1	18692335	1089	CT
1	18693592	972	AG
1	18693608	16	AG
1	18694228	296	AG
1	18695013	434	CA
1	18695119	106	TC
1	18695138	19	AT
1	18695336	198	CT
1	18695423	87	AT
1	18695587	41	CT
1	18696040	30	TC
1	18696513	473	TG
1	18696672	159	GA
1	18696918	246	GA
1	18697087	169	CT
1	18697697	307	CT
1	18698160	175	GC
1	18699137	843	GA
1	18699314	177	CG
1	18699350	36	CT
1	18699599	249	GA
1	18699610	11	GC
1	18699644	34	GA
1	18699697	53	AG
1	18699705	8	GT
1	18700290	297	AG
1	18700357	67	CT
1	18700418	61	TA
1	18700433	15	CT
1	18700548	115	GC
1	18700894	346	GA
1	18700991	97	GT
1	18701128	137	CT
1	18701296	168	GA
1	18701933	117	AG
1	18702117	184	CT
1	18702122	5	AT
1	18702387	265	AG
1	18703239	116	TG
1	18703399	160	GA
1	18703962	450	GT
1	18706388	977	TC
1	18706409	21	TG
1	18707269	860	AT
1	18707278	9	CT
1	18707533	255	CT
1	18708325	366	CT
1	18708906	534	TC
1	18709254	293	GC
1	18709912	658	AC
1	18710056	144	AG
1	18710190	134	TC
1	18711127	781	TC
1	18711290	163	GA
1	18712630	320	GC
1	18713035	146	CT
1	18713058	23	CT
1	18713138	80	CT
1	18713224	86	TC
1	18713417	193	AG
1	18714132	698	GA
1	18714295	163	AG
1	18718902	1720	GT
1	18719021	119	AG
1	18719217	196	GA
1	18719223	6	CT
1	18719257	34	TC
1	18720275	706	GA
1	18720580	305	TC
1	18720698	118	GT
1	18720767	69	GC
1	18720842	75	CT
1	18720869	27	CT
1	18720870	1	CG
1	18720873	3	GA
1	18722031	647	GA
1	18722118	87	AT
1	18722538	157	GC
1	18722622	84	GA
1	18722717	95	TC
1	18726318	2887	TC
1	18726319	1	GA
1	18726685	366	GA
1	18727132	447	TC
1	18728305	858	GC
1	18729584	580	CT
1	18729638	54	CT
1	18736845	2802	CT
1	18737293	350	CG
1	18739507	226	GA
1	18739508	1	AG
1	18740152	426	CA
1	18740329	177	CT
1	18740545	216	GA
1	18740758	213	CT
1	18741251	295	CT
1	18741313	62	TA
1	18741448	135	GA
1	18741507	59	GA
1	18741628	121	TC
1	18743562	80	GA
1	18743694	132	CG
1	18744138	355	GA
1	18744191	53	AC
1	18744874	683	GA
1	18745425	551	AC
1	18747051	1332	TC
1	18747064	13	GA
1	18747259	195	GC
1	18747826	567	TC
1	18748870	767	GT
1	18752055	1848	CT
1	18753206	129	CT
1	18756578	881	CT
1	18763217	2707	CT
1	18763343	126	TG
1	18764623	1280	TC
1	18776151	1487	AC
1	18777559	973	TA
1	18777684	125	CT
1	18778731	758	GA
1	18782908	1938	CT
1	18783492	272	AG
1	18784581	463	TC
1	18791240	2581	TA
1	18805106	2603	GT
1	18808055	1562	TC
1	18808850	795	CT
1	18808852	2	CT
1	18810899	377	AG
1	18810959	60	CA
1	18810967	8	CT
1	18812850	275	AT
1	18813103	253	AG
1	18813407	304	CA
1	18813443	36	TC
1	18813643	200	AG
1	18814805	693	AG
1	18815002	197	GA
1	18815046	44	GA
1	18815058	12	GT
1	18815360	302	TA
1	18816289	200	GT
1	18817647	924	CT
1	18817677	30	AG
1	18817779	102	TG
1	18820437	1072	AT
1	18823414	330	CT
1	18826346	1183	GA
1	18826367	21	TC
1	18829439	1401	AC
1	18850841	628	GA
1	18852820	1659	CT
1	18853204	200	CT
1	18853813	609	TC
1	18857188	1689	GA
1	18857283	95	GA
1	18857686	379	TC
1	18857825	139	CT
1	18858563	738	AC
1	18858938	179	AG
1	18859928	663	AG
1	18859965	37	TC
1	18863056	2768	TC
1	18863947	574	GA
1	18864803	673	AG
1	18876146	2909	TC
1	18877610	1069	CT
1	18878515	905	GC
1	18881693	3026	AG
1	18882084	391	GT
1	18882888	591	AG
1	18888220	3404	GC
1	18889308	579	CG
1	18892825	3203	TG
1	18894984	1225	TC
1	18896142	977	AG
1	18897812	861	AG
1	18898640	828	CA
1	18911153	7710	TC
1	18912833	1600	CT
1	18915703	1858	GA
1	18919698	2908	TG
1	18920317	619	CG
1	18921075	501	TG
1	18921282	207	GA
1	18921352	70	CT
1	18923044	1692	GC
1	18923472	428	GA
1	18927193	1887	AC
1	18931272	2030	AG
1	18934243	1685	AG
1	18934438	195	AG
1	18936104	1170	GA
1	18939564	2393	CA
1	18940844	732	CA
1	18941948	513	TC
1	18942383	334	CT
1	18943466	940	CT
1	18946151	1457	TC
1	18946988	572	GA
1	18948630	1053	AG
1	18949641	1011	AG
1	18949693	52	CA
1	18950195	418	GA
1	18950391	196	GA
1	18951661	687	CT
1	18952019	247	TC
1	18952510	491	CG
1	18952763	253	TC
1	18954167	805	GA
1	18954169	2	TC
1	18954764	431	GA
1	18954856	92	AG
1	18955320	464	AG
1	18955759	439	TA
1	18955886	127	AG
1	18956810	924	CG
1	18957748	586	GA
1	18959180	229	GT
1	18960334	1154	AG
1	18960387	53	CG
1	18961101	260	CT
1	18961636	276	GA
1	18961643	7	GT
1	18961892	249	CT
1	18962126	234	TC
1	18962202	76	GT
1	18962255	53	TC
1	18962262	7	GT
1	18962981	544	CT
1	18962995	14	GT
1	18963502	507	GA
1	18963870	368	TC
1	18966592	1494	CT
1	18966617	25	AG
1	18966644	27	GA
1	18966853	209	GC
1	18966953	100	AT
1	18968649	1234	AG
1	18975058	2600	AG
1	18976949	1806	TC
1	18996496	7399	GA
1	18998485	1967	TG
1	18998530	45	GT
1	18998610	80	GA
1	19000579	1332	CT
1	19002870	1683	AG
1	19004678	1070	TC
1	19005603	925	AC
1	19005645	42	AG
1	19007601	1184	TG
1	19009017	1079	GA
1	19012837	2595	AT
1	19013892	814	GA
1	19014852	479	GC
1	19015034	182	CT
1	19017871	1872	CT
1	19021728	2446	GT
1	19021852	124	CT
1	19022699	339	GA
1	19023322	587	GC
1	19025233	1296	AG
1	19028664	2948	AT
1	19029044	380	AG
1	19030892	1022	CT
1	19035339	3748	GC
1	19037033	1377	TC
1	19038583	1510	GA
1	19051655	9100	TG
1	19053021	460	GA
1	19053705	423	GC
1	19054469	320	AT
1	19074369	14906	CT
1	19076842	2138	GT
1	19077280	438	CT
1	19089009	7747	GA
1	19099718	4826	AG
1	19133204	28850	GA
1	19135508	2157	GA
1	19136452	910	AT
1	19136832	380	TC
1	19136874	42	AG
1	19136936	62	AG
1	19137679	643	CG
1	19138168	426	GC
1	19138181	13	AG
1	19138707	526	CG
1	19139057	156	AG
1	19139162	105	AG
1	19139596	434	GA
1	19139770	174	TC
1	19139785	15	AG
1	19139955	170	CT
1	19140156	201	TC
1	19140893	352	TC
1	19141072	179	CT
1	19144876	813	CT
1	19147025	1298	GA
1	19147278	253	GA
1	19148857	1579	TC
1	19149284	427	CT
1	19152789	3466	GC
1	19152819	30	AT
1	19155874	2955	TC
1	19157839	1913	TC
1	19158888	702	TA
1	19160901	1884	TC
1	19161063	162	TC
1	19162961	1674	CG
1	19163136	175	TG
1	19163264	128	AG
1	19163421	157	CA
1	19167321	3751	CT
1	19168218	897	CT
1	19172577	4283	CT
1	19174696	1693	AG
1	19175028	332	CA
1	19177930	2807	CA
1	19178233	303	TA
1	19178423	190	AG
1	19180228	1305	TC
1	19181743	1515	TC
1	19185961	3535	CT
1	19193071	4813	TC
1	19207369	9462	TA
1	19209308	1916	GA
1	19213438	2598	CA
1	19214343	309	TC
1	19216309	961	TC
1	19223609	2303	CT
1	19226059	1209	GA
1	19226936	877	CT
1	19230404	2577	AG
1	19233336	2230	GA
1	19234733	1104	AG
1	19240413	875	AG
1	19241727	736	CT
1	19242386	659	TC
1	19243597	346	AT
1	19243797	200	TC
1	19244765	711	GA
1	19245655	890	AT
1	19246361	634	CT
1	19247120	759	TC
1	19248964	1443	GC
1	19251792	835	AG
1	19253889	1488	GA
1	19254569	334	TG
1	19257684	521	TC
1	19258839	197	TC
1	19259469	312	AG
1	19259977	508	CT
1	19264441	695	GA
1	19267216	1402	GA
1	19277943	1601	CT
1	19277979	36	TA
1	19280976	184	AC
1	19282358	1349	TC
1	19282363	5	TC
1	19283190	664	CT
1	19284948	449	GC
1	19285154	206	TC
1	19285302	148	CA
1	19285560	258	TC
1	19291149	900	CT
1	19292379	1230	TC
1	19298810	1246	GA
1	19303675	1920	TC
1	19307456	2341	AT
1	19317674	2390	AG
1	19323716	2808	AG
1	19326307	1560	CT
1	19333044	4086	AC
1	19333045	1	TC
1	19335571	1279	GA
1	19335716	145	GA
1	19336235	323	CT
1	19336273	38	CT
1	19336278	5	GA
1	19338844	2540	CT
1	19342187	2194	CT
1	19342292	105	AC
1	19344668	1425	CT
1	19346120	953	CT
1	19346245	125	AG
1	19349539	2386	AG
1	19350978	485	GT
1	19351512	534	TG
1	19351523	11	AG
1	19353895	1793	TA
1	19354535	538	AC
1	19354846	311	TC
1	19354910	64	GA
1	19354913	3	GC
1	19354991	78	TC
1	19355112	121	CG
1	19355117	5	GC
1	19355589	149	GA
1	19355642	53	TC
1	19356583	442	GT
1	19356755	172	AG
1	19357067	312	CA
1	19358684	1517	GA
1	19358756	72	GA
1	19360848	1092	CG
1	19361154	102	CT
1	19361950	456	CT
1	19362563	168	GA
1	19362583	20	TG
1	19373846	2572	GT
1	19384177	3295	GC
1	19384197	20	GC
1	19387392	324	AT
1	19388600	809	GA
1	19392809	1610	AG
1	19392860	51	GA
1	19393556	589	CT
1	19393573	17	CA
1	19398787	2178	GT
1	19399004	217	GA
1	19400763	112	AG
1	19400776	13	AC
1	19401008	232	GA
1	19401167	159	AG
1	19402615	813	GA
1	19402635	20	GT
1	19403303	261	TC
1	19403334	31	AG
1	19403336	2	AC
1	19403366	30	AC
1	19404444	175	CA
1	19404900	233	TC
1	19404905	5	CT
1	19406601	929	GA
1	19406994	393	GA
1	19406998	4	CT
1	19407954	543	CT
1	19408074	120	TA
1	19408491	190	GT
1	19409406	863	CG
1	19414719	3068	TC
1	19414935	216	TG
1	19415419	484	CA
1	19420627	2582	GA
1	19426112	4834	GA
1	19426541	429	GA
1	19428601	1765	TG
1	19429313	404	GC
1	19430516	1180	AG
1	19433291	1370	GC
1	19433500	209	AG
1	19442306	6580	TC
1	19451992	8808	AG
1	19454755	2763	GA
1	19455677	511	CT
1	19455848	171	CT
1	19470151	7969	CA
1	19472518	539	CT
1	19474447	1025	TA
1	19475335	646	CT
1	19475344	9	CT
1	19475368	24	CT
1	19475471	103	TC
1	19476823	1078	TC
1	19477997	77	CT
1	19478074	77	TC
1	19478105	31	CT
1	19478119	14	CG
1	19478280	161	GA
1	19478317	37	CA
1	19478326	9	CG
1	19478372	46	GA
1	19478404	32	GA
1	19478405	1	TC
1	19478431	26	TC
1	19478437	6	GC
1	19479190	301	TC
1	19479203	13	GC
1	19479257	54	TC
1	19479701	444	GA
1	19480323	478	TA
1	19480390	67	TC
1	19480449	59	GA
1	19480585	136	CG
1	19480620	35	GA
1	19480628	8	TC
1	19480784	156	AG
1	19480829	45	TG
1	19480938	109	TC
1	19481524	153	TC
1	19481568	44	CG
1	19481575	7	TG
1	19481936	138	CT
1	19482134	66	CT
1	19482196	62	TG
1	19482302	106	GA
1	19482355	53	GA
1	19483323	375	CT
1	19483326	3	TC
1	19485516	393	TC
1	19485535	19	AG
1	19485662	127	TC
1	19485664	2	CT
1	19486437	384	AG
1	19487176	399	TA
1	19487214	38	GC
1	19487367	153	CT
1	19497537	3183	GA
1	19497739	202	CG
1	19497757	18	CT
1	19497821	64	TC
1	19500063	1982	TC
1	19500898	835	CT
1	19500958	60	GA
1	19501429	471	CA
1	19502140	550	GC
1	19503120	907	GA
1	19503709	479	CT
1	19504156	447	GT
1	19506275	526	GA
1	19506887	612	CT
1	19508253	545	TG
1	19510110	1623	GA
1	19513205	2752	AG
1	19513829	624	TC
1	19513900	71	AG
1	19514211	311	CG
1	19514454	243	CT
1	19515163	709	GA
1	19515898	680	GA
1	19515941	43	CT
1	19515951	10	CT
1	19516752	665	CT
1	19518381	1526	GA
1	19518973	592	AG
1	19519025	52	CG
1	19519137	112	GA
1	19519701	564	AG
1	19520049	348	AG
1	19520961	716	GT
1	19524875	3441	GA
1	19524969	94	AG
1	19525194	225	GA
1	19526026	832	CG
1	19526079	53	CT
1	19526599	391	TG
1	19530316	3179	CT
1	19531982	1420	GA
1	19533120	1138	CT
1	19533179	59	CT
1	19534377	747	CT
1	19537780	3308	GA
1	19539354	1574	GT
1	19539510	156	GA
1	19539748	238	CG
1	19539960	212	GA
1	19540542	541	GA
1	19540988	446	CT
1	19542218	1230	TG
1	19542570	352	GA
1	19544424	1824	CT
1	19546032	1221	AG
1	19546480	384	GA
1	19546573	93	TC
1	19546751	178	AC
1	19546834	83	CG
1	19547047	180	AT
1	19547895	848	CT
1	19547900	5	GT
1	19548152	252	GC
1	19548155	3	TC
1	19550483	2328	GT
1	19550725	242	GA
1	19550819	11	CT
1	19550870	51	GA
1	19550907	37	CA
1	19550930	23	TC
1	19552043	1113	AC
1	19553009	925	TG
1	19553221	212	GA
1	19553359	138	AG
1	19553425	66	AG
1	19553832	407	CT
1	19554023	191	GA
1	19554051	28	TC
1	19554392	341	TC
1	19555020	628	GT
1	19555974	954	GA
1	19556248	274	TC
1	19556676	231	AG
1	19556927	251	CG
1	19556973	46	TC
1	19560578	2847	GT
1	19560847	269	CA
1	19561381	534	TC
1	19561840	459	CT
1	19562045	205	AG
1	19563054	827	TC
1	19563055	1	GC
1	19563059	4	CT
1	19563064	5	CT
1	19563237	173	TC
1	19563411	174	AG
1	19563795	384	GA
1	19564249	405	AG
1	19564608	359	CT
1	19565648	1040	AG
1	19565741	93	CT
1	19565808	67	GA
1	19565821	13	GC
1	19566414	301	GA
1	19566888	374	GA
1	19567466	540	CT
1	19567543	77	GA
1	19567846	303	AG
1	19569159	1313	GA
1	19570923	1764	GA
1	19571097	174	AG
1	19575928	4782	AG
1	19575932	4	CT
1	19576177	245	GC
1	19577732	1410	GA
1	19577787	55	AG
1	19580281	2443	GA
1	19580806	525	AG
1	19580953	147	AG
1	19581042	89	GA
1	19581293	251	TA
1	19581485	192	AG
1	19581535	50	AT
1	19582393	786	GT
1	19582543	150	GA
1	19582805	262	CG
1	19583223	418	AG
1	19583369	146	GA
1	19583943	574	GA
1	19584054	111	CG
1	19584818	685	TC
1	19585608	790	CT
1	19585821	188	GA
1	19586436	481	GA
1	19586837	401	AG
1	19588144	782	TC
1	19588210	66	CA
1	19588311	101	AG
1	19588375	64	GA
1	19588424	49	TC
1	19588539	115	GA
1	19588546	7	AG
1	19588608	62	GA
1	19588694	86	GA
1	19588709	15	AG
1	19589470	761	AG
1	19589568	98	TC
1	19589673	105	CT
1	19590731	852	CT
1	19590746	15	CT
1	19590759	13	CG
1	19590827	68	GA
1	19590831	4	TC
1	19591337	506	CG
1	19591485	148	TC
1	19591877	392	AG
1	19591934	57	CT
1	19591943	9	AC
1	19591961	18	GA
1	19592356	395	AG
1	19593013	291	TG
1	19593020	7	TC
1	19593496	476	TC
1	19593760	180	AT
1	19593822	62	GC
1	19594231	300	GA
1	19594412	181	CT
1	19594416	4	AG
1	19594436	20	GA
1	19594482	46	GA
1	19594736	254	TC
1	19595066	330	AG
1	19595470	404	AG
1	19595969	450	AG
1	19596155	186	CT
1	19596210	55	TC
1	19596292	82	TC
1	19596393	101	GA
1	19596787	394	TA
1	19597533	697	CT
1	19598264	421	CT
1	19599546	1202	GT
1	19599696	150	CT
1	19601079	299	GA
1	19601175	96	CT
1	19601354	179	AC
1	19601365	11	CG
1	19601474	109	GA
1	19601490	16	AT
1	19602084	566	AG
1	19602490	406	CT
1	19605284	1333	CT
1	19605328	44	CA
1	19605333	5	CT
1	19605334	1	AG
1	19605533	199	GA
1	19605869	336	CT
1	19606536	667	GA
1	19606595	59	GA
1	19606667	72	GA
1	19631370	14943	CT
1	19631526	156	TC
1	19631813	287	TC
1	19633426	322	CT
1	19634239	769	CT
1	19634327	88	CT
1	19635359	822	CT
1	19635450	91	CT
1	19635639	189	GA
1	19638076	2083	CT
1	19638404	328	AG
1	19638894	490	CG
1	19638897	3	GA
1	19639778	881	GA
1	19640936	868	AG
1	19641205	269	CG
1	19641207	2	AG
1	19641503	296	AC
1	19642516	785	CT
1	19642743	227	AG
1	19643942	1199	TA
1	19643992	50	CT
1	19644126	134	GA
1	19645263	703	AG
1	19652284	5526	GA
1	19657593	5124	GA
1	19679903	20045	CT
1	19695742	14483	CT
1	19703272	7384	GA
1	19711852	6587	AG
1	19713390	591	GT
1	19722070	6180	GA
1	19724472	2204	CT
1	19728320	3264	CT
1	19729571	1251	GA
1	19729725	154	AG
1	19730730	1005	CT
1	19731776	739	CT
1	19731951	175	GT
1	19781539	35594	CT
1	20000073	73	TC
1	20000207	134	AC
1	20000400	193	AG
1	20000426	26	TC
1	20000444	18	GA
1	20001739	1147	TC
1	20002461	722	GA
1	20002837	376	AG
1	20002842	5	GA
1	20005847	2483	TG
1	20006137	234	CG
1	20006350	213	TC
1	20008240	1341	CT
1	20009320	1080	GA
1	20010668	1116	CT
1	20011467	799	CT
1	20011525	58	CT
1	20012268	743	CT
1	20012505	141	CA
1	20015209	2267	TC
1	20016591	1258	TC
1	20016877	286	AC
1	20017445	568	CT
1	20021092	2869	AT
1	20024438	3050	GA
1	20025699	894	CT
1	20025741	42	GA
1	20025783	42	CT
1	20025819	36	GC
1	20026103	284	CA
1	20029327	2337	GA
1	20029438	111	TC
1	20029600	162	AT
1	20029714	114	GA
1	20030012	298	GA
1	20030107	95	AG
1	20030114	7	AG
1	20030149	35	CT
1	20030747	598	CA
1	20030774	27	CT
1	20030777	3	AT
1	20033751	2470	CT
1	20036024	1650	TC
1	20036166	142	GA
1	20037673	728	AC
1	20038439	712	AG
1	20039545	898	TC
1	20040443	898	GC
1	20040754	311	CT
1	20041134	380	TC
1	20041937	803	CT
1	20041938	1	GA
1	20042944	1006	CA
1	20045199	2041	GA
1	20045607	408	GC
1	20046534	927	GA
1	20047726	1192	GC
1	20051359	3614	TC
1	20051622	263	AC
1	20051698	76	GA
1	20052310	612	CT
1	20055759	2334	CG
1	20058685	1459	AG
1	20060247	1489	CT
1	20060328	81	AG
1	20060351	23	AG
1	20061115	764	CT
1	20062610	984	TC
1	20063048	368	CT
1	20063580	532	GC
1	20067326	3483	TC
1	20068368	963	CT
1	20070152	1431	CT
1	20070615	463	AG
1	20071895	1123	GC
1	20075436	3182	AG
1	20076079	438	GA
1	20076579	500	GA
1	20076805	226	AG
1	20076950	145	GT
1	20077050	100	AG
1	20077472	422	GA
1	20081770	3084	GT
1	20082460	690	GA
1	20083085	625	CT
1	20083256	171	GA
1	20083829	527	CT
1	20083883	54	AG
1	20083939	56	CG
1	20084067	128	TC
1	20085621	1468	AG
1	20085995	257	CA
1	20086283	288	GA
1	20087007	612	CT
1	20090667	1685	CT
1	20091099	432	TA
1	20091671	572	TC
1	20092501	780	GA
1	20094239	1388	GT
1	20094777	538	CT
1	20095657	880	GA
1	20098983	2529	GA
1	20099402	419	GT
1	20099565	163	CT
1	20099634	69	AG
1	20099931	297	CA
1	20104649	2920	TC
1	20104891	242	TC
1	20106322	1431	AG
1	20106783	461	AG
1	20107180	397	GA
1	20107271	91	GA
1	20107483	212	CT
1	20107604	121	TC
1	20108152	548	AG
1	20108598	446	CT
1	20110101	1082	CT
1	20110400	299	CT
1	20110464	64	TC
1	20110475	11	CT
1	20113049	2442	CT
1	20113973	924	CA
1	20114228	255	CT
1	20115705	1045	AG
1	20116037	332	CT
1	20116226	189	CA
1	20117645	1273	CT
1	20118108	463	GA
1	20118768	604	CT
1	20118928	160	CT
1	20118982	54	CT
1	20119332	350	AG
1	20119430	98	GT
1	20120013	299	TC
1	20120155	142	TG
1	20120270	115	CT
1	20120514	244	AG
1	20120592	78	TC
1	20120619	27	GC
1	20121560	910	GT
1	20122128	568	CT
1	20122382	220	AC
1	20123481	961	TC
1	20123681	200	TG
1	20124184	480	AT
1	20124467	217	CT
1	20124494	27	AG
1	20124497	3	TC
1	20124905	408	TC
1	20125961	1056	AC
1	20131014	4000	GT
1	20131701	687	GA
1	20131758	57	CG
1	20132254	410	CT
1	20134735	2314	AG
1	20141035	5142	CT
1	20142093	1018	AG
1	20144187	1864	CT
1	20145172	985	AG
1	20146469	1297	GA
1	20151642	3962	CT
1	20153367	1725	CT
1	20153822	248	TC
1	20155312	1459	GA
1	20157649	2152	CG
1	20158081	432	GA
1	20158703	622	CT
1	20158844	141	CT
1	20159446	538	CG
1	20160962	1335	TC
1	20160989	27	CT
1	20161983	758	GC
1	20166418	3638	TC
1	20173463	6089	GA
1	20175551	1898	GT
1	20175609	58	GA
1	20175902	293	CT
1	20175994	92	AG
1	20177755	1495	TG
1	20177831	76	AG
1	20180060	2176	GA
1	20180219	159	CT
1	20193543	10260	AG
1	20197038	3414	AG
1	20197086	48	AG
1	20197545	459	CT
1	20198266	182	CT
1	20198835	569	TC
1	20199032	197	GA
1	20199244	212	CT
1	20199768	524	CT
1	20200058	237	AG
1	20200189	131	AG
1	20201649	1321	TC
1	20201753	104	TC
1	20202629	876	CT
1	20203374	616	TC
1	20205159	1785	GA
1	20205496	299	AC
1	20206078	582	AG
1	20206694	582	CT
1	20206809	115	CT
1	20206977	168	TG
1	20209314	1323	CT
1	20209989	675	AC
1	20210039	50	GA
1	20210876	837	CT
1	20210898	22	CT
1	20211365	467	GC
1	20213365	1792	GA
1	20216327	2351	TC
1	20218599	1864	GC
1	20219117	467	CT
1	20219885	768	CT
1	20221874	1893	GA
1	20222070	196	CT
1	20228798	6119	GA
1	20229206	302	GA
1	20230462	900	AC
1	20233617	2928	CA
1	20235088	759	GT
1	20235470	382	AG
1	20239432	3526	CG
1	20240152	324	CT
1	20247752	6450	AG
1	20248780	1010	AG
1	20250249	1397	GA
1	20254404	1883	TC
1	20254955	428	GA
1	20258271	2595	TC
1	20259393	1096	AG
1	20259655	262	CT
1	20260200	545	AC
1	20262118	1563	TC
1	20262990	323	TC
1	20263056	66	GA
1	20264948	1642	TG
1	20264952	4	GA
1	20264978	26	CG
1	20265201	223	GA
1	20266329	312	TC
1	20266455	126	AG
1	20268041	1526	AG
1	20268417	376	AT
1	20268734	293	AC
1	20269902	453	CT
1	20272427	1865	AG
1	20273056	629	GA
1	20273170	114	CG
1	20273351	146	CG
1	20273555	204	GC
1	20273751	196	CT
1	20274108	271	CT
1	20274126	18	TC
1	20274599	473	TG
1	20274626	27	GA
1	20275336	681	GA
1	20275337	1	AC
1	20275479	142	CG
1	20275682	203	AT
1	20275689	7	CT
1	20275829	140	GA
1	20276510	681	AG
1	20276812	278	CT
1	20277031	219	CG
1	20277429	88	AG
1	20278842	1413	CT
1	20279019	177	TC
1	20279349	330	GA
1	20280956	1279	GT
1	20282065	406	GA
1	20283819	1403	CT
1	20284046	227	GA
1	20284128	82	GT
1	20284257	129	GA
1	20285527	1085	CT
1	20286113	530	TC
1	20287534	714	CA
1	20287945	411	GA
1	20288509	564	CT
1	20289284	775	CT
1	20291348	1676	GA
1	20291438	90	CT
1	20291687	249	CT
1	20291882	195	CT
1	20291891	9	GA
1	20291936	45	CT
1	20292674	738	GA
1	20293896	959	TG
1	20295746	1738	GA
1	20295771	25	TC
1	20296140	369	GA
1	20296304	164	CG
1	20296558	254	GC
1	20297867	1309	GA
1	20297994	127	CG
1	20298046	52	GA
1	20298335	289	TC
1	20298504	169	CT
1	20298854	310	CG
1	20298964	110	CG
1	20300112	1006	AG
1	20303080	2528	CT
1	20303834	722	CT
1	20307642	3440	CT
1	20307929	287	CG
1	20308227	298	AG
1	20309529	761	GC
1	20309706	177	CT
1	20310702	996	CG
1	20311916	971	GA
1	20312308	392	CT
1	20312747	439	GA
1	20315362	2149	AG
1	20318460	2784	CT
1	20318948	488	TC
1	20319500	552	AG
1	20319943	443	AC
1	20319979	36	GA
1	20320106	127	CA
1	20320656	304	AG
1	20320909	253	CA
1	20320970	61	TC
1	20321489	519	GA
1	20321958	469	AT
1	20322227	114	CG
1	20322616	389	GA
1	20323220	604	GA
1	20325885	2366	CT
1	20326821	936	CT
1	20333273	5535	CT
1	20344378	5962	CT
1	20344402	24	CT
1	20344508	106	CT
1	20344568	60	CG
1	20344663	95	GT
1	20346333	1639	CT
1	20347122	789	TC
1	20348605	1240	CT
1	20353001	2553	TA
1	20353057	56	GT
1	20353905	396	CT
1	20361995	2119	TC
1	20368713	3123	TC
1	20369813	1058	GA
1	20376001	4602	TC
1	20378106	1557	GA
1	20379476	1295	AG
1	20400054	9919	CG
1	20400304	250	TC
1	20400362	58	CT
1	20400809	447	CT
1	20401885	697	CT
1	20401980	95	CT
1	20403180	512	AG
1	20403213	33	TC
1	20403375	162	TC
1	20403418	43	AG
1	20403446	28	AC
1	20403578	132	GA
1	20403942	364	CT
1	20408048	1288	CT
1	20408902	794	GA
1	20410153	734	CA
1	20412206	1486	GA
1	20412213	7	AG
1	20412230	17	TC
1	20412231	1	GA
1	20412265	34	GA
1	20412660	395	CA
1	20412778	118	GA
1	20412819	41	CT
1	20412887	68	CT
1	20412904	17	GT
1	20412973	69	GA
1	20413008	35	GA
1	20415734	1369	GA
1	20415746	12	TC
1	20419717	2832	AG
1	20419761	44	AT
1	20419851	90	AG
1	20419858	7	GA
1	20419908	50	AG
1	20421385	623	TG
1	20421816	431	TC
1	20422109	293	GA
1	20422203	94	TC
1	20422806	408	CG
1	20422854	48	CT
1	20422877	23	CA
1	20422900	23	GA
1	20423064	164	GA
1	20423284	220	TC
1	20423529	245	GA
1	20423631	102	CT
1	20425035	1184	CG
1	20425102	67	CT
1	20426021	919	AC
1	20426057	36	CT
1	20426786	493	GC
1	20426823	37	TC
1	20427263	440	GA
1	20428194	551	CT
1	20428381	187	TC
1	20428675	294	TC
1	20428702	27	CT
1	20428818	116	TC
1	20429058	240	TC
1	20429159	101	GC
1	20429522	363	TG
1	20430336	412	GT
1	20430378	42	GA
1	20431322	670	CT
1	20431439	117	CT
1	20431612	173	GA
1	20431668	56	GT
1	20431936	268	GT
1	20432286	350	TC
1	20434364	1669	CG
1	20434478	114	GA
1	20435250	636	CG
1	20435332	82	CT
1	20435333	1	AG
1	20435419	86	CT
1	20435911	492	TC
1	20436451	398	AG
1	20436562	111	CG
1	20437108	546	CT
1	20437387	279	CT
1	20438080	693	CT
1	20438642	562	AG
1	20443884	4794	GA
1	20444346	462	GA
1	20445085	710	GC
1	20445602	517	CG
1	20446080	478	CT
1	20446082	2	AT
1	20446670	588	AG
1	20446826	156	GA
1	20449050	1769	CT
1	20451990	1987	TC
1	20452562	572	GC
1	20452575	13	CG
1	20454074	1332	GA
1	20454242	168	GT
1	20454561	319	CT
1	20454644	83	GC
1	20455068	424	GA
1	20456298	1163	GT
1	20456834	244	CT
1	20456849	15	GA
1	20457006	157	AG
1	20457142	136	GC
1	20457314	172	CT
1	20458368	636	AG
1	20458611	243	TC
1	20459589	978	TC
1	20459622	33	AG
1	20460470	485	TG
1	20461999	846	CG
1	20462603	604	CT
1	20463069	466	CT
1	20463432	363	TC
1	20463813	381	CT
1	20463865	52	CG
1	20465462	1378	CT
1	20466987	1355	GC
1	20468656	1298	GA
1	20473572	2773	AC
1	20474621	359	TC
1	20475089	468	CT
1	20475315	190	TC
1	20476616	246	TC
1	20477227	386	GA
1	20477510	283	TA
1	20477539	29	AG
1	20477959	420	GA
1	20478615	507	AG
1	20478724	109	CT
1	20478780	56	TC
1	20478999	219	AG
1	20479623	105	GA
1	20480326	703	AG
1	20480553	227	AT
1	20480558	5	CT
1	20480573	15	CT
1	20480752	179	CT
1	20481202	318	GT
1	20481323	121	AG
1	20481383	60	AG
1	20482503	284	TC
1	20482925	236	CT
1	20483922	288	GT
1	20484479	361	GA
1	20485294	680	CT
1	20485773	162	TC
1	20488196	725	TG
1	20488648	346	CT
1	20489797	451	AG
1	20489807	10	CG
1	20490559	567	TA
1	20493645	930	GA
1	20495408	548	GA
1	20495566	158	GA
1	20498108	766	GA
1	20498783	656	GA
1	20499470	406	AG
1	20499544	74	AG
1	20499980	436	TC
1	20500142	162	TC
1	20500530	388	AG
1	20501319	417	GC
1	20501766	360	GA
1	20503446	635	TC
1	20503734	112	AG
1	20503782	48	CT
1	20503874	92	GA
1	20503879	5	GC
1	20503914	35	AG
1	20504410	317	AG
1	20504667	257	CT
1	20504792	125	TC
1	20505306	314	AG
1	20505354	48	AG
1	20505407	53	AG
1	20550018	27451	AG
1	20551342	580	GA
1	20585871	20902	CT
1	20588986	1736	CG
1	20589018	32	TA
1	20589028	10	TC
1	20589146	118	CT
1	20589225	79	TC
1	20589268	43	GA
1	20589287	19	AG
1	20589411	124	TC
1	20591811	1169	GA
1	20591828	17	AG
1	20596602	743	AG
1	20608434	3870	TC
1	20608511	77	GA
1	20608579	68	GA
1	20608611	32	GT
1	20608796	100	GA
1	20609084	288	TG
1	20609165	81	TC
1	20609194	29	AG
1	20609326	132	AG
1	20609340	14	GC
1	20609396	56	TC
1	20609764	213	AG
1	20610032	268	TG
1	20610655	623	TG
1	20611032	377	TG
1	20614302	2029	GA
1	20614668	366	AC
1	20615037	369	AG
1	20618525	2550	AT
1	20618819	228	CT
1	20618856	37	AG
1	20619245	389	TC
1	20619289	44	AT
1	20625197	4293	CT
1	20625342	145	TC
1	20625601	259	GT
1	20626223	622	TA
1	20626224	1	GT
1	20626442	218	GA
1	20626673	231	TC
1	20627144	471	TG
1	20627411	267	AG
1	20627430	19	AG
1	20627532	102	GA
1	20628044	512	AT
1	20629838	373	CT
1	20632457	913	CA
1	20632459	2	AC
1	20632467	8	TC
1	20632518	51	CG
1	20633632	708	TC
1	20634092	280	GA
1	20635063	399	GA
1	20635885	457	GA
1	20636157	272	TC
1	20637119	799	AC
1	20637200	81	AG
1	20637224	24	AC
1	20637360	136	GA
1	20637423	63	AG
1	20640234	2495	AC
1	20640301	67	CT
1	20640373	72	CT
1	20640389	16	GC
1	20640409	20	CT
1	20640603	194	CT
1	20641017	414	AC
1	20641068	51	AG
1	20641555	487	TC
1	20642174	619	GA
1	20642237	63	GA
1	20643491	1254	CT
1	20643979	467	CT
1	20644050	71	GC
1	20644256	206	GT
1	20644433	177	AG
1	20644491	58	TC
1	20644754	263	TG
1	20644959	205	CT
1	20645007	48	CT
1	20645010	3	CT
1	20645085	75	TC
1	20645210	125	GA
1	20645288	78	CT
1	20645295	7	GA
1	20645366	71	CT
1	20645438	72	CT
1	20645479	41	AT
1	20646112	633	CA
1	20646450	338	TC
1	20646483	33	AG
1	20646806	323	TC
1	20647648	634	TC
1	20648033	385	GT
1	20648557	322	CT
1	20648581	24	GA
1	20648924	343	AG
1	20649499	305	AC
1	20649541	42	AG
1	20650564	1023	GA
1	20650772	208	CT
1	20650892	120	CT
1	20651454	562	TC
1	20651460	6	GA
1	20651814	354	GA
1	20651877	63	CT
1	20652223	346	AG
1	20652277	54	AT
1	20652323	46	TC
1	20652383	60	GT
1	20652789	406	TC
1	20653068	112	AG
1	20653072	4	GA
1	20653089	17	GA
1	20653597	78	TA
1	20653819	222	GT
1	20653960	141	AC
1	20654487	527	TC
1	20654519	32	GA
1	20654538	19	AG
1	20657500	965	CT
1	20657629	129	CA
1	20657637	8	CT
1	20657676	39	TG
1	20657705	29	AG
1	20657734	29	AG
1	20657861	127	TC
1	20657892	31	CT
1	20657902	10	TA
1	20659734	1238	TA
1	20659842	108	AG
1	20661959	1265	TC
1	20662031	72	AC
1	20662054	23	GT
1	20662200	146	AG
1	20662424	224	TG
1	20663037	566	CA
1	20663880	843	CT
1	20664285	405	GC
1	20664550	265	TC
1	20665441	822	GA
1	20665782	162	GA
1	20667742	764	AG
1	20667806	64	CT
1	20671478	2020	GA
1	20671672	194	GT
1	20671750	78	GA
1	20671758	8	GA
1	20673519	687	GA
1	20674124	605	CT
1	20674549	425	CG
1	20674577	28	GA
1	20674616	39	TC
1	20674733	117	CT
1	20674739	6	AG
1	20674783	44	AT
1	20674802	19	GA
1	20674865	63	GA
1	20676001	633	GA
1	20676137	136	TC
1	20676154	17	GA
1	20677626	1387	GA
1	20677699	73	GA
1	20677747	48	TC
1	20677769	22	GA
1	20678247	478	GA
1	20678589	86	CT
1	20678911	162	GA
1	20679036	125	GT
1	20679167	131	CT
1	20679553	386	AG
1	20679818	265	TC
1	20679965	147	AG
1	20682152	758	GT
1	20682333	181	GC
1	20683281	948	CG
1	20683527	246	GA
1	20683714	187	CT
1	20689673	3983	GA
1	20689742	69	GA
1	20692926	2054	GA
1	20704221	7627	CT
1	20704240	19	TC
1	20704275	35	GA
1	20704304	29	TC
1	20704506	202	TC
1	20704642	136	GT
1	20704908	97	GT
1	20705373	465	CT
1	20705598	225	AG
1	20705784	186	GA
1	20705912	128	GA
1	20705924	12	CA
1	20706402	423	GC
1	20707419	1017	GA
1	20709155	1145	GC
1	20712785	3057	GA
1	20712860	75	GA
1	20713447	410	CT
1	20713696	249	TC
1	20728640	9751	CT
1	20729205	565	CT
1	20731510	1436	GA
1	20731625	115	TC
1	20731729	104	GA
1	20731869	140	GA
1	20731948	79	GA
1	20732321	373	GC
1	20732888	501	AG
1	20732959	71	CT
1	20733106	147	CG
1	20733306	126	AG
1	20733661	313	TC
1	20733761	100	GA
1	20733807	46	GA
1	20733831	24	CT
1	20733845	14	AC
1	20733853	8	CT
1	20733865	12	TC
1	20734071	206	AG
1	20734394	270	CT
1	20735593	1199	TG
1	20735605	12	GT
1	20735850	245	CT
1	20737054	256	CT
1	20737076	22	TC
1	20737079	3	CT
1	20737128	49	GC
1	20737171	43	CT
1	20737486	315	AG
1	20737488	2	GA
1	20737494	6	GA
1	20737514	20	TG
1	20737529	15	TC
1	20737600	71	GA
1	20739174	259	GT
1	20739325	151	TC
1	20740187	523	AG
1	20740759	572	TC
1	20740964	205	TC
1	20741155	191	CA
1	20742854	1515	GC
1	20742925	71	TC
1	20743120	195	AC
1	20743276	156	GC
1	20743291	15	GA
1	20743385	94	GA
1	20743508	123	AG
1	20744538	394	CG
1	20744844	188	CT
1	20744907	63	CT
1	20744941	34	AG
1	20745020	79	CT
1	20745170	150	GA
1	20745305	135	AG
1	20745506	201	GA
1	20745561	55	GA
1	20745563	2	GA
1	20746179	616	GT
1	20747257	997	CT
1	20747345	88	TC
1	20747831	486	GA
1	20748033	202	TC
1	20748110	77	AG
1	20748413	303	TC
1	20748739	282	CA
1	20749005	266	GA
1	20749109	104	CT
1	20750113	904	CT
1	20750114	1	CG
1	20750192	78	CA
1	20750233	41	CA
1	20750366	133	AT
1	20750397	31	AG
1	20750400	3	GA
1	20750827	427	GA
1	20753638	1992	CT
1	20754353	715	GA
1	20754829	206	AG
1	20754832	3	CT
1	20755222	390	GA
1	20755270	48	TC
1	20755297	27	GC
1	20755298	1	GA
1	20756135	837	GA
1	20756233	98	AC
1	20756895	662	AG
1	20757146	251	TC
1	20757160	14	AG
1	20757172	12	GA
1	20757396	224	TC
1	20757571	175	CT
1	20758341	496	TG
1	20758657	316	CA
1	20758668	11	AG
1	20758683	15	GC
1	20758885	202	CG
1	20758990	105	GA
1	20759198	208	AG
1	20759558	360	AT
1	20759629	71	GA
1	20760269	599	GC
1	20760616	347	TG
1	20760651	35	GA
1	20761270	558	CT
1	20761430	160	TG
1	20761629	177	CT
1	20761673	44	GA
1	20762490	167	TA
1	20767013	1465	AT
1	20767661	21	CT
1	20767662	1	GC
1	20767894	232	CT
1	20768003	109	CT
1	20768363	299	GA
1	20768470	107	CT
1	20770572	1827	GA
1	20770766	194	TG
1	20771247	481	GT
1	20771897	650	TA
1	20772168	271	GA
1	20772722	194	CT
1	20777136	3077	CA
1	20777515	379	AG
1	20777684	169	CT
1	20777757	73	GA
1	20777818	61	CT
1	20777998	180	CT
1	20778082	84	GA
1	20778182	100	CA
1	20779279	566	CT
1	20779875	570	GA
1	20779877	2	AC
1	20786710	3503	CT
1	20786854	144	CT
1	20787160	306	CT
1	20787164	4	CA
1	20788022	556	GA
1	20788180	158	GC
1	20789040	491	AC
1	20789666	324	TC
1	20790792	783	TC
1	20790952	160	GA
1	20791016	17	GA
1	20791028	12	GT
1	20791407	379	GA
1	20791544	137	GA
1	20791595	51	TC
1	20791654	59	GA
1	20792338	684	AG
1	20792593	255	CT
1	20792677	84	CT
1	20792699	22	TC
1	20792799	100	AC
1	20792836	37	GC
1	20792902	66	AG
1	20792927	25	TG
1	20793248	321	AG
1	20793336	88	GA
1	20794309	973	GA
1	20799896	4651	AG
1	20799979	83	GA
1	20800131	152	GA
1	20800139	8	CT
1	20800148	9	GA
1	20800432	284	TC
1	20800459	27	GA
1	20800598	139	GC
1	20802122	675	AT
1	20802130	8	GA
1	20803343	1213	CT
1	20804158	754	GA
1	20806582	2067	CT
1	20807529	947	GA
1	20809775	934	CG
1	20809854	79	AG
1	20810196	193	CT
1	20812237	1098	AG
1	20812442	205	GC
1	20812661	219	GC
1	20812726	65	TC
1	20812908	182	TC
1	20813011	103	GA
1	20813479	468	TC
1	20813619	140	CT
1	20813628	9	TG
1	20813927	299	GA
1	20814038	111	CT
1	20814233	195	GC
1	20815191	439	AG
1	20815215	24	GA
1	20815716	206	GA
1	20816043	327	CT
1	20817020	289	CG
1	20817541	521	GC
1	20817544	3	GA
1	20818075	531	TC
1	20818429	205	CT
1	20818620	157	CT
1	20819899	1017	CT
1	20820503	604	TC
1	20822740	1411	TC
1	20833761	6999	CT
1	20841403	6542	AT
1	20898707	47452	GT
1	20898715	8	GA
1	20913500	10795	AG
1	20913639	139	GA
1	20913950	113	AG
1	20913955	5	TC
1	20913973	18	TC
1	20913978	5	TC
1	20914350	372	TC
1	20916715	1462	CG
1	20919610	2454	AC
1	20922663	2490	AG
1	20922781	118	AG
1	20923528	339	GA
1	20923862	334	CG
1	20924003	141	AG
1	20924023	20	TC
1	20924050	27	CA
1	20924683	540	AG
1	20925130	447	AG
1	20925238	108	CG
1	20925569	331	TC
1	20925627	58	CA
1	20925795	61	CT
1	20926131	84	AG
1	20926432	301	TG
1	20928137	1452	TC
1	20928425	132	CT
1	20928816	391	GC
1	20929016	200	AG
1	20929157	141	GC
1	20933008	3683	CT
1	20933827	697	GA
1	20934706	843	TC
1	20937647	2769	TC
1	20937705	58	GC
1	20937781	76	GA
1	20937808	27	AG
1	20937940	132	GC
1	20937942	2	CT
1	20938071	129	GC
1	20941119	1585	GA
1	20941177	58	CG
1	20941295	118	TG
1	20942186	525	AG
1	20946280	2290	TC
1	20947058	667	CT
1	20947392	334	GA
1	20949180	1788	AG
1	20949992	812	GA
1	20952531	1604	CT
1	20954734	2062	AG
1	20957018	1548	GA
1	20957167	149	CT
1	20957168	1	AT
1	20957650	482	CT
1	20961318	2999	TC
1	20961376	58	CA
1	20962738	1318	AG
1	20964183	1319	AG
1	20964293	110	TA
1	20964759	167	TC
1	20964772	13	AC
1	20965116	202	TC
1	20966943	1624	CG
1	20967173	149	CT
1	20969082	1909	TC
1	20969947	805	AG
1	20969994	47	CG
1	20970262	268	AG
1	20970467	205	GA
1	20970550	83	AT
1	20970832	282	GA
1	20971395	563	TC
1	20971673	278	GA
1	20972354	681	TG
1	20972485	131	TG
1	20972787	266	CA
1	20974849	2043	GA
1	20975478	629	TC
1	20976503	1025	TA
1	20977012	509	TA
1	20980085	1781	CT
1	20980088	3	AG
1	20980096	8	CT
1	20980139	43	GA
1	20980425	181	AG
1	20980528	103	CT
1	20981148	549	AG
1	20981281	133	GA
1	20981448	167	AG
1	20982792	229	CG
1	20982958	166	CT
1	20983893	903	AC
1	20984848	955	AG
1	20986007	924	GT
1	20987266	1008	TC
1	20987815	549	CA
1	20988253	376	GC
1	20988676	423	GA
1	20990866	2044	GC
1	20991548	682	GC
1	20993509	1524	TG
1	20998706	3488	CT
1	20998765	59	GA
1	20999011	246	GC
1	21004454	5179	TC
1	21008646	3636	GA
1	21009251	554	CT
1	21009310	59	CT
1	21009312	2	CT
1	21010483	830	GC
1	21013185	2272	GC
1	21014369	1167	TC
1	21014513	144	AG
1	21014781	268	CT
1	21021531	1080	AG
1	21023099	1568	CT
1	21023256	157	TC
1	21023313	57	CT
1	21023876	528	CT
1	21023963	87	TC
1	21024101	138	TC
1	21024303	134	AG
1	21024461	158	TA
1	21024482	21	GT
1	21024979	497	TG
1	21025500	276	AG
1	21025505	5	AG
1	21025544	39	GA
1	21026102	248	TG
1	21026158	56	TC
1	21026927	769	TA
1	21027164	237	AC
1	21027961	797	TC
1	21028802	736	CG
1	21030645	880	TC
1	21032445	509	GA
1	21033560	983	CT
1	21034577	1017	CG
1	21034644	67	TA
1	21034992	348	GA
1	21038412	2522	TG
1	21039474	439	AG
1	21046646	3881	TA
1	21049591	2625	CA
1	21050286	535	CA
1	21050452	166	CG
1	21050684	207	GC
1	21051078	394	AG
1	21051205	127	GA
1	21051429	224	TC
1	21051515	86	CA
1	21052139	252	CT
1	21052397	258	CG
1	21052425	28	TG
1	21052932	507	GC
1	21053225	293	CT
1	21053993	768	CG
1	21054003	10	TC
1	21054042	39	GA
1	21054120	78	GT
1	21054537	417	TA
1	21055759	1163	GA
1	21056926	1145	CT
1	21057919	993	GT
1	21062833	1701	AT
1	21063982	1095	AC
1	21064183	201	TC
1	21064594	411	TC
1	21064761	167	GT
1	21064969	208	CT
1	21065269	169	AG
1	21065369	100	CT
1	21065641	272	GC
1	21065686	45	CT
1	21065747	61	CT
1	21065778	31	CT
1	21066858	682	GA
1	21067395	97	GA
1	21068032	637	AC
1	21068301	269	AG
1	21068576	275	CT
1	21068696	80	AG
1	21068820	124	GT
1	21069646	826	TC
1	21070140	494	TC
1	21071565	1272	GC
1	21071847	282	GA
1	21071913	66	TC
1	21078420	2873	AG
1	21078507	87	GA
1	21080157	254	CG
1	21083906	2689	AT
1	21084569	663	GA
1	21084719	150	CT
1	21084720	1	AG
1	21084759	39	TC
1	21085905	1146	TC
1	21086063	158	CA
1	21086441	378	AG
1	21086862	421	GC
1	21087279	375	GA
1	21087324	45	GA
1	21089448	1348	GC
1	21089666	218	CG
1	21089934	268	CT
1	21090103	56	TA
1	21092123	1803	GT
1	21092169	46	CA
1	21092283	114	GA
1	21092484	201	CT
1	21092571	87	GA
1	21092673	102	TC
1	21092828	155	GA
1	21094876	1963	AC
1	21095165	289	CT
1	21095324	159	CG
1	21095534	210	AC
1	21095632	98	CG
1	21095848	216	CT
1	21096116	268	AC
1	21096268	152	CT
1	21096313	45	CA
1	21096317	4	AG
1	21096355	38	GA
1	21096364	9	GT
1	21096367	3	TC
1	21096766	354	GT
1	21096980	214	GC
1	21098062	328	TC
1	21098105	43	CG
1	21098247	142	AC
1	21102563	796	CT
1	21102859	296	CT
1	21103370	227	AG
1	21103682	312	AG
1	21103694	12	AG
1	21103840	146	GA
1	21103953	113	CT
1	21104136	183	CT
1	21104186	50	CT
1	21104187	1	AG
1	21104493	186	GA
1	21104651	158	CT
1	21106461	1306	CT
1	21107701	1029	GA
1	21108323	622	TC
1	21110252	1333	TC
1	21110524	272	CT
1	21110633	109	TC
1	21111266	583	CT
1	21111526	260	GC
1	21111535	9	CT
1	21112374	839	CA
1	21114778	1926	GA
1	21118187	2667	CT
1	21119559	1063	GA
1	21120295	399	AG
1	21120767	472	CT
1	21120792	25	TA
1	21120880	88	GT
1	21121211	291	GA
1	21121670	459	CT
1	21123982	252	TC
1	21124273	48	CG
1	21124339	66	CG
1	21124431	92	TG
1	21124446	15	GC
1	21124560	114	AG
1	21124693	133	CA
1	21126107	1414	CG
1	21126381	274	CT
1	21127121	148	TC
1	21127167	46	AG
1	21127304	137	CG
1	21127947	119	CT
1	21127966	19	AG
1	21128306	340	TC
1	21128332	26	AT
1	21128455	123	TC
1	21128476	21	AG
1	21128509	33	TC
1	21128715	206	CT
1	21128742	27	CG
1	21128771	29	GT
1	21129017	165	TC
1	21129033	16	GT
1	21129324	291	GA
1	21129333	9	GA
1	21129407	74	TC
1	21129469	62	AG
1	21129476	7	TC
1	21129565	89	AG
1	21130469	79	GA
1	21130540	71	TG
1	21130711	171	AC
1	21130970	259	CT
1	21131740	445	CT
1	21132341	235	TC
1	21132382	41	GA
1	21132446	64	TC
1	21132458	12	TC
1	21132482	24	CT
1	21133854	929	TC
1	21134132	278	GA
1	21134168	36	AC
1	21134445	200	GA
1	21134459	14	TC
1	21134740	281	TC
1	21135039	299	AG
1	21135088	49	CT
1	21135340	252	TA
1	21135438	98	CT
1	21136085	647	AC
1	21136325	240	CA
1	21136334	9	TC
1	21137704	694	GA
1	21137775	71	GC
1	21137908	133	AG
1	21138124	216	AG
1	21138243	119	CT
1	21138273	30	CT
1	21139064	791	GT
1	21139151	87	GA
1	21142531	2880	CT
1	21143559	1028	CT
1	21143560	1	AG
1	21144110	550	AT
1	21144407	297	CT
1	21144550	143	AG
1	21145829	1279	CT
1	21150811	3818	CT
1	21158531	6440	GT
1	21164501	3511	TC
1	21165501	1000	GC
1	21204315	32430	TC
1	21204777	462	TC
1	21205400	571	GA
1	21205649	249	TC
1	21205829	180	CT
1	21206039	210	CT
1	21206763	724	TC
1	21207781	927	TC
1	21209539	1758	TC
1	21210895	1234	TC
1	21211046	151	AC
1	21211571	525	AG
1	21211589	18	AG
1	21214870	2416	AG
1	21215153	283	TG
1	21215549	366	TC
1	21215584	35	CT
1	21215770	186	TA
1	21216612	353	GA
1	21216619	7	GA
1	21216674	55	AG
1	21216796	122	TC
1	21217870	1074	AT
1	21218736	467	CT
1	21218967	231	AG
1	21219077	110	GA
1	21222019	2683	TG
1	21222052	33	GA
1	21222254	202	TC
1	21222620	366	CA
1	21224122	1449	CA
1	21225283	1009	GA
1	21225420	137	AG
1	21228084	2170	TC
1	21229868	1305	GA
1	21229896	28	CA
1	21230760	572	CT
1	21231152	392	AG
1	21231358	206	GA
1	21232815	1274	AC
1	21236842	3520	AG
1	21237015	173	CG
1	21237561	546	GA
1	21238958	1397	CT
1	21239524	451	TC
1	21239549	25	CG
1	21239894	345	TC
1	21240726	777	GC
1	21240871	145	GA
1	21245154	3706	TC
1	21245365	211	GA
1	21245569	204	AG
1	21245697	128	CT
1	21245823	126	TC
1	21245973	150	CT
1	21247521	1168	AT
1	21247563	42	CT
1	21247954	391	GA
1	21250247	909	CT
1	21250588	341	AC
1	21250892	304	CT
1	21252035	877	CT
1	21252043	8	AC
1	21252134	91	TC
1	21252163	29	TC
1	21252400	237	CA
1	21253260	277	TC
1	21253685	425	TC
1	21253768	83	GA
1	21254269	460	AC
1	21254400	38	TC
1	21254502	38	CT
1	21254657	127	AT
1	21255130	412	AC
1	21255524	394	TC
1	21255971	447	TC
1	21256629	658	GC
1	21258891	1147	TC
1	21258919	28	AT
1	21259416	303	AG
1	21259690	274	AT
1	21260034	344	CT
1	21260189	155	CT
1	21260454	265	CG
1	21261754	387	CT
1	21263746	1770	TG
1	21263774	28	TC
1	21264126	167	GT
1	21264416	180	AG
1	21264419	3	GC
1	21264558	139	CT
1	21264858	262	GT
1	21264994	136	TC
1	21265520	526	GA
1	21265628	108	TC
1	21265629	1	GA
1	21265887	169	CT
1	21265892	5	CT
1	21266540	571	CT
1	21266839	173	GA
1	21266874	35	TA
1	21267578	71	AC
1	21267596	18	CT
1	21268757	970	TG
1	21273155	2308	AG
1	21276162	2291	AG
1	21276606	211	GA
1	21276778	172	AG
1	21277344	566	AG
1	21278912	650	GA
1	21279870	410	TC
1	21279888	18	CG
1	21279996	108	AG
1	21280900	881	GA
1	21282632	1640	TC
1	21282822	190	GA
1	21282949	127	CT
1	21283027	78	CT
1	21285968	234	TC
1	21286154	186	CT
1	21286207	53	CT
1	21297727	1280	GA
1	21298481	512	GC
1	21300283	1509	CA
1	21300293	10	CA
1	21301317	974	CT
1	21301410	93	GT
1	21303797	1617	TC
1	21304659	408	GT
1	21305356	443	GA
1	21306619	492	AG
1	21308114	1200	CT
1	21308511	397	CT
1	21311279	1321	TC
1	21313010	1731	TC
1	21314066	969	TA
1	21315226	1107	TC
1	21315233	7	TC
1	21315318	85	CA
1	21315486	168	AC
1	21316296	445	TC
1	21316473	25	CT
1	21320594	1885	TC
1	21321497	521	CG
1	21321930	433	TG
1	21322263	333	GA
1	21322291	28	CT
1	21323081	690	CG
1	21323428	197	CT
1	21324621	1008	CT
1	21325910	788	TC
1	21326134	224	AT
1	21326229	95	CT
1	21326481	252	AT
1	21326563	41	CT
1	21326646	83	TC
1	21327040	353	GT
1	21327620	353	GT
1	21327678	58	GA
1	21327908	230	CT
1	21327996	48	TC
1	21328039	43	CG
1	21328113	74	AC
1	21328136	23	TC
1	21328689	232	GA
1	21329619	899	GT
1	21333391	3059	TC
1	21333425	34	GA
1	21333848	423	CT
1	21334995	797	AG
1	21335079	84	GA
1	21335091	12	CG
1	21335639	507	CG
1	21335903	157	CT
1	21336099	196	GA
1	21336763	112	AG
1	21336814	51	GC
1	21336965	151	GA
1	21339535	505	GA
1	21340730	543	AC
1	21340760	30	CT
1	21341556	560	AG
1	21341634	78	AG
1	21341701	67	AG
1	21341833	132	TC
1	21343026	878	GC
1	21343138	112	AC
1	21344119	981	GA
1	21345018	678	CG
1	21346267	713	CT
1	21346716	449	AG
1	21347947	323	GC
1	21348691	568	CG
1	21348695	4	AG
1	21348889	194	GA
1	21349899	939	AG
1	21350017	118	AG
1	21350042	25	GA
1	21350100	58	GA
1	21350104	4	CT
1	21350129	25	GA
1	21350156	27	AC
1	21350301	145	TA
1	21350429	128	TC
1	21350586	157	TC
1	21351161	513	CT
1	21357050	5191	CT
1	21357458	337	GA
1	21362613	4175	AG
1	21362841	228	AC
1	21362855	14	AG
1	21363279	424	CG
1	21364531	701	AG
1	21365363	706	AC
1	21365477	114	TC
1	21366195	648	AG
1	21366481	286	TC
1	21366676	195	CG
1	21367021	345	TA
1	21367045	24	TC
1	21368814	1769	CT
1	21369509	695	CT
1	21369726	217	GA
1	21369885	159	GA
1	21372593	2645	GT
1	21378539	4568	TA
1	21379251	712	GC
1	21379936	491	AG
1	21382007	1052	TC
1	21383492	736	CT
1	21386149	1626	TC
1	21386473	324	GT
1	21389629	2647	AG
1	21391015	703	TG
1	21393409	2276	TC
1	21396797	2873	CT
1	21400009	1274	GT
1	21404131	1260	TA
1	21407430	2311	CA
1	21409484	1785	GA
1	21410623	737	TC
1	21410845	222	GA
1	21414112	2734	GA
1	21414922	810	TG
1	21416562	1231	TC
1	21418493	1018	CT
1	21418749	256	CT
1	21420171	1355	AT
1	21421331	826	CT
1	21423429	1773	CT
1	21430116	1932	TC
1	21431580	1236	AG
1	21436330	1779	GA
1	21437779	1080	TC
1	21438913	457	GT
1	21447005	3517	CT
1	21450257	2902	TC
1	21450597	340	CT
1	21451782	633	CT
1	21455247	2130	CT
1	21455481	234	AG
1	21455942	156	CT
1	21456525	583	GA
1	21463237	438	TG
1	21469216	1663	TC
1	21472803	2771	AG
1	21475014	1737	GT
1	21477746	1831	CG
1	21477759	13	AG
1	21477971	212	GT
1	21479624	1141	GA
1	21480643	794	CA
1	21481022	379	AT
1	21482106	745	TC
1	21521155	20766	GA
1	21521279	124	CG
1	21521737	458	TC
1	21548924	19748	GA
1	21550152	776	GA
1	21550228	76	TC
1	21550370	142	GA
1	21550566	196	GA
1	21551720	530	TA
1	21551838	118	TA
1	21552065	227	TC
1	21552171	106	CT
1	21552487	316	TC
1	21552627	140	GA
1	21557969	4346	AG
1	21564273	6087	CG
1	21564712	399	GA
1	21580396	12987	AG
1	21588067	6421	AT
1	21624810	22912	CT
1	21629413	3492	CT
1	21630719	1004	AC
1	21631427	648	AC
1	21632201	484	GC
1	21632422	221	CT
1	21632428	6	GA
1	21632557	36	GA
1	21633090	62	TC
1	21633511	421	TC
1	21633917	406	GA
1	21634083	166	AG
1	21634169	86	TC
1	21634582	308	AG
1	21634680	98	AG
1	21635123	443	AG
1	21635167	44	GT
1	21635444	277	GA
1	21636365	622	AT
1	21640407	2949	AG
1	21641800	625	CA
1	21642839	741	TA
1	21644967	2017	GA
1	21645043	76	AG
1	21645581	538	AG
1	21645748	167	GA
1	21646417	669	AG
1	21647497	801	GA
1	21647741	244	AG
1	21647756	15	AG
1	21648120	332	GA
1	21649081	809	GA
1	21649097	16	AC
1	21649160	63	GC
1	21649395	123	GA
1	21649695	51	CT
1	21650696	663	TC
1	21650726	30	AG
1	21651054	295	GA
1	21651342	288	TC
1	21651621	196	AC
1	21651720	99	AC
1	21651930	210	CT
1	21652185	255	CT
1	21652333	148	CG
1	21652577	244	CG
1	21653241	664	GA
1	21654404	796	CT
1	21654816	147	GA
1	21656149	657	CT
1	21666266	3946	CT
1	21668815	2048	CT
1	21675371	4296	CA
1	21676984	1330	TG
1	21683327	4016	TC
1	21685057	1108	GA
1	21690003	3907	AG
1	21698292	5260	CT
1	21700061	1453	CT
1	21700764	600	GA
1	21702502	1236	CT
1	21702914	358	CT
1	21706530	3149	CT
1	21713568	3090	GC
1	21714186	484	CT
1	21718498	3488	TC
1	21721186	2099	GC
1	21722860	599	CT
1	21726565	2433	TC
1	21727929	810	CT
1	21727931	2	CT
1	21727983	52	TC
1	21728931	343	GA
1	21728959	28	AG
1	21728971	12	CT
1	21730666	148	TC
1	21731659	558	AG
1	21732300	641	TG
1	21732458	158	TC
1	21732510	52	TC
1	21733024	514	AG
1	21733048	24	GA
1	21733050	2	TC
1	21733084	34	AG
1	21733095	11	AG
1	21733096	1	AT
1	21733098	2	TA
1	21733212	114	CT
1	21733266	54	AC
1	21733521	255	GA
1	21733597	76	TA
1	21733940	343	CT
1	21733957	17	AG
1	21734419	462	CT
1	21734765	346	TA
1	21736504	1535	AG
1	21737745	1241	CT
1	21737903	158	TG
1	21737929	26	GT
1	21737932	3	TA
1	21737950	18	GT
1	21737986	36	GT
1	21738022	36	TC
1	21738106	84	GA
1	21738185	79	GA
1	21738189	4	CT
1	21738248	59	AT
1	21738255	7	AG
1	21738343	88	GC
1	21738417	74	TC
1	21738433	16	CT
1	21738439	6	GT
1	21738470	31	TA
1	21739785	71	AT
1	21739827	42	AG
1	21739890	63	GC
1	21741743	898	AC
1	21741777	34	CT
1	21745031	1739	AG
1	21749375	2853	CG
1	21750854	1479	CT
1	21753919	1599	AG
1	21755532	1232	TC
1	21755923	391	TC
1	21763328	2370	CT
1	21766112	2391	GC
1	21766572	460	CT
1	21768234	791	CA
1	21768598	364	GA
1	21768666	68	GA
1	21768837	91	GA
1	21773616	1992	CT
1	21773647	31	AG
1	21773877	230	TC
1	21773966	89	CT
1	21774517	492	AG
1	21774547	30	GT
1	21774610	63	AG
1	21774721	111	AG
1	21774730	9	AG
1	21775296	469	GA
1	21776367	417	AG
1	21776870	503	GA
1	21778333	1197	GT
1	21778468	135	CT
1	21778512	44	TG
1	21778513	1	TG
1	21778547	34	CT
1	21778941	394	CT
1	21779475	149	TC
1	21779482	7	AG
1	21779617	135	AG
1	21779866	249	GA
1	21780715	672	GA
1	21781702	321	CT
1	21781742	40	TC
1	21781995	253	GA
1	21782941	620	CT
1	21783608	667	TC
1	21783793	185	CA
1	21783857	64	CT
1	21784096	239	GT
1	21784099	3	AG
1	21784272	173	GA
1	21784727	455	CT
1	21784815	88	TC
1	21784877	62	GA
1	21784941	64	GC
1	21784963	22	GT
1	21785574	303	AT
1	21785708	134	TC
1	21785848	140	AG
1	21785851	3	CT
1	21786436	585	TC
1	21786574	138	CT
1	21786880	306	AG
1	21789035	1693	CA
1	21792524	737	GC
1	21793979	784	TC
1	21794143	164	CT
1	21794509	141	AG
1	21795615	745	CT
1	21798574	1811	TC
1	21829055	23019	GA
1	21833095	3718	TC
1	21836103	1248	TC
1	21837525	1327	AG
1	21839300	1775	GA
1	21839842	512	AT
1	21840068	226	CG
1	21840072	4	CG
1	21840789	717	GA
1	21840875	86	AC
1	21840912	37	GA
1	21840990	78	GC
1	21840997	7	TC
1	21841030	33	TA
1	21841163	133	AC
1	21841193	30	AT
1	21841194	1	GA
1	21841477	283	GA
1	21841507	30	GC
1	21841534	27	TC
1	21841599	65	GA
1	21841634	35	AG
1	21842153	326	AG
1	21842251	98	CT
1	21842364	113	TC
1	21842377	13	TC
1	21844255	1623	AC
1	21844375	120	TC
1	21844396	21	GA
1	21844612	216	CG
1	21844848	207	AT
1	21845946	409	CT
1	21845955	9	TA
1	21846776	474	GA
1	21846812	36	GA
1	21846901	89	CT
1	21847118	217	GA
1	21847165	47	AG
1	21847461	296	CT
1	21847509	48	GA
1	21847523	14	CT
1	21847726	135	AG
1	21847948	150	CT
1	21847977	29	AG
1	21848002	25	GA
1	21848290	227	CT
1	21848312	22	TC
1	21848360	48	CG
1	21848773	324	GA
1	21848972	199	AG
1	21849078	106	CT
1	21849520	395	CT
1	21849784	264	TC
1	21850107	323	AG
1	21850116	9	CT
1	21850132	16	TA
1	21850270	138	CT
1	21851098	772	CA
1	21858468	5005	CT
1	21858511	43	AG
1	21858592	81	TC
1	21858599	7	GA
1	21858987	388	CT
1	21859396	409	GA
1	21860003	607	TC
1	21860035	32	GT
1	21860071	36	CG
1	21862534	1548	GA
1	21862572	38	TA
1	21863700	792	GA
1	21864057	357	GA
1	21864146	89	CA
1	21867379	2641	CA
1	21867595	101	GA
1	21869289	789	TG
1	21869635	346	CG
1	21869659	24	TC
1	21869746	87	AT
1	21870301	555	AG
1	21870345	44	GA
1	21870359	14	GA
1	21870367	8	AG
1	21870412	45	AG
1	21870609	197	AG
1	21876494	4997	AC
1	21877528	588	AT
1	21877578	50	TC
1	21877664	86	GT
1	21877693	29	TC
1	21877789	96	CT
1	21878027	238	CT
1	21878118	91	CG
1	21878344	226	AT
1	21878767	423	TG
1	21879204	181	CG
1	21879211	7	TC
1	21879566	355	GA
1	21879896	183	TC
1	21880090	194	GA
1	21881437	1067	GA
1	21883072	1405	AT
1	21883594	522	TC
1	21883605	11	TC
1	21883888	283	TC
1	21883945	57	TC
1	21883999	54	GA
1	21884458	459	CT
1	21886432	1943	AG
1	21886884	452	CT
1	21887416	504	GA
1	21887979	563	TG
1	21888108	129	CG
1	21889391	951	CT
1	21890533	1142	AG
1	21891124	591	TA
1	21891675	551	CT
1	21891702	27	GA
1	21892769	1006	TC
1	21892779	10	TC
1	21892810	31	AG
1	21893185	375	GA
1	21912411	15932	GA
1	21913654	1151	CT
1	21914840	1186	AG
1	21914887	47	CA
1	21915825	938	GC
1	21915942	117	CT
1	21916922	980	AT
1	21917938	1016	GA
1	21918879	941	AC
1	21920106	436	TC
1	21920122	16	CT
1	21921503	1381	CT
1	21922036	533	CG
1	21922040	4	AG
1	21922083	43	CT
1	21922120	37	TC
1	21922245	125	CT
1	21923285	1040	AG
1	21923491	206	TG
1	21923712	221	TC
1	21923720	8	GC
1	21924416	664	CT
1	21924587	171	CT
1	21929600	4594	TC
1	21930274	437	CA
1	21931699	745	CA
1	21931739	40	AG
1	21932250	464	CA
1	21932356	106	CT
1	21932435	79	CT
1	21932567	132	GA
1	21933013	416	CT
1	21933475	326	CT
1	21933965	243	TC
1	21933993	28	AG
1	21935076	1083	GT
1	21937107	1842	GA
1	21937413	306	GT
1	21937614	201	GA
1	21938514	552	CT
1	21940216	651	GA
1	21940455	239	GA
1	21943119	2428	CA
1	21943991	847	TC
1	21950614	3602	TC
1	21955004	2800	CT
1	21956901	1431	AG
1	21973520	13127	GT
1	21974338	796	TC
1	21979826	2646	GA
1	21980778	952	GA
1	21983088	1320	GA
1	21983429	341	GA
1	21986426	1964	GA
1	21989324	1753	AG
1	21991113	1489	GA
1	21993623	2306	CT
1	21993679	56	TC
1	21994038	359	TC
1	21994052	14	GA
1	21994392	340	GC
1	21994969	386	TG
1	21994984	15	AG
1	21995049	65	TA
1	21995052	3	CT
1	21995226	174	TG
1	21995287	61	CA
1	21995299	12	GA
1	21995352	53	GA
1	21995488	136	CT
1	21995554	66	TG
1	21995600	46	AT
1	21995604	4	AG
1	21995608	4	CT
1	21995716	108	AG
1	21995737	21	TA
1	21995875	138	TC
1	21996140	209	TC
1	21996141	1	GA
1	21996241	100	TC
1	21996249	8	CT
1	21996418	79	TC
1	21997516	901	AT
1	21997526	10	CG
1	21998282	259	GA
1	21998371	89	AT
1	21998410	39	AG
1	21998424	14	CT
1	21998589	165	CG
1	21998623	34	TC
1	21998629	6	AG
1	21998832	203	GA
1	21998898	66	AG
1	21998977	79	GA
1	21999053	76	AG
1	21999087	34	TA
1	21999125	38	CG
1	21999192	67	GA
1	21999255	63	CG
1	21999361	106	GA
1	21999665	284	TC
1	22000507	682	CT
1	22001163	656	AG
1	22001682	519	CT
1	22001961	279	CT
1	22002306	345	GT
1	22010150	3046	CT
1	22010752	123	CA
1	22010869	117	GC
1	22011261	392	CT
1	22011753	492	AG
1	22012442	576	AG
1	22015705	1399	AG
1	22015859	154	AG
1	22016068	50	GC
1	22016177	73	TC
1	22016252	75	TC
1	22016547	134	CT
1	22017620	632	AG
1	22017759	139	CT
1	22017869	110	GA
1	22019041	1136	CT
1	22019544	503	GA
1	22019686	95	CT
1	22021258	945	CG
1	22021406	148	TG
1	22021976	349	AG
1	22022629	653	CT
1	22022948	319	CT
1	22023064	116	CT
1	22023209	145	CT
1	22023421	212	TC
1	22024389	968	TG
1	22025722	1333	CA
1	22026208	486	AT
1	22026575	367	GA
1	22027542	876	AG
1	22029751	1629	AT
1	22029818	67	AG
1	22030226	408	GA
1	22032159	1933	AG
1	22032520	361	CT
1	22033040	487	CT
1	22035450	2410	GT
1	22036893	1340	GA
1	22036903	10	TC
1	22037880	848	AC
1	22038603	202	AG
1	22039032	31	GA
1	22043119	3323	CA
1	22056198	9490	TC
1	22063047	3458	CT
1	22069704	3337	TG
1	22086516	13296	CT
1	22086598	82	GT
1	22087047	449	CT
1	22092016	4191	TC
1	22094604	2416	TC
1	22098677	1678	CT
1	22102901	2773	GA
1	22104717	1358	CT
1	22105514	399	TA
1	22105668	154	CG
1	22106319	651	GT
1	22107727	1408	CT
1	22111866	3368	AG
1	22112420	554	GC
1	22112945	525	CT
1	22117133	736	TA
1	22118928	806	CT
1	22119190	9	TC
1	22119378	188	GC
1	22119452	74	CT
1	22119496	44	GT
1	22119505	9	AC
1	22119606	101	TC
1	22119733	127	AG
1	22119929	88	TC
1	22121832	439	CT
1	22122146	240	AG
1	22122731	159	CT
1	22123055	324	TC
1	22123420	173	TC
1	22123616	61	GA
1	22123744	128	CT
1	22123954	210	TA
1	22124429	354	AC
1	22125525	236	AG
1	22144715	13533	GA
1	22146450	1431	CT
1	22146462	12	GA
1	22154038	6394	TA
1	22156113	1636	CT
1	22156332	219	GC
1	22158617	1733	CA
1	22166751	5697	TA
1	22170418	2695	TC
1	22175453	3672	CT
1	22181550	3076	CT
1	22182100	550	GA
1	22186891	4221	GA
1	22187927	860	GA
1	22188430	313	AC
1	22189621	965	CA
1	22192659	2649	TC
1	22218695	15895	GA
1	22226664	4799	CA
1	22247408	14917	CT
1	22252682	4049	GA
1	22256832	3007	CT
1	22257963	805	TC
1	22257968	5	TC
1	22258576	295	AG
1	22258692	116	GA
1	22258853	161	TC
1	22258918	65	CG
1	22259876	629	TA
1	22260226	350	GA
1	22260367	141	TC
1	22260417	50	GT
1	22260524	107	AT
1	22260552	28	AG
1	22260569	17	CT
1	22260578	9	TG
1	22261422	784	TG
1	22261844	422	AG
1	22262223	379	GC
1	22262803	249	AT
1	22273529	6787	AG
1	22284349	4730	AG
1	22291013	4894	TA
1	22291354	190	TC
1	22291410	56	AG
1	22295382	324	CT
1	22297752	2031	TA
1	22303359	4429	CT
1	22307290	3045	CT
1	22309080	1056	GA
1	22309916	543	AG
1	22309919	3	AG
1	22311193	905	TC
1	22320500	7190	GA
1	22320596	96	TA
1	22325323	1675	CT
1	22330878	1683	CT
1	22339129	1014	AC
1	22343819	3920	GC
1	22344049	230	TC
1	22344468	388	AG
1	22347589	2712	AG
1	22351333	2581	GC
1	22359599	7220	AC
1	22362246	2113	CT
1	22364000	1580	GA
1	22367945	3945	GA
1	22369054	846	CT
1	22369470	399	TG
1	22371211	1402	CG
1	22373443	1381	AG
1	22373600	157	GA
1	22373649	49	AG
1	22373995	157	AG
1	22376393	1102	AG
1	22376464	71	TC
1	22378858	877	GA
1	22380297	1439	AG
1	22381032	735	CA
1	22382911	1490	TC
1	22390271	5375	TC
1	22391041	770	TC
1	22400151	5105	GC
1	22400237	86	GT
1	22401219	599	CG
1	22401506	287	AT
1	22402773	1267	GT
1	22402886	46	AG
1	22403444	558	AG
1	22405599	1540	CT
1	22406005	406	GT
1	22406107	102	AG
1	22407885	1405	AG
1	22409253	1292	AT
1	22412999	3189	TC
1	22413268	269	TG
1	22413568	300	GC
1	22416276	823	CT
1	22419149	2851	CT
1	22422261	2870	AT
1	22426387	2180	AT
1	22426705	318	GA
1	22431910	2363	GA
1	22431926	16	CT
1	22431929	3	GT
1	22431934	5	AT
1	22432004	70	AT
1	22432035	31	CG
1	22432492	397	AG
1	22432577	85	GA
1	22433097	211	CT
1	22433279	182	CA
1	22433282	3	CT
1	22433432	150	GA
1	22433545	113	CG
1	22433613	68	GC
1	22433919	306	TC
1	22433942	23	AG
1	22433943	1	CT
1	22433961	18	AG
1	22434045	84	AG
1	22434289	244	TC
1	22434306	17	GT
1	22434492	186	CT
1	22434503	11	CA
1	22434607	104	GT
1	22434630	23	AG
1	22435649	308	GA
1	22435951	302	CG
1	22436036	85	CT
1	22436734	436	TA
1	22436822	88	AG
1	22436863	41	TC
1	22437014	151	GA
1	22437201	187	CA
1	22449710	96	AG
1	22449723	13	AG
1	22449963	240	AC
1	22450217	254	AC
1	22450762	189	AT
1	22450836	74	CT
1	22451063	227	CT
1	22452109	64	TC
1	22452130	21	TC
1	22452151	21	TG
1	22452338	187	CT
1	22452629	291	AC
1	22452678	24	TC
1	22452738	60	TC
1	22452740	2	TC
1	22452779	39	AT
1	22452961	66	GA
1	22452992	31	AG
1	22453128	136	TC
1	22453213	85	CT
1	22453363	150	TC
1	22453389	26	TC
1	22453446	57	GT
1	22453454	8	TC
1	22453599	145	CG
1	22453767	168	CT
1	22453806	39	AT
1	22454072	134	AG
1	22454517	428	GA
1	22455033	516	CG
1	22455035	2	TC
1	22455059	24	AT
1	22455255	196	TC
1	22455257	2	CT
1	22455395	138	AC
1	22455958	293	TC
1	22456061	103	AG
1	22456283	222	CT
1	22456285	2	CT
1	22456572	215	CT
1	22456677	105	GA
1	22456779	102	AG
1	22456965	186	TC
1	22460185	323	GC
1	22460288	103	TC
1	22460440	152	CT
1	22460449	9	TA
1	22460486	37	CA
1	22461487	526	CT
1	22461538	51	TA
1	22461684	146	TC
1	22462401	238	TA
1	22462692	117	CA
1	22462707	15	TG
1	22463096	389	AG
1	22463135	39	AG
1	22463182	47	TG
1	22463575	393	TC
1	22463805	230	TA
1	22464240	435	GA
1	22464395	155	CT
1	22464498	103	CG
1	22464679	181	AG
1	22464833	154	GC
1	22465513	650	TC
1	22466305	337	TC
1	22466775	187	GA
1	22467005	213	TC
1	22467072	67	CT
1	22467257	185	CT
1	22467258	1	AG
1	22468108	471	TC
1	22468188	80	GA
1	22468489	301	TC
1	22469140	566	GA
1	22469388	248	TC
1	22470173	785	AG
1	22470455	282	CG
1	22471447	280	GA
1	22471451	4	AG
1	22471499	48	TG
1	22472016	394	CT
1	22474021	293	TC
1	22475060	850	GT
1	22475064	4	TC
1	22478087	1580	AC
1	22478200	113	CA
1	22481126	584	AG
1	22481330	204	AG
1	22482587	1230	AC
1	22482802	215	TC
1	22482965	163	GA
1	22483418	453	CA
1	22483916	498	TA
1	22483935	19	AG
1	22484158	223	CT
1	22484167	9	GA
1	22484260	93	GA
1	22485688	348	AG
1	22486047	359	AC
1	22486605	558	TC
1	22486695	90	TC
1	22486696	1	AT
1	22487018	322	AG
1	22489718	319	TC
1	22489855	137	AG
1	22490689	90	CT
1	22490836	147	AT
1	22491131	295	AG
1	22492361	936	TC
1	22492987	364	GA
1	22493091	104	GT
1	22493164	73	GA
1	22493212	48	CA
1	22493301	89	TC
1	22493595	294	AT
1	22493726	131	AG
1	22494142	416	CT
1	22494285	143	AG
1	22494485	200	TC
1	22494680	195	TA
1	22494752	72	AT
1	22495206	401	GA
1	22496281	317	CT
1	22496440	159	TC
1	22496659	219	TC
1	22496681	22	AG
1	22496982	256	AG
1	22497003	21	GA
1	22497008	5	GC
1	22497346	338	GA
1	22497723	203	GT
1	22498781	757	GA
1	22498979	198	TG
1	22498995	16	AC
1	22501808	2024	AG
1	22529013	8208	AG
1	22530096	573	TC
1	22530125	29	AG
1	22530681	534	GT
1	22532515	768	AG
1	22532764	223	GA
1	22533079	315	CT
1	22533634	508	AC
1	22533698	64	CT
1	22534028	330	CA
1	22534742	714	CA
1	22536883	1393	AG
1	22539550	2066	AG
1	22540827	1040	AG
1	22540914	87	GA
1	22541777	657	TA
1	22545967	2126	AG
1	22548272	1950	AG
1	22548667	395	GA
1	22548692	25	AC
1	22549029	337	TC
1	22549453	424	AG
1	22549463	10	CT
1	22549646	183	GA
1	22549671	25	GA
1	22550676	212	TA
1	22550889	213	GA
1	22550974	85	CT
1	22551045	71	GA
1	22551575	462	AC
1	22551885	310	CT
1	22551971	86	GA
1	22552214	243	GA
1	22552511	183	CA
1	22553152	260	TG
1	22553470	318	AT
1	22553806	336	GA
1	22554504	698	TG
1	22554526	22	TG
1	22555025	447	AG
1	22555624	411	AG
1	22555664	40	GT
1	22555799	135	GA
1	22555893	94	CG
1	22556139	246	TC
1	22557580	1237	GT
1	22558767	1024	TA
1	22559169	402	CT
1	22559437	268	GA
1	22559536	99	CT
1	22559874	338	AG
1	22560128	205	CT
1	22560323	195	GA
1	22561777	135	CT
1	22563402	1084	AG
1	22563410	8	GC
1	22564318	801	AG
1	22564329	11	AT
1	22564825	386	GA
1	22567454	394	GT
1	22567929	262	CG
1	22567939	10	GC
1	22567950	11	TC
1	22568009	59	TC
1	22568050	41	CT
1	22568195	145	GA
1	22569491	638	TC
1	22569616	125	GA
1	22569721	105	TA
1	22569783	62	AG
1	22569799	16	CT
1	22570257	458	AC
1	22570414	157	CG
1	22571291	114	TG
1	22574569	773	AG
1	22574929	271	CT
1	22574963	34	AG
1	22575352	285	AC
1	22575366	14	GT
1	22575523	136	GT
1	22576613	757	GA
1	22576744	131	AT
1	22577837	1063	TA
1	22578039	202	TG
1	22578259	166	AG
1	22578441	182	GA
1	22581268	413	GA
1	22581887	248	TC
1	22581954	67	AC
1	22582556	182	AG
1	22582668	112	TG
1	22582893	225	TC
1	22582919	26	CA
1	22583072	153	AG
1	22583112	40	TC
1	22583457	345	TA
1	22583610	153	TC
1	22587402	3431	CT
1	22588613	1179	AG
1	22591382	1356	CT
1	22592433	744	AC
1	22592543	110	CT
1	22592747	204	AG
1	22598516	921	AG
1	22602392	1813	AC
1	22614562	6269	AT
1	22619430	3724	GC
1	22627376	6747	CT
1	22628621	873	GA
1	22628767	93	AG
1	22637363	5815	GA
1	22637895	389	GA
1	22639196	855	GC
1	22640108	912	AG
1	22640166	58	GT
1	22640849	683	TC
1	22644959	703	TA
1	22648659	2835	AG
1	22649870	908	CA
1	22653209	2568	CT
1	22653308	99	CT
1	22653829	521	GA
1	22655206	1087	AG
1	22657259	1735	GA
1	22660536	2676	GA
1	22660927	295	AG
1	22666273	2652	TA
1	22667451	811	AT
1	22667752	271	CT
1	22671142	2369	AT
1	22671767	421	TC
1	22672111	344	GA
1	22673257	663	GA
1	22676043	1664	AG
1	22676161	118	AG
1	22676660	499	TG
1	22679375	493	TC
1	22686396	4385	AC
1	22692824	4495	TG
1	22695668	2310	CA
1	22698619	2542	CT
1	22699727	1108	TG
1	22701706	1961	CT
1	22705466	2002	AG
1	22705484	18	GA
1	22708504	1629	CA
1	22712854	3470	AG
1	22722108	4621	CT
1	22722221	113	GA
1	22722366	145	TG
1	22724179	1084	GT
1	22725046	298	TC
1	22725075	29	AG
1	22726343	649	AG
1	22726678	335	GA
1	22727079	401	AT
1	22727495	416	AT
1	22728111	616	AG
1	22728826	715	GC
1	22729801	671	TC
1	22730362	561	AG
1	22730705	343	AT
1	22731866	586	GA
1	22731900	34	TC
1	22732079	179	TC
1	22732100	21	CT
1	22733454	984	CT
1	22733630	176	TC
1	22736388	1473	GT
1	22736398	10	AG
1	22736401	3	TA
1	22736415	14	AG
1	22739646	1696	CT
1	22740464	818	GA
1	22740539	75	AG
1	22742721	1186	GC
1	22742778	57	AT
1	22742834	56	AG
1	22747920	193	CG
1	22748096	176	TC
1	22749120	993	GA
1	22749175	55	GA
1	22749389	179	TC
1	22750517	1128	TC
1	22750572	55	CT
1	22753250	2077	TC
1	22753364	114	GA
1	22753809	445	AG
1	22754066	257	TC
1	22756261	2103	AT
1	22757794	1119	TC
1	22757958	164	CT
1	22759086	781	TC
1	22759210	124	TA
1	22759496	286	GA
1	22759533	37	CA
1	22759601	68	GC
1	22759624	23	AT
1	22759666	42	TC
1	22759718	52	TC
1	22759758	40	AG
1	22759793	35	TG
1	22759981	188	GA
1	22760026	45	AG
1	22760069	43	GA
1	22760125	56	TC
1	22760337	212	GA
1	22761712	962	CG
1	22761911	199	AT
1	22763495	1234	TC
1	22763652	157	GA
1	22764039	387	AG
1	22764283	244	GA
1	22764588	305	GA
1	22764606	18	CA
1	22764950	254	AG
1	22766025	956	AC
1	22766362	168	CT
1	22767462	343	TC
1	22767851	210	CT
1	22768574	723	TC
1	22768854	137	AG
1	22770794	1040	GA
1	22772020	1061	TC
1	22772770	750	CT
1	22773337	567	GA
1	22774103	178	TA
1	22774352	101	CT
1	22774530	178	GC
1	22774678	148	TG
1	22774934	256	AG
1	22775072	138	AG
1	22775453	381	AG
1	22777120	385	TC
1	22777226	106	AC
1	22777556	330	GA
1	22778630	582	AG
1	22779037	407	CT
1	22779515	478	TC
1	22779938	378	GA
1	22780010	72	GA
1	22780419	259	GA
1	22787635	3295	AG
1	22789670	2035	GT
1	22795259	1469	GA
1	22797583	2094	GA
1	22800938	2527	AG
1	22801471	533	AG
1	22801477	6	TA
1	22801726	249	GC
1	22802302	576	TC
1	22802452	150	AG
1	22802475	23	GA
1	22802723	248	CT
1	22803008	285	CT
1	22803329	321	TA
1	22803958	146	AG
1	22804179	221	CT
1	22804620	441	AG
1	22804624	4	GC
1	22804698	74	TA
1	22804933	235	AG
1	22805607	225	TG
1	22806446	444	GT
1	22806523	77	GA
1	22806621	98	CA
1	22806975	354	AG
1	22807880	535	GT
1	22810487	1475	GA
1	22811068	542	TC
1	22812394	1234	CT
1	22813431	904	AG
1	22813727	245	TC
1	22815577	690	GA
1	22815708	131	GT
1	22819823	1497	AT
1	22819924	101	AG
1	22821959	477	GC
1	22822421	462	CT
1	22822582	161	AT
1	22824299	748	AG
1	22824488	189	AG
1	22824628	140	TG
1	22824687	59	AG
1	22828522	2974	AG
1	22830848	1612	CT
1	22831995	1147	AG
1	22832000	5	AG
1	22832518	306	CT
1	22832626	108	AG
1	22832635	9	GA
1	22832733	98	TA
1	22833605	872	AG
1	22841710	3591	CG
1	22841734	24	GA
1	22841928	194	TC
1	22842046	118	AT
1	22842063	17	TC
1	22842230	167	AT
1	22842293	63	AC
1	22842299	6	AG
1	22842428	129	TC
1	22842499	71	CG
1	22842524	25	TC
1	22844572	1332	GA
1	22844660	88	CT
1	22845335	675	GA
1	22846072	737	GT
1	22846137	65	CG
1	22851057	1500	CT
1	22852560	1185	TC
1	22852989	277	TC
1	22853077	88	CT
1	22853814	737	GA
1	22854377	249	GA
1	22854563	186	TG
1	22854780	217	AG
1	22854911	131	CA
1	22855060	149	AG
1	22855090	30	CT
1	22855097	7	GA
1	22856708	780	CA
1	22857040	332	CT
1	22857271	231	AG
1	22857774	264	GA
1	22857792	18	TA
1	22857871	79	GA
1	22857880	9	GA
1	22858847	645	TC
1	22858857	10	AG
1	22859767	663	TC
1	22859886	119	GA
1	22860848	578	AG
1	22861136	216	GT
1	22861263	127	TA
1	22861299	36	AG
1	22861460	161	GC
1	22861608	148	CT
1	22862881	1001	AC
1	22863289	408	CT
1	22867525	1898	AG
1	22867605	80	TC
1	22870380	2101	CT
1	22870518	138	TC
1	22871681	834	AG
1	22871758	77	CT
1	22871882	124	GT
1	22871997	115	GA
1	22872296	299	GA
1	22873587	970	TC
1	22874031	444	GA
1	22874445	414	GT
1	22874802	280	TG
1	22875406	604	GT
1	22876331	329	TC
1	22876429	98	AG
1	22877035	340	TC
1	22877987	367	AG
1	22878376	389	TA
1	22878421	45	CT
1	22878446	25	GT
1	22878529	83	CT
1	22878626	97	GA
1	22878838	212	GC
1	22879788	698	GA
1	22879859	71	AT
1	22880414	120	GA
1	22881000	364	GT
1	22881094	94	CT
1	22881890	796	CA
1	22882142	252	GA
1	22882628	486	CT
1	22883035	134	GT
1	22883817	576	TC
1	22883979	162	GA
1	22885070	342	AG
1	22885304	234	CG
1	22885358	54	GC
1	22885381	23	TA
1	22885452	71	AG
1	22885471	19	AG
1	22885609	138	GA
1	22886058	402	AG
1	22886326	268	TG
1	22886348	22	GA
1	22887341	612	CT
1	22887782	372	TC
1	22888742	497	TC
1	22888777	35	TG
1	22888914	137	CT
1	22890322	779	TC
1	22890456	134	TC
1	22890527	71	CT
1	22892261	1734	AG
1	22892509	224	AG
1	22892556	47	GA
1	22893721	812	AC
1	22895226	698	TG
1	22895415	189	CT
1	22895462	47	CA
1	22896000	538	AG
1	22897898	1430	CT
1	22900114	1496	AG
1	22900765	554	AC
1	22905324	3497	GT
1	22907756	2047	GA
1	22907921	165	GA
1	22908524	603	AT
1	22909763	747	CT
1	22910716	655	AC
1	22911436	360	CT
1	22911648	180	CT
1	22912589	905	GA
1	22913597	804	AG
1	22914370	773	TC
1	22915491	1121	AG
1	22917442	190	AG
1	22917807	365	TA
1	22917982	175	AT
1	22918296	314	CT
1	22924280	2333	GA
1	22924568	252	AG
1	22929634	2910	GA
1	22931753	1014	TC
1	22932523	751	TC
1	22932794	271	AG
1	22932902	108	TC
1	22932960	58	CA
1	22933880	691	AG
1	22934117	35	AC
1	22934487	202	GA
1	22936028	773	AC
1	22936152	124	TC
1	22936259	107	CA
1	22936384	125	GT
1	22938419	277	TC
1	22939681	1229	CT
1	22941193	781	TC
1	22941981	275	GC
1	22943485	433	TG
1	22944042	488	GA
1	22944422	380	AG
1	22944610	188	AG
1	22944712	102	AG
1	22946719	1069	GC
1	22946893	174	CA
1	22947121	170	AG
1	22947249	128	AC
1	22948335	417	GA
1	22948690	355	CT
1	22949760	381	AG
1	22952818	1392	AG
1	22953178	187	GA
1	22953958	530	GA
1	22953960	2	AC
1	22954512	245	CT
1	22956609	1793	CA
1	22957047	438	AG
1	22957582	497	GT
1	22959020	1438	TC
1	22959620	271	AT
1	22961929	1134	AG
1	22962144	197	AG
1	22963521	1357	AG
1	22963770	249	GA
1	22963790	20	GA
1	22963840	50	CG
1	22963876	36	AG
1	22966151	1744	AC
1	22966689	538	CT
1	22967454	765	CT
1	22967547	93	GA
1	22967636	44	TG
1	22967981	345	CT
1	22971152	732	AG
1	22972921	1072	CA
1	22972936	15	AC
1	22974277	919	GA
1	22974300	23	TA
1	22975427	1127	GA
1	22976686	925	GA
1	22978136	878	TA
1	22978252	116	CA
1	22978361	109	GC
1	22978788	311	CT
1	22979135	347	CA
1	22979600	465	GA
1	22979966	366	AG
1	22979981	15	CG
1	22980133	152	GA
1	22980166	33	CT
1	22980350	184	TA
1	22981024	368	AC
1	22981075	51	GA
1	22981110	35	CT
1	22982434	1324	AG
1	22985994	2279	TA
1	22988945	1187	AG
1	22990515	1271	AG
1	22996165	3699	GA
1	22996766	601	CA
1	22999457	2112	GA
1	22999540	83	TC
1	22999730	190	AG
1	23001430	1540	GA
1	23003941	1966	GC
1	23004379	438	TA
1	23005983	1193	GA
1	23006216	233	GA
1	23006219	3	TA
1	23006312	93	AG
1	23006738	426	AG
1	23006911	173	AG
1	23006913	2	AT
1	23009350	817	GA
1	23010437	1087	TC
1	23011890	1201	GA
1	23017459	2321	AG
1	23017938	479	AG
1	23018003	65	AG
1	23018370	367	CT
1	23018526	156	GA
1	23019435	909	AG
1	23020910	1475	CG
1	23022001	868	TC
1	23022543	265	CA
1	23022559	16	AG
1	23022774	215	GA
1	23024414	871	TC
1	23024425	11	TG
1	23024432	7	GA
1	23026303	1383	GA
1	23030494	1379	CT
1	23030516	22	TC
1	23030770	42	GA
1	23030791	21	CT
1	23030926	135	GT
1	23030990	64	AG
1	23031895	530	AG
1	23032907	649	GC
1	23033509	602	GA
1	23033528	19	AG
1	23035451	1834	AC
1	23035616	165	AG
1	23036643	735	TA
1	23036723	80	GA
1	23037500	654	TC
1	23038219	696	TA
1	23038336	117	TG
1	23039116	731	AG
1	23039840	724	AG
1	23040350	372	CA
1	23041237	422	GA
1	23041323	86	AT
1	23041617	294	TC
1	23041672	55	CG
1	23041691	19	CT
1	23043925	1726	TC
1	23044045	120	GT
1	23044661	616	GA
1	23045433	456	CT
1	23045484	51	AG
1	23045514	30	AG
1	23045701	187	GT
1	23045739	38	TC
1	23046069	223	GA
1	23047096	993	AG
1	23047335	239	CT
1	23048027	649	CT
1	23048133	106	TC
1	23048568	435	CT
1	23048709	141	TG
1	23049887	862	GA
1	23050213	179	GA
1	23051150	683	GA
1	23051166	16	AG
1	23051169	3	TC
1	23051342	173	CA
1	23051522	180	AG
1	23051778	256	AT
1	23051794	16	CT
1	23051804	10	TC
1	23051826	22	CT
1	23051937	111	AC
1	23052264	327	CT
1	23052326	62	GA
1	23054816	2252	TC
1	23057586	2390	CA
1	23057976	163	CG
1	23058120	144	AG
1	23058192	72	TC
1	23058207	15	AG
1	23058227	20	CT
1	23058271	44	TA
1	23058318	47	TC
1	23058345	27	TC
1	23058477	132	TC
1	23058590	113	AG
1	23058948	358	GT
1	23059217	227	CT
1	23059463	246	CT
1	23061245	1452	CG
1	23061481	184	GA
1	23061581	100	CT
1	23062478	468	TC
1	23062704	38	CT
1	23062713	9	GA
1	23068319	3936	AG
1	23070344	1360	CT
1	23072459	1239	AG
1	23072652	193	GA
1	23074047	1395	CT
1	23074154	107	GA
1	23074830	676	GA
1	23075334	212	CT
1	23075728	394	AG
1	23076409	528	CT
1	23076608	199	TC
1	23077161	368	GC
1	23077853	522	AT
1	23078054	201	AG
1	23078435	222	AT
1	23078447	12	AG
1	23078482	35	CT
1	23078491	9	AG
1	23078552	61	CT
1	23079287	692	AG
1	23079412	125	TC
1	23081009	1058	TC
1	23081175	166	GA
1	23082008	32	AG
1	23082078	70	CT
1	23082850	739	AG
1	23083234	235	GA
1	23083296	62	AG
1	23084796	1460	AT
1	23085207	411	CA
1	23085306	99	AG
1	23085379	73	GA
1	23085848	469	CT
1	23085868	20	CT
1	23086022	154	TC
1	23086093	71	GA
1	23086105	12	AT
1	23088133	1696	CT
1	23090397	1274	CT
1	23090455	58	GA
1	23091822	769	AT
1	23092100	210	GT
1	23093973	1237	TC
1	23094330	357	GC
1	23099133	3486	GA
1	23099520	387	AG
1	23100394	679	AG
1	23101038	644	GA
1	23101192	154	AG
1	23101229	37	AG
1	23101580	351	CT
1	23101588	8	GA
1	23101701	113	GA
1	23101734	33	TA
1	23102439	686	CT
1	23104252	635	GT
1	23104603	320	CT
1	23105502	899	AG
1	23105525	23	TC
1	23105704	179	CT
1	23105903	199	GA
1	23107330	1000	TC
1	23108508	592	TC
1	23109818	1001	AG
1	23110001	68	GA
1	23110356	355	GT
1	23111467	791	GA
1	23111886	419	GC
1	23112096	164	GC
1	23113709	1017	GC
1	23114667	958	CT
1	23115880	740	AG
1	23115997	117	GA
1	23116509	512	AC
1	23116681	172	TC
1	23116689	8	AG
1	23117415	334	TC
1	23117428	13	GA
1	23117802	167	GA
1	23119138	346	GA
1	23119146	8	CT
1	23119609	463	TC
1	23119904	221	TA
1	23120448	348	GA
1	23121192	696	GA
1	23121706	381	CT
1	23122940	1148	AG
1	23139762	10312	GA
1	23139798	36	AT
1	23139941	143	CT
1	23140303	345	GA
1	23141271	682	AG
1	23141316	45	CT
1	23141368	52	TC
1	23141430	62	AT
1	23141841	411	CT
1	23141996	155	GT
1	23142220	224	TC
1	23142334	114	GA
1	23143277	575	CT
1	23144295	690	CT
1	23144741	446	AG
1	23145052	267	GA
1	23145853	801	CT
1	23145877	24	GT
1	23147289	770	CG
1	23147502	213	GA
1	23147510	8	TC
1	23149625	1612	AG
1	23150236	582	GA
1	23150508	272	GA
1	23150974	273	TC
1	23151002	28	CT
1	23151018	16	AG
1	23151030	12	CT
1	23151031	1	AG
1	23151059	28	CG
1	23151078	19	CT
1	23151119	41	AG
1	23151186	67	TA
1	23151263	77	CA
1	23152918	1655	TC
1	23153487	93	CT
1	23157549	370	AG
1	23157648	99	GA
1	23157656	8	TG
1	23157685	29	AG
1	23157721	36	AG
1	23158125	404	AG
1	23158156	31	GT
1	23158380	224	AG
1	23158730	350	CT
1	23158800	70	TC
1	23158999	199	CT
1	23159130	131	TC
1	23159612	449	GT
1	23159791	179	CG
1	23159833	42	TG
1	23160289	77	GA
1	23160677	294	TG
1	23163539	89	GA
1	23163802	263	TC
1	23164042	240	GA
1	23164732	672	GA
1	23164969	237	CT
1	23165012	43	GA
1	23165139	127	AG
1	23165273	134	GA
1	23165298	25	AC
1	23165600	302	GA
1	23165779	179	GA
1	23166675	402	CG
1	23168123	866	GA
1	23168210	47	CT
1	23168223	13	AG
1	23168509	286	AG
1	23168566	57	TC
1	23169404	786	AC
1	23169981	577	TC
1	23170439	310	GT
1	23170927	488	TC
1	23172245	1232	CA
1	23172567	265	GA
1	23173446	564	CT
1	23174007	561	TC
1	23174449	442	CG
1	23174584	135	GA
1	23174676	92	CT
1	23174700	24	CT
1	23175335	635	GA
1	23176060	725	TC
1	23176852	697	CT
1	23178211	1142	TC
1	23181654	2786	GC
1	23182095	441	CG
1	23182357	262	CA
1	23184340	993	AG
1	23186221	1477	TA
1	23186258	37	TG
1	23187156	898	AG
1	23187406	250	AG
1	23187468	62	CT
1	23187826	358	TC
1	23188598	772	AG
1	23189041	203	CA
1	23189307	266	AC
1	23195012	1774	CT
1	23195053	41	GA
1	23196327	114	TA
1	23196429	102	CT
1	23197977	1548	TC
1	23198758	781	AG
1	23198782	24	CT
1	23198886	104	CT
1	23198917	31	CT
1	23199101	184	GA
1	23199693	542	TA
1	23199701	8	GA
1	23199715	14	CT
1	23199731	16	GA
1	23199950	219	TC
1	23200162	212	GA
1	23200413	251	AT
1	23200437	24	AG
1	23202876	365	GA
1	23203057	181	TA
1	23203298	177	CT
1	23206087	1569	GA
1	23206514	427	AG
1	23207412	702	AT
1	23212172	3283	AG
1	23215860	830	CT
1	23216048	188	CT
1	23216308	260	GA
1	23216358	50	GA
1	23217640	441	GC
1	23217896	256	AG
1	23218846	865	AG
1	23219627	291	GA
1	23222175	1371	TC
1	23222415	240	TG
1	23225982	1003	AT
1	23226541	559	CT
1	23226759	180	AG
1	23228211	1048	GA
1	23229544	1078	CT
1	23230043	499	TC
1	23231306	733	AT
1	23233036	1547	CT
1	23233294	258	GA
1	23250100	12932	CT
1	23250657	557	AG
1	23251673	1016	TC
1	23254289	2351	GA
1	23254893	604	TC
1	23259655	3421	TC
1	23263589	2618	GA
1	23280467	11980	AG
1	23280831	364	TC
1	23280996	165	CA
1	23281010	14	AG
1	23282588	1454	TC
1	23287952	2878	TC
1	23288819	867	AG
1	23289035	216	AG
1	23289290	255	CT
1	23289433	143	GC
1	23290193	461	GT
1	23290204	11	CT
1	23290270	66	TC
1	23290428	158	GA
1	23290486	58	GC
1	23290511	25	CT
1	23290518	7	GA
1	23290608	90	TC
1	23290721	113	AG
1	23290857	136	GA
1	23291470	251	TC
1	23291774	304	CT
1	23292195	395	AG
1	23293330	866	AG
1	23293658	328	GT
1	23294016	358	GC
1	23294330	314	AG
1	23294377	47	GA
1	23294946	514	AT
1	23295519	162	CG
1	23295575	56	TA
1	23295760	185	GA
1	23296244	387	GA
1	23297873	1097	AG
1	23297988	115	TC
1	23298036	48	CT
1	23299064	569	CT
1	23299077	13	TC
1	23300061	408	CT
1	23300098	37	CT
1	23300147	49	AG
1	23300203	6	CT
1	23300398	195	AT
1	23300766	368	GA
1	23301387	467	AC
1	23301911	340	TG
1	23301922	11	GA
1	23301929	7	TG
1	23302142	213	GT
1	23302399	257	AG
1	23302418	19	CT
1	23302432	14	GA
1	23302454	22	AC
1	23302463	9	TC
1	23302466	3	GT
1	23302478	12	CT
1	23302546	68	CA
1	23302550	4	GA
1	23302612	62	GT
1	23302743	13	AG
1	23302771	28	GC
1	23302798	27	AG
1	23302846	48	CT
1	23302978	132	CT
1	23303059	81	GA
1	23303077	18	TA
1	23303108	31	TC
1	23303133	25	AC
1	23303138	5	AG
1	23303147	9	AG
1	23303316	169	AG
1	23303332	16	AG
1	23303669	337	TC
1	23303747	78	CT
1	23303866	119	TC
1	23304045	179	AG
1	23304301	256	TA
1	23304388	87	GT
1	23304993	566	GA
1	23306545	1523	AG
1	23307455	910	AG
1	23307947	492	GA
1	23308498	551	TG
1	23309724	1006	TA
1	23312603	665	TC
1	23313114	432	AT
1	23313145	31	TC
1	23313222	77	TC
1	23313320	98	TC
1	23313426	106	TC
1	23313544	118	AC
1	23313682	138	GA
1	23313699	17	CT
1	23313789	90	GA
1	23313907	118	CA
1	23313928	21	CT
1	23315411	1357	AC
1	23315750	339	CG
1	23317930	1471	GA
1	23318777	819	AG
1	23331495	10228	GT
1	23335732	3637	TA
1	23340005	2378	AT
1	23341027	881	GA
1	23341305	278	CA
1	23345197	3725	GA
1	23347174	1535	GC
1	23347214	40	CA
1	23347253	39	AG
1	23347266	13	TA
1	23347592	326	CG
1	23354403	5158	AG
1	23355707	1304	GA
1	23356973	1167	TC
1	23361091	2813	TC
1	23364456	2378	CT
1	23374126	4329	TC
1	23379582	4402	GA
1	23380444	804	CT
1	23380882	438	CT
1	23382477	1391	CT
1	23396838	5397	CA
1	23409516	7580	GT
1	23411429	1513	GA
1	23416512	3257	TC
1	23416782	270	TC
1	23416797	15	CT
1	23417430	151	AT
1	23417503	73	TC
1	23417634	131	GC
1	23417644	10	GA
1	23417822	178	TC
1	23418094	272	TC
1	23418240	146	AG
1	23418318	78	AG
1	23418857	322	GA
1	23426680	212	AT
1	23427095	79	TG
1	23427489	327	GA
1	23427976	87	GA
1	23428843	867	TC
1	23428889	46	TC
1	23429008	119	AC
1	23429527	519	GA
1	23429866	339	TC
1	23430268	241	CT
1	23430326	58	AT
1	23430336	10	GT
1	23430756	420	TC
1	23431012	256	CT
1	23431896	470	TG
1	23432265	71	GC
1	23432315	50	GA
1	23432321	6	TC
1	23432398	77	CT
1	23432411	13	GT
1	23437860	1234	TG
1	23438053	152	CT
1	23438586	316	TC
1	23439209	287	GC
1	23440262	766	TA
1	23440488	226	CT
1	23440674	114	GA
1	23440681	7	GA
1	23440698	17	TG
1	23440857	159	CT
1	23441046	30	CT
1	23441229	183	CT
1	23442133	379	TA
1	23442647	215	AC
1	23442672	25	GC
1	23442687	15	TC
1	23442879	157	TG
1	23442990	111	AG
1	23444491	1501	GT
1	23445487	996	TC
1	23445626	139	GA
1	23446754	737	AC
1	23450554	248	CA
1	23450758	204	TC
1	23450812	54	GT
1	23450880	68	CT
1	23450896	16	GT
1	23450952	56	CG
1	23451161	209	TA
1	23451362	34	CT
1	23451709	347	CA
1	23452307	598	TG
1	23452473	166	AC
1	23452514	41	AC
1	23454426	380	GT
1	23454502	76	GT
1	23454850	311	CT
1	23454890	40	CT
1	23454905	15	TC
1	23455896	991	TG
1	23455897	1	GA
1	23455900	3	GA
1	23456576	530	CT
1	23456751	134	GA
1	23461174	2840	TG
1	23461376	202	GA
1	23463477	1269	TC
1	23463763	286	CT
1	23463815	52	AT
1	23463816	1	TC
1	23463888	72	GA
1	23464052	164	CT
1	23464214	162	AC
1	23464236	22	TC
1	23464253	17	TC
1	23464264	11	TC
1	23464266	2	TC
1	23464277	11	AG
1	23464527	250	CG
1	23465270	314	TC
1	23465306	36	CT
1	23465364	58	AG
1	23466098	109	AG
1	23469618	1590	TC
1	23478874	3313	AG
1	23484468	4551	AT
1	23487015	1703	GC
1	23487745	730	CG
1	23488714	929	GA
1	23491813	3072	GC
1	23491951	138	GA
1	23493639	1033	CA
1	23493663	24	TG
1	23496240	2124	GA
1	23497246	681	TC
1	23497457	211	CT
1	23497604	147	TC
1	23497626	22	GC
1	23498604	950	AG
1	23499301	628	TC
1	23499458	157	AC
1	23502506	2568	GT
1	23510663	5326	TC
1	23513617	1412	GT
1	23513854	200	AG
1	23514229	375	AC
1	23514350	121	GT
1	23514476	126	GT
1	23514848	271	TG
1	23514996	110	CG
1	23515014	18	AG
1	23515121	107	GT
1	23515212	91	TC
1	23515254	42	CA
1	23515359	105	TA
1	23515433	74	CT
1	23515554	121	CT
1	23515560	6	AG
1	23515582	22	AG
1	23515657	75	CT
1	23515831	174	AG
1	23515856	25	AG
1	23515876	20	TC
1	23518105	141	AG
1	23519134	649	TC
1	23519824	690	AG
1	23520367	442	GA
1	23521290	488	AT
1	23521347	57	TC
1	23521458	111	AT
1	23522241	615	AG
1	23523086	447	TC
1	23529246	98	AC
1	23530891	487	TC
1	23530950	59	GA
1	23531191	241	AG
1	23532066	388	CA
1	23532157	25	AT
1	23532358	201	AC
1	23532621	263	GC
1	23532700	79	AG
1	23532890	190	AC
1	23532902	12	AT
1	23534053	729	CA
1	23534520	443	AG
1	23534597	77	GT
1	23536002	1405	TG
1	23536314	312	CT
1	23536512	198	GC
1	23536802	213	GT
1	23538494	1212	GA
1	23538595	101	CT
1	23538827	232	GC
1	23540651	1159	TC
1	23541174	523	TC
1	23541257	83	CG
1	23541308	51	TC
1	23541378	70	CG
1	23541383	5	GC
1	23541505	122	CT
1	23541526	21	TC
1	23541595	69	CT
1	23541730	135	AG
1	23541925	195	GA
1	23541959	34	GA
1	23542381	422	TC
1	23542678	263	TC
1	23544066	1031	TC
1	23544217	151	CT
1	23544720	243	CT
1	23544918	198	AG
1	23545176	258	GA
1	23546058	882	CT
1	23546233	175	TC
1	23546278	45	TC
1	23546705	427	TC
1	23546974	269	CA
1	23548112	801	TA
1	23548971	510	CA
1	23549887	121	CT
1	23551110	250	GT
1	23553586	1263	AG
1	23553603	17	TC
1	23554033	344	TG
1	23554089	56	CA
1	23554603	479	TC
1	23556067	735	AG
1	23556279	212	AC
1	23557135	808	GA
1	23557945	641	CA
1	23558096	151	CT
1	23558505	409	CA
1	23558506	1	AT
1	23558538	32	TC
1	23559396	290	TG
1	23559468	72	CT
1	23560323	855	TC
1	23560813	490	AG
1	23560895	82	CT
1	23560948	53	TC
1	23561114	166	TG
1	23561128	14	CT
1	23561811	527	AG
1	23562124	313	AC
1	23562184	60	AG
1	23562715	483	AG
1	23563341	626	TC
1	23563462	121	GA
1	23565502	1227	CT
1	23565865	317	CT
1	23567313	752	AG
1	23567428	115	CT
1	23568837	1129	TC
1	23569047	210	AG
1	23569207	160	GT
1	23569376	169	TA
1	23569426	50	AC
1	23569688	262	TC
1	23570032	344	CT
1	23570179	147	GT
1	23570479	300	TC
1	23570582	103	TC
1	23570849	235	TC
1	23570907	58	GA
1	23570956	49	AG
1	23570969	13	CT
1	23571756	787	GA
1	23571775	19	TC
1	23572010	165	GT
1	23575452	1624	AG
1	23575769	317	AG
1	23575950	181	TC
1	23576031	81	CT
1	23576308	277	CA
1	23578107	1799	TC
1	23578829	400	AG
1	23579038	209	AG
1	23579065	27	GA
1	23579083	18	CT
1	23579087	4	GA
1	23579158	71	CT
1	23579514	170	TC
1	23579608	94	GA
1	23579844	236	CG
1	23579958	114	TC
1	23579982	24	AC
1	23580238	256	TC
1	23580796	339	TG
1	23581583	184	AG
1	23581942	86	TC
1	23582061	119	CG
1	23582071	10	AC
1	23582120	49	TG
1	23582443	165	CA
1	23582715	139	TC
1	23582737	22	CA
1	23582758	21	TC
1	23582823	65	GA
1	23583187	304	AG
1	23583201	14	CG
1	23583517	316	AG
1	23583519	2	AG
1	23583521	2	TA
1	23583786	265	TA
1	23584564	611	AG
1	23584583	19	AG
1	23585205	622	GC
1	23585358	153	CT
1	23585687	329	TC
1	23585823	136	TA
1	23585841	18	CT
1	23585923	82	CT
1	23586006	83	TG
1	23586771	309	TC
1	23587594	395	TC
1	23588021	427	CT
1	23588275	254	CA
1	23588281	6	TA
1	23588499	140	AT
1	23588502	3	GA
1	23588846	344	CT
1	23588847	1	AG
1	23588857	10	GA
1	23588952	95	CA
1	23588967	15	CT
1	23589081	114	CT
1	23589085	4	AT
1	23589133	48	TC
1	23589153	20	TC
1	23590671	954	AG
1	23591030	331	GT
1	23592074	994	GC
1	23594287	2213	TC
1	23595039	418	GA
1	23595955	610	AC
1	23596025	70	TC
1	23596500	177	CA
1	23596575	75	CT
1	23596741	166	GA
1	23596971	230	CT
1	23598001	988	TA
1	23598349	348	GT
1	23598424	75	GA
1	23606671	2754	TG
1	23609669	1187	GC
1	23610675	687	GA
1	23610886	211	AT
1	23611056	170	CT
1	23611073	17	CA
1	23611100	27	TC
1	23611118	18	GC
1	23611121	3	CT
1	23611155	34	TC
1	23611182	27	TC
1	23611767	561	GA
1	23614132	809	CT
1	23614487	200	AG
1	23614555	68	TC
1	23614564	9	GA
1	23614677	113	CG
1	23614847	170	GA
1	23622160	358	TC
1	23622719	539	GC
1	23622865	146	TC
1	23623000	135	AG
1	23623207	207	TC
1	23623372	165	CT
1	23623376	4	TC
1	23623638	262	AG
1	23624087	449	CT
1	23624670	302	TC
1	23624879	209	AT
1	23626723	1202	AC
1	23628396	1349	GC
1	23629964	1009	GA
1	23631035	1071	AG
1	23632256	1093	AC
1	23640850	2043	GA
1	23663176	11522	AC
1	23665060	1853	TC
1	23668108	2042	CT
1	23674005	4933	TC
1	23674172	167	TC
1	23675107	902	CT
1	23677130	1548	CG
1	23681921	3870	CT
1	23683923	1555	CT
1	23699990	6467	CT
1	23700338	124	TA
1	23701081	277	TC
1	23701217	136	TC
1	23701295	78	AG
1	23701332	37	TC
1	23701592	260	TC
1	23703698	1744	AG
1	23703781	83	TC
1	23710475	598	CT
1	23710545	70	CT
1	23710551	6	GA
1	23710749	114	GA
1	23711062	313	AG
1	23712935	1430	TA
1	23713613	196	TC
1	23715213	674	CT
1	23984896	193928	CT
1	23985125	229	GA
1	23985414	289	GA
1	23985456	42	GA
1	23985761	305	CG
1	23985856	95	GA
1	23986465	609	CT
1	23986807	342	TA
1	23987013	206	CT
1	23990193	2435	GT
1	23990367	174	CT
1	23991703	1046	TC
1	23993713	284	GC
1	23994627	914	AG
1	23995233	477	TC
1	23995318	85	CA
1	23995538	220	GA
1	23995672	134	TC
1	23995781	109	GT
1	23996026	245	GA
1	23996058	32	GA
1	23996143	85	GT
1	23996160	17	GA
1	23996295	135	TC
1	23996757	462	AG
1	23996868	111	GA
1	24000551	3099	GC
1	24000635	84	GT
1	24000868	233	GA
1	24000983	115	AG
1	24003609	1794	TG
1	24004072	423	TC
1	24004389	317	GA
1	24004788	399	AG
1	24004916	128	CG
1	24006573	1525	TA
1	24006920	347	AG
1	24008736	1593	AG
1	24008764	28	CT
1	24008765	1	AG
1	24009137	242	TC
1	24010348	877	AG
1	24010915	567	AC
1	24011863	602	TC
1	24012150	287	AT
1	24012400	216	TC
1	24013385	985	AG
1	24013588	203	AG
1	24053506	25362	GA
1	24054542	1036	AT
1	24058417	3414	CA
1	24058426	9	CG
1	24058975	169	TC
1	24059474	477	TC
1	24060869	1143	GA
1	24061951	859	TC
1	24063388	1249	CT
1	24067460	3091	AG
1	24072886	545	TC
1	24073186	300	AG
1	24074045	689	CT
1	24076066	314	CA
1	24076177	111	AG
1	24076260	83	TC
1	24076424	164	GA
1	24078389	1235	GA
1	24079452	521	TC
1	24079464	12	TC
1	24080053	283	CT
1	24080111	58	CA
1	24080598	396	TC
1	24081315	558	TC
1	24082853	167	AG
1	24085406	1467	TC
1	24088349	1770	AG
1	24089563	951	TC
1	24089939	322	GC
1	24092866	1276	CT
1	24094561	1623	GA
1	24096192	1029	TC
1	24098082	1638	CG
1	24099512	1353	TA
1	24105074	4347	GA
1	24105957	793	CT
1	24106305	297	AG
1	24106342	37	TC
1	24106343	1	GA
1	24106348	5	TC
1	24106472	124	GA
1	24106485	13	TC
1	24106521	36	AT
1	24106768	247	CT
1	24106973	205	AG
1	24107193	220	TC
1	24110001	2047	TC
1	24110023	22	AG
1	24114208	1528	TA
1	24114396	99	CG
1	24114792	164	GT
1	24115747	281	TC
1	24122551	3913	CG
1	24122735	184	GA
1	24123120	385	TC
1	24123707	427	AC
1	24124227	226	GA
1	24124410	183	TC
1	24125545	956	GT
1	24126238	273	TC
1	24126448	210	TG
1	24126898	433	CT
1	24127993	837	AT
1	24128015	22	AG
1	24128178	163	GT
1	24128360	182	GA
1	24132973	2516	AT
1	24133279	306	TC
1	24133648	331	GA
1	24133774	126	CT
1	24133931	157	TG
1	24134281	350	TA
1	24135225	732	TC
1	24136163	437	CG
1	24141728	4769	AT
1	24142211	483	TA
1	24152346	5203	CG
1	24152353	7	TG
1	24157058	3394	TG
1	24157290	232	TC
1	24158463	790	TC
1	24159155	692	GA
1	24159571	334	CT
1	24159839	268	TA
1	24159862	23	TC
1	24160089	227	CG
1	24160424	58	AC
1	24161257	753	AC
1	24161323	66	CG
1	24161329	6	TC
1	24161955	304	CA
1	24162041	86	GA
1	24162424	15	AT
1	24162648	83	GC
1	24162869	221	CT
1	24163294	425	AG
1	24163894	600	GA
1	24164150	256	CT
1	24164213	63	AC
1	24165026	381	CG
1	24165234	208	GA
1	24165296	62	CT
1	24165422	126	AT
1	24166962	1181	GT
1	24167110	148	TC
1	24167417	158	CT
1	24168683	19	AT
1	24168851	168	TC
1	24169135	184	GA
1	24169205	70	CA
1	24169215	10	AG
1	24169217	2	TC
1	24169387	170	TC
1	24169416	29	CT
1	24169440	24	TG
1	24169527	87	AG
1	24169553	26	AG
1	24169648	95	TC
1	24169708	60	GC
1	24171256	819	CT
1	24174125	2069	CG
1	24174349	224	TG
1	24174776	427	CT
1	24175386	610	AG
1	24176107	721	CA
1	24176286	179	GC
1	24178113	732	GA
1	24178408	295	GC
1	24178562	154	AG
1	24178563	1	TC
1	24178601	38	AG
1	24180424	1323	CT
1	24182151	586	GA
1	24182468	317	CT
1	24182888	318	CT
1	24182893	5	GA
1	24182917	24	TC
1	24182979	62	GA
1	24183898	487	CT
1	24184480	582	TG
1	24185916	1352	AG
1	24186239	323	CT
1	24186505	266	AG
1	24189932	788	GA
1	24194226	3792	GA
1	24195073	751	AG
1	24203289	3302	GA
1	24206882	2405	AT
1	24208133	948	AC
1	24210401	926	GC
1	24219433	7189	CT
1	24219625	192	GA
1	24219736	111	TC
1	24220404	668	AG
1	24221556	633	AG
1	24221805	249	AC
1	24222535	340	AT
1	24222671	136	GA
1	24223076	405	CT
1	24226273	2490	CT
1	24226398	125	TA
1	24226533	135	AC
1	24227693	539	CG
1	24227855	162	AC
1	24229666	1510	TC
1	24229922	256	AG
1	24230313	391	GA
1	24230790	378	CA
1	24230846	56	TC
1	24230855	9	GA
1	24230893	38	AG
1	24230961	68	TC
1	24231186	225	TA
1	24231190	4	TG
1	24231312	122	TC
1	24231531	177	AT
1	24231532	1	AC
1	24231676	144	TC
1	24231732	56	GT
1	24231816	84	GA
1	24231944	128	CT
1	24232099	155	GA
1	24232242	143	AG
1	24232281	39	TA
1	24233633	1054	CT
1	24233634	1	AG
1	24233725	91	GA
1	24233726	1	CA
1	24234042	316	AC
1	24234277	235	CT
1	24234308	31	TA
1	24235008	700	CT
1	24235118	110	CA
1	24235180	62	GT
1	24235625	445	TC
1	24235637	12	GA
1	24235796	159	TG
1	24235814	18	GA
1	24235957	143	AG
1	24236528	132	GA
1	24236777	249	TC
1	24248877	8711	CA
1	24248903	26	CG
1	24250329	589	AG
1	24250528	44	CT
1	24250568	40	CG
1	24250579	11	AG
1	24250679	100	CT
1	24258185	1367	GA
1	24258744	531	CT
1	24258867	123	TC
1	24258900	33	CT
1	24259449	303	TC
1	24259520	71	AG
1	24259900	358	AG
1	24259921	21	AG
1	24260152	231	GA
1	24260222	70	GT
1	24260243	21	TC
1	24260425	182	GT
1	24261051	122	TC
1	24261066	15	AG
1	24261112	46	TC
1	24261512	98	AG
1	24261530	18	AG
1	24261622	92	CG
1	24262131	509	GT
1	24267673	1093	TG
1	24271067	1896	CT
1	24271808	741	CA
1	24272620	448	TC
1	24272796	84	TC
1	24273278	482	CT
1	24274334	296	TC
1	24274449	115	CT
1	24275459	379	TC
1	24275501	42	AG
1	24276138	287	AG
1	24276187	49	TC
1	24276196	9	TC
1	24277055	540	TC
1	24277093	38	AG
1	24277112	19	TC
1	24277221	109	TC
1	24277255	34	TC
1	24277257	2	AC
1	24277258	1	AG
1	24277285	27	AC
1	24278010	129	GA
1	24278026	16	CT
1	24278084	58	CT
1	24278126	42	AG
1	24278189	63	CG
1	24278292	103	TG
1	24279944	740	CA
1	24280261	317	TC
1	24280300	39	CT
1	24281248	561	CT
1	24282232	543	GA
1	24282242	10	CA
1	24282277	35	CG
1	24282330	53	CG
1	24283329	164	AT
1	24290806	4872	GT
1	24291004	198	GT
1	24294265	1771	GA
1	24294714	449	AG
1	24296118	1063	CT
1	24296317	199	TC
1	24300854	2332	CT
1	24301548	464	GA
1	24301549	1	AG
1	24306832	3649	AG
1	24307360	528	CT
1	24309564	2006	TG
1	24310768	1088	TC
1	24312138	1143	CT
1	24314321	1974	CT
1	24314437	116	CT
1	24314635	198	GA
1	24314779	144	CG
1	24315747	277	GA
1	24315826	79	TC
1	24315977	151	AG
1	24316075	98	GA
1	24316100	25	TC
1	24316320	220	TC
1	24316464	144	TC
1	24316704	240	TC
1	24317124	420	AC
1	24317207	83	CT
1	24317637	430	CT
1	24317881	244	AG
1	24318077	196	AG
1	24318416	172	AG
1	24319324	606	CT
1	24319347	23	GA
1	24319384	37	CT
1	24319534	150	AG
1	24320267	733	GA
1	24320386	63	GA
1	24320514	128	CG
1	24322783	1478	GA
1	24326388	2224	CT
1	24329816	2854	GT
1	24330169	353	CT
1	24330717	335	AT
1	24330845	128	TC
1	24331924	452	AG
1	24331950	26	CT
1	24332137	187	AG
1	24332162	25	CT
1	24332464	302	AG
1	24332513	49	AC
1	24332691	178	CA
1	24332912	221	TC
1	24333932	380	GA
1	24334417	463	AG
1	24334530	113	AT
1	24335018	488	GA
1	24336674	469	CT
1	24336757	83	AT
1	24336796	39	CA
1	24337355	137	GA
1	24337381	26	TA
1	24337384	3	CT
1	24337468	84	GA
1	24337505	37	CT
1	24337663	158	GA
1	24338089	384	CA
1	24338284	195	GA
1	24338285	1	CT
1	24338324	39	CT
1	24338473	149	TC
1	24338667	194	GA
1	24338771	104	AG
1	24338776	5	TC
1	24339598	385	CT
1	24339651	53	TG
1	24339672	21	TC
1	24339806	134	CT
1	24339881	75	CT
1	24339937	56	GA
1	24340677	283	AT
1	24340710	33	CT
1	24340716	6	GA
1	24340733	17	AC
1	24340748	15	CT
1	24340787	39	CT
1	24341198	411	GA
1	24341223	25	CG
1	24342532	1259	GT
1	24342912	380	GA
1	24343062	150	GA
1	24343209	147	TA
1	24344484	873	CT
1	24344507	23	CT
1	24344734	227	AG
1	24344740	6	CT
1	24344776	36	GA
1	24345714	571	CG
1	24346226	512	AG
1	24349286	1364	AG
1	24349784	467	CT
1	24351576	1299	CT
1	24353258	1042	AG
1	24354161	730	GA
1	24355339	887	TC
1	24355412	73	AG
1	24355521	109	CT
1	24357354	1357	AG
1	24358932	1144	TC
1	24359761	640	CT
1	24361922	1953	CT
1	24362267	281	AG
1	24364590	1974	CT
1	24365328	738	TC
1	24366624	1296	AG
1	24367081	457	TG
1	24367188	34	CT
1	24367210	22	CT
1	24368227	895	GA
1	24369607	1253	GA
1	24370055	157	TA
1	24370057	2	CT
1	24370252	195	GA
1	24370315	63	AG
1	24370328	13	TC
1	24370665	26	GA
1	24370737	72	AG
1	24371584	541	TG
1	24371681	97	GC
1	24372053	372	GA
1	24372842	789	CT
1	24373065	223	CT
1	24374727	1350	CG
1	24374802	75	CG
1	24375020	218	TG
1	24375041	21	AG
1	24375197	156	CT
1	24375597	327	GA
1	24377179	444	CT
1	24380680	2778	GA
1	24380737	57	TC
1	24380751	14	CT
1	24380790	39	TA
1	24381408	355	CA
1	24381437	29	TA
1	24381701	264	AG
1	24382136	435	CT
1	24383057	407	CT
1	24383201	144	TC
1	24383219	18	CT
1	24383499	188	AG
1	24383541	42	AT
1	24383825	284	CG
1	24383837	12	GA
1	24383852	15	CA
1	24383937	85	AG
1	24383994	57	CT
1	24384014	20	GC
1	24384029	15	TC
1	24384044	15	AT
1	24384183	139	CG
1	24384406	223	GA
1	24384463	57	TC
1	24384466	3	GA
1	24384473	7	CT
1	24385474	145	AG
1	24385489	15	CA
1	24385491	2	AG
1	24385558	67	CT
1	24385984	219	CT
1	24386247	263	AC
1	24386248	1	CT
1	24386257	9	GA
1	24386326	69	CT
1	24386337	11	CT
1	24386339	2	TC
1	24386390	51	CT
1	24386684	294	CT
1	24387036	352	TG
1	24387126	90	TG
1	24387149	23	GA
1	24387259	110	GT
1	24387341	82	AG
1	24387351	10	AG
1	24388861	1208	AG
1	24389470	547	AG
1	24389582	112	TC
1	24390310	728	CT
1	24390712	146	CG
1	24390721	9	GA
1	24392013	943	GA
1	24392087	74	GA
1	24392291	138	GA
1	24392313	22	CT
1	24392618	305	AG
1	24392639	21	AG
1	24392668	29	GA
1	24392683	15	GA
1	24393154	471	GA
1	24393235	81	GA
1	24393456	221	TC
1	24393640	184	AG
1	24393681	41	TC
1	24393724	43	GA
1	24393892	168	CT
1	24393973	81	GT
1	24394379	183	CA
1	24394518	139	GA
1	24394811	206	GA
1	24394835	24	AG
1	24394957	122	GA
1	24395082	125	AG
1	24395610	347	GA
1	24396402	716	CG
1	24398489	1368	AG
1	24398751	262	CT
1	24399019	268	AC
1	24399331	312	AG
1	24399416	85	CT
1	24399682	266	TC
1	24399849	167	AG
1	24399996	147	TC
1	24400501	404	GA
1	24400889	388	GA
1	24401038	149	GA
1	24404301	2565	CT
1	24407327	2910	GA
1	24407404	77	CT
1	24407778	374	TC
1	24408252	341	GA
1	24409747	805	AG
1	24413287	390	TC
1	24413644	325	TC
1	24413647	3	GA
1	24414583	794	CT
1	24414607	24	GA
1	24414720	113	GC
1	24414867	147	CT
1	24414987	120	TC
1	24415081	94	AC
1	24415143	62	CG
1	24415234	91	TA
1	24415327	93	GA
1	24415544	217	TC
1	24415559	15	GA
1	24415726	167	TG
1	24415729	3	CT
1	24415740	11	GA
1	24418548	1210	AG
1	24419261	575	CT
1	24419350	89	AG
1	24419650	300	TA
1	24427325	4321	TC
1	24427456	131	TC
1	24427768	215	CT
1	24428457	542	CT
1	24428796	76	GA
1	24428803	7	GA
1	24429488	347	CT
1	24429551	63	GA
1	24430028	477	AG
1	24430086	58	TA
1	24430683	278	AG
1	24432617	1432	CT
1	24432910	293	AG
1	24432952	42	GA
1	24433062	110	GA
1	24433261	199	CT
1	24433288	27	AG
1	24433302	14	TC
1	24433376	74	GT
1	24433384	8	AG
1	24433539	155	GA
1	24433665	126	AG
1	24433970	305	GA
1	24434042	72	TA
1	24434092	50	CT
1	24434107	15	CT
1	24434116	9	CT
1	24434322	188	CT
1	24434437	115	TC
1	24434471	34	GT
1	24434473	2	TC
1	24434740	267	CT
1	24434745	5	AG
1	24434957	212	CA
1	24435864	655	CT
1	24436461	268	GA
1	24436520	59	TC
1	24443460	2925	GT
1	24444410	911	GC
1	24446413	2003	AG
1	24449140	1571	GA
1	24461323	7599	AG
1	24461753	430	GA
1	24462109	113	GA
1	24462821	712	CT
1	24462910	89	TC
1	24463687	777	AC
1	24466088	179	AG
1	24466138	50	CA
1	24466149	11	AG
1	24466191	42	CT
1	24466336	83	AC
1	24468927	176	GA
1	24470669	374	TC
1	24472789	1956	AG
1	24472790	1	CG
1	24472940	150	CT
1	24473126	186	TC
1	24473208	82	TA
1	24473538	330	GA
1	24473546	8	TC
1	24473579	33	AT
1	24473800	221	CT
1	24474397	544	GA
1	24474499	102	GC
1	24474562	63	CT
1	24485069	7673	CT
1	24492192	2001	GC
1	24492957	676	GA
1	24495119	1594	CG
1	24496758	1059	TG
1	24497557	552	GA
1	24497676	119	TA
1	24497680	4	CA
1	24498000	320	AG
1	24498859	488	AG
1	24498905	46	GA
1	24499025	120	GC
1	24499039	14	AG
1	24499044	5	TC
1	24499059	15	AC
1	24499186	127	GA
1	24499194	8	GA
1	24499520	326	TC
1	24499638	118	TA
1	24501055	1417	CA
1	24502326	688	AG
1	24502342	16	CA
1	24502361	19	GC
1	24502449	88	AG
1	24502479	30	AG
1	24502879	133	CT
1	24502888	9	CG
1	24503672	251	TC
1	24503774	102	GT
1	24504029	216	CT
1	24504066	37	AG
1	24504432	319	GA
1	24504559	127	CA
1	24504657	98	GA
1	24504812	155	AG
1	24505257	364	GA
1	24506803	1232	TC
1	24507389	586	AG
1	24507403	14	GA
1	24507662	259	AG
1	24508090	105	GA
1	24508173	83	GA
1	24508639	466	AG
1	24508729	90	TC
1	24508740	11	TG
1	24508799	59	TC
1	24509103	304	CT
1	24509114	11	TC
1	24509492	97	GA
1	24526628	11556	CG
1	24527243	615	GA
1	24527275	32	TC
1	24527516	212	CT
1	24528232	404	CA
1	24528591	359	CT
1	24528614	23	AG
1	24528983	369	AG
1	24529103	120	AG
1	24529111	8	GA
1	24529113	2	AG
1	24529695	582	TC
1	24533844	1633	CA
1	24534094	250	TC
1	24535098	890	GA
1	24540035	3454	CT
1	24542118	1607	TC
1	24542356	238	TC
1	24542598	242	TC
1	24543115	377	AG
1	24543960	845	AG
1	24544200	240	GA
1	24546265	1623	AT
1	24548638	2119	GA
1	24548992	354	GC
1	24549141	149	GA
1	24549999	858	TC
1	24554525	3068	CA
1	24555395	375	CT
1	24555413	18	AG
1	24556050	534	CA
1	24556055	5	CA
1	24556244	189	AG
1	24557053	809	CT
1	24557110	57	TC
1	24557262	152	GA
1	24557631	369	CT
1	24558150	82	TC
1	24558344	194	AG
1	24558621	249	AC
1	24558924	303	GC
1	24559045	121	CT
1	24559081	36	AG
1	24559092	11	GA
1	24559159	67	CT
1	24559660	501	GA
1	24560013	353	CT
1	24560207	194	GA
1	24560341	134	GA
1	24561146	318	CT
1	24561358	212	AG
1	24561501	143	TC
1	24561755	224	AC
1	24561756	1	TC
1	24562034	278	AG
1	24562063	29	CT
1	24562219	156	AT
1	24562398	179	TC
1	24562405	7	GA
1	24562717	312	AG
1	24563143	426	GA
1	24563371	228	CT
1	24563431	60	CT
1	24563435	4	AG
1	24563475	40	CG
1	24563490	15	AG
1	24563535	45	CT
1	24563706	171	CG
1	24563906	164	CG
1	24564184	278	CT
1	24564189	5	TC
1	24564268	79	CT
1	24564336	68	AG
1	24564410	74	GA
1	24564534	124	GC
1	24565141	574	GT
1	24565250	109	CT
1	24565309	59	AC
1	24565435	126	AG
1	24566143	682	AC
1	24566427	284	CT
1	24567558	712	TC
1	24567788	230	CT
1	24568034	246	AG
1	24568617	583	AT
1	24569094	477	GA
1	24569163	69	AG
1	24569188	25	GA
1	24569240	52	AG
1	24569603	324	GA
1	24569760	157	GA
1	24569822	62	AG
1	24570142	176	TC
1	24570145	3	AG
1	24570818	290	AG
1	24570869	51	TC
1	24570895	26	TA
1	24571059	164	GA
1	24571062	3	AT
1	24571106	44	AG
1	24571163	57	GA
1	24571179	16	CT
1	24571425	246	CT
1	24571900	475	AG
1	24572432	366	TA
1	24572880	448	GA
1	24573613	354	AG
1	24574116	244	GA
1	24574181	65	CT
1	24574429	248	GT
1	24574430	1	TA
1	24574924	349	GA
1	24575379	276	TC
1	24575470	91	GA
1	24575755	285	GT
1	24576031	276	GA
1	24576146	115	GA
1	24576299	153	GA
1	24576691	392	CG
1	24576949	174	GA
1	24577083	134	GA
1	24577259	176	TC
1	24577395	136	TC
1	24577557	162	GA
1	24577564	7	GA
1	24577673	71	AG
1	24577723	50	CA
1	24578159	436	CA
1	24578160	1	TC
1	24578164	4	CT
1	24578234	70	CA
1	24578816	582	AG
1	24579271	455	GA
1	24579310	39	TC
1	24579415	105	GA
1	24579531	116	AG
1	24579643	29	AG
1	24579655	12	GA
1	24582603	2375	GA
1	24582724	121	GA
1	24582983	259	TC
1	24585297	1872	CT
1	24586141	844	CA
1	24587008	745	AT
1	24587324	165	TC
1	24588374	954	TC
1	24588392	18	AG
1	24588597	135	GA
1	24588869	272	CT
1	24588941	72	GA
1	24588955	14	GC
1	24588991	36	CT
1	24588997	6	AG
1	24589267	270	TC
1	24590162	326	GC
1	24590497	335	AG
1	24590686	189	TA
1	24591105	372	AG
1	24591595	473	AG
1	24592055	460	TC
1	24592176	121	CA
1	24592242	66	TA
1	24592261	19	TG
1	24592263	2	GC
1	24592289	26	AG
1	24592294	5	TG
1	24592313	19	GA
1	24592716	150	AG
1	24593731	720	AC
1	24594255	524	AT
1	24594508	161	GA
1	24597199	416	TC
1	24598772	476	AG
1	24598865	93	CT
1	24598895	30	GA
1	24599989	1058	CT
1	24601664	644	AG
1	24603196	1510	CT
1	24603777	391	GA
1	24603970	193	CT
1	24605504	1432	CT
1	24605761	257	GA
1	24605916	96	CT
1	24605925	9	CG
1	24605963	38	CT
1	24606148	185	AC
1	24606216	68	CA
1	24606251	35	GA
1	24606553	236	CT
1	24608247	753	CG
1	24608337	90	AG
1	24608350	13	GA
1	24608503	153	CT
1	24608513	10	GA
1	24608961	385	GT
1	24609284	323	GA
1	24609370	86	GT
1	24609517	147	AT
1	24612603	1362	TC
1	24612798	195	AT
1	24613209	411	CT
1	24613979	397	GT
1	24615010	470	AC
1	24615322	312	AG
1	24615510	98	GA
1	24615718	208	GA
1	24616119	212	GA
1	24616195	76	GA
1	24617739	833	CT
1	24619193	587	CT
1	24619276	83	GA
1	24623220	2994	TC
1	24623912	692	AG
1	24624076	164	GA
1	24624210	134	AG
1	24624289	79	GC
1	24624477	188	CT
1	24624918	328	GT
1	24625088	170	AG
1	24625183	95	GA
1	24625247	64	AG
1	24626589	854	AG
1	24626594	5	CT
1	24626778	34	CT
1	24626797	19	TC
1	24626859	62	CT
1	24626893	34	GA
1	24628280	1387	TC
1	24629802	908	TC
1	24631073	596	CT
1	24631978	281	TC
1	24632272	294	TC
1	24632306	34	GA
1	24633745	1439	TA
1	24634325	415	AG
1	24634756	431	GC
1	24637271	1592	CA
1	24637371	100	GA
1	24638015	644	AG
1	24638434	419	TC
1	24638553	119	GA
1	24638667	114	TC
1	24639591	745	AG
1	24641092	1376	TC
1	24641332	58	AG
1	24642151	819	AT
1	24642319	168	CT
1	24642407	88	AG
1	24642423	16	GA
1	24642544	121	TC
1	24642756	212	GC
1	24643215	158	TA
1	24643556	341	CT
1	24643681	125	AG
1	24643986	305	CT
1	24644191	56	TC
1	24644245	54	CT
1	24644261	16	CT
1	24645263	546	AG
1	24645383	120	AG
1	24645421	38	CT
1	24645429	8	GC
1	24645561	132	TC
1	24645585	24	TC
1	24645677	92	GT
1	24645710	33	TC
1	24645726	16	AG
1	24645921	195	CT
1	24645972	51	CG
1	24645999	27	GA
1	24646296	204	CT
1	24663262	13992	GA
1	24663429	167	GA
1	24664429	532	TG
1	24664466	37	GA
1	24664481	15	CT
1	24664608	127	CT
1	24664638	30	CT
1	24665116	340	GA
1	24665361	216	GA
1	24665465	104	CT
1	24665470	5	GA
1	24665569	99	TC
1	24665726	157	GA
1	24665988	262	CT
1	24666065	77	GA
1	24666156	91	CT
1	24666212	56	GA
1	24666393	181	CT
1	24666545	152	TC
1	24666615	70	CT
1	24666671	56	CG
1	24666757	86	CT
1	24666792	35	GA
1	24666905	113	CT
1	24667211	146	TC
1	24667858	647	TC
1	24668138	280	AG
1	24668472	251	GA
1	24669284	249	TC
1	24669371	87	TG
1	24669564	193	CT
1	24671548	908	CG
1	24671923	375	AG
1	24671996	73	CG
1	24672051	55	CT
1	24672831	209	TG
1	24674532	1207	CT
1	24676285	1235	CG
1	24676493	208	AT
1	24676560	67	TC
1	24677122	288	CT
1	24677159	37	AG
1	24677186	27	GA
1	24677196	10	TC
1	24677644	448	AC
1	24678073	429	CA
1	24678156	83	GC
1	24678352	196	CA
1	24678424	72	CA
1	24679157	631	AG
1	24679369	155	GA
1	24679403	34	TC
1	24680677	651	GA
1	24680870	193	CT
1	24680902	32	GA
1	24681744	611	TC
1	24681912	118	CT
1	24682378	420	TA
1	24683042	664	AG
1	24683097	55	GC
1	24683256	159	AG
1	24683273	17	CT
1	24683347	74	CT
1	24683362	15	GA
1	24683363	1	CG
1	24683530	167	TC
1	24684155	272	CA
1	24684964	702	AG
1	24685729	378	AG
1	24687963	1024	AG
1	24692813	2609	CT
1	24693061	248	CT
1	24693661	504	GA
1	24693861	200	GA
1	24693920	59	GA
1	24696116	552	TC
1	24696566	450	CT
1	24696732	166	GA
1	24697267	535	GA
1	24697436	169	AG
1	24697610	62	CT
1	24698374	406	TA
1	24698376	2	AC
1	24698868	492	CT
1	24701391	1136	AG
1	24702459	951	GA
1	24703479	945	AG
1	24703543	64	TA
1	24703579	36	CT
1	24704259	103	TG
1	24704380	121	GA
1	24704455	75	TC
1	24704478	23	GT
1	24704662	184	CT
1	24705297	329	GA
1	24705403	106	AG
1	24705799	332	CG
1	24706074	164	TG
1	24706215	141	CT
1	24706328	113	CT
1	24706372	44	GA
1	24707199	497	GA
1	24708092	732	GA
1	24708512	351	GA
1	24708785	273	AT
1	24709455	670	AC
1	24710049	594	GC
1	24710064	15	GA
1	24710700	636	GA
1	24712310	1468	TC
1	24715076	2008	GA
1	24715234	158	CA
1	24715252	18	AG
1	24715319	67	GA
1	24715486	167	GC
1	24715837	176	AG
1	24715844	7	AC
1	24715857	13	GA
1	24715946	89	TA
1	24716078	132	CT
1	24716095	17	GC
1	24716115	20	CT
1	24716159	44	CT
1	24716248	89	TG
1	24716255	7	TC
1	24716271	16	TA
1	24716465	25	AG
1	24716505	40	AG
1	24716557	28	AG
1	24716738	181	GA
1	24716812	74	AG
1	24716854	42	GT
1	24717015	67	AG
1	24717101	86	GC
1	24717212	111	GA
1	24717285	73	CT
1	24717390	105	TC
1	24717567	177	TC
1	24718178	412	TC
1	24718533	330	TC
1	24718554	21	GA
1	24718566	12	GA
1	24718570	4	TC
1	24718607	37	GA
1	24718625	18	GA
1	24718863	238	AG
1	24719813	950	GA
1	24719922	109	TC
1	24719925	3	TC
1	24721648	1113	GA
1	24721819	171	CA
1	24722504	649	CT
1	24723844	1340	CT
1	24724203	326	CT
1	24724478	275	GA
1	24725686	1208	CG
1	24725971	285	TC
1	24726094	123	GA
1	24727187	597	CA
1	24727345	158	TC
1	24727401	56	AT
1	24727533	56	GT
1	24727545	12	TG
1	24727546	1	GA
1	24727935	389	AG
1	24728358	423	CA
1	24728675	317	TG
1	24729004	189	AG
1	24729053	49	GC
1	24729321	268	GC
1	24730363	895	TC
1	24730676	313	CT
1	24730686	10	CT
1	24730797	111	AG
1	24731553	535	TC
1	24733513	866	CT
1	24733569	56	GA
1	24734149	580	TC
1	24734195	46	TC
1	24734927	460	GC
1	24735445	518	GA
1	24736387	350	AG
1	24737709	1051	GA
1	24737936	227	GA
1	24738354	389	AG
1	24740913	1256	CT
1	24740942	29	GA
1	24741174	232	CT
1	24741214	40	GA
1	24741477	263	CT
1	24741813	336	CT
1	24741945	132	CG
1	24742243	264	CA
1	24742408	165	GA
1	24742655	247	CT
1	24743048	331	CT
1	24743350	302	CG
1	24743449	99	TC
1	24743674	225	GA
1	24743800	126	TC
1	24744092	292	GA
1	24744206	114	TG
1	24744212	6	TC
1	24744279	67	TC
1	24744528	249	GA
1	24744685	157	GA
1	24744930	245	CA
1	24745261	331	TC
1	24745372	111	CT
1	24745710	294	TC
1	24745946	236	AG
1	24746443	394	TG
1	24746782	231	AG
1	24747507	272	GA
1	24747596	89	TC
1	24747701	105	AG
1	24748446	657	AG
1	24749522	1076	GA
1	24749573	51	GA
1	24750009	390	GA
1	24750037	28	CT
1	24750104	67	GA
1	24750236	132	GA
1	24751063	734	AG
1	24751115	52	CT
1	24751165	50	CT
1	24751207	42	CA
1	24751301	94	CT
1	24754533	2404	CT
1	24757646	2613	TA
1	24759027	1080	AG
1	24759058	31	TG
1	24759115	57	CA
1	24760217	747	GA
1	24760339	122	TC
1	24760776	399	AT
1	24760819	43	GA
1	24761823	829	TC
1	24767293	4929	AG
1	24767802	345	GC
1	24769074	1272	AG
1	24769123	49	TC
1	24769448	325	AT
1	24770211	632	CT
1	24770261	50	AG
1	24770323	62	CT
1	24770470	147	GT
1	24770658	188	GC
1	24770823	165	CT
1	24771122	299	TC
1	24771210	88	CT
1	24771360	150	AG
1	24771409	49	CT
1	24771833	424	GA
1	24771858	25	CT
1	24772181	323	GC
1	24773410	978	AG
1	24773588	178	TC
1	24774510	859	GA
1	24775183	381	GA
1	24775472	289	CG
1	24776226	754	AG
1	24776435	209	AG
1	24777074	464	GC
1	24777117	43	TC
1	24777808	188	CT
1	24777809	1	GC
1	24778046	237	CA
1	24778120	74	GA
1	24778128	8	AG
1	24778181	53	GA
1	24778276	95	TC
1	24778299	23	GA
1	24778387	88	GA
1	24778550	163	CT
1	24778936	386	TC
1	24779184	248	AG
1	24779436	252	AG
1	24780796	853	GT
1	24780881	85	GA
1	24780928	47	CT
1	24781019	91	TC
1	24781093	74	AT
1	24781108	15	AG
1	24781184	76	TG
1	24781274	90	CA
1	24781842	568	CA
1	24786901	3228	GA
1	24786986	85	GA
1	24788150	458	CT
1	24788229	79	GT
1	24788529	300	CG
1	24789284	298	CT
1	24789705	211	AG
1	24789974	269	GT
1	24790138	164	AG
1	24790297	159	TC
1	24790420	123	GA
1	24790716	91	CT
1	24791016	238	CT
1	24791056	40	CT
1	24791144	88	GA
1	24791179	35	CG
1	24791249	70	AG
1	24791273	24	TC
1	24792563	563	AC
1	24794934	1296	TC
1	24796082	1148	CT
1	24796091	9	AG
1	24796310	219	CT
1	24796386	76	CT
1	24796413	27	TC
1	24796876	463	GT
1	24797953	771	GA
1	24797965	12	AG
1	24797998	33	CT
1	24798125	55	GT
1	24798385	260	GC
1	24798473	88	AC
1	24798573	100	CA
1	24798826	253	GC
1	24798978	152	TC
1	24799086	108	GA
1	24799374	288	GT
1	24799708	237	AG
1	24799918	149	TC
1	24800463	545	AG
1	24802210	1705	GA
1	24802222	12	CT
1	24802887	328	TC
1	24802948	61	CG
1	24803105	157	CT
1	24803226	121	AG
1	24803532	306	AC
1	24804481	860	AG
1	24804768	287	GA
1	24804864	96	TC
1	24805629	765	GA
1	24805814	185	GA
1	24805849	35	AG
1	24806605	756	CG
1	24806616	11	GA
1	24806650	34	GA
1	24806691	41	AG
1	24807578	597	AG
1	24808153	456	GC
1	24808419	266	GT
1	24808616	197	GA
1	24808876	260	TA
1	24809195	319	AG
1	24819780	7137	CT
1	24826203	5840	CT
1	24826520	317	CT
1	24826800	280	CT
1	24827315	139	AG
1	24827579	264	CT
1	24827761	28	AG
1	24828174	413	GA
1	24829364	1190	CT
1	24831273	1331	GA
1	24832299	527	CT
1	24832676	46	CA
1	24833076	214	GA
1	24833154	78	CG
1	24833167	13	GA
1	24833504	302	CG
1	24833810	230	AG
1	24833866	56	TC
1	24834166	300	CT
1	24834191	25	CT
1	24834285	94	GA
1	24834308	23	TC
1	24834373	65	TG
1	24834572	199	TG
1	24834605	33	CT
1	24834620	15	GA
1	24834687	67	AG
1	24834781	94	GA
1	24834969	93	TA
1	24834986	17	GA
1	24835064	78	GA
1	24835114	50	TC
1	24835188	74	CG
1	24835675	487	GA
1	24835794	119	TC
1	24836039	245	TC
1	24837205	406	TC
1	24837246	41	AG
1	24837714	248	TC
1	24837725	11	TA
1	24837761	36	TC
1	24838183	422	TC
1	24838500	317	CT
1	24838628	128	CT
1	24838809	181	AG
1	24839747	264	GA
1	24839860	113	GT
1	24839973	113	AG
1	24840397	424	GA
1	24841064	85	AG
1	24842566	1340	GA
1	24842583	17	CT
1	24842600	17	CT
1	24852823	8476	CT
1	24854549	886	GA
1	24856160	1558	TA
1	24857397	973	CT
1	24858370	719	TC
1	24861031	1250	GA
1	24861541	510	CT
1	24861573	32	CT
1	24862464	556	AG
1	24864385	1523	CT
1	24869541	3148	TC
1	24869883	315	CT
1	24871003	1120	GA
1	24871063	60	GA
1	24871088	25	AG
1	24871171	83	GA
1	24871211	40	TC
1	24871524	313	AT
1	24872848	484	CT
1	24873061	213	AG
1	24873636	209	TC
1	24874067	431	CT
1	24874147	80	CT
1	24874149	2	TC
1	24874401	190	AG
1	24874777	376	TC
1	24874797	20	GC
1	24876387	928	GA
1	24876617	189	GA
1	24880555	1988	CA
1	24880571	16	AC
1	24884213	1854	CG
1	24884615	314	CT
1	24884626	11	CT
1	24885087	461	GC
1	24885285	198	AG
1	24885322	37	GC
1	24885335	13	AT
1	24885393	58	TC
1	24885636	243	AG
1	24885651	15	CT
1	24885874	223	CT
1	24886725	576	AG
1	24886735	10	AT
1	24886759	24	TC
1	24886767	8	GA
1	24886890	123	AG
1	24886933	43	TG
1	24886937	4	AG
1	24886976	39	GC
1	24886983	7	GC
1	24886994	11	GA
1	24887072	78	TA
1	24887078	6	AG
1	24887085	7	TA
1	24887086	1	AG
1	24887140	54	GA
1	24887181	41	GC
1	24887193	12	GA
1	24887259	66	AG
1	24887305	46	AG
1	24887410	105	GA
1	24887433	23	CT
1	24887514	81	TC
1	24887721	207	GA
1	24888023	226	GA
1	24888694	457	CT
1	24890713	1076	GA
1	24890752	39	CT
1	24890753	1	GA
1	24890797	44	CT
1	24890807	10	CT
1	24890929	122	CT
1	24891143	214	GA
1	24891254	111	CT
1	24891368	114	TC
1	24891634	266	CT
1	24891873	239	GC
1	24892580	644	AG
1	24892877	179	AG
1	24892894	17	TC
1	24893035	141	CT
1	24897907	3512	AG
1	24900249	1149	TC
1	24903541	2272	CG
1	24906390	2289	TC
1	24907116	458	TA
1	24907400	284	GT
1	24907407	7	TA
1	24909456	1107	GA
1	24909882	278	AG
1	24909974	92	CT
1	24910056	82	AG
1	24910476	259	GA
1	24910482	6	TC
1	24911106	624	GT
1	24911414	308	GA
1	24911646	232	AG
1	24911745	99	TC
1	24912617	579	CT
1	24912705	88	GC
1	24915021	733	AG
1	24915167	146	AG
1	24915197	30	GC
1	24915233	36	GA
1	24915579	346	AG
1	24915585	6	GA
1	24915602	17	GA
1	24915609	7	CT
1	24916200	290	AG
1	24918765	1867	TC
1	24918793	28	CA
1	24919232	439	CG
1	24921283	1007	CT
1	24923356	2073	CT
1	24923405	49	CT
1	24923459	54	CT
1	24924143	684	AG
1	24924423	145	GA
1	24929304	1359	TC
1	24930063	672	GA
1	24930280	217	CT
1	24930308	28	AG
1	24931677	1096	AG
1	24934270	1962	AT
1	24934355	85	CT
1	24934367	12	AG
1	24934568	135	TA
1	24934571	3	CA
1	24934607	36	AG
1	24934651	44	GA
1	24934797	146	TG
1	24934799	2	AG
1	24934942	143	TC
1	24934966	24	TC
1	24935072	106	TC
1	24935094	22	GA
1	24935241	147	AT
1	24935542	171	GA
1	24935818	276	AG
1	24936127	309	GA
1	24936371	244	GA
1	24936709	338	TG
1	24937459	381	AG
1	24941192	2697	CT
1	24941202	10	CG
1	24944895	1955	AT
1	24945390	456	CT
1	24946198	808	AG
1	24946321	123	TC
1	24946960	639	CT
1	24947348	388	GA
1	24947508	160	TG
1	24949349	860	GC
1	24949383	34	AG
1	24949448	65	GA
1	24950832	1384	CA
1	24951117	262	TC
1	24952334	424	GA
1	24952778	386	GT
1	24953532	117	GA
1	24953533	1	GA
1	24956063	292	GA
1	24956086	23	TG
1	24956089	3	CT
1	24956130	41	AG
1	24956520	390	AG
1	24956870	350	AG
1	24956914	44	TC
1	24959917	692	AG
1	24961109	853	CT
1	24961607	58	TA
1	24961668	61	AG
1	24961763	95	CT
1	24961772	9	TC
1	24961797	25	AT
1	24961996	199	CG
1	24984017	14214	TC
1	24984118	101	AC
1	24984130	12	AG
1	24984250	120	CT
1	24984414	164	GA
1	24986361	1287	CT
1	24986391	30	TC
1	24997329	3641	TC
1	24997404	75	GA
1	24997521	117	GA
1	25048196	48196	GT
1	25052950	4453	TC
1	25054081	1049	GA
1	25054307	226	CT
1	25054678	371	GA
1	25055341	663	AG
1	25055531	190	GC
1	25055567	36	GC
1	25057169	1260	CT
1	25057248	79	CT
1	25057290	42	AC
1	25058303	1013	CT
1	25058362	59	CG
1	25059044	682	CT
1	25060207	988	TC
1	25060369	162	AG
1	25060870	462	CT
1	25061939	905	AG
1	25062746	774	GA
1	25068096	3872	GA
1	25069815	1533	CT
1	25070618	803	CT
1	25070619	1	GA
1	25072907	2218	AG
1	25073738	831	AG
1	25073887	149	CT
1	25075437	1506	GT
1	25077508	1781	GA
1	25077610	102	GC
1	25077632	22	TA
1	25081023	2242	CT
1	25081286	239	GA
1	25083612	2292	TC
1	25083759	147	CT
1	25083894	135	CT
1	25084158	264	AG
1	25084354	196	CT
1	25084379	25	GA
1	25084553	174	TC
1	25084574	21	CA
1	25084641	67	CT
1	25084645	4	GA
1	25084718	73	TC
1	25085145	392	CT
1	25085159	14	AG
1	25085228	69	AG
1	25085442	214	TC
1	25087023	1581	GA
1	25088022	740	AG
1	25088082	60	TC
1	25088230	148	CT
1	25088479	249	AG
1	25088813	334	CT
1	25088913	100	TC
1	25088990	77	GA
1	25089539	549	TC
1	25089760	221	TC
1	25090220	460	AC
1	25090297	77	CT
1	25090645	251	TC
1	25090652	7	TC
1	25090784	132	GA
1	25090791	7	CT
1	25090799	8	CG
1	25090940	141	GA
1	25091081	141	CT
1	25091104	23	CT
1	25091261	157	GA
1	25091342	81	CT
1	25091366	24	TC
1	25091727	96	GA
1	25092165	438	TC
1	25092957	315	TG
1	25092958	1	CA
1	25092970	12	GA
1	25092986	16	CT
1	25093121	135	GA
1	25093159	38	CT
1	25093279	120	GA
1	25093731	452	AC
1	25093936	205	TC
1	25094309	373	GA
1	25094723	346	CT
1	25094738	15	TC
1	25094750	12	GA
1	25094842	92	TC
1	25094968	126	AG
1	25095331	363	GC
1	25095420	89	AG
1	25095441	21	CT
1	25095558	117	AG
1	25095821	263	GA
1	25095925	104	CT
1	25095950	25	CG
1	25097255	138	GA
1	25097298	43	TA
1	25097311	13	TC
1	25097321	10	AC
1	25097406	85	CT
1	25097436	30	CG
1	25097438	2	AG
1	25097682	244	CT
1	25098036	354	CT
1	25098101	65	CT
1	25098110	9	TC
1	25098258	148	GC
1	25098517	259	AG
1	25098996	479	GC
1	25099027	31	AG
1	25099114	87	CG
1	25099140	26	TC
1	25099141	1	GA
1	25099163	22	GC
1	25099497	334	TC
1	25099525	28	CT
1	25099647	122	TC
1	25099669	22	AG
1	25099687	18	TC
1	25101367	339	GA
1	25102264	595	CT
1	25103786	1411	GA
1	25122120	11674	TC
1	25123974	319	CA
1	25124938	261	GA
1	25126493	281	AG
1	25126602	109	AC
1	25127312	222	GA
1	25127685	5	TG
1	25127768	83	CT
1	25128156	388	TC
1	25128294	138	CT
1	25133075	3812	AC
1	25133477	91	AG
1	25136057	1372	CG
1	25143371	4262	GC
1	25143378	7	GC
1	25150780	4784	AG
1	25151038	151	CT
1	25151422	384	AC
1	25156391	4571	CT
1	25161187	2937	CT
1	25164612	2739	AG
1	25165063	451	AT
1	25165237	127	GA
1	25167031	1561	TG
1	25167474	346	AG
1	25167810	287	CT
1	25167905	95	TC
1	25167961	56	AG
1	25168188	227	GA
1	25168378	190	TC
1	25168384	6	GA
1	25168639	189	TC
1	25168654	15	TC
1	25168756	102	TC
1	25169662	152	TC
1	25169749	87	CA
1	25169935	151	CT
1	25169984	49	GA
1	25170062	78	CT
1	25171110	1048	AG
1	25171193	83	CG
1	25171554	361	CA
1	25171808	159	CT
1	25172835	1027	TC
1	25172930	95	GA
1	25173541	611	TC
1	25173980	308	CT
1	25174515	535	CG
1	25175049	534	TC
1	25175100	51	GC
1	25175139	39	CT
1	25175491	321	GA
1	25176009	518	TG
1	25176168	159	GC
1	25176249	81	TC
1	25176487	238	TG
1	25176493	6	TC
1	25176776	283	TA
1	25176819	43	CT
1	25176942	123	CG
1	25177025	83	GA
1	25177724	699	CT
1	25177819	95	AG
1	25177857	38	GA
1	25178753	896	GT
1	25178843	90	GA
1	25179059	216	GC
1	25179299	240	TG
1	25179607	308	TG
1	25183231	2954	GC
1	25183284	53	GA
1	25184042	758	CT
1	25184937	895	TC
1	25185924	895	GA
1	25186817	893	GT
1	25187629	812	AG
1	25187703	74	TG
1	25190857	2888	GA
1	25192077	1220	CT
1	25192925	507	GA
1	25193617	692	AG
1	25193829	212	CT
1	25194300	471	CT
1	25194610	310	GA
1	25195100	490	GA
1	25195969	869	GT
1	25196156	187	TG
1	25197152	996	TC
1	25197944	792	CG
1	25198302	358	GA
1	25198402	100	AG
1	25198476	74	CT
1	25198693	217	AG
1	25199027	275	CT
1	25199634	607	GC
1	25199671	37	CT
1	25199891	220	CT
1	25200568	677	GA
1	25205728	4800	GT
1	25209221	2911	GT
1	25210086	865	AG
1	25210308	222	TC
1	25210796	488	GT
1	25211072	276	AC
1	25211670	580	GA
1	25212148	478	TC
1	25212161	13	AG
1	25212317	156	GA
1	25212894	577	CT
1	25213712	818	CG
1	25214699	964	GT
1	25214999	300	GA
1	25216498	1018	CT
1	25216660	118	CT
1	25216937	277	TC
1	25217429	40	CT
1	25217604	175	GA
1	25217632	28	TG
1	25217644	12	CT
1	25218030	386	CT
1	25220785	2755	TC
1	25221142	357	GA
1	25222153	1011	CA
1	25222249	96	AG
1	25222735	312	TC
1	25246208	14361	GA
1	25248344	2136	GC
1	25250045	1428	TC
1	25250145	100	CT
1	25250153	8	TC
1	25250689	177	CT
1	25250699	10	GA
1	25256253	4410	AG
1	25257138	609	AG
1	25258560	930	AG
1	25260900	2031	CT
1	25264986	2600	GA
1	25267947	1574	AG
1	25267955	8	CA
1	25268626	671	CT
1	25271699	1470	AG
1	25271790	91	TC
1	25272638	806	GT
1	25272828	190	AG
1	25273272	444	GT
1	25273309	37	CT
1	25274050	352	AG
1	25274141	91	TC
1	25275323	918	GA
1	25275635	145	CG
1	25275680	45	CT
1	25275898	218	CA
1	25276590	496	CT
1	25278093	1462	TC
1	25278215	122	GC
1	25278455	240	TC
1	25278876	421	TG
1	25278993	117	AG
1	25279676	287	GA
1	25279797	121	GA
1	25280078	281	TG
1	25280294	216	AG
1	25280438	144	CT
1	25280824	386	AG
1	25281667	546	TA
1	25283522	1588	TC
1	25283530	8	GA
1	25283531	1	AT
1	25284026	495	TA
1	25284710	684	AG
1	25284722	12	GA
1	25284958	236	CT
1	25286569	1574	GC
1	25286911	152	CT
1	25287284	373	AC
1	25290277	1632	CA
1	25290559	242	GA
1	25292141	1582	AG
1	25292247	106	TC
1	25293648	769	AG
1	25296604	1953	AG
1	25296995	391	AC
1	25297693	698	AC
1	25300013	1086	TC
1	25300421	309	TG
1	25300932	344	TC
1	25300955	23	CT
1	25301256	154	GC
1	25301646	189	CT
1	25301982	336	CA
1	25302160	178	AC
1	25302298	138	CA
1	25302366	68	CT
1	25302427	61	AG
1	25302607	180	AC
1	25302652	45	AT
1	25302741	89	TC
1	25303406	630	TC
1	25303456	50	CT
1	25303728	272	TC
1	25303775	47	TC
1	25303896	121	CT
1	25304301	242	AC
1	25304419	7	TC
1	25304464	45	TC
1	25305095	495	AG
1	25305742	187	AC
1	25305818	76	CG
1	25306028	210	CA
1	25306150	122	CT
1	25306683	235	AC
1	25306738	55	TC
1	25306895	157	TC
1	25307101	206	TC
1	25307321	220	AG
1	25307857	214	TC
1	25307976	119	GA
1	25308113	137	CT
1	25308390	277	CA
1	25308813	423	GA
1	25308981	168	AT
1	25308982	1	AT
1	25311695	518	GA
1	25311793	98	CT
1	25311838	45	TA
1	25313099	477	CA
1	25328446	1165	TC
1	25329619	1015	CG
1	25329748	129	CA
1	25329925	177	TC
1	25330775	850	GA
1	25332009	1234	TC
1	25332046	37	GA
1	25333140	444	AT
1	25333732	248	CA
1	25334006	274	AG
1	25334653	647	GT
1	25340290	415	CT
1	25340848	186	CA
1	25345717	3106	GT
1	25345885	168	GT
1	25345928	43	CG
1	25346164	236	AC
1	25347206	922	GA
1	25347802	316	CT
1	25347913	111	AC
1	25347992	79	CT
1	25348296	304	AG
1	25348867	571	CT
1	25356751	3016	CA
1	25357341	590	AT
1	25363718	2927	TC
1	25369557	2697	GA
1	25373799	3150	GC
1	25375117	1318	TC
1	25385446	4974	GA
1	25397981	10849	TC
1	25398774	571	TC
1	25400479	477	TC
1	25401558	897	AC
1	25402076	481	GA
1	25402111	35	AG
1	25402748	637	CA
1	25403705	340	CT
1	25404665	156	AG
1	25404846	181	AG
1	25404874	28	AG
1	25404961	87	CT
1	25404985	24	TC
1	25405030	45	CG
1	25407164	289	GA
1	25407418	254	AG
1	25407870	452	TG
1	25408703	793	GC
1	25409083	380	AT
1	25410185	368	TC
1	25410437	252	AG
1	25419554	5461	AG
1	25419648	94	CT
1	25423155	895	CG
1	25424929	1268	GA
1	25426837	1476	GA
1	25427388	420	GC
1	25427527	139	GA
1	25429208	1240	GC
1	25431900	1851	GC
1	25432086	186	TC
1	25433842	1276	GC
1	25435497	1350	AC
1	25435519	22	AG
1	25435595	76	GA
1	25436130	482	TC
1	25437211	343	TC
1	25437394	183	TC
1	25438620	1008	AG
1	25438686	66	TC
1	25439064	240	GA
1	25439155	91	TC
1	25439199	44	CT
1	25439280	81	CT
1	25439851	329	TC
1	25441538	885	CT
1	25441677	139	TC
1	25442034	357	TC
1	25442061	27	CT
1	25442986	865	CT
1	25444278	853	GT
1	25446480	1235	GA
1	25447182	449	CA
1	25447335	153	GA
1	25448819	511	GA
1	25450406	1129	GA
1	25450737	331	AC
1	25451063	326	CT
1	25451142	79	GA
1	25451263	121	CT
1	25453236	878	GA
1	25453628	349	CT
1	25454284	451	GA
1	25454362	78	GA
1	25454466	104	CT
1	25455299	334	CT
1	25455317	18	GA
1	25455500	183	CA
1	25456416	503	AG
1	25456856	440	GT
1	25459275	1771	GA
1	25459427	152	GA
1	25459844	308	GT
1	25460116	272	GA
1	25460247	131	GT
1	25461710	688	CG
1	25463613	1241	AG
1	25463672	59	CG
1	25463706	34	AG
1	25463783	77	CT
1	25464042	259	GT
1	25466440	1663	GT
1	25466530	90	AG
1	25466566	36	AG
1	25466684	118	CT
1	25466712	28	TC
1	25467710	669	CT
1	25468141	98	TC
1	25469589	578	GA
1	25469601	12	GA
1	25469602	1	GA
1	25469608	6	GC
1	25469802	34	GA
1	25470068	121	CT
1	25470105	37	CT
1	25470302	197	AG
1	25471625	896	GA
1	25471639	14	GA
1	25473118	418	GA
1	25473974	52	GC
1	25475052	1026	GA
1	25476304	1014	GA
1	25478270	1482	GA
1	25478436	166	GT
1	25478920	484	GC
1	25478922	2	TG
1	25479881	618	GA
1	25483385	1796	GA
1	25483805	420	CT
1	25484949	815	TC
1	25485895	314	CT
1	25485915	20	GA
1	25486448	225	AG
1	25488391	1349	CA
1	25489005	161	AG
1	25489453	227	GA
1	25489509	56	GC
1	25489515	6	CT
1	25489779	264	TC
1	25490662	415	GA
1	25490668	6	GA
1	25492105	786	AG
1	25492769	239	TC
1	25492807	38	GA
1	25493245	438	AG
1	25493629	384	AG
1	25493679	50	AG
1	25493839	160	TC
1	25496428	2496	CT
1	25497325	659	GT
1	25497339	14	GC
1	25497363	24	GA
1	25497540	177	AG
1	25497721	181	CA
1	25498323	602	GA
1	25499660	875	AT
1	25501143	1096	TC
1	25501338	195	AG
1	25503362	1857	GA
1	25503438	76	CT
1	25503762	233	TC
1	25504044	282	GA
1	25509904	4582	CT
1	25515644	4025	GT
1	25516747	503	CT
1	25519247	2145	GA
1	25523333	2606	AT
1	25530610	6057	TC
1	25530679	69	GA
1	25531513	834	CT
1	25532325	430	AG
1	25542009	3660	CT
1	25542759	446	CT
1	25544193	1434	GA
1	25545190	997	CT
1	25546592	842	AG
1	25546676	84	TC
1	25546809	133	GA
1	25547063	254	CA
1	25547073	10	AT
1	25547226	153	CT
1	25547290	64	AG
1	25547605	315	GA
1	25548020	415	CT
1	25548347	327	CT
1	25548441	94	TC
1	25561980	3122	CT
1	25562172	192	GA
1	25567937	2960	GA
1	25569592	249	CT
1	25569813	221	AC
1	25569836	23	AG
1	25569886	50	GA
1	25570604	239	GT
1	25570710	106	TC
1	25570848	138	TC
1	25570855	7	GC
1	25571945	794	TC
1	25572459	514	TC
1	25573339	139	CT
1	25573468	129	GA
1	25574543	1048	TC
1	25574614	71	TC
1	25574976	222	AG
1	25574981	5	CT
1	25575149	168	AG
1	25575311	162	TC
1	25575594	231	GC
1	25575839	245	TC
1	25575921	82	GA
1	25576216	274	GA
1	25576631	415	TC
1	25576672	41	TC
1	25576673	1	GA
1	25577365	473	AG
1	25577651	136	AG
1	25578386	471	CG
1	25578516	130	AG
1	25578546	30	GA
1	25578793	247	AG
1	25579602	809	CT
1	25580969	1281	GA
1	25581507	538	GT
1	25583175	1668	AG
1	25587391	3660	CG
1	25587393	2	TG
1	25587512	119	AC
1	25588022	510	AG
1	25588175	129	GT
1	25588657	457	AT
1	25590402	1036	GA
1	25591642	1240	CT
1	25591664	22	TC
1	25591722	58	CT
1	25592840	524	TC
1	25593156	316	GA
1	25597197	3390	AC
1	25597866	628	TG
1	25598400	534	CA
1	25601680	2402	GA
1	25606525	4248	AG
1	25606529	4	GC
1	25607660	1011	TC
1	25607796	136	CT
1	25607947	151	TC
1	25607966	19	TA
1	25608025	59	GA
1	25608152	127	TC
1	25608549	397	GC
1	25609009	188	GA
1	25609259	250	GA
1	25609279	20	CT
1	25609479	200	GA
1	25609520	41	TC
1	25609525	5	AG
1	25609636	111	GC
1	25609641	5	TC
1	25609717	76	GC
1	25609780	63	CT
1	25610031	65	CT
1	25610201	170	TC
1	25610880	679	TC
1	25611419	539	GA
1	25611913	494	CT
1	25611931	18	TC
1	25612032	71	CT
1	25612781	558	TC
1	25612786	5	AT
1	25613385	410	GC
1	25613552	167	GT
1	25614030	478	TC
1	25614465	435	CT
1	25614566	101	TC
1	25614567	1	GA
1	25614811	216	AG
1	25615033	222	AG
1	25615400	162	TG
1	25615437	37	TC
1	25615506	69	GA
1	25615516	10	AG
1	25615658	142	CT
1	25615676	18	CG
1	25615865	189	CT
1	25616007	142	GA
1	25616289	282	CT
1	25616393	104	GA
1	25616476	83	GA
1	25616480	4	TG
1	25617246	512	GC
1	25617290	44	AG
1	25617644	307	GT
1	25617708	64	CG
1	25617710	2	GA
1	25617716	6	CT
1	25617767	51	AG
1	25617856	89	TG
1	25617886	30	CT
1	25617928	42	TC
1	25618082	154	GA
1	25618110	28	CT
1	25618182	72	TC
1	25618201	19	GA
1	25618316	115	GT
1	25618366	50	AG
1	25618411	45	AG
1	25618939	476	CT
1	25619310	371	CT
1	25619319	9	CT
1	25619324	5	CT
1	25619983	659	AG
1	25620415	432	GA
1	25621410	889	CT
1	25621598	188	CT
1	25622397	799	AG
1	25622478	46	TC
1	25622482	4	AG
1	25623045	563	AG
1	25623302	45	GA
1	25623339	37	CT
1	25623460	121	CT
1	25623536	76	CG
1	25624502	927	AG
1	25624873	67	AG
1	25624910	37	CA
1	25624998	88	GT
1	25625013	15	GA
1	25625098	85	TC
1	25628439	3277	GT
1	25628776	179	GA
1	25628802	26	AG
1	25630059	1117	GA
1	25634725	3493	TC
1	25634734	9	TG
1	25635497	214	CT
1	25636132	539	GA
1	25636175	43	AG
1	25636177	2	GA
1	25636263	86	TG
1	25636305	42	CT
1	25636359	54	CA
1	25636410	51	TA
1	25636460	50	CT
1	25636625	165	TC
1	25636901	168	GA
1	25637181	88	GC
1	25637270	89	CT
1	25640612	2264	CT
1	25641845	242	GA
1	25643201	1014	AC
1	25643519	200	CT
1	25643863	344	AG
1	25648289	2548	CT
1	25650465	1467	AG
1	25650579	114	CG
1	25650583	4	CA
1	25650584	1	AG
1	25650705	121	CG
1	25650706	1	TG
1	25650798	92	AG
1	25650866	68	GA
1	25650933	67	GC
1	25650962	29	GA
1	25651168	206	GA
1	25651798	630	AG
1	25651818	20	TC
1	25652008	115	CT
1	25652208	200	AG
1	25652231	23	AG
1	25652264	33	CA
1	25652401	25	CT
1	25652429	28	GA
1	25653109	680	CT
1	25653233	124	AC
1	25653473	240	CA
1	25654541	1068	GA
1	25654600	59	CT
1	25655083	483	TC
1	25655150	67	CT
1	25655537	387	CT
1	25656159	622	CT
1	25656339	180	GT
1	25656374	35	GA
1	25656386	12	CT
1	25656705	319	CT
1	25656989	284	GA
1	25657405	416	AG
1	25657525	120	GA
1	25657567	42	CT
1	25657765	198	TG
1	25657863	98	AG
1	25658007	144	CA
1	25658095	88	CT
1	25658286	191	CA
1	25658425	139	GA
1	25660006	1022	GA
1	25660025	19	AG
1	25660132	107	TC
1	25660151	19	TC
1	25660362	211	GA
1	25660390	28	CG
1	25660438	48	CG
1	25660486	48	AC
1	25660521	35	TC
1	25660734	213	CT
1	25660924	190	GT
1	25661386	209	CT
1	25661398	12	CT
1	25661654	214	GA
1	25661839	185	AG
1	25662113	274	TC
1	25662137	24	GA
1	25662200	63	CT
1	25662503	224	AC
1	25662688	185	AG
1	25662751	63	TC
1	25663617	522	AC
1	25663823	206	AG
1	25663980	157	AG
1	25664001	21	GA
1	25664795	413	TC
1	25664877	82	GA
1	25665043	166	TC
1	25665132	89	GA
1	25665927	795	CT
1	25666278	351	CT
1	25670535	3817	CT
1	25672303	1581	CT
1	25672352	49	GA
1	25673811	1259	CG
1	25673872	61	CT
1	25673954	82	TG
1	25674673	719	GA
1	25675540	806	CT
1	25675945	405	AG
1	25676151	206	CT
1	25676154	3	CT
1	25676400	246	AG
1	25676410	10	CG
1	25676431	21	GA
1	25676660	229	TC
1	25677043	383	AG
1	25677468	425	CT
1	25677487	19	TC
1	25677968	481	TC
1	25678008	40	AG
1	25678167	159	TC
1	25678218	51	CT
1	25678234	16	GA
1	25678346	112	GA
1	25678398	52	GA
1	25678438	40	AG
1	25678644	206	AG
1	25678676	32	GA
1	25679242	407	CT
1	25679636	394	CT
1	25679742	106	CT
1	25679764	22	CT
1	25679792	28	CT
1	25679801	9	CG
1	25679958	157	CG
1	25680009	51	GA
1	25680428	232	CT
1	25680487	59	CA
1	25680756	269	AG
1	25680834	78	CT
1	25680862	28	TA
1	25681447	521	AG
1	25681452	5	CT
1	25684578	905	CT
1	25685241	663	CT
1	25689351	3744	CT
1	25690970	1619	GA
1	25696888	4900	CT
1	25699933	2380	CT
1	25700122	189	GA
1	25700754	632	CT
1	25701700	417	AG
1	25701712	12	AG
1	25702133	421	AT
1	25702646	210	TC
1	25704394	1624	CG
1	25705630	843	CT
1	25709214	3510	TG
1	25710100	305	AG
1	25710946	827	CA
1	25711631	451	GA
1	25712988	1025	TC
1	25714091	833	AG
1	25714100	9	GA
1	25714101	1	TC
1	25714265	164	CG
1	25714692	427	CG
1	25716485	1325	CG
1	25716940	149	GA
1	25717083	143	TG
1	25717617	534	TC
1	25718424	807	AC
1	25718530	106	CT
1	25718613	83	TC
1	25718857	244	CG
1	25719127	270	AG
1	25719158	31	GA
1	25719358	200	CT
1	25719456	98	AG
1	25719726	270	GC
1	25719898	172	TC
1	25720353	177	TG
1	25723141	1518	AG
1	25723159	18	GA
1	25723384	225	TC
1	25725375	901	AG
1	25726032	520	TC
1	25726039	7	AG
1	25726141	102	CT
1	25726230	89	GA
1	25726572	342	GC
1	25726641	69	GT
1	25726971	330	GA
1	25727015	44	CT
1	25727045	30	GT
1	25727067	22	CT
1	25727245	178	GC
1	25727411	166	AG
1	25727477	66	GA
1	25727565	88	CA
1	25727705	140	CT
1	25727761	56	CA
1	25728008	247	TC
1	25728068	60	TC
1	25728077	9	GA
1	25728116	39	TC
1	25728294	178	CT
1	25728903	592	CA
1	25729089	186	TC
1	25729157	68	CG
1	25729396	239	TC
1	25729822	408	CT
1	25731158	931	GT
1	25731433	275	TC
1	25731738	305	CT
1	25731795	57	AG
1	25732037	242	TC
1	25732185	148	GC
1	25732413	228	AG
1	25732771	358	AG
1	25732819	48	TC
1	25733195	376	GC
1	25733339	144	AG
1	25733489	150	GA
1	25733818	329	GA
1	25734406	413	TC
1	25734598	118	CA
1	25735314	422	GA
1	25737426	1448	CA
1	25737437	11	AT
1	25737452	15	AG
1	25737912	259	CT
1	25737921	9	TC
1	25738409	271	CT
1	25738896	487	TC
1	25740621	1725	AG
1	25741376	212	GA
1	25741491	115	CT
1	25741769	278	GA
1	25741841	72	AC
1	25741951	110	AG
1	25742097	146	TC
1	25743064	875	TC
1	25743300	153	CT
1	25743450	150	AC
1	25743748	298	TC
1	25748505	3845	GC
1	25749319	814	CT
1	25750536	656	CT
1	25752472	1271	CT
1	25753026	554	CT
1	25753253	227	CT
1	25753408	155	GA
1	25754449	748	AG
1	25755425	948	TC
1	25755630	205	CT
1	25755659	29	GA
1	25755676	17	GA
1	25756725	711	GA
1	25757526	801	TA
1	25758549	636	TC
1	25759588	776	AG
1	25760338	594	CT
1	25760707	369	AC
1	25760711	4	CG
1	25761211	500	CT
1	25762228	488	AT
1	25762354	126	CT
1	25762614	260	TC
1	25763548	499	GC
1	25764694	380	TC
1	25764742	48	CT
1	25764776	34	CT
1	25764870	94	CA
1	25764888	18	AG
1	25765144	256	AC
1	25765211	67	CT
1	25765292	81	GA
1	25765430	138	TG
1	25765434	4	CT
1	25765446	12	TC
1	25765457	11	TG
1	25765519	62	GA
1	25765626	107	AG
1	25765663	37	GC
1	25765677	14	GA
1	25765744	67	GA
1	25765808	64	GA
1	25766278	470	AT
1	25767479	1118	GA
1	25767690	211	CA
1	25768190	500	CT
1	25768541	351	AG
1	25768586	45	CA
1	25771486	2592	GC
1	25771756	270	CT
1	25771835	79	AG
1	25772311	97	CA
1	25772617	306	CT
1	25772633	16	CT
1	25772800	167	GC
1	25773243	443	AG
1	25773572	329	AG
1	25773726	154	GA
1	25777656	2756	AG
1	25778818	1162	GA
1	25781542	1623	GA
1	25783162	1156	CT
1	25788033	3825	GA
1	25788736	609	GA
1	25789912	858	GA
1	25789915	3	AG
1	25790362	251	CG
1	25790570	183	TC
1	25790625	55	TA
1	25791482	140	CT
1	25791575	93	AC
1	25792715	720	TC
1	25793059	133	AG
1	25793077	18	GA
1	25793133	56	CT
1	25793136	3	AG
1	25793151	15	GA
1	25793154	3	CA
1	25794253	1019	CT
1	25794572	295	GA
1	25794665	93	CT
1	25794721	56	CT
1	25794920	199	CT
1	25794970	50	AG
1	25795169	199	GA
1	25795551	382	GA
1	25795701	150	AG
1	25795758	57	AG
1	25796378	356	AG
1	25796555	177	GA
1	25796924	369	CT
1	25796950	26	GA
1	25796991	41	GA
1	25797085	94	AG
1	25797319	234	CT
1	25797572	253	TG
1	25797803	231	CT
1	25797976	173	TC
1	25799022	775	CT
1	25799110	88	GA
1	25799143	33	CG
1	25799804	558	CA
1	25802179	2356	AG
1	25804400	1786	CT
1	25804500	100	GA
1	25805034	267	CG
1	25805188	74	GA
1	25805304	116	AC
1	25807049	1182	GT
1	25809066	1065	GT
1	25809758	466	GA
1	25812530	1562	TC
1	25812531	1	GT
1	25812606	75	GT
1	25813160	554	CG
1	25848064	18189	GT
1	25848120	56	AG
1	25848124	4	CG
1	25867740	8265	TC
1	25871430	2916	GA
1	25872243	307	TC
1	25879970	2984	TC
1	25880222	39	GA
1	25881364	556	GA
1	25881490	126	CT
1	25881533	43	CG
1	25881733	200	GA
1	25882670	683	TC
1	25884444	1157	GT
1	25884653	209	GA
1	25886102	1145	CT
1	25886312	210	AG
1	25886627	315	AC
1	25886737	110	AT
1	25886739	2	GT
1	25886791	52	TA
1	25886867	76	CG
1	25886884	17	TC
1	25886945	61	GA
1	25886966	21	CT
1	25887003	37	CT
1	25887010	7	TC
1	25887053	43	GA
1	25887570	517	CG
1	25888242	628	TC
1	25888356	114	CT
1	25888549	168	GA
1	25888607	58	TC
1	25888640	33	CT
1	25889767	812	GA
1	25890347	295	CT
1	25890444	97	CT
1	25890559	115	TA
1	25890751	192	CA
1	25890885	134	GT
1	25891345	460	AG
1	25892150	751	GC
1	25892242	92	CT
1	25892248	6	CT
1	25893203	928	CT
1	25893651	448	CA
1	25893678	27	AT
1	25895201	933	CT
1	25895528	284	TC
1	25895578	50	GA
1	25895744	166	AC
1	25895855	111	GA
1	25895867	12	AG
1	25895963	96	TG
1	25896023	60	AT
1	25896031	8	TC
1	25896034	3	CG
1	25896086	52	TG
1	25896190	104	GC
1	25896384	194	CT
1	25896390	6	TC
1	25896431	41	TC
1	25896455	24	TC
1	25896497	42	GA
1	25898839	996	CT
1	25898900	61	GA
1	25898928	28	AG
1	25899230	302	TG
1	25899299	69	TC
1	25899302	3	AG
1	25899330	28	GC
1	25899379	49	AT
1	25899443	64	CT
1	25899551	108	GA
1	25899553	2	GT
1	25899976	238	TC
1	25899982	6	CT
1	25900012	30	CG
1	25900757	423	GA
1	25902448	810	TA
1	25902505	57	GT
1	25902893	59	TC
1	25903359	148	TA
1	25904260	567	AG
1	25904538	278	CT
1	25904614	76	TC
1	25904618	4	TC
1	25904774	156	CT
1	25904878	104	AG
1	25904917	39	GC
1	25905081	164	GA
1	25905223	142	AC
1	25905518	295	CT
1	25905546	28	AG
1	25906222	641	CG
1	25906380	158	TA
1	25906458	78	TC
1	25906475	17	GA
1	25906477	2	GC
1	25906749	272	AG
1	25907539	616	CA
1	25908011	472	AG
1	25908054	43	CT
1	25908403	154	AG
1	25908679	276	AT
1	25909141	256	GC
1	25910564	823	CT
1	25912977	1476	GA
1	25917460	2130	CA
1	25917474	14	AC
1	25917489	15	AC
1	25917544	55	TG
1	25917645	101	TC
1	25917742	97	CG
1	25924125	231	TC
1	25924293	168	AG
1	25924429	136	TC
1	25926522	841	CT
1	25926675	153	CT
1	25926839	164	GA
1	25926968	129	CT
1	25927493	176	CT
1	25927714	221	GA
1	25929030	476	CG
1	25929062	32	GA
1	25929312	250	TG
1	25929408	96	TC
1	25929443	35	AT
1	25929851	34	CA
1	25929949	98	GA
1	25930509	475	CT
1	25933663	1180	CT
1	25933908	245	AC
1	25933947	39	CA
1	25934001	54	CA
1	25934689	655	CA
1	25935073	40	CT
1	25937397	1060	TC
1	25937552	155	GC
1	25938497	568	AG
1	25939314	484	CT
1	25939486	172	CT
1	25942697	1038	TC
1	25942734	37	AG
1	25942843	109	CG
1	25942856	13	CT
1	25943028	102	TC
1	25943047	19	TC
1	25943345	298	GA
1	25943761	76	TC
1	25944068	307	AG
1	25944101	33	CT
1	25944255	127	TC
1	25945069	398	AT
1	25945296	227	CT
1	25945298	2	GT
1	25945948	216	CA
1	25946028	80	TC
1	25946038	10	GA
1	25946139	101	CT
1	25946291	152	CT
1	25946359	68	TC
1	25946370	11	CG
1	25946371	1	TG
1	25946595	224	CT
1	25946909	119	TC
1	25947124	215	GA
1	25948274	633	AG
1	25950164	660	CT
1	25950411	247	AG
1	25950592	131	AG
1	25950688	96	AG
1	25950805	117	GA
1	25952298	597	GA
1	25952307	9	AC
1	25952313	6	TC
1	25952316	3	GA
1	25952374	58	GA
1	25953198	73	GT
1	25953447	249	AC
1	25954087	437	AG
1	25954197	110	GA
1	25955440	442	TC
1	25955495	55	GA
1	25955998	503	GA
1	25956099	101	GA
1	25956820	721	GT
1	25957723	176	GA
1	25960503	1607	GA
1	25961371	608	TC
1	25961388	17	CT
1	25961442	54	TC
1	25961549	107	TG
1	25963660	909	GC
1	25973218	5366	CA
1	25977011	1034	AG
1	25977260	87	AG
1	25977279	19	GA
1	25977507	101	GA
1	25977637	130	CT
1	25978777	273	TC
1	25978778	1	AT
1	25978864	86	CT
1	25980717	1450	CT
1	25981653	161	GA
1	25982647	943	CT
1	25983016	369	TC
1	25984321	688	GA
1	25986961	2163	TA
1	25990667	2089	CT
1	25992104	691	TC
1	25992153	49	TC
1	25992691	521	AG
1	25992760	69	TC
1	25992852	92	AG
1	25993017	165	TC
1	25993141	124	CG
1	25993216	75	AT
1	25993432	216	GA
1	25993519	87	CT
1	25994102	73	TC
1	25994104	2	GC
1	25994145	41	CT
1	25994147	2	GA
1	25995727	366	GA
1	25995943	216	AG
1	25996110	125	TA
1	25996225	115	CT
1	25996250	25	AG
1	25996251	1	AG
1	25996254	3	TC
1	25996255	1	GC
1	25996282	27	TC
1	25996283	1	GT
1	25996306	23	CT
1	25996344	38	TC
1	25996481	137	CA
1	25997979	1287	AG
1	25998298	319	GA
1	25999036	449	CT
1	25999114	78	CT
1	25999142	28	TC
1	25999328	59	AG
1	26000402	309	AG
1	26000537	135	GA
1	26000885	348	GA
1	26000897	12	AG
1	26001934	191	CT
1	26002501	301	GA
1	26003368	867	CT
1	26003418	50	TC
1	26009113	842	TA
1	26009221	108	TC
1	26009253	32	CT
1	26009380	127	TC
1	26009391	11	GT
1	26009933	473	CA
1	26010377	444	TC
1	26010993	534	GA
1	26016270	1256	CT
1	26016672	236	CT
1	26017987	1114	AG
1	26024398	5064	CT
1	26024841	379	CT
1	26025114	273	CT
1	26026735	1185	TG
1	26027203	468	AG
1	26028207	353	AC
1	26028337	130	AT
1	26030207	1056	TA
1	26030469	262	CT
1	26031106	90	TC
1	26031374	268	AG
1	26031416	42	AT
1	26035114	1193	GT
1	26035136	22	GT
1	26035270	134	CT
1	26035303	33	TG
1	26041095	2502	AG
1	26044622	1440	AG
1	26052096	3269	TC
1	26059551	3364	AG
1	26062207	1590	GA
1	26062315	108	GA
1	26069776	934	AC
1	26073565	1190	GA
1	26074519	954	GT
1	26074705	186	CT
1	26075241	536	AG
1	26076658	1417	AG
1	26077215	557	GA
1	26077324	109	CG
1	26077689	365	GA
1	26077952	263	CT
1	26080467	1713	GA
1	26080486	19	AC
1	26081767	1281	AG
1	26082716	622	GA
1	26083316	276	TG
1	26084679	955	TA
1	26087093	1053	CT
1	26087983	600	TC
1	26092068	1621	GA
1	26092174	106	AG
1	26093023	589	TA
1	26093081	58	GT
1	26093131	50	CA
1	26093999	846	CT
1	26100258	1547	GC
1	26107015	5910	CT
1	26107346	272	CA
1	26110711	2855	GC
1	26112746	1172	GT
1	26113731	873	AT
1	26115000	1206	TA
1	26116565	963	CT
1	26116773	208	GA
1	26116898	125	AG
1	26117220	131	AT
1	26117406	186	AG
1	26117586	180	AG
1	26117610	24	AG
1	26118357	101	TC
1	26120469	309	AG
1	26120500	31	CG
1	26120551	51	AG
1	26120660	83	AC
1	26120868	208	GA
1	26120926	58	CT
1	26121450	524	GT
1	26121928	478	CT
1	26121932	4	CT
1	26122035	103	GA
1	26122079	44	AG
1	26122095	16	GT
1	26122340	200	CT
1	26122341	1	TG
1	26122651	310	TG
1	26122652	1	CA
1	26124090	894	CT
1	26124385	295	GA
1	26124499	114	GA
1	26124628	129	GA
1	26125793	916	GA
1	26126706	406	GC
1	26127482	776	AT
1	26130770	2068	AG
1	26130782	12	GC
1	26130793	11	AG
1	26130994	122	CT
1	26131479	485	TC
1	26131662	183	CT
1	26132937	1146	AC
1	26133604	667	CG
1	26134003	399	TC
1	26135426	1423	GT
1	26137197	1729	GT
1	26137534	337	GT
1	26137535	1	CT
1	26138024	489	GT
1	26140913	2290	AC
1	26143166	1409	GA
1	26152996	2470	AG
1	26153133	137	CG
1	26153606	243	AT
1	26153607	1	TC
1	26154384	777	TC
1	26155058	674	GA
1	26155184	126	GA
1	26155202	18	CA
1	26160032	4091	CT
1	26161406	1374	AC
1	26161509	103	CT
1	26161524	15	TC
1	26161704	180	GC
1	26162337	633	AT
1	26163051	714	GT
1	26163276	225	AG
1	26164757	1334	AG
1	26170160	3773	TC
1	26170162	2	GT
1	26170564	402	GT
1	26171180	616	GT
1	26180158	1362	AG
1	26180178	20	CT
1	26180402	197	TC
1	26180965	247	AT
1	26181819	547	AG
1	26182411	453	AG
1	26182771	226	TC
1	26183122	89	GA
1	26183453	331	AG
1	26186898	2048	TG
1	26187380	482	AG
1	26187971	591	AG
1	26199509	4895	TC
1	26202418	1193	AG
1	26204174	1580	CT
1	26205304	1130	GA
1	26208024	2696	GA
1	26208686	662	AG
1	26211373	2196	CG
1	26211578	205	GA
1	26211583	5	TC
1	26212774	201	CT
1	26212939	165	AT
1	26213266	100	AT
1	26213275	9	TC
1	26213483	208	GA
1	26213637	154	TC
1	26213701	64	GA
1	26213739	38	CT
1	26213771	32	GA
1	26213975	183	GA
1	26214002	27	TC
1	26214056	54	CT
1	26214079	23	GA
1	26214280	201	AG
1	26216117	1511	TC
1	26217170	1053	GA
1	26218046	876	TA
1	26220851	1860	TC
1	26224857	3518	GA
1	26228255	2990	CT
1	26228554	299	CT
1	26228647	93	GC
1	26229630	983	CT
1	26230218	588	TG
1	26230299	15	AG
1	26230846	547	TG
1	26235155	3567	AG
1	26240051	4187	AG
1	26247654	5728	GA
1	26260671	10699	GA
1	26262010	1339	TC
1	26264382	2187	AG
1	26264436	54	GC
1	26264462	26	TC
1	26264946	484	TC
1	26268044	2460	GA
1	26268223	179	TC
1	26268582	359	TC
1	26268680	98	CT
1	26268786	106	AC
1	26268833	47	CT
1	26269115	282	TC
1	26269341	226	TA
1	26269429	88	CT
1	26269590	161	GA
1	26269680	90	TA
1	26271299	1562	AG
1	26271334	35	AT
1	26281580	5296	GA
1	26281632	52	GC
1	26282654	452	GT
1	26283167	262	GA
1	26283803	545	TC
1	26283939	136	CT
1	26287238	2417	TC
1	26287239	1	AG
1	26291195	3654	TC
1	26291267	72	GA
1	26292955	1040	CG
1	26294238	1126	AG
1	26294355	117	CT
1	26294869	514	GC
1	26294944	75	TC
1	26295155	211	TA
1	26295156	1	CG
1	26297099	1342	CT
1	26297539	440	TC
1	26297556	17	AG
1	26297789	233	AG
1	26297861	72	CT
1	26298015	154	GA
1	26298170	155	GA
1	26298652	482	TC
1	26298703	51	CT
1	26298986	187	TC
1	26299053	67	GA
1	26299086	33	GA
1	26300291	1157	GC
1	26300353	62	GC
1	26300563	210	TC
1	26300614	51	CT
1	26300617	3	GA
1	26300652	35	TC
1	26300828	176	GT
1	26300885	57	TC
1	26301405	520	AG
1	26301522	117	AT
1	26301527	5	CT
1	26301564	37	TG
1	26301605	41	AG
1	26302839	119	CT
1	26303907	282	GA
1	26303957	50	CT
1	26304012	55	TA
1	26304173	161	CT
1	26304223	50	GA
1	26304638	415	CT
1	26304980	342	AG
1	26305051	71	TC
1	26305085	34	TC
1	26305110	25	CT
1	26305282	172	AG
1	26305345	63	GC
1	26305549	74	GA
1	26305848	250	GT
1	26306358	343	AG
1	26306485	127	AC
1	26306986	201	AG
1	26307019	33	CT
1	26307158	139	GT
1	26307314	156	TC
1	26307885	571	GA
1	26307887	2	GA
1	26307959	72	AG
1	26307974	15	GA
1	26308264	140	CT
1	26308287	23	AG
1	26308317	30	AG
1	26308368	51	GA
1	26308371	3	AG
1	26308525	154	AG
1	26308551	26	AG
1	26308607	56	GA
1	26308630	23	AC
1	26308912	282	AC
1	26309116	204	GA
1	26309569	453	TC
1	26309622	53	GA
1	26309632	10	CT
1	26310039	407	AG
1	26310067	28	TG
1	26310191	124	GA
1	26310830	639	TC
1	26310877	47	GA
1	26310910	33	CT
1	26312289	961	CT
1	26312848	559	CT
1	26312891	43	TA
1	26319589	755	TC
1	26319710	121	TC
1	26319849	139	CT
1	26319997	148	GA
1	26320245	212	GA
1	26320293	48	AG
1	26320445	152	CA
1	26320804	144	AG
1	26320823	19	AG
1	26320921	98	AG
1	26320949	28	AG
1	26321231	282	CT
1	26321328	97	GC
1	26321516	188	TA
1	26321585	69	AG
1	26321817	232	GA
1	26322376	559	CT
1	26322411	35	GA
1	26322573	162	TG
1	26322850	277	GA
1	26322865	15	TG
1	26323046	181	TG
1	26323058	12	GA
1	26323076	18	CA
1	26323078	2	TC
1	26323121	43	AG
1	26323126	5	GA
1	26323195	69	GA
1	26323210	15	CT
1	26323217	7	TC
1	26323253	36	TC
1	26323273	20	CG
1	26323388	115	TC
1	26323411	23	GT
1	26323479	68	CT
1	26323497	18	GT
1	26323573	76	CT
1	26323578	5	GA
1	26323588	10	CT
1	26323598	10	GA
1	26324778	471	TA
1	26324803	25	TC
1	26324969	166	AG
1	26325442	473	AC
1	26325803	361	GA
1	26326236	433	GA
1	26326237	1	TC
1	26326246	9	CT
1	26326253	7	TC
1	26326330	77	TG
1	26326341	11	TC
1	26326358	17	CT
1	26326363	5	AG
1	26326638	275	CT
1	26326723	85	AG
1	26326729	6	GA
1	26326786	57	CT
1	26326927	141	GA
1	26330153	2564	GA
1	26330527	374	GT
1	26330636	109	AG
1	26334421	2257	GA
1	26334464	43	GC
1	26334552	88	TC
1	26335111	559	GA
1	26335331	220	TC
1	26335387	56	GT
1	26335675	26	CT
1	26335944	269	GA
1	26336163	219	GA
1	26336327	164	GT
1	26337141	212	GA
1	26337803	662	GA
1	26338353	259	GA
1	26338361	8	CT
1	26338364	3	TA
1	26338459	95	TC
1	26338513	54	GA
1	26338642	129	TC
1	26338657	15	CT
1	26338930	273	AG
1	26338931	1	TG
1	26338936	5	GA
1	26338950	14	TG
1	26338968	18	TC
1	26339523	513	GA
1	26339539	16	TC
1	26339540	1	AC
1	26339568	28	CT
1	26339589	21	TC
1	26339591	2	CT
1	26339745	154	GA
1	26339748	3	GA
1	26339998	250	AG
1	26340286	288	GA
1	26340634	113	CA
1	26341296	662	CT
1	26341879	273	GT
1	26342487	273	TC
1	26342756	269	AC
1	26342784	28	GA
1	26342805	21	GA
1	26342866	61	TC
1	26342912	46	CG
1	26343018	106	AC
1	26343055	37	CT
1	26343483	265	GC
1	26344050	442	AG
1	26344091	41	AC
1	26344518	362	CG
1	26344522	4	TC
1	26344810	219	CT
1	26344952	142	TC
1	26345099	147	AC
1	26345104	5	CG
1	26345181	77	GT
1	26345605	376	GA
1	26345648	43	CT
1	26345683	35	AG
1	26346067	267	AG
1	26346461	353	AG
1	26346659	198	TC
1	26346746	87	CT
1	26346750	4	CG
1	26347369	459	AG
1	26347478	109	TC
1	26347722	244	TC
1	26347726	4	GC
1	26347760	34	GT
1	26348210	410	TC
1	26348330	120	GA
1	26348531	146	CA
1	26348555	24	GA
1	26348711	156	AC
1	26348759	48	AG
1	26348920	161	GA
1	26349368	380	AG
1	26349613	245	CT
1	26349664	51	CG
1	26350728	818	CT
1	26350755	27	TG
1	26351255	418	GA
1	26351297	42	AG
1	26351324	27	TC
1	26352865	1179	CG
1	26352957	92	CT
1	26352985	28	GA
1	26353007	22	CT
1	26353186	179	CT
1	26353291	105	GT
1	26353319	28	CT
1	26353379	60	CT
1	26353619	240	CT
1	26353629	10	CT
1	26354158	529	GA
1	26354300	142	GA
1	26354669	126	AG
1	26354891	222	TC
1	26355476	585	GA
1	26355477	1	CT
1	26356247	192	GT
1	26357081	834	TC
1	26357115	34	AG
1	26357133	18	CT
1	26357298	165	GA
1	26359689	2033	GA
1	26362296	1950	GC
1	26362664	368	AG
1	26367653	4217	CA
1	26368493	840	AG
1	26371673	2704	CT
1	26374281	2373	TG
1	26376557	2276	GA
1	26377344	787	GA
1	26378017	247	CT
1	26378027	10	AG
1	26378180	153	CT
1	26378324	144	AG
1	26379409	553	AC
1	26379419	10	TC
1	26379920	159	AG
1	26381217	1141	GT
1	26381314	97	TG
1	26381579	265	CT
1	26382289	676	CG
1	26382837	548	CT
1	26382969	132	CA
1	26383516	547	CT
1	26383574	58	AC
1	26383986	412	CG
1	26384213	227	GT
1	26384334	121	AG
1	26384349	15	AG
1	26385249	847	CG
1	26385257	8	GC
1	26385375	118	CT
1	26385414	39	TC
1	26386015	601	CA
1	26386035	20	CG
1	26386045	10	AG
1	26386185	140	AG
1	26386694	509	CT
1	26386701	7	CT
1	26386793	92	CT
1	26386910	117	TC
1	26386932	22	GA
1	26386961	29	GA
1	26387131	170	CT
1	26387558	427	CT
1	26388474	916	AT
1	26389362	888	CT
1	26391731	2345	CT
1	26392049	318	TG
1	26392124	75	GC
1	26394165	2041	GT
1	26396727	2094	TC
1	26397138	411	TC
1	26398927	1701	GA
1	26399140	213	AG
1	26399227	87	CT
1	26399633	389	AG
1	26401011	1378	TC
1	26401019	8	CG
1	26401035	16	GC
1	26401653	445	GA
1	26401680	27	CT
1	26401958	278	TC
1	26402039	81	GA
1	26402091	52	CT
1	26402436	345	CT
1	26402487	51	TC
1	26402573	86	GT
1	26402858	285	GA
1	26402894	36	GA
1	26403170	276	CT
1	26403271	101	GA
1	26403313	42	GC
1	26403382	69	GA
1	26403505	123	GT
1	26403550	45	TC
1	26403855	305	CT
1	26403911	56	CG
1	26404018	107	CA
1	26404026	8	CT
1	26404057	31	CT
1	26404191	134	GA
1	26404198	7	GA
1	26404219	21	AG
1	26404261	42	CT
1	26404279	18	GT
1	26404306	27	CA
1	26404344	38	TC
1	26404420	76	TC
1	26404870	450	GA
1	26406424	864	CA
1	26406792	215	GA
1	26406827	35	CT
1	26407283	456	TG
1	26408228	846	CT
1	26409141	913	GA
1	26409823	682	TC
1	26409829	6	TC
1	26415779	4103	CT
1	26417712	1597	GT
1	26418522	810	CT
1	26420300	1613	GA
1	26420690	390	AG
1	26421291	601	AG
1	26424268	2856	GT
1	26426201	1933	CA
1	26426211	10	TC
1	26426861	614	CA
1	26427728	845	TG
1	26428239	451	GC
1	26428694	398	GT
1	26429980	1286	GA
1	26430434	454	AG
1	26430622	188	CG
1	26430633	11	GA
1	26430746	113	TC
1	26430978	232	TC
1	26431268	167	TC
1	26431312	44	TC
1	26431487	175	GA
1	26431675	21	GA
1	26431777	102	GA
1	26431823	46	TC
1	26431834	11	AC
1	26431997	163	GA
1	26432003	6	GC
1	26432073	70	AG
1	26432393	320	TG
1	26432416	23	CT
1	26432469	53	AG
1	26433165	696	TG
1	26435332	2138	CT
1	26436616	1284	GA
1	26440105	2733	GA
1	26446490	3287	AC
1	26447039	227	GA
1	26449228	1268	CT
1	26451745	2354	AG
1	26454033	1467	AG
1	26454247	214	CT
1	26454578	268	GT
1	26455046	30	GA
1	26455246	200	CT
1	26455393	147	TC
1	26455406	13	GT
1	26455438	32	TC
1	26455454	16	GA
1	26455514	60	GA
1	26455543	29	TC
1	26458621	615	CT
1	26459326	621	CT
1	26459377	51	GA
1	26459794	417	TG
1	26459816	22	AG
1	26459817	1	AG
1	26469535	3494	AG
1	26470507	143	CT
1	26477733	4720	TC
1	26477798	65	CT
1	26479542	1437	CT
1	26481456	1131	TC
1	26481697	91	GA
1	26482580	504	CT
1	26483153	573	GA
1	26483241	88	GT
1	26483486	39	CA
1	26483631	145	CT
1	26483720	89	GA
1	26483898	178	CT
1	26484084	18	TC
1	26484091	7	CA
1	26485088	213	AG
1	26485094	6	GA
1	26485148	54	CA
1	26485212	64	AG
1	26485221	9	TG
1	26485281	60	GA
1	26485360	79	CA
1	26485762	402	CT
1	26485775	13	CT
1	26486670	802	TC
1	26488113	1443	AG
1	26488848	735	AG
1	26489465	617	CT
1	26489730	220	TC
1	26489952	222	CT
1	26491543	590	AG
1	26494680	2399	TC
1	26496812	1383	TA
1	26496820	8	GA
1	26501642	3171	AG
1	26505150	596	AG
1	26506270	882	TC
1	26506849	557	GT
1	26506875	26	TC
1	26507476	365	TC
1	26507700	224	CT
1	26510319	2046	GA
1	26511039	720	AC
1	26511065	26	AG
1	26511650	585	TC
1	26511989	339	GA
1	26512606	512	AG
1	26513039	433	CT
1	26513289	250	AC
1	26513689	345	TC
1	26513744	55	AG
1	26513867	123	TG
1	26513877	10	AG
1	26513909	32	AG
1	26513920	11	CA
1	26513965	45	AG
1	26514163	67	TC
1	26514599	436	AG
1	26514734	135	TC
1	26515264	494	CT
1	26515294	30	CG
1	26524288	3105	CG
1	26528658	1596	AG
1	26528787	129	CT
1	26528851	64	AG
1	26528912	61	GT
1	26529463	523	CT
1	26531388	1893	GA
1	26531723	335	CT
1	26532249	526	CT
1	26532305	56	AG
1	26532420	115	CG
1	26532623	203	AG
1	26533097	130	CT
1	26533270	173	TC
1	26533884	561	GT
1	26533898	14	AC
1	26533997	99	TC
1	26534847	850	GA
1	26534878	31	CG
1	26538757	1965	AG
1	26539026	269	CT
1	26539208	182	GA
1	26540040	399	TC
1	26540512	154	CT
1	26540544	32	GA
1	26541549	183	GA
1	26541566	17	GA
1	26542128	562	CG
1	26542133	5	TC
1	26543924	606	CT
1	26544120	196	GA
1	26544285	165	AG
1	26544341	56	AG
1	26544499	158	GC
1	26545220	580	CG
1	26545931	456	CT
1	26546841	746	GA
1	26547079	238	GA
1	26547142	63	AG
1	26547276	134	AG
1	26547518	242	GA
1	26549437	565	GA
1	26551179	1615	GA
1	26551484	305	GA
1	26553495	1772	AC
1	26553612	117	GC
1	26554947	773	TC
1	26555518	518	AG
1	26556940	719	CT
1	26558133	800	CG
1	26559456	1157	AT
1	26563926	2738	AG
1	26564067	141	CT
1	26564174	107	GA
1	26564197	23	TG
1	26564210	13	TC
1	26564229	19	CT
1	26570475	3873	AG
1	26570953	478	GA
1	26571256	157	AG
1	26571711	455	AT
1	26571790	79	TC
1	26571791	1	GA
1	26571815	24	GC
1	26571816	1	GA
1	26571826	10	AG
1	26578427	4753	TC
1	26586581	4622	AG
1	26587809	810	CT
1	26591275	2777	GA
1	26591419	144	AG
1	26594803	2541	CT
1	26597086	1704	CT
1	26601214	2502	CT
1	26601424	210	CT
1	26601672	187	TC
1	26602048	376	CT
1	26607532	1071	AG
1	26607685	153	CT
1	26607728	43	TC
1	26608486	329	GA
1	26609634	442	CT
1	26609863	229	TC
1	26609954	91	CT
1	26610032	78	TC
1	26610046	14	TC
1	26610080	34	AG
1	26610083	3	AC
1	26610146	63	GA
1	26610162	16	GC
1	26610520	358	AG
1	26614653	1771	AG
1	26615487	834	TG
1	26615526	39	CT
1	26615544	18	GA
1	26615551	7	TC
1	26615609	58	AG
1	26617026	553	CT
1	26619713	1473	GC
1	26619746	33	TG
1	26619758	12	TC
1	26619762	4	CT
1	26619786	24	GA
1	26620303	193	AG
1	26620942	297	CT
1	26620948	6	AC
1	26621838	99	AG
1	26621900	62	AG
1	26621907	7	GC
1	26621932	25	TC
1	26622298	366	TC
1	26622536	238	TC
1	26622800	264	TC
1	26623479	187	CT
1	26623507	28	CT
1	26623554	47	AG
1	26623696	142	CT
1	26623869	173	TC
1	26626822	2282	CT
1	26628769	1305	AG
1	26628865	96	CG
1	26629218	353	CT
1	26632152	1431	AC
1	26633230	1051	CT
1	26633280	50	CT
1	26633295	15	CT
1	26635014	586	GA
1	26635021	7	AG
1	26636646	1117	AG
1	26637099	453	TC
1	26638285	1144	GA
1	26638344	59	AG
1	26638348	4	TC
1	26640917	748	CT
1	26642650	1498	GA
1	26644459	1362	GA
1	26647051	2032	CT
1	26647350	274	GA
1	26648522	476	TG
1	26648928	406	TC
1	26649215	287	CG
1	26649444	229	GA
1	26649450	6	AC
1	26649492	42	TC
1	26649608	116	AG
1	26649639	31	CT
1	26649660	21	TC
1	26650875	801	GA
1	26651161	286	CT
1	26651279	118	TG
1	26653597	2290	TC
1	26660756	4190	CT
1	26660869	113	AT
1	26660897	28	GA
1	26663126	625	GT
1	26663256	130	CG
1	26663283	27	TA
1	26663375	92	TC
1	26663593	218	TC
1	26663598	5	CA
1	26663961	363	TC
1	26663983	22	AT
1	26664002	19	AG
1	26664028	26	TC
1	26664301	273	GC
1	26664333	32	TC
1	26664447	114	CT
1	26664646	158	GA
1	26664847	201	CG
1	26665039	152	TG
1	26665698	623	TA
1	26668587	1603	AG
1	26674046	3106	CT
1	26674148	102	AG
1	26674197	49	AG
1	26674879	506	AG
1	26676834	1808	CT
1	26677199	365	AG
1	26694952	10896	TA
1	26697358	1639	GC
1	26699391	2033	CT
1	26701823	2114	AT
1	26705063	2425	AG
1	26705690	627	CA
1	26708009	2030	TC
1	26708856	778	CT
1	26709147	291	TC
1	26709982	530	AG
1	26710090	108	TA
1	26713909	3183	AG
1	26716538	2360	GC
1	26716638	100	GA
1	26716662	24	AG
1	26721526	2240	CT
1	26721722	196	CA
1	26722629	907	AG
1	26724478	1329	TC
1	26725242	597	TG
1	26725537	295	CA
1	26725667	130	GA
1	26728423	1661	TC
1	26728730	307	GA
1	26730290	1038	GA
1	26731720	545	GT
1	26731891	171	GA
1	26731901	10	GT
1	26732554	653	TC
1	26733873	1319	TC
1	26734558	685	GC
1	26734913	355	GA
1	26735105	192	CA
1	26735579	474	GA
1	26736038	210	TC
1	26736103	65	GA
1	26736143	40	TC
1	26736144	1	GA
1	26736451	307	GA
1	26736534	83	TC
1	26737036	502	GT
1	26737054	18	AG
1	26737117	63	CA
1	26744593	2355	GA
1	26745969	661	TC
1	26747961	1449	AC
1	26747970	9	CT
1	26748200	230	GA
1	26749075	479	CG
1	26749196	121	CG
1	26751252	630	GC
1	26751726	474	GA
1	26754886	462	TC
1	26754974	88	GC
1	26755020	46	AG
1	26755092	72	AG
1	26755099	7	TC
1	26755338	30	GA
1	26757018	1126	AC
1	26758727	757	CT
1	26758985	258	CT
1	26759016	31	CA
1	26759056	40	AT
1	26759168	49	CT
1	26759360	172	GC
1	26759402	42	CT
1	26759449	47	CG
1	26759450	1	TC
1	26759551	101	CT
1	26759744	193	GA
1	26762527	728	TC
1	26763070	543	TG
1	26763508	438	GT
1	26764375	543	CG
1	26764782	407	TA
1	26765205	375	TC
1	26765327	53	GA
1	26765857	530	CT
1	26766018	161	GC
1	26766285	267	GA
1	26766544	259	GA
1	26767407	497	CT
1	26767825	418	CG
1	26768108	283	TG
1	26768145	37	CG
1	26768147	2	GC
1	26768148	1	GA
1	26768152	4	AG
1	26769847	1151	TC
1	26769868	21	GA
1	26769885	17	AG
1	26770615	430	GA
1	26770795	163	TC
1	26770796	1	GA
1	26770911	115	CT
1	26771321	410	AC
1	26776232	2895	GC
1	26776669	437	GC
1	26778465	1301	GA
1	26778745	280	AT
1	26779794	353	TG
1	26779995	201	AG
1	26781281	460	TA
1	26781368	87	GA
1	26781381	13	CT
1	26781480	99	TC
1	26781527	47	CA
1	26781537	10	CT
1	26781538	1	CT
1	26781658	120	GA
1	26781767	109	GA
1	26782622	174	CA
1	26782644	22	AT
1	26785169	328	TC
1	26785466	297	CT
1	26785544	78	TC
1	26785709	125	CG
1	26786070	361	GC
1	26786182	112	AG
1	26792182	4189	CT
1	26800050	5139	AT
1	26806876	3646	CT
1	26806887	11	CG
1	26809386	1331	GC
1	26809524	138	CT
1	26809649	125	TA
1	26809745	96	TC
1	26810267	522	GA
1	26810337	70	AG
1	26810565	228	GC
1	26813447	1662	CT
1	26813673	226	TC
1	26814225	533	AG
1	26817813	879	AG
1	26819902	1825	CT
1	26822656	1407	TC
1	26822795	139	CT
1	26837655	11142	CT
1	26837742	87	GT
1	26839758	1711	CT
1	26840003	245	GC
1	26840073	70	TC
1	26841903	767	GA
1	26841958	55	GA
1	26842568	556	AG
1	26842781	213	CT
1	26842837	56	CT
1	26843093	256	CT
1	26843291	198	CG
1	26843584	293	GA
1	26843719	135	GA
1	26843734	15	GA
1	26845998	604	CT
1	26847750	737	TG
1	26848710	438	CT
1	26848853	143	CG
1	26849065	212	CT
1	26849207	142	TC
1	26849553	166	TG
1	26849604	51	AG
1	26849652	48	AC
1	26849657	5	AG
1	26849806	149	AG
1	26852387	2373	GC
1	26853440	897	CA
1	26853441	1	TA
1	26853668	227	TG
1	26854541	709	CG
1	26854874	229	CT
1	26855168	294	TC
1	26855345	177	AC
1	26855833	361	TC
1	26855867	34	TC
1	26855964	97	AG
1	26856667	703	TC
1	26856889	222	GC
1	26857660	163	TG
1	26857686	26	CT
1	26857857	171	GC
1	26858096	239	AG
1	26858148	52	CT
1	26858152	4	AC
1	26858227	75	AG
1	26858403	176	CG
1	26858518	115	GA
1	26858664	146	TC
1	26859599	168	AG
1	26859610	11	AC
1	26859803	193	GA
1	26863326	837	GA
1	26865433	816	TC
1	26867011	546	AT
1	26867048	37	AC
1	26867537	188	AG
1	26868067	530	CT
1	26868086	19	CT
1	26868165	79	CA
1	26868621	283	GC
1	26868871	67	GA
1	26869069	198	TG
1	26900738	14253	AC
1	26902115	903	AC
1	26902125	10	GA
1	26902806	681	GA
1	26903117	311	AC
1	26903127	10	AG
1	26903359	232	AC
1	26903364	5	AC
1	26903388	24	CT
1	26903565	177	GT
1	26903651	86	GA
1	26903654	3	GA
1	26903685	31	AG
1	26903764	79	GA
1	26903908	144	AG
1	26904204	177	GA
1	26904275	71	CG
1	26904789	514	CA
1	26904983	194	AG
1	26905371	388	CT
1	26908106	561	GA
1	26908347	241	TC
1	26908419	72	GA
1	26908634	215	GA
1	26908723	89	TC
1	26908762	39	GA
1	26908986	224	TC
1	26908998	12	CT
1	26909285	287	TC
1	26912825	1771	CT
1	26913107	74	TC
1	26913661	168	GA
1	26915216	1369	CT
1	26915229	13	CT
1	26915875	616	CT
1	26920889	3755	GA
1	26920996	107	GT
1	26921018	22	TC
1	26921574	232	GA
1	26922641	1067	CT
1	26922687	46	CG
1	26923154	467	TG
1	26923954	459	GA
1	26924565	213	AT
1	26930099	1957	GA
1	26930356	147	AC
1	26930659	60	AG
1	26930841	182	TC
1	26930941	100	CT
1	26930950	9	GA
1	26930951	1	AG
1	26930970	19	AG
1	26931231	261	GA
1	26931253	22	CT
1	26931275	22	CT
1	26931439	47	AC
1	26931747	308	CG
1	26931871	124	TA
1	26931939	68	AG
1	26931957	18	CA
1	26932064	107	CT
1	26932663	429	GA
1	26934076	609	AC
1	26934706	160	AT
1	26934709	3	AT
1	26934716	7	GC
1	26935881	619	AT
1	26936082	201	TC
1	26936270	188	TC
1	26936731	310	GA
1	26936855	124	CG
1	26937006	151	TC
1	26937014	8	AG
1	26937625	611	TC
1	26937639	14	AG
1	26938123	270	AG
1	26938141	18	TC
1	26938149	8	CT
1	26939851	990	GA
1	26939885	34	AG
1	26940333	122	AG
1	26940519	186	GT
1	26940601	82	TC
1	26941351	750	TG
1	26946416	1353	CT
1	26946614	198	CT
1	26949384	2541	AG
1	26950968	1219	TC
1	26952875	1308	CT
1	26954055	1180	GA
1	26964175	8708	CT
1	26964488	313	CG
1	26964594	106	GA
1	26964816	222	GT
1	26964915	99	CA
1	26965484	569	CT
1	26965794	310	CT
1	26966220	426	GA
1	26966231	11	CT
1	26966580	303	AG
1	26966747	167	TC
1	26966956	209	GA
1	26967094	138	AG
1	26967161	67	TC
1	26967166	5	TA
1	26969575	1474	AT
1	26969654	79	GA
1	26969749	95	GA
1	26969840	91	GA
1	26970884	1000	AG
1	26971334	414	CT
1	26971543	209	TC
1	26972172	629	TA
1	26972433	261	TC
1	26973059	626	CT
1	26974215	901	CA
1	26986974	6095	CT
1	26986997	23	CT
1	26987452	111	GA
1	26987556	104	AC
1	26987770	172	CT
1	26987782	12	TC
1	26994089	150	TC
1	26998333	1227	GT
1	27002359	2351	AG
1	27004158	1478	TC
1	27005072	536	CT
1	27005190	118	CT
1	27005523	333	GA
1	27005529	6	CT
1	27005811	282	GA
1	27006887	967	GT
1	27007170	283	CT
1	27009123	1409	GA
1	27011490	2286	CT
1	27012824	1334	GA
1	27014237	1097	CG
1	27015838	1441	CT
1	27016008	170	AG
1	27016150	142	AT
1	27020183	3263	CT
1	27020721	538	GA
1	27022526	1290	GA
1	27022756	230	AG
1	27023076	320	CT
1	27024084	961	CT
1	27024889	292	GC
1	27024939	50	CT
1	27024943	4	CA
1	27024956	13	CT
1	27025013	57	TC
1	27025108	95	GA
1	27025406	298	CG
1	27026017	546	GA
1	27026230	213	TC
1	27026707	417	TA
1	27026756	49	AG
1	27026817	61	AG
1	27026984	167	AG
1	27026987	3	GA
1	27027144	157	AG
1	27027256	112	CT
1	27027554	298	CT
1	27027564	10	GA
1	27027565	1	TC
1	27028097	370	GT
1	27028179	82	AT
1	27029462	656	AG
1	27029552	90	AG
1	27032128	2576	TC
1	27034780	642	AG
1	27036543	1763	CT
1	27036800	257	TC
1	27037180	313	CT
1	27037681	458	TG
1	27037809	93	AG
1	27038334	525	CT
1	27038574	240	GC
1	27038864	290	GA
1	27039010	146	CT
1	27039058	48	GA
1	27039080	22	CT
1	27039142	62	CT
1	27039211	69	GA
1	27039607	290	AG
1	27039666	59	GC
1	27040375	640	CG
1	27040645	270	GT
1	27041508	783	AG
1	27042262	754	AT
1	27042862	259	CT
1	27045600	1440	GA
1	27045660	60	CT
1	27045876	197	CT
1	27050253	2492	GA
1	27052722	1328	AG
1	27053284	562	CG
1	27053285	1	CA
1	27055121	1585	CG
1	27055703	534	GA
1	27055918	215	CT
1	27056322	404	TC
1	27056471	149	CA
1	27058879	2408	CT
1	27059325	446	CT
1	27060629	1267	AT
1	27064107	3002	GA
1	27069176	3571	TG
1	27069695	519	AG
1	27070136	441	CT
1	27070590	410	TC
1	27071224	182	GA
1	27071230	6	TA
1	27100685	24067	GA
1	27113155	6254	TC
1	27180633	40933	CT
1	27184592	3324	CT
1	27187557	2930	CT
1	27187765	173	CT
1	27188597	832	CT
1	27188697	100	TG
1	27189286	548	TC
1	27189635	349	CT
1	27190228	525	GA
1	27190361	133	CT
1	27190483	122	CT
1	27191679	1196	CT
1	27191709	30	GA
1	27193565	1856	CT
1	27195670	1103	GA
1	27195888	218	GA
1	27195893	5	TC
1	27195918	25	GC
1	27196472	554	TC
1	27196502	30	GA
1	27196686	184	CT
1	27196923	237	GA
1	27196994	71	TC
1	27196997	3	GC
1	27197067	70	AC
1	27197120	53	TC
1	27197128	8	AC
1	27197359	231	AG
1	27311458	70225	TA
1	27311634	17	CT
1	27311707	73	GA
1	27311787	80	AG
1	27312571	257	CT
1	27312614	43	CT
1	27312619	5	CT
1	27312818	199	CT
1	27312913	95	CG
1	27313655	323	CT
1	27314083	428	TC
1	27314991	908	TC
1	27315615	624	GA
1	27315773	158	CT
1	27315848	75	TC
1	27315985	137	GA
1	27315994	9	TC
1	27316775	760	CG
1	27320088	1057	TC
1	27320126	38	AC
1	27320148	22	AG
1	27320153	5	TG
1	27320365	212	CA
1	27320474	109	TC
1	27320563	89	AG
1	27320571	8	TC
1	27321499	392	AT
1	27322074	308	TC
1	27322091	17	CT
1	27322257	166	CT
1	27322321	64	CA
1	27322480	159	TC
1	27322493	13	GA
1	27322614	121	GA
1	27322618	4	CT
1	27322728	110	AG
1	27322749	21	AG
1	27322768	19	GA
1	27322769	1	GT
1	27323208	150	GA
1	27323607	399	CT
1	27323719	112	TC
1	27323813	94	AC
1	27323855	42	TC
1	27324221	366	CT
1	27324334	113	AG
1	27324611	277	AC
1	27324613	2	CG
1	27324768	155	AG
1	27325946	98	CT
1	27326074	128	GA
1	27326284	210	CT
1	27329379	623	AG
1	27330943	1467	TA
1	27331090	147	TC
1	27331324	234	CT
1	27331591	267	GC
1	27331912	321	CT
1	27332056	144	AG
1	27332095	39	TC
1	27332616	339	CT
1	27332634	18	TC
1	27332647	13	CT
1	27333657	331	TC
1	27333666	9	GT
1	27333716	50	AC
1	27334294	479	GA
1	27334321	27	GA
1	27334977	362	TC
1	27335636	659	AG
1	27335746	110	TC
1	27335772	26	AG
1	27335849	77	TA
1	27336196	347	AT
1	27338319	1585	GT
1	27340522	1505	GA
1	27340842	320	TG
1	27341302	256	CG
1	27341485	183	TC
1	27342587	656	GT
1	27343196	609	CT
1	27343470	274	GT
1	27345358	1724	CT
1	27347380	1906	CT
1	27348181	750	GA
1	27349868	1376	TC
1	27354384	2850	TC
1	27354549	165	TC
1	27354927	378	GA
1	27359734	3614	CT
1	27361236	989	CT
1	27364291	1532	GA
1	27364345	54	AC
1	27365583	920	TC
1	27365709	126	AG
1	27366210	501	GA
1	27366654	315	GC
1	27367568	234	TC
1	27367657	89	CT
1	27367664	7	GA
1	27367944	55	AG
1	27369791	836	CG
1	27370076	285	AG
1	27370179	103	TC
1	27370230	51	AG
1	27371292	883	TC
1	27372058	288	CT
1	27372471	413	GA
1	27377672	2534	CA
1	27379376	1100	CT
1	27383176	3029	GA
1	27383577	369	TC
1	27383748	171	AC
1	27396232	4503	AG
1	27397236	797	CT
1	27403226	4509	TC
1	27406639	2767	AG
1	27409670	2346	AG
1	27409938	268	TC
1	27410360	422	GT
1	27416917	5427	TC
1	27417253	230	GA
1	27417407	132	CG
1	27417553	146	AG
1	27418130	577	CT
1	27419571	1167	GC
1	27419610	39	TC
1	27426599	5668	CG
1	27428214	1514	GT
1	27429321	1107	TC
1	27429360	39	CT
1	27430128	682	CG
1	27430237	109	CT
1	27430577	297	TC
1	27430580	3	TC
1	27431018	385	TG
1	27431115	97	GC
1	27431930	815	TC
1	27432378	391	TC
1	27432540	162	AT
1	27432897	321	CT
1	27433077	180	TC
1	27433164	87	TC
1	27434165	803	CT
1	27435523	522	GC
1	27436412	378	GA
1	27436460	48	GA
1	27436628	168	CT
1	27436817	189	GA
1	27437223	406	GA
1	27437313	90	TC
1	27437338	25	GA
1	27437357	19	CG
1	27437462	105	TG
1	27437525	63	CA
1	27437757	232	GA
1	27437867	110	CT
1	27437880	13	TC
1	27438265	385	CT
1	27438279	14	GC
1	27438445	166	CT
1	27438574	129	AG
1	27438592	18	TC
1	27438598	6	AG
1	27438638	40	GT
1	27438737	99	GT
1	27439671	296	AC
1	27440149	365	GA
1	27440227	78	AC
1	27443349	537	AG
1	27443361	12	TC
1	27443594	233	TC
1	27444601	345	GA
1	27444779	178	GC
1	27444795	16	CT
1	27445116	44	GC
1	27445237	121	AG
1	27445309	72	AG
1	27445877	531	TC
1	27445878	1	GA
1	27445888	10	CT
1	27446426	538	TC
1	27449134	2163	CA
1	27449374	212	CG
1	27449458	84	CT
1	27449537	79	CT
1	27450566	1029	CT
1	27452175	901	CT
1	27452915	324	TC
1	27453471	227	CT
1	27453686	215	TG
1	27454233	547	GA
1	27454966	538	AT
1	27455130	164	AG
1	27455139	9	GA
1	27455349	210	AG
1	27455437	88	CT
1	27456236	799	GT
1	27456602	284	TG
1	27459150	1313	GA
1	27459211	61	TG
1	27459772	353	TC
1	27459835	63	GC
1	27459840	5	CT
1	27459861	21	CT
1	27461443	1280	CA
1	27461482	39	AT
1	27461487	5	TC
1	27461571	84	CT
1	27461913	342	CA
1	27461940	27	AG
1	27462074	134	TC
1	27462199	125	AG
1	27462350	151	CA
1	27462563	213	GA
1	27462798	173	GA
1	27462896	98	GA
1	27462904	8	GA
1	27463017	113	TC
1	27463695	318	AG
1	27463709	14	TC
1	27463910	201	GA
1	27464249	339	CT
1	27464571	322	GC
1	27464626	55	AG
1	27464650	24	CG
1	27466266	715	TC
1	27466622	356	AG
1	27466677	55	AG
1	27466932	255	AG
1	27467439	337	GA
1	27468087	270	GA
1	27468351	264	TC
1	27468352	1	CT
1	27468367	15	AG
1	27468370	3	TC
1	27468640	270	AC
1	27468724	84	AG
1	27468729	5	GA
1	27468732	3	GC
1	27468987	178	CT
1	27469280	293	TA
1	27469348	68	TA
1	27469450	102	GA
1	27472820	1002	AG
1	27472945	125	GC
1	27473075	130	GA
1	27473219	144	GC
1	27473459	205	GA
1	27473498	39	CA
1	27473554	56	CG
1	27474166	612	TC
1	27474192	26	AG
1	27474361	169	GA
1	27474509	148	TC
1	27474881	148	AT
1	27474964	83	TC
1	27475367	403	CT
1	27475431	64	CT
1	27476289	377	GA
1	27476636	278	GA
1	27476968	332	AC
1	27477002	34	CT
1	27477458	456	AG
1	27477736	133	AT
1	27478732	467	GA
1	27479005	273	AG
1	27479563	558	GA
1	27480247	424	CA
1	27482874	1351	GC
1	27484872	1547	AG
1	27484877	5	CG
1	27484880	3	TC
1	27487430	1874	CA
1	27487751	321	GA
1	27493433	3988	CT
1	27494395	850	GA
1	27494801	406	GT
1	27495443	614	GA
1	27495507	64	AC
1	27495908	308	AC
1	27495944	36	CT
1	27496290	151	GA
1	27496326	36	CT
1	27496593	267	GA
1	27496921	328	AT
1	27497691	512	GC
1	27504890	4538	CA
1	27508530	3122	AT
1	27512164	2815	GA
1	27513088	705	GT
1	27513166	78	CA
1	27513254	88	AG
1	27513294	40	GT
1	27514410	1076	GA
1	27514456	46	AG
1	27514493	37	CT
1	27518404	3614	GA
1	27520250	608	AG
1	27520264	14	TG
1	27520840	576	CT
1	27521520	680	GA
1	27524755	2234	AG
1	27524760	5	AC
1	27526522	664	CT
1	27528444	1689	CT
1	27528660	216	TA
1	27529260	600	AG
1	27529274	14	TA
1	27529275	1	CT
1	27530341	1023	AC
1	27530410	69	GA
1	27530437	27	GA
1	27530450	13	AG
1	27530797	195	GT
1	27530910	113	GC
1	27532020	824	CT
1	27532024	4	GT
1	27532334	310	CT
1	27532346	12	AC
1	27534456	1235	GA
1	27535503	238	GA
1	27539760	1272	AC
1	27539884	124	AG
1	27539945	61	CT
1	27541438	1079	GC
1	27541620	182	GT
1	27541992	372	GT
1	27542200	148	TC
1	27542233	33	AG
1	27542235	2	CT
1	27542512	226	AG
1	27542575	63	GT
1	27542912	132	CT
1	27545369	2259	GA
1	27546190	760	GA
1	27546306	116	AG
1	27546873	298	CT
1	27548542	1669	AG
1	27549767	1225	AG
1	27550043	276	CT
1	27550107	64	GA
1	27550208	101	AG
1	27550358	150	GA
1	27550407	49	TG
1	27551296	853	AG
1	27552051	470	AG
1	27552282	231	CA
1	27552309	27	AC
1	27552533	224	CA
1	27552536	3	CT
1	27553114	578	GA
1	27553157	43	AG
1	27553595	438	AC
1	27553663	68	AG
1	27557178	2754	TG
1	27557182	4	TC
1	27558416	1068	CT
1	27558485	69	CT
1	27558536	51	GA
1	27558600	64	TC
1	27560439	1706	CT
1	27561066	395	GA
1	27561729	663	AG
1	27562570	500	CT
1	27562620	50	CT
1	27562985	365	GA
1	27563075	90	CT
1	27566093	1178	GA
1	27567592	482	TG
1	27568099	507	GA
1	27568331	232	TC
1	27568381	50	AG
1	27568514	104	AT
1	27569004	267	CT
1	27569155	151	GA
1	27569774	265	AC
1	27569785	11	GA
1	27569892	107	CT
1	27569994	102	GA
1	27570047	53	CG
1	27570169	122	GT
1	27570232	63	TC
1	27570431	199	GA
1	27570432	1	CT
1	27570456	24	AG
1	27570524	35	GA
1	27570564	40	GA
1	27570589	25	CT
1	27570619	30	TC
1	27571116	244	GA
1	27571267	151	CT
1	27572188	529	GA
1	27572925	363	AG
1	27572934	9	AT
1	27573516	582	TC
1	27573881	365	AT
1	27574064	183	CG
1	27574651	278	TC
1	27574871	220	CT
1	27577669	1782	CT
1	27578050	350	GA
1	27578169	50	CT
1	27579154	187	TC
1	27579615	355	AG
1	27580587	937	CT
1	27580686	99	AC
1	27594443	11430	GA
1	27594722	279	TG
1	27594773	51	CT
1	27594794	21	AG
1	27601455	5657	CT
1	27601761	306	GA
1	27601774	13	GA
1	27601779	5	GC
1	27601958	179	GA
1	27602222	264	CT
1	27602311	89	GA
1	27602480	169	GT
1	27602657	177	CA
1	27602728	71	GC
1	27602905	177	TC
1	27602920	15	CT
1	27602929	9	CT
1	27603686	723	CT
1	27604446	683	CT
1	27604641	195	CA
1	27604655	14	AG
1	27604687	32	CT
1	27604745	58	AG
1	27604809	64	AG
1	27604968	159	AG
1	27605094	126	AG
1	27605095	1	CT
1	27605649	484	TA
1	27605719	70	CT
1	27605875	156	CT
1	27606076	83	CT
1	27607011	935	AG
1	27607189	178	TC
1	27607377	188	GA
1	27607695	69	GA
1	27607975	280	GC
1	27612371	3416	AC
1	27616209	1251	TC
1	27620315	906	GA
1	27620373	58	TC
1	27622908	2273	AC
1	27623300	392	TC
1	27623995	547	GA
1	27624021	26	TC
1	27624044	23	GA
1	27624422	378	CT
1	27625080	156	AC
1	27625337	257	CT
1	27625582	245	AG
1	27625699	117	AC
1	27625712	13	AC
1	27625811	99	CT
1	27625833	22	CA
1	27626377	420	AG
1	27626693	316	AG
1	27627680	987	TC
1	27628317	490	AC
1	27628320	3	AG
1	27628374	54	GC
1	27629113	578	CT
1	27629790	333	CT
1	27630120	330	AG
1	27630306	186	CG
1	27630520	214	AG
1	27630540	20	TC
1	27630665	125	GA
1	27630917	252	GC
1	27630971	54	CG
1	27631014	43	TA
1	27631375	271	AG
1	27631669	294	AG
1	27632465	796	GC
1	27632612	147	CT
1	27633231	619	TG
1	27633236	5	TC
1	27633403	167	GA
1	27633430	27	CG
1	27633634	165	GA
1	27633710	76	AG
1	27633741	31	CG
1	27633761	20	AG
1	27633777	16	AG
1	27634093	104	AG
1	27634139	46	TC
1	27635067	713	CA
1	27635093	26	GA
1	27636225	985	CG
1	27637694	1398	CT
1	27637835	141	AG
1	27637872	37	GA
1	27637879	7	CT
1	27637915	36	TA
1	27637921	6	GT
1	27638041	120	GA
1	27638074	33	TC
1	27638084	10	TA
1	27638124	40	TG
1	27638125	1	TC
1	27638128	3	AG
1	27638236	108	GA
1	27638249	13	AG
1	27638258	9	CT
1	27638324	66	GC
1	27638494	170	AG
1	27639355	829	TA
1	27640191	544	GT
1	27640194	3	AG
1	27640197	3	GT
1	27640277	80	CT
1	27640628	351	GA
1	27640659	31	GT
1	27640776	117	TG
1	27641080	244	AG
1	27652058	819	GC
1	27655328	3011	GA
1	27655637	280	CT
1	27655786	149	CT
1	27656243	307	CA
1	27657221	919	CT
1	27658072	694	CT
1	27659643	1317	CT
1	27659933	290	AG
1	27660148	215	TG
1	27660779	631	TC
1	27664084	2411	CT
1	27664329	134	GT
1	27667138	2091	CT
1	27667247	109	GC
1	27667393	146	CT
1	27667806	413	GA
1	27670813	2084	CT
1	27670820	7	TG
1	27672257	1298	TC
1	27677183	4108	AG
1	27680822	1877	AG
1	27687600	5383	CA
1	27687837	237	AG
1	27687845	8	TC
1	27687963	118	CT
1	27687966	3	CT
1	27688266	170	TC
1	27688832	360	TC
1	27688835	3	TC
1	27688905	70	CT
1	27689270	97	TC
1	27689302	32	CT
1	27689485	183	GC
1	27689577	92	GA
1	27689582	5	CT
1	27689740	158	TC
1	27689755	15	GA
1	27689799	44	AG
1	27689804	5	CT
1	27689805	1	CG
1	27689850	45	GA
1	27689967	117	GC
1	27690108	141	GA
1	27690117	9	GT
1	27690148	31	CT
1	27690154	6	CT
1	27690183	29	GA
1	27690268	85	CT
1	27690515	247	CT
1	27690577	62	CT
1	27690722	145	GA
1	27690756	34	CT
1	27691818	818	CA
1	27691877	59	AC
1	27691959	82	CG
1	27692133	174	GA
1	27692794	392	GT
1	27692821	27	CT
1	27693540	348	CT
1	27694556	974	GA
1	27694747	37	TC
1	27694856	109	AG
1	27694878	22	GA
1	27694926	48	CT
1	27695525	485	GA
1	27695711	186	GC
1	27695815	104	CA
1	27695875	60	GT
1	27696775	900	TC
1	27697810	1018	TC
1	27698774	964	GC
1	27699911	717	CT
1	27699949	38	GC
1	27700475	526	TC
1	27700814	339	CT
1	27700858	44	GA
1	27701234	376	GA
1	27701305	71	CA
1	27701675	370	GC
1	27702338	636	CG
1	27703244	704	TA
1	27703285	41	AG
1	27703319	34	TC
1	27703522	203	GA
1	27703606	84	GA
1	27703641	35	TG
1	27703865	224	AC
1	27704064	199	GA
1	27704066	2	AC
1	27704178	112	CT
1	27704411	73	TA
1	27704567	156	TC
1	27704572	5	CT
1	27704718	146	TA
1	27704734	16	CT
1	27704768	34	CG
1	27704863	95	TC
1	27705204	341	GA
1	27705241	37	GT
1	27705255	14	GA
1	27705419	164	TC
1	27706000	552	TC
1	27706159	159	GA
1	27706181	22	AG
1	27706546	365	GA
1	27706701	155	GA
1	27707362	587	TC
1	27709569	1883	AG
1	27709660	91	TC
1	27711847	2187	GC
1	27711853	6	CT
1	27711937	84	TC
1	27711998	61	CT
1	27712017	19	CT
1	27714045	1810	TC
1	27717434	3221	TC
1	27721220	2398	TC
1	27721221	1	TC
1	27721847	626	AG
1	27721872	25	TC
1	27722795	828	AG
1	27723304	509	AG
1	27723915	580	GA
1	27724577	626	AG
1	27726295	906	GA
1	27730309	2844	GA
1	27733378	2326	GA
1	27733512	134	CT
1	27734222	591	CT
1	27735247	979	AC
1	27735304	57	TC
1	27736432	1128	CG
1	27737172	740	GA
1	27737730	558	AG
1	27739889	767	CT
1	27740882	652	CT
1	27741745	755	CT
1	27741763	18	TC
1	27742897	881	TC
1	27743120	223	CG
1	27743588	293	GC
1	27743873	285	TC
1	27743938	65	AG
1	27743946	8	CT
1	27744171	225	TC
1	27744177	6	GA
1	27744179	2	CT
1	27744307	128	CT
1	27744406	99	AG
1	27744604	198	CT
1	27744938	334	GA
1	27744992	54	CA
1	27744993	1	AG
1	27745128	135	AG
1	27745331	203	TA
1	27745340	9	CG
1	27745379	39	GA
1	27745657	278	TC
1	27745956	215	TC
1	27746185	229	AC
1	27746293	108	GC
1	27746295	2	CT
1	27746316	21	AG
1	27746720	180	AC
1	27747263	171	AC
1	27747299	36	GT
1	27747334	35	GA
1	27747410	76	AG
1	27747734	249	TC
1	27747745	11	CT
1	27747746	1	GA
1	27747793	47	GC
1	27748158	183	AG
1	27748161	3	CG
1	27748290	129	GC
1	27748353	63	TA
1	27748592	239	AT
1	27748883	291	TC
1	27749372	349	GA
1	27749391	19	GA
1	27749393	2	GA
1	27749664	271	TC
1	27749715	51	TC
1	27750343	475	CT
1	27752348	1365	GA
1	27754482	1608	CA
1	27760095	1635	AG
1	27763160	1501	TG
1	27764521	841	AG
1	27764631	110	GA
1	27765059	428	TG
1	27766767	1487	TC
1	27766980	213	CT
1	27767118	138	AG
1	27767127	9	GC
1	27767142	15	AG
1	27768513	675	AC
1	27769186	424	CT
1	27772810	2276	TC
1	27772848	38	AT
1	27772852	4	CT
1	27773275	318	AG
1	27773406	131	CT
1	27773445	39	TC
1	27773457	12	GA
1	27773548	91	GA
1	27773607	59	AG
1	27779937	3908	CT
1	27781737	1464	GA
1	27782666	820	TC
1	27782851	185	CG
1	27784364	762	GA
1	27786150	1432	AG
1	27789434	2443	GT
1	27790660	1186	CT
1	27792295	1414	CA
1	27796098	3026	CG
1	27798161	1877	TG
1	27798687	526	AG
1	27798777	90	TA
1	27800130	1173	CT
1	27801221	1014	GC
1	27801998	250	CT
1	27802735	396	GC
1	27805625	1959	CT
1	27805799	174	TC
1	27805862	63	TC
1	27805952	90	AG
1	27806757	144	TC
1	27806903	146	AG
1	27808410	983	AG
1	27808588	178	CT
1	27809655	1008	TC
1	27810045	293	CT
1	27810909	802	CT
1	27811003	94	AG
1	27811129	126	GA
1	27811721	592	GA
1	27812630	737	CT
1	27812631	1	AG
1	27812984	266	GA
1	27813522	508	AC
1	27813580	58	GA
1	27813918	338	TC
1	27814098	112	TA
1	27814102	4	TA
1	27814511	409	GA
1	27814741	191	TC
1	27814744	3	CT
1	27814758	14	GC
1	27814824	66	GA
1	27814880	56	GA
1	27815829	949	GA
1	27815932	103	TA
1	27815941	9	TC
1	27815946	5	AT
1	27817751	470	CA
1	27819384	1514	GC
1	27820456	678	GA
1	27821644	761	GA
1	27821695	51	AG
1	27822102	407	GA
1	27822163	61	AG
1	27822226	63	TC
1	27822249	23	GA
1	27822884	472	AC
1	27822918	34	CT
1	27822919	1	AG
1	27823016	97	CT
1	27823036	20	CT
1	27823766	110	TG
1	27823883	117	CT
1	27823938	55	CT
1	27824141	203	AT
1	27824315	174	CT
1	27824754	439	AT
1	27824909	155	CT
1	27826048	820	GT
1	27826625	458	AG
1	27827606	818	CT
1	27828329	723	CT
1	27829912	1203	TG
1	27830528	616	TC
1	27830718	190	CA
1	27832434	1321	TC
1	27834359	740	CT
1	27834407	48	CA
1	27834797	390	GA
1	27835000	203	AG
1	27835294	294	CG
1	27835360	66	GA
1	27836040	680	GA
1	27837339	92	AT
1	27837388	49	CT
1	27837391	3	AG
1	27838023	527	CT
1	27838569	491	GA
1	27839233	664	GA
1	27839707	186	CT
1	27840082	375	CA
1	27840186	104	AC
1	27840244	58	AC
1	27840348	104	CT
1	27841399	271	GA
1	27841432	33	TA
1	27842400	282	GA
1	27842894	494	TG
1	27843233	187	AG
1	27843237	4	TC
1	27843245	8	AG
1	27843250	5	AG
1	27844235	507	GC
1	27844574	339	AG
1	27845209	594	CA
1	27845210	1	GC
1	27845621	411	CT
1	27845945	249	TC
1	27846110	165	CT
1	27846265	155	TC
1	27846993	493	AG
1	27847002	9	GA
1	27847227	186	TG
1	27851721	3743	CT
1	27851748	27	CT
1	27851782	34	CG
1	27852370	309	AC
1	27852599	129	GT
1	27852657	58	AG
1	27852700	43	CT
1	27853002	302	AG
1	27853596	384	GA
1	27853706	110	CA
1	27854351	507	GA
1	27859276	4322	AG
1	27865498	5914	TC
1	27866540	968	GT
1	27866916	376	CA
1	27871768	3479	CT
1	27872023	255	TC
1	27872944	800	AG
1	27873022	78	CT
1	27875644	2068	TC
1	27876426	748	AG
1	27888109	10521	GA
1	27890624	2380	CA
1	27892296	1501	CT
1	27893461	790	AT
1	27894324	863	AC
1	27894371	47	TC
1	27895435	994	AC
1	27895445	10	AG
1	27895475	30	AG
1	27895635	160	GA
1	27895661	26	CG
1	27895685	24	GT
1	27895687	2	GT
1	27895696	9	TA
1	27896504	713	GC
1	27896545	41	AG
1	27896738	159	GT
1	27896752	14	GA
1	27896815	63	AG
1	27896841	26	CT
1	27896845	4	CT
1	27897390	446	GA
1	27897740	175	GT
1	27898571	361	TG
1	27898747	176	GA
1	27899796	860	TC
1	27899800	4	AG
1	27900306	506	CT
1	27900801	495	CT
1	27900888	87	CG
1	27900922	34	GT
1	27900967	45	GA
1	27901514	547	GA
1	27902651	906	GT
1	27907384	3253	CT
1	27907670	41	CT
1	27907692	22	CG
1	27907707	15	TC
1	27907776	69	CT
1	27907795	19	TG
1	27907979	165	TC
1	27909094	1034	CT
1	27909114	20	TG
1	27909192	78	TC
1	27909199	7	CT
1	27909202	3	TC
1	27909221	19	GT
1	27910037	783	GA
1	27910106	69	TC
1	27910145	39	TC
1	27910146	1	GA
1	27910198	52	TG
1	27910223	25	GA
1	27910227	4	AT
1	27910236	9	TC
1	27910245	9	AG
1	27910277	32	AT
1	27910385	108	CG
1	27910978	409	TG
1	27911067	89	CA
1	27911114	47	CT
1	27911471	110	CT
1	27911484	13	CT
1	27911513	29	GA
1	27911683	148	TC
1	27911698	15	GA
1	27911737	39	GA
1	27911801	64	GA
1	27911805	4	CT
1	27911824	19	GA
1	27911841	17	CT
1	27912082	241	TC
1	27912085	3	AG
1	27912096	11	AG
1	27912103	7	GA
1	27912446	343	AG
1	27912554	108	CT
1	27912561	7	AG
1	27912719	158	CT
1	27912741	22	GA
1	27913019	155	AG
1	27913049	30	CT
1	27913050	1	GT
1	27913084	34	TC
1	27913122	38	CT
1	27913127	5	TC
1	27913210	83	TA
1	27913289	79	CT
1	27913416	127	CT
1	27913445	29	AT
1	27913467	22	CT
1	27913510	43	CT
1	27914027	292	TA
1	27914028	1	TA
1	27914030	2	GA
1	27914257	227	AG
1	27914330	73	TC
1	27916816	2165	CG
1	27916820	4	GC
1	27916948	128	CT
1	27917246	298	AC
1	27917540	294	CT
1	27917560	20	GA
1	27917568	8	TA
1	27917610	42	CT
1	27917635	25	CT
1	27917771	136	GA
1	27917806	35	GA
1	27917958	152	CT
1	27918427	174	TC
1	27918503	76	CT
1	27918801	298	CT
1	27918820	19	GA
1	27918916	29	CT
1	27918990	20	GT
1	27920595	1017	TC
1	27920650	55	AG
1	27920701	51	CT
1	27920787	86	TC
1	27920900	113	CT
1	27921070	95	TC
1	27921782	49	CT
1	27921784	2	GA
1	27921791	7	GA
1	27921960	169	GA
1	27922041	81	TC
1	27922047	6	TC
1	27922276	229	TC
1	27922325	49	AC
1	27922393	68	CG
1	27922648	255	TC
1	27922658	10	GA
1	27922694	36	TC
1	27922714	20	CT
1	27922723	9	GT
1	27923341	341	GA
1	27923728	68	TG
1	27924039	140	GA
1	27942572	12755	TA
1	27943086	480	CT
1	27943240	154	TA
1	27943712	326	CT
1	27943725	13	TG
1	27944032	51	TC
1	27944118	86	CT
1	27944140	22	TA
1	27944290	150	GA
1	27944909	495	AT
1	27945080	171	CA
1	27945910	529	CA
1	27947037	814	AG
1	27948258	956	TG
1	27948335	15	AG
1	27948353	18	CG
1	27948375	22	TC
1	27949038	621	GA
1	27949166	128	AT
1	27953031	2310	AG
1	27955022	1376	AG
1	27955539	271	TC
1	27955574	35	AT
1	27956310	584	GT
1	27956312	2	AG
1	27956355	43	TG
1	27956422	67	CT
1	27956581	159	AG
1	27957130	294	CA
1	27958059	185	TC
1	27958634	575	TC
1	27958777	143	GA
1	27959080	303	TC
1	27959101	21	AG
1	27959139	38	GA
1	27959252	113	GA
1	27960358	635	CT
1	27960382	24	CT
1	27961225	843	AG
1	27961601	376	TC
1	27961650	49	GA
1	27962379	588	TC
1	27962837	257	CT
1	27963021	184	AG
1	27963072	51	GA
1	27963314	186	AT
1	27964158	379	AC
1	27964854	498	AG
1	27965124	143	GC
1	27966432	1225	AG
1	27967562	1073	GC
1	27967969	407	TC
1	27968132	163	GC
1	27968244	112	TC
1	27968342	98	CT
1	27969049	594	GA
1	27971656	2325	CT
1	27971763	107	GC
1	27972261	498	CT
1	27972428	167	CA
1	27973828	716	CT
1	27973869	41	GA
1	27974478	571	CG
1	27974761	283	TG
1	27974792	31	CG
1	27975093	301	GT
1	27975142	49	GA
1	27975631	402	TC
1	27976564	753	GA
1	27976582	18	AG
1	27976812	230	TC
1	27977009	153	CA
1	27977026	17	GA
1	27977684	590	AC
1	27978106	422	TC
1	27978293	81	GT
1	27978338	45	AG
1	27981691	2716	TC
1	27983950	1374	TG
1	27984053	103	CT
1	27984160	107	GA
1	27984359	199	GA
1	27992878	3522	AG
1	27992918	40	TC
1	27992921	3	TC
1	27993358	437	AG
1	27993946	409	TC
1	27993987	41	GA
1	27994022	35	CA
1	27994026	4	AG
1	27994184	158	GA
1	27994186	2	GA
1	27994221	35	GA
1	27994413	192	TC
1	27996505	79	TC
1	27998034	146	AC
1	27998122	88	CT
1	27998130	8	AC
1	27998783	242	AT
1	27998784	1	AT
1	27998804	20	AG
1	27999075	271	GA
1	27999601	267	TC
1	27999761	160	GA
1	28000194	433	AG
1	28000338	144	GT
1	28001420	1019	GA
1	28001490	70	TC
1	28001596	106	CT
1	28001602	6	AG
1	28001608	6	GA
1	28001736	128	AT
1	28001829	93	GC
1	28001844	15	TA
1	28001989	145	GT
1	28002127	138	GA
1	28002476	349	GA
1	28002546	70	AT
1	28002698	58	GA
1	28003224	58	TC
1	28003404	180	CG
1	28003605	201	AG
1	28004072	467	CT
1	28007430	1354	TC
1	28008577	649	CT
1	28008820	243	AG
1	28011035	1612	CT
1	28011061	26	GA
1	28011095	34	AG
1	28011373	278	GA
1	28012078	391	CT
1	28012460	208	TC
1	28012984	207	GC
1	28013029	45	AC
1	28014615	1586	CT
1	28016028	1152	TC
1	28016056	28	CT
1	28017401	977	TC
1	28017403	2	CT
1	28017554	151	CT
1	28018728	1157	GA
1	28018735	7	GA
1	28018853	118	CT
1	28018857	4	GC
1	28018897	40	GT
1	28019397	500	CT
1	28020832	866	GT
1	28021401	569	GA
1	28021765	364	CT
1	28022896	1110	GC
1	28023545	465	CT
1	28024492	596	GA
1	28025496	845	AC
1	28025991	385	AG
1	28026306	208	TG
1	28026374	68	TC
1	28026435	61	CT
1	28026468	33	CT
1	28026477	9	TC
1	28026651	45	TC
1	28027435	784	CT
1	28028041	447	TG
1	28030212	1849	AG
1	28031559	1308	CT
1	28033877	1276	GA
1	28035733	1551	AG
1	28037319	1399	AC
1	28037770	236	CT
1	28037777	7	GA
1	28037911	134	AG
1	28038781	824	TC
1	28038879	98	CT
1	28038880	1	AG
1	28038902	22	GC
1	28039833	931	AG
1	28040213	363	GA
1	28040686	473	GA
1	28042270	1495	GA
1	28042639	369	TA
1	28043106	467	TC
1	28053092	8773	TG
1	28059664	5923	GA
1	28064057	3305	AG
1	28065396	1339	AG
1	28066404	830	AG
1	28067254	429	GA
1	28069510	2256	CG
1	28069516	6	CT
1	28070000	448	AG
1	28070231	231	AG
1	28070271	40	GA
1	28070273	2	TC
1	28071762	1070	TC
1	28071981	202	CT
1	28071999	18	CT
1	28072107	108	GC
1	28072605	434	CT
1	28072664	59	GA
1	28072875	211	AG
1	28073207	332	TC
1	28073381	174	CT
1	28073850	374	TC
1	28073907	57	TC
1	28074781	549	TC
1	28075373	592	CT
1	28076179	806	CT
1	28076277	98	AG
1	28076410	38	AG
1	28076431	21	GA
1	28076657	226	TA
1	28077047	273	GT
1	28077401	171	GA
1	28077412	11	CG
1	28077511	99	CT
1	28077608	97	TG
1	28079201	1097	TC
1	28079349	148	AG
1	28080343	972	TC
1	28082712	926	CA
1	28082730	18	TC
1	28082774	44	TC
1	28083954	630	AG
1	28084389	323	CT
1	28084579	190	CT
1	28086212	1375	TC
1	28086263	51	TC
1	28086840	121	TC
1	28086869	29	GT
1	28087254	385	AC
1	28087766	512	CT
1	28087809	43	AG
1	28088179	313	AG
1	28089899	1441	CA
1	28090567	668	CT
1	28098604	5728	TG
1	28099727	772	TC
1	28100008	281	AG
1	28100732	724	TC
1	28101872	1140	CT
1	28102703	488	CA
1	28103787	1084	GA
1	28103864	77	AG
1	28104351	309	TA
1	28104480	129	TC
1	28104487	7	GA
1	28104491	4	CG
1	28104688	197	TC
1	28105798	1110	AG
1	28105966	168	CA
1	28109444	2514	AG
1	28110548	1104	GT
1	28112743	1630	AG
1	28114779	1345	TC
1	28114951	172	CT
1	28117570	2495	AG
1	28118230	660	CT
1	28120812	1746	AT
1	28121882	510	TC
1	28122306	424	AG
1	28123426	728	TC
1	28123557	131	GC
1	28123566	9	CT
1	28123593	27	GC
1	28123626	33	AG
1	28124359	733	TC
1	28135281	9231	CT
1	28135635	354	CT
1	28136136	501	CA
1	28136184	48	TC
1	28136449	265	GC
1	28136517	68	CG
1	28136905	388	CT
1	28137002	97	AG
1	28137068	66	TC
1	28138356	1124	GA
1	28141783	2432	AG
1	28141863	80	TA
1	28141975	112	TC
1	28142313	338	GA
1	28142355	42	GT
1	28142496	141	AG
1	28142738	242	GA
1	28142787	49	TC
1	28142867	80	AG
1	28143169	302	CT
1	28143905	226	AG
1	28144657	752	CT
1	28145196	450	GA
1	28145455	259	GA
1	28145729	274	GA
1	28145815	86	CT
1	28146454	439	GA
1	28148393	1201	GA
1	28151621	2828	TG
1	28151634	13	GA
1	28151752	118	AG
1	28153376	1032	GT
1	28153468	92	GA
1	28153634	166	TC
1	28154305	671	CT
1	28154586	281	TG
1	28154588	2	TC
1	28154700	112	TC
1	28154739	39	GA
1	28155317	578	CT
1	28155952	552	TC
1	28156037	85	GA
1	28156122	85	TC
1	28156151	29	CA
1	28156286	135	TC
1	28156331	45	GA
1	28156558	227	AG
1	28156918	360	CT
1	28157009	91	TA
1	28157227	218	AG
1	28157246	19	CT
1	28157351	105	TC
1	28157519	168	GC
1	28157858	339	GA
1	28158108	250	GA
1	28158157	49	CT
1	28158187	30	TG
1	28158386	199	GC
1	28159260	401	CT
1	28160482	1004	CA
1	28160495	13	TC
1	28161044	549	TC
1	28162738	1694	CG
1	28163053	315	CT
1	28163903	777	TG
1	28164889	892	AG
1	28165103	214	CT
1	28172165	555	TC
1	28172433	268	TC
1	28172637	204	CG
1	28173088	451	GA
1	28173151	63	GT
1	28173501	350	CT
1	28174564	931	CT
1	28174577	13	CT
1	28174614	37	CT
1	28175520	880	AC
1	28175545	25	CT
1	28176628	696	CT
1	28178319	1088	TC
1	28178436	117	TC
1	28179322	700	TC
1	28179334	12	AG
1	28179419	85	AG
1	28179794	375	GA
1	28180073	279	TC
1	28180685	589	TG
1	28180771	86	AG
1	28181211	440	GA
1	28185435	1266	TC
1	28185478	43	AG
1	28185575	97	GA
1	28185584	9	CT
1	28185864	65	GT
1	28186123	259	GA
1	28186704	435	TC
1	28186706	2	TC
1	28186755	49	TC
1	28187021	266	TC
1	28187118	78	GA
1	28187265	70	CT
1	28187267	2	CG
1	28187413	146	AG
1	28187427	14	TC
1	28187477	50	TC
1	28187636	159	TC
1	28187756	120	CA
1	28187886	130	GA
1	28187905	19	GA
1	28188195	290	AG
1	28188595	356	GT
1	28188899	304	GA
1	28189158	259	AG
1	28189359	201	CT
1	28189813	347	GT
1	28189853	40	CT
1	28189917	64	GA
1	28190974	247	AG
1	28191142	168	AG
1	28191422	280	GA
1	28191481	59	CT
1	28191734	253	CT
1	28192009	275	AG
1	28192399	390	AG
1	28192537	138	CT
1	28193210	312	GT
1	28193236	26	TC
1	28193468	232	GA
1	28193481	13	AC
1	28193568	87	GC
1	28193625	57	AC
1	28193820	195	TC
1	28193895	75	CT
1	28193896	1	AG
1	28194124	228	AC
1	28194182	58	TC
1	28194670	176	GT
1	28194676	6	CT
1	28195328	348	CT
1	28195768	440	CT
1	28196037	269	CG
1	28196048	11	AC
1	28196396	348	AG
1	28196836	328	GA
1	28197746	460	GA
1	28198366	620	TC
1	28198808	442	TC
1	28198870	62	GC
1	28199043	173	GA
1	28201859	1208	GA
1	28202325	306	GA
1	28202440	115	TC
1	28202447	7	AC
1	28202451	4	AG
1	28202501	50	AG
1	28202517	16	TC
1	28202844	327	CG
1	28203149	305	TC
1	28203256	107	TC
1	28203258	2	CG
1	28203273	15	TG
1	28203279	6	TC
1	28203384	105	GC
1	28203436	52	AG
1	28203553	117	TC
1	28203814	261	GA
1	28203923	109	TC
1	28203955	32	CG
1	28204243	288	AC
1	28204443	200	CT
1	28204509	66	CT
1	28204838	329	TC
1	28204964	126	CT
1	28205229	151	GA
1	28205234	5	CT
1	28205309	75	CT
1	28205434	125	GA
1	28206238	694	TC
1	28206389	109	CT
1	28206637	66	AG
1	28206645	8	CT
1	28207727	903	AG
1	28208648	853	GA
1	28208966	318	TC
1	28209164	198	CT
1	28209436	272	CT
1	28209474	38	GC
1	28209507	33	TG
1	28209904	197	CT
1	28209979	75	GA
1	28210820	841	GA
1	28211019	199	CT
1	28211186	167	GA
1	28211233	47	TA
1	28211823	435	GC
1	28213425	363	GA
1	28213427	2	AG
1	28213558	56	AG
1	28215291	1648	CT
1	28215397	106	AG
1	28215420	23	GA
1	28215583	163	GA
1	28218480	1902	GA
1	28220772	1737	CG
1	28221192	306	GA
1	28221563	310	GA
1	28221578	15	TC
1	28221580	2	CG
1	28221599	19	GA
1	28221613	14	AC
1	28222883	576	TC
1	28222959	76	TA
1	28223207	248	AG
1	28223225	18	AT
1	28223271	46	AT
1	28223390	119	CT
1	28223920	530	GC
1	28223965	45	GA
1	28223994	29	GA
1	28224043	49	CA
1	28224114	71	TC
1	28224292	178	TA
1	28224345	53	TC
1	28224660	315	TC
1	28224749	89	AG
1	28224943	194	AG
1	28224959	16	TC
1	28225150	191	TG
1	28225455	305	AT
1	28226544	525	AG
1	28227511	596	TC
1	28229130	1466	GA
1	28229368	238	TC
1	28233494	1704	AC
1	28234295	801	GA
1	28234406	111	TC
1	28234492	86	CT
1	28234753	261	GA
1	28234915	162	GA
1	28235575	660	CT
1	28235603	28	CA
1	28235615	12	CT
1	28235636	21	GA
1	28235724	88	AC
1	28235805	81	GC
1	28235815	10	CT
1	28235944	129	GC
1	28237186	594	AG
1	28240765	2384	GA
1	28249810	7666	GA
1	28252808	2606	TC
1	28252890	82	TC
1	28252897	7	GC
1	28253120	223	GT
1	28253208	88	AG
1	28253355	147	CT
1	28253441	86	TG
1	28258404	3298	TC
1	28259354	950	CT
1	28260217	863	CA
1	28273178	9689	AG
1	28273297	92	GA
1	28273545	248	GA
1	28274970	1095	GA
1	28275171	201	GA
1	28275239	68	GA
1	28275335	96	CT
1	28275402	67	GC
1	28275574	172	GA
1	28275647	73	AG
1	28275849	202	CT
1	28275973	124	CT
1	28276097	124	CT
1	28276122	25	AG
1	28276309	187	TC
1	28276570	261	GA
1	28277570	872	AG
1	28277661	91	TC
1	28277997	336	CT
1	28278710	713	CT
1	28278776	66	GT
1	28278951	175	CT
1	28279211	95	GC
1	28279605	394	GA
1	28279892	287	GA
1	28279893	1	GA
1	28281279	1386	TA
1	28282887	1077	CA
1	28282949	62	AG
1	28283548	599	CT
1	28286531	2381	CG
1	28286901	335	AC
1	28289126	1929	GC
1	28289754	628	CT
1	28290291	537	CT
1	28290540	249	AG
1	28290779	239	CA
1	28290818	39	TC
1	28290839	21	TG
1	28291418	579	GA
1	28291841	375	CG
1	28291868	27	AC
1	28291882	14	AG
1	28291916	34	GT
1	28292047	131	TC
1	28292053	6	CT
1	28292454	401	CT
1	28292795	341	GA
1	28292798	3	CG
1	28292869	71	CT
1	28293011	142	AT
1	28293646	635	GA
1	28293782	136	GA
1	28293834	52	CA
1	28293946	112	GA
1	28294533	351	AG
1	28294546	13	CT
1	28294556	10	TC
1	28294678	79	CT
1	28294815	137	CG
1	28294820	5	GA
1	28294849	29	GA
1	28294866	17	GA
1	28294900	34	TC
1	28294914	14	AG
1	28294923	9	AT
1	28297780	1776	GA
1	28297933	153	GA
1	28298502	569	CT
1	28298508	6	AG
1	28299432	924	TG
1	28301557	1670	CG
1	28301711	154	GA
1	28301739	28	CT
1	28302534	795	TC
1	28303326	545	CT
1	28303747	212	GA
1	28304256	454	CT
1	28304272	16	CT
1	28304475	203	CT
1	28304490	15	AG
1	28304635	145	GA
1	28305238	526	GT
1	28305257	19	AG
1	28305277	20	GA
1	28305715	266	AG
1	28305843	128	AT
1	28306348	505	AG
1	28306755	407	GA
1	28307541	786	AT
1	28307979	438	TC
1	28308621	642	CT
1	28309481	502	CT
1	28309501	20	GC
1	28309604	103	CT
1	28309676	72	GA
1	28310028	352	CT
1	28310992	925	GA
1	28312063	732	TC
1	28312441	192	GC
1	28313387	653	CT
1	28314198	725	GA
1	28319285	4366	GA
1	28321024	1680	AG
1	28321266	242	CT
1	28322119	853	GC
1	28322323	204	TC
1	28323799	1452	GA
1	28324312	513	CT
1	28324391	40	TG
1	28324957	471	CG
1	28326889	1418	GA
1	28326965	76	CT
1	28327124	159	GA
1	28327154	30	AG
1	28327236	82	CT
1	28327252	16	AG
1	28327677	425	CT
1	28327703	26	AG
1	28327776	73	CT
1	28327932	156	TG
1	28327976	44	GA
1	28328976	657	CT
1	28329111	135	AG
1	28329773	537	CT
1	28329882	109	GA
1	28329990	108	CT
1	28330307	317	AG
1	28337636	6287	GA
1	28337719	83	AC
1	28337878	159	GA
1	28338031	153	CG
1	28338174	143	AG
1	28338835	661	CT
1	28339139	304	GA
1	28339310	61	CG
1	28340047	596	CT
1	28340100	53	AG
1	28340350	250	TC
1	28340393	43	GA
1	28340589	196	AG
1	28340597	8	AT
1	28341448	584	AG
1	28341859	411	GT
1	28341948	89	TC
1	28342164	149	GA
1	28342508	344	AG
1	28342655	147	GA
1	28342739	84	AG
1	28342776	37	GA
1	28342788	12	GA
1	28342798	10	GA
1	28342838	40	AG
1	28342982	144	AG
1	28343066	84	TC
1	28343092	26	AG
1	28344030	938	GA
1	28344528	498	CG
1	28344678	150	TG
1	28344691	13	AT
1	28344923	146	CG
1	28345254	331	GC
1	28351151	599	CA
1	28351207	56	GC
1	28351432	225	TC
1	28351529	97	AG
1	28351537	8	AC
1	28351546	9	CT
1	28351659	113	CT
1	28351660	1	GA
1	28351715	55	AG
1	28351877	162	TC
1	28352106	229	AT
1	28352225	119	GT
1	28352287	62	TC
1	28352821	264	GT
1	28352828	7	CT
1	28353148	320	GA
1	28353510	362	CA
1	28353647	137	CT
1	28353712	65	GA
1	28353795	83	AG
1	28353944	149	GC
1	28353990	46	GA
1	28354200	210	AG
1	28354212	12	TG
1	28354233	21	GA
1	28354436	203	TG
1	28354472	36	GA
1	28354491	19	GC
1	28354679	188	CT
1	28354787	108	AG
1	28354970	183	TC
1	28355018	48	GT
1	28355036	18	GC
1	28355135	99	TC
1	28355273	138	TC
1	28355344	71	GT
1	28368444	9178	AG
1	28368450	6	GA
1	28371037	2147	AG
1	28371652	496	TC
1	28371673	21	AG
1	28371677	4	AG
1	28371715	38	TC
1	28371750	35	CG
1	28372144	394	GA
1	28372548	404	AG
1	28373036	131	CA
1	28373350	198	GA
1	28373508	158	AG
1	28373525	17	CT
1	28373915	63	CA
1	28374512	490	CT
1	28374845	333	AG
1	28375067	222	AG
1	28376063	996	GA
1	28376489	281	GA
1	28376542	53	AT
1	28376596	54	TA
1	28377025	429	AC
1	28383366	597	CT
1	28383584	218	GA
1	28383591	7	CT
1	28383848	257	CT
1	28383904	56	CT
1	28383943	39	AG
1	28384001	58	CT
1	28384019	18	TG
1	28385435	1220	CT
1	28387000	1045	CT
1	28387698	237	CT
1	28388362	640	TC
1	28388467	105	TC
1	28389034	567	GT
1	28389148	114	CT
1	28389214	66	CT
1	28389239	25	TC
1	28389346	107	GA
1	28389549	203	GA
1	28389555	6	GA
1	28390376	591	TC
1	28390424	48	CA
1	28391024	545	CT
1	28392006	964	CT
1	28392025	19	TC
1	28392065	40	GA
1	28392153	88	CT
1	28392756	322	TC
1	28392806	50	CT
1	28392830	24	AG
1	28392861	31	GA
1	28393379	457	GA
1	28393508	129	TG
1	28393518	10	TC
1	28393531	13	AG
1	28393585	54	GA
1	28393692	107	CT
1	28393791	99	TC
1	28393862	71	AG
1	28394039	177	GC
1	28394128	89	CT
1	28394361	233	GA
1	28394388	27	TG
1	28395207	549	GA
1	28395375	168	GA
1	28397083	880	AG
1	28397489	293	TC
1	28397503	14	TC
1	28397657	154	TC
1	28398552	870	AG
1	28398578	26	CT
1	28398674	96	CT
1	28398985	311	CA
1	28399000	15	GT
1	28400344	824	TC
1	28400419	75	CT
1	28400740	287	GA
1	28400762	22	GA
1	28400780	18	GC
1	28400803	23	GA
1	28401154	351	AG
1	28401422	118	GA
1	28401474	52	GA
1	28401545	71	GA
1	28403683	1936	AG
1	28403883	200	CT
1	28405335	1312	GA
1	28405494	159	GA
1	28412966	5484	TC
1	28427021	11866	CT
1	28427166	145	CT
1	28427782	521	AG
1	28432935	4603	CG
1	28433143	134	GT
1	28433198	55	CT
1	28434612	1198	TC
1	28436340	1099	AG
1	28436714	374	GT
1	28437381	667	AC
1	28438031	590	GA
1	28439102	802	CT
1	28439157	55	TC
1	28441932	2010	AG
1	28442037	105	GA
1	28442487	112	GA
1	28442509	22	CT
1	28443595	692	TC
1	28443642	47	AG
1	28443957	315	GT
1	28444288	331	GA
1	28444810	522	AG
1	28444844	34	AG
1	28444855	11	TC
1	28444967	112	CT
1	28444982	15	GA
1	28445377	395	TG
1	28445905	528	TC
1	28445970	65	GC
1	28446016	46	TG
1	28447710	1236	TA
1	28449236	1002	GC
1	28449486	250	TC
1	28450097	611	AG
1	28450156	59	GT
1	28450163	7	TG
1	28450418	42	TC
1	28451581	1008	GA
1	28451895	314	GA
1	28451937	42	GA
1	28452091	154	TC
1	28452708	345	GA
1	28455540	2740	GA
1	28456462	797	AG
1	28458813	2027	TC
1	28459094	281	TC
1	28459247	153	TG
1	28459618	275	CG
1	28459694	76	GA
1	28459764	70	AT
1	28459999	193	TC
1	28460507	194	CT
1	28460587	80	TC
1	28460636	49	CG
1	28461842	1051	CG
1	28462002	160	CT
1	28463309	237	GC
1	28463415	106	CG
1	28463450	35	CA
1	28463465	15	TC
1	28464409	629	TC
1	28464800	391	TC
1	28464830	30	TC
1	28464949	119	TC
1	28465709	540	CT
1	28465877	168	TC
1	28465890	13	GT
1	28465934	44	CG
1	28465960	26	CA
1	28465987	27	TC
1	28466063	76	CT
1	28466122	59	TA
1	28466240	118	GC
1	28466382	142	AG
1	28467028	507	CT
1	28467093	65	TC
1	28467123	30	TC
1	28467550	259	GA
1	28469114	1310	AG
1	28469368	138	GC
1	28469628	206	GA
1	28469633	5	AG
1	28470606	846	CT
1	28470611	5	CT
1	28470989	378	AG
1	28471571	451	GA
1	28471863	292	GA
1	28472026	163	TC
1	28472046	20	GA
1	28472654	589	TC
1	28473209	555	CT
1	28474548	1166	AG
1	28475296	591	CT
1	28475717	421	GA
1	28476249	532	CT
1	28478481	2071	GA
1	28478991	510	AT
1	28479018	27	AG
1	28479157	139	TC
1	28479189	32	AT
1	28479490	301	TC
1	28479658	168	CT
1	28480532	721	CA
1	28480617	85	AG
1	28480944	272	GC
1	28481062	118	TC
1	28481077	15	AT
1	28481411	259	CT
1	28482032	111	AG
1	28482221	189	CT
1	28482438	217	CA
1	28482543	105	AT
1	28482572	29	TA
1	28482612	40	AC
1	28483493	480	CT
1	28483716	223	CA
1	28483866	150	TC
1	28483896	30	GA
1	28483921	25	GA
1	28483960	39	GA
1	28484005	45	TC
1	28484184	179	TG
1	28484194	10	GA
1	28484211	17	TG
1	28484238	27	AG
1	28484388	150	TC
1	28484608	220	CT
1	28484647	39	CG
1	28484666	19	CT
1	28484915	112	CG
1	28484954	39	GA
1	28485477	523	GA
1	28485498	21	CT
1	28485857	359	GA
1	28486074	217	TC
1	28486096	22	CA
1	28486097	1	CA
1	28486206	109	AC
1	28486234	28	GC
1	28486356	122	TC
1	28486420	64	TC
1	28487002	258	TC
1	28504282	13193	CT
1	28505851	1284	CG
1	28509405	2399	CA
1	28512630	2630	GA
1	28516908	2502	TC
1	28517089	181	TC
1	28522748	4788	CA
1	28523193	235	TC
1	28523502	309	AC
1	28523689	187	AG
1	28523874	185	GA
1	28523966	92	GA
1	28524475	162	TC
1	28524523	48	CT
1	28524581	58	AC
1	28524645	64	CT
1	28524677	32	AT
1	28525248	476	CT
1	28526470	1124	TA
1	28526474	4	AG
1	28526848	111	CG
1	28526923	75	AT
1	28529495	1727	GA
1	28529990	397	TC
1	28530413	423	AG
1	28530631	218	AG
1	28531154	327	AG
1	28532042	627	TC
1	28532815	719	TC
1	28532864	49	GA
1	28532933	69	CT
1	28533382	449	GA
1	28533386	4	GC
1	28533418	32	GA
1	28533582	164	AC
1	28533616	34	TC
1	28533807	191	GA
1	28533851	44	CT
1	28533969	118	CA
1	28534241	272	GA
1	28534429	188	CT
1	28537341	2429	CT
1	28538194	730	GA
1	28538827	633	GA
1	28538932	105	GA
1	28539466	212	AG
1	28539628	162	CT
1	28539631	3	GA
1	28541082	1000	CG
1	28541153	71	AG
1	28542602	1139	AG
1	28542896	294	GA
1	28543449	143	GA
1	28543540	91	TC
1	28543898	358	TC
1	28543994	96	GA
1	28544091	97	CA
1	28544253	162	TC
1	28544266	13	AG
1	28544324	58	CT
1	28544353	29	GA
1	28544361	8	GT
1	28544446	85	TC
1	28544650	204	AG
1	28545531	881	GT
1	28546105	363	AG
1	28546798	384	CT
1	28546871	73	CG
1	28548543	340	CT
1	28552553	1466	CT
1	28553966	1366	AT
1	28555688	1722	AG
1	28555720	32	AG
1	28556343	598	GA
1	28556511	168	CT
1	28556678	167	GA
1	28556704	26	GC
1	28557074	370	GA
1	28557192	118	AG
1	28558462	768	AG
1	28559385	762	TC
1	28560355	558	TC
1	28560433	78	AG
1	28560446	13	TG
1	28560478	32	GA
1	28561640	390	GA
1	28561648	8	CT
1	28561671	23	CT
1	28561819	148	GA
1	28561846	27	CT
1	28561974	128	GA
1	28562312	338	AG
1	28563249	908	CT
1	28563252	3	CT
1	28563308	56	AC
1	28569859	4659	TC
1	28570152	293	AC
1	28570232	80	TC
1	28570234	2	GT
1	28571099	865	CT
1	28571316	217	AG
1	28571327	11	CT
1	28571333	6	AG
1	28571572	239	CA
1	28571834	262	GT
1	28571893	59	CT
1	28571922	29	AG
1	28572001	79	GA
1	28572002	1	AT
1	28572090	88	GC
1	28572148	58	AG
1	28572259	111	AG
1	28572426	167	GA
1	28572794	368	AG
1	28573147	353	TC
1	28573154	7	TA
1	28573175	21	CT
1	28573281	106	CT
1	28573467	186	GA
1	28573474	7	CT
1	28573505	31	CT
1	28574048	135	GA
1	28574883	835	CT
1	28575114	231	TC
1	28575160	46	TC
1	28576969	1306	CA
1	28577509	540	CG
1	28579955	556	CT
1	28581913	1627	GA
1	28583882	854	TG
1	28584102	220	TC
1	28587884	3245	CA
1	28596796	8398	GA
1	28596917	121	TC
1	28603427	3250	AG
1	28603959	532	AG
1	28604586	627	CT
1	28604642	56	GC
1	28606380	1109	GA
1	28607526	666	AC
1	28607570	44	GA
1	28607623	53	CT
1	28607754	131	GA
1	28608148	58	AT
1	28608151	3	GT
1	28608387	236	CT
1	28608399	12	CT
1	28608487	88	TC
1	28608501	14	GT
1	28608611	34	GA
1	28608684	73	CG
1	28608723	39	GT
1	28608972	108	AC
1	28608995	23	GT
1	28608999	4	AG
1	28609027	28	CT
1	28609240	213	TG
1	28609738	498	GA
1	28610328	426	CT
1	28610401	73	GA
1	28610554	111	GC
1	28610984	430	CT
1	28611230	246	CT
1	28611236	6	GT
1	28611261	25	GA
1	28611276	15	GA
1	28611294	18	GA
1	28611317	23	CT
1	28611387	70	GA
1	28611413	26	CT
1	28611483	70	TC
1	28611486	3	GA
1	28611493	7	CA
1	28611631	138	CT
1	28611664	33	AG
1	28611665	1	AC
1	28611695	30	TG
1	28612056	361	GA
1	28612426	370	CG
1	28612878	452	TC
1	28612918	40	AG
1	28613025	107	TA
1	28613406	381	CT
1	28613588	182	GA
1	28613767	179	AG
1	28613802	35	GA
1	28614037	68	AG
1	28614049	12	CA
1	28614274	225	AG
1	28614663	389	GA
1	28614664	1	GC
1	28614705	41	CT
1	28615115	364	CT
1	28615185	70	CT
1	28615233	48	AG
1	28615253	20	CT
1	28615272	19	GA
1	28615377	105	AG
1	28615634	257	AG
1	28615670	36	GA
1	28616510	840	GC
1	28616613	103	CT
1	28616817	204	GA
1	28618425	1353	CT
1	28620497	2012	GT
1	28622649	632	CA
1	28623252	603	CT
1	28623282	30	GA
1	28623316	34	CA
1	28623563	247	TA
1	28624259	394	CT
1	28624734	475	CT
1	28625499	686	CT
1	28625554	55	AG
1	28625930	34	TC
1	28625982	52	CT
1	28626083	101	CT
1	28626089	6	GA
1	28626183	94	GA
1	28626288	105	TC
1	28626323	35	CA
1	28626547	145	GA
1	28626615	68	GC
1	28626812	197	TC
1	28626879	67	GA
1	28627881	511	TC
1	28627915	34	TC
1	28627983	68	TC
1	28628181	198	CT
1	28628198	17	CT
1	28628201	3	GA
1	28628222	21	TG
1	28628252	30	TA
1	28628270	18	GT
1	28628280	10	CT
1	28628294	14	CT
1	28628329	35	CA
1	28628394	65	TA
1	28628396	2	GA
1	28628415	19	GA
1	28630676	407	GA
1	28630716	40	CT
1	28630830	114	AG
1	28631040	210	AC
1	28631157	117	GC
1	28631229	72	AT
1	28631269	40	CT
1	28631300	31	CG
1	28631332	32	GT
1	28631413	81	GA
1	28631648	235	AG
1	28631797	149	TC
1	28632148	351	GA
1	28632416	268	GA
1	28632454	38	GA
1	28632510	56	GA
1	28632861	351	TC
1	28632908	47	CT
1	28633073	165	GA
1	28633083	10	CT
1	28633927	799	AG
1	28634300	373	TA
1	28636475	357	GA
1	28636477	2	GT
1	28636965	488	GT
1	28636977	12	AG
1	28637066	89	AG
1	28637078	12	GC
1	28637195	52	AG
1	28637231	36	TC
1	28637669	419	CA
1	28637674	5	CT
1	28638739	954	TC
1	28640018	1131	CG
1	28642857	1764	GA
1	28644626	1139	GA
1	28644647	21	CG
1	28645104	457	AT
1	28645145	41	TC
1	28645407	262	CT
1	28645413	6	GA
1	28645490	77	AG
1	28645980	208	TC
1	28646066	86	GA
1	28646248	161	CG
1	28646305	57	GA
1	28646313	8	CT
1	28646402	89	TC
1	28646409	7	TC
1	28646584	120	GA
1	28646813	229	GA
1	28646953	140	CA
1	28647055	102	AG
1	28647296	241	GA
1	28647327	31	TG
1	28647329	2	TC
1	28647344	15	CT
1	28647346	2	GA
1	28647426	80	AT
1	28647509	83	TC
1	28647510	1	GA
1	28647531	21	TC
1	28647562	31	CG
1	28648026	440	GA
1	28648185	159	GA
1	28648280	95	CT
1	28648325	45	TC
1	28648613	288	CG
1	28649068	382	TC
1	28649477	409	CG
1	28649747	270	AG
1	28649762	15	TC
1	28649820	58	TC
1	28650051	143	TC
1	28650059	8	CA
1	28650068	9	TC
1	28650387	319	GA
1	28650422	35	CT
1	28650430	8	TC
1	28650484	54	TC
1	28650543	59	AT
1	28650561	18	TC
1	28650573	12	CA
1	28651322	749	TC
1	28651435	113	TG
1	28651473	38	AG
1	28651598	125	AG
1	28651681	83	TC
1	28651907	226	TC
1	28651977	70	GA
1	28652064	87	GA
1	28653020	956	TG
1	28653098	78	GC
1	28653213	115	AG
1	28653235	22	GA
1	28653271	36	TC
1	28653290	19	AG
1	28653543	253	AG
1	28653762	219	CG
1	28654921	1159	GA
1	28655345	424	CG
1	28655953	514	CT
1	28657197	909	CT
1	28657918	721	GA
1	28658671	403	GA
1	28658917	246	GA
1	28659010	93	GA
1	28659020	10	AC
1	28659054	34	CT
1	28659164	110	GC
1	28659529	264	CT
1	28660932	1403	CT
1	28661105	173	CT
1	28661262	157	GA
1	28661268	6	GA
1	28662784	1267	AT
1	28663417	633	TG
1	28663556	139	CT
1	28664663	1027	CA
1	28664713	50	CT
1	28664910	197	CT
1	28665217	307	AC
1	28665396	179	CT
1	28665715	319	GA
1	28665741	26	TC
1	28666517	716	CT
1	28666800	283	CT
1	28675629	4345	GA
1	28675772	143	AC
1	28676290	418	TC
1	28676435	145	CG
1	28677161	475	GT
1	28677264	103	AG
1	28678169	641	CT
1	28678294	125	CT
1	28678556	262	CT
1	28678800	244	AG
1	28678856	56	AC
1	28679071	215	GT
1	28679374	303	GT
1	28680005	631	TC
1	28680026	21	GA
1	28680863	837	CT
1	28681839	922	GA
1	28682254	282	GC
1	28682594	340	GA
1	28682627	33	GT
1	28683053	313	TC
1	28683805	432	TG
1	28685211	878	AG
1	28687734	1114	CT
1	28687851	117	AG
1	28688642	394	TC
1	28688673	31	AG
1	28688781	108	GA
1	28688844	63	GC
1	28689155	311	TC
1	28689484	329	AG
1	28690845	1285	CT
1	28692099	1254	CG
1	28693204	361	CT
1	28694056	447	CA
1	28694092	36	AG
1	28694331	239	TA
1	28694846	515	CT
1	28697266	2176	CT
1	28698723	1360	GA
1	28701993	2640	AG
1	28702078	85	TC
1	28710648	5060	GA
1	28710738	90	GA
1	28711930	1192	AC
1	28714146	2216	CT
1	28714415	269	TG
1	28715532	807	AG
1	28719728	3154	TC
1	28720100	372	AG
1	28721146	970	TA
1	28721148	2	CT
1	28721164	16	TC
1	28721214	50	TG
1	28721283	69	GA
1	28721479	196	TG
1	28721564	85	TG
1	28721751	187	TG
1	28721824	73	GA
1	28721827	3	CT
1	28721936	109	CG
1	28722188	252	TC
1	28722243	55	TC
1	28722365	122	AG
1	28722376	11	CT
1	28722431	55	CT
1	28724074	1643	AC
1	28724467	393	GA
1	28724691	224	AG
1	28724905	214	TC
1	28724979	74	AG
1	28725143	164	GA
1	28725640	497	CG
1	28725713	73	CT
1	28726180	467	AG
1	28726314	58	AT
1	28726327	13	CA
1	28726336	9	CT
1	28727191	821	GA
1	28727201	10	CT
1	28727260	59	TA
1	28727303	43	TC
1	28727793	490	GA
1	28728720	927	GC
1	28728767	47	CT
1	28730386	1164	GA
1	28731260	605	CT
1	28734344	2311	TG
1	28734434	90	GA
1	28734826	392	CG
1	28735277	361	GA
1	28735351	74	GA
1	28735680	329	TC
1	28735723	43	CT
1	28735888	165	TC
1	28735984	96	CT
1	28736869	651	GA
1	28736875	6	GA
1	28736942	67	GA
1	28736945	3	GT
1	28737084	139	CT
1	28737144	24	AG
1	28737153	9	TC
1	28737164	11	GA
1	28737167	3	CT
1	28737169	2	AG
1	28737273	104	GA
1	28737460	187	AG
1	28737636	176	GA
1	28737761	125	CT
1	28738483	643	GA
1	28738542	59	AC
1	28738586	44	GA
1	28738979	258	CT
1	28739125	125	AG
1	28739246	121	GA
1	28739414	168	GC
1	28739441	27	CT
1	28739647	127	GA
1	28739687	40	CT
1	28741978	1217	CT
1	28743377	427	TC
1	28747039	3032	GT
1	28747490	305	CT
1	28749583	1627	GA
1	28749628	45	CG
1	28751261	1428	CG
1	28752946	1635	TG
1	28753949	547	CT
1	28754183	234	AG
1	28756352	1976	TG
1	28756940	467	TC
1	28757403	463	CT
1	28758373	687	CT
1	28759512	600	GA
1	28760058	546	TC
1	28760079	21	GA
1	28760110	31	GA
1	28760195	85	GC
1	28760255	60	GT
1	28760689	434	GA
1	28761204	140	GA
1	28761558	354	GA
1	28762059	501	TG
1	28762200	141	TC
1	28762285	85	TC
1	28762890	418	AG
1	28763346	456	GA
1	28764194	848	CG
1	28764296	102	AT
1	28764298	2	CT
1	28764299	1	GT
1	28765044	669	GA
1	28765480	207	CT
1	28766485	974	CT
1	28766716	231	CA
1	28766904	188	TG
1	28767387	483	CT
1	28769197	1810	TC
1	28769373	176	AC
1	28770050	508	GA
1	28770199	149	TC
1	28770435	236	CT
1	28770477	42	GT
1	28770915	438	AC
1	28771561	646	AG
1	28771952	215	CT
1	28772172	220	CT
1	28772274	28	CT
1	28772335	61	TC
1	28772363	28	GA
1	28772382	19	AG
1	28772423	41	CT
1	28772447	24	CA
1	28772595	148	TG
1	28772735	140	GA
1	28772739	4	TA
1	28772807	68	CG
1	28772919	112	AG
1	28772921	2	CT
1	28772960	39	GT
1	28773042	82	GA
1	28773426	384	AG
1	28773590	164	TC
1	28773606	16	GA
1	28773697	91	TC
1	28773701	4	GA
1	28773822	121	AG
1	28773919	97	AG
1	28773956	37	AG
1	28774018	62	GA
1	28774040	22	TC
1	28774243	119	AG
1	28774553	88	TC
1	28774627	19	GA
1	28774674	47	GA
1	28775072	170	TC
1	28775556	484	CT
1	28775763	207	CT
1	28777575	1163	AG
1	28777845	270	GA
1	28778029	184	TG
1	28778094	65	AG
1	28778381	237	CA
1	28778382	1	AG
1	28778456	74	GA
1	28778527	71	AC
1	28778537	10	GA
1	28778628	91	AC
1	28779387	709	GA
1	28779509	122	TC
1	28780031	522	TC
1	28780138	107	GC
1	28780672	486	AG
1	28786206	3704	AG
1	28786467	261	TC
1	28786603	136	GA
1	28788687	1632	AG
1	28788706	19	AG
1	28789092	386	GA
1	28789108	16	GA
1	28789161	53	GC
1	28789257	96	CT
1	28789278	21	GA
1	28789852	393	GC
1	28790125	273	TC
1	28791714	951	CA
1	28791844	93	CA
1	28791892	48	CT
1	28791893	1	AG
1	28792019	126	AG
1	28792404	340	GA
1	28792491	87	CT
1	28792695	204	CA
1	28792775	80	CT
1	28793071	246	TA
1	28793116	45	AG
1	28793334	218	CA
1	28793345	11	GC
1	28793686	341	AG
1	28793695	9	GA
1	28793715	20	CG
1	28793783	68	TC
1	28794105	240	GT
1	28794491	263	TC
1	28795205	665	AG
1	28795630	425	AG
1	28796356	679	CT
1	28796361	5	CT
1	28796846	485	AG
1	28797042	196	GA
1	28798638	1283	TA
1	28798728	90	CA
1	28798765	37	CG
1	28798813	48	TG
1	28798907	94	CT
1	28799410	503	CT
1	28800232	805	CT
1	28801340	724	CG
1	28801414	74	CT
1	28801826	412	AG
1	28803854	1068	AG
1	28804414	317	AG
1	28804433	19	CT
1	28804443	10	AC
1	28804623	180	GA
1	28804698	75	CT
1	28805924	460	GT
1	28807103	797	CT
1	28807140	37	TC
1	28807179	39	GA
1	28807427	248	GA
1	28807717	290	CT
1	28808035	318	AG
1	28808425	205	GT
1	28808617	192	CT
1	28809130	465	AG
1	28809388	219	AG
1	28809603	215	GT
1	28809784	181	TG
1	28809854	70	CT
1	28809897	43	CT
1	28810153	151	AG
1	28810157	4	CT
1	28810449	242	CT
1	28810505	56	CT
1	28811472	967	AC
1	28811765	161	TC
1	28811991	226	TC
1	28812167	176	GT
1	28812784	617	TC
1	28813335	551	GC
1	28814090	755	AG
1	28814092	2	AG
1	28814503	411	TG
1	28815196	652	GA
1	28815246	50	GA
1	28815387	141	AC
1	28815629	242	CT
1	28815649	20	TG
1	28815653	4	TC
1	28815673	20	TC
1	28815702	29	GT
1	28815797	95	AG
1	28815843	46	GA
1	28815872	29	TC
1	28816340	468	CG
1	28816389	49	CT
1	28816471	82	TC
1	28816727	47	CG
1	28816842	115	GA
1	28816946	104	GA
1	28817356	410	CA
1	28817412	56	AG
1	28817534	122	AG
1	28819374	1739	TA
1	28819582	208	GA
1	28819590	8	CT
1	28820532	621	AC
1	28823210	2135	CT
1	28823330	120	AG
1	28823374	44	GT
1	28823591	217	AG
1	28823864	273	CT
1	28824062	198	CT
1	28824326	204	CT
1	28824450	124	TC
1	28824475	25	GA
1	28824726	251	TC
1	28824766	40	TC
1	28826227	304	AC
1	28826237	10	CT
1	28826446	209	CT
1	28826454	8	TA
1	28826519	65	AG
1	28826525	6	GT
1	28826709	184	AG
1	28826720	11	AG
1	28826813	93	GA
1	28826980	167	GA
1	28827011	31	CT
1	28827418	407	AT
1	28827557	40	CT
1	28827598	41	CT
1	28828228	224	GT
1	28828265	37	GA
1	28828273	8	TA
1	28828345	72	TC
1	28828526	51	CG
1	28829208	280	AT
1	28830236	732	GC
1	28830315	79	TA
1	28830912	597	CT
1	28831125	213	GA
1	28831489	316	GA
1	28831529	40	AC
1	28831653	124	GA
1	28832298	645	CT
1	28834301	1707	TA
1	28834368	67	TA
1	28835154	537	GA
1	28835210	56	AC
1	28836168	958	AG
1	28836310	142	GA
1	28837435	523	GA
1	28837632	197	CG
1	28837737	105	CT
1	28837835	98	CG
1	28838237	402	CT
1	28839319	924	CT
1	28839608	57	GA
1	28841066	929	GA
1	28841327	38	GA
1	28841845	518	GA
1	28841936	91	AC
1	28842633	539	CT
1	28842889	225	CT
1	28843407	328	GA
1	28843498	91	GC
1	28843680	182	CT
1	28843835	155	GA
1	28843838	3	CT
1	28843959	121	GA
1	28845297	1170	GA
1	28845638	341	TC
1	28845748	110	TC
1	28845840	92	GA
1	28846302	431	GA
1	28847093	707	GT
1	28847216	123	CT
1	28847437	191	CT
1	28847439	2	CT
1	28847821	382	TC
1	28847902	81	AT
1	28847917	15	CT
1	28848100	183	GC
1	28848143	43	CT
1	28848203	60	CT
1	28848581	357	GA
1	28848946	365	GA
1	28849166	220	CA
1	28849343	177	GA
1	28849544	201	GA
1	28850807	1103	CT
1	28851198	391	GA
1	28852026	386	GT
1	28853027	631	GT
1	28853268	241	GA
1	28853421	153	GC
1	28854092	671	GA
1	28854285	193	CA
1	28854612	327	CT
1	28854680	68	AG
1	28854728	48	GA
1	28854940	212	CT
1	28854964	24	TC
1	28857012	1060	TC
1	28857185	173	AG
1	28857201	16	TA
1	28857397	196	CT
1	28857813	233	TA
1	28857836	23	GA
1	28858337	501	GA
1	28858600	263	GA
1	28858624	24	AG
1	28859135	60	TC
1	28862662	2736	GA
1	28865297	2118	AC
1	28865319	22	TC
1	28866475	1055	CT
1	28867457	808	AG
1	28870081	1991	TC
1	28870350	269	AC
1	28877364	5639	CG
1	28878590	1226	CT
1	28881240	2365	GA
1	28881598	314	CT
1	28882264	666	GA
1	28882297	33	GT
1	28882413	116	GA
1	28882426	13	CG
1	28883017	282	GA
1	28883132	115	TA
1	28884399	536	GA
1	28884955	556	TC
1	28885268	313	GT
1	28886356	627	CT
1	28886757	401	GC
1	28886969	212	GA
1	28886992	23	TG
1	28893782	5151	CT
1	28894349	567	AG
1	28894411	62	AG
1	28894523	112	AG
1	28895052	422	AG
1	28895873	762	TC
1	28895968	95	CT
1	28896407	242	GA
1	28896539	132	AG
1	28897460	871	CT
1	28898252	547	AG
1	28898287	35	CT
1	28898720	218	AG
1	28898766	46	CT
1	28900235	712	AG
1	28907084	5972	CT
1	28908372	1108	GA
1	28908896	524	AC
1	28908930	34	CT
1	28909118	188	AG
1	28909248	130	GA
1	28909317	69	CT
1	28909388	71	CT
1	28909416	28	AG
1	28909435	19	TC
1	28909712	204	GA
1	28909827	115	GA
1	28910053	226	GA
1	28910087	34	TC
1	28910398	311	TC
1	28910496	98	CG
1	28912013	307	GA
1	28912266	253	TC
1	28912333	67	AG
1	28912789	456	AG
1	28913138	349	GA
1	28913222	84	CT
1	28913333	111	GT
1	28916630	2408	CT
1	28916640	10	CT
1	28919723	2328	CT
1	28919945	222	GA
1	28920410	465	AG
1	28920497	87	AC
1	28920594	97	GA
1	28921136	520	TG
1	28921825	689	CT
1	28921833	8	CT
1	28924143	2171	CG
1	28924298	155	CG
1	28925897	1532	TC
1	28927671	1728	AG
1	28932303	4163	GT
1	28933169	648	AG
1	28934052	883	TC
1	28934310	258	GA
1	28934636	238	TC
1	28935087	451	TC
1	28935275	188	GC
1	28936486	734	TC
1	28936507	21	GA
1	28936835	47	GA
1	28937042	207	GC
1	28937296	254	GA
1	28937328	32	TC
1	28937348	20	CT
1	28937349	1	AG
1	28937449	100	CT
1	28937480	31	CT
1	28937780	300	AG
1	28937801	21	TC
1	28937945	144	TA
1	28938011	66	CT
1	28938799	788	GA
1	28939320	283	TC
1	28940133	729	CT
1	28940457	324	TC
1	28940813	356	TC
1	28940916	103	CG
1	28941855	911	AG
1	28945814	3769	TC
1	28947148	1151	GC
1	28948248	886	GA
1	28948305	57	TG
1	28948315	10	CT
1	28948406	91	AG
1	28948453	47	AT
1	28948579	126	AG
1	28948655	76	TG
1	28948710	55	TC
1	28948849	139	GA
1	28949492	643	GA
1	28951523	1683	CT
1	28952114	591	CA
1	28954806	2608	AT
1	28955262	456	GA
1	28955518	256	AG
1	28956627	755	TC
1	28957840	1213	TC
1	28959046	1110	GA
1	28960249	803	GA
1	28961075	826	GA
1	28964993	3766	GC
1	28965048	55	GT
1	28965068	20	AT
1	28969923	4767	CT
1	28970207	284	AG
1	28970307	100	AG
1	28972261	1339	CT
1	28978656	6138	CT
1	28978700	44	CT
1	28980862	1917	CT
1	28981096	234	AG
1	28981667	512	CT
1	28981786	119	AG
1	28982207	325	GA
1	28982499	292	GA
1	28984286	1554	AC
1	28985214	928	AT
1	28985327	113	CT
1	28991455	4759	AG
1	28993740	2099	AG
1	28994007	126	GA
1	28999752	4677	CT
1	28999831	79	GA
1	29000136	305	TC
1	29000251	115	GA
1	29000594	228	TC
1	29000923	329	TC
1	29000962	39	TC
1	29001047	85	CT
1	29004924	2073	CT
1	29005114	190	GA
1	29005801	483	CT
1	29006783	982	AT
1	29007616	833	CT
1	29007650	34	TC
1	29007751	101	TG
1	29008026	68	GA
1	29008114	88	GA
1	29008182	68	GA
1	29009028	606	GA
1	29009229	201	CT
1	29009637	377	CT
1	29010829	1033	AC
1	29011162	333	AG
1	29011212	50	TC
1	29011267	55	CT
1	29011419	152	GA
1	29011906	487	GA
1	29012046	140	GA
1	29012074	28	TC
1	29012410	336	GA
1	29012472	62	CT
1	29012880	408	CT
1	29013053	173	GA
1	29013232	179	TC
1	29013297	65	TC
1	29013569	272	TC
1	29013988	136	GA
1	29014079	91	CA
1	29014092	13	AG
1	29014127	35	AT
1	29014139	12	AG
1	29014258	119	AG
1	29014462	204	AC
1	29015045	332	GA
1	29017482	390	GC
1	29018475	420	TC
1	29019881	321	AT
1	29020025	144	AC
1	29020148	42	CT
1	29020252	104	GT
1	29023277	644	GA
1	29023502	225	CA
1	29024841	170	CA
1	29025187	346	GA
1	29025637	450	GA
1	29030131	1750	TG
1	29030225	94	TG
1	29031090	865	GA
1	29031810	644	AT
1	29032295	485	GA
1	29032367	72	CT
1	29032873	506	CT
1	29033421	548	CT
1	29033543	122	GA
1	29034274	731	TC
1	29034346	72	AG
1	29035202	816	TC
1	29035273	71	CA
1	29035274	1	AG
1	29038470	2757	CT
1	29038580	110	CT
1	29038593	13	CT
1	29038915	322	AG
1	29039371	345	AG
1	29041184	1629	GA
1	29042939	1368	GA
1	29043207	268	AG
1	29043304	97	CT
1	29043730	426	GA
1	29043931	201	TC
1	29045185	1254	GA
1	29045370	185	CG
1	29045770	400	CT
1	29046050	280	GA
1	29046228	178	AG
1	29047720	946	AG
1	29048420	531	AC
1	29048681	261	GA
1	29048949	268	GA
1	29050524	1575	TC
1	29050875	297	AG
1	29050881	6	GA
1	29051011	130	TC
1	29052400	958	TC
1	29052472	72	CT
1	29053609	588	CT
1	29053782	173	GA
1	29053826	44	CT
1	29054215	389	GA
1	29054337	122	TC
1	29054659	109	TC
1	29054783	124	CA
1	29055130	278	GT
1	29055826	422	AG
1	29055905	79	AG
1	29056508	603	GT
1	29057442	934	AG
1	29058086	644	TG
1	29058155	69	TC
1	29058237	82	CT
1	29058549	312	GA
1	29058569	20	TC
1	29058596	27	CT
1	29058872	196	TC
1	29058894	22	CT
1	29059698	431	CT
1	29060188	490	TC
1	29060241	53	CG
1	29060319	78	CA
1	29060325	6	CT
1	29061875	824	AG
1	29061953	78	AG
1	29062124	171	GA
1	29062143	19	GA
1	29062425	282	GA
1	29063074	562	GA
1	29063658	584	AG
1	29075153	5617	CA
1	29077683	1872	GA
1	29079753	1687	GA
1	29079946	193	GA
1	29082605	2000	CT
1	29083757	963	GA
1	29089900	4130	CT
1	29090147	247	CT
1	29090150	3	TC
1	29090390	214	CG
1	29091155	376	AG
1	29091171	16	TC
1	29093754	2196	CT
1	29094975	695	GT
1	29101487	5134	CT
1	29102590	882	TC
1	29102599	9	CG
1	29103219	620	CA
1	29104379	829	GA
1	29104500	121	GA
1	29104852	305	GA
1	29105705	853	TC
1	29105855	150	CT
1	29107880	1258	GA
1	29107885	5	TC
1	29107926	41	TA
1	29108061	135	TC
1	29108115	54	CG
1	29108747	632	TC
1	29108762	15	GA
1	29109034	272	GA
1	29109109	75	AC
1	29109291	182	TC
1	29109359	68	AT
1	29109514	155	GA
1	29109624	110	AG
1	29109640	16	GA
1	29109708	68	GA
1	29110383	545	CG
1	29110387	4	AC
1	29110419	32	AT
1	29110949	484	CT
1	29111110	15	AG
1	29111121	11	GA
1	29111155	34	GA
1	29111494	94	AG
1	29112581	751	TC
1	29112661	80	TA
1	29112697	36	AT
1	29112766	69	AG
1	29112835	69	AG
1	29112949	114	GT
1	29113025	76	GA
1	29113233	208	CA
1	29113409	176	CG
1	29113410	1	AC
1	29113780	370	GA
1	29113785	5	CT
1	29114387	560	CA
1	29114410	23	GA
1	29114681	208	CT
1	29115297	579	CT
1	29116251	325	GA
1	29117065	200	AC
1	29118891	228	TC
1	29119575	258	AG
1	29121090	991	AG
1	29121500	410	AG
1	29121830	281	CT
1	29122309	414	TA
1	29122617	226	AT
1	29122700	83	CT
1	29122817	117	AT
1	29122964	147	CT
1	29123112	148	CT
1	29123299	187	CT
1	29123373	74	TC
1	29124223	662	CT
1	29125293	1070	CT
1	29125545	252	GT
1	29125921	376	CT
1	29126684	486	GA
1	29127109	425	GA
1	29127141	32	GC
1	29127381	240	CT
1	29128012	631	GA
1	29128258	246	AG
1	29128347	89	GA
1	29128383	36	CT
1	29129185	511	AG
1	29129544	316	CA
1	29129668	124	CT
1	29129705	37	TC
1	29129758	53	CT
1	29129779	21	CT
1	29131315	888	TC
1	29131404	89	CG
1	29131505	56	GC
1	29131546	41	CA
1	29132088	542	CG
1	29132892	378	GA
1	29133154	262	GA
1	29133313	159	AG
1	29134380	239	GA
1	29134800	420	AG
1	29134836	36	GC
1	29134982	146	GA
1	29135282	113	AG
1	29135585	239	AG
1	29135586	1	GA
1	29135612	26	CT
1	29136245	53	AT
1	29136260	15	GC
1	29136394	46	CA
1	29136803	409	TC
1	29137807	797	GA
1	29137918	111	GT
1	29138213	295	GA
1	29138308	95	CT
1	29138473	165	TG
1	29138575	102	AT
1	29138997	206	TC
1	29143670	3689	CT
1	29144263	593	CT
1	29144379	116	CA
1	29144859	443	GA
1	29145492	569	CA
1	29145844	352	TC
1	29146421	577	GC
1	29146436	15	GA
1	29146663	105	CT
1	29146934	271	TG
1	29147056	122	TC
1	29147177	121	CT
1	29147296	119	TC
1	29147429	133	CT
1	29147709	162	CA
1	29147718	9	TC
1	29148232	332	TC
1	29149486	438	GA
1	29149717	97	CG
1	29150125	261	GA
1	29150561	436	CA
1	29150596	35	AT
1	29150606	10	CA
1	29151293	636	CA
1	29152529	526	CT
1	29153303	722	GA
1	29153803	428	GT
1	29154157	354	CT
1	29154544	387	CT
1	29155416	720	AG
1	29155470	54	AG
1	29155564	94	CT
1	29155959	74	AT
1	29156135	176	GA
1	29157632	456	AC
1	29158291	659	AG
1	29158292	1	CT
1	29158486	194	AG
1	29158548	62	CT
1	29158806	166	CT
1	29158965	159	GT
1	29159166	88	CT
1	29159455	289	GA
1	29160914	572	CG
1	29160999	85	GA
1	29161357	358	CT
1	29161543	186	AG
1	29161675	132	GA
1	29161748	73	GA
1	29161996	248	CT
1	29162082	86	TC
1	29162101	19	TC
1	29162174	73	AG
1	29162183	9	AG
1	29162276	93	TC
1	29162311	35	AG
1	29162546	235	TC
1	29162783	218	AG
1	29163810	1006	CT
1	29163952	142	AC
1	29163953	1	AC
1	29164031	78	TA
1	29164036	5	AC
1	29164589	283	GC
1	29164989	400	CT
1	29166472	1239	AT
1	29167964	827	GA
1	29168524	560	AG
1	29168821	18	AG
1	29168830	9	CT
1	29169698	507	TC
1	29169717	19	GA
1	29169800	83	GA
1	29169887	87	TC
1	29170062	175	GA
1	29170149	87	GC
1	29170288	139	TG
1	29170811	292	AG
1	29170921	110	TC
1	29171281	360	AG
1	29171329	48	AG
1	29172104	513	CG
1	29172131	27	GA
1	29173219	967	GC
1	29173630	327	TC
1	29173659	29	TC
1	29173695	36	GC
1	29173741	46	CT
1	29174803	858	CT
1	29175224	172	TC
1	29177336	1326	GA
1	29177337	1	GA
1	29178005	329	GA
1	29184056	2101	GA
1	29187887	1856	AT
1	29188446	559	TC
1	29191831	2134	TC
1	29191870	39	AG
1	29191985	115	AG
1	29195684	2258	CT
1	29198838	2729	TC
1	29200263	1079	GA
1	29200268	5	GA
1	29201164	896	AG
1	29201186	22	CT
1	29201572	386	GC
1	29201755	183	CT
1	29201790	35	CG
1	29201800	10	AT
1	29202338	463	AG
1	29202445	107	CG
1	29202497	52	AG
1	29202586	89	CA
1	29202898	312	CT
1	29204226	1064	TC
1	29204309	83	TA
1	29204324	15	TC
1	29205549	382	TC
1	29207745	1997	CT
1	29207978	233	CG
1	29208554	449	CG
1	29214786	3162	AC
1	29214806	20	TC
1	29214811	5	CT
1	29216255	683	AT
1	29216987	732	GA
1	29217825	626	GA
1	29218186	235	GA
1	29219869	1307	TG
1	29220745	669	TG
1	29221051	271	TA
1	29221345	136	GA
1	29222906	1219	CA
1	29223162	187	TC
1	29223598	344	GC
1	29224432	478	TC
1	29227638	1353	AG
1	29230268	1341	AG
1	29230342	74	CT
1	29231828	718	AG
1	29232903	781	AG
1	29233682	779	AG
1	29238587	2384	GT
1	29239490	338	CT
1	29239521	31	GA
1	29239635	114	GA
1	29244710	982	GA
1	29253495	3087	GC
1	29254109	262	AG
1	29254362	253	TC
1	29260483	4739	TA
1	29261493	884	GA
1	29261567	74	GC
1	29262260	652	AG
1	29263177	917	GA
1	29263595	241	CA
1	29263606	11	TC
1	29263797	191	TC
1	29263951	154	CT
1	29264020	69	CT
1	29264114	94	AG
1	29264136	22	AG
1	29265215	514	GA
1	29265317	23	GT
1	29265690	373	TC
1	29266983	420	CA
1	29267047	64	CG
1	29267537	490	GC
1	29267808	106	CT
1	29268066	258	TC
1	29268356	290	TC
1	29268759	254	GC
1	29269695	725	CT
1	29270439	642	GA
1	29270449	10	GA
1	29270574	125	AC
1	29271883	348	TA
1	29271887	4	TG
1	29272363	38	CT
1	29272921	558	AG
1	29272994	73	GT
1	29273191	197	GA
1	29275872	1371	GA
1	29278092	1785	CT
1	29278422	330	TA
1	29281144	1404	TC
1	29286703	4290	CT
1	29286868	165	AG
1	29286882	14	AT
1	29287057	175	CT
1	29287198	141	CT
1	29287300	102	CG
1	29287351	51	CA
1	29287690	339	CT
1	29287786	96	CT
1	29287967	181	GA
1	29288583	482	AG
1	29289013	430	CT
1	29289051	38	GA
1	29289960	909	CT
1	29291413	1349	TC
1	29293782	2090	TC
1	29293844	62	AC
1	29293886	42	TC
1	29293922	36	AG
1	29293932	10	AG
1	29294349	417	AG
1	29294461	112	TC
1	29294876	415	GC
1	29294882	6	AG
1	29294923	41	AG
1	29295745	822	GA
1	29296285	540	AG
1	29296321	36	GC
1	29296389	68	GA
1	29297070	681	GA
1	29297170	100	TC
1	29297373	203	CT
1	29297857	484	GA
1	29297902	45	GA
1	29298256	354	CG
1	29298257	1	TC
1	29298328	71	GA
1	29298515	187	TA
1	29298516	1	CA
1	29298559	43	GA
1	29298836	277	CT
1	29298885	49	GA
1	29298921	36	AG
1	29298951	30	GA
1	29299898	873	TC
1	29300846	948	AG
1	29301332	486	GA
1	29301518	186	AG
1	29301600	82	CT
1	29301957	357	AC
1	29302016	59	TC
1	29302080	64	CG
1	29302549	469	TG
1	29302665	116	CT
1	29302846	181	TC
1	29303065	219	GA
1	29303116	51	CG
1	29303120	4	GA
1	29303529	220	CG
1	29303815	129	AG
1	29304278	139	TC
1	29304427	149	AG
1	29304484	57	CG
1	29304725	241	AG
1	29304764	39	AG
1	29304922	158	CT
1	29305045	123	CT
1	29305215	170	GC
1	29305452	237	GA
1	29305565	113	GA
1	29305688	123	CA
1	29305848	160	AG
1	29305934	86	TC
1	29306022	88	GC
1	29306565	217	AG
1	29306600	35	AG
1	29306997	397	CT
1	29307062	65	AG
1	29307149	87	TC
1	29307339	190	GA
1	29307345	6	TG
1	29307354	9	CT
1	29307375	21	GA
1	29307961	494	AG
1	29308117	156	AG
1	29308152	35	CT
1	29308217	65	CT
1	29308226	9	GA
1	29308358	132	GA
1	29308617	259	GT
1	29308699	82	CT
1	29308924	225	TG
1	29308925	1	CA
1	29308931	6	TC
1	29309194	263	CG
1	29309211	17	CT
1	29310254	1043	CT
1	29310709	455	TC
1	29314897	3850	GA
1	29316672	950	GC
1	29317163	429	TC
1	29317693	379	CT
1	29317752	59	TC
1	29318401	649	CT
1	29318595	194	TA
1	29319292	697	AG
1	29319716	424	GA
1	29319889	173	GA
1	29320742	853	CT
1	29320843	101	GC
1	29321144	301	GA
1	29321233	89	AG
1	29322037	445	TC
1	29322045	8	AG
1	29322161	116	CT
1	29322290	129	AG
1	29322358	68	TG
1	29322889	531	CT
1	29323411	209	CT
1	29324005	472	CT
1	29324795	357	GA
1	29324802	7	CT
1	29324945	143	GT
1	29325098	153	TC
1	29325160	62	TC
1	29325218	58	CT
1	29325286	68	AG
1	29325604	318	CT
1	29326651	612	CT
1	29326959	308	TC
1	29326984	25	GA
1	29327298	314	AT
1	29327357	59	CT
1	29327427	70	AG
1	29327459	32	AG
1	29327563	104	AG
1	29327845	282	GA
1	29327963	118	CT
1	29328517	554	GA
1	29328560	43	AT
1	29328925	365	AG
1	29328980	55	AC
1	29330071	1062	GA
1	29331972	1081	AC
1	29332477	505	GA
1	29334620	2036	CT
1	29389204	36864	GA
1	29406067	11686	AG
1	29424293	12709	TC
1	29425407	1114	GA
1	29425951	544	GA
1	29426607	425	AG
1	29426807	140	TC
1	29426808	1	CT
1	29429055	1349	CT
1	29429541	486	CT
1	29429643	102	CT
1	29429655	12	GA
1	29431818	1421	CT
1	29431836	18	GC
1	29436489	3580	CT
1	29438091	1537	GC
1	29438742	193	TC
1	29438789	47	CG
1	29438852	63	GA
1	29438853	1	TG
1	29439533	264	CG
1	29439534	1	AG
1	29439597	63	CT
1	29440143	361	AG
1	29440283	140	CG
1	29440391	108	CT
1	29440440	49	CT
1	29440475	35	GA
1	29440490	15	CT
1	29440497	7	CG
1	29440578	81	AG
1	29440788	210	GA
1	29440931	143	CT
1	29440939	8	GC
1	29440990	51	CA
1	29440991	1	AT
1	29441496	208	TC
1	29442063	211	AG
1	29442082	19	TG
1	29442112	30	GA
1	29442502	182	TC
1	29442507	5	TC
1	29442554	47	GA
1	29442555	1	AG
1	29442603	48	GA
1	29442859	256	GA
1	29442881	22	AG
1	29443605	570	CA
1	29444210	478	TG
1	29445237	732	CG
1	29445280	43	TA
1	29445356	76	TC
1	29445623	267	AG
1	29445824	201	TC
1	29445865	41	CG
1	29445908	43	CG
1	29445974	66	AG
1	29445977	3	CG
1	29446010	33	GA
1	29446372	362	GA
1	29446390	18	AC
1	29446414	24	AG
1	29446463	49	TG
1	29446464	1	CG
1	29446532	68	AG
1	29446706	174	AG
1	29446890	184	TC
1	29446892	2	CT
1	29447127	214	GA
1	29447269	142	TC
1	29447323	54	TC
1	29447340	17	GA
1	29447373	33	AG
1	29447806	433	GT
1	29447810	4	AG
1	29448079	269	TG
1	29448270	191	AC
1	29448379	109	AG
1	29448631	252	TC
1	29448674	43	CT
1	29449080	94	CA
1	29449122	42	TC
1	29449123	1	CT
1	29449257	134	CT
1	29452482	1760	AT
1	29455985	1659	CT
1	29456799	814	CT
1	29468648	3963	TC
1	29469111	463	GC
1	29469510	367	CT
1	29478747	5996	AG
1	29478796	49	GA
1	29479459	227	GT
1	29480080	260	CT
1	29486193	1181	AG
1	29486269	76	CG
1	29486532	263	GA
1	29489590	1318	GA
1	29491647	1106	GA
1	29496069	1087	AT
1	29500974	2706	CG
1	29506397	767	GA
1	29506424	27	TC
1	29506425	1	GA
1	29531019	10042	CT
1	29531709	690	CG
1	29536818	1636	CT
1	29536934	116	AG
1	29537062	128	AG
1	29537072	10	GA
1	29537197	125	CT
1	29537228	31	AG
1	29537398	130	GA
1	29537456	58	AG
1	29537472	16	AG
1	29537654	182	CT
1	29538071	417	GA
1	29539207	639	TC
1	29539492	285	AG
1	29539514	22	TC
1	29540175	661	TC
1	29540355	180	CG
1	29540709	322	AG
1	29540747	38	TC
1	29540761	14	TC
1	29540782	21	GC
1	29541016	234	AC
1	29541033	17	CA
1	29541211	178	CT
1	29541303	92	TA
1	29542407	445	TC
1	29542418	11	AG
1	29542423	5	AC
1	29542424	1	CT
1	29542429	5	GA
1	29542443	14	CT
1	29542549	106	TC
1	29542571	22	AG
1	29542661	90	AG
1	29542715	54	CT
1	29542727	12	TG
1	29544444	674	TA
1	29545218	484	GA
1	29545246	28	TC
1	29545747	501	AG
1	29545812	65	CT
1	29545819	7	CT
1	29546393	218	TC
1	29547414	468	GA
1	29547597	183	TG
1	29547744	147	CG
1	29548011	267	GA
1	29548642	581	CT
1	29548896	254	CT
1	29549120	224	CT
1	29549470	313	TC
1	29549713	243	CT
1	29549762	49	GA
1	29549841	79	GC
1	29550076	235	GA
1	29550226	150	GA
1	29550286	60	CA
1	29550340	54	CT
1	29550350	10	AG
1	29550361	11	GT
1	29550439	78	GA
1	29550443	4	GA
1	29550465	22	GA
1	29550731	266	CT
1	29550733	2	GA
1	29550755	22	TC
1	29550813	58	TC
1	29551090	277	CT
1	29551129	39	AG
1	29551164	35	AG
1	29551595	188	TC
1	29551610	15	CG
1	29551623	13	TA
1	29551650	27	GC
1	29551652	2	TC
1	29551686	34	CA
1	29552128	442	GC
1	29554162	860	GT
1	29554870	271	CT
1	29554895	25	CT
1	29554907	12	CT
1	29555103	196	CG
1	29555302	199	TC
1	29555523	221	CT
1	29556327	331	TC
1	29556362	35	TG
1	29557258	896	CT
1	29557620	362	GA
1	29558196	576	TC
1	29558414	218	AG
1	29559668	821	CT
1	29562735	1695	AG
1	29563760	493	CT
1	29563805	45	TC
1	29563810	5	CG
1	29564121	186	GT
1	29564182	61	TC
1	29564256	74	TC
1	29564320	15	GA
1	29564451	131	GA
1	29564452	1	CT
1	29564583	131	GA
1	29564827	244	GA
1	29564866	39	TG
1	29564873	7	CA
1	29565703	678	CT
1	29565866	163	AG
1	29566061	195	TG
1	29567452	1121	TC
1	29568245	447	TG
1	29568305	60	TG
1	29568527	222	GC
1	29568567	40	AG
1	29568661	94	CT
1	29569064	79	GA
1	29569386	322	AC
1	29569768	382	CG
1	29570388	573	GA
1	29570428	40	GC
1	29570440	12	GC
1	29571199	759	CA
1	29571221	22	CT
1	29571227	6	TC
1	29571228	1	CA
1	29571903	675	GA
1	29572615	712	AC
1	29572771	156	CT
1	29573304	254	GA
1	29573336	32	GA
1	29573520	184	CT
1	29573594	74	GT
1	29574734	415	AT
1	29575095	361	CA
1	29575655	452	AT
1	29575783	128	GA
1	29576509	585	AG
1	29576885	251	TC
1	29577106	122	CA
1	29577451	345	AC
1	29577483	32	GT
1	29578243	760	GA
1	29578563	320	CT
1	29580538	682	TA
1	29582902	1762	TC
1	29582920	18	GA
1	29585162	1925	TC
1	29587927	1026	GA
1	29587928	1	GA
1	29587936	8	AG
1	29587990	54	TG
1	29588476	486	CT
1	29589169	508	TC
1	29589266	97	GA
1	29589810	544	CT
1	29589880	70	TG
1	29589907	27	AG
1	29592486	761	GA
1	29593222	244	AG
1	29593271	49	CT
1	29593456	185	CT
1	29594021	276	GA
1	29594215	194	CT
1	29594246	31	GA
1	29595177	560	CT
1	29595205	28	CT
1	29595437	232	GA
1	29596136	301	TC
1	29596363	195	TC
1	29596455	92	CT
1	29596902	263	TA
1	29596954	52	GA
1	29597017	63	GT
1	29597021	4	AT
1	29597571	464	CA
1	29597703	132	GA
1	29597776	73	CT
1	29597811	35	TG
1	29598570	759	CT
1	29598635	65	CT
1	29599118	483	AG
1	29599604	453	TC
1	29603747	2599	TG
1	29604219	472	TA
1	29609364	3597	GA
1	29609483	119	CT
1	29609653	170	AG
1	29611776	754	CT
1	29612131	355	AG
1	29613109	978	TC
1	29613180	71	GA
1	29614959	1634	CT
1	29618345	3254	CG
1	29618869	230	CT
1	29619380	511	GA
1	29619907	527	CT
1	29619910	3	GA
1	29619950	40	AT
1	29621365	1132	AT
1	29623512	1510	CT
1	29625277	854	GA
1	29625330	53	TC
1	29625457	127	CT
1	29625535	78	CT
1	29625666	131	AG
1	29625744	78	AG
1	29626323	579	TG
1	29626594	271	GC
1	29626962	368	TC
1	29627073	111	GC
1	29627302	229	AG
1	29627466	164	GT
1	29627865	399	AG
1	29628855	514	TG
1	29628856	1	AT
1	29629057	201	TC
1	29629346	289	CT
1	29629485	139	AT
1	29630470	327	GA
1	29630945	475	CT
1	29631034	61	AT
1	29631068	34	TG
1	29631084	16	CT
1	29631119	35	CT
1	29631301	182	GA
1	29631410	109	AG
1	29631448	38	AT
1	29631459	11	TC
1	29631481	22	TC
1	29631858	104	CT
1	29632786	258	AG
1	29636724	1497	TC
1	29636787	63	CT
1	29636930	143	CT
1	29637005	75	AG
1	29637042	37	GT
1	29637940	898	AG
1	29639903	1450	CT
1	29640185	282	GA
1	29640195	10	GA
1	29641228	818	CT
1	29642320	1092	CG
1	29642360	40	CT
1	29642814	454	TC
1	29643892	998	AG
1	29646294	1582	CT
1	29646711	417	CT
1	29646808	97	TC
1	29647176	331	TG
1	29647191	15	GA
1	29647198	7	AG
1	29647207	9	GT
1	29650185	2978	GA
1	29660088	7769	TC
1	29667433	4816	TG
1	29670674	2295	GA
1	29674072	2396	CG
1	29675005	933	GC
1	29675107	102	CA
1	29675318	211	CA
1	29675392	74	TC
1	29675458	66	AT
1	29675654	196	CT
1	29675854	200	AG
1	29675984	130	TC
1	29676473	489	AG
1	29676648	175	GA
1	29676962	314	TG
1	29677030	68	GA
1	29677435	193	TC
1	29677460	25	GA
1	29677666	206	AG
1	29677704	38	GA
1	29677890	108	GA
1	29679309	1030	AG
1	29679379	70	CA
1	29679520	141	GA
1	29679639	119	CT
1	29679910	271	CT
1	29680408	454	AT
1	29681569	910	CT
1	29683345	1759	CG
1	29683481	136	CT
1	29684347	866	GA
1	29685284	937	TC
1	29690989	5137	TC
1	29692464	270	TC
1	29692676	212	TC
1	29692825	149	CT
1	29692990	165	AG
1	29693008	18	CT
1	29694104	524	TC
1	29694888	741	TA
1	29696027	796	CG
1	29697224	1164	CT
1	29697500	276	TC
1	29697776	276	AG
1	29701249	3031	TC
1	29706587	5169	CT
1	29706670	83	CT
1	29708786	2053	GA
1	29710934	1856	GA
1	29711367	413	GA
1	29712645	1187	TC
1	29715794	3063	CT
1	29715804	10	TC
1	29723435	7157	CT
1	29724890	820	AC
1	29727151	1404	AT
1	29729731	2217	AT
1	29732464	2498	GC
1	29732796	332	TC
1	29733674	878	GA
1	29738086	3964	GA
1	29738906	768	AG
1	29739982	1076	AG
1	29740137	155	GC
1	29741831	1431	GA
1	29743836	1253	TC
1	29743989	153	CT
1	29744018	29	AG
1	29744279	261	GA
1	29744603	324	GA
1	29744708	105	CA
1	29747050	1672	GC
1	29759811	7440	GA
1	29765064	3353	TC
1	29765090	26	CG
1	29765117	27	TG
1	29765515	398	AC
1	29767115	1501	CT
1	29768091	976	GC
1	29770523	2138	TC
1	29773190	2667	GA
1	29784128	8093	AC
1	29790928	6517	CA
1	29793198	1949	GT
1	29802087	7181	CT
1	29802600	376	CT
1	29804706	1899	CT
1	29808652	2314	GA
1	29809923	1184	TC
1	29813281	2360	TA
1	29827621	10888	CT
1	29830074	1367	AT
1	29831527	1453	CA
1	29831550	23	GA
1	29834843	2996	AC
1	29838741	2559	CT
1	29839502	600	CT
1	29840354	773	GA
1	29840669	315	CT
1	29840711	42	CT
1	29841110	323	CT
1	29841363	253	TC
1	29841415	52	CT
1	29841548	133	TC
1	29841740	146	GA
1	29841972	232	AG
1	29842014	42	TC
1	29842581	385	CT
1	29842782	201	GA
1	29842858	76	TG
1	29842882	24	CT
1	29843109	227	GC
1	29843318	188	AC
1	29843727	409	AG
1	29844300	353	CT
1	29844302	2	AG
1	29844303	1	AC
1	29844826	505	TC
1	29847522	1811	CG
1	29847523	1	CT
1	29849209	1447	GT
1	29850056	775	CA
1	29850384	328	CG
1	29850908	524	AG
1	29851104	196	CG
1	29852700	1596	AG
1	29853112	412	CA
1	29853684	354	AG
1	29853826	142	AG
1	29854706	777	CT
1	29855048	342	GA
1	29855073	25	CT
1	29855082	9	CG
1	29855295	111	TC
1	29855578	283	AG
1	29856181	603	GA
1	29856224	43	GC
1	29856349	125	AG
1	29856625	276	TG
1	29856676	51	CG
1	29856677	1	TG
1	29856685	8	GA
1	29856749	64	CT
1	29858776	870	CA
1	29858784	8	TA
1	29859449	116	AG
1	29859754	305	AG
1	29862111	1630	CG
1	29862718	607	TC
1	29863134	416	AG
1	29863213	79	GT
1	29863217	4	TG
1	29863628	411	CG
1	29864036	230	AT
1	29864579	75	GA
1	29865396	630	GA
1	29865426	30	GC
1	29865556	130	CT
1	29865734	178	TC
1	29866043	203	GA
1	29867209	324	AG
1	29867528	170	GA
1	29868169	62	AG
1	29868863	495	AG
1	29869192	172	CT
1	29871663	603	TC
1	29872203	231	CT
1	29873374	921	CG
1	29873663	289	TC
1	29873885	222	CT
1	29874129	244	CT
1	29874225	96	AG
1	29874365	67	CT
1	29875854	819	CA
1	29876218	364	AT
1	29877497	510	GA
1	29877724	227	CT
1	29877773	49	GC
1	29877853	80	GA
1	29878326	449	GA
1	29878649	190	GT
1	29878733	84	AG
1	29879667	630	CA
1	29880001	334	AG
1	29880009	8	GA
1	29883890	2351	GC
1	29884607	717	GT
1	29884887	280	GA
1	29892941	5745	TC
1	29894335	527	GA
1	29894982	406	CT
1	29895615	633	AG
1	29903459	1158	AG
1	29903551	56	TC
1	29903929	219	CT
1	29904141	212	GA
1	29904158	17	AG
1	29905139	918	GC
1	29905147	8	GA
1	29905148	1	AG
1	29907534	303	GC
1	29908283	345	TC
1	29908482	199	GA
1	29909107	504	AG
1	29909129	22	CG
1	29909217	88	CG
1	29909345	128	CT
1	29909566	169	CT
1	29909591	25	CG
1	29909662	71	GA
1	29909736	74	GA
1	29909780	44	AG
1	29909985	205	CT
1	29909994	9	TC
1	29910679	658	GA
1	29910977	298	AG
1	29911231	203	GA
1	29911784	243	GA
1	29914555	582	TC
1	29915187	534	AG
1	29916027	840	TC
1	29921448	4277	AG
1	29922884	395	GA
1	29923721	837	AG
1	29923988	267	TC
1	29933703	7874	GA
1	29933980	85	TC
1	29935729	1663	AT
1	29935802	73	TC
1	29936367	565	TC
1	29940492	3192	GA
1	29940777	285	CT
1	29942434	1390	CT
1	29942581	61	AG
1	29942800	219	CT
1	29942837	37	AG
1	29942949	112	TG
1	29942998	49	TG
1	29944389	1164	TA
1	29944398	9	GC
1	29946010	1495	CA
1	29946231	221	CT
1	29947748	1517	CA
1	29948236	431	TC
1	29948291	55	GT
1	29948387	96	CT
1	29948492	105	GT
1	29948794	302	TC
1	29949239	445	GT
1	29949443	66	CT
1	29949511	68	GC
1	29949830	319	AG
1	29949895	65	AG
1	29949948	53	GA
1	29949955	7	GA
1	29950059	104	TC
1	29950125	66	AG
1	29950134	9	TG
1	29950386	252	AG
1	29950591	205	AG
1	29950776	185	GA
1	29950823	47	CT
1	29951097	187	TC
1	29951218	121	GA
1	29951264	46	GC
1	29951269	5	TC
1	29951766	267	AC
1	29951995	229	GC
1	29952000	5	AT
1	29956291	1697	TC
1	29956297	6	GA
1	29957396	683	GA
1	29957600	204	TG
1	29957975	375	GT
1	29959814	1418	AG
1	29972661	9676	TC
1	29973349	688	GA
1	29973978	629	TA
1	29974657	679	GC
1	29974686	29	GA
1	29974688	2	CG
1	29977721	2056	CT
1	29979104	1138	CA
1	29980095	663	GA
1	29980104	9	GT
1	29980413	136	TC
1	29980493	80	AG
1	29980515	22	AT
1	29980632	117	GA
1	29980803	171	CT
1	29980920	117	AG
1	29980982	62	TC
1	29982204	379	AG
1	29982301	97	TC
1	29984975	1175	GA
1	29985135	160	TC
1	29985647	512	CT
1	29985673	26	GA
1	29985695	22	CT
1	29985771	76	AG
1	29986021	172	CT
1	29986217	196	CA
1	29986300	83	CA
1	29986434	134	TC
1	29987109	675	AG
1	29987803	666	CT
1	29989352	1178	TG
1	29990252	390	GA
1	29990313	61	AG
1	29992840	2447	AG
1	29992928	88	AG
1	29992931	3	AG
1	29993133	202	TC
1	29993297	164	CT
1	29993300	3	TA
1	29993362	62	AG
1	29994656	1049	CT
1	29994773	117	CT
1	29995153	380	GA
1	29995838	358	TC
1	29996020	182	CT
1	29996161	141	CA
1	29996176	15	CT
1	29997057	626	GA
1	29997096	39	CT
1	29997259	163	AG
1	29997427	168	CT
1	29997461	34	TC
1	29997477	16	TC
1	29997870	215	GA
1	29997972	102	GA
1	29998194	222	CT
1	29998244	50	CT
1	29998332	88	GA
1	29998415	83	AC
1	29998829	204	TC
1	29998859	30	AG
1	29998865	6	CG
1	29998936	71	GT
1	29998971	35	CA
1	29999336	365	AG
1	29999392	56	TC
1	29999413	21	CT
1	29999414	1	AG
1	29999941	188	AG
1	29999984	43	TA
1	29999995	11	GA
1	31588475	1210250	GA
1	31588476	1	AG
1	31588508	32	AG
1	31588515	7	AG
1	31588523	8	CG
1	31588527	4	GA
1	31588535	8	CT
1	31588537	2	GA
1	31588538	1	TC
1	32099690	357586	AG
1	33497377	1096022	CT
1	33498178	681	AC
1	33498181	3	CG
1	33498210	29	TA
1	33498225	15	GA
1	33498229	4	GT
1	33498301	72	GA
1	33498960	579	AG
1	33500752	1556	CA
1	33502924	2153	CT
1	33509199	2175	AC
1	33509811	199	CT
1	33511934	1889	GA
1	33511975	41	GA
1	33517203	3570	GC
1	33517543	340	AG
1	33520442	2524	CT
1	33521061	570	GA
1	33521195	134	CT
1	33521323	128	AG
1	33521474	151	GT
1	33523173	1372	GA
1	33523440	61	AC
1	33523512	72	CT
1	33523674	162	TC
1	33523727	53	TC
1	33524101	335	GA
1	33524151	50	AG
1	33524162	11	GC
1	33524183	21	GA
1	33524217	34	CT
1	33524365	148	CA
1	33524565	200	CG
1	33524797	232	AG
1	33524814	17	CG
1	33525078	264	TC
1	33525231	153	TC
1	33525948	641	TC
1	33526007	59	GC
1	33526085	78	GC
1	33528146	1708	GT
1	33528718	362	TC
1	33528911	193	GA
1	33529788	385	GA
1	33529873	85	GA
1	33530066	193	GT
1	33530113	47	TC
1	33530313	200	TC
1	33530318	5	TA
1	33530367	49	GA
1	33532076	1564	CT
1	33532658	582	GA
1	33534423	1743	GA
1	33540914	591	CT
1	33541099	185	GA
1	33543434	898	CT
1	33545955	2207	CT
1	33548161	1752	TC
1	33553309	4064	GA
1	33556499	3032	GT
1	33558299	1723	GA
1	33570888	10293	TC
1	33575432	3636	AG
1	33577211	1433	GA
1	33578469	1258	GA
1	33582338	2899	GA
1	33582652	314	CA
1	33583515	863	GA
1	33583522	7	GA
1	33583537	15	TG
1	33583628	91	CA
1	33583831	203	GA
1	33583841	10	AT
1	33584058	217	GA
1	33584243	185	TC
1	33584374	131	CT
1	33584430	56	AG
1	33584733	303	CT
1	33585006	97	GT
1	33585037	31	TA
1	33585123	86	GA
1	33585164	41	AG
1	33585179	15	AG
1	33585502	323	AG
1	33585562	60	TC
1	33585847	285	AG
1	33585894	47	GA
1	33589209	2182	CT
1	33590533	638	GA
1	33601222	7519	GC
1	33601407	185	CG
1	33602377	796	GA
1	33602509	132	CT
1	33602522	13	CT
1	33606102	3497	AG
1	33606557	241	AG
1	33607426	841	GA
1	33609505	2079	GC
1	33609605	100	TA
1	33609712	107	TC
1	33611012	1300	GA
1	33611695	626	GA
1	33612039	344	GA
1	33612265	226	GT
1	33613302	799	GA
1	33615270	1335	AG
1	33615688	418	TC
1	33616267	579	GA
1	33617387	1120	GA
1	33618979	984	CT
1	33625678	4702	GT
1	33626102	343	CT
1	33628483	642	AT
1	33631601	2603	GA
1	33631692	91	GC
1	33631820	128	GA
1	33633172	1008	CT
1	33633193	21	TG
1	33633196	3	CA
1	33633265	69	GA
1	33633823	558	GA
1	33634197	291	GA
1	33634209	12	TC
1	33634221	12	TC
1	33635424	790	CT
1	33635483	59	TC
1	33635502	19	GA
1	33635522	20	TC
1	33635546	24	TC
1	33636293	621	CA
1	33637207	914	GA
1	33638024	332	CT
1	33638344	320	GC
1	33638430	86	CT
1	33638738	308	CT
1	33639016	278	TC
1	33639134	118	CG
1	33639171	37	GT
1	33639247	76	CT
1	33639250	3	GA
1	33639339	89	GA
1	33639379	40	GC
1	33639392	13	GA
1	33639680	288	AG
1	33640802	947	GA
1	33640805	3	TC
1	33640900	95	GA
1	33641666	766	CT
1	33641824	158	CT
1	33644583	2649	GA
1	33645498	915	TG
1	33646610	1064	GT
1	33646887	185	GC
1	33648671	1296	AG
1	33648974	143	GA
1	33648984	10	GA
1	33649343	289	GC
1	33649363	20	TC
1	33649677	314	CT
1	33649841	164	AG
1	33649979	138	AG
1	33650200	221	TC
1	33650335	135	GA
1	33650438	103	GA
1	33651315	403	CT
1	33651382	67	GA
1	33651430	48	CT
1	33651618	188	CG
1	33651645	27	CT
1	33651816	171	AC
1	33651850	34	TC
1	33652199	349	AG
1	33652328	129	GA
1	33654291	1572	CT
1	33654359	68	GC
1	33654646	287	GT
1	33655127	429	GA
1	33657992	2796	TC
1	33661315	3024	AG
1	33661578	263	TC
1	33661749	171	AG
1	33663785	502	GA
1	33663852	67	TC
1	33663886	34	GT
1	33664034	148	TC
1	33664273	239	CT
1	33664492	219	AG
1	33664763	63	AG
1	33664889	126	AG
1	33665980	594	TC
1	33666133	153	AG
1	33666375	242	GA
1	33666947	287	AG
1	33667085	138	GA
1	33667241	156	AG
1	33667358	117	AG
1	33668234	876	AG
1	33668644	240	AC
1	33669216	572	CT
1	33669748	532	GC
1	33669770	22	CT
1	33669990	112	AG
1	33670031	41	GA
1	33670300	250	AG
1	33670840	494	CT
1	33671119	279	CG
1	33671149	30	GA
1	33671348	199	CT
1	33671986	437	GA
1	33672554	568	CT
1	33672569	15	CT
1	33672792	223	AG
1	33672809	17	GT
1	33672847	38	GT
1	33674430	642	AG
1	33679055	80	CT
1	33679576	436	TG
1	33679957	280	AG
1	33680794	282	CG
1	33681101	307	TC
1	33681370	269	GA
1	33681673	303	TG
1	33681712	39	GT
1	33681791	79	GT
1	33682125	296	CT
1	33682143	18	TC
1	33682231	88	AG
1	33682261	30	GC
1	33682309	48	TC
1	33682342	33	GT
1	33682350	8	GA
1	33682457	107	TC
1	33682824	367	CT
1	33682969	145	AG
1	33683564	478	CT
1	33685680	1527	CT
1	33686445	765	TC
1	33688081	1284	GA
1	33689796	1631	GA
1	33690537	741	GA
1	33692509	1331	GC
1	33694703	1893	GA
1	33694742	39	CT
1	33699838	3416	AG
1	33701049	887	AG
1	33701661	612	CA
1	33705265	3224	GA
1	33707060	1541	CT
1	33707217	157	AT
1	33707973	540	TC
1	33708557	584	GA
1	33708671	114	GA
1	33708836	165	CA
1	33709978	925	CT
1	33710085	107	TC
1	33710477	392	CT
1	33710478	1	AG
1	33710782	271	GA
1	33710989	207	GC
1	33712418	1429	CG
1	33712492	74	TC
1	33712505	13	TC
1	33712520	15	AG
1	33713106	586	GA
1	33713174	68	CG
1	33713291	117	CT
1	33713382	91	GA
1	33713906	99	CG
1	33714246	340	CT
1	33714803	557	TG
1	33714813	10	GA
1	33715013	200	TC
1	33715072	59	CT
1	33715079	7	TC
1	33715351	272	CT
1	33715397	46	CG
1	33715709	312	CT
1	33716353	56	TC
1	33716427	74	TC
1	33716698	271	GA
1	33717035	337	AG
1	33717502	467	GC
1	33717504	2	TC
1	33717699	195	TG
1	33717915	216	AG
1	33718180	265	AG
1	33718181	1	AC
1	33718231	50	GA
1	33719022	762	GA
1	33719126	104	TC
1	33719127	1	CA
1	33719654	152	TG
1	33719723	69	TC
1	33719724	1	CT
1	33719944	220	GA
1	33720172	228	GC
1	33720685	466	GT
1	33720878	193	CT
1	33720923	45	GA
1	33721081	158	TC
1	33721084	3	CT
1	33721091	7	AC
1	33721119	28	GA
1	33722748	1477	CT
1	33723644	867	TC
1	33726953	2890	CT
1	33726954	1	GA
1	33727162	69	CT
1	33727395	233	GC
1	33727652	206	CT
1	33727735	83	AG
1	33727769	34	GA
1	33728749	980	GA
1	33728865	116	AG
1	33730418	1516	TC
1	33731420	787	AC
1	33731932	512	TG
1	33731960	28	TC
1	33732438	478	GA
1	33732935	497	GA
1	33733401	466	TG
1	33734501	321	GA
1	33734513	12	AG
1	33734859	346	GA
1	33734915	56	GC
1	33735049	134	CT
1	33735850	779	AG
1	33735932	82	TC
1	33737009	1077	GA
1	33738069	913	CT
1	33738558	489	CT
1	33738739	181	CT
1	33739183	419	AG
1	33739833	650	AG
1	33740073	240	GA
1	33740958	867	GA
1	33750352	8490	CT
1	33751122	715	GA
1	33753564	2100	TC
1	33753854	290	GA
1	33753861	7	TG
1	33753929	68	CG
1	33753949	20	GA
1	33754214	58	CT
1	33754770	556	GA
1	33755270	348	AG
1	33756134	195	CT
1	33756680	410	AG
1	33756705	25	TC
1	33756726	21	CT
1	33756992	266	AG
1	33757043	51	CT
1	33757374	331	TA
1	33757871	497	AG
1	33757910	39	CA
1	33757927	17	TC
1	33757961	34	GA
1	33758305	344	GC
1	33758511	206	TA
1	33758531	20	CT
1	33758603	72	CT
1	33758680	77	GA
1	33758722	42	GA
1	33758725	3	AG
1	33758730	5	AC
1	33759059	329	CG
1	33759836	497	GA
1	33759871	35	CT
1	33759972	101	GA
1	33760708	213	CT
1	33760714	6	CG
1	33760757	43	GA
1	33763580	478	AG
1	33763584	4	GA
1	33763908	324	GA
1	33764033	125	TC
1	33764571	425	AC
1	33764697	126	CT
1	33764752	55	AG
1	33764967	215	GA
1	33765321	323	GA
1	33765669	348	GA
1	33766879	1210	AG
1	33767445	566	CG
1	33781746	8780	GA
1	33781766	20	TC
1	33782823	476	AG
1	33782974	151	AG
1	33783009	35	AG
1	33783177	168	TC
1	33783281	104	CT
1	33783497	216	AG
1	33783518	21	TG
1	33784117	599	CA
1	33784335	218	CT
1	33784366	31	GA
1	33785460	391	AG
1	33785527	67	AG
1	33785638	111	GC
1	33785683	45	CT
1	33785903	220	CT
1	33786220	210	GT
1	33786229	9	GA
1	33786230	1	TC
1	33786302	72	AG
1	33786374	72	GA
1	33786686	312	AG
1	33786702	16	AC
1	33788392	216	CG
1	33790409	1713	GC
1	33791365	907	CT
1	33791718	353	CT
1	33792033	315	CA
1	33792054	21	GA
1	33792141	87	CT
1	33792146	5	TC
1	33792505	359	CT
1	33792597	92	CA
1	33792620	23	GA
1	33792624	4	GA
1	33792693	69	GA
1	33792833	140	GA
1	33793850	771	AG
1	33793876	26	CT
1	33794048	172	TC
1	33794849	801	GA
1	33795195	346	GT
1	33795824	581	TG
1	33795908	84	CT
1	33796428	520	GA
1	33798652	1935	CT
1	33799232	580	AG
1	33799739	507	GA
1	33800987	1248	GT
1	33801349	122	GA
1	33801684	335	AG
1	33802042	358	GT
1	33802506	464	GA
1	33807099	3592	GA
1	33807950	851	GC
1	33811637	3442	CT
1	33811640	3	CT
1	33812639	999	GA
1	33814724	1800	AG
1	33814985	261	GT
1	33815214	189	GA
1	33815812	557	GA
1	33816042	230	TC
1	33817196	850	AC
1	33818902	1706	TC
1	33819608	706	AC
1	33820221	572	GA
1	33820595	374	GA
1	33838094	16204	TC
1	33838166	72	AG
1	33839902	1736	CA
1	33840102	200	AG
1	33840863	761	CT
1	33841134	117	AT
1	33842971	1353	CT
1	33843138	167	CT
1	33843141	3	CT
1	33844692	1074	CT
1	33845465	726	GA
1	33846432	936	CT
1	33846739	307	CT
1	33847678	381	GC
1	33848576	239	GA
1	33849012	436	GA
1	33849114	102	GA
1	33850790	1508	GC
1	33851051	213	AG
1	33851867	693	CA
1	33851926	59	GT
1	33851932	6	GA
1	33852096	164	GA
1	33852418	322	CT
1	33852485	67	TC
1	33852517	32	CT
1	33855414	655	GA
1	33855876	462	CT
1	33857276	1400	GA
1	33857317	41	CA
1	33857318	1	GA
1	33859380	987	GA
1	33860275	895	CT
1	33865489	3196	GT
1	33872438	1920	CT
1	33872598	160	GA
1	33872874	146	TC
1	33872891	17	GA
1	33872911	20	TC
1	33873303	392	AG
1	33873667	364	CT
1	33873873	206	AG
1	33875522	1526	CT
1	33877222	1571	AT
1	33877300	78	TA
1	33877583	283	TA
1	33877935	352	TC
1	33879042	1107	CT
1	33879723	335	AG
1	33880323	600	CT
1	33880573	250	CT
1	33880718	145	GA
1	33885845	4551	GA
1	33886408	461	CT
1	33887724	1316	AC
1	33887748	24	GA
1	33888126	378	GA
1	33888406	280	CT
1	33889626	1220	CG
1	33892787	3036	TC
1	33893038	251	CT
1	33895616	1505	CT
1	33898516	1619	CT
1	33901000	1971	TC
1	33901123	123	CT
1	33901288	165	GA
1	33903511	1601	TC
1	33904204	587	CT
1	33904415	211	TC
1	33904737	322	GA
1	33904810	73	GC
1	33904968	158	GA
1	33905025	57	TC
1	33907069	1505	CT
1	33907155	86	TC
1	33908640	1458	CA
1	33909974	1160	TC
1	33910194	220	AG
1	33910690	496	CT
1	33910812	122	GA
1	33910820	8	GA
1	33910827	7	AG
1	33911212	329	AG
1	33912071	750	GA
1	33913187	267	TC
1	33913315	128	GA
1	33913677	124	CT
1	33914348	671	GT
1	33914366	18	TC
1	33914402	36	TG
1	33914443	41	TC
1	33914503	60	AG
1	33914584	81	GA
1	33914626	42	CG
1	33915384	758	CT
1	33915411	27	TC
1	33917569	1527	CT
1	33924960	2927	AG
1	33930985	3809	CT
1	33940096	4558	AG
1	33940364	268	GA
1	33961996	14738	GC
1	33962512	392	AG
1	33967949	4224	CA
1	33969573	970	TC
1	33970292	719	CT
1	33970506	214	AG
1	33970801	295	TC
1	33971053	252	GT
1	33972179	970	AG
1	33972187	8	GT
1	33974239	1349	AG
1	33974717	455	GA
1	33974933	216	GA
1	33975931	852	TG
1	33976058	127	GA
1	33976220	162	GA
1	33976283	63	CT
1	33976284	1	GA
1	33976516	183	TC
1	33976869	324	GA
1	33976913	44	GA
1	33977017	104	GA
1	33978679	918	GA
1	33979054	375	TG
1	33979055	1	CT
1	33979848	614	TC
1	33979970	122	CA
1	33979987	17	CG
1	33979991	4	CT
1	33979992	1	AG
1	33980008	16	AG
1	33980045	30	TC
1	33980069	24	TC
1	33980074	5	TA
1	33980075	1	GA
1	33980088	13	TA
1	33980166	78	GA
1	33980238	72	CG
1	33980249	11	CG
1	33980259	10	GA
1	33980280	21	CT
1	33980285	5	TA
1	33980357	72	CG
1	33980366	9	AG
1	33980373	7	GT
1	33980374	1	CA
1	33980381	7	TC
1	33980382	1	GA
1	33980875	290	CT
1	33983064	1258	AG
1	33983394	330	TC
1	33983468	74	CT
1	33983481	13	TC
1	33983483	2	CT
1	33983553	26	CT
1	33983579	26	GA
1	33983637	23	GC
1	33983649	12	TC
1	33983655	6	AG
1	33983727	72	TC
1	33984513	530	AG
1	33984584	71	GA
1	33984701	117	AG
1	33984794	93	CT
1	33984843	49	GA
1	33984881	38	AC
1	33985530	574	CT
1	33986455	534	GC
1	33986535	80	CT
1	33986550	15	GA
1	33986591	41	AG
1	33986824	233	CT
1	33986889	65	CG
1	33986893	4	GA
1	33988057	290	TA
1	33988295	137	CG
1	33988296	1	AG
1	33988318	22	TC
1	33991392	553	TA
1	33993784	1330	TC
1	33993799	15	TC
1	33994647	431	CT
1	33994780	133	GA
1	33994790	10	TA
1	33995120	225	TA
1	33995145	25	AG
1	33996308	116	AG
1	33997592	719	AT
1	33998444	531	CT
1	33998798	354	AG
1	33998857	59	GA
1	34000931	567	GT
1	34001380	353	CA
1	34001633	217	TA
1	34001712	79	CT
1	34001713	1	TC
1	34003443	889	GA
1	34004527	657	CG
1	34008282	786	GC
1	34009741	266	AG
1	34010953	180	GA
1	34011152	199	GC
1	34011487	335	AG
1	34011586	99	AC
1	34011605	19	TC
1	34011628	23	GC
1	34011629	1	AC
1	34011989	145	GA
1	34012296	130	GA
1	34012527	119	GA
1	34012758	101	GA
1	34012776	18	CT
1	34012874	98	GT
1	34013006	132	GA
1	34013125	119	GT
1	34013162	37	GC
1	34013170	8	CG
1	34013173	3	TC
1	34013195	22	TC
1	34013329	134	AG
1	34013483	154	GA
1	34013604	121	AC
1	34013629	25	GA
1	34013655	26	CT
1	34013691	36	AG
1	34014174	230	GA
1	34014251	77	GA
1	34014283	32	GC
1	34014387	104	GC
1	34014395	8	GA
1	34014399	4	CT
1	34014403	4	GA
1	34014456	53	CT
1	34014475	19	GA
1	34014543	68	TC
1	34014620	77	CT
1	34014646	26	CT
1	34014984	338	AG
1	34015120	136	AC
1	34015182	62	GA
1	34015293	111	CG
1	34015693	400	CT
1	34015725	32	GA
1	34015793	68	CT
1	34017042	321	AG
1	34017181	137	CT
1	34017246	65	TA
1	34017261	15	GC
1	34017710	422	CG
1	34017713	3	AG
1	34017842	129	AC
1	34017846	4	CG
1	34017847	1	AG
1	34018220	206	GC
1	34018234	14	TC
1	34018239	5	GA
1	34018956	230	CT
1	34018959	3	TC
1	34019052	93	GC
1	34019062	10	CA
1	34019323	92	CA
1	34020005	177	GA
1	34020009	4	CT
1	34020010	1	TG
1	34020575	278	AT
1	34020872	55	GC
1	34020943	71	TC
1	34020947	4	TC
1	34020952	5	TA
1	34020999	47	TA
1	34021005	5	CT
1	34021009	4	AG
1	34023908	1535	GA
1	34025836	1275	CT
1	34026551	301	AG
1	34026555	4	CG
1	34034886	2355	TC
1	34036815	420	GA
1	34037155	340	TC
1	34037161	6	GC
1	34038330	593	GC
1	34038832	476	GA
1	34039793	512	TG
1	34040160	157	GA
1	34040196	36	GT
1	34042018	1086	GA
1	34043061	335	TC
1	34043572	58	CT
1	34043620	48	TA
1	34044068	300	TC
1	34044324	79	CT
1	34044325	1	AG
1	34044371	41	TG
1	34044414	43	TG
1	34044416	2	AG
1	34044858	442	TC
1	34044859	1	TC
1	34044913	54	CA
1	34044922	9	CT
1	34044929	7	TA
1	34044937	8	AT
1	34044968	31	GA
1	34044970	2	GT
1	34044972	2	GA
1	34045020	48	GA
1	34045056	36	GA
1	34045086	30	GA
1	34045090	4	GC
1	34045112	22	CT
1	34046119	169	GA
1	34046371	32	AG
1	34046434	63	AG
1	34046435	1	GA
1	34047250	12	AG
1	34047371	121	CG
1	34047523	88	GA
1	34047653	130	TG
1	34047671	18	CT
1	34047737	66	CT
1	34048208	264	AG
1	34048226	18	AG
1	34048347	111	AC
1	34048400	53	AG
1	34048522	122	AG
1	34048595	73	TA
1	34048614	19	AC
1	34048661	47	CG
1	34048799	138	TA
1	34048808	9	CT
1	34048818	10	GA
1	34048833	15	CT
1	34048834	1	AG
1	34049233	42	CT
1	34050831	300	TG
1	34050858	27	CT
1	34050945	87	TG
1	34051371	421	AT
1	34051582	155	AT
1	34051585	3	AC
1	34051586	1	GA
1	34051611	25	GT
1	34051672	61	TG
1	34051688	16	TC
1	34051784	96	AC
1	34051814	30	CT
1	34051847	33	TC
1	34052363	148	AG
1	34052402	39	AC
1	34052408	6	TC
1	34052498	90	TC
1	34052581	34	TC
1	34052713	132	CG
1	34052745	32	AC
1	34052837	54	GA
1	34052866	29	AG
1	34052901	35	TC
1	34052950	49	CG
1	34052982	32	TG
1	34053050	68	CG
1	34053052	2	AC
1	34053084	32	AC
1	34053130	46	GA
1	34053255	125	TC
1	34053591	19	TG
1	34053661	70	GC
1	34053720	59	GA
1	34053798	78	CA
1	34053843	45	GT
1	34053882	39	AG
1	34057365	1151	GA
1	34057412	47	AT
1	34057465	53	TC
1	34057477	12	CT
1	34057482	5	CT
1	34057550	68	TC
1	34057575	25	CT
1	34057611	36	TC
1	34057681	70	GT
1	34058253	288	AG
1	34058322	69	AG
1	34059041	719	TA
1	34059190	149	AG
1	34059214	24	CT
1	34059286	72	GA
1	34059318	32	AT
1	34059319	1	GA
1	34059364	45	AC
1	34059400	36	CT
1	34059425	25	CG
1	34059455	30	CT
1	34059738	256	TA
1	34059795	51	GA
1	34059796	1	AT
1	34064697	2631	GA
1	34950674	666534	CA
1	34950687	13	CT
1	34950723	36	CT
1	34951111	388	CT
1	34951503	392	TC
1	34952131	336	CT
1	34952132	1	GA
1	34952290	158	AG
1	34952476	186	AG
1	34952832	222	GT
1	34956366	2617	CG
1	34956876	228	GC
1	34957555	679	CG
1	34957777	222	TA
1	34957989	108	CA
1	34958067	78	CT
1	34958245	178	CA
1	34958823	538	GA
1	34959526	703	CT
1	34960453	927	GA
1	34961241	788	GA
1	34961253	12	GA
1	34961743	490	CT
1	34962388	595	CT
1	34962604	216	CT
1	34964033	1354	AG
1	34965102	1069	TC
1	34966064	318	AC
1	34966263	199	CG
1	34966804	541	CT
1	34967432	509	AG
1	34969406	1821	AG
1	34972233	434	CT
1	34972756	523	TC
1	34973594	650	GA
1	34974082	223	GC
1	34974140	58	TG
1	34974214	74	CT
1	34974340	126	TC
1	34974507	167	GA
1	34974509	2	CT
1	34975301	792	CG
1	34976124	823	GA
1	34976263	139	AG
1	34976375	112	CG
1	34976422	47	AG
1	34976579	157	CT
1	34977494	915	TG
1	34977501	7	TA
1	34977511	10	AG
1	34977908	397	AC
1	34980683	2775	AT
1	34981296	613	AG
1	34981476	180	CT
1	34981579	103	CT
1	34982665	1032	TC
1	34984843	2178	CG
1	34985041	198	GT
1	34988795	3435	CT
1	35000073	73	TC
1	35000207	134	AC
1	35000400	193	AG
1	35000426	26	TC
1	35000444	18	GA
1	35001739	1147	TC
1	35002461	722	GA
1	35002837	376	AG
1	35002842	5	GA
1	35005847	2483	TG
1	35006137	234	CG
1	35006350	213	TC
1	35008240	1341	CT
1	35009320	1080	GA
1	35010668	1116	CT
1	35011467	799	CT
1	35011525	58	CT
1	35012268	743	CT
1	35012505	141	CA
1	35015209	2267	TC
1	35016591	1258	TC
1	35016877	286	AC
1	35017445	568	CT
1	35021092	2869	AT
1	35024438	3050	GA
1	35025699	894	CT
1	35025741	42	GA
1	35025783	42	CT
1	35025819	36	GC
1	35026103	284	CA
1	35029327	2337	GA
1	35029438	111	TC
1	35029600	162	AT
1	35029714	114	GA
1	35030012	298	GA
1	35030107	95	AG
1	35030114	7	AG
1	35030149	35	CT
1	35030747	598	CA
1	35030774	27	CT
1	35030777	3	AT
1	35033751	2470	CT
1	35036024	1650	TC
1	35036166	142	GA
1	35037673	728	AC
1	35038439	712	AG
1	35039545	898	TC
1	35040443	898	GC
1	35040754	311	CT
1	35041134	380	TC
1	35041937	803	CT
1	35041938	1	GA
1	35042944	1006	CA
1	35045199	2041	GA
1	35045607	408	GC
1	35046534	927	GA
1	35047726	1192	GC
1	35051359	3614	TC
1	35051622	263	AC
1	35051698	76	GA
1	35052310	612	CT
1	35055759	2334	CG
1	35058685	1459	AG
1	35060247	1489	CT
1	35060328	81	AG
1	35060351	23	AG
1	35061115	764	CT
1	35062610	984	TC
1	35063048	368	CT
1	35063580	532	GC
1	35067326	3483	TC
1	35068368	963	CT
1	35070152	1431	CT
1	35070615	463	AG
1	35071895	1123	GC
1	35075436	3182	AG
1	35076079	438	GA
1	35076579	500	GA
1	35076805	226	AG
1	35076950	145	GT
1	35077050	100	AG
1	35077472	422	GA
1	35081770	3084	GT
1	35082460	690	GA
1	35083085	625	CT
1	35083256	171	GA
1	35083829	527	CT
1	35083883	54	AG
1	35083939	56	CG
1	35084067	128	TC
1	35085621	1468	AG
1	35085995	257	CA
1	35086283	288	GA
1	35087007	612	CT
1	35090667	1685	CT
1	35091099	432	TA
1	35091671	572	TC
1	35092501	780	GA
1	35094239	1388	GT
1	35094777	538	CT
1	35095657	880	GA
1	35098983	2529	GA
1	35099402	419	GT
1	35099565	163	CT
1	35099634	69	AG
1	35099931	297	CA
1	35104649	2920	TC
1	35104891	242	TC
1	35106322	1431	AG
1	35106783	461	AG
1	35107180	397	GA
1	35107271	91	GA
1	35107483	212	CT
1	35107604	121	TC
1	35108152	548	AG
1	35108598	446	CT
1	35110101	1082	CT
1	35110400	299	CT
1	35110464	64	TC
1	35110475	11	CT
1	35113049	2442	CT
1	35113973	924	CA
1	35114228	255	CT
1	35115705	1045	AG
1	35116037	332	CT
1	35116226	189	CA
1	35117645	1273	CT
1	35118108	463	GA
1	35118768	604	CT
1	35118928	160	CT
1	35118982	54	CT
1	35119332	350	AG
1	35119430	98	GT
1	35120013	299	TC
1	35120155	142	TG
1	35120270	115	CT
1	35120514	244	AG
1	35120592	78	TC
1	35120619	27	GC
1	35121560	910	GT
1	35122128	568	CT
1	35122382	220	AC
1	35123481	961	TC
1	35123681	200	TG
1	35124184	480	AT
1	35124467	217	CT
1	35124494	27	AG
1	35124497	3	TC
1	35124905	408	TC
1	35125961	1056	AC
1	35131014	4000	GT
1	35131701	687	GA
1	35131758	57	CG
1	35132254	410	CT
1	35134735	2314	AG
1	35141035	5142	CT
1	35142093	1018	AG
1	35144187	1864	CT
1	35145172	985	AG
1	35146469	1297	GA
1	35151642	3962	CT
1	35153367	1725	CT
1	35153822	248	TC
1	35155312	1459	GA
1	35157649	2152	CG
1	35158081	432	GA
1	35158703	622	CT
1	35158844	141	CT
1	35159446	538	CG
1	35160962	1335	TC
1	35160989	27	CT
1	35161983	758	GC
1	35166418	3638	TC
1	35173463	6089	GA
1	35175551	1898	GT
1	35175609	58	GA
1	35175902	293	CT
1	35175994	92	AG
1	35177755	1495	TG
1	35177831	76	AG
1	35180060	2176	GA
1	35180219	159	CT
1	35193543	10260	AG
1	35197038	3414	AG
1	35197086	48	AG
1	35197545	459	CT
1	35198266	182	CT
1	35198835	569	TC
1	35199032	197	GA
1	35199244	212	CT
1	35199768	524	CT
1	35200058	237	AG
1	35200189	131	AG
1	35201649	1321	TC
1	35201753	104	TC
1	35202629	876	CT
1	35203374	616	TC
1	35205159	1785	GA
1	35205496	299	AC
1	35206078	582	AG
1	35206694	582	CT
1	35206809	115	CT
1	35206977	168	TG
1	35209314	1323	CT
1	35209989	675	AC
1	35210039	50	GA
1	35210876	837	CT
1	35210898	22	CT
1	35211365	467	GC
1	35213365	1792	GA
1	35216327	2351	TC
1	35218599	1864	GC
1	35219117	467	CT
1	35219885	768	CT
1	35221874	1893	GA
1	35222070	196	CT
1	35228798	6119	GA
1	35229206	302	GA
1	35230462	900	AC
1	35233617	2928	CA
1	35235088	759	GT
1	35235470	382	AG
1	35239432	3526	CG
1	35240152	324	CT
1	35247752	6450	AG
1	35248780	1010	AG
1	35250249	1397	GA
1	35254404	1883	TC
1	35254955	428	GA
1	35258271	2595	TC
1	35259393	1096	AG
1	35259655	262	CT
1	35260200	545	AC
1	35262118	1563	TC
1	35262990	323	TC
1	35263056	66	GA
1	35264948	1642	TG
1	35264952	4	GA
1	35264978	26	CG
1	35265201	223	GA
1	35266329	312	TC
1	35266455	126	AG
1	35268041	1526	AG
1	35268417	376	AT
1	35268734	293	AC
1	35269902	453	CT
1	35272427	1865	AG
1	35273056	629	GA
1	35273170	114	CG
1	35273351	146	CG
1	35273555	204	GC
1	35273751	196	CT
1	35274108	271	CT
1	35274126	18	TC
1	35274599	473	TG
1	35274626	27	GA
1	35275336	681	GA
1	35275337	1	AC
1	35275479	142	CG
1	35275682	203	AT
1	35275689	7	CT
1	35275829	140	GA
1	35276510	681	AG
1	35276812	278	CT
1	35277031	219	CG
1	35277429	88	AG
1	35278842	1413	CT
1	35279019	177	TC
1	35279349	330	GA
1	35280956	1279	GT
1	35282065	406	GA
1	35283819	1403	CT
1	35284046	227	GA
1	35284128	82	GT
1	35284257	129	GA
1	35285527	1085	CT
1	35286113	530	TC
1	35287534	714	CA
1	35287945	411	GA
1	35288509	564	CT
1	35289284	775	CT
1	35291348	1676	GA
1	35291438	90	CT
1	35291687	249	CT
1	35291882	195	CT
1	35291891	9	GA
1	35291936	45	CT
1	35292674	738	GA
1	35293896	959	TG
1	35295746	1738	GA
1	35295771	25	TC
1	35296140	369	GA
1	35296304	164	CG
1	35296558	254	GC
1	35297867	1309	GA
1	35297994	127	CG
1	35298046	52	GA
1	35298335	289	TC
1	35298504	169	CT
1	35298854	310	CG
1	35298964	110	CG
1	35300112	1006	AG
1	35303080	2528	CT
1	35303834	722	CT
1	35307642	3440	CT
1	35307929	287	CG
1	35308227	298	AG
1	35309529	761	GC
1	35309706	177	CT
1	35310702	996	CG
1	35311916	971	GA
1	35312308	392	CT
1	35312747	439	GA
1	35315362	2149	AG
1	35318460	2784	CT
1	35318948	488	TC
1	35319500	552	AG
1	35319943	443	AC
1	35319979	36	GA
1	35320106	127	CA
1	35320656	304	AG
1	35320909	253	CA
1	35320970	61	TC
1	35321489	519	GA
1	35321958	469	AT
1	35322227	114	CG
1	35322616	389	GA
1	35323220	604	GA
1	35325885	2366	CT
1	35326821	936	CT
1	35333273	5535	CT
1	35344378	5962	CT
1	35344402	24	CT
1	35344508	106	CT
1	35344568	60	CG
1	35344663	95	GT
1	35346333	1639	CT
1	35347122	789	TC
1	35348605	1240	CT
1	35353001	2553	TA
1	35353057	56	GT
1	35353905	396	CT
1	35361995	2119	TC
1	35368713	3123	TC
1	35369813	1058	GA
1	35376001	4602	TC
1	35378106	1557	GA
1	35379476	1295	AG
1	35400054	9919	CG
1	35400304	250	TC
1	35400362	58	CT
1	35400809	447	CT
1	35401885	697	CT
1	35401980	95	CT
1	35403180	512	AG
1	35403213	33	TC
1	35403375	162	TC
1	35403418	43	AG
1	35403446	28	AC
1	35403578	132	GA
1	35403942	364	CT
1	35408048	1288	CT
1	35408902	794	GA
1	35410153	734	CA
1	35412206	1486	GA
1	35412213	7	AG
1	35412230	17	TC
1	35412231	1	GA
1	35412265	34	GA
1	35412660	395	CA
1	35412778	118	GA
1	35412819	41	CT
1	35412887	68	CT
1	35412904	17	GT
1	35412973	69	GA
1	35413008	35	GA
1	35415734	1369	GA
1	35415746	12	TC
1	35419717	2832	AG
1	35419761	44	AT
1	35419851	90	AG
1	35419858	7	GA
1	35419908	50	AG
1	35421385	623	TG
1	35421816	431	TC
1	35422109	293	GA
1	35422203	94	TC
1	35422806	408	CG
1	35422854	48	CT
1	35422877	23	CA
1	35422900	23	GA
1	35423064	164	GA
1	35423284	220	TC
1	35423529	245	GA
1	35423631	102	CT
1	35425035	1184	CG
1	35425102	67	CT
1	35426021	919	AC
1	35426057	36	CT
1	35426786	493	GC
1	35426823	37	TC
1	35427263	440	GA
1	35428194	551	CT
1	35428381	187	TC
1	35428675	294	TC
1	35428702	27	CT
1	35428818	116	TC
1	35429058	240	TC
1	35429159	101	GC
1	35429522	363	TG
1	35430336	412	GT
1	35430378	42	GA
1	35431322	670	CT
1	35431439	117	CT
1	35431612	173	GA
1	35431668	56	GT
1	35431936	268	GT
1	35432286	350	TC
1	35434364	1669	CG
1	35434478	114	GA
1	35435250	636	CG
1	35435332	82	CT
1	35435333	1	AG
1	35435419	86	CT
1	35435911	492	TC
1	35436451	398	AG
1	35436562	111	CG
1	35437108	546	CT
1	35437387	279	CT
1	35438080	693	CT
1	35438642	562	AG
1	35443884	4794	GA
1	35444346	462	GA
1	35445085	710	GC
1	35445602	517	CG
1	35446080	478	CT
1	35446082	2	AT
1	35446670	588	AG
1	35446826	156	GA
1	35449050	1769	CT
1	35451990	1987	TC
1	35452562	572	GC
1	35452575	13	CG
1	35454074	1332	GA
1	35454242	168	GT
1	35454561	319	CT
1	35454644	83	GC
1	35455068	424	GA
1	35456298	1163	GT
1	35456834	244	CT
1	35456849	15	GA
1	35457006	157	AG
1	35457142	136	GC
1	35457314	172	CT
1	35458368	636	AG
1	35458611	243	TC
1	35459589	978	TC
1	35459622	33	AG
1	35460470	485	TG
1	35461999	846	CG
1	35462603	604	CT
1	35463069	466	CT
1	35463432	363	TC
1	35463813	381	CT
1	35463865	52	CG
1	35465462	1378	CT
1	35466987	1355	GC
1	35468656	1298	GA
1	35473572	2773	AC
1	35474621	359	TC
1	35475089	468	CT
1	35475315	190	TC
1	35476616	246	TC
1	35477227	386	GA
1	35477510	283	TA
1	35477539	29	AG
1	35477959	420	GA
1	35478615	507	AG
1	35478724	109	CT
1	35478780	56	TC
1	35478999	219	AG
1	35479623	105	GA
1	35480326	703	AG
1	35480553	227	AT
1	35480558	5	CT
1	35480573	15	CT
1	35480752	179	CT
1	35481202	318	GT
1	35481323	121	AG
1	35481383	60	AG
1	35482503	284	TC
1	35482925	236	CT
1	35483922	288	GT
1	35484479	361	GA
1	35485294	680	CT
1	35485773	162	TC
1	35488196	725	TG
1	35488648	346	CT
1	35489797	451	AG
1	35489807	10	CG
1	35490559	567	TA
1	35493645	930	GA
1	35495408	548	GA
1	35495566	158	GA
1	35498108	766	GA
1	35498783	656	GA
1	35499470	406	AG
1	35499544	74	AG
1	35499980	436	TC
1	35500142	162	TC
1	35500530	388	AG
1	35501319	417	GC
1	35501766	360	GA
1	35503446	635	TC
1	35503734	112	AG
1	35503782	48	CT
1	35503874	92	GA
1	35503879	5	GC
1	35503914	35	AG
1	35504410	317	AG
1	35504667	257	CT
1	35504792	125	TC
1	35505306	314	AG
1	35505354	48	AG
1	35505407	53	AG
1	35550018	27451	AG
1	35551342	580	GA
1	35585871	20902	CT
1	35588986	1736	CG
1	35589018	32	TA
1	35589028	10	TC
1	35589146	118	CT
1	35589225	79	TC
1	35589268	43	GA
1	35589287	19	AG
1	35589411	124	TC
1	35591811	1169	GA
1	35591828	17	AG
1	35596602	743	AG
1	35608434	3870	TC
1	35608511	77	GA
1	35608579	68	GA
1	35608611	32	GT
1	35608796	100	GA
1	35609084	288	TG
1	35609165	81	TC
1	35609194	29	AG
1	35609326	132	AG
1	35609340	14	GC
1	35609396	56	TC
1	35609764	213	AG
1	35610032	268	TG
1	35610655	623	TG
1	35611032	377	TG
1	35614302	2029	GA
1	35614668	366	AC
1	35615037	369	AG
1	35618525	2550	AT
1	35618819	228	CT
1	35618856	37	AG
1	35619245	389	TC
1	35619289	44	AT
1	35625197	4293	CT
1	35625342	145	TC
1	35625601	259	GT
1	35626223	622	TA
1	35626224	1	GT
1	35626442	218	GA
1	35626673	231	TC
1	35627144	471	TG
1	35627411	267	AG
1	35627430	19	AG
1	35627532	102	GA
1	35628044	512	AT
1	35629838	373	CT
1	35632457	913	CA
1	35632459	2	AC
1	35632467	8	TC
1	35632518	51	CG
1	35633632	708	TC
1	35634092	280	GA
1	35635063	399	GA
1	35635885	457	GA
1	35636157	272	TC
1	35637119	799	AC
1	35637200	81	AG
1	35637224	24	AC
1	35637360	136	GA
1	35637423	63	AG
1	35640234	2495	AC
1	35640301	67	CT
1	35640373	72	CT
1	35640389	16	GC
1	35640409	20	CT
1	35640603	194	CT
1	35641017	414	AC
1	35641068	51	AG
1	35641555	487	TC
1	35642174	619	GA
1	35642237	63	GA
1	35643491	1254	CT
1	35643979	467	CT
1	35644050	71	GC
1	35644256	206	GT
1	35644433	177	AG
1	35644491	58	TC
1	35644754	263	TG
1	35644959	205	CT
1	35645007	48	CT
1	35645010	3	CT
1	35645085	75	TC
1	35645210	125	GA
1	35645288	78	CT
1	35645295	7	GA
1	35645366	71	CT
1	35645438	72	CT
1	35645479	41	AT
1	35646112	633	CA
1	35646450	338	TC
1	35646483	33	AG
1	35646806	323	TC
1	35647648	634	TC
1	35648033	385	GT
1	35648557	322	CT
1	35648581	24	GA
1	35648924	343	AG
1	35649499	305	AC
1	35649541	42	AG
1	35650564	1023	GA
1	35650772	208	CT
1	35650892	120	CT
1	35651454	562	TC
1	35651460	6	GA
1	35651814	354	GA
1	35651877	63	CT
1	35652223	346	AG
1	35652277	54	AT
1	35652323	46	TC
1	35652383	60	GT
1	35652789	406	TC
1	35653068	112	AG
1	35653072	4	GA
1	35653089	17	GA
1	35653597	78	TA
1	35653819	222	GT
1	35653960	141	AC
1	35654487	527	TC
1	35654519	32	GA
1	35654538	19	AG
1	35657500	965	CT
1	35657629	129	CA
1	35657637	8	CT
1	35657676	39	TG
1	35657705	29	AG
1	35657734	29	AG
1	35657861	127	TC
1	35657892	31	CT
1	35657902	10	TA
1	35659734	1238	TA
1	35659842	108	AG
1	35661959	1265	TC
1	35662031	72	AC
1	35662054	23	GT
1	35662200	146	AG
1	35662424	224	TG
1	35663037	566	CA
1	35663880	843	CT
1	35664285	405	GC
1	35664550	265	TC
1	35665441	822	GA
1	35665782	162	GA
1	35667742	764	AG
1	35667806	64	CT
1	35671478	2020	GA
1	35671672	194	GT
1	35671750	78	GA
1	35671758	8	GA
1	35673519	687	GA
1	35674124	605	CT
1	35674549	425	CG
1	35674577	28	GA
1	35674616	39	TC
1	35674733	117	CT
1	35674739	6	AG
1	35674783	44	AT
1	35674802	19	GA
1	35674865	63	GA
1	35676001	633	GA
1	35676137	136	TC
1	35676154	17	GA
1	35677626	1387	GA
1	35677699	73	GA
1	35677747	48	TC
1	35677769	22	GA
1	35678247	478	GA
1	35678589	86	CT
1	35678911	162	GA
1	35679036	125	GT
1	35679167	131	CT
1	35679553	386	AG
1	35679818	265	TC
1	35679965	147	AG
1	35682152	758	GT
1	35682333	181	GC
1	35683281	948	CG
1	35683527	246	GA
1	35683714	187	CT
1	35689673	3983	GA
1	35689742	69	GA
1	35692926	2054	GA
1	35704221	7627	CT
1	35704240	19	TC
1	35704275	35	GA
1	35704304	29	TC
1	35704506	202	TC
1	35704642	136	GT
1	35704908	97	GT
1	35705373	465	CT
1	35705598	225	AG
1	35705784	186	GA
1	35705912	128	GA
1	35705924	12	CA
1	35706402	423	GC
1	35707419	1017	GA
1	35709155	1145	GC
1	35712785	3057	GA
1	35712860	75	GA
1	35713447	410	CT
1	35713696	249	TC
1	35728640	9751	CT
1	35729205	565	CT
1	35731510	1436	GA
1	35731625	115	TC
1	35731729	104	GA
1	35731869	140	GA
1	35731948	79	GA
1	35732321	373	GC
1	35732888	501	AG
1	35732959	71	CT
1	35733106	147	CG
1	35733306	126	AG
1	35733661	313	TC
1	35733761	100	GA
1	35733807	46	GA
1	35733831	24	CT
1	35733845	14	AC
1	35733853	8	CT
1	35733865	12	TC
1	35734071	206	AG
1	35734394	270	CT
1	35735593	1199	TG
1	35735605	12	GT
1	35735850	245	CT
1	35737054	256	CT
1	35737076	22	TC
1	35737079	3	CT
1	35737128	49	GC
1	35737171	43	CT
1	35737486	315	AG
1	35737488	2	GA
1	35737494	6	GA
1	35737514	20	TG
1	35737529	15	TC
1	35737600	71	GA
1	35739174	259	GT
1	35739325	151	TC
1	35740187	523	AG
1	35740759	572	TC
1	35740964	205	TC
1	35741155	191	CA
1	35742854	1515	GC
1	35742925	71	TC
1	35743120	195	AC
1	35743276	156	GC
1	35743291	15	GA
1	35743385	94	GA
1	35743508	123	AG
1	35744538	394	CG
1	35744844	188	CT
1	35744907	63	CT
1	35744941	34	AG
1	35745020	79	CT
1	35745170	150	GA
1	35745305	135	AG
1	35745506	201	GA
1	35745561	55	GA
1	35745563	2	GA
1	35746179	616	GT
1	35747257	997	CT
1	35747345	88	TC
1	35747831	486	GA
1	35748033	202	TC
1	35748110	77	AG
1	35748413	303	TC
1	35748739	282	CA
1	35749005	266	GA
1	35749109	104	CT
1	35750113	904	CT
1	35750114	1	CG
1	35750192	78	CA
1	35750233	41	CA
1	35750366	133	AT
1	35750397	31	AG
1	35750400	3	GA
1	35750827	427	GA
1	35753638	1992	CT
1	35754353	715	GA
1	35754829	206	AG
1	35754832	3	CT
1	35755222	390	GA
1	35755270	48	TC
1	35755297	27	GC
1	35755298	1	GA
1	35756135	837	GA
1	35756233	98	AC
1	35756895	662	AG
1	35757146	251	TC
1	35757160	14	AG
1	35757172	12	GA
1	35757396	224	TC
1	35757571	175	CT
1	35758341	496	TG
1	35758657	316	CA
1	35758668	11	AG
1	35758683	15	GC
1	35758885	202	CG
1	35758990	105	GA
1	35759198	208	AG
1	35759558	360	AT
1	35759629	71	GA
1	35760269	599	GC
1	35760616	347	TG
1	35760651	35	GA
1	35761270	558	CT
1	35761430	160	TG
1	35761629	177	CT
1	35761673	44	GA
1	35762490	167	TA
1	35767013	1465	AT
1	35767661	21	CT
1	35767662	1	GC
1	35767894	232	CT
1	35768003	109	CT
1	35768363	299	GA
1	35768470	107	CT
1	35770572	1827	GA
1	35770766	194	TG
1	35771247	481	GT
1	35771897	650	TA
1	35772168	271	GA
1	35772722	194	CT
1	35777136	3077	CA
1	35777515	379	AG
1	35777684	169	CT
1	35777757	73	GA
1	35777818	61	CT
1	35777998	180	CT
1	35778082	84	GA
1	35778182	100	CA
1	35779279	566	CT
1	35779875	570	GA
1	35779877	2	AC
1	35786710	3503	CT
1	35786854	144	CT
1	35787160	306	CT
1	35787164	4	CA
1	35788022	556	GA
1	35788180	158	GC
1	35789040	491	AC
1	35789666	324	TC
1	35790792	783	TC
1	35790952	160	GA
1	35791016	17	GA
1	35791028	12	GT
1	35791407	379	GA
1	35791544	137	GA
1	35791595	51	TC
1	35791654	59	GA
1	35792338	684	AG
1	35792593	255	CT
1	35792677	84	CT
1	35792699	22	TC
1	35792799	100	AC
1	35792836	37	GC
1	35792902	66	AG
1	35792927	25	TG
1	35793248	321	AG
1	35793336	88	GA
1	35794309	973	GA
1	35799896	4651	AG
1	35799979	83	GA
1	35800131	152	GA
1	35800139	8	CT
1	35800148	9	GA
1	35800432	284	TC
1	35800459	27	GA
1	35800598	139	GC
1	35802122	675	AT
1	35802130	8	GA
1	35803343	1213	CT
1	35804158	754	GA
1	35806582	2067	CT
1	35807529	947	GA
1	35809775	934	CG
1	35809854	79	AG
1	35810196	193	CT
1	35812237	1098	AG
1	35812442	205	GC
1	35812661	219	GC
1	35812726	65	TC
1	35812908	182	TC
1	35813011	103	GA
1	35813479	468	TC
1	35813619	140	CT
1	35813628	9	TG
1	35813927	299	GA
1	35814038	111	CT
1	35814233	195	GC
1	35815191	439	AG
1	35815215	24	GA
1	35815716	206	GA
1	35816043	327	CT
1	35817020	289	CG
1	35817541	521	GC
1	35817544	3	GA
1	35818075	531	TC
1	35818429	205	CT
1	35818620	157	CT
1	35819899	1017	CT
1	35820503	604	TC
1	35822740	1411	TC
1	35833761	6999	CT
1	35841403	6542	AT
1	35898707	47452	GT
1	35898715	8	GA
1	35913500	10795	AG
1	35913639	139	GA
1	35913950	113	AG
1	35913955	5	TC
1	35913973	18	TC
1	35913978	5	TC
1	35914350	372	TC
1	35916715	1462	CG
1	35919610	2454	AC
1	35922663	2490	AG
1	35922781	118	AG
1	35923528	339	GA
1	35923862	334	CG
1	35924003	141	AG
1	35924023	20	TC
1	35924050	27	CA
1	35924683	540	AG
1	35925130	447	AG
1	35925238	108	CG
1	35925569	331	TC
1	35925627	58	CA
1	35925795	61	CT
1	35926131	84	AG
1	35926432	301	TG
1	35928137	1452	TC
1	35928425	132	CT
1	35928816	391	GC
1	35929016	200	AG
1	35929157	141	GC
1	35933008	3683	CT
1	35933827	697	GA
1	35934706	843	TC
1	35937647	2769	TC
1	35937705	58	GC
1	35937781	76	GA
1	35937808	27	AG
1	35937940	132	GC
1	35937942	2	CT
1	35938071	129	GC
1	35941119	1585	GA
1	35941177	58	CG
1	35941295	118	TG
1	35942186	525	AG
1	35946280	2290	TC
1	35947058	667	CT
1	35947392	334	GA
1	35949180	1788	AG
1	35949992	812	GA
1	35952531	1604	CT
1	35954734	2062	AG
1	35957018	1548	GA
1	35957167	149	CT
1	35957168	1	AT
1	35957650	482	CT
1	35961318	2999	TC
1	35961376	58	CA
1	35962738	1318	AG
1	35964183	1319	AG
1	35964293	110	TA
1	35964759	167	TC
1	35964772	13	AC
1	35965116	202	TC
1	35966943	1624	CG
1	35967173	149	CT
1	35969082	1909	TC
1	35969947	805	AG
1	35969994	47	CG
1	35970262	268	AG
1	35970467	205	GA
1	35970550	83	AT
1	35970832	282	GA
1	35971395	563	TC
1	35971673	278	GA
1	35972354	681	TG
1	35972485	131	TG
1	35972787	266	CA
1	35974849	2043	GA
1	35975478	629	TC
1	35976503	1025	TA
1	35977012	509	TA
1	35980085	1781	CT
1	35980088	3	AG
1	35980096	8	CT
1	35980139	43	GA
1	35980425	181	AG
1	35980528	103	CT
1	35981148	549	AG
1	35981281	133	GA
1	35981448	167	AG
1	35982792	229	CG
1	35982958	166	CT
1	35983893	903	AC
1	35984848	955	AG
1	35986007	924	GT
1	35987266	1008	TC
1	35987815	549	CA
1	35988253	376	GC
1	35988676	423	GA
1	35990866	2044	GC
1	35991548	682	GC
1	35993509	1524	TG
1	35998706	3488	CT
1	35998765	59	GA
1	35999011	246	GC
1	36004454	5179	TC
1	36008646	3636	GA
1	36009251	554	CT
1	36009310	59	CT
1	36009312	2	CT
1	36010483	830	GC
1	36013185	2272	GC
1	36014369	1167	TC
1	36014513	144	AG
1	36014781	268	CT
1	36021531	1080	AG
1	36023099	1568	CT
1	36023256	157	TC
1	36023313	57	CT
1	36023876	528	CT
1	36023963	87	TC
1	36024101	138	TC
1	36024303	134	AG
1	36024461	158	TA
1	36024482	21	GT
1	36024979	497	TG
1	36025500	276	AG
1	36025505	5	AG
1	36025544	39	GA
1	36026102	248	TG
1	36026158	56	TC
1	36026927	769	TA
1	36027164	237	AC
1	36027961	797	TC
1	36028802	736	CG
1	36030645	880	TC
1	36032445	509	GA
1	36033560	983	CT
1	36034577	1017	CG
1	36034644	67	TA
1	36034992	348	GA
1	36038412	2522	TG
1	36039474	439	AG
1	36046646	3881	TA
1	36049591	2625	CA
1	36050286	535	CA
1	36050452	166	CG
1	36050684	207	GC
1	36051078	394	AG
1	36051205	127	GA
1	36051429	224	TC
1	36051515	86	CA
1	36052139	252	CT
1	36052397	258	CG
1	36052425	28	TG
1	36052932	507	GC
1	36053225	293	CT
1	36053993	768	CG
1	36054003	10	TC
1	36054042	39	GA
1	36054120	78	GT
1	36054537	417	TA
1	36055759	1163	GA
1	36056926	1145	CT
1	36057919	993	GT
1	36062833	1701	AT
1	36063982	1095	AC
1	36064183	201	TC
1	36064594	411	TC
1	36064761	167	GT
1	36064969	208	CT
1	36065269	169	AG
1	36065369	100	CT
1	36065641	272	GC
1	36065686	45	CT
1	36065747	61	CT
1	36065778	31	CT
1	36066858	682	GA
1	36067395	97	GA
1	36068032	637	AC
1	36068301	269	AG
1	36068576	275	CT
1	36068696	80	AG
1	36068820	124	GT
1	36069646	826	TC
1	36070140	494	TC
1	36071565	1272	GC
1	36071847	282	GA
1	36071913	66	TC
1	36078420	2873	AG
1	36078507	87	GA
1	36080157	254	CG
1	36083906	2689	AT
1	36084569	663	GA
1	36084719	150	CT
1	36084720	1	AG
1	36084759	39	TC
1	36085905	1146	TC
1	36086063	158	CA
1	36086441	378	AG
1	36086862	421	GC
1	36087279	375	GA
1	36087324	45	GA
1	36089448	1348	GC
1	36089666	218	CG
1	36089934	268	CT
1	36090103	56	TA
1	36092123	1803	GT
1	36092169	46	CA
1	36092283	114	GA
1	36092484	201	CT
1	36092571	87	GA
1	36092673	102	TC
1	36092828	155	GA
1	36094876	1963	AC
1	36095165	289	CT
1	36095324	159	CG
1	36095534	210	AC
1	36095632	98	CG
1	36095848	216	CT
1	36096116	268	AC
1	36096268	152	CT
1	36096313	45	CA
1	36096317	4	AG
1	36096355	38	GA
1	36096364	9	GT
1	36096367	3	TC
1	36096766	354	GT
1	36096980	214	GC
1	36098062	328	TC
1	36098105	43	CG
1	36098247	142	AC
1	36102563	796	CT
1	36102859	296	CT
1	36103370	227	AG
1	36103682	312	AG
1	36103694	12	AG
1	36103840	146	GA
1	36103953	113	CT
1	36104136	183	CT
1	36104186	50	CT
1	36104187	1	AG
1	36104493	186	GA
1	36104651	158	CT
1	36106461	1306	CT
1	36107701	1029	GA
1	36108323	622	TC
1	36110252	1333	TC
1	36110524	272	CT
1	36110633	109	TC
1	36111266	583	CT
1	36111526	260	GC
1	36111535	9	CT
1	36112374	839	CA
1	36114778	1926	GA
1	36118187	2667	CT
1	36119559	1063	GA
1	36120295	399	AG
1	36120767	472	CT
1	36120792	25	TA
1	36120880	88	GT
1	36121211	291	GA
1	36121670	459	CT
1	36123982	252	TC
1	36124273	48	CG
1	36124339	66	CG
1	36124431	92	TG
1	36124446	15	GC
1	36124560	114	AG
1	36124693	133	CA
1	36126107	1414	CG
1	36126381	274	CT
1	36127121	148	TC
1	36127167	46	AG
1	36127304	137	CG
1	36127947	119	CT
1	36127966	19	AG
1	36128306	340	TC
1	36128332	26	AT
1	36128455	123	TC
1	36128476	21	AG
1	36128509	33	TC
1	36128715	206	CT
1	36128742	27	CG
1	36128771	29	GT
1	36129017	165	TC
1	36129033	16	GT
1	36129324	291	GA
1	36129333	9	GA
1	36129407	74	TC
1	36129469	62	AG
1	36129476	7	TC
1	36129565	89	AG
1	36130469	79	GA
1	36130540	71	TG
1	36130711	171	AC
1	36130970	259	CT
1	36131740	445	CT
1	36132341	235	TC
1	36132382	41	GA
1	36132446	64	TC
1	36132458	12	TC
1	36132482	24	CT
1	36133854	929	TC
1	36134132	278	GA
1	36134168	36	AC
1	36134445	200	GA
1	36134459	14	TC
1	36134740	281	TC
1	36135039	299	AG
1	36135088	49	CT
1	36135340	252	TA
1	36135438	98	CT
1	36136085	647	AC
1	36136325	240	CA
1	36136334	9	TC
1	36137704	694	GA
1	36137775	71	GC
1	36137908	133	AG
1	36138124	216	AG
1	36138243	119	CT
1	36138273	30	CT
1	36139064	791	GT
1	36139151	87	GA
1	36142531	2880	CT
1	36143559	1028	CT
1	36143560	1	AG
1	36144110	550	AT
1	36144407	297	CT
1	36144550	143	AG
1	36145829	1279	CT
1	36150811	3818	CT
1	36158531	6440	GT
1	36164501	3511	TC
1	36165501	1000	GC
1	36204315	32430	TC
1	36204777	462	TC
1	36205400	571	GA
1	36205649	249	TC
1	36205829	180	CT
1	36206039	210	CT
1	36206763	724	TC
1	36207781	927	TC
1	36209539	1758	TC
1	36210895	1234	TC
1	36211046	151	AC
1	36211571	525	AG
1	36211589	18	AG
1	36214870	2416	AG
1	36215153	283	TG
1	36215549	366	TC
1	36215584	35	CT
1	36215770	186	TA
1	36216612	353	GA
1	36216619	7	GA
1	36216674	55	AG
1	36216796	122	TC
1	36217870	1074	AT
1	36218736	467	CT
1	36218967	231	AG
1	36219077	110	GA
1	36222019	2683	TG
1	36222052	33	GA
1	36222254	202	TC
1	36222620	366	CA
1	36224122	1449	CA
1	36225283	1009	GA
1	36225420	137	AG
1	36228084	2170	TC
1	36229868	1305	GA
1	36229896	28	CA
1	36230760	572	CT
1	36231152	392	AG
1	36231358	206	GA
1	36232815	1274	AC
1	36236842	3520	AG
1	36237015	173	CG
1	36237561	546	GA
1	36238958	1397	CT
1	36239524	451	TC
1	36239549	25	CG
1	36239894	345	TC
1	36240726	777	GC
1	36240871	145	GA
1	36245154	3706	TC
1	36245365	211	GA
1	36245569	204	AG
1	36245697	128	CT
1	36245823	126	TC
1	36245973	150	CT
1	36247521	1168	AT
1	36247563	42	CT
1	36247954	391	GA
1	36250247	909	CT
1	36250588	341	AC
1	36250892	304	CT
1	36252035	877	CT
1	36252043	8	AC
1	36252134	91	TC
1	36252163	29	TC
1	36252400	237	CA
1	36253260	277	TC
1	36253685	425	TC
1	36253768	83	GA
1	36254269	460	AC
1	36254400	38	TC
1	36254502	38	CT
1	36254657	127	AT
1	36255130	412	AC
1	36255524	394	TC
1	36255971	447	TC
1	36256629	658	GC
1	36258891	1147	TC
1	36258919	28	AT
1	36259416	303	AG
1	36259690	274	AT
1	36260034	344	CT
1	36260189	155	CT
1	36260454	265	CG
1	36261754	387	CT
1	36263746	1770	TG
1	36263774	28	TC
1	36264126	167	GT
1	36264416	180	AG
1	36264419	3	GC
1	36264558	139	CT
1	36264858	262	GT
1	36264994	136	TC
1	36265520	526	GA
1	36265628	108	TC
1	36265629	1	GA
1	36265887	169	CT
1	36265892	5	CT
1	36266540	571	CT
1	36266839	173	GA
1	36266874	35	TA
1	36267578	71	AC
1	36267596	18	CT
1	36268757	970	TG
1	36273155	2308	AG
1	36276162	2291	AG
1	36276606	211	GA
1	36276778	172	AG
1	36277344	566	AG
1	36278912	650	GA
1	36279870	410	TC
1	36279888	18	CG
1	36279996	108	AG
1	36280900	881	GA
1	36282632	1640	TC
1	36282822	190	GA
1	36282949	127	CT
1	36283027	78	CT
1	36285968	234	TC
1	36286154	186	CT
1	36286207	53	CT
1	36297727	1280	GA
1	36298481	512	GC
1	36300283	1509	CA
1	36300293	10	CA
1	36301317	974	CT
1	36301410	93	GT
1	36303797	1617	TC
1	36304659	408	GT
1	36305356	443	GA
1	36306619	492	AG
1	36308114	1200	CT
1	36308511	397	CT
1	36311279	1321	TC
1	36313010	1731	TC
1	36314066	969	TA
1	36315226	1107	TC
1	36315233	7	TC
1	36315318	85	CA
1	36315486	168	AC
1	36316296	445	TC
1	36316473	25	CT
1	36320594	1885	TC
1	36321497	521	CG
1	36321930	433	TG
1	36322263	333	GA
1	36322291	28	CT
1	36323081	690	CG
1	36323428	197	CT
1	36324621	1008	CT
1	36325910	788	TC
1	36326134	224	AT
1	36326229	95	CT
1	36326481	252	AT
1	36326563	41	CT
1	36326646	83	TC
1	36327040	353	GT
1	36327620	353	GT
1	36327678	58	GA
1	36327908	230	CT
1	36327996	48	TC
1	36328039	43	CG
1	36328113	74	AC
1	36328136	23	TC
1	36328689	232	GA
1	36329619	899	GT
1	36333391	3059	TC
1	36333425	34	GA
1	36333848	423	CT
1	36334995	797	AG
1	36335079	84	GA
1	36335091	12	CG
1	36335639	507	CG
1	36335903	157	CT
1	36336099	196	GA
1	36336763	112	AG
1	36336814	51	GC
1	36336965	151	GA
1	36339535	505	GA
1	36340730	543	AC
1	36340760	30	CT
1	36341556	560	AG
1	36341634	78	AG
1	36341701	67	AG
1	36341833	132	TC
1	36343026	878	GC
1	36343138	112	AC
1	36344119	981	GA
1	36345018	678	CG
1	36346267	713	CT
1	36346716	449	AG
1	36347947	323	GC
1	36348691	568	CG
1	36348695	4	AG
1	36348889	194	GA
1	36349899	939	AG
1	36350017	118	AG
1	36350042	25	GA
1	36350100	58	GA
1	36350104	4	CT
1	36350129	25	GA
1	36350156	27	AC
1	36350301	145	TA
1	36350429	128	TC
1	36350586	157	TC
1	36351161	513	CT
1	36357050	5191	CT
1	36357458	337	GA
1	36362613	4175	AG
1	36362841	228	AC
1	36362855	14	AG
1	36363279	424	CG
1	36364531	701	AG
1	36365363	706	AC
1	36365477	114	TC
1	36366195	648	AG
1	36366481	286	TC
1	36366676	195	CG
1	36367021	345	TA
1	36367045	24	TC
1	36368814	1769	CT
1	36369509	695	CT
1	36369726	217	GA
1	36369885	159	GA
1	36372593	2645	GT
1	36378539	4568	TA
1	36379251	712	GC
1	36379936	491	AG
1	36382007	1052	TC
1	36383492	736	CT
1	36386149	1626	TC
1	36386473	324	GT
1	36389629	2647	AG
1	36391015	703	TG
1	36393409	2276	TC
1	36396797	2873	CT
1	36400009	1274	GT
1	36404131	1260	TA
1	36407430	2311	CA
1	36409484	1785	GA
1	36410623	737	TC
1	36410845	222	GA
1	36414112	2734	GA
1	36414922	810	TG
1	36416562	1231	TC
1	36418493	1018	CT
1	36418749	256	CT
1	36420171	1355	AT
1	36421331	826	CT
1	36423429	1773	CT
1	36430116	1932	TC
1	36431580	1236	AG
1	36436330	1779	GA
1	36437779	1080	TC
1	36438913	457	GT
1	36447005	3517	CT
1	36450257	2902	TC
1	36450597	340	CT
1	36451782	633	CT
1	36455247	2130	CT
1	36455481	234	AG
1	36455942	156	CT
1	36456525	583	GA
1	36463237	438	TG
1	36469216	1663	TC
1	36472803	2771	AG
1	36475014	1737	GT
1	36477746	1831	CG
1	36477759	13	AG
1	36477971	212	GT
1	36479624	1141	GA
1	36480643	794	CA
1	36481022	379	AT
1	36482106	745	TC
1	36521155	20766	GA
1	36521279	124	CG
1	36521737	458	TC
1	36548924	19748	GA
1	36550152	776	GA
1	36550228	76	TC
1	36550370	142	GA
1	36550566	196	GA
1	36551720	530	TA
1	36551838	118	TA
1	36552065	227	TC
1	36552171	106	CT
1	36552487	316	TC
1	36552627	140	GA
1	36557969	4346	AG
1	36564273	6087	CG
1	36564712	399	GA
1	36580396	12987	AG
1	36588067	6421	AT
1	36624810	22912	CT
1	36629413	3492	CT
1	36630719	1004	AC
1	36631427	648	AC
1	36632201	484	GC
1	36632422	221	CT
1	36632428	6	GA
1	36632557	36	GA
1	36633090	62	TC
1	36633511	421	TC
1	36633917	406	GA
1	36634083	166	AG
1	36634169	86	TC
1	36634582	308	AG
1	36634680	98	AG
1	36635123	443	AG
1	36635167	44	GT
1	36635444	277	GA
1	36636365	622	AT
1	36640407	2949	AG
1	36641800	625	CA
1	36642839	741	TA
1	36644967	2017	GA
1	36645043	76	AG
1	36645581	538	AG
1	36645748	167	GA
1	36646417	669	AG
1	36647497	801	GA
1	36647741	244	AG
1	36647756	15	AG
1	36648120	332	GA
1	36649081	809	GA
1	36649097	16	AC
1	36649160	63	GC
1	36649395	123	GA
1	36649695	51	CT
1	36650696	663	TC
1	36650726	30	AG
1	36651054	295	GA
1	36651342	288	TC
1	36651621	196	AC
1	36651720	99	AC
1	36651930	210	CT
1	36652185	255	CT
1	36652333	148	CG
1	36652577	244	CG
1	36653241	664	GA
1	36654404	796	CT
1	36654816	147	GA
1	36656149	657	CT
1	36666266	3946	CT
1	36668815	2048	CT
1	36675371	4296	CA
1	36676984	1330	TG
1	36683327	4016	TC
1	36685057	1108	GA
1	36690003	3907	AG
1	36698292	5260	CT
1	36700061	1453	CT
1	36700764	600	GA
1	36702502	1236	CT
1	36702914	358	CT
1	36706530	3149	CT
1	36713568	3090	GC
1	36714186	484	CT
1	36718498	3488	TC
1	36721186	2099	GC
1	36722860	599	CT
1	36726565	2433	TC
1	36727929	810	CT
1	36727931	2	CT
1	36727983	52	TC
1	36728931	343	GA
1	36728959	28	AG
1	36728971	12	CT
1	36730666	148	TC
1	36731659	558	AG
1	36732300	641	TG
1	36732458	158	TC
1	36732510	52	TC
1	36733024	514	AG
1	36733048	24	GA
1	36733050	2	TC
1	36733084	34	AG
1	36733095	11	AG
1	36733096	1	AT
1	36733098	2	TA
1	36733212	114	CT
1	36733266	54	AC
1	36733521	255	GA
1	36733597	76	TA
1	36733940	343	CT
1	36733957	17	AG
1	36734419	462	CT
1	36734765	346	TA
1	36736504	1535	AG
1	36737745	1241	CT
1	36737903	158	TG
1	36737929	26	GT
1	36737932	3	TA
1	36737950	18	GT
1	36737986	36	GT
1	36738022	36	TC
1	36738106	84	GA
1	36738185	79	GA
1	36738189	4	CT
1	36738248	59	AT
1	36738255	7	AG
1	36738343	88	GC
1	36738417	74	TC
1	36738433	16	CT
1	36738439	6	GT
1	36738470	31	TA
1	36739785	71	AT
1	36739827	42	AG
1	36739890	63	GC
1	36741743	898	AC
1	36741777	34	CT
1	36745031	1739	AG
1	36749375	2853	CG
1	36750854	1479	CT
1	36753919	1599	AG
1	36755532	1232	TC
1	36755923	391	TC
1	36763328	2370	CT
1	36766112	2391	GC
1	36766572	460	CT
1	36768234	791	CA
1	36768598	364	GA
1	36768666	68	GA
1	36768837	91	GA
1	36773616	1992	CT
1	36773647	31	AG
1	36773877	230	TC
1	36773966	89	CT
1	36774517	492	AG
1	36774547	30	GT
1	36774610	63	AG
1	36774721	111	AG
1	36774730	9	AG
1	36775296	469	GA
1	36776367	417	AG
1	36776870	503	GA
1	36778333	1197	GT
1	36778468	135	CT
1	36778512	44	TG
1	36778513	1	TG
1	36778547	34	CT
1	36778941	394	CT
1	36779475	149	TC
1	36779482	7	AG
1	36779617	135	AG
1	36779866	249	GA
1	36780715	672	GA
1	36781702	321	CT
1	36781742	40	TC
1	36781995	253	GA
1	36782941	620	CT
1	36783608	667	TC
1	36783793	185	CA
1	36783857	64	CT
1	36784096	239	GT
1	36784099	3	AG
1	36784272	173	GA
1	36784727	455	CT
1	36784815	88	TC
1	36784877	62	GA
1	36784941	64	GC
1	36784963	22	GT
1	36785574	303	AT
1	36785708	134	TC
1	36785848	140	AG
1	36785851	3	CT
1	36786436	585	TC
1	36786574	138	CT
1	36786880	306	AG
1	36789035	1693	CA
1	36792524	737	GC
1	36793979	784	TC
1	36794143	164	CT
1	36794509	141	AG
1	36795615	745	CT
1	36798574	1811	TC
1	36829055	23019	GA
1	36833095	3718	TC
1	36836103	1248	TC
1	36837525	1327	AG
1	36839300	1775	GA
1	36839842	512	AT
1	36840068	226	CG
1	36840072	4	CG
1	36840789	717	GA
1	36840875	86	AC
1	36840912	37	GA
1	36840990	78	GC
1	36840997	7	TC
1	36841030	33	TA
1	36841163	133	AC
1	36841193	30	AT
1	36841194	1	GA
1	36841477	283	GA
1	36841507	30	GC
1	36841534	27	TC
1	36841599	65	GA
1	36841634	35	AG
1	36842153	326	AG
1	36842251	98	CT
1	36842364	113	TC
1	36842377	13	TC
1	36844255	1623	AC
1	36844375	120	TC
1	36844396	21	GA
1	36844612	216	CG
1	36844848	207	AT
1	36845946	409	CT
1	36845955	9	TA
1	36846776	474	GA
1	36846812	36	GA
1	36846901	89	CT
1	36847118	217	GA
1	36847165	47	AG
1	36847461	296	CT
1	36847509	48	GA
1	36847523	14	CT
1	36847726	135	AG
1	36847948	150	CT
1	36847977	29	AG
1	36848002	25	GA
1	36848290	227	CT
1	36848312	22	TC
1	36848360	48	CG
1	36848773	324	GA
1	36848972	199	AG
1	36849078	106	CT
1	36849520	395	CT
1	36849784	264	TC
1	36850107	323	AG
1	36850116	9	CT
1	36850132	16	TA
1	36850270	138	CT
1	36851098	772	CA
1	36858468	5005	CT
1	36858511	43	AG
1	36858592	81	TC
1	36858599	7	GA
1	36858987	388	CT
1	36859396	409	GA
1	36860003	607	TC
1	36860035	32	GT
1	36860071	36	CG
1	36862534	1548	GA
1	36862572	38	TA
1	36863700	792	GA
1	36864057	357	GA
1	36864146	89	CA
1	36867379	2641	CA
1	36867595	101	GA
1	36869289	789	TG
1	36869635	346	CG
1	36869659	24	TC
1	36869746	87	AT
1	36870301	555	AG
1	36870345	44	GA
1	36870359	14	GA
1	36870367	8	AG
1	36870412	45	AG
1	36870609	197	AG
1	36876494	4997	AC
1	36877528	588	AT
1	36877578	50	TC
1	36877664	86	GT
1	36877693	29	TC
1	36877789	96	CT
1	36878027	238	CT
1	36878118	91	CG
1	36878344	226	AT
1	36878767	423	TG
1	36879204	181	CG
1	36879211	7	TC
1	36879566	355	GA
1	36879896	183	TC
1	36880090	194	GA
1	36881437	1067	GA
1	36883072	1405	AT
1	36883594	522	TC
1	36883605	11	TC
1	36883888	283	TC
1	36883945	57	TC
1	36883999	54	GA
1	36884458	459	CT
1	36886432	1943	AG
1	36886884	452	CT
1	36887416	504	GA
1	36887979	563	TG
1	36888108	129	CG
1	36889391	951	CT
1	36890533	1142	AG
1	36891124	591	TA
1	36891675	551	CT
1	36891702	27	GA
1	36892769	1006	TC
1	36892779	10	TC
1	36892810	31	AG
1	36893185	375	GA
1	36912411	15932	GA
1	36913654	1151	CT
1	36914840	1186	AG
1	36914887	47	CA
1	36915825	938	GC
1	36915942	117	CT
1	36916922	980	AT
1	36917938	1016	GA
1	36918879	941	AC
1	36920106	436	TC
1	36920122	16	CT
1	36921503	1381	CT
1	36922036	533	CG
1	36922040	4	AG
1	36922083	43	CT
1	36922120	37	TC
1	36922245	125	CT
1	36923285	1040	AG
1	36923491	206	TG
1	36923712	221	TC
1	36923720	8	GC
1	36924416	664	CT
1	36924587	171	CT
1	36929600	4594	TC
1	36930274	437	CA
1	36931699	745	CA
1	36931739	40	AG
1	36932250	464	CA
1	36932356	106	CT
1	36932435	79	CT
1	36932567	132	GA
1	36933013	416	CT
1	36933475	326	CT
1	36933965	243	TC
1	36933993	28	AG
1	36935076	1083	GT
1	36937107	1842	GA
1	36937413	306	GT
1	36937614	201	GA
1	36938514	552	CT
1	36940216	651	GA
1	36940455	239	GA
1	36943119	2428	CA
1	36943991	847	TC
1	36950614	3602	TC
1	36955004	2800	CT
1	36956901	1431	AG
1	36973520	13127	GT
1	36974338	796	TC
1	36979826	2646	GA
1	36980778	952	GA
1	36983088	1320	GA
1	36983429	341	GA
1	36986426	1964	GA
1	36989324	1753	AG
1	36991113	1489	GA
1	36993623	2306	CT
1	36993679	56	TC
1	36994038	359	TC
1	36994052	14	GA
1	36994392	340	GC
1	36994969	386	TG
1	36994984	15	AG
1	36995049	65	TA
1	36995052	3	CT
1	36995226	174	TG
1	36995287	61	CA
1	36995299	12	GA
1	36995352	53	GA
1	36995488	136	CT
1	36995554	66	TG
1	36995600	46	AT
1	36995604	4	AG
1	36995608	4	CT
1	36995716	108	AG
1	36995737	21	TA
1	36995875	138	TC
1	36996140	209	TC
1	36996141	1	GA
1	36996241	100	TC
1	36996249	8	CT
1	36996418	79	TC
1	36997516	901	AT
1	36997526	10	CG
1	36998282	259	GA
1	36998371	89	AT
1	36998410	39	AG
1	36998424	14	CT
1	36998589	165	CG
1	36998623	34	TC
1	36998629	6	AG
1	36998832	203	GA
1	36998898	66	AG
1	36998977	79	GA
1	36999053	76	AG
1	36999087	34	TA
1	36999125	38	CG
1	36999192	67	GA
1	36999255	63	CG
1	36999361	106	GA
1	36999665	284	TC
1	37000507	682	CT
1	37001163	656	AG
1	37001682	519	CT
1	37001961	279	CT
1	37002306	345	GT
1	37010150	3046	CT
1	37010752	123	CA
1	37010869	117	GC
1	37011261	392	CT
1	37011753	492	AG
1	37012442	576	AG
1	37015705	1399	AG
1	37015859	154	AG
1	37016068	50	GC
1	37016177	73	TC
1	37016252	75	TC
1	37016547	134	CT
1	37017620	632	AG
1	37017759	139	CT
1	37017869	110	GA
1	37019041	1136	CT
1	37019544	503	GA
1	37019686	95	CT
1	37021258	945	CG
1	37021406	148	TG
1	37021976	349	AG
1	37022629	653	CT
1	37022948	319	CT
1	37023064	116	CT
1	37023209	145	CT
1	37023421	212	TC
1	37024389	968	TG
1	37025722	1333	CA
1	37026208	486	AT
1	37026575	367	GA
1	37027542	876	AG
1	37029751	1629	AT
1	37029818	67	AG
1	37030226	408	GA
1	37032159	1933	AG
1	37032520	361	CT
1	37033040	487	CT
1	37035450	2410	GT
1	37036893	1340	GA
1	37036903	10	TC
1	37037880	848	AC
1	37038603	202	AG
1	37039032	31	GA
1	37043119	3323	CA
1	37056198	9490	TC
1	37063047	3458	CT
1	37069704	3337	TG
1	37086516	13296	CT
1	37086598	82	GT
1	37087047	449	CT
1	37092016	4191	TC
1	37094604	2416	TC
1	37098677	1678	CT
1	37102901	2773	GA
1	37104717	1358	CT
1	37105514	399	TA
1	37105668	154	CG
1	37106319	651	GT
1	37107727	1408	CT
1	37111866	3368	AG
1	37112420	554	GC
1	37112945	525	CT
1	37117133	736	TA
1	37118928	806	CT
1	37119190	9	TC
1	37119378	188	GC
1	37119452	74	CT
1	37119496	44	GT
1	37119505	9	AC
1	37119606	101	TC
1	37119733	127	AG
1	37119929	88	TC
1	37121832	439	CT
1	37122146	240	AG
1	37122731	159	CT
1	37123055	324	TC
1	37123420	173	TC
1	37123616	61	GA
1	37123744	128	CT
1	37123954	210	TA
1	37124429	354	AC
1	37125525	236	AG
1	37144715	13533	GA
1	37146450	1431	CT
1	37146462	12	GA
1	37154038	6394	TA
1	37156113	1636	CT
1	37156332	219	GC
1	37158617	1733	CA
1	37166751	5697	TA
1	37170418	2695	TC
1	37175453	3672	CT
1	37181550	3076	CT
1	37182100	550	GA
1	37186891	4221	GA
1	37187927	860	GA
1	37188430	313	AC
1	37189621	965	CA
1	37192659	2649	TC
1	37218695	15895	GA
1	37226664	4799	CA
1	37247408	14917	CT
1	37252682	4049	GA
1	37256832	3007	CT
1	37257963	805	TC
1	37257968	5	TC
1	37258576	295	AG
1	37258692	116	GA
1	37258853	161	TC
1	37258918	65	CG
1	37259876	629	TA
1	37260226	350	GA
1	37260367	141	TC
1	37260417	50	GT
1	37260524	107	AT
1	37260552	28	AG
1	37260569	17	CT
1	37260578	9	TG
1	37261422	784	TG
1	37261844	422	AG
1	37262223	379	GC
1	37262803	249	AT
1	37273529	6787	AG
1	37284349	4730	AG
1	37291013	4894	TA
1	37291354	190	TC
1	37291410	56	AG
1	37295382	324	CT
1	37297752	2031	TA
1	37303359	4429	CT
1	37307290	3045	CT
1	37309080	1056	GA
1	37309916	543	AG
1	37309919	3	AG
1	37311193	905	TC
1	37320500	7190	GA
1	37320596	96	TA
1	37325323	1675	CT
1	37330878	1683	CT
1	37339129	1014	AC
1	37343819	3920	GC
1	37344049	230	TC
1	37344468	388	AG
1	37347589	2712	AG
1	37351333	2581	GC
1	37359599	7220	AC
1	37362246	2113	CT
1	37364000	1580	GA
1	37367945	3945	GA
1	37369054	846	CT
1	37369470	399	TG
1	37371211	1402	CG
1	37373443	1381	AG
1	37373600	157	GA
1	37373649	49	AG
1	37373995	157	AG
1	37376393	1102	AG
1	37376464	71	TC
1	37378858	877	GA
1	37380297	1439	AG
1	37381032	735	CA
1	37382911	1490	TC
1	37390271	5375	TC
1	37391041	770	TC
1	37400151	5105	GC
1	37400237	86	GT
1	37401219	599	CG
1	37401506	287	AT
1	37402773	1267	GT
1	37402886	46	AG
1	37403444	558	AG
1	37405599	1540	CT
1	37406005	406	GT
1	37406107	102	AG
1	37407885	1405	AG
1	37409253	1292	AT
1	37412999	3189	TC
1	37413268	269	TG
1	37413568	300	GC
1	37416276	823	CT
1	37419149	2851	CT
1	37422261	2870	AT
1	37426387	2180	AT
1	37426705	318	GA
1	37431910	2363	GA
1	37431926	16	CT
1	37431929	3	GT
1	37431934	5	AT
1	37432004	70	AT
1	37432035	31	CG
1	37432492	397	AG
1	37432577	85	GA
1	37433097	211	CT
1	37433279	182	CA
1	37433282	3	CT
1	37433432	150	GA
1	37433545	113	CG
1	37433613	68	GC
1	37433919	306	TC
1	37433942	23	AG
1	37433943	1	CT
1	37433961	18	AG
1	37434045	84	AG
1	37434289	244	TC
1	37434306	17	GT
1	37434492	186	CT
1	37434503	11	CA
1	37434607	104	GT
1	37434630	23	AG
1	37435649	308	GA
1	37435951	302	CG
1	37436036	85	CT
1	37436734	436	TA
1	37436822	88	AG
1	37436863	41	TC
1	37437014	151	GA
1	37437201	187	CA
1	37449710	96	AG
1	37449723	13	AG
1	37449963	240	AC
1	37450217	254	AC
1	37450762	189	AT
1	37450836	74	CT
1	37451063	227	CT
1	37452109	64	TC
1	37452130	21	TC
1	37452151	21	TG
1	37452338	187	CT
1	37452629	291	AC
1	37452678	24	TC
1	37452738	60	TC
1	37452740	2	TC
1	37452779	39	AT
1	37452961	66	GA
1	37452992	31	AG
1	37453128	136	TC
1	37453213	85	CT
1	37453363	150	TC
1	37453389	26	TC
1	37453446	57	GT
1	37453454	8	TC
1	37453599	145	CG
1	37453767	168	CT
1	37453806	39	AT
1	37454072	134	AG
1	37454517	428	GA
1	37455033	516	CG
1	37455035	2	TC
1	37455059	24	AT
1	37455255	196	TC
1	37455257	2	CT
1	37455395	138	AC
1	37455958	293	TC
1	37456061	103	AG
1	37456283	222	CT
1	37456285	2	CT
1	37456572	215	CT
1	37456677	105	GA
1	37456779	102	AG
1	37456965	186	TC
1	37460185	323	GC
1	37460288	103	TC
1	37460440	152	CT
1	37460449	9	TA
1	37460486	37	CA
1	37461487	526	CT
1	37461538	51	TA
1	37461684	146	TC
1	37462401	238	TA
1	37462692	117	CA
1	37462707	15	TG
1	37463096	389	AG
1	37463135	39	AG
1	37463182	47	TG
1	37463575	393	TC
1	37463805	230	TA
1	37464240	435	GA
1	37464395	155	CT
1	37464498	103	CG
1	37464679	181	AG
1	37464833	154	GC
1	37465513	650	TC
1	37466305	337	TC
1	37466775	187	GA
1	37467005	213	TC
1	37467072	67	CT
1	37467257	185	CT
1	37467258	1	AG
1	37468108	471	TC
1	37468188	80	GA
1	37468489	301	TC
1	37469140	566	GA
1	37469388	248	TC
1	37470173	785	AG
1	37470455	282	CG
1	37471447	280	GA
1	37471451	4	AG
1	37471499	48	TG
1	37472016	394	CT
1	37474021	293	TC
1	37475060	850	GT
1	37475064	4	TC
1	37478087	1580	AC
1	37478200	113	CA
1	37481126	584	AG
1	37481330	204	AG
1	37482587	1230	AC
1	37482802	215	TC
1	37482965	163	GA
1	37483418	453	CA
1	37483916	498	TA
1	37483935	19	AG
1	37484158	223	CT
1	37484167	9	GA
1	37484260	93	GA
1	37485688	348	AG
1	37486047	359	AC
1	37486605	558	TC
1	37486695	90	TC
1	37486696	1	AT
1	37487018	322	AG
1	37489718	319	TC
1	37489855	137	AG
1	37490689	90	CT
1	37490836	147	AT
1	37491131	295	AG
1	37492361	936	TC
1	37492987	364	GA
1	37493091	104	GT
1	37493164	73	GA
1	37493212	48	CA
1	37493301	89	TC
1	37493595	294	AT
1	37493726	131	AG
1	37494142	416	CT
1	37494285	143	AG
1	37494485	200	TC
1	37494680	195	TA
1	37494752	72	AT
1	37495206	401	GA
1	37496281	317	CT
1	37496440	159	TC
1	37496659	219	TC
1	37496681	22	AG
1	37496982	256	AG
1	37497003	21	GA
1	37497008	5	GC
1	37497346	338	GA
1	37497723	203	GT
1	37498781	757	GA
1	37498979	198	TG
1	37498995	16	AC
1	37501808	2024	AG
1	37529013	8208	AG
1	37530096	573	TC
1	37530125	29	AG
1	37530681	534	GT
1	37532515	768	AG
1	37532764	223	GA
1	37533079	315	CT
1	37533634	508	AC
1	37533698	64	CT
1	37534028	330	CA
1	37534742	714	CA
1	37536883	1393	AG
1	37539550	2066	AG
1	37540827	1040	AG
1	37540914	87	GA
1	37541777	657	TA
1	37545967	2126	AG
1	37548272	1950	AG
1	37548667	395	GA
1	37548692	25	AC
1	37549029	337	TC
1	37549453	424	AG
1	37549463	10	CT
1	37549646	183	GA
1	37549671	25	GA
1	37550676	212	TA
1	37550889	213	GA
1	37550974	85	CT
1	37551045	71	GA
1	37551575	462	AC
1	37551885	310	CT
1	37551971	86	GA
1	37552214	243	GA
1	37552511	183	CA
1	37553152	260	TG
1	37553470	318	AT
1	37553806	336	GA
1	37554504	698	TG
1	37554526	22	TG
1	37555025	447	AG
1	37555624	411	AG
1	37555664	40	GT
1	37555799	135	GA
1	37555893	94	CG
1	37556139	246	TC
1	37557580	1237	GT
1	37558767	1024	TA
1	37559169	402	CT
1	37559437	268	GA
1	37559536	99	CT
1	37559874	338	AG
1	37560128	205	CT
1	37560323	195	GA
1	37561777	135	CT
1	37563402	1084	AG
1	37563410	8	GC
1	37564318	801	AG
1	37564329	11	AT
1	37564825	386	GA
1	37567454	394	GT
1	37567929	262	CG
1	37567939	10	GC
1	37567950	11	TC
1	37568009	59	TC
1	37568050	41	CT
1	37568195	145	GA
1	37569491	638	TC
1	37569616	125	GA
1	37569721	105	TA
1	37569783	62	AG
1	37569799	16	CT
1	37570257	458	AC
1	37570414	157	CG
1	37571291	114	TG
1	37574569	773	AG
1	37574929	271	CT
1	37574963	34	AG
1	37575352	285	AC
1	37575366	14	GT
1	37575523	136	GT
1	37576613	757	GA
1	37576744	131	AT
1	37577837	1063	TA
1	37578039	202	TG
1	37578259	166	AG
1	37578441	182	GA
1	37581268	413	GA
1	37581887	248	TC
1	37581954	67	AC
1	37582556	182	AG
1	37582668	112	TG
1	37582893	225	TC
1	37582919	26	CA
1	37583072	153	AG
1	37583112	40	TC
1	37583457	345	TA
1	37583610	153	TC
1	37587402	3431	CT
1	37588613	1179	AG
1	37591382	1356	CT
1	37592433	744	AC
1	37592543	110	CT
1	37592747	204	AG
1	37598516	921	AG
1	37602392	1813	AC
1	37614562	6269	AT
1	37619430	3724	GC
1	37627376	6747	CT
1	37628621	873	GA
1	37628767	93	AG
1	37637363	5815	GA
1	37637895	389	GA
1	37639196	855	GC
1	37640108	912	AG
1	37640166	58	GT
1	37640849	683	TC
1	37644959	703	TA
1	37648659	2835	AG
1	37649870	908	CA
1	37653209	2568	CT
1	37653308	99	CT
1	37653829	521	GA
1	37655206	1087	AG
1	37657259	1735	GA
1	37660536	2676	GA
1	37660927	295	AG
1	37666273	2652	TA
1	37667451	811	AT
1	37667752	271	CT
1	37671142	2369	AT
1	37671767	421	TC
1	37672111	344	GA
1	37673257	663	GA
1	37676043	1664	AG
1	37676161	118	AG
1	37676660	499	TG
1	37679375	493	TC
1	37686396	4385	AC
1	37692824	4495	TG
1	37695668	2310	CA
1	37698619	2542	CT
1	37699727	1108	TG
1	37701706	1961	CT
1	37705466	2002	AG
1	37705484	18	GA
1	37708504	1629	CA
1	37712854	3470	AG
1	37722108	4621	CT
1	37722221	113	GA
1	37722366	145	TG
1	37724179	1084	GT
1	37725046	298	TC
1	37725075	29	AG
1	37726343	649	AG
1	37726678	335	GA
1	37727079	401	AT
1	37727495	416	AT
1	37728111	616	AG
1	37728826	715	GC
1	37729801	671	TC
1	37730362	561	AG
1	37730705	343	AT
1	37731866	586	GA
1	37731900	34	TC
1	37732079	179	TC
1	37732100	21	CT
1	37733454	984	CT
1	37733630	176	TC
1	37736388	1473	GT
1	37736398	10	AG
1	37736401	3	TA
1	37736415	14	AG
1	37739646	1696	CT
1	37740464	818	GA
1	37740539	75	AG
1	37742721	1186	GC
1	37742778	57	AT
1	37742834	56	AG
1	37747920	193	CG
1	37748096	176	TC
1	37749120	993	GA
1	37749175	55	GA
1	37749389	179	TC
1	37750517	1128	TC
1	37750572	55	CT
1	37753250	2077	TC
1	37753364	114	GA
1	37753809	445	AG
1	37754066	257	TC
1	37756261	2103	AT
1	37757794	1119	TC
1	37757958	164	CT
1	37759086	781	TC
1	37759210	124	TA
1	37759496	286	GA
1	37759533	37	CA
1	37759601	68	GC
1	37759624	23	AT
1	37759666	42	TC
1	37759718	52	TC
1	37759758	40	AG
1	37759793	35	TG
1	37759981	188	GA
1	37760026	45	AG
1	37760069	43	GA
1	37760125	56	TC
1	37760337	212	GA
1	37761712	962	CG
1	37761911	199	AT
1	37763495	1234	TC
1	37763652	157	GA
1	37764039	387	AG
1	37764283	244	GA
1	37764588	305	GA
1	37764606	18	CA
1	37764950	254	AG
1	37766025	956	AC
1	37766362	168	CT
1	37767462	343	TC
1	37767851	210	CT
1	37768574	723	TC
1	37768854	137	AG
1	37770794	1040	GA
1	37772020	1061	TC
1	37772770	750	CT
1	37773337	567	GA
1	37774103	178	TA
1	37774352	101	CT
1	37774530	178	GC
1	37774678	148	TG
1	37774934	256	AG
1	37775072	138	AG
1	37775453	381	AG
1	37777120	385	TC
1	37777226	106	AC
1	37777556	330	GA
1	37778630	582	AG
1	37779037	407	CT
1	37779515	478	TC
1	37779938	378	GA
1	37780010	72	GA
1	37780419	259	GA
1	37787635	3295	AG
1	37789670	2035	GT
1	37795259	1469	GA
1	37797583	2094	GA
1	37800938	2527	AG
1	37801471	533	AG
1	37801477	6	TA
1	37801726	249	GC
1	37802302	576	TC
1	37802452	150	AG
1	37802475	23	GA
1	37802723	248	CT
1	37803008	285	CT
1	37803329	321	TA
1	37803958	146	AG
1	37804179	221	CT
1	37804620	441	AG
1	37804624	4	GC
1	37804698	74	TA
1	37804933	235	AG
1	37805607	225	TG
1	37806446	444	GT
1	37806523	77	GA
1	37806621	98	CA
1	37806975	354	AG
1	37807880	535	GT
1	37810487	1475	GA
1	37811068	542	TC
1	37812394	1234	CT
1	37813431	904	AG
1	37813727	245	TC
1	37815577	690	GA
1	37815708	131	GT
1	37819823	1497	AT
1	37819924	101	AG
1	37821959	477	GC
1	37822421	462	CT
1	37822582	161	AT
1	37824299	748	AG
1	37824488	189	AG
1	37824628	140	TG
1	37824687	59	AG
1	37828522	2974	AG
1	37830848	1612	CT
1	37831995	1147	AG
1	37832000	5	AG
1	37832518	306	CT
1	37832626	108	AG
1	37832635	9	GA
1	37832733	98	TA
1	37833605	872	AG
1	37841710	3591	CG
1	37841734	24	GA
1	37841928	194	TC
1	37842046	118	AT
1	37842063	17	TC
1	37842230	167	AT
1	37842293	63	AC
1	37842299	6	AG
1	37842428	129	TC
1	37842499	71	CG
1	37842524	25	TC
1	37844572	1332	GA
1	37844660	88	CT
1	37845335	675	GA
1	37846072	737	GT
1	37846137	65	CG
1	37851057	1500	CT
1	37852560	1185	TC
1	37852989	277	TC
1	37853077	88	CT
1	37853814	737	GA
1	37854377	249	GA
1	37854563	186	TG
1	37854780	217	AG
1	37854911	131	CA
1	37855060	149	AG
1	37855090	30	CT
1	37855097	7	GA
1	37856708	780	CA
1	37857040	332	CT
1	37857271	231	AG
1	37857774	264	GA
1	37857792	18	TA
1	37857871	79	GA
1	37857880	9	GA
1	37858847	645	TC
1	37858857	10	AG
1	37859767	663	TC
1	37859886	119	GA
1	37860848	578	AG
1	37861136	216	GT
1	37861263	127	TA
1	37861299	36	AG
1	37861460	161	GC
1	37861608	148	CT
1	37862881	1001	AC
1	37863289	408	CT
1	37867525	1898	AG
1	37867605	80	TC
1	37870380	2101	CT
1	37870518	138	TC
1	37871681	834	AG
1	37871758	77	CT
1	37871882	124	GT
1	37871997	115	GA
1	37872296	299	GA
1	37873587	970	TC
1	37874031	444	GA
1	37874445	414	GT
1	37874802	280	TG
1	37875406	604	GT
1	37876331	329	TC
1	37876429	98	AG
1	37877035	340	TC
1	37877987	367	AG
1	37878376	389	TA
1	37878421	45	CT
1	37878446	25	GT
1	37878529	83	CT
1	37878626	97	GA
1	37878838	212	GC
1	37879788	698	GA
1	37879859	71	AT
1	37880414	120	GA
1	37881000	364	GT
1	37881094	94	CT
1	37881890	796	CA
1	37882142	252	GA
1	37882628	486	CT
1	37883035	134	GT
1	37883817	576	TC
1	37883979	162	GA
1	37885070	342	AG
1	37885304	234	CG
1	37885358	54	GC
1	37885381	23	TA
1	37885452	71	AG
1	37885471	19	AG
1	37885609	138	GA
1	37886058	402	AG
1	37886326	268	TG
1	37886348	22	GA
1	37887341	612	CT
1	37887782	372	TC
1	37888742	497	TC
1	37888777	35	TG
1	37888914	137	CT
1	37890322	779	TC
1	37890456	134	TC
1	37890527	71	CT
1	37892261	1734	AG
1	37892509	224	AG
1	37892556	47	GA
1	37893721	812	AC
1	37895226	698	TG
1	37895415	189	CT
1	37895462	47	CA
1	37896000	538	AG
1	37897898	1430	CT
1	37900114	1496	AG
1	37900765	554	AC
1	37905324	3497	GT
1	37907756	2047	GA
1	37907921	165	GA
1	37908524	603	AT
1	37909763	747	CT
1	37910716	655	AC
1	37911436	360	CT
1	37911648	180	CT
1	37912589	905	GA
1	37913597	804	AG
1	37914370	773	TC
1	37915491	1121	AG
1	37917442	190	AG
1	37917807	365	TA
1	37917982	175	AT
1	37918296	314	CT
1	37924280	2333	GA
1	37924568	252	AG
1	37929634	2910	GA
1	37931753	1014	TC
1	37932523	751	TC
1	37932794	271	AG
1	37932902	108	TC
1	37932960	58	CA
1	37933880	691	AG
1	37934117	35	AC
1	37934487	202	GA
1	37936028	773	AC
1	37936152	124	TC
1	37936259	107	CA
1	37936384	125	GT
1	37938419	277	TC
1	37939681	1229	CT
1	37941193	781	TC
1	37941981	275	GC
1	37943485	433	TG
1	37944042	488	GA
1	37944422	380	AG
1	37944610	188	AG
1	37944712	102	AG
1	37946719	1069	GC
1	37946893	174	CA
1	37947121	170	AG
1	37947249	128	AC
1	37948335	417	GA
1	37948690	355	CT
1	37949760	381	AG
1	37952818	1392	AG
1	37953178	187	GA
1	37953958	530	GA
1	37953960	2	AC
1	37954512	245	CT
1	37956609	1793	CA
1	37957047	438	AG
1	37957582	497	GT
1	37959020	1438	TC
1	37959620	271	AT
1	37961929	1134	AG
1	37962144	197	AG
1	37963521	1357	AG
1	37963770	249	GA
1	37963790	20	GA
1	37963840	50	CG
1	37963876	36	AG
1	37966151	1744	AC
1	37966689	538	CT
1	37967454	765	CT
1	37967547	93	GA
1	37967636	44	TG
1	37967981	345	CT
1	37971152	732	AG
1	37972921	1072	CA
1	37972936	15	AC
1	37974277	919	GA
1	37974300	23	TA
1	37975427	1127	GA
1	37976686	925	GA
1	37978136	878	TA
1	37978252	116	CA
1	37978361	109	GC
1	37978788	311	CT
1	37979135	347	CA
1	37979600	465	GA
1	37979966	366	AG
1	37979981	15	CG
1	37980133	152	GA
1	37980166	33	CT
1	37980350	184	TA
1	37981024	368	AC
1	37981075	51	GA
1	37981110	35	CT
1	37982434	1324	AG
1	37985994	2279	TA
1	37988945	1187	AG
1	37990515	1271	AG
1	37996165	3699	GA
1	37996766	601	CA
1	37999457	2112	GA
1	37999540	83	TC
1	37999730	190	AG
1	38001430	1540	GA
1	38003941	1966	GC
1	38004379	438	TA
1	38005983	1193	GA
1	38006216	233	GA
1	38006219	3	TA
1	38006312	93	AG
1	38006738	426	AG
1	38006911	173	AG
1	38006913	2	AT
1	38009350	817	GA
1	38010437	1087	TC
1	38011890	1201	GA
1	38017459	2321	AG
1	38017938	479	AG
1	38018003	65	AG
1	38018370	367	CT
1	38018526	156	GA
1	38019435	909	AG
1	38020910	1475	CG
1	38022001	868	TC
1	38022543	265	CA
1	38022559	16	AG
1	38022774	215	GA
1	38024414	871	TC
1	38024425	11	TG
1	38024432	7	GA
1	38026303	1383	GA
1	38030494	1379	CT
1	38030516	22	TC
1	38030770	42	GA
1	38030791	21	CT
1	38030926	135	GT
1	38030990	64	AG
1	38031895	530	AG
1	38032907	649	GC
1	38033509	602	GA
1	38033528	19	AG
1	38035451	1834	AC
1	38035616	165	AG
1	38036643	735	TA
1	38036723	80	GA
1	38037500	654	TC
1	38038219	696	TA
1	38038336	117	TG
1	38039116	731	AG
1	38039840	724	AG
1	38040350	372	CA
1	38041237	422	GA
1	38041323	86	AT
1	38041617	294	TC
1	38041672	55	CG
1	38041691	19	CT
1	38043925	1726	TC
1	38044045	120	GT
1	38044661	616	GA
1	38045433	456	CT
1	38045484	51	AG
1	38045514	30	AG
1	38045701	187	GT
1	38045739	38	TC
1	38046069	223	GA
1	38047096	993	AG
1	38047335	239	CT
1	38048027	649	CT
1	38048133	106	TC
1	38048568	435	CT
1	38048709	141	TG
1	38049887	862	GA
1	38050213	179	GA
1	38051150	683	GA
1	38051166	16	AG
1	38051169	3	TC
1	38051342	173	CA
1	38051522	180	AG
1	38051778	256	AT
1	38051794	16	CT
1	38051804	10	TC
1	38051826	22	CT
1	38051937	111	AC
1	38052264	327	CT
1	38052326	62	GA
1	38054816	2252	TC
1	38057586	2390	CA
1	38057976	163	CG
1	38058120	144	AG
1	38058192	72	TC
1	38058207	15	AG
1	38058227	20	CT
1	38058271	44	TA
1	38058318	47	TC
1	38058345	27	TC
1	38058477	132	TC
1	38058590	113	AG
1	38058948	358	GT
1	38059217	227	CT
1	38059463	246	CT
1	38061245	1452	CG
1	38061481	184	GA
1	38061581	100	CT
1	38062478	468	TC
1	38062704	38	CT
1	38062713	9	GA
1	38068319	3936	AG
1	38070344	1360	CT
1	38072459	1239	AG
1	38072652	193	GA
1	38074047	1395	CT
1	38074154	107	GA
1	38074830	676	GA
1	38075334	212	CT
1	38075728	394	AG
1	38076409	528	CT
1	38076608	199	TC
1	38077161	368	GC
1	38077853	522	AT
1	38078054	201	AG
1	38078435	222	AT
1	38078447	12	AG
1	38078482	35	CT
1	38078491	9	AG
1	38078552	61	CT
1	38079287	692	AG
1	38079412	125	TC
1	38081009	1058	TC
1	38081175	166	GA
1	38082008	32	AG
1	38082078	70	CT
1	38082850	739	AG
1	38083234	235	GA
1	38083296	62	AG
1	38084796	1460	AT
1	38085207	411	CA
1	38085306	99	AG
1	38085379	73	GA
1	38085848	469	CT
1	38085868	20	CT
1	38086022	154	TC
1	38086093	71	GA
1	38086105	12	AT
1	38088133	1696	CT
1	38090397	1274	CT
1	38090455	58	GA
1	38091822	769	AT
1	38092100	210	GT
1	38093973	1237	TC
1	38094330	357	GC
1	38099133	3486	GA
1	38099520	387	AG
1	38100394	679	AG
1	38101038	644	GA
1	38101192	154	AG
1	38101229	37	AG
1	38101580	351	CT
1	38101588	8	GA
1	38101701	113	GA
1	38101734	33	TA
1	38102439	686	CT
1	38104252	635	GT
1	38104603	320	CT
1	38105502	899	AG
1	38105525	23	TC
1	38105704	179	CT
1	38105903	199	GA
1	38107330	1000	TC
1	38108508	592	TC
1	38109818	1001	AG
1	38110001	68	GA
1	38110356	355	GT
1	38111467	791	GA
1	38111886	419	GC
1	38112096	164	GC
1	38113709	1017	GC
1	38114667	958	CT
1	38115880	740	AG
1	38115997	117	GA
1	38116509	512	AC
1	38116681	172	TC
1	38116689	8	AG
1	38117415	334	TC
1	38117428	13	GA
1	38117802	167	GA
1	38119138	346	GA
1	38119146	8	CT
1	38119609	463	TC
1	38119904	221	TA
1	38120448	348	GA
1	38121192	696	GA
1	38121706	381	CT
1	38122940	1148	AG
1	38139762	10312	GA
1	38139798	36	AT
1	38139941	143	CT
1	38140303	345	GA
1	38141271	682	AG
1	38141316	45	CT
1	38141368	52	TC
1	38141430	62	AT
1	38141841	411	CT
1	38141996	155	GT
1	38142220	224	TC
1	38142334	114	GA
1	38143277	575	CT
1	38144295	690	CT
1	38144741	446	AG
1	38145052	267	GA
1	38145853	801	CT
1	38145877	24	GT
1	38147289	770	CG
1	38147502	213	GA
1	38147510	8	TC
1	38149625	1612	AG
1	38150236	582	GA
1	38150508	272	GA
1	38150974	273	TC
1	38151002	28	CT
1	38151018	16	AG
1	38151030	12	CT
1	38151031	1	AG
1	38151059	28	CG
1	38151078	19	CT
1	38151119	41	AG
1	38151186	67	TA
1	38151263	77	CA
1	38152918	1655	TC
1	38153487	93	CT
1	38157549	370	AG
1	38157648	99	GA
1	38157656	8	TG
1	38157685	29	AG
1	38157721	36	AG
1	38158125	404	AG
1	38158156	31	GT
1	38158380	224	AG
1	38158730	350	CT
1	38158800	70	TC
1	38158999	199	CT
1	38159130	131	TC
1	38159612	449	GT
1	38159791	179	CG
1	38159833	42	TG
1	38160289	77	GA
1	38160677	294	TG
1	38163539	89	GA
1	38163802	263	TC
1	38164042	240	GA
1	38164732	672	GA
1	38164969	237	CT
1	38165012	43	GA
1	38165139	127	AG
1	38165273	134	GA
1	38165298	25	AC
1	38165600	302	GA
1	38165779	179	GA
1	38166675	402	CG
1	38168123	866	GA
1	38168210	47	CT
1	38168223	13	AG
1	38168509	286	AG
1	38168566	57	TC
1	38169404	786	AC
1	38169981	577	TC
1	38170439	310	GT
1	38170927	488	TC
1	38172245	1232	CA
1	38172567	265	GA
1	38173446	564	CT
1	38174007	561	TC
1	38174449	442	CG
1	38174584	135	GA
1	38174676	92	CT
1	38174700	24	CT
1	38175335	635	GA
1	38176060	725	TC
1	38176852	697	CT
1	38178211	1142	TC
1	38181654	2786	GC
1	38182095	441	CG
1	38182357	262	CA
1	38184340	993	AG
1	38186221	1477	TA
1	38186258	37	TG
1	38187156	898	AG
1	38187406	250	AG
1	38187468	62	CT
1	38187826	358	TC
1	38188598	772	AG
1	38189041	203	CA
1	38189307	266	AC
1	38195012	1774	CT
1	38195053	41	GA
1	38196327	114	TA
1	38196429	102	CT
1	38197977	1548	TC
1	38198758	781	AG
1	38198782	24	CT
1	38198886	104	CT
1	38198917	31	CT
1	38199101	184	GA
1	38199693	542	TA
1	38199701	8	GA
1	38199715	14	CT
1	38199731	16	GA
1	38199950	219	TC
1	38200162	212	GA
1	38200413	251	AT
1	38200437	24	AG
1	38202876	365	GA
1	38203057	181	TA
1	38203298	177	CT
1	38206087	1569	GA
1	38206514	427	AG
1	38207412	702	AT
1	38212172	3283	AG
1	38215860	830	CT
1	38216048	188	CT
1	38216308	260	GA
1	38216358	50	GA
1	38217640	441	GC
1	38217896	256	AG
1	38218846	865	AG
1	38219627	291	GA
1	38222175	1371	TC
1	38222415	240	TG
1	38225982	1003	AT
1	38226541	559	CT
1	38226759	180	AG
1	38228211	1048	GA
1	38229544	1078	CT
1	38230043	499	TC
1	38231306	733	AT
1	38233036	1547	CT
1	38233294	258	GA
1	38250100	12932	CT
1	38250657	557	AG
1	38251673	1016	TC
1	38254289	2351	GA
1	38254893	604	TC
1	38259655	3421	TC
1	38263589	2618	GA
1	38280467	11980	AG
1	38280831	364	TC
1	38280996	165	CA
1	38281010	14	AG
1	38282588	1454	TC
1	38287952	2878	TC
1	38288819	867	AG
1	38289035	216	AG
1	38289290	255	CT
1	38289433	143	GC
1	38290193	461	GT
1	38290204	11	CT
1	38290270	66	TC
1	38290428	158	GA
1	38290486	58	GC
1	38290511	25	CT
1	38290518	7	GA
1	38290608	90	TC
1	38290721	113	AG
1	38290857	136	GA
1	38291470	251	TC
1	38291774	304	CT
1	38292195	395	AG
1	38293330	866	AG
1	38293658	328	GT
1	38294016	358	GC
1	38294330	314	AG
1	38294377	47	GA
1	38294946	514	AT
1	38295519	162	CG
1	38295575	56	TA
1	38295760	185	GA
1	38296244	387	GA
1	38297873	1097	AG
1	38297988	115	TC
1	38298036	48	CT
1	38299064	569	CT
1	38299077	13	TC
1	38300061	408	CT
1	38300098	37	CT
1	38300147	49	AG
1	38300203	6	CT
1	38300398	195	AT
1	38300766	368	GA
1	38301387	467	AC
1	38301911	340	TG
1	38301922	11	GA
1	38301929	7	TG
1	38302142	213	GT
1	38302399	257	AG
1	38302418	19	CT
1	38302432	14	GA
1	38302454	22	AC
1	38302463	9	TC
1	38302466	3	GT
1	38302478	12	CT
1	38302546	68	CA
1	38302550	4	GA
1	38302612	62	GT
1	38302743	13	AG
1	38302771	28	GC
1	38302798	27	AG
1	38302846	48	CT
1	38302978	132	CT
1	38303059	81	GA
1	38303077	18	TA
1	38303108	31	TC
1	38303133	25	AC
1	38303138	5	AG
1	38303147	9	AG
1	38303316	169	AG
1	38303332	16	AG
1	38303669	337	TC
1	38303747	78	CT
1	38303866	119	TC
1	38304045	179	AG
1	38304301	256	TA
1	38304388	87	GT
1	38304993	566	GA
1	38306545	1523	AG
1	38307455	910	AG
1	38307947	492	GA
1	38308498	551	TG
1	38309724	1006	TA
1	38312603	665	TC
1	38313114	432	AT
1	38313145	31	TC
1	38313222	77	TC
1	38313320	98	TC
1	38313426	106	TC
1	38313544	118	AC
1	38313682	138	GA
1	38313699	17	CT
1	38313789	90	GA
1	38313907	118	CA
1	38313928	21	CT
1	38315411	1357	AC
1	38315750	339	CG
1	38317930	1471	GA
1	38318777	819	AG
1	38331495	10228	GT
1	38335732	3637	TA
1	38340005	2378	AT
1	38341027	881	GA
1	38341305	278	CA
1	38345197	3725	GA
1	38347174	1535	GC
1	38347214	40	CA
1	38347253	39	AG
1	38347266	13	TA
1	38347592	326	CG
1	38354403	5158	AG
1	38355707	1304	GA
1	38356973	1167	TC
1	38361091	2813	TC
1	38364456	2378	CT
1	38374126	4329	TC
1	38379582	4402	GA
1	38380444	804	CT
1	38380882	438	CT
1	38382477	1391	CT
1	38396838	5397	CA
1	38409516	7580	GT
1	38411429	1513	GA
1	38416512	3257	TC
1	38416782	270	TC
1	38416797	15	CT
1	38417430	151	AT
1	38417503	73	TC
1	38417634	131	GC
1	38417644	10	GA
1	38417822	178	TC
1	38418094	272	TC
1	38418240	146	AG
1	38418318	78	AG
1	38418857	322	GA
1	38426680	212	AT
1	38427095	79	TG
1	38427489	327	GA
1	38427976	87	GA
1	38428843	867	TC
1	38428889	46	TC
1	38429008	119	AC
1	38429527	519	GA
1	38429866	339	TC
1	38430268	241	CT
1	38430326	58	AT
1	38430336	10	GT
1	38430756	420	TC
1	38431012	256	CT
1	38431896	470	TG
1	38432265	71	GC
1	38432315	50	GA
1	38432321	6	TC
1	38432398	77	CT
1	38432411	13	GT
1	38437860	1234	TG
1	38438053	152	CT
1	38438586	316	TC
1	38439209	287	GC
1	38440262	766	TA
1	38440488	226	CT
1	38440674	114	GA
1	38440681	7	GA
1	38440698	17	TG
1	38440857	159	CT
1	38441046	30	CT
1	38441229	183	CT
1	38442133	379	TA
1	38442647	215	AC
1	38442672	25	GC
1	38442687	15	TC
1	38442879	157	TG
1	38442990	111	AG
1	38444491	1501	GT
1	38445487	996	TC
1	38445626	139	GA
1	38446754	737	AC
1	38450554	248	CA
1	38450758	204	TC
1	38450812	54	GT
1	38450880	68	CT
1	38450896	16	GT
1	38450952	56	CG
1	38451161	209	TA
1	38451362	34	CT
1	38451709	347	CA
1	38452307	598	TG
1	38452473	166	AC
1	38452514	41	AC
1	38454426	380	GT
1	38454502	76	GT
1	38454850	311	CT
1	38454890	40	CT
1	38454905	15	TC
1	38455896	991	TG
1	38455897	1	GA
1	38455900	3	GA
1	38456576	530	CT
1	38456751	134	GA
1	38461174	2840	TG
1	38461376	202	GA
1	38463477	1269	TC
1	38463763	286	CT
1	38463815	52	AT
1	38463816	1	TC
1	38463888	72	GA
1	38464052	164	CT
1	38464214	162	AC
1	38464236	22	TC
1	38464253	17	TC
1	38464264	11	TC
1	38464266	2	TC
1	38464277	11	AG
1	38464527	250	CG
1	38465270	314	TC
1	38465306	36	CT
1	38465364	58	AG
1	38466098	109	AG
1	38469618	1590	TC
1	38478874	3313	AG
1	38484468	4551	AT
1	38487015	1703	GC
1	38487745	730	CG
1	38488714	929	GA
1	38491813	3072	GC
1	38491951	138	GA
1	38493639	1033	CA
1	38493663	24	TG
1	38496240	2124	GA
1	38497246	681	TC
1	38497457	211	CT
1	38497604	147	TC
1	38497626	22	GC
1	38498604	950	AG
1	38499301	628	TC
1	38499458	157	AC
1	38502506	2568	GT
1	38510663	5326	TC
1	38513617	1412	GT
1	38513854	200	AG
1	38514229	375	AC
1	38514350	121	GT
1	38514476	126	GT
1	38514848	271	TG
1	38514996	110	CG
1	38515014	18	AG
1	38515121	107	GT
1	38515212	91	TC
1	38515254	42	CA
1	38515359	105	TA
1	38515433	74	CT
1	38515554	121	CT
1	38515560	6	AG
1	38515582	22	AG
1	38515657	75	CT
1	38515831	174	AG
1	38515856	25	AG
1	38515876	20	TC
1	38518105	141	AG
1	38519134	649	TC
1	38519824	690	AG
1	38520367	442	GA
1	38521290	488	AT
1	38521347	57	TC
1	38521458	111	AT
1	38522241	615	AG
1	38523086	447	TC
1	38529246	98	AC
1	38530891	487	TC
1	38530950	59	GA
1	38531191	241	AG
1	38532066	388	CA
1	38532157	25	AT
1	38532358	201	AC
1	38532621	263	GC
1	38532700	79	AG
1	38532890	190	AC
1	38532902	12	AT
1	38534053	729	CA
1	38534520	443	AG
1	38534597	77	GT
1	38536002	1405	TG
1	38536314	312	CT
1	38536512	198	GC
1	38536802	213	GT
1	38538494	1212	GA
1	38538595	101	CT
1	38538827	232	GC
1	38540651	1159	TC
1	38541174	523	TC
1	38541257	83	CG
1	38541308	51	TC
1	38541378	70	CG
1	38541383	5	GC
1	38541505	122	CT
1	38541526	21	TC
1	38541595	69	CT
1	38541730	135	AG
1	38541925	195	GA
1	38541959	34	GA
1	38542381	422	TC
1	38542678	263	TC
1	38544066	1031	TC
1	38544217	151	CT
1	38544720	243	CT
1	38544918	198	AG
1	38545176	258	GA
1	38546058	882	CT
1	38546233	175	TC
1	38546278	45	TC
1	38546705	427	TC
1	38546974	269	CA
1	38548112	801	TA
1	38548971	510	CA
1	38549887	121	CT
1	38551110	250	GT
1	38553586	1263	AG
1	38553603	17	TC
1	38554033	344	TG
1	38554089	56	CA
1	38554603	479	TC
1	38556067	735	AG
1	38556279	212	AC
1	38557135	808	GA
1	38557945	641	CA
1	38558096	151	CT
1	38558505	409	CA
1	38558506	1	AT
1	38558538	32	TC
1	38559396	290	TG
1	38559468	72	CT
1	38560323	855	TC
1	38560813	490	AG
1	38560895	82	CT
1	38560948	53	TC
1	38561114	166	TG
1	38561128	14	CT
1	38561811	527	AG
1	38562124	313	AC
1	38562184	60	AG
1	38562715	483	AG
1	38563341	626	TC
1	38563462	121	GA
1	38565502	1227	CT
1	38565865	317	CT
1	38567313	752	AG
1	38567428	115	CT
1	38568837	1129	TC
1	38569047	210	AG
1	38569207	160	GT
1	38569376	169	TA
1	38569426	50	AC
1	38569688	262	TC
1	38570032	344	CT
1	38570179	147	GT
1	38570479	300	TC
1	38570582	103	TC
1	38570849	235	TC
1	38570907	58	GA
1	38570956	49	AG
1	38570969	13	CT
1	38571756	787	GA
1	38571775	19	TC
1	38572010	165	GT
1	38575452	1624	AG
1	38575769	317	AG
1	38575950	181	TC
1	38576031	81	CT
1	38576308	277	CA
1	38578107	1799	TC
1	38578829	400	AG
1	38579038	209	AG
1	38579065	27	GA
1	38579083	18	CT
1	38579087	4	GA
1	38579158	71	CT
1	38579514	170	TC
1	38579608	94	GA
1	38579844	236	CG
1	38579958	114	TC
1	38579982	24	AC
1	38580238	256	TC
1	38580796	339	TG
1	38581583	184	AG
1	38581942	86	TC
1	38582061	119	CG
1	38582071	10	AC
1	38582120	49	TG
1	38582443	165	CA
1	38582715	139	TC
1	38582737	22	CA
1	38582758	21	TC
1	38582823	65	GA
1	38583187	304	AG
1	38583201	14	CG
1	38583517	316	AG
1	38583519	2	AG
1	38583521	2	TA
1	38583786	265	TA
1	38584564	611	AG
1	38584583	19	AG
1	38585205	622	GC
1	38585358	153	CT
1	38585687	329	TC
1	38585823	136	TA
1	38585841	18	CT
1	38585923	82	CT
1	38586006	83	TG
1	38586771	309	TC
1	38587594	395	TC
1	38588021	427	CT
1	38588275	254	CA
1	38588281	6	TA
1	38588499	140	AT
1	38588502	3	GA
1	38588846	344	CT
1	38588847	1	AG
1	38588857	10	GA
1	38588952	95	CA
1	38588967	15	CT
1	38589081	114	CT
1	38589085	4	AT
1	38589133	48	TC
1	38589153	20	TC
1	38590671	954	AG
1	38591030	331	GT
1	38592074	994	GC
1	38594287	2213	TC
1	38595039	418	GA
1	38595955	610	AC
1	38596025	70	TC
1	38596500	177	CA
1	38596575	75	CT
1	38596741	166	GA
1	38596971	230	CT
1	38598001	988	TA
1	38598349	348	GT
1	38598424	75	GA
1	38606671	2754	TG
1	38609669	1187	GC
1	38610675	687	GA
1	38610886	211	AT
1	38611056	170	CT
1	38611073	17	CA
1	38611100	27	TC
1	38611118	18	GC
1	38611121	3	CT
1	38611155	34	TC
1	38611182	27	TC
1	38611767	561	GA
1	38614132	809	CT
1	38614487	200	AG
1	38614555	68	TC
1	38614564	9	GA
1	38614677	113	CG
1	38614847	170	GA
1	38622160	358	TC
1	38622719	539	GC
1	38622865	146	TC
1	38623000	135	AG
1	38623207	207	TC
1	38623372	165	CT
1	38623376	4	TC
1	38623638	262	AG
1	38624087	449	CT
1	38624670	302	TC
1	38624879	209	AT
1	38626723	1202	AC
1	38628396	1349	GC
1	38629964	1009	GA
1	38631035	1071	AG
1	38632256	1093	AC
1	38640850	2043	GA
1	38663176	11522	AC
1	38665060	1853	TC
1	38668108	2042	CT
1	38674005	4933	TC
1	38674172	167	TC
1	38675107	902	CT
1	38677130	1548	CG
1	38681921	3870	CT
1	38683923	1555	CT
1	38699990	6467	CT
1	38700338	124	TA
1	38701081	277	TC
1	38701217	136	TC
1	38701295	78	AG
1	38701332	37	TC
1	38701592	260	TC
1	38703698	1744	AG
1	38703781	83	TC
1	38710475	598	CT
1	38710545	70	CT
1	38710551	6	GA
1	38710749	114	GA
1	38711062	313	AG
1	38712935	1430	TA
1	38713613	196	TC
1	38715213	674	CT
1	38984896	193928	CT
1	38985125	229	GA
1	38985414	289	GA
1	38985456	42	GA
1	38985761	305	CG
1	38985856	95	GA
1	38986465	609	CT
1	38986807	342	TA
1	38987013	206	CT
1	38990193	2435	GT
1	38990367	174	CT
1	38991703	1046	TC
1	38993713	284	GC
1	38994627	914	AG
1	38995233	477	TC
1	38995318	85	CA
1	38995538	220	GA
1	38995672	134	TC
1	38995781	109	GT
1	38996026	245	GA
1	38996058	32	GA
1	38996143	85	GT
1	38996160	17	GA
1	38996295	135	TC
1	38996757	462	AG
1	38996868	111	GA
1	39000551	3099	GC
1	39000635	84	GT
1	39000868	233	GA
1	39000983	115	AG
1	39003609	1794	TG
1	39004072	423	TC
1	39004389	317	GA
1	39004788	399	AG
1	39004916	128	CG
1	39006573	1525	TA
1	39006920	347	AG
1	39008736	1593	AG
1	39008764	28	CT
1	39008765	1	AG
1	39009137	242	TC
1	39010348	877	AG
1	39010915	567	AC
1	39011863	602	TC
1	39012150	287	AT
1	39012400	216	TC
1	39013385	985	AG
1	39013588	203	AG
1	39053506	25362	GA
1	39054542	1036	AT
1	39058417	3414	CA
1	39058426	9	CG
1	39058975	169	TC
1	39059474	477	TC
1	39060869	1143	GA
1	39061951	859	TC
1	39063388	1249	CT
1	39067460	3091	AG
1	39072886	545	TC
1	39073186	300	AG
1	39074045	689	CT
1	39076066	314	CA
1	39076177	111	AG
1	39076260	83	TC
1	39076424	164	GA
1	39078389	1235	GA
1	39079452	521	TC
1	39079464	12	TC
1	39080053	283	CT
1	39080111	58	CA
1	39080598	396	TC
1	39081315	558	TC
1	39082853	167	AG
1	39085406	1467	TC
1	39088349	1770	AG
1	39089563	951	TC
1	39089939	322	GC
1	39092866	1276	CT
1	39094561	1623	GA
1	39096192	1029	TC
1	39098082	1638	CG
1	39099512	1353	TA
1	39105074	4347	GA
1	39105957	793	CT
1	39106305	297	AG
1	39106342	37	TC
1	39106343	1	GA
1	39106348	5	TC
1	39106472	124	GA
1	39106485	13	TC
1	39106521	36	AT
1	39106768	247	CT
1	39106973	205	AG
1	39107193	220	TC
1	39110001	2047	TC
1	39110023	22	AG
1	39114208	1528	TA
1	39114396	99	CG
1	39114792	164	GT
1	39115747	281	TC
1	39122551	3913	CG
1	39122735	184	GA
1	39123120	385	TC
1	39123707	427	AC
1	39124227	226	GA
1	39124410	183	TC
1	39125545	956	GT
1	39126238	273	TC
1	39126448	210	TG
1	39126898	433	CT
1	39127993	837	AT
1	39128015	22	AG
1	39128178	163	GT
1	39128360	182	GA
1	39132973	2516	AT
1	39133279	306	TC
1	39133648	331	GA
1	39133774	126	CT
1	39133931	157	TG
1	39134281	350	TA
1	39135225	732	TC
1	39136163	437	CG
1	39141728	4769	AT
1	39142211	483	TA
1	39152346	5203	CG
1	39152353	7	TG
1	39157058	3394	TG
1	39157290	232	TC
1	39158463	790	TC
1	39159155	692	GA
1	39159571	334	CT
1	39159839	268	TA
1	39159862	23	TC
1	39160089	227	CG
1	39160424	58	AC
1	39161257	753	AC
1	39161323	66	CG
1	39161329	6	TC
1	39161955	304	CA
1	39162041	86	GA
1	39162424	15	AT
1	39162648	83	GC
1	39162869	221	CT
1	39163294	425	AG
1	39163894	600	GA
1	39164150	256	CT
1	39164213	63	AC
1	39165026	381	CG
1	39165234	208	GA
1	39165296	62	CT
1	39165422	126	AT
1	39166962	1181	GT
1	39167110	148	TC
1	39167417	158	CT
1	39168683	19	AT
1	39168851	168	TC
1	39169135	184	GA
1	39169205	70	CA
1	39169215	10	AG
1	39169217	2	TC
1	39169387	170	TC
1	39169416	29	CT
1	39169440	24	TG
1	39169527	87	AG
1	39169553	26	AG
1	39169648	95	TC
1	39169708	60	GC
1	39171256	819	CT
1	39174125	2069	CG
1	39174349	224	TG
1	39174776	427	CT
1	39175386	610	AG
1	39176107	721	CA
1	39176286	179	GC
1	39178113	732	GA
1	39178408	295	GC
1	39178562	154	AG
1	39178563	1	TC
1	39178601	38	AG
1	39180424	1323	CT
1	39182151	586	GA
1	39182468	317	CT
1	39182888	318	CT
1	39182893	5	GA
1	39182917	24	TC
1	39182979	62	GA
1	39183898	487	CT
1	39184480	582	TG
1	39185916	1352	AG
1	39186239	323	CT
1	39186505	266	AG
1	39189932	788	GA
1	39194226	3792	GA
1	39195073	751	AG
1	39203289	3302	GA
1	39206882	2405	AT
1	39208133	948	AC
1	39210401	926	GC
1	39219433	7189	CT
1	39219625	192	GA
1	39219736	111	TC
1	39220404	668	AG
1	39221556	633	AG
1	39221805	249	AC
1	39222535	340	AT
1	39222671	136	GA
1	39223076	405	CT
1	39226273	2490	CT
1	39226398	125	TA
1	39226533	135	AC
1	39227693	539	CG
1	39227855	162	AC
1	39229666	1510	TC
1	39229922	256	AG
1	39230313	391	GA
1	39230790	378	CA
1	39230846	56	TC
1	39230855	9	GA
1	39230893	38	AG
1	39230961	68	TC
1	39231186	225	TA
1	39231190	4	TG
1	39231312	122	TC
1	39231531	177	AT
1	39231532	1	AC
1	39231676	144	TC
1	39231732	56	GT
1	39231816	84	GA
1	39231944	128	CT
1	39232099	155	GA
1	39232242	143	AG
1	39232281	39	TA
1	39233633	1054	CT
1	39233634	1	AG
1	39233725	91	GA
1	39233726	1	CA
1	39234042	316	AC
1	39234277	235	CT
1	39234308	31	TA
1	39235008	700	CT
1	39235118	110	CA
1	39235180	62	GT
1	39235625	445	TC
1	39235637	12	GA
1	39235796	159	TG
1	39235814	18	GA
1	39235957	143	AG
1	39236528	132	GA
1	39236777	249	TC
1	39248877	8711	CA
1	39248903	26	CG
1	39250329	589	AG
1	39250528	44	CT
1	39250568	40	CG
1	39250579	11	AG
1	39250679	100	CT
1	39258185	1367	GA
1	39258744	531	CT
1	39258867	123	TC
1	39258900	33	CT
1	39259449	303	TC
1	39259520	71	AG
1	39259900	358	AG
1	39259921	21	AG
1	39260152	231	GA
1	39260222	70	GT
1	39260243	21	TC
1	39260425	182	GT
1	39261051	122	TC
1	39261066	15	AG
1	39261112	46	TC
1	39261512	98	AG
1	39261530	18	AG
1	39261622	92	CG
1	39262131	509	GT
1	39267673	1093	TG
1	39271067	1896	CT
1	39271808	741	CA
1	39272620	448	TC
1	39272796	84	TC
1	39273278	482	CT
1	39274334	296	TC
1	39274449	115	CT
1	39275459	379	TC
1	39275501	42	AG
1	39276138	287	AG
1	39276187	49	TC
1	39276196	9	TC
1	39277055	540	TC
1	39277093	38	AG
1	39277112	19	TC
1	39277221	109	TC
1	39277255	34	TC
1	39277257	2	AC
1	39277258	1	AG
1	39277285	27	AC
1	39278010	129	GA
1	39278026	16	CT
1	39278084	58	CT
1	39278126	42	AG
1	39278189	63	CG
1	39278292	103	TG
1	39279944	740	CA
1	39280261	317	TC
1	39280300	39	CT
1	39281248	561	CT
1	39282232	543	GA
1	39282242	10	CA
1	39282277	35	CG
1	39282330	53	CG
1	39283329	164	AT
1	39290806	4872	GT
1	39291004	198	GT
1	39294265	1771	GA
1	39294714	449	AG
1	39296118	1063	CT
1	39296317	199	TC
1	39300854	2332	CT
1	39301548	464	GA
1	39301549	1	AG
1	39306832	3649	AG
1	39307360	528	CT
1	39309564	2006	TG
1	39310768	1088	TC
1	39312138	1143	CT
1	39314321	1974	CT
1	39314437	116	CT
1	39314635	198	GA
1	39314779	144	CG
1	39315747	277	GA
1	39315826	79	TC
1	39315977	151	AG
1	39316075	98	GA
1	39316100	25	TC
1	39316320	220	TC
1	39316464	144	TC
1	39316704	240	TC
1	39317124	420	AC
1	39317207	83	CT
1	39317637	430	CT
1	39317881	244	AG
1	39318077	196	AG
1	39318416	172	AG
1	39319324	606	CT
1	39319347	23	GA
1	39319384	37	CT
1	39319534	150	AG
1	39320267	733	GA
1	39320386	63	GA
1	39320514	128	CG
1	39322783	1478	GA
1	39326388	2224	CT
1	39329816	2854	GT
1	39330169	353	CT
1	39330717	335	AT
1	39330845	128	TC
1	39331924	452	AG
1	39331950	26	CT
1	39332137	187	AG
1	39332162	25	CT
1	39332464	302	AG
1	39332513	49	AC
1	39332691	178	CA
1	39332912	221	TC
1	39333932	380	GA
1	39334417	463	AG
1	39334530	113	AT
1	39335018	488	GA
1	39336674	469	CT
1	39336757	83	AT
1	39336796	39	CA
1	39337355	137	GA
1	39337381	26	TA
1	39337384	3	CT
1	39337468	84	GA
1	39337505	37	CT
1	39337663	158	GA
1	39338089	384	CA
1	39338284	195	GA
1	39338285	1	CT
1	39338324	39	CT
1	39338473	149	TC
1	39338667	194	GA
1	39338771	104	AG
1	39338776	5	TC
1	39339598	385	CT
1	39339651	53	TG
1	39339672	21	TC
1	39339806	134	CT
1	39339881	75	CT
1	39339937	56	GA
1	39340677	283	AT
1	39340710	33	CT
1	39340716	6	GA
1	39340733	17	AC
1	39340748	15	CT
1	39340787	39	CT
1	39341198	411	GA
1	39341223	25	CG
1	39342532	1259	GT
1	39342912	380	GA
1	39343062	150	GA
1	39343209	147	TA
1	39344484	873	CT
1	39344507	23	CT
1	39344734	227	AG
1	39344740	6	CT
1	39344776	36	GA
1	39345714	571	CG
1	39346226	512	AG
1	39349286	1364	AG
1	39349784	467	CT
1	39351576	1299	CT
1	39353258	1042	AG
1	39354161	730	GA
1	39355339	887	TC
1	39355412	73	AG
1	39355521	109	CT
1	39357354	1357	AG
1	39358932	1144	TC
1	39359761	640	CT
1	39361922	1953	CT
1	39362267	281	AG
1	39364590	1974	CT
1	39365328	738	TC
1	39366624	1296	AG
1	39367081	457	TG
1	39367188	34	CT
1	39367210	22	CT
1	39368227	895	GA
1	39369607	1253	GA
1	39370055	157	TA
1	39370057	2	CT
1	39370252	195	GA
1	39370315	63	AG
1	39370328	13	TC
1	39370665	26	GA
1	39370737	72	AG
1	39371584	541	TG
1	39371681	97	GC
1	39372053	372	GA
1	39372842	789	CT
1	39373065	223	CT
1	39374727	1350	CG
1	39374802	75	CG
1	39375020	218	TG
1	39375041	21	AG
1	39375197	156	CT
1	39375597	327	GA
1	39377179	444	CT
1	39380680	2778	GA
1	39380737	57	TC
1	39380751	14	CT
1	39380790	39	TA
1	39381408	355	CA
1	39381437	29	TA
1	39381701	264	AG
1	39382136	435	CT
1	39383057	407	CT
1	39383201	144	TC
1	39383219	18	CT
1	39383499	188	AG
1	39383541	42	AT
1	39383825	284	CG
1	39383837	12	GA
1	39383852	15	CA
1	39383937	85	AG
1	39383994	57	CT
1	39384014	20	GC
1	39384029	15	TC
1	39384044	15	AT
1	39384183	139	CG
1	39384406	223	GA
1	39384463	57	TC
1	39384466	3	GA
1	39384473	7	CT
1	39385474	145	AG
1	39385489	15	CA
1	39385491	2	AG
1	39385558	67	CT
1	39385984	219	CT
1	39386247	263	AC
1	39386248	1	CT
1	39386257	9	GA
1	39386326	69	CT
1	39386337	11	CT
1	39386339	2	TC
1	39386390	51	CT
1	39386684	294	CT
1	39387036	352	TG
1	39387126	90	TG
1	39387149	23	GA
1	39387259	110	GT
1	39387341	82	AG
1	39387351	10	AG
1	39388861	1208	AG
1	39389470	547	AG
1	39389582	112	TC
1	39390310	728	CT
1	39390712	146	CG
1	39390721	9	GA
1	39392013	943	GA
1	39392087	74	GA
1	39392291	138	GA
1	39392313	22	CT
1	39392618	305	AG
1	39392639	21	AG
1	39392668	29	GA
1	39392683	15	GA
1	39393154	471	GA
1	39393235	81	GA
1	39393456	221	TC
1	39393640	184	AG
1	39393681	41	TC
1	39393724	43	GA
1	39393892	168	CT
1	39393973	81	GT
1	39394379	183	CA
1	39394518	139	GA
1	39394811	206	GA
1	39394835	24	AG
1	39394957	122	GA
1	39395082	125	AG
1	39395610	347	GA
1	39396402	716	CG
1	39398489	1368	AG
1	39398751	262	CT
1	39399019	268	AC
1	39399331	312	AG
1	39399416	85	CT
1	39399682	266	TC
1	39399849	167	AG
1	39399996	147	TC
1	39400501	404	GA
1	39400889	388	GA
1	39401038	149	GA
1	39404301	2565	CT
1	39407327	2910	GA
1	39407404	77	CT
1	39407778	374	TC
1	39408252	341	GA
1	39409747	805	AG
1	39413287	390	TC
1	39413644	325	TC
1	39413647	3	GA
1	39414583	794	CT
1	39414607	24	GA
1	39414720	113	GC
1	39414867	147	CT
1	39414987	120	TC
1	39415081	94	AC
1	39415143	62	CG
1	39415234	91	TA
1	39415327	93	GA
1	39415544	217	TC
1	39415559	15	GA
1	39415726	167	TG
1	39415729	3	CT
1	39415740	11	GA
1	39418548	1210	AG
1	39419261	575	CT
1	39419350	89	AG
1	39419650	300	TA
1	39427325	4321	TC
1	39427456	131	TC
1	39427768	215	CT
1	39428457	542	CT
1	39428796	76	GA
1	39428803	7	GA
1	39429488	347	CT
1	39429551	63	GA
1	39430028	477	AG
1	39430086	58	TA
1	39430683	278	AG
1	39432617	1432	CT
1	39432910	293	AG
1	39432952	42	GA
1	39433062	110	GA
1	39433261	199	CT
1	39433288	27	AG
1	39433302	14	TC
1	39433376	74	GT
1	39433384	8	AG
1	39433539	155	GA
1	39433665	126	AG
1	39433970	305	GA
1	39434042	72	TA
1	39434092	50	CT
1	39434107	15	CT
1	39434116	9	CT
1	39434322	188	CT
1	39434437	115	TC
1	39434471	34	GT
1	39434473	2	TC
1	39434740	267	CT
1	39434745	5	AG
1	39434957	212	CA
1	39435864	655	CT
1	39436461	268	GA
1	39436520	59	TC
1	39443460	2925	GT
1	39444410	911	GC
1	39446413	2003	AG
1	39449140	1571	GA
1	39461323	7599	AG
1	39461753	430	GA
1	39462109	113	GA
1	39462821	712	CT
1	39462910	89	TC
1	39463687	777	AC
1	39466088	179	AG
1	39466138	50	CA
1	39466149	11	AG
1	39466191	42	CT
1	39466336	83	AC
1	39468927	176	GA
1	39470669	374	TC
1	39472789	1956	AG
1	39472790	1	CG
1	39472940	150	CT
1	39473126	186	TC
1	39473208	82	TA
1	39473538	330	GA
1	39473546	8	TC
1	39473579	33	AT
1	39473800	221	CT
1	39474397	544	GA
1	39474499	102	GC
1	39474562	63	CT
1	39485069	7673	CT
1	39492192	2001	GC
1	39492957	676	GA
1	39495119	1594	CG
1	39496758	1059	TG
1	39497557	552	GA
1	39497676	119	TA
1	39497680	4	CA
1	39498000	320	AG
1	39498859	488	AG
1	39498905	46	GA
1	39499025	120	GC
1	39499039	14	AG
1	39499044	5	TC
1	39499059	15	AC
1	39499186	127	GA
1	39499194	8	GA
1	39499520	326	TC
1	39499638	118	TA
1	39501055	1417	CA
1	39502326	688	AG
1	39502342	16	CA
1	39502361	19	GC
1	39502449	88	AG
1	39502479	30	AG
1	39502879	133	CT
1	39502888	9	CG
1	39503672	251	TC
1	39503774	102	GT
1	39504029	216	CT
1	39504066	37	AG
1	39504432	319	GA
1	39504559	127	CA
1	39504657	98	GA
1	39504812	155	AG
1	39505257	364	GA
1	39506803	1232	TC
1	39507389	586	AG
1	39507403	14	GA
1	39507662	259	AG
1	39508090	105	GA
1	39508173	83	GA
1	39508639	466	AG
1	39508729	90	TC
1	39508740	11	TG
1	39508799	59	TC
1	39509103	304	CT
1	39509114	11	TC
1	39509492	97	GA
1	39526628	11556	CG
1	39527243	615	GA
1	39527275	32	TC
1	39527516	212	CT
1	39528232	404	CA
1	39528591	359	CT
1	39528614	23	AG
1	39528983	369	AG
1	39529103	120	AG
1	39529111	8	GA
1	39529113	2	AG
1	39529695	582	TC
1	39533844	1633	CA
1	39534094	250	TC
1	39535098	890	GA
1	39540035	3454	CT
1	39542118	1607	TC
1	39542356	238	TC
1	39542598	242	TC
1	39543115	377	AG
1	39543960	845	AG
1	39544200	240	GA
1	39546265	1623	AT
1	39548638	2119	GA
1	39548992	354	GC
1	39549141	149	GA
1	39549999	858	TC
1	39554525	3068	CA
1	39555395	375	CT
1	39555413	18	AG
1	39556050	534	CA
1	39556055	5	CA
1	39556244	189	AG
1	39557053	809	CT
1	39557110	57	TC
1	39557262	152	GA
1	39557631	369	CT
1	39558150	82	TC
1	39558344	194	AG
1	39558621	249	AC
1	39558924	303	GC
1	39559045	121	CT
1	39559081	36	AG
1	39559092	11	GA
1	39559159	67	CT
1	39559660	501	GA
1	39560013	353	CT
1	39560207	194	GA
1	39560341	134	GA
1	39561146	318	CT
1	39561358	212	AG
1	39561501	143	TC
1	39561755	224	AC
1	39561756	1	TC
1	39562034	278	AG
1	39562063	29	CT
1	39562219	156	AT
1	39562398	179	TC
1	39562405	7	GA
1	39562717	312	AG
1	39563143	426	GA
1	39563371	228	CT
1	39563431	60	CT
1	39563435	4	AG
1	39563475	40	CG
1	39563490	15	AG
1	39563535	45	CT
1	39563706	171	CG
1	39563906	164	CG
1	39564184	278	CT
1	39564189	5	TC
1	39564268	79	CT
1	39564336	68	AG
1	39564410	74	GA
1	39564534	124	GC
1	39565141	574	GT
1	39565250	109	CT
1	39565309	59	AC
1	39565435	126	AG
1	39566143	682	AC
1	39566427	284	CT
1	39567558	712	TC
1	39567788	230	CT
1	39568034	246	AG
1	39568617	583	AT
1	39569094	477	GA
1	39569163	69	AG
1	39569188	25	GA
1	39569240	52	AG
1	39569603	324	GA
1	39569760	157	GA
1	39569822	62	AG
1	39570142	176	TC
1	39570145	3	AG
1	39570818	290	AG
1	39570869	51	TC
1	39570895	26	TA
1	39571059	164	GA
1	39571062	3	AT
1	39571106	44	AG
1	39571163	57	GA
1	39571179	16	CT
1	39571425	246	CT
1	39571900	475	AG
1	39572432	366	TA
1	39572880	448	GA
1	39573613	354	AG
1	39574116	244	GA
1	39574181	65	CT
1	39574429	248	GT
1	39574430	1	TA
1	39574924	349	GA
1	39575379	276	TC
1	39575470	91	GA
1	39575755	285	GT
1	39576031	276	GA
1	39576146	115	GA
1	39576299	153	GA
1	39576691	392	CG
1	39576949	174	GA
1	39577083	134	GA
1	39577259	176	TC
1	39577395	136	TC
1	39577557	162	GA
1	39577564	7	GA
1	39577673	71	AG
1	39577723	50	CA
1	39578159	436	CA
1	39578160	1	TC
1	39578164	4	CT
1	39578234	70	CA
1	39578816	582	AG
1	39579271	455	GA
1	39579310	39	TC
1	39579415	105	GA
1	39579531	116	AG
1	39579643	29	AG
1	39579655	12	GA
1	39582603	2375	GA
1	39582724	121	GA
1	39582983	259	TC
1	39585297	1872	CT
1	39586141	844	CA
1	39587008	745	AT
1	39587324	165	TC
1	39588374	954	TC
1	39588392	18	AG
1	39588597	135	GA
1	39588869	272	CT
1	39588941	72	GA
1	39588955	14	GC
1	39588991	36	CT
1	39588997	6	AG
1	39589267	270	TC
1	39590162	326	GC
1	39590497	335	AG
1	39590686	189	TA
1	39591105	372	AG
1	39591595	473	AG
1	39592055	460	TC
1	39592176	121	CA
1	39592242	66	TA
1	39592261	19	TG
1	39592263	2	GC
1	39592289	26	AG
1	39592294	5	TG
1	39592313	19	GA
1	39592716	150	AG
1	39593731	720	AC
1	39594255	524	AT
1	39594508	161	GA
1	39597199	416	TC
1	39598772	476	AG
1	39598865	93	CT
1	39598895	30	GA
1	39599989	1058	CT
1	39601664	644	AG
1	39603196	1510	CT
1	39603777	391	GA
1	39603970	193	CT
1	39605504	1432	CT
1	39605761	257	GA
1	39605916	96	CT
1	39605925	9	CG
1	39605963	38	CT
1	39606148	185	AC
1	39606216	68	CA
1	39606251	35	GA
1	39606553	236	CT
1	39608247	753	CG
1	39608337	90	AG
1	39608350	13	GA
1	39608503	153	CT
1	39608513	10	GA
1	39608961	385	GT
1	39609284	323	GA
1	39609370	86	GT
1	39609517	147	AT
1	39612603	1362	TC
1	39612798	195	AT
1	39613209	411	CT
1	39613979	397	GT
1	39615010	470	AC
1	39615322	312	AG
1	39615510	98	GA
1	39615718	208	GA
1	39616119	212	GA
1	39616195	76	GA
1	39617739	833	CT
1	39619193	587	CT
1	39619276	83	GA
1	39623220	2994	TC
1	39623912	692	AG
1	39624076	164	GA
1	39624210	134	AG
1	39624289	79	GC
1	39624477	188	CT
1	39624918	328	GT
1	39625088	170	AG
1	39625183	95	GA
1	39625247	64	AG
1	39626589	854	AG
1	39626594	5	CT
1	39626778	34	CT
1	39626797	19	TC
1	39626859	62	CT
1	39626893	34	GA
1	39628280	1387	TC
1	39629802	908	TC
1	39631073	596	CT
1	39631978	281	TC
1	39632272	294	TC
1	39632306	34	GA
1	39633745	1439	TA
1	39634325	415	AG
1	39634756	431	GC
1	39637271	1592	CA
1	39637371	100	GA
1	39638015	644	AG
1	39638434	419	TC
1	39638553	119	GA
1	39638667	114	TC
1	39639591	745	AG
1	39641092	1376	TC
1	39641332	58	AG
1	39642151	819	AT
1	39642319	168	CT
1	39642407	88	AG
1	39642423	16	GA
1	39642544	121	TC
1	39642756	212	GC
1	39643215	158	TA
1	39643556	341	CT
1	39643681	125	AG
1	39643986	305	CT
1	39644191	56	TC
1	39644245	54	CT
1	39644261	16	CT
1	39645263	546	AG
1	39645383	120	AG
1	39645421	38	CT
1	39645429	8	GC
1	39645561	132	TC
1	39645585	24	TC
1	39645677	92	GT
1	39645710	33	TC
1	39645726	16	AG
1	39645921	195	CT
1	39645972	51	CG
1	39645999	27	GA
1	39646296	204	CT
1	39663262	13992	GA
1	39663429	167	GA
1	39664429	532	TG
1	39664466	37	GA
1	39664481	15	CT
1	39664608	127	CT
1	39664638	30	CT
1	39665116	340	GA
1	39665361	216	GA
1	39665465	104	CT
1	39665470	5	GA
1	39665569	99	TC
1	39665726	157	GA
1	39665988	262	CT
1	39666065	77	GA
1	39666156	91	CT
1	39666212	56	GA
1	39666393	181	CT
1	39666545	152	TC
1	39666615	70	CT
1	39666671	56	CG
1	39666757	86	CT
1	39666792	35	GA
1	39666905	113	CT
1	39667211	146	TC
1	39667858	647	TC
1	39668138	280	AG
1	39668472	251	GA
1	39669284	249	TC
1	39669371	87	TG
1	39669564	193	CT
1	39671548	908	CG
1	39671923	375	AG
1	39671996	73	CG
1	39672051	55	CT
1	39672831	209	TG
1	39674532	1207	CT
1	39676285	1235	CG
1	39676493	208	AT
1	39676560	67	TC
1	39677122	288	CT
1	39677159	37	AG
1	39677186	27	GA
1	39677196	10	TC
1	39677644	448	AC
1	39678073	429	CA
1	39678156	83	GC
1	39678352	196	CA
1	39678424	72	CA
1	39679157	631	AG
1	39679369	155	GA
1	39679403	34	TC
1	39680677	651	GA
1	39680870	193	CT
1	39680902	32	GA
1	39681744	611	TC
1	39681912	118	CT
1	39682378	420	TA
1	39683042	664	AG
1	39683097	55	GC
1	39683256	159	AG
1	39683273	17	CT
1	39683347	74	CT
1	39683362	15	GA
1	39683363	1	CG
1	39683530	167	TC
1	39684155	272	CA
1	39684964	702	AG
1	39685729	378	AG
1	39687963	1024	AG
1	39692813	2609	CT
1	39693061	248	CT
1	39693661	504	GA
1	39693861	200	GA
1	39693920	59	GA
1	39696116	552	TC
1	39696566	450	CT
1	39696732	166	GA
1	39697267	535	GA
1	39697436	169	AG
1	39697610	62	CT
1	39698374	406	TA
1	39698376	2	AC
1	39698868	492	CT
1	39701391	1136	AG
1	39702459	951	GA
1	39703479	945	AG
1	39703543	64	TA
1	39703579	36	CT
1	39704259	103	TG
1	39704380	121	GA
1	39704455	75	TC
1	39704478	23	GT
1	39704662	184	CT
1	39705297	329	GA
1	39705403	106	AG
1	39705799	332	CG
1	39706074	164	TG
1	39706215	141	CT
1	39706328	113	CT
1	39706372	44	GA
1	39707199	497	GA
1	39708092	732	GA
1	39708512	351	GA
1	39708785	273	AT
1	39709455	670	AC
1	39710049	594	GC
1	39710064	15	GA
1	39710700	636	GA
1	39712310	1468	TC
1	39715076	2008	GA
1	39715234	158	CA
1	39715252	18	AG
1	39715319	67	GA
1	39715486	167	GC
1	39715837	176	AG
1	39715844	7	AC
1	39715857	13	GA
1	39715946	89	TA
1	39716078	132	CT
1	39716095	17	GC
1	39716115	20	CT
1	39716159	44	CT
1	39716248	89	TG
1	39716255	7	TC
1	39716271	16	TA
1	39716465	25	AG
1	39716505	40	AG
1	39716557	28	AG
1	39716738	181	GA
1	39716812	74	AG
1	39716854	42	GT
1	39717015	67	AG
1	39717101	86	GC
1	39717212	111	GA
1	39717285	73	CT
1	39717390	105	TC
1	39717567	177	TC
1	39718178	412	TC
1	39718533	330	TC
1	39718554	21	GA
1	39718566	12	GA
1	39718570	4	TC
1	39718607	37	GA
1	39718625	18	GA
1	39718863	238	AG
1	39719813	950	GA
1	39719922	109	TC
1	39719925	3	TC
1	39721648	1113	GA
1	39721819	171	CA
1	39722504	649	CT
1	39723844	1340	CT
1	39724203	326	CT
1	39724478	275	GA
1	39725686	1208	CG
1	39725971	285	TC
1	39726094	123	GA
1	39727187	597	CA
1	39727345	158	TC
1	39727401	56	AT
1	39727533	56	GT
1	39727545	12	TG
1	39727546	1	GA
1	39727935	389	AG
1	39728358	423	CA
1	39728675	317	TG
1	39729004	189	AG
1	39729053	49	GC
1	39729321	268	GC
1	39730363	895	TC
1	39730676	313	CT
1	39730686	10	CT
1	39730797	111	AG
1	39731553	535	TC
1	39733513	866	CT
1	39733569	56	GA
1	39734149	580	TC
1	39734195	46	TC
1	39734927	460	GC
1	39735445	518	GA
1	39736387	350	AG
1	39737709	1051	GA
1	39737936	227	GA
1	39738354	389	AG
1	39740913	1256	CT
1	39740942	29	GA
1	39741174	232	CT
1	39741214	40	GA
1	39741477	263	CT
1	39741813	336	CT
1	39741945	132	CG
1	39742243	264	CA
1	39742408	165	GA
1	39742655	247	CT
1	39743048	331	CT
1	39743350	302	CG
1	39743449	99	TC
1	39743674	225	GA
1	39743800	126	TC
1	39744092	292	GA
1	39744206	114	TG
1	39744212	6	TC
1	39744279	67	TC
1	39744528	249	GA
1	39744685	157	GA
1	39744930	245	CA
1	39745261	331	TC
1	39745372	111	CT
1	39745710	294	TC
1	39745946	236	AG
1	39746443	394	TG
1	39746782	231	AG
1	39747507	272	GA
1	39747596	89	TC
1	39747701	105	AG
1	39748446	657	AG
1	39749522	1076	GA
1	39749573	51	GA
1	39750009	390	GA
1	39750037	28	CT
1	39750104	67	GA
1	39750236	132	GA
1	39751063	734	AG
1	39751115	52	CT
1	39751165	50	CT
1	39751207	42	CA
1	39751301	94	CT
1	39754533	2404	CT
1	39757646	2613	TA
1	39759027	1080	AG
1	39759058	31	TG
1	39759115	57	CA
1	39760217	747	GA
1	39760339	122	TC
1	39760776	399	AT
1	39760819	43	GA
1	39761823	829	TC
1	39767293	4929	AG
1	39767802	345	GC
1	39769074	1272	AG
1	39769123	49	TC
1	39769448	325	AT
1	39770211	632	CT
1	39770261	50	AG
1	39770323	62	CT
1	39770470	147	GT
1	39770658	188	GC
1	39770823	165	CT
1	39771122	299	TC
1	39771210	88	CT
1	39771360	150	AG
1	39771409	49	CT
1	39771833	424	GA
1	39771858	25	CT
1	39772181	323	GC
1	39773410	978	AG
1	39773588	178	TC
1	39774510	859	GA
1	39775183	381	GA
1	39775472	289	CG
1	39776226	754	AG
1	39776435	209	AG
1	39777074	464	GC
1	39777117	43	TC
1	39777808	188	CT
1	39777809	1	GC
1	39778046	237	CA
1	39778120	74	GA
1	39778128	8	AG
1	39778181	53	GA
1	39778276	95	TC
1	39778299	23	GA
1	39778387	88	GA
1	39778550	163	CT
1	39778936	386	TC
1	39779184	248	AG
1	39779436	252	AG
1	39780796	853	GT
1	39780881	85	GA
1	39780928	47	CT
1	39781019	91	TC
1	39781093	74	AT
1	39781108	15	AG
1	39781184	76	TG
1	39781274	90	CA
1	39781842	568	CA
1	39786901	3228	GA
1	39786986	85	GA
1	39788150	458	CT
1	39788229	79	GT
1	39788529	300	CG
1	39789284	298	CT
1	39789705	211	AG
1	39789974	269	GT
1	39790138	164	AG
1	39790297	159	TC
1	39790420	123	GA
1	39790716	91	CT
1	39791016	238	CT
1	39791056	40	CT
1	39791144	88	GA
1	39791179	35	CG
1	39791249	70	AG
1	39791273	24	TC
1	39792563	563	AC
1	39794934	1296	TC
1	39796082	1148	CT
1	39796091	9	AG
1	39796310	219	CT
1	39796386	76	CT
1	39796413	27	TC
1	39796876	463	GT
1	39797953	771	GA
1	39797965	12	AG
1	39797998	33	CT
1	39798125	55	GT
1	39798385	260	GC
1	39798473	88	AC
1	39798573	100	CA
1	39798826	253	GC
1	39798978	152	TC
1	39799086	108	GA
1	39799374	288	GT
1	39799708	237	AG
1	39799918	149	TC
1	39800463	545	AG
1	39802210	1705	GA
1	39802222	12	CT
1	39802887	328	TC
1	39802948	61	CG
1	39803105	157	CT
1	39803226	121	AG
1	39803532	306	AC
1	39804481	860	AG
1	39804768	287	GA
1	39804864	96	TC
1	39805629	765	GA
1	39805814	185	GA
1	39805849	35	AG
1	39806605	756	CG
1	39806616	11	GA
1	39806650	34	GA
1	39806691	41	AG
1	39807578	597	AG
1	39808153	456	GC
1	39808419	266	GT
1	39808616	197	GA
1	39808876	260	TA
1	39809195	319	AG
1	39819780	7137	CT
1	39826203	5840	CT
1	39826520	317	CT
1	39826800	280	CT
1	39827315	139	AG
1	39827579	264	CT
1	39827761	28	AG
1	39828174	413	GA
1	39829364	1190	CT
1	39831273	1331	GA
1	39832299	527	CT
1	39832676	46	CA
1	39833076	214	GA
1	39833154	78	CG
1	39833167	13	GA
1	39833504	302	CG
1	39833810	230	AG
1	39833866	56	TC
1	39834166	300	CT
1	39834191	25	CT
1	39834285	94	GA
1	39834308	23	TC
1	39834373	65	TG
1	39834572	199	TG
1	39834605	33	CT
1	39834620	15	GA
1	39834687	67	AG
1	39834781	94	GA
1	39834969	93	TA
1	39834986	17	GA
1	39835064	78	GA
1	39835114	50	TC
1	39835188	74	CG
1	39835675	487	GA
1	39835794	119	TC
1	39836039	245	TC
1	39837205	406	TC
1	39837246	41	AG
1	39837714	248	TC
1	39837725	11	TA
1	39837761	36	TC
1	39838183	422	TC
1	39838500	317	CT
1	39838628	128	CT
1	39838809	181	AG
1	39839747	264	GA
1	39839860	113	GT
1	39839973	113	AG
1	39840397	424	GA
1	39841064	85	AG
1	39842566	1340	GA
1	39842583	17	CT
1	39842600	17	CT
1	39852823	8476	CT
1	39854549	886	GA
1	39856160	1558	TA
1	39857397	973	CT
1	39858370	719	TC
1	39861031	1250	GA
1	39861541	510	CT
1	39861573	32	CT
1	39862464	556	AG
1	39864385	1523	CT
1	39869541	3148	TC
1	39869883	315	CT
1	39871003	1120	GA
1	39871063	60	GA
1	39871088	25	AG
1	39871171	83	GA
1	39871211	40	TC
1	39871524	313	AT
1	39872848	484	CT
1	39873061	213	AG
1	39873636	209	TC
1	39874067	431	CT
1	39874147	80	CT
1	39874149	2	TC
1	39874401	190	AG
1	39874777	376	TC
1	39874797	20	GC
1	39876387	928	GA
1	39876617	189	GA
1	39880555	1988	CA
1	39880571	16	AC
1	39884213	1854	CG
1	39884615	314	CT
1	39884626	11	CT
1	39885087	461	GC
1	39885285	198	AG
1	39885322	37	GC
1	39885335	13	AT
1	39885393	58	TC
1	39885636	243	AG
1	39885651	15	CT
1	39885874	223	CT
1	39886725	576	AG
1	39886735	10	AT
1	39886759	24	TC
1	39886767	8	GA
1	39886890	123	AG
1	39886933	43	TG
1	39886937	4	AG
1	39886976	39	GC
1	39886983	7	GC
1	39886994	11	GA
1	39887072	78	TA
1	39887078	6	AG
1	39887085	7	TA
1	39887086	1	AG
1	39887140	54	GA
1	39887181	41	GC
1	39887193	12	GA
1	39887259	66	AG
1	39887305	46	AG
1	39887410	105	GA
1	39887433	23	CT
1	39887514	81	TC
1	39887721	207	GA
1	39888023	226	GA
1	39888694	457	CT
1	39890713	1076	GA
1	39890752	39	CT
1	39890753	1	GA
1	39890797	44	CT
1	39890807	10	CT
1	39890929	122	CT
1	39891143	214	GA
1	39891254	111	CT
1	39891368	114	TC
1	39891634	266	CT
1	39891873	239	GC
1	39892580	644	AG
1	39892877	179	AG
1	39892894	17	TC
1	39893035	141	CT
1	39897907	3512	AG
1	39900249	1149	TC
1	39903541	2272	CG
1	39906390	2289	TC
1	39907116	458	TA
1	39907400	284	GT
1	39907407	7	TA
1	39909456	1107	GA
1	39909882	278	AG
1	39909974	92	CT
1	39910056	82	AG
1	39910476	259	GA
1	39910482	6	TC
1	39911106	624	GT
1	39911414	308	GA
1	39911646	232	AG
1	39911745	99	TC
1	39912617	579	CT
1	39912705	88	GC
1	39915021	733	AG
1	39915167	146	AG
1	39915197	30	GC
1	39915233	36	GA
1	39915579	346	AG
1	39915585	6	GA
1	39915602	17	GA
1	39915609	7	CT
1	39916200	290	AG
1	39918765	1867	TC
1	39918793	28	CA
1	39919232	439	CG
1	39921283	1007	CT
1	39923356	2073	CT
1	39923405	49	CT
1	39923459	54	CT
1	39924143	684	AG
1	39924423	145	GA
1	39929304	1359	TC
1	39930063	672	GA
1	39930280	217	CT
1	39930308	28	AG
1	39931677	1096	AG
1	39934270	1962	AT
1	39934355	85	CT
1	39934367	12	AG
1	39934568	135	TA
1	39934571	3	CA
1	39934607	36	AG
1	39934651	44	GA
1	39934797	146	TG
1	39934799	2	AG
1	39934942	143	TC
1	39934966	24	TC
1	39935072	106	TC
1	39935094	22	GA
1	39935241	147	AT
1	39935542	171	GA
1	39935818	276	AG
1	39936127	309	GA
1	39936371	244	GA
1	39936709	338	TG
1	39937459	381	AG
1	39941192	2697	CT
1	39941202	10	CG
1	39944895	1955	AT
1	39945390	456	CT
1	39946198	808	AG
1	39946321	123	TC
1	39946960	639	CT
1	39947348	388	GA
1	39947508	160	TG
1	39949349	860	GC
1	39949383	34	AG
1	39949448	65	GA
1	39950832	1384	CA
1	39951117	262	TC
1	39952334	424	GA
1	39952778	386	GT
1	39953532	117	GA
1	39953533	1	GA
1	39956063	292	GA
1	39956086	23	TG
1	39956089	3	CT
1	39956130	41	AG
1	39956520	390	AG
1	39956870	350	AG
1	39956914	44	TC
1	39959917	692	AG
1	39961109	853	CT
1	39961607	58	TA
1	39961668	61	AG
1	39961763	95	CT
1	39961772	9	TC
1	39961797	25	AT
1	39961996	199	CG
1	39984017	14214	TC
1	39984118	101	AC
1	39984130	12	AG
1	39984250	120	CT
1	39984414	164	GA
1	39986361	1287	CT
1	39986391	30	TC
1	39997329	3641	TC
1	39997404	75	GA
1	39997521	117	GA
1	40005590	5590	AG
1	40006962	1102	CT
1	40011623	4311	CT
1	40013412	1049	GA
1	40016855	3322	CT
1	40021521	4178	GA
1	40022091	570	CT
1	40027078	4677	CT
1	40028347	1269	GA
1	40030319	1943	CG
1	40031575	1224	CT
1	40031856	281	GA
1	40035819	3831	CT
1	40044700	3108	CT
1	40044761	61	AG
1	40044849	88	CT
1	40045109	260	GA
1	40049149	2054	GA
1	40049454	305	AG
1	40049883	429	GA
1	40050050	167	GA
1	40050217	167	AG
1	40051415	1105	AG
1	40054536	3121	GC
1	40059454	2415	CT
1	40059489	35	GA
1	40059552	63	CT
1	40064394	551	GA
1	40064509	115	TC
1	40065890	1158	GA
1	40067150	802	CT
1	40068147	997	CA
1	40068398	251	GA
1	40069664	1266	GA
1	40069700	36	GA
1	40072364	2038	GC
1	40073289	925	CT
1	40075529	2240	CT
1	40076136	607	CT
1	40077655	446	AG
1	40080828	2683	AT
1	40081434	606	GC
1	40081548	114	TC
1	40081868	320	AT
1	40081869	1	TC
1	40082103	93	CT
1	40082118	15	CT
1	40082563	445	CG
1	40083063	500	CG
1	40083613	482	GA
1	40083970	318	CA
1	40084099	129	CG
1	40084211	112	CG
1	40085068	857	CT
1	40085087	19	TG
1	40085253	166	TC
1	40085311	58	AT
1	40085340	29	TC
1	40085397	57	GA
1	40085454	57	GA
1	40085844	390	TC
1	40085846	2	AG
1	40085890	44	GA
1	40086096	206	TC
1	40086316	220	AC
1	40086496	180	CT
1	40086927	431	GC
1	40086959	32	GC
1	40087874	915	TC
1	40088063	189	CA
1	40088076	13	CT
1	40088117	41	GC
1	40089921	1752	TC
1	40090570	570	TC
1	40090734	164	CT
1	40090743	9	TC
1	40091189	446	GA
1	40091952	763	CT
1	40092057	105	TC
1	40093489	1432	TA
1	40093566	77	AG
1	40095275	1709	GC
1	40139496	29345	CA
1	40139577	81	TA
1	40139989	412	AG
1	40140124	135	CT
1	40140758	22	CT
1	40143676	1950	GA
1	40145143	1294	CT
1	40145182	39	GA
1	40147356	1203	GA
1	40147694	338	AG
1	40147723	29	AG
1	40148959	1236	GA
1	40149199	240	CT
1	40149454	255	TC
1	40149572	118	TC
1	40150782	1210	TA
1	40151129	347	AC
1	40152030	901	CT
1	40152040	10	GA
1	40152186	146	GA
1	40152264	78	AG
1	40152487	223	CA
1	40152726	239	TC
1	40153383	657	AG
1	40153449	66	CT
1	40153623	174	GA
1	40153629	6	TC
1	40156202	2335	CA
1	40156620	418	AG
1	40156793	142	GA
1	40157743	541	TC
1	40157831	88	GA
1	40157869	38	AG
1	40158140	235	CT
1	40159618	1377	CT
1	40160064	446	GT
1	40160813	624	GA
1	40162563	1750	GC
1	40163709	872	CA
1	40164598	889	GA
1	40164978	380	CT
1	40165425	447	AC
1	40165467	42	CT
1	40166015	548	TG
1	40166341	326	AG
1	40167491	799	GA
1	40167568	77	GA
1	40169468	1862	TC
1	40169904	436	AG
1	40169950	46	TC
1	40170507	557	CA
1	40170510	3	CT
1	40171939	860	GA
1	40172004	65	CA
1	40172256	252	CA
1	40172531	275	AG
1	40172549	18	TC
1	40173124	575	CT
1	40173729	605	CG
1	40173946	217	CT
1	40173947	1	GA
1	40174182	235	AG
1	40174599	417	GC
1	40175778	1179	AT
1	40175819	41	GA
1	40176094	275	GC
1	40176121	27	CT
1	40177466	626	TC
1	40177789	323	GA
1	40178515	726	CT
1	40180107	1066	AT
1	40180171	64	CT
1	40180267	96	CT
1	40180664	90	GA
1	40180705	41	GT
1	40180717	12	CT
1	40180952	235	TC
1	40181158	206	TC
1	40181207	49	CT
1	40182552	1345	GA
1	40182593	41	CT
1	40182635	42	GA
1	40185340	1621	GA
1	40185528	188	TC
1	40187849	1561	CT
1	40188054	205	AG
1	40188231	177	GA
1	40191012	2261	TG
1	40191612	600	AG
1	40191825	213	AG
1	40192065	200	AG
1	40192695	441	TC
1	40192961	266	AG
1	40194009	178	TG
1	40194040	31	CT
1	40194156	116	GA
1	40195693	408	CT
1	40195923	163	TC
1	40195980	57	CG
1	40196002	22	AG
1	40196143	141	TC
1	40196194	51	GC
1	40196935	408	CA
1	40196978	43	CA
1	40196993	15	TC
1	40197079	86	CT
1	40199292	1525	GC
1	40199372	80	TA
1	40201936	935	GA
1	40202513	88	TC
1	40202967	302	AT
1	40203126	159	GA
1	40203749	235	AC
1	40203891	142	AG
1	40204139	248	TC
1	40204418	279	AG
1	40204516	98	GA
1	40205042	62	GA
1	40205951	349	GA
1	40205985	34	AG
1	40206453	468	AG
1	40206518	65	CT
1	40207325	349	CG
1	40207672	347	TC
1	40207771	99	AG
1	40208196	372	TC
1	40208464	268	TG
1	40208727	169	AG
1	40212117	324	AG
1	40213411	1248	GC
1	40213559	148	AG
1	40214214	566	TG
1	40214488	274	CT
1	40215448	871	GC
1	40215594	146	GA
1	40215657	63	GT
1	40215942	285	GT
1	40216689	668	CT
1	40217129	440	GC
1	40217378	249	GA
1	40217724	346	GA
1	40217820	96	CT
1	40218133	313	AG
1	40218157	24	TC
1	40218164	7	AG
1	40218445	281	GA
1	40218681	192	CT
1	40218833	152	CT
1	40219052	219	TC
1	40219150	98	GA
1	40219420	253	GA
1	40219602	182	CG
1	40219954	352	AG
1	40220070	116	GA
1	40220152	82	CT
1	40220618	466	GA
1	40220880	262	CT
1	40220918	38	TG
1	40220987	69	TG
1	40221289	302	AG
1	40221357	68	AG
1	40222189	832	AT
1	40222608	419	CT
1	40222667	59	AG
1	40223136	469	CT
1	40223137	1	GA
1	40223159	22	GA
1	40223235	76	GA
1	40224359	1124	GA
1	40225895	1536	AG
1	40226134	239	AG
1	40226349	215	CT
1	40226368	19	AG
1	40226554	186	AC
1	40226847	293	TC
1	40227046	199	TG
1	40227462	416	AG
1	40227877	415	TA
1	40228116	239	AG
1	40228118	2	CT
1	40228697	579	CT
1	40228766	69	CT
1	40228814	48	TG
1	40229087	273	GA
1	40229470	383	TC
1	40229531	61	TC
1	40229539	8	TC
1	40229567	28	TC
1	40229664	97	CA
1	40229986	322	CG
1	40230152	166	CT
1	40230174	22	CA
1	40230489	315	GA
1	40230616	127	CT
1	40230647	31	AG
1	40230739	92	CA
1	40230752	13	GA
1	40230905	153	AC
1	40230975	70	TC
1	40231240	265	TG
1	40231293	53	AG
1	40231937	86	AC
1	40232072	135	GA
1	40232173	101	CT
1	40232213	40	CA
1	40232376	163	CT
1	40232645	269	GA
1	40234076	496	CT
1	40234376	300	CT
1	40235052	332	CT
1	40235343	291	GA
1	40237192	1472	GA
1	40237794	602	CT
1	40237932	138	GA
1	40238435	503	CT
1	40239180	745	CT
1	40240396	755	GT
1	40240427	31	TC
1	40240519	92	GA
1	40241174	359	CA
1	40243428	277	CT
1	40243581	153	GA
1	40244116	535	GA
1	40244370	254	CA
1	40244374	4	CG
1	40244407	33	GA
1	40245215	808	GA
1	40245529	314	AG
1	40246840	1311	GA
1	40246910	70	GT
1	40246932	22	GA
1	40248121	1166	GC
1	40248165	44	CT
1	40248382	217	AG
1	40248838	334	GA
1	40248849	11	AG
1	40250164	249	TG
1	40252023	1757	TC
1	40253501	1430	CA
1	40256175	2618	CT
1	40256381	206	TG
1	40258518	2137	CT
1	40258794	276	CT
1	40259118	324	CT
1	40260499	1333	CT
1	40260923	397	AC
1	40261403	480	TC
1	40262167	764	GA
1	40265258	3091	GA
1	40266148	890	CT
1	40266956	808	CT
1	40268056	1100	GC
1	40268507	451	AC
1	40268841	334	GT
1	40269165	324	TA
1	40269508	343	GA
1	40270113	605	TC
1	40270396	283	GA
1	40272479	1925	CT
1	40276106	3054	GA
1	40312093	23892	AC
1	40313094	850	TC
1	40313827	703	TC
1	40319324	2498	AG
1	40319333	9	TC
1	40321857	1318	GA
1	40322097	240	TC
1	40322306	209	CT
1	40322327	21	GC
1	40322381	54	TC
1	40322608	227	CT
1	40322718	110	AG
1	40327842	732	AG
1	40328494	329	TA
1	40329307	444	GA
1	40329710	169	CA
1	40330937	426	AT
1	40334000	2706	CG
1	40334079	79	GT
1	40334630	551	AG
1	40336299	485	TC
1	40336946	647	CT
1	40336983	37	GA
1	40337075	92	AC
1	40338200	830	CG
1	40338282	82	CT
1	40338308	26	TC
1	40338519	211	TG
1	40338524	5	TC
1	40338986	383	AC
1	40339084	98	CT
1	40339127	43	GA
1	40339633	282	CG
1	40339919	286	TC
1	40340830	615	AG
1	40341522	119	TC
1	40343812	1816	AG
1	40344348	494	GT
1	40344566	218	TC
1	40344627	61	AG
1	40345126	255	AG
1	40345488	362	CA
1	40346472	984	CT
1	40346671	199	AG
1	40346686	15	TC
1	40346976	243	AG
1	40347103	127	CG
1	40347197	94	CT
1	40349974	2206	AG
1	40350287	313	AC
1	40352208	1664	AG
1	40352278	70	CG
1	40353741	1427	GA
1	40356129	2355	TC
1	40356613	484	GA
1	40357799	978	AG
1	40357876	77	GA
1	40361995	4084	CT
1	40363450	1126	GC
1	40365690	2240	CT
1	40367497	1460	CG
1	40368854	1357	CT
1	40368858	4	CT
1	40369080	222	TC
1	40385235	6595	TC
1	40385379	144	TC
1	40385412	33	CA
1	40385510	9	GA
1	40385940	230	GA
1	40386223	283	AG
1	40386274	51	TC
1	40386373	99	GA
1	40386565	192	GC
1	40391297	3313	AG
1	40393869	2572	GA
1	40393892	23	TA
1	40393895	3	TG
1	40393915	20	TG
1	40394443	528	TC
1	40394899	456	TG
1	40395244	345	AG
1	40399742	1966	GA
1	40399767	25	TC
1	40400041	158	AG
1	40402289	906	AG
1	40402293	4	CT
1	40402926	633	GC
1	40403646	720	CT
1	40403681	35	AG
1	40403698	17	TC
1	40403763	65	AT
1	40403851	88	AG
1	40403933	82	TC
1	40403975	42	AT
1	40404386	411	TG
1	40404673	287	TG
1	40404720	47	TG
1	40405029	309	AG
1	40405224	195	AG
1	40405251	27	AG
1	40405474	223	AG
1	40405564	90	AG
1	40405589	25	TC
1	40406112	523	TG
1	40410287	2884	CT
1	40418366	4246	CT
1	40418697	331	AG
1	40419325	628	AG
1	40419392	67	AG
1	40419452	60	AG
1	40419614	162	CG
1	40419822	208	TC
1	40420467	158	TC
1	40420575	108	CT
1	40420598	23	GA
1	40420621	23	GC
1	40420670	49	GA
1	40421570	361	CA
1	40421667	97	TG
1	40421731	64	GT
1	40421741	10	TC
1	40421759	18	GA
1	40422262	503	AG
1	40422393	131	AG
1	40422440	47	TC
1	40422492	52	TC
1	40422508	16	GC
1	40422536	28	GA
1	40422585	49	AG
1	40424038	458	GA
1	40424843	685	CT
1	40425657	814	GA
1	40435079	5087	AG
1	40445184	8581	AC
1	40446769	1585	GA
1	40448187	1398	GA
1	40449498	1286	TC
1	40449735	237	GA
1	40453184	2978	GA
1	40454992	1808	CA
1	40456193	1201	CT
1	40456241	48	GA
1	40456617	376	AG
1	40458148	1494	GC
1	40458406	258	CT
1	40459736	1330	TA
1	40459739	3	GT
1	40460344	605	AG
1	40460359	15	CT
1	40460766	39	GA
1	40461210	444	GC
1	40461346	136	AG
1	40461724	378	AG
1	40461829	105	GA
1	40462858	776	GA
1	40465055	2041	AG
1	40465223	94	GA
1	40465297	74	CT
1	40465606	309	CT
1	40465686	80	CT
1	40465700	14	AG
1	40465795	95	TC
1	40465856	61	CT
1	40465949	93	GA
1	40466002	53	CT
1	40466069	67	TC
1	40466070	1	CA
1	40466662	410	AG
1	40466701	39	AG
1	40467434	733	AG
1	40467554	120	GA
1	40467698	144	GA
1	40467739	41	GC
1	40467891	152	AC
1	40468124	233	GA
1	40468128	4	TC
1	40468170	42	CT
1	40468320	150	CA
1	40468361	41	CT
1	40468609	248	TC
1	40468772	30	CT
1	40469091	319	GC
1	40469267	176	CT
1	40470125	858	CG
1	40470359	234	CT
1	40470544	185	CG
1	40470964	420	CT
1	40471318	354	TC
1	40471507	189	TC
1	40471541	34	CT
1	40471763	222	CT
1	40471893	130	GT
1	40472056	163	AG
1	40472405	349	AG
1	40472478	73	CA
1	40472796	318	GT
1	40473424	155	CT
1	40473621	197	TC
1	40473685	64	TC
1	40473731	46	AG
1	40474041	310	CT
1	40474053	12	GA
1	40474264	211	AT
1	40474280	16	GA
1	40474355	75	GA
1	40474529	174	TC
1	40475093	564	GA
1	40475152	59	GA
1	40475363	211	AG
1	40475390	27	GA
1	40475420	30	TC
1	40475591	171	GA
1	40475752	161	GA
1	40475956	204	AG
1	40476110	154	AC
1	40476149	39	GA
1	40476505	356	CT
1	40476627	122	CT
1	40480238	2710	CA
1	40480337	99	CT
1	40480716	379	CA
1	40481524	326	GA
1	40482983	902	CT
1	40483304	321	GA
1	40484444	439	TC
1	40484904	460	TC
1	40485042	138	AG
1	40485047	5	GC
1	40486123	546	CT
1	40486292	169	CT
1	40486487	195	AT
1	40487368	330	TC
1	40487385	17	CT
1	40488470	368	TC
1	40489457	531	AG
1	40489608	117	CG
1	40489863	255	TC
1	40490347	484	GA
1	40491639	658	AG
1	40491679	40	AG
1	40492596	843	GC
1	40492996	317	GA
1	40493397	401	GA
1	40493461	64	AG
1	40495235	757	TC
1	40495680	445	GC
1	40495755	75	AG
1	40496380	290	CT
1	40496783	403	AT
1	40496907	124	TC
1	40496928	21	TC
1	40496965	37	GC
1	40497169	178	GA
1	40497825	656	AC
1	40499559	1135	TC
1	40504000	3482	GC
1	40504542	341	GA
1	40504990	448	GA
1	40505092	102	CG
1	40507357	2034	CT
1	40507858	276	AG
1	40507888	30	AG
1	40508859	576	AC
1	40511376	1607	GA
1	40512000	624	TC
1	40512094	94	GA
1	40514584	1010	AG
1	40515118	534	GA
1	40515234	116	GT
1	40515788	288	GA
1	40516230	442	CT
1	40516911	608	CT
1	40517122	211	GA
1	40520224	3046	TC
1	40520388	164	AG
1	40520553	165	CT
1	40520605	52	TC
1	40520607	2	CT
1	40521629	1022	GA
1	40521711	82	AC
1	40522178	434	AG
1	40522557	314	TC
1	40522576	19	GA
1	40523546	942	GA
1	40523606	60	TA
1	40523858	252	AG
1	40524873	941	CA
1	40525058	185	CG
1	40525430	372	TC
1	40525540	110	GA
1	40526189	649	CG
1	40526493	304	GA
1	40526678	185	GA
1	40526682	4	TC
1	40527954	1243	GA
1	40530239	2252	GA
1	40530242	3	TC
1	40530283	41	TC
1	40532496	1580	CT
1	40532533	37	GA
1	40532636	103	GA
1	40532649	13	CT
1	40534024	1139	GA
1	40534027	3	CT
1	40534165	138	TC
1	40534255	90	TG
1	40534990	709	CG
1	40535889	899	AG
1	40535909	20	TC
1	40536407	498	CT
1	40536511	104	CT
1	40536719	208	AG
1	40536824	105	AG
1	40536858	34	CT
1	40537591	733	TA
1	40537690	99	GA
1	40538281	430	TG
1	40538466	120	GC
1	40539111	503	CT
1	40539118	7	TC
1	40539130	12	CT
1	40540082	952	CT
1	40540653	571	TC
1	40545126	3800	GA
1	40545250	124	TC
1	40546244	965	GA
1	40547325	747	TC
1	40547533	208	GC
1	40547910	307	CG
1	40548050	140	TC
1	40550573	1132	GA
1	40550602	29	GC
1	40551428	564	GA
1	40551771	343	AG
1	40553045	999	AG
1	40553336	182	AG
1	40554640	1223	CT
1	40562573	4448	CT
1	40563765	1192	GT
1	40584027	17147	CT
1	40591701	7250	GA
1	40600572	6525	GA
1	40627275	13055	CA
1	40627316	41	GA
1	40627318	2	CG
1	40627547	229	CT
1	40627959	412	TC
1	40627989	30	CT
1	40628124	135	CT
1	40628302	178	GA
1	40629481	1179	GA
1	40629488	7	AG
1	40629553	65	TC
1	40629580	27	GA
1	40629585	5	GA
1	40632581	1812	AC
1	40632709	128	GA
1	40633001	292	CT
1	40633501	158	TC
1	40633503	2	GA
1	40634263	98	GT
1	40634449	186	TC
1	40634465	16	AG
1	40634471	6	TC
1	40634751	280	AG
1	40635030	279	CA
1	40635686	656	GA
1	40636561	298	GA
1	40636763	202	AT
1	40637531	370	CG
1	40637735	204	TC
1	40638189	413	TC
1	40638408	219	GT
1	40638423	15	CG
1	40638432	9	AG
1	40638527	95	GC
1	40638533	6	AG
1	40638550	17	GA
1	40639470	811	CT
1	40639585	115	AC
1	40639684	99	AG
1	40640017	24	TG
1	40640027	10	TC
1	40640127	100	GA
1	40640302	175	TC
1	40640311	9	CG
1	40640445	134	AC
1	40640451	6	CT
1	40640455	4	TC
1	40640556	101	CA
1	40640712	156	CT
1	40640719	7	AG
1	40641204	485	CT
1	40641222	18	AG
1	40641358	136	CT
1	40641372	14	AG
1	40641511	139	CA
1	40641528	17	CT
1	40641719	80	TC
1	40641762	43	CT
1	40642139	63	TA
1	40642242	103	TA
1	40642449	207	AG
1	40642481	32	AG
1	40642643	162	GA
1	40642661	18	AG
1	40643697	916	GT
1	40643781	84	GC
1	40644564	783	GA
1	40644614	50	CT
1	40644865	251	TC
1	40644897	32	CT
1	40644925	28	GA
1	40645429	144	TA
1	40649839	1128	AG
1	40653295	2784	CT
1	40668719	8747	GA
1	40669268	509	CT
1	40670012	744	CT
1	40670671	659	GT
1	40673099	2428	GA
1	40673442	343	CT
1	40674207	765	CT
1	40676611	2184	AG
1	40679476	2827	CT
1	40685035	4581	TC
1	40689543	4038	CT
1	40690385	842	AC
1	40691494	1081	GA
1	40694458	1513	CT
1	40695078	620	GA
1	40695158	80	CT
1	40695709	551	CA
1	40696078	369	TC
1	40697389	1176	CA
1	40697833	444	CG
1	40698547	714	CG
1	40702502	3852	GA
1	40704636	2095	AG
1	40707876	2407	GA
1	40709751	1808	GC
1	40710545	155	TC
1	40712578	1303	GC
1	40712724	146	GT
1	40713332	543	TC
1	40713913	581	AC
1	40713985	72	CA
1	40714529	544	CT
1	40716581	1903	CG
1	40719187	2549	AG
1	40719346	159	TA
1	40719392	46	TG
1	40720555	1078	AC
1	40720598	43	GT
1	40733008	8117	CG
1	40735712	847	TC
1	40737650	1306	GA
1	40739366	584	AC
1	40741376	593	GA
1	40750320	3862	GA
1	40750358	38	AC
1	40750494	136	AG
1	40752567	678	CG
1	40753718	579	CT
1	40753734	16	AG
1	40754189	455	CT
1	40755256	338	CT
1	40759134	721	GC
1	40759804	125	GT
1	40759855	51	TC
1	40760784	612	GC
1	40762410	817	TA
1	40762561	151	TC
1	40763485	434	CT
1	40763533	48	GC
1	40764278	745	GA
1	40764541	263	AC
1	40766152	1143	TG
1	40766383	231	GA
1	40767664	292	CT
1	40772808	3142	GA
1	40776976	2510	GA
1	40777023	47	GC
1	40778500	1436	CT
1	40778553	53	CT
1	40781742	1639	GA
1	40781774	32	GA
1	40781977	203	GC
1	40782038	61	CT
1	40782241	203	CT
1	40782243	2	CT
1	40782443	200	CA
1	40782503	60	CT
1	40783126	112	GA
1	40783456	330	GA
1	40784568	165	CG
1	40784853	285	GC
1	40785773	353	CT
1	40785830	57	AG
1	40785999	140	TC
1	40786704	635	AG
1	40786725	21	TC
1	40787637	427	TC
1	40787749	112	CG
1	40787782	33	CT
1	40787783	1	AG
1	40787790	7	GA
1	40787834	44	GA
1	40787907	73	TC
1	40788484	369	GA
1	40788592	108	AG
1	40788630	38	CT
1	40788873	243	AG
1	40788995	122	CT
1	40789160	165	TC
1	40789757	597	TC
1	40789796	39	GC
1	40789841	45	CT
1	40790051	210	TC
1	40792351	2300	CT
1	40793033	682	TA
1	40793712	679	AG
1	40794271	522	CA
1	40794276	5	GA
1	40794772	277	GC
1	40795017	216	GA
1	40795038	21	AG
1	40796161	1073	CG
1	40796306	94	AC
1	40797014	596	AC
1	40797441	280	CT
1	40797574	133	TC
1	40797650	76	CG
1	40798295	645	CT
1	40798531	236	CT
1	40798645	114	GA
1	40798839	194	GC
1	40798847	8	CA
1	40799152	305	GA
1	40799310	125	CG
1	40799455	145	GA
1	40799471	16	AG
1	40799672	201	GA
1	40800443	674	GA
1	40800654	211	CT
1	40801018	364	AG
1	40801128	110	GA
1	40801421	293	AT
1	40801425	4	AG
1	40801426	1	AG
1	40801493	67	CT
1	40802056	531	AG
1	40802392	336	TC
1	40803197	371	CT
1	40803321	124	TC
1	40804170	669	AG
1	40804191	21	AG
1	40804500	309	CT
1	40804703	203	CT
1	40805346	643	AG
1	40806998	1405	GA
1	40807096	98	CT
1	40807397	301	CA
1	40807479	82	GA
1	40807617	138	GA
1	40808111	494	CT
1	40808135	24	GA
1	40809057	601	TC
1	40809772	467	GA
1	40809813	41	GA
1	40810670	857	GA
1	40811741	1071	AC
1	40812321	580	GA
1	40812765	444	GA
1	40813145	380	GA
1	40813209	64	AT
1	40813294	85	GA
1	40813304	10	GA
1	40813386	82	AG
1	40815997	986	CA
1	40816430	175	GA
1	40816495	65	GA
1	40816815	320	CT
1	40816837	22	GA
1	40817212	375	GA
1	40817806	594	TC
1	40818758	910	GA
1	40818956	198	TA
1	40819343	356	GA
1	40821322	1873	AG
1	40821626	304	GA
1	40824378	1998	AG
1	40824535	157	TA
1	40824620	85	TC
1	40825172	301	AG
1	40826575	832	CT
1	40826580	5	CT
1	40826876	296	AG
1	40826914	38	TG
1	40826917	3	TC
1	40826930	13	AG
1	40827573	602	GA
1	40828133	560	GA
1	40828269	136	GA
1	40828335	66	AG
1	40828716	128	GA
1	40828814	98	GA
1	40829225	246	GA
1	40829780	555	GA
1	40829840	60	CT
1	40830024	184	CG
1	40830214	162	GA
1	40830329	115	CT
1	40831317	667	TC
1	40831345	28	GA
1	40831378	33	CT
1	40831459	81	CG
1	40831772	92	CA
1	40831953	181	GC
1	40832049	96	GA
1	40832059	10	CT
1	40832209	150	CT
1	40832233	24	TC
1	40832312	79	GA
1	40832316	4	TC
1	40832334	18	GA
1	40832705	333	CA
1	40832815	110	GA
1	40832820	5	GT
1	40832863	43	CT
1	40832878	15	GA
1	40832887	9	GT
1	40833046	159	GT
1	40833200	154	AG
1	40833324	124	TA
1	40833678	123	GA
1	40834008	330	CT
1	40834559	551	GA
1	40834666	107	TC
1	40834722	56	GA
1	40834813	91	GA
1	40835251	438	TC
1	40835312	61	TC
1	40835408	96	CT
1	40836351	773	GA
1	40836484	133	CG
1	40836698	214	AG
1	40836803	105	CT
1	40837053	250	CT
1	40837236	183	GT
1	40837610	331	GT
1	40837662	52	CT
1	40837784	122	GT
1	40837847	63	GA
1	40837972	125	AG
1	40837980	8	GC
1	40838187	207	GA
1	40838197	10	AG
1	40838333	136	GA
1	40838351	18	TC
1	40838593	242	CT
1	40838886	293	TC
1	40838904	18	TC
1	40838988	84	GA
1	40838990	2	TC
1	40839507	253	AG
1	40839723	216	CG
1	40840238	515	CT
1	40840753	515	GA
1	40841079	326	CT
1	40850204	4909	TG
1	40850522	318	TC
1	40852079	1344	AG
1	40852327	248	CG
1	40852382	55	AG
1	40852406	24	CT
1	40852899	450	GA
1	40852963	64	GA
1	40853999	399	GC
1	40854076	77	TG
1	40854284	208	CT
1	40854298	14	GT
1	40854304	6	CG
1	40854582	278	GC
1	40854620	38	GA
1	40854740	120	TC
1	40855354	344	GA
1	40855667	313	TC
1	40856439	772	CG
1	40856597	158	CT
1	40856656	59	CT
1	40856917	261	AG
1	40857890	798	CT
1	40857986	96	TC
1	40858287	301	GA
1	40858409	122	GA
1	40858564	155	CT
1	40858642	78	CT
1	40860224	1445	AT
1	40862133	1231	AG
1	40863305	1172	CT
1	40866157	511	CA
1	40869769	2730	GT
1	40871613	818	AG
1	40871687	74	CT
1	40871719	32	AG
1	40872111	392	TA
1	40872351	145	GA
1	40872854	89	GA
1	40873462	120	AG
1	40873502	40	AC
1	40873563	61	CG
1	40873612	49	GT
1	40873932	182	AC
1	40874644	712	GA
1	40874776	132	GT
1	40874793	17	TC
1	40874987	194	CT
1	40875188	157	CT
1	40875387	199	AC
1	40876070	249	GA
1	40877008	332	CT
1	40877010	2	GA
1	40877218	208	CT
1	40877345	127	CA
1	40879152	940	CT
1	40879153	1	AG
1	40879791	88	TC
1	40879816	25	CT
1	40879848	32	TC
1	40879985	51	GC
1	40881292	317	AG
1	40881721	259	CT
1	40881932	211	TC
1	40882330	398	CT
1	40882333	3	AG
1	40882890	339	GC
1	40883045	155	AG
1	40883719	138	AG
1	40884276	283	CT
1	40884813	512	GC
1	40884950	137	TC
1	40885382	406	GA
1	40885539	157	CT
1	40886232	50	AG
1	40886427	50	CT
1	40886911	188	TC
1	40887262	351	CG
1	40887465	203	GA
1	40887507	42	CT
1	40887534	27	CT
1	40887630	96	AC
1	40887867	237	GA
1	40888188	321	GA
1	40889066	878	CT
1	40889313	59	CT
1	40890965	247	GA
1	40891066	101	AG
1	40891746	470	CT
1	40891916	170	GA
1	40892487	571	GA
1	40892609	122	CG
1	40896378	1715	AG
1	40896506	128	TC
1	40896927	421	CT
1	40898259	444	CT
1	40898313	54	AG
1	40900818	1542	GA
1	40902057	517	GC
1	40902525	441	GA
1	40902582	57	AG
1	40902638	56	TC
1	40902653	15	TG
1	40902660	7	TA
1	40902720	60	AG
1	40902833	113	GA
1	40902849	16	CT
1	40903254	405	AG
1	40903295	41	GC
1	40904270	276	AG
1	40904286	16	AC
1	40907651	2888	TA
1	40908526	492	AG
1	40909312	212	TG
1	40909424	112	TC
1	40909510	86	GC
1	40909541	31	AG
1	40910568	247	GT
1	40910637	69	CT
1	40910849	212	TC
1	40911032	183	CA
1	40912908	284	CT
1	40913582	674	TC
1	40913628	46	AG
1	40913715	87	GA
1	40913807	92	CT
1	40913811	4	AG
1	40913816	5	CT
1	40914251	435	GA
1	40914268	17	GA
1	40914881	613	AG
1	40915029	148	CT
1	40915053	24	TA
1	40915356	228	CT
1	40915826	119	GA
1	40915983	157	GC
1	40916404	421	AG
1	40916676	272	AG
1	40917016	340	GC
1	40919940	2300	CT
1	40921561	974	CT
1	40923405	1384	GA
1	40923541	136	GA
1	40924541	473	CT
1	40924549	8	AG
1	40925054	505	GA
1	40928752	2754	GA
1	40928924	172	TC
1	40929278	354	CT
1	40929389	111	CT
1	40929825	254	TC
1	40930204	379	GA
1	40930444	240	TC
1	40930910	466	GC
1	40931031	121	AG
1	40931410	379	GA
1	40931436	26	TC
1	40932038	259	CT
1	40932403	365	GA
1	40932506	103	TG
1	40932835	329	AG
1	40933052	217	CA
1	40933064	12	CT
1	40933068	4	CT
1	40933390	322	GA
1	40933393	3	GA
1	40933492	99	CT
1	40934935	672	AT
1	40935304	369	GA
1	40935317	13	AG
1	40935376	59	TC
1	40935431	55	AG
1	40935524	93	AG
1	40943355	4616	GC
1	40946004	1878	GC
1	40946256	252	GA
1	40946863	549	AG
1	40947510	257	AG
1	40947698	188	AT
1	40949395	1554	GC
1	40953160	2321	TC
1	40955079	1201	GA
1	40956655	1006	GT
1	40962834	5411	TG
1	40964864	2030	GA
1	40965208	344	TC
1	40987535	14980	CT
1	40987537	2	TG
1	40987560	23	GA
1	40987769	209	GA
1	40987798	29	GA
1	40987832	34	AC
1	40987837	5	TC
1	40987864	27	AG
1	40988164	300	TC
1	40988220	56	AG
1	40988619	399	TC
1	40989198	303	CT
1	40993603	3257	CG
1	40995194	1591	AG
1	40996184	815	GC
1	40999296	2632	GA
1	40999762	446	CT
1	41000678	916	TC
1	41001845	1146	TC
1	41004544	2327	GT
1	41009638	3188	GT
1	41011099	848	GA
1	41012582	706	CG
1	41013039	457	CT
1	41014221	1182	TG
1	41014629	408	CT
1	41015043	414	TC
1	41017950	2243	AG
1	41021623	1617	GA
1	41021709	86	CT
1	41022219	510	AT
1	41022866	326	GA
1	41026684	3208	CA
1	41026994	310	AC
1	41027673	679	GA
1	41027769	96	CT
1	41027994	200	GA
1	41028193	199	GC
1	41030418	2040	AG
1	41030456	38	CT
1	41030575	119	TC
1	41032507	1604	CT
1	41032775	268	TC
1	41033310	535	AG
1	41033777	467	GA
1	41033803	26	GA
1	41033919	116	CT
1	41034041	122	CT
1	41034097	56	AG
1	41034577	480	TC
1	41034847	270	GA
1	41035148	301	AG
1	41035447	299	TC
1	41035658	211	CT
1	41035665	7	GC
1	41035683	18	CG
1	41035719	36	CG
1	41036000	281	CA
1	41036289	289	GT
1	41036618	329	CT
1	41037098	480	GC
1	41037189	91	CT
1	41038821	991	GA
1	41039006	185	TC
1	41039104	98	CT
1	41039464	325	CT
1	41040104	640	AG
1	41040241	94	GA
1	41040476	235	GT
1	41041684	555	CT
1	41042186	251	CT
1	41042380	194	GA
1	41042564	184	CT
1	41042671	107	AG
1	41042715	44	GA
1	41043019	304	CT
1	41043263	244	CT
1	41043983	239	GA
1	41044164	181	AG
1	41044284	120	TC
1	41044346	62	GA
1	41044557	211	GA
1	41044592	35	GA
1	41044809	217	CG
1	41045671	586	CT
1	41046029	172	AG
1	41046071	42	CT
1	41046515	408	CA
1	41046559	44	GA
1	41046695	136	AG
1	41046845	150	CT
1	41046925	80	CT
1	41046946	21	TC
1	41047070	124	CG
1	41047077	7	CT
1	41047222	145	GA
1	41047240	18	GC
1	41047368	128	AG
1	41047619	251	GA
1	41047668	49	TC
1	41047681	13	GA
1	41047711	30	GC
1	41047714	3	CT
1	41047728	14	GA
1	41047775	47	CT
1	41047776	1	AG
1	41047778	2	CT
1	41047814	36	TC
1	41047891	77	TC
1	41048094	203	GA
1	41048190	96	AG
1	41048249	59	AC
1	41048286	37	GA
1	41048304	18	TG
1	41049044	471	TC
1	41049055	11	AG
1	41049059	4	CT
1	41049064	5	CT
1	41049108	44	CT
1	41049904	448	GA
1	41049920	16	CT
1	41049925	5	AG
1	41050118	193	CT
1	41050157	39	CG
1	41050276	119	TG
1	41050390	114	GA
1	41050441	51	TG
1	41051130	639	CT
1	41051219	56	TC
1	41051275	56	TG
1	41051400	125	GA
1	41051531	131	CG
1	41051782	251	GA
1	41051988	206	AG
1	41052111	123	AG
1	41052121	10	TC
1	41052354	233	GA
1	41052540	186	AC
1	41052562	22	GA
1	41052564	2	TA
1	41052769	205	GA
1	41052840	71	CT
1	41053202	362	AG
1	41053283	81	AG
1	41053541	258	AG
1	41053569	28	AG
1	41053632	63	AG
1	41053644	12	AG
1	41053733	89	CT
1	41053876	143	GA
1	41053877	1	GA
1	41054026	149	CT
1	41054048	22	CT
1	41054098	50	GA
1	41054219	121	AG
1	41054265	46	AC
1	41054290	25	CT
1	41054377	87	GA
1	41054383	6	GA
1	41054409	26	AG
1	41054612	203	TC
1	41054628	16	GA
1	41054656	28	AG
1	41054814	158	CT
1	41054868	54	TC
1	41054982	114	AG
1	41054991	9	CT
1	41055024	33	CA
1	41055025	1	TG
1	41055040	15	TC
1	41055234	194	CT
1	41055296	62	TA
1	41055304	8	GA
1	41055312	8	GA
1	41055542	87	TC
1	41055752	210	GA
1	41055801	49	AG
1	41056095	219	CT
1	41056100	5	TC
1	41057144	585	CT
1	41057562	127	GA
1	41057692	130	GA
1	41057763	71	TG
1	41057991	228	TC
1	41058032	41	TC
1	41058054	22	GA
1	41058074	20	GC
1	41058099	25	CG
1	41058197	98	AG
1	41058344	147	TC
1	41058420	76	TC
1	41058426	6	GC
1	41058432	6	AG
1	41058447	15	TC
1	41058643	196	GA
1	41058753	110	AG
1	41059108	355	GC
1	41059496	388	CA
1	41059541	45	CT
1	41059698	157	GA
1	41059903	205	CT
1	41059919	16	GC
1	41059942	23	CT
1	41060207	265	CT
1	41060251	44	GC
1	41060566	217	GA
1	41060587	21	GA
1	41062533	1525	AG
1	41062571	38	TC
1	41062660	89	GA
1	41064010	471	GA
1	41064101	91	TC
1	41064184	83	TC
1	41064633	174	CT
1	41064634	1	GC
1	41064661	27	CA
1	41064682	21	CG
1	41064722	40	CT
1	41064726	4	CT
1	41064779	53	CT
1	41064919	140	GT
1	41065443	255	TC
1	41065459	16	CT
1	41065500	41	AG
1	41066059	463	GT
1	41066679	620	CT
1	41067023	143	TC
1	41067048	25	CG
1	41067231	183	TC
1	41067292	61	GA
1	41068840	1445	GA
1	41068880	40	TC
1	41072828	2934	CT
1	41074012	520	CT
1	41077446	3249	AG
1	41078343	897	GC
1	41078728	385	TC
1	41079040	312	CA
1	41080272	1169	GC
1	41080667	395	GT
1	41081630	963	AG
1	41081651	21	TC
1	41081660	9	GA
1	41083193	1365	TC
1	41083206	13	CT
1	41083380	174	CG
1	41083482	102	GA
1	41083968	238	CT
1	41086093	1189	GA
1	41086990	897	TC
1	41087049	59	CT
1	41087198	149	TC
1	41087222	24	GA
1	41087289	67	GA
1	41087329	40	CT
1	41087332	3	AG
1	41087480	148	TC
1	41087547	67	CT
1	41087827	214	AG
1	41087830	3	GA
1	41087902	72	CT
1	41087954	52	AG
1	41088962	1008	GA
1	41088973	11	CG
1	41089790	608	CT
1	41090111	321	CT
1	41090515	404	GA
1	41092337	1780	GA
1	41092718	381	CA
1	41093876	1158	CT
1	41096311	1917	GA
1	41097234	923	GA
1	41097758	524	CT
1	41099850	1625	GA
1	41099882	32	CG
1	41100114	232	CT
1	41100372	258	AG
1	41101817	1412	AG
1	41102447	630	CT
1	41103696	774	CT
1	41112871	3948	CT
1	41116591	2799	GA
1	41117210	619	CT
1	41119188	1745	CG
1	41119389	201	GA
1	41119886	497	GC
1	41126534	5670	GA
1	41128260	842	TC
1	41129272	602	AG
1	41130000	456	CT
1	41133806	3575	CG
1	41134984	1178	AG
1	41135285	301	TC
1	41136243	958	CT
1	41137724	1481	CT
1	41138173	449	GC
1	41138351	178	AG
1	41138438	87	GA
1	41139061	623	GA
1	41139721	660	CT
1	41139778	57	GC
1	41139882	104	TC
1	41141010	1099	AG
1	41143356	2117	GA
1	41143690	334	GA
1	41145205	969	AG
1	41145587	382	CT
1	41145599	12	TC
1	41147648	1595	GA
1	41147954	306	GA
1	41148307	353	AG
1	41148359	52	AG
1	41148589	197	AG
1	41148761	172	TC
1	41148771	10	CA
1	41149046	275	CT
1	41149309	263	CG
1	41149312	3	CT
1	41149321	9	TC
1	41149368	47	AC
1	41149720	352	TC
1	41149976	256	CT
1	41151557	1581	TC
1	41152320	340	TC
1	41152620	300	CT
1	41152936	316	GA
1	41154531	1554	CG
1	41155317	518	CT
1	41155340	23	CT
1	41157402	1684	CT
1	41157428	26	CT
1	41164128	6254	CT
1	41164152	24	CA
1	41164608	170	GA
1	41164676	68	GA
1	41164836	160	CT
1	41165682	580	AG
1	41165843	161	CT
1	41166442	599	CT
1	41166829	387	CT
1	41167700	871	CT
1	41167932	232	CG
1	41168018	86	CT
1	41168072	54	GA
1	41168407	264	CT
1	41169909	1444	GT
1	41170867	934	GA
1	41172290	1265	GA
1	41174070	1780	GA
1	41174380	242	GA
1	41174434	54	GT
1	41174512	78	CT
1	41174779	267	CT
1	41174938	159	AG
1	41175347	409	CT
1	41175528	181	AG
1	41175538	10	AG
1	41175588	50	GA
1	41177678	1894	AG
1	41177736	58	CT
1	41177912	176	AG
1	41179290	1097	CT
1	41180558	1268	GC
1	41181044	389	TA
1	41182262	1218	CA
1	41182757	495	TC
1	41183635	878	GA
1	41183956	321	CA
1	41184025	69	GA
1	41184678	653	CG
1	41185528	346	CT
1	41186480	617	GA
1	41191005	3529	GT
1	41195360	4058	CT
1	41195726	366	GA
1	41196028	302	GA
1	41196662	594	AG
1	41197021	359	AG
1	41197282	261	AT
1	41197769	487	GA
1	41200233	2401	CG
1	41200714	110	CT
1	41200851	137	TC
1	41201663	713	CT
1	41202417	754	GA
1	41203118	654	CT
1	41203338	34	GA
1	41203506	168	CT
1	41203509	3	CG
1	41203522	13	GC
1	41203727	205	CG
1	41204137	410	GT
1	41204490	353	CG
1	41204821	306	TA
1	41205184	363	GA
1	41205253	69	CT
1	41205401	148	TG
1	41205479	78	GA
1	41205646	167	CT
1	41205669	23	AG
1	41205687	18	CT
1	41205801	114	GA
1	41205806	5	GC
1	41205807	1	GT
1	41205867	60	GT
1	41206129	262	GC
1	41207543	849	CT
1	41207630	87	CT
1	41208132	502	CT
1	41208533	401	TC
1	41208618	85	GC
1	41208626	8	GA
1	41208687	61	AG
1	41209773	797	CT
1	41209830	57	CT
1	41210062	232	GA
1	41210131	69	TC
1	41211238	395	AC
1	41211352	114	CT
1	41211390	38	GA
1	41211437	47	TA
1	41211502	65	CT
1	41211616	114	TA
1	41212490	175	CT
1	41212533	43	GA
1	41212929	396	GA
1	41213027	98	CT
1	41213230	203	CT
1	41214254	1024	CT
1	41215137	860	GA
1	41215880	743	CT
1	41217573	1693	GT
1	41217685	112	GA
1	41218232	547	GT
1	41218296	64	GA
1	41218300	4	GA
1	41218786	461	CT
1	41218901	115	GA
1	41219004	84	CT
1	41219104	100	CT
1	41219108	4	GA
1	41219520	412	TC
1	41219831	311	GA
1	41220000	169	CT
1	41220002	2	CT
1	41220032	30	AG
1	41220039	7	TC
1	41221642	1023	GA
1	41221670	28	GA
1	41223301	1541	GA
1	41223349	48	CG
1	41223847	469	AG
1	41224260	413	CT
1	41224328	68	GA
1	41225727	1373	GT
1	41226101	333	TC
1	41226424	299	TC
1	41226436	12	AG
1	41226463	27	CT
1	41227368	638	CT
1	41227492	124	CT
1	41227635	143	CA
1	41227731	96	TC
1	41227759	28	CA
1	41227795	36	GA
1	41228127	237	CA
1	41228281	154	GA
1	41229115	785	GA
1	41229213	98	GA
1	41229718	505	GT
1	41229719	1	CA
1	41229804	85	TC
1	41230033	229	AG
1	41230450	417	GA
1	41231353	748	CT
1	41232068	447	CT
1	41232154	86	CT
1	41232351	197	GA
1	41232477	126	CT
1	41232624	147	CT
1	41232635	11	GA
1	41234651	830	TC
1	41234713	62	CT
1	41234968	236	GA
1	41235493	525	GA
1	41236309	324	GA
1	41237114	213	GT
1	41237618	504	GT
1	41237667	49	CT
1	41237883	216	CA
1	41237979	96	CT
1	41238464	194	TG
1	41239111	345	TC
1	41239274	163	CG
1	41239311	37	CA
1	41240351	301	CA
1	41241708	653	TC
1	41241878	170	GA
1	41242038	160	TC
1	41242176	138	CT
1	41242577	350	CA
1	41242590	13	GA
1	41242970	380	TC
1	41243514	544	TC
1	41243597	83	CT
1	41243944	347	GA
1	41243986	42	CT
1	41244330	344	CT
1	41244577	247	GA
1	41245410	239	AG
1	41245643	233	TC
1	41245863	220	AG
1	41246036	173	AG
1	41246215	179	GA
1	41246257	42	AG
1	41246718	461	AT
1	41246914	196	GC
1	41247895	495	GA
1	41248138	243	GC
1	41248321	183	AG
1	41248332	11	GC
1	41248338	6	GA
1	41248412	74	AC
1	41248640	85	CG
1	41248757	117	AT
1	41249221	284	CT
1	41249409	188	TC
1	41249454	45	GA
1	41249781	327	AC
1	41250239	458	TC
1	41250297	58	CT
1	41250441	144	TC
1	41250620	179	CT
1	41250874	254	CT
1	41255743	2515	CT
1	41256262	519	CT
1	41257145	854	CG
1	41257697	552	AG
1	41258686	989	CA
1	41262864	2885	TC
1	41263743	849	GC
1	41267643	2992	CT
1	41270380	1634	TC
1	41270645	265	CT
1	41271365	720	TC
1	41272102	737	CT
1	41276323	4221	GA
1	41277648	810	CT
1	41278814	1166	AG
1	41279536	566	TC
1	41279990	454	GA
1	41280682	350	GA
1	41280840	158	CG
1	41281904	1064	CT
1	41286549	1803	CT
1	41286905	356	TA
1	41287137	232	GA
1	41288215	1078	CT
1	41288295	80	CT
1	41290049	1398	CT
1	41290104	55	CT
1	41290528	424	CA
1	41290596	68	GA
1	41290820	224	TC
1	41290878	58	GA
1	41290980	102	TC
1	41291386	406	GA
1	41292084	698	TC
1	41292263	179	TC
1	41292273	10	GA
1	41295627	2566	GT
1	41304816	7523	AC
1	41305242	426	AG
1	41305320	78	CT
1	41305903	583	AG
1	41305915	12	CT
1	41306602	687	CT
1	41306689	87	CT
1	41306798	109	AG
1	41306959	138	AG
1	41309413	876	GT
1	41310243	830	GA
1	41311458	1215	GA
1	41311960	132	AG
1	41312366	355	CT
1	41312891	525	TC
1	41313033	142	GA
1	41314826	727	CT
1	41315386	560	GC
1	41315527	141	AG
1	41316044	517	GC
1	41316348	304	CT
1	41317809	1461	CT
1	41321828	2784	GA
1	41325688	2677	TC
1	41326287	599	AG
1	41326433	146	TC
1	41326434	1	CT
1	41326449	15	GA
1	41326584	135	GA
1	41327479	435	CT
1	41327483	4	CT
1	41327736	253	GA
1	41327864	128	CT
1	41329520	1113	GA
1	41329847	327	TC
1	41329864	17	TC
1	41332101	981	AT
1	41332895	233	GA
1	41333518	319	TC
1	41333630	112	AG
1	41334443	372	GA
1	41334444	1	CT
1	41335481	944	TC
1	41335530	49	TC
1	41335998	372	GT
1	41340318	3970	TA
1	41340419	101	CA
1	41340466	47	AG
1	41340468	2	CG
1	41340509	41	CT
1	41340999	490	CT
1	41341397	398	GA
1	41341539	142	TA
1	41342281	412	CT
1	41342488	207	CT
1	41342502	14	GC
1	41342806	304	TC
1	41342894	88	GA
1	41342950	56	TA
1	41342952	2	AG
1	41343021	69	CA
1	41343312	291	CT
1	41343534	222	GA
1	41343541	7	GA
1	41343561	20	CT
1	41343706	111	CT
1	41344147	441	GA
1	41344297	150	GC
1	41344558	261	AG
1	41344658	100	CG
1	41344720	62	GA
1	41344843	123	CT
1	41348287	1991	GA
1	41348443	156	TC
1	41351761	2915	GT
1	41352770	1009	TC
1	41360613	6079	CT
1	41360802	189	TG
1	41362091	1143	CT
1	41362161	70	GA
1	41362223	62	GA
1	41366990	4588	GA
1	41371044	3096	CT
1	41371957	833	GA
1	41372099	142	GA
1	41372224	125	GC
1	41375454	1462	CT
1	41375685	231	CA
1	41377406	1053	CT
1	41377591	185	AG
1	41377685	94	AG
1	41377987	302	TG
1	41378002	15	CT
1	41378795	793	CT
1	41379155	360	GA
1	41379300	145	CT
1	41379825	422	GA
1	41380487	662	AT
1	41382028	1423	GA
1	41382051	23	GA
1	41382134	83	GA
1	41384448	1211	TC
1	41384906	458	CT
1	41385950	1044	TC
1	41386676	726	CT
1	41386924	248	GA
1	41388027	531	GC
1	41388232	205	CT
1	41388375	143	TC
1	41388583	208	CT
1	41388621	38	GA
1	41388679	58	GA
1	41389240	202	GC
1	41389346	106	GA
1	41389351	5	TC
1	41389446	95	GA
1	41389696	44	AG
1	41389736	40	CT
1	41389796	60	CT
1	41389811	15	TG
1	41389836	25	GA
1	41390176	340	GC
1	41390529	353	GA
1	41390670	141	GA
1	41390683	13	TC
1	41391652	365	CT
1	41391718	66	GA
1	41391722	4	CA
1	41391808	86	TC
1	41391844	36	CA
1	41391981	137	TC
1	41392307	326	GT
1	41392316	9	GA
1	41392403	87	CT
1	41392477	74	CT
1	41392552	75	TC
1	41392977	396	CT
1	41393152	175	CT
1	41393851	592	CG
1	41393906	55	TC
1	41393965	59	AG
1	41394436	471	CA
1	41394488	52	GA
1	41394532	44	TC
1	41394606	74	GC
1	41394649	43	AC
1	41394654	5	AG
1	41394810	156	AG
1	41395105	295	AG
1	41395489	384	GA
1	41395540	51	TG
1	41395584	44	AG
1	41395708	124	GA
1	41395726	18	CT
1	41396126	212	GA
1	41396421	247	TC
1	41396713	292	AG
1	41396762	49	CT
1	41396779	17	GA
1	41397626	417	GA
1	41397888	262	TC
1	41397979	91	AG
1	41398057	78	GA
1	41398288	231	TC
1	41398466	178	AG
1	41398553	87	TC
1	41398857	304	CG
1	41398868	11	GA
1	41398996	128	GA
1	41399044	48	AG
1	41399093	49	GA
1	41399226	133	TC
1	41399333	107	CT
1	41399334	1	AG
1	41399487	153	GC
1	41399527	40	CT
1	41399543	16	AC
1	41399933	186	GA
1	41400015	82	GA
1	41400043	28	CT
1	41400186	143	GA
1	41400189	3	GC
1	41400391	202	GA
1	41400458	67	AG
1	41400541	83	GT
1	41400613	72	AG
1	41400752	139	GA
1	41400865	113	CT
1	41401057	192	GA
1	41401255	198	GA
1	41401359	104	TC
1	41401675	316	AG
1	41401901	226	TC
1	41402305	404	TC
1	41402417	112	GA
1	41402882	465	GA
1	41403334	452	TC
1	41403358	24	GA
1	41403604	246	CG
1	41403667	63	CT
1	41403700	33	CT
1	41403736	36	TC
1	41404008	172	GT
1	41404224	216	AT
1	41404448	224	CT
1	41404736	288	GA
1	41404834	98	TC
1	41405043	209	GA
1	41405166	65	TC
1	41405333	167	CT
1	41405455	122	GA
1	41405884	429	GA
1	41405911	27	GA
1	41405982	71	CA
1	41405998	16	GA
1	41406422	393	AG
1	41406453	31	CT
1	41406610	157	GT
1	41406732	122	GA
1	41406941	209	CT
1	41407203	218	GA
1	41407223	20	AC
1	41407265	42	GT
1	41407382	117	CT
1	41407430	48	AG
1	41408280	337	AG
1	41408528	16	AG
1	41408590	62	AG
1	41408630	40	TC
1	41408662	32	CG
1	41408674	12	GA
1	41408697	23	GA
1	41408712	15	AG
1	41408728	16	CG
1	41408826	98	CT
1	41408948	122	GA
1	41408949	1	CT
1	41408998	49	CT
1	41409166	168	TC
1	41409290	124	AG
1	41409353	63	GA
1	41409398	45	TC
1	41409527	129	AG
1	41409672	145	TC
1	41409937	265	AG
1	41410547	301	CT
1	41410780	233	TC
1	41412084	1093	TC
1	41412552	468	CT
1	41413390	570	GT
1	41413405	15	AG
1	41413412	7	GA
1	41413637	225	CT
1	41413737	100	GC
1	41413876	139	GC
1	41413931	55	GA
1	41414963	1032	GA
1	41415051	88	TC
1	41415089	38	CG
1	41415150	61	AG
1	41416302	494	TC
1	41416648	346	CT
1	41417124	476	CT
1	41418696	1496	GA
1	41418771	75	TC
1	41418910	139	CT
1	41419288	378	CT
1	41419319	31	AC
1	41419330	11	AG
1	41419407	77	TA
1	41419424	17	TC
1	41419447	23	TC
1	41419566	119	GT
1	41419937	371	GA
1	41420005	68	GA
1	41420084	79	GA
1	41420165	49	GA
1	41420929	231	CT
1	41421025	96	TC
1	41421030	5	AG
1	41421079	49	TC
1	41421320	223	GA
1	41421343	23	TG
1	41421381	38	TC
1	41421407	26	AG
1	41421539	132	CA
1	41421556	17	GA
1	41421566	10	GT
1	41421572	6	CT
1	41421617	45	CG
1	41421974	357	CT
1	41422003	29	CT
1	41422429	426	GA
1	41422448	19	CT
1	41423071	623	GA
1	41423110	39	AG
1	41423234	124	CT
1	41423366	132	TC
1	41423802	436	AG
1	41424027	225	TC
1	41426615	2531	AG
1	41426695	80	GA
1	41426701	6	GA
1	41426708	7	GA
1	41426710	2	GA
1	41426718	8	CT
1	41427473	361	TC
1	41427580	107	TC
1	41428025	88	CT
1	41428460	303	TC
1	41428579	69	CG
1	41428585	6	GT
1	41428653	68	GC
1	41428733	80	TC
1	41428799	66	GA
1	41429037	238	CA
1	41429087	50	TG
1	41429730	288	TC
1	41430483	634	AG
1	41431022	494	GA
1	41431161	139	GA
1	41431182	21	GA
1	41431445	263	GA
1	41431524	79	AG
1	41431550	26	CT
1	41431832	282	CT
1	41431945	113	TC
1	41432529	584	GA
1	41432578	49	CT
1	41435270	2692	CT
1	41435430	160	GA
1	41435730	300	GA
1	41436317	485	CT
1	41437545	983	GA
1	41437763	218	TC
1	41437789	26	AT
1	41437867	78	AC
1	41438237	181	CT
1	41438948	365	CG
1	41439196	248	CT
1	41439198	2	CT
1	41439348	150	TC
1	41440031	461	TC
1	41442810	1465	TC
1	41442811	1	TA
1	41443183	176	GA
1	41443193	10	GC
1	41443656	396	CT
1	41443692	36	GA
1	41443805	113	CT
1	41443856	51	GA
1	41444049	193	CT
1	41444089	40	CT
1	41444238	149	GA
1	41445517	393	GA
1	41445558	41	AG
1	41445722	164	CT
1	41445734	12	TC
1	41445886	152	CT
1	41446072	186	CT
1	41446127	55	CT
1	41446167	40	CT
1	41446378	211	AG
1	41446447	69	CG
1	41446585	138	GC
1	41446607	22	TG
1	41446789	182	CT
1	41446821	32	GC
1	41446946	125	AG
1	41446984	38	CT
1	41447080	96	AC
1	41447173	93	CT
1	41447607	434	TC
1	41447800	193	GT
1	41447807	7	GT
1	41448148	270	GA
1	41448154	6	AG
1	41448361	119	AC
1	41448362	1	GA
1	41448659	213	CT
1	41448667	8	TC
1	41448677	10	AG
1	41448922	164	CT
1	41449674	696	GA
1	41450214	540	GA
1	41450490	276	GA
1	41450512	22	TA
1	41450545	33	GA
1	41450550	5	CT
1	41450598	48	AG
1	41450756	158	AG
1	41450821	65	GA
1	41450837	16	GT
1	41451055	218	GA
1	41451155	100	GC
1	41451241	86	TC
1	41451293	52	CT
1	41451296	3	GA
1	41451406	110	AG
1	41451510	104	AG
1	41451512	2	TC
1	41453035	934	TC
1	41453047	12	TC
1	41453889	822	TA
1	41454122	233	GA
1	41454208	86	CT
1	41454331	123	GA
1	41454573	242	CT
1	41454770	197	TC
1	41455419	273	GA
1	41455420	1	AC
1	41455564	144	GA
1	41455621	57	AG
1	41456572	489	CG
1	41456613	41	TC
1	41457033	420	TC
1	41457102	69	TC
1	41457146	44	CT
1	41458144	773	CG
1	41458207	63	TC
1	41458574	367	AG
1	41458641	67	CT
1	41458702	61	GA
1	41459174	472	GA
1	41459978	761	AC
1	41460150	129	GA
1	41463280	1538	TC
1	41464181	901	GA
1	41464449	268	GA
1	41464699	250	AG
1	41466042	568	TG
1	41466060	18	AG
1	41467447	1315	GA
1	41471443	1832	GA
1	41471806	363	CT
1	41471952	146	TC
1	41472227	275	TC
1	41472272	45	GC
1	41472433	161	CT
1	41472513	80	GA
1	41472684	171	CG
1	41473575	781	GA
1	41473631	56	TC
1	41474509	854	AG
1	41474550	41	GT
1	41478692	4108	GC
1	41483225	4505	AG
1	41484397	832	AG
1	41486807	2378	GA
1	41487856	1049	CT
1	41489869	1861	CT
1	41493675	3262	GA
1	41493887	212	GA
1	41494281	394	GA
1	41496838	2148	GA
1	41497525	687	GA
1	41498519	994	CT
1	41500105	1008	AG
1	41501039	934	CT
1	41501271	232	CT
1	41501339	68	AG
1	41501681	342	GA
1	41501834	153	CT
1	41501847	13	GA
1	41501894	47	TC
1	41501905	11	AG
1	41503941	763	CG
1	41504157	216	GA
1	41504162	5	AG
1	41505171	967	AG
1	41505225	54	CT
1	41505366	141	GA
1	41505671	305	TG
1	41505922	186	CT
1	41506100	178	CT
1	41506384	284	GA
1	41506760	376	AG
1	41507112	352	GT
1	41508099	987	CT
1	41508305	206	TC
1	41509096	738	AG
1	41511558	2230	GA
1	41512606	741	GA
1	41512853	247	GA
1	41512950	62	CT
1	41513322	372	TG
1	41513344	22	CG
1	41513697	324	GA
1	41513751	54	CT
1	41514455	704	GA
1	41515432	874	GA
1	41520691	3622	GA
1	41520934	243	TG
1	41524193	1696	CG
1	41531015	3645	CG
1	41531378	363	GA
1	41535598	4119	AG
1	41544928	7719	CA
1	41551896	2680	GA
1	41570169	9326	GA
1	41577981	4084	AG
1	41581153	1579	GA
1	41581196	43	CT
1	41581395	199	TC
1	41582405	1010	TG
1	41583801	1312	TC
1	41584017	216	GA
1	41585385	480	CT
1	41585935	235	CG
1	41586459	460	GA
1	41586620	161	GC
1	41586664	44	GA
1	41586695	31	GA
1	41587370	337	CG
1	41589454	1930	GA
1	41590293	176	CG
1	41592561	1868	TA
1	41593887	1255	TC
1	41594011	57	CT
1	41594014	3	TC
1	41596662	330	GA
1	41596824	162	GC
1	41596989	165	TC
1	41597522	327	CT
1	41598064	542	GA
1	41598569	236	GA
1	41598766	197	GA
1	41599658	722	CA
1	41602082	1645	GC
1	41602229	147	AT
1	41602310	81	GA
1	41604570	1315	AG
1	41605634	1024	CT
1	41606139	505	AG
1	41606987	574	GA
1	41608579	1536	GC
1	41609294	593	CT
1	41611614	887	AT
1	41611825	211	AG
1	41612659	800	TG
1	41612788	129	GA
1	41612801	13	CG
1	41613883	454	CT
1	41615986	1182	CT
1	41616940	339	GA
1	41618190	392	AT
1	41618324	134	AG
1	41619771	1210	GC
1	41621792	214	GA
1	41622522	730	AG
1	41622565	43	CT
1	41622893	328	CG
1	41626364	3366	TA
1	41627114	750	GA
1	41630417	1883	CT
1	41630714	297	AC
1	41630738	24	CG
1	41631076	338	GC
1	41631253	177	TC
1	41632760	1185	AG
1	41632830	70	AG
1	41632997	167	GA
1	41638442	4934	CT
1	41639031	533	TA
1	41641687	1556	CT
1	41641718	31	AT
1	41641803	85	CG
1	41641898	95	AG
1	41642218	320	AG
1	41643419	677	AG
1	41643608	189	CT
1	41644372	764	TC
1	41644508	136	GT
1	41644623	115	CA
1	41649332	1030	CT
1	41649781	128	CA
1	41650698	493	CT
1	41651772	1074	CT
1	41652288	378	CG
1	41653304	1016	CT
1	41653469	165	CA
1	41653644	175	CG
1	41654095	451	CT
1	41656166	2047	GA
1	41663724	6443	TC
1	41665913	1982	CT
1	41681279	10853	CT
1	41682339	663	CT
1	41689319	6519	GA
1	41690491	1068	GT
1	41692849	1299	GC
1	41696894	3885	AG
1	41699419	2377	AC
1	41700803	1305	TC
1	41703826	2879	GA
1	41703874	48	GA
1	41706251	2183	GC
1	41714288	7782	CT
1	41715066	778	TC
1	41717366	1632	AG
1	41719297	1136	GA
1	41719854	557	TC
1	41720153	122	GA
1	41721892	1631	TC
1	41724527	2544	CT
1	41725060	533	TG
1	41725113	53	TC
1	41727406	2249	GA
1	41729224	1529	GC
1	41729226	2	CG
1	41731707	2106	CA
1	41736371	3043	AG
1	41740251	3254	GT
1	41740264	13	CG
1	41740394	130	CT
1	41740398	4	TC
1	41740643	245	AG
1	41740848	144	AG
1	41740914	66	GA
1	41741014	100	TG
1	41741676	355	GA
1	41742452	776	GA
1	41743245	502	AG
1	41744232	377	AG
1	41744310	78	AG
1	41745235	202	GA
1	41745884	217	GA
1	41748532	1685	CG
1	41750964	964	GC
1	41751708	417	GA
1	41753921	1579	TC
1	41755678	1480	GA
1	41755831	153	GA
1	41755948	117	AG
1	41756017	69	TA
1	41756817	201	CT
1	41757032	215	CT
1	41757135	103	CA
1	41757190	55	GA
1	41757192	2	CT
1	41757346	154	AG
1	41757526	147	CT
1	41757581	55	CA
1	41757729	148	GA
1	41758068	339	TC
1	41758070	2	TC
1	41765178	4081	CT
1	41765710	360	CT
1	41768342	1678	GA
1	41773733	4249	GA
1	41773848	115	TC
1	41774098	214	TC
1	41777522	3080	AG
1	41780970	3448	TC
1	41781615	645	CT
1	41782109	427	AG
1	41783120	978	TC
1	41783149	29	CT
1	41784208	946	TC
1	41798662	12646	GT
1	41799794	1073	GC
1	41800206	412	CT
1	41803096	2848	CT
1	41803360	264	GT
1	41803492	132	GA
1	41803818	326	CT
1	41804068	250	GC
1	41804075	7	CT
1	41804078	3	AG
1	41804612	259	GA
1	41804637	25	GA
1	41806021	425	AT
1	41806150	129	GA
1	41807291	755	TC
1	41808031	740	TC
1	41808377	346	CT
1	41808593	150	GA
1	41809978	502	CT
1	41810359	381	CT
1	41811009	650	GA
1	41811031	22	AC
1	41811133	102	GC
1	41811802	669	GA
1	41812944	697	AG
1	41813173	229	AG
1	41813188	15	TC
1	41813209	21	CT
1	41813218	9	GA
1	41813226	8	CT
1	41813270	44	AG
1	41813328	58	GA
1	41813777	213	TC
1	41813800	23	TC
1	41814318	106	GC
1	41814920	206	TC
1	41814966	46	TC
1	41815031	65	GA
1	41815140	109	AG
1	41815144	4	AG
1	41815396	252	AG
1	41815429	33	TC
1	41815439	10	TC
1	41815602	163	CT
1	41817109	627	AT
1	41817506	104	CT
1	41817525	19	TC
1	41817800	275	GA
1	41817961	23	CT
1	41818143	182	GA
1	41819156	800	AG
1	41819927	771	TC
1	41821535	768	GA
1	41822148	613	CG
1	41822306	158	TC
1	41822392	86	AG
1	41822549	157	GA
1	41822859	310	GA
1	41823714	417	AG
1	41823739	25	TC
1	41824540	646	TC
1	41825486	946	CT
1	41825599	113	AG
1	41826279	680	GA
1	41827383	1104	AG
1	41827595	212	TC
1	41828894	827	GA
1	41828902	8	CT
1	41829319	417	CG
1	41830010	691	CT
1	41830013	3	TC
1	41830100	62	AC
1	41831870	1052	CA
1	41831871	1	CT
1	41833429	1558	TG
1	41834573	836	TC
1	41835037	464	AG
1	41835340	303	AG
1	41836161	686	GA
1	41836445	284	AG
1	41836571	126	GT
1	41836668	97	TC
1	41836809	141	GA
1	41837725	874	GA
1	41838398	407	CT
1	41838419	21	CT
1	41839666	1081	CT
1	41841405	1515	GA
1	41842233	660	AG
1	41842504	156	GA
1	41842759	255	TC
1	41842760	1	GA
1	41844771	1803	CG
1	41852434	7320	CT
1	41874596	18946	TC
1	41874604	8	CT
1	41878480	2252	CT
1	41885391	4718	TC
1	41891497	6072	CT
1	41894128	1909	CT
1	41915435	19793	AG
1	41918352	2917	CT
1	41927982	8741	GA
1	41928208	226	GA
1	41929318	1029	GA
1	41929808	344	TC
1	41931035	1194	CT
1	41934164	2715	GA
1	41934203	39	TC
1	41935274	1071	CT
1	41936237	963	GT
1	41937587	1350	CT
1	41938058	471	CT
1	41938858	404	AG
1	41940617	1759	GA
1	41941509	892	AG
1	41947100	4993	TC
1	41950230	3130	GA
1	41957197	5443	GA
1	41958100	805	GA
1	41958145	45	CT
1	41958552	407	CT
1	41958791	213	TC
1	41959554	426	TC
1	41960021	467	TC
1	41964027	3643	CT
1	41966465	2278	TC
1	41968117	1577	TC
1	41968324	156	AG
1	41969126	802	GC
1	41969841	715	GA
1	41970151	310	CT
1	41972104	1953	GA
1	41972460	356	CA
1	41974449	1036	CT
1	41974637	188	CT
1	41975826	1189	TC
1	41978808	2829	GA
1	41980601	1758	GT
1	41981726	430	AG
1	41982759	1033	GA
1	41982818	59	GA
1	41983287	254	GA
1	41984978	1354	GA
1	41986143	801	GA
1	41986635	492	CT
1	41987107	472	GA
1	41988988	1682	AG
1	41989045	57	GC
1	41989058	13	GA
1	41989059	1	TA
1	41989115	56	CT
1	41989996	526	TC
1	41990634	638	CT
1	41991761	1127	AG
1	41991889	128	GA
1	41992018	129	GA
1	41992749	428	TC
1	41992849	100	CT
1	41993274	425	CT
1	41993575	301	AG
1	41994139	69	GA
1	41994281	142	AG
1	41994913	600	TC
1	41995074	161	AG
1	41995258	184	CT
1	41995311	53	TC
1	41996485	575	GA
1	41997617	1025	GC
1	41998941	1114	GA
1	41999339	60	AG
1	41999937	598	CT
1	42000530	593	CT
1	42000565	35	CT
1	42000654	89	GA
1	42003298	147	GA
1	42004245	947	CT
1	42005319	1074	TC
1	42006034	715	TC
1	42006242	208	CT
1	42008474	1921	TC
1	42009879	1069	CT
1	42009988	109	AG
1	42011786	1302	AC
1	42011855	69	CT
1	42013343	315	CG
1	42013714	317	CT
1	42013916	202	CT
1	42015610	1344	GA
1	42015646	36	CT
1	42019376	1594	GA
1	42019795	419	TC
1	42020751	260	CT
1	42021779	218	TA
1	42021783	4	GT
1	42021920	137	AG
1	42021950	30	GT
1	42022029	79	CT
1	42023417	1388	CT
1	42023521	104	CT
1	42024443	748	CT
1	42024501	58	GA
1	42024742	241	AC
1	42024933	191	AC
1	42024977	44	CT
1	42024992	15	TC
1	42025124	132	TC
1	42025334	210	CT
1	42025403	69	CT
1	42025643	185	TA
1	42025646	3	AG
1	42025683	37	TC
1	42025816	133	GA
1	42026275	23	CG
1	42026276	1	TA
1	42026340	64	TC
1	42026433	93	GC
1	42026442	9	CT
1	42026504	62	TC
1	42026603	99	AC
1	42026632	29	GA
1	42026748	116	CT
1	42027368	471	GA
1	42027395	27	AG
1	42027588	193	GC
1	42027605	17	GC
1	42027637	32	GA
1	42028031	394	CT
1	42028085	54	CT
1	42028567	216	TC
1	42028875	277	CT
1	42029176	204	GA
1	42029329	153	AG
1	42029405	76	CT
1	42030755	936	CT
1	42031212	457	CT
1	42031223	11	TC
1	42031230	7	GA
1	42031443	213	GA
1	42031661	218	TC
1	42031955	294	CT
1	42031960	5	CG
1	42031977	17	AG
1	42032684	707	GA
1	42032714	30	TC
1	42033205	491	AG
1	42033209	4	TC
1	42033466	257	CT
1	42033643	177	TC
1	42033666	23	GA
1	42033670	4	GA
1	42033789	119	TC
1	42036022	1223	TC
1	42038751	1168	GA
1	42039172	421	GA
1	42040006	733	AG
1	42040047	41	AC
1	42040841	794	AG
1	42040850	9	GA
1	42040943	93	GA
1	42040947	4	TA
1	42040987	40	TG
1	42041040	53	CT
1	42042156	325	GA
1	42042261	105	CT
1	42042764	503	CG
1	42043438	674	GA
1	42043815	377	GA
1	42043818	3	CT
1	42044427	609	AG
1	42044460	33	GA
1	42044474	14	TC
1	42044522	48	GA
1	42044526	4	GA
1	42044978	452	CT
1	42045591	613	GA
1	42045778	187	GA
1	42045885	107	CT
1	42046344	345	AT
1	42046962	509	TA
1	42046997	35	GA
1	42047017	20	AG
1	42047177	160	GA
1	42047546	369	TC
1	42047690	144	AG
1	42047952	262	CT
1	42048014	62	GC
1	42048371	357	CT
1	42048384	13	TC
1	42048433	49	GA
1	42048855	422	CT
1	42049601	746	TA
1	42049705	104	GA
1	42049960	255	TC
1	42050730	770	CT
1	42050983	253	GA
1	42051788	805	AG
1	42054033	2226	GA
1	42054917	857	AC
1	42055466	549	TC
1	42056674	980	TA
1	42057459	785	AG
1	42057584	125	GA
1	42057651	67	CT
1	42058824	1173	AC
1	42059276	452	AG
1	42061401	1758	TC
1	42061760	172	TC
1	42063822	2015	TC
1	42064655	833	CT
1	42064668	13	CG
1	42064766	98	CT
1	42064965	199	TC
1	42066229	955	TA
1	42066652	423	AT
1	42066721	69	AG
1	42067461	740	TC
1	42069224	1253	AC
1	42072777	2337	TG
1	42076211	3212	GA
1	42076970	759	CT
1	42077486	516	CT
1	42077614	128	GC
1	42077954	340	AG
1	42079800	1306	CT
1	42080518	718	CT
1	42080839	321	TC
1	42081258	419	CA
1	42083477	2097	GA
1	42083715	238	AG
1	42085256	1541	TC
1	42085327	71	CT
1	42085589	262	CA
1	42086918	1329	AG
1	42086919	1	CT
1	42087232	313	CA
1	42087872	640	GT
1	42087905	33	AG
1	42088401	496	GA
1	42089037	636	AG
1	42090299	615	GA
1	42090509	210	AG
1	42091656	1147	CT
1	42093402	1376	AG
1	42093405	3	CG
1	42093938	533	CT
1	42096464	1378	TC
1	42097615	899	CA
1	42097828	213	CT
1	42098053	225	CT
1	42098064	11	AG
1	42099570	991	TG
1	42099651	81	GT
1	42102934	2521	AG
1	42105408	1528	GA
1	42106060	448	GA
1	42107121	874	CT
1	42109372	1843	CT
1	42109500	128	CT
1	42109633	133	GA
1	42109648	15	GA
1	42110756	395	CT
1	42111167	411	GC
1	42111275	108	TG
1	42112156	562	CT
1	42113197	1041	AG
1	42114995	1296	GC
1	42116177	1182	CT
1	42122248	4409	AG
1	42123094	846	TA
1	42124695	1560	AG
1	42124745	50	TC
1	42125921	797	GA
1	42126867	189	AG
1	42126928	61	AG
1	42126994	66	TC
1	42127028	34	GA
1	42127181	153	GC
1	42127559	106	AG
1	42127787	228	CT
1	42127875	88	CT
1	42128099	224	CT
1	42128678	306	CT
1	42128707	29	CG
1	42128713	6	CT
1	42128731	18	AG
1	42128884	153	CT
1	42129455	571	GA
1	42129574	119	GA
1	42129590	16	GT
1	42131863	1817	CT
1	42132088	225	AG
1	42132882	794	AG
1	42133158	246	CT
1	42133163	5	CG
1	42133284	121	AG
1	42133343	59	GA
1	42133617	274	GC
1	42133937	320	CG
1	42136144	2098	GT
1	42138485	2040	CT
1	42141092	1858	GA
1	42141467	326	AG
1	42143725	2219	GA
1	42144804	1079	CG
1	42145093	289	CT
1	42145637	312	GA
1	42146778	1141	CT
1	42148871	1032	AG
1	42150410	1364	GA
1	42151132	685	TG
1	42152326	1194	CA
1	42153624	1298	AG
1	42153691	67	CT
1	42153792	101	GA
1	42153998	206	AG
1	42154025	27	AG
1	42154519	494	TC
1	42154755	236	TC
1	42155387	632	CT
1	42156134	747	AG
1	42156626	492	GA
1	42157743	1117	AC
1	42158215	472	CT
1	42160560	1389	TC
1	42161501	635	CT
1	42165695	3348	TC
1	42165883	188	TC
1	42168263	1688	AT
1	42169101	838	CT
1	42170800	1699	CT
1	42171007	207	CG
1	42172083	954	GA
1	42173069	986	TC
1	42174533	1464	AG
1	42175302	543	GA
1	42175468	166	TC
1	42178026	2027	GC
1	42178212	120	GA
1	42179004	792	GT
1	42179402	398	TC
1	42180049	647	TC
1	42180655	606	GA
1	42181736	671	CG
1	42181821	85	TG
1	42182003	182	AG
1	42182782	531	CG
1	42183513	457	AG
1	42183623	110	CT
1	42183704	81	GC
1	42183871	167	AG
1	42184308	437	CG
1	42184830	522	GA
1	42184864	34	CT
1	42184896	32	TC
1	42184958	62	CG
1	42185582	624	TC
1	42185595	13	CT
1	42185625	30	GA
1	42185794	169	AG
1	42185867	73	CT
1	42185868	1	AG
1	42186071	203	CT
1	42186480	284	GA
1	42186572	92	GA
1	42186719	147	GA
1	42186843	124	GA
1	42186935	92	GA
1	42187091	156	GA
1	42188149	475	TC
1	42188211	62	CA
1	42188485	274	CT
1	42188625	140	TC
1	42188692	67	AG
1	42189101	409	AC
1	42189194	93	GA
1	42189801	607	AG
1	42193497	3549	AG
1	42195900	2403	GA
1	42200590	4690	GA
1	42217292	14722	CG
1	42217618	326	CT
1	42217719	101	CT
1	42217769	50	CA
1	42217952	183	GA
1	42218022	70	CT
1	42218045	23	AC
1	42218194	149	AT
1	42218495	301	TC
1	42218517	22	CT
1	42218715	198	AC
1	42218900	185	TC
1	42222004	2670	GA
1	42223165	1142	GC
1	42224566	1169	CT
1	42225195	629	GT
1	42225597	402	GA
1	42226299	702	CT
1	42226342	43	CT
1	42226645	303	CA
1	42227746	894	GA
1	42232011	4026	TC
1	42233109	1098	AG
1	42237184	3193	CT
1	42237488	304	CG
1	42237499	11	GA
1	42239645	1616	AC
1	42240297	652	GT
1	42240560	263	GC
1	42241226	666	CT
1	42241471	245	CT
1	42242454	664	CA
1	42242744	290	CT
1	42243790	380	GC
1	42243808	18	AG
1	42243927	119	GC
1	42244460	533	AG
1	42245127	667	AG
1	42245334	207	CT
1	42245964	188	TC
1	42246592	628	AG
1	42246644	52	TC
1	42246899	255	AC
1	42248261	1098	TC
1	42248964	212	AG
1	42249375	283	AG
1	42250150	775	CT
1	42250571	387	TC
1	42253243	2648	TC
1	42253295	52	GT
1	42254754	1459	GA
1	42255614	617	AT
1	42257092	1478	GA
1	42261799	4330	AG
1	42266251	1148	GC
1	42269961	3467	TC
1	42271390	1429	CT
1	42276137	1549	CT
1	42276180	43	AG
1	42276300	120	AG
1	42276690	390	CT
1	42277119	429	TC
1	42277392	273	CA
1	42277496	104	GA
1	42277576	80	CG
1	42277583	7	AC
1	42277823	240	TC
1	42278409	201	TC
1	42278932	523	GA
1	42279026	94	GT
1	42279030	4	GA
1	42279087	57	CG
1	42279114	27	CT
1	42279252	138	CT
1	42279337	85	GA
1	42279842	505	AT
1	42280001	159	AG
1	42280118	117	GA
1	42280214	96	TC
1	42280235	21	AG
1	42280310	75	GA
1	42280931	223	AG
1	42287857	6458	CT
1	42290795	2271	CT
1	42290861	66	TC
1	42291049	188	CT
1	42291105	56	TA
1	42291232	127	CT
1	42293753	2238	AC
1	42293757	4	TC
1	42294993	1236	AG
1	42295160	167	CA
1	42295251	91	GA
1	42297423	2133	CT
1	42297909	486	CT
1	42298065	156	AG
1	42298242	177	CT
1	42298685	443	CT
1	42298966	281	CT
1	42299175	209	TC
1	42299178	3	TC
1	42300085	884	CA
1	42300198	113	GA
1	42300651	453	TC
1	42301151	500	TC
1	42301345	194	TC
1	42301745	400	TG
1	42302013	268	GA
1	42302039	26	TG
1	42302072	33	CT
1	42302208	136	TC
1	42302477	269	TC
1	42302819	168	CG
1	42302835	16	CT
1	42302843	8	AG
1	42303398	555	GA
1	42303768	297	AG
1	42303844	76	CT
1	42320446	11266	CT
1	42356525	32826	TA
1	42359936	3411	CT
1	42364491	4397	GA
1	42366780	2105	AG
1	42377650	10404	TC
1	42382377	4170	AT
1	42385380	2681	TC
1	42387836	2009	GC
1	42388126	290	AG
1	42388132	6	TC
1	42388169	37	TC
1	42388366	197	CG
1	42388670	304	AG
1	42389005	335	TG
1	42390385	1332	AG
1	42392975	2519	GA
1	42394790	1757	TC
1	42395316	526	CT
1	42395464	148	TC
1	42397222	1351	GA
1	42397754	532	AG
1	42400882	3079	TC
1	42401191	309	TC
1	42401243	52	TC
1	42401454	211	GA
1	42401849	395	CA
1	42401984	135	CT
1	42402008	24	AG
1	42402448	440	GA
1	42402776	328	CA
1	42403428	652	TA
1	42403429	1	CT
1	42403497	68	GA
1	42403548	51	GC
1	42403641	93	CT
1	42403672	31	CG
1	42403796	124	CA
1	42403916	120	CA
1	42404081	165	AG
1	42404502	421	CT
1	42405544	1042	AT
1	42405619	75	AG
1	42405647	28	CT
1	42405685	38	CT
1	42406418	733	CT
1	42406572	154	AG
1	42407017	445	GA
1	42407813	646	CT
1	42407859	46	GA
1	42408210	351	GA
1	42408264	54	GA
1	42408996	732	CT
1	42409171	175	GA
1	42409405	82	CT
1	42409424	19	GA
1	42409426	2	GA
1	42409710	284	AC
1	42409917	207	CT
1	42410020	103	GA
1	42410251	231	GT
1	42412383	1214	CT
1	42412515	132	GT
1	42412759	244	CT
1	42412906	147	CT
1	42413148	242	GA
1	42413479	305	CT
1	42415142	1214	CG
1	42415646	504	TC
1	42416358	618	GA
1	42422678	3597	GA
1	42422884	206	CG
1	42423961	1077	CT
1	42424659	698	GA
1	42426526	1867	GA
1	42426542	16	GA
1	42429331	2692	TC
1	42429665	334	CT
1	42429673	8	GA
1	42431972	2021	GA
1	42432017	45	AG
1	42433136	1119	GA
1	42433422	286	GC
1	42434494	1072	TC
1	42437249	2488	TC
1	42437872	623	AC
1	42437960	88	AG
1	42438054	94	TC
1	42438978	924	TC
1	42439100	122	CT
1	42439859	759	CT
1	42441051	1192	CT
1	42441343	292	CT
1	42441768	425	TC
1	42441859	91	GA
1	42441916	57	AG
1	42442558	642	CA
1	42442584	26	AG
1	42442629	45	TC
1	42442716	87	AG
1	42442735	19	TC
1	42443928	1158	GA
1	42445369	1402	GT
1	42448480	3031	GA
1	42451969	3236	CT
1	42455430	2920	GA
1	42455851	421	AG
1	42456313	462	GA
1	42462685	2054	TG
1	42463237	552	TC
1	42463264	27	CT
1	42463947	683	AG
1	42464119	172	CT
1	42464165	46	GA
1	42464176	11	AG
1	42465096	529	TC
1	42465159	63	GA
1	42465320	128	CT
1	42465415	95	CA
1	42465448	33	CT
1	42465715	230	CT
1	42465807	92	CT
1	42465911	104	GA
1	42466204	293	TC
1	42466902	698	TC
1	42466956	54	CA
1	42467267	311	AG
1	42467275	8	AG
1	42467561	286	CT
1	42467567	6	CT
1	42467818	251	TC
1	42467846	28	GA
1	42467919	73	GA
1	42468446	166	GT
1	42468587	141	CT
1	42469292	655	GT
1	42469763	471	CT
1	42469792	29	GA
1	42471175	631	AT
1	42495728	19711	GA
1	42503959	7226	AG
1	42504550	591	GA
1	42504804	254	CG
1	42505256	452	GA
1	42506214	958	CT
1	42507225	580	TC
1	42508280	1055	AG
1	42511348	3068	CT
1	42511428	80	CA
1	42513283	1758	CA
1	42516290	2638	GA
1	42517496	939	GA
1	42520733	1630	TG
1	42521503	317	AT
1	42521734	189	AC
1	42522187	265	CT
1	42522549	362	CT
1	42522564	15	AG
1	42522971	407	AG
1	42523899	881	TC
1	42524049	150	GA
1	42524690	641	CT
1	42524697	7	CT
1	42524946	249	CT
1	42525351	405	AG
1	42525601	250	TG
1	42526474	873	AG
1	42527176	702	AG
1	42528344	1082	GA
1	42528702	358	CT
1	42528956	254	TG
1	42528994	38	AG
1	42529317	323	CT
1	42529423	106	TC
1	42529508	85	CT
1	42529893	385	AG
1	42536651	3423	CT
1	42537963	1312	CT
1	42538398	435	AG
1	42541948	2972	AG
1	42542126	178	TC
1	42542302	176	AG
1	42542337	35	TC
1	42542726	389	CT
1	42542731	5	TG
1	42543327	596	CT
1	42544685	1263	CG
1	42544854	169	TC
1	42546639	1631	AG
1	42546786	147	AG
1	42547071	285	GT
1	42547551	409	TC
1	42547929	378	CT
1	42549003	996	GC
1	42550387	1384	GC
1	42551814	1168	GA
1	42552188	374	GT
1	42552227	39	CT
1	42552232	5	CT
1	42553266	1014	TA
1	42553270	4	CG
1	42553379	109	AG
1	42553390	11	TC
1	42553732	251	TG
1	42554243	417	CG
1	42554802	509	CA
1	42554877	75	CT
1	42556111	91	CT
1	42556187	76	TC
1	42558001	731	GC
1	42558443	49	TC
1	42558813	104	CT
1	42558925	112	TC
1	42559002	77	AG
1	42560092	1090	CT
1	42560677	585	GC
1	42560740	63	GA
1	42560881	141	AG
1	42560992	111	CG
1	42561236	244	CT
1	42561299	63	GA
1	42561366	67	TC
1	42561411	45	GA
1	42561690	170	TA
1	42561695	5	AG
1	42561763	68	TG
1	42561766	3	AG
1	42563949	1345	TC
1	42565075	764	CT
1	42565987	676	CT
1	42566350	363	CT
1	42568025	1341	CG
1	42570022	1997	CT
1	42571522	1500	GA
1	42571605	49	CT
1	42571866	261	CT
1	42573399	1489	CT
1	42577064	3052	CT
1	42578716	1467	GC
1	42579918	1111	CT
1	42582571	2360	GA
1	42601393	16189	CT
1	42602015	622	CA
1	42603814	1480	AT
1	42611016	6397	CT
1	42611753	707	GT
1	42612562	233	CT
1	42620058	6340	GA
1	42623939	3473	CT
1	42624404	465	CT
1	42628864	3784	GA
1	42633358	2821	CT
1	42633850	492	TC
1	42637724	2744	GA
1	42644481	6321	GA
1	42644610	129	CT
1	42646183	1375	GT
1	42650327	3650	GA
1	42650751	424	CT
1	42651012	261	GA
1	42652451	1418	GA
1	42655254	2564	GA
1	42655257	3	TC
1	42655924	419	CT
1	42655931	7	CA
1	42656113	182	CT
1	42656205	92	AG
1	42656945	607	CT
1	42657223	278	AG
1	42657281	58	CT
1	42657370	89	TG
1	42657656	286	GT
1	42657928	272	AG
1	42658985	518	AC
1	42659207	222	TC
1	42659730	523	TC
1	42659790	60	GA
1	42662236	1564	GA
1	42662244	8	GC
1	42662868	624	GA
1	42667824	4604	CT
1	42668004	180	AG
1	42670728	2686	GC
1	42671806	694	CT
1	42672120	314	TG
1	42672310	190	AG
1	42675458	1819	GA
1	42677344	1611	GA
1	42678557	576	GT
1	42678590	33	GA
1	42679090	328	GA
1	42679365	275	CT
1	42679817	400	CT
1	42679819	2	CT
1	42680456	637	TC
1	42680876	420	CT
1	42683056	1816	GA
1	42685649	1925	CA
1	42686791	1142	GT
1	42688762	1942	GA
1	42689479	439	GT
1	42691299	1628	CT
1	42691762	446	CT
1	42691863	101	AG
1	42691876	13	GA
1	42691886	10	CT
1	42692140	254	GA
1	42692186	46	CT
1	42692433	247	AG
1	42693241	599	GA
1	42699889	5151	AG
1	42702469	1760	AG
1	42703476	1007	TC
1	42706059	2010	GT
1	42706962	773	AG
1	42707664	702	AG
1	42708800	1136	GA
1	42708820	20	TC
1	42709778	958	AG
1	42710346	363	AT
1	42711091	745	AT
1	42711120	29	GC
1	42711778	658	CT
1	42714336	1931	CA
1	42714533	197	CT
1	42718591	3337	TG
1	42719261	670	CT
1	42719900	639	CT
1	42720854	468	GA
1	42721119	265	TC
1	42721930	652	GA
1	42724709	2099	CT
1	42725494	481	GT
1	42725737	243	CT
1	42727346	1564	TC
1	42728296	634	CT
1	42728748	452	GA
1	42728968	220	CT
1	42729177	163	AG
1	42730449	1272	GA
1	42731594	1145	GC
1	42732577	983	AG
1	42732846	247	TC
1	42732865	19	CT
1	42733755	890	TC
1	42734098	343	CT
1	42735373	978	GA
1	42736308	935	CT
1	42736673	365	GC
1	42736802	129	TC
1	42737132	330	CA
1	42737817	685	CA
1	42737894	77	AG
1	42738175	281	GA
1	42738453	278	GT
1	42739117	664	GA
1	42739134	17	AG
1	42739643	509	TC
1	42739851	208	GA
1	42740123	272	AG
1	42741412	1255	CT
1	42743472	2026	CT
1	42743518	46	CT
1	42746505	2594	GA
1	42747320	815	CT
1	42751573	3429	CT
1	42754308	1724	AC
1	42755108	571	CT
1	42755124	16	GA
1	42755806	515	GA
1	42757129	1168	TC
1	42757202	73	GA
1	42757208	6	GC
1	42757549	341	TC
1	42758130	581	TC
1	42761215	2513	GA
1	42761701	486	AG
1	42763186	1485	CA
1	42765484	1511	AG
1	42767237	1267	CT
1	42768607	739	CT
1	42771175	2182	AG
1	42771697	414	TC
1	42771772	75	GA
1	42771779	7	CA
1	42772123	344	AG
1	42772317	194	GA
1	42772739	422	AG
1	42773016	277	GT
1	42773260	244	GA
1	42773830	570	AG
1	42774076	246	AT
1	42775251	1153	GC
1	42775309	58	GA
1	42778946	2105	GA
1	42779221	275	GA
1	42779970	424	CT
1	42781474	909	TC
1	42781498	24	CA
1	42781775	277	GA
1	42782015	70	GA
1	42782520	176	CT
1	42782922	402	AG
1	42782925	3	GA
1	42783141	216	TC
1	42783192	51	AG
1	42783218	26	GA
1	42783286	68	TC
1	42783550	264	CT
1	42783726	176	CG
1	42783935	209	TG
1	42783974	39	GA
1	42784005	31	AG
1	42784593	588	AG
1	42784836	243	AC
1	42784837	1	GA
1	42785117	280	GA
1	42785201	84	CA
1	42785799	273	GA
1	42786000	201	CG
1	42786059	59	TC
1	42786239	180	CT
1	42787339	498	CA
1	42788571	1232	GA
1	42788724	153	GA
1	42788862	138	CT
1	42789473	318	CT
1	42789753	280	CT
1	42790106	353	GA
1	42790427	321	TC
1	42792696	1525	AG
1	42793436	740	CA
1	42796179	1593	AG
1	42796494	315	GA
1	42797078	555	GA
1	42797663	499	AG
1	42798452	789	CT
1	42798714	262	AG
1	42800948	1768	GA
1	42804461	3130	CT
1	42806315	1569	AC
1	42806616	301	CG
1	42807846	1230	CT
1	42807915	69	CG
1	42808871	956	CT
1	42813161	4206	GA
1	42813433	272	AG
1	42814978	1420	AC
1	42818589	3322	AG
1	42818590	1	CA
1	42820835	933	AC
1	42822023	876	CG
1	42822264	241	GC
1	42822818	446	CT
1	42823021	168	CT
1	42823983	680	AC
1	42825703	1394	TC
1	42825704	1	CG
1	42825745	41	GC
1	42826137	392	GA
1	42826484	347	TC
1	42826807	323	CT
1	42827422	615	GA
1	42827813	391	CT
1	42827830	17	CT
1	42829753	1923	GC
1	42830003	250	CT
1	42830096	93	GA
1	42830397	301	GA
1	42831264	795	AG
1	42831283	19	CA
1	42833222	1850	TC
1	42833327	105	CT
1	42834141	510	AG
1	42834923	782	TC
1	42834984	61	CA
1	42835016	32	GC
1	42837506	689	CT
1	42837723	136	CA
1	42837759	36	GC
1	42838000	241	CT
1	42839610	1153	CT
1	42839611	1	CG
1	42839698	87	AG
1	42839715	17	CG
1	42840563	848	CT
1	42840589	26	GA
1	42841714	700	CT
1	42844786	1958	TC
1	42844887	101	GA
1	42844952	65	CT
1	42846617	1195	GA
1	42848875	1026	AG
1	42848899	24	GA
1	42848937	38	GC
1	42848970	33	CT
1	42849757	787	GA
1	42850806	731	TC
1	42852502	576	CT
1	42852644	142	AG
1	42853046	402	GA
1	42853082	36	TA
1	42855554	583	CT
1	42855953	399	GA
1	42857490	950	AC
1	42857544	54	CG
1	42858238	694	GA
1	42858921	683	CT
1	42859116	195	CT
1	42863527	3770	TG
1	42865327	1800	TC
1	42866570	1206	GA
1	42866996	426	CT
1	42867282	249	GA
1	42867585	303	GC
1	42870307	2682	GA
1	42870962	655	AG
1	42872577	1615	GC
1	42872863	286	AG
1	42878442	5332	GA
1	42883045	4222	AC
1	42883879	834	AG
1	42884224	345	GA
1	42885864	1357	CG
1	42886555	691	GA
1	42888311	1756	AT
1	42890830	2398	AG
1	42894444	3417	GA
1	42895202	758	AC
1	42897266	2018	CG
1	42899156	1890	CT
1	42900693	1139	CT
1	42900807	114	TC
1	42902475	1343	TC
1	42905605	2751	TC
1	42905680	75	GA
1	42908043	2276	TC
1	42908632	589	CG
1	42909812	1024	GC
1	42917248	7018	CG
1	42920127	2783	TC
1	42921882	1755	GA
1	42922082	200	GC
1	42923284	1202	GA
1	42926874	2651	CT
1	42928855	1956	CT
1	42931453	1850	CT
1	42933647	1803	AG
1	42933824	177	CT
1	42933870	46	GA
1	42936684	1936	GT
1	42936781	97	CT
1	42936796	15	AG
1	42936953	157	TC
1	42937503	155	TA
1	42937582	79	CG
1	42937643	61	TG
1	42938150	507	CT
1	42941005	1036	CT
1	42941165	160	CT
1	42941570	405	AG
1	42942655	1085	AC
1	42943065	410	AG
1	42943121	56	GC
1	42943153	32	AG
1	42943163	10	CT
1	42943259	96	TA
1	42943435	176	TC
1	42944863	1245	TC
1	42946468	1366	AG
1	42947153	491	TC
1	42947185	32	GA
1	42951071	1803	GT
1	42954239	2054	CA
1	42954875	309	AG
1	42954949	74	CG
1	42954977	28	TC
1	42955690	713	CT
1	42955967	277	GA
1	42958106	1559	CT
1	42958155	49	GA
1	42960220	1617	GC
1	42960569	349	GA
1	42961801	797	TC
1	42962581	440	CT
1	42962962	381	GA
1	42963731	769	CT
1	42963947	216	AC
1	42964810	863	AG
1	42966957	2029	TC
1	42966989	32	AT
1	42967264	24	AG
1	42967325	61	CT
1	42969030	1705	AC
1	42969043	13	GC
1	42969917	774	CT
1	42970491	451	CT
1	42974948	4105	GA
1	42978304	3318	GA
1	42982866	980	TC
1	42984253	1387	CT
1	42985096	843	CT
1	42985367	271	CT
1	42986106	739	GA
1	42986449	343	TA
1	42986983	534	GA
1	42988414	1329	GA
1	42988681	267	AG
1	42989140	459	GA
1	42989160	20	CT
1	42989595	435	CT
1	42991089	1494	CT
1	42991757	668	GC
1	42991876	119	TC
1	42992644	705	CG
1	42992662	18	GA
1	42992705	43	GC
1	42992765	60	CT
1	42993348	583	AC
1	42997095	3198	TG
1	42997169	74	AG
1	42997284	115	CT
1	42997410	126	TC
1	42998092	394	GT
1	42998803	674	GT
1	42999052	209	TC
1	42999290	238	AT
1	42999325	35	AG
1	42999945	284	CT
1	43010889	2605	AT
1	43012353	713	GC
1	43012368	15	TC
1	43012421	53	CA
1	43012901	480	TC
1	43012935	34	CG
1	43013008	73	CA
1	43013106	98	GA
1	43013141	35	AG
1	43013440	214	CT
1	43014114	674	CT
1	43014307	153	CT
1	43014400	93	GA
1	43014541	141	TC
1	43014710	169	AG
1	43014879	169	AG
1	43015441	562	TC
1	43018803	3010	TC
1	43019124	321	CT
1	43019359	235	CT
1	43019737	359	CT
1	43020019	242	CT
1	43020558	110	TC
1	43023503	2515	GA
1	43023699	196	CT
1	43024120	421	TC
1	43025244	1124	GC
1	43026667	804	GA
1	43026845	178	GC
1	43027235	390	TC
1	43027260	25	GA
1	43027429	169	CT
1	43027469	40	TC
1	43027546	77	CG
1	43027804	258	CA
1	43028025	221	GA
1	43028084	59	CT
1	43029059	700	GA
1	43029752	429	GA
1	43030958	250	GA
1	43031598	329	TG
1	43031846	186	CT
1	43032488	609	CG
1	43032881	393	CT
1	43032886	5	CA
1	43032928	42	AG
1	43033141	213	TC
1	43033274	133	TC
1	43033305	31	GA
1	43033603	103	GA
1	43033688	85	CT
1	43034212	524	CT
1	43035108	496	CA
1	43036425	1289	GA
1	43036512	87	GA
1	43036958	426	AG
1	43037806	344	GA
1	43037831	25	GT
1	43037897	66	GA
1	43037996	99	AG
1	43038037	41	CT
1	43038239	202	GA
1	43038378	139	GT
1	43038385	7	CT
1	43038542	38	TC
1	43038652	110	CT
1	43038672	20	CT
1	43038816	144	GA
1	43038817	1	TG
1	43038915	98	GA
1	43038956	41	GA
1	43039029	73	CT
1	43039103	74	GA
1	43039135	32	TC
1	43039464	329	GT
1	43039504	40	CG
1	43039690	186	CT
1	43039771	81	CT
1	43039807	36	AC
1	43039839	32	CG
1	43039891	52	CG
1	43039896	5	CG
1	43039899	3	CT
1	43040216	317	CT
1	43040234	18	CT
1	43040250	16	CG
1	43040287	37	CT
1	43040352	65	GC
1	43040356	4	TG
1	43040386	30	CT
1	43040538	152	GA
1	43040603	65	GA
1	43040605	2	AG
1	43040686	81	GA
1	43040805	119	CT
1	43041223	418	GT
1	43041986	763	GA
1	43042011	25	GC
1	43042017	6	CT
1	43042127	110	GA
1	43042294	167	GC
1	43042612	318	CT
1	43043366	656	CT
1	43043410	44	GA
1	43043478	68	CT
1	43043798	134	CT
1	43043801	3	TC
1	43043882	81	CT
1	43043913	31	AC
1	43043963	50	GA
1	43044005	42	TC
1	43044030	25	CT
1	43044059	29	GA
1	43044944	258	GA
1	43045006	62	CT
1	43045034	28	CT
1	43046602	1016	CT
1	43046844	242	GA
1	43048016	635	GA
1	43048523	507	CT
1	43050335	1290	CT
1	43051544	1209	CT
1	43051665	121	GC
1	43052158	493	AC
1	43053682	1285	AG
1	43053689	7	GA
1	43056499	2515	CT
1	43057858	1000	TA
1	43058145	287	AG
1	43058469	324	GA
1	43059276	807	TC
1	43059733	276	GA
1	43059866	133	CG
1	43059868	2	CT
1	43060303	143	GA
1	43063683	2142	AG
1	43064082	399	GA
1	43066609	2490	CG
1	43067602	993	CT
1	43069007	1371	GC
1	43071226	1519	GA
1	43071227	1	TG
1	43071772	280	TC
1	43071838	66	AG
1	43072245	407	GA
1	43072376	131	AG
1	43072545	169	GA
1	43072547	2	AG
1	43072646	99	CA
1	43072691	45	TC
1	43072989	298	AG
1	43073018	29	CT
1	43073568	550	TC
1	43073626	58	CA
1	43073643	17	CT
1	43073683	40	CT
1	43073732	49	CT
1	43073736	4	TC
1	43074197	461	CA
1	43076336	978	CT
1	43076349	13	AG
1	43077398	1011	GA
1	43077495	97	GA
1	43083399	3638	GA
1	43083603	204	CT
1	43085268	1156	GA
1	43086160	892	CT
1	43089212	2509	TC
1	43089627	415	AG
1	43089665	38	TC
1	43089984	319	GC
1	43090152	168	TG
1	43090161	9	GA
1	43090211	50	TC
1	43090243	32	GA
1	43091193	495	CT
1	43092362	605	TC
1	43092434	72	GA
1	43093522	1063	TC
1	43094029	507	AG
1	43094998	874	GA
1	43099033	3908	AG
1	43099130	97	TA
1	43099357	227	CT
1	43099476	119	GA
1	43100500	970	TC
1	43101769	654	TC
1	43101859	90	GA
1	43101880	21	CT
1	43102379	266	TC
1	43102798	419	AG
1	43102812	14	TC
1	43102882	70	CT
1	43102981	99	GA
1	43103036	55	TC
1	43103159	123	TC
1	43104535	1166	GA
1	43104983	448	GT
1	43104995	12	CT
1	43105007	12	GA
1	43105018	11	AG
1	43105175	92	TA
1	43105187	12	CT
1	43105193	6	AG
1	43105248	55	AG
1	43105282	34	TC
1	43105483	201	GA
1	43105527	44	GA
1	43105642	115	CT
1	43105819	177	AC
1	43105876	57	AG
1	43106044	168	CA
1	43106156	112	GC
1	43106188	32	CT
1	43106479	291	GA
1	43106509	30	CT
1	43107978	1469	AG
1	43108036	58	AG
1	43108041	5	GA
1	43108079	38	GC
1	43108096	17	GA
1	43108113	17	GC
1	43108183	70	TC
1	43108426	243	AG
1	43108441	15	TC
1	43108560	119	TC
1	43108561	1	GA
1	43108639	78	GA
1	43108653	14	GA
1	43108657	4	CT
1	43108791	134	CT
1	43108803	12	CG
1	43109429	626	CG
1	43109467	38	CT
1	43109625	158	TG
1	43109795	170	CT
1	43109857	62	AG
1	43109875	18	CT
1	43109926	51	GA
1	43109985	59	TC
1	43110628	606	GA
1	43110699	71	GA
1	43110708	9	GA
1	43110717	9	GA
1	43110850	133	GA
1	43110855	5	CT
1	43111133	278	CT
1	43111230	97	CT
1	43111652	422	CT
1	43112264	394	AG
1	43112556	292	GA
1	43112748	192	TC
1	43112939	191	CA
1	43113011	72	GA
1	43113202	191	CT
1	43113218	16	AG
1	43113232	14	CT
1	43113693	461	AG
1	43114367	653	CT
1	43115685	1318	GA
1	43116291	606	CT
1	43116537	246	CT
1	43116880	27	CT
1	43117135	53	GA
1	43117144	9	CT
1	43117183	39	GA
1	43117235	52	AG
1	43117245	10	GA
1	43117251	6	GC
1	43117466	75	GC
1	43117478	12	CT
1	43117735	64	GA
1	43117739	4	GT
1	43117761	22	GA
1	43117796	35	GA
1	43117890	94	AG
1	43118252	55	TC
1	43118268	16	TC
1	43118345	77	CT
1	43118355	10	GA
1	43118603	23	GA
1	43118644	41	GA
1	43118912	268	CT
1	43119572	576	TC
1	43119768	196	GT
1	43119813	45	AG
1	43120056	243	GA
1	43120149	93	CT
1	43120167	18	GA
1	43120189	22	TC
1	43120246	57	AG
1	43120387	141	CT
1	43120445	58	CT
1	43120496	51	AG
1	43120501	5	CT
1	43120504	3	AT
1	43120573	69	CT
1	43121128	365	GT
1	43121156	28	CT
1	43121887	456	CT
1	43121902	15	CT
1	43121928	26	TC
1	43121956	28	CG
1	43121961	5	CT
1	43122451	199	GA
1	43122613	162	TC
1	43122795	182	AG
1	43123003	208	CT
1	43123101	98	CT
1	43123139	38	CT
1	43123149	10	CG
1	43123273	124	CT
1	43123312	39	AC
1	43123334	22	GA
1	43123369	35	CT
1	43123454	85	AG
1	43123476	22	GA
1	43123479	3	TC
1	43123530	51	GA
1	43123534	4	CT
1	43123549	15	GA
1	43123668	119	GT
1	43123769	101	AG
1	43124083	314	GA
1	43124475	392	AG
1	43124893	418	CG
1	43125170	277	AG
1	43125436	266	AG
1	43126277	724	CT
1	43126569	292	AT
1	43126751	182	GA
1	43126776	25	GA
1	43127948	1172	GA
1	43130041	1758	GC
1	43132622	2073	GC
1	43132692	70	GA
1	43132850	158	AG
1	43133346	283	CT
1	43134125	779	TC
1	43134400	275	CT
1	43134841	441	AG
1	43136549	1277	CT
1	43137735	1186	GA
1	43138579	563	CT
1	43139453	828	TC
1	43139942	489	AG
1	43140028	86	GA
1	43140604	576	CT
1	43141587	864	CT
1	43142361	548	CT
1	43144699	1833	CT
1	43145415	464	TC
1	43148762	2388	TC
1	43150190	1428	AG
1	43150760	570	TC
1	43154305	3446	CT
1	43159309	2905	AG
1	43160212	652	GA
1	43163972	3091	AG
1	43164264	292	CT
1	43164634	370	AG
1	43164952	318	CT
1	43165078	126	AG
1	43169166	3521	GT
1	43171690	2180	CT
1	43174805	2609	CT
1	43175145	340	CT
1	43176668	1523	CT
1	43176683	15	TG
1	43176711	28	AG
1	43177512	248	TC
1	43177586	74	CT
1	43177632	46	GA
1	43177710	78	CT
1	43177717	7	AG
1	43177843	126	CT
1	43177903	60	TC
1	43177910	7	TA
1	43177943	33	CT
1	43178116	173	GC
1	43178174	58	GT
1	43178513	339	TC
1	43178581	68	AG
1	43178643	62	CG
1	43178794	151	GA
1	43179112	211	CT
1	43179205	93	GA
1	43179223	18	AG
1	43179493	270	GA
1	43180408	634	TC
1	43181570	430	GA
1	43181592	22	AG
1	43181979	387	CT
1	43182125	146	AG
1	43182135	10	AG
1	43182285	150	GA
1	43182441	156	CT
1	43182993	552	GA
1	43183220	227	CT
1	43183221	1	GT
1	43184378	982	AG
1	43184798	420	CA
1	43184844	46	TA
1	43185072	228	CT
1	43185412	340	AG
1	43185458	46	AG
1	43185492	34	GA
1	43185557	65	AG
1	43186153	596	CG
1	43186212	59	AG
1	43186671	459	CT
1	43186842	171	GA
1	43186925	83	GA
1	43186965	40	TC
1	43187077	112	CT
1	43187171	94	CT
1	43187320	149	TC
1	43187636	259	CT
1	43187640	4	CG
1	43187815	175	TG
1	43187981	166	CT
1	43188117	136	CT
1	43188118	1	AG
1	43189508	795	CT
1	43189698	190	AG
1	43189846	148	AG
1	43190017	171	CT
1	43190217	200	CT
1	43190388	171	AG
1	43190726	338	CT
1	43191074	348	GC
1	43191325	251	CG
1	43191364	39	CT
1	43191491	127	TC
1	43191832	341	TC
1	43192044	212	AG
1	43192099	55	GA
1	43192137	38	GC
1	43192423	286	TC
1	43192427	4	AG
1	43192452	25	TA
1	43192669	217	GA
1	43193522	810	GA
1	43193583	61	GA
1	43193840	257	CT
1	43194001	161	AC
1	43194016	15	CG
1	43194072	56	CT
1	43194073	1	TG
1	43194678	231	GA
1	43194738	60	CT
1	43194742	4	CT
1	43194787	45	GT
1	43194970	183	TC
1	43195012	42	CT
1	43195025	13	GA
1	43195234	209	CT
1	43195332	98	CT
1	43195335	3	GA
1	43195350	15	GA
1	43195378	28	TC
1	43195390	12	GA
1	43195479	89	TC
1	43195487	8	CT
1	43195590	103	GA
1	43195761	171	GC
1	43195804	43	CA
1	43195837	33	CT
1	43195884	47	CG
1	43196032	148	TC
1	43196086	54	TC
1	43196289	142	TC
1	43196361	72	GA
1	43196490	129	AG
1	43196937	447	TC
1	43197000	63	AG
1	43197102	102	CG
1	43197233	131	CT
1	43197289	56	GA
1	43197691	365	TC
1	43197902	211	GC
1	43197926	24	GA
1	43197990	64	CT
1	43198732	742	CT
1	43199226	455	CT
1	43199422	196	CT
1	43200224	728	CA
1	43200812	542	CA
1	43201591	779	AC
1	43201773	182	AG
1	43202540	683	AG
1	43202692	152	TG
1	43202722	30	CT
1	43204872	1526	TC
1	43205038	166	TC
1	43205299	211	GA
1	43205796	249	GA
1	43205844	48	CT
1	43206926	690	GA
1	43208425	662	GA
1	43208539	114	CT
1	43209240	203	GA
1	43209605	365	GA
1	43209801	196	CT
1	43209979	178	TC
1	43210190	211	TC
1	43210240	50	CG
1	43210247	7	TC
1	43211499	1066	GA
1	43211804	305	CT
1	43212408	456	CT
1	43212461	53	TC
1	43212627	166	CA
1	43213003	376	AC
1	43213066	63	CG
1	43213219	153	AC
1	43213725	506	CT
1	43215158	1271	GA
1	43215674	516	CT
1	43215955	246	GA
1	43216853	340	GA
1	43217340	487	GA
1	43218158	788	CT
1	43218315	157	CG
1	43219699	1057	CT
1	43220129	430	CT
1	43223674	2736	TC
1	43224071	397	GA
1	43227524	2011	TC
1	43227549	25	AG
1	43227849	300	AG
1	43227876	27	CA
1	43227988	112	GA
1	43228763	742	GC
1	43229080	317	GT
1	43229258	178	CT
1	43229329	71	AG
1	43229397	68	TC
1	43230472	1075	AG
1	43230642	170	CT
1	43231023	381	GA
1	43231357	334	GA
1	43231796	439	AG
1	43231857	61	AG
1	43232013	156	GA
1	43232040	27	GA
1	43232232	192	AG
1	43232487	255	GA
1	43232499	12	TC
1	43232646	147	AG
1	43232853	207	CG
1	43234428	948	GC
1	43234718	290	AG
1	43235053	335	CT
1	43236115	1019	CT
1	43236862	408	TC
1	43237020	158	AG
1	43237863	843	GC
1	43240086	1618	GA
1	43240881	795	CT
1	43241174	293	CT
1	43242505	891	GA
1	43242973	468	GA
1	43243829	802	TC
1	43243904	75	CA
1	43247673	3560	CG
1	43247756	83	CT
1	43248557	801	GA
1	43248890	333	CT
1	43249576	350	TA
1	43251136	1255	GA
1	43251907	771	GA
1	43252078	171	CT
1	43253659	1581	CG
1	43254454	795	TC
1	43254542	88	CT
1	43255467	925	GA
1	43256259	792	TC
1	43256727	468	CG
1	43257264	537	AG
1	43258146	502	CT
1	43261405	2821	CT
1	43261549	144	CT
1	43262189	618	AG
1	43262939	597	GA
1	43267644	3424	CT
1	43270275	2602	GA
1	43272244	771	AC
1	43277265	2380	CT
1	43279911	2362	AC
1	43281679	1466	CT
1	43284115	1477	TC
1	43284243	128	TC
1	43284460	217	TC
1	43284470	10	CT
1	43284540	70	AG
1	43284933	393	GA
1	43284956	23	AG
1	43285216	260	AG
1	43285402	186	CT
1	43285649	247	AG
1	43286407	509	GA
1	43286960	553	CT
1	43287485	525	AG
1	43287689	204	GA
1	43288572	883	TC
1	43289813	1241	CT
1	43290021	208	AT
1	43290397	376	TC
1	43290405	8	TC
1	43291349	944	GA
1	43291483	134	TC
1	43291867	334	CG
1	43292318	451	AG
1	43292422	104	GA
1	43293149	727	CT
1	43293792	643	AT
1	43296171	657	AG
1	43297687	1516	GA
1	43300108	2347	CG
1	43300206	98	CT
1	43300383	177	AG
1	43301962	1485	GA
1	43302844	882	TC
1	43303226	382	GC
1	43303454	228	GA
1	43305805	2157	GC
1	43307769	1964	GA
1	43308324	555	AC
1	43309401	1077	AG
1	43309794	365	CT
1	43309985	191	GA
1	43311611	1578	AG
1	43311753	142	CA
1	43311872	119	CT
1	43312313	441	CT
1	43312762	423	CG
1	43315901	3021	CT
1	43315909	8	CT
1	43317218	540	GA
1	43319618	1813	CT
1	43319703	85	AG
1	43319851	148	GA
1	43320073	222	GA
1	43320367	294	CG
1	43320394	27	GA
1	43325729	5113	CT
1	43325922	193	CT
1	43327991	1859	TC
1	43328623	632	CT
1	43332059	3371	GC
1	43332902	809	GA
1	43333445	543	CT
1	43338031	2897	GT
1	43338061	30	CT
1	43340185	2124	CT
1	43341476	1291	TG
1	43342244	768	TC
1	43342308	64	GA
1	43342601	293	AG
1	43342769	168	TC
1	43343191	422	GA
1	43344215	944	AG
1	43344225	10	CT
1	43345653	1428	GA
1	43350354	4504	CT
1	43351687	1309	AG
1	43352102	415	CG
1	43352598	496	TG
1	43353229	613	CT
1	43353583	172	TA
1	43354743	1160	CA
1	43355030	287	CT
1	43355063	33	CA
1	43355173	110	GA
1	43356271	1098	GA
1	43356465	194	AG
1	43357151	615	GC
1	43358663	1512	CT
1	43358681	18	CT
1	43358785	104	TC
1	43359130	197	GA
1	43360046	916	GC
1	43360069	23	GA
1	43360208	139	GA
1	43361557	1299	TC
1	43361840	283	GA
1	43362162	322	AG
1	43362213	51	CT
1	43362901	688	TC
1	43362902	1	CT
1	43364258	771	GA
1	43364499	241	AC
1	43364622	123	TG
1	43365355	670	CA
1	43369000	3535	AG
1	43379745	6328	CG
1	43394122	11261	CA
1	43396267	1831	GC
1	43403611	5765	TC
1	43407107	2383	CT
1	43407790	646	CA
1	43409650	767	GA
1	43412539	2237	GT
1	43412638	99	AC
1	43414222	1584	CT
1	43414792	570	GA
1	43417069	723	CG
1	43417420	351	AG
1	43418974	1120	CT
1	43420999	378	AG
1	43421300	301	GA
1	43422653	374	GC
1	43423556	903	GC
1	43424039	483	CT
1	43426687	1677	CT
1	43427215	528	CT
1	43428370	694	GA
1	43429145	775	TC
1	43431349	1347	CT
1	43431947	598	TC
1	43433617	1502	CA
1	43433690	73	CG
1	43434154	464	CT
1	43434159	5	CT
1	43434160	1	AG
1	43434163	3	TC
1	43434764	601	AG
1	43438142	604	GT
1	43438855	76	TC
1	43438886	31	GT
1	43439977	338	CT
1	43440083	106	CT
1	43440084	1	GA
1	43440361	277	CA
1	43440567	206	TC
1	43441081	473	AG
1	43441292	211	TC
1	43441448	156	CT
1	43441519	71	TC
1	43441856	337	TC
1	43442076	220	TC
1	43442175	99	TA
1	43442395	220	GA
1	43442676	281	CT
1	43442737	61	TC
1	43442761	24	TC
1	43443421	308	GA
1	43444797	959	GA
1	43444893	96	CG
1	43445090	197	CA
1	43445674	584	GA
1	43445918	88	AG
1	43445927	9	GA
1	43446064	137	TC
1	43446107	43	AG
1	43447245	810	GA
1	43447466	221	CT
1	43448408	942	CT
1	43448420	12	CT
1	43451006	2228	CT
1	43451269	263	CT
1	43452055	786	TA
1	43452496	441	TG
1	43452742	246	CT
1	43452772	30	AG
1	43453000	228	GA
1	43453116	116	AC
1	43453854	738	CT
1	43454308	454	GA
1	43456131	1823	GA
1	43456498	367	GC
1	43458480	1568	TC
1	43458618	138	TG
1	43458782	164	CT
1	43458833	51	GA
1	43458918	85	AG
1	43458960	42	AG
1	43459038	78	AC
1	43460239	1201	CA
1	43460354	115	GA
1	43461709	1355	GA
1	43461750	41	CT
1	43462948	846	AG
1	43463333	385	GT
1	43463371	38	CG
1	43463562	191	TA
1	43464282	720	GA
1	43464384	102	AG
1	43464795	411	AG
1	43465005	68	GA
1	43465121	116	TC
1	43465238	117	GA
1	43465492	254	GA
1	43465674	182	AG
1	43465848	174	CT
1	43465906	58	TA
1	43466021	115	CT
1	43466966	491	GA
1	43466979	13	CA
1	43467129	150	GT
1	43467250	121	TC
1	43467702	452	TC
1	43467725	23	TG
1	43468428	623	CT
1	43468715	287	TC
1	43468753	38	AG
1	43468755	2	GA
1	43469073	318	TC
1	43469091	18	GT
1	43470346	1225	GA
1	43470526	180	AG
1	43470702	176	GA
1	43470896	161	CA
1	43470913	17	TC
1	43471369	431	CT
1	43471383	14	AG
1	43471535	152	CT
1	43471639	104	GC
1	43473309	1226	AG
1	43474229	920	AT
1	43474702	473	CT
1	43475715	761	AG
1	43477564	968	AT
1	43477577	13	AG
1	43477728	151	GA
1	43478171	409	TG
1	43479314	826	GC
1	43479517	203	CT
1	43479537	20	GT
1	43480213	676	GA
1	43481088	875	CG
1	43481313	225	CG
1	43481880	567	CG
1	43482284	404	TC
1	43482655	371	AG
1	43483238	583	TC
1	43483256	18	GA
1	43483561	305	AG
1	43483784	223	TC
1	43486576	2035	GA
1	43489030	1560	CT
1	43492996	3478	AG
1	43495166	1585	CT
1	43497759	2593	TG
1	43498440	681	GC
1	43498696	256	CA
1	43500693	1789	TG
1	43507908	6572	GA
1	43508955	975	CT
1	43511582	2627	TC
1	43512063	167	GC
1	43512937	796	TC
1	43513521	388	GA
1	43515410	1509	AT
1	43517698	2210	AT
1	43519375	1402	GA
1	43519924	549	GA
1	43523913	3198	GA
1	43525857	1913	GC
1	43526464	607	GC
1	43526479	15	CT
1	43531132	4393	TC
1	43531568	358	AG
1	43531883	315	AC
1	43532581	698	TC
1	43532807	226	TG
1	43533470	663	AG
1	43533606	136	TC
1	43533729	123	TA
1	43536835	1449	TC
1	43536873	38	AG
1	43536934	61	CG
1	43536958	24	CA
1	43539773	1649	GA
1	43558303	340	AG
1	43562483	3188	GA
1	43568430	2337	GA
1	43568466	36	GA
1	43568940	474	GC
1	43568985	45	GC
1	43569035	50	GA
1	43570336	1301	GC
1	43571858	1522	AG
1	43572439	581	GC
1	43572562	123	CA
1	43572662	100	GA
1	43573328	666	GA
1	43573329	1	AG
1	43573447	118	AG
1	43573625	178	CT
1	43573824	199	AC
1	43574169	345	CT
1	43574275	106	CG
1	43574677	402	TC
1	43574712	35	TC
1	43575816	764	AG
1	43576126	310	GT
1	43576502	376	TC
1	43576513	11	GA
1	43576967	454	CT
1	43577040	73	CT
1	43579202	2137	TC
1	43579647	445	CT
1	43580360	598	GA
1	43580965	605	AG
1	43581136	171	GA
1	43581548	412	GA
1	43581787	239	GA
1	43582568	98	TC
1	43582572	4	CT
1	43582584	12	CT
1	43582731	147	GT
1	43582737	6	GC
1	43582794	57	GC
1	43583116	322	AT
1	43583576	412	TG
1	43583674	98	AT
1	43585633	476	AG
1	43585763	130	GA
1	43586103	245	CT
1	43586584	327	GC
1	43588177	1031	CG
1	43588207	30	AG
1	43588351	144	TC
1	43588756	405	GA
1	43588820	64	CT
1	43589241	421	CT
1	43589359	118	GA
1	43589464	105	AG
1	43589526	62	TC
1	43589582	56	AG
1	43590462	880	AG
1	43591818	1264	GA
1	43592846	977	CT
1	43594376	1008	CT
1	43595532	1156	CT
1	43595538	6	GA
1	43595615	77	GT
1	43596722	759	TA
1	43596905	183	TC
1	43597493	588	TC
1	43597714	221	CT
1	43598043	329	CG
1	43598057	14	TC
1	43598952	895	TC
1	43600184	1025	TC
1	43602109	1905	GC
1	43604026	1660	CT
1	43605710	1452	TC
1	43605996	286	CT
1	43608755	1104	GA
1	43609104	22	GA
1	43609420	316	TG
1	43609704	284	TC
1	43610112	408	GA
1	43610638	526	AG
1	43610884	246	AC
1	43613029	2145	CT
1	43613716	687	AG
1	43615495	1312	AG
1	43615832	337	CT
1	43616420	588	GA
1	43618466	1966	CT
1	43619056	590	GA
1	43620199	1143	TC
1	43621025	826	GA
1	43621587	562	CA
1	43623419	1832	CG
1	43625603	1833	TC
1	43626496	893	CT
1	43626777	281	CT
1	43628929	2124	AG
1	43629192	263	CT
1	43631300	2050	TC
1	43636750	4461	CT
1	43637095	345	AG
1	43637367	272	GA
1	43637760	371	GT
1	43637774	14	CT
1	43642088	3817	GA
1	43643813	1725	CT
1	43644490	677	GA
1	43644639	149	CT
1	43646178	1468	CG
1	43646732	554	CT
1	43648593	1861	CG
1	43648803	210	GA
1	43648850	47	CT
1	43650101	1049	CT
1	43655296	1786	GA
1	43655856	560	CT
1	43661510	4731	GA
1	43661566	56	GA
1	43662856	1160	GC
1	43663155	299	CT
1	43663974	819	AG
1	43665261	1253	TC
1	43665816	555	CT
1	43666082	266	CG
1	43666929	847	CT
1	43668022	764	TC
1	43668717	695	CT
1	43669586	802	TC
1	43670638	1052	CT
1	43670955	317	AG
1	43671658	703	GA
1	43673549	1891	CT
1	43673911	362	GA
1	43674354	443	GA
1	43675600	1246	TC
1	43676346	746	CT
1	43677147	801	TC
1	43677246	99	AG
1	43677749	503	CA
1	43677846	97	TC
1	43679011	967	CT
1	43679037	26	CT
1	43679976	939	TC
1	43681386	1410	TC
1	43683836	2450	TG
1	43686362	2217	CT
1	43687618	1181	AT
1	43689193	1536	GA
1	43690055	862	CT
1	43694935	4880	GA
1	43695808	873	CA
1	43698269	1158	GA
1	43698291	22	GA
1	43699507	1066	GA
1	43699931	424	AG
1	43700129	198	AG
1	43700339	210	AG
1	43701201	862	GT
1	43701270	69	CA
1	43701341	71	GA
1	43702934	1198	GA
1	43703171	237	GA
1	43703877	706	TC
1	43704139	262	GA
1	43704252	113	GA
1	43704527	275	CT
1	43704667	140	AG
1	43705987	879	TC
1	43706281	294	GA
1	43706830	549	GA
1	43707753	550	GT
1	43709372	1619	GA
1	43709565	193	GT
1	43710330	765	AC
1	43710520	190	GA
1	43710526	6	GC
1	43712338	1766	CT
1	43712508	170	GC
1	43712979	471	CT
1	43714866	1700	AT
1	43715207	341	GA
1	43715265	58	GA
1	43715886	621	CT
1	43715913	27	TC
1	43716140	227	GA
1	43716378	238	AG
1	43717058	680	GA
1	43718463	1405	AG
1	43719294	831	GA
1	43719637	343	CA
1	43719745	108	AG
1	43720584	839	GA
1	43721051	467	TC
1	43721365	314	GA
1	43721376	11	AG
1	43721397	21	GA
1	43721886	489	AG
1	43722286	400	GA
1	43722312	26	TC
1	43722325	13	TG
1	43722384	59	GA
1	43722604	220	CT
1	43724800	2196	AG
1	43724999	199	AC
1	43726892	1806	AG
1	43727244	352	GA
1	43727331	87	CA
1	43727812	481	TC
1	43729791	1979	GA
1	43730940	663	TC
1	43730946	6	GC
1	43731500	254	AG
1	43731733	233	AG
1	43731751	18	AG
1	43732289	538	GA
1	43732334	45	TG
1	43732348	14	TG
1	43732381	33	GA
1	43732443	62	GC
1	43732603	160	GA
1	43732945	249	CT
1	43732955	10	TC
1	43732975	20	CT
1	43734170	1195	CT
1	43734196	26	GA
1	43735012	816	CT
1	43735060	48	GA
1	43735463	39	AG
1	43735584	121	GA
1	43735943	359	GC
1	43736327	384	AG
1	43736411	84	GA
1	43736541	130	CA
1	43736642	101	AG
1	43736869	153	GA
1	43736961	92	CG
1	43738526	1474	CT
1	43738719	193	CT
1	43738880	161	GA
1	43738926	46	TC
1	43739886	960	CT
1	43741356	1298	CT
1	43742747	1186	CA
1	43743273	526	GT
1	43744330	1057	GT
1	43746119	1789	TC
1	43747148	769	GC
1	43747228	80	GA
1	43752439	2207	CT
1	43753047	608	GC
1	43754529	1482	CT
1	43755239	710	CT
1	43755426	187	GA
1	43756257	831	AT
1	43756941	684	CT
1	43756994	53	CT
1	43757035	41	CT
1	43757096	61	AG
1	43757307	211	TC
1	43758066	727	CT
1	43759413	1347	GA
1	43759753	299	CT
1	43765593	5428	GC
1	43766600	1007	CT
1	43766935	335	CT
1	43767070	135	CT
1	43767438	368	TC
1	43772725	4683	TG
1	43773309	584	TC
1	43774104	795	CT
1	43776703	2296	CG
1	43777079	376	CT
1	43778241	1162	CG
1	43780316	2075	AG
1	43782985	1414	CT
1	43783201	216	AG
1	43783581	380	GA
1	43785190	1537	TC
1	43786018	808	AG
1	43786792	774	AG
1	43787327	535	CT
1	43788166	839	TC
1	43788463	297	AG
1	43789281	818	GC
1	43789460	179	GA
1	43792955	3495	CT
1	43793196	241	TC
1	43796060	2301	AG
1	43797487	899	TC
1	43799758	2164	TC
1	43799898	140	GA
1	43801478	1528	TC
1	43802792	1314	TC
1	43803302	510	AG
1	43804283	981	CT
1	43811020	6678	TC
1	43814037	3017	CT
1	43814331	294	CT
1	43814645	314	GT
1	43815563	822	CT
1	43815894	331	CT
1	43816492	598	CG
1	43817526	1034	CT
1	43817658	132	TC
1	43817815	157	GA
1	43817994	179	AG
1	43818337	343	TC
1	43818727	390	TC
1	43819948	1221	CT
1	43820216	268	CT
1	43823206	2906	TC
1	43826655	3449	CT
1	43829230	2575	CT
1	43831212	1982	GC
1	43835830	4495	GA
1	43837815	1985	GT
1	43837816	1	CT
1	43838767	922	CT
1	43839808	923	CT
1	43843404	3596	CT
1	43848721	5216	AC
1	43850649	1731	CA
1	43852320	1627	AG
1	43867868	12962	CT
1	43869485	1617	GT
1	43871156	1593	AG
1	43871266	110	GA
1	43874773	3220	GA
1	43876191	893	CT
1	43876701	510	CT
1	43877174	473	CT
1	43877447	273	GA
1	43879833	2386	AG
1	43882673	2505	AG
1	43885866	3133	CT
1	43885929	63	GA
1	43887199	1270	AG
1	43888181	982	GA
1	43888319	138	AG
1	43889850	1531	TA
1	43891929	1935	GA
1	43893285	1294	GA
1	43895316	2031	AG
1	43897031	1715	GA
1	43899764	557	AG
1	43901435	1646	CT
1	43901573	138	CA
1	43901916	343	GA
1	43902002	86	GC
1	43902578	576	GA
1	43909008	6308	GA
1	43911076	2068	CG
1	43911602	526	CT
1	43911662	60	GA
1	43912018	356	AG
1	43912495	477	CT
1	43912817	322	TC
1	43913534	717	TC
1	43913603	69	TC
1	43917211	3557	GA
1	43917322	111	TC
1	43917361	39	AC
1	43917720	359	TC
1	43918060	340	TC
1	43919382	1322	GA
1	43920389	1007	GA
1	43923460	2692	CT
1	43924042	582	CT
1	43929484	5401	CT
1	43930509	1025	CA
1	43932327	1587	GA
1	43932610	283	CT
1	43936193	1759	AG
1	43936531	338	CT
1	43939265	2640	GC
1	43941011	1746	GC
1	43941527	516	CT
1	43941601	74	GA
1	43941609	8	CT
1	43942138	483	GA
1	43946119	3589	AT
1	43946224	105	GA
1	43947190	966	AG
1	43951462	3467	AG
1	43953567	2105	GA
1	43954504	801	CT
1	43954676	90	CT
1	43955418	742	AG
1	43955604	186	AG
1	43955697	93	CT
1	43957304	1430	GA
1	43958358	699	TC
1	43958636	231	CT
1	43958894	258	CT
1	43959826	482	AC
1	43961358	406	GT
1	43961422	64	TC
1	43961478	56	CT
1	43961801	323	CT
1	43961915	114	AG
1	43962055	140	GA
1	43965922	3223	CT
1	43966160	238	AG
1	43966545	251	CT
1	43966588	43	GA
1	43966724	136	GT
1	43967071	347	GA
1	43967149	78	GC
1	43967340	191	CT
1	43968534	1194	GT
1	43969269	735	CT
1	43972647	2761	GC
1	43973243	554	GA
1	43973474	231	CT
1	43974325	851	GA
1	43976291	1871	TC
1	44011705	29194	CG
1	44040073	22851	CT
1	44047510	7361	CT
1	44086767	38321	CT
1	44170017	72248	AG
1	44195709	22141	CT
1	44195877	168	GA
1	44309385	93121	GA
1	44318707	7013	CT
1	44328841	9881	CA
1	44349238	18696	GA
1	44358483	8453	CT
1	44368025	8538	CT
1	44378576	5186	GC
1	44404722	19721	CT
1	44441502	32573	GC
1	44444707	2950	CT
1	44462187	14095	CT
1	44464268	1887	GT
1	44464741	442	GA
1	44475626	10629	TC
1	44516450	35891	AG
1	44527152	9233	CT
1	44527571	419	CT
1	44529912	2341	CT
1	44531539	1627	CA
1	44531871	332	CT
1	44532510	639	CT
1	44533129	619	GA
1	44533908	779	CT
1	44534055	147	TC
1	44535578	1523	CT
1	44537092	1495	TG
1	44544426	3867	TC
1	44548994	1088	CT
1	44562646	11862	CT
1	44566659	3976	GA
1	44570850	4076	CA
1	44573025	2175	GA
1	44574052	1027	CG
1	44575114	1062	CT
1	44575348	234	CT
1	44576329	752	AG
1	44576471	142	CT
1	44576905	353	GA
1	44576976	71	GA
1	44577553	577	CT
1	44577843	290	GA
1	44579597	1073	GA
1	44580667	1070	GC
1	44581038	371	GA
1	44581065	27	CT
1	44581239	174	CT
1	44587177	3086	GA
1	44590071	2138	AG
1	44590106	35	GA
1	44590315	209	GC
1	44590487	172	TC
1	44590670	183	AG
1	44591527	857	GC
1	44592469	942	CT
1	44593445	196	CT
1	44593447	2	GC
1	44593749	302	CT
1	44593755	6	GA
1	44600713	2473	AG
1	44600821	108	CT
1	44600841	20	GA
1	44601357	105	GC
1	44603109	1752	AG
1	44608946	2727	GA
1	44609993	420	CG
1	44614729	3351	TC
1	44616954	1783	AG
1	44617593	391	AT
1	44617774	181	CT
1	44618222	448	CT
1	44619298	1076	CT
1	44620333	786	GA
1	44620348	15	GA
1	44620590	242	AG
1	44621345	755	AG
1	44621706	361	TC
1	44622049	343	GA
1	44623697	533	GT
1	44627350	2124	CG
1	44628206	530	AG
1	44630086	1563	GA
1	44631478	1331	GA
1	44632052	574	TC
1	44632212	160	GA
1	44632893	681	CT
1	44633683	473	AG
1	44634529	736	AG
1	44634920	391	GT
1	44635858	938	GA
1	44636054	196	GA
1	44638936	2314	CA
1	44642050	1678	CT
1	44644289	2122	TG
1	44646722	1240	GA
1	44648847	1574	AG
1	44651765	1400	GA
1	44651998	233	AT
1	44652084	86	GA
1	44652732	648	GT
1	44656285	2951	GA
1	44656871	586	GA
1	44657040	169	GA
1	44657743	398	CT
1	44658088	345	CT
1	44658802	624	GA
1	44662517	2571	GA
1	44665698	1403	CT
1	44669570	3840	CT
1	44670782	142	AG
1	44672575	1513	GT
1	44673399	824	CT
1	44673518	119	AG
1	44674283	765	GA
1	44674956	276	CT
1	44750284	64172	TC
1	44785176	25560	CT
1	44791316	5470	GT
1	44808619	11556	GA
1	44825684	11484	GA
1	44831129	5142	CT
1	44835922	4727	CG
1	44866298	24139	CT
1	44866370	72	TG
1	44866788	418	TC
1	44867219	431	GA
1	44867234	15	CA
1	44867299	65	CT
1	44881482	12141	GA
1	44894517	10407	CT
1	44894520	3	GA
1	44902962	7411	AG
1	44954633	30979	CT
1	44982649	19456	GA
1	45000024	24	TG
1	45000051	27	GT
1	45000717	608	TC
1	45001037	320	CA
1	45001356	114	GA
1	45001401	45	CT
1	45001501	100	CT
1	45002864	1363	AT
1	45004474	1610	GC
1	45004678	80	CT
1	45004988	310	GT
1	45005058	70	CT
1	45005062	4	TC
1	45005152	90	GA
1	45005214	62	TC
1	45005269	55	GT
1	45005482	176	GT
1	45005485	3	TC
1	45006249	764	CA
1	45007130	468	CT
1	45010116	2211	AC
1	45010292	176	AG
1	45010789	497	AC
1	45010836	47	GT
1	45010983	147	TC
1	45011078	95	GT
1	45015546	2916	GA
1	45016668	800	GA
1	45017184	516	CT
1	45017466	282	GT
1	45017472	6	GA
1	45022334	4153	TC
1	45043200	17207	GT
1	45043201	1	CT
1	45056472	9802	CT
1	45066611	9158	GC
1	45066669	58	CT
1	45067576	422	AG
1	45068916	675	TC
1	45069100	184	GT
1	45069884	572	GA
1	45070056	172	GC
1	45070168	112	CT
1	45071347	768	GC
1	45074383	1082	GC
1	45074426	43	CT
1	45075319	651	GA
1	45080468	1427	CT
1	45080561	93	CT
1	45080665	104	CA
1	45081127	399	GA
1	45081136	9	CT
1	45081201	65	TC
1	45081227	26	AG
1	45081263	36	CT
1	45081277	14	TC
1	45081881	279	CT
1	45081900	19	GC
1	45082118	81	AG
1	45082240	122	CA
1	45082795	555	TC
1	45082836	41	AG
1	45082972	136	GA
1	45083295	323	TC
1	45083316	21	TC
1	45084137	821	CG
1	45085252	1006	GA
1	45086134	31	CG
1	45086135	1	GC
1	45086151	16	TG
1	45086602	76	TC
1	45086603	1	GA
1	45086817	214	AG
1	45086840	23	TC
1	45087008	168	TC
1	45087982	920	GA
1	45088230	127	GA
1	45088453	223	CT
1	45089020	567	TC
1	45089352	197	AG
1	45093728	3977	GA
1	45093859	131	CT
1	45109004	8897	CG
1	45109030	26	GC
1	45109399	369	GA
1	45109571	172	CT
1	45109765	194	CT
1	45109769	4	GA
1	45110263	494	CT
1	45110324	61	GA
1	45111149	198	CT
1	45111279	130	GA
1	45111606	233	GA
1	45112687	1051	GA
1	45114579	1236	GA
1	45114734	155	AG
1	45115936	67	TC
1	45116329	334	TA
1	45116340	11	TC
1	45116690	350	AG
1	45116709	19	GA
1	45116839	130	TC
1	45117064	99	TG
1	45117273	209	AG
1	45117277	4	TC
1	45117692	127	AG
1	45118430	738	CT
1	45119583	864	CA
1	45119859	178	TA
1	45120072	178	CT
1	45120449	253	TA
1	45120991	542	CT
1	45121015	24	CG
1	45121967	750	AT
1	45122105	138	CG
1	45122164	59	CT
1	45122337	173	CT
1	45122670	208	CT
1	45122736	66	AG
1	45123175	237	GA
1	45123250	75	CT
1	45123573	248	CT
1	45131913	7864	AC
1	45137168	4911	AG
1	45141039	3358	CT
1	45141111	72	CT
1	45141562	451	GA
1	45142266	704	GA
1	45144981	2346	GA
1	45144986	5	GA
1	45146617	923	AG
1	45147713	563	GT
1	45153328	4073	AG
1	45153519	191	GA
1	45154577	744	GA
1	45155167	590	CT
1	45155375	208	AG
1	45155458	83	AG
1	45155896	384	GA
1	45156949	777	CT
1	45157061	112	AG
1	45157554	493	AG
1	45157877	323	CT
1	45158637	626	AG
1	45159334	697	CG
1	45160648	1063	GA
1	45160724	76	TC
1	45161920	1002	AG
1	45163398	1118	AG
1	45163965	540	GA
1	45164603	368	TG
1	45165030	325	TG
1	45165044	14	TC
1	45165064	20	AG
1	45167297	1036	GT
1	45167639	320	CT
1	45169307	1525	GT
1	45169664	357	AC
1	45170953	1142	CA
1	45172136	1026	AG
1	45172141	5	AT
1	45173023	552	CT
1	45173246	223	GA
1	45173250	4	CT
1	45173293	43	TC
1	45173490	197	CT
1	45173861	371	GC
1	45173873	12	GA
1	45176057	1513	CT
1	45176127	70	CT
1	45176331	204	CA
1	45176335	4	GA
1	45176520	185	TG
1	45176558	38	GA
1	45176634	76	TA
1	45178386	1054	TC
1	45179736	1090	CT
1	45181707	1438	CG
1	45181732	25	GA
1	45181913	181	GA
1	45181940	27	GA
1	45181989	49	GA
1	45183405	1416	CT
1	45184130	725	GA
1	45184285	155	CT
1	45184523	238	TC
1	45184660	137	GC
1	45185546	799	GA
1	45185765	219	CT
1	45185863	98	TG
1	45185880	17	AG
1	45185910	30	AG
1	45185914	4	GC
1	45186524	53	GA
1	45186760	139	CG
1	45186776	16	AG
1	45186815	39	TC
1	45187956	410	AG
1	45188585	243	GA
1	45188804	80	TC
1	45188842	38	CT
1	45189661	122	GA
1	45189682	21	CT
1	45189811	129	AC
1	45190006	195	TC
1	45190968	962	GA
1	45191172	204	GA
1	45191542	370	TC
1	45191748	206	CT
1	45192594	480	AG
1	45192735	141	TC
1	45192818	83	CT
1	45192975	157	TC
1	45192976	1	GA
1	45193139	163	AG
1	45193669	530	CT
1	45193770	101	CT
1	45193771	1	CG
1	45193952	181	CA
1	45194204	252	GA
1	45194475	271	TC
1	45195136	612	GA
1	45202377	5822	CA
1	45203132	482	CT
1	45203207	75	GA
1	45204847	1330	AG
1	45204878	31	TC
1	45209868	320	GA
1	45209934	66	GA
1	45210385	451	CT
1	45210567	182	GA
1	45210928	361	AG
1	45211612	235	TC
1	45213244	478	AG
1	45213254	10	CA
1	45216611	2102	CA
1	45218424	1591	AC
1	45219719	766	GA
1	45220323	186	GT
1	45220445	122	CT
1	45220844	209	TC
1	45221199	42	CT
1	45221249	50	AT
1	45221371	122	AG
1	45221378	7	TC
1	45221672	294	TC
1	45221799	127	GT
1	45221801	2	CT
1	45221886	85	TC
1	45221957	71	TC
1	45222833	641	TC
1	45222836	3	AG
1	45222970	115	GA
1	45223196	226	CT
1	45223314	118	AC
1	45223709	395	AC
1	45224454	745	GA
1	45224631	177	AG
1	45225032	401	AC
1	45225346	314	GC
1	45225907	490	AG
1	45225909	2	GA
1	45226393	465	CT
1	45226715	322	CT
1	45228250	634	GA
1	45228308	58	AT
1	45228383	75	CT
1	45228387	4	TC
1	45229107	391	GT
1	45230072	497	AG
1	45230629	557	TC
1	45231414	381	TG
1	45231462	48	GT
1	45231745	283	AG
1	45231780	35	CT
1	45231871	91	TC
1	45232449	370	GA
1	45232463	14	GC
1	45232514	51	CG
1	45232566	52	TA
1	45232602	36	GA
1	45232805	203	GA
1	45232847	42	GA
1	45232896	49	AG
1	45232917	21	AG
1	45234123	984	AC
1	45236151	1201	CT
1	45237637	1066	CT
1	45240557	2392	GA
1	45240666	109	TC
1	45240808	142	GA
1	45240822	14	TA
1	45240893	71	AG
1	45241227	334	CT
1	45241401	174	TC
1	45241478	77	TG
1	45241500	22	GT
1	45241558	58	CT
1	45241781	223	TC
1	45241921	140	CA
1	45242263	342	GA
1	45242650	387	CT
1	45242802	152	CG
1	45248220	1765	CA
1	45248277	57	GA
1	45248498	221	TC
1	45248543	45	CT
1	45248557	14	GA
1	45248908	351	GA
1	45248911	3	GA
1	45249020	109	GA
1	45249507	150	GT
1	45249742	235	AT
1	45250393	558	AT
1	45250552	159	AT
1	45252014	1368	AG
1	45252340	326	AG
1	45253155	499	GA
1	45253177	22	AG
1	45254052	875	AC
1	45254184	132	AT
1	45254505	321	GA
1	45254638	133	CG
1	45254784	146	CA
1	45256431	1083	TC
1	45258316	1039	GA
1	45260164	1563	TA
1	45261662	624	AG
1	45261738	76	GA
1	45262056	318	GA
1	45263274	346	AC
1	45263300	26	TC
1	45263362	62	TC
1	45270787	315	AG
1	45271308	521	CT
1	45271825	319	CT
1	45273576	1069	GA
1	45273637	61	AG
1	45274294	505	CT
1	45274599	266	AG
1	45274637	38	GA
1	45274703	66	AG
1	45274817	114	AT
1	45275117	300	CT
1	45277171	2054	AG
1	45277880	692	TG
1	45327681	34861	CT
1	45351554	14352	AG
1	45352564	670	TA
1	45360201	5141	CT
1	45414346	38468	CT
1	45417838	1034	CT
1	45419229	869	CT
1	45419292	63	AG
1	45419652	301	AG
1	45419947	225	AC
1	45422061	1753	AG
1	45422301	156	TA
1	45422395	94	GA
1	45425020	1063	AT
1	45425165	145	TA
1	45426110	808	TC
1	45426721	531	GC
1	45438858	899	TA
1	45440273	567	GA
1	45440498	225	CT
1	45440721	156	GT
1	45440940	219	CT
1	45441282	342	AG
1	45442027	178	TC
1	45442726	283	CT
1	45442885	159	AG
1	45442915	30	GT
1	45443890	975	GA
1	45447153	1819	CG
1	45448081	534	GA
1	45448726	595	AG
1	45448861	135	GT
1	45448910	49	AT
1	45449335	403	AT
1	45450565	518	TC
1	45451815	598	TC
1	45452014	108	AG
1	45452785	471	CT
1	45452863	78	AG
1	45453444	581	GA
1	45453892	366	TG
1	45455156	946	CT
1	45456407	1202	GA
1	45462113	545	AG
1	45463380	1093	CT
1	45466435	1624	AT
1	45468655	1713	CT
1	45472904	3233	AC
1	45479541	1626	CA
1	45481863	1133	TC
1	45483929	1514	CA
1	45485142	945	TC
1	45486683	745	AG
1	45486786	103	GT
1	45486787	1	AG
1	45487166	379	TC
1	45487696	530	GA
1	45489203	798	TA
1	45492855	2296	GA
1	45508342	6793	AG
1	45509683	1045	TG
1	45510622	447	TC
1	45510688	66	CT
1	45510845	157	TC
1	45511649	701	GA
1	45512339	216	CT
1	45513760	527	GT
1	45515171	971	TC
1	45517831	1657	GC
1	45530905	10272	TC
1	45533662	1775	AC
1	45537756	1037	GA
1	45543276	3850	GT
1	45544805	598	GA
1	45546398	1023	TC
1	45546833	293	GC
1	45547015	182	CT
1	45548105	778	GA
1	45548914	726	TG
1	45549222	308	AG
1	45551135	1178	CT
1	45556222	4446	GA
1	45557129	632	TC
1	45557337	208	AG
1	45557421	84	TG
1	45561109	2293	CT
1	45561544	312	GA
1	45561580	36	GA
1	45561863	283	AG
1	45562039	176	AC
1	45564091	1976	CT
1	45564101	10	TC
1	45570363	5461	TC
1	45572574	2040	AG
1	45572703	129	CT
1	45573223	437	AG
1	45575624	1592	AG
1	45576298	674	CT
1	45576718	420	TC
1	45576765	47	AG
1	45579492	1343	CT
1	45581537	1794	CT
1	45582317	780	CT
1	45582802	485	GA
1	45584179	1346	AG
1	45584497	288	GA
1	45585503	961	GA
1	45587112	1609	CT
1	45588235	1123	AG
1	45588464	205	CT
1	45588592	128	CT
1	45593487	4862	GT
1	45593710	223	TC
1	45595320	1325	TC
1	45595799	479	CT
1	45597309	1221	AG
1	45597420	111	CA
1	45597626	206	AG
1	45597801	175	TG
1	45598681	880	AG
1	45598714	33	GT
1	45598726	12	AG
1	45600599	1853	CT
1	45600655	56	CG
1	45600924	241	GA
1	45600959	35	CT
1	45601360	384	CT
1	45601990	630	CT
1	45602038	48	CT
1	45602304	266	AG
1	45602683	379	TC
1	45603266	583	GA
1	45603341	75	CT
1	45603858	517	GA
1	45603931	73	CG
1	45604138	207	CT
1	45604369	231	GA
1	45605008	639	TA
1	45605010	2	GA
1	45605676	666	CT
1	45605950	274	CG
1	45605997	47	CG
1	45606010	13	GT
1	45606289	279	TC
1	45606792	503	GA
1	45607489	655	CA
1	45609049	415	TC
1	45609342	293	GA
1	45609556	214	CT
1	45609800	244	CT
1	45610250	411	GA
1	45610501	251	GT
1	45610518	17	GC
1	45610547	29	GA
1	45610569	22	CT
1	45612089	1503	CT
1	45612126	37	CT
1	45612613	487	TC
1	45613507	730	CG
1	45613878	371	GA
1	45615249	1233	GA
1	45615426	177	CT
1	45615672	246	TC
1	45616482	778	AT
1	45616512	30	CG
1	45617014	502	CT
1	45617157	143	AG
1	45617239	82	GC
1	45617350	111	AG
1	45617507	157	GA
1	45618322	815	GA
1	45618950	415	GA
1	45619415	465	TC
1	45619426	11	TA
1	45619773	347	CT
1	45620126	39	CT
1	45620155	29	CT
1	45620189	34	CT
1	45620388	199	AG
1	45621799	1250	GA
1	45624464	2296	TC
1	45625310	727	AC
1	45625858	548	GT
1	45631094	4268	CG
1	45634105	1737	AG
1	45634972	806	AG
1	45635726	754	AC
1	45635816	90	TA
1	45635904	88	GT
1	45636181	20	AT
1	45640905	3951	CG
1	45643761	2398	AG
1	45665677	13181	CT
1	45689670	20455	GC
1	45689705	35	GA
1	45689872	167	TC
1	45689911	39	TC
1	45690713	802	CT
1	45692197	1484	GA
1	45693096	807	CG
1	45693267	171	TC
1	45693466	199	AG
1	45693858	392	AG
1	45697615	3649	CA
1	45703478	5122	GT
1	45703652	126	AG
1	45703680	28	TC
1	45705000	1320	CT
1	45705173	173	GA
1	45705437	264	AC
1	45719856	2343	GA
1	45719895	39	TG
1	45720021	126	TC
1	45720089	68	CG
1	45721002	913	TC
1	45722266	1264	AG
1	45722671	405	CT
1	45723675	862	CG
1	45723677	2	CT
1	45725131	1424	GA
1	45727479	1705	TC
1	45727502	23	GA
1	45727603	101	CT
1	45728290	687	CT
1	45729841	1551	GA
1	45731431	1590	GA
1	45734321	2397	CT
1	45735149	828	AG
1	45735218	69	CT
1	45735350	132	CT
1	45737431	2052	CA
1	45737933	502	CG
1	45738152	219	TC
1	45738731	579	GT
1	45739235	504	CT
1	45740886	1436	CT
1	45741878	918	CT
1	45744334	1978	GA
1	45746699	2087	CT
1	45747376	398	GA
1	45750995	2329	CT
1	45753090	1515	CT
1	45753887	296	CT
1	45754069	182	CT
1	45756892	965	TC
1	45757674	782	CT
1	45759490	1319	CG
1	45759617	127	CG
1	45762972	2925	GA
1	45763571	599	CT
1	45765726	1485	CT
1	45765948	222	TC
1	45779574	5240	CT
1	45780604	409	GA
1	45781283	679	TC
1	45784257	2496	AT
1	45791612	5356	AG
1	45791851	239	TC
1	45792660	809	TC
1	45797079	3061	CT
1	45799803	2261	GA
1	45809692	4966	TC
1	45813819	895	GT
1	45815436	1332	AC
1	45816516	518	CT
1	45816751	68	AG
1	45817124	373	GA
1	45817644	144	AG
1	45817648	4	CT
1	45817659	11	TC
1	45822860	2384	TG
1	45824963	1070	GA
1	45825716	694	CT
1	45827898	1505	GA
1	45828480	582	CT
1	45829060	580	CA
1	45829166	106	CT
1	45829588	422	GA
1	45830147	559	GA
1	45830967	820	AG
1	45834084	2778	AG
1	45835029	863	AG
1	45835334	305	GT
1	45853069	16760	GC
1	45853399	330	TC
1	45853645	211	GA
1	45862640	8067	AG
1	45862928	288	AG
1	45863163	235	CT
1	45863331	132	TC
1	45863350	19	CG
1	45863402	52	TC
1	45863444	42	CT
1	45863585	92	GA
1	45863908	323	TG
1	45863921	13	AG
1	45864254	132	GC
1	45864805	488	TG
1	45864808	3	GA
1	45865492	402	GA
1	45865510	18	AG
1	45865662	111	CT
1	45866152	490	GA
1	45873344	4141	CA
1	45873466	122	CG
1	45873983	459	GA
1	45874349	273	CT
1	45874559	210	CA
1	45874603	44	CT
1	45874804	201	TG
1	45874854	50	AG
1	45875194	340	CG
1	45875305	62	CT
1	45875398	93	AC
1	45875406	8	TA
1	45875515	109	GA
1	45875967	452	TC
1	45876589	622	TC
1	45876812	223	CT
1	45876947	135	CG
1	45877133	186	TC
1	45877687	554	TC
1	45878397	710	CT
1	45878398	1	AG
1	45878571	173	CG
1	45878814	243	CT
1	45878976	129	GA
1	45879788	743	GA
1	45882123	2165	GA
1	45882666	543	TG
1	45883399	580	GC
1	45885445	573	CT
1	45885615	170	TC
1	45885924	309	CT
1	45886222	298	TG
1	45893241	5087	TC
1	45896036	2667	CA
1	45898791	1646	GT
1	45899736	945	TC
1	45899778	42	TC
1	45899872	94	AG
1	45899890	18	CT
1	45899938	48	TC
1	45900018	80	GA
1	45900063	45	AG
1	45900204	141	CT
1	45900530	326	CT
1	45902510	1844	TC
1	45905061	1149	CT
1	45909681	3133	CG
1	45910460	779	TC
1	45920716	8245	CT
1	45922354	1286	CT
1	45923285	819	CT
1	45923831	447	CT
1	45925151	696	GC
1	45928021	1688	TC
1	45930050	1567	GA
1	45931372	1274	AG
1	45931951	579	GA
1	45932927	818	GA
1	45933080	153	GA
1	45933248	168	CT
1	45933299	51	CT
1	45933502	31	AG
1	45933775	183	CT
1	45935319	1342	CT
1	45935686	367	GA
1	45935752	66	GT
1	45936105	353	CG
1	45936185	80	TC
1	45936556	69	CT
1	45936657	101	GA
1	45936852	195	TC
1	45936948	96	GA
1	45936949	1	AC
1	45937024	75	CT
1	45937471	447	AG
1	45937814	301	AG
1	45938042	228	CT
1	45938225	183	AG
1	45938636	275	TC
1	45938854	193	TA
1	45939824	970	CT
1	45940736	885	GA
1	45941343	454	AG
1	45941588	222	CT
1	45941603	15	AG
1	45942183	580	CT
1	45942494	130	AT
1	45942712	218	CT
1	45942770	58	GA
1	45943369	599	CT
1	45943472	103	CT
1	45943787	120	CT
1	45943789	2	AG
1	45944244	249	CT
1	45944274	30	AG
1	45944328	54	CT
1	45944441	113	TC
1	45944624	183	TC
1	45944656	32	TG
1	45944778	122	AG
1	45944784	6	TG
1	45944793	9	AG
1	45945463	634	TC
1	45945594	32	TC
1	45945649	55	TC
1	45947280	1320	GA
1	45947498	183	AC
1	45947741	243	GC
1	45951350	1490	TC
1	45951368	18	TC
1	45951456	88	AG
1	45951496	40	GA
1	45952732	887	CT
1	45952930	72	AG
1	45953224	294	AC
1	45953233	9	CT
1	45953428	195	GC
1	45953435	7	AG
1	45954171	399	TC
1	45955843	935	TC
1	45955930	87	AG
1	45956638	170	CG
1	45956920	282	CT
1	45958306	1298	CT
1	45958577	271	TC
1	45959129	493	GA
1	45960088	631	GA
1	45962354	982	AG
1	45962662	308	GA
1	45962925	263	CG
1	45963086	161	CA
1	45963518	432	CT
1	45963547	29	TC
1	45963793	246	AC
1	45963837	44	TC
1	45968779	3484	CT
1	45974342	2461	GA
1	45974647	305	CT
1	45975486	839	GA
1	45977262	1563	GA
1	45979787	2004	GA
1	45980266	199	GT
1	45980853	587	AG
1	45982021	307	AG
1	45982061	40	AT
1	45982410	349	AG
1	45985807	2932	CT
1	45990071	1662	GA
1	45990411	340	CT
1	45992948	1959	CT
1	45993513	526	GT
1	45994906	893	GA
1	45995055	149	GA
1	45995452	368	CT
1	45995591	139	TC
1	45998738	1339	TG
1	45999045	307	CT
1	45999050	5	CG
1	45999079	29	CA
1	45999783	629	AG
1	45999851	68	TC
1	46000333	404	CT
1	46000730	397	GA
1	46000799	69	CT
1	46001520	636	TC
1	46001525	5	AG
1	46002475	473	GA
1	46002787	312	GA
1	46003015	228	GA
1	46003782	726	TA
1	46003868	86	AT
1	46003921	53	CT
1	46004046	17	GT
1	46004061	15	TG
1	46004083	22	CT
1	46004301	91	AG
1	46006059	907	TC
1	46006648	589	GC
1	46006939	291	AG
1	46007468	313	GA
1	46007866	292	CG
1	46008054	112	CT
1	46008100	46	CT
1	46008705	400	GA
1	46009581	612	CA
1	46010057	438	CG
1	46012301	2137	CT
1	46012402	101	TG
1	46014736	1655	AG
1	46014797	61	GC
1	46014874	77	AG
1	46014887	13	GA
1	46015188	301	AC
1	46015225	37	AG
1	46015524	299	GA
1	46015674	150	GA
1	46015682	8	AG
1	46016038	356	GC
1	46016426	347	AG
1	46016969	447	GC
1	46018465	1496	CG
1	46018862	397	GA
1	46021894	1729	TC
1	46024245	1865	AG
1	46043118	13739	CT
1	46043928	570	CT
1	46043932	4	CA
1	46044094	162	GC
1	46044214	120	TC
1	46044285	71	AG
1	46044354	69	AG
1	46044467	113	GA
1	46044848	233	CT
1	46045658	564	CA
1	46045885	227	TC
1	46045886	1	GA
1	46045904	18	CA
1	46046000	96	AG
1	46046093	93	TC
1	46046443	298	CT
1	46046489	46	AT
1	46046496	7	CT
1	46046557	61	TG
1	46046898	341	CG
1	46046962	64	GA
1	46047297	271	CG
1	46047341	44	GT
1	46047495	154	GT
1	46047532	37	GT
1	46047760	228	AG
1	46047843	83	GA
1	46047904	61	GA
1	46047918	14	TC
1	46047943	25	CT
1	46048042	99	CT
1	46048044	2	TC
1	46048175	131	CG
1	46048384	209	GC
1	46048387	3	CG
1	46048404	17	AG
1	46048425	21	AC
1	46048583	158	AG
1	46048674	91	TC
1	46048678	4	GA
1	46048704	26	GC
1	46049298	160	AG
1	46049914	616	TC
1	46050665	309	TC
1	46053795	2792	TC
1	46054420	625	GA
1	46055108	688	AG
1	46056077	569	AG
1	46056498	421	CG
1	46056530	32	AG
1	46056651	121	AG
1	46058185	983	GA
1	46058621	436	GA
1	46059522	901	GC
1	46060536	296	CT
1	46060537	1	TC
1	46061526	799	AT
1	46062520	399	TC
1	46063292	358	TC
1	46063294	2	AG
1	46076415	9972	GA
1	46079871	2936	CA
1	46086505	5760	TG
1	46092376	4335	GA
1	46094777	2288	GA
1	46094921	144	GA
1	46094974	53	GA
1	46095788	814	TC
1	46097142	917	TC
1	46097371	229	AG
1	46099494	1893	AG
1	46101518	2024	CA
1	46102030	375	TC
1	46110393	4586	GA
1	46111148	714	TG
1	46112730	1055	CT
1	46115480	2256	CT
1	46116618	887	GT
1	46168228	38815	GA
1	46186213	12178	GC
1	46195158	7948	TC
1	46197255	2076	CT
1	46201722	4467	AT
1	46215259	11766	CT
1	46257814	31387	GT
1	46258985	695	CT
1	46271490	9739	CT
1	46308801	25547	GA
1	46343570	18236	CT
1	46344572	338	GA
1	46387238	17980	AG
1	46427892	22413	AG
1	46431463	2086	AT
1	46434288	2012	GA
1	46446842	6507	GA
1	46455688	3366	CA
1	46475782	12532	GA
1	46477564	998	GT
1	46480656	1299	AC
1	46481122	445	GA
1	46482301	849	GA
1	46483468	632	CG
1	46484670	1202	AG
1	46485236	522	GT
1	46485971	585	GA
1	46486256	285	GA
1	46487051	777	CT
1	46487128	77	GA
1	46487211	83	TC
1	46487371	160	GA
1	46492828	3110	CA
1	46493127	299	TC
1	46493397	270	GA
1	46493425	28	CT
1	46494376	646	TA
1	46494500	124	TC
1	46494584	84	CT
1	46494677	93	AG
1	46494818	141	AG
1	46494853	35	GA
1	46494974	121	TA
1	46495103	129	CT
1	46495192	89	CT
1	46495248	56	TC
1	46500864	1299	TC
1	46501783	574	CT
1	46502333	203	CT
1	46502501	168	AG
1	46503492	287	TA
1	46503692	200	CA
1	46503827	135	CA
1	46503935	108	AG
1	46504054	119	TC
1	46507964	3910	GA
1	46508472	486	CT
1	46509828	926	TC
1	46510468	640	CG
1	46511642	260	AG
1	46513275	1535	GA
1	46513305	30	GT
1	46513333	28	GA
1	46513966	576	CT
1	46514283	256	TC
1	46515481	458	AG
1	46523455	5839	CG
1	46526440	1373	TC
1	46527131	85	CT
1	46527181	50	TC
1	46530259	808	CT
1	46530318	59	GA
1	46530320	2	TC
1	46530459	139	AC
1	46530478	19	AC
1	46530605	127	CT
1	46530923	87	CG
1	46531943	463	GC
1	46532096	153	AT
1	46532235	50	AG
1	46532921	686	CT
1	46535341	1154	AG
1	46536490	304	AG
1	46536563	73	GA
1	46537322	453	CT
1	46537465	96	CT
1	46539115	161	AG
1	46539220	105	AT
1	46539414	194	CG
1	46539869	455	CA
1	46539913	44	AC
1	46540107	194	TC
1	46541294	522	AG
1	46541449	108	CT
1	46541499	50	GC
1	46542053	554	CT
1	46542107	54	GA
1	46542156	49	AG
1	46542255	99	GA
1	46542320	65	TA
1	46542434	114	TC
1	46542926	492	CT
1	46544034	1091	AG
1	46545094	215	GA
1	46545120	26	TC
1	46545135	15	CA
1	46545843	75	GT
1	46545997	154	TA
1	46546483	208	TC
1	46548477	1139	GC
1	46549823	614	CT
1	46554153	1071	GA
1	46555109	956	CT
1	46555683	301	TC
1	46555962	279	AC
1	46556472	510	AG
1	46556709	237	TC
1	46557062	353	TC
1	46557279	217	GA
1	46575974	9871	GA
1	46575978	4	GT
1	46577970	1121	AT
1	46578881	504	TC
1	46578922	41	CT
1	46579103	181	GA
1	46579162	59	GC
1	46579176	14	TC
1	46579408	83	TC
1	46581612	321	CT
1	46585726	787	AG
1	46586467	489	CG
1	46586880	413	AT
1	46586909	29	CG
1	46586913	4	CG
1	46586933	20	CT
1	46586967	34	CT
1	46587025	58	CT
1	46587026	1	AT
1	46587693	267	AG
1	46588102	409	CT
1	46589005	867	AG
1	46589555	550	GT
1	46589607	52	TC
1	46589664	57	CT
1	46589976	312	CG
1	46590113	137	GA
1	46590228	115	TC
1	46590245	17	TC
1	46590247	2	TA
1	46590298	51	CA
1	46590878	297	AG
1	46595232	2081	CT
1	46596319	791	GA
1	46598660	960	GA
1	46600983	1593	CT
1	46602185	477	TA
1	46603181	996	CT
1	46610463	4000	GA
1	46612904	1314	TC
1	46615410	659	AT
1	46621782	5279	AG
1	46622708	926	AT
1	46622943	235	CA
1	46625398	714	AC
1	46626499	427	TA
1	46628412	660	AG
1	46628489	77	CT
1	46629248	398	CT
1	46629289	41	GA
1	46630906	993	GA
1	46631120	214	AG
1	46634561	1227	GA
1	46635648	648	AG
1	46637572	1789	TA
1	46638095	523	TC
1	46638117	22	CT
1	46638731	525	GA
1	46642207	1299	GA
1	46642282	75	CA
1	46643259	925	TA
1	46643398	139	GA
1	46643823	298	AG
1	46644254	431	GT
1	46644276	22	CT
1	46646293	1769	CA
1	46646654	361	CT
1	46646865	123	CT
1	46646984	119	TC
1	46647229	245	AG
1	46647925	363	CG
1	46649185	568	TA
1	46649321	136	AG
1	46649717	396	GA
1	46649832	115	AG
1	46652447	818	AC
1	46653543	861	GA
1	46654431	152	CT
1	46654772	341	GA
1	46656202	853	AC
1	46656348	146	AG
1	46656640	292	TC
1	46656842	202	GA
1	46658087	529	AG
1	46658586	499	GT
1	46659940	1054	CT
1	46660802	528	CT
1	46662381	937	AG
1	46662997	595	GA
1	46663596	599	GA
1	46665307	1440	TA
1	46667395	1104	GT
1	46667396	1	GT
1	46671243	2708	AG
1	46674375	2817	AT
1	46675041	382	TG
1	46677111	2070	AG
1	46678194	674	CG
1	46679170	924	GC
1	46680307	355	GA
1	46680968	661	TC
1	46681973	685	GC
1	46690092	440	GT
1	46693523	2337	GA
1	46693641	118	GA
1	46693693	52	GA
1	46693831	138	GA
1	46694509	678	CG
1	46695300	791	AG
1	46696251	370	GC
1	46696388	137	CA
1	46696709	180	GA
1	46696717	8	TC
1	46697013	296	CT
1	46697802	789	CT
1	46698599	797	CT
1	46699136	252	TC
1	46699289	113	AT
1	46699353	64	GA
1	46699436	83	GA
1	46699951	515	AG
1	46700208	257	GA
1	46700565	357	TC
1	46700948	383	CT
1	46700953	5	TC
1	46702298	960	CT
1	46702305	7	CT
1	46702324	19	GC
1	46702467	143	GA
1	46702487	20	GC
1	46704052	642	AT
1	46704432	380	AT
1	46704461	29	AG
1	46704499	38	AG
1	46705076	378	CT
1	46705279	203	TA
1	46706727	458	AG
1	46708045	377	CG
1	46708083	38	TC
1	46709392	486	GA
1	46709545	153	CT
1	46709955	159	TC
1	46711110	110	CA
1	46711519	367	CT
1	46712197	295	CT
1	46712266	69	GA
1	46712904	638	GA
1	46714870	1776	CT
1	46718645	2443	GA
1	46719988	1343	TC
1	46720229	241	GA
1	46722521	1652	AG
1	46722788	232	AG
1	46726528	1815	CT
1	46728104	1230	AG
1	46728661	195	TG
1	46728841	180	GA
1	46729263	386	CT
1	46729271	8	TC
1	46738812	3090	GA
1	46740598	1039	AG
1	46740695	97	CT
1	46741454	515	GA
1	46741505	51	GT
1	46741584	79	AT
1	46745935	2048	AG
1	46746086	151	GC
1	46747841	1627	CG
1	46748172	331	GA
1	46748178	6	GA
1	46749890	134	TC
1	46759104	435	TC
1	46759265	161	GA
1	46759446	181	TG
1	46759808	283	CT
1	46760000	192	AG
1	46760205	205	AG
1	46760361	156	GA
1	46761473	497	GC
1	46761538	65	GA
1	46761567	29	CG
1	46761599	32	AG
1	46761610	11	CT
1	46761623	13	CT
1	46761626	3	CT
1	46761661	35	AT
1	46761730	69	CT
1	46762350	154	TG
1	46762707	302	TC
1	46762756	49	GC
1	46762925	169	AG
1	46762946	21	CG
1	46763729	629	AC
1	46764048	319	AG
1	46764555	507	AG
1	46764784	229	AG
1	46770504	4149	AT
1	46770796	292	GA
1	46770930	134	AG
1	46771916	706	GA
1	46772078	162	GT
1	46773239	999	CT
1	46776068	1652	TC
1	46776126	58	GA
1	46778288	2162	GA
1	46779076	788	AG
1	46789282	5227	AG
1	46789818	508	GA
1	46797808	2039	TA
1	46801691	1397	AG
1	46803864	1539	AT
1	46805377	1490	GT
1	46806119	719	GT
1	46810833	2731	AG
1	46811273	353	CT
1	46811305	32	AG
1	46824109	7828	AG
1	46901796	34744	TC
1	46908794	4160	TA
1	46919876	8688	GA
1	46948827	19345	TC
1	46950804	1608	TG
1	46960728	7483	GA
1	46977286	10557	TC
1	46978130	844	GA
1	46986535	6425	TC
1	46987895	1360	GC
1	46987938	43	AG
1	46997801	7414	AG
1	46999154	1353	CT
1	47000040	835	CT
1	47000814	774	GT
1	47001034	220	GA
1	47002077	199	TG
1	47006511	1443	CT
1	47006612	101	TC
1	47008027	1174	GA
1	47008388	361	CT
1	47009200	675	CT
1	47009236	36	GA
1	47009955	719	AG
1	47010157	202	TG
1	47012268	990	TC
1	47013312	666	TA
1	47013825	513	TG
1	47013952	127	AG
1	47020875	1163	CG
1	47021122	178	AG
1	47021315	193	CG
1	47021971	656	CG
1	47022611	498	GC
1	47023337	443	CT
1	47023451	114	GA
1	47023512	61	GA
1	47027984	3638	CG
1	47028617	633	GA
1	47028743	126	CT
1	47029838	1095	CT
1	47030958	933	GA
1	47031382	424	GT
1	47031734	352	TC
1	47032083	313	TG
1	47032268	185	TA
1	47032398	130	GA
1	47032601	203	GA
1	47032679	78	GA
1	47032694	15	CT
1	47032947	253	AG
1	47032966	19	TC
1	47035043	1974	GA
1	47100462	51742	GA
1	47105281	4756	AG
1	47116468	8433	GA
1	47116872	404	AC
1	47116900	28	AG
1	47117991	556	GA
1	47118062	71	AG
1	47118119	57	CT
1	47118391	272	AG
1	47118631	240	TC
1	47118968	337	CA
1	47119022	54	TC
1	47119269	247	TC
1	47119346	77	AG
1	47119428	82	GA
1	47119574	146	GA
1	47119630	56	TC
1	47119888	258	AT
1	47119987	99	CT
1	47120042	55	CT
1	47120197	155	AT
1	47120544	347	GA
1	47120627	83	GA
1	47120680	53	GA
1	47121729	734	AG
1	47121851	122	CT
1	47122194	286	GA
1	47124298	1622	GC
1	47127708	2750	TA
1	47139723	10322	TG
1	47140695	972	TC
1	47140940	245	CT
1	47145953	4337	AG
1	47149400	2000	AG
1	47160548	7358	GA
1	47161169	621	GA
1	47164777	3245	AC
1	47165707	898	CT
1	47170086	4191	AG
1	47172452	2299	TC
1	47173620	629	CT
1	47174736	1024	CT
1	47175097	344	TG
1	47176359	732	CT
1	47176403	44	AG
1	47176550	147	CT
1	47176836	253	GC
1	47176884	48	GC
1	47176901	17	CT
1	47177002	101	AG
1	47177003	1	CT
1	47177018	15	GA
1	47177036	18	AG
1	47177053	17	GA
1	47177297	244	AG
1	47177335	38	GA
1	47177433	98	CT
1	47177584	151	AG
1	47177600	16	AC
1	47177747	147	GA
1	47178276	529	TA
1	47178300	24	AG
1	47178302	2	CT
1	47178517	215	GA
1	47178518	1	AG
1	47179318	303	AC
1	47179781	463	GA
1	47180229	448	AG
1	47180903	674	TG
1	47181009	106	CG
1	47181499	490	AG
1	47181770	271	TA
1	47181873	103	TC
1	47182227	354	GA
1	47182232	5	AG
1	47183714	1208	CT
1	47184867	1028	GA
1	47185107	174	GA
1	47185553	332	AG
1	47187156	1150	CT
1	47187580	424	GC
1	47187877	297	AC
1	47187994	117	GA
1	47188168	174	CT
1	47188182	14	AG
1	47188301	119	GA
1	47188307	6	CT
1	47200136	10533	GA
1	47201086	950	TC
1	47203172	1660	AG
1	47203450	278	GA
1	47204508	1058	CT
1	47204652	144	AG
1	47205154	188	GC
1	47205369	215	GA
1	47205490	121	GA
1	47205663	173	GA
1	47206562	820	AG
1	47206677	115	GA
1	47206792	115	CT
1	47206946	154	CT
1	47207583	637	GA
1	47207708	125	AG
1	47207754	46	CT
1	47207861	38	GA
1	47208051	190	AG
1	47208052	1	TG
1	47208269	217	CT
1	47208595	326	GA
1	47208858	263	CT
1	47209548	654	TG
1	47209557	9	TC
1	47209699	142	CG
1	47210026	290	AG
1	47210139	113	TC
1	47210690	456	GA
1	47210710	20	TC
1	47210719	9	GC
1	47210953	234	CT
1	47210965	12	CT
1	47211114	149	TC
1	47211273	159	AG
1	47212830	1478	AG
1	47214720	932	CT
1	47214992	232	AG
1	47214993	1	GT
1	47215081	88	CA
1	47215199	118	GA
1	47216000	583	CT
1	47216378	378	GA
1	47216649	271	CT
1	47217762	1065	GA
1	47218587	750	GT
1	47221341	1814	AG
1	47221358	17	AG
1	47221429	71	TG
1	47222325	525	GA
1	47222399	74	GA
1	47222577	178	TC
1	47222638	61	GT
1	47222644	6	AG
1	47223249	605	GA
1	47223384	135	AC
1	47223620	236	TA
1	47224079	148	TC
1	47226543	1991	TC
1	47227653	1110	GA
1	47236115	7794	TC
1	47236287	172	TC
1	47236418	131	TC
1	47236858	411	CT
1	47242691	5568	CT
1	47242994	303	CT
1	47245161	1997	CT
1	47248122	2906	GA
1	47248326	204	CA
1	47253454	5075	GA
1	47258534	4750	GA
1	47261195	2325	AT
1	47261762	567	GA
1	47261897	135	GA
1	47263038	1141	GA
1	47263942	848	CA
1	47265961	1982	CG
1	47267601	1640	GT
1	47269736	1962	GA
1	47269912	176	CT
1	47270209	297	AC
1	47270396	187	AG
1	47270798	402	CT
1	47271077	279	AG
1	47271182	105	GC
1	47271487	305	CG
1	47272119	632	GA
1	47272160	41	GA
1	47272281	121	GA
1	47272306	25	GA
1	47272686	282	CT
1	47273293	182	AG
1	47273351	58	CT
1	47273446	95	AG
1	47273614	168	AG
1	47273751	137	CG
1	47273785	34	AG
1	47274069	284	GA
1	47274280	211	GA
1	47274694	272	AG
1	47275008	188	CT
1	47275554	501	CT
1	47276048	161	GC
1	47276070	22	CT
1	47276524	159	AC
1	47276571	47	CG
1	47276740	169	TG
1	47276948	208	GA
1	47276993	45	TC
1	47277207	214	GA
1	47277240	33	TC
1	47277286	46	AG
1	47277753	467	GC
1	47278286	145	TC
1	47278301	15	AC
1	47278809	508	CT
1	47278810	1	CG
1	47278833	23	AG
1	47278849	16	CT
1	47278864	15	AG
1	47279179	315	GT
1	47279341	120	AG
1	47279373	32	TC
1	47279431	58	CT
1	47279537	106	AG
1	47279800	263	AC
1	47279923	123	CT
1	47281841	1013	TC
1	47283091	596	AG
1	47287180	1018	CT
1	47287235	55	TC
1	47287260	25	GT
1	47287288	28	AG
1	47287345	57	CG
1	47287577	232	GC
1	47287625	48	TC
1	47287940	103	GA
1	47287998	58	AG
1	47288260	262	AG
1	47288466	206	CT
1	47288686	220	CG
1	47289070	384	GT
1	47292983	2174	GA
1	47303543	5644	CG
1	47303609	66	TC
1	47303906	297	GT
1	47303937	31	CT
1	47303952	15	GA
1	47304206	254	GA
1	47304570	364	AC
1	47304828	258	AC
1	47305143	72	GA
1	47306843	722	AG
1	47306916	73	CT
1	47307688	772	GA
1	47309351	1537	CG
1	47309451	100	GA
1	47309483	32	GA
1	47309688	205	GC
1	47310199	470	AT
1	47310394	195	TA
1	47310418	24	TC
1	47310585	167	CT
1	47310607	22	GT
1	47311057	450	GT
1	47311476	419	CT
1	47311489	13	CA
1	47313864	2375	GC
1	47314316	452	GC
1	47314387	71	CT
1	47315951	1425	TC
1	47317303	1322	GA
1	47319636	2078	AG
1	47319653	17	CT
1	47319778	125	TG
1	47320192	414	CG
1	47320551	359	CT
1	47320621	70	CT
1	47322836	2049	GA
1	47322973	137	AC
1	47323090	117	CG
1	47325010	1813	GA
1	47325885	875	TC
1	47325933	48	CT
1	47326282	349	AG
1	47326765	452	GA
1	47326814	49	GA
1	47327895	721	CT
1	47328912	326	TC
1	47329646	247	CT
1	47329696	50	CT
1	47330218	343	GA
1	47331511	1105	GA
1	47332611	1043	CT
1	47333386	775	CG
1	47334053	441	GA
1	47335111	1058	GA
1	47335881	738	GT
1	47337490	1132	TC
1	47337619	129	AT
1	47338607	988	CT
1	47338611	4	AG
1	47338819	208	GT
1	47338852	33	AG
1	47339494	642	TC
1	47344992	5235	TC
1	47349353	3744	TC
1	47355909	2554	CT
1	47359140	2693	TG
1	47361683	2081	TC
1	47367265	3860	GA
1	47368100	243	CA
1	47368749	649	CT
1	47373013	901	CG
1	47373202	189	CT
1	47373297	95	GA
1	47373684	387	GA
1	47373763	79	CG
1	47373854	91	TC
1	47373971	117	AG
1	47374164	193	TC
1	47374181	17	TC
1	47374535	354	GA
1	47374743	208	GA
1	47374752	9	CT
1	47376023	1137	CA
1	47376831	439	AC
1	47377343	104	GA
1	47378670	122	CA
1	47379616	888	TG
1	47382503	2577	GT
1	47382830	273	TC
1	47382960	60	AT
1	47388087	1199	TC
1	47388329	242	GA
1	47388330	1	AG
1	47388772	246	TC
1	47389748	755	GA
1	47390428	384	AC
1	47391065	264	AC
1	47391166	101	AT
1	47391299	133	GA
1	47391389	90	TC
1	47391992	603	AG
1	47392020	28	TC
1	47392408	271	TC
1	47392516	108	AT
1	47392740	224	CT
1	47392808	68	GC
1	47393015	207	TC
1	47394296	1281	CA
1	47400486	4849	TA
1	47400545	59	AC
1	47400646	101	AC
1	47400658	12	AG
1	47411023	3965	TG
1	47416904	3391	TG
1	47417053	149	GA
1	47418533	1239	CG
1	47418588	55	TG
1	47418765	177	TC
1	47419734	606	TG
1	47420069	335	AC
1	47420876	807	AG
1	47421235	359	TC
1	47422389	1154	TG
1	47423159	356	TC
1	47423357	198	CT
1	47423405	48	TC
1	47423654	249	GA
1	47423754	100	GA
1	47424140	386	TC
1	47425735	1188	CG
1	47425888	153	CT
1	47426089	201	GA
1	47426206	117	CG
1	47426351	145	CT
1	47426395	44	AG
1	47426759	364	AG
1	47426789	30	CT
1	47426993	204	TC
1	47427049	56	GA
1	47427080	31	CT
1	47427174	94	TC
1	47427229	55	TC
1	47427272	43	TC
1	47427282	10	CT
1	47427344	62	GA
1	47427366	22	TC
1	47427581	215	GA
1	47428171	516	AG
1	47429862	818	GA
1	47430042	180	GA
1	47430075	33	TC
1	47430090	15	AG
1	47430121	31	GA
1	47430165	44	AG
1	47430202	37	CA
1	47430252	50	AT
1	47430284	32	CT
1	47440435	114	GC
1	47441295	347	CA
1	47441341	46	GA
1	47441720	379	AG
1	47441862	142	TC
1	47442283	421	AG
1	47442288	5	TC
1	47443245	641	CT
1	47443344	99	AG
1	47443416	72	CT
1	47443488	72	TC
1	47445305	1134	CT
1	47446860	930	GA
1	47455196	2157	CT
1	47456409	1213	TA
1	47456490	81	TC
1	47462241	2705	GT
1	47463648	1375	TC
1	47471172	365	GA
1	47488394	6324	GT
1	47489732	679	AG
1	47490392	660	GT
1	47493326	2053	GA
1	47497717	4205	AT
1	47498008	291	GC
1	47500845	1717	GC
1	47505185	2062	TC
1	47507026	1471	TA
1	47508099	744	TC
1	47525143	4244	TC
1	47529083	1281	TA
1	47529963	403	CT
1	47530329	366	CT
1	47531432	547	GC
1	47531546	114	CT
1	47531871	211	AG
1	47532149	278	TG
1	47533828	1679	TC
1	47534107	279	GA
1	47536082	1423	GC
1	47537724	1408	TC
1	47537946	222	GT
1	47538323	265	GA
1	47540955	1591	TA
1	47541321	366	TC
1	47543944	1927	CT
1	47546089	1223	CA
1	47546651	562	AG
1	47547954	658	CA
1	47552279	3100	GA
1	47552436	157	AG
1	47555378	790	CT
1	47555619	241	GA
1	47565442	1903	GA
1	47565623	181	AG
1	47566018	136	CT
1	47566068	50	CT
1	47566110	42	CT
1	47566227	117	AG
1	47567792	286	CG
1	47568227	435	TC
1	47569441	1214	GA
1	47569788	347	AG
1	47570881	568	GA
1	47572227	153	GA
1	47572429	202	GA
1	47572452	23	GA
1	47573090	319	CG
1	47573266	176	GC
1	47573429	163	TC
1	47573447	18	CT
1	47574952	416	CG
1	47575695	389	TC
1	47575766	71	GT
1	47577880	1072	AT
1	47577882	2	TC
1	47579202	915	GA
1	47579775	573	TA
1	47579794	19	AG
1	47584664	1590	TC
1	47588676	431	AG
1	47592886	1211	GA
1	47592961	75	GT
1	47601493	4023	CT
1	47619744	4154	AG
1	47620479	735	TC
1	47621814	686	GA
1	47624560	1542	GA
1	47625818	1258	CT
1	47625847	29	CT
1	47626034	187	CT
1	47626087	53	TC
1	47626628	541	CT
1	47627534	876	AG
1	47627746	212	AG
1	47627763	17	CT
1	47627909	146	CT
1	47628362	453	TC
1	47628545	183	TC
1	47628562	17	AC
1	47628572	10	AC
1	47629687	623	CT
1	47630562	800	AG
1	47630789	148	TC
1	47630864	75	AG
1	47631708	651	TA
1	47632379	671	GC
1	47632975	596	TC
1	47633100	125	CT
1	47633438	338	CG
1	47634120	340	GA
1	47637910	1846	CT
1	47638105	120	GA
1	47646058	1261	GT
1	47646218	160	TC
1	47646972	530	TA
1	47660545	6676	AG
1	47660737	192	AT
1	47669185	1817	TC
1	47671103	833	TA
1	47673331	1259	GA
1	47673574	243	AC
1	47674770	867	TC
1	47676674	969	CT
1	47677854	1180	GA
1	47679827	1872	AG
1	47680366	521	CT
1	47681081	691	AG
1	47683520	1614	TA
1	47683525	5	TA
1	47684036	511	GC
1	47685288	686	CT
1	47685904	579	TA
1	47686907	245	AG
1	47687014	107	CT
1	47687105	91	AG
1	47687872	508	TC
1	47688008	94	CA
1	47688683	321	TC
1	47688845	162	GA
1	47689242	397	CT
1	47689263	21	GA
1	47691345	1643	GA
1	47691546	167	TC
1	47694204	1355	AG
1	47694974	462	GA
1	47695013	39	CG
1	47695493	480	AT
1	47695703	210	AG
1	47695849	109	CT
1	47696230	381	CT
1	47696925	600	TC
1	47698149	454	CT
1	47699106	551	CA
1	47699114	8	AC
1	47699347	213	TC
1	47699389	42	CT
1	47699395	6	GC
1	47699514	54	CG
1	47700427	286	TC
1	47700449	22	CT
1	47700582	133	TC
1	47701118	536	TC
1	47701601	162	GA
1	47701981	380	CT
1	47702388	407	CT
1	47702462	74	AT
1	47702473	11	AG
1	47702597	124	TA
1	47703294	697	TC
1	47703820	526	GT
1	47704109	253	AG
1	47704373	264	AT
1	47704793	347	TC
1	47704836	43	GA
1	47704846	10	TC
1	47706542	913	AG
1	47707025	179	GA
1	47707494	130	AG
1	47707760	104	GA
1	47707871	111	CT
1	47708644	568	AG
1	47710421	1188	CT
1	47712435	575	CT
1	47712797	155	CT
1	47720229	4842	TA
1	47721461	384	CT
1	47722082	621	GC
1	47722084	2	GA
1	47724264	1855	AT
1	47724292	28	CA
1	47724521	212	TC
1	47730373	1947	GA
1	47730385	12	GT
1	47732129	111	GA
1	47733649	960	TA
1	47737260	2997	AC
1	47741692	4349	AG
1	47744725	2791	AG
1	47752210	5137	CA
1	47752297	87	CT
1	47755319	2249	GA
1	47757312	1348	TC
1	47764974	2669	GA
1	47767045	666	AT
1	47767973	406	GA
1	47768879	143	CA
1	47773524	2981	TG
1	47774593	1014	CT
1	47776317	1630	AC
1	47782136	3650	AG
1	47782915	779	AC
1	47784146	1231	TC
1	47784439	293	AC
1	47787249	2303	AC
1	47788844	1169	GC
1	47789900	1056	TC
1	47793561	1977	TC
1	47794690	984	GT
1	47801884	4782	CG
1	47802799	577	TC
1	47805119	1412	TG
1	47808888	577	GA
1	47818909	5523	AG
1	47827687	6304	AT
1	47828710	1023	AG
1	47830188	1410	TC
1	47835012	4411	TC
1	47837533	1657	TC
1	47837818	285	GA
1	47838756	540	TA
1	47838928	172	AG
1	47838991	63	CT
1	47842198	940	AT
1	47844801	660	AT
1	47844947	146	GC
1	47845400	453	GA
1	47845798	398	AC
1	47846364	319	CT
1	47846425	61	GA
1	47846985	269	AT
1	47847567	582	AG
1	47847812	245	TC
1	47847829	17	TA
1	47847975	146	TC
1	47848444	469	AT
1	47848593	149	TC
1	47848740	147	CT
1	47850533	1227	TG
1	47850948	384	CT
1	47853478	1568	CG
1	47855802	1199	AC
1	47856574	471	GA
1	47858550	1858	CA
1	47861604	2504	CT
1	47874533	4972	CT
1	47877154	2088	CT
1	47877309	155	GA
1	47879377	2068	GT
1	47880953	714	AC
1	47883454	1738	CT
1	47883461	7	AG
1	47887177	1912	GA
1	47887521	344	GC
1	47890575	2480	CT
1	47891628	973	CT
1	47892070	442	CA
1	47900624	3723	CT
1	47901079	455	GA
1	47901618	539	AG
1	47904224	1090	GA
1	47908898	1799	GA
1	47910636	1067	GA
1	47912271	1635	GC
1	47915524	2152	TC
1	47923849	1137	AC
1	47926758	1301	AT
1	47927060	302	CT
1	47931429	2715	CT
1	47940936	1810	CG
1	47951126	1981	GA
1	47951737	322	AC
1	47954978	2440	TC
1	47956662	685	GA
1	47957738	1076	CT
1	47958683	945	TC
1	47962282	927	CT
1	47969553	1503	CT
1	47980619	5125	CT
1	47994567	5955	GA
1	48010220	6500	AT
1	48014544	2793	CT
1	48018085	2609	GA
1	48018350	265	AG
1	48022007	3602	CT
1	48028289	4803	AG
1	48031584	978	TC
1	48044284	7077	CT
1	48045674	1390	AG
1	48050164	2415	AG
1	48056414	3719	TG
1	48056976	287	TC
1	48057040	64	AG
1	48058137	1097	AG
1	48059160	996	CT
1	48060030	776	GA
1	48060699	523	AT
1	48062409	865	TG
1	48064841	1357	CG
1	48068371	2338	AC
1	48068372	1	TC
1	48068474	102	GA
1	48069186	541	CT
1	48069204	18	AG
1	48069706	502	CT
1	48070047	341	GA
1	48071695	1207	GA
1	48071883	188	CT
1	48074610	1808	AG
1	48074642	32	GC
1	48077220	1136	GA
1	48080819	1185	GT
1	48080870	51	CG
1	48081012	142	AC
1	48084994	1237	TA
1	48086188	904	CT
1	48087310	852	CG
1	48088589	1279	CT
1	48088605	16	AG
1	48090176	1335	AT
1	48092847	1207	GA
1	48094869	1985	AG
1	48095218	305	AC
1	48095896	678	CT
1	48097428	1057	CA
1	48098329	573	CA
1	48099308	979	TG
1	48099450	142	CT
1	48099666	216	TG
1	48099684	18	GA
1	48101285	1601	GA
1	48102417	926	GA
1	48102718	301	CA
1	48104625	1686	GA
1	48106555	1890	CT
1	48107017	462	TC
1	48107100	83	TA
1	48111772	3599	TC
1	48116319	3359	TC
1	48120800	2265	TC
1	48123956	1232	CG
1	48130024	5139	GA
1	48131684	1258	CG
1	48135174	843	AG
1	48135586	412	AG
1	48135678	92	TC
1	48136206	484	AC
1	48136930	724	CG
1	48144622	1305	CT
1	48144745	123	TG
1	48145052	278	TC
1	48145374	274	TC
1	48145404	30	TC
1	48146218	311	AT
1	48146336	118	GA
1	48146413	77	AT
1	48148201	352	GA
1	48149273	1072	GA
1	48155139	4659	TA
1	48155202	63	GC
1	48157780	2477	CT
1	48163071	3195	CT
1	48164014	475	TC
1	48167437	2200	CG
1	48169189	863	AG
1	48174153	2653	TC
1	48174700	547	AG
1	48178737	1429	GC
1	48179952	1215	GA
1	48180918	219	GT
1	48183721	2015	AG
1	48183843	122	CT
1	48185618	838	GA
1	48190088	1147	TC
1	48191638	683	AG
1	48193247	844	AC
1	48193441	194	GC
1	48196019	870	TC
1	48196890	432	TC
1	48199124	1520	AG
1	48199705	581	AT
1	48200243	538	GA
1	48200397	154	AC
1	48200836	439	CG
1	48201708	510	GA
1	48202309	601	AC
1	48202948	399	GA
1	48203694	698	GA
1	48205670	785	AG
1	48205725	55	TC
1	48206063	79	GC
1	48206100	37	TC
1	48207371	738	CG
1	48207598	227	AG
1	48207729	131	AG
1	48209803	1749	CT
1	48210166	70	AT
1	48210567	110	GA
1	48217325	473	GA
1	48217367	42	AG
1	48217409	42	CT
1	48217472	63	CT
1	48218230	758	GA
1	48220778	1272	TC
1	48221678	304	TC
1	48230412	4437	CG
1	48230895	483	AG
1	48230911	16	GA
1	48232078	1167	AT
1	48232404	326	TA
1	48237547	4098	TA
1	48242463	3050	AG
1	48249891	6913	AG
1	48258356	7075	CG
1	48260070	1714	GA
1	48261138	1068	TC
1	48263995	2269	GC
1	48265096	786	CT
1	48266090	515	GA
1	48268606	2170	CT
1	48269150	544	GC
1	48272776	3360	TA
1	48272897	121	GA
1	48273062	165	TC
1	48273177	115	GA
1	48277927	3526	AT
1	48278385	424	TC
1	48278980	595	CG
1	48282862	3703	CT
1	48283778	916	GA
1	48284958	1125	GA
1	48289820	3537	TG
1	48289961	141	TC
1	48291176	1215	CT
1	48293172	1395	TC
1	48295694	1571	TC
1	48296164	144	GC
1	48296539	249	TC
1	48297577	768	CT
1	48300942	2654	TA
1	48303202	2186	AC
1	48309714	4799	TA
1	48309716	2	CT
1	48312076	1398	CT
1	48313080	630	GA
1	48315480	1443	CA
1	48318076	687	GC
1	48320461	1170	TC
1	48321805	195	CT
1	48322976	864	CT
1	48323141	165	GA
1	48336572	4650	TC
1	48338730	1465	GC
1	48340610	1682	GA
1	48342553	971	TC
1	48343717	1130	TC
1	48344223	454	GA
1	48344466	203	AG
1	48344609	143	AT
1	48346653	447	CT
1	48347653	506	AG
1	48349343	1663	AG
1	48349361	18	AT
1	48349473	112	CA
1	48351255	1475	AG
1	48354439	3042	TC
1	48355180	345	AC
1	48356505	633	GA
1	48356507	2	AG
1	48356978	435	TA
1	48357072	94	GA
1	48359685	2590	AC
1	48360607	772	CA
1	48360842	235	AT
1	48360858	16	AG
1	48360953	95	GA
1	48361227	274	AG
1	48361315	88	GA
1	48362336	498	TG
1	48362341	5	GA
1	48362414	73	GA
1	48362526	112	AT
1	48362660	134	CT
1	48362662	2	AG
1	48362787	125	GT
1	48363419	195	CT
1	48364092	248	AG
1	48364107	15	GA
1	48364146	39	GA
1	48364325	179	AG
1	48367053	907	TA
1	48367158	105	CT
1	48367791	308	CT
1	48368094	303	AG
1	48368114	20	TC
1	48369989	994	GT
1	48370024	35	GT
1	48370147	123	AT
1	48370235	88	CA
1	48371180	945	TC
1	48371268	88	CT
1	48374408	2226	GA
1	48374690	190	AG
1	48374936	246	GA
1	48375294	13	GA
1	48375594	300	GA
1	48375601	7	TC
1	48375846	30	CT
1	48375851	5	GT
1	48375854	3	TA
1	48376943	815	CA
1	48378190	448	AT
1	48379351	567	GT
1	48379373	22	AG
1	48379604	231	GT
1	48380271	459	GA
1	48382753	1715	GA
1	48386343	2381	AC
1	48389528	1893	CT
1	48391121	896	GA
1	48392986	1278	TA
1	48393560	200	CA
1	48393909	349	GC
1	48396263	1112	TG
1	48399540	2420	CA
1	48402655	621	GA
1	48404387	1366	CT
1	48404948	561	CT
1	48406635	1225	TC
1	48406848	213	CT
1	48408189	822	TA
1	48411250	1720	AG
1	48412513	1166	GC
1	48412662	149	TC
1	48412796	134	GC
1	48414567	1359	AG
1	48414620	53	AT
1	48414770	150	AG
1	48414869	99	GA
1	48415194	325	AG
1	48417942	1025	AG
1	48418072	130	AG
1	48419825	1642	AG
1	48419836	11	AG
1	48419963	127	AC
1	48420126	163	TC
1	48420397	218	GA
1	48420588	191	GA
1	48420782	97	AG
1	48425705	1941	AG
1	48426418	713	GT
1	48427286	407	CT
1	48427922	473	GA
1	48428068	146	AT
1	48428719	651	GT
1	48430530	1161	TC
1	48431068	538	GA
1	48431129	61	GT
1	48431661	319	TC
1	48431739	78	AG
1	48432134	395	GT
1	48435679	1750	CT
1	48437865	948	AT
1	48439361	51	TC
1	48440419	712	GA
1	48447475	5248	GT
1	48447609	134	AG
1	48450085	1370	TC
1	48450673	588	TC
1	48450745	72	TC
1	48450960	215	TC
1	48451083	123	AG
1	48454104	1948	GA
1	48454182	78	GC
1	48459240	4460	GA
1	48461785	1336	AG
1	48465199	2515	AG
1	48469164	3129	CT
1	48481813	10335	GA
1	48482297	484	TC
1	48483014	717	GT
1	48503279	14411	AC
1	48505495	1981	AG
1	48510652	4536	TC
1	48514736	3919	GC
1	48517809	2442	GA
1	48518699	564	CT
1	48521856	2892	TA
1	48523909	1544	TC
1	48529701	4193	TC
1	48532567	2631	AG
1	48538663	4974	GC
1	48538919	256	GA
1	48539288	369	AG
1	48543838	2654	GA
1	48556547	5599	GA
1	48560681	2576	TG
1	48564676	1683	AG
1	48585015	9535	TG
1	48585831	438	AG
1	48589165	1093	GA
1	48605467	6136	TC
1	48605620	153	CT
1	48605653	33	CT
1	48605701	48	GA
1	48606002	301	GC
1	48609700	1169	CA
1	48609986	286	TG
1	48611728	562	TC
1	48613023	646	CT
1	48613707	489	GC
1	48615910	1302	CG
1	48620232	815	CT
1	48622595	1710	CT
1	48624467	1017	TG
1	48625749	991	TG
1	48627073	1144	GA
1	48646571	12697	AG
1	48654480	5045	GT
1	48669986	7322	CT
1	48682785	2397	TC
1	48692339	3331	TC
1	48696862	3387	TC
1	48715704	8713	GA
1	48743268	13245	GA
1	48746582	2518	CT
1	48746609	27	AG
1	48747059	166	CG
1	48769447	9324	AT
1	48769742	295	GT
1	48796292	10283	CG
1	48822076	11903	GA
1	48824328	1384	AC
1	48824329	1	CT
1	48826263	1199	AG
1	48828301	1791	GC
1	48830275	1941	AC
1	48830759	266	GA
1	48835641	909	TA
1	48844345	5987	GA
1	48844767	422	CT
1	48852825	7073	GA
1	48854769	1504	GA
1	48859269	3192	TC
1	48865412	2923	GA
1	48886744	9689	CT
1	48905999	7638	TA
1	48923594	6278	AG
1	48923934	340	GT
1	48952754	8457	CT
1	48971461	4993	CA
1	48988580	3289	CT
1	48996519	1852	GA
1	49010295	6177	AT
1	49011276	785	TA
1	49014104	2142	GT
1	49017091	1715	TC
1	49021706	2243	TG
1	49026854	3668	GA
1	49027389	535	GA
1	49027498	109	AT
1	49027593	95	GA
1	49028027	434	TC
1	49028061	34	TC
1	49028182	121	TC
1	49028622	440	TC
1	49028743	121	GA
1	49029069	326	AC
1	49035931	3400	TA
1	49036449	518	TC
1	49037461	1012	GC
1	49038257	265	GA
1	49046826	4930	GA
1	49048823	1154	GT
1	49048870	47	TA
1	49055559	4112	CT
1	49065368	4517	GA
1	49078910	3235	TC
1	49086714	5653	AG
1	49101947	7271	TG
1	49102033	86	GA
1	49102039	6	GA
1	49105177	1653	AT
1	49108747	1253	CT
1	49109854	1079	GC
1	49121323	4869	GC
1	49122516	947	CT
1	49124335	1011	CG
1	49137051	4219	TG
1	49137516	412	CT
1	49140151	1275	GT
1	49143778	2132	GC
1	49149656	4451	TC
1	49153262	1156	GA
1	49154073	811	CA
1	49154255	43	TG
1	49154967	688	CT
1	49155870	779	AG
1	49156268	398	AC
1	49166604	6549	GC
1	49166645	41	GA
1	49171545	3732	GA
1	49177343	4477	AG
1	49178766	346	AG
1	49179344	255	CT
1	49180765	1044	TG
1	49181403	355	GA
1	49182722	1319	TA
1	49185368	1211	CT
1	49186160	792	GC
1	49188248	1202	GA
1	49192180	1503	AT
1	49195542	2849	TA
1	49212546	7693	GA
1	49214440	1596	AG
1	49214502	62	GC
1	49221677	6725	AG
1	49225656	3798	GA
1	49229248	3440	TC
1	49230943	1475	GA
1	49232963	2020	TA
1	49236072	3042	AG
1	49236781	709	GC
1	49237363	582	CT
1	49239763	2335	GA
1	49243856	3137	AG
1	49245043	991	GA
1	49245252	109	CT
1	49253111	5762	CT
1	49253333	222	GC
1	49253337	4	GA
1	49255766	1619	GA
1	49259162	3361	CA
1	49797931	371450	TC
1	49797943	12	CT
1	49798492	549	CT
1	49798493	1	TC
1	49798606	113	TC
1	49798992	386	GT
1	49799118	126	TC
1	49799251	133	AG
1	49800496	535	TC
1	49803843	3179	GA
1	49803860	17	AG
1	49804531	671	CT
1	49804650	119	TC
1	49804651	1	GA
1	49804664	13	AG
1	49805086	422	AG
1	49805298	212	CA
1	49805301	3	AG
1	49805618	317	CT
1	49807269	1651	AG
1	49807552	231	CT
1	49809472	1880	TC
1	49811132	854	CG
1	49811425	293	CG
1	49811456	31	TC
1	49811884	233	AG
1	49816477	3386	GA
1	49818629	2114	CT
1	49818664	35	GT
1	49822817	3016	GA
1	49823128	311	TC
1	49823351	223	AG
1	49823622	271	GA
1	49824567	249	AG
1	49824633	66	AG
1	49824743	110	GA
1	49825295	284	CT
1	49825327	32	CT
1	49825481	154	GC
1	49825576	95	GA
1	49825820	76	TC
1	49825990	170	AG
1	49831351	4222	GA
1	49834206	975	AG
1	49835923	1092	AC
1	49835985	62	TC
1	49838273	2211	AG
1	49838297	24	TG
1	49839015	573	GA
1	49839138	123	GT
1	49840660	1051	GA
1	49844058	2025	AG
1	49845203	1145	TG
1	49845443	240	CG
1	49846624	1181	TC
1	49846635	11	GA
1	49847822	645	TC
1	49847955	133	CT
1	49849732	832	AG
1	49857693	3127	CT
1	49857807	114	CT
1	49857899	92	CG
1	49857940	41	TC
1	49858495	555	CT
1	49858655	160	CT
1	49858904	187	CT
1	49859295	391	TC
1	49859315	20	CT
1	49860072	757	CT
1	49861236	401	AG
1	49861307	71	CT
1	49862167	860	AG
1	49862383	73	GA
1	49863085	702	CT
1	49863286	201	CA
1	49863468	182	TC
1	49864641	930	CG
1	49864999	358	TC
1	49865024	25	CT
1	49865238	214	TC
1	49866446	389	CA
1	49866532	86	TC
1	49866988	214	AG
1	49867286	196	TC
1	49867383	97	TC
1	49867440	57	TC
1	49867545	105	CT
1	49867931	169	GA
1	49868529	598	CT
1	49869444	915	CT
1	49869802	358	AC
1	49870123	321	GA
1	49870287	164	GA
1	49870321	34	GA
1	49870324	3	CT
1	49870333	9	AC
1	49870555	222	TC
1	49870680	125	AG
1	49870694	14	CG
1	49870746	52	CT
1	49870804	58	AG
1	49870967	163	GC
1	49871849	284	GA
1	49872004	155	AG
1	49872094	90	TC
1	49872166	72	TC
1	49872195	29	TC
1	49872392	197	CA
1	49872615	223	AT
1	49875077	2406	GA
1	49880223	3707	CT
1	49880645	422	CT
1	49882478	600	AG
1	49882643	165	GA
1	49884402	1732	CT
1	49885297	731	CT
1	49885610	313	CT
1	49885761	151	CT
1	49885766	5	CT
1	49885786	20	AG
1	49885789	3	CT
1	49886074	285	CT
1	49886704	191	GC
1	49888839	1831	AG
1	49898437	7541	GT
1	49900877	1435	TG
1	49909155	5373	GA
1	49913928	3597	GT
1	49913957	29	TC
1	49914884	927	GA
1	49929009	10295	CT
1	49931542	774	GT
1	49931633	91	AT
1	49932635	1002	CT
1	49932665	30	GT
1	49933141	327	GA
1	49936583	3102	GA
1	49936837	254	CT
1	49938013	1176	GA
1	49938062	49	TC
1	49942386	1550	AG
1	49942795	323	CT
1	49942820	25	GA
1	49943395	575	AG
1	49943664	269	AG
1	49945932	2194	CT
1	49947682	1651	AG
1	49949785	2103	AG
1	49955088	5114	AG
1	49955377	214	CT
1	49956334	908	GA
1	49957192	828	AC
1	49959715	2093	GA
1	49959716	1	AT
1	49960038	322	CT
1	49962620	2495	CT
1	49963130	510	TG
1	49963349	125	GA
1	49965494	2145	TA
1	49976262	10385	GA
1	49976885	623	CT
1	49977520	635	TA
1	49977786	266	GA
1	49978857	793	GA
1	49978974	117	GA
1	49981555	2410	CT
1	49984470	2687	GA
1	49984884	414	AG
1	49985333	346	TC
1	49985678	345	AG
1	49985967	289	AT
1	49986495	528	CG
1	49987815	1320	CG
1	49988604	759	AG
1	49989706	700	TC
1	49989779	73	CT
1	49989862	83	GA
1	49989941	79	TC
1	49989949	8	GA
1	49990495	546	TG
1	49990616	121	AT
1	49990642	26	AG
1	49991131	489	TC
1	49991157	26	CT
1	49991944	753	GA
1	49991978	34	CG
1	49992399	421	AG
1	49992432	33	TG
1	49992440	8	GA
1	49992603	163	CG
1	49992747	144	AG
1	49993928	867	GC
1	49994049	121	TC
1	49994369	320	TC
1	49996341	1817	CT
1	49997027	641	GA
1	49997231	204	CT
1	49998325	1094	GA
1	49998563	238	GA
1	49998728	165	GA
1	49998735	7	AG
1	49999289	224	GA
