1	23539	23539	AG
1	28669	1913	CT
1	28965	296	CT
1	29542	577	CT
1	29736	194	CT
1	30942	462	TA
1	32706	1354	GA
1	33996	1170	TC
1	34021	25	AG
1	34117	96	CT
1	34365	248	GA
1	36016	1246	CG
1	36100	84	TC
1	36364	264	TC
1	36730	366	GC
1	36777	47	CT
1	36811	34	AG
1	37774	876	AG
1	38295	282	GA
1	38426	131	GT
1	38864	438	TC
1	39608	333	GA
1	39649	41	CA
1	39927	81	GA
1	41146	880	TC
1	41221	75	GA
1	41334	113	CA
1	41571	237	CT
1	44526	1762	CA
1	44568	42	GA
1	44671	103	AC
1	44781	110	TC
1	45660	879	TC
1	46299	377	CT
1	46712	275	GA
1	47068	356	GA
1	47283	215	GA
1	47658	273	GT
1	47770	112	GA
1	50803	1350	GT
1	51572	338	AT
1	51702	130	TA
1	52586	356	TG
1	53031	281	GA
1	53572	541	CT
1	53652	80	CT
1	54473	86	AG
1	54476	3	CT
1	54567	91	CT
1	54576	9	GA
1	54580	4	AG
1	55381	269	AG
1	55584	203	CG
1	55863	279	TC
1	56409	291	CG
1	56570	161	AC
1	56705	135	GT
1	57093	388	AG
1	57789	582	AG
1	58160	343	CA
1	58528	368	GA
1	59209	463	AG
1	59571	362	AG
1	59713	142	CT
1	59720	7	CT
1	60460	740	AC
1	60747	287	TC
1	62658	1109	GA
1	63952	1092	AG
1	64010	58	GA
1	64100	90	GT
1	66044	1789	GT
1	67377	693	GA
1	68802	1187	GC
1	69939	626	GA
1	71373	1029	CT
1	71494	121	TG
1	72415	472	CT
1	72823	408	GA
1	73487	664	CT
1	89390	9357	TC
1	89418	28	GA
1	89440	22	AG
1	89484	44	CA
1	89562	78	GC
1	89577	15	CT
1	89606	29	AC
1	89608	2	CT
1	89619	11	TC
1	90427	404	TG
1	93946	2080	GA
1	96265	813	CT
1	96288	23	CT
1	96460	172	CT
1	96471	11	TG
1	96496	25	GA
1	96642	146	CA
1	96739	97	GC
1	96745	6	AG
1	96771	26	CT
1	96816	45	TC
1	96915	99	GA
1	96958	43	CT
1	97003	45	CT
1	97858	766	CT
1	97897	39	TC
1	98146	152	GA
1	98618	472	AC
1	98962	344	AG
1	99111	149	TC
1	99295	184	TC
1	99368	73	CT
1	99426	58	AG
1	99444	18	CT
1	99549	105	AG
1	99574	25	TC
1	99584	10	TC
1	99758	174	GA
1	100817	985	GA
1	100949	132	TC
1	101129	180	TC
1	101451	322	CT
1	101453	2	CG
1	101552	99	TC
1	102744	1192	CT
1	103288	479	CT
1	103595	307	GA
1	103607	12	GA
1	103627	20	CT
1	103632	5	TC
1	103643	11	GA
1	104080	437	TC
1	104134	54	CT
1	104205	71	GA
1	105384	567	CT
1	106587	336	CT
1	108228	448	GA
1	108629	323	GA
1	108872	243	GA
1	109081	209	CT
1	110359	1097	GA
1	110638	151	TC
1	111039	401	GA
1	113637	1127	CT
1	114050	297	GA
1	114169	119	GC
1	115383	252	GA
1	115470	87	GA
1	116440	218	TG
1	116441	1	CA
1	121373	3549	TC
1	121839	397	CG
1	121853	14	GA
1	122072	219	TC
1	122386	234	TC
1	122945	336	TC
1	123032	87	TC
1	123053	21	AG
1	123263	210	CT
1	123697	244	AG
1	123770	73	CT
1	123871	101	GA
1	123885	14	GA
1	124774	716	CT
1	138075	8693	GA
1	138443	368	TC
1	140446	1549	CG
1	140454	8	CT
1	140487	33	CA
1	142265	1072	GA
1	142532	267	TC
1	143857	810	CT
1	144793	701	TG
1	144891	98	CT
1	145515	589	TC
1	147022	515	GC
1	147118	96	TC
1	147276	158	TG
1	147645	348	GC
1	147929	284	GA
1	147982	53	GA
1	148297	315	CT
1	148321	24	GA
1	148337	16	GA
1	148405	68	GC
1	149182	521	AG
1	149375	193	TC
1	149421	46	TC
1	149811	165	AG
1	149977	166	AG
1	151363	991	GA
1	152599	1236	GA
1	152859	260	TC
1	152906	47	GT
1	153231	262	AG
1	153905	538	CT
1	153927	22	GA
1	154057	130	CT
1	154088	31	TC
1	156609	902	AG
1	159289	2220	GA
1	159290	1	CA
1	160554	999	AG
1	160741	187	CT
1	164141	1973	GA
1	165039	709	CT
1	165635	556	CT
1	167377	243	GA
1	169200	1697	CT
1	169291	91	GA
1	169337	46	AG
1	169572	21	TC
1	169934	362	TC
1	170025	91	GA
1	170084	59	CT
1	170101	17	CT
1	170102	1	AG
1	170147	45	TG
1	170209	62	CT
1	170213	4	GA
1	170336	123	CT
1	170411	75	CT
1	170531	120	TC
1	170624	93	CT
1	170635	11	TG
1	171156	261	AG
1	171285	129	CA
1	174442	1955	TC
1	174895	453	CA
1	175444	375	GA
1	175610	125	GA
1	175624	14	CA
1	177010	840	CT
1	177924	227	TC
1	177928	4	TC
1	178004	31	GA
1	178011	7	AG
1	178465	194	GA
1	179449	741	GA
1	179456	7	AG
1	179479	23	GA
1	179808	80	CT
1	180109	301	GC
1	180208	99	TG
1	180234	26	AG
1	180789	216	GA
1	181056	138	CT
1	182656	460	AG
1	182766	110	CT
1	183798	877	AG
1	186869	2500	CT
1	189264	1953	TC
1	195464	5327	TC
1	196611	991	TC
1	197204	593	GT
1	197668	464	GC
1	197802	134	GA
1	197805	3	CT
1	199482	1590	CT
1	199893	411	GC
1	199930	37	AG
1	200387	86	AG
1	200548	161	AG
1	204739	2282	AG
1	221690	8736	TC
1	223318	1264	CT
1	269004	28082	TA
1	269898	810	CT
1	274551	3750	CT
1	276066	1104	CT
1	277552	1242	AG
1	277735	108	TC
1	279729	1612	AC
1	283445	3035	TC
1	284730	509	CT
1	289222	2733	TC
1	293636	2132	TC
1	294405	401	CT
1	301064	3817	TC
1	305241	2596	TA
1	305371	130	GC
1	305382	11	GA
1	305560	178	GA
1	306844	876	CT
1	307759	743	GT
1	314536	2928	CT
1	333180	10217	AG
1	345994	7929	TC
1	346558	367	GA
1	346598	40	CT
1	346924	326	AG
1	347383	370	GA
1	347732	325	GA
1	347932	200	GA
1	348873	455	CT
1	350078	867	CG
1	358542	5092	GA
1	362488	2390	CA
1	364169	853	TC
1	364357	188	TA
1	365097	740	CT
1	365116	19	CT
1	365161	45	TC
1	365396	235	GT
1	365750	62	TC
1	366901	796	GA
1	367534	308	TC
1	367699	165	GA
1	367776	77	CT
1	367921	145	TC
1	368624	480	TC
1	368776	152	AC
1	368846	70	CA
1	369490	412	GT
1	369672	182	GA
1	370486	516	CT
1	370865	319	CT
1	371383	282	AG
1	371965	242	TC
1	372312	347	AG
1	372322	10	AG
1	373626	692	GA
1	373641	15	CT
1	374164	160	CT
1	375200	912	TC
1	375248	48	CT
1	376091	720	CT
1	377580	501	CT
1	378653	688	GA
1	378752	99	CT
1	381448	1934	AG
1	381840	392	TC
1	382146	306	GA
1	382208	62	CT
1	382483	275	CT
1	382869	386	CG
1	384087	1218	GA
1	385081	994	CT
1	385345	264	CT
1	386511	978	GC
1	395937	4901	CT
1	396350	413	TC
1	396501	151	CT
1	396504	3	TC
1	396548	44	TG
1	396647	99	CT
1	396671	24	GA
1	396683	12	AG
1	398651	1294	AG
1	398669	18	GA
1	398786	117	GA
1	398897	111	CA
1	399824	672	AG
1	399825	1	AG
1	400164	339	TC
1	400188	24	AC
1	400491	303	CT
1	400560	69	TG
1	400622	62	CT
1	400883	261	GA
1	400972	89	GA
1	401923	951	CT
1	402817	664	GA
1	403228	382	GA
1	403327	99	GA
1	403457	130	GA
1	403523	66	CT
1	403693	170	GA
1	404824	994	GA
1	405040	216	CT
1	405041	1	AG
1	405656	615	CG
1	405841	185	AG
1	405863	22	AC
1	406114	251	TG
1	408932	1306	TC
1	408939	7	TC
1	409465	175	TA
1	413850	3016	TA
1	414036	186	CT
1	414533	402	AG
1	414927	394	CT
1	415670	545	CA
1	416727	584	AG
1	416791	64	GA
1	416834	43	GA
1	416946	112	GT
1	417707	761	CT
1	417777	70	CG
1	418631	539	AG
1	418720	89	GA
1	419910	1190	CT
1	420931	789	GA
1	421106	175	AG
1	421304	198	TC
1	421363	59	CA
1	421619	256	AG
1	421646	27	GA
1	421681	35	TG
1	425495	1650	AG
1	426041	361	AG
1	433776	3503	TC
1	434129	353	GA
1	434175	46	CT
1	436376	1299	CG
1	439062	464	GA
1	440898	888	TA
1	441037	139	AG
1	441250	133	TC
1	441444	194	TC
1	441445	1	TC
1	441528	83	TA
1	444317	882	AT
1	445887	389	AC
1	446527	324	CT
1	446589	62	CT
1	447947	848	CT
1	448030	83	AG
1	448577	247	CT
1	448689	112	CT
1	448723	34	CT
1	448867	144	CT
1	449421	59	TC
1	449977	321	AC
1	450014	37	AG
1	450270	256	TC
1	451719	188	TC
1	452189	86	AG
1	452258	69	GA
1	452401	103	CT
1	452657	223	TC
1	453583	926	CT
1	454025	409	GT
1	454345	320	CT
1	454509	164	TG
1	454510	1	AC
1	454680	170	GA
1	454766	86	GA
1	455037	170	GA
1	456964	1170	GA
1	471831	4704	TC
1	472046	215	AG
1	472339	196	AG
1	472359	20	CT
1	473189	180	TC
1	473312	123	CT
1	473337	25	TC
1	474026	456	GT
1	474045	19	TC
1	475489	1444	AG
1	475541	52	CG
1	475559	18	AG
1	476009	450	GT
1	476062	53	TC
1	477173	1111	CA
1	477180	7	AG
1	477407	227	AG
1	477969	562	GA
1	478785	374	CA
1	479208	423	AG
1	479239	31	AG
1	479290	51	AG
1	479446	156	GT
1	479448	2	CT
1	479511	63	TC
1	479519	8	AG
1	481585	930	CT
1	496140	7132	CT
1	512652	9127	AC
1	520815	5596	GA
1	521305	355	AC
1	521826	201	GA
1	522576	190	GA
1	522582	6	CT
1	522807	225	TA
1	523474	319	TC
1	524296	822	AG
1	524361	65	GA
1	524640	175	GA
1	524854	169	GA
1	524909	55	GA
1	524926	17	GA
1	524977	51	GA
1	525010	33	CT
1	525014	4	AG
1	525166	4	TC
1	525528	362	AG
1	526109	230	TG
1	528221	689	CT
1	532719	550	CT
1	532725	6	CT
1	534106	960	AG
1	534107	1	TC
1	534890	579	AC
1	535274	384	AT
1	535302	28	TC
1	535435	133	AC
1	535807	372	CG
1	535851	44	TG
1	537172	492	TC
1	537174	2	TA
1	537921	747	AG
1	538019	98	CT
1	538118	99	CT
1	540432	1099	GT
1	544508	2300	GA
1	544689	114	AG
1	546636	1005	CT
1	546638	2	TG
1	547670	1032	GA
1	548433	638	TC
1	548521	88	TG
1	549103	168	AG
1	549116	13	CG
1	549119	3	CT
1	549344	225	GA
1	552741	2276	GC
1	553089	348	TG
1	553690	601	TG
1	554248	558	AC
1	554725	477	TA
1	554743	18	GA
1	554749	6	CG
1	555450	104	AG
1	556104	654	CA
1	557341	797	CA
1	558318	789	CT
1	558398	80	CT
1	562512	1598	CT
1	563057	545	CT
1	564334	1002	GC
1	564836	371	TC
1	564976	140	AC
1	565969	993	TC
1	566356	387	CT
1	568090	739	GA
1	569597	527	AG
1	569605	8	GA
1	570255	315	TA
1	570325	70	AG
1	570467	93	CT
1	570591	124	AT
1	570743	152	GA
1	571082	339	GA
1	571088	6	GA
1	571346	258	CT
1	571966	300	GA
1	572163	197	AC
1	572165	2	AG
1	575541	1326	TC
1	575590	49	TC
1	575752	58	CT
1	575887	135	TC
1	576303	416	GA
1	577366	408	GA
1	577382	16	CA
1	578956	238	TC
1	579115	159	CG
1	579263	148	GA
1	579537	193	GA
1	579565	28	TA
1	579822	198	CT
1	579867	45	GA
1	579976	109	TC
1	580409	184	CT
1	580905	496	AG
1	581342	437	CT
1	586314	4222	AG
1	611687	21656	TC
1	616705	4467	CT
1	623829	3963	TG
1	629034	4032	GA
1	633827	3986	AG
1	636280	1240	AG
1	636577	297	AC
1	638268	642	GC
1	638752	484	TG
1	641347	1927	CT
1	643220	1852	GA
1	643302	82	GA
1	643725	423	AG
1	643750	25	AG
1	644054	304	AC
1	644460	406	TC
1	644597	137	GC
1	644641	44	AT
1	644653	12	TC
1	645022	369	TC
1	646329	900	CT
1	646442	113	AG
1	647139	347	GA
1	648114	388	CT
1	648275	161	AG
1	649999	1699	CT
1	652250	1690	GA
1	653481	1231	GA
1	656255	1936	CG
1	656266	11	AG
1	657696	1168	CT
1	658246	550	CT
1	658721	475	AG
1	660260	1208	CA
1	661384	1124	CT
1	663708	2223	CT
1	665764	2056	CT
1	665986	222	CT
1	667409	1402	GA
1	682082	5932	AC
1	683172	1052	CT
1	684453	1281	AG
1	686654	1910	AG
1	687012	195	AG
1	695513	3704	GA
1	696567	637	CG
1	697756	1189	CG
1	706230	5117	TA
1	707495	806	TC
1	708906	1375	CT
1	709873	259	GA
1	714431	910	TC
1	716480	1380	AG
1	716585	105	TA
1	716799	214	CA
1	716880	81	TC
1	716922	42	GA
1	716947	25	AC
1	717859	497	AG
1	719818	401	TC
1	726761	3425	AC
1	727619	746	GA
1	728767	248	CT
1	728792	25	TC
1	728835	43	CT
1	729245	332	CT
1	729379	134	AG
1	729612	233	CA
1	730248	636	CT
1	730711	82	CA
1	730849	138	GT
1	732340	900	AC
1	732427	87	GA
1	733482	382	AG
1	734250	437	TC
1	734342	92	AC
1	735077	735	TC
1	735168	91	TC
1	736610	390	CT
1	736645	35	GA
1	739123	890	GA
1	740409	432	GA
1	740450	41	TC
1	741195	681	GA
1	741496	301	GA
1	741726	230	AG
1	741738	12	CT
1	743285	1116	TC
1	743341	56	CT
1	743342	1	TC
1	743359	17	GA
1	743387	28	AG
1	746103	2048	GA
1	746346	243	AG
1	747417	1071	CG
1	747458	41	CG
1	747738	280	AT
1	748885	236	AG
1	748895	10	GA
1	749047	152	TC
1	751918	756	AG
1	752851	933	GA
1	752855	4	TC
1	753110	255	AG
1	754243	978	TC
1	754550	307	CT
1	754909	359	AG
1	755513	251	TC
1	755757	244	CG
1	757446	762	AC
1	757474	28	AG
1	759210	97	AG
1	759242	32	CA
1	759654	412	AT
1	760030	376	CT
1	760346	316	CT
1	760451	105	GA
1	760524	73	CT
1	760775	251	CA
1	760910	135	CT
1	761425	200	GA
1	761514	89	CT
1	761724	210	CT
1	765504	2146	AG
1	766911	345	GA
1	771329	3061	CT
1	771560	231	AG
1	797308	20614	GA
1	798244	716	AG
1	798284	40	AT
1	798624	340	CT
1	798902	278	CT
1	800973	1577	AG
1	801743	668	AG
1	802388	587	TC
1	802625	237	TC
1	802946	321	GA
1	803653	674	TC
1	803686	33	GA
1	803833	147	CG
1	804780	96	TC
1	804796	16	CG
1	804830	34	GA
1	804891	61	TA
1	805475	233	CT
1	805686	211	AG
1	806117	172	GA
1	806723	518	TG
1	806773	50	AG
1	807486	495	GA
1	807548	62	GA
1	807645	97	GA
1	807812	167	CA
1	808790	978	CA
1	808826	36	GA
1	808911	85	CG
1	808923	12	AT
1	808941	18	AC
1	816439	4284	AG
1	830830	3219	CT
1	831418	476	GT
1	838876	3454	CT
1	839047	171	CT
1	840594	993	GA
1	840706	112	AG
1	845387	449	TC
1	848678	2126	AG
1	849045	229	TC
1	849146	101	GT
1	849715	569	TA
1	850162	424	CT
1	853546	818	GA
1	861810	1260	GA
1	861965	76	CT
1	869628	2207	TC
1	872874	1895	GT
1	875159	477	TC
1	876679	87	GC
1	876691	12	GT
1	883608	1098	CT
1	883796	188	CA
1	884277	481	CT
1	884329	52	GC
1	884373	44	AG
1	884595	222	CT
1	885030	435	TG
1	885289	101	CT
1	885885	313	CT
1	886145	260	AG
1	886590	445	AC
1	886635	45	GT
1	887744	232	AG
1	887766	22	AG
1	887794	28	CG
1	888897	1103	AG
1	890504	1465	GC
1	891396	892	CT
1	892489	833	AG
1	893418	625	GA
1	895635	1518	GA
1	895693	58	CA
1	895796	103	CA
1	896755	959	GA
1	896765	10	CG
1	897027	262	CT
1	897084	57	AG
1	897116	32	TC
1	899441	1375	GC
1	899587	10	GT
1	906221	112	AT
1	907089	566	AG
1	907841	752	TG
1	930629	9601	GA
1	937567	5715	TC
1	951671	7691	GA
1	967575	7909	CT
1	970346	1822	CT
1	976046	1303	AT
1	976718	431	CA
1	977410	384	TG
1	977910	500	CG
1	979896	1340	GT
1	980359	174	GA
1	981681	693	CA
1	983035	548	TC
1	984393	495	GA
1	984646	253	TA
1	984743	97	GC
1	985033	290	TC
1	985099	66	CG
1	985190	91	TC
1	986154	517	TC
1	986404	250	TC
1	986781	153	TG
1	994320	636	GA
1	994515	195	GA
1	994675	160	TA
1	995953	1278	CT
1	996368	415	GA
1	997011	256	GC
1	1000928	1504	GT
1	1003318	1891	TC
1	1005939	1448	CT
1	1007776	1497	CT
1	1008415	598	CA
1	1008993	578	CT
1	1009042	49	AG
1	1009965	923	TC
1	1011040	863	GA
1	1016195	3219	AC
1	1016218	23	CT
1	1016619	401	GA
1	1017071	452	AT
1	1021186	3653	GA
1	1023361	1475	CG
1	1025088	1561	GA
1	1025113	25	AT
1	1025122	9	GT
1	1025138	16	CT
1	1027454	2020	GA
1	1031346	587	TC
1	1031390	44	AG
1	1031477	87	AG
1	1031901	101	GA
1	1031945	44	AG
1	1032013	68	GC
1	1032018	5	CT
1	1032066	48	AG
1	1032095	29	TC
1	1032196	101	AG
1	1032221	25	AG
1	1033067	510	GA
1	1033128	61	GA
1	1042793	7112	AG
1	1042819	26	AG
1	1044070	274	AG
1	1044126	56	TC
1	1044304	178	CT
1	1044441	137	GA
1	1044755	314	CT
1	1045183	428	TG
1	1045813	630	GT
1	1046226	328	GA
1	1047731	1197	CT
1	1047902	171	GA
1	1048206	227	CT
1	1048431	225	AG
1	1048668	160	CT
1	1048882	214	TC
1	1048886	4	AC
1	1050207	591	TG
1	1050263	56	GT
1	1050360	97	CT
1	1050719	359	TC
1	1050993	274	CG
1	1050994	1	GA
1	1051026	32	GA
1	1051103	77	AG
1	1051238	135	CT
1	1051944	706	GA
1	1052021	77	TC
1	1052096	75	AG
1	1052967	370	CT
1	1053593	626	AT
1	1053751	158	GA
1	1062102	3544	CT
1	1063517	909	GC
1	1066073	1430	GC
1	1067056	760	TC
1	1069060	1081	CT
1	1069750	566	CA
1	1071401	1610	GA
1	1072087	623	CT
1	1072393	258	TA
1	1072795	5	TC
1	1072802	7	TC
1	1072998	196	TG
1	1073080	82	AG
1	1073115	35	TC
1	1073137	22	AC
1	1073215	78	GT
1	1073267	52	GA
1	1073291	24	TC
1	1073535	244	TC
1	1073610	75	CA
1	1073705	95	CG
1	1074331	192	AG
1	1074618	287	CG
1	1074652	34	AT
1	1074666	14	TC
1	1074672	6	GA
1	1074685	13	AG
1	1075307	383	AG
1	1075380	73	TC
1	1075386	6	GA
1	1076603	471	CA
1	1077034	431	TC
1	1078807	167	AC
1	1079446	639	CA
1	1079586	140	GA
1	1081346	273	CT
1	1081365	19	AG
1	1083554	1279	TC
1	1083795	241	GA
1	1087751	2460	GC
1	1088605	821	AC
1	1088941	142	AG
1	1088961	20	TC
1	1090952	1472	TC
1	1091481	529	AG
1	1091957	476	CT
1	1093956	1969	GA
1	1094653	297	TC
1	1098713	3089	GA
1	1101450	1990	AT
1	1101666	132	TC
1	1101667	1	GA
1	1101901	234	GA
1	1101948	47	TA
1	1102126	178	GA
1	1102137	11	TC
1	1102219	82	TG
1	1102276	57	GT
1	1102868	46	AG
1	1103828	431	AG
1	1104092	264	AC
1	1104254	162	GA
1	1104337	83	CT
1	1104670	333	GC
1	1104736	66	CT
1	1104868	132	GA
1	1105436	568	CT
1	1106713	754	GT
1	1107014	240	GA
1	1107867	853	AT
1	1108542	675	CT
1	1108733	191	AT
1	1108969	236	CT
1	1109326	357	CA
1	1109350	24	AG
1	1109543	193	GT
1	1112131	2191	CG
1	1112686	423	TG
1	1115743	2283	AT
1	1117051	1308	CA
1	1117498	447	GA
1	1118164	404	CT
1	1121897	3547	AC
1	1122785	701	GA
1	1123745	520	AG
1	1126096	1915	GT
1	1135235	3439	TC
1	1138359	1440	CG
1	1139162	803	AG
1	1147237	5145	CT
1	1155723	4270	AG
1	1178187	12011	GA
1	1184977	3495	CA
1	1186647	1178	GA
1	1187775	841	GA
1	1193896	2714	GA
1	1194762	866	AG
1	1202788	3848	TC
1	1205507	2291	AT
1	1206954	1348	CA
1	1208586	1632	AG
1	1212791	4086	CA
1	1223026	5084	GA
1	1225368	1777	TC
1	1236651	6865	TG
1	1240268	3473	GA
1	1241644	865	TC
1	1242497	819	TC
1	1243705	1208	GA
1	1246653	2844	AG
1	1253563	6801	TC
1	1256121	2509	GA
1	1257170	779	CT
1	1262332	4654	CA
1	1262642	310	CG
1	1263593	951	AG
1	1263807	214	AG
1	1268848	3230	CT
1	1270877	1306	GA
1	1270964	87	GA
1	1271346	257	GT
1	1277014	3360	TA
1	1282461	4089	GA
1	1283132	671	AG
1	1283731	523	TC
1	1287231	3075	CG
1	1289326	1276	GC
1	1292310	901	GC
1	1292503	193	GA
1	1292755	252	TC
1	1297218	2536	AG
1	1297434	216	TC
1	1299401	1299	CT
1	1299808	96	GC
1	1300983	952	CT
1	1301888	320	GT
1	1302004	116	GC
1	1304743	150	AG
1	1304940	197	GA
1	1305686	127	TG
1	1306010	196	AG
1	1310674	3773	GT
1	1311338	664	AG
1	1313312	1838	TC
1	1315282	1752	GA
1	1315557	251	CT
1	1315900	343	CT
1	1315978	78	GC
1	1318884	2055	CG
1	1321020	2063	TA
1	1321770	750	CT
1	1323597	1379	GA
1	1323845	127	AG
1	1324030	116	AG
1	1324450	420	GA
1	1327662	2231	TA
1	1328262	600	AG
1	1328563	301	AC
1	1328681	118	CT
1	1331209	1158	TC
1	1331970	761	TC
1	1334761	1374	GA
1	1335354	419	GC
1	1341685	4970	AC
1	1341865	180	GA
1	1343569	1090	GA
1	1343777	208	TA
1	1344214	437	CA
1	1345009	795	CT
1	1345362	353	CT
1	1345984	198	GA
1	1346065	81	TG
1	1346508	443	GA
1	1346698	190	GT
1	1351307	2819	GA
1	1351602	295	TC
1	1354159	2450	AG
1	1355017	755	GT
1	1357833	1359	GA
1	1384164	15683	CT
1	1389843	3921	TC
1	1393467	2724	TG
1	1393798	331	CT
1	1394768	473	GA
1	1396192	1184	GA
1	1401052	3560	CT
1	1406137	2415	TC
1	1407440	1072	AG
1	1407945	324	TA
1	1408200	11	AG
1	1408579	379	TC
1	1408635	56	GA
1	1408638	3	AG
1	1409195	557	AC
1	1409633	438	GA
1	1409794	161	TC
1	1409804	10	TC
1	1412960	2619	AC
1	1414102	824	CT
1	1414365	263	TC
1	1417617	3130	AG
1	1418131	514	AG
1	1418509	334	GA
1	1419242	677	CA
1	1419337	95	CT
1	1419453	116	AG
1	1421971	2468	TC
1	1422260	289	CT
1	1422592	50	CT
1	1422638	46	TG
1	1423094	456	TG
1	1423367	273	GT
1	1423574	144	CT
1	1425077	1126	AG
1	1425192	115	TC
1	1425753	429	AG
1	1426600	704	GA
1	1426652	52	GC
1	1427038	386	GA
1	1427709	560	GA
1	1427846	137	TC
1	1427897	51	AG
1	1429199	489	AG
1	1429642	353	CG
1	1430502	860	TG
1	1431526	1024	CA
1	1432317	579	TC
1	1433246	320	TC
1	1433412	166	AC
1	1436026	724	CT
1	1436183	157	AC
1	1443930	5049	GA
1	1444080	150	AG
1	1444161	81	TC
1	1444973	324	CT
1	1445010	37	AC
1	1447288	1798	TC
1	1448489	801	GA
1	1448854	365	AG
1	1449593	739	CT
1	1452166	2149	TC
1	1452877	600	CT
1	1452981	104	TG
1	1454899	1510	GA
1	1455020	121	CG
1	1457964	1656	GA
1	1458280	316	CT
1	1459033	682	AG
1	1459137	104	CG
1	1461953	2325	GT
1	1462475	327	TC
1	1462590	115	GA
1	1462768	127	CA
1	1463452	466	TC
1	1464350	578	CT
1	1465402	572	AG
1	1465988	333	AC
1	1466947	692	TC
1	1468653	1296	AG
1	1469584	861	TC
1	1482990	7009	GA
1	1487686	3100	GA
1	1488100	414	CT
1	1489410	959	AG
1	1508798	7504	AT
1	1508872	74	TG
1	1513375	2676	AG
1	1513683	183	GA
1	1516070	2121	CT
1	1516735	498	GA
1	1517653	758	TC
1	1518618	822	CG
1	1519413	568	GA
1	1522815	2855	CT
1	1526063	3007	CT
1	1526126	63	TC
1	1527317	861	GT
1	1528263	533	AG
1	1529222	657	CG
1	1530107	792	TC
1	1530842	506	AG
1	1533674	1388	CT
1	1534422	658	TC
1	1534547	125	GA
1	1534777	192	CT
1	1536834	1682	GA
1	1537222	388	CA
1	1537236	14	CG
1	1539404	1181	TC
1	1539444	40	CT
1	1539723	226	GA
1	1542039	2188	GA
1	1542052	13	CT
1	1542249	76	TA
1	1543494	849	GA
1	1543533	39	AG
1	1543559	26	GA
1	1543621	62	GT
1	1543753	132	AT
1	1543804	51	GA
1	1544228	397	TC
1	1544290	62	TC
1	1545025	167	CA
1	1546665	612	GA
1	1547532	867	CT
1	1547955	423	CA
1	1547978	23	GA
1	1548060	82	CT
1	1549762	1191	AG
1	1550032	81	GA
1	1551184	550	CT
1	1551908	724	TC
1	1551964	56	GA
1	1552107	111	AG
1	1552983	704	GA
1	1554412	934	TC
1	1556560	1877	AC
1	1557692	1132	GA
1	1558021	329	GA
1	1559539	946	GA
1	1559910	371	GA
1	1561776	1426	CT
1	1562227	248	TG
1	1562234	7	AG
1	1562235	1	CT
1	1563353	364	TC
1	1566519	2435	TC
1	1573475	5180	TC
1	1578110	4176	GC
1	1582111	2999	TC
1	1586502	2563	GA
1	1588248	905	CT
1	1588390	142	GA
1	1588717	166	CA
1	1589990	902	CT
1	1590009	19	TA
1	1590402	393	CT
1	1590571	169	AG
1	1591238	259	CA
1	1592740	721	CA
1	1592837	97	GA
1	1592871	34	AC
1	1593010	56	TC
1	1593142	132	CA
1	1593241	99	CT
1	1593242	1	AG
1	1593616	349	AG
1	1593998	382	CT
1	1594070	72	TA
1	1594253	14	CG
1	1603675	4406	GA
1	1605585	715	CT
1	1607977	1123	CT
1	1608582	348	GA
1	1608632	50	AC
1	1608974	281	GA
1	1609897	859	GA
1	1609949	52	GA
1	1610294	345	CA
1	1610295	1	CG
1	1611237	619	TC
1	1614950	1859	GA
1	1621192	4340	GA
1	1621556	364	CT
1	1621593	37	CT
1	1622221	192	CT
1	1627259	2536	GC
1	1627766	340	AC
1	1628432	666	CG
1	1655645	11728	TG
1	1657672	1241	CG
1	1671373	8848	TG
1	1671599	226	AG
1	1672022	423	CT
1	1673030	418	CT
1	1673303	187	GA
1	1673589	213	CG
1	1673726	137	GA
1	1674088	296	CT
1	1674257	169	AG
1	1674942	483	TC
1	1674989	47	GA
1	1675014	25	TC
1	1675578	372	CT
1	1675680	102	GA
1	1677524	1486	CT
1	1677546	22	GC
1	1678121	575	CT
1	1678125	4	CT
1	1678726	554	TC
1	1679221	190	CT
1	1679304	83	AG
1	1679323	19	AC
1	1679553	230	TC
1	1680613	860	TA
1	1681090	306	TC
1	1681181	91	GA
1	1681186	5	CT
1	1681297	111	GA
1	1681308	11	GA
1	1682417	316	GT
1	1685460	776	GA
1	1686556	311	GA
1	1686978	422	CT
1	1688289	248	TC
1	1688375	86	GC
1	1688408	33	AC
1	1688483	75	GA
1	1688918	327	GA
1	1689304	356	TC
1	1689324	20	CT
1	1689661	337	GC
1	1689942	281	CT
1	1690079	137	AC
1	1690480	401	GT
1	1691036	267	TC
1	1691476	440	GA
1	1692128	517	TC
1	1692180	52	CA
1	1693758	766	AC
1	1693853	95	TC
1	1696538	1470	AT
1	1696639	101	TC
1	1697244	443	CT
1	1697916	672	TC
1	1697920	4	CT
1	1697946	26	TC
1	1697997	51	CA
1	1698358	361	GA
1	1698797	422	GA
1	1700279	365	TC
1	1700564	285	AC
1	1700794	230	TC
1	1701200	372	GA
1	1701230	30	GA
1	1702363	580	CT
1	1702700	337	CT
1	1703029	141	GA
1	1703812	510	TC
1	1703967	155	GA
1	1704079	112	CA
1	1704454	340	GC
1	1705058	134	TC
1	1705712	534	GA
1	1706340	527	GT
1	1708454	1711	AG
1	1708543	89	AG
1	1708795	252	GA
1	1709360	434	CA
1	1709780	221	GT
1	1709863	83	AG
1	1709865	2	GT
1	1709952	87	GT
1	1710144	192	GT
1	1710263	119	CA
1	1710790	102	TC
1	1710892	102	AG
1	1710926	34	CG
1	1710927	1	TC
1	1711069	142	TG
1	1711625	556	TC
1	1712174	352	CG
1	1712395	221	TA
1	1712648	253	GA
1	1712753	105	TC
1	1713952	827	GA
1	1714490	243	GA
1	1714556	66	TC
1	1716244	860	TC
1	1716455	152	GC
1	1716694	88	AG
1	1717060	366	CG
1	1720854	1981	TA
1	1720856	2	TC
1	1720891	35	TG
1	1721020	94	GA
1	1721931	601	GA
1	1722523	296	AG
1	1722839	316	TC
1	1722932	93	GA
1	1722995	63	TC
1	1723026	31	GA
1	1724589	682	CT
1	1725772	675	AG
1	1726017	245	TC
1	1726176	159	GA
1	1726231	55	TC
1	1726605	273	CT
1	1728704	1130	CT
1	1729569	567	GA
1	1729597	28	GA
1	1729696	99	GT
1	1729754	58	AG
1	1729802	48	CT
1	1731804	1483	TC
1	1733702	1328	GA
1	1733718	16	CT
1	1733737	19	AG
1	1734593	338	TC
1	1734834	117	AT
1	1735126	292	CA
1	1735207	81	CA
1	1735241	34	GA
1	1737658	1390	GA
1	1737861	203	AC
1	1744458	2414	AG
1	1744809	351	GA
1	1744837	28	TG
1	1748742	2509	CT
1	1749567	212	TC
1	1750760	889	GT
1	1750804	44	GA
1	1751757	348	GT
1	1758657	888	AG
1	1758894	237	TC
1	1758967	73	GA
1	1759583	555	GA
1	1759797	214	GC
1	1760196	399	TG
1	1761157	529	CT
1	1762334	309	TC
1	1767338	3132	CT
1	1767534	196	TC
1	1771612	1769	CT
1	1773823	887	CT
1	1774702	676	CT
1	1776661	383	TC
1	1776884	223	GA
1	1776962	78	GA
1	1778615	485	TC
1	1781888	1225	AG
1	1781892	4	GA
1	1782442	550	TC
1	1783003	384	GT
1	1783797	585	GC
1	1783809	12	GT
1	1784459	616	CT
1	1785451	908	GA
1	1787355	1743	GA
1	1787772	417	TC
1	1788269	186	GA
1	1788329	60	GA
1	1788807	478	GA
1	1789671	806	AG
1	1791220	1448	GA
1	1791889	475	GA
1	1796718	4120	TA
1	1797312	393	AG
1	1798558	1092	GA
1	1798851	293	GA
1	1799016	165	CG
1	1800346	1330	TA
1	1800757	411	TC
1	1800913	156	TA
1	1801926	850	AC
1	1803783	1857	AG
1	1804646	863	CT
1	1804787	141	TG
1	1806520	1620	CT
1	1807954	1416	AT
1	1808404	450	GA
1	1808849	445	CT
1	1809953	731	GA
1	1811434	1113	TG
1	1811587	153	GA
1	1813946	1771	GA
1	1814077	131	TG
1	1814093	16	AG
1	1814104	11	TG
1	1814206	102	CA
1	1814314	108	CG
1	1814328	14	GA
1	1814384	56	CT
1	1814500	116	TA
1	1814541	41	CG
1	1814689	148	TC
1	1814693	4	GA
1	1814829	136	AG
1	1814923	94	GA
1	1814966	43	TC
1	1815006	40	CA
1	1816917	780	TC
1	1817034	117	AG
1	1817113	79	GA
1	1817215	102	CT
1	1818120	704	GA
1	1818350	230	CT
1	1818432	82	GA
1	1818530	98	CT
1	1818672	142	AT
1	1818797	125	AG
1	1818859	62	TC
1	1818861	2	GA
1	1818955	94	CT
1	1818957	2	GT
1	1819009	52	GA
1	1819095	86	TC
1	1819458	363	TC
1	1820442	674	AG
1	1821506	1064	GC
1	1823079	1481	CT
1	1823263	184	GA
1	1824369	303	GA
1	1826064	814	AG
1	1826076	12	GA
1	1826164	88	GT
1	1826352	188	TC
1	1826355	3	CA
1	1827634	922	CA
1	1829042	434	AG
1	1830088	959	AC
1	1830267	62	TC
1	1831038	736	GA
1	1831447	409	GA
1	1831624	177	AG
1	1832093	424	GA
1	1832539	446	AT
1	1832572	33	CT
1	1833146	67	GA
1	1833525	379	AC
1	1833767	242	CT
1	1834661	345	CT
1	1836260	1284	TG
1	1837291	933	TC
1	1837395	104	CT
1	1837628	233	GC
1	1837914	286	GA
1	1838047	133	CG
1	1838069	22	GA
1	1839744	1496	GA
1	1839835	91	CT
1	1840559	412	AG
1	1842334	1010	AG
1	1842373	39	CT
1	1852920	5913	GA
1	1852962	42	GT
1	1853800	462	CT
1	1854339	539	TC
1	1855086	747	TC
1	1855223	137	AG
1	1855271	48	TC
1	1856216	714	CT
1	1856801	585	TC
1	1857420	619	CT
1	1858709	826	GC
1	1858877	168	TA
1	1859296	161	AG
1	1859450	154	CT
1	1859495	45	CG
1	1859856	361	CT
1	1860160	304	TC
1	1860191	31	CT
1	1860408	217	GA
1	1860883	475	AG
1	1861072	189	AT
1	1861073	1	TA
1	1861200	127	CT
1	1861255	55	GA
1	1861262	7	GA
1	1861845	560	TC
1	1862472	627	CT
1	1862817	345	TC
1	1862963	146	CG
1	1863107	144	TC
1	1863182	75	GA
1	1863708	526	CT
1	1863711	3	GA
1	1864306	595	TC
1	1864432	126	GT
1	1864448	16	GA
1	1864648	200	CT
1	1865490	447	TC
1	1865586	96	GC
1	1865697	111	GA
1	1865960	263	AC
1	1866002	42	GA
1	1866101	99	AC
1	1866291	190	CT
1	1866308	17	GA
1	1866315	7	GA
1	1866345	30	GC
1	1866747	402	AG
1	1866875	128	AG
1	1866887	12	TC
1	1867060	54	AG
1	1867064	4	CT
1	1869002	1863	CG
1	1869065	63	TA
1	1869076	11	TG
1	1869102	26	AG
1	1869303	201	CA
1	1869450	147	AG
1	1870462	516	CT
1	1870476	14	AC
1	1870624	148	AG
1	1871016	392	AG
1	1890383	13459	AG
1	1890974	439	AG
1	1895177	2247	GA
1	1900194	2638	CT
1	1904845	1438	AG
1	1904956	111	GA
1	1907573	1410	AC
1	1914478	4939	TC
1	1915103	625	TG
1	1917935	1370	CG
1	1919485	1550	GA
1	1922555	2059	GA
1	1922787	232	TA
1	1928515	4991	CT
1	1933087	2385	AC
1	1937400	2533	AG
1	1940441	2589	AC
1	1941225	784	TG
1	1948954	7043	TC
1	1973593	11523	GA
1	1983377	4604	CG
1	1986378	1918	GA
1	1987995	921	TC
1	1996886	7854	GA
1	1998725	1839	AC
1	1999488	763	CG
1	2000210	722	TG
1	2000749	496	AG
1	2012575	6983	CT
1	2016688	2231	GA
1	2016974	286	AG
1	2017582	608	TA
1	2018473	866	TC
1	2035620	8366	AG
1	2038370	1397	CT
1	2039068	537	CT
1	2039338	270	AT
1	2045210	2253	AG
1	2050791	4060	TG
1	2074329	18093	GA
1	2080504	1348	CT
1	2083707	3186	AG
1	2083739	32	GT
1	2090064	5890	GA
1	2091548	1424	AC
1	2095665	3383	GA
1	2095826	161	AG
1	2096182	356	CT
1	2097022	840	CT
1	2097274	252	GT
1	2097524	250	TC
1	2102153	3452	GA
1	2107247	4483	GC
1	2110330	1591	AT
1	2113858	2394	AG
1	2123597	5218	TG
1	2127987	2108	AG
1	2146628	16403	TC
1	2149090	2361	TC
1	2149495	353	GA
1	2150415	920	CT
1	2152542	1366	CG
1	2156028	985	CA
1	2157435	1135	AG
1	2158437	1002	GA
1	2159408	701	AG
1	2159694	286	CG
1	2160675	981	CG
1	2160679	4	GC
1	2163249	2570	TC
1	2165975	2199	AG
1	2178760	9411	TA
1	2179887	930	CT
1	2180169	282	CG
1	2180261	92	TC
1	2180556	295	GA
1	2183108	2158	AG
1	2184413	886	CT
1	2185080	407	CT
1	2194203	4805	GA
1	2194411	208	TC
1	2195069	301	CA
1	2255809	29600	CA
1	2265244	6633	CG
1	2280837	11223	GA
1	2282818	1481	GA
1	2294671	6283	GA
1	2295914	606	CT
1	2296711	485	TC
1	2297553	585	AG
1	2297992	142	TG
1	2303779	3251	GA
1	2306601	939	CT
1	2307060	459	TC
1	2307332	135	GA
1	2307345	13	CG
1	2307465	120	TG
1	2307536	71	GC
1	2312012	3564	GT
1	2316529	2471	GC
1	2317270	349	GA
1	2317386	116	AT
1	2319022	1038	TC
1	2319589	512	TC
1	2321041	1048	GC
1	2323828	982	AG
1	2326544	2107	TA
1	2326578	34	TG
1	2326759	181	CG
1	2328575	645	TA
1	2328589	14	GA
1	2331412	1420	CT
1	2332089	677	GT
1	2333123	789	TC
1	2334268	747	CT
1	2334381	33	TC
1	2334572	161	TG
1	2334764	192	CA
1	2334886	122	CA
1	2336012	359	TC
1	2336705	64	TG
1	2337867	196	CT
1	2338248	303	TC
1	2338483	235	TG
1	2339436	705	CT
1	2340196	686	GC
1	2342003	966	TG
1	2342747	182	CA
1	2343025	278	CG
1	2343848	332	AG
1	2344141	293	CT
1	2344240	99	AG
1	2345509	439	GA
1	2345924	415	CT
1	2351159	1744	TC
1	2351322	108	CT
1	2352723	380	CA
1	2352734	11	CG
1	2352879	145	AT
1	2352888	9	AG
1	2353480	223	GA
1	2354480	1000	AG
1	2354939	423	GA
1	2355193	156	AC
1	2355203	10	CA
1	2357001	881	AG
1	2358157	953	GA
1	2363534	2748	CG
1	2363628	94	GT
1	2363653	25	CG
1	2363836	183	CA
1	2367169	2155	CT
1	2371719	3648	AC
1	2380244	5507	CT
1	2380624	380	CT
1	2381347	461	GA
1	2382328	716	CA
1	2383055	727	CG
1	2383322	267	CT
1	2383481	159	GA
1	2383583	102	CT
1	2383634	51	GA
1	2383707	73	GA
1	2384930	1192	GC
1	2385710	703	CA
1	2386340	508	AG
1	2392206	4183	CG
1	2393464	1258	AC
1	2415778	13879	GA
1	2417295	791	GC
1	2418214	919	AG
1	2420282	803	GA
1	2420994	712	CT
1	2422059	617	GA
1	2424506	2318	AG
1	2426221	1294	AC
1	2427006	700	AG
1	2432707	4418	CA
1	2435867	1692	CT
1	2446776	3800	AG
1	2447124	222	AC
1	2447396	272	TA
1	2448613	1126	TC
1	2449027	414	TC
1	2449138	111	CT
1	2452333	1931	GA
1	2453229	645	CT
1	2453395	166	GA
1	2453853	458	AG
1	2456390	2007	CT
1	2456498	108	CT
1	2456523	25	TA
1	2456793	270	TA
1	2457089	296	TG
1	2457285	196	AG
1	2459196	1362	AC
1	2459242	46	TC
1	2459517	275	AG
1	2459727	210	AG
1	2459858	131	TC
1	2462494	973	AT
1	2463445	899	CT
1	2463764	286	AG
1	2463969	205	TG
1	2464186	217	AT
1	2464194	8	CA
1	2464941	453	CG
1	2466394	722	GA
1	2466397	3	CA
1	2470792	344	GT
1	2470894	102	CA
1	2471445	551	AC
1	2471907	69	TA
1	2473349	783	AG
1	2473633	152	TC
1	2473713	80	CT
1	2473776	63	CT
1	2474074	254	AG
1	2474437	363	CG
1	2474550	113	GA
1	2474759	209	GA
1	2474882	123	TC
1	2476016	676	CT
1	2476118	102	AG
1	2479593	1580	CA
1	2480038	445	CG
1	2480548	510	CT
1	2480646	98	AG
1	2480694	48	TC
1	2480862	50	TC
1	2480949	87	GA
1	2481442	108	GA
1	2481610	168	GA
1	2482631	680	CT
1	2482696	65	AG
1	2483815	123	CG
1	2489719	2092	GA
1	2489735	16	AG
1	2490374	192	TC
1	2501895	4550	GC
1	2506263	3595	AG
1	2508571	1327	AG
1	2510535	1683	AG
1	2515909	3422	GA
1	2526364	8924	GA
1	2531525	2111	AC
1	2531593	68	TG
1	2531937	220	AT
1	2533316	1379	TC
1	2533841	525	TC
1	2536449	2608	CT
1	2538227	1704	CT
1	2538329	102	AG
1	2539406	1077	TG
1	2539430	24	TC
1	2539447	17	AG
1	2541302	546	CT
1	2541429	127	CT
1	2541791	362	GA
1	2544043	959	AG
1	2544662	593	AG
1	2546008	910	GA
1	2546925	917	GA
1	2546926	1	TC
1	2546975	49	TA
1	2547189	214	TC
1	2548133	944	GA
1	2548283	150	AG
1	2548307	24	TC
1	2550715	1150	GA
1	2551161	446	GC
1	2551535	374	AG
1	2551622	87	CT
1	2551645	23	AG
1	2551737	92	TC
1	2552846	896	TC
1	2553134	288	GT
1	2553301	167	AC
1	2553447	146	TC
1	2553724	277	GT
1	2553725	1	AT
1	2556732	2878	GC
1	2558101	1107	GC
1	2558227	126	TC
1	2558735	508	CT
1	2559118	383	GA
1	2559137	19	TC
1	2559214	77	GA
1	2559459	245	GA
1	2559502	43	CA
1	2559506	4	TC
1	2562314	1598	AG
1	2563661	862	AG
1	2564161	223	AG
1	2564230	69	CT
1	2564784	554	TC
1	2565530	587	AG
1	2566197	630	GA
1	2566978	781	TC
1	2569037	608	GA
1	2569042	5	AG
1	2570442	507	CT
1	2570517	75	TC
1	2570768	251	AG
1	2571060	292	TC
1	2571473	413	GA
1	2573352	1106	GA
1	2575246	1046	CA
1	2575353	107	CT
1	2575377	24	GA
1	2575476	99	GA
1	2575617	84	TC
1	2575709	92	TC
1	2576595	367	CT
1	2576596	1	AG
1	2576615	19	TC
1	2576675	60	AG
1	2576743	68	CT
1	2576897	154	GT
1	2576902	5	TC
1	2577947	301	TG
1	2578033	86	TA
1	2578153	120	GC
1	2578180	27	TA
1	2578208	28	TC
1	2579088	808	AT
1	2579278	164	AG
1	2579318	40	GT
1	2579330	12	AC
1	2579352	22	TA
1	2579385	33	TG
1	2580275	453	GA
1	2580304	29	CG
1	2581145	418	CT
1	2581147	2	GA
1	2582146	397	GA
1	2582237	91	CT
1	2582339	102	CA
1	2582421	82	CT
1	2583133	320	AG
1	2583532	399	AG
1	2585542	1798	GC
1	2587764	1764	AG
1	2590499	2706	CT
1	2591870	1340	CT
1	2592379	509	AG
1	2593162	364	CA
1	2593341	179	TC
1	2604848	9743	CT
1	2604868	20	GT
1	2608132	2551	CG
1	2611399	1547	CT
1	2611539	140	TC
1	2611680	141	CT
1	2612339	130	GA
1	2612555	216	CT
1	2615251	2615	AG
1	2615361	110	TC
1	2617089	579	GA
1	2628970	6191	CT
1	2635379	3312	TG
1	2635599	220	CT
1	2635698	99	AG
1	2641726	5892	CT
1	2642630	729	GA
1	2646250	2445	TG
1	2646832	534	TC
1	2646949	117	CT
1	2647378	429	GA
1	2648776	1145	GC
1	2649308	251	GA
1	2649398	90	GA
1	2649948	550	CG
1	2657225	2140	GA
1	2657522	297	TC
1	2657667	145	CA
1	2657830	163	GA
1	2657928	98	GA
1	2658556	363	CA
1	2659084	108	GC
1	2667125	4662	GA
1	2668177	1052	AG
1	2670042	1627	GT
1	2670047	5	AG
1	2672591	1164	CT
1	2672756	165	GC
1	2672838	82	AT
1	2672892	54	AT
1	2672893	1	GA
1	2673129	236	CT
1	2673164	35	GA
1	2673664	500	TA
1	2673940	276	GT
1	2674197	257	AG
1	2674502	126	AG
1	2674872	11	AC
1	2675211	122	GT
1	2675257	46	AG
1	2675502	245	CT
1	2676015	513	CT
1	2677790	1215	CT
1	2678764	877	AC
1	2682915	2462	GA
1	2684065	1150	CT
1	2687595	1935	TC
1	2689777	1444	CG
1	2691204	1180	GA
1	2691365	103	GA
1	2692959	477	GA
1	2693203	244	GA
1	2695034	1607	GA
1	2696710	845	GT
1	2698841	697	TC
1	2699661	778	GA
1	2699793	132	CT
1	2699929	136	CG
1	2702901	1262	TC
1	2708038	2384	GA
1	2711312	1167	AC
1	2711399	87	GA
1	2713892	555	CG
1	2716124	412	TA
1	2716353	108	CT
1	2716934	356	CT
1	2717045	111	AG
1	2717102	57	TC
1	2719230	648	AG
1	2722515	2464	GC
1	2722724	209	CT
1	2724846	1520	AC
1	2726154	117	AG
1	2727909	1359	GA
1	2731047	1429	CT
1	2738462	2718	CT
1	2740393	1212	CT
1	2741258	411	CT
1	2742723	426	AG
1	2750999	5707	AG
1	2761415	6776	GT
1	2792126	27632	GC
1	2794962	1732	TC
1	2795419	457	CT
1	2796871	1070	CA
1	2796974	103	CT
1	2797025	51	GA
1	2797710	447	GT
1	2797852	142	AG
1	2797853	1	AG
1	2799937	1437	TC
1	2800016	79	GA
1	2800162	146	CT
1	2800537	138	AG
1	2802363	1094	GA
1	2802380	17	GA
1	2802403	23	GA
1	2802787	384	AG
1	2803304	517	GA
1	2803390	86	CT
1	2805283	1513	TG
1	2808092	2621	GC
1	2808162	70	CT
1	2808779	617	AG
1	2809037	258	AG
1	2810497	510	AG
1	2813304	1705	GA
1	2815170	617	GA
1	2817121	1571	CT
1	2819320	1091	AG
1	2822703	2879	CT
1	2822917	214	AT
1	2824032	726	TC
1	2825639	812	TC
1	2825640	1	GA
1	2825680	40	TC
1	2827667	1151	CG
1	2827712	45	CT
1	2827723	11	GC
1	2827839	116	AG
1	2828064	225	GT
1	2828177	113	GT
1	2828249	72	GA
1	2828460	115	CA
1	2828543	83	GA
1	2828548	5	GA
1	2828555	7	GT
1	2828698	143	CT
1	2879929	23650	CG
1	2880053	124	CT
1	2882141	820	GT
1	2882199	58	CT
1	2882382	183	TC
1	2885238	552	AG
1	2886650	1272	GA
1	2888981	1207	CT
1	2892092	1927	GA
1	2892137	45	CT
1	2894012	1392	GA
1	2894255	243	CT
1	2895712	783	CT
1	2897422	210	TC
1	2897526	104	AG
1	2897552	26	CT
1	2897856	304	GA
1	2897894	38	CG
1	2898052	158	TC
1	2898417	365	TG
1	2898572	121	AG
1	2899838	528	CT
1	2900411	573	GA
1	2904737	2878	TC
1	2910822	3959	CG
1	2912305	836	TC
1	2913626	659	GA
1	2913777	151	AG
1	2913797	20	GA
1	2913816	19	TC
1	2914710	438	GA
1	2915272	562	TC
1	2915274	2	GA
1	2915292	18	GA
1	2916383	1091	CT
1	2916488	38	GT
1	2916558	70	GA
1	2918957	2282	CT
1	2920695	1499	TA
1	2925484	2708	GA
1	2925810	192	GA
1	2926124	112	GA
1	2926820	223	CT
1	2929269	1588	CA
1	2929457	149	AG
1	2930206	749	CG
1	2930510	304	CT
1	2931418	327	TC
1	2931420	2	AG
1	2931424	4	CA
1	2931450	26	TA
1	2933093	1057	AG
1	2933982	314	AG
1	2934021	39	TC
1	2934022	1	GA
1	2934074	52	TC
1	2934392	246	GA
1	2934534	112	GC
1	2935101	217	AG
1	2935618	517	AT
1	2936613	584	AG
1	2936665	52	TC
1	2936774	109	CT
1	2937012	238	CG
1	2942712	3015	GA
1	2944340	1583	CT
1	2947115	1311	CT
1	2953883	4000	GA
1	2955853	1698	AG
1	2958278	2216	GA
1	2958386	108	CG
1	2958516	130	TC
1	2958578	62	CT
1	2959095	517	CT
1	2960041	418	GT
1	2960593	472	AG
1	2961331	738	CA
1	2962567	944	CT
1	2963769	1202	CA
1	2964540	585	TC
1	2964639	99	TC
1	2964706	67	AG
1	2964811	73	CT
1	2966951	1967	TC
1	2967363	341	TG
1	2967633	270	TC
1	2967654	21	AG
1	2968105	339	GC
1	2968182	77	GA
1	2968516	44	GA
1	2968636	120	TC
1	2968775	139	AG
1	2968850	75	GT
1	2968962	56	CG
1	2969478	499	AG
1	2969661	183	TC
1	2969819	158	TA
1	2969976	40	TA
1	2970624	534	AG
1	2971466	637	CG
1	2971501	35	TC
1	2972828	857	AG
1	2973222	394	CT
1	2974370	480	GA
1	2974374	4	TG
1	2974690	316	AG
1	2974694	4	AG
1	2974753	59	CT
1	2974796	43	GA
1	2975558	726	TC
1	2975606	48	CG
1	2976212	606	CT
1	2976424	212	CT
1	2976665	241	AG
1	2976720	55	GT
1	2976755	35	CT
1	2976888	133	AG
1	2976972	84	GT
1	2977197	225	GA
1	2977390	193	CT
1	2977686	278	GC
1	2977730	44	AG
1	2977922	192	TC
1	2978595	673	CT
1	2979060	465	AG
1	2981509	2268	GA
1	2982903	1329	TC
1	2983675	772	TG
1	2983818	143	TC
1	2984396	481	TC
1	2984434	38	GC
1	2984985	302	GA
1	2985239	183	GA
1	2985589	350	GA
1	2986103	252	CT
1	2989673	1011	AG
1	2990520	573	CG
1	2992841	472	CT
1	2993133	292	CG
1	2997404	2420	CT
1	2997432	28	TC
1	2997653	143	CT
1	2997753	100	CT
1	2999861	1922	GA
1	3000825	964	CG
1	3000905	80	AG
1	3002065	1138	AC
1	3007044	3376	CT
1	3007948	866	AG
1	3011457	1205	CT
1	3012295	797	CT
1	3013787	1116	AG
1	3014523	736	TG
1	3015237	714	CT
1	3016006	769	GC
1	3019854	1651	TC
1	3020923	802	CT
1	3021475	552	GA
1	3021479	4	GA
1	3021680	201	TC
1	3022095	415	GA
1	3022617	522	CT
1	3023227	610	TA
1	3023267	40	AG
1	3023298	31	CT
1	3024986	744	GT
1	3025136	150	AT
1	3025184	48	AG
1	3025225	41	CG
1	3025291	66	GA
1	3025367	76	TC
1	3026095	728	TG
1	3026143	48	CG
1	3026261	118	AC
1	3027220	617	AG
1	3028399	782	GA
1	3028889	261	AG
1	3030440	679	CT
1	3030631	191	GA
1	3031988	877	AG
1	3032222	234	CT
1	3033755	1061	CT
1	3036401	1786	AG
1	3036729	328	AG
1	3038849	427	AC
1	3039361	512	TC
1	3039549	188	CG
1	3040775	856	AG
1	3044744	2731	AG
1	3045133	371	GA
1	3045296	163	CT
1	3046795	1499	GA
1	3047096	301	CT
1	3048619	1523	CT
1	3048869	250	TG
1	3048969	100	TC
1	3049300	331	GA
1	3049514	214	AC
1	3049520	6	CT
1	3049876	356	AT
1	3050209	275	CT
1	3050542	333	AG
1	3052029	1401	GC
1	3052187	158	AG
1	3052549	362	CT
1	3052725	176	CT
1	3053149	424	CG
1	3053184	35	CT
1	3053791	562	GT
1	3055618	1751	CT
1	3055713	95	GT
1	3056494	781	AC
1	3057352	858	GA
1	3057510	158	CT
1	3059739	1728	TA
1	3059807	68	CT
1	3059841	34	AG
1	3060738	666	TC
1	3063127	641	GA
1	3063156	29	CT
1	3063733	577	CT
1	3064076	343	CT
1	3065448	735	TG
1	3066525	664	CT
1	3067602	1077	CT
1	3067792	190	TC
1	3067793	1	GT
1	3067855	62	AG
1	3067861	6	AT
1	3068029	168	CT
1	3068227	198	TC
1	3068261	34	AG
1	3068334	73	CT
1	3068648	314	CT
1	3068934	286	CT
1	3069714	558	GC
1	3072018	1728	TA
1	3074563	1030	CG
1	3075566	1003	TC
1	3076402	836	CT
1	3076744	342	TC
1	3076998	191	AG
1	3077217	219	AT
1	3078233	459	GA
1	3079112	567	CG
1	3079138	26	CG
1	3079456	187	CT
1	3080385	880	AG
1	3080387	2	GT
1	3081220	833	AG
1	3081540	320	CT
1	3081619	79	CT
1	3081932	313	CA
1	3082119	187	GA
1	3082946	827	GT
1	3084527	773	GA
1	3084652	125	GA
1	3085068	377	CT
1	3085428	360	CA
1	3086574	788	CT
1	3087413	499	GA
1	3092130	598	TC
1	3093659	1490	CT
1	3093676	17	TA
1	3096097	2281	CT
1	3098062	1965	GA
1	3105582	1086	CT
1	3106519	937	AT
1	3113643	4691	CT
1	3114055	412	CG
1	3114331	276	TC
1	3114788	457	TC
1	3116036	1248	AG
1	3116927	439	GA
1	3117978	1051	CG
1	3118440	462	CT
1	3122602	3021	TC
1	3124007	1152	GA
1	3125207	1200	CT
1	3125766	264	AG
1	3129427	2974	TC
1	3131527	870	CG
1	3131532	5	AG
1	3132166	451	CT
1	3135665	1449	AT
1	3136292	627	CT
1	3136638	346	GA
1	3137426	478	AG
1	3138857	1033	AC
1	3142640	3565	AG
1	3142642	2	CA
1	3142780	138	TC
1	3143102	322	TC
1	3143123	21	AG
1	3147398	3550	AG
1	3148988	1564	AG
1	3149828	840	TG
1	3150350	522	GC
1	3150954	604	TA
1	3153371	1492	TC
1	3153660	289	GA
1	3160473	1635	TC
1	3161773	1017	CT
1	3164533	1534	AG
1	3164781	248	AC
1	3164805	24	TC
1	3165310	464	GA
1	3166452	1087	GA
1	3166628	176	TC
1	3167851	1027	GT
1	3169194	1343	CA
1	3170260	565	CT
1	3170703	443	TC
1	3170896	193	CT
1	3170907	11	TG
1	3171231	324	AG
1	3171725	494	CT
1	3173108	1280	AG
1	3173476	344	GC
1	3174725	1216	GA
1	3179044	4319	CG
1	3179538	248	GT
1	3180960	1422	TC
1	3182856	1800	AG
1	3190899	6765	CA
1	3195450	4297	GA
1	3199154	3622	CT
1	3199265	111	GA
1	3203209	2739	CT
1	3206337	2405	GA
1	3210040	2047	CA
1	3211947	1260	CT
1	3213351	712	GA
1	3213566	215	GA
1	3214963	853	CT
1	3216903	1610	GA
1	3218254	1227	CT
1	3221840	2331	TC
1	3222034	194	AC
1	3222978	816	TC
1	3226242	1543	GT
1	3226298	56	CT
1	3227662	1364	AT
1	3227868	206	CG
1	3231710	1435	GA
1	3231882	172	CT
1	3232197	315	AG
1	3234793	1523	CA
1	3234795	2	AG
1	3235381	586	GC
1	3235689	308	TA
1	3235968	279	CA
1	3237322	400	AG
1	3237522	200	CT
1	3237882	152	CG
1	3238803	572	AG
1	3239903	421	GA
1	3239912	9	AG
1	3240230	318	AG
1	3240852	622	CT
1	3240885	33	CG
1	3241525	640	CT
1	3241746	221	CT
1	3244027	613	CG
1	3244112	85	GA
1	3244140	28	TC
1	3244556	416	TC
1	3247300	1719	GC
1	3250231	1071	AG
1	3252074	1185	TA
1	3252480	406	GA
1	3252713	233	GA
1	3255464	1494	CG
1	3255694	230	CG
1	3255788	94	AG
1	3256224	204	GA
1	3258280	1994	GA
1	3258442	162	GC
1	3266261	4523	TC
1	3266380	119	GC
1	3266854	169	GC
1	3266899	45	TA
1	3267131	232	AG
1	3267135	4	AC
1	3267145	10	AG
1	3268203	298	CT
1	3268471	268	TC
1	3271460	217	CA
1	3271498	38	GT
1	3272061	118	CA
1	3272073	12	GA
1	3272078	5	CT
1	3272112	34	GT
1	3272126	14	GA
1	3272439	313	CG
1	3272499	60	CT
1	3274756	543	GA
1	3275786	641	CT
1	3276131	175	TA
1	3276950	67	GT
1	3280781	467	GA
1	3283535	1108	GC
1	3286659	1271	TC
1	3286676	17	AT
1	3287199	523	CT
1	3287415	179	AT
1	3289139	547	CT
1	3289164	25	CT
1	3289256	92	AC
1	3289292	36	TG
1	3289858	533	AG
1	3290145	287	GA
1	3290146	1	TC
1	3291268	1122	TC
1	3314552	18568	CT
1	3314632	80	GA
1	3328932	8780	GC
1	3329496	564	CT
1	3332228	2090	TA
1	3333154	889	CT
1	3342772	9056	GT
1	3361208	10376	CT
1	3370807	5520	AG
1	3371002	195	TC
1	3379836	5629	TA
1	3413919	26214	AC
1	3417852	1124	AG
1	3420762	259	AT
1	3420767	5	CG
1	3421250	483	GT
1	3422426	1176	AT
1	3422427	1	GA
1	3441604	9211	CG
1	3540244	58790	TC
1	3543797	3282	TC
1	3584063	33927	AG
1	3595258	7101	GA
1	3603311	3789	CG
1	3605391	813	CT
1	3605456	65	GA
1	3605548	92	CT
1	3605603	55	CT
1	3608479	1059	CT
1	3608504	25	TC
1	3642572	24223	GA
1	3656388	12706	AG
1	3656390	2	TC
1	3659054	2548	CT
1	3659918	864	GA
1	3660124	206	AG
1	3662210	2039	CT
1	3669001	6602	TC
1	3670147	748	TC
1	3670173	26	GA
1	3671102	586	GA
1	3671176	74	CG
1	3686469	10998	GA
1	3687970	1501	CT
1	3689592	859	GC
1	3690040	448	CT
1	3690389	349	TA
1	3690394	5	CT
1	3692024	1464	CT
1	3694767	1653	GA
1	3695044	277	GA
1	3695355	311	GA
1	3695427	72	AT
1	3696437	1010	GA
1	3697465	751	CT
1	3697799	334	CT
1	3698248	449	GA
1	3698960	687	AT
1	3699376	416	GA
1	3699978	207	GA
1	3699995	17	AG
1	3700677	345	GA
1	3702627	1885	AG
1	3703134	507	TC
1	3703291	157	AG
1	3704247	616	GA
1	3704537	268	CT
1	3705168	273	CT
1	3706287	247	TC
1	3708256	486	CT
1	3708264	8	CA
1	3708357	93	CA
1	3709441	1084	AG
1	3709723	282	GT
1	3709883	160	GA
1	3710189	306	AG
1	3710229	40	TC
1	3710761	532	CT
1	3711438	633	TC
1	3711543	105	TC
1	3711652	109	CT
1	3711655	3	GT
1	3711704	49	GA
1	3712181	477	GA
1	3712333	152	AG
1	3712448	115	TA
1	3712489	41	GA
1	3712757	268	AG
1	3712762	5	TC
1	3713275	242	CT
1	3716603	2961	GA
1	3717234	354	CT
1	3717320	86	AG
1	3718225	818	TC
1	3719780	910	GA
1	3732892	6461	GT
1	3733098	206	GA
1	3734739	1641	GA
1	3736556	1050	AG
1	3736937	381	CT
1	3737121	184	TG
1	3738431	891	CT
1	3739445	1014	CT
1	3742379	1757	CT
1	3742452	73	CT
1	3743988	629	CT
1	3746501	2486	CT
1	3746809	308	GA
1	3747436	543	CT
1	3747620	184	TC
1	3747983	271	CT
1	3748012	29	TC
1	3748461	449	AG
1	3748482	21	CT
1	3749451	221	AG
1	3750240	789	CT
1	3755103	4213	CT
1	3756210	985	AT
1	3757082	811	GA
1	3757761	679	GC
1	3758963	1126	GA
1	3759847	547	CT
1	3760579	232	CT
1	3760664	85	CT
1	3760832	168	CT
1	3761069	237	CT
1	3761826	711	TC
1	3762813	398	GA
1	3763930	880	AG
1	3764474	449	GT
1	3765041	567	TG
1	3765162	121	CT
1	3766494	1303	CT
1	3766610	116	GA
1	3766839	229	AC
1	3767869	465	GC
1	3769038	676	CT
1	3769486	448	TG
1	3769581	95	GA
1	3770175	594	TC
1	3770321	146	CT
1	3770683	362	CT
1	3772152	858	CT
1	3772287	135	AG
1	3772530	243	GA
1	3773895	536	CT
1	3775376	1327	CT
1	3775737	316	TC
1	3776276	539	CT
1	3778240	998	TC
1	3778461	221	GA
1	3778681	195	CT
1	3779554	822	AG
1	3781670	2116	CG
1	3794028	10281	CT
1	3806699	9319	GT
1	3810036	1377	CT
1	3810701	665	TC
1	3811061	360	TA
1	3811174	70	GA
1	3812035	833	AC
1	3812556	521	CT
1	3812620	64	AG
1	3813749	670	GC
1	3820215	2088	TG
1	3820508	293	TC
1	3820534	26	GC
1	3820842	308	AG
1	3822115	479	TC
1	3823309	478	CT
1	3825741	641	TA
1	3841373	11439	AG
1	3844628	3167	CT
1	3844645	17	TC
1	3849321	3053	GA
1	3853730	3261	AG
1	3855692	835	CT
1	3856662	970	TG
1	3859046	2319	CT
1	3859485	172	AG
1	3859565	80	GA
1	3860453	746	GC
1	3863459	2223	TC
1	3863619	160	CT
1	3864594	437	CT
1	3865475	857	GT
1	3865797	322	GA
1	3866013	216	CT
1	3866555	542	CG
1	3866599	44	GC
1	3867735	1136	GA
1	3868224	489	CA
1	3869133	909	GA
1	3869224	91	AG
1	3870679	1361	AC
1	3878406	3305	AG
1	3881382	1635	TC
1	3883518	1397	GA
1	3883531	13	TC
1	3886475	2860	TC
1	3886486	11	TC
1	3886569	83	CT
1	3889680	3087	TC
1	3890632	913	CG
1	3892839	2128	TA
1	3899209	4844	AG
1	3901785	1927	AT
1	3909346	1883	AG
1	3910580	825	GT
1	3914259	3292	CT
1	3917647	2035	AG
1	3934449	12944	GT
1	3944432	6812	CG
1	3960596	11147	CG
1	3960764	168	CT
1	3960786	22	CT
1	3960980	194	GA
1	3961171	191	CT
1	3961654	483	GA
1	3966187	3257	GC
1	3966193	6	GA
1	4138571	102315	CA
1	4139220	465	GA
1	4140271	788	CT
1	4140486	215	AG
1	4141286	282	GA
1	4141741	153	AG
1	4143860	862	GA
1	4143905	45	CA
1	4144175	270	GA
1	4144704	506	AC
1	4145154	419	TG
1	4146856	1463	GA
1	4147881	730	AG
1	4147902	21	CT
1	4148615	518	AG
1	4153220	4102	GA
1	4155298	1032	CT
1	4155982	684	CG
1	4156930	747	GA
1	4157035	105	GC
1	4157608	573	TC
1	4158404	491	CT
1	4159113	177	GC
1	4159267	154	GA
1	4159943	676	GT
1	4160076	133	GA
1	4160751	675	TA
1	4161835	465	AG
1	4162093	258	TG
1	4162233	140	AG
1	4163291	552	TC
1	4163517	226	AG
1	4164898	825	CG
1	4165000	102	TC
1	4167843	1072	GA
1	4168236	393	GA
1	4170141	1593	AG
1	4172648	2464	TC
1	4178476	3958	CT
1	4179334	752	AC
1	4181341	2007	CT
1	4181934	593	TC
1	4183089	1155	AG
1	4183405	316	TG
1	4186986	1409	GA
1	4187385	399	AC
1	4188510	987	CT
1	4190383	1538	CT
1	4191488	540	AG
1	4192182	694	TG
1	4192364	182	CT
1	4192705	341	TC
1	4192726	21	CA
1	4193103	377	AG
1	4193236	133	CA
1	4193836	600	TC
1	4195708	1303	CT
1	4195739	31	GC
1	4199455	1712	CT
1	4200041	586	GA
1	4200124	83	GA
1	4204839	3618	TC
1	4205311	472	GA
1	4206071	760	GA
1	4206356	239	AG
1	4213683	5397	CT
1	4214665	982	CA
1	4217441	2318	CT
1	4217549	79	GA
1	4218147	505	TC
1	4218201	54	GA
1	4219642	142	AG
1	4219688	46	CT
1	4219861	173	CT
1	4220050	189	AG
1	4220489	351	CT
1	4220515	26	CT
1	4220710	195	TC
1	4220742	32	GA
1	4221151	409	CT
1	4221724	173	GA
1	4221884	160	TC
1	4222028	102	TC
1	4223104	415	GA
1	4223521	417	GA
1	4223698	177	AG
1	4223993	295	AG
1	4224087	94	GA
1	4226620	2166	TC
1	4226665	45	TC
1	4226774	109	TA
1	4227832	420	TC
1	4227996	164	GA
1	4228073	77	AG
1	4229521	1132	GA
1	4229858	140	AG
1	4230097	239	GA
1	4230635	423	CT
1	4233833	1698	AG
1	4233922	89	GA
1	4234007	85	GT
1	4241801	4535	CG
1	4241882	81	TC
1	4246280	2235	AG
1	4247494	888	AG
1	4249053	1303	TC
1	4249211	158	AC
1	4249446	235	CT
1	4249760	314	AG
1	4249856	96	CA
1	4250174	318	GT
1	4250209	35	CT
1	4250286	77	CT
1	4250576	62	TA
1	4295638	32942	AC
1	4437524	104799	GA
1	4440551	2122	CT
1	4441102	551	CT
1	4441142	40	CT
1	4441219	77	GC
1	4442071	852	GA
1	4442075	4	TA
1	4442145	70	AG
1	4442288	88	AC
1	4442308	20	CA
1	4442426	118	TG
1	4442443	17	CT
1	4443916	1104	GT
1	4443990	74	GA
1	4443998	8	AG
1	4444218	220	AC
1	4444782	248	CT
1	4445661	400	CT
1	4445989	213	TG
1	4446377	388	TC
1	4446380	3	CG
1	4446526	146	GA
1	4446647	121	CA
1	4446699	52	CT
1	4446719	20	AG
1	4446766	47	TC
1	4446783	17	GC
1	4447146	363	CT
1	4447262	116	AC
1	4447278	16	TG
1	4447349	71	GT
1	4448357	1008	CT
1	4449263	809	CT
1	4449692	429	AG
1	4449698	6	CT
1	4451493	1394	GA
1	4452750	322	GA
1	4454130	976	AC
1	4456566	1126	GA
1	4457584	1018	TC
1	4459320	651	TC
1	4462517	1647	GA
1	4463953	1383	GC
1	4464376	423	TC
1	4464506	130	CT
1	4464773	267	CT
1	4464981	208	TC
1	4465946	831	CG
1	4465954	8	AG
1	4466379	190	CT
1	4466725	346	AG
1	4468459	1178	AC
1	4470325	704	GC
1	4470843	43	AG
1	4471623	780	GA
1	4472188	565	TC
1	4472212	24	GC
1	4472314	102	CT
1	4473613	1299	AG
1	4473781	20	GA
1	4474037	256	CT
1	4474497	460	CA
1	4474581	84	AG
1	4475197	616	GT
1	4475210	13	GC
1	4475367	157	AT
1	4475613	246	GT
1	4475760	147	CG
1	4475804	44	TG
1	4477521	381	AT
1	4477649	128	GA
1	4478043	394	AG
1	4478142	99	GA
1	4479245	807	AG
1	4479342	97	CT
1	4481605	698	GA
1	4481881	276	CG
1	4482744	476	CT
1	4483133	389	GA
1	4483441	308	TA
1	4486396	1236	AG
1	4486537	141	TG
1	4488453	1114	CA
1	4488469	16	CT
1	4488710	241	CG
1	4488873	163	GT
1	4488910	37	GA
1	4489819	167	AG
1	4490286	467	GT
1	4490324	38	AT
1	4490928	604	GA
1	4491090	162	AG
1	4491343	253	CT
1	4492193	82	TG
1	4492226	33	CT
1	4492611	310	CT
1	4493744	751	GA
1	4493854	110	AC
1	4494035	136	CT
1	4494160	125	TG
1	4494773	537	CT
1	4496688	1395	GA
1	4497002	214	CT
1	4497086	84	AG
1	4498177	296	CG
1	4498942	687	AG
1	4499151	209	TC
1	4499493	254	AC
1	4499504	11	CT
1	4499510	6	GT
1	4499666	156	AG
1	4499775	109	AT
1	4500710	353	GA
1	4501571	572	CT
1	4503638	755	AT
1	4503918	280	AG
1	4505513	1054	AC
1	4505545	32	CT
1	4507037	911	GT
1	4508388	215	GA
1	4508428	40	CA
1	4510063	1635	CT
1	4511727	1519	GA
1	4511900	173	TC
1	4511998	98	TC
1	4512208	210	AG
1	4512226	18	GC
1	4512269	43	CT
1	4512444	123	AG
1	4512775	101	CT
1	4512789	14	AT
1	4512886	97	GA
1	4512984	98	CA
1	4513003	19	GA
1	4514022	485	CT
1	4514109	87	AG
1	4515019	70	CT
1	4516141	898	TC
1	4516555	414	GT
1	4516942	184	CT
1	4517546	399	AG
1	4518054	423	CA
1	4518148	94	CT
1	4519320	554	GA
1	4519397	77	AG
1	4520259	259	CT
1	4522548	1594	TG
1	4522777	229	GA
1	4522906	129	AG
1	4523052	146	CG
1	4523324	150	AG
1	4524248	586	GT
1	4524387	139	GA
1	4524611	142	CT
1	4525156	189	GA
1	4525193	37	CG
1	4525247	54	TG
1	4525271	24	GA
1	4525724	77	CG
1	4526024	300	CG
1	4526301	277	GA
1	4526454	153	TC
1	4526482	28	AG
1	4526511	29	TC
1	4527436	385	AG
1	4529195	1288	TA
1	4530389	428	GA
1	4530930	272	CA
1	4531392	462	GA
1	4532025	633	AC
1	4537841	970	GA
1	4538507	645	TC
1	4538508	1	GC
1	4538563	55	TC
1	4538573	10	AG
1	4538739	166	CT
1	4538750	11	CT
1	4538866	116	TC
1	4538910	44	AG
1	4542559	2814	GA
1	4543740	977	AG
1	4543879	139	AC
1	4544318	354	CT
1	4545765	1191	TC
1	4548037	1754	GC
1	4548332	295	TC
1	4549174	334	AG
1	4555984	2871	GA
1	4556603	619	GA
1	4556648	45	TA
1	4556701	53	CT
1	4557680	683	TA
1	4560523	1027	TC
1	4561663	445	CT
1	4563163	807	CT
1	4571280	5241	AG
1	4572586	968	AG
1	4572842	256	GA
1	4576096	1682	AC
1	4576337	241	AG
1	4577178	517	AG
1	4577392	214	TC
1	4577403	11	CT
1	4579530	1344	AG
1	4580049	243	CA
1	4580860	672	GC
1	4583483	2013	CT
1	4583499	16	GA
1	4583595	96	CT
1	4588055	3395	GA
1	4588260	205	AG
1	4588916	390	AG
1	4590867	1584	GA
1	4593969	2569	CT
1	4595920	1111	TC
1	4596031	111	GA
1	4597545	1351	CT
1	4597769	164	TC
1	4598067	298	AG
1	4599107	844	AG
1	4599111	4	GT
1	4603030	3632	CT
1	4603467	252	TC
1	4607607	3474	AG
1	4608047	440	TC
1	4609905	1601	AC
1	4610082	177	AG
1	4613302	3062	AG
1	4615540	2238	CT
1	4617022	1330	AG
1	4621137	4010	CT
1	4621192	55	CT
1	4621431	239	GC
1	4621444	13	AG
1	4621631	187	GT
1	4621778	147	AG
1	4621842	64	TC
1	4624079	2216	AG
1	4631066	6500	CT
1	4636686	4776	CT
1	4646089	8140	GT
1	4646794	705	CT
1	4646825	31	CT
1	4646939	114	CT
1	4647110	171	CT
1	4647215	105	CA
1	4648253	892	CT
1	4648681	428	CT
1	4648701	20	TC
1	4648871	170	GA
1	4649682	736	GT
1	4651322	1456	CT
1	4651543	221	CT
1	4652115	420	CT
1	4652655	463	TC
1	4652869	214	CT
1	4652880	11	GA
1	4654168	1217	TC
1	4654830	662	GA
1	4657058	2036	GC
1	4657883	825	GA
1	4662810	4202	AG
1	4664493	1364	GA
1	4664592	99	CT
1	4667399	2464	AG
1	4667524	125	TG
1	4670666	1804	AG
1	4670792	126	GA
1	4671190	398	GA
1	4671355	165	CT
1	4671373	18	AG
1	4672508	823	TC
1	4673406	898	AG
1	4674425	839	GC
1	4674908	422	AG
1	4677040	2095	AG
1	4677703	663	CT
1	4678509	806	TC
1	4680231	1634	TC
1	4680301	70	CG
1	4680913	550	AG
1	4681477	564	GA
1	4681668	157	AG
1	4682326	658	AG
1	4682396	70	CT
1	4683400	1004	GT
1	4684841	898	CG
1	4685037	156	GA
1	4687297	1265	CA
1	4687773	476	AC
1	4688525	713	CT
1	4689162	548	GC
1	4689797	635	CT
1	4690675	878	GA
1	4692210	1507	GA
1	4692450	176	GA
1	4693533	1083	GT
1	4693639	106	GT
1	4693652	13	CT
1	4693888	236	GA
1	4694025	137	GC
1	4696785	2106	GA
1	4697108	323	GC
1	4697706	598	CT
1	4697716	10	GA
1	4700068	1729	CA
1	4700152	84	CT
1	4700522	262	CT
1	4700980	458	GC
1	4701276	296	GA
1	4701320	44	CA
1	4701431	111	TC
1	4702672	1241	CT
1	4704719	2047	CT
1	4705910	818	CG
1	4707470	1311	TC
1	4719572	10930	TC
1	4732619	5553	AG
1	4733674	1055	TA
1	4733690	16	CA
1	4739893	4858	CT
1	4764821	19112	CG
1	4781824	13884	GA
1	4790774	7930	AC
1	4791068	294	TG
1	4794272	2734	GA
1	4794988	716	TC
1	4795124	136	GA
1	4796954	1118	GA
1	4797386	367	CA
1	4799699	2006	TC
1	4804005	3532	CG
1	4804024	19	GA
1	4805531	1219	TC
1	4806875	1190	CG
1	4807318	281	TC
1	4808248	839	AG
1	4808671	192	CT
1	4808949	278	TC
1	4809237	228	AG
1	4809530	162	CT
1	4820997	10201	AC
1	4825401	2873	TC
1	4842076	13715	CT
1	4846775	3580	GA
1	4850252	1514	TC
1	4851119	435	CT
1	4853924	1738	CT
1	4854102	178	AG
1	4855370	1167	TC
1	4856479	1109	AG
1	4856542	63	TC
1	4857171	547	CT
1	4858670	607	TC
1	4858860	190	CA
1	4858875	15	CT
1	4860863	1066	TC
1	4866753	3490	CT
1	4869703	1801	GA
1	4869790	87	CT
1	4869983	193	CT
1	4870324	252	AG
1	4870421	97	AT
1	4870675	254	CT
1	4870712	37	TG
1	4870830	118	CG
1	4871603	534	CT
1	4871614	11	GA
1	4873382	459	AG
1	4876070	1746	TC
1	4876082	12	AG
1	4877447	898	TC
1	4877598	151	AG
1	4877958	360	GA
1	4878477	302	CT
1	4880875	1068	AG
1	4881993	926	GA
1	4885892	2941	CT
1	4887332	1142	AG
1	4891545	2567	CT
1	4896898	3616	CT
1	4897290	285	AG
1	4902740	4033	CA
1	4902741	1	AG
1	4903836	719	GA
1	4905417	1405	CA
1	4906934	846	AC
1	4907635	217	GC
1	4910940	2535	GA
1	4911815	498	AG
1	4915613	2603	AG
1	4920306	2802	CA
1	4920870	564	GA
1	4922265	929	GT
1	4924733	1904	CA
1	4924735	2	CT
1	4931081	4363	GA
1	4931325	244	GA
1	4936040	2494	GA
1	4937589	835	GC
1	4949622	8320	CT
1	4951741	2002	GA
1	4952688	442	TC
1	4953921	1033	AG
1	4954598	309	TC
1	4957701	2370	GC
1	4958044	343	GC
1	4958116	72	CT
1	4958502	107	AC
1	4958546	44	CT
1	4958984	204	CG
1	4959176	192	GA
1	4959192	16	TC
1	4959198	6	AG
1	4959227	29	GA
1	4959270	43	CT
1	4959876	162	GA
1	4960592	386	CT
1	4960963	371	GA
1	4961012	49	TC
1	4961541	529	GA
1	4961799	258	CT
1	4961891	92	AT
1	4962601	156	CA
1	4964260	1480	AG
1	4966511	1107	TC
1	4966632	121	TC
1	4967230	520	GA
1	4967335	105	GA
1	4968048	713	TC
1	4974039	3412	CT
1	4974273	234	GA
1	4975262	922	CT
1	4977244	833	GA
1	4979184	1353	GA
1	4981965	1745	CA
1	4985080	2691	CT
1	4986037	235	CT
1	4986623	519	GA
1	4987205	461	CG
1	4987581	254	CT
1	4988641	901	CT
1	4988724	83	CT
1	4988725	1	TC
1	4989240	515	CT
1	4989646	406	TC
1	4990816	1045	GA
1	4990820	4	GA
1	4991115	295	GA
1	4991133	18	CA
1	4991966	833	CT
1	4992286	237	GA
1	4992348	62	AT
1	4992549	133	AG
1	4992946	329	CT
1	4992966	20	GA
1	4993052	86	GT
1	4993178	126	TC
1	4993777	599	CG
1	4994244	467	GC
1	4996305	1146	CT
1	4996920	306	GA
1	4997266	346	CT
1	4997614	159	CT
1	4997722	108	GA
1	4997737	15	GA
1	4997767	30	CA
1	4997789	22	CT
1	4997981	192	CT
1	5005808	5808	AG
1	5025999	7747	CT
1	5048944	16894	CT
1	5049649	705	GA
1	5067438	15820	GT
1	5079334	11743	TA
1	5080042	708	CG
1	5082240	1876	CT
1	5084644	1128	TC
1	5085371	443	CT
1	5086085	714	AG
1	5086157	72	AG
1	5086784	627	AG
1	5091617	3455	AG
1	5097436	2581	CT
1	5103708	2520	TC
1	5108102	4051	TG
1	5112037	3258	GA
1	5115604	2017	GA
1	5123178	4711	GC
1	5123626	448	CG
1	5124224	256	CT
1	5124700	476	AC
1	5164203	15849	AG
1	5197081	20436	CT
1	5201829	3129	CT
1	5203132	1265	CT
1	5204323	1191	CT
1	5206584	2236	GA
1	5206625	41	GC
1	5207120	495	GA
1	5207613	493	CT
1	5207704	91	GA
1	5207715	11	CT
1	5210989	3017	TC
1	5213132	2099	GA
1	5215473	2167	AG
1	5215486	13	TC
1	5218475	1667	AG
1	5218560	85	TC
1	5234041	13038	GA
1	5283267	38924	CT
1	5283781	422	AG
1	5312094	21056	CT
1	5321891	6179	AG
1	5322151	260	AC
1	5323405	1186	GA
1	5328638	4701	GA
1	5338710	8304	GA
1	5343557	4591	AG
1	5345006	1449	GA
1	5348326	3167	GA
1	5357548	7723	GT
1	5361613	3342	AG
1	5363637	1986	AG
1	5364114	477	CG
1	5366212	1988	CT
1	5366390	178	TC
1	5366510	120	TC
1	5367150	640	CT
1	5374080	6402	GC
1	5374992	912	GA
1	5375023	31	CT
1	5376202	1179	GA
1	5378743	2470	GA
1	5378927	184	CA
1	5382194	3182	CT
1	5392180	9780	AG
1	5392189	9	GA
1	5392819	630	GA
1	5394096	1220	CT
1	5397089	2944	CT
1	5399673	1524	GA
1	5400193	520	CT
1	5403892	3508	CT
1	5404374	385	GA
1	5405067	693	GC
1	5405258	147	AC
1	5408960	3526	CA
1	5410285	1159	GA
1	5412392	2107	AT
1	5416186	3690	GA
1	5422216	5910	CG
1	5422656	329	CT
1	5423041	385	GA
1	5423591	550	GT
1	5423761	170	TA
1	5424568	807	CT
1	5428922	3988	TA
1	5431475	1653	CT
1	5432844	1369	GA
1	5432914	70	CT
1	5434799	1689	GA
1	5436337	1538	GA
1	5441747	4309	CT
1	5447346	925	CA
1	5450363	332	GA
1	5451533	543	CT
1	5451832	299	GT
1	5452418	390	AT
1	5452534	116	CT
1	5453709	1041	CT
1	5453819	110	TC
1	5453838	19	CG
1	5454184	255	GT
1	5454473	289	AG
1	5454474	1	CT
1	5454542	68	GA
1	5454590	48	CT
1	5454648	58	TC
1	5454891	243	CT
1	5455284	393	CT
1	5455362	78	AC
1	5455388	26	GA
1	5455414	26	GA
1	5455471	57	AG
1	5455591	120	TC
1	5455789	198	TG
1	5455974	185	AC
1	5456021	47	GA
1	5456144	123	TC
1	5456169	25	CA
1	5456634	465	TC
1	5456946	312	GC
1	5456965	19	TA
1	5457023	58	TC
1	5457148	125	TC
1	5458180	1032	CT
1	5458290	110	CT
1	5459735	470	CT
1	5459770	35	TC
1	5460533	33	TG
1	5460565	32	TC
1	5460638	73	GA
1	5460701	63	CT
1	5462098	933	TC
1	5462426	294	GA
1	5462538	112	CT
1	5464941	1278	AG
1	5466681	1064	CT
1	5467993	1101	GA
1	5468158	165	AG
1	5468528	370	GC
1	5468654	126	AG
1	5469325	330	TC
1	5469523	198	CT
1	5469526	3	TC
1	5469676	150	GC
1	5469690	14	TC
1	5470358	668	GA
1	5470483	125	AG
1	5470495	12	TC
1	5470579	84	AG
1	5470652	73	TC
1	5470681	29	CT
1	5474476	383	TA
1	5476503	82	CT
1	5476759	79	AG
1	5476783	24	CT
1	5477541	758	GT
1	5477567	26	AG
1	5478524	439	CT
1	5478753	229	CT
1	5478808	55	TC
1	5480092	973	TC
1	5481401	208	GA
1	5481636	235	CG
1	5481944	274	TC
1	5482183	239	TC
1	5482710	431	AT
1	5483427	685	GA
1	5483664	204	TC
1	5484057	393	GT
1	5484080	23	AC
1	5485722	829	GA
1	5485791	69	AG
1	5486235	357	CT
1	5486346	111	TA
1	5487238	575	CT
1	5488008	727	TC
1	5488920	626	CA
1	5498044	277	GT
1	5501614	131	AG
1	5501962	348	GA
1	5503129	1167	AG
1	5503164	35	CT
1	5503302	138	TC
1	5504099	797	GA
1	5504768	669	GA
1	5505142	374	CT
1	5505264	122	TC
1	5505898	537	AC
1	5508462	368	AG
1	5508501	39	GC
1	5508532	31	CT
1	5508546	14	AG
1	5509718	122	TC
1	5509841	123	AC
1	5510212	56	GA
1	5510245	33	CG
1	5510838	262	GA
1	5512143	406	CT
1	5512457	297	CT
1	5512600	143	GT
1	5512624	24	CT
1	5512665	41	CT
1	5513764	1099	GA
1	5513853	89	AG
1	5514064	211	CT
1	5514404	340	GA
1	5514855	284	GA
1	5516114	1166	GC
1	5516254	140	GC
1	5517647	1281	AG
1	5517652	5	AG
1	5517824	142	CT
1	5517827	3	TC
1	5517941	114	CA
1	5518015	74	TC
1	5518127	112	GA
1	5518130	3	CG
1	5518404	274	CT
1	5518961	557	CT
1	5519087	126	AG
1	5521055	1261	CG
1	5521080	25	TG
1	5521307	227	CT
1	5522325	677	CT
1	5522650	325	TC
1	5525584	2666	GA
1	5530322	4585	GA
1	5535792	4854	CT
1	5538367	2575	CT
1	5538961	594	GA
1	5549100	10139	TG
1	5556753	4984	TC
1	5558210	1214	AG
1	5559072	824	GA
1	5559680	608	TG
1	5559750	70	TC
1	5559832	82	TC
1	5561017	917	CG
1	5561142	125	CA
1	5561588	446	CT
1	5561909	202	GT
1	5561913	4	GA
1	5561955	42	TC
1	5561991	36	GC
1	5562054	63	GT
1	5562099	45	GC
1	5562303	204	TC
1	5562365	62	AG
1	5562993	628	CA
1	5563002	9	TC
1	5563110	108	GC
1	5563368	225	CT
1	5563563	195	AG
1	5564303	513	GC
1	5564362	59	CT
1	5564999	637	GA
1	5565195	196	GA
1	5565227	32	CT
1	5565268	41	GA
1	5565302	34	TC
1	5565506	204	GT
1	5565507	1	AT
1	5565539	32	CT
1	5566393	727	TC
1	5566407	14	GA
1	5566435	28	CA
1	5566866	372	GA
1	5567676	318	AC
1	5567912	236	AT
1	5567936	24	TA
1	5568316	380	TC
1	5568591	275	GC
1	5568716	125	TC
1	5568975	259	CT
1	5569474	407	TC
1	5575329	4026	CT
1	5577005	854	CA
1	5577128	123	GA
1	5578370	1242	AT
1	5578393	23	AG
1	5579107	157	TC
1	5579938	285	CA
1	5580235	297	CT
1	5580353	118	CT
1	5580431	45	AG
1	5580640	209	CG
1	5581039	368	CT
1	5581172	133	GC
1	5581216	44	TC
1	5582388	1076	TC
1	5582723	335	TG
1	5584027	1210	AT
1	5589634	3461	CA
1	5590867	269	TA
1	5591165	298	CT
1	5591627	462	GC
1	5597904	3166	CT
1	5597931	27	AT
1	5603114	3880	GA
1	5605260	1309	CT
1	5606763	1484	CT
1	5606988	225	TC
1	5607143	155	AG
1	5607426	149	GC
1	5607428	2	CT
1	5607713	285	GC
1	5607731	18	AG
1	5607910	179	GA
1	5607911	1	CT
1	5607912	1	TC
1	5609679	852	GA
1	5609683	4	GA
1	5678736	29472	TC
1	5745192	36003	TC
1	5753100	5929	AG
1	5753385	285	AG
1	5753434	49	GA
1	5753454	20	CT
1	5753474	20	AG
1	5753489	15	CG
1	5753825	189	GA
1	5753927	102	TC
1	5753952	25	TC
1	5753979	27	GA
1	5754000	21	CT
1	5754005	5	AG
1	5754025	20	TC
1	5754051	26	GA
1	5754439	45	GA
1	5754675	236	TC
1	5754679	4	CT
1	5754693	14	TA
1	5754807	114	TG
1	5754816	9	GA
1	5754825	9	AG
1	5754902	77	GA
1	5755710	381	TC
1	5755789	79	GC
1	5755847	58	AG
1	5755868	21	AC
1	5755940	72	GA
1	5756485	151	CA
1	5756494	9	AG
1	5756790	296	GC
1	5756905	115	TC
1	5758027	408	TC
1	5758598	370	AT
1	5758687	27	CA
1	5758725	38	GA
1	5759225	500	GA
1	5759243	18	GC
1	5759309	66	AC
1	5760203	371	TA
1	5760750	547	TG
1	5761437	168	AG
1	5761468	31	TA
1	5761558	90	CT
1	5761620	62	GT
1	5761871	251	TC
1	5762377	506	CT
1	5762660	283	TC
1	5762734	74	CT
1	5763043	309	GC
1	5763142	99	GA
1	5763200	58	TC
1	5763607	84	TG
1	5763746	139	GA
1	5764430	537	CT
1	5764828	273	AG
1	5764892	64	TG
1	5764904	12	TC
1	5765003	99	GA
1	5765010	7	CT
1	5765011	1	GA
1	5765076	65	AG
1	5765164	88	GA
1	5768222	981	GA
1	5768515	293	GA
1	5768675	160	GC
1	5768879	204	AG
1	5770511	730	CT
1	5772926	1959	GA
1	5773185	259	AT
1	5774794	674	AC
1	5774833	39	GC
1	5775174	341	AG
1	5775219	45	CA
1	5775292	73	TC
1	5775416	124	CT
1	5775553	137	GA
1	5779848	2582	AG
1	5780040	192	GA
1	5780081	41	GA
1	5780378	256	GA
1	5780421	43	CA
1	5781305	884	GC
1	5782711	1406	GC
1	5784321	1281	CT
1	5786951	2128	GA
1	5788378	1088	TC
1	5788517	139	AC
1	5790177	1660	TG
1	5790374	197	TC
1	5791125	751	AG
1	5791550	425	GA
1	5792551	1001	GC
1	5793208	657	TC
1	5793366	158	AG
1	5794006	640	TC
1	5794368	296	CA
1	6113199	196144	GA
1	6122297	5039	AT
1	6122340	43	AG
1	6122498	158	GC
1	6122540	42	GT
1	6122683	143	AT
1	6135649	7365	GT
1	6138870	2119	TA
1	6138895	25	GA
1	6139379	432	CA
1	6139827	281	CT
1	6144172	836	TG
1	6144247	75	CT
1	6145820	605	GA
1	6147604	728	GA
1	6148970	848	TA
1	6153569	3842	AG
1	6156252	1174	CT
1	6156874	622	AG
1	6156905	31	GA
1	6157613	562	AG
1	6157755	142	AG
1	6158959	880	TC
1	6165880	4844	TC
1	6166190	68	AG
1	6167325	984	GA
1	6168094	670	GC
1	6168345	251	GA
1	6169485	653	CG
1	6170203	314	TC
1	6177946	1742	CT
1	6178429	192	TC
1	6180576	1901	GA
1	6183706	1604	TA
1	6185054	1297	TC
1	6185246	192	CA
1	6186703	823	CA
1	6187736	661	CT
1	6190471	1183	GA
1	6190513	42	CT
1	6190746	233	GC
1	6191029	283	CT
1	6191270	241	GA
1	6191374	104	CT
1	6192162	788	CT
1	6198366	3835	TC
1	6252706	31144	CT
1	6276815	14494	GA
1	6276879	64	AG
1	6276957	78	AG
1	6277088	131	GA
1	6279415	1963	AT
1	6280617	343	GC
1	6280665	48	CT
1	6282045	458	CT
1	6282180	135	GA
1	6282385	205	AG
1	6283617	730	CG
1	6283908	291	TC
1	6283939	31	AG
1	6283978	39	GT
1	6283979	1	AC
1	6284238	259	CT
1	6284295	57	AG
1	6284383	88	TC
1	6284544	161	AG
1	6284635	57	GT
1	6284770	135	CG
1	6285085	56	CT
1	6285189	104	AG
1	6285242	53	TG
1	6285271	29	CT
1	6285276	5	TC
1	6285430	114	AG
1	6285474	44	AG
1	6285850	59	CT
1	6286010	160	TC
1	6286016	6	TC
1	6286898	449	CT
1	6287198	300	CT
1	6287433	235	CG
1	6287990	418	TC
1	6288005	15	TC
1	6288011	6	AG
1	6288091	80	CT
1	6288403	125	CG
1	6288586	183	CT
1	6288802	216	GA
1	6288882	80	GA
1	6288914	32	GA
1	6289968	753	GA
1	6290080	72	TC
1	6290122	42	AG
1	6290237	115	GA
1	6290338	101	TG
1	6290361	23	TA
1	6295114	3259	AG
1	6295119	5	AC
1	6295170	51	GA
1	6295186	16	AG
1	6295312	126	AG
1	6295415	103	TC
1	6295418	3	GT
1	6295632	214	CT
1	6296344	80	GA
1	6296833	313	CA
1	6296891	58	CT
1	6296974	83	TG
1	6297257	101	GA
1	6297342	85	GA
1	6297416	74	TC
1	6297856	354	AG
1	6297992	136	CT
1	6298181	189	GA
1	6298220	39	GT
1	6302004	1731	CT
1	6302072	68	CT
1	6302099	27	CT
1	6302100	1	CT
1	6302151	51	GA
1	6302160	9	AG
1	6302180	20	CT
1	6302372	192	CT
1	6302413	41	AG
1	6302473	60	CT
1	6302532	59	GA
1	6302537	5	GA
1	6303435	898	CT
1	6303642	207	CT
1	6304406	505	CG
1	6304528	122	TA
1	6304628	100	CT
1	6304707	79	GA
1	6305521	370	GC
1	6409381	73468	GA
1	6409396	15	TA
1	6409417	21	CT
1	6409473	56	CT
1	6409709	200	GA
1	6409721	12	GA
1	6409726	5	GA
1	6409735	9	CT
1	6409770	35	CT
1	6409838	68	GA
1	6409884	46	AG
1	6410200	123	GA
1	6410242	42	GA
1	6410500	258	AT
1	6410523	23	GA
1	6410550	27	AG
1	6410552	2	AC
1	6410574	22	GA
1	6410945	251	GT
1	6411487	513	CT
1	6411526	39	CG
1	6411833	307	GA
1	6411854	21	GA
1	6411918	64	GA
1	6411971	53	GT
1	6412193	222	AG
1	6412791	598	CT
1	6412934	143	TC
1	6412971	37	CT
1	6413140	169	TA
1	6413143	3	TC
1	6413464	22	CT
1	6413726	197	GA
1	6413904	178	AG
1	6415484	1463	AG
1	6415529	45	AG
1	6415762	233	GA
1	6415766	4	TC
1	6415790	24	AC
1	6415815	25	GA
1	6415880	65	AT
1	6416303	360	CG
1	6416310	7	CT
1	6418898	2160	CT
1	6426068	5324	CG
1	6427178	986	GA
1	6427355	177	CT
1	6427628	138	GT
1	6427629	1	CT
1	6427667	38	AT
1	6427802	135	CT
1	6427807	5	AG
1	6427868	61	CT
1	6428106	238	CT
1	6428163	57	TC
1	6429338	888	CG
1	6429591	253	GA
1	6429624	33	GT
1	6429862	95	GA
1	6430107	245	GC
1	6430532	130	CT
1	6430543	11	GA
1	6430686	143	GA
1	6433482	2321	GA
1	6435664	2142	CT
1	6438214	1321	TC
1	6438851	502	CT
1	6439572	721	GA
1	6440135	47	TG
1	6445532	4906	CT
1	6445552	20	CT
1	6446862	1259	GA
1	6447350	488	GA
1	6447724	134	GA
1	6447748	24	CT
1	6447990	242	TC
1	6448448	234	GA
1	6448544	96	TG
1	6448711	167	AG
1	6448738	27	GA
1	6449300	562	GA
1	6449470	170	AG
1	6449580	110	CT
1	6450575	906	CT
1	6450642	67	TC
1	6450853	211	TC
1	6451227	374	CT
1	6451267	40	TC
1	6451347	80	AG
1	6451883	498	CT
1	6452697	590	GA
1	6452750	53	TC
1	6452819	69	AG
1	6452836	17	TA
1	6453174	338	AC
1	6453214	40	AC
1	6453219	5	GA
1	6453791	529	CT
1	6453982	191	CT
1	6454094	112	AG
1	6454158	64	GT
1	6454209	51	AG
1	6454303	94	GA
1	6455158	538	AC
1	6456413	422	CG
1	6456566	153	GA
1	6456715	149	GA
1	6456780	65	AC
1	6456807	27	TG
1	6456824	17	GA
1	6457340	375	GT
1	6457676	336	TC
1	6457742	66	TC
1	6458064	220	TC
1	6458079	15	AG
1	6458113	34	GA
1	6458166	53	TC
1	6458430	94	GC
1	6458541	111	CT
1	6458545	4	GC
1	6458546	1	GA
1	6458612	66	GA
1	6458638	26	CT
1	6458741	103	TC
1	6458763	22	TC
1	6458768	5	CT
1	6458853	85	AT
1	6458866	13	GA
1	6458869	3	TA
1	6459112	243	CT
1	6459578	466	GA
1	6459581	3	CT
1	6459628	47	GC
1	6461386	421	CG
1	6462366	891	TC
1	6462383	17	CT
1	6462683	300	CT
1	6462715	32	AC
1	6462718	3	CT
1	6462902	81	GT
1	6465616	2366	TC
1	6465883	267	CT
1	6472950	5875	GA
1	6475487	1501	GC
1	6478161	2091	CT
1	6478454	268	GA
1	6478678	159	CT
1	6478724	46	AG
1	6479144	226	CT
1	6480409	826	GA
1	6481174	765	GA
1	6482094	920	GA
1	6482098	4	CT
1	6482954	749	GA
1	6484112	610	CT
1	6485333	723	AG
1	6486795	895	CT
1	6486807	12	TG
1	6487790	647	TC
1	6488859	1069	TC
1	6489718	859	GT
1	6496670	5104	GA
1	6498862	1874	AG
1	6499573	711	AC
1	6507175	2544	AG
1	6507564	219	AG
1	6513411	4561	TC
1	6517309	2466	AC
1	6520695	2257	GA
1	6521916	831	CT
1	6522215	299	CT
1	6529471	3688	CT
1	6536861	5604	AT
1	6537830	879	GA
1	6538309	412	AG
1	6538504	152	CT
1	6538637	133	TC
1	6538895	258	TC
1	6539251	356	GA
1	6539273	22	CA
1	6539374	101	GA
1	6553516	13107	AG
1	6556630	2589	GA
1	6556669	39	AG
1	6556943	274	GA
1	6559689	1978	AG
1	6561264	1089	CT
1	6569456	3552	CT
1	6572078	2176	CG
1	6572352	274	GA
1	6572366	14	AG
1	6573229	561	TC
1	6574256	309	TC
1	6574313	57	CT
1	6575128	317	AG
1	6578678	1396	AG
1	6579079	401	AG
1	6579281	202	AG
1	6579542	261	TG
1	6579574	32	AG
1	6579602	28	AC
1	6579734	132	AG
1	6579799	65	AG
1	6579853	54	CT
1	6580007	154	TC
1	6580036	29	CG
1	6580069	33	CT
1	6580228	159	GA
1	6580240	12	CG
1	6580283	43	GT
1	6580820	475	AC
1	6580907	87	TC
1	6584371	1724	GA
1	6585132	761	AG
1	6585827	695	GA
1	6586037	210	TC
1	6586213	176	CT
1	6586214	1	CT
1	6586442	228	CT
1	6586589	147	TC
1	6586700	111	GA
1	6586711	11	AG
1	6586765	54	CT
1	6586795	30	TC
1	6587000	205	GA
1	6587119	119	CT
1	6587506	277	TC
1	6587518	12	TC
1	6587593	75	AT
1	6587733	140	TC
1	6588088	20	AG
1	6588149	61	GA
1	6588185	36	GA
1	6588422	237	GA
1	6588544	122	GA
1	6588632	88	TC
1	6588643	11	TC
1	6588704	61	GC
1	6589126	422	AG
1	6589893	729	CT
1	6590029	136	CT
1	6590067	38	CT
1	6591834	121	TC
1	6591967	133	GT
1	6591985	18	GT
1	6592166	181	GT
1	6592244	78	AG
1	6592247	3	AC
1	6592292	45	TC
1	6592695	403	TG
1	6593681	566	CT
1	6600052	1239	GA
1	6607143	3704	AG
1	6607189	46	AG
1	6607412	223	GA
1	6607783	100	GT
1	6607967	184	TC
1	6608049	82	GC
1	6608070	21	TG
1	6608079	9	GA
1	6608287	208	AG
1	6608584	194	GA
1	6608612	28	CT
1	6608941	179	AG
1	6609396	117	AG
1	6609496	100	GA
1	6609497	1	TG
1	6609502	5	CT
1	6611318	382	CT
1	6611337	19	GC
1	6611345	8	AC
1	6611400	55	GA
1	6611528	128	CT
1	6611542	14	CG
1	6611547	5	TC
1	6611567	20	GA
1	6611588	21	CT
1	6612461	563	CG
1	6612701	240	GA
1	6612717	16	GT
1	6612798	81	GC
1	6612914	116	TG
1	6612949	35	AG
1	6613050	101	AC
1	6613111	61	AG
1	6613127	16	TC
1	6613574	447	CT
1	6613575	1	AC
1	6613840	232	GT
1	6613924	84	TA
1	6613925	1	CA
1	6614273	348	CT
1	6614324	51	AG
1	6614452	128	GA
1	6614548	96	GA
1	6616068	1302	CT
1	6617089	500	GA
1	6620426	2924	AG
1	6622315	1584	TC
1	6623600	1285	GA
1	6623645	45	TC
1	6625253	1578	CT
1	6627615	1532	GA
1	6628430	491	AC
1	6629707	743	CG
1	6630586	879	GA
1	6631265	332	CG
1	6634832	2001	AC
1	6635823	769	GA
1	6636680	857	TC
1	6637288	608	TC
1	6637300	12	TC
1	6637307	7	TC
1	6637341	34	TC
1	6637360	19	TG
1	6637392	32	TC
1	6637449	57	TC
1	6637859	385	AG
1	6637886	27	AG
1	6637983	97	AG
1	6637997	14	AG
1	6638009	12	GC
1	6638011	2	GC
1	6638048	37	AT
1	6638097	49	CT
1	6638175	78	TC
1	6638213	38	TC
1	6638565	352	GA
1	6638596	31	CT
1	6638687	91	GT
1	6638692	5	GA
1	6638711	19	AG
1	6638971	260	TC
1	6638993	22	AC
1	6638996	3	GC
1	6639025	29	GA
1	6639027	2	TG
1	6639030	3	AG
1	6639052	22	CT
1	6639120	29	AG
1	6639411	262	CT
1	6639451	40	GA
1	6639510	59	CT
1	6639525	15	CT
1	6639725	200	AC
1	6639826	101	GA
1	6639858	32	CT
1	6639941	83	TG
1	6640129	188	GA
1	6640136	7	CT
1	6640220	84	CT
1	6640257	37	CT
1	6640290	33	GA
1	6640304	14	GA
1	6640322	18	GA
1	6640329	7	TC
1	6640382	53	AG
1	6640526	144	TC
1	6640690	164	CT
1	6640702	12	TC
1	6640984	282	CT
1	6640987	3	TC
1	6641003	16	CT
1	6641140	137	AG
1	6641141	1	CT
1	6641163	22	CT
1	6641412	249	AG
1	6641492	80	AG
1	6641663	171	CT
1	6642037	374	TA
1	6643349	912	AG
1	6643541	192	GT
1	6643666	125	CT
1	6643927	261	CA
1	6644148	221	AG
1	6644350	202	CT
1	6644380	30	AG
1	6644525	145	AG
1	6644670	145	GA
1	6646007	1137	AC
1	6646055	48	CT
1	6646381	326	CG
1	6646631	250	TC
1	6646633	2	GA
1	6647191	558	TC
1	6647194	3	TC
1	6647362	168	CT
1	6647691	329	AG
1	6648037	346	CT
1	6648157	120	TC
1	6648200	43	TC
1	6648301	101	AG
1	6648486	185	AG
1	6648772	286	GA
1	6648829	57	TC
1	6648933	80	CT
1	6648947	14	TC
1	6648955	8	AG
1	6649483	217	GA
1	6649512	29	AG
1	6649766	81	GA
1	6651167	840	AG
1	6651434	267	GA
1	6652027	542	CT
1	6652710	630	TC
1	6652742	32	AG
1	6652789	47	GA
1	6652904	115	GA
1	6652986	82	TC
1	6653125	139	TC
1	6653614	449	AG
1	6654090	125	TA
1	6654498	91	GA
1	6654510	12	GA
1	6654513	3	TC
1	6654617	104	TC
1	6654850	233	AG
1	6654900	50	CT
1	6656089	1155	CT
1	6657239	1044	GA
1	6657285	46	GA
1	6661316	3813	AG
1	6661365	49	GA
1	6661570	205	GT
1	6661589	19	GA
1	6662028	151	CT
1	6662037	9	GA
1	6662667	167	AG
1	6662732	65	TC
1	6663520	763	AC
1	6663546	26	TC
1	6663555	9	TC
1	6663883	328	CT
1	6663884	1	GA
1	6663890	6	TC
1	6664356	300	GA
1	6664670	314	CT
1	6664675	5	GA
1	6664767	92	GC
1	6665047	280	CG
1	6665179	132	AC
1	6665262	83	AG
1	6665535	273	TC
1	6665938	403	GA
1	6666249	311	GA
1	6666770	521	TC
1	6667838	1068	AG
1	6668041	203	CG
1	6668473	432	CT
1	6668945	472	GA
1	6669677	708	GA
1	6669780	103	CT
1	6669835	55	TC
1	6669927	92	CT
1	6670086	159	AG
1	6670553	467	CT
1	6670809	256	AG
1	6671347	538	AG
1	6676518	2463	TC
1	6676600	82	GA
1	6676989	389	CT
1	6677035	46	CT
1	6677722	547	GT
1	6678284	562	GT
1	6678927	643	GA
1	6679324	397	TC
1	6679371	47	CT
1	6679372	1	AG
1	6680648	348	CT
1	6680987	298	TA
1	6681969	630	AG
1	6681987	18	AG
1	6682008	21	GC
1	6682685	235	GA
1	6682788	103	GA
1	6682807	19	GA
1	6682850	43	CG
1	6682854	4	GA
1	6684217	514	GA
1	6684229	12	CT
1	6684230	1	AG
1	6684513	283	CT
1	6684535	22	GA
1	6684933	398	GT
1	6685058	125	TA
1	6685360	302	CA
1	6685423	63	CT
1	6685597	174	GA
1	6685787	190	CG
1	6686199	214	AG
1	6686210	11	TC
1	6686232	22	CT
1	6686266	34	CT
1	6686268	2	CT
1	6686279	11	TC
1	6686280	1	GA
1	6686295	15	TC
1	6687611	1200	AG
1	6687791	180	GC
1	6687800	9	AG
1	6687836	36	CT
1	6688529	400	TC
1	6689404	834	CT
1	6689801	258	GA
1	6689904	103	TC
1	6689964	60	GA
1	6689996	32	TG
1	6690055	59	CT
1	6690468	304	GA
1	6690594	126	CG
1	6690617	23	TC
1	6690735	118	TC
1	6691122	387	TA
1	6691946	150	AG
1	6707241	14096	GA
1	6716023	5181	GA
1	6716111	88	TC
1	6716127	16	TG
1	6716221	94	CT
1	6716435	214	GC
1	6716559	124	AG
1	6716661	102	AG
1	6716697	36	AT
1	6716746	49	GA
1	6716751	5	GA
1	6717327	420	TC
1	6717333	6	CT
1	6717417	84	CT
1	6717446	29	CT
1	6717447	1	TC
1	6717475	28	GA
1	6717503	28	GA
1	6717509	6	TC
1	6717766	147	CT
1	6718229	424	CT
1	6718690	364	TC
1	6719137	118	CT
1	6719224	87	CT
1	6719394	170	GT
1	6720243	722	GC
1	6720666	423	CG
1	6720750	84	CT
1	6720905	155	CT
1	6721011	106	CT
1	6721078	67	TC
1	6721329	251	AG
1	6722289	716	GA
1	6722371	82	AG
1	6723007	636	GA
1	6723024	17	CT
1	6723676	315	GA
1	6723677	1	AC
1	6724229	188	AG
1	6724261	32	GA
1	6724262	1	CT
1	6724387	125	AG
1	6724389	2	GA
1	6724460	71	CA
1	6724880	114	AG
1	6724937	57	TC
1	6725005	68	CT
1	6725290	285	CT
1	6725445	155	TC
1	6725534	89	TC
1	6725853	319	CT
1	6725907	54	CA
1	6725934	27	AG
1	6725945	11	AG
1	6726008	63	GA
1	6726248	153	GA
1	6726356	108	GA
1	6727869	349	TC
1	6728127	258	TC
1	6728169	42	TC
1	6728481	239	GA
1	6728748	267	TG
1	6728986	238	CT
1	6729040	54	AG
1	6729363	323	AG
1	6730534	506	CG
1	6730599	65	GA
1	6731753	1000	CA
1	6732460	545	GA
1	6732500	40	AG
1	6732501	1	TA
1	6733441	831	CT
1	6733513	72	TC
1	6734461	669	TC
1	6735626	624	CT
1	6735669	43	GA
1	6735701	32	TC
1	6735720	19	GC
1	6736076	222	GA
1	6739391	2633	GC
1	6739392	1	GC
1	6739393	1	AT
1	6739676	283	AG
1	6740865	723	GA
1	6742294	501	TC
1	6742482	188	TC
1	6743519	1037	GA
1	6743572	53	CT
1	6743574	2	AC
1	6743668	94	CT
1	6743780	112	GA
1	6743988	208	CG
1	6744372	210	CT
1	6744742	338	CG
1	6745114	372	GT
1	6745188	74	AG
1	6745635	123	CT
1	6745639	4	AG
1	6746788	1038	GA
1	6746803	15	GT
1	6746925	122	CT
1	6746944	19	TC
1	6747175	231	CT
1	6747291	116	CT
1	6747542	251	GT
1	6751892	2568	GA
1	6751955	63	AG
1	6753011	803	AC
1	6758023	3770	CT
1	6776475	14611	GA
1	6780540	2450	CG
1	6786839	4581	TC
1	6787147	308	TC
1	6787434	287	AG
1	6787638	204	CT
1	6787936	298	GA
1	6788383	267	CA
1	6788737	270	AG
1	6788740	3	AG
1	6788760	20	TC
1	6789362	309	AG
1	6789551	189	CA
1	6789604	53	CT
1	6790188	241	CT
1	6791156	968	CT
1	6791847	691	CT
1	6793929	622	GA
1	6795477	1018	CT
1	6795565	88	AG
1	6802050	5438	GA
1	6807602	4761	AG
1	6810679	1026	GA
1	6810717	38	CT
1	6810862	145	CA
1	6811049	187	TC
1	6811825	631	GA
1	6811845	20	TG
1	6811876	31	CT
1	6811894	18	GA
1	6812199	305	AG
1	6812318	119	GA
1	6812344	26	AG
1	6812549	205	GA
1	6812980	140	GA
1	6812985	5	AC
1	6813076	91	TC
1	6813097	21	CG
1	6813501	404	AG
1	6814184	583	AC
1	6814595	411	GA
1	6814626	31	GT
1	6814633	7	GA
1	6815254	592	GA
1	6815869	615	CG
1	6816676	726	CT
1	6816716	40	CT
1	6817169	453	GA
1	6817257	88	CT
1	6817932	232	CT
1	6818071	139	AG
1	6820179	1657	GA
1	6820353	174	TG
1	6820366	13	GC
1	6820380	14	CT
1	6820386	6	AG
1	6820869	483	CA
1	6821072	203	TC
1	6821198	126	TG
1	6821319	121	AG
1	6821414	95	CT
1	6821554	140	GT
1	6822506	792	AG
1	6822783	277	GT
1	6822984	201	CT
1	6830470	4142	GT
1	6831329	859	GA
1	6834672	1774	GA
1	6835664	560	TC
1	6835779	115	AG
1	6835910	131	TC
1	6837389	1384	CT
1	6838134	612	GA
1	6839785	1370	CT
1	6840843	632	GA
1	6841096	253	AG
1	6841327	231	GC
1	6842190	335	GA
1	6842289	99	GA
1	6842502	213	AG
1	6843101	56	GA
1	6843249	148	GA
1	6843254	5	CT
1	6843275	21	GA
1	6843276	1	AT
1	6843647	371	TG
1	6843664	17	TC
1	6843704	40	TC
1	6843714	10	CA
1	6843738	24	AG
1	6844135	240	CT
1	6844147	12	TC
1	6844406	84	CT
1	6844546	140	CA
1	6844660	114	GT
1	6844758	98	CT
1	6844778	20	GA
1	6844865	87	TC
1	6844914	49	TC
1	6845124	210	GA
1	6845580	456	CT
1	6845589	9	GA
1	6845931	249	TC
1	6845967	36	CT
1	6846420	453	GA
1	6846460	40	AG
1	6846636	176	GA
1	6846768	132	CT
1	6846978	210	GA
1	6846991	13	GA
1	6847588	393	CT
1	6848565	843	CT
1	6848902	167	GA
1	6849022	120	CT
1	6849848	770	CT
1	6849857	9	AG
1	6849895	38	CT
1	6849916	21	CT
1	6851054	780	TC
1	6851164	110	GA
1	6851197	33	CT
1	6851219	22	AG
1	6851223	4	TA
1	6851381	158	TC
1	6851546	165	GA
1	6851648	102	TC
1	6852347	670	CT
1	6852647	93	CA
1	6852710	63	GA
1	6852912	142	AG
1	6852974	62	GA
1	6853257	213	GA
1	6853301	44	GA
1	6853367	66	AG
1	6853387	20	AG
1	6853434	47	TG
1	6853873	344	GA
1	6853927	54	AG
1	6853956	29	GA
1	6853976	20	CT
1	6854035	59	GA
1	6854083	48	GA
1	6854724	565	CG
1	6854733	9	CT
1	6854739	6	CT
1	6854751	12	TC
1	6855078	327	GC
1	6855087	9	TG
1	6855413	326	TG
1	6855503	90	TC
1	6855555	52	GA
1	6855788	56	GA
1	6855955	167	GA
1	6865398	7081	CT
1	6865577	179	GA
1	6865611	34	GA
1	6865633	22	GA
1	6866191	182	CT
1	6866211	20	CT
1	6866244	33	GA
1	6866778	534	TC
1	6866889	111	TC
1	6867330	441	CT
1	6867425	95	AG
1	6867967	542	GC
1	6868316	102	TC
1	6868469	153	AT
1	6868487	18	GC
1	6868603	116	TC
1	6868694	91	CT
1	6868698	4	GC
1	6868845	147	GA
1	6869053	144	GA
1	6869162	109	CT
1	6869564	402	CT
1	6869866	56	TC
1	6869880	14	GA
1	6870977	96	CG
1	6870989	12	GA
1	6871529	540	CT
1	6871560	31	GT
1	6872124	151	TA
1	6872135	11	AG
1	6872186	51	CT
1	6872288	102	CG
1	6872290	2	AG
1	6872314	24	AG
1	6872366	52	TG
1	6872512	146	AT
1	6873317	232	CT
1	6873319	2	CT
1	6873475	156	AG
1	6874148	363	AG
1	6874491	343	GA
1	6874647	156	AC
1	6874710	63	TA
1	6875232	302	CT
1	6877066	1659	CT
1	6877780	532	CT
1	6878546	697	GA
1	6878547	1	AG
1	6878659	112	TA
1	6878712	53	TG
1	6878843	131	GT
1	6879190	347	GA
1	6879211	21	GA
1	6879238	27	GA
1	6881671	635	CT
1	6882191	424	CT
1	6883038	847	CA
1	6883671	364	GA
1	6884127	456	TC
1	6884176	49	CT
1	6884708	403	AC
1	6885028	320	CT
1	6885127	99	GC
1	6888525	2632	CT
1	6888629	104	GA
1	6888885	256	AG
1	6889050	165	GC
1	6889091	41	CT
1	6889170	79	CT
1	6889490	320	GA
1	6890442	591	AT
1	6892349	445	TC
1	6893473	1124	GA
1	6894453	980	TC
1	6895748	1005	CT
1	6896124	376	AG
1	6896155	31	GA
1	6896167	12	AG
1	6896258	91	GA
1	6897534	970	CG
1	6897543	9	AG
1	6897805	262	CA
1	6901599	2499	CT
1	6902016	337	TC
1	6902248	232	TG
1	6902482	234	GA
1	6902830	348	AT
1	6902857	27	GA
1	6905760	259	GC
1	6907366	1027	AG
1	6907845	205	GA
1	6908631	760	CT
1	6909491	860	CT
1	6910093	371	TC
1	6910210	117	GA
1	6910217	7	CA
1	6910308	91	CA
1	6910613	276	CT
1	6911478	865	GA
1	6913813	325	CT
1	6914174	361	TC
1	6914279	105	CT
1	6914420	141	GA
1	6915360	551	CT
1	6915423	63	GA
1	6915555	47	AG
1	6915618	63	GC
1	6915623	5	AC
1	6915630	7	TC
1	6915648	18	CT
1	6915720	72	TG
1	6915893	173	CT
1	6917078	1042	TC
1	6917231	153	GA
1	6917270	39	GA
1	6917585	315	AC
1	6917627	42	AG
1	6917861	119	GA
1	6917865	4	GA
1	6917972	107	GT
1	6917979	7	CT
1	6918687	169	AG
1	6918947	260	TC
1	6918962	15	CT
1	6919571	545	TC
1	6920512	625	CT
1	6920941	429	GA
1	6921248	307	AG
1	6921269	21	CT
1	6921284	15	AG
1	6921513	229	AG
1	6921752	239	GA
1	6921872	120	AG
1	6922314	442	GA
1	6922561	247	AG
1	6923315	754	CG
1	6923353	38	CA
1	6923497	144	GA
1	6923748	251	CT
1	6924114	366	TC
1	6924240	126	CG
1	6924395	155	CT
1	6924403	8	CT
1	6924590	187	CA
1	6924694	104	GA
1	6924825	64	GA
1	6924831	6	CT
1	6924838	7	GA
1	6924874	36	GA
1	6925295	421	CT
1	6925872	536	GA
1	6925928	56	TC
1	6926033	105	AG
1	6926206	173	GA
1	6926446	240	GA
1	6926904	392	GA
1	6927104	200	CG
1	6927922	440	CT
1	6928469	547	GA
1	6928496	27	GA
1	6928630	134	GA
1	6929164	213	GA
1	6929193	29	GA
1	6929230	37	GC
1	6929255	25	CT
1	6929269	14	CG
1	6929270	1	AG
1	6929325	55	CT
1	6929604	279	CT
1	6929718	114	GA
1	6930203	485	TG
1	6930213	10	GA
1	6930528	315	GT
1	6930529	1	CG
1	6932467	1400	CT
1	6932823	192	AG
1	6943210	6083	CT
1	6943350	140	CG
1	6944311	537	CT
1	6946433	1716	CT
1	6949431	2169	AG
1	6950225	794	CT
1	6950383	158	AT
1	6951231	580	TG
1	6952032	801	AG
1	6952157	125	TC
1	6952188	31	TC
1	6952625	370	TA
1	6952634	9	AG
1	6952641	7	AG
1	6952723	82	AG
1	6952802	79	GA
1	6952849	47	CG
1	6952850	1	AG
1	6952869	19	CT
1	6953049	180	CT
1	6953101	52	TG
1	6953276	104	CT
1	6953277	1	AG
1	6953289	12	CT
1	6953419	130	GC
1	6953430	11	TA
1	6953432	2	AG
1	6953446	14	CT
1	6953611	165	AG
1	6953697	86	AG
1	6953927	230	TG
1	6954042	115	TG
1	6954138	96	TC
1	6956511	181	AG
1	6956673	121	TC
1	6956693	20	GA
1	6956799	106	TC
1	6957052	253	AT
1	6958384	822	CT
1	6959370	956	GA
1	6962543	2070	GT
1	6962636	93	CT
1	6963904	585	CT
1	6964057	73	CT
1	6964285	228	AG
1	6964540	255	CT
1	6964908	368	TG
1	6964929	21	AG
1	6964962	33	GC
1	6965117	155	TC
1	6965128	11	AC
1	6965399	193	TC
1	6965562	163	TC
1	6965645	83	GA
1	6965803	158	CT
1	6966417	614	TC
1	6970471	3213	CT
1	6972131	1477	GA
1	6972398	267	CG
1	6973123	557	CT
1	6973935	633	CT
1	6976053	642	GA
1	6977279	1144	GA
1	6977462	144	AG
1	6977670	208	GC
1	6977697	27	CT
1	6978091	394	CT
1	6978111	20	TC
1	6978120	9	AG
1	6979066	763	TA
1	6979087	21	CT
1	6979507	132	AC
1	6980107	298	GA
1	6980128	21	AG
1	6980164	36	TC
1	6980450	286	CT
1	6986149	3873	GA
1	6987725	1447	CG
1	6987768	43	AG
1	6989303	1420	GA
1	6989539	236	CT
1	6990569	764	TA
1	6990707	138	CA
1	6991308	432	GA
1	6994857	1918	GA
1	6994917	60	CA
1	6995143	183	CG
1	6995605	462	CA
1	6996038	433	GA
1	6996157	119	GA
1	6998983	1395	TG
1	7007182	4769	TC
1	7010287	2477	AG
1	7011250	717	CT
1	7011369	119	AG
1	7014061	2394	GC
1	7014125	64	CT
1	7017258	1909	CT
1	7017275	17	GA
1	7020789	2070	TA
1	7021502	126	AG
1	7028759	2048	AT
1	7031437	1701	AG
1	7033036	1172	GT
1	7033038	2	GA
1	7036146	2519	TA
1	7036164	18	GA
1	7036752	588	GT
1	7037182	332	TA
1	7038018	328	AG
1	7039293	385	CT
1	7039306	13	TC
1	7039545	239	CT
1	7039802	257	CT
1	7039812	10	CT
1	7040129	317	TC
1	7044522	3965	GA
1	7045548	1026	CT
1	7045915	367	AG
1	7046190	275	CT
1	7047343	1153	AG
1	7052976	4696	CG
1	7053024	48	CT
1	7053241	217	TC
1	7055839	1702	CT
1	7056595	532	TC
1	7056717	122	CT
1	7056849	132	GA
1	7056900	51	GT
1	7059321	1488	GA
1	7060098	654	CT
1	7061330	880	GA
1	7064852	2384	AG
1	7064926	74	CA
1	7065552	227	GA
1	7066194	397	GA
1	7066341	147	AG
1	7066359	18	AT
1	7067404	1045	CA
1	7067747	263	TC
1	7068245	498	AG
1	7068501	30	AG
1	7069524	471	GC
1	7070213	573	AG
1	7072070	1670	CT
1	7072980	478	AG
1	7073124	144	GA
1	7073360	236	CT
1	7073362	2	CT
1	7073369	7	CT
1	7073657	169	CG
1	7073662	5	CA
1	7073829	76	GT
1	7073942	113	GC
1	7075812	1381	CT
1	7076079	267	GA
1	7076092	13	AT
1	7076167	75	CG
1	7077576	955	GA
1	7084147	3339	TC
1	7087194	2610	GA
1	7090003	1999	AC
1	7090035	32	CT
1	7090060	25	CT
1	7091459	969	GA
1	7091705	188	AG
1	7091871	166	AG
1	7092354	440	TC
1	7095121	1966	TC
1	7096027	669	GA
1	7096121	94	TC
1	7096723	394	CT
1	7097066	343	AG
1	7097068	2	TC
1	7097465	397	GA
1	7097515	50	GA
1	7097726	158	GT
1	7097938	185	TC
1	7098050	112	CA
1	7098507	457	AG
1	7098599	92	GA
1	7099520	772	AG
1	7099610	90	GA
1	7099724	114	TG
1	7099736	12	GA
1	7099889	153	CA
1	7099924	35	CT
1	7099964	40	AG
1	7100187	166	GT
1	7100392	205	CG
1	7100473	81	GA
1	7100873	400	AG
1	7101074	201	GT
1	7101759	556	GA
1	7101810	51	AG
1	7101982	172	GA
1	7102077	95	GA
1	7102989	512	GA
1	7103965	730	GA
1	7104701	564	TC
1	7108180	1541	TC
1	7108860	363	GA
1	7109365	95	TC
1	7109415	50	GT
1	7109606	89	AG
1	7109667	61	TC
1	7110534	833	TC
1	7111259	559	CT
1	7111929	555	GT
1	7113501	1162	AT
1	7114849	898	CT
1	7115648	740	GA
1	7116681	1033	TC
1	7117371	690	TG
1	7119748	1621	GA
1	7119782	34	GT
1	7121451	1200	GT
1	7121807	356	AC
1	7122161	222	AG
1	7122179	18	GA
1	7123531	1352	CT
1	7123577	46	CT
1	7123769	192	GA
1	7123914	145	GA
1	7124115	16	GA
1	7124136	21	TG
1	7124534	151	AG
1	7124646	112	TA
1	7124685	39	GA
1	7125326	641	AG
1	7125416	90	TC
1	7126639	1071	CT
1	7126735	96	CT
1	7126966	231	AG
1	7127180	214	TG
1	7127223	43	TA
1	7127415	192	TC
1	7128127	712	GA
1	7128232	105	GC
1	7128260	28	AG
1	7128885	538	GC
1	7130059	659	AG
1	7131294	920	CA
1	7131442	148	TG
1	7132094	411	TC
1	7132099	5	CT
1	7132644	545	AG
1	7132715	71	AG
1	7133959	409	CT
1	7134221	262	GA
1	7135349	752	GA
1	7135972	623	TG
1	7136611	211	CT
1	7136620	9	AC
1	7136638	18	CT
1	7136744	106	TC
1	7137385	104	CT
1	7137390	5	GA
1	7137634	201	AG
1	7137779	145	GT
1	7137836	57	GA
1	7137910	74	GA
1	7139078	230	CT
1	7139129	51	GA
1	7139162	33	AC
1	7139170	8	AC
1	7139542	151	AG
1	7140366	265	CG
1	7140550	184	GA
1	7140975	372	AG
1	7141051	76	GA
1	7142315	1264	CT
1	7142418	103	GA
1	7142421	3	GA
1	7142434	13	AG
1	7142558	124	AG
1	7142698	140	GA
1	7143616	918	GA
1	7144028	62	CT
1	7144516	9	CT
1	7144628	112	GA
1	7144633	5	CT
1	7144634	1	AG
1	7144656	22	GA
1	7144678	22	AG
1	7144849	171	CG
1	7144971	122	CG
1	7144975	4	AG
1	7145099	124	GC
1	7145254	155	TG
1	7145258	4	AG
1	7145267	9	TC
1	7145354	87	AG
1	7145544	190	CT
1	7145560	16	AG
1	7145855	216	TC
1	7145865	10	GA
1	7146071	206	TC
1	7147274	690	TA
1	7148535	959	CT
1	7149578	541	GT
1	7151835	1293	GA
1	7152514	679	GA
1	7152799	285	AG
1	7153590	358	GA
1	7155825	1804	GA
1	7164718	5537	GA
1	7168559	2417	GA
1	7168743	184	GC
1	7169119	247	AC
1	7169151	32	GA
1	7169294	143	CT
1	7170333	725	AG
1	7170524	191	AG
1	7170552	28	AG
1	7171712	1061	AG
1	7171752	40	GA
1	7171945	193	CA
1	7172415	470	TC
1	7172631	216	TC
1	7173053	242	TA
1	7173239	186	CT
1	7173321	82	CT
1	7173520	199	TG
1	7173888	368	CT
1	7176119	1351	GA
1	7176663	269	TC
1	7177112	449	GT
1	7177165	53	GA
1	7177378	213	TG
1	7177719	341	CT
1	7177843	124	CT
1	7177913	23	AC
1	7177917	4	CT
1	7178058	141	GA
1	7178127	69	CT
1	7178217	90	GA
1	7178408	191	TC
1	7178713	107	CT
1	7178820	107	TG
1	7179141	190	CG
1	7179142	1	CT
1	7183535	2285	GT
1	7184864	1087	GA
1	7190466	3724	GC
1	7190467	1	GA
1	7191775	812	GC
1	7191994	219	AG
1	7192205	211	CT
1	7192215	10	AG
1	7192606	391	AC
1	7192978	372	AG
1	7194427	1341	AC
1	7195751	1233	AG
1	7196241	490	AG
1	7196516	275	AT
1	7197084	568	TC
1	7197516	319	GA
1	7197682	166	CT
1	7197841	159	CA
1	7200313	1750	TG
1	7201602	575	AG
1	7202093	467	GT
1	7202391	248	GA
1	7202633	219	AG
1	7202710	77	TC
1	7203291	467	TC
1	7203537	246	CT
1	7203655	118	AG
1	7203660	5	GA
1	7203697	37	CT
1	7203982	285	CT
1	7204017	35	GA
1	7205601	639	CT
1	7206154	112	AG
1	7206289	135	TC
1	7207304	238	GA
1	7207367	63	GA
1	7207627	219	TC
1	7207793	166	GA
1	7207933	55	AG
1	7208134	201	AT
1	7208410	276	CG
1	7208931	318	GA
1	7209053	122	AC
1	7209196	143	TG
1	7209253	57	TG
1	7209254	1	TC
1	7209939	453	AG
1	7209945	6	CT
1	7209951	6	CT
1	7210027	76	CT
1	7210141	29	TC
1	7210143	2	TC
1	7210144	1	GT
1	7210147	3	GT
1	7210259	112	AG
1	7212789	1295	GA
1	7213897	1108	TC
1	7214857	720	AG
1	7215080	223	AT
1	7215370	290	GA
1	7215379	9	AG
1	7215388	9	AG
1	7215431	43	GA
1	7215813	321	AC
1	7216156	343	TC
1	7218536	1355	GC
1	7218550	14	CT
1	7218693	143	TA
1	7218728	35	AG
1	7218755	27	CT
1	7219131	114	GA
1	7219180	49	AT
1	7219472	292	AC
1	7219491	19	AG
1	7220065	435	GA
1	7220078	13	AG
1	7220093	15	CT
1	7220106	13	GA
1	7220292	186	CA
1	7220448	32	CT
1	7221059	611	CG
1	7222103	1044	GT
1	7222513	410	GC
1	7223144	631	CT
1	7223153	9	CG
1	7225055	965	AG
1	7225267	212	AG
1	7225294	27	GA
1	7225301	7	CA
1	7225332	31	GA
1	7227174	1028	GC
1	7227374	200	TC
1	7227754	93	AG
1	7227824	70	GA
1	7227837	13	AC
1	7227894	57	GA
1	7227926	32	CT
1	7228598	118	GC
1	7228843	245	TC
1	7229694	422	TC
1	7229751	57	AG
1	7229818	67	CT
1	7229917	99	CG
1	7230373	436	CT
1	7230485	112	AG
1	7231219	309	CT
1	7231239	20	TC
1	7231258	19	CG
1	7231323	65	TC
1	7231327	4	AG
1	7231339	12	TA
1	7231366	27	GT
1	7231431	65	AC
1	7231908	168	GT
1	7231911	3	CT
1	7232825	450	GA
1	7233200	264	GA
1	7233337	137	AG
1	7234485	748	TA
1	7235180	224	AC
1	7235187	7	TC
1	7235253	66	TC
1	7235337	84	GA
1	7235377	40	TC
1	7235785	245	CT
1	7235952	52	GA
1	7236189	237	CT
1	7236191	2	GA
1	7236424	196	CT
1	7237166	239	CT
1	7237189	23	CT
1	7237364	175	AG
1	7237467	103	TC
1	7238241	648	GA
1	7240610	619	CG
1	7240791	181	AG
1	7249447	6292	TC
1	7249737	218	CT
1	7251021	1003	AG
1	7255528	1946	CT
1	7264896	7563	CG
1	7300546	29674	CT
1	7322488	11948	GA
1	7330209	7530	AG
1	7330442	233	AG
1	7418283	59508	AG
1	7437199	14181	GA
1	7438871	547	GA
1	7439027	156	CT
1	7439167	140	TC
1	7439461	294	AG
1	7439511	50	CA
1	7439563	52	TC
1	7440156	568	GC
1	7440579	423	TG
1	7441124	545	CT
1	7441461	337	CT
1	7441638	177	CA
1	7441684	46	GA
1	7441688	4	GA
1	7441717	29	TC
1	7442224	507	CT
1	7443114	426	GA
1	7443160	46	TC
1	7443259	99	CT
1	7443289	30	TC
1	7443412	123	CT
1	7449888	1399	CT
1	7450581	556	TC
1	7450582	1	GT
1	7453634	2085	CG
1	7453725	91	AG
1	7454073	155	CA
1	7454191	118	AG
1	7454331	140	GT
1	7455039	606	GA
1	7457437	1909	CT
1	7457745	308	TC
1	7457786	41	AG
1	7458530	484	AT
1	7459179	238	TC
1	7459227	48	CT
1	7459258	31	AG
1	7459543	285	TA
1	7459548	5	GT
1	7459850	302	CT
1	7460018	168	GT
1	7460068	50	AT
1	7460853	70	TG
1	7462290	962	CT
1	7462324	34	CT
1	7462389	65	AC
1	7462401	12	AG
1	7462757	356	GA
1	7462992	235	GA
1	7463064	72	GA
1	7463073	9	GA
1	7463175	102	GA
1	7463187	12	CT
1	7463680	353	AG
1	7466289	450	TC
1	7466427	138	CT
1	7466481	54	AG
1	7466544	63	CT
1	7466586	42	CT
1	7466781	195	GA
1	7467016	161	TC
1	7467636	103	TG
1	7467637	1	CG
1	7468172	167	TC
1	7470488	839	TC
1	7470638	116	GA
1	7471318	470	CT
1	7471861	196	AG
1	7471921	60	CT
1	7472086	165	TC
1	7472242	53	CT
1	7472450	208	GC
1	7472563	113	TG
1	7473401	379	CG
1	7473845	444	AG
1	7476822	1446	CT
1	7477103	281	GA
1	7477462	359	TC
1	7477750	288	CA
1	7477753	3	AG
1	7478351	384	CT
1	7478478	127	GA
1	7478959	349	GA
1	7478995	36	TC
1	7479902	353	CA
1	7479944	42	AT
1	7480733	501	AT
1	7494926	8410	AC
1	7496259	1184	GA
1	7496759	407	TA
1	7496976	217	GT
1	7500036	1398	AG
1	7500060	24	CT
1	7500313	253	AT
1	7501942	1101	CT
1	7504588	2309	TC
1	7507125	1416	AC
1	7509862	1307	GA
1	7509927	65	TC
1	7510156	229	GA
1	7510567	411	GA
1	7510580	13	GA
1	7513427	1873	CG
1	7513658	231	CT
1	7513729	71	CT
1	7514451	498	CT
1	7514534	83	TC
1	7514669	83	CT
1	7514830	161	CT
1	7514855	25	CA
1	7528390	6006	GA
1	7531710	2776	CT
1	7534055	1780	TC
1	7536427	2100	AC
1	7537388	606	GC
1	7537620	232	CT
1	7538215	595	CG
1	7538681	406	GA
1	7539006	325	CG
1	7539611	371	TG
1	7539666	55	AC
1	7539667	1	CT
1	7540562	895	CT
1	7540576	14	AG
1	7541223	493	GC
1	7542206	786	GT
1	7543543	1000	AG
1	7543562	19	CT
1	7543575	13	CT
1	7544221	63	AC
1	7544268	47	AC
1	7544281	13	AG
1	7544654	373	TC
1	7544679	25	TC
1	7544789	110	GC
1	7544816	27	GA
1	7544850	34	CT
1	7545253	403	GT
1	7545524	50	AT
1	7545747	223	CT
1	7545752	5	CG
1	7545977	134	CT
1	7546471	357	TC
1	7547072	426	GA
1	7547455	383	AG
1	7547622	167	TC
1	7547661	39	GC
1	7548309	323	CT
1	7548452	143	CG
1	7548755	303	GA
1	7548818	63	GA
1	7550409	1410	CA
1	7550606	197	AT
1	7550918	96	TC
1	7551128	210	CA
1	7551218	90	CA
1	7552239	832	CG
1	7552382	143	AG
1	7552554	172	AC
1	7552574	20	TC
1	7552597	23	GA
1	7553498	38	GA
1	7554171	673	TA
1	7554338	167	GA
1	7554346	8	AG
1	7554378	32	CT
1	7554400	22	AG
1	7554421	21	CT
1	7554471	50	AG
1	7555160	376	CT
1	7555965	628	AG
1	7556115	150	AG
1	7556347	232	AG
1	7556610	78	TC
1	7557124	213	TC
1	7558003	226	CT
1	7558016	13	GA
1	7558806	67	TG
1	7558811	5	AG
1	7559041	230	TC
1	7560158	728	CT
1	7564311	2332	GA
1	7565192	858	CT
1	7566083	310	GC
1	7568932	2660	TG
1	7568942	10	GT
1	7575071	4709	GT
1	7575111	40	TC
1	7575511	216	GC
1	7575754	99	CT
1	7575783	29	CT
1	7575827	44	GA
1	7577052	774	AG
1	7577118	66	TC
1	7577120	2	AG
1	7577131	11	TC
1	7577748	563	TA
1	7578334	502	GC
1	7578340	6	GC
1	7578775	435	TC
1	7578959	184	GA
1	7579077	118	TG
1	7579163	86	CT
1	7579265	102	TC
1	7579297	32	TC
1	7579884	433	GA
1	7579968	84	TC
1	7582160	1525	CG
1	7583044	884	CA
1	7583726	523	TA
1	7584416	539	TC
1	7584510	94	CT
1	7585175	665	TC
1	7588479	2020	CG
1	7589206	446	CA
1	7589239	33	CG
1	7590264	808	GA
1	7590273	9	GC
1	7590388	115	TC
1	7590452	64	GA
1	7590561	109	CT
1	7590628	67	GA
1	7590629	1	AG
1	7591546	417	GC
1	7591667	24	AG
1	7591775	54	CT
1	7592062	287	CG
1	7593549	780	GT
1	7594639	1090	AG
1	7594973	194	GA
1	7596203	357	TC
1	7596979	776	GA
1	7596987	8	GT
1	7602534	2488	CA
1	7603166	222	AG
1	7603663	451	CT
1	7603791	94	TC
1	7604125	334	CT
1	7604269	144	TC
1	7604311	42	AT
1	7604313	2	AC
1	7605600	808	CA
1	7606619	886	GT
1	7607355	542	TC
1	7607502	147	GA
1	7607570	68	CT
1	7607729	36	AG
1	7608637	883	GA
1	7619820	8156	AG
1	7620222	402	CG
1	7620852	315	CT
1	7621668	816	CT
1	7621962	294	AC
1	7622165	203	AG
1	7622270	105	TC
1	7622363	93	CT
1	7629108	5299	GA
1	7630263	947	CT
1	7632911	2046	AG
1	7633507	378	GA
1	7638185	3945	TA
1	7638299	114	AG
1	7638378	79	AC
1	7638997	619	GA
1	7639003	6	GT
1	7639034	31	AC
1	7639070	36	AG
1	7639159	89	AC
1	7639172	13	TG
1	7639262	90	AG
1	7639485	223	CT
1	7641455	768	CA
1	7641510	11	TC
1	7641512	2	GA
1	7642384	670	AG
1	7643265	392	CT
1	7649478	5255	TC
1	7649507	29	CG
1	7649522	15	AG
1	7649632	110	GT
1	7650199	567	CT
1	7650825	626	AG
1	7653284	1763	GA
1	7654834	1171	CT
1	7654868	34	GT
1	7655598	595	CT
1	7655960	362	CT
1	7656493	376	GA
1	7657873	1380	GA
1	7661836	3775	CT
1	7685386	17198	CA
1	7697570	8670	GA
1	7699882	1891	AC
1	7700167	196	CG
1	7700270	103	TC
1	7700518	248	AT
1	7700533	15	TC
1	7700568	35	GA
1	7700785	217	CT
1	7700926	141	CG
1	7700947	21	GA
1	7707428	3955	GA
1	7708716	699	GA
1	7709030	314	CT
1	7709219	189	GA
1	7748588	29236	TC
1	7749519	690	GA
1	7749975	456	GC
1	7750830	122	AC
1	7751380	407	AG
1	7752079	548	CT
1	7752969	530	TA
1	7753466	497	CT
1	7754042	576	GT
1	7754548	330	AC
1	7755388	767	GA
1	7755396	8	GC
1	7755530	134	AG
1	7755962	347	GC
1	7757153	1104	GA
1	7757738	485	CT
1	7758132	394	GA
1	7758492	302	GA
1	7760409	970	AG
1	7760630	221	GC
1	7761596	886	CT
1	7762390	794	TC
1	7762694	304	CT
1	7765451	2099	GT
1	7765855	404	GA
1	7766635	543	GT
1	7767286	407	AG
1	7767287	1	CA
1	7767737	450	CA
1	7767787	50	CT
1	7767834	47	CG
1	7767842	8	GA
1	7767949	107	GC
1	7768256	163	AG
1	7768350	94	CT
1	7768367	17	TC
1	7768399	32	CA
1	7768438	39	GA
1	7768478	40	GA
1	7768602	124	TC
1	7768822	220	GA
1	7768840	18	AG
1	7768897	57	GA
1	7768960	63	AT
1	7768997	37	GA
1	7769250	253	CG
1	7769363	113	CT
1	7769422	59	CT
1	7769651	207	TC
1	7769658	7	GA
1	7771214	827	GA
1	7771233	19	AG
1	7771251	18	TC
1	7771513	262	GA
1	7771566	53	CT
1	7771570	4	AG
1	7772202	280	AG
1	7772631	326	TC
1	7774189	591	TC
1	7774318	129	CT
1	7774616	298	CG
1	7774689	73	AG
1	7774729	40	CG
1	7774859	130	AT
1	7774868	9	CG
1	7774939	71	GA
1	7775108	169	TC
1	7776500	1192	TC
1	7776734	234	GA
1	7778205	697	GA
1	7779853	832	CT
1	7781937	838	CG
1	7782336	399	CT
1	7782948	565	GA
1	7784964	1754	CT
1	7785103	78	GA
1	7785169	66	TC
1	7785458	289	GA
1	7785601	143	CT
1	7785607	6	AG
1	7785797	29	TC
1	7785846	49	GA
1	7786058	212	GT
1	7786081	23	AG
1	7786086	5	CG
1	7786473	387	CT
1	7786597	124	GA
1	7787377	663	GA
1	7788588	1129	GA
1	7788699	111	TC
1	7790409	1529	TA
1	7791164	697	GA
1	7816135	17138	CT
1	7816350	215	TC
1	7816369	19	GC
1	7817126	561	CT
1	7817936	306	TC
1	7818003	67	CA
1	7818063	60	TG
1	7818840	614	CG
1	7819000	160	TC
1	7820464	1464	AG
1	7820545	81	CT
1	7820556	11	GA
1	7820856	300	AG
1	7821426	396	GA
1	7822015	361	GA
1	7822938	709	CT
1	7823748	416	TC
1	7823766	18	TC
1	7823966	200	AG
1	7823972	6	CT
1	7823979	7	TC
1	7824319	158	CT
1	7824647	236	AG
1	7824651	4	CT
1	7824683	32	TG
1	7824719	36	GA
1	7824721	2	AG
1	7824841	120	TC
1	7824923	82	GA
1	7824961	38	CG
1	7825076	115	GA
1	7825675	291	GA
1	7825905	230	AG
1	7826063	158	AG
1	7826723	660	AG
1	7826791	68	CG
1	7827792	871	CA
1	7827812	20	TC
1	7828240	428	AC
1	7828539	299	GA
1	7828945	406	TC
1	7829028	83	AT
1	7829041	13	AG
1	7829102	61	CT
1	7829190	88	AG
1	7830771	599	TG
1	7831876	1027	GA
1	7832088	129	AG
1	7833642	954	CA
1	7834379	596	CT
1	7834487	108	TA
1	7834674	119	CT
1	7835419	574	AG
1	7835558	139	GC
1	7835822	264	TG
1	7835823	1	AG
1	7835865	42	GA
1	7835929	64	TA
1	7837034	430	GA
1	7837042	8	CT
1	7837882	503	AG
1	7838650	740	AG
1	7838746	96	AC
1	7838781	35	CT
1	7839579	421	CT
1	7839661	82	TC
1	7839882	221	CT
1	7839916	34	GA
1	7840045	129	GT
1	7841072	797	CA
1	7841190	118	CT
1	7841259	69	AG
1	7841349	90	GC
1	7843131	1449	AG
1	7843426	295	CT
1	7843560	134	AC
1	7843637	77	AC
1	7843713	76	AG
1	7843880	133	TC
1	7844122	242	CG
1	7844282	160	CT
1	7844331	49	CT
1	7844357	26	TC
1	7844765	291	GC
1	7844892	127	GT
1	7845074	57	TC
1	7845217	143	GA
1	7845398	181	CT
1	7845493	95	GA
1	7845530	37	GA
1	7845627	97	GA
1	7845654	27	AG
1	7845692	38	GA
1	7846248	126	AC
1	7846581	333	CT
1	7847421	648	GA
1	7848520	1012	AG
1	7849245	688	CT
1	7850158	780	GA
1	7855355	3217	AG
1	7855585	230	TC
1	7855940	355	GT
1	7856353	375	AG
1	7861316	3884	GA
1	7862137	821	AT
1	7864442	1392	CT
1	7864636	194	AC
1	7864755	119	TC
1	7865239	311	TC
1	7865305	66	AG
1	7865308	3	CT
1	7865338	30	AG
1	7865892	520	CT
1	7867575	1494	TC
1	7867592	17	TC
1	7868392	800	GT
1	7868749	357	CT
1	7868827	78	AG
1	7869080	137	CT
1	7869271	191	CT
1	7869420	32	CG
1	7869660	169	CT
1	7869867	207	CG
1	7870344	174	TC
1	7870526	182	CA
1	7870549	23	CT
1	7870909	250	AG
1	7870961	52	CT
1	7871066	105	CG
1	7871380	314	AC
1	7871736	332	CG
1	7871829	93	TC
1	7872907	574	TG
1	7873306	340	TC
1	7873590	199	AG
1	7874449	235	GA
1	7874502	53	TC
1	7874952	191	GC
1	7874989	37	CG
1	7875953	858	TC
1	7876098	145	AG
1	7876723	466	AG
1	7876856	133	CT
1	7877239	383	TG
1	7877350	111	TC
1	7877488	138	GA
1	7877837	282	GA
1	7878104	162	TC
1	7878720	292	CT
1	7879842	982	AC
1	7880003	50	GA
1	7880186	183	TC
1	7880258	72	CT
1	7880415	111	CT
1	7880496	81	GT
1	7880553	57	AG
1	7880576	23	GA
1	7880581	5	GA
1	7880696	115	GA
1	7880727	31	CT
1	7880774	47	CT
1	7880783	9	TC
1	7881136	317	CT
1	7887626	5492	TA
1	7888650	929	TC
1	7892269	2440	AG
1	7894141	1484	TA
1	7895823	1456	GA
1	7897034	880	TC
1	7897134	100	GA
1	7897266	132	GA
1	7897884	383	TC
1	7898294	410	TC
1	7899031	462	CT
1	7899040	9	CT
1	7904649	4404	TC
1	7904712	63	TC
1	7905786	292	CT
1	7907489	576	GA
1	7908127	163	GA
1	7908355	228	GA
1	7908950	595	GA
1	7909441	375	AG
1	7909576	135	CA
1	7909906	117	GA
1	7910934	702	TC
1	7911024	23	TA
1	7911371	347	TC
1	7912486	452	TG
1	7913265	779	CT
1	7913955	690	CA
1	7914338	338	AC
1	7914799	276	CT
1	7916147	1017	GA
1	7916246	99	CA
1	7919545	2239	GA
1	7920506	631	AG
1	7921969	1364	GC
1	7922487	374	AG
1	7928001	3467	CA
1	7928757	756	CT
1	7929032	275	GA
1	7932391	2724	CT
1	7932719	328	CG
1	7932997	278	CT
1	7934256	1070	GA
1	7934407	120	CA
1	7934571	164	TG
1	7935956	852	CT
1	7936326	370	GA
1	7936421	95	TC
1	7936449	28	GA
1	7936567	118	CT
1	7936816	249	GA
1	7937052	37	GA
1	7938209	647	CA
1	7938522	313	GC
1	7939040	518	GA
1	7941396	1701	CG
1	7941397	1	GA
1	7950885	7657	CT
1	7951729	729	GA
1	7951856	127	CA
1	7951927	71	TG
1	7954636	1393	CT
1	7955487	674	GA
1	7958991	2508	TA
1	7959530	539	CT
1	7960801	980	GA
1	7961131	330	TC
1	7961576	445	CT
1	8326654	281161	CT
1	8326978	228	CA
1	8327448	402	TC
1	8327584	136	GA
1	8327612	28	TC
1	8327630	18	TC
1	8327791	161	TC
1	8328308	517	GA
1	8328685	377	GA
1	8328701	16	GA
1	8328713	12	TG
1	8328834	121	TC
1	8328974	140	AG
1	8329028	54	GC
1	8329174	146	AC
1	8329306	132	GA
1	8329403	97	GA
1	8329408	5	AG
1	8329440	32	AG
1	8329560	120	GA
1	8329621	61	AG
1	8329683	62	GC
1	8329957	202	CT
1	8329997	40	TC
1	8330219	222	GA
1	8330520	301	GA
1	8333350	1540	AG
1	8335074	1137	GT
1	8335660	586	GA
1	8336369	709	CG
1	8336396	27	AC
1	8336426	30	CG
1	8336847	421	AG
1	8337245	398	TC
1	8338184	859	TC
1	8338541	302	GA
1	8338818	277	GA
1	8338824	6	GC
1	8354539	13580	GA
1	8356075	1221	CG
1	8359180	2817	CG
1	8359456	276	GA
1	8360131	675	TC
1	8360230	99	GA
1	8360537	307	GA
1	8362063	1526	TC
1	8362863	395	CT
1	8363034	171	GC
1	8363356	322	CT
1	8365453	1909	GA
1	8373392	7753	GA
1	8379391	5836	TC
1	8379613	178	GA
1	8382339	2525	AG
1	8383036	697	TC
1	8383046	10	AG
1	8383054	8	CA
1	8383882	828	CT
1	8383923	41	CT
1	8384495	572	AG
1	8386095	1417	AT
1	8387059	897	CT
1	8387447	388	GA
1	8387774	327	GA
1	8387808	34	TC
1	8388689	700	GA
1	8389083	394	GA
1	8389479	365	AG
1	8390161	308	AG
1	8390582	421	AG
1	8391049	394	GA
1	8391087	38	CT
1	8391194	107	TC
1	8393182	1554	AG
1	8393276	94	TC
1	8393767	491	CA
1	8393786	19	TC
1	8393841	55	GA
1	8394102	261	CT
1	8394786	684	TC
1	8394815	29	CA
1	8396274	690	AG
1	8396917	195	AC
1	8396951	34	AG
1	8397127	176	AG
1	8397498	371	CT
1	8402614	2844	CT
1	8402800	186	GA
1	8403081	281	TC
1	8403107	26	CT
1	8403757	186	CT
1	8403759	2	AG
1	8403921	162	GA
1	8404598	549	TC
1	8405116	484	CT
1	8405305	189	GC
1	8405486	181	CA
1	8406285	590	GA
1	8407397	610	AG
1	8407522	125	GA
1	8407969	447	GA
1	8408891	632	AG
1	8409264	160	AG
1	8409392	128	GA
1	8409429	37	GC
1	8409582	153	AG
1	8410167	396	CA
1	8410935	768	AG
1	8411007	72	GT
1	8411799	725	CT
1	8412082	283	AG
1	8412505	423	TG
1	8412574	69	CT
1	8412719	110	TC
1	8412741	22	AG
1	8412764	23	AG
1	8413079	315	CT
1	8413085	6	CT
1	8413190	105	TC
1	8413229	39	TC
1	8413384	155	GA
1	8414063	679	GA
1	8414191	128	AT
1	8414248	57	AG
1	8414484	132	TC
1	8414545	61	CG
1	8414638	93	AG
1	8414646	8	GA
1	8414954	183	GA
1	8415129	175	GA
1	8415895	737	GA
1	8415941	46	GA
1	8415985	44	AG
1	8416001	16	TC
1	8416022	21	CT
1	8416663	641	GC
1	8416816	153	CA
1	8416995	179	GT
1	8417559	564	GA
1	8417602	43	GA
1	8419174	1349	GA
1	8419179	5	GC
1	8419192	13	GA
1	8419408	216	CG
1	8419413	5	AG
1	8419467	54	CG
1	8420283	580	AG
1	8420914	631	CT
1	8421045	131	CT
1	8421055	10	GC
1	8421138	83	CT
1	8421474	336	AG
1	8421734	260	GC
1	8421789	55	CT
1	8422796	945	TG
1	8422917	121	AC
1	8422976	59	GA
1	8423256	234	AG
1	8423600	344	GA
1	8424100	440	GA
1	8424139	39	CT
1	8424240	101	AG
1	8424608	368	AT
1	8424886	227	TC
1	8425035	105	GC
1	8425752	717	CT
1	8425819	67	GA
1	8426043	224	AG
1	8426211	168	GA
1	8426857	646	CT
1	8426949	92	AT
1	8427364	415	AT
1	8427397	33	CA
1	8427597	200	GT
1	8428440	556	GA
1	8429167	630	CG
1	8430418	1251	TC
1	8430910	492	GA
1	8431404	494	CG
1	8431586	182	GA
1	8432168	582	CT
1	8435545	505	CT
1	8436253	389	GC
1	8436719	466	TA
1	8436962	243	AC
1	8437779	743	TC
1	8438146	367	CT
1	8438722	576	CT
1	8438735	13	TC
1	8438871	136	GC
1	8439107	236	AG
1	8439254	147	GA
1	8439342	88	TC
1	8439469	127	TC
1	8439697	228	CT
1	8439711	14	AG
1	8440142	119	AC
1	8440341	199	TC
1	8440401	60	AG
1	8440415	14	TG
1	8440641	226	AG
1	8440832	191	CT
1	8440860	28	CG
1	8440890	30	TC
1	8440977	87	TC
1	8441036	59	CG
1	8441295	130	CT
1	8441307	12	CA
1	8441348	41	CT
1	8442900	1478	AT
1	8443688	752	GA
1	8443696	8	TC
1	8444285	589	TC
1	8444463	178	CT
1	8445082	619	AG
1	8445275	193	AG
1	8445760	485	AG
1	8446413	653	CA
1	8446466	53	GC
1	8453454	6164	CG
1	8455833	2292	GA
1	8455870	37	GC
1	8459334	2399	CT
1	8460647	853	CG
1	8464773	3508	GA
1	8464962	189	CT
1	8465738	776	GA
1	8469605	2764	AT
1	8475133	4259	AC
1	8479205	3328	TC
1	8485590	5484	CT
1	8486077	487	CT
1	8488585	1836	AG
1	8510175	4850	CT
1	8529717	7686	TG
1	8532001	604	CG
1	8537158	1913	GA
1	8537353	195	TA
1	8537720	367	GA
1	8538214	222	CT
1	8538597	383	GA
1	8538915	318	GT
1	8538945	30	TC
1	8539342	397	CA
1	8539375	33	GT
1	8539740	365	CT
1	8539867	127	GA
1	8539882	15	CA
1	8540580	292	TC
1	8540691	111	CT
1	8540776	85	GA
1	8540997	221	GA
1	8541085	88	CT
1	8541198	113	GT
1	8541360	162	CT
1	8541487	127	GT
1	8541524	37	TC
1	8541577	53	CT
1	8541973	396	TG
1	8542700	344	CG
1	8542736	36	AG
1	8542930	194	TC
1	8543777	468	CT
1	8544069	292	TA
1	8544420	351	CT
1	8544438	18	AC
1	8544536	98	GA
1	8544538	2	TA
1	8544724	186	AG
1	8544768	44	CT
1	8545640	755	TC
1	8545676	36	TC
1	8545755	79	TC
1	8545853	98	GA
1	8545893	40	TC
1	8546286	393	GA
1	8546344	58	AG
1	8546400	56	GC
1	8548051	1616	CT
1	8549019	900	AG
1	8564205	14790	GA
1	8564756	551	CT
1	8568948	3470	CT
1	8569725	721	CT
1	8569823	98	CT
1	8569968	145	GA
1	8569984	16	TC
1	8569993	9	GA
1	8570260	267	TC
1	8570270	10	CG
1	8570790	520	GA
1	8571307	124	TC
1	8571333	26	GA
1	8572041	708	CT
1	8572045	4	AG
1	8572141	96	CT
1	8572217	76	CG
1	8572239	22	CT
1	8572318	79	TC
1	8572571	253	CT
1	8572621	50	AC
1	8573426	492	CT
1	8573636	210	AG
1	8573637	1	TC
1	8573724	87	CT
1	8573862	138	CT
1	8574108	246	CT
1	8574236	128	GA
1	8574364	128	TC
1	8574421	57	AG
1	8575433	1012	TC
1	8575569	136	CG
1	8575606	37	TC
1	8575660	54	CT
1	8575843	183	GA
1	8576002	159	GC
1	8576973	706	TC
1	8580784	3776	GA
1	8581841	957	GC
1	8583662	1423	AG
1	8583879	217	GC
1	8584012	133	TC
1	8584219	207	GC
1	8584265	46	TC
1	8584282	17	TC
1	8584486	204	AT
1	8584529	43	TC
1	8584918	389	CT
1	8584962	44	TC
1	8584991	29	TC
1	8585752	693	GA
1	8586414	602	GC
1	8586822	408	GA
1	8586855	33	AG
1	8586875	20	GA
1	8587003	128	AG
1	8587018	15	CA
1	8587088	70	GA
1	8587301	213	GA
1	8587471	170	TA
1	8587492	21	CT
1	8587623	131	TC
1	8588495	872	CT
1	8589174	631	AG
1	8589254	80	AC
1	8589297	43	AG
1	8589352	55	CT
1	8589424	72	AG
1	8590481	515	GT
1	8590539	58	TC
1	8590569	30	CT
1	8590592	23	TC
1	8591175	583	CT
1	8591463	288	CA
1	8591512	49	CT
1	8591513	1	CG
1	8591526	13	CT
1	8591535	9	CT
1	8591590	55	TA
1	8591613	23	CA
1	8591645	32	CT
1	8591650	5	CG
1	8592708	402	TC
1	8592757	49	AG
1	8592868	111	TG
1	8593004	136	TC
1	8595624	705	TC
1	8599471	132	GA
1	8599577	106	GA
1	8599592	15	GA
1	8599603	11	TC
1	8599686	83	CA
1	8600631	406	GC
1	8600645	14	AG
1	8600671	26	CT
1	8600700	29	AG
1	8601572	872	TC
1	8602053	481	CG
1	8602097	44	AT
1	8602496	399	GA
1	8602641	145	GA
1	8602802	161	CT
1	8602887	85	TG
1	8605398	2130	TC
1	8605758	360	TC
1	8607201	1152	GA
1	8607590	389	TC
1	8607679	89	TG
1	8608211	440	GA
1	8608470	259	AG
1	8609267	797	GC
1	8609800	533	TG
1	8610099	299	GT
1	8612589	2490	GA
1	8613146	557	CT
1	8613766	514	CT
1	8618659	316	TC
1	8621690	1155	CA
1	8623358	876	GA
1	8628199	4403	CT
1	8628405	206	GA
1	8628997	592	CT
1	8629019	22	AG
1	8630236	1131	TC
1	8630673	437	GA
1	8631694	947	TC
1	8635248	2807	CT
1	8635983	735	AG
1	8636019	36	GA
1	8637699	57	CA
1	8639499	1247	AG
1	8646198	6252	AG
1	8646586	388	CT
1	8654290	6759	GC
1	8656356	2066	CT
1	8659821	2604	TG
1	8659971	150	GA
1	8659991	20	TC
1	8722801	39692	GT
1	8725276	873	CA
1	8730500	4469	CG
1	8738189	6464	GC
1	8743789	2781	TC
1	8745228	1312	TC
1	8746324	630	TC
1	8746805	481	GA
1	8747615	810	CT
1	8748919	1304	AG
1	8748942	23	CT
1	8749898	844	CT
1	8750973	1020	CA
1	8750978	5	TC
1	8756230	2461	GA
1	8756369	139	CA
1	8759058	2003	CA
1	8759129	71	GT
1	8759490	333	AG
1	8759690	200	AT
1	8759719	29	GA
1	8761241	1115	CT
1	8763923	806	GA
1	8764084	161	CA
1	8764095	11	AG
1	8766465	126	GC
1	8766532	67	TC
1	8767187	164	AG
1	8767450	263	CT
1	8767888	438	GA
1	8768295	407	TC
1	8768397	102	CT
1	8768868	471	CT
1	8769208	340	GA
1	8769427	219	AG
1	8769686	259	AG
1	8770145	459	CT
1	8770265	120	CT
1	8770303	38	TC
1	8770307	4	CA
1	8770486	137	AG
1	8770885	344	TC
1	8771329	444	CT
1	8771350	21	CT
1	8771387	37	TC
1	8771473	86	CT
1	8771568	95	GA
1	8771807	239	GC
1	8771819	12	TA
1	8771929	110	CT
1	8771933	4	CG
1	8772011	78	CT
1	8772062	51	GA
1	8772091	29	GA
1	8788092	9848	TA
1	8795054	5373	CT
1	8798686	2999	TA
1	8799405	655	AG
1	8800320	598	AG
1	8801422	773	TC
1	8801657	235	TC
1	8802181	524	GC
1	8807576	4050	GA
1	8808673	558	AC
1	8809818	874	GA
1	8810411	483	CT
1	8811086	651	CT
1	8811214	128	AG
1	8811423	209	AG
1	8811675	252	TC
1	8811756	81	TC
1	8815970	898	CG
1	8815971	1	CA
1	8823934	3295	AG
1	8825941	1574	CA
1	8826489	55	GA
1	8827121	402	GA
1	8827182	61	TA
1	8832822	5241	CT
1	8832829	7	CT
1	8833158	329	TC
1	8836842	2405	GA
1	8836867	25	TC
1	8837283	416	GC
1	8837326	43	CG
1	8837327	1	GA
1	8837853	526	AC
1	8838116	263	GC
1	8838172	56	TG
1	8838358	186	TC
1	8838776	418	GA
1	8838819	43	TG
1	8839186	367	TC
1	8839564	378	AG
1	8840058	494	CT
1	8844129	2339	AC
1	8844153	24	CG
1	8844191	38	TA
1	8844952	382	CT
1	8845068	116	TC
1	8845071	3	CT
1	8848948	2348	TC
1	8850213	965	CT
1	8851145	771	CA
1	8851813	139	GT
1	8851862	49	CT
1	8852547	658	TG
1	8852926	379	TC
1	8853167	241	TG
1	8853174	7	CT
1	8853235	61	GT
1	8854117	409	TC
1	8854238	121	GA
1	8854407	169	TC
1	8856381	1974	GA
1	8856552	171	AG
1	8856746	194	AT
1	8861057	3584	GA
1	8863460	2177	GA
1	8888210	17256	GA
1	8915066	20448	GA
1	8919127	3439	CT
1	8926394	6441	GT
1	8928355	1647	TC
1	8932689	2650	TC
1	8932710	21	AG
1	8937703	1275	AC
1	8938128	389	CA
1	8939663	1384	TC
1	8941574	1812	GA
1	8945262	2606	GA
1	8948513	3232	TC
1	8950116	1447	CA
1	8951939	965	CA
1	8952025	86	TA
1	8960230	4785	GA
1	8966874	5511	CA
1	8970232	2764	GA
1	8972291	1323	AG
1	8973625	592	CG
1	8973672	47	AC
1	8977008	2384	GC
1	8981697	1616	CT
1	8992663	7492	AG
1	8993814	1151	CG
1	8996873	1524	AC
1	9013381	7701	TC
1	9022627	4959	TG
1	9025392	1778	CT
1	9025408	16	CG
1	9032873	1327	CT
1	9033106	215	GA
1	9034483	958	TC
1	9035197	663	CG
1	9036016	819	TC
1	9043478	3819	AC
1	9043985	139	GA
1	9047760	514	AT
1	9054488	3176	CT
1	9055938	864	GA
1	9059571	1137	TC
1	9061072	1475	CT
1	9061304	232	GC
1	9063411	1185	GA
1	9066189	1250	GT
1	9066295	106	GC
1	9079548	7544	AC
1	9080664	1083	CG
1	9083085	1326	AC
1	9087611	1063	AG
1	9088461	323	CT
1	9088472	11	TC
1	9088507	35	AC
1	9088752	245	TA
1	9089193	113	TC
1	9089219	26	AG
1	9089404	185	GA
1	9089413	9	CT
1	9089623	210	CT
1	9089663	40	CT
1	9092650	158	AG
1	9092674	24	AG
1	9092780	106	AG
1	9093265	444	TC
1	9094622	563	GA
1	9102183	599	TC
1	9102521	338	AC
1	9102597	76	AT
1	9103890	636	CA
1	9103900	10	AC
1	9103912	12	AG
1	9105489	891	CG
1	9106732	520	CT
1	9109537	380	AT
1	9109538	1	TA
1	9109565	27	GC
1	9109629	64	GC
1	9129021	7009	AG
1	9138464	4906	GA
1	9138481	17	CA
1	9138662	181	CT
1	9138848	186	GC
1	9139521	155	AC
1	9139731	210	GA
1	9139758	27	GA
1	9139759	1	CT
1	9139804	45	CT
1	9140384	434	AT
1	9140447	63	CT
1	9140507	60	GA
1	9140650	143	GA
1	9140709	59	AG
1	9140950	241	TA
1	9141524	574	TG
1	9141526	2	GA
1	9141550	24	TG
1	9141558	8	TC
1	9141587	29	GA
1	9141660	73	CT
1	9141774	114	CA
1	9142209	408	TA
1	9142479	270	TC
1	9142795	316	TC
1	9143926	729	CG
1	9145729	1201	AG
1	9146169	411	CT
1	9146887	718	GA
1	9148171	792	TA
1	9148340	169	CT
1	9150456	1199	GA
1	9150635	179	GA
1	9150673	38	TC
1	9150677	4	CT
1	9150711	34	CT
1	9151127	388	AT
1	9151980	655	CG
1	9152431	451	GA
1	9152440	9	TC
1	9152457	17	GC
1	9153446	989	CT
1	9153765	247	TC
1	9154372	410	CT
1	9156595	1394	CT
1	9159345	2273	TC
1	9159399	54	GT
1	9162019	511	GA
1	9162216	197	GC
1	9164188	769	GA
1	9165213	656	AT
1	9165611	398	GA
1	9165799	188	CA
1	9166122	323	TG
1	9168901	1796	TC
1	9171210	581	TC
1	9185568	2041	GC
1	9185648	80	TC
1	9185888	240	GA
1	9186394	506	CA
1	9186733	339	AG
1	9187235	502	CT
1	9187402	167	AG
1	9187695	293	CT
1	9187720	25	TG
1	9187962	91	CT
1	9188007	45	TC
1	9188219	212	AG
1	9188688	201	CG
1	9188894	206	GA
1	9191413	1666	CT
1	9204498	3557	CT
1	9207854	1520	GC
1	9208473	95	CT
1	9208851	378	GT
1	9209409	365	CT
1	9213140	661	GA
1	9223711	2301	TA
1	9224010	13	CT
1	9224070	60	TG
1	9224235	165	TC
1	9224274	39	GA
1	9224314	40	CT
1	9224423	26	AG
1	9225270	74	AG
1	9225455	185	GA
1	9227539	505	TC
1	9227556	17	CG
1	9228518	889	TG
1	9228897	379	AG
1	9229142	245	CT
1	9230500	933	GA
1	9231055	8	TC
1	9233280	808	GA
1	9233614	334	AG
1	9233693	79	GC
1	9238048	3108	AC
1	9239266	1108	GA
1	9240242	976	AG
1	9240672	121	TG
1	9240734	62	CT
1	9240757	23	CT
1	9240903	146	CT
1	9241682	779	CA
1	9242385	546	TG
1	9242484	99	GA
1	9242580	96	CT
1	9242900	320	CT
1	9242904	4	AG
1	9243021	117	AG
1	9243064	43	TC
1	9243126	62	AG
1	9244567	1441	TC
1	9244730	163	GA
1	9244909	179	TC
1	9244922	13	AG
1	9248691	2905	CT
1	9249071	294	TC
1	9249154	83	CT
1	9249195	41	TG
1	9249366	141	CT
1	9249649	283	AG
1	9249677	28	TC
1	9250077	400	GA
1	9250474	397	CG
1	9252247	415	CA
1	9256553	1304	GA
1	9259450	650	GA
1	9259462	12	GA
1	9260286	306	GA
1	9260449	163	CT
1	9260524	75	GA
1	9260679	155	TC
1	9260803	124	CT
1	9261052	249	GA
1	9261211	159	TC
1	9261212	1	GA
1	9261981	288	AG
1	9262112	131	CT
1	9263533	728	GA
1	9264716	692	CT
1	9267250	1748	GT
1	9271321	1845	GA
1	9277079	1997	CG
1	9277911	524	CA
1	9279673	1276	CT
1	9281969	844	TC
1	9282677	351	CT
1	9287345	2663	GA
1	9291274	2524	GA
1	9291278	4	GA
1	9295549	493	CG
1	9295628	79	AG
1	9297635	1360	TA
1	9304374	1266	AG
1	9304554	180	CA
1	9304557	3	GT
1	9304962	324	CG
1	9304968	6	GA
1	9306109	638	GT
1	9310846	2430	GA
1	9310957	111	TA
1	9311696	619	AT
1	9311789	93	GA
1	9314733	1753	TC
1	9314852	119	GC
1	9314857	5	AG
1	9314983	126	GA
1	9315224	241	GA
1	9316765	1334	CA
1	9317765	1000	AT
1	9317918	153	CG
1	9318636	718	GC
1	9319124	421	TA
1	9320083	959	AG
1	9320474	182	AG
1	9321329	759	CT
1	9323012	1275	CT
1	9323065	53	TC
1	9323081	16	CT
1	9323089	8	CT
1	9323260	171	GC
1	9323989	519	CT
1	9324034	45	TG
1	9324671	431	TC
1	9325266	578	CT
1	9325365	99	AG
1	9325416	51	CA
1	9326209	357	CG
1	9326343	134	GA
1	9326435	92	CT
1	9326535	100	AG
1	9327188	309	GA
1	9327651	463	TC
1	9327744	93	GA
1	9328004	260	TG
1	9328507	503	CT
1	9328579	72	GA
1	9329711	1067	GA
1	9330280	569	CG
1	9330310	30	GC
1	9330611	301	GT
1	9330628	17	TC
1	9331207	440	CT
1	9331237	30	TG
1	9331481	217	CG
1	9331687	206	AC
1	9333511	1731	CG
1	9333874	363	GA
1	9334001	127	AC
1	9334325	159	CT
1	9334400	75	CT
1	9334461	61	CT
1	9334652	191	GA
1	9334881	229	GA
1	9334901	20	CT
1	9334976	75	CT
1	9335543	567	TC
1	9336125	582	AT
1	9336458	333	AC
1	9336580	122	GT
1	9337087	507	CT
1	9338601	1406	GA
1	9338791	190	GA
1	9339769	582	GA
1	9342527	1796	AC
1	9342789	262	AG
1	9345520	2493	GA
1	9347458	1888	TC
1	9347732	274	CT
1	9348902	1012	GA
1	9350541	870	GA
1	9351670	538	CA
1	9353806	1482	AG
1	9354133	304	AG
1	9355413	1280	GA
1	9355684	271	CT
1	9355732	48	CT
1	9355740	8	GC
1	9359697	3319	AG
1	9363520	2749	GA
1	9363837	317	CT
1	9364879	841	TC
1	9365229	350	AG
1	9365266	37	TC
1	9365267	1	GA
1	9365293	26	TC
1	9365710	417	AC
1	9365859	149	TA
1	9368254	1707	GC
1	9368304	50	TC
1	9368717	413	GA
1	9372229	373	TC
1	9375924	2956	GC
1	9376301	377	GT
1	9377860	918	CT
1	9378793	656	GA
1	9379644	851	CT
1	9379794	150	CT
1	9380083	289	GT
1	9380546	399	TC
1	9381724	220	AG
1	9382273	204	TC
1	9382339	66	TC
1	9382435	96	CT
1	9382488	53	GA
1	9382529	41	TA
1	9383857	1074	CT
1	9384372	237	AC
1	9386065	317	TC
1	9386208	87	GA
1	9386640	358	CT
1	9386650	10	AG
1	9386703	53	GC
1	9386985	282	GA
1	9388340	1029	TG
1	9388938	292	CT
1	9389098	160	CT
1	9390125	700	TC
1	9390141	16	CT
1	9394242	2499	GA
1	9394754	302	GC
1	9394917	163	GA
1	9395288	371	AC
1	9395534	78	AG
1	9396441	300	CT
1	9397164	704	TG
1	9398735	1516	GT
1	9402095	2149	TC
1	9402332	237	CT
1	9404033	1457	AT
1	9404043	10	CT
1	9404144	101	TG
1	9405554	950	AG
1	9405614	60	CT
1	9407091	856	AT
1	9407285	194	CG
1	9407724	415	GA
1	9408865	1062	CT
1	9409514	649	GT
1	9409756	242	GA
1	9410079	323	AG
1	9411742	1663	AG
1	9412365	386	TC
1	9412803	438	CT
1	9414561	931	GA
1	9414731	170	AG
1	9423993	7154	CA
1	9429876	4523	TC
1	9430018	142	GA
1	9430348	330	CT
1	9430791	443	GT
1	9431443	607	AG
1	9431888	379	CG
1	9434106	1720	AG
1	9438288	3030	GA
1	9438617	329	AG
1	9440855	1933	AC
1	9441753	772	GC
1	9441835	82	TC
1	9441887	52	TC
1	9442078	191	CT
1	9442089	11	AG
1	9442130	41	TA
1	9442280	150	TC
1	9442293	13	GA
1	9442535	242	GA
1	9442582	47	AG
1	9443105	523	GT
1	9443461	179	CG
1	9443491	30	CG
1	9444448	957	GT
1	9446047	1562	GC
1	9446094	47	GA
1	9446753	584	CT
1	9447226	473	TG
1	9447555	329	AG
1	9449250	1260	CT
1	9449483	233	CT
1	9450537	1054	GA
1	9450547	10	TA
1	9451544	805	AC
1	9452308	475	GC
1	9452597	289	AG
1	9452995	398	CT
1	9453046	51	CT
1	9453766	631	TC
1	9455569	1370	AG
1	9456557	946	AT
1	9456875	157	GA
1	9456987	112	TG
1	9457214	227	AG
1	9457305	91	CT
1	9458549	1046	CT
1	9458765	216	AG
1	9459450	685	CT
1	9460154	704	CT
1	9460766	589	CT
1	9460925	159	GA
1	9461320	395	CT
1	9461946	626	CT
1	9463300	1317	GA
1	9464019	695	TC
1	9464284	265	TA
1	9464464	180	AG
1	9464496	32	GA
1	9464528	32	TC
1	9464942	414	TC
1	9465156	214	AG
1	9465302	146	TC
1	9465550	248	AC
1	9465729	179	GT
1	9465746	17	GA
1	9465917	171	TC
1	9465946	29	AT
1	9465991	45	AG
1	9466051	60	CG
1	9466404	353	CT
1	9467058	654	GA
1	9467069	11	AC
1	9467288	219	CT
1	9467385	97	AG
1	9467391	6	TG
1	9467424	33	AG
1	9467541	117	GA
1	9470846	3263	GA
1	9471040	194	CA
1	9472022	592	AT
1	9474580	2041	TC
1	9475805	1225	GT
1	9475829	24	CG
1	9481589	4748	CT
1	9481599	10	GC
1	9482416	663	GA
1	9482443	27	GT
1	9483118	675	GA
1	9484314	579	CT
1	9484325	11	TC
1	9485023	668	TC
1	9485431	408	AT
1	9485480	49	GA
1	9485630	150	CT
1	9486194	246	TC
1	9486388	194	AG
1	9488423	811	AG
1	9488529	106	GC
1	9488595	66	CT
1	9496197	2727	AT
1	9496826	629	AG
1	9498731	1905	CT
1	9504468	4139	AG
1	9504558	90	AG
1	9504614	56	AG
1	9505471	693	CT
1	9509329	3364	AG
1	9511655	1973	GT
1	9511994	339	TA
1	9512842	577	CT
1	9512992	150	TC
1	9513200	208	GA
1	9513982	328	GA
1	9516576	589	AG
1	9516623	47	GA
1	9522983	853	CA
1	9523016	33	CT
1	9523317	301	AG
1	9523326	9	CT
1	9523329	3	CG
1	9523340	11	TC
1	9526543	1887	CT
1	9531004	1969	GC
1	9531858	854	TC
1	9533283	1036	CT
1	9533864	581	TC
1	9534246	347	GA
1	9534840	524	GT
1	9538444	3582	GA
1	9538467	23	GA
1	9540541	2019	AG
1	9540735	194	CT
1	9541335	545	CT
1	9542459	1039	AG
1	9542849	390	TC
1	9543452	603	CA
1	9543566	114	CT
1	9543614	48	CT
1	9543778	164	CT
1	9543873	95	GA
1	9544099	226	CT
1	9544102	3	GA
1	9544240	138	TC
1	9544361	121	AC
1	9544501	140	GA
1	9546319	1544	GC
1	9546363	44	TC
1	9546388	25	CG
1	9546577	189	GA
1	9546638	61	AC
1	9546645	7	CT
1	9546951	306	TC
1	9547967	826	AG
1	9547971	4	CT
1	9548078	107	GA
1	9548392	314	CT
1	9548462	70	GA
1	9548623	4	GA
1	9548629	6	AG
1	9548975	181	CT
1	9548977	2	AT
1	9549132	155	GA
1	9549241	109	GA
1	9550877	237	TC
1	9550896	19	GT
1	9551054	158	TA
1	9551270	216	GA
1	9551824	74	GA
1	9552058	136	CT
1	9552119	61	GA
1	9555499	550	GA
1	9556796	1297	AG
1	9565981	3373	TG
1	9566792	433	TC
1	9567269	336	CT
1	9567766	44	CT
1	9567792	26	GT
1	9568628	471	GA
1	9568639	11	GA
1	9568707	68	TC
1	9568720	13	CT
1	9568765	45	GA
1	9568790	25	CG
1	9568795	5	AG
1	9568968	173	AG
1	9569004	36	TC
1	9569044	40	GA
1	9569205	161	GA
1	9569221	16	TC
1	9570739	515	GT
1	9572222	1049	GA
1	9572402	180	GT
1	9572555	153	AC
1	9572576	21	GT
1	9572921	289	TC
1	9572925	4	CT
1	9572932	7	AG
1	9574205	667	TC
1	9574438	233	AT
1	9574472	34	AG
1	9574496	24	GA
1	9574546	50	TC
1	9574574	28	GA
1	9575097	523	AG
1	9575113	16	TC
1	9575204	91	GA
1	9575256	52	AG
1	9575336	80	AG
1	9575381	45	CT
1	9575728	347	CA
1	9575790	62	CT
1	9575888	98	TC
1	9575984	96	GA
1	9576113	129	TC
1	9576619	425	AG
1	9577431	769	AG
1	9577648	217	AG
1	9578717	925	GC
1	9581270	2078	CG
1	9588461	6900	AG
1	9588492	31	TG
1	9588509	17	TC
1	9588828	319	TC
1	9589483	655	GA
1	9589769	286	CT
1	9589798	29	GA
1	9589835	37	GA
1	9591422	1403	TC
1	9595597	3862	AT
1	9661987	44777	GT
1	9703812	36152	CA
1	9703820	8	TC
1	9720210	12632	CT
1	9724128	3118	TG
1	9742792	10552	AG
1	9745816	402	CT
1	9745940	124	GT
1	9746555	615	AG
1	9746631	76	GA
1	9746673	42	GA
1	9746681	8	TG
1	9749169	1268	GT
1	9749563	394	TC
1	9750711	444	TC
1	9750929	218	GA
1	9751212	283	CG
1	9751291	79	TC
1	9751712	271	GA
1	9751860	148	AG
1	9751864	4	AG
1	9751909	45	CT
1	9751923	14	AG
1	9752740	817	CT
1	9752752	12	TC
1	9752911	159	GT
1	9753457	363	GA
1	9754281	705	TC
1	9754316	35	GT
1	9754656	340	CT
1	9754676	20	CT
1	9754700	24	GA
1	9755014	250	AG
1	9755056	42	AT
1	9756218	738	TC
1	9757002	784	AG
1	9762049	3483	TC
1	9762130	81	CT
1	9762186	56	CG
1	9762206	20	CA
1	9762429	223	GT
1	9762764	217	AG
1	9762845	81	GC
1	9763019	174	GA
1	9763468	242	CT
1	9763573	105	CT
1	9763939	366	TC
1	9764082	76	AC
1	9764163	81	AC
1	9764209	46	GA
1	9764264	55	GA
1	9764367	103	AG
1	9765409	603	AC
1	9765520	111	AG
1	9765613	93	GA
1	9765739	126	GT
1	9765793	15	GC
1	9765821	28	AG
1	9765880	59	TG
1	9766103	223	TG
1	9837200	48823	CA
1	9837710	510	CT
1	9841104	2741	TC
1	9841765	201	TC
1	9841814	49	CA
1	9841815	1	AG
1	9841858	43	AG
1	9841967	109	AG
1	9841999	32	CG
1	9842752	374	TC
1	9842831	79	CG
1	9843068	237	TC
1	9843260	192	AG
1	9843293	33	CA
1	9843472	179	AT
1	9843480	8	GC
1	9843943	463	AG
1	9844071	128	AT
1	9844118	47	CG
1	9844339	221	GA
1	9844381	42	AC
1	9844408	27	CG
1	9844855	447	AG
1	9846498	807	CT
1	9846523	25	TC
1	9846547	24	CG
1	9846766	219	GC
1	9848968	1428	AG
1	9849074	106	CT
1	9849095	21	GC
1	9849122	27	CA
1	9849206	84	CT
1	9850587	67	TG
1	9850742	155	CA
1	9850910	168	AG
1	9850919	9	GA
1	9851266	235	GA
1	9852904	577	TA
1	9853586	222	TC
1	9853632	46	TG
1	9853998	78	AT
1	9854019	21	CT
1	9855431	218	GA
1	9855487	56	TC
1	9855507	20	TG
1	9855633	126	GT
1	9855643	10	TC
1	9857506	185	TC
1	9857884	325	AG
1	9858789	717	AG
1	9858859	70	GA
1	9869123	2067	AG
1	9869871	723	GA
1	9870945	735	CT
1	9871128	183	CA
1	9871690	501	AC
1	9871915	225	GA
1	9871988	73	GA
1	9873112	748	CT
1	9873615	296	AG
1	9874120	505	GA
1	9874485	365	CA
1	9874574	89	AG
1	9874665	91	CA
1	9875162	217	GA
1	9875190	28	AC
1	9875246	56	CT
1	9875356	110	TG
1	9876066	326	TC
1	9876290	224	GA
1	9877043	706	CT
1	9878074	1031	TC
1	9879321	1247	AG
1	9881704	1521	TG
1	9884036	2072	CG
1	9884177	141	AT
1	9886695	2465	GA
1	9887912	1217	GA
1	9887940	28	TC
1	9888276	336	GA
1	9888319	43	GA
1	9890417	1961	TA
1	9891370	668	GA
1	9892116	687	CT
1	9892126	10	AG
1	9895204	1715	GA
1	9895772	472	CT
1	9895863	91	CT
1	9896109	246	AG
1	9898603	1368	TG
1	9899123	520	TC
1	9907130	5627	GA
1	9908469	1297	AC
1	9908675	206	GA
1	9909094	388	AG
1	9909262	168	GA
1	9909859	94	CT
1	9910009	150	CG
1	9910901	854	GA
1	9911302	401	GA
1	9912466	1082	CA
1	9913036	570	AG
1	9913062	26	CA
1	9914031	747	GA
1	9914144	113	CT
1	9915946	1769	GA
1	9916238	292	CT
1	9924424	3652	CT
1	9925745	1321	TC
1	9928086	2341	CT
1	9929494	1408	GA
1	9931992	2186	TC
1	9932264	272	CT
1	9932668	404	GA
1	9934784	2093	CT
1	9939004	4193	TG
1	9940734	1616	AG
1	9944790	3740	TG
1	9945564	774	CA
1	9945933	321	CT
1	9948692	2375	GC
1	9950074	1382	TC
1	9956182	5837	TC
1	9956821	639	GA
1	9959457	2516	CA
1	9959656	199	GT
1	9959874	218	GC
1	9959990	116	CG
1	9961388	1398	AG
1	9965399	3818	TC
1	9965602	203	GA
1	9965625	23	GA
1	9965827	202	TC
1	9966103	276	AG
1	9967575	1379	GA
1	9967692	117	TG
1	9967844	152	GA
1	9968056	212	GC
1	9968838	782	CT
1	9968842	4	GA
1	9973334	3520	CA
1	9974269	935	TA
1	9974724	455	CT
1	9976126	1078	CT
1	9976787	540	GC
1	9977032	245	AG
1	9978152	1120	CT
1	9980995	1513	TC
1	9981153	158	GA
1	9981487	334	GA
1	9981905	418	GA
1	9982401	97	TC
1	9983007	346	GA
1	9983085	78	CT
1	9983150	65	CT
1	9983262	112	GA
1	9983337	75	TC
1	9983378	41	GA
1	9983392	14	CT
1	9984032	430	GA
1	9985927	1648	AC
1	9986126	199	TA
1	9986594	364	GA
1	9986615	21	CA
1	9986734	119	AG
1	9988018	517	GA
1	9988019	1	CT
1	9988117	98	AC
1	9989145	508	TC
1	9989186	41	AC
1	9989395	209	AC
1	9989655	260	TC
1	9990298	643	CA
1	9991116	608	AG
1	9991319	203	CG
1	9991605	111	CG
1	9991855	250	GA
1	9991864	9	CA
1	9991973	109	GA
1	9992007	34	AG
1	9992017	10	TC
1	9992143	126	AC
1	9992154	11	GA
1	9992209	55	AG
1	9995000	707	TC
1	9996489	826	GC
1	9999006	1207	CT
1	10003139	2969	GT
1	10005387	1805	AG
1	10006691	1209	GC
1	10008805	1927	CT
1	10012787	3415	AG
1	10012831	44	GA
1	10013165	334	GC
1	10013170	5	AG
1	10013217	47	AG
1	10013320	103	AG
1	10013620	228	GT
1	10013693	73	CT
1	10013786	93	CT
1	10014513	557	GT
1	10014578	65	TA
1	10014849	271	AG
1	10014850	1	AG
1	10014977	127	CT
1	10015877	766	AG
1	10015881	4	CT
1	10017312	1359	GC
1	10019247	1518	TC
1	10021326	1980	TG
1	10021919	593	GC
1	10025974	2518	CT
1	10027319	1075	AG
1	10027394	75	TC
1	10032218	3447	TC
1	10037326	3754	CT
1	10037334	8	TC
1	10037336	2	CT
1	10037357	21	CT
1	10037364	7	GA
1	10038828	1174	TG
1	10038939	64	CT
1	10042285	2531	GA
1	10042467	182	CT
1	10043225	527	AG
1	10047812	1789	AG
1	10050021	880	GA
1	10050302	232	CT
1	10053385	2150	TC
1	10054051	666	CT
1	10054327	35	AG
1	10054610	283	AG
1	10054846	236	CT
1	10054878	32	AC
1	10055326	329	AC
1	10055441	115	AG
1	10056415	449	TC
1	10056483	68	TC
1	10056842	359	GA
1	10056849	7	CT
1	10057316	358	TC
1	10061108	1594	GA
1	10061881	518	CA
1	10067421	2722	TA
1	10067738	239	CT
1	10067956	131	TC
1	10068046	90	GA
1	10068587	509	CT
1	10070034	491	AC
1	10073134	723	TC
1	10073155	21	GT
1	10073334	179	GT
1	10073746	412	CT
1	10073792	46	GA
1	10086331	7387	AG
1	10086394	63	AG
1	10086640	246	GT
1	10139044	25556	AC
1	10142079	1176	GA
1	10142746	667	TC
1	10144685	683	TC
1	10145482	756	AT
1	10145761	279	GA
1	10146182	421	CA
1	10146774	592	TC
1	10146775	1	GT
1	10146792	17	CT
1	10147908	1042	GA
1	10149303	1136	GA
1	10152167	1999	AG
1	10153431	937	GA
1	10153607	176	TG
1	10154365	548	GC
1	10156475	1650	TG
1	10157904	1354	AG
1	10160104	931	GA
1	10160204	100	GA
1	10162006	1185	AG
1	10164359	1888	AG
1	10169841	2825	AG
1	10170139	298	GA
1	10170751	612	AG
1	10171066	315	GA
1	10171368	302	TC
1	10171375	7	GA
1	10172333	881	TC
1	10173545	1212	AG
1	10173957	412	AG
1	10174813	856	AG
1	10175843	712	CA
1	10179985	2167	AC
1	10182289	2250	AC
1	10183083	794	AC
1	10191423	7489	GA
1	10213492	19529	GC
1	10214757	1226	TG
1	10215499	742	CA
1	10216510	1011	AT
1	10218581	2071	CT
1	10226774	4218	GA
1	10243236	5901	CT
1	10283554	7371	CA
1	10351094	34423	CT
1	10352008	914	GA
1	10353664	1293	AG
1	10361558	2498	TA
1	10361559	1	CG
1	10361868	309	AT
1	10363233	1107	GC
1	10367403	1607	AC
1	10367523	120	GC
1	10367678	155	AC
1	10368174	496	CG
1	10368690	516	CG
1	10374740	4721	CA
1	10375640	407	AC
1	10375712	72	AC
1	10376113	133	GA
1	10376129	16	GA
1	10379514	3092	GA
1	10379716	202	CT
1	10379983	267	AG
1	10379990	7	TA
1	10382099	1338	GA
1	10382362	263	TC
1	10383091	729	GA
1	10383546	284	AC
1	10383740	194	CT
1	10384554	488	CT
1	10384644	90	AG
1	10384732	88	TC
1	10385239	507	CT
1	10388045	939	GC
1	10389523	1165	CT
1	10390124	601	AC
1	10390303	179	GT
1	10391316	1013	TC
1	10391471	155	CT
1	10392480	1009	TC
1	10392620	140	AC
1	10392898	278	GT
1	10394144	1218	CT
1	10395264	932	CT
1	10395494	230	GA
1	10395581	87	AG
1	10395595	14	CT
1	10395632	37	CG
1	10398708	1291	TC
1	10398770	62	GC
1	10398936	166	AC
1	10398971	35	GA
1	10399344	332	GA
1	10399580	236	TG
1	10399750	170	GA
1	10399758	8	AC
1	10400421	68	GA
1	10400562	141	CG
1	10400584	22	GT
1	10400986	288	GA
1	10400998	12	CT
1	10403821	2704	GT
1	10404045	224	TC
1	10404393	238	GA
1	10404420	27	GC
1	10405177	591	AT
1	10405660	483	CG
1	10406773	398	CT
1	10407012	239	CA
1	10407978	843	GA
1	10408318	296	GA
1	10408478	160	CT
1	10408559	81	GA
1	10408930	254	TC
1	10409037	107	GA
1	10409062	25	CT
1	10409414	352	CT
1	10411473	1617	AG
1	10412771	423	GT
1	10412891	120	AC
1	10412912	21	AC
1	10413029	117	CT
1	10413314	285	TC
1	10413372	58	TC
1	10413475	103	TC
1	10413489	14	GC
1	10413703	153	TC
1	10413817	114	TC
1	10414650	598	CT
1	10420591	5028	GA
1	10422091	912	CT
1	10432354	8228	CT
1	10445428	11834	GA
1	10448356	2805	CG
1	10449001	645	AG
1	10449181	180	GT
1	10449219	38	CG
1	10450028	750	GA
1	10455885	5571	GA
1	10459645	1395	GA
1	10459680	35	AT
1	10461130	1433	TG
1	10461773	452	AG
1	10461972	199	TC
1	10462034	62	GA
1	10462107	73	AG
1	10462872	765	CT
1	10463824	153	AG
1	10464209	385	AG
1	10464375	139	AG
1	10464423	48	CA
1	10464905	424	GA
1	10465317	412	TA
1	10465719	402	GA
1	10466532	813	CA
1	10466772	240	GA
1	10467131	359	GA
1	10467405	274	CT
1	10467727	322	GA
1	10468218	491	CT
1	10468569	351	TC
1	10469185	616	TG
1	10469284	99	TC
1	10469670	386	CT
1	10472834	2709	GC
1	10474222	1098	CT
1	10474978	679	GT
1	10476490	1512	AG
1	10476991	501	TC
1	10477161	170	AT
1	10478273	1112	TC
1	10478884	611	GT
1	10480340	792	GC
1	10480499	159	CT
1	10480734	235	CT
1	10483503	2769	TC
1	10483558	55	AG
1	10485324	1682	AT
1	10485325	1	TA
1	10485685	360	GC
1	10485780	95	AC
1	10488316	2494	CT
1	10488717	344	GC
1	10490268	1442	GA
1	10491458	1068	TC
1	10491912	454	GA
1	10491997	85	GA
1	10493039	847	AG
1	10493347	308	GA
1	10493957	610	AG
1	10495387	1175	CT
1	10496062	602	CA
1	10498275	2079	CT
1	10499380	1105	TG
1	10499559	179	GC
1	10500667	911	CT
1	10501148	481	TC
1	10501438	290	AG
1	10503219	1467	TA
1	10503736	517	AC
1	10503915	179	CT
1	10515233	8785	GC
1	10516325	1092	CT
1	10519047	2688	CA
1	10519744	665	AG
1	10519773	29	AG
1	10519848	75	GT
1	10520126	278	CT
1	10520553	265	TG
1	10525245	3569	CT
1	10525974	415	GA
1	10526485	230	CT
1	10528823	1800	TC
1	10529669	808	GA
1	10530844	1034	CG
1	10531008	164	CT
1	10535853	3794	CA
1	10536182	118	CA
1	10536228	46	TC
1	10537659	1118	GC
1	10538144	485	GA
1	10541255	687	CG
1	10543241	1921	AG
1	10543249	8	CT
1	10543952	703	AT
1	10546977	983	GA
1	10547146	169	GC
1	10549125	1501	GA
1	10549546	421	GA
1	10550014	468	GA
1	10550233	219	CG
1	10552489	2195	CA
1	10553645	1156	GA
1	10554335	671	GA
1	10554905	570	GA
1	10555046	141	GA
1	10556853	1684	GA
1	10557532	492	CT
1	10560768	1381	GC
1	10561020	214	GA
1	10565576	1887	TC
1	10565918	342	TC
1	10566857	813	GT
1	10566859	2	AG
1	10567581	722	AC
1	10567704	123	GC
1	10568416	615	GC
1	10569089	673	AG
1	10569179	90	GA
1	10569350	171	AG
1	10569410	60	CT
1	10569823	386	AG
1	10571029	815	CT
1	10571889	860	GA
1	10573812	1742	AG
1	10576318	2487	AG
1	10577880	1562	CT
1	10578001	121	CT
1	10578054	53	GT
1	10579278	1224	CT
1	10581034	1756	AG
1	10581880	758	AG
1	10581912	32	GA
1	10583445	1048	TC
1	10583642	197	TC
1	10583915	273	AG
1	10587582	3625	AG
1	10596564	6790	CA
1	10614929	15498	GA
1	10616313	867	AG
1	10616356	43	CT
1	10616968	612	GA
1	10617235	267	GA
1	10617442	207	GC
1	10618153	711	AG
1	10618604	451	TC
1	10619519	275	GA
1	10619575	56	GC
1	10620056	264	GA
1	10620099	43	TG
1	10620394	295	CT
1	10620550	156	AC
1	10621908	336	CA
1	10622565	329	TG
1	10622578	13	CT
1	10622738	160	CA
1	10623461	636	GA
1	10624003	542	TC
1	10624261	258	CG
1	10624334	73	CT
1	10624942	608	TA
1	10624970	28	GA
1	10625219	183	CT
1	10625717	498	GA
1	10626019	302	AG
1	10626112	93	GC
1	10626382	270	GA
1	10626591	209	AG
1	10626599	8	AT
1	10627482	883	CA
1	10627521	39	GA
1	10627528	7	CT
1	10627633	105	CG
1	10627634	1	GA
1	10628229	410	CT
1	10628410	181	GA
1	10628605	195	CT
1	10628626	21	GA
1	10628855	229	GA
1	10631233	2004	TC
1	10631239	6	CT
1	10631336	97	CT
1	10631827	296	CA
1	10633118	1091	GA
1	10637040	1612	GA
1	10637164	124	AG
1	10637365	25	CG
1	10637394	29	GC
1	10637396	2	CT
1	10637450	54	CT
1	10638985	1033	CG
1	10639221	236	GA
1	10643963	2948	TG
1	10645663	291	GC
1	10645781	118	GA
1	10646909	999	AC
1	10647668	759	AG
1	10647962	294	GT
1	10653770	3005	CT
1	10655785	1077	GA
1	10659384	2791	AT
1	10663586	2153	CT
1	10664436	736	CT
1	10664437	1	GA
1	10665077	208	CT
1	10665161	84	TC
1	10665363	156	TC
1	10665942	129	CT
1	10665954	12	CT
1	10665979	25	GC
1	10665980	1	GT
1	10665984	4	CT
1	10665985	1	AG
1	10666370	283	GC
1	10666476	106	TC
1	10667269	523	GA
1	10667406	137	GC
1	10668030	328	CT
1	10668187	157	TG
1	10668229	42	AT
1	10668351	122	CT
1	10668402	51	TC
1	10669130	693	GA
1	10669562	432	GC
1	10669841	279	GA
1	10670334	419	CT
1	10674497	3185	AG
1	10679557	4566	GA
1	10679920	363	GA
1	10682990	2720	CT
1	10684118	1128	CA
1	10686464	2259	GA
1	10686890	302	CT
1	10688100	1210	AT
1	10689541	1441	CA
1	10690510	969	GA
1	10692735	2141	GA
1	10699001	4704	GA
1	10699422	421	GC
1	10704652	905	CT
1	10706766	203	GT
1	10732102	2642	GC
1	10734129	1533	CT
1	10734567	438	TC
1	10734655	88	GA
1	10734683	28	CG
1	10734723	40	AG
1	10734894	171	TC
1	10734939	45	GC
1	10735066	95	CT
1	10736169	637	GA
1	10736175	6	CA
1	10742021	4881	AC
1	10742933	912	GA
1	10744106	1135	CT
1	10745354	983	CT
1	10745396	42	GA
1	10745452	56	CT
1	10745513	61	GC
1	10745523	10	CT
1	10747964	1916	AG
1	10748019	55	CT
1	10748671	565	AG
1	10749542	871	CG
1	10749758	216	GT
1	10751563	1661	TC
1	10751688	125	GA
1	10752298	610	GA
1	10752436	138	CG
1	10754393	1564	GA
1	10755502	1109	GA
1	10755997	435	TG
1	10756193	173	TG
1	10756213	20	CG
1	10759955	3157	TA
1	10761018	669	GC
1	10763004	1095	GC
1	10771361	1600	GA
1	10772321	960	AG
1	10772868	547	AG
1	10778299	4681	AG
1	10779592	1143	TC
1	10779744	152	AG
1	10779806	62	TC
1	10779874	68	CG
1	10780301	427	TC
1	10780599	298	CT
1	10780612	13	CG
1	10780826	214	AG
1	10781102	167	CT
1	10781510	408	TG
1	10781521	11	GC
1	10782044	453	CT
1	10782217	173	AG
1	10782548	331	TC
1	10782615	67	TC
1	10782886	131	TC
1	10782925	39	TC
1	10783167	242	CT
1	10783354	187	GA
1	10783524	170	CT
1	10783780	74	TC
1	10783793	13	GA
1	10784164	371	GC
1	10784227	63	AG
1	10785113	381	AG
1	10785147	34	AG
1	10786718	722	GC
1	10786840	122	AG
1	10786984	86	CT
1	10787155	171	AG
1	10787479	324	CT
1	10787488	9	GA
1	10787965	477	CT
1	10788010	45	AG
1	10788058	48	TC
1	10788082	24	GA
1	10788339	61	CT
1	10788368	29	GC
1	10788559	191	AG
1	10788582	23	CT
1	10788690	29	CG
1	10788710	20	GA
1	10789153	443	GA
1	10789479	326	CT
1	10789976	497	TG
1	10793781	2514	AG
1	10796226	2022	GA
1	10797565	1131	GT
1	10797893	328	AG
1	10798182	289	AC
1	10798192	10	AG
1	10798819	627	GC
1	10801543	1892	TC
1	10801770	227	GA
1	10801802	32	GC
1	10801919	117	GA
1	10801940	21	AG
1	10802018	78	AG
1	10802477	459	CT
1	10802598	121	GC
1	10804280	1158	CT
1	10806946	1472	TC
1	10807098	152	GA
1	10807811	713	AC
1	10808357	546	GC
1	10810098	1013	CT
1	10814001	1166	CG
1	10814540	252	AC
1	10816686	251	GA
1	10818716	1023	CT
1	10818883	167	GA
1	10819014	131	CG
1	10819475	461	CT
1	10819550	75	GA
1	10819630	80	CA
1	10819869	78	GA
1	10819918	49	TC
1	10819956	38	CT
1	10819972	16	CG
1	10820994	813	CT
1	10821649	223	TC
1	10821735	86	AG
1	10822108	373	GA
1	10822109	1	AG
1	10822523	170	CA
1	10822575	52	CT
1	10823911	1336	CT
1	10825049	1138	GA
1	10826322	851	AG
1	10826996	129	AC
1	10827095	99	TC
1	10827114	19	AG
1	10827221	107	GA
1	10827782	296	CT
1	10827784	2	GA
1	10828176	47	GT
1	10828253	77	GC
1	10828301	48	TC
1	10831246	1994	TC
1	10831885	639	CA
1	10832001	116	GA
1	10836410	642	CG
1	10836606	146	CT
1	10836691	85	TC
1	10836857	166	CG
1	10837094	178	TC
1	10837247	153	CT
1	10837298	51	AG
1	10837308	10	CG
1	10837329	21	CT
1	10837777	448	GA
1	10842934	4910	GA
1	10861742	11651	CA
1	10862099	357	CT
1	10863770	802	CA
1	10864473	394	AG
1	10865105	632	CT
1	10865348	122	CT
1	10865475	127	TC
1	10865915	440	AT
1	10866253	338	AC
1	10866388	135	GC
1	10866415	27	AG
1	10866433	18	CT
1	10866531	98	GA
1	10866626	95	CG
1	10866790	164	GA
1	10867009	151	GA
1	10867037	28	TG
1	10867238	201	CT
1	10867749	511	GT
1	10868423	609	CT
1	10868427	4	AC
1	10868428	1	CA
1	10869291	863	CT
1	10871572	416	CA
1	10871664	92	AG
1	10871815	151	AG
1	10874170	268	AT
1	10874921	751	AG
1	10874939	18	GA
1	10875800	861	TC
1	10875858	58	AG
1	10875875	17	AT
1	10875938	63	GA
1	10876002	64	CT
1	10876250	248	CT
1	10876588	338	AC
1	10877137	549	CT
1	10877979	754	AG
1	10879113	1094	GC
1	10879339	226	AG
1	10879542	203	GA
1	10880982	1034	AC
1	10885338	3557	GA
1	10885339	1	TC
1	10885545	206	TC
1	10885805	260	TC
1	10886205	400	AG
1	10887208	621	GA
1	10888185	866	AG
1	10888470	285	CT
1	10889221	594	CA
1	10890439	1218	TC
1	10892675	1771	GA
1	10898557	5320	TC
1	10898845	288	GC
1	10899245	400	AG
1	10905741	2912	AG
1	10905945	204	GA
1	10906408	463	TC
1	10906449	41	AG
1	10906640	191	GA
1	10906641	1	CT
1	10908839	236	CA
1	10914954	694	GA
1	10915463	509	AC
1	10915539	76	CT
1	10916147	608	TC
1	10916187	40	TC
1	10916675	488	TC
1	10917721	950	AT
1	10917814	93	TC
1	10917848	34	TC
1	10918029	181	TC
1	10918453	424	CA
1	10918556	103	AG
1	10919050	494	AG
1	10919163	113	GA
1	10919945	510	CT
1	10920188	243	AG
1	10920251	63	TC
1	10920352	72	CA
1	10920562	210	GA
1	10920619	57	GA
1	10920741	122	CA
1	10921088	347	CG
1	10921130	42	GA
1	10924592	1274	CT
1	10934148	9260	TC
1	10935196	1048	GA
1	10936961	1710	TG
1	10937724	763	CT
1	10937949	225	AG
1	10938347	398	CT
1	10938434	87	TG
1	10940118	1684	CT
1	10940223	105	CT
1	10940231	8	TC
1	10940800	569	CT
1	10940928	75	AC
1	10941720	792	CT
1	10947546	5826	CG
1	10947835	226	GT
1	10950299	2429	GA
1	10957855	4853	AG
1	10959601	488	AG
1	10961647	1973	GA
1	10961729	82	GA
1	10963686	1427	GT
1	10967235	1546	AG
1	10996839	23966	CT
1	11008911	10335	CT
1	11013970	4444	TC
1	11015241	1271	AG
1	11015322	81	TC
1	11016836	1324	AG
1	11017223	387	AG
1	11017697	474	GA
1	11018199	502	CT
1	11018259	60	CT
1	11018288	29	GA
1	11019044	705	CG
1	11019518	474	AG
1	11020269	751	GC
1	11020441	172	TC
1	11020464	23	CT
1	11020633	105	TC
1	11020913	280	GA
1	11020997	84	GA
1	11021023	26	CA
1	11026810	5230	AG
1	11026928	118	TC
1	11027052	124	TC
1	11027074	22	AG
1	11027119	45	TG
1	11027163	44	TG
1	11027210	47	AG
1	11027231	21	GA
1	11027244	13	GA
1	11027272	28	GA
1	11028114	842	GA
1	11028190	76	AG
1	11028232	42	AG
1	11028287	55	TC
1	11029427	739	GA
1	11029553	126	TG
1	11030007	181	GA
1	11030456	449	AG
1	11030464	8	AG
1	11031852	1178	TC
1	11032774	466	GA
1	11033467	693	GA
1	11033879	266	GA
1	11034003	124	CG
1	11034022	19	TA
1	11037699	2133	CT
1	11037865	166	TC
1	11037934	69	AG
1	11039355	467	AG
1	11039559	204	AT
1	11041200	754	TG
1	11043389	866	CT
1	11048617	1339	GT
1	11049074	386	TC
1	11049964	463	CT
1	11049966	2	CT
1	11057561	1421	GA
1	11066064	130	TC
1	11071409	450	CG
1	11076483	517	CA
1	11079459	1379	GA
1	11079497	38	TA
1	11082023	1114	AG
1	11085433	2658	CT
1	11085501	68	CT
1	11086908	1038	CG
1	11088627	970	GA
1	11088907	280	AG
1	11090460	1350	CG
1	11095408	3079	GA
1	11098030	1627	AC
1	11098061	31	AG
1	11098440	323	TC
1	11099098	616	TC
1	11099126	28	CT
1	11100256	1130	CT
1	11101050	794	GA
1	11101484	434	AG
1	11102886	1402	GA
1	11103637	471	CG
1	11103853	131	GA
1	11103977	124	CG
1	11104265	288	GA
1	11104450	185	GT
1	11104453	3	AG
1	11107945	3172	TA
1	11108318	342	CG
1	11111419	3069	GA
1	11112830	1352	GT
1	11113530	700	TC
1	11113689	159	AG
1	11114599	756	GA
1	11115997	1398	CG
1	11120146	3914	TC
1	11120732	453	GA
1	11121886	1154	GC
1	11124314	2376	CT
1	11125556	991	TA
1	11125655	99	GT
1	11126209	554	GT
1	11126239	30	GA
1	11126351	112	CT
1	11126536	185	CA
1	11127444	834	CT
1	11127814	211	CA
1	11128462	362	GT
1	11128498	36	CA
1	11128561	63	AG
1	11129178	583	GA
1	11130281	777	GC
1	11130738	396	CT
1	11131197	459	AG
1	11131364	167	CT
1	11135545	4022	CT
1	11138013	2425	GT
1	11138640	585	CA
1	11140827	1906	AG
1	11140845	18	CA
1	11141229	384	GA
1	11144516	3249	AG
1	11145400	651	TC
1	11150108	4307	GC
1	11200954	29340	CT
1	11205011	3181	CT
1	11213784	7108	CT
1	11229901	10539	GT
1	11231093	1125	TA
1	11231571	433	TC
1	11232416	810	TG
1	11233188	711	GA
1	11237051	3240	CT
1	11237837	786	GA
1	11242297	3600	TC
1	11242862	565	TG
1	11244271	1409	GA
1	11244530	259	GT
1	11245329	799	CT
1	11251209	5656	GC
1	11251273	64	CT
1	11252466	1148	AC
1	11252792	326	GT
1	11256578	3636	CT
1	11258765	2166	AC
1	11259676	839	GA
1	11263585	3303	AC
1	11265586	1597	GA
1	11267304	1572	AG
1	11268186	882	AC
1	11268528	342	AC
1	11269121	377	AG
1	11269173	52	GA
1	11270852	1355	GA
1	11271478	531	GA
1	11271971	271	GA
1	11272809	464	GT
1	11273096	134	CG
1	11273117	21	GA
1	11273266	149	CT
1	11273631	51	TC
1	11274435	782	CT
1	11274975	540	CG
1	11275320	317	CG
1	11276238	181	AG
1	11277527	656	TC
1	11279418	94	CG
1	11279462	44	AG
1	11279616	154	GA
1	11279786	170	AC
1	11280050	264	TC
1	11280062	12	GA
1	11280116	54	GA
1	11280301	185	TC
1	11280690	220	TA
1	11280775	85	AC
1	11280923	148	CT
1	11281204	218	CT
1	11281962	758	CT
1	11282033	71	CT
1	11283372	220	GA
1	11283833	413	CA
1	11284316	483	AG
1	11284348	32	GA
1	11284458	110	GA
1	11284476	18	CA
1	11284852	244	GT
1	11285072	220	CG
1	11285490	418	GT
1	11285501	11	GA
1	11285521	20	AG
1	11285902	323	GA
1	11285934	32	CT
1	11286485	551	GA
1	11286836	351	CG
1	11286966	130	TC
1	11287098	132	CG
1	11289742	1850	AC
1	11290061	319	AG
1	11293137	3049	AG
1	11293953	816	TC
1	11295450	1325	TC
1	11295566	116	CT
1	11295690	124	GA
1	11296121	431	TC
1	11301272	4754	GC
1	11301385	113	GA
1	11301788	403	AG
1	11302357	569	CT
1	11305283	2926	AG
1	11315010	8140	CA
1	11316338	636	TC
1	11316410	72	AG
1	11318223	1443	CT
1	11319064	763	CT
1	11319091	27	GA
1	11320593	272	TG
1	11321881	961	TC
1	11321932	51	AC
1	11322002	70	GT
1	11325880	1447	CT
1	11336299	1439	AG
1	11339366	2010	CT
1	11340352	986	TC
1	11340450	98	AG
1	11362773	12318	GA
1	11363933	961	GA
1	11368023	3866	GA
1	11368271	248	TG
1	11368637	366	TC
1	11373072	3140	TC
1	11373952	728	GA
1	11374640	688	TC
1	11391498	14753	TC
1	11407216	9383	GT
1	11422638	9828	GC
1	11426254	1272	CT
1	11438164	5589	TC
1	11489318	22034	CT
1	11492007	2198	GC
1	11504383	9658	GA
1	11506500	2117	TC
1	11506754	254	TC
1	11510535	3781	GA
1	11510548	13	GA
1	11510574	26	AG
1	11511511	937	GA
1	11511651	140	TC
1	11511690	39	TC
1	11512461	771	CT
1	11512599	138	AC
1	11514356	1757	CT
1	11514357	1	AG
1	11515700	1264	TC
1	11515761	61	TC
1	11516015	254	AG
1	11516768	99	CT
1	11516831	63	TG
1	11517789	770	GA
1	11517900	111	AG
1	11517997	97	AC
1	11518107	110	CT
1	11518345	238	TC
1	11518411	66	TC
1	11518737	326	CG
1	11519099	362	TC
1	11519201	102	GA
1	11522171	529	CA
1	11522174	3	CT
1	11527705	1067	GA
1	11529639	1184	AG
1	11531268	1629	TC
1	11544468	5722	CG
1	11544610	88	TG
1	11544895	285	TG
1	11548846	976	CT
1	11548917	71	CT
1	11548918	1	AG
1	11551113	1451	AG
1	11551181	68	GA
1	11551358	177	GA
1	11551415	57	TC
1	11552639	164	TA
1	11552690	51	CT
1	11552762	72	GA
1	11553579	107	GA
1	11553580	1	CT
1	11553619	39	CA
1	11557076	661	GT
1	11557077	1	AT
1	11557262	185	AG
1	11557407	116	TG
1	11557436	29	TC
1	11557619	34	TG
1	11557706	87	GC
1	11557727	21	CG
1	11557893	58	CT
1	11557950	57	TC
1	11557998	48	GA
1	11558100	102	AT
1	11558126	26	AC
1	11558218	92	TC
1	11558303	85	GT
1	11558450	147	CT
1	11558494	44	TC
1	11558937	15	AG
1	11561129	679	CT
1	11561387	95	TC
1	11561849	199	CT
1	11561891	42	GA
1	11562563	391	GA
1	11566497	3003	TG
1	11568100	1519	CA
1	11568536	436	TC
1	11568713	177	GA
1	11568888	175	AC
1	11569049	161	GT
1	11569072	23	GA
1	11571218	519	AC
1	11571283	65	CT
1	11572242	257	GA
1	11574187	1476	GT
1	11578746	2163	CG
1	11579331	585	GA
1	11580093	737	TA
1	11580470	377	AC
1	11581749	954	GA
1	11581852	103	GA
1	11581857	5	GA
1	11582415	514	CT
1	11586849	2491	CA
1	11587262	413	CT
1	11587370	108	TC
1	11587913	543	AC
1	11596225	5186	CT
1	11596401	176	AG
1	11598519	972	TC
1	11602069	2836	TC
1	11603408	274	AG
1	11604102	694	AG
1	11604301	199	TC
1	11604694	393	TC
1	11607056	2059	AC
1	11607145	89	CT
1	11611998	1646	CT
1	11612327	299	CT
1	11613889	1311	GA
1	11613911	22	TC
1	11614809	433	CT
1	11617488	2038	GA
1	11621215	3658	CA
1	11625005	2291	CT
1	11625487	482	GT
1	11626575	850	AG
1	11627345	770	CG
1	11627939	577	GC
1	11628422	483	GA
1	11628706	284	CG
1	11628853	147	CT
1	11629057	204	AT
1	11629287	230	AG
1	11629540	253	TC
1	11629762	222	CT
1	11630005	243	GT
1	11630177	172	GA
1	11630578	401	GC
1	11630695	117	CA
1	11631384	689	AG
1	11631976	592	AG
1	11632423	447	TC
1	11651553	9260	GA
1	11651589	36	GT
1	11652001	412	CG
1	11652520	452	GA
1	11652573	53	CA
1	11655869	1396	CT
1	11656071	154	GA
1	11656217	110	GA
1	11658549	414	GA
1	11658606	57	CT
1	11658746	140	TA
1	11658775	29	GT
1	11659206	317	TA
1	11664007	1303	TC
1	11664304	297	AT
1	11666131	1737	AG
1	11666857	490	GC
1	11668049	732	AG
1	11669309	974	GA
1	11669482	173	TC
1	11671608	1628	TC
1	11671703	95	TC
1	11671985	99	CT
1	11672072	10	CT
1	11672086	14	AG
1	11673815	991	CG
1	11674697	531	AG
1	11674717	20	TA
1	11674773	56	GT
1	11675278	505	GC
1	11675314	36	CT
1	11675380	66	AG
1	11675501	121	CT
1	11675828	327	TA
1	11675829	1	TA
1	11675864	35	AG
1	11675872	8	CA
1	11677457	1033	AG
1	11677981	102	TC
1	11678131	150	TC
1	11678965	469	CG
1	11679115	150	CT
1	11679178	63	TC
1	11680009	570	AG
1	11682116	748	TC
1	11685197	2967	AG
1	11689164	3298	CT
1	11689779	615	TC
1	11690300	198	GA
1	11692194	1103	AG
1	11694396	1053	CT
1	11697398	2508	TC
1	11697477	79	AG
1	11699485	1788	AG
1	11699552	67	TG
1	11701353	1439	AG
1	11701369	16	TC
1	11701685	316	AG
1	11701759	74	GA
1	11701864	105	TG
1	11701865	1	TA
1	11701926	61	GA
1	11702009	83	CT
1	11704822	1803	AG
1	11704927	105	AT
1	11704961	34	AG
1	11705314	146	AG
1	11705426	112	GC
1	11705561	135	AT
1	11705742	181	AG
1	11706335	285	AG
1	11706584	249	GC
1	11706710	126	GA
1	11708689	1165	GA
1	11708937	248	GC
1	11709299	362	AT
1	11709343	44	AG
1	11710218	875	AG
1	11710260	42	AC
1	11710291	31	GA
1	11711621	489	GT
1	11711735	114	CA
1	11711810	75	AG
1	11712148	338	GA
1	11712571	423	CT
1	11712789	218	CT
1	11713859	747	TC
1	11714407	360	CT
1	11714410	3	GA
1	11714966	473	TG
1	11715276	70	GT
1	11715371	95	TA
1	11715391	20	CT
1	11715400	9	CT
1	11717220	1068	CT
1	11717785	565	GA
1	11717885	100	CT
1	11718000	115	AG
1	11718086	86	AG
1	11718102	16	GT
1	11718525	145	CT
1	11719299	774	GC
1	11723443	2619	GA
1	11726419	2360	AG
1	11727740	1097	AG
1	11729962	1823	TC
1	11730651	689	GT
1	11730714	63	GA
1	11731259	545	TC
1	11731333	74	AG
1	11736780	3128	AG
1	11738482	256	CT
1	11739385	903	AG
1	11739630	245	AG
1	11739811	181	CT
1	11740846	1002	AG
1	11740923	77	TC
1	11741037	114	CT
1	11741763	402	GA
1	11741820	57	GA
1	11741996	176	TC
1	11742780	492	AG
1	11743278	498	GA
1	11744561	1202	CT
1	11747787	3111	CT
1	11748658	732	GA
1	11760053	8559	GA
1	11772579	9117	CT
1	11782396	8127	CT
1	11782523	127	GA
1	11782576	53	GA
1	11782579	3	GA
1	11784226	1647	AG
1	11788022	3281	TC
1	11789015	437	AG
1	11789301	286	AT
1	11790719	941	AG
1	11790774	55	CT
1	11790895	121	TA
1	11791188	293	AG
1	11791752	456	CT
1	11792334	451	GT
1	11792992	658	GA
1	11793021	29	AC
1	11793042	21	CT
1	11794735	906	AG
1	11801150	4398	CT
1	11804119	1391	GT
1	11807761	400	TC
1	11808105	344	GA
1	11808241	136	TA
1	11808257	16	TC
1	11808370	113	TG
1	11808595	225	AG
1	11808643	48	CG
1	11808709	66	CT
1	11808834	125	GC
1	11808957	123	CA
1	11808972	15	CT
1	11808985	13	AG
1	11809451	115	GA
1	11816970	2726	AG
1	11819925	1894	CT
1	11839616	4063	TC
1	11839735	58	CT
1	11843023	2751	GA
1	11843114	91	CT
1	11843139	25	TC
1	11843344	205	TC
1	11843360	16	TC
1	11843376	16	TC
1	11843494	118	GC
1	11844126	196	GA
1	11844144	18	TA
1	11844597	453	CG
1	11844605	8	TC
1	11845722	199	TC
1	11846444	662	AG
1	11846453	9	CT
1	11847214	684	CT
1	11847559	217	AG
1	11847760	201	AG
1	11847780	20	GT
1	11847784	4	CT
1	11847788	4	CT
1	11850589	53	TG
1	11850696	91	GA
1	11850740	44	TA
1	11851004	264	GA
1	11855011	1088	AG
1	11855073	62	CT
1	11856966	926	GC
1	11859619	1782	GA
1	11864833	3303	GT
1	11864876	43	CT
1	11865915	577	CT
1	11866656	100	CT
1	11866860	204	CT
1	11867109	249	TC
1	11867114	5	CA
1	11867229	115	GA
1	11870571	2476	GA
1	11870807	236	GA
1	11876504	3330	TC
1	11876917	413	GA
1	11893751	10186	CT
1	11893915	164	TC
1	11893925	10	CT
1	11894034	109	AC
1	11894175	141	AC
1	11894237	62	CT
1	11894481	244	AG
1	11894608	127	CT
1	11894737	129	TA
1	11894777	40	GC
1	11894917	140	GT
1	11894962	45	AG
1	11895452	30	GA
1	11895461	9	TC
1	11909692	9679	CT
1	11910206	514	GA
1	11911900	1072	TC
1	11912010	110	AG
1	11912059	49	TC
1	11912378	49	GC
1	11913645	1091	TC
1	11915484	1110	AG
1	11915925	376	CT
1	11919169	2833	GT
1	11919560	391	GA
1	11922630	766	TC
1	11923067	437	AC
1	11923377	263	AG
1	11923383	6	AG
1	11924808	1377	CT
1	11924978	170	AG
1	11925976	761	CT
1	11926045	69	AG
1	11926788	280	TC
1	11926813	25	TC
1	11926925	112	CT
1	11926946	21	AC
1	11927246	263	TC
1	11927515	269	GA
1	11927904	47	TC
1	11928563	502	TC
1	11928625	62	TA
1	11928627	2	TA
1	11936744	1643	GA
1	11941674	3817	CT
1	11942581	907	TC
1	11944087	1423	TG
1	11944444	357	TA
1	11946421	523	TC
1	11948436	1539	CG
1	11948587	151	AG
1	11951888	2238	GC
1	11952571	401	AG
1	11952833	262	GA
1	11953399	272	CT
1	11953457	58	TC
1	11953959	502	CT
1	11953965	6	AC
1	11954253	288	CG
1	11954275	22	GA
1	11954394	119	CA
1	11961599	405	GA
1	11961605	6	AG
1	11961746	141	GA
1	11961793	47	CG
1	11964761	2108	AG
1	11965228	467	CT
1	11965537	309	CT
1	11965649	112	GA
1	11965911	262	AG
1	11966011	100	TC
1	11966526	113	CT
1	11966559	33	GC
1	11966708	149	GA
1	11966802	94	AG
1	11966804	2	AG
1	11966911	107	CT
1	11966938	27	TG
1	11967199	135	GA
1	11967266	67	GA
1	11967320	54	GA
1	11967543	180	GA
1	11967584	41	AG
1	11967695	111	GA
1	11968949	1176	AG
1	11968959	10	TA
1	11970298	864	TC
1	11971207	741	GA
1	11971519	257	GA
1	11971625	106	CT
1	11979096	654	GC
1	11989789	7561	GC
1	11993379	1808	GA
1	12008067	8568	GC
1	12013170	5058	CG
1	12013831	661	TC
1	12013939	108	AG
1	12014929	709	TC
1	12015014	85	GA
1	12015693	339	GA
1	12015742	49	GC
1	12015744	2	GA
1	12016050	306	CT
1	12016244	194	CT
1	12017923	120	TC
1	12021033	2159	TC
1	12021041	8	TC
1	12021718	561	TC
1	12021851	133	AC
1	12025504	440	CG
1	12067999	29329	TC
1	12069405	1273	TG
1	12078618	7462	CT
1	12078688	70	CA
1	12095138	7467	CT
1	12103201	6669	CG
1	12103596	395	GA
1	12105044	1448	TC
1	12105374	330	GC
1	12105801	328	GT
1	12105839	38	AG
1	12106059	220	CT
1	12107298	1239	CT
1	12107390	92	AG
1	12107800	410	AT
1	12107999	168	TG
1	12108541	143	TC
1	12108765	55	GA
1	12110360	869	AG
1	12110705	345	GC
1	12112203	1498	CA
1	12112221	18	CG
1	12112266	45	AG
1	12112455	189	GT
1	12112497	42	CT
1	12113159	609	CG
1	12113314	155	CG
1	12113842	528	TC
1	12113849	7	AG
1	12114199	350	TC
1	12114314	115	GA
1	12114477	163	CT
1	12114548	71	GA
1	12114708	160	GA
1	12118250	3542	AG
1	12118579	329	AG
1	12122962	3599	CT
1	12123412	450	GA
1	12123483	71	GC
1	12123819	336	AC
1	12123825	6	CT
1	12123933	108	GT
1	12124317	384	TC
1	12124596	279	AG
1	12125086	490	AG
1	12135226	4684	GA
1	12135547	321	CT
1	12136405	628	TC
1	12138170	1474	GA
1	12138676	506	TC
1	12138753	77	CT
1	12138775	22	AG
1	12138779	4	TC
1	12139614	835	CT
1	12140942	1001	TC
1	12141063	121	CT
1	12142008	945	CT
1	12145977	3400	TG
1	12146794	817	GA
1	12147789	995	TG
1	12147829	40	CT
1	12147921	92	GA
1	12147988	67	GT
1	12148096	108	CT
1	12153427	1439	TC
1	12153530	103	TA
1	12155992	188	GA
1	12156455	463	TA
1	12158690	1871	CT
1	12159012	277	TC
1	12161764	2505	CG
1	12162721	669	AT
1	12162898	177	TA
1	12163207	309	GT
1	12168233	3343	AC
1	12169893	1660	GA
1	12172232	2339	AG
1	12172233	1	TC
1	12172235	2	TA
1	12172374	139	CT
1	12172819	445	CA
1	12173039	220	TG
1	12173846	807	CT
1	12174862	811	TC
1	12174982	120	CT
1	12175327	345	GC
1	12177307	1795	GA
1	12197896	14748	TA
1	12205811	6995	TC
1	12206867	490	CA
1	12206887	20	CT
1	12208137	938	AG
1	12212883	3502	TG
1	12212887	4	GA
1	12212904	17	GA
1	12214300	840	TC
1	12214524	224	TC
1	12214564	40	TC
1	12214570	6	CT
1	12218248	1717	GT
1	12218328	80	TG
1	12218329	1	AG
1	12219041	395	AG
1	12219141	100	TC
1	12219306	82	CT
1	12219412	106	TC
1	12219502	90	GA
1	12219558	56	CT
1	12219764	206	GC
1	12221239	850	TC
1	12221263	24	TA
1	12221757	301	CT
1	12222805	576	CT
1	12222875	70	AT
1	12224348	269	TC
1	12224536	149	TC
1	12225453	146	CT
1	12226207	754	CA
1	12226276	69	AG
1	12229384	2801	CT
1	12231377	1228	CT
1	12234426	2813	CA
1	12238704	3617	TC
1	12238721	17	AG
1	12239268	455	GC
1	12240736	1291	GA
1	12243224	2043	TC
1	12244306	944	CG
1	12244708	402	AG
1	12244777	69	CT
1	12251196	5420	CT
1	12251392	91	TA
1	12251401	9	TC
1	12251410	9	AG
1	12251893	344	TC
1	12253330	1184	TC
1	12253389	59	GA
1	12253422	33	AT
1	12253586	74	GT
1	12253692	106	CA
1	12253695	3	GA
1	12253923	228	CT
1	12255104	142	TC
1	12255144	40	CT
1	12255509	365	TC
1	12256677	988	GT
1	12256770	93	GT
1	12256771	1	GT
1	12256917	146	GA
1	12256925	8	TC
1	12256986	61	TG
1	12257116	130	GA
1	12257258	142	GA
1	12258337	1079	TC
1	12259310	863	CA
1	12261255	1454	TC
1	12263438	1646	TC
1	12263475	37	AG
1	12264103	628	AG
1	12267023	2138	CT
1	12268311	1237	CT
1	12268618	268	TC
1	12269081	263	AG
1	12270718	861	CT
1	12271227	509	TC
1	12271462	138	TC
1	12271630	168	AG
1	12271648	18	CT
1	12271665	17	CA
1	12271667	2	CT
1	12271708	41	TA
1	12271981	273	GA
1	12272859	641	TC
1	12273052	193	AG
1	12276060	2543	CT
1	12276354	294	GA
1	12276401	47	GT
1	12277600	1073	GT
1	12277602	2	CT
1	12277979	377	CT
1	12278413	114	CT
1	12279231	760	CG
1	12279324	93	TC
1	12279487	163	CT
1	12281620	1854	CT
1	12282156	27	AG
1	12282519	363	CT
1	12283555	893	CT
1	12284057	502	CT
1	12285685	1228	TC
1	12286398	713	CT
1	12287581	783	TC
1	12288018	304	CT
1	12288301	81	GC
1	12288321	20	CG
1	12289034	598	AG
1	12290542	1080	AC
1	12290552	10	GC
1	12290802	198	GA
1	12292714	1278	CA
1	12294114	1400	GC
1	12294339	225	AT
1	12295661	1207	CT
1	12296429	437	CT
1	12298184	1364	TC
1	12298308	124	TC
1	12299356	1048	CT
1	12300017	582	CT
1	12300632	449	GA
1	12301691	952	GA
1	12307647	5325	TA
1	12307743	96	TC
1	12307816	73	GA
1	12309216	1352	AG
1	12309546	203	AG
1	12309692	146	AG
1	12309879	118	GA
1	12310061	182	CA
1	12310241	180	GA
1	12310464	223	CT
1	12310466	2	GA
1	12310553	87	TA
1	12310733	36	CT
1	12310751	18	GA
1	12310770	19	CT
1	12310777	7	CG
1	12310795	18	CT
1	12310805	10	CT
1	12310844	39	AG
1	12310966	122	TC
1	12311553	587	CT
1	12311652	99	AG
1	12311930	278	GA
1	12311932	2	CT
1	12311985	53	CT
1	12312360	375	CT
1	12312395	35	GA
1	12312610	215	GA
1	12312859	205	GA
1	12314188	1255	CT
1	12314207	19	GA
1	12315881	541	CT
1	12316107	226	AG
1	12316126	19	TA
1	12316228	102	CT
1	12316506	278	GA
1	12316535	29	GC
1	12320023	3192	CT
1	12321523	662	CA
1	12324216	1254	GA
1	12340821	13407	AT
1	12342040	1219	GA
1	12350449	7438	TC
1	12350731	282	CT
1	12350797	66	AT
1	12352788	1769	CT
1	12354875	2037	GC
1	12355276	401	GC
1	12356907	1258	CA
1	12357566	659	GA
1	12358133	567	CT
1	12358575	442	GC
1	12358639	64	CT
1	12360875	1657	GT
1	12361217	293	TC
1	12361378	161	AC
1	12361639	261	AG
1	12361664	25	GC
1	12361982	297	AG
1	12362071	89	CT
1	12362286	215	CT
1	12366489	2820	AG
1	12366490	1	TC
1	12367310	764	GA
1	12368037	560	CT
1	12368107	70	TA
1	12368372	265	AT
1	12369252	633	TC
1	12369663	57	GA
1	12369748	85	TC
1	12369770	22	CT
1	12370181	358	GC
1	12370280	99	TC
1	12370708	428	GA
1	12374394	2194	GA
1	12374451	57	CT
1	12376650	549	GT
1	12376663	13	AG
1	12376675	12	GA
1	12376679	4	TC
1	12378714	1598	CT
1	12381013	984	GA
1	12381208	195	CT
1	12383909	2341	GA
1	12385075	841	CT
1	12385325	250	GA
1	12386005	680	AC
1	12387791	1060	CG
1	12387885	94	GA
1	12389800	907	TC
1	12389932	132	CT
1	12390070	138	TC
1	12390133	63	GT
1	12390445	191	AG
1	12390581	136	CT
1	12390617	36	CT
1	12390642	25	GA
1	12390887	245	AG
1	12390934	47	AG
1	12391337	403	TC
1	12391400	63	AG
1	12391734	237	GA
1	12392059	325	TG
1	12392819	467	CT
1	12393925	870	CT
1	12394138	213	TC
1	12394699	561	GA
1	12396334	657	CT
1	12397345	704	GT
1	12397358	13	TC
1	12400055	2514	TC
1	12400113	58	AT
1	12400471	118	GA
1	12401251	780	CT
1	12401361	110	CT
1	12401717	203	CG
1	12402104	387	TC
1	12405447	2906	CT
1	12406310	672	TC
1	12406311	1	GA
1	12406324	13	GA
1	12406386	62	TC
1	12406395	9	CT
1	12406531	136	CT
1	12407156	174	GA
1	12409668	1910	GC
1	12409688	20	GA
1	12409830	142	GA
1	12410791	182	CA
1	12410854	63	CT
1	12412142	322	CA
1	12412635	493	CA
1	12412737	102	TC
1	12413377	162	GA
1	12414815	430	AG
1	12414845	30	AG
1	12414880	35	TG
1	12415598	521	AG
1	12415953	355	GA
1	12416085	132	GA
1	12416795	234	TC
1	12419729	1300	TC
1	12420073	344	CT
1	12420542	469	CT
1	12421234	495	GA
1	12422398	545	CT
1	12423153	755	GA
1	12423533	380	CT
1	12423693	160	GC
1	12423754	61	GA
1	12424019	199	TC
1	12424162	143	CT
1	12424531	78	CT
1	12425023	388	AG
1	12425469	326	CT
1	12425894	104	GA
1	12425935	41	GA
1	12426062	127	GA
1	12426350	288	GA
1	12426698	348	AG
1	12426740	42	GA
1	12427375	635	CT
1	12427379	4	GA
1	12429880	1470	GA
1	12430910	952	TC
1	12432599	1635	AG
1	12438033	4833	GA
1	12438260	227	AG
1	12439167	554	GA
1	12439564	351	GC
1	12439609	45	AG
1	12439924	315	AC
1	12446331	5479	GA
1	12446705	374	TC
1	12448996	2009	CT
1	12449133	137	GC
1	12449720	426	AT
1	12450562	721	GA
1	12451272	560	GA
1	12451667	296	AG
1	12452529	755	GC
1	12452643	114	GA
1	12452862	125	TC
1	12453745	581	TA
1	12453878	133	TG
1	12453933	55	GA
1	12454137	204	CT
1	12454159	22	GA
1	12454265	106	AT
1	12457341	2494	AC
1	12458590	1216	CT
1	12460638	1880	AG
1	12460904	247	CG
1	12461149	245	CT
1	12461310	161	GA
1	12461365	55	TA
1	12461379	14	TC
1	12461474	95	TC
1	12461558	84	GA
1	12461695	137	GA
1	12461706	11	GA
1	12461924	218	CT
1	12462111	187	AG
1	12462323	212	CT
1	12462634	311	TC
1	12462769	135	GA
1	12462802	33	GA
1	12462931	129	CT
1	12463087	156	AG
1	12463143	56	CT
1	12463273	130	GA
1	12463777	278	AG
1	12464485	588	CT
1	12464494	9	CG
1	12464553	59	GA
1	12464765	212	GA
1	12464767	2	CG
1	12465572	439	CT
1	12465983	411	TC
1	12466182	199	TC
1	12466396	214	GA
1	12466784	388	TC
1	12466789	5	CT
1	12466981	192	CT
1	12468269	1079	CT
1	12468969	663	GC
1	12469539	570	AC
1	12474294	2135	AG
1	12474776	482	AG
1	12475390	614	GA
1	12475424	34	CA
1	12478328	2686	TC
1	12480520	2192	CT
1	12480890	370	AG
1	12481054	164	GA
1	12482272	1218	GA
1	12482273	1	CT
1	12482278	5	CA
1	12482376	98	CT
1	12483097	721	AG
1	12483382	21	GT
1	12483592	210	TC
1	12484014	422	TC
1	12484225	211	CT
1	12484362	137	TC
1	12485451	343	TC
1	12485672	221	AG
1	12486576	530	TC
1	12487141	565	CT
1	12487235	94	GA
1	12488123	888	TC
1	12488171	48	GA
1	12488337	166	CT
1	12488435	98	GA
1	12489520	894	TC
1	12489564	44	GC
1	12490200	398	CT
1	12490220	20	AC
1	12490613	330	CT
1	12491049	436	CT
1	12491619	468	CT
1	12492316	565	GC
1	12492416	100	TG
1	12492834	418	AC
1	12492853	19	TC
1	12492969	116	GA
1	12492976	7	TC
1	12493590	614	GA
1	12493595	5	TC
1	12493751	156	CT
1	12493925	174	GA
1	12494436	511	CT
1	12494559	123	TC
1	12494697	138	CT
1	12494825	128	CT
1	12495775	950	TC
1	12496081	270	GA
1	12496088	7	TC
1	12496437	325	GA
1	12496488	51	TC
1	12496697	209	TC
1	12496739	42	CT
1	12496843	104	CG
1	12497755	912	TC
1	12498081	326	AC
1	12498302	221	GC
1	12498496	194	CT
1	12498820	324	CG
1	12499133	313	AG
1	12499206	73	AG
1	12499546	340	CG
1	12499810	264	GA
1	12499828	18	AG
1	12499893	65	AG
1	12499979	86	CG
1	12501097	777	TC
1	12501165	68	TG
1	12501833	461	CT
1	12501856	23	GA
1	12501971	115	AG
1	12502012	41	GA
1	12502103	91	GA
1	12502400	297	CT
1	12502559	159	GA
1	12502582	23	CT
1	12502602	20	TC
1	12502627	25	TC
1	12502770	143	TC
1	12502941	171	CT
1	12502952	11	TC
1	12502964	12	GA
1	12502983	19	AC
1	12502987	4	CT
1	12503168	181	CT
1	12503596	428	AG
1	12503678	82	GT
1	12503686	8	CT
1	12504221	535	CT
1	12504373	152	CT
1	12504491	118	GA
1	12504911	420	AT
1	12504935	24	TC
1	12504973	38	GA
1	12504975	2	CT
1	12504979	4	GA
1	12505064	85	AT
1	12505125	61	AG
1	12505336	211	GA
1	12505451	115	AG
1	12505477	26	GA
1	12505642	165	CT
1	12505835	193	GA
1	12505902	67	GA
1	12505985	83	GT
1	12506108	123	GA
1	12506542	434	TC
1	12506787	245	TC
1	12507218	431	CT
1	12507419	201	GA
1	12507477	58	TC
1	12507654	177	GA
1	12507667	13	TC
1	12508100	433	GT
1	12508280	180	GA
1	12508640	360	TC
1	12508850	210	CT
1	12509122	272	GC
1	12509162	40	AG
1	12509200	38	AC
1	12509238	38	AT
1	12509296	58	TC
1	12509880	584	GA
1	12510306	388	CT
1	12510369	63	TC
1	12510398	29	CT
1	12510401	3	TG
1	12511007	606	CG
1	12511227	220	AC
1	12511232	5	GC
1	12511537	305	CT
1	12511547	10	GA
1	12511612	65	GA
1	12511696	84	GA
1	12512969	991	TA
1	12513011	42	GA
1	12513032	21	GA
1	12513357	325	AG
1	12513640	283	TC
1	12513908	268	GA
1	12514448	540	CT
1	12514577	129	GA
1	12514658	81	GA
1	12515214	531	GA
1	12515464	250	CT
1	12515898	434	TC
1	12517190	904	GA
1	12517365	175	AC
1	12517393	28	GA
1	12517572	179	AG
1	12517639	67	CT
1	12518344	705	CT
1	12518527	183	GA
1	12519706	992	CT
1	12519730	24	GC
1	12519766	36	TC
1	12519797	31	CT
1	12520364	264	GA
1	12520379	15	GA
1	12521012	575	TG
1	12521081	69	GA
1	12522433	1012	TC
1	12522517	84	TC
1	12522576	59	AG
1	12523153	165	CT
1	12523337	184	CT
1	12523461	124	AG
1	12523475	14	CT
1	12523878	367	CT
1	12524511	633	AG
1	12524983	189	CT
1	12525203	220	GA
1	12525428	225	AG
1	12525611	183	CG
1	12525616	5	GA
1	12525631	15	CT
1	12525632	1	GA
1	12526884	938	TC
1	12526964	80	CG
1	12527065	101	GA
1	12529180	2115	TG
1	12529262	82	CT
1	12529512	250	AC
1	12529962	450	TC
1	12530148	186	TC
1	12530244	96	AG
1	12530308	64	AG
1	12530467	159	AG
1	12531106	639	AG
1	12537774	3149	GA
1	12538267	493	AG
1	12541422	2497	TC
1	12543158	1736	AG
1	12543437	258	GA
1	12544259	776	AG
1	12547274	1890	AG
1	12547342	68	TC
1	12548753	1256	CA
1	12550589	1642	AG
1	12550650	61	TC
1	12558519	6618	CA
1	12564399	4549	TC
1	12587428	17759	TC
1	12590766	1625	CA
1	12592793	373	AC
1	12592829	36	TC
1	12592919	90	CT
1	12592947	28	TC
1	12593174	227	GA
1	12593215	41	CT
1	12593944	531	TC
1	12594311	367	TC
1	12594348	37	TC
1	12594688	340	TC
1	12595243	410	CT
1	12598664	1030	CT
1	12600370	255	AG
1	12602633	957	TG
1	12604381	849	TC
1	12604443	62	TC
1	12604450	7	TC
1	12604763	313	CG
1	12606022	679	AG
1	12607564	837	GA
1	12607957	393	TC
1	12608769	699	CT
1	12611880	2254	AT
1	12617316	4013	GA
1	12620832	3284	CA
1	12629411	3372	GC
1	12638230	5562	CA
1	12640250	1626	TC
1	12652052	6928	CA
1	12920787	171702	TA
1	12920970	183	GA
1	12921186	187	CT
1	12921542	356	GA
1	12927280	3214	GA
1	12929359	708	GC
1	12933468	2656	TG
1	12933633	165	GA
1	12934027	11	AG
1	12934070	43	TC
1	12934091	21	GA
1	12934325	209	TC
1	12934328	3	CT
1	12934379	51	AG
1	12935757	872	CT
1	12936818	654	TA
1	12936850	32	CT
1	12936871	21	GC
1	12936878	7	GT
1	12937199	321	CT
1	12937571	348	CT
1	12937773	126	CG
1	12938010	110	GA
1	12938067	57	GC
1	12938091	24	AG
1	12938120	29	CT
1	12939231	846	CA
1	12943456	2313	GA
1	12944533	852	GA
1	12945250	162	GA
1	12945558	128	CT
1	12945629	71	AG
1	12946996	119	AG
1	12947073	77	CT
1	12949029	734	AG
1	12949030	1	CA
1	12949616	279	GT
1	12951193	815	GA
1	12951625	404	CT
1	12951898	273	AG
1	12952184	286	GA
1	12953745	898	CT
1	12953774	29	CT
1	12954183	409	CT
1	12954510	101	TC
1	12954553	43	AG
1	12954721	168	GC
1	12955395	595	TC
1	12957040	1089	GA
1	12957307	267	GT
1	12957441	134	GT
1	12957743	302	AG
1	12957759	16	GA
1	12958228	469	AG
1	12958292	64	CT
1	12958813	494	TC
1	12958954	141	TC
1	12959022	68	TC
1	12959704	459	AG
1	12959824	120	AG
1	12960173	349	TC
1	12960174	1	GA
1	12960567	393	TC
1	12961736	723	GC
1	12962443	707	CA
1	12962451	8	TG
1	12962553	102	TC
1	12962689	136	CT
1	12963443	657	AG
1	12963456	13	TC
1	12963845	366	AG
1	12965011	1014	CT
1	12965113	102	GA
1	12965404	291	GA
1	12965558	154	TC
1	12965614	56	GA
1	12965645	31	GC
1	12966152	234	AG
1	12966238	86	GC
1	12966322	84	CT
1	12966324	2	GT
1	12966332	8	AG
1	12966381	49	TG
1	12966478	97	TC
1	12966499	21	CG
1	12966644	145	GA
1	12966718	74	GA
1	12967508	562	TC
1	12967543	35	CT
1	12967558	15	GA
1	12967594	36	CT
1	12967671	77	AT
1	12967675	4	TC
1	12967922	247	CT
1	12967982	60	GC
1	12968031	49	GA
1	12968229	198	GA
1	12968931	578	CG
1	12969059	128	AG
1	12971183	1462	AG
1	12971189	6	AG
1	12971307	118	GA
1	12971594	141	CT
1	12971936	342	TC
1	12972634	302	CT
1	12972644	10	GA
1	12973902	953	GA
1	12973946	44	AG
1	12973961	15	TC
1	12975080	333	TC
1	12975143	63	AG
1	12975174	31	AG
1	12975887	390	AG
1	12976023	136	AG
1	12976224	137	GA
1	12976714	285	GT
1	12978546	1216	AG
1	12978794	248	GA
1	12979331	454	AG
1	12979348	17	TC
1	12979838	472	CT
1	12981309	1298	TC
1	12983564	1022	GA
1	12983768	204	CT
1	12984250	183	CT
1	12990684	3106	AG
1	12990704	20	AC
1	12994474	2652	AG
1	12994885	411	CG
1	12995675	551	TG
1	12997318	1240	AT
1	12997520	202	AG
1	13003459	5288	CT
1	13003484	25	AG
1	13005597	1939	CT
1	13006223	546	GA
1	13007915	498	TC
1	13010699	2364	CG
1	13011408	676	AT
1	13011444	36	CG
1	13011482	38	GA
1	13011695	213	CG
1	13011794	44	GT
1	13011899	105	CA
1	13011958	59	CA
1	13011972	14	GA
1	13012124	152	CT
1	13012330	206	CT
1	13012591	261	AG
1	13013214	591	TC
1	13013288	74	AG
1	13013346	58	AG
1	13013347	1	TC
1	13013712	365	GA
1	13014273	561	AG
1	13014553	280	GC
1	13014671	118	TC
1	13020027	3752	AG
1	13021223	1196	GT
1	13021285	62	CT
1	13024135	2289	CT
1	13024226	91	AG
1	13024310	84	AG
1	13024428	118	GA
1	13024503	75	GA
1	13025804	1301	GA
1	13026553	749	AG
1	13027837	956	CT
1	13033238	4018	CT
1	13034320	926	GC
1	13036525	2099	CT
1	13042797	6272	GA
1	13042897	100	TC
1	13043756	859	TC
1	13044868	1112	CT
1	13045741	873	CT
1	13048014	2103	TC
1	13048651	637	GA
1	13049107	430	TC
1	13050068	961	AT
1	13051974	1906	CT
1	13052288	314	TC
1	13052813	525	TC
1	13053266	453	TC
1	13053409	143	AG
1	13053673	264	AG
1	13054098	333	AG
1	13054239	141	AG
1	13054616	377	GA
1	13054632	16	GT
1	13055197	199	TC
1	13055363	115	TG
1	13056317	954	CT
1	13057684	901	GA
1	13057792	108	CT
1	13057852	60	CA
1	13057970	118	AG
1	13057992	22	GA
1	13058885	651	GA
1	13059020	135	GC
1	13059180	160	GA
1	13059362	182	CT
1	13061909	1056	GC
1	13062012	103	GA
1	13062075	63	AT
1	13064951	1445	GA
1	13065959	496	TG
1	13066362	403	CT
1	13066474	112	CT
1	13067434	233	TC
1	13069406	1195	GC
1	13078901	1280	AC
1	13078931	30	AT
1	13078958	27	CG
1	13081648	2402	TC
1	13082390	742	TC
1	13085754	1721	TC
1	13091205	3868	GT
1	13092194	876	TC
1	13093404	827	GA
1	13093511	107	GT
1	13093614	103	AT
1	13093621	7	AC
1	13094704	415	GA
1	13097577	2849	GC
1	13104248	1732	TC
1	13104511	263	AG
1	13104584	73	GA
1	13107835	2712	GA
1	13110362	1584	TC
1	13110638	276	AG
1	13111489	851	CG
1	13112651	830	GA
1	13117250	1467	AT
1	13122350	4202	GT
1	13122537	187	CT
1	13123084	470	GA
1	13123830	690	GA
1	13124290	460	TA
1	13125904	1353	GT
1	13126565	70	TC
1	13128148	1583	CT
1	13128587	439	CG
1	13133026	1227	GA
1	13133680	412	CT
1	13134774	228	TC
1	13135693	610	AG
1	13135874	152	TG
1	13135922	48	TC
1	13136920	764	GC
1	13136957	37	TC
1	13136961	4	AC
1	13137154	193	AG
1	13137165	11	AG
1	13137220	55	GT
1	13137774	554	AG
1	13138143	32	AG
1	13138199	56	AG
1	13138346	78	AG
1	13138349	3	AG
1	13138777	428	GA
1	13142690	2658	CT
1	13143157	310	CT
1	13143276	119	GA
1	13145588	2042	CT
1	13158209	10300	AG
1	13158266	57	AG
1	13158799	533	AG
1	13160408	793	TC
1	13160555	147	AG
1	13162056	146	GT
1	13162070	14	TC
1	13162098	28	CT
1	13162104	6	TG
1	13162140	36	GA
1	13162141	1	GT
1	13162164	23	AG
1	13162189	25	GT
1	13162299	110	AG
1	13162329	30	TC
1	13162397	68	AG
1	13162407	10	CT
1	13162450	43	AC
1	13162460	10	TC
1	13162491	31	CT
1	13162523	32	TC
1	13162565	42	TC
1	13162576	11	TC
1	13162927	351	AC
1	13163135	208	AG
1	13163324	189	GC
1	13163480	156	CT
1	13163782	302	GC
1	13163816	34	AG
1	13165656	749	GA
1	13166087	202	AG
1	13166163	76	GA
1	13166389	226	GA
1	13166498	109	CT
1	13166739	241	CT
1	13166881	142	CT
1	13167534	653	CT
1	13167778	108	CT
1	13168000	222	GA
1	13169109	863	GA
1	13170065	923	GA
1	13170685	526	GA
1	13170745	60	CG
1	13170786	41	GC
1	13171877	1050	CT
1	13172128	59	TC
1	13172413	285	CG
1	13172765	352	GA
1	13173124	359	GA
1	13173194	70	GA
1	13173359	165	CT
1	13175082	968	CT
1	13175503	421	GA
1	13176372	869	GA
1	13177806	1434	CT
1	13178920	821	AG
1	13182544	2817	CA
1	13182545	1	CT
1	13183196	611	CT
1	13183904	579	AG
1	13183917	13	GA
1	13184456	497	TC
1	13184928	393	GA
1	13184981	53	GA
1	13185019	38	GA
1	13185973	592	AG
1	13186409	436	GT
1	13186800	183	GA
1	13187184	342	TC
1	13188093	670	AG
1	13188297	184	CA
1	13188496	51	AG
1	13188948	144	GA
1	13189360	219	CG
1	13189556	196	GA
1	13189591	35	GC
1	13190071	392	CT
1	13190150	79	GA
1	13190390	240	AG
1	13191231	600	AG
1	13191237	6	GA
1	13191311	74	TC
1	13191318	7	GA
1	13194880	2809	GA
1	13194907	27	AC
1	13194995	88	AG
1	13197026	1206	CA
1	13197695	472	TA
1	13197790	95	CT
1	13197824	34	AC
1	13197876	52	GA
1	13198002	126	GA
1	13198122	120	AG
1	13198555	433	CT
1	13199030	287	TC
1	13199227	197	CT
1	13199230	3	GA
1	13199358	128	TC
1	13199799	441	CT
1	13200082	283	AG
1	13200339	257	CA
1	13200397	58	TC
1	13200874	458	GC
1	13201503	629	AC
1	13201846	343	GA
1	13201934	88	CT
1	13201979	45	GA
1	13202150	171	CA
1	13202767	617	AG
1	13202880	89	GT
1	13204071	582	GC
1	13204749	562	TC
1	13204805	56	GT
1	13204815	10	GA
1	13205553	42	GA
1	13205800	106	TC
1	13206198	398	AG
1	13206203	5	AG
1	13206712	305	TC
1	13208518	1522	CG
1	13209301	783	GA
1	13210087	786	TC
1	13210267	180	GA
1	13210324	57	TC
1	13212013	924	AC
1	13212141	128	GA
1	13212981	840	TG
1	13214330	478	CA
1	13214349	19	AG
1	13216402	1111	AG
1	13218117	1188	AG
1	13219148	1031	GA
1	13219326	178	TC
1	13219483	157	TA
1	13220417	934	AC
1	13220529	78	TC
1	13220593	64	CT
1	13221532	939	TC
1	13221823	291	GT
1	13222532	709	AG
1	13223768	1218	TC
1	13225008	953	TC
1	13225315	307	TC
1	13225343	28	AG
1	13226085	378	CT
1	13226284	199	AG
1	13226368	84	CA
1	13226787	374	GA
1	13227013	226	GA
1	13227332	319	AG
1	13227428	96	CT
1	13227465	37	CG
1	13227886	256	CT
1	13228197	311	AC
1	13228401	204	CT
1	13228592	191	AG
1	13228923	285	GA
1	13230800	1125	TC
1	13230849	49	TC
1	13230871	22	AG
1	13231078	207	GC
1	13231254	176	GA
1	13231257	3	TC
1	13231439	182	GA
1	13231495	56	AG
1	13231671	48	CT
1	13231760	89	TC
1	13231942	182	GA
1	13232164	222	TC
1	13232999	589	TC
1	13233000	1	GA
1	13233001	1	CT
1	13237219	785	CG
1	13237405	186	TC
1	13237815	241	GA
1	13240685	1774	CA
1	13241083	398	GA
1	13248105	4715	CT
1	13255572	5098	AT
1	13255617	45	CT
1	13255746	129	GA
1	13255904	158	CG
1	13255919	15	GA
1	13255989	70	GA
1	13256371	382	GA
1	13258718	1764	GA
1	13260509	1515	CA
1	13260570	61	TC
1	13264041	3471	CT
1	13265580	1511	AG
1	13265845	265	CT
1	13266508	663	GA
1	13266886	378	GA
1	13267408	522	GA
1	13268315	777	CT
1	13268488	173	GA
1	13269537	831	GA
1	13270262	725	AG
1	13271991	1437	GA
1	13273106	549	GA
1	13273239	133	CA
1	13273899	660	CT
1	13273937	38	AC
1	13274249	114	GA
1	13277460	1140	CT
1	13278085	282	TG
1	13280993	959	CT
1	13280996	3	GC
1	13281032	36	CT
1	13281060	28	GT
1	13281079	19	GA
1	13281668	123	GT
1	13281891	223	GA
1	13282135	244	AG
1	13282627	492	TA
1	13282895	238	GA
1	13284577	519	GA
1	13285649	995	CT
1	13286957	1084	GC
1	13287033	76	CT
1	13288457	797	AT
1	13288740	283	TC
1	13288879	104	GA
1	13289646	505	AG
1	13291593	1947	GA
1	13292730	180	TC
1	13292860	130	CT
1	13292881	21	GA
1	13292939	58	CT
1	13293256	317	AG
1	13293474	218	GC
1	13293493	19	AT
1	13293581	88	GA
1	13295405	1357	GA
1	13295649	225	GT
1	13295720	71	CT
1	13295942	222	TC
1	13295994	52	AG
1	13296374	380	AG
1	13296799	425	GA
1	13297505	426	AG
1	13297904	339	TG
1	13297928	24	CG
1	13300569	511	TC
1	13300894	284	AG
1	13301000	106	GA
1	13301158	158	GT
1	13301226	68	GA
1	13301270	44	CT
1	13301294	24	CT
1	13301300	6	AC
1	13301303	3	TC
1	13301331	28	CT
1	13301604	273	TC
1	13301614	10	AG
1	13301633	19	TG
1	13301701	68	GA
1	13301872	171	TG
1	13301873	1	GA
1	13301899	26	GA
1	13301902	3	AG
1	13301945	43	CT
1	13301950	5	CA
1	13301959	9	GA
1	13302123	164	CT
1	13302184	61	CT
1	13302190	6	TC
1	13303380	763	GA
1	13303449	69	GA
1	13303958	509	GA
1	13304238	280	CT
1	13304413	175	GA
1	13304428	15	AC
1	13304735	135	GA
1	13304856	121	GA
1	13305752	325	TC
1	13305754	2	AT
1	13305759	5	CT
1	13307066	1221	GA
1	13307190	83	GA
1	13307522	78	AG
1	13307961	439	CT
1	13308814	825	GA
1	13309232	354	GA
1	13309242	10	GA
1	13309459	217	AG
1	13309647	188	TC
1	13309664	17	GA
1	13310767	740	GA
1	13310779	12	AG
1	13310820	41	GA
1	13311042	222	GC
1	13311506	464	GA
1	13311547	41	GA
1	13311900	353	TC
1	13311945	45	GA
1	13311957	12	GA
1	13312969	255	CT
1	13313051	82	CT
1	13313129	78	GA
1	13314246	488	TC
1	13314415	134	CG
1	13314974	559	GT
1	13315064	90	TC
1	13315107	43	CG
1	13315365	258	AC
1	13315549	184	GT
1	13316273	202	CT
1	13316456	183	AG
1	13316672	216	GA
1	13316996	324	CT
1	13317343	167	CA
1	13317430	87	GC
1	13317659	229	GT
1	13317911	182	CT
1	13317936	25	CT
1	13317949	13	AG
1	13318765	206	GA
1	13318819	24	GA
1	13318832	13	TG
1	13318860	28	CT
1	13321159	1188	TC
1	13322230	301	GA
1	13322254	24	GA
1	13322276	22	CT
1	13322951	501	GA
1	13322969	18	GC
1	13324019	473	GA
1	13324054	35	TG
1	13325005	54	GA
1	13325588	520	AG
1	13325612	24	CT
1	13325635	23	AG
1	13326213	273	CT
1	13326637	382	GA
1	13326840	203	TC
1	13327037	197	AC
1	13327219	182	CG
1	13327825	96	CT
1	13327838	13	AC
1	13328367	473	GA
1	13328405	38	GC
1	13330278	1049	CT
1	13330669	391	CT
1	13330756	87	GA
1	13331328	289	GA
1	13331346	18	GC
1	13331981	524	TC
1	13332339	329	GA
1	13334540	951	CT
1	13337062	1214	CT
1	13339101	328	TC
1	13340393	194	CT
1	13343460	339	CT
1	13344729	206	CA
1	13344773	44	TA
1	13344820	47	GC
1	13344907	87	GC
1	13344922	15	CG
1	13345233	92	GA
1	13345646	413	GA
1	13345839	193	CT
1	13345844	5	GA
1	13346146	217	CT
1	13347256	456	AG
1	13347271	15	AG
1	13347346	75	TC
1	13347437	91	GA
1	13347478	41	TC
1	13348013	381	TC
1	13348149	136	GA
1	13348169	20	CG
1	13348229	60	GA
1	13348337	108	GT
1	13348480	143	CT
1	13349055	278	AG
1	13349268	213	GA
1	13349309	41	GA
1	13349443	134	AG
1	13349661	196	AG
1	13349686	25	GC
1	13349978	54	CT
1	13351225	93	CT
1	13351497	153	CT
1	13351536	39	GA
1	13351621	85	AG
1	13351699	78	AG
1	13352080	381	TC
1	13352375	295	AG
1	13352424	49	CT
1	13352545	121	TC
1	13352550	5	CT
1	13355377	1348	AG
1	13357691	1356	CT
1	13357722	31	CT
1	13359327	960	TG
1	13359381	54	GA
1	13364219	2367	GC
1	13365013	374	CG
1	13365076	63	TC
1	13365562	486	AG
1	13367100	394	TC
1	13367198	98	GT
1	13368519	772	GT
1	13369282	288	CT
1	13369544	262	TC
1	13371097	440	TC
1	13371220	123	GC
1	13371444	224	AG
1	13371727	283	GA
1	13373181	158	TC
1	13373325	144	CG
1	13373330	5	CT
1	13373343	13	TC
1	13373360	17	CG
1	13373685	325	AG
1	13374255	210	AT
1	13375947	1195	GA
1	13376090	123	AG
1	13376480	390	CG
1	13376785	145	CA
1	13377187	402	GA
1	13378074	668	TG
1	13378094	20	GA
1	13388438	6478	GT
1	13388620	182	AC
1	13389227	607	CT
1	13389581	354	CT
1	13390096	515	GA
1	13390260	164	GT
1	13390378	118	AG
1	13390380	2	TC
1	13390464	84	GA
1	13391215	395	CT
1	13391226	11	GA
1	13391600	235	AG
1	13391801	201	CT
1	13392277	476	CT
1	13392463	186	GA
1	13392690	104	CA
1	13393133	401	GA
1	13399290	3995	GC
1	13399313	23	CT
1	13399325	12	CT
1	13400132	760	CT
1	13400369	237	AG
1	13406910	5509	GA
1	13407015	105	GA
1	13410900	2625	CT
1	13433230	17794	GA
1	13433443	213	GA
1	13434432	989	CA
1	13434434	2	CT
1	13435404	970	CT
1	13436076	571	TC
1	13436484	408	GT
1	13436539	55	GA
1	13436579	40	CT
1	13436760	181	AG
1	13437106	219	GT
1	13437629	523	GA
1	13438181	152	TC
1	13438286	105	CT
1	13438523	237	CT
1	13439112	481	CT
1	13439206	94	CG
1	13439271	65	AG
1	13439490	219	GA
1	13439511	21	AG
1	13439604	93	TC
1	13440127	523	AG
1	13440168	41	TG
1	13440254	86	AG
1	13440482	151	CT
1	13440558	76	TA
1	13441143	585	AG
1	13441146	3	GT
1	13441174	28	CG
1	13441281	107	CT
1	13441450	169	AT
1	13441582	132	CT
1	13441592	10	CT
1	13441599	7	TC
1	13441981	382	CT
1	13444627	1987	CT
1	13446115	1281	CT
1	13446362	247	CT
1	13449855	2877	GA
1	13456351	4973	CT
1	13456855	504	AG
1	13456924	69	CT
1	13458068	841	AT
1	13458093	25	CT
1	13462669	1779	GC
1	13463289	482	GT
1	13463296	7	CT
1	13463309	13	AG
1	13463443	71	TC
1	13463549	106	TA
1	13463645	96	GA
1	13463687	42	CT
1	13464745	531	CT
1	13464746	1	AG
1	13464871	125	CT
1	13465928	793	GA
1	13485386	4870	TA
1	13486252	600	CA
1	13486690	438	CT
1	13486786	96	TC
1	13486990	204	GT
1	13486997	7	GT
1	13489727	2412	CT
1	13489846	119	CT
1	13489854	8	CT
1	13489871	17	CT
1	13490572	701	CA
1	13490573	1	AG
1	13490660	87	GC
1	13492361	1469	GA
1	13492616	49	GA
1	13492751	135	CT
1	13492876	125	TC
1	13493282	406	GC
1	13494462	1001	CT
1	13494559	97	TG
1	13494581	22	AT
1	13494582	1	AT
1	13495893	1143	TC
1	13496003	110	CG
1	13496124	121	AG
1	13496131	7	CT
1	13496200	69	AG
1	13498229	1671	AG
1	13498272	43	GT
1	13498902	630	TC
1	13499011	109	GA
1	13499369	230	AG
1	13499372	3	CT
1	13499373	1	AG
1	13499683	263	CT
1	13499701	18	TC
1	13499916	215	AG
1	13500003	87	GA
1	13500007	4	GA
1	13500008	1	CT
1	13500151	143	GA
1	13500219	68	CT
1	13500231	12	TC
1	13500236	5	AG
1	13500277	41	CT
1	13500299	22	TC
1	13500577	278	TG
1	13501044	467	AG
1	13501339	169	AG
1	13501415	76	AG
1	13501912	497	GA
1	13502139	227	TC
1	13503082	802	AG
1	13503305	223	CT
1	13503338	33	GA
1	13503626	288	GA
1	13506891	2786	GA
1	13516674	6708	TA
1	13519954	3079	TC
1	13519968	14	AG
1	13520645	596	CA
1	13522654	1433	GA
1	13523389	675	CT
1	13523457	68	CT
1	13524775	1123	CT
1	13525462	625	GA
1	13525638	176	AG
1	13525867	64	TG
1	13525877	10	CG
1	13525888	11	TG
1	13526381	291	TC
1	13526489	30	GA
1	13526798	309	TC
1	13527554	712	AC
1	13527612	58	AG
1	13527642	30	GT
1	13530031	2068	AG
1	13532342	1716	TC
1	13534639	1562	TC
1	13534966	327	GT
1	13537570	1692	GT
1	13538502	543	TC
1	13538796	294	AG
1	13538883	87	GA
1	13540480	1100	GA
1	13545130	3585	GT
1	13547222	2021	AG
1	13547407	97	GA
1	13547523	116	TG
1	13547616	93	TC
1	13547686	70	CT
1	13547830	144	TC
1	13547866	36	TC
1	13547868	2	AG
1	13547930	62	GT
1	13547940	10	AG
1	13547985	45	GA
1	13549057	794	CT
1	13549377	320	GA
1	13549407	30	GT
1	13550469	83	TC
1	13550831	362	CT
1	13550837	6	GC
1	13551094	222	GA
1	13551192	98	CT
1	13551442	250	GC
1	13552632	827	TG
1	13553013	350	AG
1	13553297	284	CT
1	13553979	682	GC
1	13555642	816	GA
1	13556329	687	GC
1	13559153	1396	CT
1	13559158	5	GT
1	13559163	5	GA
1	13559450	89	AT
1	13559517	67	CT
1	13559845	231	TC
1	13561632	955	TC
1	13562569	326	CG
1	13565142	1201	AG
1	13568255	1754	CT
1	13568283	28	GA
1	13574620	3067	CT
1	13577763	2268	CT
1	13578384	228	CG
1	13578464	80	GA
1	13578472	8	AT
1	13578473	1	CT
1	13578537	64	TC
1	13578579	42	GT
1	13579508	876	TC
1	13579795	203	CT
1	13579821	26	GA
1	13579928	107	CT
1	13580100	172	CA
1	13581016	428	TC
1	13581183	167	GA
1	13581201	18	GA
1	13583056	477	CT
1	13583182	45	CT
1	13583407	166	TC
1	13584388	981	TC
1	13584393	5	CA
1	13585744	623	GA
1	13586124	88	GA
1	13588962	50	GA
1	13589519	177	GA
1	13589716	197	GA
1	13589736	20	CT
1	13589784	48	GA
1	13589797	13	TC
1	13589828	31	CT
1	13589860	32	CT
1	13589865	5	TC
1	13589946	81	GA
1	13590159	163	GA
1	13590258	99	GA
1	13591051	293	GC
1	13591201	21	CT
1	13591948	373	GA
1	13591979	31	GA
1	13592278	299	GA
1	13592608	330	GC
1	13593235	161	AG
1	13593437	202	AG
1	13594078	534	GA
1	13594591	419	GA
1	13595314	549	TC
1	13595442	128	GA
1	13595447	5	GA
1	13596026	203	GA
1	13596029	3	TC
1	13596076	47	CT
1	13596086	10	CT
1	13596388	76	GT
1	13596501	113	TC
1	13596569	68	CT
1	13596681	112	CT
1	13596778	97	CT
1	13596791	13	CA
1	13596815	24	TC
1	13596852	37	GC
1	13596946	94	GA
1	13597014	68	CT
1	13597246	232	GA
1	13598654	1024	CT
1	13598810	156	AT
1	13599217	387	GA
1	13599393	176	AG
1	13599446	53	CT
1	13599876	430	CT
1	13600233	357	GA
1	13600558	325	GA
1	13600787	229	TA
1	13601389	577	GT
1	13601567	178	TC
1	13604131	2221	GT
1	13605035	584	AG
1	13605381	346	AG
1	13605934	148	GA
1	13606758	687	TC
1	13606788	30	CT
1	13606795	7	CG
1	13606803	8	TC
1	13606870	67	CT
1	13606990	120	CT
1	13607679	169	GA
1	13607808	129	AT
1	13607948	140	AG
1	13611164	1542	AG
1	13612721	429	CT
1	13612815	94	GA
1	13612849	34	CT
1	13612851	2	GA
1	13612877	26	AG
1	13613424	461	GA
1	13613679	255	GA
1	13614090	411	AG
1	13614102	12	CT
1	13616247	661	TC
1	13616931	657	CT
1	13616959	28	GC
1	13617107	148	GA
1	13617197	90	TC
1	13617401	204	TA
1	13618805	904	GA
1	13618948	143	CA
1	13619843	835	AG
1	13621127	444	CT
1	13622642	1058	GA
1	13624508	556	AT
1	13627021	1252	GA
1	13628260	769	GA
1	13628280	20	CG
1	13628310	30	GA
1	13628353	43	GA
1	13628500	101	AG
1	13628515	15	CG
1	13628566	51	CT
1	13628609	43	GA
1	13628661	52	AC
1	13628791	9	GA
1	13629116	265	CT
1	13629542	426	TC
1	13629546	4	GT
1	13629895	86	AC
1	13630139	198	AC
1	13630160	21	CT
1	13630247	87	TC
1	13630284	37	AT
1	13630383	99	CT
1	13630418	35	AC
1	13630461	43	AG
1	13630526	65	AG
1	13630779	253	CG
1	13630835	56	GA
1	13631266	431	CT
1	13631393	127	AG
1	13631799	213	GA
1	13632342	543	CT
1	13632347	5	GA
1	13632354	7	CT
1	13633892	569	AG
1	13633909	17	TC
1	13634334	425	AC
1	13634960	584	CT
1	13635709	404	GC
1	13640524	1565	CT
1	13640592	68	TC
1	13640961	88	GA
1	13641382	398	TC
1	13641481	99	GT
1	13641674	193	CT
1	13642067	393	CA
1	13642254	187	AG
1	13643329	506	TC
1	13643352	23	AG
1	13643439	87	GA
1	13643507	68	CT
1	13643512	5	AG
1	13643514	2	GT
1	13646814	819	CT
1	13647183	111	TC
1	13647513	330	CG
1	13647948	382	TC
1	13647952	4	GA
1	13648237	285	TG
1	13648285	48	CT
1	13648341	56	GA
1	13650357	1198	CT
1	13650890	533	GA
1	13650959	69	GA
1	13650964	5	GA
1	13650998	34	TC
1	13651043	45	TC
1	13651052	9	TC
1	13651059	7	TC
1	13652298	206	AG
1	13652343	45	TA
1	13652812	469	GA
1	13653252	159	GA
1	13653490	238	CT
1	13653960	335	CA
1	13654095	91	GT
1	13659049	3368	CT
1	13661080	1215	CT
1	13661106	26	GC
1	13662962	1406	AG
1	13664706	1181	GA
1	13664999	293	TC
1	13665117	118	CG
1	13665571	234	AG
1	13665641	70	AG
1	13665863	222	GA
1	13665936	73	AG
1	13665988	52	GA
1	13666029	41	TC
1	13666882	611	AG
1	13669499	2464	AT
1	13669755	256	CT
1	13670121	251	AC
1	13670335	147	AG
1	13670349	14	CT
1	13670368	19	TC
1	13670420	52	AC
1	13670481	61	CT
1	13672722	1151	AC
1	13673359	637	TC
1	13673402	43	AG
1	13673449	47	TA
1	13673532	83	CT
1	13673590	58	GA
1	13674682	802	AG
1	13675058	376	CT
1	13675207	149	TC
1	13675579	193	TG
1	13675593	14	CT
1	13675726	133	CT
1	13675915	189	AG
1	13676239	324	GA
1	13676942	703	GA
1	13677130	188	TG
1	13677136	6	GA
1	13677138	2	TC
1	13677161	23	CG
1	13677174	13	CT
1	13677259	85	TC
1	13677814	478	CT
1	13678461	647	CT
1	13680097	850	AG
1	13680118	21	AG
1	13680226	108	TC
1	13687673	3918	TA
1	13687863	86	AC
1	13687878	15	AC
1	13687911	33	CT
1	13688475	309	CG
1	13688691	216	CG
1	13689053	362	AG
1	13689211	158	TC
1	13689819	608	CT
1	13689968	149	TC
1	13690487	519	CG
1	13690640	153	GA
1	13690981	341	TC
1	13691099	118	TC
1	13691171	72	GA
1	13691215	44	AG
1	13691229	14	CT
1	13691269	40	CA
1	13692440	970	CT
1	13693186	746	GC
1	13694629	1145	CT
1	13696337	1436	AG
1	13696372	35	GA
1	13696377	5	AG
1	13696468	91	GC
1	13696512	44	CT
1	13696635	91	GA
1	13696660	25	TC
1	13696662	2	TA
1	13696665	3	TG
1	13696711	46	AG
1	13697123	195	CT
1	13697197	74	TC
1	13697608	173	AG
1	13697725	117	TG
1	13698074	349	CT
1	13699725	141	TA
1	13701532	1526	GA
1	13705073	1727	CT
1	13705963	802	GC
1	13706210	247	CT
1	13706413	203	AG
1	13708331	878	CT
1	13710327	1200	TC
1	13712515	1529	AG
1	13713853	792	CT
1	13714344	335	AG
1	13715954	541	TC
1	13716303	349	TC
1	13717052	691	AG
1	13717427	375	CT
1	13717449	22	GA
1	13717516	67	CT
1	13718040	524	CT
1	13719003	931	CT
1	13719444	441	GA
1	13721720	1460	AT
1	13721738	18	TC
1	13721745	7	AT
1	13721750	5	TC
1	13721755	5	TG
1	13721887	132	CT
1	13722307	420	AG
1	13722406	99	TC
1	13722539	133	GA
1	13722540	1	AT
1	13722603	63	GA
1	13722620	17	GA
1	13722624	4	CT
1	13722658	34	TC
1	13722732	74	GA
1	13722783	51	TC
1	13722919	136	GT
1	13722921	2	AC
1	13723128	207	GA
1	13723242	114	GA
1	13723869	627	GA
1	13724407	318	CA
1	13724437	30	TC
1	13724480	43	TC
1	13724488	8	TC
1	13725211	629	AG
1	13727690	1858	GC
1	13727697	7	GA
1	13727766	69	AC
1	13727777	11	CT
1	13727986	209	GA
1	13728708	407	TC
1	13729368	615	GA
1	13730388	303	AG
1	13730493	105	GT
1	13730664	171	CT
1	13730804	140	CT
1	13730876	72	AC
1	13731246	370	CT
1	13731368	122	GA
1	13731401	33	CA
1	13733034	1390	CT
1	13733035	1	CA
1	13733054	19	CT
1	13733058	4	TC
1	13733142	84	CG
1	13733658	516	GC
1	13738798	1787	GA
1	13739407	298	TC
1	13739422	15	GT
1	13739774	352	GA
1	13739957	183	GT
1	13742533	2279	CT
1	13742795	262	CT
1	13742908	113	TC
1	13745855	1405	CT
1	13746312	457	AG
1	13747018	626	GA
1	13747439	421	AG
1	13747602	163	GT
1	13747697	95	TC
1	13748677	765	CT
1	13750795	1111	CT
1	13750997	202	AT
1	13751289	292	GA
1	13751291	2	CT
1	13751407	116	GA
1	13760331	6741	CG
1	13760337	6	CT
1	13760343	6	CT
1	13760631	288	GT
1	13760767	136	GA
1	13761587	820	GA
1	13768470	5001	AG
1	13770472	1948	AC
1	13770793	321	TC
1	13770893	100	TC
1	13821678	34180	CT
1	13821721	43	AG
1	13821958	193	TC
1	13828913	5116	CT
1	13942070	64883	GA
1	14081400	73352	CT
1	14099048	11286	GA
1	14206604	76638	TC
1	14220181	9911	TA
1	14220835	399	CG
1	14222057	1124	GC
1	14222070	13	AG
1	14225293	2945	TG
1	14228675	1692	GT
1	14228860	185	TC
1	14237836	5153	TC
1	14239964	1554	CT
1	14242633	2045	GA
1	14243163	530	GC
1	14243439	276	GA
1	14245251	1216	CT
1	14245897	343	TC
1	14248785	2165	GA
1	14252277	1599	TC
1	14252495	218	TG
1	14253018	523	GA
1	14253407	389	GA
1	14253562	155	CT
1	14254714	1126	CT
1	14254882	168	TC
1	14255411	82	GA
1	14255423	12	GA
1	14255432	9	CG
1	14255509	77	AG
1	14255739	230	TA
1	14255770	31	CT
1	14255771	1	AG
1	14255828	57	GA
1	14255897	69	CT
1	14256201	304	GA
1	14256569	253	AG
1	14256680	111	CT
1	14258724	1103	TC
1	14258787	63	AC
1	14258817	30	GT
1	14259545	293	TC
1	14259766	221	TC
1	14260527	587	TC
1	14261890	480	CT
1	14263409	1334	CA
1	14263646	237	CT
1	14263778	132	CA
1	14264065	287	TC
1	14264334	269	TC
1	14265027	693	AG
1	14266508	1244	AG
1	14266514	6	AG
1	14266688	174	TC
1	14267349	661	GA
1	14268552	864	CT
1	14268564	12	GC
1	14268782	218	GC
1	14281009	3836	CT
1	14281457	448	TC
1	14286218	1456	TC
1	14286505	102	CT
1	14287490	533	GT
1	14288245	755	TC
1	14288440	195	TA
1	14290654	920	TC
1	14290663	9	CG
1	14291199	236	TC
1	14291511	312	CT
1	14292586	1075	CT
1	14293955	930	AG
1	14296951	1590	CT
1	14297817	746	GA
1	14297933	116	GT
1	14297938	5	GA
1	14298185	247	CT
1	14298213	28	AG
1	14299186	810	AG
1	14302220	2971	AG
1	14302407	187	GC
1	14304448	1681	CT
1	14304553	105	CT
1	14304760	207	GA
1	14305104	344	GA
1	14305481	377	GC
1	14305597	116	CA
1	14305631	34	AG
1	14306033	402	GA
1	14306681	314	GA
1	14307145	464	AG
1	14307835	690	CT
1	14308810	975	CA
1	14309163	280	AG
1	14310596	517	AG
1	14311625	589	AG
1	14311626	1	TC
1	14312045	106	GT
1	14312800	495	AG
1	14313090	290	CT
1	14313873	783	AC
1	14314172	299	TC
1	14315035	779	TC
1	14315059	24	TG
1	14316711	1377	GT
1	14319866	2779	GA
1	14321087	472	CG
1	14324594	1734	GA
1	14330434	3598	GT
1	14335075	2207	GA
1	14336040	541	AG
1	14336752	712	CG
1	14338301	985	CG
1	14338942	641	AT
1	14339090	73	CA
1	14340619	982	TA
1	14341906	878	AG
1	14347688	3351	AG
1	14348876	382	GA
1	14349144	268	CT
1	14349306	162	AG
1	14349322	16	CT
1	14349398	76	CT
1	14351799	1181	AG
1	14362734	4810	GA
1	14365757	754	CA
1	14365907	150	CT
1	14366233	326	GC
1	14366944	450	AG
1	14369439	451	AG
1	14369568	129	TC
1	14369649	81	GT
1	14369932	283	CA
1	14370617	408	AG
1	14370991	374	GA
1	14372090	760	GT
1	14375981	3600	TC
1	14376489	508	GA
1	14377075	441	AG
1	14381256	3952	GA
1	14385221	3726	AG
1	14390365	3362	AG
1	14394478	3147	GC
1	14395037	514	GA
1	14395812	747	CT
1	14395902	90	GA
1	14400480	1668	GA
1	14400625	67	GA
1	14403707	545	TC
1	14405282	424	TC
1	14409221	2105	CT
1	14422592	8773	GA
1	14432642	4663	AC
1	14433911	1199	CT
1	14435036	259	AG
1	14438784	2539	TC
1	14450027	7234	CT
1	14452065	1802	AG
1	14453581	1164	TC
1	14453610	29	TC
1	14453623	13	GC
1	14453685	62	GA
1	14453946	261	TC
1	14454114	168	CT
1	14454174	60	CT
1	14454203	29	CT
1	14454596	393	CG
1	14454607	11	TC
1	14456282	1052	CT
1	14457010	409	TC
1	14457075	65	AT
1	14457359	284	AG
1	14457940	581	AG
1	14458054	114	GC
1	14458147	93	GA
1	14458250	103	CG
1	14458790	540	AG
1	14471373	8307	AG
1	14475385	3974	TC
1	14475684	299	TA
1	14485546	9211	AG
1	14488299	2323	CT
1	14489936	1546	AG
1	14490074	138	TC
1	14490278	204	CT
1	14490417	139	TC
1	14490950	364	CT
1	14491190	240	CT
1	14491746	556	AG
1	14492932	1186	GT
1	14493280	348	GT
1	14493307	27	GA
1	14498942	4055	CT
1	14507791	5610	CT
1	14509239	983	CA
1	14510068	416	TC
1	14511993	1620	TC
1	14518183	4313	CG
1	14518799	616	GA
1	14519595	796	TC
1	14521167	1117	GC
1	14521376	209	AG
1	14521437	61	AG
1	14524322	2533	GT
1	14524690	368	GA
1	14524752	62	CT
1	14525848	1096	CT
1	14527080	907	CT
1	14527245	165	AG
1	14527580	335	CG
1	14528875	966	GA
1	14528986	111	GA
1	14529285	299	CT
1	14529286	1	AG
1	14529307	21	TC
1	14529377	70	CT
1	14529476	62	AG
1	14529630	154	AT
1	14529893	195	CT
1	14529995	102	CT
1	14529996	1	AG
1	14530412	416	GA
1	14530680	268	TC
1	14531756	487	CT
1	14531830	74	GA
1	14531928	98	CT
1	14532239	137	CT
1	14532646	407	CT
1	14532703	57	GC
1	14532824	121	GT
1	14534181	1231	TC
1	14534752	543	GC
1	14535932	1180	CG
1	14535981	49	CG
1	14536194	213	TC
1	14541519	3879	GC
1	14542063	544	CT
1	14542111	48	CT
1	14542284	173	CT
1	14542729	445	GA
1	14542980	251	CT
1	14545122	1281	TG
1	14550017	4895	TC
1	14554030	3195	CT
1	14555148	1118	CT
1	14557030	1531	CT
1	14560170	2877	CA
1	14563144	2500	CT
1	14564498	592	CT
1	14565184	423	AG
1	14568100	1164	CT
1	14568275	175	TC
1	14575917	6142	TC
1	14579229	3008	GT
1	14580167	938	GA
1	14580972	805	CT
1	14581029	57	AG
1	14584679	3650	GA
1	14587002	2238	GA
1	14588190	1188	CT
1	14588691	501	CT
1	14591129	2133	AG
1	14591540	411	GA
1	14592241	701	CG
1	14595447	2509	CT
1	14600177	4428	CT
1	14600345	168	GA
1	14600477	132	CT
1	14600924	447	CT
1	14601609	546	TC
1	14603066	1457	CT
1	14605633	1309	GT
1	14605744	111	TC
1	14605770	26	TC
1	14606441	625	CG
1	14610991	3917	CG
1	14611216	225	TC
1	14611383	167	AG
1	14612952	1569	CT
1	14614667	799	TA
1	14615042	176	GT
1	14620215	2054	AG
1	14632953	5483	AG
1	14635072	670	TC
1	14635418	346	TC
1	14635628	210	GA
1	14635902	274	GA
1	14635950	48	AG
1	14638046	1167	GC
1	14638198	152	GA
1	14638199	1	CT
1	14638244	45	GT
1	14638256	12	GA
1	14638269	13	TC
1	14638348	79	AG
1	14639773	1010	CT
1	14640160	387	TC
1	14640644	207	TA
1	14640747	103	TC
1	14641506	379	AG
1	14642693	821	TC
1	14642738	45	TC
1	14643330	285	CT
1	14643686	356	GT
1	14644663	977	CT
1	14644691	28	GC
1	14648681	1204	TC
1	14650719	135	TC
1	14650721	2	CT
1	14652489	236	AG
1	14654442	851	GA
1	14654701	259	GA
1	14655244	286	GC
1	14655307	63	AT
1	14659461	1142	GA
1	14659481	20	AG
1	14659605	124	GA
1	14660830	753	AC
1	14660831	1	GC
1	14664238	2872	AC
1	14664659	421	GT
1	14664677	18	TG
1	14665766	724	AG
1	14665772	6	CG
1	14666045	273	CT
1	14666191	146	GC
1	14666497	107	CG
1	14666552	55	AT
1	14666654	72	CA
1	14666664	10	CT
1	14666786	122	CT
1	14667003	143	AG
1	14667251	165	CT
1	14667451	200	CT
1	14668116	347	CA
1	14668848	456	AG
1	14671930	1034	TC
1	14671938	8	AG
1	14672098	160	CT
1	14673156	783	CA
1	14674843	819	TC
1	14681928	4872	AT
1	14689422	4691	TC
1	14692441	1999	GA
1	14695857	1515	GA
1	14696505	622	AG
1	14699388	1368	GA
1	14709153	4302	TC
1	14709673	520	TC
1	14711256	205	CT
1	14711354	98	TC
1	14711407	53	GA
1	14713133	646	CT
1	14713341	122	CT
1	14713830	403	CT
1	14713958	128	GA
1	14715320	319	CT
1	14716587	89	AC
1	14716607	20	TC
1	14718217	1047	CG
1	14721246	1504	AG
1	14722392	585	GA
1	14722986	594	CT
1	14725249	1277	CA
1	14725250	1	AT
1	14726272	625	GC
1	14730089	1091	GA
1	14733642	1530	CT
1	14734261	259	GA
1	14737643	1546	AG
1	14740287	1547	CG
1	14752529	5845	CA
1	14752996	229	CT
1	14753358	362	CA
1	14753376	18	AG
1	14753505	129	CT
1	14753507	2	CA
1	14753704	197	TC
1	14768209	6890	TC
1	14768726	517	TC
1	14775863	4336	TC
1	14780773	3093	CT
1	14782706	1707	TC
1	14782739	33	CT
1	14785025	1947	TA
1	14797079	7257	AG
1	14799677	380	GA
1	14800307	630	TG
1	14800387	80	TC
1	14800756	369	TC
1	14801602	705	TA
1	14801764	162	GC
1	14803995	955	GA
1	14805418	1022	AG
1	14806097	356	TA
1	14806117	20	TC
1	14806350	233	TC
1	14809149	704	GC
1	14809702	553	CT
1	14809775	73	TG
1	14810140	365	CT
1	14815430	3335	GA
1	14815454	24	AC
1	14818630	3147	GT
1	14818672	42	GT
1	14819020	348	AG
1	14823506	3810	CT
1	14824173	504	CG
1	14826980	1815	TC
1	14828178	1198	CT
1	14830048	986	CT
1	14830597	353	GA
1	14831792	880	CT
1	14833242	1425	CT
1	14833275	33	AC
1	14834420	1145	TA
1	14836762	1692	GA
1	14836859	97	GA
1	14837755	496	AG
1	14843365	3829	AG
1	14844986	1461	AG
1	14848117	2956	GT
1	14848766	597	AT
1	14852210	2352	AG
1	14853348	1077	CT
1	14855083	1735	CA
1	14857831	2712	AC
1	14865968	5963	CT
1	14866026	58	GA
1	14869643	2299	TC
1	14871071	1399	GA
1	14871697	626	CG
1	14873710	1987	AT
1	14874963	880	GA
1	14876981	1955	TC
1	14877261	280	AG
1	14877669	315	AG
1	14879337	1114	TC
1	14880411	875	CT
1	14884480	2015	GA
1	14885854	1328	TA
1	14887622	1377	GA
1	14887922	300	AG
1	14888640	718	AG
1	14889981	913	AT
1	14890034	53	GA
1	14892862	1515	TC
1	14894463	1020	AG
1	14895559	1096	CT
1	14895597	38	CT
1	14895657	60	GA
1	14895743	86	CT
1	14895747	4	CT
1	14896478	683	GA
1	14896557	79	GA
1	14898405	1536	CA
1	14899806	767	GA
1	14900877	756	AG
1	14901064	187	CT
1	14901368	273	TC
1	14901486	118	CA
1	14901634	148	GA
1	14901896	262	TG
1	14901993	97	GT
1	14902086	93	GA
1	14902097	11	GA
1	14902100	3	CT
1	14902155	55	TG
1	14902449	294	TC
1	14902777	328	CT
1	14902993	216	GC
1	14903110	117	GT
1	14903353	141	AG
1	14903363	10	GC
1	14903674	311	AG
1	14904295	621	AG
1	14904444	149	AG
1	14905069	532	TG
1	14905222	153	GA
1	14905331	109	AG
1	14905473	142	CT
1	14905950	477	CT
1	14905954	4	GA
1	14905971	17	GA
1	14909384	1796	AG
1	14909550	166	CA
1	14909878	328	CT
1	14910082	151	AG
1	14910633	451	AC
1	14910963	330	CT
1	14911076	113	AG
1	14911233	157	AC
1	14911904	671	AC
1	14913198	1294	TC
1	14913503	305	CG
1	14913547	44	TC
1	14914265	718	GA
1	14914484	219	TC
1	14914652	168	TC
1	14914871	219	AG
1	14915067	196	CT
1	14915277	210	CT
1	14916146	653	GT
1	14916308	162	TG
1	14917064	720	AG
1	14917916	852	AG
1	14917959	43	TG
1	14918015	56	CT
1	14918017	2	CT
1	14918113	96	CG
1	14918194	81	GA
1	14918195	1	TC
1	14918284	89	GC
1	14918295	11	AG
1	14918384	89	AG
1	14918392	8	CT
1	14918458	66	CT
1	14918474	16	GT
1	14918493	19	TC
1	14918611	118	CT
1	14918707	96	AG
1	14918878	171	CT
1	14919161	283	AG
1	14919454	293	CA
1	14919560	106	AG
1	14919863	303	CT
1	14920388	525	GA
1	14920618	230	GA
1	14920697	79	GA
1	14920735	38	AG
1	14920971	236	GA
1	14921233	262	AG
1	14921249	16	TC
1	14921272	23	GA
1	14921383	111	AT
1	14921785	402	AG
1	14921787	2	AC
1	14922264	477	GT
1	14922946	682	CT
1	14923066	120	TC
1	14923755	689	TC
1	14924322	567	GA
1	14925054	732	CT
1	14925095	41	CT
1	14926224	1014	CT
1	14929990	3008	TG
1	14930170	106	GA
1	14930175	5	GA
1	14930813	478	TG
1	14931474	441	AC
1	14932079	218	TC
1	14933285	753	CT
1	14936235	1549	AG
1	14940232	432	AG
1	14940291	59	AC
1	14940371	80	CA
1	14940441	70	CG
1	14940504	63	TC
1	14940691	187	GA
1	14940842	151	CG
1	14940868	26	GA
1	14940995	127	AG
1	14941049	54	TG
1	14941183	134	CT
1	14941191	8	TC
1	14941294	103	GA
1	14941295	1	TC
1	14941583	64	AG
1	14941640	57	AG
1	14941663	23	AG
1	14941671	8	AG
1	14941725	54	AT
1	14941739	14	TC
1	14941772	33	AG
1	14941777	5	TG
1	14942276	283	AG
1	14942399	123	TC
1	14942402	3	AC
1	14942442	40	CT
1	14942500	58	CT
1	14942812	215	AG
1	14942823	11	CT
1	14942847	24	GC
1	14942914	67	CT
1	14943246	126	AG
1	14943266	20	GA
1	14943271	5	GC
1	14944722	656	GT
1	14944904	164	TA
1	14944906	2	AC
1	14945281	375	GC
1	14945655	374	CG
1	14946385	697	CT
1	14946620	235	CT
1	14947035	276	CA
1	14947084	49	GA
1	14947412	83	TC
1	14947920	508	GA
1	14948026	106	TC
1	14951138	1948	AG
1	14951464	326	GA
1	14951610	146	CT
1	14952472	862	GT
1	14954834	1684	AC
1	14956348	1111	TC
1	14957005	366	TC
1	14957040	35	GA
1	14957377	337	GA
1	14957436	59	AC
1	14960142	1579	TC
1	14960459	317	AG
1	14960525	66	CG
1	14965168	2342	AC
1	14966626	1306	CT
1	14968784	776	CT
1	14969013	229	CT
1	14969048	35	CG
1	14969107	59	GA
1	14969594	363	CG
1	14969814	220	GA
1	14970175	268	TC
1	14970259	84	GA
1	14970337	78	TC
1	14970380	43	AG
1	14970431	51	AT
1	14970433	2	TA
1	14970462	29	AG
1	14971001	273	GT
1	14971123	122	TC
1	14971146	23	GA
1	14971292	146	TA
1	14971785	331	TA
1	14971975	190	GA
1	14972124	149	TC
1	14972168	44	TC
1	14972344	176	TG
1	14972346	2	TC
1	14972347	1	GA
1	14972399	52	CG
1	14974150	862	GA
1	14974224	74	CG
1	14974719	495	CA
1	14974743	24	GA
1	14976535	460	TC
1	14976675	140	TC
1	14977884	761	AC
1	14978251	283	TC
1	14978455	204	GA
1	14979253	308	GT
1	14979298	45	TC
1	14979682	343	CT
1	14979844	162	CT
1	14981671	1419	AG
1	14981747	76	CG
1	14981749	2	AG
1	14981789	40	AG
1	14982092	303	CA
1	14982148	56	TC
1	14982596	398	TG
1	14982653	57	GA
1	14982767	114	CG
1	14983479	565	GA
1	14983548	69	GC
1	14984248	448	GA
1	14984353	105	AG
1	14984394	41	AC
1	14985603	164	GA
1	14985638	35	TC
1	14985709	71	GA
1	14985728	19	GC
1	14986407	312	CA
1	14986418	11	GA
1	14986978	430	CA
1	14987131	153	GA
1	14987155	24	TC
1	14988218	679	AG
1	14988537	203	GA
1	14988775	238	GA
1	14988822	47	AC
1	14989021	199	CG
1	14989143	122	CT
1	14989347	97	GA
1	14990006	249	TG
1	14990010	4	CT
1	14991194	576	TG
1	14991871	250	GA
1	14991873	2	CG
1	14994256	1359	TG
1	14994268	12	TC
1	14994313	45	AT
1	14994409	96	TA
1	14994907	179	CT
1	14994920	13	CT
1	14995089	169	AG
1	14995471	93	AG
1	14995511	40	CA
1	14995532	21	TC
1	14995552	20	AG
1	14995634	82	GA
1	14995845	211	CT
1	14996230	209	AG
1	14996946	303	CT
1	14997770	71	AG
1	14998220	181	AG
1	14998256	36	CG
1	14999611	1040	CT
1	14999636	25	AG
1	15001579	1579	AG
1	15002155	576	GC
1	15005557	2394	TC
1	15008465	2352	GA
1	15011557	1604	CT
1	15012903	838	TC
1	15012909	6	GA
1	15013042	133	AG
1	15013145	103	CT
1	15013354	209	TC
1	15013388	34	GA
1	15013801	413	AG
1	15014899	831	AG
1	15015909	632	CT
1	15016150	241	TC
1	15016515	365	AG
1	15016691	176	CT
1	15017226	230	CT
1	15017339	113	AT
1	15017551	212	CT
1	15017965	271	TC
1	15018138	173	AG
1	15019218	656	AC
1	15019568	350	GA
1	15019730	162	CT
1	15019736	6	TC
1	15019951	215	AG
1	15020001	50	AG
1	15020368	33	AG
1	15020414	46	AG
1	15020500	86	GA
1	15021073	538	CT
1	15021258	185	TC
1	15021562	304	GA
1	15021670	108	CG
1	15021771	101	TC
1	15021806	35	AG
1	15021825	19	TA
1	15022796	971	AG
1	15023183	387	CT
1	15023201	18	GC
1	15023224	23	CT
1	15023556	161	CT
1	15023697	141	TC
1	15023764	67	CT
1	15025970	1019	AG
1	15025972	2	GA
1	15026610	425	GA
1	15028512	1008	TC
1	15029170	658	GA
1	15033532	2486	TC
1	15035566	1271	GA
1	15036619	653	GA
1	15037343	724	AG
1	15037699	356	AG
1	15037759	60	GA
1	15038285	526	CT
1	15038461	176	CT
1	15038962	438	CG
1	15041741	1583	CA
1	15041977	236	TC
1	15042032	55	CT
1	15044282	1190	CA
1	15044591	309	GA
1	15045233	386	AC
1	15045501	268	CT
1	15045737	236	AG
1	15046132	295	AG
1	15046188	56	GA
1	15047121	536	GT
1	15047774	146	CT
1	15049144	601	GA
1	15049158	14	AG
1	15049332	174	GA
1	15049597	238	CT
1	15049692	95	CT
1	15049854	162	GA
1	15049970	116	GC
1	15052190	1401	TC
1	15052449	62	CT
1	15052704	255	CT
1	15053181	477	GT
1	15054033	331	CT
1	15054178	145	CT
1	15054911	394	CT
1	15056675	1042	AG
1	15056679	4	CA
1	15057928	1027	CT
1	15059806	1740	GA
1	15059879	73	GA
1	15060277	228	GA
1	15060437	160	CT
1	15060903	262	GA
1	15061010	107	CT
1	15062440	1070	GA
1	15063314	493	GC
1	15063328	14	GC
1	15063543	215	CT
1	15064039	378	GT
1	15064987	511	TA
1	15065099	112	TC
1	15067386	1624	GA
1	15067578	192	CA
1	15067670	92	CT
1	15072520	3822	CT
1	15076428	1338	CT
1	15077337	524	GA
1	15077435	98	CT
1	15079917	827	TC
1	15080081	164	GA
1	15080097	16	GC
1	15080378	281	AC
1	15080469	91	TC
1	15082544	1105	CT
1	15086051	550	CT
1	15086929	459	GA
1	15090639	794	GC
1	15090675	36	AG
1	15090943	268	CT
1	15092901	466	AC
1	15094314	1099	AG
1	15094378	25	TC
1	15095248	101	AG
1	15095291	43	TC
1	15095663	145	AG
1	15095735	72	AT
1	15095747	12	TC
1	15096224	221	CT
1	15098084	757	AT
1	15098690	412	CT
1	15100679	794	GA
1	15101563	546	TA
1	15103180	263	AG
1	15103494	181	GA
1	15104432	324	TC
1	15104676	244	CG
1	15105859	642	AC
1	15105945	86	GA
1	15105955	10	AG
1	15106817	627	AG
1	15107688	510	GA
1	15107792	104	AG
1	15110336	2191	AG
1	15110558	222	CG
1	15110692	134	GA
1	15116817	4294	GT
1	15120954	3312	TC
1	15120967	13	AC
1	15121868	703	AC
1	15122077	154	AG
1	15122180	103	TC
1	15122182	2	TC
1	15124820	1534	CT
1	15124835	15	GA
1	15125584	749	TC
1	15126720	445	GT
1	15126911	191	GA
1	15127119	208	CA
1	15128134	748	CA
1	15128391	257	GA
1	15128858	467	CG
1	15128862	4	CT
1	15128866	4	CG
1	15129394	493	AG
1	15129686	213	GA
1	15129828	142	GA
1	15129849	21	CT
1	15130934	867	GA
1	15131923	643	GA
1	15131924	1	AC
1	15131993	69	AG
1	15133031	740	CG
1	15135065	1466	CG
1	15136724	924	GA
1	15138127	418	CT
1	15141733	3162	GA
1	15145112	1598	GA
1	15150049	3395	GA
1	15151360	1149	CT
1	15151438	78	CA
1	15154972	2251	GC
1	15155012	40	CT
1	15156348	963	GA
1	15156806	372	AT
1	15160540	1544	AG
1	15161950	417	TA
1	15162213	263	AC
1	15162981	241	TG
1	15163008	27	TC
1	15163039	31	CT
1	15163045	6	AG
1	15163109	64	GA
1	15166823	1552	CT
1	15166830	7	GA
1	15167170	340	GA
1	15168157	701	GA
1	15168321	164	GA
1	15169409	335	CT
1	15169438	29	CT
1	15169464	26	CT
1	15169536	72	CT
1	15170244	287	CT
1	15170341	97	CT
1	15170454	113	CT
1	15170528	74	AG
1	15171040	512	GA
1	15171439	125	CT
1	15171488	49	GA
1	15171757	94	GA
1	15171792	35	TC
1	15171836	44	AG
1	15172154	184	AG
1	15174690	1008	GT
1	15176852	134	CT
1	15177534	215	GC
1	15179116	1582	TC
1	15179636	520	CT
1	15179867	231	GA
1	15180351	484	AG
1	15180508	157	TA
1	15180547	39	AG
1	15180602	55	TC
1	15180677	75	AG
1	15180711	34	AC
1	15180734	23	TC
1	15180737	3	AG
1	15180957	220	AG
1	15181036	79	CT
1	15181273	237	CT
1	15183126	1330	AG
1	15185109	708	CT
1	15185568	367	TG
1	15189153	1676	TC
1	15189884	731	CT
1	15191114	695	GA
1	15195888	2642	AC
1	15196199	311	AG
1	15197006	196	GA
1	15197133	127	AC
1	15197354	221	AG
1	15200408	1400	GC
1	15201984	1508	CT
1	15204619	2211	AG
1	15205976	1357	AT
1	15206166	190	GA
1	15206635	469	CT
1	15207214	305	AC
1	15207766	429	CT
1	15207973	207	CT
1	15208841	463	GC
1	15210624	372	TC
1	15210652	28	GA
1	15210750	98	CT
1	15211060	172	GA
1	15211179	119	AG
1	15211219	40	CA
1	15211305	86	CT
1	15211348	43	AC
1	15211976	254	AG
1	15211991	15	GA
1	15211999	8	CT
1	15212014	15	CT
1	15212827	639	GA
1	15215404	1676	GT
1	15215482	78	CT
1	15215772	290	CA
1	15215950	178	CT
1	15216471	521	AG
1	15218676	1867	CT
1	15218871	195	AC
1	15219053	182	GC
1	15219082	29	CT
1	15219309	227	GA
1	15219339	30	AG
1	15219773	434	GA
1	15219775	2	GA
1	15219874	99	CT
1	15219875	1	CG
1	15220121	246	CG
1	15220450	329	TC
1	15220704	254	AG
1	15221320	296	TC
1	15221387	67	GT
1	15224957	1408	GC
1	15225539	550	TC
1	15225732	193	AG
1	15225874	142	GA
1	15226116	242	TC
1	15226624	320	GA
1	15226746	122	AG
1	15226775	29	CT
1	15226859	84	GC
1	15227074	215	CT
1	15227159	85	TC
1	15227487	281	GA
1	15227534	47	CT
1	15228262	728	GT
1	15228387	125	GA
1	15228455	68	GA
1	15228649	194	GA
1	15244651	11783	GA
1	15244997	346	TC
1	15248750	3724	CT
1	15248762	12	GA
1	15250034	956	AG
1	15251601	1114	CT
1	15252998	1078	CT
1	15253547	549	GT
1	15254006	459	GA
1	15254278	272	CT
1	15257912	3539	GA
1	15258057	145	GA
1	15259133	1076	GA
1	15259177	44	TC
1	15260939	1360	GA
1	15261192	253	GA
1	15262871	1567	CG
1	15263731	627	GA
1	15273853	5414	AG
1	15274963	900	TC
1	15276042	1050	CG
1	15278350	1525	GA
1	15279695	808	CT
1	15279893	198	CT
1	15279948	55	GA
1	15281299	599	TC
1	15281300	1	CT
1	15281330	30	AG
1	15281332	2	GA
1	15281590	258	AG
1	15282123	533	AG
1	15283362	672	GA
1	15283391	29	GC
1	15283595	204	AC
1	15283601	6	TA
1	15283993	392	AG
1	15284156	163	TC
1	15284580	305	TA
1	15284744	164	CT
1	15284771	27	AG
1	15284772	1	CT
1	15285137	365	CG
1	15286104	441	GC
1	15289767	3232	GC
1	15293265	3274	GA
1	15293755	490	CT
1	15293758	3	GA
1	15294907	939	TC
1	15295093	108	TC
1	15295380	287	AG
1	15296360	550	TC
1	15296855	248	GC
1	15296949	94	CT
1	15297119	170	CT
1	15297800	681	CT
1	15298135	252	TA
1	15298293	158	AG
1	15299032	273	CT
1	15299143	111	GA
1	15299474	258	CT
1	15300926	730	CT
1	15301214	288	GA
1	15301330	116	CT
1	15303778	1304	GA
1	15305095	723	TC
1	15309401	93	CT
1	15310190	398	AC
1	15312067	1525	CT
1	15312072	5	TG
1	15313880	1041	TC
1	15314779	760	GA
1	15315696	837	CT
1	15317534	1004	GA
1	15319006	670	CT
1	15319867	566	GT
1	15328704	5397	CT
1	15333548	3374	GA
1	15335069	1058	CG
1	15335116	47	GA
1	15335621	302	GA
1	15337909	1671	CG
1	15339867	1849	AG
1	15340206	201	CT
1	15340207	1	AG
1	15340538	331	CT
1	15344394	2241	CT
1	15345078	426	AG
1	15345139	61	AT
1	15347156	2017	AG
1	15354951	5621	CT
1	15355906	891	TC
1	15358806	1504	TC
1	15361093	1196	CT
1	15362013	420	GA
1	15365445	2295	CT
1	15366254	325	TC
1	15369527	2325	CT
1	15370626	771	AG
1	15371005	379	CT
1	15371828	452	AG
1	15373469	977	TC
1	15374029	335	AG
1	15374036	7	GC
1	15374295	259	TC
1	15374577	282	AG
1	15376970	1325	AG
1	15377152	182	GA
1	15377265	113	GA
1	15377411	146	CT
1	15377661	250	AG
1	15378952	851	GA
1	15381271	1336	GA
1	15381588	317	GA
1	15382530	846	AG
1	15382684	154	TC
1	15383379	608	GA
1	15383475	96	TC
1	15383504	29	GA
1	15384205	701	CT
1	15385599	1104	AG
1	15385634	35	GT
1	15386415	506	GA
1	15387659	636	CT
1	15388868	749	CT
1	15391494	1532	CT
1	15392587	555	AG
1	15393470	883	AG
1	15393852	325	AG
1	15395186	587	GC
1	15398100	967	CT
1	15398466	366	TC
1	15400136	1505	CT
1	15401355	1028	TC
1	15402762	1019	AG
1	15403030	268	CT
1	15403074	44	CT
1	15405337	1644	GA
1	15405506	169	GC
1	15405513	7	TC
1	15406599	821	AG
1	15407553	418	AG
1	15409974	1887	GA
1	15411256	1044	GT
1	15413773	1993	GA
1	15413792	19	AG
1	15415235	1275	AG
1	15423193	5431	CT
1	15423614	360	AG
1	15440278	11896	GT
1	15440279	1	TC
1	15441724	740	CA
1	15445691	1929	CT
1	15446428	737	AG
1	15446667	239	GA
1	15446855	188	CG
1	15446887	32	CA
1	15447538	501	TC
1	15447612	74	CA
1	15457346	1283	AG
1	15458597	1114	GA
1	15462655	3466	GA
1	15467623	4424	GT
1	15467624	1	CT
1	15468368	481	CT
1	15474257	4522	GA
1	15475691	1286	CT
1	15475715	24	AG
1	15483458	6467	CA
1	15499376	8473	GC
1	15499846	470	GA
1	15501864	761	GT
1	15504397	1791	TC
1	15504399	2	TG
1	15507577	2094	AG
1	15508140	563	GT
1	15521337	9702	GA
1	15523029	1178	AG
1	15523243	214	TC
1	15524577	932	GT
1	15528220	3274	GA
1	15528423	203	TC
1	15531872	2323	AT
1	15531983	111	GA
1	15533284	1301	AG
1	15533865	477	GA
1	15534839	748	GA
1	15537309	1698	TC
1	15537998	689	GT
1	15538775	692	AG
1	15541235	1248	AG
1	15541275	40	CT
1	15543258	1914	CT
1	15543628	370	CT
1	15544833	514	CT
1	15545905	1043	AT
1	15546953	1048	CT
1	15547172	219	GA
1	15547892	720	TC
1	15549124	1061	TC
1	15550808	1684	GT
1	15552967	1626	GA
1	15553705	738	CG
1	15555014	816	AG
1	15583041	21020	CT
1	15613871	20546	AC
1	15690650	59244	GT
1	15690820	170	TC
1	15690834	14	TG
1	15690848	14	GA
1	15691273	97	AG
1	15691377	104	CG
1	15691631	254	CG
1	15692418	552	CA
1	15693240	441	CT
1	15693392	152	GT
1	15693542	150	CG
1	15693773	231	GA
1	15693806	33	CT
1	15693814	8	TA
1	15693964	150	CG
1	15694363	399	GA
1	15694590	227	CT
1	15694658	68	CT
1	15694822	164	AG
1	15695838	1016	AT
1	15695918	80	CT
1	15695921	3	AG
1	15695992	71	CT
1	15696039	47	AC
1	15696166	127	CT
1	15696384	218	GC
1	15696482	98	GA
1	15696595	113	GA
1	15697163	200	TC
1	15697454	117	CG
1	15697555	101	CT
1	15699249	584	AG
1	15699569	320	TC
1	15699651	82	GA
1	15699715	64	CT
1	15699785	70	TC
1	15700866	1081	AG
1	15701098	232	AC
1	15702541	1272	GC
1	15703076	535	AG
1	15703433	327	CT
1	15705214	1486	CT
1	15707915	1301	AG
1	15708646	478	GA
1	15710141	1267	AG
1	15710388	247	AG
1	15710513	125	GA
1	15713072	1501	GA
1	15713081	9	GA
1	15716553	3210	CT
1	15716649	96	GA
1	15716951	302	GA
1	15717100	149	CT
1	15717178	78	TC
1	15717210	32	TA
1	15717308	98	TC
1	15718300	992	CT
1	15719099	799	TG
1	15719567	468	CT
1	15719724	157	CT
1	15719726	2	CT
1	15722152	960	TC
1	15722874	722	CT
1	15722905	31	AG
1	15722912	7	GT
1	15722936	24	CT
1	15723140	204	GA
1	15723149	9	GA
1	15723200	51	GA
1	15723554	354	CG
1	15723712	158	TC
1	15723722	10	GT
1	15723725	3	AC
1	15723783	58	CT
1	15723855	72	TA
1	15723856	1	AC
1	15723938	82	TC
1	15724451	513	TA
1	15724506	55	CT
1	15724870	364	GC
1	15724956	86	CT
1	15725044	88	GT
1	15725052	8	AG
1	15725246	194	AG
1	15725899	653	GA
1	15726349	450	GT
1	15726637	288	GA
1	15727407	770	GC
1	15731269	2081	TG
1	15733013	1384	GA
1	15733130	117	AG
1	15733517	387	GT
1	15733531	14	TC
1	15733562	31	AC
1	15733582	20	CT
1	15733616	34	AG
1	15733639	23	TC
1	15733654	15	CT
1	15733695	41	CT
1	15733826	131	TG
1	15733839	13	GC
1	15733902	63	AG
1	15733973	71	GA
1	15734003	30	GT
1	15734761	451	GC
1	15734776	15	GC
1	15735386	610	GT
1	15735412	26	CT
1	15735917	505	CT
1	15735922	5	AG
1	15735948	26	GA
1	15735954	6	AG
1	15736054	100	GA
1	15736322	35	AG
1	15736426	104	CT
1	15736802	189	AG
1	15736811	9	CT
1	15736896	85	TC
1	15737259	363	TC
1	15737525	266	TC
1	15737732	207	CT
1	15737787	55	CT
1	15737940	153	TC
1	15737957	17	TC
1	15737966	9	CA
1	15738261	295	AG
1	15738477	216	GA
1	15738711	234	CA
1	15738734	23	GA
1	15738882	148	CT
1	15739001	119	GA
1	15739420	419	TC
1	15739581	161	GC
1	15743208	1420	GA
1	15743266	58	GT
1	15743288	22	AG
1	15743381	93	TC
1	15743495	114	GT
1	15743505	10	CG
1	15743556	51	CA
1	15743593	37	GA
1	15743600	7	CG
1	15745064	1464	TG
1	15745371	307	AG
1	15745811	440	TA
1	15745918	107	CA
1	15746986	929	CA
1	15747396	410	TC
1	15747449	53	AG
1	15748965	1339	AG
1	15750616	1243	AC
1	15750804	188	CG
1	15750881	77	GA
1	15751246	365	TC
1	15751512	266	GA
1	15751867	355	CT
1	15753075	860	GT
1	15754032	957	AG
1	15756138	1075	GA
1	15757512	1035	TC
1	15757867	355	GC
1	15757914	47	AG
1	15757931	17	TC
1	15758315	345	CT
1	15758407	92	AC
1	15758422	15	CT
1	15759998	1252	TA
1	15760015	17	GA
1	15760184	135	CT
1	15760420	236	GT
1	15760911	491	CT
1	15760940	29	AG
1	15761056	116	TC
1	15761771	374	TC
1	15761800	29	CT
1	15761929	129	CG
1	15761959	30	CT
1	15762282	323	TG
1	15763504	1222	TC
1	15764269	381	GT
1	15764985	39	GT
1	15765752	357	CT
1	15765798	46	GA
1	15766465	667	AG
1	15766548	83	TC
1	15766954	289	GC
1	15766962	8	GC
1	15767181	219	TC
1	15767185	4	AG
1	15767522	337	CT
1	15767696	174	CT
1	15768292	530	CT
1	15768347	55	GA
1	15768415	68	TC
1	15769682	1267	GA
1	15770021	314	GC
1	15770035	14	CT
1	15770446	411	TC
1	15770495	49	AT
1	15770608	113	TC
1	15771087	433	CT
1	15772078	722	CT
1	15773787	1019	GA
1	15774501	507	AG
1	15775980	957	TG
1	15776928	922	CG
1	15777078	83	GA
1	15777388	8	GA
1	15777392	4	TC
1	15777807	193	CT
1	15777829	22	GA
1	15777902	73	AG
1	15777918	16	GA
1	15777931	13	GA
1	15777971	40	TC
1	15777973	2	CT
1	15778009	36	GC
1	15778173	164	GA
1	15778182	9	CT
1	15778218	36	AG
1	15778226	8	CA
1	15778439	213	CT
1	15778440	1	CT
1	15778455	15	GA
1	15778659	204	AG
1	15778667	8	CG
1	15778845	178	TC
1	15778942	97	AG
1	15778947	5	CG
1	15779053	106	GT
1	15779182	129	AG
1	15779212	30	TC
1	15779300	88	CT
1	15779333	33	GA
1	15779585	69	CT
1	15779619	34	AG
1	15780068	449	TC
1	15780301	233	CT
1	15780478	177	GA
1	15781098	100	AG
1	15781280	182	CT
1	15781456	176	CT
1	15781532	76	CT
1	15781535	3	TA
1	15781552	17	TA
1	15781622	70	TC
1	15781754	132	GA
1	15781773	19	CT
1	15781857	84	AG
1	15781948	91	GA
1	15781955	7	GA
1	15783809	780	CT
1	15783976	167	CT
1	15784956	980	CT
1	15785098	142	CG
1	15789158	3574	TG
1	15790381	634	AG
1	15790757	376	GA
1	15791024	267	TC
1	15791138	114	AG
1	15791224	86	TA
1	15791254	30	TC
1	15791265	11	GT
1	15791269	4	CT
1	15791288	19	AG
1	15791298	10	CT
1	15791746	448	TC
1	15791858	112	AG
1	15792014	156	TC
1	15792606	144	CT
1	15792982	376	GA
1	15793021	39	GA
1	15793386	188	GA
1	15794704	657	TC
1	15794738	34	CG
1	15794804	66	CT
1	15794876	72	GA
1	15794880	4	AG
1	15795202	322	CT
1	15795280	78	AG
1	15795653	373	GA
1	15795894	241	TC
1	15796084	190	TC
1	15796359	275	CG
1	15796653	294	CT
1	15796819	116	GC
1	15796832	13	GA
1	15796833	1	AC
1	15796850	17	AG
1	15796937	87	AG
1	15797626	337	AG
1	15797631	5	AC
1	15798046	415	CT
1	15798050	4	GA
1	15798058	8	GA
1	15798064	6	CG
1	15798083	19	CT
1	15798221	138	AG
1	15798570	349	TC
1	15798754	162	TC
1	15798818	64	CG
1	15798877	59	AG
1	15798966	89	GA
1	15799669	462	GT
1	15799778	109	AC
1	15800415	637	GT
1	15801639	974	AG
1	15801791	152	CA
1	15801847	56	GA
1	15802080	233	AG
1	15802173	93	CT
1	15802442	269	AC
1	15802607	165	TC
1	15802678	71	CA
1	15802685	7	TC
1	15802697	12	TC
1	15802942	245	CT
1	15803024	82	AG
1	15803806	169	TC
1	15803835	29	TG
1	15804354	122	TC
1	15805828	1474	GA
1	15806411	583	AG
1	15806906	293	GC
1	15807738	368	TA
1	15807900	162	AG
1	15808619	26	GA
1	15808644	25	GA
1	15808680	36	CT
1	15809363	264	TC
1	15809366	3	GA
1	15809431	65	GA
1	15809447	16	CA
1	15810667	512	AG
1	15810798	131	TC
1	15811255	457	CT
1	15811511	256	GA
1	15811813	137	TC
1	15811962	149	CG
1	15811968	6	AG
1	15812101	133	TC
1	15812126	25	CA
1	15812296	170	TC
1	15813117	821	GA
1	15813411	294	CT
1	15814084	673	TC
1	15814677	593	TG
1	15814780	103	GA
1	15814827	47	GC
1	15815050	223	CA
1	15815101	51	GT
1	15815106	5	CT
1	15815107	1	GT
1	15815139	32	TC
1	15815149	10	GA
1	15815179	30	AG
1	15815443	264	GA
1	15816769	812	GA
1	15816822	53	AG
1	15817098	276	GA
1	15817306	138	CG
1	15817354	48	TC
1	15817407	53	TG
1	15817411	4	TG
1	15818102	691	CT
1	15818526	20	AG
1	15818971	445	GC
1	15818994	23	CA
1	15818999	5	CG
1	15819001	2	CG
1	15819018	17	AG
1	15819034	16	CG
1	15819060	26	TC
1	15819077	17	TC
1	15819080	3	GA
1	15819100	20	CT
1	15819391	291	TA
1	15819523	132	GA
1	15819572	49	CT
1	15819580	8	TC
1	15819635	55	AG
1	15819638	3	CT
1	15819753	115	AC
1	15819915	162	GA
1	15820080	165	CT
1	15820244	164	GA
1	15820252	8	CT
1	15820350	98	CT
1	15820440	90	AG
1	15820535	95	AG
1	15821020	228	CG
1	15821327	307	CG
1	15821344	17	CG
1	15821542	198	CT
1	15822115	305	CA
1	15822171	56	TC
1	15822335	164	CT
1	15822372	37	GA
1	15822397	25	GA
1	15822774	35	GT
1	15822793	19	GA
1	15822794	1	TC
1	15822801	7	GC
1	15822812	11	TC
1	15822824	12	GA
1	15822825	1	TC
1	15822841	16	TC
1	15823323	482	GA
1	15823746	423	TC
1	15824543	778	CT
1	15825806	824	CT
1	15827120	1069	CT
1	15840232	10941	GA
1	15848061	7129	CT
1	15874834	22702	TC
1	15874986	152	AG
1	15875502	516	GA
1	15875692	190	GA
1	15875706	14	CT
1	15875771	65	TC
1	15875783	12	GC
1	15875941	158	CT
1	15876467	526	CT
1	15876683	130	CG
1	15877010	327	CT
1	15877246	236	CG
1	15877538	106	TC
1	15877605	67	CT
1	15877720	115	TC
1	15877865	145	GA
1	15877957	92	TC
1	15877959	2	CT
1	15877972	13	TC
1	15878082	110	CT
1	15878645	234	GT
1	15878694	49	TC
1	15878940	181	TC
1	15879019	79	AG
1	15880002	246	CT
1	15880286	284	AG
1	15882107	1398	CT
1	15882394	249	CG
1	15882819	269	GT
1	15883002	183	TG
1	15883093	91	TG
1	15883107	14	TC
1	15883235	128	AT
1	15883616	381	TG
1	15883702	86	CT
1	15883779	77	GA
1	15883882	103	CA
1	15883921	39	AG
1	15883955	34	GA
1	15883973	18	AC
1	15886497	2109	AG
1	15887451	617	TC
1	15888677	769	CT
1	15889006	329	GA
1	15889188	182	CT
1	15889193	5	GA
1	15889503	310	CG
1	15890230	657	GA
1	15890384	154	CT
1	15890500	116	GT
1	15892605	1848	CA
1	15892772	167	CT
1	15892795	23	CT
1	15893141	69	CA
1	15893243	102	GA
1	15893637	394	GA
1	15893671	34	TA
1	15897108	1839	GA
1	15906616	8031	CT
1	15907484	848	GA
1	15907602	118	CA
1	15910174	2260	AG
1	15911232	98	GC
1	15911818	586	CT
1	15913854	1561	AG
1	15917615	2819	CT
1	15918565	64	CT
1	15918979	414	GA
1	15919292	313	TC
1	15919672	380	TC
1	15919687	15	CG
1	15919758	71	GC
1	15920079	321	AG
1	15920351	272	TG
1	15921667	1316	GT
1	15921870	203	CT
1	15922544	674	GA
1	15922556	12	CT
1	15923106	343	CT
1	15923554	344	CT
1	15924396	842	GA
1	15924398	2	CT
1	15926902	1697	CT
1	15929020	378	AT
1	15929092	72	TA
1	15929485	393	GA
1	15929627	142	TC
1	15929838	211	GA
1	15930159	321	GA
1	15930663	354	GA
1	15930721	58	GA
1	15930743	22	CT
1	15930964	221	CA
1	15930968	4	CT
1	15931001	33	GA
1	15931016	15	CT
1	15931737	579	AC
1	15933794	1634	GC
1	15937935	2356	CT
1	15938562	292	GA
1	15939040	446	CT
1	15939232	192	AG
1	15939379	147	GC
1	15939775	252	AG
1	15940123	310	GT
1	15941103	922	AG
1	15941511	408	GA
1	15941581	70	AG
1	15941641	60	CA
1	15942376	735	AG
1	15942395	19	GA
1	15943070	200	TC
1	15943207	137	AG
1	15944737	1454	AG
1	15945585	687	TC
1	15945683	98	GT
1	15946101	418	AG
1	15946417	31	TC
1	15946422	5	AG
1	15946469	47	GA
1	15946509	40	CT
1	15946520	11	AG
1	15946558	38	TC
1	15946747	189	TA
1	15946757	10	TC
1	15946775	18	GA
1	15946843	68	CA
1	15946981	138	AG
1	15947093	112	AG
1	15947956	614	TC
1	15948029	73	GA
1	15948273	244	AG
1	15948396	123	TG
1	15948639	243	GA
1	15948686	47	CA
1	15948731	45	CT
1	15949050	319	GA
1	15949129	79	CT
1	15949179	50	AG
1	15949185	6	GC
1	15949230	45	CG
1	15949990	502	GA
1	15950227	237	GA
1	15950304	77	CT
1	15950314	10	AG
1	15950656	342	GC
1	15950833	177	GA
1	15951031	198	GA
1	15951108	77	CA
1	15951120	12	GA
1	15951414	294	CT
1	15951513	99	AC
1	15951602	89	TC
1	15952434	553	GC
1	15952451	17	CG
1	15952471	20	GA
1	15952864	259	GC
1	15952868	4	AG
1	15952968	100	CT
1	15953185	217	GA
1	15953187	2	CT
1	15953345	158	TC
1	15953405	60	AG
1	15953543	138	TC
1	15953599	56	CT
1	15953616	17	AC
1	15953643	27	AG
1	15953911	268	CT
1	15953913	2	GA
1	15953948	35	CG
1	15953975	27	TC
1	15954136	161	TC
1	15954631	186	GA
1	15954794	163	GA
1	15955159	273	TC
1	15955212	53	GA
1	15955409	197	TC
1	15955587	178	GA
1	15955728	141	CT
1	15956107	379	AG
1	15957456	359	CA
1	15958136	680	TA
1	15958788	180	CT
1	15959023	235	CT
1	15959260	237	TG
1	15959279	19	CA
1	15959330	51	GA
1	15959640	310	GA
1	15959720	80	TA
1	15959998	278	CT
1	15960007	9	AG
1	15960283	276	AG
1	15960310	27	AG
1	15960331	21	GA
1	15960445	114	CT
1	15960955	110	AG
1	15961023	68	AT
1	15961030	7	CT
1	15961032	2	TG
1	15961049	17	AG
1	15961086	37	TG
1	15961115	29	CT
1	15961182	67	GT
1	15961196	14	CT
1	15961766	131	GA
1	15961878	112	TA
1	15962001	123	CT
1	15962791	517	TG
1	15963680	576	CT
1	15963811	131	AG
1	15963942	131	CA
1	15964131	189	CT
1	15964227	96	GA
1	15964233	6	AC
1	15964388	155	GA
1	15964429	41	TC
1	15964761	332	AG
1	15964767	6	TC
1	15964778	11	AG
1	15964805	27	CT
1	15964896	91	GA
1	15964901	5	GC
1	15964952	51	AG
1	15964970	18	CT
1	15965036	66	AC
1	15965114	78	GA
1	15965135	21	CT
1	15965425	290	TC
1	15965655	230	CA
1	15965683	28	AC
1	15965808	125	GC
1	15965834	26	AG
1	15965871	37	GA
1	15966136	265	AG
1	15966366	230	GT
1	15966388	22	CG
1	15966789	401	GT
1	15966982	193	GC
1	15967143	161	TC
1	15967173	30	TC
1	15967305	132	AG
1	15967398	93	AG
1	15967458	60	AG
1	15967472	14	GA
1	15967762	257	CT
1	15967813	51	GT
1	15967823	10	TC
1	15967905	82	TC
1	15967992	87	GA
1	15968225	233	GA
1	15968226	1	GC
1	15968734	343	TG
1	15968881	147	TC
1	15968932	51	CG
1	15969989	708	GC
1	15970071	82	TC
1	15970072	1	TG
1	15970089	17	TC
1	15970344	255	CT
1	15970773	374	AG
1	15970985	212	CT
1	15971092	107	TC
1	15975698	3154	AG
1	15981460	3567	TC
1	15982169	709	CG
1	15984326	1738	AG
1	15988460	3556	TA
1	15988663	203	TC
1	15988821	158	AG
1	15989467	591	GA
1	15989651	184	CT
1	15990027	376	GC
1	15990140	113	AC
1	15990227	87	CA
1	15990363	136	GA
1	15990802	107	CG
1	15990905	103	CT
1	15991092	108	CA
1	15991141	49	TC
1	15991167	26	TC
1	15991624	457	GA
1	15991677	53	GA
1	15991701	24	GA
1	15991813	112	CT
1	15992366	251	TC
1	15992456	90	AT
1	15993869	1125	TC
1	15995492	1404	GA
1	15995708	216	TC
1	15995800	92	GT
1	15996122	322	GA
1	15996791	669	GA
1	16000293	2803	CT
1	16000513	220	GA
1	16001099	586	GC
1	16001124	25	CT
1	16001574	72	GA
1	16002320	372	AG
1	16002403	83	CG
1	16003726	1304	AG
1	16003812	86	GA
1	16005096	1284	AT
1	16005410	314	GA
1	16005456	46	GA
1	16005644	188	TC
1	16005698	54	TC
1	16005933	235	GT
1	16006408	250	AG
1	16006429	21	GC
1	16006884	79	AT
1	16006944	60	CT
1	16007025	81	CT
1	16007106	81	GC
1	16007110	4	CT
1	16007138	28	GA
1	16007157	19	CT
1	16007290	133	CG
1	16007559	269	TC
1	16007681	122	GA
1	16007684	3	TC
1	16007710	26	AT
1	16007730	20	CT
1	16007768	38	TC
1	16007795	27	TC
1	16007805	10	CT
1	16007820	15	GT
1	16007824	4	TG
1	16007871	47	CT
1	16007883	12	CT
1	16007894	11	TC
1	16007895	1	GA
1	16007939	44	AG
1	16007949	10	AG
1	16008434	36	AT
1	16008466	32	AG
1	16011270	2241	AG
1	16011330	60	TG
1	16011335	5	AT
1	16011338	3	AC
1	16011503	165	GA
1	16011640	137	GA
1	16013077	303	CT
1	16013197	120	GA
1	16013257	60	CT
1	16014567	941	CG
1	16019178	4351	CT
1	16019603	406	CT
1	16028082	5314	CT
1	16029659	1577	AG
1	16029662	3	GA
1	16029738	76	TG
1	16030180	442	GA
1	16030759	228	AG
1	16030911	152	TC
1	16031155	211	TC
1	16031168	13	AG
1	16031889	721	GA
1	16032073	184	CT
1	16032414	341	CT
1	16032453	39	GA
1	16032485	32	AG
1	16036760	1436	CT
1	16037954	518	AC
1	16040153	509	GA
1	16043389	2076	TC
1	16044134	745	GA
1	16044254	120	CT
1	16044324	70	CG
1	16044333	9	GA
1	16046385	1774	GA
1	16046599	214	CA
1	16046704	105	CT
1	16046720	16	GA
1	16047268	474	CA
1	16047409	141	CG
1	16047558	149	GA
1	16048174	516	GT
1	16048879	579	CT
1	16048928	49	GA
1	16049675	434	AT
1	16049830	155	GT
1	16049852	22	TC
1	16049931	79	GT
1	16049970	39	TC
1	16050106	136	GA
1	16050132	26	CT
1	16050161	29	AG
1	16050660	471	CA
1	16052429	1166	CT
1	16052478	49	GA
1	16052812	26	CT
1	16053348	426	CT
1	16053902	506	TA
1	16054034	132	GA
1	16054127	93	CA
1	16054229	102	CT
1	16054295	66	CT
1	16054381	86	TC
1	16054557	176	GA
1	16056176	527	CT
1	16057893	559	AC
1	16058020	127	AG
1	16058069	49	TA
1	16058077	8	AC
1	16058125	48	TC
1	16058161	36	AG
1	16058210	49	AG
1	16058820	572	TC
1	16059071	215	GA
1	16059085	14	AG
1	16059100	15	CT
1	16059608	424	TG
1	16059919	311	GA
1	16060019	100	GA
1	16060037	18	AG
1	16060417	380	AC
1	16060418	1	AG
1	16060450	32	GA
1	16060491	41	TC
1	16061026	333	TC
1	16061099	73	CT
1	16061308	209	AC
1	16061314	6	CG
1	16061352	38	GA
1	16061416	64	CT
1	16061814	398	AG
1	16062107	293	GA
1	16062882	433	TC
1	16062927	45	AC
1	16062974	47	CT
1	16063185	211	CT
1	16063592	376	GA
1	16067192	1092	GA
1	16069904	2240	AG
1	16080377	8755	GA
1	16082453	1327	AC
1	16104673	19001	CT
1	16107246	2541	CT
1	16107802	556	AG
1	16107829	27	GA
1	16107926	97	GA
1	16124644	13980	TC
1	16163470	30000	CG
1	16185080	16763	GC
1	16185225	145	CT
1	16185277	52	CA
1	16185728	451	TC
1	16185893	165	AG
1	16185902	9	GA
1	16186456	181	TC
1	16186488	32	GA
1	16186552	64	CT
1	16186667	115	GA
1	16186695	28	TC
1	16186746	51	GA
1	16186752	6	CT
1	16187233	481	CT
1	16187538	305	CT
1	16187800	262	GA
1	16187803	3	AT
1	16187811	8	CT
1	16187826	15	CT
1	16187943	117	CG
1	16188148	205	CT
1	16188166	18	GA
1	16188276	110	GA
1	16188626	350	TC
1	16188715	89	AG
1	16188760	45	AG
1	16188952	192	CT
1	16189112	160	TC
1	16189223	111	CT
1	16189457	234	CT
1	16189626	169	TC
1	16189682	56	CT
1	16189848	166	TG
1	16189939	91	AG
1	16190266	78	GC
1	16190271	5	AC
1	16190366	95	AG
1	16190375	9	TC
1	16190850	163	CT
1	16191179	329	CT
1	16191187	8	TC
1	16191189	2	AC
1	16191215	26	GA
1	16191251	36	GA
1	16191430	179	GA
1	16191441	11	CT
1	16192168	727	CA
1	16192172	4	CT
1	16192730	558	TC
1	16192872	142	TC
1	16192933	61	GT
1	16193054	121	TC
1	16193214	160	GA
1	16193307	93	GA
1	16193560	253	AG
1	16193868	308	AC
1	16194152	284	AG
1	16194251	99	CT
1	16194255	4	TC
1	16194272	17	AG
1	16194605	333	GA
1	16194670	65	TC
1	16194767	97	CT
1	16195022	255	CT
1	16195447	425	TG
1	16195460	13	TC
1	16195561	101	CT
1	16195748	187	AG
1	16195906	158	AG
1	16196027	121	TG
1	16196065	38	GA
1	16196575	510	TC
1	16197108	438	CT
1	16204126	3736	CG
1	16204609	483	AG
1	16204747	138	TC
1	16204806	59	AG
1	16205300	494	GA
1	16210974	2762	GA
1	16211226	175	AG
1	16211334	108	CT
1	16211469	135	GT
1	16212099	234	TC
1	16212320	221	CT
1	16212342	22	CT
1	16212805	114	GA
1	16212953	148	TC
1	16212965	12	CT
1	16213316	116	CT
1	16213322	6	CT
1	16213329	7	CT
1	16213360	31	AG
1	16213376	16	AG
1	16213402	26	TC
1	16213473	71	CT
1	16213535	62	TC
1	16213689	154	AG
1	16213775	86	CT
1	16213842	67	GA
1	16213847	5	TC
1	16214007	160	TC
1	16214141	134	CT
1	16217706	3262	CT
1	16218233	393	CG
1	16218285	52	GT
1	16218475	190	GA
1	16218703	228	CT
1	16218707	4	CT
1	16219055	348	GT
1	16219738	103	AG
1	16219789	51	GT
1	16220075	268	GA
1	16220236	161	AC
1	16220377	141	CA
1	16220432	55	CT
1	16220442	10	TC
1	16223163	2068	CT
1	16225839	2351	CT
1	16226065	226	CT
1	16226498	433	CT
1	16227408	910	AC
1	16227444	36	TC
1	16227580	136	CT
1	16227985	405	GT
1	16227996	11	GA
1	16228154	158	GA
1	16228565	411	CT
1	16228625	60	GA
1	16228922	297	CT
1	16229172	222	AG
1	16229235	63	TG
1	16229357	122	CG
1	16229370	13	AG
1	16229451	81	CA
1	16229458	7	CT
1	16229532	74	CG
1	16230056	524	TC
1	16230134	78	CT
1	16230238	104	TG
1	16230530	292	TC
1	16230625	95	GA
1	16230645	20	TG
1	16230736	91	GA
1	16230849	113	CG
1	16230930	81	TG
1	16233348	922	TC
1	16233595	247	GA
1	16233629	34	CT
1	16235032	483	TG
1	16235199	167	GA
1	16235209	10	GA
1	16235215	6	CA
1	16235399	184	TC
1	16235401	2	TC
1	16235431	30	TC
1	16235464	33	GA
1	16235631	167	TC
1	16235668	37	CT
1	16235850	182	CG
1	16236241	391	CT
1	16236401	160	GC
1	16236464	63	TC
1	16236948	484	CT
1	16237156	153	GT
1	16237258	102	TA
1	16237358	100	CT
1	16237420	62	GA
1	16237491	71	CT
1	16237607	116	AG
1	16237756	149	TC
1	16238574	738	TC
1	16238576	2	CA
1	16238805	229	GA
1	16239013	182	GA
1	16240174	290	CT
1	16240311	137	AT
1	16240606	295	TC
1	16240665	59	TG
1	16241082	325	GT
1	16241517	416	CG
1	16241521	4	AG
1	16241566	45	TC
1	16242393	723	TC
1	16242422	29	GA
1	16242853	62	TC
1	16243349	496	GA
1	16243449	100	CT
1	16243673	224	AG
1	16243935	262	GA
1	16243937	2	AT
1	16243959	22	TG
1	16245828	563	TA
1	16245847	19	CA
1	16246091	244	GA
1	16246148	57	CT
1	16246187	39	TA
1	16246233	46	CG
1	16246743	69	TG
1	16246790	47	GA
1	16246837	47	AG
1	16246919	82	CA
1	16247062	143	GA
1	16247074	12	CT
1	16247135	61	GC
1	16247281	146	CT
1	16247291	10	GA
1	16247389	98	TC
1	16247390	1	GA
1	16247478	88	CA
1	16247538	60	AC
1	16247560	22	AC
1	16247844	284	CT
1	16248379	535	GA
1	16249099	720	TC
1	16249189	90	GC
1	16249194	5	CT
1	16249695	209	AT
1	16249743	48	AG
1	16249839	96	AG
1	16250398	368	AG
1	16250409	11	GA
1	16250565	156	AG
1	16250912	274	AT
1	16250924	12	CT
1	16251497	515	GA
1	16252357	860	TG
1	16252513	156	TC
1	16253746	292	AG
1	16254119	373	TC
1	16254182	63	AT
1	16254302	120	GC
1	16254324	22	CT
1	16254851	492	GA
1	16254971	120	TG
1	16256139	726	CA
1	16257082	413	CA
1	16257380	298	GC
1	16257496	116	CT
1	16257642	146	AC
1	16257671	29	TC
1	16257736	65	AG
1	16257921	185	CT
1	16258372	451	CT
1	16258462	90	GA
1	16258467	5	TC
1	16258486	19	CT
1	16258548	62	CT
1	16258566	18	CA
1	16258632	66	AG
1	16258918	286	CT
1	16259124	206	CT
1	16259212	88	AG
1	16259664	452	CG
1	16260574	910	AG
1	16260645	71	AG
1	16260709	64	TC
1	16260857	148	CA
1	16260864	7	GA
1	16261565	701	CT
1	16261771	125	AG
1	16261945	174	GA
1	16262244	299	GA
1	16262246	2	TG
1	16262414	168	GC
1	16262658	244	AG
1	16263109	164	AG
1	16263119	10	AG
1	16263202	83	CT
1	16263213	11	GA
1	16263220	7	GC
1	16263334	114	TC
1	16263462	128	AG
1	16263463	1	TG
1	16263591	128	CA
1	16263884	293	CG
1	16264166	247	AT
1	16264759	552	TC
1	16265338	231	TC
1	16265367	29	TC
1	16265446	79	GA
1	16265470	24	GA
1	16265569	99	CT
1	16265598	29	TC
1	16266174	321	CT
1	16266376	202	TC
1	16267175	491	AC
1	16267577	171	AT
1	16267677	100	GC
1	16267801	124	TC
1	16267902	101	TC
1	16267933	31	TA
1	16267958	25	AG
1	16268158	200	TC
1	16268452	294	TC
1	16268461	9	CA
1	16268484	23	CA
1	16268534	50	GA
1	16268599	65	AG
1	16269599	829	GC
1	16270213	614	TC
1	16270301	88	CT
1	16270429	128	CT
1	16270501	72	TC
1	16270798	297	GA
1	16271265	467	CT
1	16271645	380	CT
1	16272069	424	GA
1	16272179	110	AG
1	16272710	531	CT
1	16273288	465	GA
1	16273429	141	AG
1	16274229	800	GA
1	16274425	196	GA
1	16274457	32	CT
1	16275054	597	CT
1	16275563	509	GA
1	16275872	309	CT
1	16276561	689	GA
1	16277293	673	AG
1	16277496	203	GA
1	16277593	97	GA
1	16278572	979	TA
1	16278591	19	GA
1	16279319	261	GA
1	16279381	62	TC
1	16279428	47	GA
1	16279534	106	CT
1	16279646	112	TC
1	16279684	38	GA
1	16279687	3	CT
1	16279690	3	GA
1	16279962	272	TC
1	16280336	241	CG
1	16281154	818	GA
1	16281535	364	AG
1	16281785	250	TC
1	16282131	79	TC
1	16282310	179	CT
1	16282333	23	CT
1	16282350	17	AG
1	16282384	34	GT
1	16282442	58	TC
1	16282512	70	GA
1	16282729	217	CG
1	16283052	323	GA
1	16283063	11	CT
1	16283095	32	AT
1	16283124	29	CT
1	16283175	51	TC
1	16283373	198	GC
1	16283387	14	GA
1	16283409	22	GA
1	16283428	19	GA
1	16283830	402	AG
1	16283840	10	AG
1	16284997	814	GA
1	16285182	185	AG
1	16285184	2	CA
1	16285185	1	GC
1	16285204	19	GA
1	16285254	50	AG
1	16285267	13	TC
1	16285344	77	CT
1	16285978	325	GA
1	16285983	5	CT
1	16285997	14	AG
1	16286251	254	GA
1	16286269	18	TC
1	16286304	35	GT
1	16286307	3	GT
1	16287007	217	AG
1	16287044	37	TC
1	16287048	4	CG
1	16287413	240	GA
1	16287444	31	TC
1	16287789	345	GA
1	16287882	57	AT
1	16287930	48	TC
1	16288203	273	GA
1	16288276	73	CT
1	16288333	57	CT
1	16288361	28	CT
1	16288503	142	GA
1	16288513	10	AG
1	16288528	15	CT
1	16288556	28	AC
1	16288578	22	AG
1	16288601	23	GA
1	16288932	331	GA
1	16289308	376	TC
1	16289338	30	GA
1	16289427	89	AG
1	16289437	10	AC
1	16289925	488	AG
1	16290070	145	CT
1	16290071	1	CG
1	16290371	300	GA
1	16292439	1060	GA
1	16292449	10	GA
1	16292548	99	CT
1	16292762	214	TC
1	16292788	26	AG
1	16292826	38	TA
1	16293305	427	CT
1	16293489	184	GA
1	16293549	60	CG
1	16293804	255	CT
1	16294213	409	AG
1	16298507	3572	CT
1	16298929	422	GC
1	16299344	415	TC
1	16299682	338	TG
1	16300585	860	CT
1	16302655	1107	GA
1	16302832	177	TC
1	16302996	164	AG
1	16305326	1499	TC
1	16305416	90	AG
1	16305527	111	TG
1	16305995	25	AG
1	16306905	727	TC
1	16307530	162	GC
1	16308473	882	AG
1	16309213	740	AG
1	16309822	252	GC
1	16309964	142	CT
1	16310871	764	CT
1	16310915	44	AC
1	16310997	82	TG
1	16311890	234	AC
1	16312670	712	GA
1	16313280	481	GA
1	16313453	173	TC
1	16313468	15	GA
1	16313523	55	AG
1	16313768	245	TA
1	16313823	55	CA
1	16314001	178	AC
1	16314334	333	AG
1	16315005	430	GC
1	16315007	2	TC
1	16315098	91	CT
1	16315149	51	CT
1	16317209	1688	TC
1	16320297	2862	TC
1	16321448	1113	AG
1	16322696	616	AG
1	16322918	222	CT
1	16323317	377	TC
1	16323339	22	GA
1	16323413	74	CT
1	16326979	2294	AT
1	16327101	122	AG
1	16327181	80	AG
1	16327247	66	TC
1	16327437	190	AG
1	16328430	949	GA
1	16329034	82	TC
1	16329739	402	CT
1	16329914	175	CG
1	16329980	66	CT
1	16330879	899	TC
1	16332302	1254	GA
1	16332474	172	CA
1	16332576	102	TC
1	16332590	14	TC
1	16332730	140	TC
1	16333071	341	CT
1	16333260	189	AG
1	16333310	50	TC
1	16333316	6	TC
1	16334471	437	CT
1	16334866	395	AG
1	16334912	46	AG
1	16335354	442	CT
1	16335508	154	CG
1	16335509	1	GA
1	16335527	18	GC
1	16335564	37	AG
1	16336241	338	TA
1	16338231	1036	TC
1	16338249	18	GA
1	16338250	1	AG
1	16338417	167	CT
1	16338650	233	CT
1	16338715	65	CG
1	16338716	1	GA
1	16338752	36	GT
1	16338913	161	AG
1	16339856	539	CT
1	16340432	576	CT
1	16340593	161	CT
1	16340791	198	GA
1	16341028	237	GA
1	16341153	125	TA
1	16341187	34	AG
1	16341281	94	CT
1	16341282	1	GT
1	16341581	299	TC
1	16341783	202	TC
1	16341796	13	CT
1	16341800	4	CT
1	16341966	166	TC
1	16341993	27	CA
1	16341997	4	AG
1	16342011	14	AG
1	16342048	37	AG
1	16342090	42	GA
1	16342097	7	AG
1	16342110	13	CT
1	16342164	54	AG
1	16342184	20	AG
1	16342190	6	CA
1	16342201	11	CT
1	16342215	14	AG
1	16342377	162	TC
1	16342447	70	CA
1	16342782	335	GA
1	16342808	26	AG
1	16343794	986	GA
1	16344018	224	CT
1	16344094	76	TC
1	16344113	19	TC
1	16344509	354	CA
1	16344583	74	TC
1	16344662	79	TC
1	16345679	625	GA
1	16346349	670	GC
1	16348445	2096	GA
1	16349124	554	CT
1	16349131	7	GA
1	16349483	352	AG
1	16351560	1370	TG
1	16351584	24	TC
1	16351585	1	GA
1	16351654	69	TC
1	16351681	27	TC
1	16351739	58	TC
1	16352071	332	GA
1	16352147	76	GC
1	16356379	2840	GA
1	16356997	618	GA
1	16359878	2531	CT
1	16361178	1212	GA
1	16364741	2929	AG
1	16365283	542	GC
1	16368714	3232	GA
1	16370055	1341	AT
1	16371067	1012	GA
1	16371080	13	CT
1	16371155	75	CT
1	16371160	5	GA
1	16371211	51	TG
1	16371479	268	CT
1	16372354	576	CT
1	16372515	161	AG
1	16372887	372	TC
1	16382493	8624	CT
1	16411069	24177	CT
1	16428181	12036	GA
1	16428316	135	CT
1	16429128	330	AG
1	16429189	61	CA
1	16429292	103	TC
1	16429298	6	GA
1	16429380	82	CT
1	16429619	239	TC
1	16430187	568	GC
1	16430195	8	TC
1	16430789	594	TC
1	16430954	165	CT
1	16431104	150	TC
1	16431112	8	CG
1	16431146	34	AG
1	16431154	8	GA
1	16431264	110	AG
1	16431267	3	CT
1	16431272	5	GA
1	16431791	519	TC
1	16432158	367	GA
1	16433182	702	AC
1	16433277	95	TG
1	16433390	113	CT
1	16434012	622	AG
1	16434939	285	CT
1	16435246	82	CT
1	16435272	26	CA
1	16435376	104	CA
1	16435405	29	CT
1	16435422	17	TC
1	16435538	116	GA
1	16435764	226	TC
1	16435862	98	TC
1	16435933	71	CT
1	16435960	27	CT
1	16435963	3	TC
1	16436005	42	AC
1	16436013	8	TC
1	16436022	9	GA
1	16436093	71	TC
1	16436476	383	GA
1	16437118	553	GA
1	16437156	38	GA
1	16437804	523	GA
1	16437846	42	AG
1	16437905	59	AG
1	16438075	170	TC
1	16438409	334	CT
1	16438429	20	AG
1	16438494	65	TC
1	16438541	47	TC
1	16439100	559	TC
1	16439715	93	CT
1	16439769	54	AG
1	16439894	90	GA
1	16440082	165	CT
1	16440168	86	GA
1	16440175	7	TC
1	16440231	56	AG
1	16440275	44	GA
1	16440440	165	TC
1	16440638	198	CT
1	16440740	102	CT
1	16441145	140	AG
1	16441315	170	GA
1	16441322	7	AG
1	16441546	224	TC
1	16441776	230	CT
1	16441812	36	CA
1	16441823	11	GA
1	16441903	80	CT
1	16442140	237	TC
1	16442297	157	GA
1	16442305	8	GA
1	16442396	91	CT
1	16442488	92	TC
1	16442810	291	CA
1	16443056	246	GA
1	16443113	57	GA
1	16443169	56	CT
1	16443401	110	GA
1	16443474	73	CT
1	16443501	27	CT
1	16443516	15	CT
1	16443558	42	GA
1	16443594	36	AG
1	16443611	17	TC
1	16443683	72	CT
1	16443705	22	AG
1	16444099	323	AT
1	16444117	18	CT
1	16444132	15	AG
1	16444297	17	AG
1	16444309	12	CT
1	16444312	3	CT
1	16444315	3	GA
1	16444358	43	TC
1	16444610	252	AG
1	16444657	47	CT
1	16444719	62	TC
1	16444724	5	TC
1	16444727	3	AC
1	16444731	4	AT
1	16444740	9	CT
1	16444897	157	GA
1	16444931	34	CT
1	16444943	12	GT
1	16445035	92	CG
1	16445054	19	TC
1	16445061	7	CA
1	16445452	277	CT
1	16445483	31	CA
1	16446399	626	AG
1	16446613	214	AC
1	16446639	26	CT
1	16447275	320	CA
1	16447321	46	GT
1	16447433	60	CT
1	16447458	25	CA
1	16447599	141	CA
1	16447691	92	TC
1	16447863	172	GA
1	16447938	75	CT
1	16448279	341	CA
1	16448321	42	AG
1	16448468	147	GA
1	16448505	37	AG
1	16448510	5	TC
1	16448538	28	AG
1	16448788	250	CT
1	16448958	170	CG
1	16449769	649	CT
1	16449823	54	GA
1	16450683	827	TG
1	16451331	648	TC
1	16451347	16	GA
1	16451380	33	CA
1	16451535	155	GA
1	16451566	31	GT
1	16451579	13	TC
1	16451893	314	GA
1	16451918	25	CT
1	16452173	255	TG
1	16452716	543	GA
1	16453359	466	AG
1	16453499	140	TC
1	16454255	756	AG
1	16454676	421	CT
1	16456398	1409	AT
1	16457560	1162	AG
1	16458585	987	TC
1	16458635	50	GT
1	16458680	45	GA
1	16458839	159	AG
1	16459519	195	AG
1	16459732	213	GA
1	16459737	5	CT
1	16459746	9	GT
1	16459779	33	CA
1	16459822	43	GA
1	16459903	81	AG
1	16459965	62	CA
1	16459970	5	CT
1	16459988	18	TC
1	16460021	33	GA
1	16460135	114	CT
1	16460171	36	CA
1	16460205	34	AG
1	16466283	5261	AT
1	16466394	111	CT
1	16466984	114	CT
1	16471750	4676	CT
1	16472850	785	AT
1	16473398	548	TC
1	16473611	213	GT
1	16474350	739	CT
1	16474382	32	GT
1	16474547	165	TA
1	16474745	198	GA
1	16474776	31	GA
1	16474840	64	CT
1	16474854	14	AG
1	16474962	108	CT
1	16476588	601	CT
1	16477025	437	GA
1	16477098	73	TC
1	16477201	103	TA
1	16477513	312	CT
1	16477526	13	GA
1	16477667	141	CT
1	16478441	259	CT
1	16478589	148	CT
1	16478628	39	CT
1	16478658	30	TG
1	16478941	283	CT
1	16479003	62	TC
1	16479033	30	AG
1	16479178	145	GA
1	16479441	263	CT
1	16480798	677	GA
1	16481111	313	GA
1	16481476	365	GA
1	16481881	405	CT
1	16481958	77	GA
1	16482136	152	GA
1	16482506	173	AT
1	16482596	90	GA
1	16482717	121	AC
1	16483153	257	AG
1	16483384	231	GA
1	16483405	21	TC
1	16483599	194	AG
1	16483749	150	TC
1	16484005	256	GA
1	16484270	265	GA
1	16484271	1	CT
1	16484910	589	GA
1	16484949	39	GT
1	16484956	7	AG
1	16485660	352	GA
1	16485744	84	GA
1	16485756	12	GA
1	16486271	129	TA
1	16486304	33	GT
1	16486322	18	GA
1	16486331	9	CT
1	16486336	5	TC
1	16486392	56	TC
1	16486449	57	GA
1	16486450	1	GT
1	16486722	272	GT
1	16486771	49	AG
1	16486782	11	CT
1	16486800	18	CT
1	16486857	57	CT
1	16486935	78	TC
1	16486942	7	AG
1	16486971	29	GT
1	16487299	328	GC
1	16487378	79	AG
1	16487594	216	CA
1	16487625	31	TC
1	16487699	74	AG
1	16487717	18	AG
1	16487737	20	GC
1	16487765	28	AC
1	16488289	524	CT
1	16488606	81	AG
1	16488723	117	GA
1	16488736	13	GA
1	16489157	353	CA
1	16489666	509	GT
1	16489719	53	CT
1	16489835	116	GC
1	16489844	9	GA
1	16489963	119	CT
1	16489967	4	TC
1	16490924	510	AG
1	16490941	17	TC
1	16491598	657	CG
1	16491634	36	GA
1	16491642	8	AG
1	16491728	86	AG
1	16491742	14	CA
1	16491850	108	CT
1	16491881	31	AG
1	16492018	137	GA
1	16492120	102	GA
1	16492127	7	GA
1	16492214	87	GA
1	16492310	96	AG
1	16492654	232	GA
1	16492739	85	AC
1	16492909	170	TC
1	16493057	148	AG
1	16493059	2	TC
1	16493107	48	CT
1	16496815	2742	TG
1	16496974	159	CT
1	16497054	80	TC
1	16497356	302	AG
1	16497561	205	GC
1	16497602	41	AG
1	16497966	364	AG
1	16498103	137	TC
1	16498195	92	GA
1	16498272	77	GA
1	16498401	129	AG
1	16498414	13	CT
1	16498613	164	TA
1	16498646	33	GA
1	16498683	37	GA
1	16498707	24	AG
1	16498761	54	AG
1	16498763	2	TC
1	16499171	323	AG
1	16499249	78	TC
1	16499310	61	AG
1	16499372	62	GA
1	16499375	3	CT
1	16499381	6	TC
1	16499387	6	AG
1	16499388	1	CT
1	16499441	53	AG
1	16499446	5	TC
1	16499486	40	AG
1	16499612	126	GA
1	16499741	129	CT
1	16499785	44	CG
1	16499875	90	TC
1	16499894	19	AG
1	16500076	182	GT
1	16500094	18	CT
1	16500210	116	TC
1	16500715	264	AG
1	16500781	66	GA
1	16501128	347	TC
1	16505339	497	GA
1	16505437	98	TG
1	16505574	137	TC
1	16505820	246	AG
1	16506836	706	CT
1	16507249	413	CT
1	16507466	217	CG
1	16511502	2581	TC
1	16511752	250	AG
1	16511788	36	GA
1	16512640	852	CT
1	16513370	573	GC
1	16513438	68	CG
1	16513498	60	GA
1	16514119	621	AG
1	16514147	28	AG
1	16514276	129	CT
1	16514333	57	GC
1	16514502	68	CG
1	16514514	12	AG
1	16514625	111	TC
1	16514818	193	CT
1	16515417	269	AG
1	16515418	1	AG
1	16515451	33	GC
1	16515508	57	GA
1	16515862	291	GC
1	16518717	581	CT
1	16518826	109	CA
1	16519518	692	CT
1	16520000	168	GA
1	16520945	889	GA
1	16521032	87	TC
1	16522698	1666	CT
1	16523820	368	AG
1	16523901	81	CT
1	16523973	72	GC
1	16524076	103	TC
1	16524162	86	GA
1	16524284	122	TC
1	16524348	64	AG
1	16524483	135	TC
1	16524741	258	AC
1	16524983	242	CG
1	16525194	211	GT
1	16525313	119	CT
1	16525441	128	TA
1	16525497	56	CT
1	16525785	288	AG
1	16526086	95	TC
1	16526116	30	AC
1	16526168	52	CT
1	16526354	186	TC
1	16526386	32	CT
1	16526538	152	CT
1	16526681	143	AG
1	16526854	173	GA
1	16526976	100	GC
1	16526980	4	CA
1	16527044	64	GA
1	16527061	17	TA
1	16527086	25	CT
1	16527162	76	AC
1	16527204	42	AC
1	16527266	62	CT
1	16527800	173	CT
1	16528026	226	GA
1	16528165	139	CT
1	16528198	33	CT
1	16528406	208	GT
1	16528444	38	TG
1	16528454	10	CT
1	16528481	27	CT
1	16528500	19	TC
1	16528801	301	AC
1	16529094	293	GC
1	16529115	21	TG
1	16529126	11	AC
1	16529434	308	TC
1	16529565	131	CT
1	16529666	101	AG
1	16530461	795	GA
1	16530498	37	GA
1	16530822	245	TG
1	16530882	60	GA
1	16531398	516	CG
1	16531452	54	GA
1	16532879	310	GA
1	16532901	22	AG
1	16532991	90	GA
1	16533129	138	TC
1	16533146	17	GA
1	16533372	118	GA
1	16533418	46	AG
1	16533448	30	CT
1	16533490	42	AG
1	16533494	4	TC
1	16533632	138	TC
1	16533643	11	CG
1	16533797	154	TC
1	16533808	11	CT
1	16533966	45	CT
1	16534259	186	CT
1	16534797	434	CT
1	16535729	630	GA
1	16536448	449	AG
1	16537217	667	GC
1	16537350	133	AG
1	16537380	30	CG
1	16537527	147	GA
1	16537746	219	TC
1	16538101	212	GA
1	16538109	8	TC
1	16538320	211	AG
1	16538446	126	GA
1	16538480	34	AG
1	16538488	8	GA
1	16538839	351	CT
1	16539071	232	CT
1	16539559	448	AT
1	16539608	49	GA
1	16539736	128	TG
1	16543518	3378	AG
1	16546844	2426	TA
1	16546853	9	GA
1	16546872	19	CT
1	16546984	112	TA
1	16547153	169	CT
1	16547319	166	AG
1	16547460	141	AC
1	16547497	37	TC
1	16547498	1	GC
1	16547571	73	TC
1	16547648	77	AG
1	16547783	135	CT
1	16547856	73	GC
1	16547866	10	GA
1	16547886	20	TG
1	16547922	36	GA
1	16548031	109	AG
1	16548092	61	CT
1	16548109	17	GA
1	16548195	86	TC
1	16548309	114	GA
1	16548449	140	CT
1	16548573	124	TC
1	16548609	36	CG
1	16548614	5	GA
1	16548615	1	TC
1	16548626	11	GA
1	16548660	34	TC
1	16548868	208	TC
1	16548869	1	GA
1	16548917	48	AG
1	16548920	3	AG
1	16548973	53	GA
1	16548988	15	TC
1	16549185	197	CT
1	16549226	41	CT
1	16549227	1	AG
1	16549391	164	CT
1	16549427	36	AG
1	16549430	3	TC
1	16549475	45	CT
1	16549505	30	CT
1	16549546	41	TC
1	16549564	18	GC
1	16549599	35	GA
1	16549928	242	CT
1	16549977	49	CT
1	16550002	25	AG
1	16550072	70	GC
1	16550433	361	AG
1	16550460	27	TG
1	16550499	39	CT
1	16550745	246	TC
1	16550775	30	CT
1	16550970	195	TC
1	16552370	1031	GT
1	16553142	426	AG
1	16553155	13	TC
1	16553321	166	TA
1	16553338	17	AG
1	16555183	1801	TC
1	16555975	756	GA
1	16562565	5916	AC
1	16569775	5499	GT
1	16570137	362	AT
1	16570422	285	TG
1	16570745	323	AG
1	16571214	469	GT
1	16571350	136	CG
1	16571381	31	GA
1	16571423	42	AC
1	16572151	728	TC
1	16572208	57	AG
1	16572325	117	TC
1	16573126	801	CG
1	16573127	1	GA
1	16573720	149	TC
1	16573772	52	CG
1	16573964	192	CT
1	16574321	357	AC
1	16575074	315	GA
1	16575076	2	CT
1	16575124	48	CT
1	16575126	2	TC
1	16577030	1322	CT
1	16577539	509	GA
1	16578903	1077	CT
1	16579057	154	GA
1	16579831	774	CA
1	16580149	318	CA
1	16580220	71	GA
1	16580844	624	CT
1	16581451	313	TC
1	16584192	630	CT
1	16584276	84	TG
1	16584301	25	AC
1	16584852	551	GA
1	16584985	111	GC
1	16585806	101	GA
1	16585960	154	GC
1	16586115	155	CA
1	16586488	347	TC
1	16587281	517	CT
1	16587301	20	TA
1	16587303	2	GA
1	16587397	94	AG
1	16588351	382	AG
1	16588437	86	CG
1	16588456	19	AC
1	16588734	109	GA
1	16588736	2	TC
1	16588744	8	GA
1	16588800	56	GA
1	16588825	25	CT
1	16588876	51	GA
1	16588967	91	CA
1	16589382	386	GA
1	16589420	38	AG
1	16589576	156	AG
1	16589601	25	TC
1	16589603	2	AT
1	16589951	348	CT
1	16589952	1	GA
1	16590003	51	CT
1	16590123	120	GA
1	16590263	140	GA
1	16590567	304	TC
1	16590712	145	AG
1	16590714	2	TC
1	16590742	28	TG
1	16591695	775	TC
1	16591697	2	TC
1	16591738	41	GA
1	16591747	9	CA
1	16593655	1908	TC
1	16594035	380	CA
1	16594078	43	GA
1	16625474	14406	GA
1	16626547	1073	GA
1	16627151	604	CT
1	16632843	3529	CA
1	16632979	136	TC
1	16633123	144	TC
1	16633259	136	GC
1	16633658	399	AC
1	16636179	1714	AT
1	16636664	485	GT
1	16637177	513	AG
1	16637289	112	AG
1	16640173	2031	CG
1	16641481	1235	CT
1	16641850	369	CG
1	16642464	614	AG
1	16642709	245	CT
1	16643102	167	TC
1	16644409	1066	GA
1	16645149	315	GA
1	16645247	98	TC
1	16646062	344	CT
1	16647923	1400	GA
1	16649902	1360	CA
1	16650517	615	GA
1	16652871	1953	AG
1	16653879	923	CA
1	16662874	6975	CT
1	16663967	1093	CT
1	16667008	2935	GA
1	16669151	2107	TC
1	16672498	1241	GA
1	16674747	511	CT
1	16676346	1431	GC
1	16679298	2240	GA
1	16681070	1398	CG
1	16681071	1	AG
1	16681220	149	GA
1	16681311	91	TC
1	16681398	87	GA
1	16681571	173	AG
1	16681982	411	GA
1	16683131	1094	TG
1	16684254	935	GT
1	16684401	147	GC
1	16686670	2175	CA
1	16687383	674	CT
1	16688371	408	GA
1	16688545	174	GA
1	16688631	86	TC
1	16688657	26	CT
1	16688675	18	CT
1	16688725	50	GA
1	16689134	409	CT
1	16689272	138	GA
1	16689391	119	TC
1	16689584	193	GA
1	16689782	198	AC
1	16689814	32	AG
1	16690151	337	TC
1	16690338	187	GA
1	16690349	11	GT
1	16690663	314	TG
1	16690680	17	CT
1	16691299	129	GA
1	16691913	614	GA
1	16691928	15	AG
1	16691983	55	GA
1	16692182	199	AC
1	16692419	237	CG
1	16692429	10	TC
1	16692436	7	TC
1	16692469	33	TG
1	16692495	26	CA
1	16692522	27	GA
1	16692716	194	AG
1	16692719	3	GT
1	16693548	411	GT
1	16693636	88	GA
1	16693660	24	GC
1	16694201	541	CT
1	16694233	32	CG
1	16694235	2	GA
1	16694406	171	CT
1	16694518	112	AG
1	16694535	17	CT
1	16694579	44	TC
1	16695062	435	CT
1	16695160	98	AG
1	16695409	249	CT
1	16695417	8	GA
1	16695473	56	GC
1	16695634	161	CT
1	16695640	6	CT
1	16696146	123	CT
1	16696154	8	GA
1	16696480	326	CT
1	16696556	76	CT
1	16696774	218	CT
1	16697188	414	TC
1	16698041	511	GA
1	16700630	1873	TC
1	16702103	1473	GC
1	16702130	27	AG
1	16702160	30	AG
1	16704739	1630	CT
1	16705457	718	GA
1	16705739	282	CT
1	16707782	1270	TG
1	16708191	409	AG
1	16710880	2661	AG
1	16710957	77	GA
1	16711302	345	AG
1	16711465	163	GC
1	16711573	108	GA
1	16711585	12	GC
1	16711728	143	TC
1	16712926	1198	TA
1	16714174	776	AT
1	16717061	2697	TC
1	16717250	189	GT
1	16717649	399	CA
1	16717778	129	CT
1	16717953	175	TC
1	16718001	48	GA
1	16719259	365	GA
1	16720651	1392	CT
1	16723531	2371	GA
1	16724524	621	GA
1	16727865	3100	GA
1	16728798	840	GA
1	16729002	204	CT
1	16729452	450	GA
1	16729462	10	GA
1	16729560	98	CT
1	16734414	3837	CT
1	16734415	1	GA
1	16734659	244	CT
1	16734723	64	CG
1	16735054	155	GA
1	16735140	86	CA
1	16735255	115	GA
1	16735543	81	TG
1	16735743	200	AG
1	16736370	583	GA
1	16736424	54	GA
1	16737185	761	GA
1	16737626	441	GA
1	16737647	21	GA
1	16741180	2847	CA
1	16744177	1358	AG
1	16744196	19	TC
1	16744506	254	CT
1	16744717	211	CT
1	16750012	3572	AG
1	16750108	96	CT
1	16750184	76	CT
1	16751003	449	AG
1	16751082	79	GA
1	16751225	143	AG
1	16751318	93	GA
1	16751379	61	AG
1	16751577	198	GA
1	16751636	59	GT
1	16752348	712	CT
1	16752404	56	CT
1	16752424	20	GA
1	16752549	125	GA
1	16752735	186	GA
1	16753068	333	CT
1	16753121	53	AG
1	16753125	4	CT
1	16753126	1	CT
1	16753330	204	AC
1	16753579	249	CT
1	16753676	97	TC
1	16753705	29	CG
1	16753739	34	CT
1	16753920	132	GA
1	16754045	125	CT
1	16754052	7	GT
1	16754143	91	GA
1	16754151	8	GA
1	16754210	59	CT
1	16755416	1009	GC
1	16756007	369	CG
1	16756099	92	TC
1	16756251	152	TC
1	16756264	13	TC
1	16756295	31	TC
1	16756398	103	AG
1	16756401	3	GA
1	16756449	48	CT
1	16756482	33	TC
1	16756690	208	CT
1	16756737	47	TC
1	16756755	18	TG
1	16756810	55	AG
1	16756813	3	GA
1	16756970	157	GA
1	16757039	69	GA
1	16757107	68	GT
1	16757129	22	GT
1	16757492	193	CT
1	16757553	61	TC
1	16758326	773	GT
1	16760152	721	CT
1	16760332	180	TC
1	16763238	2034	GA
1	16763248	10	GC
1	16763557	309	GA
1	16763636	79	CT
1	16768571	2865	GA
1	16768747	176	GC
1	16769068	254	CT
1	16770363	1295	GC
1	16770436	73	CT
1	16770577	141	AG
1	16771480	411	CT
1	16772406	860	TC
1	16773065	659	GA
1	16775808	1539	AG
1	16775882	74	GA
1	16775936	54	GA
1	16776387	451	CT
1	16776479	92	TC
1	16776480	1	GC
1	16776484	4	CT
1	16777161	325	CT
1	16777473	206	GA
1	16782447	2985	GA
1	16782588	141	GA
1	16782908	320	GT
1	16783362	454	GA
1	16785287	1772	GA
1	16786165	472	CA
1	16786385	194	GC
1	16787499	673	AG
1	16788012	483	CT
1	16788501	375	CT
1	16790574	1791	CT
1	16791249	648	AC
1	16792603	1197	CT
1	16795912	2272	GA
1	16795924	12	AT
1	16797368	1444	CT
1	16797495	127	GA
1	16797657	53	GC
1	16798169	233	AC
1	16798179	10	CT
1	16798560	381	GA
1	16798876	316	TA
1	16799143	267	GA
1	16799171	28	GA
1	16799199	28	CT
1	16799590	75	AT
1	16799656	66	GT
1	16800135	479	CT
1	16800140	5	GA
1	16800184	44	GA
1	16800320	136	TC
1	16800651	248	TC
1	16800734	83	CT
1	16800940	206	CT
1	16801504	255	CA
1	16801520	16	TC
1	16801568	48	CG
1	16802043	475	GC
1	16802110	67	GA
1	16802234	124	GA
1	16802540	306	CT
1	16802573	33	CG
1	16802672	99	AG
1	16802674	2	CT
1	16802719	45	GA
1	16803117	398	CT
1	16803333	216	GA
1	16803439	106	CG
1	16804068	629	CA
1	16804303	235	CT
1	16804324	21	GC
1	16804354	30	GA
1	16804380	26	CT
1	16804777	265	CT
1	16805082	305	TC
1	16808320	2847	CT
1	16808944	396	TC
1	16811879	1434	CT
1	16811916	37	CT
1	16811951	35	AG
1	16812288	337	GA
1	16813022	492	TC
1	16813110	88	GA
1	16813491	381	AG
1	16813613	122	TC
1	16813691	78	TC
1	16814025	334	TC
1	16814350	103	AG
1	16814500	76	GT
1	16814654	154	GA
1	16814771	117	AG
1	16814865	94	TC
1	16814867	2	GA
1	16814949	82	TC
1	16814981	32	CT
1	16815001	20	GA
1	16815289	218	TC
1	16815654	207	GA
1	16823190	6173	CT
1	16854559	23482	GT
1	16854990	431	CT
1	16855048	58	TC
1	16857847	2146	GA
1	16858959	1064	GT
1	16859014	55	AG
1	16859083	69	TC
1	16859270	187	TC
1	16859276	6	TC
1	16859304	28	GA
1	16859372	68	CT
1	16859568	196	GA
1	16859918	350	AG
1	16860030	112	TC
1	16860166	136	CT
1	16860486	303	AG
1	16861383	897	AG
1	16862409	1026	CT
1	16863015	606	GA
1	16865289	1083	GA
1	16865584	295	CT
1	16866265	343	TC
1	16866410	145	AG
1	16866414	4	GA
1	16866667	253	AG
1	16866673	6	CA
1	16867132	459	AG
1	16867244	112	TC
1	16868069	825	CT
1	16868149	80	CA
1	16868332	183	GA
1	16868572	240	TC
1	16869989	1084	TC
1	16870248	259	GA
1	16870281	33	TC
1	16870806	525	CT
1	16871052	246	GC
1	16871388	336	TC
1	16871413	25	TC
1	16871591	178	AG
1	16871776	185	CA
1	16871823	47	GT
1	16871915	92	TC
1	16873829	1368	CT
1	16873843	14	CG
1	16874092	249	CT
1	16874146	54	TC
1	16874741	595	CG
1	16879287	3704	GA
1	16879334	47	TC
1	16879340	6	CT
1	16879599	259	GA
1	16880207	260	AG
1	16881422	1128	GT
1	16885039	3061	AG
1	16885829	790	GT
1	16886057	228	AG
1	16888991	2934	GA
1	16889104	113	AG
1	16889456	352	CT
1	16890497	787	AG
1	16895611	4680	AG
1	16898362	2697	CT
1	16899863	1501	GA
1	16900145	282	GA
1	16901018	771	GT
1	16901511	493	GA
1	16904468	2839	GC
1	16907756	2634	TC
1	16909767	1882	CT
1	16910208	291	AG
1	16910589	319	CT
1	16912527	1847	CT
1	16917645	3075	CT
1	16918439	660	GA
1	16918470	31	GC
1	16919373	582	GT
1	16920019	526	CT
1	16920071	52	GC
1	16921015	782	CT
1	16921429	414	GA
1	16921517	88	GA
1	16922215	639	TC
1	16925254	2787	AG
1	16930106	3812	CT
1	16931018	768	TC
1	16931159	141	CT
1	16931348	189	CT
1	16931376	28	CT
1	16931857	481	GA
1	16932101	85	CA
1	16932426	325	GT
1	16932484	58	GA
1	16932515	31	TC
1	16932886	20	AC
1	16932976	90	TC
1	16933879	620	AG
1	16934060	141	TG
1	16934333	273	AG
1	16934616	254	TC
1	16934757	141	GA
1	16934848	91	CT
1	16934908	60	CT
1	16935268	360	GA
1	16935942	103	TC
1	16936010	68	GT
1	16936710	700	CT
1	16937643	682	TC
1	16938225	496	TC
1	16938635	410	GA
1	16939730	1040	CG
1	16941322	1368	GC
1	16941896	574	CT
1	16942646	306	GA
1	16943111	465	TC
1	16943356	245	GA
1	16943648	292	CT
1	16944021	373	GA
1	16944207	186	TC
1	16944292	85	GA
1	16944935	578	CT
1	16944951	16	CT
1	16948810	2861	GC
1	16951603	1834	CT
1	16951812	209	CA
1	16951926	114	GA
1	16952088	162	CG
1	16952838	180	GC
1	16952923	85	AG
1	16953000	77	CT
1	16953397	397	GA
1	16953436	39	TC
1	16953454	18	GA
1	16953520	66	GA
1	16953621	101	CT
1	16953622	1	GA
1	16953728	106	TC
1	16953870	142	AG
1	16954074	120	GA
1	16954397	323	TC
1	16954402	5	AG
1	16954416	14	CT
1	16955613	964	AT
1	16955801	188	GA
1	16956918	1093	GT
1	16961201	3831	CT
1	16962761	1560	GA
1	16967180	4089	GA
1	16967186	6	TC
1	16967254	68	TC
1	16967343	89	TC
1	16967688	345	CA
1	16967786	98	CT
1	16967896	110	TC
1	16967897	1	GA
1	16967899	2	TC
1	16967994	95	GA
1	16968013	19	GA
1	16968124	111	CG
1	16968155	31	TC
1	16968302	147	TC
1	16968332	30	AG
1	16968333	1	TC
1	16968403	70	TC
1	16968510	107	GT
1	16968660	150	CT
1	16968735	75	CT
1	16970227	1054	CA
1	16970232	5	TC
1	16971183	251	CT
1	16972364	1181	AG
1	16972620	256	GA
1	16972648	28	AG
1	16972765	117	TA
1	16973825	1060	CG
1	16974022	197	GC
1	16974767	497	CT
1	16975254	28	TC
1	16975270	16	TC
1	16975384	114	AG
1	16975741	357	CA
1	16975856	115	GA
1	16976102	246	TC
1	16976497	395	TA
1	16976593	96	GA
1	16976676	83	GT
1	16976710	34	TG
1	16976903	193	GC
1	16977195	292	AG
1	16977679	484	TG
1	16977828	149	TG
1	16979869	787	AG
1	16981205	1336	AG
1	16981285	80	AG
1	16981694	409	CT
1	16982283	589	TC
1	16982308	25	CT
1	16983856	1358	AT
1	16984656	800	AG
1	16984745	89	AG
1	16985260	515	CT
1	16985261	1	AG
1	16985936	600	CT
1	16986320	332	CT
1	16986560	240	GA
1	16986757	197	CT
1	16987078	149	GA
1	16987419	341	TC
1	16987494	75	CG
1	16987524	30	CA
1	16987525	1	AG
1	16987608	83	GA
1	16987731	123	CA
1	16987856	125	CA
1	16988308	304	GA
1	16988554	246	CT
1	16990185	583	CT
1	16990371	186	AG
1	16990645	96	AG
1	16990697	52	AC
1	16990850	153	AG
1	16991395	545	GA
1	16991971	576	CT
1	16992021	50	AG
1	16992175	154	TC
1	16992193	18	GA
1	16992361	168	CT
1	16992395	34	TC
1	16992400	5	CT
1	16992471	71	CA
1	16992651	180	GA
1	16992692	41	TC
1	16992773	81	GA
1	16992848	75	AG
1	16992901	53	GA
1	16992993	92	CT
1	16992996	3	GA
1	16993349	222	CT
1	16993564	215	AT
1	16994888	1324	GA
1	16996007	1042	CT
1	16997538	975	GA
1	16997732	194	GA
1	16999847	1859	CT
1	17001553	676	GT
1	17001908	127	GA
1	17001909	1	CG
1	17003654	434	TC
1	17004843	1189	AG
1	17004994	151	GA
1	17005653	548	GA
1	17005687	34	CT
1	17006739	923	CT
1	17006810	71	GA
1	17007266	292	CT
1	17007398	132	CT
1	17007515	117	GA
1	17007676	161	CT
1	17008059	383	TC
1	17009310	794	CT
1	17009471	161	GA
1	17009903	432	GA
1	17009988	85	CA
1	17010849	554	TG
1	17011475	626	CT
1	17012569	827	CT
1	17012590	21	CT
1	17012628	38	TC
1	17012647	19	CT
1	17012727	80	AG
1	17012747	20	CT
1	17012819	72	AT
1	17012896	77	CT
1	17012974	78	CT
1	17013010	36	CT
1	17013086	76	GA
1	17013119	33	CT
1	17014028	692	GA
1	17014112	84	CG
1	17014334	222	CT
1	17014375	41	GC
1	17014587	175	AG
1	17014614	27	CT
1	17014635	21	GA
1	17014648	13	CA
1	17015029	381	CT
1	17015202	173	GC
1	17015432	230	TC
1	17015622	190	TG
1	17015664	42	GC
1	17015763	99	CA
1	17015811	48	GA
1	17015859	48	GC
1	17015923	64	GA
1	17015943	20	GA
1	17016015	72	CG
1	17016018	3	TC
1	17016197	179	TG
1	17016406	209	CA
1	17016433	27	CT
1	17016578	145	CA
1	17017399	821	CT
1	17017444	45	GT
1	17017571	127	CG
1	17017586	15	GA
1	17017592	6	AG
1	17017712	120	GA
1	17018116	404	TA
1	17018118	2	CT
1	17018655	505	CA
1	17019209	554	CT
1	17019646	437	GA
1	17019808	162	GA
1	17019915	107	CT
1	17020823	529	TC
1	17021210	81	GC
1	17021462	252	GT
1	17021493	31	GA
1	17022345	852	AT
1	17022794	449	CT
1	17022843	49	CT
1	17023446	603	TC
1	17024510	1064	GA
1	17024625	115	GA
1	17024690	65	TA
1	17024923	233	CA
1	17025337	414	CT
1	17025722	385	TC
1	17026139	417	GA
1	17026844	705	GT
1	17026992	148	TC
1	17027075	83	TC
1	17027800	725	GA
1	17027836	36	GA
1	17028480	644	CT
1	17028653	173	AC
1	17029001	348	GA
1	17029082	81	AG
1	17029157	75	CT
1	17029759	548	TC
1	17030105	346	AG
1	17030382	277	GA
1	17030676	294	CT
1	17030813	137	GA
1	17030840	27	CG
1	17030966	126	TA
1	17031273	307	AC
1	17031309	36	AG
1	17031617	308	AG
1	17031718	101	GC
1	17031761	43	GA
1	17031841	80	CT
1	17031943	102	AT
1	17032268	325	CG
1	17033128	860	AG
1	17033150	22	AG
1	17033498	348	GA
1	17033515	17	GA
1	17033528	13	CG
1	17033559	31	GT
1	17033971	412	CT
1	17034133	162	GA
1	17034375	242	AG
1	17034707	272	GA
1	17035778	1071	TC
1	17036352	574	GA
1	17036590	238	TC
1	17036777	127	TG
1	17037448	388	CG
1	17037529	81	CT
1	17037613	84	GA
1	17037934	321	GA
1	17038041	107	GT
1	17038455	267	GA
1	17038776	235	GA
1	17038919	143	TG
1	17041261	1830	TC
1	17041406	145	GA
1	17042123	602	GA
1	17042955	319	TG
1	17043180	225	CG
1	17043755	575	TC
1	17044214	459	GA
1	17044749	535	GA
1	17045612	836	GA
1	17048022	1654	AG
1	17048056	34	TG
1	17048199	143	TA
1	17048325	126	CA
1	17048654	329	GA
1	17049555	639	GA
1	17049624	69	CG
1	17049751	127	TA
1	17050113	362	TC
1	17050965	209	GA
1	17051021	56	GA
1	17051034	13	GA
1	17052132	677	AG
1	17052499	367	GA
1	17053351	800	GA
1	17053862	189	TC
1	17054865	833	GT
1	17054954	89	CA
1	17055031	77	AC
1	17055321	290	GT
1	17055557	236	TG
1	17056197	488	CA
1	17056518	321	GA
1	17057077	250	GC
1	17057406	260	GA
1	17058607	629	GA
1	17058720	113	AC
1	17059058	338	CA
1	17059692	634	AT
1	17060341	515	GA
1	17060545	204	GA
1	17063363	2319	GA
1	17067396	3158	TA
1	17068803	883	AG
1	17069309	399	TC
1	17069702	393	TG
1	17070432	413	GT
1	17070528	96	AG
1	17070598	70	GT
1	17070675	77	TC
1	17070720	45	GC
1	17071231	151	AC
1	17071482	251	CT
1	17071493	11	TC
1	17071775	282	GA
1	17072331	276	CT
1	17073000	576	AT
1	17073007	7	CT
1	17073074	67	GA
1	17073385	190	TC
1	17073413	28	CT
1	17074619	427	AG
1	17075784	1165	GA
1	17076545	761	CA
1	17076600	55	CG
1	17077577	446	CA
1	17077640	63	TC
1	17077737	97	GA
1	17077742	5	TC
1	17077819	77	TG
1	17077865	46	CT
1	17078275	410	GC
1	17078276	1	AG
1	17078346	70	GA
1	17078474	128	CT
1	17078527	53	TC
1	17080149	148	CT
1	17080324	175	GA
1	17080340	16	CT
1	17080443	103	CT
1	17080587	144	CT
1	17080673	86	GA
1	17080760	87	CG
1	17080799	39	AG
1	17080802	3	GA
1	17080812	10	CG
1	17080851	39	TA
1	17080884	33	CT
1	17080925	41	GA
1	17082062	706	CA
1	17082279	217	GT
1	17082578	299	CT
1	17082608	30	GA
1	17082655	47	GA
1	17082774	119	GA
1	17082964	190	CT
1	17082966	2	CT
1	17083004	38	TC
1	17083008	4	GC
1	17083027	19	CT
1	17083028	1	GA
1	17083055	27	CT
1	17083111	56	GC
1	17083146	35	AG
1	17083320	174	GC
1	17083459	139	CT
1	17084390	372	CT
1	17084476	86	CT
1	17084600	124	GT
1	17084896	296	GC
1	17085120	94	GA
1	17085212	92	TC
1	17085389	177	TC
1	17085467	78	GA
1	17087022	175	CT
1	17087048	26	CT
1	17087054	6	TG
1	17087149	95	AT
1	17087156	7	TC
1	17087179	23	AG
1	17087217	38	TC
1	17087267	50	CA
1	17087442	175	GA
1	17087450	8	CG
1	17087473	23	GT
1	17088417	260	TA
1	17088428	11	TC
1	17088477	49	CG
1	17088718	241	CA
1	17088812	94	TC
1	17089064	230	TC
1	17089380	316	GA
1	17089525	145	GA
1	17089550	25	GA
1	17089552	2	CT
1	17089925	373	TC
1	17090045	120	GC
1	17090147	102	GC
1	17090159	12	TA
1	17090160	1	AT
1	17090664	477	AG
1	17090750	86	GA
1	17096024	396	CT
1	17096219	195	AG
1	17096313	94	GA
1	17096992	617	GC
1	17097620	628	GA
1	17098289	638	GC
1	17099962	1220	TC
1	17101964	2002	CT
1	17102205	241	AG
1	17107424	4462	CT
1	17108181	757	TC
1	17108352	171	AG
1	17108731	379	AG
1	17108732	1	TC
1	17109022	183	TC
1	17109082	60	AC
1	17110025	462	TC
1	17110117	92	CT
1	17110338	221	GA
1	17110389	51	AG
1	17110394	5	AG
1	17110540	146	CA
1	17110591	51	CT
1	17110793	202	CA
1	17110923	130	AG
1	17111072	149	TC
1	17111234	162	GA
1	17111243	9	TC
1	17111525	282	GA
1	17112184	278	GA
1	17114020	1836	AC
1	17114063	43	CT
1	17114086	23	CT
1	17114571	485	CG
1	17114840	229	GA
1	17116038	1198	AG
1	17116054	16	CT
1	17116137	83	TC
1	17116246	109	GA
1	17116436	190	GA
1	17116514	78	GA
1	17116833	319	TA
1	17117384	320	TC
1	17117454	70	CT
1	17117518	64	TG
1	17117764	246	GA
1	17117791	27	CT
1	17117792	1	GA
1	17121380	848	CT
1	17121667	287	GA
1	17121797	130	AC
1	17122584	787	GA
1	17122586	2	CT
1	17122749	163	CT
1	17122768	19	AG
1	17122888	120	TC
1	17123642	754	GA
1	17123793	151	TC
1	17124661	868	GA
1	17125899	1238	GA
1	17125979	80	TC
1	17126346	367	TC
1	17126502	156	CG
1	17126507	5	GA
1	17126598	91	CT
1	17126752	154	CT
1	17126909	157	CT
1	17127310	401	GT
1	17127711	401	TC
1	17127785	74	GC
1	17127895	110	TC
1	17128144	249	TC
1	17128554	343	AC
1	17128822	86	AG
1	17128873	51	CT
1	17129135	262	AG
1	17129399	264	CA
1	17129719	320	AG
1	17129724	5	GA
1	17129749	25	AG
1	17129962	213	GA
1	17130138	176	AG
1	17130234	96	GA
1	17130366	132	GA
1	17130541	175	CA
1	17131155	614	AG
1	17131451	296	CG
1	17132719	1070	AG
1	17136120	2603	CT
1	17137146	835	CT
1	17137857	609	CT
1	17138883	932	GA
1	17138925	42	GA
1	17139268	343	TC
1	17140051	783	AG
1	17140092	41	TC
1	17140237	145	CT
1	17140300	63	GA
1	17140306	6	TC
1	17141063	757	GA
1	17141232	169	CT
1	17141327	95	GA
1	17145055	3274	CT
1	17147074	1076	CG
1	17147119	45	GA
1	17147528	364	CT
1	17148974	1404	AC
1	17150853	1850	GA
1	17151913	1060	CG
1	17152566	534	AG
1	17155683	2908	GC
1	17160254	3963	TG
1	17160702	448	AT
1	17160703	1	AC
1	17160772	69	CT
1	17160783	11	AC
1	17161172	326	CT
1	17161442	270	GA
1	17161690	248	GA
1	17162240	550	CT
1	17162311	71	CA
1	17162429	118	AG
1	17162674	245	GA
1	17162968	294	AG
1	17164206	859	GA
1	17164741	408	TC
1	17165048	229	CG
1	17166516	1165	AG
1	17167508	831	TC
1	17168469	511	CT
1	17168526	57	CT
1	17168616	90	GA
1	17168916	300	AG
1	17169222	306	CA
1	17169285	63	GC
1	17169629	344	GT
1	17169752	123	GA
1	17169759	7	GA
1	17169827	68	TC
1	17169887	60	CT
1	17170225	338	TC
1	17170273	48	TC
1	17170500	227	TC
1	17170902	402	CG
1	17171936	700	AG
1	17172186	250	GT
1	17172881	414	CT
1	17173714	424	TC
1	17173831	117	TC
1	17173983	152	GA
1	17174079	96	CT
1	17174198	119	TA
1	17174319	121	CT
1	17174575	199	AT
1	17175071	496	AC
1	17176276	1157	CT
1	17176483	207	AG
1	17176487	4	CT
1	17176610	123	GA
1	17176690	80	CA
1	17177002	312	GA
1	17177155	153	TC
1	17177199	44	CT
1	17177272	73	AG
1	17177359	87	CT
1	17177500	141	GA
1	17177557	57	GT
1	17178103	546	GA
1	17179021	918	GA
1	17179287	266	AG
1	17179311	24	CT
1	17179328	17	TC
1	17179366	38	TC
1	17179477	89	AG
1	17179945	468	TC
1	17180176	231	TC
1	17180452	276	GC
1	17180506	54	AG
1	17180851	345	TC
1	17180910	59	AG
1	17181074	164	GA
1	17181118	44	TC
1	17181185	67	TC
1	17181266	81	AG
1	17181424	158	CG
1	17182014	590	AG
1	17182741	727	AG
1	17182786	45	AG
1	17183236	450	TC
1	17183704	468	CT
1	17183791	87	GC
1	17184629	838	CG
1	17185300	425	GT
1	17186349	1049	TC
1	17186369	20	TC
1	17186436	67	TC
1	17187835	1049	AG
1	17188256	421	TC
1	17188562	306	TC
1	17191297	1973	CG
1	17191537	240	AG
1	17191547	10	TC
1	17191844	297	GA
1	17191854	10	CT
1	17191950	25	CA
1	17192042	92	CT
1	17192619	305	CG
1	17192826	207	TC
1	17193259	433	CT
1	17194261	1002	AG
1	17194305	44	GA
1	17194483	178	CT
1	17194595	112	TC
1	17194788	193	GA
1	17194805	17	TC
1	17195190	322	CT
1	17195339	149	AT
1	17195421	82	TC
1	17195621	200	AG
1	17195813	192	AG
1	17196034	221	AG
1	17196058	24	TC
1	17196167	109	AC
1	17196176	9	AG
1	17196235	59	TC
1	17196236	1	GA
1	17196346	110	GA
1	17196547	201	GC
1	17196627	80	CT
1	17196691	64	TC
1	17196859	168	GA
1	17196883	24	CA
1	17197421	538	AG
1	17197872	451	CG
1	17199277	956	CT
1	17199526	249	GA
1	17199967	441	CG
1	17200000	33	CT
1	17200013	13	GC
1	17200036	23	AC
1	17200430	394	TC
1	17200459	29	TC
1	17200615	156	GA
1	17200677	62	AG
1	17200775	98	TC
1	17200972	197	TC
1	17201444	327	GA
1	17204846	1982	CT
1	17208519	3487	CT
1	17210111	1293	CT
1	17210129	18	CT
1	17215056	3427	GA
1	17215339	283	GA
1	17215903	564	GA
1	17220493	2526	CG
1	17227872	6181	CT
1	17229382	1198	CT
1	17230226	844	GA
1	17234849	3117	GA
1	17235305	456	GA
1	17235700	395	GC
1	17237310	1610	CT
1	17238519	1209	GT
1	17239621	506	TC
1	17240110	489	TC
1	17240216	106	AG
1	17240245	29	AC
1	17240482	237	GC
1	17240838	356	GA
1	17240996	158	CT
1	17241309	313	CT
1	17241430	121	GA
1	17241614	184	AG
1	17241683	69	GC
1	17241697	14	CT
1	17241713	16	GC
1	17241724	11	TC
1	17241735	11	TC
1	17241796	61	CA
1	17242017	221	TC
1	17242069	52	AG
1	17242836	645	TC
1	17244484	1007	CT
1	17247734	2263	AG
1	17250482	2274	CT
1	17250517	35	AG
1	17251411	346	AG
1	17251997	586	TC
1	17252004	7	CT
1	17252085	81	CT
1	17252099	14	AG
1	17252122	23	GC
1	17252127	5	AG
1	17252176	49	TC
1	17252209	33	CG
1	17252351	142	TC
1	17252503	152	CT
1	17252553	50	TG
1	17252626	73	GA
1	17252645	19	GA
1	17252760	115	GA
1	17253078	318	AT
1	17254047	39	AG
1	17254191	144	CT
1	17254227	36	AT
1	17254558	331	TC
1	17254616	58	TC
1	17255027	411	TC
1	17255132	105	CT
1	17255148	16	AG
1	17255407	259	AG
1	17255494	87	GA
1	17255675	181	GA
1	17255724	49	TG
1	17255871	147	AG
1	17256080	89	TC
1	17256643	492	GA
1	17256655	12	GA
1	17256870	215	GA
1	17256896	26	GA
1	17257071	175	GA
1	17257615	490	TC
1	17259613	1813	TC
1	17260768	1155	GA
1	17260888	120	CA
1	17261041	153	CT
1	17265181	3245	GA
1	17265806	625	GA
1	17266032	226	CT
1	17266226	194	GA
1	17266227	1	AT
1	17266840	523	CT
1	17267609	681	AG
1	17268288	400	CT
1	17268486	198	CT
1	17269212	488	CT
1	17269217	5	AG
1	17269309	92	TC
1	17269423	27	CT
1	17269937	514	TC
1	17270522	585	TC
1	17271097	575	TG
1	17272316	840	AG
1	17272857	541	CT
1	17273050	193	CT
1	17273612	562	TC
1	17276125	1169	CG
1	17277738	1613	GA
1	17278035	148	TC
1	17278915	880	TG
1	17279210	295	CT
1	17280385	1051	AG
1	17280395	10	CT
1	17281261	808	GA
1	17281466	205	TC
1	17281698	232	CT
1	17281928	230	CT
1	17282368	401	GC
1	17282603	108	CT
1	17282753	150	GA
1	17283144	271	CG
1	17283263	119	CT
1	17283353	90	AG
1	17284191	838	AG
1	17284328	137	CT
1	17285075	395	GT
1	17285457	382	CT
1	17285656	199	AC
1	17285855	199	TC
1	17285926	71	CG
1	17285997	71	AT
1	17287342	1257	TC
1	17287777	435	TC
1	17288249	304	GA
1	17288277	28	TC
1	17288672	395	GA
1	17288706	34	GT
1	17288707	1	CT
1	17288710	3	CT
1	17288818	108	GA
1	17288915	97	GA
1	17290585	1378	TC
1	17290604	19	TC
1	17290730	126	CT
1	17290886	156	AG
1	17290897	11	TC
1	17291300	158	TC
1	17291319	19	GC
1	17291336	17	AG
1	17291353	17	TC
1	17291393	40	CA
1	17291395	2	TC
1	17291400	5	TC
1	17292158	627	AC
1	17292610	324	GT
1	17292849	143	TC
1	17293557	708	CT
1	17293598	41	AG
1	17293720	122	AG
1	17293857	137	AG
1	17294099	242	CT
1	17294102	3	TA
1	17294205	103	CT
1	17294398	193	TC
1	17294647	249	AG
1	17294768	121	GC
1	17294780	12	TC
1	17294909	129	AG
1	17294932	23	TC
1	17295003	71	GA
1	17295115	112	CT
1	17295141	26	GA
1	17295175	34	GA
1	17296134	609	AT
1	17296439	266	TC
1	17296551	112	CT
1	17296634	83	CT
1	17296657	23	TG
1	17296761	104	AC
1	17297380	204	GA
1	17297480	100	CA
1	17297603	123	GA
1	17297770	167	TC
1	17297827	57	GA
1	17298282	455	AG
1	17298496	214	TC
1	17298713	217	AG
1	17299877	890	AC
1	17300036	159	CT
1	17300133	97	CT
1	17300218	85	GA
1	17302083	1257	GA
1	17303125	1042	TG
1	17303400	275	AT
1	17303510	110	GA
1	17304285	775	AC
1	17307402	2351	CT
1	17308225	515	CA
1	17311837	1941	TC
1	17312555	718	CT
1	17312683	128	GC
1	17312688	5	GA
1	17312847	159	GA
1	17313161	314	GA
1	17313523	362	TC
1	17313524	1	GA
1	17313807	83	AT
1	17313846	39	AG
1	17315054	172	TC
1	17315525	471	AC
1	17315583	58	TC
1	17315827	244	CG
1	17315979	152	TA
1	17315980	1	CA
1	17316256	276	AG
1	17316257	1	AG
1	17316529	228	GA
1	17316703	174	CT
1	17316778	75	CT
1	17316805	27	CT
1	17317175	370	CT
1	17317243	68	TC
1	17317293	50	GA
1	17317536	243	CA
1	17317582	46	CA
1	17317817	235	AG
1	17318003	186	CT
1	17318255	252	TC
1	17319289	807	CT
1	17319406	117	AG
1	17320116	621	CT
1	17320286	93	GA
1	17320927	641	CT
1	17321071	144	AG
1	17321125	54	CT
1	17322178	1053	CT
1	17323930	1709	CG
1	17324142	212	CT
1	17324238	96	CG
1	17324845	607	AG
1	17325888	1043	TC
1	17326884	888	CA
1	17327015	131	AG
1	17327121	106	GA
1	17329732	2325	GA
1	17331150	1418	AG
1	17334830	2418	GT
1	17335011	181	AG
1	17337497	1984	TC
1	17338977	1102	AG
1	17339060	83	TG
1	17339197	137	TC
1	17339401	204	TG
1	17340374	973	CT
1	17341550	554	AC
1	17341759	209	TC
1	17343027	1238	AG
1	17343308	281	GA
1	17346287	2908	CG
1	17347650	884	TC
1	17348482	832	GT
1	17348556	74	TC
1	17348798	242	TC
1	17348806	8	GC
1	17349093	252	TC
1	17349861	768	TC
1	17349866	5	GA
1	17349972	106	GC
1	17350007	35	CT
1	17350046	39	CT
1	17350221	175	CG
1	17350439	218	CG
1	17350440	1	CG
1	17350441	1	AT
1	17350461	20	AG
1	17350723	262	TC
1	17350874	151	TC
1	17350929	55	CT
1	17350969	40	CT
1	17351011	42	CT
1	17351457	328	AG
1	17351518	61	TC
1	17352042	495	TC
1	17352394	239	AG
1	17352705	311	AG
1	17353641	807	GC
1	17353785	144	GA
1	17354114	329	GA
1	17354158	44	GA
1	17354391	233	GA
1	17356073	1656	TC
1	17356176	103	AG
1	17357112	885	TG
1	17357657	201	CA
1	17358967	790	AG
1	17361422	1123	CT
1	17362165	743	TC
1	17362311	110	CT
1	17362335	24	CT
1	17362918	457	GA
1	17362975	57	GA
1	17363008	33	AG
1	17363009	1	AC
1	17363041	32	GA
1	17363054	13	GT
1	17363269	215	CT
1	17363801	227	CG
1	17363929	128	TC
1	17363951	22	AG
1	17363996	45	GT
1	17364021	25	GA
1	17364322	301	GT
1	17364384	62	TC
1	17364420	36	GA
1	17364693	273	TC
1	17365034	341	CT
1	17365158	124	AG
1	17365257	99	AC
1	17365926	612	TG
1	17367088	678	TC
1	17367191	103	CT
1	17367228	37	CT
1	17367904	446	GA
1	17367944	40	CG
1	17367952	8	TA
1	17367970	18	CT
1	17367974	4	GA
1	17369069	715	CT
1	17369086	17	TC
1	17369289	203	CT
1	17369290	1	AG
1	17369399	109	AG
1	17369501	102	TC
1	17369543	42	GA
1	17369559	16	CT
1	17369574	15	GA
1	17369687	113	AG
1	17369715	28	CT
1	17369900	185	CT
1	17369917	17	GA
1	17369932	15	CA
1	17369949	17	AG
1	17370008	59	CT
1	17370060	52	GA
1	17370286	166	GA
1	17370309	23	TC
1	17371564	1114	AG
1	17371735	171	AG
1	17371840	105	GA
1	17371845	5	GC
1	17371865	20	GC
1	17372254	389	AG
1	17372474	220	CT
1	17372492	18	GC
1	17373215	723	TC
1	17373503	288	CT
1	17373921	397	CG
1	17374428	253	CT
1	17374669	241	TC
1	17376036	1367	TG
1	17377765	1446	CT
1	17378993	1228	AG
1	17384296	4667	GA
1	17385266	585	GT
1	17386197	908	GT
1	17388364	1891	AG
1	17391500	2559	TC
1	17391986	486	CT
1	17392196	210	CT
1	17392234	38	CT
1	17392831	186	GT
1	17392837	6	CT
1	17392873	36	TG
1	17392882	9	TC
1	17393215	333	TC
1	17393708	182	GA
1	17393940	232	AT
1	17393962	22	GC
1	17394104	142	TC
1	17394120	16	CT
1	17394125	5	GA
1	17394128	3	GA
1	17394208	80	AG
1	17394265	57	AG
1	17394455	164	CT
1	17394635	180	AG
1	17394922	287	CG
1	17394973	51	GA
1	17394974	1	TA
1	17395113	139	AG
1	17395507	263	TC
1	17395651	144	TC
1	17395671	20	TA
1	17395841	170	GA
1	17396662	733	CG
1	17396861	199	CT
1	17397030	169	GA
1	17397125	95	CT
1	17398091	263	CT
1	17399814	1483	TA
1	17401488	1468	AG
1	17401540	52	TA
1	17402687	877	CT
1	17402717	30	AG
1	17402910	193	TC
1	17404225	1315	GT
1	17404991	297	GA
1	17405563	333	GA
1	17406328	765	CT
1	17406900	572	GA
1	17409009	2109	AG
1	17409286	277	GA
1	17409895	540	AG
1	17410239	344	AG
1	17410516	277	AG
1	17412901	1696	GA
1	17414020	1119	AG
1	17414059	39	GA
1	17414165	106	TG
1	17414335	170	CT
1	17414698	363	GA
1	17414721	23	CT
1	17414862	141	AG
1	17414878	16	AG
1	17415099	221	GA
1	17415105	6	TC
1	17415133	28	TC
1	17415190	57	AG
1	17415281	91	AG
1	17415674	393	GA
1	17415698	24	CT
1	17415757	59	TA
1	17415831	74	GA
1	17415876	45	GA
1	17415887	11	TC
1	17416000	113	GA
1	17417343	1343	AC
1	17417361	18	GA
1	17417766	405	GC
1	17417767	1	GA
1	17417806	39	AG
1	17417834	28	GA
1	17418173	339	GA
1	17418223	50	AG
1	17418407	184	AG
1	17418601	131	GA
1	17418649	48	GC
1	17418751	102	AG
1	17418829	78	AG
1	17419242	413	TC
1	17419287	45	TC
1	17419411	124	GA
1	17419469	58	GC
1	17419473	4	CG
1	17419489	16	AG
1	17419661	172	AT
1	17419701	40	AC
1	17419809	108	CT
1	17419912	103	TG
1	17420178	266	CG
1	17420191	13	CT
1	17420446	238	CT
1	17420585	139	CT
1	17420764	179	TC
1	17421179	382	CT
1	17421216	37	CT
1	17421429	213	CT
1	17421460	31	CG
1	17421471	11	TC
1	17421477	6	CG
1	17421959	419	TA
1	17422066	107	AG
1	17422150	84	TC
1	17422174	24	GA
1	17422422	248	CT
1	17422967	545	GC
1	17426447	3136	AG
1	17428534	1910	GA
1	17429970	1280	TC
1	17431207	1094	TC
1	17431223	16	CT
1	17432682	1085	GA
1	17433076	278	GA
1	17434135	905	TC
1	17434585	339	CT
1	17435259	497	AG
1	17435753	494	CT
1	17436390	384	TC
1	17436754	364	CT
1	17436996	242	GA
1	17438091	977	AC
1	17438128	37	TC
1	17438226	98	TC
1	17438256	30	TC
1	17438996	652	CT
1	17439054	58	TC
1	17439271	217	TA
1	17439395	124	CT
1	17439697	302	TC
1	17439890	193	GC
1	17440081	191	GA
1	17440174	93	TC
1	17440186	12	TC
1	17440289	103	GA
1	17440321	32	AG
1	17440789	468	TC
1	17441007	218	GA
1	17441044	37	GC
1	17441053	9	GA
1	17441056	3	GC
1	17441060	4	CT
1	17441061	1	CG
1	17441076	15	AG
1	17441096	20	TC
1	17441133	37	TC
1	17441148	15	AC
1	17441194	46	GA
1	17441259	65	TC
1	17441283	24	AG
1	17441287	4	TC
1	17441308	21	TC
1	17441406	98	GT
1	17441471	65	CG
1	17441476	5	GA
1	17441860	384	CT
1	17441937	77	GA
1	17442008	71	GA
1	17442196	188	TC
1	17442197	1	GT
1	17442223	26	AG
1	17442237	14	AG
1	17442328	91	AG
1	17442340	12	CT
1	17442620	280	CT
1	17443090	108	TC
1	17443136	46	CT
1	17443139	3	GA
1	17443280	141	GA
1	17443359	79	CT
1	17443983	624	TA
1	17443990	7	GA
1	17444031	41	CT
1	17444064	33	GA
1	17444115	51	GA
1	17444122	7	GA
1	17444479	357	CT
1	17445241	692	GT
1	17445531	290	GA
1	17445874	343	GA
1	17446052	178	GA
1	17446235	183	GA
1	17446638	403	TC
1	17446668	30	GC
1	17447284	268	CT
1	17447290	6	CT
1	17447344	54	CT
1	17447416	72	AC
1	17447523	107	CT
1	17447596	73	TC
1	17447881	285	TG
1	17447889	8	GT
1	17447900	11	TG
1	17447963	63	CT
1	17448302	339	GA
1	17448389	87	CT
1	17448480	91	GA
1	17448597	117	TA
1	17448753	156	GC
1	17448910	157	GA
1	17449290	380	GA
1	17449314	24	CT
1	17449723	143	CT
1	17449881	158	CA
1	17449989	108	GA
1	17450306	317	CT
1	17450362	56	GA
1	17450954	592	GA
1	17451003	49	TC
1	17451059	56	TC
1	17451366	307	CT
1	17451421	55	GA
1	17451519	98	GT
1	17451899	380	CT
1	17452121	122	GA
1	17452172	51	CT
1	17452457	210	GA
1	17452648	153	TC
1	17452730	82	CT
1	17453296	566	AG
1	17453537	241	CT
1	17453759	222	CT
1	17453872	113	TC
1	17454500	628	CG
1	17454501	1	TC
1	17454719	218	TC
1	17455164	445	TA
1	17455213	49	TC
1	17456127	865	TG
1	17456130	3	GA
1	17456602	413	TC
1	17456612	10	GA
1	17456771	159	GA
1	17456928	157	AG
1	17456965	37	TA
1	17457114	149	CT
1	17457404	290	CT
1	17457846	388	GT
1	17458286	440	AG
1	17458413	127	TC
1	17458465	52	GA
1	17458468	3	TC
1	17458482	14	TC
1	17459167	386	AT
1	17459180	13	GA
1	17459251	71	AG
1	17459367	116	AG
1	17459385	18	GA
1	17459575	190	GC
1	17459603	28	CT
1	17459767	164	GA
1	17459923	156	GA
1	17459957	34	GA
1	17460003	46	GT
1	17460629	626	TC
1	17461523	725	CT
1	17462304	781	GA
1	17462594	290	GA
1	17463303	647	CT
1	17465984	2593	AG
1	17466196	212	CT
1	17466313	117	GA
1	17466351	38	GA
1	17466699	348	GA
1	17467092	393	CT
1	17467522	430	CT
1	17467620	98	CT
1	17468198	578	GA
1	17468205	7	CG
1	17469042	331	TC
1	17469247	205	TC
1	17469842	595	CT
1	17470123	281	CT
1	17470226	103	AG
1	17471106	435	GA
1	17471108	2	GA
1	17471245	137	TC
1	17471505	260	CT
1	17473684	2054	TA
1	17473977	293	GA
1	17481334	5487	AG
1	17481631	297	TG
1	17481646	15	TG
1	17481655	9	GC
1	17486977	3879	GA
1	17487151	174	AG
1	17487302	151	GA
1	17487693	391	GC
1	17487720	27	GA
1	17489423	1684	TC
1	17492670	2074	CT
1	17493042	372	TC
1	17493050	8	CA
1	17493093	43	AG
1	17493165	72	GA
1	17494136	971	GT
1	17494206	70	CT
1	17495582	1093	CT
1	17495601	19	GA
1	17495621	20	GA
1	17496381	205	GA
1	17497183	498	GA
1	17497234	51	GA
1	17497252	18	GA
1	17498290	1018	AC
1	17499055	765	GT
1	17500135	1080	GA
1	17500142	7	GA
1	17500992	628	CT
1	17500998	6	CT
1	17501361	363	CT
1	17502513	545	GA
1	17502545	32	AG
1	17502705	160	GA
1	17503929	884	GT
1	17504060	131	CG
1	17506601	2327	GC
1	17506602	1	GA
1	17506764	162	GA
1	17507044	280	GA
1	17507279	235	TC
1	17507528	249	AG
1	17507679	151	GA
1	17509099	1065	AG
1	17509598	372	GT
1	17510565	967	CA
1	17511158	593	CT
1	17512625	1232	TC
1	17515054	2237	AT
1	17515815	464	CT
1	17520812	4067	CA
1	17521075	157	AT
1	17521918	776	CA
1	17521927	9	CT
1	17522030	103	TG
1	17522537	460	AG
1	17522684	147	CT
1	17523747	632	AG
1	17523773	26	AG
1	17523929	156	GT
1	17524389	402	CG
1	17524843	454	GA
1	17525034	191	AG
1	17526053	1019	GA
1	17526181	128	AG
1	17526341	160	AG
1	17526881	540	GA
1	17526886	5	TC
1	17526894	8	TC
1	17526907	13	AG
1	17526989	82	AG
1	17526998	9	CT
1	17527652	654	CA
1	17527679	27	GT
1	17527960	197	AG
1	17527974	14	AG
1	17528096	122	GT
1	17528224	128	CG
1	17528587	363	CG
1	17528736	149	CT
1	17529602	866	CT
1	17529759	157	CT
1	17530245	486	AG
1	17530246	1	CT
1	17530962	716	GA
1	17533531	2375	AG
1	17533834	303	GA
1	17534506	636	GA
1	17534870	364	GA
1	17534999	129	TC
1	17535530	495	TC
1	17535531	1	GA
1	17535858	327	CT
1	17537312	1454	TC
1	17537661	349	CT
1	17538064	403	CT
1	17538067	3	TC
1	17538086	19	AG
1	17538526	398	GA
1	17538890	255	TG
1	17539037	147	TC
1	17539061	24	AG
1	17539143	82	TA
1	17540131	296	GA
1	17540506	375	CT
1	17540615	109	GA
1	17540718	103	TC
1	17540724	6	AG
1	17540770	46	AG
1	17541143	373	TC
1	17541166	23	GA
1	17541223	57	AG
1	17541404	181	CT
1	17543027	1318	CT
1	17543084	57	AG
1	17543707	580	CT
1	17544727	784	AG
1	17544896	169	AG
1	17544994	98	GA
1	17545336	76	CT
1	17545460	124	GA
1	17545464	4	CA
1	17545776	312	TC
1	17545800	24	CT
1	17546125	185	CT
1	17546741	450	GA
1	17546840	99	CT
1	17546868	28	CG
1	17547322	141	GA
1	17547550	68	AG
1	17547946	396	AG
1	17547985	39	AG
1	17548083	98	AG
1	17548114	31	CT
1	17548122	8	CT
1	17548142	20	AG
1	17548238	96	GA
1	17548377	87	GA
1	17548431	54	GT
1	17548508	77	AG
1	17548523	15	GA
1	17548529	6	TC
1	17551074	651	AG
1	17551107	33	CT
1	17551238	131	GA
1	17551484	246	GC
1	17552239	213	CT
1	17552271	32	CT
1	17552440	169	AC
1	17552816	376	AG
1	17552893	77	CG
1	17553426	145	TC
1	17553716	290	TC
1	17553829	113	AG
1	17554243	414	GA
1	17554288	45	TC
1	17554415	127	TC
1	17554522	107	AC
1	17554700	178	GA
1	17554936	236	CT
1	17555074	138	GA
1	17555270	196	AG
1	17555310	40	GA
1	17555548	238	TC
1	17556339	791	GT
1	17556585	246	CT
1	17557002	341	GC
1	17557370	368	CT
1	17557461	91	GA
1	17557580	119	CT
1	17557817	159	CA
1	17558094	277	GA
1	17558351	257	GA
1	17558472	121	GA
1	17558711	239	AG
1	17558732	21	CT
1	17558752	20	CG
1	17558896	144	GA
1	17559167	271	CT
1	17559249	82	GA
1	17560402	982	TC
1	17561104	702	GA
1	17562041	415	AG
1	17562094	53	AC
1	17562100	6	GT
1	17562945	149	GA
1	17563935	409	AG
1	17563950	15	GC
1	17563952	2	AG
1	17564159	207	GA
1	17567699	2736	CT
1	17579834	10425	CT
1	17580189	355	TG
1	17580277	88	GC
1	17580339	62	CT
1	17580587	73	CT
1	17580782	195	CT
1	17580890	108	CT
1	17581157	267	AG
1	17581429	272	AC
1	17581971	414	GA
1	17582384	413	GA
1	17582385	1	AG
1	17582766	254	CT
1	17583405	321	GA
1	17583605	200	GT
1	17583884	279	GA
1	17585173	1171	CT
1	17585216	43	AC
1	17585283	67	CT
1	17585319	36	GA
1	17585351	32	AC
1	17586046	288	AG
1	17586075	29	AG
1	17586441	366	AC
1	17587427	120	CT
1	17589103	54	GA
1	17589164	61	CG
1	17589185	21	TC
1	17590337	1052	GA
1	17590414	77	TC
1	17590763	82	CT
1	17591009	246	CT
1	17592082	810	AG
1	17592163	81	TG
1	17592218	55	TC
1	17592220	2	TG
1	17592253	33	GA
1	17592315	62	CT
1	17592330	15	CG
1	17592400	70	CT
1	17592481	81	CT
1	17592793	312	GC
1	17592835	42	TC
1	17592862	27	CT
1	17593337	475	GA
1	17593440	103	CT
1	17593805	193	TC
1	17593923	88	AG
1	17593924	1	GA
1	17594174	250	GA
1	17594786	427	CT
1	17594837	51	CG
1	17594905	68	GA
1	17594957	52	AG
1	17594972	15	CT
1	17595271	239	TC
1	17596296	761	AG
1	17596331	35	GA
1	17596908	98	GT
1	17597031	123	GA
1	17597073	42	AT
1	17597259	148	CT
1	17597468	209	AG
1	17597694	226	GA
1	17597834	140	TC
1	17597836	2	AG
1	17597874	38	AG
1	17597925	51	AG
1	17597958	33	TC
1	17597980	22	AG
1	17598021	41	CT
1	17598121	100	AC
1	17598140	19	CA
1	17598211	71	CT
1	17598801	590	CA
1	17599100	262	GA
1	17599105	5	GA
1	17599124	19	CT
1	17599147	23	GA
1	17599324	177	AG
1	17599532	208	GC
1	17599779	247	CT
1	17600838	1059	GA
1	17600839	1	CA
1	17601008	169	CT
1	17601145	137	CT
1	17601272	127	GA
1	17601571	299	CG
1	17602526	955	GA
1	17602825	299	GA
1	17606149	2678	CT
1	17606171	22	AG
1	17610074	2799	CG
1	17654364	34423	CA
1	17654455	91	CT
1	17655546	512	TC
1	17655764	218	AT
1	17655863	99	GT
1	17655991	128	CT
1	17657579	658	CT
1	17657730	151	GA
1	17657827	97	AG
1	17657852	25	CT
1	17658314	426	GA
1	17658893	579	GA
1	17658973	80	CT
1	17658992	19	TC
1	17658999	7	TC
1	17659049	50	AC
1	17659087	38	GA
1	17659222	135	CG
1	17659358	136	TC
1	17659362	4	AG
1	17659383	21	GC
1	17659384	1	TC
1	17659408	24	GA
1	17659417	9	AG
1	17659479	62	TC
1	17659520	41	AG
1	17659527	7	AG
1	17659557	30	GC
1	17659895	58	TC
1	17659940	45	GA
1	17660135	195	TC
1	17660211	76	TC
1	17660592	381	GA
1	17660779	187	GA
1	17661056	277	CT
1	17661057	1	GA
1	17661594	537	AG
1	17661652	58	TC
1	17661785	133	GA
1	17662112	327	AG
1	17662133	21	CG
1	17662756	623	CT
1	17662959	203	AC
1	17662974	15	CT
1	17663564	590	AG
1	17664980	537	CT
1	17665112	132	CT
1	17665516	404	TA
1	17665779	263	TC
1	17666115	336	TA
1	17666311	196	CT
1	17666358	47	GA
1	17666410	52	GA
1	17666712	302	AG
1	17666922	210	CT
1	17666985	63	AG
1	17667425	440	AT
1	17667454	29	CG
1	17667518	64	AC
1	17667598	80	GA
1	17669100	852	GA
1	17669824	695	GC
1	17669864	40	TC
1	17669996	132	CT
1	17670183	187	TC
1	17670215	32	GA
1	17670301	86	AC
1	17670352	51	GC
1	17670475	123	CT
1	17670691	216	CT
1	17670842	151	CT
1	17671407	565	GA
1	17671432	25	TA
1	17674509	2802	CG
1	17674545	36	CT
1	17674658	113	AG
1	17674873	215	CT
1	17674948	75	GC
1	17676226	1256	AG
1	17676563	337	TC
1	17677072	139	CT
1	17677127	55	CT
1	17677911	759	AC
1	17678126	174	TC
1	17678213	87	CT
1	17678247	34	TG
1	17678287	40	CT
1	17678380	93	TC
1	17678421	41	GA
1	17678579	158	TC
1	17678612	33	CT
1	17678780	168	TC
1	17679011	231	AG
1	17679265	254	TC
1	17679393	128	TC
1	17679584	191	GA
1	17679821	237	CT
1	17680101	280	CT
1	17680109	8	GA
1	17680595	486	CT
1	17682240	896	CA
1	17682501	261	AG
1	17682593	92	AG
1	17682727	134	TC
1	17682950	223	AT
1	17683334	384	CT
1	17684238	561	AG
1	17684255	17	CT
1	17684442	187	CT
1	17684471	29	CT
1	17685955	1201	GA
1	17687315	942	CA
1	17687651	336	GA
1	17687727	76	CT
1	17687748	21	CT
1	17687900	152	AC
1	17687916	16	CT
1	17688226	310	TC
1	17689391	1116	CG
1	17690405	1014	GA
1	17690726	321	TC
1	17690810	84	GA
1	17690970	160	TC
1	17691559	106	CA
1	17691605	46	CT
1	17691865	260	CT
1	17691959	94	TC
1	17691963	4	AG
1	17692001	38	AC
1	17692003	2	GA
1	17692104	101	TC
1	17692146	42	TC
1	17692268	122	GA
1	17692330	62	GA
1	17692377	47	GA
1	17692820	443	CT
1	17694325	1368	GA
1	17694793	205	GT
1	17695169	376	GA
1	17695342	84	TC
1	17695858	516	TG
1	17696022	164	GT
1	17696562	540	AG
1	17697023	461	CT
1	17697057	34	CT
1	17697725	368	TC
1	17700071	651	AC
1	17700152	81	AG
1	17700203	51	AG
1	17700242	39	GA
1	17700539	297	AG
1	17700613	74	TC
1	17700951	338	GA
1	17701708	671	AG
1	17702697	831	GC
1	17702787	90	GA
1	17702830	43	GA
1	17702903	73	CT
1	17703080	177	TC
1	17703141	61	CT
1	17703147	6	CG
1	17703356	209	GA
1	17703614	258	GA
1	17703630	16	GA
1	17703637	7	AG
1	17706294	466	GA
1	17706693	279	CG
1	17709776	702	CA
1	17710039	243	TC
1	17710048	9	AC
1	17710126	78	GA
1	17710217	91	TA
1	17710272	55	CT
1	17710376	104	CT
1	17710380	4	AG
1	17710479	99	AG
1	17710557	78	CG
1	17710568	11	AC
1	17710666	98	TC
1	17710667	1	GT
1	17710699	32	GC
1	17710813	114	CA
1	17711209	396	CT
1	17711242	33	TC
1	17711268	26	TA
1	17711356	88	TA
1	17711366	10	GA
1	17711371	5	GA
1	17711400	29	TC
1	17711512	112	TA
1	17711878	366	CT
1	17712059	181	CG
1	17712075	16	GA
1	17712080	5	CT
1	17712281	201	TC
1	17712700	419	GA
1	17713124	424	GA
1	17713406	282	GA
1	17713919	513	GA
1	17714396	477	CT
1	17714634	238	CT
1	17715070	436	CT
1	17715572	502	GA
1	17715621	49	GT
1	17715635	14	GA
1	17715645	10	AG
1	17716195	550	CT
1	17716309	114	CT
1	17716314	5	CA
1	17716325	11	AT
1	17716327	2	CT
1	17716869	542	CG
1	17722163	1638	AG
1	17722596	433	TC
1	17722941	345	GA
1	17722983	42	GT
1	17725560	2466	GA
1	17726181	621	GC
1	17726198	17	GA
1	17726595	38	GA
1	17726738	143	AG
1	17726874	136	AG
1	17726909	35	GA
1	17727196	287	CT
1	17727603	407	CG
1	17727883	258	GA
1	17728063	180	GC
1	17728117	54	CT
1	17728195	78	TC
1	17729089	894	TG
1	17729201	112	TA
1	17729629	428	GA
1	17729683	54	CT
1	17729688	5	TC
1	17729955	267	GT
1	17729960	5	CT
1	17730619	659	AG
1	17730700	81	GT
1	17731584	548	GC
1	17731613	29	GC
1	17731810	197	CT
1	17731939	129	TC
1	17732131	192	GA
1	17732194	63	CT
1	17732524	330	GA
1	17732718	194	CT
1	17733086	120	CT
1	17733102	16	TC
1	17733679	271	GA
1	17733813	134	GA
1	17734101	288	TC
1	17734140	39	GC
1	17734182	42	TC
1	17734266	84	TC
1	17734403	137	GA
1	17735150	468	AG
1	17735477	327	TC
1	17736290	743	GA
1	17737517	1227	CT
1	17738332	815	AG
1	17739296	569	GA
1	17740047	633	GA
1	17741065	1018	CT
1	17741822	757	GA
1	17742125	303	CT
1	17743280	1037	CA
1	17745113	1766	AG
1	17745240	127	GA
1	17745557	317	GA
1	17745573	16	GA
1	17745653	80	AG
1	17745673	20	AG
1	17746202	101	GA
1	17746629	427	CT
1	17746630	1	GA
1	17746632	2	TG
1	17746665	33	AG
1	17746918	253	AG
1	17747974	806	CT
1	17750267	1614	TC
1	17751088	821	AC
1	17751136	48	AC
1	17753659	2070	CA
1	17753798	139	TC
1	17753806	8	AG
1	17753827	21	GA
1	17757286	3295	CT
1	17757423	137	CG
1	17757515	92	CT
1	17758277	762	CT
1	17758880	603	AC
1	17758917	37	TC
1	17758941	24	TA
1	17761553	2172	GA
1	17763847	1741	TC
1	17764198	351	GA
1	17764294	96	TC
1	17764309	15	GA
1	17764399	90	CT
1	17764424	25	AG
1	17764446	22	GC
1	17764449	3	CT
1	17764531	82	TC
1	17765121	292	TC
1	17765123	2	CT
1	17765135	12	GC
1	17765231	96	GA
1	17765330	99	TC
1	17766015	685	TC
1	17766205	190	CT
1	17766506	301	CT
1	17766615	109	AG
1	17766687	72	CA
1	17767424	260	CA
1	17767681	257	CA
1	17767703	22	AT
1	17767743	40	CT
1	17768029	256	AG
1	17768057	28	AG
1	17768325	268	AG
1	17768361	36	CT
1	17768636	275	GA
1	17768697	61	GA
1	17768699	2	CT
1	17768818	119	CA
1	17768901	83	GT
1	17770745	1690	AG
1	17770749	4	CG
1	17770955	206	GA
1	17771055	100	AG
1	17771067	12	AG
1	17771360	293	GA
1	17771368	8	AG
1	17771369	1	AG
1	17771603	234	GC
1	17771819	216	GT
1	17771836	17	CG
1	17771916	80	AG
1	17772068	152	GA
1	17774444	1313	CT
1	17774503	59	GA
1	17774509	6	AG
1	17774771	262	GC
1	17774798	27	CT
1	17775751	670	TG
1	17776111	360	GC
1	17776256	145	TA
1	17776698	442	TG
1	17776757	59	GC
1	17776864	107	AG
1	17776916	52	GA
1	17776962	46	TC
1	17777063	101	TC
1	17777496	433	CT
1	17777895	399	CT
1	17778751	639	TA
1	17779003	252	AT
1	17779027	24	CA
1	17779094	67	AG
1	17779117	23	AG
1	17779188	71	GA
1	17779565	377	TC
1	17779682	117	TG
1	17779876	194	CT
1	17780158	282	TC
1	17780708	550	TC
1	17782250	936	CT
1	17782261	11	AC
1	17782273	12	TC
1	17782311	38	CG
1	17782451	140	TC
1	17782657	206	CT
1	17782756	99	AG
1	17782920	164	CT
1	17782996	76	AG
1	17783037	41	AG
1	17783051	14	GA
1	17783058	7	TC
1	17783435	377	CA
1	17784330	895	CT
1	17784427	97	AC
1	17784587	160	GA
1	17784969	382	GA
1	17785538	569	CT
1	17785656	118	AG
1	17785800	144	CT
1	17786081	281	AG
1	17787842	1223	TC
1	17787906	64	TC
1	17788116	210	CG
1	17788150	34	GA
1	17790111	1416	AC
1	17790709	551	CT
1	17790885	176	CT
1	17790936	51	CT
1	17791434	362	GA
1	17791601	167	TC
1	17791806	181	GA
1	17792124	318	GA
1	17793808	1393	CT
1	17794080	272	CT
1	17794081	1	AG
1	17794478	397	TC
1	17794538	60	AG
1	17794550	12	AT
1	17794560	10	TC
1	17795139	470	GA
1	17801354	5262	CA
1	17807977	3355	GA
1	17811611	3211	AG
1	17812041	126	AG
1	17812068	27	AC
1	17812120	52	AG
1	17812128	8	CT
1	17812673	545	GA
1	17812715	42	CT
1	17813198	307	CA
1	17813445	247	AG
1	17813597	152	CT
1	17813671	74	GA
1	17814295	477	TC
1	17814468	173	CT
1	17814564	96	GT
1	17814627	63	CT
1	17815041	414	GT
1	17815836	472	CT
1	17815846	10	TC
1	17816153	307	GA
1	17816180	27	GA
1	17816541	361	AG
1	17816741	96	GA
1	17817099	32	GA
1	17817105	6	GC
1	17819461	2204	TC
1	17819678	217	GA
1	17819794	116	CT
1	17820545	689	TC
1	17822109	1564	CA
1	17822191	82	CT
1	17822890	659	GA
1	17823040	150	CT
1	17824356	1279	CG
1	17824406	50	GA
1	17824872	466	CT
1	17825378	506	GA
1	17826280	902	GA
1	17826325	45	CT
1	17826378	53	CT
1	17826488	110	CT
1	17827169	372	TC
1	17827202	33	AG
1	17827236	34	AG
1	17827244	8	CT
1	17827861	617	CG
1	17827953	92	CT
1	17828480	527	AG
1	17829810	1299	CT
1	17830089	279	GA
1	17830250	161	GT
1	17830657	407	TC
1	17831563	906	GA
1	17832774	876	TC
1	17832947	173	GC
1	17832976	29	CA
1	17832992	16	CT
1	17833088	96	CT
1	17838630	4888	AT
1	17839096	466	AT
1	17840301	1186	CT
1	17840363	62	GA
1	17840463	100	GA
1	17840524	61	CT
1	17841030	506	GA
1	17841740	668	TC
1	17842168	150	CT
1	17844328	1935	TG
1	17845191	707	CT
1	17846085	583	AC
1	17846156	71	AG
1	17846268	112	CT
1	17846282	14	GC
1	17846933	503	CT
1	17847204	217	CT
1	17847763	429	GA
1	17847800	37	AG
1	17848502	702	CA
1	17848849	347	TA
1	17849262	413	CT
1	17849733	471	GA
1	17849746	13	CT
1	17850064	318	TC
1	17851253	1159	CA
1	17851373	120	CT
1	17852316	852	GA
1	17852522	206	GA
1	17852601	79	AG
1	17852660	59	GA
1	17853056	396	AG
1	17853391	335	GA
1	17858113	4405	GA
1	17865691	6356	CT
1	17867655	1615	TC
1	17867731	76	TC
1	17868341	610	CT
1	17870074	1733	CA
1	17870739	647	CG
1	17872672	1916	AG
1	17879871	6623	AC
1	17879932	61	GC
1	17880236	304	AG
1	17880397	161	CT
1	17880542	145	CT
1	17881165	623	TC
1	17881768	603	CT
1	17881771	3	GT
1	17881777	6	GA
1	17882490	713	TC
1	17882508	18	AG
1	17882528	20	GA
1	17883202	637	TC
1	17884100	898	CT
1	17884634	311	TC
1	17884720	86	GA
1	17884754	34	CT
1	17884818	64	CT
1	17884902	84	TG
1	17885118	216	AG
1	17886492	909	GA
1	17886777	285	GA
1	17886802	25	CT
1	17889881	2128	CT
1	17889882	1	TG
1	17895062	954	AC
1	17895339	277	TC
1	17895551	212	CT
1	17895806	255	AG
1	17895836	30	GA
1	17896137	301	CT
1	17896233	96	AG
1	17896470	237	TC
1	17897504	1034	CT
1	17897505	1	CT
1	17897778	150	GA
1	17898851	1013	CT
1	17899654	243	CT
1	17899664	10	CT
1	17899740	76	TC
1	17900946	837	TC
1	17902093	1109	GA
1	17903442	1349	AG
1	17904133	691	GA
1	17907452	3319	CA
1	17908009	557	CA
1	17908586	248	GA
1	17909083	497	GC
1	17910283	1200	AG
1	17911551	1190	TC
1	17912128	577	AC
1	17912470	342	TC
1	17912969	499	TC
1	17913465	496	TC
1	17915089	1164	CT
1	17916377	972	CT
1	17916436	59	CG
1	17918032	669	GA
1	17939243	16558	CT
1	18017980	64267	GA
1	18028404	6346	CT
1	18029068	564	CT
1	18029153	85	TC
1	18029223	70	CT
1	18029238	15	GA
1	18031348	2030	CT
1	18031390	42	AC
1	18031569	179	CG
1	18032065	450	CT
1	18033504	1405	AG
1	18033577	73	AG
1	18034704	589	TC
1	18035321	372	GA
1	18035580	259	TC
1	18035802	222	GA
1	18035951	149	CT
1	18035995	44	AC
1	18036001	6	CT
1	18036173	172	CT
1	18036449	276	CT
1	18036587	138	GA
1	18036860	273	GA
1	18037534	386	GA
1	18037999	465	CT
1	18038206	207	GA
1	18038227	21	AG
1	18038556	329	AG
1	18038919	363	CG
1	18038994	75	CT
1	18039062	68	CT
1	18039539	477	AG
1	18039557	18	TC
1	18039587	30	AG
1	18040029	442	CT
1	18040063	34	CG
1	18040234	171	CT
1	18040366	132	CT
1	18040421	55	GA
1	18040718	297	GA
1	18040751	33	CT
1	18040785	34	GA
1	18040846	61	CT
1	18040897	51	TC
1	18040905	8	GA
1	18040956	51	CT
1	18041079	123	TC
1	18041101	22	CT
1	18041138	37	TC
1	18041304	166	AG
1	18041339	35	TC
1	18041418	79	CG
1	18041539	121	TG
1	18041590	51	GC
1	18041667	77	GA
1	18041678	11	GA
1	18041681	3	GC
1	18041690	9	AG
1	18041751	61	CT
1	18041756	5	TG
1	18041769	13	GA
1	18042190	142	AG
1	18042194	4	AG
1	18042255	61	GA
1	18042343	88	AG
1	18042501	158	CT
1	18042534	33	GA
1	18042612	78	TC
1	18042992	380	TC
1	18046691	2995	CT
1	18047524	833	GA
1	18048251	727	GA
1	18049538	1287	GA
1	18049943	405	TC
1	18050554	611	GA
1	18050563	9	TC
1	18050950	387	AG
1	18051186	236	AC
1	18051210	24	AC
1	18055300	3803	TC
1	18055360	60	CG
1	18059735	4179	GA
1	18064862	2917	GA
1	18065081	219	CT
1	18065210	129	AC
1	18065504	59	GA
1	18066148	644	CT
1	18068441	2293	GA
1	18069005	564	TC
1	18070872	1867	CA
1	18073154	2196	GA
1	18075050	1639	CT
1	18075136	86	GA
1	18075651	515	CT
1	18076368	717	GA
1	18076393	25	GC
1	18077033	640	TC
1	18077171	138	GA
1	18077182	11	GA
1	18077745	563	TG
1	18077978	233	AG
1	18078481	447	CA
1	18078522	41	GA
1	18080469	1456	AG
1	18080599	130	GC
1	18080934	335	CG
1	18080960	26	GA
1	18082135	1036	CT
1	18082180	45	GA
1	18082527	347	AC
1	18083000	473	TC
1	18083032	32	CT
1	18083643	611	GA
1	18084736	1093	TC
1	18084964	228	TA
1	18087946	2569	TC
1	18088063	117	CT
1	18088345	282	TC
1	18090717	2372	AG
1	18092158	1441	GA
1	18093166	1008	CT
1	18093419	253	AG
1	18093564	145	CA
1	18093651	87	AG
1	18094062	411	GA
1	18094570	508	GA
1	18094971	401	AG
1	18095099	128	CG
1	18095227	128	CT
1	18095547	285	CT
1	18095760	213	TC
1	18096125	365	GA
1	18096756	631	AG
1	18100720	3328	AG
1	18101022	302	TC
1	18102087	885	GA
1	18104066	1660	GA
1	18105845	1524	CA
1	18106740	895	TA
1	18109579	2715	GA
1	18112278	2565	GA
1	18115148	2428	TC
1	18115442	294	GA
1	18117447	1123	CT
1	18117761	314	GA
1	18120534	2773	CT
1	18126203	3734	CG
1	18127356	849	CT
1	18128613	893	CT
1	18129970	812	TG
1	18130284	314	TC
1	18130395	111	TC
1	18132555	1749	GA
1	18133512	957	GA
1	18133659	147	CT
1	18134340	256	TC
1	18134410	70	GA
1	18134904	494	CT
1	18135868	479	GA
1	18136236	368	GA
1	18136661	425	AG
1	18138312	1360	AG
1	18138488	176	GA
1	18140204	1223	CT
1	18143297	2706	GA
1	18143723	426	AG
1	18145841	1602	GA
1	18146623	782	TA
1	18146741	118	AC
1	18147525	139	GA
1	18150054	1974	GC
1	18150420	366	GA
1	18150691	271	CT
1	18151014	323	GA
1	18151062	48	CT
1	18151087	25	AG
1	18151237	150	AG
1	18152097	293	CT
1	18152099	2	TC
1	18152139	40	CA
1	18152232	93	TC
1	18152573	341	TC
1	18152673	100	AG
1	18153409	386	CT
1	18153987	578	AG
1	18154251	264	CT
1	18154927	676	CT
1	18154983	56	GA
1	18155075	92	TC
1	18155984	800	AT
1	18156018	34	AG
1	18159937	3414	TC
1	18160173	236	CT
1	18160352	179	TC
1	18160895	543	GC
1	18162125	1102	CT
1	18164095	1713	TC
1	18165348	1070	TC
1	18166630	1282	AG
1	18169066	2306	TC
1	18170401	983	GA
1	18170979	578	AG
1	18174004	2427	TC
1	18175089	1085	AG
1	18175497	408	CT
1	18176105	571	CT
1	18176490	385	CA
1	18176866	376	TC
1	18178478	1612	TA
1	18180650	1881	CT
1	18182871	1866	CT
1	18185530	2236	GA
1	18188536	2448	TC
1	18190045	1509	CT
1	18192663	1725	AG
1	18193427	764	AG
1	18194034	590	CT
1	18194468	434	GA
1	18194977	345	TC
1	18195197	220	TC
1	18197077	1115	AG
1	18197950	873	TC
1	18198019	69	GA
1	18198242	223	CT
1	18198301	59	GA
1	18198469	168	TC
1	18198510	41	TG
1	18199079	569	GA
1	18199108	29	TC
1	18201026	1370	GA
1	18201628	453	CG
1	18201648	20	TC
1	18201927	279	AG
1	18203372	1076	GA
1	18203500	128	GA
1	18204391	891	TG
1	18206189	1798	AG
1	18206622	433	GC
1	18206806	184	GT
1	18206838	32	GA
1	18207521	477	TC
1	18208124	273	TC
1	18208508	384	CA
1	18208588	80	AC
1	18208879	291	TC
1	18210272	653	AG
1	18210406	134	AG
1	18210541	135	AG
1	18210969	428	CT
1	18211427	458	AG
1	18213139	1270	AG
1	18213746	607	GA
1	18214052	306	GA
1	18214089	37	TC
1	18214107	18	GA
1	18214201	94	GA
1	18214590	389	TG
1	18215285	695	GA
1	18215490	205	TC
1	18215513	23	AG
1	18215915	402	CT
1	18217289	1311	AG
1	18217482	193	GA
1	18217925	443	TG
1	18218406	421	GA
1	18218523	117	TC
1	18218790	267	GA
1	18218881	91	CG
1	18218929	48	AG
1	18219418	489	GA
1	18219429	11	TC
1	18219434	5	CT
1	18219440	6	CT
1	18219441	1	AG
1	18219574	133	AG
1	18219755	181	CT
1	18219758	3	GC
1	18219762	4	AC
1	18221490	1029	CT
1	18222137	647	CT
1	18222307	170	CT
1	18223968	1498	TC
1	18224077	109	CA
1	18224421	344	CG
1	18224806	291	CT
1	18225198	392	CT
1	18225233	35	TC
1	18225805	572	CT
1	18225935	130	CG
1	18226913	819	GT
1	18226915	2	GA
1	18227206	82	AG
1	18227211	5	CA
1	18227351	140	GA
1	18227608	197	GA
1	18227616	8	TG
1	18227849	233	AT
1	18228079	230	GA
1	18228211	132	TC
1	18228782	67	CT
1	18229290	475	CT
1	18229854	564	CT
1	18230062	208	TC
1	18230081	19	GA
1	18230259	178	GA
1	18230540	281	CT
1	18230808	268	GA
1	18231708	653	TC
1	18231733	25	GA
1	18231842	109	AG
1	18232278	436	GA
1	18232664	386	TC
1	18232902	238	TC
1	18235369	2288	GA
1	18235871	502	AG
1	18237913	1483	TC
1	18238386	473	TC
1	18241721	2120	CT
1	18242991	1207	GC
1	18245349	2083	AG
1	18245877	221	TG
1	18246961	1084	GA
1	18247030	69	CT
1	18247090	60	CT
1	18247163	73	CA
1	18253920	5252	AC
1	18254693	773	TG
1	18254722	29	AG
1	18254857	135	AG
1	18255609	752	AG
1	18256194	425	CT
1	18256415	221	GC
1	18258094	1395	GA
1	18259453	1036	CT
1	18260611	1054	TC
1	18262002	1082	TC
1	18262719	483	AC
1	18263599	880	CT
1	18264959	1360	GA
1	18265397	438	GT
1	18265490	93	GA
1	18265571	81	GA
1	18266995	1154	GA
1	18267157	162	GC
1	18272032	4379	CT
1	18273778	832	CT
1	18276112	1859	AG
1	18276534	422	AC
1	18276809	275	GT
1	18276810	1	GA
1	18277435	625	AG
1	18277923	488	TC
1	18277932	9	TC
1	18278016	84	TC
1	18278032	16	GC
1	18278097	65	GA
1	18278355	258	CT
1	18278357	2	TA
1	18278638	281	CT
1	18278898	260	AG
1	18279021	123	GA
1	18279035	14	AG
1	18279094	59	GA
1	18279533	439	GA
1	18279564	31	GC
1	18279939	375	AG
1	18280105	166	GA
1	18280145	40	AC
1	18280242	97	TC
1	18281146	523	GA
1	18281153	7	GA
1	18281526	373	GA
1	18283048	1522	AG
1	18284454	1381	CA
1	18286937	2244	GA
1	18289970	2869	CT
1	18290609	469	AG
1	18290664	55	TC
1	18290928	264	CA
1	18290968	40	GT
1	18290986	18	AC
1	18291354	323	AT
1	18291379	25	TC
1	18292185	806	TC
1	18292342	157	TC
1	18292679	287	GC
1	18292774	95	CA
1	18292964	190	AC
1	18292993	29	AC
1	18293052	59	AT
1	18294230	788	AG
1	18294291	61	GT
1	18294457	166	GA
1	18295161	403	TG
1	18295535	160	TC
1	18296547	744	GA
1	18296559	12	AG
1	18296635	76	AG
1	18296841	206	TC
1	18296911	70	CA
1	18297061	150	AG
1	18297360	299	CT
1	18297425	65	GA
1	18297481	56	GT
1	18297952	471	AT
1	18300217	1968	TC
1	18302255	1768	AG
1	18302862	607	CA
1	18303941	1079	GA
1	18306708	2704	CA
1	18310160	2852	TA
1	18310527	367	CG
1	18310662	135	AT
1	18311628	456	AG
1	18313396	829	AG
1	18313513	117	AT
1	18313899	237	AG
1	18313925	26	GA
1	18314158	233	CT
1	18314161	3	GA
1	18314990	249	GA
1	18315050	60	TC
1	18315297	247	GT
1	18316949	630	GA
1	18316956	7	TC
1	18317000	44	GA
1	18317048	48	CT
1	18318173	338	GA
1	18318213	40	CT
1	18318786	377	GT
1	18318821	35	CT
1	18318838	17	GA
1	18319125	287	TC
1	18319215	90	GA
1	18319447	232	CT
1	18321061	1556	GA
1	18321191	130	CG
1	18321224	33	AG
1	18323081	1739	CT
1	18324958	1561	TC
1	18325153	195	CT
1	18326124	971	GA
1	18326620	496	GA
1	18326797	177	TC
1	18327302	505	GA
1	18327581	279	AG
1	18327599	18	AG
1	18327844	245	AG
1	18328032	188	AG
1	18328624	392	AG
1	18328951	327	CT
1	18329534	246	CT
1	18329650	116	CG
1	18331530	1230	AG
1	18332060	530	GT
1	18332237	177	CT
1	18332508	271	TC
1	18333024	213	TG
1	18333100	76	GA
1	18334109	899	GA
1	18334456	347	TG
1	18336588	1499	CT
1	18337169	581	CT
1	18338635	813	AC
1	18339749	976	CG
1	18342034	1564	AG
1	18358176	9209	AC
1	18358854	678	AG
1	18358903	49	TC
1	18359876	585	AG
1	18359954	78	AG
1	18359974	20	GA
1	18360026	52	CT
1	18360596	570	GA
1	18362452	1659	CT
1	18363067	281	CT
1	18366082	1153	TC
1	18366944	107	TG
1	18366949	5	AC
1	18369433	653	CT
1	18369663	230	GA
1	18369673	10	GA
1	18370173	35	GA
1	18370191	18	TC
1	18370196	5	GT
1	18371640	1086	CT
1	18371665	25	CG
1	18372648	156	AG
1	18372900	252	GA
1	18373218	318	CT
1	18373493	100	AG
1	18373695	202	CA
1	18373721	26	GA
1	18374074	353	GA
1	18374154	80	AG
1	18375624	639	CG
1	18375698	74	CT
1	18375726	28	TC
1	18375835	109	AG
1	18375874	39	CT
1	18375910	36	TC
1	18375912	2	CT
1	18376048	136	GA
1	18376107	59	AG
1	18376108	1	CT
1	18376110	2	GC
1	18376118	8	TC
1	18376384	266	CT
1	18376512	128	GA
1	18377362	518	CT
1	18377468	106	AC
1	18377691	223	CT
1	18378313	603	AC
1	18378708	395	GA
1	18378739	31	TC
1	18379117	378	GA
1	18379513	189	GC
1	18379675	162	GC
1	18379838	163	CA
1	18380633	734	TC
1	18380636	3	GA
1	18380840	204	TC
1	18380941	101	TA
1	18381107	166	TC
1	18381305	198	TC
1	18381331	26	CT
1	18381767	307	GA
1	18381897	130	CT
1	18382154	257	GC
1	18382167	13	GA
1	18382233	66	CT
1	18382286	53	CA
1	18382439	153	CT
1	18382579	140	GA
1	18382709	130	TC
1	18382799	90	GA
1	18382814	15	AG
1	18382846	32	CT
1	18383118	272	GA
1	18383189	71	CT
1	18383310	121	GA
1	18383507	197	AC
1	18383623	116	TC
1	18383646	23	GA
1	18383824	178	TC
1	18384056	232	AG
1	18386507	2041	TC
1	18386537	30	TC
1	18387344	807	GA
1	18387751	407	GA
1	18387853	102	CT
1	18388032	179	GA
1	18388069	37	TA
1	18388200	131	CT
1	18388387	187	GA
1	18388489	102	GA
1	18388498	9	CT
1	18388972	425	TC
1	18389070	98	GA
1	18389737	644	GC
1	18390885	1148	AG
1	18390903	18	GA
1	18391126	223	CT
1	18391420	294	GA
1	18391424	4	AT
1	18393230	1806	GT
1	18393570	340	GA
1	18394329	759	CT
1	18394431	102	CT
1	18395779	1099	GA
1	18395953	174	AG
1	18396350	397	AT
1	18396374	24	GA
1	18396468	94	TC
1	18397001	533	AT
1	18398460	1091	CT
1	18398975	515	CT
1	18399304	329	CT
1	18399567	263	TC
1	18406287	5042	GA
1	18407795	1245	AG
1	18408287	492	CT
1	18410446	2159	AG
1	18410510	64	GC
1	18412790	2280	GC
1	18412823	33	GA
1	18414918	1296	AG
1	18415635	717	GT
1	18416244	556	CA
1	18417615	1371	GT
1	18418297	462	GT
1	18418313	16	GA
1	18418361	48	GA
1	18418911	550	GA
1	18418940	29	CT
1	18420098	1011	AG
1	18421178	1080	GA
1	18421336	158	CT
1	18422046	710	GC
1	18422240	194	CT
1	18423636	1178	GA
1	18424699	884	CT
1	18424934	235	GC
1	18425634	636	GA
1	18429484	838	CA
1	18430122	638	CT
1	18431040	623	CT
1	18433385	1807	AG
1	18434202	817	AG
1	18435098	896	CG
1	18435908	810	CT
1	18437115	1143	CG
1	18437797	682	TC
1	18438064	267	GA
1	18438933	730	CT
1	18440640	1347	CA
1	18441369	729	TC
1	18443136	1710	CT
1	18443457	321	CT
1	18444838	1381	CT
1	18444963	125	GA
1	18445102	139	GA
1	18446468	1366	CG
1	18448142	1645	GA
1	18449142	857	GA
1	18450353	1120	GA
1	18450413	60	GA
1	18451290	265	TC
1	18451310	20	CT
1	18451502	192	GA
1	18452120	111	CA
1	18452662	542	CT
1	18452878	216	GA
1	18453515	600	CT
1	18453637	122	AG
1	18453759	122	CT
1	18454179	420	GA
1	18454194	15	CT
1	18455206	1012	GA
1	18455684	478	TC
1	18455965	281	GA
1	18456986	1021	CT
1	18459551	1867	TC
1	18459797	246	GA
1	18460281	484	GA
1	18460527	246	TC
1	18461301	774	CT
1	18461944	617	GA
1	18462494	550	CT
1	18462697	203	TC
1	18463338	641	GT
1	18463560	222	CT
1	18463659	99	AG
1	18464103	444	CT
1	18464576	473	CT
1	18467394	2530	CA
1	18470491	2887	AC
1	18472097	1606	GA
1	18472311	214	AG
1	18472398	87	CT
1	18473468	1070	GA
1	18473853	385	TC
1	18475971	2118	GA
1	18476056	85	GA
1	18478159	1837	GA
1	18481125	2454	GA
1	18482578	1453	GA
1	18483287	440	GA
1	18484005	718	CT
1	18484062	57	CT
1	18484066	4	AG
1	18484907	810	CT
1	18486335	1428	CT
1	18487042	676	AG
1	18487464	422	GA
1	18489649	2130	GA
1	18489998	349	GA
1	18501725	11682	GA
1	18503079	1354	CG
1	18503278	199	GA
1	18506850	3321	TG
1	18508624	1432	CT
1	18509539	915	GA
1	18510477	938	TG
1	18510845	332	CT
1	18512590	1460	CA
1	18517550	4574	CG
1	18519695	2145	GA
1	18523949	4152	CG
1	18530298	1658	GA
1	18530317	19	GA
1	18530349	32	AG
1	18532623	1996	GC
1	18534231	1608	TC
1	18534236	5	AG
1	18534401	165	CT
1	18534407	6	CT
1	18534449	42	TC
1	18534551	102	GT
1	18534671	120	GT
1	18535243	572	CT
1	18542915	4364	CT
1	18552089	2839	CT
1	18554591	948	GA
1	18554903	293	TC
1	18556208	1060	GA
1	18559751	3480	CA
1	18559752	1	CT
1	18563327	3575	GA
1	18563548	221	GA
1	18599436	27443	TC
1	18599522	86	GA
1	18600448	869	CT
1	18600537	89	AG
1	18600698	161	TC
1	18612316	10931	CT
1	18612674	358	CT
1	18613350	676	AG
1	18614572	996	CG
1	18616659	1830	GA
1	18618840	1288	GC
1	18620736	1084	GA
1	18621490	718	AG
1	18621865	375	CT
1	18622659	794	GA
1	18622682	23	AG
1	18622890	208	CG
1	18625923	2697	GA
1	18628978	2788	AC
1	18629015	37	GT
1	18629061	46	GA
1	18629575	514	CT
1	18630146	571	GA
1	18630375	229	CT
1	18630698	323	TC
1	18630765	67	TC
1	18630914	149	GA
1	18631089	175	AG
1	18631152	63	TC
1	18631463	311	TG
1	18632024	561	AG
1	18632050	26	GT
1	18632124	74	CA
1	18632661	489	TC
1	18633161	500	GA
1	18633364	203	AG
1	18633526	162	CT
1	18633602	76	TC
1	18633733	131	TC
1	18634410	659	CG
1	18634527	117	TC
1	18634548	21	GA
1	18634661	113	GA
1	18635306	645	CT
1	18635614	308	AG
1	18674594	38388	CT
1	18674618	24	AT
1	18688650	12593	GA
1	18695796	5780	GA
1	18708276	1005	TC
1	18713679	70	GA
1	18713726	47	CT
1	18714761	415	GA
1	18715568	360	CG
1	18719462	1209	GA
1	18721408	135	AG
1	18721433	25	GA
1	18722195	228	CG
1	18722228	33	TC
1	18724458	601	AG
1	18724926	468	GA
1	18724941	15	TC
1	18724969	28	AG
1	18725163	194	GA
1	18725168	5	CT
1	18726130	253	GA
1	18726259	129	AC
1	18726360	101	CG
1	18726534	174	GA
1	18726679	145	GA
1	18726704	25	CT
1	18726707	3	CT
1	18726744	37	GA
1	18733255	215	AG
1	18733548	214	GA
1	18733564	16	CT
1	18733972	307	TG
1	18734925	159	CG
1	18735141	216	CT
1	18735218	77	GA
1	18735454	236	AG
1	18735480	26	GA
1	18736894	1414	GC
1	18737153	259	TC
1	18737445	292	GC
1	18744621	3777	GA
1	18744681	60	CT
1	18745625	944	GA
1	18748711	3086	CT
1	18748837	126	AC
1	18748918	81	CG
1	18749038	120	TG
1	18756360	5328	GA
1	18759211	2420	CT
1	18763349	4138	CA
1	18789718	19864	GT
1	18800692	8651	GA
1	18800845	153	CT
1	18806234	5099	GA
1	18806650	416	TC
1	18806697	47	GA
1	18807196	499	AG
1	18807258	62	CT
1	18808319	788	TC
1	18809904	1381	GC
1	18811376	1433	AG
1	18811474	98	GA
1	18811521	47	AG
1	18811569	48	GA
1	18811612	43	GC
1	18811616	4	GA
1	18811637	21	GC
1	18812774	408	AG
1	18814427	916	GA
1	18814834	407	CT
1	18815176	342	TC
1	18822615	3942	CT
1	18825641	2976	AG
1	18826077	436	GA
1	18826255	178	GA
1	18826327	72	GA
1	18830347	3648	AG
1	18830458	111	TC
1	18830459	1	CG
1	18830469	10	GA
1	18830488	19	CT
1	18830729	241	CT
1	18830773	44	TC
1	18830929	156	TC
1	18830931	2	CT
1	18830989	58	CT
1	18830995	6	AC
1	18831186	191	CT
1	18831216	30	CT
1	18831580	364	CT
1	18831607	27	CT
1	18832675	312	AG
1	18832841	166	AC
1	18832982	141	AC
1	18833174	192	AG
1	18833756	582	AG
1	18834578	287	AG
1	18835505	927	CT
1	18835534	29	CT
1	18836355	821	GT
1	18837404	644	CG
1	18837781	377	AG
1	18838325	544	CA
1	18838978	653	CG
1	18839039	61	GT
1	18839200	161	CT
1	18840779	1579	AC
1	18840808	29	CT
1	18840856	48	GT
1	18841034	178	GA
1	18841102	68	GA
1	18841602	500	TC
1	18841632	30	CT
1	18841787	155	TC
1	18842078	291	CT
1	18842082	4	AG
1	18843714	1610	AG
1	18844123	409	CT
1	18844387	264	GA
1	18844440	53	GA
1	18844916	277	CT
1	18845049	133	AG
1	18845300	251	GA
1	18845316	16	AG
1	18845413	97	GA
1	18846576	464	CT
1	18847191	615	AG
1	18847734	543	TC
1	18847771	37	GA
1	18847778	7	TC
1	18848532	754	CT
1	18848896	364	AG
1	18850684	1788	CT
1	18851755	1017	TC
1	18852441	686	TG
1	18853698	947	CT
1	18853703	5	TC
1	18856187	2484	GT
1	18856710	523	AG
1	18857594	884	CT
1	18859039	1394	AG
1	18859221	182	GA
1	18859972	729	AG
1	18860592	242	GA
1	18861400	808	CA
1	18863627	1823	AG
1	18864242	615	CG
1	18864576	334	CT
1	18865248	588	GA
1	18865282	34	TC
1	18865851	569	CT
1	18865876	25	GA
1	18866127	251	AG
1	18866204	77	GA
1	18868849	2645	CG
1	18869746	897	CT
1	18875519	4942	GA
1	18876385	866	CT
1	18878219	986	GA
1	18878484	265	GA
1	18879045	561	GA
1	18879444	346	CT
1	18879757	313	GA
1	18879885	128	GA
1	18880101	216	AG
1	18880649	269	CT
1	18881334	685	GA
1	18883059	1655	AC
1	18883301	242	CT
1	18886445	2995	GA
1	18887342	555	GA
1	18887872	154	GA
1	18887988	116	GA
1	18889066	1078	GA
1	18890753	1397	AC
1	18891152	376	CT
1	18891575	342	GA
1	18892422	808	CT
1	18892467	45	CT
1	18892916	449	CT
1	18893842	523	AT
1	18894809	967	GA
1	18895352	222	GA
1	18895418	66	GC
1	18895668	250	CG
1	18895804	136	CT
1	18897379	1575	AG
1	18898083	704	CT
1	18898953	870	AG
1	18898965	12	AG
1	18899953	988	CT
1	18900203	250	TA
1	18900466	149	GA
1	18901180	372	CT
1	18904434	765	AG
1	18905363	929	TC
1	18905490	127	CT
1	18905809	319	GA
1	18906182	373	CT
1	18906366	184	GA
1	18906932	524	GA
1	18906952	20	GA
1	18907284	332	TC
1	18907356	72	CT
1	18907774	418	GA
1	18908749	896	CT
1	18909020	271	AG
1	18910645	1625	GA
1	18910780	135	CT
1	18912429	1624	TG
1	18912802	373	GA
1	18913134	332	GA
1	18913710	576	CT
1	18915142	877	CT
1	18915987	708	GA
1	18916937	950	CT
1	18921364	4221	CT
1	18921731	367	CT
1	18922812	1081	CT
1	18923719	730	GT
1	18926283	2493	AG
1	18927833	1550	CT
1	18928911	1078	GC
1	18931340	2429	TC
1	18932556	1156	CT
1	18933029	473	GA
1	18935659	2225	GA
1	18935980	321	GA
1	18935989	9	GA
1	18937439	452	CT
1	18938659	1187	AG
1	18938807	148	CT
1	18940057	1250	CG
1	18941351	1259	CA
1	18943912	2117	TG
1	18944776	864	TC
1	18945493	717	TC
1	18949317	3414	GC
1	18949899	212	AG
1	18956155	3763	CT
1	18956833	678	GA
1	18956919	86	GC
1	18957038	119	TC
1	18959590	2158	CT
1	18960573	983	CG
1	18960680	107	CT
1	18960740	60	CT
1	18960764	24	AT
1	18960767	3	CT
1	18960981	214	CT
1	18962460	1479	GC
1	18963275	815	AG
1	18963405	130	TG
1	18963551	146	CT
1	18963610	59	CT
1	18965062	1452	CT
1	18965527	402	TG
1	18966144	617	CA
1	18966191	47	GA
1	18966376	185	CT
1	18967584	1208	TC
1	18967838	254	AG
1	18968057	219	GA
1	18968527	382	TC
1	18968676	149	CT
1	18970278	1555	CG
1	18970919	641	AG
1	18971088	169	CT
1	18971117	29	GA
1	18971500	383	CT
1	18971914	365	AT
1	18972573	659	GA
1	18973649	1076	TC
1	18973809	160	CT
1	18974392	583	CT
1	18974959	542	TC
1	18974966	7	GA
1	18975453	443	CT
1	18975826	373	GA
1	18976390	564	GA
1	18976897	463	TG
1	18977677	780	CT
1	18977783	106	GA
1	18979706	1825	AC
1	18979812	106	TG
1	18981181	1001	GA
1	18981830	649	CA
1	18982282	452	CA
1	18984067	1608	CT
1	18984260	193	TC
1	18984401	141	GA
1	18984595	194	AG
1	18984620	25	GT
1	18984623	3	CT
1	18985070	429	AG
1	18985564	494	TC
1	18987697	1476	TC
1	18987774	77	GA
1	18988752	978	TC
1	18989228	476	CT
1	18989441	213	AG
1	18989465	24	TC
1	18989497	32	GA
1	18990023	526	CT
1	18990274	251	AG
1	18990356	82	TC
1	18990462	106	GA
1	18990636	174	CT
1	18990999	363	CT
1	18991552	509	CT
1	18991933	381	CT
1	18992644	711	AG
1	18992681	37	CT
1	18992792	111	AG
1	18993301	509	TA
1	18994044	559	CG
1	18994182	138	CT
1	18994815	367	CT
1	18994840	25	CT
1	18994889	49	GA
1	18995420	531	TC
1	18996445	284	AG
1	18998126	1681	TC
1	18998616	490	GA
1	18999019	403	TC
1	18999099	80	GA
1	18999341	242	CT
1	19000223	458	CG
1	19000402	179	TG
1	19001067	665	TC
1	19001303	236	TC
1	19001753	130	GC
1	19001778	25	TC
1	19001789	11	GA
1	19001828	39	GA
1	19001982	60	CA
1	19002088	106	TC
1	19002226	138	GT
1	19002765	539	GA
1	19002879	114	CT
1	19003311	432	AC
1	19003344	33	AG
1	19003378	34	AG
1	19003597	219	CG
1	19003693	96	AG
1	19003937	244	GA
1	19003975	38	TC
1	19004727	752	GA
1	19004838	111	AG
1	19005761	625	GA
1	19005762	1	AG
1	19005796	34	AC
1	19006616	820	GT
1	19006630	14	GC
1	19006664	34	GA
1	19006740	76	TC
1	19006772	32	CT
1	19006857	85	CT
1	19008907	2050	GA
1	19009299	392	CT
1	19010679	1331	GT
1	19011079	355	CT
1	19011127	48	GC
1	19012041	914	CG
1	19012730	689	AG
1	19013831	785	GA
1	19014023	192	CT
1	19017977	1507	GA
1	19018473	173	CT
1	19023701	3510	GC
1	19023726	25	GA
1	19027035	3191	CA
1	19028410	1351	CT
1	19029024	303	TC
1	19030929	1905	CT
1	19032175	1246	CT
1	19033532	1357	CT
1	19033765	233	GA
1	19034452	473	GA
1	19034970	518	GA
1	19038730	2777	AC
1	19040259	1237	GC
1	19040415	156	GC
1	19040530	115	AT
1	19040900	370	CG
1	19041133	233	CG
1	19041134	1	GA
1	19041594	417	CT
1	19042029	435	CT
1	19042244	215	TC
1	19042972	728	TC
1	19043053	81	AG
1	19044154	981	TG
1	19044239	85	CT
1	19044361	122	AG
1	19044441	80	CT
1	19044679	238	GA
1	19045434	379	GA
1	19045582	148	AG
1	19045588	6	GA
1	19045617	29	TC
1	19046058	441	TC
1	19046772	714	CT
1	19046919	147	AC
1	19047135	216	AG
1	19047180	45	CT
1	19047627	395	CT
1	19047754	127	GT
1	19047870	116	CT
1	19048098	228	AG
1	19048829	731	AC
1	19049050	221	CT
1	19050119	1069	GA
1	19050371	252	AG
1	19050467	96	TC
1	19050547	80	GA
1	19050694	147	AG
1	19050991	130	TG
1	19051167	176	GA
1	19051456	289	GA
1	19051589	133	CT
1	19051964	375	TC
1	19052248	284	AG
1	19052352	104	CT
1	19052378	26	AG
1	19052421	43	CT
1	19052515	94	AG
1	19052759	244	CG
1	19052815	56	GA
1	19052893	78	CT
1	19053047	154	GA
1	19053900	853	GC
1	19054094	194	TC
1	19056494	766	TC
1	19056824	136	CT
1	19056828	4	CT
1	19056910	82	AG
1	19057202	292	CG
1	19057844	642	AG
1	19058364	520	TC
1	19058538	174	GA
1	19058615	77	CT
1	19059015	400	GC
1	19059050	35	CT
1	19059683	633	GA
1	19059942	259	GA
1	19059968	26	TA
1	19060132	164	TC
1	19060653	521	TC
1	19061479	384	TC
1	19061694	215	TC
1	19063050	1356	TA
1	19063288	238	AG
1	19063317	29	GC
1	19063429	112	GA
1	19063722	128	GT
1	19064343	621	TC
1	19064954	586	GA
1	19065584	598	TG
1	19066080	496	CG
1	19066089	9	GT
1	19066360	271	CT
1	19066427	67	GA
1	19066557	130	GA
1	19066636	79	TC
1	19066666	30	CT
1	19066778	112	CT
1	19066781	3	GT
1	19067141	360	CT
1	19067291	150	GA
1	19067332	41	TC
1	19067510	132	GA
1	19067531	21	GA
1	19067705	174	TC
1	19068445	740	GA
1	19069237	765	GA
1	19069432	195	GA
1	19069523	91	CT
1	19069524	1	AG
1	19069536	12	AG
1	19069549	13	CT
1	19069653	104	AG
1	19069755	102	GA
1	19070193	438	CT
1	19070414	221	CT
1	19070671	257	CT
1	19070853	182	GA
1	19071131	278	CG
1	19071144	13	CT
1	19071281	137	AG
1	19071731	450	CT
1	19072431	700	GA
1	19072585	154	GA
1	19072619	34	TC
1	19073818	1199	GA
1	19073829	11	TC
1	19073869	40	GC
1	19074439	537	TC
1	19074651	212	GC
1	19076035	1213	TC
1	19076036	1	AG
1	19077575	662	GC
1	19085116	698	AT
1	19085226	110	AG
1	19085265	39	TG
1	19085321	56	TA
1	19085332	11	AT
1	19086395	659	CT
1	19087765	1021	TG
1	19088152	387	CT
1	19089144	945	TC
1	19089499	221	GA
1	19090103	604	CA
1	19090143	40	GA
1	19090399	256	AG
1	19090479	80	CT
1	19090573	94	GA
1	19090673	100	GA
1	19090743	70	GC
1	19090833	90	TC
1	19091042	209	GA
1	19091117	75	CT
1	19091518	401	GA
1	19091609	91	AG
1	19092380	704	CG
1	19092482	102	AG
1	19092881	399	AT
1	19092983	102	AG
1	19093327	344	AG
1	19093332	5	GA
1	19093388	56	GA
1	19093493	105	AG
1	19093770	209	GA
1	19093859	89	CT
1	19093902	43	CT
1	19094026	124	CT
1	19094155	129	AG
1	19094487	332	GA
1	19094591	104	GA
1	19094756	165	CT
1	19095079	323	TC
1	19095162	83	GA
1	19095285	123	CT
1	19095396	111	TC
1	19095503	107	TC
1	19095530	27	GA
1	19096005	336	GT
1	19096121	116	CT
1	19096216	95	TC
1	19096919	354	TC
1	19097017	98	AG
1	19097025	8	CT
1	19097423	398	CT
1	19097516	93	CT
1	19097715	199	TC
1	19097784	69	GA
1	19097867	83	AG
1	19098619	752	GA
1	19098994	375	CT
1	19099308	314	CT
1	19099312	4	CT
1	19099346	34	CA
1	19099351	5	TG
1	19099430	79	GT
1	19099434	4	GT
1	19099587	153	AG
1	19099916	329	CT
1	19100053	137	CT
1	19100680	627	GA
1	19100700	20	CG
1	19100995	295	GA
1	19101601	606	GA
1	19101834	233	GT
1	19101858	24	GA
1	19101876	18	CA
1	19101886	10	CG
1	19101994	108	CT
1	19103669	1318	CT
1	19103933	264	GC
1	19103936	3	TC
1	19104506	231	CA
1	19104850	344	TC
1	19104883	33	AG
1	19104983	100	GC
1	19105031	48	GA
1	19105086	55	GA
1	19105154	68	CG
1	19106012	786	TC
1	19106300	288	CT
1	19106371	71	GT
1	19106580	209	GT
1	19107229	364	GA
1	19107455	226	GA
1	19109168	1346	GA
1	19109660	462	AG
1	19110571	911	CT
1	19110747	176	AG
1	19115466	4084	CT
1	19115680	214	CT
1	19116390	710	GA
1	19117430	411	AG
1	19117457	27	CT
1	19117735	278	AG
1	19119348	1613	TC
1	19119722	374	CT
1	19121385	1663	TC
1	19122650	1137	CG
1	19126309	3219	TC
1	19128068	1759	TC
1	19129047	979	TC
1	19130411	1057	TC
1	19132856	1708	GA
1	19133868	1012	CT
1	19141591	5138	CT
1	19142576	985	CT
1	19143377	801	GC
1	19143391	14	CT
1	19143546	155	AG
1	19143920	374	GA
1	19146971	2313	CT
1	19147418	447	CT
1	19147682	264	AG
1	19149703	1587	CA
1	19150658	731	GA
1	19151324	666	AG
1	19151503	179	GA
1	19151580	77	AG
1	19152448	775	CG
1	19152762	178	TG
1	19153005	243	AG
1	19156917	3720	GA
1	19157354	437	GC
1	19158874	1333	CT
1	19160954	1541	CT
1	19162875	1859	AG
1	19164666	1494	AT
1	19164957	291	TC
1	19166168	1109	GA
1	19177648	10887	TC
1	19178806	1132	GA
1	19178835	29	GA
1	19180141	1306	CT
1	19180425	284	GA
1	19180684	259	CT
1	19182000	1316	CT
1	19182071	71	GA
1	19184173	1587	AC
1	19185870	1269	TC
1	19186733	742	CT
1	19187228	495	AC
1	19188150	922	TC
1	19188224	74	TC
1	19189441	1217	CA
1	19189659	218	AG
1	19191710	1909	GA
1	19191909	199	AG
1	19192079	134	CT
1	19192180	101	AG
1	19193183	1003	CT
1	19194101	455	AG
1	19194489	388	GA
1	19195116	627	GC
1	19195584	115	AC
1	19196034	450	TC
1	19196156	122	CG
1	19196334	178	GC
1	19196400	66	TG
1	19196405	5	AG
1	19196959	476	GC
1	19196972	13	CT
1	19196987	15	AG
1	19197663	676	GA
1	19199406	1446	AC
1	19199433	27	TC
1	19199494	61	AG
1	19201824	2330	CG
1	19202094	270	TC
1	19202177	83	TC
1	19202181	4	AT
1	19202431	250	CT
1	19202527	96	CT
1	19202849	158	AC
1	19203276	427	CA
1	19203366	90	AG
1	19203684	318	GA
1	19204557	380	TC
1	19204698	141	TC
1	19204860	162	CG
1	19204990	130	CT
1	19206525	1176	GA
1	19209303	2175	CT
1	19216694	5964	CT
1	19216734	40	TC
1	19218188	1300	TC
1	19224215	5513	GA
1	19225274	726	CG
1	19226421	1005	GC
1	19226520	99	CA
1	19228728	320	CT
1	19229580	716	CT
1	19230057	477	AG
1	19230081	24	GA
1	19230497	355	CT
1	19230619	122	TC
1	19231191	300	GA
1	19231202	11	GA
1	19232039	671	TC
1	19232152	113	GC
1	19232162	10	GA
1	19232355	193	AT
1	19232885	530	GA
1	19233663	739	AG
1	19241657	5754	CT
1	19243345	1662	AG
1	19244329	882	CT
1	19245012	683	GA
1	19246851	1514	AG
1	19246927	76	CT
1	19247452	525	GT
1	19247514	62	TG
1	19247552	38	CA
1	19247761	209	AG
1	19250459	2293	GA
1	19250688	229	CT
1	19251328	640	CT
1	19255334	2429	GA
1	19255939	410	GC
1	19255956	17	TC
1	19256437	481	GA
1	19257165	728	CT
1	19258245	1080	GA
1	19259283	1038	GA
1	19259797	514	GA
1	19260262	465	TA
1	19261385	1026	TC
1	19275328	7287	GA
1	19275817	489	TG
1	19275818	1	GA
1	19280202	3661	CG
1	19281253	821	CG
1	19281503	250	TG
1	19281820	236	GA
1	19281821	1	CG
1	19282343	522	GA
1	19282818	475	GC
1	19283356	538	CT
1	19283376	20	GA
1	19283966	590	CT
1	19284301	52	GA
1	19284559	231	TC
1	19284785	226	TC
1	19284791	6	GA
1	19284803	12	GA
1	19284964	59	AG
1	19285762	798	GA
1	19286631	869	CT
1	19288482	1519	GA
1	19289228	746	CT
1	19290673	1158	GT
1	19290698	25	GA
1	19294174	1451	GA
1	19299312	4553	CT
1	19300883	1363	GA
1	19304024	2348	GA
1	19304470	446	GT
1	19304931	272	CG
1	19305156	114	CT
1	19308639	3201	CT
1	19327532	16855	TC
1	19329430	1845	CT
1	19331566	2101	CT
1	19333859	2254	GA
1	19341859	7483	AC
1	19349564	7010	CG
1	19351128	1421	GA
1	19362207	10749	GC
1	19362232	25	CT
1	19364383	2151	CT
1	19368465	3532	GA
1	19370207	886	CT
1	19370664	457	GA
1	19371090	426	CT
1	19371091	1	AG
1	19371114	23	GA
1	19371559	445	CT
1	19372669	1110	AG
1	19373747	1078	TG
1	19374481	734	GA
1	19375457	976	CG
1	19377109	1652	CT
1	19378471	1134	GA
1	19378556	85	CT
1	19378665	109	GA
1	19380405	1236	CT
1	19380450	45	GT
1	19382077	1581	CA
1	19385826	3424	CT
1	19385833	7	TC
1	19386504	671	TC
1	19386852	348	AT
1	19387317	465	GA
1	19389008	732	CT
1	19393073	3492	TG
1	19394491	1253	GC
1	19395323	832	GT
1	19396408	1085	GA
1	19396511	103	CT
1	19397311	666	CA
1	19398346	647	CT
1	19400026	1680	GC
1	19404523	4456	CT
1	19404530	7	GA
1	19404654	124	TG
1	19404710	56	TC
1	19404713	3	GA
1	19404849	136	GA
1	19405398	549	TC
1	19412470	6859	CA
1	19426423	6345	GA
1	19426610	187	CT
1	19428063	1119	AG
1	19428453	373	CG
1	19428492	39	AG
1	19428553	61	TC
1	19428588	35	CA
1	19429340	752	AG
1	19429381	41	CT
1	19429542	161	CT
1	19430099	557	TG
1	19430462	363	AG
1	19430472	10	AC
1	19433692	880	GA
1	19433752	60	TC
1	19433818	66	AG
1	19434078	260	CT
1	19434298	220	GC
1	19434315	17	AC
1	19434453	138	GA
1	19434457	4	GA
1	19435763	288	TC
1	19435808	45	CG
1	19436842	831	CT
1	19437008	166	CT
1	19437277	269	CT
1	19438245	667	GA
1	19456102	5186	GA
1	19456153	51	CG
1	19458540	2045	TG
1	19459379	839	GA
1	19461864	1397	AG
1	19463344	1361	CT
1	19463346	2	CG
1	19463347	1	TG
1	19464582	1016	AG
1	19464587	5	AG
1	19464969	357	AG
1	19467474	1351	GC
1	19467817	343	GA
1	19468145	328	CT
1	19470491	1593	CA
1	19471098	607	CT
1	19471107	9	CT
1	19472561	984	TC
1	19472932	371	CT
1	19475031	382	TC
1	19476300	1168	CG
1	19476739	439	TC
1	19478160	1386	GC
1	19478167	7	GT
1	19479498	1331	CA
1	19480055	557	AG
1	19480171	116	AG
1	19481794	1623	GA
1	19481986	192	GA
1	19482428	442	CT
1	19483813	1385	CT
1	19484891	255	GA
1	19485534	361	TC
1	19485957	423	GC
1	19486502	545	CT
1	19487318	763	CT
1	19487389	71	CT
1	19488623	955	AG
1	19490196	1480	GC
1	19490266	70	AG
1	19490641	375	CT
1	19491891	1250	CT
1	19492018	127	AG
1	19492021	3	AG
1	19492042	21	CT
1	19492054	12	CG
1	19492124	70	GA
1	19492439	281	TC
1	19492625	186	CT
1	19492670	45	TA
1	19493828	1158	CG
1	19493912	84	GA
1	19494358	446	AG
1	19494385	27	TC
1	19495181	796	CT
1	19495702	521	TC
1	19496775	1073	TG
1	19498355	931	GA
1	19499839	1083	CA
1	19501151	964	AG
1	19501210	59	GA
1	19502033	823	GC
1	19502738	340	AC
1	19503231	493	AG
1	19513837	8356	GA
1	19514094	257	GT
1	19516198	2104	GA
1	19517101	903	GA
1	19518590	1187	CT
1	19526582	5648	GA
1	19528729	1589	TC
1	19528799	70	TC
1	19532565	3582	TA
1	19532874	41	GA
1	19533052	178	CT
1	19533293	134	CG
1	19533725	380	TC
1	19534746	855	TA
1	19534906	160	GT
1	19540062	2759	CT
1	19542047	726	CT
1	19542282	147	CT
1	19542517	235	GA
1	19542856	339	TC
1	19542975	119	TC
1	19543660	685	AG
1	19544576	916	CT
1	19544844	268	GC
1	19545697	853	GA
1	19545737	40	GA
1	19545932	195	GA
1	19546581	649	CT
1	19546913	332	CT
1	19547045	132	AG
1	19547522	477	AG
1	19547549	27	GA
1	19548146	306	AG
1	19548348	202	CT
1	19549037	316	GA
1	19549192	155	AT
1	19549249	57	CT
1	19550181	932	AG
1	19550432	251	GA
1	19551583	1151	TC
1	19551643	60	TC
1	19553302	1659	GA
1	19555745	1792	TG
1	19556233	488	CG
1	19557421	1188	CG
1	19557468	47	GA
1	19557691	223	GA
1	19558531	669	TC
1	19559775	1150	TC
1	19560041	266	GA
1	19561029	988	CG
1	19563936	2022	GA
1	19566239	1363	TA
1	19566317	78	TC
1	19567344	939	GA
1	19567363	19	GT
1	19568654	440	GA
1	19573870	3909	GT
1	19573978	108	GT
1	19574171	193	AC
1	19574257	86	GA
1	19575405	821	GA
1	19575531	126	GA
1	19576155	624	GA
1	19576311	156	GA
1	19576663	352	AG
1	19578440	815	AG
1	19578491	51	GT
1	19578753	262	AG
1	19578930	177	CT
1	19583639	4259	GA
1	19584730	1091	TC
1	19587457	2727	AG
1	19588838	1381	GA
1	19590282	1444	GC
1	19590557	275	CT
1	19591277	680	GA
1	19591284	7	GC
1	19591734	450	TC
1	19592122	388	CT
1	19592251	129	CT
1	19592522	271	CT
1	19593927	1376	GC
1	19595102	1175	CT
1	19597085	1672	GC
1	19597252	167	CT
1	19597363	111	CT
1	19597882	519	AG
1	19605817	6794	AC
1	19607975	1276	TC
1	19609555	366	GA
1	19609705	150	TG
1	19611265	1187	CT
1	19611478	213	GA
1	19612208	730	CA
1	19612315	107	TC
1	19614830	1824	GA
1	19620446	5290	CT
1	19620972	526	GA
1	19637207	11781	CT
1	19638068	473	CT
1	19638697	629	AG
1	19640760	2063	GC
1	19642672	1800	GA
1	19642844	172	CT
1	19642914	70	CT
1	19643088	174	GC
1	19645227	1203	GA
1	19645750	523	CT
1	19646903	711	AC
1	19651116	3135	TC
1	19651587	290	TC
1	19654795	1924	TA
1	19654920	125	AG
1	19655564	304	AG
1	19656403	534	TC
1	19656479	76	AG
1	19656566	87	GA
1	19658279	1053	GA
1	19658559	280	CG
1	19659152	329	TC
1	19659692	540	GA
1	19659867	175	CT
1	19661250	742	GA
1	19661482	44	TC
1	19662440	363	AG
1	19662453	13	CT
1	19662477	24	GA
1	19663188	198	CT
1	19663911	431	TA
1	19664107	196	GT
1	19664335	228	TC
1	19665268	933	TG
1	19665285	17	AG
1	19665292	7	AG
1	19667757	1592	GT
1	19667843	86	CT
1	19669472	469	CT
1	19669675	203	GA
1	19670502	827	CT
1	19670871	369	TC
1	19671172	301	TC
1	19672998	1013	GA
1	19678853	3624	GA
1	19679311	458	TC
1	19680930	1440	AT
1	19681672	742	GA
1	19683436	1594	TC
1	19684414	908	TC
1	19687397	1586	TC
1	19687410	13	GA
1	19688442	648	GA
1	19689874	1273	AG
1	19691007	1010	CT
1	19693942	511	GT
1	19694524	527	TC
1	19694664	140	CT
1	19694753	89	GA
1	19694788	35	AG
1	19694801	13	GA
1	19697716	1808	CT
1	19698868	569	TC
1	19699817	949	CT
1	19700224	407	CG
1	19700658	434	TC
1	19700659	1	GA
1	19700754	95	GA
1	19701980	949	AC
1	19702438	458	AG
1	19704610	1171	CG
1	19709073	2702	TA
1	19709369	296	GA
1	19709378	9	GC
1	19709643	265	AT
1	19712150	1654	AT
1	19713647	1360	GT
1	19715780	1572	CT
1	19715871	91	CT
1	19716497	626	GA
1	19716603	106	TG
1	19720678	2300	TC
1	19721285	607	CT
1	19723499	1594	GC
1	19724730	567	GA
1	19724755	25	GT
1	19726374	437	CG
1	19726638	264	AG
1	19728040	1126	TC
1	19728042	2	GA
1	19728452	172	CA
1	19731238	388	TA
1	19731309	71	CG
1	19731356	47	AG
1	19735936	1172	TC
1	19737685	894	CA
1	19737724	39	CA
1	19739176	1023	CT
1	19740231	850	AG
1	19743363	1550	GC
1	19744249	886	CT
1	19751937	3382	AG
1	19752502	498	AG
1	19753031	529	GC
1	19753115	84	TC
1	19755314	948	TC
1	19758728	1403	GA
1	19759451	723	CT
1	19763722	3075	CT
1	19764011	144	GT
1	19764687	676	CT
1	19765158	191	AC
1	19765220	62	CT
1	19765727	507	TC
1	19765986	259	TC
1	19766016	30	CG
1	19766027	11	CA
1	19766262	235	TG
1	19769720	1937	GC
1	19769816	96	TC
1	19769824	8	AG
1	19771039	525	GA
1	19772796	899	AG
1	19773781	985	GT
1	19773863	82	AG
1	19773941	78	AG
1	19774612	252	CA
1	19774891	279	GA
1	19775168	277	CA
1	19776566	761	AT
1	19777088	522	GA
1	19785385	1714	AC
1	19785617	232	AG
1	19786489	872	CT
1	19787737	564	AG
1	19788606	428	TA
1	19788655	49	TA
1	19790837	697	CT
1	19793142	433	CT
1	19794172	1030	CA
1	19795953	867	TG
1	19802192	38	CT
1	19803168	509	CT
1	19803849	627	GA
1	19812232	1242	GA
1	19812488	256	CG
1	19813060	572	AG
1	19816438	1770	TC
1	19819080	1877	AG
1	19820172	1092	GT
1	19820536	364	GA
1	19820537	1	GT
1	19822681	1265	CT
1	19822792	111	CA
1	19824404	1260	CG
1	19824787	321	GA
1	19825886	547	GA
1	19826408	522	AG
1	19828808	252	TC
1	19828884	76	TG
1	19829048	164	GA
1	19829247	199	TC
1	19829264	17	AG
1	19829340	76	GA
1	19830923	617	AG
1	19831193	121	TC
1	19831439	246	TG
1	19833037	1271	TC
1	19836645	1636	TC
1	19839699	1706	GA
1	19840498	598	GA
1	19846123	2054	CT
1	19846272	149	GA
1	19846971	699	TC
1	19847019	48	GA
1	19848461	811	CT
1	19850985	1200	CG
1	19851888	903	GT
1	19852139	251	TC
1	19852896	470	CT
1	19859343	1170	GC
1	19863486	356	CA
1	19863513	27	AG
1	19863916	262	CT
1	19864345	429	TA
1	19864890	522	TA
1	19878789	2551	GC
1	19879771	982	CT
1	19879780	9	TC
1	19880126	346	CT
1	19880334	208	AG
1	19880658	324	TG
1	19881226	568	TC
1	19881246	20	CG
1	19882328	899	GA
1	19884746	231	AC
1	19884910	164	TC
1	19885421	511	GC
1	19888063	1751	AC
1	19889435	1272	CA
1	19889464	29	TC
1	19889642	178	GT
1	19890273	480	GA
1	19894158	2888	GT
1	19894878	720	GC
1	19895089	211	CA
1	19897182	1749	GA
1	19897927	745	AG
1	19898364	437	GT
1	19899355	867	GT
1	19902453	3065	CA
1	19902704	251	AG
1	19907580	4377	CT
1	19908528	948	CT
1	19909258	730	CT
1	19909810	552	GC
1	19910768	789	TC
1	19910983	215	GA
1	19911056	73	CT
1	19911197	141	CT
1	19911353	156	CT
1	19911384	31	CT
1	19912058	674	CT
1	19912486	219	TC
1	19912613	127	GA
1	19912708	95	CA
1	19912710	2	CG
1	19914190	439	CG
1	19918020	599	AG
1	19918140	120	CT
1	20001579	1579	AG
1	20002155	576	GC
1	20005557	2394	TC
1	20008465	2352	GA
1	20011557	1604	CT
1	20012903	838	TC
1	20012909	6	GA
1	20013042	133	AG
1	20013145	103	CT
1	20013354	209	TC
1	20013388	34	GA
1	20013801	413	AG
1	20014899	831	AG
1	20015909	632	CT
1	20016150	241	TC
1	20016515	365	AG
1	20016691	176	CT
1	20017226	230	CT
1	20017339	113	AT
1	20017551	212	CT
1	20017965	271	TC
1	20018138	173	AG
1	20019218	656	AC
1	20019568	350	GA
1	20019730	162	CT
1	20019736	6	TC
1	20019951	215	AG
1	20020001	50	AG
1	20020368	33	AG
1	20020414	46	AG
1	20020500	86	GA
1	20021073	538	CT
1	20021258	185	TC
1	20021562	304	GA
1	20021670	108	CG
1	20021771	101	TC
1	20021806	35	AG
1	20021825	19	TA
1	20022796	971	AG
1	20023183	387	CT
1	20023201	18	GC
1	20023224	23	CT
1	20023556	161	CT
1	20023697	141	TC
1	20023764	67	CT
1	20025970	1019	AG
1	20025972	2	GA
1	20026610	425	GA
1	20028512	1008	TC
1	20029170	658	GA
1	20033532	2486	TC
1	20035566	1271	GA
1	20036619	653	GA
1	20037343	724	AG
1	20037699	356	AG
1	20037759	60	GA
1	20038285	526	CT
1	20038461	176	CT
1	20038962	438	CG
1	20041741	1583	CA
1	20041977	236	TC
1	20042032	55	CT
1	20044282	1190	CA
1	20044591	309	GA
1	20045233	386	AC
1	20045501	268	CT
1	20045737	236	AG
1	20046132	295	AG
1	20046188	56	GA
1	20047121	536	GT
1	20047774	146	CT
1	20049144	601	GA
1	20049158	14	AG
1	20049332	174	GA
1	20049597	238	CT
1	20049692	95	CT
1	20049854	162	GA
1	20049970	116	GC
1	20052190	1401	TC
1	20052449	62	CT
1	20052704	255	CT
1	20053181	477	GT
1	20054033	331	CT
1	20054178	145	CT
1	20054911	394	CT
1	20056675	1042	AG
1	20056679	4	CA
1	20057928	1027	CT
1	20059806	1740	GA
1	20059879	73	GA
1	20060277	228	GA
1	20060437	160	CT
1	20060903	262	GA
1	20061010	107	CT
1	20062440	1070	GA
1	20063314	493	GC
1	20063328	14	GC
1	20063543	215	CT
1	20064039	378	GT
1	20064987	511	TA
1	20065099	112	TC
1	20067386	1624	GA
1	20067578	192	CA
1	20067670	92	CT
1	20072520	3822	CT
1	20076428	1338	CT
1	20077337	524	GA
1	20077435	98	CT
1	20079917	827	TC
1	20080081	164	GA
1	20080097	16	GC
1	20080378	281	AC
1	20080469	91	TC
1	20082544	1105	CT
1	20086051	550	CT
1	20086929	459	GA
1	20090639	794	GC
1	20090675	36	AG
1	20090943	268	CT
1	20092901	466	AC
1	20094314	1099	AG
1	20094378	25	TC
1	20095248	101	AG
1	20095291	43	TC
1	20095663	145	AG
1	20095735	72	AT
1	20095747	12	TC
1	20096224	221	CT
1	20098084	757	AT
1	20098690	412	CT
1	20100679	794	GA
1	20101563	546	TA
1	20103180	263	AG
1	20103494	181	GA
1	20104432	324	TC
1	20104676	244	CG
1	20105859	642	AC
1	20105945	86	GA
1	20105955	10	AG
1	20106817	627	AG
1	20107688	510	GA
1	20107792	104	AG
1	20110336	2191	AG
1	20110558	222	CG
1	20110692	134	GA
1	20116817	4294	GT
1	20120954	3312	TC
1	20120967	13	AC
1	20121868	703	AC
1	20122077	154	AG
1	20122180	103	TC
1	20122182	2	TC
1	20124820	1534	CT
1	20124835	15	GA
1	20125584	749	TC
1	20126720	445	GT
1	20126911	191	GA
1	20127119	208	CA
1	20128134	748	CA
1	20128391	257	GA
1	20128858	467	CG
1	20128862	4	CT
1	20128866	4	CG
1	20129394	493	AG
1	20129686	213	GA
1	20129828	142	GA
1	20129849	21	CT
1	20130934	867	GA
1	20131923	643	GA
1	20131924	1	AC
1	20131993	69	AG
1	20133031	740	CG
1	20135065	1466	CG
1	20136724	924	GA
1	20138127	418	CT
1	20141733	3162	GA
1	20145112	1598	GA
1	20150049	3395	GA
1	20151360	1149	CT
1	20151438	78	CA
1	20154972	2251	GC
1	20155012	40	CT
1	20156348	963	GA
1	20156806	372	AT
1	20160540	1544	AG
1	20161950	417	TA
1	20162213	263	AC
1	20162981	241	TG
1	20163008	27	TC
1	20163039	31	CT
1	20163045	6	AG
1	20163109	64	GA
1	20166823	1552	CT
1	20166830	7	GA
1	20167170	340	GA
1	20168157	701	GA
1	20168321	164	GA
1	20169409	335	CT
1	20169438	29	CT
1	20169464	26	CT
1	20169536	72	CT
1	20170244	287	CT
1	20170341	97	CT
1	20170454	113	CT
1	20170528	74	AG
1	20171040	512	GA
1	20171439	125	CT
1	20171488	49	GA
1	20171757	94	GA
1	20171792	35	TC
1	20171836	44	AG
1	20172154	184	AG
1	20174690	1008	GT
1	20176852	134	CT
1	20177534	215	GC
1	20179116	1582	TC
1	20179636	520	CT
1	20179867	231	GA
1	20180351	484	AG
1	20180508	157	TA
1	20180547	39	AG
1	20180602	55	TC
1	20180677	75	AG
1	20180711	34	AC
1	20180734	23	TC
1	20180737	3	AG
1	20180957	220	AG
1	20181036	79	CT
1	20181273	237	CT
1	20183126	1330	AG
1	20185109	708	CT
1	20185568	367	TG
1	20189153	1676	TC
1	20189884	731	CT
1	20191114	695	GA
1	20195888	2642	AC
1	20196199	311	AG
1	20197006	196	GA
1	20197133	127	AC
1	20197354	221	AG
1	20200408	1400	GC
1	20201984	1508	CT
1	20204619	2211	AG
1	20205976	1357	AT
1	20206166	190	GA
1	20206635	469	CT
1	20207214	305	AC
1	20207766	429	CT
1	20207973	207	CT
1	20208841	463	GC
1	20210624	372	TC
1	20210652	28	GA
1	20210750	98	CT
1	20211060	172	GA
1	20211179	119	AG
1	20211219	40	CA
1	20211305	86	CT
1	20211348	43	AC
1	20211976	254	AG
1	20211991	15	GA
1	20211999	8	CT
1	20212014	15	CT
1	20212827	639	GA
1	20215404	1676	GT
1	20215482	78	CT
1	20215772	290	CA
1	20215950	178	CT
1	20216471	521	AG
1	20218676	1867	CT
1	20218871	195	AC
1	20219053	182	GC
1	20219082	29	CT
1	20219309	227	GA
1	20219339	30	AG
1	20219773	434	GA
1	20219775	2	GA
1	20219874	99	CT
1	20219875	1	CG
1	20220121	246	CG
1	20220450	329	TC
1	20220704	254	AG
1	20221320	296	TC
1	20221387	67	GT
1	20224957	1408	GC
1	20225539	550	TC
1	20225732	193	AG
1	20225874	142	GA
1	20226116	242	TC
1	20226624	320	GA
1	20226746	122	AG
1	20226775	29	CT
1	20226859	84	GC
1	20227074	215	CT
1	20227159	85	TC
1	20227487	281	GA
1	20227534	47	CT
1	20228262	728	GT
1	20228387	125	GA
1	20228455	68	GA
1	20228649	194	GA
1	20244651	11783	GA
1	20244997	346	TC
1	20248750	3724	CT
1	20248762	12	GA
1	20250034	956	AG
1	20251601	1114	CT
1	20252998	1078	CT
1	20253547	549	GT
1	20254006	459	GA
1	20254278	272	CT
1	20257912	3539	GA
1	20258057	145	GA
1	20259133	1076	GA
1	20259177	44	TC
1	20260939	1360	GA
1	20261192	253	GA
1	20262871	1567	CG
1	20263731	627	GA
1	20273853	5414	AG
1	20274963	900	TC
1	20276042	1050	CG
1	20278350	1525	GA
1	20279695	808	CT
1	20279893	198	CT
1	20279948	55	GA
1	20281299	599	TC
1	20281300	1	CT
1	20281330	30	AG
1	20281332	2	GA
1	20281590	258	AG
1	20282123	533	AG
1	20283362	672	GA
1	20283391	29	GC
1	20283595	204	AC
1	20283601	6	TA
1	20283993	392	AG
1	20284156	163	TC
1	20284580	305	TA
1	20284744	164	CT
1	20284771	27	AG
1	20284772	1	CT
1	20285137	365	CG
1	20286104	441	GC
1	20289767	3232	GC
1	20293265	3274	GA
1	20293755	490	CT
1	20293758	3	GA
1	20294907	939	TC
1	20295093	108	TC
1	20295380	287	AG
1	20296360	550	TC
1	20296855	248	GC
1	20296949	94	CT
1	20297119	170	CT
1	20297800	681	CT
1	20298135	252	TA
1	20298293	158	AG
1	20299032	273	CT
1	20299143	111	GA
1	20299474	258	CT
1	20300926	730	CT
1	20301214	288	GA
1	20301330	116	CT
1	20303778	1304	GA
1	20305095	723	TC
1	20309401	93	CT
1	20310190	398	AC
1	20312067	1525	CT
1	20312072	5	TG
1	20313880	1041	TC
1	20314779	760	GA
1	20315696	837	CT
1	20317534	1004	GA
1	20319006	670	CT
1	20319867	566	GT
1	20328704	5397	CT
1	20333548	3374	GA
1	20335069	1058	CG
1	20335116	47	GA
1	20335621	302	GA
1	20337909	1671	CG
1	20339867	1849	AG
1	20340206	201	CT
1	20340207	1	AG
1	20340538	331	CT
1	20344394	2241	CT
1	20345078	426	AG
1	20345139	61	AT
1	20347156	2017	AG
1	20354951	5621	CT
1	20355906	891	TC
1	20358806	1504	TC
1	20361093	1196	CT
1	20362013	420	GA
1	20365445	2295	CT
1	20366254	325	TC
1	20369527	2325	CT
1	20370626	771	AG
1	20371005	379	CT
1	20371828	452	AG
1	20373469	977	TC
1	20374029	335	AG
1	20374036	7	GC
1	20374295	259	TC
1	20374577	282	AG
1	20376970	1325	AG
1	20377152	182	GA
1	20377265	113	GA
1	20377411	146	CT
1	20377661	250	AG
1	20378952	851	GA
1	20381271	1336	GA
1	20381588	317	GA
1	20382530	846	AG
1	20382684	154	TC
1	20383379	608	GA
1	20383475	96	TC
1	20383504	29	GA
1	20384205	701	CT
1	20385599	1104	AG
1	20385634	35	GT
1	20386415	506	GA
1	20387659	636	CT
1	20388868	749	CT
1	20391494	1532	CT
1	20392587	555	AG
1	20393470	883	AG
1	20393852	325	AG
1	20395186	587	GC
1	20398100	967	CT
1	20398466	366	TC
1	20400136	1505	CT
1	20401355	1028	TC
1	20402762	1019	AG
1	20403030	268	CT
1	20403074	44	CT
1	20405337	1644	GA
1	20405506	169	GC
1	20405513	7	TC
1	20406599	821	AG
1	20407553	418	AG
1	20409974	1887	GA
1	20411256	1044	GT
1	20413773	1993	GA
1	20413792	19	AG
1	20415235	1275	AG
1	20423193	5431	CT
1	20423614	360	AG
1	20440278	11896	GT
1	20440279	1	TC
1	20441724	740	CA
1	20445691	1929	CT
1	20446428	737	AG
1	20446667	239	GA
1	20446855	188	CG
1	20446887	32	CA
1	20447538	501	TC
1	20447612	74	CA
1	20457346	1283	AG
1	20458597	1114	GA
1	20462655	3466	GA
1	20467623	4424	GT
1	20467624	1	CT
1	20468368	481	CT
1	20474257	4522	GA
1	20475691	1286	CT
1	20475715	24	AG
1	20483458	6467	CA
1	20499376	8473	GC
1	20499846	470	GA
1	20501864	761	GT
1	20504397	1791	TC
1	20504399	2	TG
1	20507577	2094	AG
1	20508140	563	GT
1	20521337	9702	GA
1	20523029	1178	AG
1	20523243	214	TC
1	20524577	932	GT
1	20528220	3274	GA
1	20528423	203	TC
1	20531872	2323	AT
1	20531983	111	GA
1	20533284	1301	AG
1	20533865	477	GA
1	20534839	748	GA
1	20537309	1698	TC
1	20537998	689	GT
1	20538775	692	AG
1	20541235	1248	AG
1	20541275	40	CT
1	20543258	1914	CT
1	20543628	370	CT
1	20544833	514	CT
1	20545905	1043	AT
1	20546953	1048	CT
1	20547172	219	GA
1	20547892	720	TC
1	20549124	1061	TC
1	20550808	1684	GT
1	20552967	1626	GA
1	20553705	738	CG
1	20555014	816	AG
1	20583041	21020	CT
1	20613871	20546	AC
1	20690650	59244	GT
1	20690820	170	TC
1	20690834	14	TG
1	20690848	14	GA
1	20691273	97	AG
1	20691377	104	CG
1	20691631	254	CG
1	20692418	552	CA
1	20693240	441	CT
1	20693392	152	GT
1	20693542	150	CG
1	20693773	231	GA
1	20693806	33	CT
1	20693814	8	TA
1	20693964	150	CG
1	20694363	399	GA
1	20694590	227	CT
1	20694658	68	CT
1	20694822	164	AG
1	20695838	1016	AT
1	20695918	80	CT
1	20695921	3	AG
1	20695992	71	CT
1	20696039	47	AC
1	20696166	127	CT
1	20696384	218	GC
1	20696482	98	GA
1	20696595	113	GA
1	20697163	200	TC
1	20697454	117	CG
1	20697555	101	CT
1	20699249	584	AG
1	20699569	320	TC
1	20699651	82	GA
1	20699715	64	CT
1	20699785	70	TC
1	20700866	1081	AG
1	20701098	232	AC
1	20702541	1272	GC
1	20703076	535	AG
1	20703433	327	CT
1	20705214	1486	CT
1	20707915	1301	AG
1	20708646	478	GA
1	20710141	1267	AG
1	20710388	247	AG
1	20710513	125	GA
1	20713072	1501	GA
1	20713081	9	GA
1	20716553	3210	CT
1	20716649	96	GA
1	20716951	302	GA
1	20717100	149	CT
1	20717178	78	TC
1	20717210	32	TA
1	20717308	98	TC
1	20718300	992	CT
1	20719099	799	TG
1	20719567	468	CT
1	20719724	157	CT
1	20719726	2	CT
1	20722152	960	TC
1	20722874	722	CT
1	20722905	31	AG
1	20722912	7	GT
1	20722936	24	CT
1	20723140	204	GA
1	20723149	9	GA
1	20723200	51	GA
1	20723554	354	CG
1	20723712	158	TC
1	20723722	10	GT
1	20723725	3	AC
1	20723783	58	CT
1	20723855	72	TA
1	20723856	1	AC
1	20723938	82	TC
1	20724451	513	TA
1	20724506	55	CT
1	20724870	364	GC
1	20724956	86	CT
1	20725044	88	GT
1	20725052	8	AG
1	20725246	194	AG
1	20725899	653	GA
1	20726349	450	GT
1	20726637	288	GA
1	20727407	770	GC
1	20731269	2081	TG
1	20733013	1384	GA
1	20733130	117	AG
1	20733517	387	GT
1	20733531	14	TC
1	20733562	31	AC
1	20733582	20	CT
1	20733616	34	AG
1	20733639	23	TC
1	20733654	15	CT
1	20733695	41	CT
1	20733826	131	TG
1	20733839	13	GC
1	20733902	63	AG
1	20733973	71	GA
1	20734003	30	GT
1	20734761	451	GC
1	20734776	15	GC
1	20735386	610	GT
1	20735412	26	CT
1	20735917	505	CT
1	20735922	5	AG
1	20735948	26	GA
1	20735954	6	AG
1	20736054	100	GA
1	20736322	35	AG
1	20736426	104	CT
1	20736802	189	AG
1	20736811	9	CT
1	20736896	85	TC
1	20737259	363	TC
1	20737525	266	TC
1	20737732	207	CT
1	20737787	55	CT
1	20737940	153	TC
1	20737957	17	TC
1	20737966	9	CA
1	20738261	295	AG
1	20738477	216	GA
1	20738711	234	CA
1	20738734	23	GA
1	20738882	148	CT
1	20739001	119	GA
1	20739420	419	TC
1	20739581	161	GC
1	20743208	1420	GA
1	20743266	58	GT
1	20743288	22	AG
1	20743381	93	TC
1	20743495	114	GT
1	20743505	10	CG
1	20743556	51	CA
1	20743593	37	GA
1	20743600	7	CG
1	20745064	1464	TG
1	20745371	307	AG
1	20745811	440	TA
1	20745918	107	CA
1	20746986	929	CA
1	20747396	410	TC
1	20747449	53	AG
1	20748965	1339	AG
1	20750616	1243	AC
1	20750804	188	CG
1	20750881	77	GA
1	20751246	365	TC
1	20751512	266	GA
1	20751867	355	CT
1	20753075	860	GT
1	20754032	957	AG
1	20756138	1075	GA
1	20757512	1035	TC
1	20757867	355	GC
1	20757914	47	AG
1	20757931	17	TC
1	20758315	345	CT
1	20758407	92	AC
1	20758422	15	CT
1	20759998	1252	TA
1	20760015	17	GA
1	20760184	135	CT
1	20760420	236	GT
1	20760911	491	CT
1	20760940	29	AG
1	20761056	116	TC
1	20761771	374	TC
1	20761800	29	CT
1	20761929	129	CG
1	20761959	30	CT
1	20762282	323	TG
1	20763504	1222	TC
1	20764269	381	GT
1	20764985	39	GT
1	20765752	357	CT
1	20765798	46	GA
1	20766465	667	AG
1	20766548	83	TC
1	20766954	289	GC
1	20766962	8	GC
1	20767181	219	TC
1	20767185	4	AG
1	20767522	337	CT
1	20767696	174	CT
1	20768292	530	CT
1	20768347	55	GA
1	20768415	68	TC
1	20769682	1267	GA
1	20770021	314	GC
1	20770035	14	CT
1	20770446	411	TC
1	20770495	49	AT
1	20770608	113	TC
1	20771087	433	CT
1	20772078	722	CT
1	20773787	1019	GA
1	20774501	507	AG
1	20775980	957	TG
1	20776928	922	CG
1	20777078	83	GA
1	20777388	8	GA
1	20777392	4	TC
1	20777807	193	CT
1	20777829	22	GA
1	20777902	73	AG
1	20777918	16	GA
1	20777931	13	GA
1	20777971	40	TC
1	20777973	2	CT
1	20778009	36	GC
1	20778173	164	GA
1	20778182	9	CT
1	20778218	36	AG
1	20778226	8	CA
1	20778439	213	CT
1	20778440	1	CT
1	20778455	15	GA
1	20778659	204	AG
1	20778667	8	CG
1	20778845	178	TC
1	20778942	97	AG
1	20778947	5	CG
1	20779053	106	GT
1	20779182	129	AG
1	20779212	30	TC
1	20779300	88	CT
1	20779333	33	GA
1	20779585	69	CT
1	20779619	34	AG
1	20780068	449	TC
1	20780301	233	CT
1	20780478	177	GA
1	20781098	100	AG
1	20781280	182	CT
1	20781456	176	CT
1	20781532	76	CT
1	20781535	3	TA
1	20781552	17	TA
1	20781622	70	TC
1	20781754	132	GA
1	20781773	19	CT
1	20781857	84	AG
1	20781948	91	GA
1	20781955	7	GA
1	20783809	780	CT
1	20783976	167	CT
1	20784956	980	CT
1	20785098	142	CG
1	20789158	3574	TG
1	20790381	634	AG
1	20790757	376	GA
1	20791024	267	TC
1	20791138	114	AG
1	20791224	86	TA
1	20791254	30	TC
1	20791265	11	GT
1	20791269	4	CT
1	20791288	19	AG
1	20791298	10	CT
1	20791746	448	TC
1	20791858	112	AG
1	20792014	156	TC
1	20792606	144	CT
1	20792982	376	GA
1	20793021	39	GA
1	20793386	188	GA
1	20794704	657	TC
1	20794738	34	CG
1	20794804	66	CT
1	20794876	72	GA
1	20794880	4	AG
1	20795202	322	CT
1	20795280	78	AG
1	20795653	373	GA
1	20795894	241	TC
1	20796084	190	TC
1	20796359	275	CG
1	20796653	294	CT
1	20796819	116	GC
1	20796832	13	GA
1	20796833	1	AC
1	20796850	17	AG
1	20796937	87	AG
1	20797626	337	AG
1	20797631	5	AC
1	20798046	415	CT
1	20798050	4	GA
1	20798058	8	GA
1	20798064	6	CG
1	20798083	19	CT
1	20798221	138	AG
1	20798570	349	TC
1	20798754	162	TC
1	20798818	64	CG
1	20798877	59	AG
1	20798966	89	GA
1	20799669	462	GT
1	20799778	109	AC
1	20800415	637	GT
1	20801639	974	AG
1	20801791	152	CA
1	20801847	56	GA
1	20802080	233	AG
1	20802173	93	CT
1	20802442	269	AC
1	20802607	165	TC
1	20802678	71	CA
1	20802685	7	TC
1	20802697	12	TC
1	20802942	245	CT
1	20803024	82	AG
1	20803806	169	TC
1	20803835	29	TG
1	20804354	122	TC
1	20805828	1474	GA
1	20806411	583	AG
1	20806906	293	GC
1	20807738	368	TA
1	20807900	162	AG
1	20808619	26	GA
1	20808644	25	GA
1	20808680	36	CT
1	20809363	264	TC
1	20809366	3	GA
1	20809431	65	GA
1	20809447	16	CA
1	20810667	512	AG
1	20810798	131	TC
1	20811255	457	CT
1	20811511	256	GA
1	20811813	137	TC
1	20811962	149	CG
1	20811968	6	AG
1	20812101	133	TC
1	20812126	25	CA
1	20812296	170	TC
1	20813117	821	GA
1	20813411	294	CT
1	20814084	673	TC
1	20814677	593	TG
1	20814780	103	GA
1	20814827	47	GC
1	20815050	223	CA
1	20815101	51	GT
1	20815106	5	CT
1	20815107	1	GT
1	20815139	32	TC
1	20815149	10	GA
1	20815179	30	AG
1	20815443	264	GA
1	20816769	812	GA
1	20816822	53	AG
1	20817098	276	GA
1	20817306	138	CG
1	20817354	48	TC
1	20817407	53	TG
1	20817411	4	TG
1	20818102	691	CT
1	20818526	20	AG
1	20818971	445	GC
1	20818994	23	CA
1	20818999	5	CG
1	20819001	2	CG
1	20819018	17	AG
1	20819034	16	CG
1	20819060	26	TC
1	20819077	17	TC
1	20819080	3	GA
1	20819100	20	CT
1	20819391	291	TA
1	20819523	132	GA
1	20819572	49	CT
1	20819580	8	TC
1	20819635	55	AG
1	20819638	3	CT
1	20819753	115	AC
1	20819915	162	GA
1	20820080	165	CT
1	20820244	164	GA
1	20820252	8	CT
1	20820350	98	CT
1	20820440	90	AG
1	20820535	95	AG
1	20821020	228	CG
1	20821327	307	CG
1	20821344	17	CG
1	20821542	198	CT
1	20822115	305	CA
1	20822171	56	TC
1	20822335	164	CT
1	20822372	37	GA
1	20822397	25	GA
1	20822774	35	GT
1	20822793	19	GA
1	20822794	1	TC
1	20822801	7	GC
1	20822812	11	TC
1	20822824	12	GA
1	20822825	1	TC
1	20822841	16	TC
1	20823323	482	GA
1	20823746	423	TC
1	20824543	778	CT
1	20825806	824	CT
1	20827120	1069	CT
1	20840232	10941	GA
1	20848061	7129	CT
1	20874834	22702	TC
1	20874986	152	AG
1	20875502	516	GA
1	20875692	190	GA
1	20875706	14	CT
1	20875771	65	TC
1	20875783	12	GC
1	20875941	158	CT
1	20876467	526	CT
1	20876683	130	CG
1	20877010	327	CT
1	20877246	236	CG
1	20877538	106	TC
1	20877605	67	CT
1	20877720	115	TC
1	20877865	145	GA
1	20877957	92	TC
1	20877959	2	CT
1	20877972	13	TC
1	20878082	110	CT
1	20878645	234	GT
1	20878694	49	TC
1	20878940	181	TC
1	20879019	79	AG
1	20880002	246	CT
1	20880286	284	AG
1	20882107	1398	CT
1	20882394	249	CG
1	20882819	269	GT
1	20883002	183	TG
1	20883093	91	TG
1	20883107	14	TC
1	20883235	128	AT
1	20883616	381	TG
1	20883702	86	CT
1	20883779	77	GA
1	20883882	103	CA
1	20883921	39	AG
1	20883955	34	GA
1	20883973	18	AC
1	20886497	2109	AG
1	20887451	617	TC
1	20888677	769	CT
1	20889006	329	GA
1	20889188	182	CT
1	20889193	5	GA
1	20889503	310	CG
1	20890230	657	GA
1	20890384	154	CT
1	20890500	116	GT
1	20892605	1848	CA
1	20892772	167	CT
1	20892795	23	CT
1	20893141	69	CA
1	20893243	102	GA
1	20893637	394	GA
1	20893671	34	TA
1	20897108	1839	GA
1	20906616	8031	CT
1	20907484	848	GA
1	20907602	118	CA
1	20910174	2260	AG
1	20911232	98	GC
1	20911818	586	CT
1	20913854	1561	AG
1	20917615	2819	CT
1	20918565	64	CT
1	20918979	414	GA
1	20919292	313	TC
1	20919672	380	TC
1	20919687	15	CG
1	20919758	71	GC
1	20920079	321	AG
1	20920351	272	TG
1	20921667	1316	GT
1	20921870	203	CT
1	20922544	674	GA
1	20922556	12	CT
1	20923106	343	CT
1	20923554	344	CT
1	20924396	842	GA
1	20924398	2	CT
1	20926902	1697	CT
1	20929020	378	AT
1	20929092	72	TA
1	20929485	393	GA
1	20929627	142	TC
1	20929838	211	GA
1	20930159	321	GA
1	20930663	354	GA
1	20930721	58	GA
1	20930743	22	CT
1	20930964	221	CA
1	20930968	4	CT
1	20931001	33	GA
1	20931016	15	CT
1	20931737	579	AC
1	20933794	1634	GC
1	20937935	2356	CT
1	20938562	292	GA
1	20939040	446	CT
1	20939232	192	AG
1	20939379	147	GC
1	20939775	252	AG
1	20940123	310	GT
1	20941103	922	AG
1	20941511	408	GA
1	20941581	70	AG
1	20941641	60	CA
1	20942376	735	AG
1	20942395	19	GA
1	20943070	200	TC
1	20943207	137	AG
1	20944737	1454	AG
1	20945585	687	TC
1	20945683	98	GT
1	20946101	418	AG
1	20946417	31	TC
1	20946422	5	AG
1	20946469	47	GA
1	20946509	40	CT
1	20946520	11	AG
1	20946558	38	TC
1	20946747	189	TA
1	20946757	10	TC
1	20946775	18	GA
1	20946843	68	CA
1	20946981	138	AG
1	20947093	112	AG
1	20947956	614	TC
1	20948029	73	GA
1	20948273	244	AG
1	20948396	123	TG
1	20948639	243	GA
1	20948686	47	CA
1	20948731	45	CT
1	20949050	319	GA
1	20949129	79	CT
1	20949179	50	AG
1	20949185	6	GC
1	20949230	45	CG
1	20949990	502	GA
1	20950227	237	GA
1	20950304	77	CT
1	20950314	10	AG
1	20950656	342	GC
1	20950833	177	GA
1	20951031	198	GA
1	20951108	77	CA
1	20951120	12	GA
1	20951414	294	CT
1	20951513	99	AC
1	20951602	89	TC
1	20952434	553	GC
1	20952451	17	CG
1	20952471	20	GA
1	20952864	259	GC
1	20952868	4	AG
1	20952968	100	CT
1	20953185	217	GA
1	20953187	2	CT
1	20953345	158	TC
1	20953405	60	AG
1	20953543	138	TC
1	20953599	56	CT
1	20953616	17	AC
1	20953643	27	AG
1	20953911	268	CT
1	20953913	2	GA
1	20953948	35	CG
1	20953975	27	TC
1	20954136	161	TC
1	20954631	186	GA
1	20954794	163	GA
1	20955159	273	TC
1	20955212	53	GA
1	20955409	197	TC
1	20955587	178	GA
1	20955728	141	CT
1	20956107	379	AG
1	20957456	359	CA
1	20958136	680	TA
1	20958788	180	CT
1	20959023	235	CT
1	20959260	237	TG
1	20959279	19	CA
1	20959330	51	GA
1	20959640	310	GA
1	20959720	80	TA
1	20959998	278	CT
1	20960007	9	AG
1	20960283	276	AG
1	20960310	27	AG
1	20960331	21	GA
1	20960445	114	CT
1	20960955	110	AG
1	20961023	68	AT
1	20961030	7	CT
1	20961032	2	TG
1	20961049	17	AG
1	20961086	37	TG
1	20961115	29	CT
1	20961182	67	GT
1	20961196	14	CT
1	20961766	131	GA
1	20961878	112	TA
1	20962001	123	CT
1	20962791	517	TG
1	20963680	576	CT
1	20963811	131	AG
1	20963942	131	CA
1	20964131	189	CT
1	20964227	96	GA
1	20964233	6	AC
1	20964388	155	GA
1	20964429	41	TC
1	20964761	332	AG
1	20964767	6	TC
1	20964778	11	AG
1	20964805	27	CT
1	20964896	91	GA
1	20964901	5	GC
1	20964952	51	AG
1	20964970	18	CT
1	20965036	66	AC
1	20965114	78	GA
1	20965135	21	CT
1	20965425	290	TC
1	20965655	230	CA
1	20965683	28	AC
1	20965808	125	GC
1	20965834	26	AG
1	20965871	37	GA
1	20966136	265	AG
1	20966366	230	GT
1	20966388	22	CG
1	20966789	401	GT
1	20966982	193	GC
1	20967143	161	TC
1	20967173	30	TC
1	20967305	132	AG
1	20967398	93	AG
1	20967458	60	AG
1	20967472	14	GA
1	20967762	257	CT
1	20967813	51	GT
1	20967823	10	TC
1	20967905	82	TC
1	20967992	87	GA
1	20968225	233	GA
1	20968226	1	GC
1	20968734	343	TG
1	20968881	147	TC
1	20968932	51	CG
1	20969989	708	GC
1	20970071	82	TC
1	20970072	1	TG
1	20970089	17	TC
1	20970344	255	CT
1	20970773	374	AG
1	20970985	212	CT
1	20971092	107	TC
1	20975698	3154	AG
1	20981460	3567	TC
1	20982169	709	CG
1	20984326	1738	AG
1	20988460	3556	TA
1	20988663	203	TC
1	20988821	158	AG
1	20989467	591	GA
1	20989651	184	CT
1	20990027	376	GC
1	20990140	113	AC
1	20990227	87	CA
1	20990363	136	GA
1	20990802	107	CG
1	20990905	103	CT
1	20991092	108	CA
1	20991141	49	TC
1	20991167	26	TC
1	20991624	457	GA
1	20991677	53	GA
1	20991701	24	GA
1	20991813	112	CT
1	20992366	251	TC
1	20992456	90	AT
1	20993869	1125	TC
1	20995492	1404	GA
1	20995708	216	TC
1	20995800	92	GT
1	20996122	322	GA
1	20996791	669	GA
1	21000293	2803	CT
1	21000513	220	GA
1	21001099	586	GC
1	21001124	25	CT
1	21001574	72	GA
1	21002320	372	AG
1	21002403	83	CG
1	21003726	1304	AG
1	21003812	86	GA
1	21005096	1284	AT
1	21005410	314	GA
1	21005456	46	GA
1	21005644	188	TC
1	21005698	54	TC
1	21005933	235	GT
1	21006408	250	AG
1	21006429	21	GC
1	21006884	79	AT
1	21006944	60	CT
1	21007025	81	CT
1	21007106	81	GC
1	21007110	4	CT
1	21007138	28	GA
1	21007157	19	CT
1	21007290	133	CG
1	21007559	269	TC
1	21007681	122	GA
1	21007684	3	TC
1	21007710	26	AT
1	21007730	20	CT
1	21007768	38	TC
1	21007795	27	TC
1	21007805	10	CT
1	21007820	15	GT
1	21007824	4	TG
1	21007871	47	CT
1	21007883	12	CT
1	21007894	11	TC
1	21007895	1	GA
1	21007939	44	AG
1	21007949	10	AG
1	21008434	36	AT
1	21008466	32	AG
1	21011270	2241	AG
1	21011330	60	TG
1	21011335	5	AT
1	21011338	3	AC
1	21011503	165	GA
1	21011640	137	GA
1	21013077	303	CT
1	21013197	120	GA
1	21013257	60	CT
1	21014567	941	CG
1	21019178	4351	CT
1	21019603	406	CT
1	21028082	5314	CT
1	21029659	1577	AG
1	21029662	3	GA
1	21029738	76	TG
1	21030180	442	GA
1	21030759	228	AG
1	21030911	152	TC
1	21031155	211	TC
1	21031168	13	AG
1	21031889	721	GA
1	21032073	184	CT
1	21032414	341	CT
1	21032453	39	GA
1	21032485	32	AG
1	21036760	1436	CT
1	21037954	518	AC
1	21040153	509	GA
1	21043389	2076	TC
1	21044134	745	GA
1	21044254	120	CT
1	21044324	70	CG
1	21044333	9	GA
1	21046385	1774	GA
1	21046599	214	CA
1	21046704	105	CT
1	21046720	16	GA
1	21047268	474	CA
1	21047409	141	CG
1	21047558	149	GA
1	21048174	516	GT
1	21048879	579	CT
1	21048928	49	GA
1	21049675	434	AT
1	21049830	155	GT
1	21049852	22	TC
1	21049931	79	GT
1	21049970	39	TC
1	21050106	136	GA
1	21050132	26	CT
1	21050161	29	AG
1	21050660	471	CA
1	21052429	1166	CT
1	21052478	49	GA
1	21052812	26	CT
1	21053348	426	CT
1	21053902	506	TA
1	21054034	132	GA
1	21054127	93	CA
1	21054229	102	CT
1	21054295	66	CT
1	21054381	86	TC
1	21054557	176	GA
1	21056176	527	CT
1	21057893	559	AC
1	21058020	127	AG
1	21058069	49	TA
1	21058077	8	AC
1	21058125	48	TC
1	21058161	36	AG
1	21058210	49	AG
1	21058820	572	TC
1	21059071	215	GA
1	21059085	14	AG
1	21059100	15	CT
1	21059608	424	TG
1	21059919	311	GA
1	21060019	100	GA
1	21060037	18	AG
1	21060417	380	AC
1	21060418	1	AG
1	21060450	32	GA
1	21060491	41	TC
1	21061026	333	TC
1	21061099	73	CT
1	21061308	209	AC
1	21061314	6	CG
1	21061352	38	GA
1	21061416	64	CT
1	21061814	398	AG
1	21062107	293	GA
1	21062882	433	TC
1	21062927	45	AC
1	21062974	47	CT
1	21063185	211	CT
1	21063592	376	GA
1	21067192	1092	GA
1	21069904	2240	AG
1	21080377	8755	GA
1	21082453	1327	AC
1	21104673	19001	CT
1	21107246	2541	CT
1	21107802	556	AG
1	21107829	27	GA
1	21107926	97	GA
1	21124644	13980	TC
1	21163470	30000	CG
1	21185080	16763	GC
1	21185225	145	CT
1	21185277	52	CA
1	21185728	451	TC
1	21185893	165	AG
1	21185902	9	GA
1	21186456	181	TC
1	21186488	32	GA
1	21186552	64	CT
1	21186667	115	GA
1	21186695	28	TC
1	21186746	51	GA
1	21186752	6	CT
1	21187233	481	CT
1	21187538	305	CT
1	21187800	262	GA
1	21187803	3	AT
1	21187811	8	CT
1	21187826	15	CT
1	21187943	117	CG
1	21188148	205	CT
1	21188166	18	GA
1	21188276	110	GA
1	21188626	350	TC
1	21188715	89	AG
1	21188760	45	AG
1	21188952	192	CT
1	21189112	160	TC
1	21189223	111	CT
1	21189457	234	CT
1	21189626	169	TC
1	21189682	56	CT
1	21189848	166	TG
1	21189939	91	AG
1	21190266	78	GC
1	21190271	5	AC
1	21190366	95	AG
1	21190375	9	TC
1	21190850	163	CT
1	21191179	329	CT
1	21191187	8	TC
1	21191189	2	AC
1	21191215	26	GA
1	21191251	36	GA
1	21191430	179	GA
1	21191441	11	CT
1	21192168	727	CA
1	21192172	4	CT
1	21192730	558	TC
1	21192872	142	TC
1	21192933	61	GT
1	21193054	121	TC
1	21193214	160	GA
1	21193307	93	GA
1	21193560	253	AG
1	21193868	308	AC
1	21194152	284	AG
1	21194251	99	CT
1	21194255	4	TC
1	21194272	17	AG
1	21194605	333	GA
1	21194670	65	TC
1	21194767	97	CT
1	21195022	255	CT
1	21195447	425	TG
1	21195460	13	TC
1	21195561	101	CT
1	21195748	187	AG
1	21195906	158	AG
1	21196027	121	TG
1	21196065	38	GA
1	21196575	510	TC
1	21197108	438	CT
1	21204126	3736	CG
1	21204609	483	AG
1	21204747	138	TC
1	21204806	59	AG
1	21205300	494	GA
1	21210974	2762	GA
1	21211226	175	AG
1	21211334	108	CT
1	21211469	135	GT
1	21212099	234	TC
1	21212320	221	CT
1	21212342	22	CT
1	21212805	114	GA
1	21212953	148	TC
1	21212965	12	CT
1	21213316	116	CT
1	21213322	6	CT
1	21213329	7	CT
1	21213360	31	AG
1	21213376	16	AG
1	21213402	26	TC
1	21213473	71	CT
1	21213535	62	TC
1	21213689	154	AG
1	21213775	86	CT
1	21213842	67	GA
1	21213847	5	TC
1	21214007	160	TC
1	21214141	134	CT
1	21217706	3262	CT
1	21218233	393	CG
1	21218285	52	GT
1	21218475	190	GA
1	21218703	228	CT
1	21218707	4	CT
1	21219055	348	GT
1	21219738	103	AG
1	21219789	51	GT
1	21220075	268	GA
1	21220236	161	AC
1	21220377	141	CA
1	21220432	55	CT
1	21220442	10	TC
1	21223163	2068	CT
1	21225839	2351	CT
1	21226065	226	CT
1	21226498	433	CT
1	21227408	910	AC
1	21227444	36	TC
1	21227580	136	CT
1	21227985	405	GT
1	21227996	11	GA
1	21228154	158	GA
1	21228565	411	CT
1	21228625	60	GA
1	21228922	297	CT
1	21229172	222	AG
1	21229235	63	TG
1	21229357	122	CG
1	21229370	13	AG
1	21229451	81	CA
1	21229458	7	CT
1	21229532	74	CG
1	21230056	524	TC
1	21230134	78	CT
1	21230238	104	TG
1	21230530	292	TC
1	21230625	95	GA
1	21230645	20	TG
1	21230736	91	GA
1	21230849	113	CG
1	21230930	81	TG
1	21233348	922	TC
1	21233595	247	GA
1	21233629	34	CT
1	21235032	483	TG
1	21235199	167	GA
1	21235209	10	GA
1	21235215	6	CA
1	21235399	184	TC
1	21235401	2	TC
1	21235431	30	TC
1	21235464	33	GA
1	21235631	167	TC
1	21235668	37	CT
1	21235850	182	CG
1	21236241	391	CT
1	21236401	160	GC
1	21236464	63	TC
1	21236948	484	CT
1	21237156	153	GT
1	21237258	102	TA
1	21237358	100	CT
1	21237420	62	GA
1	21237491	71	CT
1	21237607	116	AG
1	21237756	149	TC
1	21238574	738	TC
1	21238576	2	CA
1	21238805	229	GA
1	21239013	182	GA
1	21240174	290	CT
1	21240311	137	AT
1	21240606	295	TC
1	21240665	59	TG
1	21241082	325	GT
1	21241517	416	CG
1	21241521	4	AG
1	21241566	45	TC
1	21242393	723	TC
1	21242422	29	GA
1	21242853	62	TC
1	21243349	496	GA
1	21243449	100	CT
1	21243673	224	AG
1	21243935	262	GA
1	21243937	2	AT
1	21243959	22	TG
1	21245828	563	TA
1	21245847	19	CA
1	21246091	244	GA
1	21246148	57	CT
1	21246187	39	TA
1	21246233	46	CG
1	21246743	69	TG
1	21246790	47	GA
1	21246837	47	AG
1	21246919	82	CA
1	21247062	143	GA
1	21247074	12	CT
1	21247135	61	GC
1	21247281	146	CT
1	21247291	10	GA
1	21247389	98	TC
1	21247390	1	GA
1	21247478	88	CA
1	21247538	60	AC
1	21247560	22	AC
1	21247844	284	CT
1	21248379	535	GA
1	21249099	720	TC
1	21249189	90	GC
1	21249194	5	CT
1	21249695	209	AT
1	21249743	48	AG
1	21249839	96	AG
1	21250398	368	AG
1	21250409	11	GA
1	21250565	156	AG
1	21250912	274	AT
1	21250924	12	CT
1	21251497	515	GA
1	21252357	860	TG
1	21252513	156	TC
1	21253746	292	AG
1	21254119	373	TC
1	21254182	63	AT
1	21254302	120	GC
1	21254324	22	CT
1	21254851	492	GA
1	21254971	120	TG
1	21256139	726	CA
1	21257082	413	CA
1	21257380	298	GC
1	21257496	116	CT
1	21257642	146	AC
1	21257671	29	TC
1	21257736	65	AG
1	21257921	185	CT
1	21258372	451	CT
1	21258462	90	GA
1	21258467	5	TC
1	21258486	19	CT
1	21258548	62	CT
1	21258566	18	CA
1	21258632	66	AG
1	21258918	286	CT
1	21259124	206	CT
1	21259212	88	AG
1	21259664	452	CG
1	21260574	910	AG
1	21260645	71	AG
1	21260709	64	TC
1	21260857	148	CA
1	21260864	7	GA
1	21261565	701	CT
1	21261771	125	AG
1	21261945	174	GA
1	21262244	299	GA
1	21262246	2	TG
1	21262414	168	GC
1	21262658	244	AG
1	21263109	164	AG
1	21263119	10	AG
1	21263202	83	CT
1	21263213	11	GA
1	21263220	7	GC
1	21263334	114	TC
1	21263462	128	AG
1	21263463	1	TG
1	21263591	128	CA
1	21263884	293	CG
1	21264166	247	AT
1	21264759	552	TC
1	21265338	231	TC
1	21265367	29	TC
1	21265446	79	GA
1	21265470	24	GA
1	21265569	99	CT
1	21265598	29	TC
1	21266174	321	CT
1	21266376	202	TC
1	21267175	491	AC
1	21267577	171	AT
1	21267677	100	GC
1	21267801	124	TC
1	21267902	101	TC
1	21267933	31	TA
1	21267958	25	AG
1	21268158	200	TC
1	21268452	294	TC
1	21268461	9	CA
1	21268484	23	CA
1	21268534	50	GA
1	21268599	65	AG
1	21269599	829	GC
1	21270213	614	TC
1	21270301	88	CT
1	21270429	128	CT
1	21270501	72	TC
1	21270798	297	GA
1	21271265	467	CT
1	21271645	380	CT
1	21272069	424	GA
1	21272179	110	AG
1	21272710	531	CT
1	21273288	465	GA
1	21273429	141	AG
1	21274229	800	GA
1	21274425	196	GA
1	21274457	32	CT
1	21275054	597	CT
1	21275563	509	GA
1	21275872	309	CT
1	21276561	689	GA
1	21277293	673	AG
1	21277496	203	GA
1	21277593	97	GA
1	21278572	979	TA
1	21278591	19	GA
1	21279319	261	GA
1	21279381	62	TC
1	21279428	47	GA
1	21279534	106	CT
1	21279646	112	TC
1	21279684	38	GA
1	21279687	3	CT
1	21279690	3	GA
1	21279962	272	TC
1	21280336	241	CG
1	21281154	818	GA
1	21281535	364	AG
1	21281785	250	TC
1	21282131	79	TC
1	21282310	179	CT
1	21282333	23	CT
1	21282350	17	AG
1	21282384	34	GT
1	21282442	58	TC
1	21282512	70	GA
1	21282729	217	CG
1	21283052	323	GA
1	21283063	11	CT
1	21283095	32	AT
1	21283124	29	CT
1	21283175	51	TC
1	21283373	198	GC
1	21283387	14	GA
1	21283409	22	GA
1	21283428	19	GA
1	21283830	402	AG
1	21283840	10	AG
1	21284997	814	GA
1	21285182	185	AG
1	21285184	2	CA
1	21285185	1	GC
1	21285204	19	GA
1	21285254	50	AG
1	21285267	13	TC
1	21285344	77	CT
1	21285978	325	GA
1	21285983	5	CT
1	21285997	14	AG
1	21286251	254	GA
1	21286269	18	TC
1	21286304	35	GT
1	21286307	3	GT
1	21287007	217	AG
1	21287044	37	TC
1	21287048	4	CG
1	21287413	240	GA
1	21287444	31	TC
1	21287789	345	GA
1	21287882	57	AT
1	21287930	48	TC
1	21288203	273	GA
1	21288276	73	CT
1	21288333	57	CT
1	21288361	28	CT
1	21288503	142	GA
1	21288513	10	AG
1	21288528	15	CT
1	21288556	28	AC
1	21288578	22	AG
1	21288601	23	GA
1	21288932	331	GA
1	21289308	376	TC
1	21289338	30	GA
1	21289427	89	AG
1	21289437	10	AC
1	21289925	488	AG
1	21290070	145	CT
1	21290071	1	CG
1	21290371	300	GA
1	21292439	1060	GA
1	21292449	10	GA
1	21292548	99	CT
1	21292762	214	TC
1	21292788	26	AG
1	21292826	38	TA
1	21293305	427	CT
1	21293489	184	GA
1	21293549	60	CG
1	21293804	255	CT
1	21294213	409	AG
1	21298507	3572	CT
1	21298929	422	GC
1	21299344	415	TC
1	21299682	338	TG
1	21300585	860	CT
1	21302655	1107	GA
1	21302832	177	TC
1	21302996	164	AG
1	21305326	1499	TC
1	21305416	90	AG
1	21305527	111	TG
1	21305995	25	AG
1	21306905	727	TC
1	21307530	162	GC
1	21308473	882	AG
1	21309213	740	AG
1	21309822	252	GC
1	21309964	142	CT
1	21310871	764	CT
1	21310915	44	AC
1	21310997	82	TG
1	21311890	234	AC
1	21312670	712	GA
1	21313280	481	GA
1	21313453	173	TC
1	21313468	15	GA
1	21313523	55	AG
1	21313768	245	TA
1	21313823	55	CA
1	21314001	178	AC
1	21314334	333	AG
1	21315005	430	GC
1	21315007	2	TC
1	21315098	91	CT
1	21315149	51	CT
1	21317209	1688	TC
1	21320297	2862	TC
1	21321448	1113	AG
1	21322696	616	AG
1	21322918	222	CT
1	21323317	377	TC
1	21323339	22	GA
1	21323413	74	CT
1	21326979	2294	AT
1	21327101	122	AG
1	21327181	80	AG
1	21327247	66	TC
1	21327437	190	AG
1	21328430	949	GA
1	21329034	82	TC
1	21329739	402	CT
1	21329914	175	CG
1	21329980	66	CT
1	21330879	899	TC
1	21332302	1254	GA
1	21332474	172	CA
1	21332576	102	TC
1	21332590	14	TC
1	21332730	140	TC
1	21333071	341	CT
1	21333260	189	AG
1	21333310	50	TC
1	21333316	6	TC
1	21334471	437	CT
1	21334866	395	AG
1	21334912	46	AG
1	21335354	442	CT
1	21335508	154	CG
1	21335509	1	GA
1	21335527	18	GC
1	21335564	37	AG
1	21336241	338	TA
1	21338231	1036	TC
1	21338249	18	GA
1	21338250	1	AG
1	21338417	167	CT
1	21338650	233	CT
1	21338715	65	CG
1	21338716	1	GA
1	21338752	36	GT
1	21338913	161	AG
1	21339856	539	CT
1	21340432	576	CT
1	21340593	161	CT
1	21340791	198	GA
1	21341028	237	GA
1	21341153	125	TA
1	21341187	34	AG
1	21341281	94	CT
1	21341282	1	GT
1	21341581	299	TC
1	21341783	202	TC
1	21341796	13	CT
1	21341800	4	CT
1	21341966	166	TC
1	21341993	27	CA
1	21341997	4	AG
1	21342011	14	AG
1	21342048	37	AG
1	21342090	42	GA
1	21342097	7	AG
1	21342110	13	CT
1	21342164	54	AG
1	21342184	20	AG
1	21342190	6	CA
1	21342201	11	CT
1	21342215	14	AG
1	21342377	162	TC
1	21342447	70	CA
1	21342782	335	GA
1	21342808	26	AG
1	21343794	986	GA
1	21344018	224	CT
1	21344094	76	TC
1	21344113	19	TC
1	21344509	354	CA
1	21344583	74	TC
1	21344662	79	TC
1	21345679	625	GA
1	21346349	670	GC
1	21348445	2096	GA
1	21349124	554	CT
1	21349131	7	GA
1	21349483	352	AG
1	21351560	1370	TG
1	21351584	24	TC
1	21351585	1	GA
1	21351654	69	TC
1	21351681	27	TC
1	21351739	58	TC
1	21352071	332	GA
1	21352147	76	GC
1	21356379	2840	GA
1	21356997	618	GA
1	21359878	2531	CT
1	21361178	1212	GA
1	21364741	2929	AG
1	21365283	542	GC
1	21368714	3232	GA
1	21370055	1341	AT
1	21371067	1012	GA
1	21371080	13	CT
1	21371155	75	CT
1	21371160	5	GA
1	21371211	51	TG
1	21371479	268	CT
1	21372354	576	CT
1	21372515	161	AG
1	21372887	372	TC
1	21382493	8624	CT
1	21411069	24177	CT
1	21428181	12036	GA
1	21428316	135	CT
1	21429128	330	AG
1	21429189	61	CA
1	21429292	103	TC
1	21429298	6	GA
1	21429380	82	CT
1	21429619	239	TC
1	21430187	568	GC
1	21430195	8	TC
1	21430789	594	TC
1	21430954	165	CT
1	21431104	150	TC
1	21431112	8	CG
1	21431146	34	AG
1	21431154	8	GA
1	21431264	110	AG
1	21431267	3	CT
1	21431272	5	GA
1	21431791	519	TC
1	21432158	367	GA
1	21433182	702	AC
1	21433277	95	TG
1	21433390	113	CT
1	21434012	622	AG
1	21434939	285	CT
1	21435246	82	CT
1	21435272	26	CA
1	21435376	104	CA
1	21435405	29	CT
1	21435422	17	TC
1	21435538	116	GA
1	21435764	226	TC
1	21435862	98	TC
1	21435933	71	CT
1	21435960	27	CT
1	21435963	3	TC
1	21436005	42	AC
1	21436013	8	TC
1	21436022	9	GA
1	21436093	71	TC
1	21436476	383	GA
1	21437118	553	GA
1	21437156	38	GA
1	21437804	523	GA
1	21437846	42	AG
1	21437905	59	AG
1	21438075	170	TC
1	21438409	334	CT
1	21438429	20	AG
1	21438494	65	TC
1	21438541	47	TC
1	21439100	559	TC
1	21439715	93	CT
1	21439769	54	AG
1	21439894	90	GA
1	21440082	165	CT
1	21440168	86	GA
1	21440175	7	TC
1	21440231	56	AG
1	21440275	44	GA
1	21440440	165	TC
1	21440638	198	CT
1	21440740	102	CT
1	21441145	140	AG
1	21441315	170	GA
1	21441322	7	AG
1	21441546	224	TC
1	21441776	230	CT
1	21441812	36	CA
1	21441823	11	GA
1	21441903	80	CT
1	21442140	237	TC
1	21442297	157	GA
1	21442305	8	GA
1	21442396	91	CT
1	21442488	92	TC
1	21442810	291	CA
1	21443056	246	GA
1	21443113	57	GA
1	21443169	56	CT
1	21443401	110	GA
1	21443474	73	CT
1	21443501	27	CT
1	21443516	15	CT
1	21443558	42	GA
1	21443594	36	AG
1	21443611	17	TC
1	21443683	72	CT
1	21443705	22	AG
1	21444099	323	AT
1	21444117	18	CT
1	21444132	15	AG
1	21444297	17	AG
1	21444309	12	CT
1	21444312	3	CT
1	21444315	3	GA
1	21444358	43	TC
1	21444610	252	AG
1	21444657	47	CT
1	21444719	62	TC
1	21444724	5	TC
1	21444727	3	AC
1	21444731	4	AT
1	21444740	9	CT
1	21444897	157	GA
1	21444931	34	CT
1	21444943	12	GT
1	21445035	92	CG
1	21445054	19	TC
1	21445061	7	CA
1	21445452	277	CT
1	21445483	31	CA
1	21446399	626	AG
1	21446613	214	AC
1	21446639	26	CT
1	21447275	320	CA
1	21447321	46	GT
1	21447433	60	CT
1	21447458	25	CA
1	21447599	141	CA
1	21447691	92	TC
1	21447863	172	GA
1	21447938	75	CT
1	21448279	341	CA
1	21448321	42	AG
1	21448468	147	GA
1	21448505	37	AG
1	21448510	5	TC
1	21448538	28	AG
1	21448788	250	CT
1	21448958	170	CG
1	21449769	649	CT
1	21449823	54	GA
1	21450683	827	TG
1	21451331	648	TC
1	21451347	16	GA
1	21451380	33	CA
1	21451535	155	GA
1	21451566	31	GT
1	21451579	13	TC
1	21451893	314	GA
1	21451918	25	CT
1	21452173	255	TG
1	21452716	543	GA
1	21453359	466	AG
1	21453499	140	TC
1	21454255	756	AG
1	21454676	421	CT
1	21456398	1409	AT
1	21457560	1162	AG
1	21458585	987	TC
1	21458635	50	GT
1	21458680	45	GA
1	21458839	159	AG
1	21459519	195	AG
1	21459732	213	GA
1	21459737	5	CT
1	21459746	9	GT
1	21459779	33	CA
1	21459822	43	GA
1	21459903	81	AG
1	21459965	62	CA
1	21459970	5	CT
1	21459988	18	TC
1	21460021	33	GA
1	21460135	114	CT
1	21460171	36	CA
1	21460205	34	AG
1	21466283	5261	AT
1	21466394	111	CT
1	21466984	114	CT
1	21471750	4676	CT
1	21472850	785	AT
1	21473398	548	TC
1	21473611	213	GT
1	21474350	739	CT
1	21474382	32	GT
1	21474547	165	TA
1	21474745	198	GA
1	21474776	31	GA
1	21474840	64	CT
1	21474854	14	AG
1	21474962	108	CT
1	21476588	601	CT
1	21477025	437	GA
1	21477098	73	TC
1	21477201	103	TA
1	21477513	312	CT
1	21477526	13	GA
1	21477667	141	CT
1	21478441	259	CT
1	21478589	148	CT
1	21478628	39	CT
1	21478658	30	TG
1	21478941	283	CT
1	21479003	62	TC
1	21479033	30	AG
1	21479178	145	GA
1	21479441	263	CT
1	21480798	677	GA
1	21481111	313	GA
1	21481476	365	GA
1	21481881	405	CT
1	21481958	77	GA
1	21482136	152	GA
1	21482506	173	AT
1	21482596	90	GA
1	21482717	121	AC
1	21483153	257	AG
1	21483384	231	GA
1	21483405	21	TC
1	21483599	194	AG
1	21483749	150	TC
1	21484005	256	GA
1	21484270	265	GA
1	21484271	1	CT
1	21484910	589	GA
1	21484949	39	GT
1	21484956	7	AG
1	21485660	352	GA
1	21485744	84	GA
1	21485756	12	GA
1	21486271	129	TA
1	21486304	33	GT
1	21486322	18	GA
1	21486331	9	CT
1	21486336	5	TC
1	21486392	56	TC
1	21486449	57	GA
1	21486450	1	GT
1	21486722	272	GT
1	21486771	49	AG
1	21486782	11	CT
1	21486800	18	CT
1	21486857	57	CT
1	21486935	78	TC
1	21486942	7	AG
1	21486971	29	GT
1	21487299	328	GC
1	21487378	79	AG
1	21487594	216	CA
1	21487625	31	TC
1	21487699	74	AG
1	21487717	18	AG
1	21487737	20	GC
1	21487765	28	AC
1	21488289	524	CT
1	21488606	81	AG
1	21488723	117	GA
1	21488736	13	GA
1	21489157	353	CA
1	21489666	509	GT
1	21489719	53	CT
1	21489835	116	GC
1	21489844	9	GA
1	21489963	119	CT
1	21489967	4	TC
1	21490924	510	AG
1	21490941	17	TC
1	21491598	657	CG
1	21491634	36	GA
1	21491642	8	AG
1	21491728	86	AG
1	21491742	14	CA
1	21491850	108	CT
1	21491881	31	AG
1	21492018	137	GA
1	21492120	102	GA
1	21492127	7	GA
1	21492214	87	GA
1	21492310	96	AG
1	21492654	232	GA
1	21492739	85	AC
1	21492909	170	TC
1	21493057	148	AG
1	21493059	2	TC
1	21493107	48	CT
1	21496815	2742	TG
1	21496974	159	CT
1	21497054	80	TC
1	21497356	302	AG
1	21497561	205	GC
1	21497602	41	AG
1	21497966	364	AG
1	21498103	137	TC
1	21498195	92	GA
1	21498272	77	GA
1	21498401	129	AG
1	21498414	13	CT
1	21498613	164	TA
1	21498646	33	GA
1	21498683	37	GA
1	21498707	24	AG
1	21498761	54	AG
1	21498763	2	TC
1	21499171	323	AG
1	21499249	78	TC
1	21499310	61	AG
1	21499372	62	GA
1	21499375	3	CT
1	21499381	6	TC
1	21499387	6	AG
1	21499388	1	CT
1	21499441	53	AG
1	21499446	5	TC
1	21499486	40	AG
1	21499612	126	GA
1	21499741	129	CT
1	21499785	44	CG
1	21499875	90	TC
1	21499894	19	AG
1	21500076	182	GT
1	21500094	18	CT
1	21500210	116	TC
1	21500715	264	AG
1	21500781	66	GA
1	21501128	347	TC
1	21505339	497	GA
1	21505437	98	TG
1	21505574	137	TC
1	21505820	246	AG
1	21506836	706	CT
1	21507249	413	CT
1	21507466	217	CG
1	21511502	2581	TC
1	21511752	250	AG
1	21511788	36	GA
1	21512640	852	CT
1	21513370	573	GC
1	21513438	68	CG
1	21513498	60	GA
1	21514119	621	AG
1	21514147	28	AG
1	21514276	129	CT
1	21514333	57	GC
1	21514502	68	CG
1	21514514	12	AG
1	21514625	111	TC
1	21514818	193	CT
1	21515417	269	AG
1	21515418	1	AG
1	21515451	33	GC
1	21515508	57	GA
1	21515862	291	GC
1	21518717	581	CT
1	21518826	109	CA
1	21519518	692	CT
1	21520000	168	GA
1	21520945	889	GA
1	21521032	87	TC
1	21522698	1666	CT
1	21523820	368	AG
1	21523901	81	CT
1	21523973	72	GC
1	21524076	103	TC
1	21524162	86	GA
1	21524284	122	TC
1	21524348	64	AG
1	21524483	135	TC
1	21524741	258	AC
1	21524983	242	CG
1	21525194	211	GT
1	21525313	119	CT
1	21525441	128	TA
1	21525497	56	CT
1	21525785	288	AG
1	21526086	95	TC
1	21526116	30	AC
1	21526168	52	CT
1	21526354	186	TC
1	21526386	32	CT
1	21526538	152	CT
1	21526681	143	AG
1	21526854	173	GA
1	21526976	100	GC
1	21526980	4	CA
1	21527044	64	GA
1	21527061	17	TA
1	21527086	25	CT
1	21527162	76	AC
1	21527204	42	AC
1	21527266	62	CT
1	21527800	173	CT
1	21528026	226	GA
1	21528165	139	CT
1	21528198	33	CT
1	21528406	208	GT
1	21528444	38	TG
1	21528454	10	CT
1	21528481	27	CT
1	21528500	19	TC
1	21528801	301	AC
1	21529094	293	GC
1	21529115	21	TG
1	21529126	11	AC
1	21529434	308	TC
1	21529565	131	CT
1	21529666	101	AG
1	21530461	795	GA
1	21530498	37	GA
1	21530822	245	TG
1	21530882	60	GA
1	21531398	516	CG
1	21531452	54	GA
1	21532879	310	GA
1	21532901	22	AG
1	21532991	90	GA
1	21533129	138	TC
1	21533146	17	GA
1	21533372	118	GA
1	21533418	46	AG
1	21533448	30	CT
1	21533490	42	AG
1	21533494	4	TC
1	21533632	138	TC
1	21533643	11	CG
1	21533797	154	TC
1	21533808	11	CT
1	21533966	45	CT
1	21534259	186	CT
1	21534797	434	CT
1	21535729	630	GA
1	21536448	449	AG
1	21537217	667	GC
1	21537350	133	AG
1	21537380	30	CG
1	21537527	147	GA
1	21537746	219	TC
1	21538101	212	GA
1	21538109	8	TC
1	21538320	211	AG
1	21538446	126	GA
1	21538480	34	AG
1	21538488	8	GA
1	21538839	351	CT
1	21539071	232	CT
1	21539559	448	AT
1	21539608	49	GA
1	21539736	128	TG
1	21543518	3378	AG
1	21546844	2426	TA
1	21546853	9	GA
1	21546872	19	CT
1	21546984	112	TA
1	21547153	169	CT
1	21547319	166	AG
1	21547460	141	AC
1	21547497	37	TC
1	21547498	1	GC
1	21547571	73	TC
1	21547648	77	AG
1	21547783	135	CT
1	21547856	73	GC
1	21547866	10	GA
1	21547886	20	TG
1	21547922	36	GA
1	21548031	109	AG
1	21548092	61	CT
1	21548109	17	GA
1	21548195	86	TC
1	21548309	114	GA
1	21548449	140	CT
1	21548573	124	TC
1	21548609	36	CG
1	21548614	5	GA
1	21548615	1	TC
1	21548626	11	GA
1	21548660	34	TC
1	21548868	208	TC
1	21548869	1	GA
1	21548917	48	AG
1	21548920	3	AG
1	21548973	53	GA
1	21548988	15	TC
1	21549185	197	CT
1	21549226	41	CT
1	21549227	1	AG
1	21549391	164	CT
1	21549427	36	AG
1	21549430	3	TC
1	21549475	45	CT
1	21549505	30	CT
1	21549546	41	TC
1	21549564	18	GC
1	21549599	35	GA
1	21549928	242	CT
1	21549977	49	CT
1	21550002	25	AG
1	21550072	70	GC
1	21550433	361	AG
1	21550460	27	TG
1	21550499	39	CT
1	21550745	246	TC
1	21550775	30	CT
1	21550970	195	TC
1	21552370	1031	GT
1	21553142	426	AG
1	21553155	13	TC
1	21553321	166	TA
1	21553338	17	AG
1	21555183	1801	TC
1	21555975	756	GA
1	21562565	5916	AC
1	21569775	5499	GT
1	21570137	362	AT
1	21570422	285	TG
1	21570745	323	AG
1	21571214	469	GT
1	21571350	136	CG
1	21571381	31	GA
1	21571423	42	AC
1	21572151	728	TC
1	21572208	57	AG
1	21572325	117	TC
1	21573126	801	CG
1	21573127	1	GA
1	21573720	149	TC
1	21573772	52	CG
1	21573964	192	CT
1	21574321	357	AC
1	21575074	315	GA
1	21575076	2	CT
1	21575124	48	CT
1	21575126	2	TC
1	21577030	1322	CT
1	21577539	509	GA
1	21578903	1077	CT
1	21579057	154	GA
1	21579831	774	CA
1	21580149	318	CA
1	21580220	71	GA
1	21580844	624	CT
1	21581451	313	TC
1	21584192	630	CT
1	21584276	84	TG
1	21584301	25	AC
1	21584852	551	GA
1	21584985	111	GC
1	21585806	101	GA
1	21585960	154	GC
1	21586115	155	CA
1	21586488	347	TC
1	21587281	517	CT
1	21587301	20	TA
1	21587303	2	GA
1	21587397	94	AG
1	21588351	382	AG
1	21588437	86	CG
1	21588456	19	AC
1	21588734	109	GA
1	21588736	2	TC
1	21588744	8	GA
1	21588800	56	GA
1	21588825	25	CT
1	21588876	51	GA
1	21588967	91	CA
1	21589382	386	GA
1	21589420	38	AG
1	21589576	156	AG
1	21589601	25	TC
1	21589603	2	AT
1	21589951	348	CT
1	21589952	1	GA
1	21590003	51	CT
1	21590123	120	GA
1	21590263	140	GA
1	21590567	304	TC
1	21590712	145	AG
1	21590714	2	TC
1	21590742	28	TG
1	21591695	775	TC
1	21591697	2	TC
1	21591738	41	GA
1	21591747	9	CA
1	21593655	1908	TC
1	21594035	380	CA
1	21594078	43	GA
1	21625474	14406	GA
1	21626547	1073	GA
1	21627151	604	CT
1	21632843	3529	CA
1	21632979	136	TC
1	21633123	144	TC
1	21633259	136	GC
1	21633658	399	AC
1	21636179	1714	AT
1	21636664	485	GT
1	21637177	513	AG
1	21637289	112	AG
1	21640173	2031	CG
1	21641481	1235	CT
1	21641850	369	CG
1	21642464	614	AG
1	21642709	245	CT
1	21643102	167	TC
1	21644409	1066	GA
1	21645149	315	GA
1	21645247	98	TC
1	21646062	344	CT
1	21647923	1400	GA
1	21649902	1360	CA
1	21650517	615	GA
1	21652871	1953	AG
1	21653879	923	CA
1	21662874	6975	CT
1	21663967	1093	CT
1	21667008	2935	GA
1	21669151	2107	TC
1	21672498	1241	GA
1	21674747	511	CT
1	21676346	1431	GC
1	21679298	2240	GA
1	21681070	1398	CG
1	21681071	1	AG
1	21681220	149	GA
1	21681311	91	TC
1	21681398	87	GA
1	21681571	173	AG
1	21681982	411	GA
1	21683131	1094	TG
1	21684254	935	GT
1	21684401	147	GC
1	21686670	2175	CA
1	21687383	674	CT
1	21688371	408	GA
1	21688545	174	GA
1	21688631	86	TC
1	21688657	26	CT
1	21688675	18	CT
1	21688725	50	GA
1	21689134	409	CT
1	21689272	138	GA
1	21689391	119	TC
1	21689584	193	GA
1	21689782	198	AC
1	21689814	32	AG
1	21690151	337	TC
1	21690338	187	GA
1	21690349	11	GT
1	21690663	314	TG
1	21690680	17	CT
1	21691299	129	GA
1	21691913	614	GA
1	21691928	15	AG
1	21691983	55	GA
1	21692182	199	AC
1	21692419	237	CG
1	21692429	10	TC
1	21692436	7	TC
1	21692469	33	TG
1	21692495	26	CA
1	21692522	27	GA
1	21692716	194	AG
1	21692719	3	GT
1	21693548	411	GT
1	21693636	88	GA
1	21693660	24	GC
1	21694201	541	CT
1	21694233	32	CG
1	21694235	2	GA
1	21694406	171	CT
1	21694518	112	AG
1	21694535	17	CT
1	21694579	44	TC
1	21695062	435	CT
1	21695160	98	AG
1	21695409	249	CT
1	21695417	8	GA
1	21695473	56	GC
1	21695634	161	CT
1	21695640	6	CT
1	21696146	123	CT
1	21696154	8	GA
1	21696480	326	CT
1	21696556	76	CT
1	21696774	218	CT
1	21697188	414	TC
1	21698041	511	GA
1	21700630	1873	TC
1	21702103	1473	GC
1	21702130	27	AG
1	21702160	30	AG
1	21704739	1630	CT
1	21705457	718	GA
1	21705739	282	CT
1	21707782	1270	TG
1	21708191	409	AG
1	21710880	2661	AG
1	21710957	77	GA
1	21711302	345	AG
1	21711465	163	GC
1	21711573	108	GA
1	21711585	12	GC
1	21711728	143	TC
1	21712926	1198	TA
1	21714174	776	AT
1	21717061	2697	TC
1	21717250	189	GT
1	21717649	399	CA
1	21717778	129	CT
1	21717953	175	TC
1	21718001	48	GA
1	21719259	365	GA
1	21720651	1392	CT
1	21723531	2371	GA
1	21724524	621	GA
1	21727865	3100	GA
1	21728798	840	GA
1	21729002	204	CT
1	21729452	450	GA
1	21729462	10	GA
1	21729560	98	CT
1	21734414	3837	CT
1	21734415	1	GA
1	21734659	244	CT
1	21734723	64	CG
1	21735054	155	GA
1	21735140	86	CA
1	21735255	115	GA
1	21735543	81	TG
1	21735743	200	AG
1	21736370	583	GA
1	21736424	54	GA
1	21737185	761	GA
1	21737626	441	GA
1	21737647	21	GA
1	21741180	2847	CA
1	21744177	1358	AG
1	21744196	19	TC
1	21744506	254	CT
1	21744717	211	CT
1	21750012	3572	AG
1	21750108	96	CT
1	21750184	76	CT
1	21751003	449	AG
1	21751082	79	GA
1	21751225	143	AG
1	21751318	93	GA
1	21751379	61	AG
1	21751577	198	GA
1	21751636	59	GT
1	21752348	712	CT
1	21752404	56	CT
1	21752424	20	GA
1	21752549	125	GA
1	21752735	186	GA
1	21753068	333	CT
1	21753121	53	AG
1	21753125	4	CT
1	21753126	1	CT
1	21753330	204	AC
1	21753579	249	CT
1	21753676	97	TC
1	21753705	29	CG
1	21753739	34	CT
1	21753920	132	GA
1	21754045	125	CT
1	21754052	7	GT
1	21754143	91	GA
1	21754151	8	GA
1	21754210	59	CT
1	21755416	1009	GC
1	21756007	369	CG
1	21756099	92	TC
1	21756251	152	TC
1	21756264	13	TC
1	21756295	31	TC
1	21756398	103	AG
1	21756401	3	GA
1	21756449	48	CT
1	21756482	33	TC
1	21756690	208	CT
1	21756737	47	TC
1	21756755	18	TG
1	21756810	55	AG
1	21756813	3	GA
1	21756970	157	GA
1	21757039	69	GA
1	21757107	68	GT
1	21757129	22	GT
1	21757492	193	CT
1	21757553	61	TC
1	21758326	773	GT
1	21760152	721	CT
1	21760332	180	TC
1	21763238	2034	GA
1	21763248	10	GC
1	21763557	309	GA
1	21763636	79	CT
1	21768571	2865	GA
1	21768747	176	GC
1	21769068	254	CT
1	21770363	1295	GC
1	21770436	73	CT
1	21770577	141	AG
1	21771480	411	CT
1	21772406	860	TC
1	21773065	659	GA
1	21775808	1539	AG
1	21775882	74	GA
1	21775936	54	GA
1	21776387	451	CT
1	21776479	92	TC
1	21776480	1	GC
1	21776484	4	CT
1	21777161	325	CT
1	21777473	206	GA
1	21782447	2985	GA
1	21782588	141	GA
1	21782908	320	GT
1	21783362	454	GA
1	21785287	1772	GA
1	21786165	472	CA
1	21786385	194	GC
1	21787499	673	AG
1	21788012	483	CT
1	21788501	375	CT
1	21790574	1791	CT
1	21791249	648	AC
1	21792603	1197	CT
1	21795912	2272	GA
1	21795924	12	AT
1	21797368	1444	CT
1	21797495	127	GA
1	21797657	53	GC
1	21798169	233	AC
1	21798179	10	CT
1	21798560	381	GA
1	21798876	316	TA
1	21799143	267	GA
1	21799171	28	GA
1	21799199	28	CT
1	21799590	75	AT
1	21799656	66	GT
1	21800135	479	CT
1	21800140	5	GA
1	21800184	44	GA
1	21800320	136	TC
1	21800651	248	TC
1	21800734	83	CT
1	21800940	206	CT
1	21801504	255	CA
1	21801520	16	TC
1	21801568	48	CG
1	21802043	475	GC
1	21802110	67	GA
1	21802234	124	GA
1	21802540	306	CT
1	21802573	33	CG
1	21802672	99	AG
1	21802674	2	CT
1	21802719	45	GA
1	21803117	398	CT
1	21803333	216	GA
1	21803439	106	CG
1	21804068	629	CA
1	21804303	235	CT
1	21804324	21	GC
1	21804354	30	GA
1	21804380	26	CT
1	21804777	265	CT
1	21805082	305	TC
1	21808320	2847	CT
1	21808944	396	TC
1	21811879	1434	CT
1	21811916	37	CT
1	21811951	35	AG
1	21812288	337	GA
1	21813022	492	TC
1	21813110	88	GA
1	21813491	381	AG
1	21813613	122	TC
1	21813691	78	TC
1	21814025	334	TC
1	21814350	103	AG
1	21814500	76	GT
1	21814654	154	GA
1	21814771	117	AG
1	21814865	94	TC
1	21814867	2	GA
1	21814949	82	TC
1	21814981	32	CT
1	21815001	20	GA
1	21815289	218	TC
1	21815654	207	GA
1	21823190	6173	CT
1	21854559	23482	GT
1	21854990	431	CT
1	21855048	58	TC
1	21857847	2146	GA
1	21858959	1064	GT
1	21859014	55	AG
1	21859083	69	TC
1	21859270	187	TC
1	21859276	6	TC
1	21859304	28	GA
1	21859372	68	CT
1	21859568	196	GA
1	21859918	350	AG
1	21860030	112	TC
1	21860166	136	CT
1	21860486	303	AG
1	21861383	897	AG
1	21862409	1026	CT
1	21863015	606	GA
1	21865289	1083	GA
1	21865584	295	CT
1	21866265	343	TC
1	21866410	145	AG
1	21866414	4	GA
1	21866667	253	AG
1	21866673	6	CA
1	21867132	459	AG
1	21867244	112	TC
1	21868069	825	CT
1	21868149	80	CA
1	21868332	183	GA
1	21868572	240	TC
1	21869989	1084	TC
1	21870248	259	GA
1	21870281	33	TC
1	21870806	525	CT
1	21871052	246	GC
1	21871388	336	TC
1	21871413	25	TC
1	21871591	178	AG
1	21871776	185	CA
1	21871823	47	GT
1	21871915	92	TC
1	21873829	1368	CT
1	21873843	14	CG
1	21874092	249	CT
1	21874146	54	TC
1	21874741	595	CG
1	21879287	3704	GA
1	21879334	47	TC
1	21879340	6	CT
1	21879599	259	GA
1	21880207	260	AG
1	21881422	1128	GT
1	21885039	3061	AG
1	21885829	790	GT
1	21886057	228	AG
1	21888991	2934	GA
1	21889104	113	AG
1	21889456	352	CT
1	21890497	787	AG
1	21895611	4680	AG
1	21898362	2697	CT
1	21899863	1501	GA
1	21900145	282	GA
1	21901018	771	GT
1	21901511	493	GA
1	21904468	2839	GC
1	21907756	2634	TC
1	21909767	1882	CT
1	21910208	291	AG
1	21910589	319	CT
1	21912527	1847	CT
1	21917645	3075	CT
1	21918439	660	GA
1	21918470	31	GC
1	21919373	582	GT
1	21920019	526	CT
1	21920071	52	GC
1	21921015	782	CT
1	21921429	414	GA
1	21921517	88	GA
1	21922215	639	TC
1	21925254	2787	AG
1	21930106	3812	CT
1	21931018	768	TC
1	21931159	141	CT
1	21931348	189	CT
1	21931376	28	CT
1	21931857	481	GA
1	21932101	85	CA
1	21932426	325	GT
1	21932484	58	GA
1	21932515	31	TC
1	21932886	20	AC
1	21932976	90	TC
1	21933879	620	AG
1	21934060	141	TG
1	21934333	273	AG
1	21934616	254	TC
1	21934757	141	GA
1	21934848	91	CT
1	21934908	60	CT
1	21935268	360	GA
1	21935942	103	TC
1	21936010	68	GT
1	21936710	700	CT
1	21937643	682	TC
1	21938225	496	TC
1	21938635	410	GA
1	21939730	1040	CG
1	21941322	1368	GC
1	21941896	574	CT
1	21942646	306	GA
1	21943111	465	TC
1	21943356	245	GA
1	21943648	292	CT
1	21944021	373	GA
1	21944207	186	TC
1	21944292	85	GA
1	21944935	578	CT
1	21944951	16	CT
1	21948810	2861	GC
1	21951603	1834	CT
1	21951812	209	CA
1	21951926	114	GA
1	21952088	162	CG
1	21952838	180	GC
1	21952923	85	AG
1	21953000	77	CT
1	21953397	397	GA
1	21953436	39	TC
1	21953454	18	GA
1	21953520	66	GA
1	21953621	101	CT
1	21953622	1	GA
1	21953728	106	TC
1	21953870	142	AG
1	21954074	120	GA
1	21954397	323	TC
1	21954402	5	AG
1	21954416	14	CT
1	21955613	964	AT
1	21955801	188	GA
1	21956918	1093	GT
1	21961201	3831	CT
1	21962761	1560	GA
1	21967180	4089	GA
1	21967186	6	TC
1	21967254	68	TC
1	21967343	89	TC
1	21967688	345	CA
1	21967786	98	CT
1	21967896	110	TC
1	21967897	1	GA
1	21967899	2	TC
1	21967994	95	GA
1	21968013	19	GA
1	21968124	111	CG
1	21968155	31	TC
1	21968302	147	TC
1	21968332	30	AG
1	21968333	1	TC
1	21968403	70	TC
1	21968510	107	GT
1	21968660	150	CT
1	21968735	75	CT
1	21970227	1054	CA
1	21970232	5	TC
1	21971183	251	CT
1	21972364	1181	AG
1	21972620	256	GA
1	21972648	28	AG
1	21972765	117	TA
1	21973825	1060	CG
1	21974022	197	GC
1	21974767	497	CT
1	21975254	28	TC
1	21975270	16	TC
1	21975384	114	AG
1	21975741	357	CA
1	21975856	115	GA
1	21976102	246	TC
1	21976497	395	TA
1	21976593	96	GA
1	21976676	83	GT
1	21976710	34	TG
1	21976903	193	GC
1	21977195	292	AG
1	21977679	484	TG
1	21977828	149	TG
1	21979869	787	AG
1	21981205	1336	AG
1	21981285	80	AG
1	21981694	409	CT
1	21982283	589	TC
1	21982308	25	CT
1	21983856	1358	AT
1	21984656	800	AG
1	21984745	89	AG
1	21985260	515	CT
1	21985261	1	AG
1	21985936	600	CT
1	21986320	332	CT
1	21986560	240	GA
1	21986757	197	CT
1	21987078	149	GA
1	21987419	341	TC
1	21987494	75	CG
1	21987524	30	CA
1	21987525	1	AG
1	21987608	83	GA
1	21987731	123	CA
1	21987856	125	CA
1	21988308	304	GA
1	21988554	246	CT
1	21990185	583	CT
1	21990371	186	AG
1	21990645	96	AG
1	21990697	52	AC
1	21990850	153	AG
1	21991395	545	GA
1	21991971	576	CT
1	21992021	50	AG
1	21992175	154	TC
1	21992193	18	GA
1	21992361	168	CT
1	21992395	34	TC
1	21992400	5	CT
1	21992471	71	CA
1	21992651	180	GA
1	21992692	41	TC
1	21992773	81	GA
1	21992848	75	AG
1	21992901	53	GA
1	21992993	92	CT
1	21992996	3	GA
1	21993349	222	CT
1	21993564	215	AT
1	21994888	1324	GA
1	21996007	1042	CT
1	21997538	975	GA
1	21997732	194	GA
1	21999847	1859	CT
1	22001553	676	GT
1	22001908	127	GA
1	22001909	1	CG
1	22003654	434	TC
1	22004843	1189	AG
1	22004994	151	GA
1	22005653	548	GA
1	22005687	34	CT
1	22006739	923	CT
1	22006810	71	GA
1	22007266	292	CT
1	22007398	132	CT
1	22007515	117	GA
1	22007676	161	CT
1	22008059	383	TC
1	22009310	794	CT
1	22009471	161	GA
1	22009903	432	GA
1	22009988	85	CA
1	22010849	554	TG
1	22011475	626	CT
1	22012569	827	CT
1	22012590	21	CT
1	22012628	38	TC
1	22012647	19	CT
1	22012727	80	AG
1	22012747	20	CT
1	22012819	72	AT
1	22012896	77	CT
1	22012974	78	CT
1	22013010	36	CT
1	22013086	76	GA
1	22013119	33	CT
1	22014028	692	GA
1	22014112	84	CG
1	22014334	222	CT
1	22014375	41	GC
1	22014587	175	AG
1	22014614	27	CT
1	22014635	21	GA
1	22014648	13	CA
1	22015029	381	CT
1	22015202	173	GC
1	22015432	230	TC
1	22015622	190	TG
1	22015664	42	GC
1	22015763	99	CA
1	22015811	48	GA
1	22015859	48	GC
1	22015923	64	GA
1	22015943	20	GA
1	22016015	72	CG
1	22016018	3	TC
1	22016197	179	TG
1	22016406	209	CA
1	22016433	27	CT
1	22016578	145	CA
1	22017399	821	CT
1	22017444	45	GT
1	22017571	127	CG
1	22017586	15	GA
1	22017592	6	AG
1	22017712	120	GA
1	22018116	404	TA
1	22018118	2	CT
1	22018655	505	CA
1	22019209	554	CT
1	22019646	437	GA
1	22019808	162	GA
1	22019915	107	CT
1	22020823	529	TC
1	22021210	81	GC
1	22021462	252	GT
1	22021493	31	GA
1	22022345	852	AT
1	22022794	449	CT
1	22022843	49	CT
1	22023446	603	TC
1	22024510	1064	GA
1	22024625	115	GA
1	22024690	65	TA
1	22024923	233	CA
1	22025337	414	CT
1	22025722	385	TC
1	22026139	417	GA
1	22026844	705	GT
1	22026992	148	TC
1	22027075	83	TC
1	22027800	725	GA
1	22027836	36	GA
1	22028480	644	CT
1	22028653	173	AC
1	22029001	348	GA
1	22029082	81	AG
1	22029157	75	CT
1	22029759	548	TC
1	22030105	346	AG
1	22030382	277	GA
1	22030676	294	CT
1	22030813	137	GA
1	22030840	27	CG
1	22030966	126	TA
1	22031273	307	AC
1	22031309	36	AG
1	22031617	308	AG
1	22031718	101	GC
1	22031761	43	GA
1	22031841	80	CT
1	22031943	102	AT
1	22032268	325	CG
1	22033128	860	AG
1	22033150	22	AG
1	22033498	348	GA
1	22033515	17	GA
1	22033528	13	CG
1	22033559	31	GT
1	22033971	412	CT
1	22034133	162	GA
1	22034375	242	AG
1	22034707	272	GA
1	22035778	1071	TC
1	22036352	574	GA
1	22036590	238	TC
1	22036777	127	TG
1	22037448	388	CG
1	22037529	81	CT
1	22037613	84	GA
1	22037934	321	GA
1	22038041	107	GT
1	22038455	267	GA
1	22038776	235	GA
1	22038919	143	TG
1	22041261	1830	TC
1	22041406	145	GA
1	22042123	602	GA
1	22042955	319	TG
1	22043180	225	CG
1	22043755	575	TC
1	22044214	459	GA
1	22044749	535	GA
1	22045612	836	GA
1	22048022	1654	AG
1	22048056	34	TG
1	22048199	143	TA
1	22048325	126	CA
1	22048654	329	GA
1	22049555	639	GA
1	22049624	69	CG
1	22049751	127	TA
1	22050113	362	TC
1	22050965	209	GA
1	22051021	56	GA
1	22051034	13	GA
1	22052132	677	AG
1	22052499	367	GA
1	22053351	800	GA
1	22053862	189	TC
1	22054865	833	GT
1	22054954	89	CA
1	22055031	77	AC
1	22055321	290	GT
1	22055557	236	TG
1	22056197	488	CA
1	22056518	321	GA
1	22057077	250	GC
1	22057406	260	GA
1	22058607	629	GA
1	22058720	113	AC
1	22059058	338	CA
1	22059692	634	AT
1	22060341	515	GA
1	22060545	204	GA
1	22063363	2319	GA
1	22067396	3158	TA
1	22068803	883	AG
1	22069309	399	TC
1	22069702	393	TG
1	22070432	413	GT
1	22070528	96	AG
1	22070598	70	GT
1	22070675	77	TC
1	22070720	45	GC
1	22071231	151	AC
1	22071482	251	CT
1	22071493	11	TC
1	22071775	282	GA
1	22072331	276	CT
1	22073000	576	AT
1	22073007	7	CT
1	22073074	67	GA
1	22073385	190	TC
1	22073413	28	CT
1	22074619	427	AG
1	22075784	1165	GA
1	22076545	761	CA
1	22076600	55	CG
1	22077577	446	CA
1	22077640	63	TC
1	22077737	97	GA
1	22077742	5	TC
1	22077819	77	TG
1	22077865	46	CT
1	22078275	410	GC
1	22078276	1	AG
1	22078346	70	GA
1	22078474	128	CT
1	22078527	53	TC
1	22080149	148	CT
1	22080324	175	GA
1	22080340	16	CT
1	22080443	103	CT
1	22080587	144	CT
1	22080673	86	GA
1	22080760	87	CG
1	22080799	39	AG
1	22080802	3	GA
1	22080812	10	CG
1	22080851	39	TA
1	22080884	33	CT
1	22080925	41	GA
1	22082062	706	CA
1	22082279	217	GT
1	22082578	299	CT
1	22082608	30	GA
1	22082655	47	GA
1	22082774	119	GA
1	22082964	190	CT
1	22082966	2	CT
1	22083004	38	TC
1	22083008	4	GC
1	22083027	19	CT
1	22083028	1	GA
1	22083055	27	CT
1	22083111	56	GC
1	22083146	35	AG
1	22083320	174	GC
1	22083459	139	CT
1	22084390	372	CT
1	22084476	86	CT
1	22084600	124	GT
1	22084896	296	GC
1	22085120	94	GA
1	22085212	92	TC
1	22085389	177	TC
1	22085467	78	GA
1	22087022	175	CT
1	22087048	26	CT
1	22087054	6	TG
1	22087149	95	AT
1	22087156	7	TC
1	22087179	23	AG
1	22087217	38	TC
1	22087267	50	CA
1	22087442	175	GA
1	22087450	8	CG
1	22087473	23	GT
1	22088417	260	TA
1	22088428	11	TC
1	22088477	49	CG
1	22088718	241	CA
1	22088812	94	TC
1	22089064	230	TC
1	22089380	316	GA
1	22089525	145	GA
1	22089550	25	GA
1	22089552	2	CT
1	22089925	373	TC
1	22090045	120	GC
1	22090147	102	GC
1	22090159	12	TA
1	22090160	1	AT
1	22090664	477	AG
1	22090750	86	GA
1	22096024	396	CT
1	22096219	195	AG
1	22096313	94	GA
1	22096992	617	GC
1	22097620	628	GA
1	22098289	638	GC
1	22099962	1220	TC
1	22101964	2002	CT
1	22102205	241	AG
1	22107424	4462	CT
1	22108181	757	TC
1	22108352	171	AG
1	22108731	379	AG
1	22108732	1	TC
1	22109022	183	TC
1	22109082	60	AC
1	22110025	462	TC
1	22110117	92	CT
1	22110338	221	GA
1	22110389	51	AG
1	22110394	5	AG
1	22110540	146	CA
1	22110591	51	CT
1	22110793	202	CA
1	22110923	130	AG
1	22111072	149	TC
1	22111234	162	GA
1	22111243	9	TC
1	22111525	282	GA
1	22112184	278	GA
1	22114020	1836	AC
1	22114063	43	CT
1	22114086	23	CT
1	22114571	485	CG
1	22114840	229	GA
1	22116038	1198	AG
1	22116054	16	CT
1	22116137	83	TC
1	22116246	109	GA
1	22116436	190	GA
1	22116514	78	GA
1	22116833	319	TA
1	22117384	320	TC
1	22117454	70	CT
1	22117518	64	TG
1	22117764	246	GA
1	22117791	27	CT
1	22117792	1	GA
1	22121380	848	CT
1	22121667	287	GA
1	22121797	130	AC
1	22122584	787	GA
1	22122586	2	CT
1	22122749	163	CT
1	22122768	19	AG
1	22122888	120	TC
1	22123642	754	GA
1	22123793	151	TC
1	22124661	868	GA
1	22125899	1238	GA
1	22125979	80	TC
1	22126346	367	TC
1	22126502	156	CG
1	22126507	5	GA
1	22126598	91	CT
1	22126752	154	CT
1	22126909	157	CT
1	22127310	401	GT
1	22127711	401	TC
1	22127785	74	GC
1	22127895	110	TC
1	22128144	249	TC
1	22128554	343	AC
1	22128822	86	AG
1	22128873	51	CT
1	22129135	262	AG
1	22129399	264	CA
1	22129719	320	AG
1	22129724	5	GA
1	22129749	25	AG
1	22129962	213	GA
1	22130138	176	AG
1	22130234	96	GA
1	22130366	132	GA
1	22130541	175	CA
1	22131155	614	AG
1	22131451	296	CG
1	22132719	1070	AG
1	22136120	2603	CT
1	22137146	835	CT
1	22137857	609	CT
1	22138883	932	GA
1	22138925	42	GA
1	22139268	343	TC
1	22140051	783	AG
1	22140092	41	TC
1	22140237	145	CT
1	22140300	63	GA
1	22140306	6	TC
1	22141063	757	GA
1	22141232	169	CT
1	22141327	95	GA
1	22145055	3274	CT
1	22147074	1076	CG
1	22147119	45	GA
1	22147528	364	CT
1	22148974	1404	AC
1	22150853	1850	GA
1	22151913	1060	CG
1	22152566	534	AG
1	22155683	2908	GC
1	22160254	3963	TG
1	22160702	448	AT
1	22160703	1	AC
1	22160772	69	CT
1	22160783	11	AC
1	22161172	326	CT
1	22161442	270	GA
1	22161690	248	GA
1	22162240	550	CT
1	22162311	71	CA
1	22162429	118	AG
1	22162674	245	GA
1	22162968	294	AG
1	22164206	859	GA
1	22164741	408	TC
1	22165048	229	CG
1	22166516	1165	AG
1	22167508	831	TC
1	22168469	511	CT
1	22168526	57	CT
1	22168616	90	GA
1	22168916	300	AG
1	22169222	306	CA
1	22169285	63	GC
1	22169629	344	GT
1	22169752	123	GA
1	22169759	7	GA
1	22169827	68	TC
1	22169887	60	CT
1	22170225	338	TC
1	22170273	48	TC
1	22170500	227	TC
1	22170902	402	CG
1	22171936	700	AG
1	22172186	250	GT
1	22172881	414	CT
1	22173714	424	TC
1	22173831	117	TC
1	22173983	152	GA
1	22174079	96	CT
1	22174198	119	TA
1	22174319	121	CT
1	22174575	199	AT
1	22175071	496	AC
1	22176276	1157	CT
1	22176483	207	AG
1	22176487	4	CT
1	22176610	123	GA
1	22176690	80	CA
1	22177002	312	GA
1	22177155	153	TC
1	22177199	44	CT
1	22177272	73	AG
1	22177359	87	CT
1	22177500	141	GA
1	22177557	57	GT
1	22178103	546	GA
1	22179021	918	GA
1	22179287	266	AG
1	22179311	24	CT
1	22179328	17	TC
1	22179366	38	TC
1	22179477	89	AG
1	22179945	468	TC
1	22180176	231	TC
1	22180452	276	GC
1	22180506	54	AG
1	22180851	345	TC
1	22180910	59	AG
1	22181074	164	GA
1	22181118	44	TC
1	22181185	67	TC
1	22181266	81	AG
1	22181424	158	CG
1	22182014	590	AG
1	22182741	727	AG
1	22182786	45	AG
1	22183236	450	TC
1	22183704	468	CT
1	22183791	87	GC
1	22184629	838	CG
1	22185300	425	GT
1	22186349	1049	TC
1	22186369	20	TC
1	22186436	67	TC
1	22187835	1049	AG
1	22188256	421	TC
1	22188562	306	TC
1	22191297	1973	CG
1	22191537	240	AG
1	22191547	10	TC
1	22191844	297	GA
1	22191854	10	CT
1	22191950	25	CA
1	22192042	92	CT
1	22192619	305	CG
1	22192826	207	TC
1	22193259	433	CT
1	22194261	1002	AG
1	22194305	44	GA
1	22194483	178	CT
1	22194595	112	TC
1	22194788	193	GA
1	22194805	17	TC
1	22195190	322	CT
1	22195339	149	AT
1	22195421	82	TC
1	22195621	200	AG
1	22195813	192	AG
1	22196034	221	AG
1	22196058	24	TC
1	22196167	109	AC
1	22196176	9	AG
1	22196235	59	TC
1	22196236	1	GA
1	22196346	110	GA
1	22196547	201	GC
1	22196627	80	CT
1	22196691	64	TC
1	22196859	168	GA
1	22196883	24	CA
1	22197421	538	AG
1	22197872	451	CG
1	22199277	956	CT
1	22199526	249	GA
1	22199967	441	CG
1	22200000	33	CT
1	22200013	13	GC
1	22200036	23	AC
1	22200430	394	TC
1	22200459	29	TC
1	22200615	156	GA
1	22200677	62	AG
1	22200775	98	TC
1	22200972	197	TC
1	22201444	327	GA
1	22204846	1982	CT
1	22208519	3487	CT
1	22210111	1293	CT
1	22210129	18	CT
1	22215056	3427	GA
1	22215339	283	GA
1	22215903	564	GA
1	22220493	2526	CG
1	22227872	6181	CT
1	22229382	1198	CT
1	22230226	844	GA
1	22234849	3117	GA
1	22235305	456	GA
1	22235700	395	GC
1	22237310	1610	CT
1	22238519	1209	GT
1	22239621	506	TC
1	22240110	489	TC
1	22240216	106	AG
1	22240245	29	AC
1	22240482	237	GC
1	22240838	356	GA
1	22240996	158	CT
1	22241309	313	CT
1	22241430	121	GA
1	22241614	184	AG
1	22241683	69	GC
1	22241697	14	CT
1	22241713	16	GC
1	22241724	11	TC
1	22241735	11	TC
1	22241796	61	CA
1	22242017	221	TC
1	22242069	52	AG
1	22242836	645	TC
1	22244484	1007	CT
1	22247734	2263	AG
1	22250482	2274	CT
1	22250517	35	AG
1	22251411	346	AG
1	22251997	586	TC
1	22252004	7	CT
1	22252085	81	CT
1	22252099	14	AG
1	22252122	23	GC
1	22252127	5	AG
1	22252176	49	TC
1	22252209	33	CG
1	22252351	142	TC
1	22252503	152	CT
1	22252553	50	TG
1	22252626	73	GA
1	22252645	19	GA
1	22252760	115	GA
1	22253078	318	AT
1	22254047	39	AG
1	22254191	144	CT
1	22254227	36	AT
1	22254558	331	TC
1	22254616	58	TC
1	22255027	411	TC
1	22255132	105	CT
1	22255148	16	AG
1	22255407	259	AG
1	22255494	87	GA
1	22255675	181	GA
1	22255724	49	TG
1	22255871	147	AG
1	22256080	89	TC
1	22256643	492	GA
1	22256655	12	GA
1	22256870	215	GA
1	22256896	26	GA
1	22257071	175	GA
1	22257615	490	TC
1	22259613	1813	TC
1	22260768	1155	GA
1	22260888	120	CA
1	22261041	153	CT
1	22265181	3245	GA
1	22265806	625	GA
1	22266032	226	CT
1	22266226	194	GA
1	22266227	1	AT
1	22266840	523	CT
1	22267609	681	AG
1	22268288	400	CT
1	22268486	198	CT
1	22269212	488	CT
1	22269217	5	AG
1	22269309	92	TC
1	22269423	27	CT
1	22269937	514	TC
1	22270522	585	TC
1	22271097	575	TG
1	22272316	840	AG
1	22272857	541	CT
1	22273050	193	CT
1	22273612	562	TC
1	22276125	1169	CG
1	22277738	1613	GA
1	22278035	148	TC
1	22278915	880	TG
1	22279210	295	CT
1	22280385	1051	AG
1	22280395	10	CT
1	22281261	808	GA
1	22281466	205	TC
1	22281698	232	CT
1	22281928	230	CT
1	22282368	401	GC
1	22282603	108	CT
1	22282753	150	GA
1	22283144	271	CG
1	22283263	119	CT
1	22283353	90	AG
1	22284191	838	AG
1	22284328	137	CT
1	22285075	395	GT
1	22285457	382	CT
1	22285656	199	AC
1	22285855	199	TC
1	22285926	71	CG
1	22285997	71	AT
1	22287342	1257	TC
1	22287777	435	TC
1	22288249	304	GA
1	22288277	28	TC
1	22288672	395	GA
1	22288706	34	GT
1	22288707	1	CT
1	22288710	3	CT
1	22288818	108	GA
1	22288915	97	GA
1	22290585	1378	TC
1	22290604	19	TC
1	22290730	126	CT
1	22290886	156	AG
1	22290897	11	TC
1	22291300	158	TC
1	22291319	19	GC
1	22291336	17	AG
1	22291353	17	TC
1	22291393	40	CA
1	22291395	2	TC
1	22291400	5	TC
1	22292158	627	AC
1	22292610	324	GT
1	22292849	143	TC
1	22293557	708	CT
1	22293598	41	AG
1	22293720	122	AG
1	22293857	137	AG
1	22294099	242	CT
1	22294102	3	TA
1	22294205	103	CT
1	22294398	193	TC
1	22294647	249	AG
1	22294768	121	GC
1	22294780	12	TC
1	22294909	129	AG
1	22294932	23	TC
1	22295003	71	GA
1	22295115	112	CT
1	22295141	26	GA
1	22295175	34	GA
1	22296134	609	AT
1	22296439	266	TC
1	22296551	112	CT
1	22296634	83	CT
1	22296657	23	TG
1	22296761	104	AC
1	22297380	204	GA
1	22297480	100	CA
1	22297603	123	GA
1	22297770	167	TC
1	22297827	57	GA
1	22298282	455	AG
1	22298496	214	TC
1	22298713	217	AG
1	22299877	890	AC
1	22300036	159	CT
1	22300133	97	CT
1	22300218	85	GA
1	22302083	1257	GA
1	22303125	1042	TG
1	22303400	275	AT
1	22303510	110	GA
1	22304285	775	AC
1	22307402	2351	CT
1	22308225	515	CA
1	22311837	1941	TC
1	22312555	718	CT
1	22312683	128	GC
1	22312688	5	GA
1	22312847	159	GA
1	22313161	314	GA
1	22313523	362	TC
1	22313524	1	GA
1	22313807	83	AT
1	22313846	39	AG
1	22315054	172	TC
1	22315525	471	AC
1	22315583	58	TC
1	22315827	244	CG
1	22315979	152	TA
1	22315980	1	CA
1	22316256	276	AG
1	22316257	1	AG
1	22316529	228	GA
1	22316703	174	CT
1	22316778	75	CT
1	22316805	27	CT
1	22317175	370	CT
1	22317243	68	TC
1	22317293	50	GA
1	22317536	243	CA
1	22317582	46	CA
1	22317817	235	AG
1	22318003	186	CT
1	22318255	252	TC
1	22319289	807	CT
1	22319406	117	AG
1	22320116	621	CT
1	22320286	93	GA
1	22320927	641	CT
1	22321071	144	AG
1	22321125	54	CT
1	22322178	1053	CT
1	22323930	1709	CG
1	22324142	212	CT
1	22324238	96	CG
1	22324845	607	AG
1	22325888	1043	TC
1	22326884	888	CA
1	22327015	131	AG
1	22327121	106	GA
1	22329732	2325	GA
1	22331150	1418	AG
1	22334830	2418	GT
1	22335011	181	AG
1	22337497	1984	TC
1	22338977	1102	AG
1	22339060	83	TG
1	22339197	137	TC
1	22339401	204	TG
1	22340374	973	CT
1	22341550	554	AC
1	22341759	209	TC
1	22343027	1238	AG
1	22343308	281	GA
1	22346287	2908	CG
1	22347650	884	TC
1	22348482	832	GT
1	22348556	74	TC
1	22348798	242	TC
1	22348806	8	GC
1	22349093	252	TC
1	22349861	768	TC
1	22349866	5	GA
1	22349972	106	GC
1	22350007	35	CT
1	22350046	39	CT
1	22350221	175	CG
1	22350439	218	CG
1	22350440	1	CG
1	22350441	1	AT
1	22350461	20	AG
1	22350723	262	TC
1	22350874	151	TC
1	22350929	55	CT
1	22350969	40	CT
1	22351011	42	CT
1	22351457	328	AG
1	22351518	61	TC
1	22352042	495	TC
1	22352394	239	AG
1	22352705	311	AG
1	22353641	807	GC
1	22353785	144	GA
1	22354114	329	GA
1	22354158	44	GA
1	22354391	233	GA
1	22356073	1656	TC
1	22356176	103	AG
1	22357112	885	TG
1	22357657	201	CA
1	22358967	790	AG
1	22361422	1123	CT
1	22362165	743	TC
1	22362311	110	CT
1	22362335	24	CT
1	22362918	457	GA
1	22362975	57	GA
1	22363008	33	AG
1	22363009	1	AC
1	22363041	32	GA
1	22363054	13	GT
1	22363269	215	CT
1	22363801	227	CG
1	22363929	128	TC
1	22363951	22	AG
1	22363996	45	GT
1	22364021	25	GA
1	22364322	301	GT
1	22364384	62	TC
1	22364420	36	GA
1	22364693	273	TC
1	22365034	341	CT
1	22365158	124	AG
1	22365257	99	AC
1	22365926	612	TG
1	22367088	678	TC
1	22367191	103	CT
1	22367228	37	CT
1	22367904	446	GA
1	22367944	40	CG
1	22367952	8	TA
1	22367970	18	CT
1	22367974	4	GA
1	22369069	715	CT
1	22369086	17	TC
1	22369289	203	CT
1	22369290	1	AG
1	22369399	109	AG
1	22369501	102	TC
1	22369543	42	GA
1	22369559	16	CT
1	22369574	15	GA
1	22369687	113	AG
1	22369715	28	CT
1	22369900	185	CT
1	22369917	17	GA
1	22369932	15	CA
1	22369949	17	AG
1	22370008	59	CT
1	22370060	52	GA
1	22370286	166	GA
1	22370309	23	TC
1	22371564	1114	AG
1	22371735	171	AG
1	22371840	105	GA
1	22371845	5	GC
1	22371865	20	GC
1	22372254	389	AG
1	22372474	220	CT
1	22372492	18	GC
1	22373215	723	TC
1	22373503	288	CT
1	22373921	397	CG
1	22374428	253	CT
1	22374669	241	TC
1	22376036	1367	TG
1	22377765	1446	CT
1	22378993	1228	AG
1	22384296	4667	GA
1	22385266	585	GT
1	22386197	908	GT
1	22388364	1891	AG
1	22391500	2559	TC
1	22391986	486	CT
1	22392196	210	CT
1	22392234	38	CT
1	22392831	186	GT
1	22392837	6	CT
1	22392873	36	TG
1	22392882	9	TC
1	22393215	333	TC
1	22393708	182	GA
1	22393940	232	AT
1	22393962	22	GC
1	22394104	142	TC
1	22394120	16	CT
1	22394125	5	GA
1	22394128	3	GA
1	22394208	80	AG
1	22394265	57	AG
1	22394455	164	CT
1	22394635	180	AG
1	22394922	287	CG
1	22394973	51	GA
1	22394974	1	TA
1	22395113	139	AG
1	22395507	263	TC
1	22395651	144	TC
1	22395671	20	TA
1	22395841	170	GA
1	22396662	733	CG
1	22396861	199	CT
1	22397030	169	GA
1	22397125	95	CT
1	22398091	263	CT
1	22399814	1483	TA
1	22401488	1468	AG
1	22401540	52	TA
1	22402687	877	CT
1	22402717	30	AG
1	22402910	193	TC
1	22404225	1315	GT
1	22404991	297	GA
1	22405563	333	GA
1	22406328	765	CT
1	22406900	572	GA
1	22409009	2109	AG
1	22409286	277	GA
1	22409895	540	AG
1	22410239	344	AG
1	22410516	277	AG
1	22412901	1696	GA
1	22414020	1119	AG
1	22414059	39	GA
1	22414165	106	TG
1	22414335	170	CT
1	22414698	363	GA
1	22414721	23	CT
1	22414862	141	AG
1	22414878	16	AG
1	22415099	221	GA
1	22415105	6	TC
1	22415133	28	TC
1	22415190	57	AG
1	22415281	91	AG
1	22415674	393	GA
1	22415698	24	CT
1	22415757	59	TA
1	22415831	74	GA
1	22415876	45	GA
1	22415887	11	TC
1	22416000	113	GA
1	22417343	1343	AC
1	22417361	18	GA
1	22417766	405	GC
1	22417767	1	GA
1	22417806	39	AG
1	22417834	28	GA
1	22418173	339	GA
1	22418223	50	AG
1	22418407	184	AG
1	22418601	131	GA
1	22418649	48	GC
1	22418751	102	AG
1	22418829	78	AG
1	22419242	413	TC
1	22419287	45	TC
1	22419411	124	GA
1	22419469	58	GC
1	22419473	4	CG
1	22419489	16	AG
1	22419661	172	AT
1	22419701	40	AC
1	22419809	108	CT
1	22419912	103	TG
1	22420178	266	CG
1	22420191	13	CT
1	22420446	238	CT
1	22420585	139	CT
1	22420764	179	TC
1	22421179	382	CT
1	22421216	37	CT
1	22421429	213	CT
1	22421460	31	CG
1	22421471	11	TC
1	22421477	6	CG
1	22421959	419	TA
1	22422066	107	AG
1	22422150	84	TC
1	22422174	24	GA
1	22422422	248	CT
1	22422967	545	GC
1	22426447	3136	AG
1	22428534	1910	GA
1	22429970	1280	TC
1	22431207	1094	TC
1	22431223	16	CT
1	22432682	1085	GA
1	22433076	278	GA
1	22434135	905	TC
1	22434585	339	CT
1	22435259	497	AG
1	22435753	494	CT
1	22436390	384	TC
1	22436754	364	CT
1	22436996	242	GA
1	22438091	977	AC
1	22438128	37	TC
1	22438226	98	TC
1	22438256	30	TC
1	22438996	652	CT
1	22439054	58	TC
1	22439271	217	TA
1	22439395	124	CT
1	22439697	302	TC
1	22439890	193	GC
1	22440081	191	GA
1	22440174	93	TC
1	22440186	12	TC
1	22440289	103	GA
1	22440321	32	AG
1	22440789	468	TC
1	22441007	218	GA
1	22441044	37	GC
1	22441053	9	GA
1	22441056	3	GC
1	22441060	4	CT
1	22441061	1	CG
1	22441076	15	AG
1	22441096	20	TC
1	22441133	37	TC
1	22441148	15	AC
1	22441194	46	GA
1	22441259	65	TC
1	22441283	24	AG
1	22441287	4	TC
1	22441308	21	TC
1	22441406	98	GT
1	22441471	65	CG
1	22441476	5	GA
1	22441860	384	CT
1	22441937	77	GA
1	22442008	71	GA
1	22442196	188	TC
1	22442197	1	GT
1	22442223	26	AG
1	22442237	14	AG
1	22442328	91	AG
1	22442340	12	CT
1	22442620	280	CT
1	22443090	108	TC
1	22443136	46	CT
1	22443139	3	GA
1	22443280	141	GA
1	22443359	79	CT
1	22443983	624	TA
1	22443990	7	GA
1	22444031	41	CT
1	22444064	33	GA
1	22444115	51	GA
1	22444122	7	GA
1	22444479	357	CT
1	22445241	692	GT
1	22445531	290	GA
1	22445874	343	GA
1	22446052	178	GA
1	22446235	183	GA
1	22446638	403	TC
1	22446668	30	GC
1	22447284	268	CT
1	22447290	6	CT
1	22447344	54	CT
1	22447416	72	AC
1	22447523	107	CT
1	22447596	73	TC
1	22447881	285	TG
1	22447889	8	GT
1	22447900	11	TG
1	22447963	63	CT
1	22448302	339	GA
1	22448389	87	CT
1	22448480	91	GA
1	22448597	117	TA
1	22448753	156	GC
1	22448910	157	GA
1	22449290	380	GA
1	22449314	24	CT
1	22449723	143	CT
1	22449881	158	CA
1	22449989	108	GA
1	22450306	317	CT
1	22450362	56	GA
1	22450954	592	GA
1	22451003	49	TC
1	22451059	56	TC
1	22451366	307	CT
1	22451421	55	GA
1	22451519	98	GT
1	22451899	380	CT
1	22452121	122	GA
1	22452172	51	CT
1	22452457	210	GA
1	22452648	153	TC
1	22452730	82	CT
1	22453296	566	AG
1	22453537	241	CT
1	22453759	222	CT
1	22453872	113	TC
1	22454500	628	CG
1	22454501	1	TC
1	22454719	218	TC
1	22455164	445	TA
1	22455213	49	TC
1	22456127	865	TG
1	22456130	3	GA
1	22456602	413	TC
1	22456612	10	GA
1	22456771	159	GA
1	22456928	157	AG
1	22456965	37	TA
1	22457114	149	CT
1	22457404	290	CT
1	22457846	388	GT
1	22458286	440	AG
1	22458413	127	TC
1	22458465	52	GA
1	22458468	3	TC
1	22458482	14	TC
1	22459167	386	AT
1	22459180	13	GA
1	22459251	71	AG
1	22459367	116	AG
1	22459385	18	GA
1	22459575	190	GC
1	22459603	28	CT
1	22459767	164	GA
1	22459923	156	GA
1	22459957	34	GA
1	22460003	46	GT
1	22460629	626	TC
1	22461523	725	CT
1	22462304	781	GA
1	22462594	290	GA
1	22463303	647	CT
1	22465984	2593	AG
1	22466196	212	CT
1	22466313	117	GA
1	22466351	38	GA
1	22466699	348	GA
1	22467092	393	CT
1	22467522	430	CT
1	22467620	98	CT
1	22468198	578	GA
1	22468205	7	CG
1	22469042	331	TC
1	22469247	205	TC
1	22469842	595	CT
1	22470123	281	CT
1	22470226	103	AG
1	22471106	435	GA
1	22471108	2	GA
1	22471245	137	TC
1	22471505	260	CT
1	22473684	2054	TA
1	22473977	293	GA
1	22481334	5487	AG
1	22481631	297	TG
1	22481646	15	TG
1	22481655	9	GC
1	22486977	3879	GA
1	22487151	174	AG
1	22487302	151	GA
1	22487693	391	GC
1	22487720	27	GA
1	22489423	1684	TC
1	22492670	2074	CT
1	22493042	372	TC
1	22493050	8	CA
1	22493093	43	AG
1	22493165	72	GA
1	22494136	971	GT
1	22494206	70	CT
1	22495582	1093	CT
1	22495601	19	GA
1	22495621	20	GA
1	22496381	205	GA
1	22497183	498	GA
1	22497234	51	GA
1	22497252	18	GA
1	22498290	1018	AC
1	22499055	765	GT
1	22500135	1080	GA
1	22500142	7	GA
1	22500992	628	CT
1	22500998	6	CT
1	22501361	363	CT
1	22502513	545	GA
1	22502545	32	AG
1	22502705	160	GA
1	22503929	884	GT
1	22504060	131	CG
1	22506601	2327	GC
1	22506602	1	GA
1	22506764	162	GA
1	22507044	280	GA
1	22507279	235	TC
1	22507528	249	AG
1	22507679	151	GA
1	22509099	1065	AG
1	22509598	372	GT
1	22510565	967	CA
1	22511158	593	CT
1	22512625	1232	TC
1	22515054	2237	AT
1	22515815	464	CT
1	22520812	4067	CA
1	22521075	157	AT
1	22521918	776	CA
1	22521927	9	CT
1	22522030	103	TG
1	22522537	460	AG
1	22522684	147	CT
1	22523747	632	AG
1	22523773	26	AG
1	22523929	156	GT
1	22524389	402	CG
1	22524843	454	GA
1	22525034	191	AG
1	22526053	1019	GA
1	22526181	128	AG
1	22526341	160	AG
1	22526881	540	GA
1	22526886	5	TC
1	22526894	8	TC
1	22526907	13	AG
1	22526989	82	AG
1	22526998	9	CT
1	22527652	654	CA
1	22527679	27	GT
1	22527960	197	AG
1	22527974	14	AG
1	22528096	122	GT
1	22528224	128	CG
1	22528587	363	CG
1	22528736	149	CT
1	22529602	866	CT
1	22529759	157	CT
1	22530245	486	AG
1	22530246	1	CT
1	22530962	716	GA
1	22533531	2375	AG
1	22533834	303	GA
1	22534506	636	GA
1	22534870	364	GA
1	22534999	129	TC
1	22535530	495	TC
1	22535531	1	GA
1	22535858	327	CT
1	22537312	1454	TC
1	22537661	349	CT
1	22538064	403	CT
1	22538067	3	TC
1	22538086	19	AG
1	22538526	398	GA
1	22538890	255	TG
1	22539037	147	TC
1	22539061	24	AG
1	22539143	82	TA
1	22540131	296	GA
1	22540506	375	CT
1	22540615	109	GA
1	22540718	103	TC
1	22540724	6	AG
1	22540770	46	AG
1	22541143	373	TC
1	22541166	23	GA
1	22541223	57	AG
1	22541404	181	CT
1	22543027	1318	CT
1	22543084	57	AG
1	22543707	580	CT
1	22544727	784	AG
1	22544896	169	AG
1	22544994	98	GA
1	22545336	76	CT
1	22545460	124	GA
1	22545464	4	CA
1	22545776	312	TC
1	22545800	24	CT
1	22546125	185	CT
1	22546741	450	GA
1	22546840	99	CT
1	22546868	28	CG
1	22547322	141	GA
1	22547550	68	AG
1	22547946	396	AG
1	22547985	39	AG
1	22548083	98	AG
1	22548114	31	CT
1	22548122	8	CT
1	22548142	20	AG
1	22548238	96	GA
1	22548377	87	GA
1	22548431	54	GT
1	22548508	77	AG
1	22548523	15	GA
1	22548529	6	TC
1	22551074	651	AG
1	22551107	33	CT
1	22551238	131	GA
1	22551484	246	GC
1	22552239	213	CT
1	22552271	32	CT
1	22552440	169	AC
1	22552816	376	AG
1	22552893	77	CG
1	22553426	145	TC
1	22553716	290	TC
1	22553829	113	AG
1	22554243	414	GA
1	22554288	45	TC
1	22554415	127	TC
1	22554522	107	AC
1	22554700	178	GA
1	22554936	236	CT
1	22555074	138	GA
1	22555270	196	AG
1	22555310	40	GA
1	22555548	238	TC
1	22556339	791	GT
1	22556585	246	CT
1	22557002	341	GC
1	22557370	368	CT
1	22557461	91	GA
1	22557580	119	CT
1	22557817	159	CA
1	22558094	277	GA
1	22558351	257	GA
1	22558472	121	GA
1	22558711	239	AG
1	22558732	21	CT
1	22558752	20	CG
1	22558896	144	GA
1	22559167	271	CT
1	22559249	82	GA
1	22560402	982	TC
1	22561104	702	GA
1	22562041	415	AG
1	22562094	53	AC
1	22562100	6	GT
1	22562945	149	GA
1	22563935	409	AG
1	22563950	15	GC
1	22563952	2	AG
1	22564159	207	GA
1	22567699	2736	CT
1	22579834	10425	CT
1	22580189	355	TG
1	22580277	88	GC
1	22580339	62	CT
1	22580587	73	CT
1	22580782	195	CT
1	22580890	108	CT
1	22581157	267	AG
1	22581429	272	AC
1	22581971	414	GA
1	22582384	413	GA
1	22582385	1	AG
1	22582766	254	CT
1	22583405	321	GA
1	22583605	200	GT
1	22583884	279	GA
1	22585173	1171	CT
1	22585216	43	AC
1	22585283	67	CT
1	22585319	36	GA
1	22585351	32	AC
1	22586046	288	AG
1	22586075	29	AG
1	22586441	366	AC
1	22587427	120	CT
1	22589103	54	GA
1	22589164	61	CG
1	22589185	21	TC
1	22590337	1052	GA
1	22590414	77	TC
1	22590763	82	CT
1	22591009	246	CT
1	22592082	810	AG
1	22592163	81	TG
1	22592218	55	TC
1	22592220	2	TG
1	22592253	33	GA
1	22592315	62	CT
1	22592330	15	CG
1	22592400	70	CT
1	22592481	81	CT
1	22592793	312	GC
1	22592835	42	TC
1	22592862	27	CT
1	22593337	475	GA
1	22593440	103	CT
1	22593805	193	TC
1	22593923	88	AG
1	22593924	1	GA
1	22594174	250	GA
1	22594786	427	CT
1	22594837	51	CG
1	22594905	68	GA
1	22594957	52	AG
1	22594972	15	CT
1	22595271	239	TC
1	22596296	761	AG
1	22596331	35	GA
1	22596908	98	GT
1	22597031	123	GA
1	22597073	42	AT
1	22597259	148	CT
1	22597468	209	AG
1	22597694	226	GA
1	22597834	140	TC
1	22597836	2	AG
1	22597874	38	AG
1	22597925	51	AG
1	22597958	33	TC
1	22597980	22	AG
1	22598021	41	CT
1	22598121	100	AC
1	22598140	19	CA
1	22598211	71	CT
1	22598801	590	CA
1	22599100	262	GA
1	22599105	5	GA
1	22599124	19	CT
1	22599147	23	GA
1	22599324	177	AG
1	22599532	208	GC
1	22599779	247	CT
1	22600838	1059	GA
1	22600839	1	CA
1	22601008	169	CT
1	22601145	137	CT
1	22601272	127	GA
1	22601571	299	CG
1	22602526	955	GA
1	22602825	299	GA
1	22606149	2678	CT
1	22606171	22	AG
1	22610074	2799	CG
1	22654364	34423	CA
1	22654455	91	CT
1	22655546	512	TC
1	22655764	218	AT
1	22655863	99	GT
1	22655991	128	CT
1	22657579	658	CT
1	22657730	151	GA
1	22657827	97	AG
1	22657852	25	CT
1	22658314	426	GA
1	22658893	579	GA
1	22658973	80	CT
1	22658992	19	TC
1	22658999	7	TC
1	22659049	50	AC
1	22659087	38	GA
1	22659222	135	CG
1	22659358	136	TC
1	22659362	4	AG
1	22659383	21	GC
1	22659384	1	TC
1	22659408	24	GA
1	22659417	9	AG
1	22659479	62	TC
1	22659520	41	AG
1	22659527	7	AG
1	22659557	30	GC
1	22659895	58	TC
1	22659940	45	GA
1	22660135	195	TC
1	22660211	76	TC
1	22660592	381	GA
1	22660779	187	GA
1	22661056	277	CT
1	22661057	1	GA
1	22661594	537	AG
1	22661652	58	TC
1	22661785	133	GA
1	22662112	327	AG
1	22662133	21	CG
1	22662756	623	CT
1	22662959	203	AC
1	22662974	15	CT
1	22663564	590	AG
1	22664980	537	CT
1	22665112	132	CT
1	22665516	404	TA
1	22665779	263	TC
1	22666115	336	TA
1	22666311	196	CT
1	22666358	47	GA
1	22666410	52	GA
1	22666712	302	AG
1	22666922	210	CT
1	22666985	63	AG
1	22667425	440	AT
1	22667454	29	CG
1	22667518	64	AC
1	22667598	80	GA
1	22669100	852	GA
1	22669824	695	GC
1	22669864	40	TC
1	22669996	132	CT
1	22670183	187	TC
1	22670215	32	GA
1	22670301	86	AC
1	22670352	51	GC
1	22670475	123	CT
1	22670691	216	CT
1	22670842	151	CT
1	22671407	565	GA
1	22671432	25	TA
1	22674509	2802	CG
1	22674545	36	CT
1	22674658	113	AG
1	22674873	215	CT
1	22674948	75	GC
1	22676226	1256	AG
1	22676563	337	TC
1	22677072	139	CT
1	22677127	55	CT
1	22677911	759	AC
1	22678126	174	TC
1	22678213	87	CT
1	22678247	34	TG
1	22678287	40	CT
1	22678380	93	TC
1	22678421	41	GA
1	22678579	158	TC
1	22678612	33	CT
1	22678780	168	TC
1	22679011	231	AG
1	22679265	254	TC
1	22679393	128	TC
1	22679584	191	GA
1	22679821	237	CT
1	22680101	280	CT
1	22680109	8	GA
1	22680595	486	CT
1	22682240	896	CA
1	22682501	261	AG
1	22682593	92	AG
1	22682727	134	TC
1	22682950	223	AT
1	22683334	384	CT
1	22684238	561	AG
1	22684255	17	CT
1	22684442	187	CT
1	22684471	29	CT
1	22685955	1201	GA
1	22687315	942	CA
1	22687651	336	GA
1	22687727	76	CT
1	22687748	21	CT
1	22687900	152	AC
1	22687916	16	CT
1	22688226	310	TC
1	22689391	1116	CG
1	22690405	1014	GA
1	22690726	321	TC
1	22690810	84	GA
1	22690970	160	TC
1	22691559	106	CA
1	22691605	46	CT
1	22691865	260	CT
1	22691959	94	TC
1	22691963	4	AG
1	22692001	38	AC
1	22692003	2	GA
1	22692104	101	TC
1	22692146	42	TC
1	22692268	122	GA
1	22692330	62	GA
1	22692377	47	GA
1	22692820	443	CT
1	22694325	1368	GA
1	22694793	205	GT
1	22695169	376	GA
1	22695342	84	TC
1	22695858	516	TG
1	22696022	164	GT
1	22696562	540	AG
1	22697023	461	CT
1	22697057	34	CT
1	22697725	368	TC
1	22700071	651	AC
1	22700152	81	AG
1	22700203	51	AG
1	22700242	39	GA
1	22700539	297	AG
1	22700613	74	TC
1	22700951	338	GA
1	22701708	671	AG
1	22702697	831	GC
1	22702787	90	GA
1	22702830	43	GA
1	22702903	73	CT
1	22703080	177	TC
1	22703141	61	CT
1	22703147	6	CG
1	22703356	209	GA
1	22703614	258	GA
1	22703630	16	GA
1	22703637	7	AG
1	22706294	466	GA
1	22706693	279	CG
1	22709776	702	CA
1	22710039	243	TC
1	22710048	9	AC
1	22710126	78	GA
1	22710217	91	TA
1	22710272	55	CT
1	22710376	104	CT
1	22710380	4	AG
1	22710479	99	AG
1	22710557	78	CG
1	22710568	11	AC
1	22710666	98	TC
1	22710667	1	GT
1	22710699	32	GC
1	22710813	114	CA
1	22711209	396	CT
1	22711242	33	TC
1	22711268	26	TA
1	22711356	88	TA
1	22711366	10	GA
1	22711371	5	GA
1	22711400	29	TC
1	22711512	112	TA
1	22711878	366	CT
1	22712059	181	CG
1	22712075	16	GA
1	22712080	5	CT
1	22712281	201	TC
1	22712700	419	GA
1	22713124	424	GA
1	22713406	282	GA
1	22713919	513	GA
1	22714396	477	CT
1	22714634	238	CT
1	22715070	436	CT
1	22715572	502	GA
1	22715621	49	GT
1	22715635	14	GA
1	22715645	10	AG
1	22716195	550	CT
1	22716309	114	CT
1	22716314	5	CA
1	22716325	11	AT
1	22716327	2	CT
1	22716869	542	CG
1	22722163	1638	AG
1	22722596	433	TC
1	22722941	345	GA
1	22722983	42	GT
1	22725560	2466	GA
1	22726181	621	GC
1	22726198	17	GA
1	22726595	38	GA
1	22726738	143	AG
1	22726874	136	AG
1	22726909	35	GA
1	22727196	287	CT
1	22727603	407	CG
1	22727883	258	GA
1	22728063	180	GC
1	22728117	54	CT
1	22728195	78	TC
1	22729089	894	TG
1	22729201	112	TA
1	22729629	428	GA
1	22729683	54	CT
1	22729688	5	TC
1	22729955	267	GT
1	22729960	5	CT
1	22730619	659	AG
1	22730700	81	GT
1	22731584	548	GC
1	22731613	29	GC
1	22731810	197	CT
1	22731939	129	TC
1	22732131	192	GA
1	22732194	63	CT
1	22732524	330	GA
1	22732718	194	CT
1	22733086	120	CT
1	22733102	16	TC
1	22733679	271	GA
1	22733813	134	GA
1	22734101	288	TC
1	22734140	39	GC
1	22734182	42	TC
1	22734266	84	TC
1	22734403	137	GA
1	22735150	468	AG
1	22735477	327	TC
1	22736290	743	GA
1	22737517	1227	CT
1	22738332	815	AG
1	22739296	569	GA
1	22740047	633	GA
1	22741065	1018	CT
1	22741822	757	GA
1	22742125	303	CT
1	22743280	1037	CA
1	22745113	1766	AG
1	22745240	127	GA
1	22745557	317	GA
1	22745573	16	GA
1	22745653	80	AG
1	22745673	20	AG
1	22746202	101	GA
1	22746629	427	CT
1	22746630	1	GA
1	22746632	2	TG
1	22746665	33	AG
1	22746918	253	AG
1	22747974	806	CT
1	22750267	1614	TC
1	22751088	821	AC
1	22751136	48	AC
1	22753659	2070	CA
1	22753798	139	TC
1	22753806	8	AG
1	22753827	21	GA
1	22757286	3295	CT
1	22757423	137	CG
1	22757515	92	CT
1	22758277	762	CT
1	22758880	603	AC
1	22758917	37	TC
1	22758941	24	TA
1	22761553	2172	GA
1	22763847	1741	TC
1	22764198	351	GA
1	22764294	96	TC
1	22764309	15	GA
1	22764399	90	CT
1	22764424	25	AG
1	22764446	22	GC
1	22764449	3	CT
1	22764531	82	TC
1	22765121	292	TC
1	22765123	2	CT
1	22765135	12	GC
1	22765231	96	GA
1	22765330	99	TC
1	22766015	685	TC
1	22766205	190	CT
1	22766506	301	CT
1	22766615	109	AG
1	22766687	72	CA
1	22767424	260	CA
1	22767681	257	CA
1	22767703	22	AT
1	22767743	40	CT
1	22768029	256	AG
1	22768057	28	AG
1	22768325	268	AG
1	22768361	36	CT
1	22768636	275	GA
1	22768697	61	GA
1	22768699	2	CT
1	22768818	119	CA
1	22768901	83	GT
1	22770745	1690	AG
1	22770749	4	CG
1	22770955	206	GA
1	22771055	100	AG
1	22771067	12	AG
1	22771360	293	GA
1	22771368	8	AG
1	22771369	1	AG
1	22771603	234	GC
1	22771819	216	GT
1	22771836	17	CG
1	22771916	80	AG
1	22772068	152	GA
1	22774444	1313	CT
1	22774503	59	GA
1	22774509	6	AG
1	22774771	262	GC
1	22774798	27	CT
1	22775751	670	TG
1	22776111	360	GC
1	22776256	145	TA
1	22776698	442	TG
1	22776757	59	GC
1	22776864	107	AG
1	22776916	52	GA
1	22776962	46	TC
1	22777063	101	TC
1	22777496	433	CT
1	22777895	399	CT
1	22778751	639	TA
1	22779003	252	AT
1	22779027	24	CA
1	22779094	67	AG
1	22779117	23	AG
1	22779188	71	GA
1	22779565	377	TC
1	22779682	117	TG
1	22779876	194	CT
1	22780158	282	TC
1	22780708	550	TC
1	22782250	936	CT
1	22782261	11	AC
1	22782273	12	TC
1	22782311	38	CG
1	22782451	140	TC
1	22782657	206	CT
1	22782756	99	AG
1	22782920	164	CT
1	22782996	76	AG
1	22783037	41	AG
1	22783051	14	GA
1	22783058	7	TC
1	22783435	377	CA
1	22784330	895	CT
1	22784427	97	AC
1	22784587	160	GA
1	22784969	382	GA
1	22785538	569	CT
1	22785656	118	AG
1	22785800	144	CT
1	22786081	281	AG
1	22787842	1223	TC
1	22787906	64	TC
1	22788116	210	CG
1	22788150	34	GA
1	22790111	1416	AC
1	22790709	551	CT
1	22790885	176	CT
1	22790936	51	CT
1	22791434	362	GA
1	22791601	167	TC
1	22791806	181	GA
1	22792124	318	GA
1	22793808	1393	CT
1	22794080	272	CT
1	22794081	1	AG
1	22794478	397	TC
1	22794538	60	AG
1	22794550	12	AT
1	22794560	10	TC
1	22795139	470	GA
1	22801354	5262	CA
1	22807977	3355	GA
1	22811611	3211	AG
1	22812041	126	AG
1	22812068	27	AC
1	22812120	52	AG
1	22812128	8	CT
1	22812673	545	GA
1	22812715	42	CT
1	22813198	307	CA
1	22813445	247	AG
1	22813597	152	CT
1	22813671	74	GA
1	22814295	477	TC
1	22814468	173	CT
1	22814564	96	GT
1	22814627	63	CT
1	22815041	414	GT
1	22815836	472	CT
1	22815846	10	TC
1	22816153	307	GA
1	22816180	27	GA
1	22816541	361	AG
1	22816741	96	GA
1	22817099	32	GA
1	22817105	6	GC
1	22819461	2204	TC
1	22819678	217	GA
1	22819794	116	CT
1	22820545	689	TC
1	22822109	1564	CA
1	22822191	82	CT
1	22822890	659	GA
1	22823040	150	CT
1	22824356	1279	CG
1	22824406	50	GA
1	22824872	466	CT
1	22825378	506	GA
1	22826280	902	GA
1	22826325	45	CT
1	22826378	53	CT
1	22826488	110	CT
1	22827169	372	TC
1	22827202	33	AG
1	22827236	34	AG
1	22827244	8	CT
1	22827861	617	CG
1	22827953	92	CT
1	22828480	527	AG
1	22829810	1299	CT
1	22830089	279	GA
1	22830250	161	GT
1	22830657	407	TC
1	22831563	906	GA
1	22832774	876	TC
1	22832947	173	GC
1	22832976	29	CA
1	22832992	16	CT
1	22833088	96	CT
1	22838630	4888	AT
1	22839096	466	AT
1	22840301	1186	CT
1	22840363	62	GA
1	22840463	100	GA
1	22840524	61	CT
1	22841030	506	GA
1	22841740	668	TC
1	22842168	150	CT
1	22844328	1935	TG
1	22845191	707	CT
1	22846085	583	AC
1	22846156	71	AG
1	22846268	112	CT
1	22846282	14	GC
1	22846933	503	CT
1	22847204	217	CT
1	22847763	429	GA
1	22847800	37	AG
1	22848502	702	CA
1	22848849	347	TA
1	22849262	413	CT
1	22849733	471	GA
1	22849746	13	CT
1	22850064	318	TC
1	22851253	1159	CA
1	22851373	120	CT
1	22852316	852	GA
1	22852522	206	GA
1	22852601	79	AG
1	22852660	59	GA
1	22853056	396	AG
1	22853391	335	GA
1	22858113	4405	GA
1	22865691	6356	CT
1	22867655	1615	TC
1	22867731	76	TC
1	22868341	610	CT
1	22870074	1733	CA
1	22870739	647	CG
1	22872672	1916	AG
1	22879871	6623	AC
1	22879932	61	GC
1	22880236	304	AG
1	22880397	161	CT
1	22880542	145	CT
1	22881165	623	TC
1	22881768	603	CT
1	22881771	3	GT
1	22881777	6	GA
1	22882490	713	TC
1	22882508	18	AG
1	22882528	20	GA
1	22883202	637	TC
1	22884100	898	CT
1	22884634	311	TC
1	22884720	86	GA
1	22884754	34	CT
1	22884818	64	CT
1	22884902	84	TG
1	22885118	216	AG
1	22886492	909	GA
1	22886777	285	GA
1	22886802	25	CT
1	22889881	2128	CT
1	22889882	1	TG
1	22895062	954	AC
1	22895339	277	TC
1	22895551	212	CT
1	22895806	255	AG
1	22895836	30	GA
1	22896137	301	CT
1	22896233	96	AG
1	22896470	237	TC
1	22897504	1034	CT
1	22897505	1	CT
1	22897778	150	GA
1	22898851	1013	CT
1	22899654	243	CT
1	22899664	10	CT
1	22899740	76	TC
1	22900946	837	TC
1	22902093	1109	GA
1	22903442	1349	AG
1	22904133	691	GA
1	22907452	3319	CA
1	22908009	557	CA
1	22908586	248	GA
1	22909083	497	GC
1	22910283	1200	AG
1	22911551	1190	TC
1	22912128	577	AC
1	22912470	342	TC
1	22912969	499	TC
1	22913465	496	TC
1	22915089	1164	CT
1	22916377	972	CT
1	22916436	59	CG
1	22918032	669	GA
1	22939243	16558	CT
1	23017980	64267	GA
1	23028404	6346	CT
1	23029068	564	CT
1	23029153	85	TC
1	23029223	70	CT
1	23029238	15	GA
1	23031348	2030	CT
1	23031390	42	AC
1	23031569	179	CG
1	23032065	450	CT
1	23033504	1405	AG
1	23033577	73	AG
1	23034704	589	TC
1	23035321	372	GA
1	23035580	259	TC
1	23035802	222	GA
1	23035951	149	CT
1	23035995	44	AC
1	23036001	6	CT
1	23036173	172	CT
1	23036449	276	CT
1	23036587	138	GA
1	23036860	273	GA
1	23037534	386	GA
1	23037999	465	CT
1	23038206	207	GA
1	23038227	21	AG
1	23038556	329	AG
1	23038919	363	CG
1	23038994	75	CT
1	23039062	68	CT
1	23039539	477	AG
1	23039557	18	TC
1	23039587	30	AG
1	23040029	442	CT
1	23040063	34	CG
1	23040234	171	CT
1	23040366	132	CT
1	23040421	55	GA
1	23040718	297	GA
1	23040751	33	CT
1	23040785	34	GA
1	23040846	61	CT
1	23040897	51	TC
1	23040905	8	GA
1	23040956	51	CT
1	23041079	123	TC
1	23041101	22	CT
1	23041138	37	TC
1	23041304	166	AG
1	23041339	35	TC
1	23041418	79	CG
1	23041539	121	TG
1	23041590	51	GC
1	23041667	77	GA
1	23041678	11	GA
1	23041681	3	GC
1	23041690	9	AG
1	23041751	61	CT
1	23041756	5	TG
1	23041769	13	GA
1	23042190	142	AG
1	23042194	4	AG
1	23042255	61	GA
1	23042343	88	AG
1	23042501	158	CT
1	23042534	33	GA
1	23042612	78	TC
1	23042992	380	TC
1	23046691	2995	CT
1	23047524	833	GA
1	23048251	727	GA
1	23049538	1287	GA
1	23049943	405	TC
1	23050554	611	GA
1	23050563	9	TC
1	23050950	387	AG
1	23051186	236	AC
1	23051210	24	AC
1	23055300	3803	TC
1	23055360	60	CG
1	23059735	4179	GA
1	23064862	2917	GA
1	23065081	219	CT
1	23065210	129	AC
1	23065504	59	GA
1	23066148	644	CT
1	23068441	2293	GA
1	23069005	564	TC
1	23070872	1867	CA
1	23073154	2196	GA
1	23075050	1639	CT
1	23075136	86	GA
1	23075651	515	CT
1	23076368	717	GA
1	23076393	25	GC
1	23077033	640	TC
1	23077171	138	GA
1	23077182	11	GA
1	23077745	563	TG
1	23077978	233	AG
1	23078481	447	CA
1	23078522	41	GA
1	23080469	1456	AG
1	23080599	130	GC
1	23080934	335	CG
1	23080960	26	GA
1	23082135	1036	CT
1	23082180	45	GA
1	23082527	347	AC
1	23083000	473	TC
1	23083032	32	CT
1	23083643	611	GA
1	23084736	1093	TC
1	23084964	228	TA
1	23087946	2569	TC
1	23088063	117	CT
1	23088345	282	TC
1	23090717	2372	AG
1	23092158	1441	GA
1	23093166	1008	CT
1	23093419	253	AG
1	23093564	145	CA
1	23093651	87	AG
1	23094062	411	GA
1	23094570	508	GA
1	23094971	401	AG
1	23095099	128	CG
1	23095227	128	CT
1	23095547	285	CT
1	23095760	213	TC
1	23096125	365	GA
1	23096756	631	AG
1	23100720	3328	AG
1	23101022	302	TC
1	23102087	885	GA
1	23104066	1660	GA
1	23105845	1524	CA
1	23106740	895	TA
1	23109579	2715	GA
1	23112278	2565	GA
1	23115148	2428	TC
1	23115442	294	GA
1	23117447	1123	CT
1	23117761	314	GA
1	23120534	2773	CT
1	23126203	3734	CG
1	23127356	849	CT
1	23128613	893	CT
1	23129970	812	TG
1	23130284	314	TC
1	23130395	111	TC
1	23132555	1749	GA
1	23133512	957	GA
1	23133659	147	CT
1	23134340	256	TC
1	23134410	70	GA
1	23134904	494	CT
1	23135868	479	GA
1	23136236	368	GA
1	23136661	425	AG
1	23138312	1360	AG
1	23138488	176	GA
1	23140204	1223	CT
1	23143297	2706	GA
1	23143723	426	AG
1	23145841	1602	GA
1	23146623	782	TA
1	23146741	118	AC
1	23147525	139	GA
1	23150054	1974	GC
1	23150420	366	GA
1	23150691	271	CT
1	23151014	323	GA
1	23151062	48	CT
1	23151087	25	AG
1	23151237	150	AG
1	23152097	293	CT
1	23152099	2	TC
1	23152139	40	CA
1	23152232	93	TC
1	23152573	341	TC
1	23152673	100	AG
1	23153409	386	CT
1	23153987	578	AG
1	23154251	264	CT
1	23154927	676	CT
1	23154983	56	GA
1	23155075	92	TC
1	23155984	800	AT
1	23156018	34	AG
1	23159937	3414	TC
1	23160173	236	CT
1	23160352	179	TC
1	23160895	543	GC
1	23162125	1102	CT
1	23164095	1713	TC
1	23165348	1070	TC
1	23166630	1282	AG
1	23169066	2306	TC
1	23170401	983	GA
1	23170979	578	AG
1	23174004	2427	TC
1	23175089	1085	AG
1	23175497	408	CT
1	23176105	571	CT
1	23176490	385	CA
1	23176866	376	TC
1	23178478	1612	TA
1	23180650	1881	CT
1	23182871	1866	CT
1	23185530	2236	GA
1	23188536	2448	TC
1	23190045	1509	CT
1	23192663	1725	AG
1	23193427	764	AG
1	23194034	590	CT
1	23194468	434	GA
1	23194977	345	TC
1	23195197	220	TC
1	23197077	1115	AG
1	23197950	873	TC
1	23198019	69	GA
1	23198242	223	CT
1	23198301	59	GA
1	23198469	168	TC
1	23198510	41	TG
1	23199079	569	GA
1	23199108	29	TC
1	23201026	1370	GA
1	23201628	453	CG
1	23201648	20	TC
1	23201927	279	AG
1	23203372	1076	GA
1	23203500	128	GA
1	23204391	891	TG
1	23206189	1798	AG
1	23206622	433	GC
1	23206806	184	GT
1	23206838	32	GA
1	23207521	477	TC
1	23208124	273	TC
1	23208508	384	CA
1	23208588	80	AC
1	23208879	291	TC
1	23210272	653	AG
1	23210406	134	AG
1	23210541	135	AG
1	23210969	428	CT
1	23211427	458	AG
1	23213139	1270	AG
1	23213746	607	GA
1	23214052	306	GA
1	23214089	37	TC
1	23214107	18	GA
1	23214201	94	GA
1	23214590	389	TG
1	23215285	695	GA
1	23215490	205	TC
1	23215513	23	AG
1	23215915	402	CT
1	23217289	1311	AG
1	23217482	193	GA
1	23217925	443	TG
1	23218406	421	GA
1	23218523	117	TC
1	23218790	267	GA
1	23218881	91	CG
1	23218929	48	AG
1	23219418	489	GA
1	23219429	11	TC
1	23219434	5	CT
1	23219440	6	CT
1	23219441	1	AG
1	23219574	133	AG
1	23219755	181	CT
1	23219758	3	GC
1	23219762	4	AC
1	23221490	1029	CT
1	23222137	647	CT
1	23222307	170	CT
1	23223968	1498	TC
1	23224077	109	CA
1	23224421	344	CG
1	23224806	291	CT
1	23225198	392	CT
1	23225233	35	TC
1	23225805	572	CT
1	23225935	130	CG
1	23226913	819	GT
1	23226915	2	GA
1	23227206	82	AG
1	23227211	5	CA
1	23227351	140	GA
1	23227608	197	GA
1	23227616	8	TG
1	23227849	233	AT
1	23228079	230	GA
1	23228211	132	TC
1	23228782	67	CT
1	23229290	475	CT
1	23229854	564	CT
1	23230062	208	TC
1	23230081	19	GA
1	23230259	178	GA
1	23230540	281	CT
1	23230808	268	GA
1	23231708	653	TC
1	23231733	25	GA
1	23231842	109	AG
1	23232278	436	GA
1	23232664	386	TC
1	23232902	238	TC
1	23235369	2288	GA
1	23235871	502	AG
1	23237913	1483	TC
1	23238386	473	TC
1	23241721	2120	CT
1	23242991	1207	GC
1	23245349	2083	AG
1	23245877	221	TG
1	23246961	1084	GA
1	23247030	69	CT
1	23247090	60	CT
1	23247163	73	CA
1	23253920	5252	AC
1	23254693	773	TG
1	23254722	29	AG
1	23254857	135	AG
1	23255609	752	AG
1	23256194	425	CT
1	23256415	221	GC
1	23258094	1395	GA
1	23259453	1036	CT
1	23260611	1054	TC
1	23262002	1082	TC
1	23262719	483	AC
1	23263599	880	CT
1	23264959	1360	GA
1	23265397	438	GT
1	23265490	93	GA
1	23265571	81	GA
1	23266995	1154	GA
1	23267157	162	GC
1	23272032	4379	CT
1	23273778	832	CT
1	23276112	1859	AG
1	23276534	422	AC
1	23276809	275	GT
1	23276810	1	GA
1	23277435	625	AG
1	23277923	488	TC
1	23277932	9	TC
1	23278016	84	TC
1	23278032	16	GC
1	23278097	65	GA
1	23278355	258	CT
1	23278357	2	TA
1	23278638	281	CT
1	23278898	260	AG
1	23279021	123	GA
1	23279035	14	AG
1	23279094	59	GA
1	23279533	439	GA
1	23279564	31	GC
1	23279939	375	AG
1	23280105	166	GA
1	23280145	40	AC
1	23280242	97	TC
1	23281146	523	GA
1	23281153	7	GA
1	23281526	373	GA
1	23283048	1522	AG
1	23284454	1381	CA
1	23286937	2244	GA
1	23289970	2869	CT
1	23290609	469	AG
1	23290664	55	TC
1	23290928	264	CA
1	23290968	40	GT
1	23290986	18	AC
1	23291354	323	AT
1	23291379	25	TC
1	23292185	806	TC
1	23292342	157	TC
1	23292679	287	GC
1	23292774	95	CA
1	23292964	190	AC
1	23292993	29	AC
1	23293052	59	AT
1	23294230	788	AG
1	23294291	61	GT
1	23294457	166	GA
1	23295161	403	TG
1	23295535	160	TC
1	23296547	744	GA
1	23296559	12	AG
1	23296635	76	AG
1	23296841	206	TC
1	23296911	70	CA
1	23297061	150	AG
1	23297360	299	CT
1	23297425	65	GA
1	23297481	56	GT
1	23297952	471	AT
1	23300217	1968	TC
1	23302255	1768	AG
1	23302862	607	CA
1	23303941	1079	GA
1	23306708	2704	CA
1	23310160	2852	TA
1	23310527	367	CG
1	23310662	135	AT
1	23311628	456	AG
1	23313396	829	AG
1	23313513	117	AT
1	23313899	237	AG
1	23313925	26	GA
1	23314158	233	CT
1	23314161	3	GA
1	23314990	249	GA
1	23315050	60	TC
1	23315297	247	GT
1	23316949	630	GA
1	23316956	7	TC
1	23317000	44	GA
1	23317048	48	CT
1	23318173	338	GA
1	23318213	40	CT
1	23318786	377	GT
1	23318821	35	CT
1	23318838	17	GA
1	23319125	287	TC
1	23319215	90	GA
1	23319447	232	CT
1	23321061	1556	GA
1	23321191	130	CG
1	23321224	33	AG
1	23323081	1739	CT
1	23324958	1561	TC
1	23325153	195	CT
1	23326124	971	GA
1	23326620	496	GA
1	23326797	177	TC
1	23327302	505	GA
1	23327581	279	AG
1	23327599	18	AG
1	23327844	245	AG
1	23328032	188	AG
1	23328624	392	AG
1	23328951	327	CT
1	23329534	246	CT
1	23329650	116	CG
1	23331530	1230	AG
1	23332060	530	GT
1	23332237	177	CT
1	23332508	271	TC
1	23333024	213	TG
1	23333100	76	GA
1	23334109	899	GA
1	23334456	347	TG
1	23336588	1499	CT
1	23337169	581	CT
1	23338635	813	AC
1	23339749	976	CG
1	23342034	1564	AG
1	23358176	9209	AC
1	23358854	678	AG
1	23358903	49	TC
1	23359876	585	AG
1	23359954	78	AG
1	23359974	20	GA
1	23360026	52	CT
1	23360596	570	GA
1	23362452	1659	CT
1	23363067	281	CT
1	23366082	1153	TC
1	23366944	107	TG
1	23366949	5	AC
1	23369433	653	CT
1	23369663	230	GA
1	23369673	10	GA
1	23370173	35	GA
1	23370191	18	TC
1	23370196	5	GT
1	23371640	1086	CT
1	23371665	25	CG
1	23372648	156	AG
1	23372900	252	GA
1	23373218	318	CT
1	23373493	100	AG
1	23373695	202	CA
1	23373721	26	GA
1	23374074	353	GA
1	23374154	80	AG
1	23375624	639	CG
1	23375698	74	CT
1	23375726	28	TC
1	23375835	109	AG
1	23375874	39	CT
1	23375910	36	TC
1	23375912	2	CT
1	23376048	136	GA
1	23376107	59	AG
1	23376108	1	CT
1	23376110	2	GC
1	23376118	8	TC
1	23376384	266	CT
1	23376512	128	GA
1	23377362	518	CT
1	23377468	106	AC
1	23377691	223	CT
1	23378313	603	AC
1	23378708	395	GA
1	23378739	31	TC
1	23379117	378	GA
1	23379513	189	GC
1	23379675	162	GC
1	23379838	163	CA
1	23380633	734	TC
1	23380636	3	GA
1	23380840	204	TC
1	23380941	101	TA
1	23381107	166	TC
1	23381305	198	TC
1	23381331	26	CT
1	23381767	307	GA
1	23381897	130	CT
1	23382154	257	GC
1	23382167	13	GA
1	23382233	66	CT
1	23382286	53	CA
1	23382439	153	CT
1	23382579	140	GA
1	23382709	130	TC
1	23382799	90	GA
1	23382814	15	AG
1	23382846	32	CT
1	23383118	272	GA
1	23383189	71	CT
1	23383310	121	GA
1	23383507	197	AC
1	23383623	116	TC
1	23383646	23	GA
1	23383824	178	TC
1	23384056	232	AG
1	23386507	2041	TC
1	23386537	30	TC
1	23387344	807	GA
1	23387751	407	GA
1	23387853	102	CT
1	23388032	179	GA
1	23388069	37	TA
1	23388200	131	CT
1	23388387	187	GA
1	23388489	102	GA
1	23388498	9	CT
1	23388972	425	TC
1	23389070	98	GA
1	23389737	644	GC
1	23390885	1148	AG
1	23390903	18	GA
1	23391126	223	CT
1	23391420	294	GA
1	23391424	4	AT
1	23393230	1806	GT
1	23393570	340	GA
1	23394329	759	CT
1	23394431	102	CT
1	23395779	1099	GA
1	23395953	174	AG
1	23396350	397	AT
1	23396374	24	GA
1	23396468	94	TC
1	23397001	533	AT
1	23398460	1091	CT
1	23398975	515	CT
1	23399304	329	CT
1	23399567	263	TC
1	23406287	5042	GA
1	23407795	1245	AG
1	23408287	492	CT
1	23410446	2159	AG
1	23410510	64	GC
1	23412790	2280	GC
1	23412823	33	GA
1	23414918	1296	AG
1	23415635	717	GT
1	23416244	556	CA
1	23417615	1371	GT
1	23418297	462	GT
1	23418313	16	GA
1	23418361	48	GA
1	23418911	550	GA
1	23418940	29	CT
1	23420098	1011	AG
1	23421178	1080	GA
1	23421336	158	CT
1	23422046	710	GC
1	23422240	194	CT
1	23423636	1178	GA
1	23424699	884	CT
1	23424934	235	GC
1	23425634	636	GA
1	23429484	838	CA
1	23430122	638	CT
1	23431040	623	CT
1	23433385	1807	AG
1	23434202	817	AG
1	23435098	896	CG
1	23435908	810	CT
1	23437115	1143	CG
1	23437797	682	TC
1	23438064	267	GA
1	23438933	730	CT
1	23440640	1347	CA
1	23441369	729	TC
1	23443136	1710	CT
1	23443457	321	CT
1	23444838	1381	CT
1	23444963	125	GA
1	23445102	139	GA
1	23446468	1366	CG
1	23448142	1645	GA
1	23449142	857	GA
1	23450353	1120	GA
1	23450413	60	GA
1	23451290	265	TC
1	23451310	20	CT
1	23451502	192	GA
1	23452120	111	CA
1	23452662	542	CT
1	23452878	216	GA
1	23453515	600	CT
1	23453637	122	AG
1	23453759	122	CT
1	23454179	420	GA
1	23454194	15	CT
1	23455206	1012	GA
1	23455684	478	TC
1	23455965	281	GA
1	23456986	1021	CT
1	23459551	1867	TC
1	23459797	246	GA
1	23460281	484	GA
1	23460527	246	TC
1	23461301	774	CT
1	23461944	617	GA
1	23462494	550	CT
1	23462697	203	TC
1	23463338	641	GT
1	23463560	222	CT
1	23463659	99	AG
1	23464103	444	CT
1	23464576	473	CT
1	23467394	2530	CA
1	23470491	2887	AC
1	23472097	1606	GA
1	23472311	214	AG
1	23472398	87	CT
1	23473468	1070	GA
1	23473853	385	TC
1	23475971	2118	GA
1	23476056	85	GA
1	23478159	1837	GA
1	23481125	2454	GA
1	23482578	1453	GA
1	23483287	440	GA
1	23484005	718	CT
1	23484062	57	CT
1	23484066	4	AG
1	23484907	810	CT
1	23486335	1428	CT
1	23487042	676	AG
1	23487464	422	GA
1	23489649	2130	GA
1	23489998	349	GA
1	23501725	11682	GA
1	23503079	1354	CG
1	23503278	199	GA
1	23506850	3321	TG
1	23508624	1432	CT
1	23509539	915	GA
1	23510477	938	TG
1	23510845	332	CT
1	23512590	1460	CA
1	23517550	4574	CG
1	23519695	2145	GA
1	23523949	4152	CG
1	23530298	1658	GA
1	23530317	19	GA
1	23530349	32	AG
1	23532623	1996	GC
1	23534231	1608	TC
1	23534236	5	AG
1	23534401	165	CT
1	23534407	6	CT
1	23534449	42	TC
1	23534551	102	GT
1	23534671	120	GT
1	23535243	572	CT
1	23542915	4364	CT
1	23552089	2839	CT
1	23554591	948	GA
1	23554903	293	TC
1	23556208	1060	GA
1	23559751	3480	CA
1	23559752	1	CT
1	23563327	3575	GA
1	23563548	221	GA
1	23599436	27443	TC
1	23599522	86	GA
1	23600448	869	CT
1	23600537	89	AG
1	23600698	161	TC
1	23612316	10931	CT
1	23612674	358	CT
1	23613350	676	AG
1	23614572	996	CG
1	23616659	1830	GA
1	23618840	1288	GC
1	23620736	1084	GA
1	23621490	718	AG
1	23621865	375	CT
1	23622659	794	GA
1	23622682	23	AG
1	23622890	208	CG
1	23625923	2697	GA
1	23628978	2788	AC
1	23629015	37	GT
1	23629061	46	GA
1	23629575	514	CT
1	23630146	571	GA
1	23630375	229	CT
1	23630698	323	TC
1	23630765	67	TC
1	23630914	149	GA
1	23631089	175	AG
1	23631152	63	TC
1	23631463	311	TG
1	23632024	561	AG
1	23632050	26	GT
1	23632124	74	CA
1	23632661	489	TC
1	23633161	500	GA
1	23633364	203	AG
1	23633526	162	CT
1	23633602	76	TC
1	23633733	131	TC
1	23634410	659	CG
1	23634527	117	TC
1	23634548	21	GA
1	23634661	113	GA
1	23635306	645	CT
1	23635614	308	AG
1	23674594	38388	CT
1	23674618	24	AT
1	23688650	12593	GA
1	23695796	5780	GA
1	23708276	1005	TC
1	23713679	70	GA
1	23713726	47	CT
1	23714761	415	GA
1	23715568	360	CG
1	23719462	1209	GA
1	23721408	135	AG
1	23721433	25	GA
1	23722195	228	CG
1	23722228	33	TC
1	23724458	601	AG
1	23724926	468	GA
1	23724941	15	TC
1	23724969	28	AG
1	23725163	194	GA
1	23725168	5	CT
1	23726130	253	GA
1	23726259	129	AC
1	23726360	101	CG
1	23726534	174	GA
1	23726679	145	GA
1	23726704	25	CT
1	23726707	3	CT
1	23726744	37	GA
1	23733255	215	AG
1	23733548	214	GA
1	23733564	16	CT
1	23733972	307	TG
1	23734925	159	CG
1	23735141	216	CT
1	23735218	77	GA
1	23735454	236	AG
1	23735480	26	GA
1	23736894	1414	GC
1	23737153	259	TC
1	23737445	292	GC
1	23744621	3777	GA
1	23744681	60	CT
1	23745625	944	GA
1	23748711	3086	CT
1	23748837	126	AC
1	23748918	81	CG
1	23749038	120	TG
1	23756360	5328	GA
1	23759211	2420	CT
1	23763349	4138	CA
1	23789718	19864	GT
1	23800692	8651	GA
1	23800845	153	CT
1	23806234	5099	GA
1	23806650	416	TC
1	23806697	47	GA
1	23807196	499	AG
1	23807258	62	CT
1	23808319	788	TC
1	23809904	1381	GC
1	23811376	1433	AG
1	23811474	98	GA
1	23811521	47	AG
1	23811569	48	GA
1	23811612	43	GC
1	23811616	4	GA
1	23811637	21	GC
1	23812774	408	AG
1	23814427	916	GA
1	23814834	407	CT
1	23815176	342	TC
1	23822615	3942	CT
1	23825641	2976	AG
1	23826077	436	GA
1	23826255	178	GA
1	23826327	72	GA
1	23830347	3648	AG
1	23830458	111	TC
1	23830459	1	CG
1	23830469	10	GA
1	23830488	19	CT
1	23830729	241	CT
1	23830773	44	TC
1	23830929	156	TC
1	23830931	2	CT
1	23830989	58	CT
1	23830995	6	AC
1	23831186	191	CT
1	23831216	30	CT
1	23831580	364	CT
1	23831607	27	CT
1	23832675	312	AG
1	23832841	166	AC
1	23832982	141	AC
1	23833174	192	AG
1	23833756	582	AG
1	23834578	287	AG
1	23835505	927	CT
1	23835534	29	CT
1	23836355	821	GT
1	23837404	644	CG
1	23837781	377	AG
1	23838325	544	CA
1	23838978	653	CG
1	23839039	61	GT
1	23839200	161	CT
1	23840779	1579	AC
1	23840808	29	CT
1	23840856	48	GT
1	23841034	178	GA
1	23841102	68	GA
1	23841602	500	TC
1	23841632	30	CT
1	23841787	155	TC
1	23842078	291	CT
1	23842082	4	AG
1	23843714	1610	AG
1	23844123	409	CT
1	23844387	264	GA
1	23844440	53	GA
1	23844916	277	CT
1	23845049	133	AG
1	23845300	251	GA
1	23845316	16	AG
1	23845413	97	GA
1	23846576	464	CT
1	23847191	615	AG
1	23847734	543	TC
1	23847771	37	GA
1	23847778	7	TC
1	23848532	754	CT
1	23848896	364	AG
1	23850684	1788	CT
1	23851755	1017	TC
1	23852441	686	TG
1	23853698	947	CT
1	23853703	5	TC
1	23856187	2484	GT
1	23856710	523	AG
1	23857594	884	CT
1	23859039	1394	AG
1	23859221	182	GA
1	23859972	729	AG
1	23860592	242	GA
1	23861400	808	CA
1	23863627	1823	AG
1	23864242	615	CG
1	23864576	334	CT
1	23865248	588	GA
1	23865282	34	TC
1	23865851	569	CT
1	23865876	25	GA
1	23866127	251	AG
1	23866204	77	GA
1	23868849	2645	CG
1	23869746	897	CT
1	23875519	4942	GA
1	23876385	866	CT
1	23878219	986	GA
1	23878484	265	GA
1	23879045	561	GA
1	23879444	346	CT
1	23879757	313	GA
1	23879885	128	GA
1	23880101	216	AG
1	23880649	269	CT
1	23881334	685	GA
1	23883059	1655	AC
1	23883301	242	CT
1	23886445	2995	GA
1	23887342	555	GA
1	23887872	154	GA
1	23887988	116	GA
1	23889066	1078	GA
1	23890753	1397	AC
1	23891152	376	CT
1	23891575	342	GA
1	23892422	808	CT
1	23892467	45	CT
1	23892916	449	CT
1	23893842	523	AT
1	23894809	967	GA
1	23895352	222	GA
1	23895418	66	GC
1	23895668	250	CG
1	23895804	136	CT
1	23897379	1575	AG
1	23898083	704	CT
1	23898953	870	AG
1	23898965	12	AG
1	23899953	988	CT
1	23900203	250	TA
1	23900466	149	GA
1	23901180	372	CT
1	23904434	765	AG
1	23905363	929	TC
1	23905490	127	CT
1	23905809	319	GA
1	23906182	373	CT
1	23906366	184	GA
1	23906932	524	GA
1	23906952	20	GA
1	23907284	332	TC
1	23907356	72	CT
1	23907774	418	GA
1	23908749	896	CT
1	23909020	271	AG
1	23910645	1625	GA
1	23910780	135	CT
1	23912429	1624	TG
1	23912802	373	GA
1	23913134	332	GA
1	23913710	576	CT
1	23915142	877	CT
1	23915987	708	GA
1	23916937	950	CT
1	23921364	4221	CT
1	23921731	367	CT
1	23922812	1081	CT
1	23923719	730	GT
1	23926283	2493	AG
1	23927833	1550	CT
1	23928911	1078	GC
1	23931340	2429	TC
1	23932556	1156	CT
1	23933029	473	GA
1	23935659	2225	GA
1	23935980	321	GA
1	23935989	9	GA
1	23937439	452	CT
1	23938659	1187	AG
1	23938807	148	CT
1	23940057	1250	CG
1	23941351	1259	CA
1	23943912	2117	TG
1	23944776	864	TC
1	23945493	717	TC
1	23949317	3414	GC
1	23949899	212	AG
1	23956155	3763	CT
1	23956833	678	GA
1	23956919	86	GC
1	23957038	119	TC
1	23959590	2158	CT
1	23960573	983	CG
1	23960680	107	CT
1	23960740	60	CT
1	23960764	24	AT
1	23960767	3	CT
1	23960981	214	CT
1	23962460	1479	GC
1	23963275	815	AG
1	23963405	130	TG
1	23963551	146	CT
1	23963610	59	CT
1	23965062	1452	CT
1	23965527	402	TG
1	23966144	617	CA
1	23966191	47	GA
1	23966376	185	CT
1	23967584	1208	TC
1	23967838	254	AG
1	23968057	219	GA
1	23968527	382	TC
1	23968676	149	CT
1	23970278	1555	CG
1	23970919	641	AG
1	23971088	169	CT
1	23971117	29	GA
1	23971500	383	CT
1	23971914	365	AT
1	23972573	659	GA
1	23973649	1076	TC
1	23973809	160	CT
1	23974392	583	CT
1	23974959	542	TC
1	23974966	7	GA
1	23975453	443	CT
1	23975826	373	GA
1	23976390	564	GA
1	23976897	463	TG
1	23977677	780	CT
1	23977783	106	GA
1	23979706	1825	AC
1	23979812	106	TG
1	23981181	1001	GA
1	23981830	649	CA
1	23982282	452	CA
1	23984067	1608	CT
1	23984260	193	TC
1	23984401	141	GA
1	23984595	194	AG
1	23984620	25	GT
1	23984623	3	CT
1	23985070	429	AG
1	23985564	494	TC
1	23987697	1476	TC
1	23987774	77	GA
1	23988752	978	TC
1	23989228	476	CT
1	23989441	213	AG
1	23989465	24	TC
1	23989497	32	GA
1	23990023	526	CT
1	23990274	251	AG
1	23990356	82	TC
1	23990462	106	GA
1	23990636	174	CT
1	23990999	363	CT
1	23991552	509	CT
1	23991933	381	CT
1	23992644	711	AG
1	23992681	37	CT
1	23992792	111	AG
1	23993301	509	TA
1	23994044	559	CG
1	23994182	138	CT
1	23994815	367	CT
1	23994840	25	CT
1	23994889	49	GA
1	23995420	531	TC
1	23996445	284	AG
1	23998126	1681	TC
1	23998616	490	GA
1	23999019	403	TC
1	23999099	80	GA
1	23999341	242	CT
1	24000223	458	CG
1	24000402	179	TG
1	24001067	665	TC
1	24001303	236	TC
1	24001753	130	GC
1	24001778	25	TC
1	24001789	11	GA
1	24001828	39	GA
1	24001982	60	CA
1	24002088	106	TC
1	24002226	138	GT
1	24002765	539	GA
1	24002879	114	CT
1	24003311	432	AC
1	24003344	33	AG
1	24003378	34	AG
1	24003597	219	CG
1	24003693	96	AG
1	24003937	244	GA
1	24003975	38	TC
1	24004727	752	GA
1	24004838	111	AG
1	24005761	625	GA
1	24005762	1	AG
1	24005796	34	AC
1	24006616	820	GT
1	24006630	14	GC
1	24006664	34	GA
1	24006740	76	TC
1	24006772	32	CT
1	24006857	85	CT
1	24008907	2050	GA
1	24009299	392	CT
1	24010679	1331	GT
1	24011079	355	CT
1	24011127	48	GC
1	24012041	914	CG
1	24012730	689	AG
1	24013831	785	GA
1	24014023	192	CT
1	24017977	1507	GA
1	24018473	173	CT
1	24023701	3510	GC
1	24023726	25	GA
1	24027035	3191	CA
1	24028410	1351	CT
1	24029024	303	TC
1	24030929	1905	CT
1	24032175	1246	CT
1	24033532	1357	CT
1	24033765	233	GA
1	24034452	473	GA
1	24034970	518	GA
1	24038730	2777	AC
1	24040259	1237	GC
1	24040415	156	GC
1	24040530	115	AT
1	24040900	370	CG
1	24041133	233	CG
1	24041134	1	GA
1	24041594	417	CT
1	24042029	435	CT
1	24042244	215	TC
1	24042972	728	TC
1	24043053	81	AG
1	24044154	981	TG
1	24044239	85	CT
1	24044361	122	AG
1	24044441	80	CT
1	24044679	238	GA
1	24045434	379	GA
1	24045582	148	AG
1	24045588	6	GA
1	24045617	29	TC
1	24046058	441	TC
1	24046772	714	CT
1	24046919	147	AC
1	24047135	216	AG
1	24047180	45	CT
1	24047627	395	CT
1	24047754	127	GT
1	24047870	116	CT
1	24048098	228	AG
1	24048829	731	AC
1	24049050	221	CT
1	24050119	1069	GA
1	24050371	252	AG
1	24050467	96	TC
1	24050547	80	GA
1	24050694	147	AG
1	24050991	130	TG
1	24051167	176	GA
1	24051456	289	GA
1	24051589	133	CT
1	24051964	375	TC
1	24052248	284	AG
1	24052352	104	CT
1	24052378	26	AG
1	24052421	43	CT
1	24052515	94	AG
1	24052759	244	CG
1	24052815	56	GA
1	24052893	78	CT
1	24053047	154	GA
1	24053900	853	GC
1	24054094	194	TC
1	24056494	766	TC
1	24056824	136	CT
1	24056828	4	CT
1	24056910	82	AG
1	24057202	292	CG
1	24057844	642	AG
1	24058364	520	TC
1	24058538	174	GA
1	24058615	77	CT
1	24059015	400	GC
1	24059050	35	CT
1	24059683	633	GA
1	24059942	259	GA
1	24059968	26	TA
1	24060132	164	TC
1	24060653	521	TC
1	24061479	384	TC
1	24061694	215	TC
1	24063050	1356	TA
1	24063288	238	AG
1	24063317	29	GC
1	24063429	112	GA
1	24063722	128	GT
1	24064343	621	TC
1	24064954	586	GA
1	24065584	598	TG
1	24066080	496	CG
1	24066089	9	GT
1	24066360	271	CT
1	24066427	67	GA
1	24066557	130	GA
1	24066636	79	TC
1	24066666	30	CT
1	24066778	112	CT
1	24066781	3	GT
1	24067141	360	CT
1	24067291	150	GA
1	24067332	41	TC
1	24067510	132	GA
1	24067531	21	GA
1	24067705	174	TC
1	24068445	740	GA
1	24069237	765	GA
1	24069432	195	GA
1	24069523	91	CT
1	24069524	1	AG
1	24069536	12	AG
1	24069549	13	CT
1	24069653	104	AG
1	24069755	102	GA
1	24070193	438	CT
1	24070414	221	CT
1	24070671	257	CT
1	24070853	182	GA
1	24071131	278	CG
1	24071144	13	CT
1	24071281	137	AG
1	24071731	450	CT
1	24072431	700	GA
1	24072585	154	GA
1	24072619	34	TC
1	24073818	1199	GA
1	24073829	11	TC
1	24073869	40	GC
1	24074439	537	TC
1	24074651	212	GC
1	24076035	1213	TC
1	24076036	1	AG
1	24077575	662	GC
1	24085116	698	AT
1	24085226	110	AG
1	24085265	39	TG
1	24085321	56	TA
1	24085332	11	AT
1	24086395	659	CT
1	24087765	1021	TG
1	24088152	387	CT
1	24089144	945	TC
1	24089499	221	GA
1	24090103	604	CA
1	24090143	40	GA
1	24090399	256	AG
1	24090479	80	CT
1	24090573	94	GA
1	24090673	100	GA
1	24090743	70	GC
1	24090833	90	TC
1	24091042	209	GA
1	24091117	75	CT
1	24091518	401	GA
1	24091609	91	AG
1	24092380	704	CG
1	24092482	102	AG
1	24092881	399	AT
1	24092983	102	AG
1	24093327	344	AG
1	24093332	5	GA
1	24093388	56	GA
1	24093493	105	AG
1	24093770	209	GA
1	24093859	89	CT
1	24093902	43	CT
1	24094026	124	CT
1	24094155	129	AG
1	24094487	332	GA
1	24094591	104	GA
1	24094756	165	CT
1	24095079	323	TC
1	24095162	83	GA
1	24095285	123	CT
1	24095396	111	TC
1	24095503	107	TC
1	24095530	27	GA
1	24096005	336	GT
1	24096121	116	CT
1	24096216	95	TC
1	24096919	354	TC
1	24097017	98	AG
1	24097025	8	CT
1	24097423	398	CT
1	24097516	93	CT
1	24097715	199	TC
1	24097784	69	GA
1	24097867	83	AG
1	24098619	752	GA
1	24098994	375	CT
1	24099308	314	CT
1	24099312	4	CT
1	24099346	34	CA
1	24099351	5	TG
1	24099430	79	GT
1	24099434	4	GT
1	24099587	153	AG
1	24099916	329	CT
1	24100053	137	CT
1	24100680	627	GA
1	24100700	20	CG
1	24100995	295	GA
1	24101601	606	GA
1	24101834	233	GT
1	24101858	24	GA
1	24101876	18	CA
1	24101886	10	CG
1	24101994	108	CT
1	24103669	1318	CT
1	24103933	264	GC
1	24103936	3	TC
1	24104506	231	CA
1	24104850	344	TC
1	24104883	33	AG
1	24104983	100	GC
1	24105031	48	GA
1	24105086	55	GA
1	24105154	68	CG
1	24106012	786	TC
1	24106300	288	CT
1	24106371	71	GT
1	24106580	209	GT
1	24107229	364	GA
1	24107455	226	GA
1	24109168	1346	GA
1	24109660	462	AG
1	24110571	911	CT
1	24110747	176	AG
1	24115466	4084	CT
1	24115680	214	CT
1	24116390	710	GA
1	24117430	411	AG
1	24117457	27	CT
1	24117735	278	AG
1	24119348	1613	TC
1	24119722	374	CT
1	24121385	1663	TC
1	24122650	1137	CG
1	24126309	3219	TC
1	24128068	1759	TC
1	24129047	979	TC
1	24130411	1057	TC
1	24132856	1708	GA
1	24133868	1012	CT
1	24141591	5138	CT
1	24142576	985	CT
1	24143377	801	GC
1	24143391	14	CT
1	24143546	155	AG
1	24143920	374	GA
1	24146971	2313	CT
1	24147418	447	CT
1	24147682	264	AG
1	24149703	1587	CA
1	24150658	731	GA
1	24151324	666	AG
1	24151503	179	GA
1	24151580	77	AG
1	24152448	775	CG
1	24152762	178	TG
1	24153005	243	AG
1	24156917	3720	GA
1	24157354	437	GC
1	24158874	1333	CT
1	24160954	1541	CT
1	24162875	1859	AG
1	24164666	1494	AT
1	24164957	291	TC
1	24166168	1109	GA
1	24177648	10887	TC
1	24178806	1132	GA
1	24178835	29	GA
1	24180141	1306	CT
1	24180425	284	GA
1	24180684	259	CT
1	24182000	1316	CT
1	24182071	71	GA
1	24184173	1587	AC
1	24185870	1269	TC
1	24186733	742	CT
1	24187228	495	AC
1	24188150	922	TC
1	24188224	74	TC
1	24189441	1217	CA
1	24189659	218	AG
1	24191710	1909	GA
1	24191909	199	AG
1	24192079	134	CT
1	24192180	101	AG
1	24193183	1003	CT
1	24194101	455	AG
1	24194489	388	GA
1	24195116	627	GC
1	24195584	115	AC
1	24196034	450	TC
1	24196156	122	CG
1	24196334	178	GC
1	24196400	66	TG
1	24196405	5	AG
1	24196959	476	GC
1	24196972	13	CT
1	24196987	15	AG
1	24197663	676	GA
1	24199406	1446	AC
1	24199433	27	TC
1	24199494	61	AG
1	24201824	2330	CG
1	24202094	270	TC
1	24202177	83	TC
1	24202181	4	AT
1	24202431	250	CT
1	24202527	96	CT
1	24202849	158	AC
1	24203276	427	CA
1	24203366	90	AG
1	24203684	318	GA
1	24204557	380	TC
1	24204698	141	TC
1	24204860	162	CG
1	24204990	130	CT
1	24206525	1176	GA
1	24209303	2175	CT
1	24216694	5964	CT
1	24216734	40	TC
1	24218188	1300	TC
1	24224215	5513	GA
1	24225274	726	CG
1	24226421	1005	GC
1	24226520	99	CA
1	24228728	320	CT
1	24229580	716	CT
1	24230057	477	AG
1	24230081	24	GA
1	24230497	355	CT
1	24230619	122	TC
1	24231191	300	GA
1	24231202	11	GA
1	24232039	671	TC
1	24232152	113	GC
1	24232162	10	GA
1	24232355	193	AT
1	24232885	530	GA
1	24233663	739	AG
1	24241657	5754	CT
1	24243345	1662	AG
1	24244329	882	CT
1	24245012	683	GA
1	24246851	1514	AG
1	24246927	76	CT
1	24247452	525	GT
1	24247514	62	TG
1	24247552	38	CA
1	24247761	209	AG
1	24250459	2293	GA
1	24250688	229	CT
1	24251328	640	CT
1	24255334	2429	GA
1	24255939	410	GC
1	24255956	17	TC
1	24256437	481	GA
1	24257165	728	CT
1	24258245	1080	GA
1	24259283	1038	GA
1	24259797	514	GA
1	24260262	465	TA
1	24261385	1026	TC
1	24275328	7287	GA
1	24275817	489	TG
1	24275818	1	GA
1	24280202	3661	CG
1	24281253	821	CG
1	24281503	250	TG
1	24281820	236	GA
1	24281821	1	CG
1	24282343	522	GA
1	24282818	475	GC
1	24283356	538	CT
1	24283376	20	GA
1	24283966	590	CT
1	24284301	52	GA
1	24284559	231	TC
1	24284785	226	TC
1	24284791	6	GA
1	24284803	12	GA
1	24284964	59	AG
1	24285762	798	GA
1	24286631	869	CT
1	24288482	1519	GA
1	24289228	746	CT
1	24290673	1158	GT
1	24290698	25	GA
1	24294174	1451	GA
1	24299312	4553	CT
1	24300883	1363	GA
1	24304024	2348	GA
1	24304470	446	GT
1	24304931	272	CG
1	24305156	114	CT
1	24308639	3201	CT
1	24327532	16855	TC
1	24329430	1845	CT
1	24331566	2101	CT
1	24333859	2254	GA
1	24341859	7483	AC
1	24349564	7010	CG
1	24351128	1421	GA
1	24362207	10749	GC
1	24362232	25	CT
1	24364383	2151	CT
1	24368465	3532	GA
1	24370207	886	CT
1	24370664	457	GA
1	24371090	426	CT
1	24371091	1	AG
1	24371114	23	GA
1	24371559	445	CT
1	24372669	1110	AG
1	24373747	1078	TG
1	24374481	734	GA
1	24375457	976	CG
1	24377109	1652	CT
1	24378471	1134	GA
1	24378556	85	CT
1	24378665	109	GA
1	24380405	1236	CT
1	24380450	45	GT
1	24382077	1581	CA
1	24385826	3424	CT
1	24385833	7	TC
1	24386504	671	TC
1	24386852	348	AT
1	24387317	465	GA
1	24389008	732	CT
1	24393073	3492	TG
1	24394491	1253	GC
1	24395323	832	GT
1	24396408	1085	GA
1	24396511	103	CT
1	24397311	666	CA
1	24398346	647	CT
1	24400026	1680	GC
1	24404523	4456	CT
1	24404530	7	GA
1	24404654	124	TG
1	24404710	56	TC
1	24404713	3	GA
1	24404849	136	GA
1	24405398	549	TC
1	24412470	6859	CA
1	24426423	6345	GA
1	24426610	187	CT
1	24428063	1119	AG
1	24428453	373	CG
1	24428492	39	AG
1	24428553	61	TC
1	24428588	35	CA
1	24429340	752	AG
1	24429381	41	CT
1	24429542	161	CT
1	24430099	557	TG
1	24430462	363	AG
1	24430472	10	AC
1	24433692	880	GA
1	24433752	60	TC
1	24433818	66	AG
1	24434078	260	CT
1	24434298	220	GC
1	24434315	17	AC
1	24434453	138	GA
1	24434457	4	GA
1	24435763	288	TC
1	24435808	45	CG
1	24436842	831	CT
1	24437008	166	CT
1	24437277	269	CT
1	24438245	667	GA
1	24456102	5186	GA
1	24456153	51	CG
1	24458540	2045	TG
1	24459379	839	GA
1	24461864	1397	AG
1	24463344	1361	CT
1	24463346	2	CG
1	24463347	1	TG
1	24464582	1016	AG
1	24464587	5	AG
1	24464969	357	AG
1	24467474	1351	GC
1	24467817	343	GA
1	24468145	328	CT
1	24470491	1593	CA
1	24471098	607	CT
1	24471107	9	CT
1	24472561	984	TC
1	24472932	371	CT
1	24475031	382	TC
1	24476300	1168	CG
1	24476739	439	TC
1	24478160	1386	GC
1	24478167	7	GT
1	24479498	1331	CA
1	24480055	557	AG
1	24480171	116	AG
1	24481794	1623	GA
1	24481986	192	GA
1	24482428	442	CT
1	24483813	1385	CT
1	24484891	255	GA
1	24485534	361	TC
1	24485957	423	GC
1	24486502	545	CT
1	24487318	763	CT
1	24487389	71	CT
1	24488623	955	AG
1	24490196	1480	GC
1	24490266	70	AG
1	24490641	375	CT
1	24491891	1250	CT
1	24492018	127	AG
1	24492021	3	AG
1	24492042	21	CT
1	24492054	12	CG
1	24492124	70	GA
1	24492439	281	TC
1	24492625	186	CT
1	24492670	45	TA
1	24493828	1158	CG
1	24493912	84	GA
1	24494358	446	AG
1	24494385	27	TC
1	24495181	796	CT
1	24495702	521	TC
1	24496775	1073	TG
1	24498355	931	GA
1	24499839	1083	CA
1	24501151	964	AG
1	24501210	59	GA
1	24502033	823	GC
1	24502738	340	AC
1	24503231	493	AG
1	24513837	8356	GA
1	24514094	257	GT
1	24516198	2104	GA
1	24517101	903	GA
1	24518590	1187	CT
1	24526582	5648	GA
1	24528729	1589	TC
1	24528799	70	TC
1	24532565	3582	TA
1	24532874	41	GA
1	24533052	178	CT
1	24533293	134	CG
1	24533725	380	TC
1	24534746	855	TA
1	24534906	160	GT
1	24540062	2759	CT
1	24542047	726	CT
1	24542282	147	CT
1	24542517	235	GA
1	24542856	339	TC
1	24542975	119	TC
1	24543660	685	AG
1	24544576	916	CT
1	24544844	268	GC
1	24545697	853	GA
1	24545737	40	GA
1	24545932	195	GA
1	24546581	649	CT
1	24546913	332	CT
1	24547045	132	AG
1	24547522	477	AG
1	24547549	27	GA
1	24548146	306	AG
1	24548348	202	CT
1	24549037	316	GA
1	24549192	155	AT
1	24549249	57	CT
1	24550181	932	AG
1	24550432	251	GA
1	24551583	1151	TC
1	24551643	60	TC
1	24553302	1659	GA
1	24555745	1792	TG
1	24556233	488	CG
1	24557421	1188	CG
1	24557468	47	GA
1	24557691	223	GA
1	24558531	669	TC
1	24559775	1150	TC
1	24560041	266	GA
1	24561029	988	CG
1	24563936	2022	GA
1	24566239	1363	TA
1	24566317	78	TC
1	24567344	939	GA
1	24567363	19	GT
1	24568654	440	GA
1	24573870	3909	GT
1	24573978	108	GT
1	24574171	193	AC
1	24574257	86	GA
1	24575405	821	GA
1	24575531	126	GA
1	24576155	624	GA
1	24576311	156	GA
1	24576663	352	AG
1	24578440	815	AG
1	24578491	51	GT
1	24578753	262	AG
1	24578930	177	CT
1	24583639	4259	GA
1	24584730	1091	TC
1	24587457	2727	AG
1	24588838	1381	GA
1	24590282	1444	GC
1	24590557	275	CT
1	24591277	680	GA
1	24591284	7	GC
1	24591734	450	TC
1	24592122	388	CT
1	24592251	129	CT
1	24592522	271	CT
1	24593927	1376	GC
1	24595102	1175	CT
1	24597085	1672	GC
1	24597252	167	CT
1	24597363	111	CT
1	24597882	519	AG
1	24605817	6794	AC
1	24607975	1276	TC
1	24609555	366	GA
1	24609705	150	TG
1	24611265	1187	CT
1	24611478	213	GA
1	24612208	730	CA
1	24612315	107	TC
1	24614830	1824	GA
1	24620446	5290	CT
1	24620972	526	GA
1	24637207	11781	CT
1	24638068	473	CT
1	24638697	629	AG
1	24640760	2063	GC
1	24642672	1800	GA
1	24642844	172	CT
1	24642914	70	CT
1	24643088	174	GC
1	24645227	1203	GA
1	24645750	523	CT
1	24646903	711	AC
1	24651116	3135	TC
1	24651587	290	TC
1	24654795	1924	TA
1	24654920	125	AG
1	24655564	304	AG
1	24656403	534	TC
1	24656479	76	AG
1	24656566	87	GA
1	24658279	1053	GA
1	24658559	280	CG
1	24659152	329	TC
1	24659692	540	GA
1	24659867	175	CT
1	24661250	742	GA
1	24661482	44	TC
1	24662440	363	AG
1	24662453	13	CT
1	24662477	24	GA
1	24663188	198	CT
1	24663911	431	TA
1	24664107	196	GT
1	24664335	228	TC
1	24665268	933	TG
1	24665285	17	AG
1	24665292	7	AG
1	24667757	1592	GT
1	24667843	86	CT
1	24669472	469	CT
1	24669675	203	GA
1	24670502	827	CT
1	24670871	369	TC
1	24671172	301	TC
1	24672998	1013	GA
1	24678853	3624	GA
1	24679311	458	TC
1	24680930	1440	AT
1	24681672	742	GA
1	24683436	1594	TC
1	24684414	908	TC
1	24687397	1586	TC
1	24687410	13	GA
1	24688442	648	GA
1	24689874	1273	AG
1	24691007	1010	CT
1	24693942	511	GT
1	24694524	527	TC
1	24694664	140	CT
1	24694753	89	GA
1	24694788	35	AG
1	24694801	13	GA
1	24697716	1808	CT
1	24698868	569	TC
1	24699817	949	CT
1	24700224	407	CG
1	24700658	434	TC
1	24700659	1	GA
1	24700754	95	GA
1	24701980	949	AC
1	24702438	458	AG
1	24704610	1171	CG
1	24709073	2702	TA
1	24709369	296	GA
1	24709378	9	GC
1	24709643	265	AT
1	24712150	1654	AT
1	24713647	1360	GT
1	24715780	1572	CT
1	24715871	91	CT
1	24716497	626	GA
1	24716603	106	TG
1	24720678	2300	TC
1	24721285	607	CT
1	24723499	1594	GC
1	24724730	567	GA
1	24724755	25	GT
1	24726374	437	CG
1	24726638	264	AG
1	24728040	1126	TC
1	24728042	2	GA
1	24728452	172	CA
1	24731238	388	TA
1	24731309	71	CG
1	24731356	47	AG
1	24735936	1172	TC
1	24737685	894	CA
1	24737724	39	CA
1	24739176	1023	CT
1	24740231	850	AG
1	24743363	1550	GC
1	24744249	886	CT
1	24751937	3382	AG
1	24752502	498	AG
1	24753031	529	GC
1	24753115	84	TC
1	24755314	948	TC
1	24758728	1403	GA
1	24759451	723	CT
1	24763722	3075	CT
1	24764011	144	GT
1	24764687	676	CT
1	24765158	191	AC
1	24765220	62	CT
1	24765727	507	TC
1	24765986	259	TC
1	24766016	30	CG
1	24766027	11	CA
1	24766262	235	TG
1	24769720	1937	GC
1	24769816	96	TC
1	24769824	8	AG
1	24771039	525	GA
1	24772796	899	AG
1	24773781	985	GT
1	24773863	82	AG
1	24773941	78	AG
1	24774612	252	CA
1	24774891	279	GA
1	24775168	277	CA
1	24776566	761	AT
1	24777088	522	GA
1	24785385	1714	AC
1	24785617	232	AG
1	24786489	872	CT
1	24787737	564	AG
1	24788606	428	TA
1	24788655	49	TA
1	24790837	697	CT
1	24793142	433	CT
1	24794172	1030	CA
1	24795953	867	TG
1	24802192	38	CT
1	24803168	509	CT
1	24803849	627	GA
1	24812232	1242	GA
1	24812488	256	CG
1	24813060	572	AG
1	24816438	1770	TC
1	24819080	1877	AG
1	24820172	1092	GT
1	24820536	364	GA
1	24820537	1	GT
1	24822681	1265	CT
1	24822792	111	CA
1	24824404	1260	CG
1	24824787	321	GA
1	24825886	547	GA
1	24826408	522	AG
1	24828808	252	TC
1	24828884	76	TG
1	24829048	164	GA
1	24829247	199	TC
1	24829264	17	AG
1	24829340	76	GA
1	24830923	617	AG
1	24831193	121	TC
1	24831439	246	TG
1	24833037	1271	TC
1	24836645	1636	TC
1	24839699	1706	GA
1	24840498	598	GA
1	24846123	2054	CT
1	24846272	149	GA
1	24846971	699	TC
1	24847019	48	GA
1	24848461	811	CT
1	24850985	1200	CG
1	24851888	903	GT
1	24852139	251	TC
1	24852896	470	CT
1	24859343	1170	GC
1	24863486	356	CA
1	24863513	27	AG
1	24863916	262	CT
1	24864345	429	TA
1	24864890	522	TA
1	24878789	2551	GC
1	24879771	982	CT
1	24879780	9	TC
1	24880126	346	CT
1	24880334	208	AG
1	24880658	324	TG
1	24881226	568	TC
1	24881246	20	CG
1	24882328	899	GA
1	24884746	231	AC
1	24884910	164	TC
1	24885421	511	GC
1	24888063	1751	AC
1	24889435	1272	CA
1	24889464	29	TC
1	24889642	178	GT
1	24890273	480	GA
1	24894158	2888	GT
1	24894878	720	GC
1	24895089	211	CA
1	24897182	1749	GA
1	24897927	745	AG
1	24898364	437	GT
1	24899355	867	GT
1	24902453	3065	CA
1	24902704	251	AG
1	24907580	4377	CT
1	24908528	948	CT
1	24909258	730	CT
1	24909810	552	GC
1	24910768	789	TC
1	24910983	215	GA
1	24911056	73	CT
1	24911197	141	CT
1	24911353	156	CT
1	24911384	31	CT
1	24912058	674	CT
1	24912486	219	TC
1	24912613	127	GA
1	24912708	95	CA
1	24912710	2	CG
1	24914190	439	CG
1	24918020	599	AG
1	24918140	120	CT
1	25009999	8181	GA
1	25015022	3845	GA
1	25015037	15	CT
1	25015681	644	CT
1	25016745	1029	AG
1	25018569	1481	CG
1	25018598	29	GT
1	25018599	1	AT
1	25018709	110	AG
1	25019323	614	GA
1	25027494	5012	GC
1	25028163	669	AG
1	25031413	2949	TA
1	25036230	2959	GA
1	25038364	1387	TA
1	25039769	458	GA
1	25040098	329	GA
1	25040134	36	AG
1	25040142	8	AC
1	25040154	12	TA
1	25040157	3	TC
1	25040698	323	CT
1	25040737	39	CT
1	25042748	1349	GA
1	25055053	7719	GA
1	25060491	3908	AG
1	25067429	3495	TC
1	25075485	5395	CA
1	25075712	227	CG
1	25076785	1073	GA
1	25080493	3688	AC
1	25080901	408	CT
1	25082272	1315	TC
1	25085589	3317	CT
1	25088391	2510	CT
1	25089493	1030	GA
1	25089604	111	AG
1	25095444	4690	TC
1	25096704	1222	AG
1	25102747	5581	AG
1	25107274	1891	GC
1	25107429	155	GC
1	25115085	5740	CT
1	25115125	40	CT
1	25116513	817	GA
1	25120429	711	TC
1	25120971	542	AG
1	25136111	3139	AG
1	25138787	451	AC
1	25140225	494	GT
1	25148406	3511	AC
1	25150096	944	AG
1	25152660	1986	TC
1	25154492	946	GT
1	25162962	5788	GA
1	25170306	4517	GA
1	25184271	11316	AT
1	25185037	744	GA
1	25185191	154	TC
1	25185247	56	AG
1	25185953	382	CT
1	25186829	425	CT
1	25187967	750	TC
1	25187994	27	GA
1	25188201	207	GA
1	25188217	16	CT
1	25188671	168	CT
1	25188984	313	GA
1	25188997	13	CT
1	25189144	147	TC
1	25189238	94	AG
1	25189966	728	GC
1	25192262	2296	TC
1	25192446	184	GA
1	25193358	866	GA
1	25193912	265	CT
1	25193980	68	GA
1	25194042	62	GA
1	25194069	27	GA
1	25194071	2	GC
1	25194077	6	TC
1	25194090	13	GA
1	25194349	259	GA
1	25195784	1435	AG
1	25195935	151	GC
1	25196781	480	GC
1	25197507	726	CT
1	25197536	29	TC
1	25197579	43	AC
1	25197866	287	CT
1	25198367	501	GA
1	25199426	760	CG
1	25199534	108	AG
1	25199677	143	TC
1	25199802	125	CT
1	25200335	380	CT
1	25200458	123	CT
1	25200467	9	GT
1	25200544	77	CG
1	25200669	125	CT
1	25200714	45	AG
1	25200984	270	AG
1	25201117	133	CT
1	25201302	185	CT
1	25201321	19	GC
1	25201542	221	CA
1	25201712	170	CT
1	25201893	181	CT
1	25202039	146	AG
1	25202054	15	TC
1	25203037	983	CT
1	25214326	7664	CT
1	25215450	196	CT
1	25215905	455	CT
1	25216352	447	CT
1	25219114	1628	AT
1	25219643	529	GA
1	25219902	55	CA
1	25220443	541	CG
1	25220741	298	CT
1	25221080	339	TC
1	25221082	2	TC
1	25221572	490	GC
1	25221697	125	AT
1	25222881	823	AG
1	25222999	118	TC
1	25223170	171	CT
1	25223192	22	GA
1	25223197	5	CT
1	25223204	7	CG
1	25223312	108	AG
1	25223482	170	TC
1	25224677	417	GA
1	25224680	3	GA
1	25224938	258	CA
1	25225504	566	GT
1	25231080	3852	CG
1	25231105	25	TC
1	25235508	3314	CT
1	25235856	262	GT
1	25238062	1680	CG
1	25238113	51	CT
1	25238141	28	GA
1	25239536	1395	TC
1	25246075	2711	GA
1	25247130	1055	CT
1	25252100	3230	GC
1	25253454	1027	GT
1	25254035	581	GA
1	25254071	36	CT
1	25255105	456	TC
1	25255210	105	CT
1	25255240	30	AT
1	25255658	389	CT
1	25255678	20	GA
1	25256046	368	TC
1	25256590	544	TC
1	25257247	657	TG
1	25257274	27	TC
1	25257712	438	GA
1	25258306	594	AG
1	25258454	148	GA
1	25258497	43	AG
1	25258909	412	CT
1	25258999	90	AG
1	25259084	85	GC
1	25259115	31	GC
1	25259184	69	TA
1	25259225	41	GA
1	25259470	124	CT
1	25259960	180	GA
1	25259970	10	GA
1	25260037	67	AG
1	25260039	2	GA
1	25260129	90	GA
1	25260720	275	GC
1	25260722	2	CA
1	25260828	106	CT
1	25260849	21	GT
1	25260904	55	GA
1	25260915	11	CA
1	25261920	304	AG
1	25261926	6	CT
1	25261942	16	TC
1	25261957	15	GC
1	25261972	15	CA
1	25262783	279	AG
1	25262807	24	GA
1	25262889	82	CT
1	25262933	44	GC
1	25263596	200	CT
1	25265383	711	TC
1	25265419	36	GA
1	25265460	41	AG
1	25265587	127	GA
1	25265637	50	GA
1	25266887	830	TC
1	25266994	107	AT
1	25267894	146	TC
1	25268218	132	AG
1	25268332	114	GC
1	25268450	118	CG
1	25268536	86	GA
1	25273939	4084	GT
1	25277623	3296	TC
1	25282963	3086	GA
1	25283500	515	GA
1	25284920	1126	AG
1	25286195	828	CT
1	25287146	951	GT
1	25293494	3449	AC
1	25294015	521	CT
1	25294548	478	GA
1	25296299	1355	GC
1	25296556	257	AC
1	25296913	315	CG
1	25311572	10835	AG
1	25312761	1189	GA
1	25315225	2334	GA
1	25316375	1067	CT
1	25318049	878	GT
1	25324673	2974	CA
1	25324711	38	GA
1	25326180	1048	GC
1	25336645	4646	GA
1	25340430	3756	TG
1	25341896	901	GA
1	25342783	488	CT
1	25344493	1710	CT
1	25346645	1861	CA
1	25347563	637	GC
1	25351851	3271	GA
1	25355421	2812	CT
1	25355515	94	TG
1	25357180	946	TC
1	25357449	269	CG
1	25357494	45	TC
1	25357507	13	GC
1	25380383	3712	CT
1	25380386	3	AT
1	25382720	1691	TC
1	25382868	148	CG
1	25383365	497	TC
1	25385170	1036	AG
1	25387167	938	GA
1	25387200	33	GC
1	25387746	546	CT
1	25387884	138	AG
1	25388019	135	GA
1	25388020	1	AC
1	25388114	94	TG
1	25388315	201	CT
1	25388679	364	CA
1	25388725	46	AG
1	25389074	349	CT
1	25389107	33	CG
1	25389951	255	GA
1	25390063	112	CG
1	25392466	1968	CT
1	25392919	170	TC
1	25394400	669	GA
1	25395563	873	AG
1	25396745	710	TC
1	25396952	207	GA
1	25397102	150	AT
1	25397155	53	AG
1	25400997	267	GC
1	25401675	650	CG
1	25401690	15	CT
1	25401960	270	TC
1	25403115	725	TC
1	25404248	924	GA
1	25404337	89	GA
1	25405036	699	GA
1	25414832	6243	TG
1	25415490	658	CG
1	25415631	141	GT
1	25416534	903	GC
1	25416787	253	GA
1	25420040	2358	CT
1	25420463	402	CA
1	25420596	49	GC
1	25423350	2393	TC
1	25423927	577	CT
1	25423955	28	TC
1	25424428	473	CT
1	25425317	889	AT
1	25425495	178	AG
1	25427135	1321	GC
1	25427555	420	TA
1	25432019	597	GT
1	25432377	358	CT
1	25432491	114	CT
1	25432603	112	TC
1	25433067	127	TC
1	25433230	163	TC
1	25433562	332	GA
1	25434871	1309	CA
1	25438400	3502	TC
1	25438441	41	GA
1	25439057	616	TC
1	25439346	289	CT
1	25439527	181	AG
1	25439534	7	TA
1	25439805	271	CT
1	25450013	1891	GA
1	25450279	226	TC
1	25450330	51	CT
1	25450612	219	GA
1	25450632	20	AC
1	25450954	322	CT
1	25450957	3	TA
1	25451108	151	AC
1	25452116	1008	TC
1	25452163	47	TG
1	25452261	98	TC
1	25452414	153	CT
1	25452575	161	AG
1	25452698	123	TC
1	25452717	19	TG
1	25452994	277	TC
1	25453082	88	GC
1	25453692	610	GA
1	25453744	52	TC
1	25454549	562	AC
1	25469061	7815	TG
1	25471474	2244	GA
1	25471832	358	TG
1	25472980	479	CT
1	25473012	32	GC
1	25473051	39	TA
1	25473161	110	GA
1	25473300	139	AG
1	25473346	46	AC
1	25473390	44	AC
1	25473742	103	GT
1	25474291	210	AG
1	25474304	13	TC
1	25474427	123	AC
1	25474477	50	AG
1	25474484	7	CA
1	25474947	463	TC
1	25476254	931	CG
1	25501760	6669	CG
1	25504789	2022	AC
1	25507902	2057	CT
1	25516076	2333	AG
1	25523765	4345	AT
1	25523914	149	GA
1	25523941	27	CA
1	25525236	1295	TA
1	25525327	91	TC
1	25528913	691	TC
1	25528926	13	AG
1	25529003	77	CA
1	25529023	20	GA
1	25529029	6	CA
1	25529820	259	GA
1	25529830	10	TC
1	25529927	97	AC
1	25529975	48	CT
1	25529986	11	CT
1	25529994	8	GT
1	25530037	43	TA
1	25530038	1	CA
1	25530046	8	TA
1	25530062	16	AG
1	25530192	130	GA
1	25530755	158	GA
1	25530772	17	TG
1	25530805	33	GA
1	25531085	34	CG
1	25534758	693	AG
1	25535971	503	CT
1	25537329	740	CT
1	25537343	14	GA
1	25537418	75	CT
1	25538784	799	CT
1	25539320	350	TA
1	25539416	96	GA
1	25539588	172	AG
1	25539619	31	CA
1	25539642	23	CT
1	25539787	145	TC
1	25539822	35	AG
1	25539886	64	CT
1	25539912	26	GA
1	25540089	177	TG
1	25540685	372	AC
1	25541185	500	GA
1	25541261	76	GC
1	25541271	10	TG
1	25541990	312	TC
1	25542055	65	AG
1	25544610	237	AG
1	25547252	436	GA
1	25547387	135	TG
1	25547619	232	CT
1	25549452	1376	GA
1	25549631	179	TA
1	25550084	130	GC
1	25550129	45	CT
1	25550322	193	TC
1	25550323	1	GA
1	25550392	69	AG
1	25550768	376	CT
1	25552713	208	AG
1	25552717	4	CT
1	25552735	18	CT
1	25552756	21	CT
1	25552784	28	GA
1	25552960	176	CT
1	25553053	93	AT
1	25553054	1	CA
1	25553141	87	AG
1	25553185	44	TC
1	25553253	68	CG
1	25553877	462	TC
1	25556080	376	CT
1	25556437	303	TG
1	25556596	159	CT
1	25557497	515	TC
1	25557970	325	GA
1	25558135	165	GT
1	25558210	75	AG
1	25558309	99	TC
1	25558889	143	CT
1	25560107	713	CT
1	25560256	149	TG
1	25560550	253	TC
1	25560648	98	CT
1	25562045	824	CT
1	25562220	175	CT
1	25562819	266	CT
1	25563021	202	CG
1	25563742	311	TC
1	25565070	577	TC
1	25565200	130	TC
1	25566783	1309	AG
1	25567555	395	AG
1	25567583	28	TA
1	25569186	289	GT
1	25569438	209	TC
1	25569865	427	TA
1	25573477	2604	AG
1	25574060	498	CT
1	25574319	259	GA
1	25574322	3	AG
1	25574552	230	CG
1	25574558	6	GA
1	25574575	17	GA
1	25575335	208	TC
1	25576959	918	GA
1	25577221	262	AG
1	25577608	65	AG
1	25577655	47	AG
1	25578384	202	CG
1	25581000	376	TC
1	25581831	556	GA
1	25581973	142	CT
1	25582587	170	GA
1	25582855	268	CT
1	25583232	377	TC
1	25583240	8	AC
1	25583714	474	CT
1	25586545	2262	AT
1	25586720	175	GA
1	25598033	2437	GA
1	25598606	303	CT
1	25601307	2133	GA
1	25602173	449	TC
1	25604362	1153	TA
1	25604363	1	CA
1	25605932	1371	CT
1	25608581	2285	CT
1	25608718	137	GA
1	25610607	1332	GC
1	25616465	3392	CT
1	25622067	2389	TC
1	25622265	198	GA
1	25622410	145	TA
1	25622467	57	GA
1	25622890	423	TC
1	25622942	52	AG
1	25623024	82	CG
1	25623044	20	TC
1	25623720	220	TA
1	25625650	1012	CA
1	25625997	347	CT
1	25627332	1115	AC
1	25627974	642	AG
1	25628621	620	TC
1	25628880	259	TC
1	25629069	189	CT
1	25630657	1413	TA
1	25630809	152	TA
1	25630832	23	CT
1	25630976	144	TC
1	25631078	102	AG
1	25631174	96	AG
1	25631316	142	AG
1	25631800	443	TC
1	25631998	198	AT
1	25632137	139	GA
1	25632374	237	TC
1	25632415	41	CA
1	25632423	8	GA
1	25632527	104	CT
1	25633275	748	AG
1	25633417	142	CG
1	25633573	156	TC
1	25633588	15	TC
1	25634410	822	GA
1	25634557	147	TC
1	25636591	986	TC
1	25636983	392	GA
1	25637228	245	CT
1	25637242	14	CG
1	25637249	7	AG
1	25637271	22	TC
1	25637417	146	CT
1	25637421	4	CA
1	25637865	92	GA
1	25641123	680	CT
1	25641132	9	TC
1	25641731	552	AT
1	25645000	2308	TC
1	25645068	68	TC
1	25645634	315	CT
1	25646677	806	GA
1	25650022	2420	TC
1	25651376	261	GA
1	25651861	485	AT
1	25651885	24	GA
1	25652135	250	CT
1	25652316	181	GA
1	25653633	315	AG
1	25653648	15	TC
1	25653708	60	TC
1	25653751	43	AG
1	25653798	47	CT
1	25653931	133	CT
1	25654045	114	CA
1	25654119	74	TA
1	25654228	109	CT
1	25654270	42	AG
1	25654427	157	CG
1	25654714	287	AC
1	25654742	28	TA
1	25654934	192	AC
1	25655483	311	CT
1	25655486	3	GA
1	25655519	33	CT
1	25656265	746	CT
1	25656351	86	AT
1	25656425	74	CA
1	25656450	25	GA
1	25656532	48	GA
1	25656552	20	TC
1	25656662	110	AT
1	25656694	32	AC
1	25657062	368	CT
1	25657157	95	GA
1	25657312	155	CT
1	25657440	128	AC
1	25657830	390	TC
1	25657967	137	GA
1	25658021	54	GA
1	25658118	97	AG
1	25658206	88	GT
1	25658386	180	CT
1	25659505	472	TA
1	25659549	44	GA
1	25659638	89	TA
1	25667714	6280	TA
1	25667747	33	AG
1	25667811	64	TG
1	25668357	546	TC
1	25673004	2569	GA
1	25674719	699	TC
1	25674744	25	CT
1	25675365	621	AG
1	25675396	31	AG
1	25675522	126	GT
1	25675540	18	GA
1	25675873	333	GA
1	25676369	496	CT
1	25676699	173	TC
1	25678997	420	TG
1	25679722	560	AT
1	25680337	214	AG
1	25680722	385	CT
1	25681263	215	TA
1	25681460	197	AT
1	25681562	102	CT
1	25681570	8	CT
1	25681874	304	TC
1	25682032	158	GA
1	25682445	93	CT
1	25683916	764	AG
1	25683964	48	AG
1	25683979	15	TC
1	25684005	26	TG
1	25684208	164	GC
1	25684257	49	CG
1	25684279	22	TA
1	25684299	20	TA
1	25684447	148	CT
1	25693308	2582	TC
1	25696187	754	TC
1	25696322	135	AT
1	25697252	545	CT
1	25697802	550	AG
1	25699157	765	GA
1	25700283	315	AG
1	25700351	68	AC
1	25700458	107	GA
1	25701308	850	AT
1	25701371	63	CT
1	25701481	110	GA
1	25701639	158	GA
1	25702387	305	TC
1	25702388	1	GA
1	25706357	1332	AG
1	25708938	2378	CA
1	25709804	316	CG
1	25723801	4269	CG
1	25726834	2020	AT
1	25728202	705	CT
1	25729699	982	CT
1	25729821	122	AG
1	25729874	53	GA
1	25730184	310	GA
1	25730366	182	AC
1	25730611	245	AC
1	25737436	2942	TC
1	25740161	2633	TC
1	25742468	2234	AG
1	25742701	233	CT
1	25742882	181	AG
1	25743222	340	AG
1	25743404	182	GA
1	25745881	2477	TC
1	25745891	10	TC
1	25750825	4361	CA
1	25750869	44	GA
1	25750891	22	CT
1	25751554	646	CG
1	25751608	54	GA
1	25758578	5816	GA
1	25758587	9	CT
1	25758898	311	TC
1	25758992	94	TG
1	25761365	2231	CA
1	25761854	489	GA
1	25761869	15	GA
1	25762331	130	AG
1	25762424	93	AT
1	25763374	764	AC
1	25763900	526	GA
1	25763933	33	CT
1	25768812	2576	GC
1	25769212	400	TC
1	25769229	17	GA
1	25769889	363	CA
1	25770347	458	TG
1	25770553	206	GA
1	25774026	2627	AG
1	25775452	727	AG
1	25776817	1365	CT
1	25778095	949	TA
1	25778103	8	TC
1	25779226	785	GA
1	25780027	539	GA
1	25780219	192	GT
1	25782008	873	CT
1	25785864	1588	TC
1	25786385	172	GC
1	25787850	512	AC
1	25791527	1294	CT
1	25792864	931	CG
1	25798538	2481	TC
1	25799552	702	GA
1	25799554	2	GA
1	25800769	274	GA
1	25801956	944	TA
1	25802117	161	AG
1	25802249	132	CT
1	25802877	141	AG
1	25803532	518	GA
1	25803535	3	TG
1	25803598	63	GA
1	25803619	21	AG
1	25803628	9	GA
1	25803739	111	GA
1	25803955	53	TG
1	25804045	90	AG
1	25804510	207	AG
1	25805482	599	GA
1	25806086	397	TG
1	25806114	28	CT
1	25806296	182	TC
1	25806526	230	TC
1	25806735	209	TC
1	25807304	237	CT
1	25811885	527	TC
1	25812246	71	GA
1	25812738	387	CT
1	25815118	1136	CT
1	25816091	823	GT
1	25816675	584	CA
1	25816681	6	GA
1	25816718	37	AG
1	25816817	99	TA
1	25818153	1041	GC
1	25818834	371	GA
1	25818929	95	TC
1	25819661	732	TA
1	25824323	2562	TC
1	25832621	632	GC
1	25832624	3	GA
1	25841832	3674	GA
1	25842034	130	CT
1	25843360	623	GA
1	25843381	21	TC
1	25844755	825	AG
1	25847470	2098	GT
1	25847819	349	GA
1	25854381	3588	CT
1	25854820	439	GA
1	25866162	6126	CT
1	25871201	1148	CA
1	25877039	2893	AC
1	25878231	822	GC
1	25879573	1342	CA
1	25880453	805	TA
1	25880491	38	CG
1	25888249	3523	AG
1	25888695	110	AG
1	25888849	154	GC
1	25888872	23	AG
1	25888905	33	AG
1	25905913	3246	CT
1	25909961	1055	CT
1	25910106	145	CT
1	25910678	572	TC
1	25911730	653	CA
1	25912006	232	CT
1	25915765	203	TA
1	25917141	608	AT
1	25917142	1	AC
1	25919540	197	CA
1	25920987	435	TC
1	25922199	654	TG
1	25922738	539	GC
1	25922973	235	AG
1	25923433	460	CG
1	25926717	1054	AG
1	25926782	65	GA
1	25926855	73	AG
1	25926893	38	AG
1	25926896	3	GT
1	25927732	562	AC
1	25927908	176	CA
1	25928101	193	GT
1	25928588	213	AG
1	25929482	894	AG
1	25929859	377	AG
1	25930728	869	GA
1	25931206	478	AC
1	25935237	3551	GA
1	25935524	287	CT
1	25935805	117	TC
1	25938772	2967	GA
1	25938786	14	TC
1	25938809	23	TG
1	25938886	77	GA
1	25939091	205	AG
1	25939209	118	GA
1	25940276	677	AG
1	25940981	579	TA
1	25941055	74	AG
1	25942407	816	AC
1	25943870	1394	AG
1	25945042	789	AT
1	25945115	73	CT
1	25948105	1871	GA
1	25948112	7	AG
1	25948583	471	GA
1	25957327	4983	CA
1	25959308	989	CG
1	25959392	84	TC
1	25977489	1955	CT
1	25978715	489	TC
1	25979018	129	CT
1	25979074	56	GA
1	25979161	87	GT
1	25979166	5	TG
1	25979317	151	AG
1	25979547	230	GA
1	25979810	263	AG
1	25979935	125	AG
1	25981458	900	AT
1	25981833	375	CT
1	25982106	273	CT
1	25983536	331	AT
1	25983656	120	GA
1	25984210	226	AC
1	25985317	570	AG
1	25985386	69	CT
1	25985536	150	CG
1	25985605	69	GA
1	25985633	28	TC
1	25989042	54	AG
1	25989810	214	CT
1	25995432	2788	AG
1	25997092	1129	GA
1	25997301	209	AG
1	25998593	968	CG
1	26000930	2096	TC
1	26010068	4998	CA
1	26011478	1380	CT
1	26011492	14	TC
1	26011606	114	GA
1	26011669	63	TC
1	26011734	65	GA
1	26011744	10	CT
1	26011891	147	TA
1	26011966	75	CT
1	26012052	86	AT
1	26012204	60	GA
1	26012625	421	GC
1	26012700	75	CA
1	26012702	2	AG
1	26014559	1036	TC
1	26015313	503	AG
1	26015425	81	GT
1	26015680	255	CT
1	26015691	11	AG
1	26015692	1	TC
1	26016380	476	AG
1	26016441	61	CT
1	26016492	51	CT
1	26016719	227	TC
1	26016730	11	GA
1	26017077	45	TA
1	26017143	66	AG
1	26017180	37	AG
1	26017223	43	TG
1	26018542	695	CT
1	26020740	1790	GT
1	26021047	307	CT
1	26021552	505	GA
1	26021621	69	TC
1	26021842	221	AG
1	26022291	449	CT
1	26022365	74	CG
1	26022383	18	CG
1	26022500	117	GA
1	26022509	9	TG
1	26022525	16	GA
1	26022536	11	CG
1	26022611	75	CT
1	26022765	154	CG
1	26022789	24	GA
1	26023031	242	TC
1	26023066	35	GA
1	26023139	73	AG
1	26023240	101	GA
1	26023488	248	TG
1	26023851	312	AG
1	26023862	11	GA
1	26023918	56	CT
1	26023986	68	TA
1	26024420	434	CT
1	26025144	429	GA
1	26025254	110	CT
1	26025372	118	GA
1	26025836	261	TA
1	26026214	156	GA
1	26026303	89	AG
1	26026731	109	AG
1	26027031	300	AG
1	26028372	708	GT
1	26029039	667	CT
1	26029131	92	CT
1	26029243	112	GA
1	26029315	72	AG
1	26029472	157	CA
1	26029484	12	TC
1	26029881	361	TG
1	26029960	79	GC
1	26030212	252	TC
1	26030665	453	AG
1	26030784	119	GA
1	26030811	27	GA
1	26030854	43	TC
1	26030950	96	GA
1	26031476	526	CA
1	26032145	669	AG
1	26032501	356	AT
1	26032649	148	TC
1	26033755	1106	CG
1	26036694	1679	AG
1	26037117	423	AG
1	26037714	597	AG
1	26038254	540	GT
1	26039197	467	CG
1	26039328	131	TC
1	26039954	395	CT
1	26040094	140	TC
1	26040143	49	GA
1	26040215	72	AC
1	26041660	210	CG
1	26041992	93	CT
1	26043791	1799	AG
1	26043874	83	GA
1	26044161	287	TC
1	26044871	710	AG
1	26044894	23	AG
1	26044946	52	GA
1	26045013	67	AG
1	26047311	1216	AG
1	26047567	49	TC
1	26047573	6	AT
1	26048712	933	TC
1	26054084	2619	AG
1	26054475	391	GA
1	26057326	2036	TC
1	26058116	790	AC
1	26058268	152	TC
1	26060225	1773	AG
1	26060903	678	CT
1	26060920	17	AG
1	26065047	1636	CG
1	26067674	2057	AG
1	26071673	2832	GA
1	26073008	661	CT
1	26074027	374	AG
1	26074078	51	TC
1	26076949	1634	AG
1	26080769	1986	GA
1	26080789	20	TA
1	26083444	1698	AG
1	26083549	105	TC
1	26084403	350	CA
1	26084516	113	AC
1	26084519	3	GA
1	26084693	174	CT
1	26084813	120	CG
1	26085007	194	AG
1	26087517	1322	GA
1	26087528	11	TG
1	26087781	253	GT
1	26087828	47	GA
1	26087903	75	AC
1	26087929	26	TC
1	26087957	28	TC
1	26088616	344	TG
1	26088830	214	GA
1	26088831	1	AC
1	26088919	88	TC
1	26094508	4573	GA
1	26095446	938	CT
1	26105326	1341	TC
1	26106684	187	CA
1	26106735	51	AG
1	26107374	165	CT
1	26108177	293	AC
1	26113575	998	TC
1	26113606	31	TC
1	26118981	597	CT
1	26119394	165	GT
1	26119399	5	GT
1	26119667	268	TC
1	26119944	277	CT
1	26120003	59	AG
1	26120052	49	GA
1	26120068	16	CT
1	26120080	12	GC
1	26120114	34	CT
1	26120160	46	AG
1	26121001	698	TC
1	26121060	59	AG
1	26121271	211	TC
1	26121390	119	GA
1	26121589	199	GA
1	26121785	56	GA
1	26122383	598	AG
1	26122386	3	CG
1	26122669	283	TC
1	26123504	666	TC
1	26123613	75	TC
1	26124033	99	GA
1	26124828	795	CT
1	26127891	2686	TC
1	26128823	586	CT
1	26129289	155	CT
1	26130699	355	TC
1	26137170	245	CT
1	26137274	104	AG
1	26137344	70	AG
1	26137385	41	CT
1	26137462	77	TC
1	26138535	356	TC
1	26139042	470	AG
1	26140167	401	CA
1	26141028	861	AT
1	26142932	942	TC
1	26143284	125	CG
1	26143413	129	TG
1	26143513	100	TC
1	26146541	255	CA
1	26146554	13	GA
1	26146555	1	TC
1	26146667	112	CT
1	26146677	10	AC
1	26146683	6	TA
1	26147047	21	GA
1	26147158	111	AG
1	26147161	3	GA
1	26153401	505	CT
1	26153402	1	AG
1	26154003	27	AG
1	26154464	238	CG
1	26154552	88	CT
1	26154745	193	GA
1	26155664	744	TC
1	26159868	2053	CT
1	26161978	1753	CT
1	26162506	528	TA
1	26162802	296	CT
1	26163110	308	TC
1	26164929	1819	TC
1	26170775	291	TA
1	26173148	293	CG
1	26173353	205	CT
1	26173407	54	GA
1	26173429	22	TA
1	26173436	7	GC
1	26175932	1088	GT
1	26177005	439	TC
1	26178347	1192	CA
1	26178363	16	GC
1	26181055	2440	GT
1	26182689	1590	AG
1	26185100	2142	CT
1	26186314	1133	GA
1	26186467	153	GC
1	26186517	50	TC
1	26186588	71	CA
1	26186731	143	AT
1	26186747	16	AG
1	26186833	86	AG
1	26187141	308	AC
1	26187336	158	AG
1	26187611	275	CT
1	26187681	70	TC
1	26187703	22	AG
1	26189462	886	AG
1	26189502	40	CG
1	26189550	48	AG
1	26189614	64	TC
1	26190202	588	CT
1	26191106	577	TC
1	26193859	2047	TC
1	26196159	1725	CT
1	26196534	294	GC
1	26196556	22	AC
1	26196949	352	AG
1	26197032	83	AG
1	26197264	232	GC
1	26197270	6	CT
1	26197423	153	CT
1	26197433	10	TC
1	26198574	1141	CT
1	26201331	2597	AG
1	26202504	1132	TC
1	26204591	1749	GA
1	26206112	1250	AG
1	26208016	1279	CT
1	26208089	73	AC
1	26208378	289	CT
1	26208896	518	AG
1	26209614	718	GT
1	26209752	138	CT
1	26210607	822	TA
1	26210638	31	GA
1	26210641	3	GA
1	26210940	299	AG
1	26210996	56	TC
1	26211739	568	TA
1	26211975	236	AG
1	26211987	12	GA
1	26212019	32	TG
1	26212023	4	GT
1	26212025	2	AC
1	26212028	3	AG
1	26212954	792	TC
1	26213355	401	CT
1	26213359	4	CG
1	26213902	324	TC
1	26213903	1	GA
1	26214032	129	TG
1	26214036	4	TG
1	26214196	160	AG
1	26214443	247	GT
1	26214475	32	CG
1	26214660	185	GC
1	26217073	1882	CT
1	26217926	683	AT
1	26219609	1522	GA
1	26219768	159	CA
1	26220689	770	TC
1	26220728	39	TA
1	26221320	592	CT
1	26221364	44	TC
1	26221374	10	AT
1	26221414	40	CT
1	26221507	93	CT
1	26221620	113	TC
1	26221795	175	CT
1	26221976	181	TC
1	26221978	2	TC
1	26222210	232	GT
1	26224359	1329	CT
1	26224388	29	GA
1	26224598	124	TA
1	26224810	212	AG
1	26224816	6	TC
1	26224844	28	TC
1	26224891	47	TC
1	26225519	496	CT
1	26225575	56	CT
1	26225713	138	GA
1	26226334	496	GT
1	26226845	511	GA
1	26227203	358	GT
1	26227715	272	CG
1	26227841	126	TA
1	26228330	489	GA
1	26230746	2320	TA
1	26232152	515	CT
1	26232208	56	CT
1	26235041	1860	TA
1	26235808	767	GA
1	26236384	576	CT
1	26236744	181	GA
1	26237174	356	AG
1	26240874	3212	AG
1	26243206	1099	TC
1	26243242	36	GC
1	26244354	379	TA
1	26244434	80	TC
1	26244650	123	GC
1	26244728	78	GA
1	26245400	631	GA
1	26245597	197	AG
1	26247118	893	TG
1	26247163	45	TC
1	26247696	533	AT
1	26248530	834	GT
1	26248715	185	CG
1	26248789	74	AG
1	26248856	67	TG
1	26251669	1820	GT
1	26252561	872	AG
1	26253404	843	TG
1	26253551	147	TC
1	26253588	37	TC
1	26254121	533	TC
1	26254530	95	TC
1	26254646	116	TC
1	26255039	393	CT
1	26255283	244	GC
1	26258463	2157	TA
1	26261414	2346	TG
1	26261536	122	GA
1	26261814	240	AT
1	26262107	293	TG
1	26262188	81	TC
1	26262577	389	GA
1	26263037	460	CT
1	26263041	4	GC
1	26267038	2654	AT
1	26270531	1216	AG
1	26270884	298	TC
1	26270888	4	CT
1	26270902	14	AG
1	26270916	14	TC
1	26281026	3892	AG
1	26283282	1513	GA
1	26287809	3031	GA
1	26288717	792	GC
1	26289004	287	TC
1	26289355	67	AG
1	26289567	212	GA
1	26290092	525	AT
1	26290276	184	CT
1	26291401	610	AT
1	26291499	98	GA
1	26294975	729	CT
1	26295004	29	TC
1	26295071	67	AC
1	26295176	105	GC
1	26295310	134	CT
1	26295312	2	TC
1	26295690	87	GA
1	26295753	63	TG
1	26295760	7	GT
1	26295806	46	GA
1	26295833	27	TC
1	26295902	69	GA
1	26309690	5526	AG
1	26309807	117	TC
1	26309817	10	TA
1	26311078	615	GA
1	26311677	209	GT
1	26311710	33	AG
1	26311770	60	TC
1	26312300	530	AG
1	26312420	120	GA
1	26312493	73	GA
1	26312615	122	CA
1	26312868	253	TC
1	26313310	143	TC
1	26313362	52	TC
1	26314147	462	TG
1	26314280	133	GA
1	26314307	27	TG
1	26314618	311	AG
1	26314730	112	GA
1	26314839	109	GA
1	26314854	15	AT
1	26314865	11	CT
1	26314869	4	GA
1	26315011	142	TC
1	26315075	64	TG
1	26315202	127	CT
1	26315762	560	CG
1	26316501	739	CA
1	26316505	4	GT
1	26317341	290	TC
1	26317987	646	AG
1	26318289	302	AG
1	26318810	521	TA
1	26318964	154	AG
1	26318966	2	GA
1	26321271	2196	GA
1	26321867	596	CT
1	26323253	443	TG
1	26323392	139	AG
1	26323421	29	GA
1	26323571	84	CA
1	26325577	1723	AG
1	26325582	5	CT
1	26327676	1767	AG
1	26328368	692	CT
1	26330254	1463	GT
1	26330453	199	GA
1	26330577	124	CT
1	26330794	131	TC
1	26330887	93	CT
1	26331117	230	TC
1	26331345	228	GC
1	26331346	1	CT
1	26331744	398	TC
1	26332325	581	AG
1	26332894	569	AG
1	26332936	42	AG
1	26333003	67	TG
1	26333012	9	AT
1	26333520	304	TC
1	26333548	28	TC
1	26333756	208	TC
1	26333888	132	CG
1	26334112	224	GA
1	26334124	12	GT
1	26334480	215	CT
1	26334644	164	GA
1	26335523	879	TG
1	26335544	21	TC
1	26335755	148	GA
1	26335858	103	AG
1	26336219	361	TG
1	26336344	125	TC
1	26336394	50	GA
1	26336630	236	CT
1	26336693	63	TC
1	26336763	70	TG
1	26336764	1	TG
1	26336838	74	AG
1	26336901	63	AG
1	26336914	13	AG
1	26337188	274	TA
1	26338111	896	CA
1	26338776	580	TC
1	26338889	113	TC
1	26341709	2139	TC
1	26341710	1	GA
1	26342230	411	TC
1	26342417	187	TC
1	26342491	74	GC
1	26342721	230	TA
1	26342993	272	GA
1	26343221	228	CG
1	26343402	181	CT
1	26343998	596	CT
1	26344062	64	GA
1	26344134	72	GA
1	26344527	91	TC
1	26344663	136	TG
1	26346864	983	TC
1	26347937	1073	AC
1	26348401	434	GA
1	26350702	2230	TC
1	26351582	703	GA
1	26351773	191	GC
1	26351774	1	GT
1	26351808	34	AG
1	26378921	20912	TC
1	26379040	21	CA
1	26379220	180	AG
1	26379625	202	TC
1	26379644	19	AT
1	26379738	94	TG
1	26380279	541	CT
1	26380563	284	CG
1	26380583	20	CA
1	26380597	14	GA
1	26380726	129	CG
1	26381030	304	TC
1	26381580	312	GA
1	26381878	298	GA
1	26381998	120	TC
1	26382647	586	TC
1	26382673	26	GA
1	26383340	667	GA
1	26383388	48	GA
1	26383876	488	TC
1	26384321	445	GA
1	26384341	20	TC
1	26387059	423	AG
1	26388428	1125	TC
1	26391562	1592	TA
1	26391763	201	GT
1	26391771	8	CA
1	26391941	170	TG
1	26392050	109	TC
1	26392114	64	AG
1	26392513	399	AC
1	26392537	24	AG
1	26392553	16	GC
1	26392768	185	GA
1	26393573	776	GC
1	26393851	278	CT
1	26393864	13	GA
1	26394120	256	CT
1	26394197	77	TC
1	26394226	29	CT
1	26394349	123	AG
1	26394541	192	CT
1	26394954	413	CT
1	26394955	1	GA
1	26395133	178	GT
1	26395178	45	CA
1	26395212	34	AG
1	26396535	914	GA
1	26397309	561	CT
1	26408157	8997	CT
1	26410522	1718	AG
1	26410751	229	AG
1	26410789	38	GC
1	26411244	455	TC
1	26414206	1406	CT
1	26414368	162	TG
1	26414373	5	TC
1	26415323	612	GA
1	26415580	209	TA
1	26417428	1225	CT
1	26417434	6	CT
1	26417877	443	AG
1	26417879	2	GT
1	26417943	64	CA
1	26418259	278	CT
1	26418492	233	GC
1	26418673	181	TC
1	26418912	239	AG
1	26419167	255	GA
1	26420133	901	GA
1	26422487	1581	AG
1	26422734	247	GA
1	26423069	277	GA
1	26423090	21	AC
1	26423156	66	CA
1	26423231	75	AC
1	26423673	442	CT
1	26425793	1550	GA
1	26426032	239	AG
1	26426047	15	GA
1	26426283	236	AG
1	26426554	271	AT
1	26426597	43	GA
1	26426690	93	AG
1	26426729	39	AG
1	26432025	1969	TC
1	26435257	1280	GA
1	26435387	33	GA
1	26435972	585	AG
1	26436242	270	CT
1	26436449	207	AC
1	26436758	309	GA
1	26436763	5	AG
1	26436764	1	TG
1	26437311	263	GA
1	26437576	265	AG
1	26438091	515	GA
1	26438427	336	GA
1	26438485	58	CG
1	26438536	51	AG
1	26438704	168	CT
1	26438756	52	TC
1	26438857	101	AG
1	26438927	70	GT
1	26439500	300	GA
1	26441962	845	CT
1	26442665	280	TC
1	26442782	117	TC
1	26442808	26	GT
1	26442935	127	CT
1	26443069	134	CT
1	26443182	113	AC
1	26443329	147	AG
1	26443461	132	GA
1	26443482	21	GT
1	26443484	2	TC
1	26443674	190	AG
1	26443707	33	AG
1	26443719	12	TC
1	26443725	6	AT
1	26443834	109	CT
1	26444278	444	CA
1	26444506	228	TA
1	26444880	374	TA
1	26444881	1	CT
1	26444891	10	CA
1	26445030	139	TC
1	26447575	2196	AG
1	26447779	204	GA
1	26447819	40	TC
1	26450137	2131	AT
1	26451931	1203	GC
1	26453162	118	GA
1	26454389	1106	TC
1	26454589	200	CT
1	26454801	212	CG
1	26456646	1543	TC
1	26456674	28	TC
1	26456713	39	GC
1	26457372	659	CG
1	26457485	113	CA
1	26457589	104	GA
1	26457679	90	TC
1	26457741	62	GA
1	26457803	62	AC
1	26457816	13	GC
1	26457844	28	TC
1	26458022	178	GC
1	26458149	127	CT
1	26458281	132	AG
1	26458442	161	TG
1	26458650	208	GC
1	26458803	153	GA
1	26458811	8	AG
1	26458827	16	GA
1	26458961	134	AC
1	26459028	67	TC
1	26459319	291	CG
1	26460204	681	TC
1	26461193	638	TG
1	26484754	16996	CT
1	26489311	4063	GA
1	26489346	35	GA
1	26489357	11	GA
1	26489510	153	AG
1	26489635	125	GA
1	26490157	522	GA
1	26490246	89	GC
1	26490338	92	AG
1	26490811	473	CA
1	26491040	229	AC
1	26491215	175	AG
1	26491490	275	TG
1	26491542	52	GA
1	26491798	256	GA
1	26491907	109	GC
1	26492816	521	GA
1	26498325	803	CT
1	26500272	997	AG
1	26500475	203	CT
1	26500544	69	CG
1	26500957	413	AG
1	26504572	2909	TC
1	26505184	612	AG
1	26505241	57	CT
1	26505368	127	TC
1	26505376	8	GA
1	26506601	1156	GA
1	26506848	247	AG
1	26507113	265	GT
1	26507214	101	TC
1	26507276	62	CT
1	26507277	1	AG
1	26507696	419	TC
1	26508214	185	GA
1	26508360	146	GA
1	26508467	107	AG
1	26508688	221	CT
1	26509156	143	GA
1	26509246	90	AG
1	26509517	271	TC
1	26509544	27	AG
1	26509684	140	AG
1	26510144	126	AG
1	26510331	187	CT
1	26510618	287	CA
1	26510619	1	AG
1	26510643	24	GA
1	26510762	119	GT
1	26510772	10	GA
1	26511110	338	CA
1	26511853	743	AG
1	26512457	304	AG
1	26512616	159	CT
1	26513667	1020	AG
1	26514770	570	TC
1	26514774	4	CT
1	26514798	24	GA
1	26515033	195	GA
1	26515092	59	CT
1	26515133	41	TC
1	26515179	46	CA
1	26515220	41	CT
1	26515304	84	TC
1	26515375	71	CA
1	26515396	21	TC
1	26515398	2	CT
1	26515435	37	AG
1	26515868	119	TC
1	26515943	75	AG
1	26516222	279	AC
1	26516381	159	GC
1	26517073	484	CA
1	26517278	205	CA
1	26517295	17	CT
1	26517397	102	AG
1	26517559	162	GC
1	26517598	39	CT
1	26517653	55	AG
1	26517729	76	CT
1	26517771	42	AG
1	26517898	127	GA
1	26518946	686	CT
1	26519102	156	CA
1	26520775	1390	GA
1	26521284	509	AG
1	26521472	149	GC
1	26522640	987	CA
1	26522867	162	GA
1	26522910	43	GA
1	26522916	6	GA
1	26523207	291	CG
1	26523263	56	GT
1	26524136	788	TC
1	26524318	182	AG
1	26524337	19	TG
1	26526308	1344	CT
1	26529069	2412	TA
1	26529095	26	CG
1	26529098	3	TG
1	26529673	575	TC
1	26530473	321	TG
1	26530540	67	GC
1	26530659	119	AG
1	26530903	244	AG
1	26530916	13	TC
1	26530949	33	CG
1	26531016	67	AG
1	26531036	20	TC
1	26531053	17	CT
1	26531054	1	AG
1	26531081	27	TG
1	26531179	98	TG
1	26531186	7	GA
1	26531879	693	AG
1	26531967	88	GA
1	26532040	73	CT
1	26532076	36	CT
1	26532304	228	CT
1	26532382	78	CT
1	26532650	268	GA
1	26533087	437	TA
1	26533217	130	GA
1	26534434	866	TC
1	26534571	137	GA
1	26538452	2774	GA
1	26540168	1716	CT
1	26540537	369	TC
1	26540718	181	TC
1	26541032	314	GA
1	26541122	90	CA
1	26541331	209	AG
1	26542204	873	CA
1	26542533	329	AG
1	26543211	354	GA
1	26543217	6	TC
1	26543232	15	CT
1	26543788	556	CT
1	26544580	414	AC
1	26544791	211	TC
1	26545543	108	AC
1	26545613	70	GC
1	26546466	853	AG
1	26546819	353	AG
1	26547500	621	CG
1	26547686	186	CT
1	26548462	472	GC
1	26548807	345	GA
1	26548870	63	AG
1	26549368	156	TC
1	26549567	199	CA
1	26550070	180	CT
1	26550167	97	AG
1	26550627	181	CT
1	26550653	26	CT
1	26550747	94	CT
1	26550775	28	TC
1	26550861	86	CT
1	26551095	234	AG
1	26551471	376	GA
1	26555599	1380	AG
1	26556146	204	TG
1	26556178	32	CT
1	26557727	700	CT
1	26557731	4	GA
1	26557736	5	CT
1	26557753	17	CT
1	26557765	12	AT
1	26557768	3	AG
1	26557852	84	AG
1	26557937	85	CT
1	26558432	434	GA
1	26561976	1757	CA
1	26562392	378	AG
1	26563474	1082	TG
1	26564369	895	GA
1	26564495	126	GA
1	26565716	1186	CT
1	26565813	97	CT
1	26566103	290	AG
1	26567429	1326	GA
1	26567869	440	AG
1	26568182	313	GA
1	26568228	46	CG
1	26568553	325	AT
1	26568890	320	AG
1	26568993	103	GA
1	26569344	351	AG
1	26569351	7	AG
1	26569683	332	AG
1	26569705	22	GA
1	26569746	41	AG
1	26570016	233	AG
1	26570093	77	TG
1	26570256	163	AC
1	26572038	1194	GT
1	26572134	96	GA
1	26572191	57	CT
1	26572212	21	CT
1	26572275	63	AG
1	26572413	138	CT
1	26572850	139	CT
1	26572957	107	CG
1	26572997	40	CT
1	26573097	100	AG
1	26573376	279	AC
1	26574624	1041	TC
1	26574793	169	TC
1	26574979	138	TC
1	26575048	69	AG
1	26575103	55	GT
1	26575420	317	AG
1	26576857	1437	CT
1	26577792	935	GA
1	26578054	61	AT
1	26578105	51	TC
1	26578508	403	CT
1	26578509	1	TG
1	26578602	93	GA
1	26578641	39	GA
1	26578789	148	CT
1	26578880	91	TC
1	26579146	139	GT
1	26579332	186	GC
1	26580453	935	CT
1	26580749	296	CG
1	26580864	115	AG
1	26580974	110	GA
1	26581496	522	CT
1	26581949	453	AC
1	26582416	467	AT
1	26582877	222	CT
1	26587225	206	TG
1	26587381	156	CT
1	26587750	369	CA
1	26591902	3556	GT
1	26592884	958	GA
1	26594190	1306	AT
1	26595975	1785	CT
1	26597055	1080	AG
1	26598921	1764	TG
1	26600048	1127	GA
1	26615930	4443	TC
1	26615990	60	TG
1	26616584	594	CT
1	26616760	176	GT
1	26617315	236	TC
1	26617334	19	GC
1	26617634	300	AT
1	26618387	179	GA
1	26618409	22	CT
1	26618447	38	GC
1	26618458	11	GA
1	26618485	27	TC
1	26618728	243	TA
1	26620567	1543	CT
1	26620907	260	GC
1	26620913	6	CT
1	26621061	148	GT
1	26621468	382	GA
1	26621544	76	TC
1	26621680	136	CT
1	26622448	768	GA
1	26622514	66	GT
1	26622605	91	TA
1	26623069	464	GA
1	26623971	576	CT
1	26626162	963	GC
1	26628182	1673	AG
1	26629840	798	CT
1	26629873	33	CT
1	26630742	559	GC
1	26631295	553	AG
1	26631482	187	GA
1	26631587	105	GA
1	26631602	15	AG
1	26631604	2	AG
1	26631803	199	AG
1	26631965	162	CT
1	26632043	78	CT
1	26632138	95	GA
1	26632447	309	CA
1	26632927	480	TC
1	26633337	410	CG
1	26633598	137	TC
1	26633601	3	CT
1	26633646	45	AG
1	26633861	215	GA
1	26633894	33	TC
1	26634338	444	CA
1	26634344	6	CT
1	26634906	520	TC
1	26635024	118	TC
1	26635177	153	AG
1	26635452	275	GA
1	26635568	116	CA
1	26635672	104	AG
1	26635673	1	AG
1	26635845	172	TC
1	26636727	450	TC
1	26637152	148	TC
1	26638002	850	AG
1	26638507	284	GA
1	26638530	23	AG
1	26638576	46	CG
1	26638901	87	GA
1	26638907	6	AG
1	26638914	7	TC
1	26638934	20	CT
1	26639273	339	CA
1	26652544	1057	GC
1	26652791	247	CT
1	26653079	288	GA
1	26653553	474	CT
1	26653568	15	CT
1	26654266	257	TC
1	26654599	333	CT
1	26656846	479	GA
1	26656890	44	GC
1	26656911	21	TC
1	26656982	71	AG
1	26657184	202	TC
1	26657466	187	AT
1	26657476	10	CT
1	26657513	37	AC
1	26658184	671	CT
1	26658199	15	CT
1	26658272	73	CA
1	26658334	62	GA
1	26658387	53	CG
1	26658413	26	AG
1	26658431	18	AT
1	26658565	134	CG
1	26658577	12	TC
1	26658606	29	GC
1	26659849	1243	GT
1	26660034	185	GA
1	26661858	1331	TG
1	26662262	404	GA
1	26662525	263	AG
1	26662877	352	GA
1	26663122	245	TC
1	26663786	630	GA
1	26663963	177	CA
1	26665595	917	AG
1	26665834	239	CT
1	26668192	1426	CA
1	26668505	178	GA
1	26668867	74	AG
1	26670968	1230	AC
1	26671008	40	GA
1	26671634	626	GA
1	26671664	30	AT
1	26671729	65	CG
1	26671906	177	GC
1	26671991	85	TA
1	26672462	471	TA
1	26672638	176	GA
1	26673855	525	GA
1	26674004	149	AC
1	26674069	65	TA
1	26674120	51	GA
1	26674203	83	TC
1	26674371	97	AC
1	26675142	141	GC
1	26675153	11	CT
1	26675733	580	AG
1	26675793	60	GA
1	26676108	315	AG
1	26676735	368	AG
1	26676818	83	AC
1	26691448	1090	CT
1	26691684	236	TC
1	26692491	673	AG
1	26694877	1798	GA
1	26695206	329	GA
1	26695218	12	GA
1	26696553	1291	CT
1	26699130	2577	AG
1	26728933	6505	GA
1	26730256	647	AG
1	26746974	3564	CT
1	26749662	2374	TC
1	26751623	1435	GA
1	26754205	2582	TA
1	26754388	183	GA
1	26757503	1199	AG
1	26780751	6734	AC
1	26781119	368	TC
1	26781501	85	CT
1	26781528	27	GT
1	26782543	10	AG
1	26782586	43	CA
1	26782587	1	CG
1	26782601	14	AG
1	26783041	440	TG
1	26783089	48	GC
1	26783147	58	AC
1	26783282	135	AG
1	26783580	262	AG
1	26783605	25	TG
1	26784036	431	TA
1	26806712	940	TC
1	26816467	888	AG
1	26816548	81	GT
1	26821917	2954	CT
1	26823188	955	GT
1	26823207	19	AC
1	26823281	74	CT
1	26823356	75	CA
1	26823375	19	TC
1	26823697	322	GA
1	26823794	97	AG
1	26824361	251	GA
1	26824621	219	GA
1	26824932	311	CT
1	26824967	35	TC
1	26826326	765	AG
1	26826401	75	TC
1	26828291	375	CT
1	26837366	476	CT
1	26838081	715	CT
1	26838741	193	AG
1	26838782	41	GT
1	26838797	15	CT
1	26838808	11	AC
1	26838869	61	TC
1	26838921	52	CG
1	26838971	50	GA
1	26839271	276	GA
1	26839830	355	TC
1	26840291	137	GA
1	26840292	1	CG
1	26840308	16	AG
1	26840394	86	TC
1	26840634	240	AG
1	26841881	1247	GA
1	26846426	597	TG
1	26846552	126	CT
1	26853549	234	CT
1	26853697	148	TC
1	26855520	1401	TC
1	26859620	578	GA
1	26860439	686	TC
1	26860440	1	GA
1	26860443	3	GA
1	26860758	50	AG
1	26860867	109	CT
1	26867845	269	TC
1	26868966	208	CG
1	26869685	182	GA
1	26876538	966	GC
1	26879441	2738	GA
1	26883723	3348	CT
1	26885603	1636	GC
1	26887473	1740	TG
1	26890094	1424	AG
1	26894314	1987	TC
1	26901569	454	GA
1	26901715	146	AT
1	26902433	406	GA
1	26902460	27	AG
1	26902567	107	TC
1	26902699	86	CT
1	26902767	68	CG
1	26903430	30	CA
1	26903505	75	TC
1	26903688	183	GT
1	26903707	19	CT
1	26905507	1800	AG
1	26907335	1321	TA
1	26907612	202	AG
1	26907882	270	TC
1	26910794	180	TC
1	26910841	47	CG
1	26910977	136	CT
1	26911105	56	TG
1	26911142	37	CT
1	26911825	683	AG
1	26912647	156	CT
1	26912661	14	GA
1	26912711	50	GA
1	26914267	813	AG
1	26926309	355	AG
1	26930934	504	TC
1	26937507	465	AG
1	26943099	419	CT
1	26943920	289	AT
1	26944358	129	TC
1	26944599	241	GA
1	26944821	222	CA
1	26945374	423	GA
1	26945625	177	CT
1	26945642	17	AG
1	26945649	7	CA
1	26945683	34	AT
1	26945889	206	TC
1	26945947	58	CT
1	26946023	76	TG
1	26946030	7	AG
1	26946241	211	GA
1	26946247	6	GA
1	26946248	1	TG
1	26946323	75	TC
1	26946381	58	AG
1	26949097	254	TC
1	26949170	73	CT
1	26949209	39	TC
1	26949308	99	AG
1	26949340	32	GT
1	26949617	277	TC
1	26949628	11	AG
1	26949718	90	GA
1	26950430	712	AG
1	26950493	63	TC
1	26950512	19	TC
1	26950635	123	GT
1	26951203	568	TC
1	26952024	512	AG
1	26952044	20	AG
1	26952073	29	GA
1	26952102	29	TG
1	26952344	242	AT
1	26952551	165	CA
1	26952584	33	GC
1	26952596	12	CG
1	26955099	314	AG
1	26955533	434	TA
1	26955614	81	CT
1	26956081	270	TA
1	26956097	16	TC
1	26964150	795	GA
1	26964438	288	AC
1	26966365	1096	AG
1	26966644	279	TC
1	26966991	347	CG
1	26967990	999	CT
1	26968740	696	CT
1	26968828	88	CT
1	26968841	13	GA
1	26968846	5	GT
1	26969262	416	CA
1	26969480	218	GA
1	26969627	147	TC
1	26990048	1931	TA
1	27010307	3189	CT
1	27015287	1694	CT
1	27015482	195	GC
1	27016328	846	CT
1	27017564	304	GA
1	27018949	1385	GA
1	27019348	399	CT
1	27020779	451	AG
1	27036227	6847	CT
1	27038857	2219	GT
1	27040277	327	AC
1	27048465	1896	TG
1	27048466	1	TC
1	27049190	420	TC
1	27050244	608	TG
1	27050403	159	GC
1	27050506	103	CT
1	27050528	22	TC
1	27050673	145	TC
1	27050745	72	CT
1	27050746	1	CT
1	27051817	476	AT
1	27051879	62	CT
1	27051895	16	CT
1	27053113	443	AC
1	27053165	52	GA
1	27058241	1459	TA
1	27058356	115	AG
1	27058416	60	CT
1	27058736	28	AT
1	27058781	45	AT
1	27059287	378	CT
1	27059400	113	TC
1	27060215	711	CT
1	27060223	8	TC
1	27060278	55	CG
1	27061366	1088	GC
1	27061373	7	CT
1	27061520	147	AG
1	27061598	78	AT
1	27061618	20	CT
1	27068244	382	TC
1	27068426	182	TC
1	27068467	41	AT
1	27068538	71	CT
1	27068579	41	CA
1	27068607	28	GA
1	27068662	55	TC
1	27069236	161	AG
1	27069302	66	AG
1	27071604	691	TC
1	27072014	410	AG
1	27073047	729	CA
1	27073159	112	AG
1	27073369	210	TC
1	27073561	192	AG
1	27073922	63	GC
1	27074039	117	AG
1	27078801	64	AG
1	27080992	531	TC
1	27081055	63	CT
1	27081303	248	TC
1	27082292	366	TC
1	27082387	95	AG
1	27082903	466	AG
1	27082959	56	TC
1	27082997	38	GA
1	27089846	385	GT
1	27089876	30	AT
1	27091197	1207	AG
1	27091358	161	GT
1	27098331	2373	CT
1	27098549	218	TC
1	27101413	2056	AG
1	27101418	5	TC
1	27101664	246	GA
1	27103958	1248	TC
1	27105507	1050	TC
1	27107656	2149	AG
1	27108366	710	CT
1	27108645	279	AG
1	27108689	44	TC
1	27109175	486	CT
1	27109603	428	AG
1	27109849	126	GA
1	27110155	306	TC
1	27111795	1556	TC
1	27111851	56	AG
1	27112241	390	GA
1	27112379	138	CT
1	27112615	236	TC
1	27113325	710	GA
1	27113478	153	GA
1	27113897	419	CA
1	27114959	1062	TC
1	27114984	25	AG
1	27117043	1904	TC
1	27117121	78	AG
1	27118318	1197	CT
1	27118380	62	CA
1	27118748	368	GA
1	27120504	1756	AG
1	27120798	294	GC
1	27121037	239	CT
1	27121039	2	GT
1	27121068	29	CG
1	27121881	813	CA
1	27121891	10	GC
1	27121918	27	GT
1	27122562	644	CT
1	27122590	28	AG
1	27123314	654	GA
1	27126407	2304	AG
1	27129905	3373	TC
1	27130012	107	CG
1	27132581	2500	AG
1	27132845	109	CT
1	27134131	932	CG
1	27134676	545	AG
1	27135673	130	AG
1	27135707	34	TG
1	27135809	102	AG
1	27135971	162	TC
1	27136442	471	CT
1	27136568	126	CT
1	27136981	332	TC
1	27136986	5	GT
1	27137011	25	CT
1	27137300	289	CT
1	27137766	466	CT
1	27137845	79	GC
1	27137862	17	CT
1	27138124	262	CT
1	27138175	51	TG
1	27138832	657	TC
1	27140050	898	TC
1	27140253	203	CT
1	27140902	649	TC
1	27142894	1891	TC
1	27145152	2258	AG
1	27145194	42	TC
1	27148331	3062	AG
1	27148439	108	CT
1	27149555	1116	GT
1	27150536	647	GA
1	27152031	1218	GA
1	27153661	1630	CT
1	27155218	1455	AG
1	27155506	288	CT
1	27155554	48	TC
1	27155577	23	GT
1	27156799	1222	AG
1	27157641	842	GA
1	27162443	4611	TC
1	27169335	6676	CT
1	27178673	8424	GA
1	27181552	2318	GA
1	27181877	325	CT
1	27182189	240	GA
1	27182307	118	CT
1	27183290	983	AG
1	27183302	12	GA
1	27184932	1515	GT
1	27184935	3	TC
1	27186208	1228	GA
1	27189062	2815	AG
1	27190150	1029	AG
1	27192719	2569	AC
1	27192731	12	GC
1	27193115	384	GC
1	27193515	400	AG
1	27193858	343	GA
1	27194647	789	AC
1	27194957	310	GT
1	27195827	870	CT
1	27195903	76	AC
1	27195905	2	CT
1	27197009	1104	AG
1	27198776	1477	CT
1	27200575	1799	CA
1	27201035	460	GA
1	27201253	218	CA
1	27201298	45	AG
1	27201548	250	CA
1	27202090	542	AG
1	27202638	509	GA
1	27202684	46	GT
1	27203352	668	CT
1	27203442	90	CT
1	27204347	801	GA
1	27204744	397	CT
1	27204828	84	TC
1	27204862	34	TG
1	27205962	1100	GA
1	27206283	321	AG
1	27207725	1128	GC
1	27209049	799	GA
1	27209328	279	GT
1	27213123	3700	TC
1	27213435	312	CT
1	27213440	5	AG
1	27213569	129	TC
1	27213767	198	CT
1	27214264	154	TC
1	27214507	243	GC
1	27214838	331	CG
1	27215020	182	AG
1	27215053	33	CT
1	27215214	161	TC
1	27215309	95	CT
1	27215696	387	CT
1	27217148	1452	GA
1	27217352	204	GT
1	27217996	644	GA
1	27218072	76	GA
1	27218663	591	AT
1	27218910	247	CT
1	27219514	604	TC
1	27219702	188	TC
1	27219910	208	GA
1	27219980	70	GA
1	27220021	41	TC
1	27220022	1	GA
1	27220686	624	CT
1	27220745	59	TC
1	27220820	75	CT
1	27220836	16	CT
1	27220871	35	GT
1	27220901	30	CT
1	27221066	165	TG
1	27221088	22	GA
1	27221560	472	CT
1	27221802	242	GA
1	27222112	310	TC
1	27222309	197	GA
1	27222556	247	GA
1	27222873	317	TG
1	27223820	947	CT
1	27223821	1	GT
1	27223833	12	TG
1	27227464	1448	GT
1	27227662	198	GT
1	27229215	1553	AC
1	27230070	683	GA
1	27231412	1342	AT
1	27233663	1838	GA
1	27233811	148	TC
1	27235414	1563	CT
1	27235509	95	CT
1	27235564	55	CT
1	27236782	1058	AG
1	27237889	1107	GA
1	27238894	1005	AG
1	27238970	76	TC
1	27239744	774	GA
1	27239756	12	AG
1	27239932	176	GA
1	27240038	106	AG
1	27240232	194	AG
1	27240638	406	AG
1	27241015	377	GA
1	27241721	706	TG
1	27242250	529	TC
1	27242976	726	AC
1	27243403	427	GA
1	27243482	79	CT
1	27245811	2267	TC
1	27249284	3473	AG
1	27249409	125	AG
1	27249692	283	GA
1	27249819	127	GA
1	27251769	1950	AG
1	27253105	1300	CG
1	27253106	1	CG
1	27253107	1	CG
1	27256002	2895	CG
1	27256156	154	AG
1	27256841	685	AG
1	27259400	1603	GA
1	27263365	3923	TC
1	27263984	619	CT
1	27265826	1842	TC
1	27273484	4925	GT
1	27276111	2627	CG
1	27277313	1202	TC
1	27279143	1830	AG
1	27281694	2493	CT
1	27282293	599	GA
1	27283572	1205	GA
1	27284011	439	GA
1	27285434	1129	GA
1	27286585	1151	TG
1	27287503	918	CT
1	27288171	668	AG
1	27288353	182	AG
1	27290317	1856	AG
1	27290411	94	AG
1	27291181	491	CG
1	27291192	11	AG
1	27291296	104	AG
1	27291313	17	GA
1	27291357	44	GA
1	27291475	118	TC
1	27291526	51	GA
1	27291535	9	TG
1	27291549	14	TC
1	27292006	171	GA
1	27292478	472	GA
1	27292512	34	TC
1	27292518	6	TA
1	27293289	676	GA
1	27293388	99	GA
1	27293495	107	CA
1	27293657	162	AG
1	27294308	651	TC
1	27294899	591	TC
1	27294963	64	CT
1	27294995	32	GA
1	27295013	18	CT
1	27295901	639	CT
1	27296166	265	GA
1	27296611	445	CT
1	27296987	376	CA
1	27297125	138	TC
1	27297825	667	CG
1	27298045	220	CT
1	27298489	444	GA
1	27298508	19	CT
1	27298522	14	CA
1	27298632	110	GA
1	27298730	98	CA
1	27299310	459	AG
1	27299408	98	GA
1	27303774	4205	AG
1	27303966	192	GA
1	27307066	3100	CT
1	27308485	1419	AG
1	27308927	442	GT
1	27309649	722	GA
1	27310880	1231	AG
1	27312071	1191	TC
1	27312133	62	GA
1	27312556	370	TC
1	27313163	340	CA
1	27313788	371	AG
1	27314045	257	GA
1	27314127	82	GA
1	27317087	989	CG
1	27318074	473	GT
1	27318414	340	TC
1	27318688	274	GA
1	27319292	604	AG
1	27326633	946	TC
1	27327494	861	CT
1	27327638	144	TC
1	27327947	309	CT
1	27328160	213	TC
1	27328516	356	CT
1	27328636	77	GA
1	27330712	1721	GA
1	27331203	491	CT
1	27331436	233	AC
1	27331688	252	TC
1	27331903	215	GT
1	27332148	245	CT
1	27332456	308	GA
1	27332932	476	CG
1	27333147	215	GC
1	27333337	190	TA
1	27333863	526	TC
1	27333940	77	AG
1	27334803	863	CG
1	27335407	604	CT
1	27338274	2753	CT
1	27339792	1133	TA
1	27340341	549	TA
1	27340349	8	GC
1	27353593	9421	GA
1	27355670	2077	AG
1	27357006	1336	TC
1	27357030	24	CT
1	27357483	453	CG
1	27361669	1696	CT
1	27363082	1072	AG
1	27367285	3723	CT
1	27369456	689	CT
1	27370501	657	GA
1	27370568	67	GA
1	27371773	1205	TC
1	27374324	2314	GC
1	27375728	1404	TC
1	27377295	1567	CA
1	27379828	2533	CT
1	27380359	531	GA
1	27380459	100	AG
1	27380569	110	GA
1	27380921	352	GA
1	27380963	42	GA
1	27381728	765	TC
1	27382461	733	CT
1	27395112	11368	AT
1	27396244	760	AT
1	27396997	753	GA
1	27397162	165	GC
1	27399697	1987	AG
1	27401792	1675	GA
1	27404903	329	GA
1	27405703	639	CT
1	27405723	20	GA
1	27408190	2052	GC
1	27414835	5824	CG
1	27417035	2200	GC
1	27418399	1342	TA
1	27418426	27	TC
1	27423250	4654	GA
1	27427772	4522	GA
1	27427840	68	GA
1	27429333	1493	CT
1	27429803	470	AG
1	27430001	198	TG
1	27430516	515	TC
1	27431557	1041	GA
1	27431842	222	AG
1	27431874	32	CG
1	27431973	99	TC
1	27441818	9378	AC
1	27444178	2360	CT
1	27444852	674	CT
1	27450590	3534	CT
1	27455955	1767	TC
1	27456639	383	TC
1	27456909	188	AG
1	27457316	407	GT
1	27457336	20	AC
1	27457430	94	TC
1	27457626	196	CT
1	27457682	56	GC
1	27457783	101	AT
1	27459455	1569	CA
1	27459567	112	GA
1	27459609	42	AG
1	27459688	79	TC
1	27459803	115	TG
1	27459865	62	AG
1	27459898	33	TC
1	27460048	150	AG
1	27460062	14	GC
1	27460163	101	GA
1	27460289	126	AG
1	27460360	71	AG
1	27460422	62	GA
1	27460603	181	GA
1	27461690	1087	GA
1	27461743	53	TC
1	27462394	651	AG
1	27462497	103	CG
1	27462976	385	CT
1	27462980	4	CA
1	27463007	27	TC
1	27463072	65	AG
1	27463204	132	CT
1	27464049	173	TC
1	27469400	1851	CT
1	27470700	1157	CT
1	27472379	1581	GA
1	27472644	265	TC
1	27472969	325	TC
1	27475630	1010	GA
1	27475652	22	GT
1	27476113	461	CT
1	27476380	267	AC
1	27476419	39	AG
1	27476846	427	CG
1	27476895	49	CT
1	27477126	231	TC
1	27477767	641	AG
1	27478421	535	CG
1	27479801	1358	GA
1	27480037	236	TC
1	27480433	396	TC
1	27481002	569	CT
1	27481913	911	CT
1	27484153	1458	AG
1	27487103	2571	GA
1	27489046	1943	TA
1	27490567	1521	GA
1	27490771	204	CT
1	27490943	172	CG
1	27492062	797	CG
1	27492480	418	GA
1	27492735	222	TG
1	27493093	358	GA
1	27495323	2230	GC
1	27495823	500	GA
1	27495847	24	AG
1	27495938	91	AG
1	27496038	100	AG
1	27496270	232	TG
1	27496649	379	GA
1	27496658	9	GA
1	27496708	50	GA
1	27496858	150	AT
1	27496859	1	GA
1	27496910	51	GA
1	27497005	95	TC
1	27497223	218	AC
1	27497518	166	GA
1	27498793	1121	CG
1	27499429	179	GT
1	27499500	71	GA
1	27499601	101	TC
1	27499644	43	AG
1	27499689	45	TC
1	27499756	67	AG
1	27499825	69	GA
1	27500036	211	TC
1	27500197	161	AG
1	27500257	60	TC
1	27500366	109	GA
1	27500583	217	CT
1	27501490	907	CT
1	27501622	132	CT
1	27501640	18	GA
1	27501641	1	CT
1	27503576	1848	TC
1	27505282	1706	CT
1	27508598	3138	GA
1	27509214	346	CT
1	27512015	2360	GA
1	27512566	551	AG
1	27528986	6593	GA
1	27529231	245	GC
1	27530002	771	TG
1	27530565	563	CT
1	27531055	490	AG
1	27536714	4954	CT
1	27537545	831	CT
1	27537753	208	CA
1	27551807	5405	AC
1	27552984	1071	GA
1	27553784	750	GC
1	27554004	220	AC
1	27554641	637	GA
1	27555407	766	TC
1	27555425	18	CA
1	27555438	13	AG
1	27556980	1542	AG
1	27557105	125	GA
1	27557112	7	GA
1	27557395	283	AG
1	27557576	181	CT
1	27557907	331	AG
1	27558252	345	AC
1	27558323	71	AG
1	27558465	142	GA
1	27558695	230	GC
1	27558701	6	TA
1	27558807	106	CT
1	27558824	17	CT
1	27559390	101	GA
1	27559546	156	AG
1	27559680	134	GC
1	27561515	1538	AG
1	27562091	576	CT
1	27563702	1160	CG
1	27564237	462	TC
1	27565390	788	TC
1	27565393	3	GA
1	27566173	753	GC
1	27566206	33	GA
1	27566342	136	AG
1	27566390	48	CG
1	27566461	71	TC
1	27567133	672	GA
1	27570659	2856	GA
1	27571930	1271	AG
1	27571961	31	GT
1	27572003	42	CT
1	27573205	946	GA
1	27573287	82	GC
1	27573308	21	CT
1	27573561	253	TC
1	27573926	365	CT
1	27573939	13	AT
1	27573959	20	GA
1	27574079	120	TG
1	27574207	128	TC
1	27574535	328	AG
1	27574547	12	CA
1	27574561	14	CT
1	27575222	661	CT
1	27576180	958	TA
1	27583310	2047	CT
1	27583838	528	AG
1	27584930	879	CG
1	27584961	31	CT
1	27594770	8224	GT
1	27594777	7	AG
1	27597358	1262	GC
1	27598317	959	GA
1	27598939	622	CT
1	27601692	2601	CG
1	27606145	4137	GC
1	27606544	399	AG
1	27606789	245	GA
1	27607557	768	AG
1	27607854	297	GA
1	27609865	1815	GA
1	27610848	926	GA
1	27610937	89	CT
1	27610953	16	CT
1	27613442	2413	GA
1	27613627	185	CT
1	27614368	741	CT
1	27615431	1063	GA
1	27615961	296	GA
1	27615992	31	TC
1	27616181	189	TC
1	27617575	1394	AG
1	27617989	414	GT
1	27617990	1	CT
1	27619224	1199	GC
1	27619480	214	GT
1	27621608	2128	GA
1	27625791	4117	GA
1	27628425	2572	GT
1	27633006	4284	GT
1	27633134	128	GA
1	27633344	210	GA
1	27633638	294	CA
1	27634564	825	CT
1	27636947	2383	GA
1	27642202	5088	TC
1	27642523	321	GA
1	27642707	184	CG
1	27643963	1224	GA
1	27645528	1565	CT
1	27645814	286	GT
1	27646350	536	GA
1	27647273	923	CT
1	27648776	1471	GA
1	27649672	614	CG
1	27650664	992	AT
1	27650923	259	GA
1	27651048	125	CG
1	27651052	4	GA
1	27665207	9929	AG
1	27665599	320	TC
1	27667627	1603	CT
1	27671256	1292	CA
1	27672578	1293	AG
1	27672632	54	GA
1	27673169	323	GA
1	27673343	174	AT
1	27673740	266	TC
1	27674610	870	CA
1	27674766	156	CT
1	27674999	233	GA
1	27675001	2	TG
1	27675011	10	TG
1	27675142	131	AG
1	27675152	10	CT
1	27676946	1226	CT
1	27678123	1145	CG
1	27678237	114	CT
1	27679797	575	GA
1	27681200	705	CA
1	27681297	97	CA
1	27683406	2109	GC
1	27684486	574	AG
1	27685201	605	CT
1	27685237	36	GA
1	27685348	111	TG
1	27686680	878	GA
1	27687522	842	TC
1	27689353	707	AG
1	27700302	4114	TC
1	27701411	1109	GA
1	27703655	1788	TC
1	27703728	73	GT
1	27703756	28	CG
1	27703910	154	AG
1	27707322	1317	GA
1	27707353	31	GA
1	27708803	1016	AG
1	27708823	20	GA
1	27709211	388	TA
1	27711055	728	TC
1	27711716	661	TC
1	27711779	63	GA
1	27711985	206	GA
1	27712056	71	TC
1	27712258	76	AG
1	27712564	306	GA
1	27713182	357	GA
1	27713259	77	CT
1	27713405	146	CT
1	27713479	74	CT
1	27714979	960	GA
1	27715383	404	GA
1	27715462	79	AC
1	27715805	343	AG
1	27718941	1863	TC
1	27719253	312	GA
1	27720043	410	GA
1	27720241	198	CT
1	27720330	89	TC
1	27720571	241	TC
1	27720572	1	TA
1	27720735	163	AG
1	27721091	356	CT
1	27721092	1	CT
1	27722352	438	TG
1	27722429	77	AG
1	27722453	24	AG
1	27722594	141	GA
1	27722627	33	AC
1	27722688	61	AG
1	27730139	1354	CT
1	27730280	141	GA
1	27730480	200	GC
1	27730848	368	GA
1	27731157	309	CA
1	27731944	633	AC
1	27732511	567	CG
1	27732723	212	AG
1	27732784	61	AG
1	27736959	3403	CT
1	27738818	1286	TC
1	27741441	2448	AG
1	27743383	698	GA
1	27745225	1068	CT
1	27761225	3144	CG
1	27761481	159	CG
1	27762616	381	CT
1	27763267	439	TC
1	27763623	296	AG
1	27763624	1	CA
1	27763819	195	CA
1	27763906	87	GA
1	27763927	21	GA
1	27763989	62	TC
1	27764008	19	AG
1	27764083	75	TC
1	27764816	733	CT
1	27766087	406	AG
1	27767314	275	GA
1	27767465	117	GA
1	27767496	31	CT
1	27767578	82	GA
1	27767695	117	AG
1	27767856	161	TG
1	27767992	136	CT
1	27776254	251	TC
1	27776276	22	TC
1	27777007	421	GA
1	27777053	46	TG
1	27777276	223	CT
1	27778717	1194	TC
1	27778736	19	GC
1	27779407	671	CG
1	27779731	324	CT
1	27781670	1920	GA
1	27784003	2333	TC
1	27784331	328	CT
1	27784980	649	GC
1	27786790	1810	CG
1	27787579	789	TC
1	27788380	801	AG
1	27788936	126	CA
1	27789053	117	CT
1	27789456	403	GC
1	27790099	643	CT
1	27790824	725	TC
1	27790856	32	GA
1	27791415	559	GA
1	27791575	160	CA
1	27792669	1033	GT
1	27792728	59	CT
1	27794731	1198	AG
1	27794822	91	TC
1	27795083	261	GA
1	27795146	63	CA
1	27795181	35	AG
1	27795564	383	CT
1	27799105	1085	TC
1	27800120	461	TC
1	27800478	358	GA
1	27807395	6745	GA
1	27807451	56	CT
1	27824748	10294	AG
1	27824885	137	GC
1	27825377	445	GC
1	27825715	338	AC
1	27826877	1162	GA
1	27827608	731	GA
1	27828214	606	GA
1	27828330	116	GA
1	27828334	4	CG
1	27828435	101	CT
1	27829283	389	GC
1	27831330	1924	GT
1	27831331	1	CA
1	27831843	512	AG
1	27835756	3020	TC
1	27838880	2527	CG
1	27840626	1460	CT
1	27840679	53	AC
1	27840865	186	GT
1	27841449	584	TA
1	27842234	785	GA
1	27844876	1975	AG
1	27846272	1094	GC
1	27849362	2010	TA
1	27852446	3045	GC
1	27855478	2233	TA
1	27857174	764	AG
1	27860365	2888	GA
1	27861741	1049	AG
1	27862679	696	CA
1	27862912	233	CG
1	27871145	4060	CT
1	27872267	855	GA
1	27875458	2605	TC
1	27876324	866	GC
1	27876483	159	GC
1	27876543	60	AG
1	27877286	743	AG
1	27877577	291	GA
1	27877813	236	TC
1	27879822	2009	CT
1	27880536	714	CT
1	27880754	218	CA
1	27880797	43	TA
1	27880903	106	GA
1	27883488	2543	CA
1	27883637	149	CT
1	27883705	68	AC
1	27884820	722	AG
1	27885123	303	CT
1	27885397	274	AG
1	27885903	506	CT
1	27886213	310	AG
1	27886506	293	GC
1	27886813	307	TC
1	27888481	1581	GA
1	27891198	2717	GT
1	27892620	1025	GA
1	27898900	6136	CA
1	27904849	4559	TA
1	27907320	1661	GA
1	27911038	1315	CG
1	27912486	1114	TA
1	27912823	337	TG
1	27924678	1128	CT
1	27925352	674	GA
1	27926155	803	TC
1	27926426	271	TC
1	27926917	491	AG
1	27926941	24	GT
1	27927187	246	CT
1	27927801	614	AG
1	27927808	7	TC
1	27927824	16	TC
1	27928170	346	AG
1	27928346	176	TC
1	27928610	238	GA
1	27928808	198	AG
1	27929138	330	CT
1	27929385	247	AG
1	27930654	570	CT
1	27930808	154	TC
1	27930935	127	CT
1	27931102	167	AG
1	27931135	33	TC
1	27931741	606	GA
1	27931833	92	AG
1	27932032	199	CG
1	27932089	57	AG
1	27932609	520	AC
1	27932830	221	CT
1	27932838	8	AG
1	27933124	286	AG
1	27934385	1227	CT
1	27934743	358	AG
1	27938620	2885	TA
1	27944005	453	TA
1	27950467	3887	CG
1	27975289	1326	GA
1	27987570	1124	TC
1	27987578	8	GT
1	27987719	141	CA
1	27988514	795	TC
1	27988786	209	GC
1	27989004	218	CT
1	27990204	533	CT
1	27990220	16	CT
1	27992154	943	CT
1	27993537	750	GA
1	27993687	62	TC
1	27993822	135	GT
1	27995555	1288	CT
1	27995890	335	AG
1	27996827	867	CT
1	27997152	278	AG
1	27997712	281	AG
1	27998745	652	AG
1	27998772	27	GA
1	27999044	272	GT
1	27999089	45	GC
1	28000165	823	GA
1	28000179	14	AG
1	28000593	106	GA
1	28000667	74	AG
1	28000919	252	CA
1	28000971	52	AG
1	28001528	334	CT
1	28001665	137	TC
1	28001802	137	CG
1	28002373	277	TA
1	28002584	211	GT
1	28003368	509	CT
1	28003672	304	GA
1	28004044	372	AG
1	28004755	388	CT
1	28005057	302	AT
1	28005694	637	GT
1	28006168	162	TG
1	28006214	46	GA
1	28006436	222	GC
1	28006580	144	TC
1	28007364	784	AG
1	28007379	15	GA
1	28007445	66	GA
1	28007725	280	CG
1	28007895	170	GA
1	28008972	495	GA
1	28009242	270	GA
1	28009258	16	GC
1	28010134	765	CT
1	28014788	277	GA
1	28015601	348	GA
1	28015663	62	GA
1	28016287	624	CA
1	28016375	88	AG
1	28017359	651	AG
1	28017400	41	GT
1	28017686	128	AG
1	28017767	81	CT
1	28018283	516	GA
1	28018343	60	GC
1	28018429	86	TG
1	28018458	29	TC
1	28018516	58	TA
1	28023977	530	AG
1	28029617	403	AG
1	28029711	94	AG
1	28029792	81	AG
1	28029897	105	GT
1	28029945	48	CA
1	28029968	23	AG
1	28030550	407	CG
1	28032731	1013	GC
1	28033363	632	CT
1	28033708	345	GA
1	28034167	459	CA
1	28034457	290	GA
1	28034464	7	CT
1	28034514	50	AG
1	28034556	42	GA
1	28034724	168	TC
1	28034944	220	TC
1	28035515	571	TC
1	28035924	121	CT
1	28036150	183	TG
1	28036355	205	TC
1	28036820	82	GA
1	28036825	5	CT
1	28037457	170	AG
1	28037511	54	TC
1	28037577	66	CT
1	28037981	404	CA
1	28038023	42	AG
1	28038372	349	CT
1	28038492	120	CT
1	28038619	127	AG
1	28038892	273	GA
1	28039082	190	GA
1	28041000	280	TC
1	28042000	483	GA
1	28042071	71	AG
1	28042137	66	CT
1	28043103	576	GA
1	28043323	220	GA
1	28043324	1	TG
1	28043334	10	CT
1	28043424	90	TC
1	28044043	307	TA
1	28046380	1345	GA
1	28047040	660	GA
1	28048717	1677	CT
1	28050229	1512	GA
1	28050886	657	TC
1	28053184	1990	CT
1	28053412	228	TA
1	28055623	1943	AT
1	28055624	1	CG
1	28055829	205	CT
1	28056054	225	CA
1	28056236	182	GA
1	28057675	1375	AG
1	28059138	814	GA
1	28067516	3105	AG
1	28067686	170	GA
1	28071452	2754	TC
1	28075548	3476	GA
1	28077571	1904	CG
1	28077897	326	TA
1	28080520	2360	CT
1	28083221	2313	AG
1	28083236	15	TC
1	28083328	92	TC
1	28083409	81	AC
1	28085397	1877	CT
1	28086279	882	AG
1	28088347	2068	TA
1	28089610	1212	GC
1	28090992	1270	GT
1	28095689	4367	CT
1	28099606	3859	GC
1	28101061	1409	CT
1	28102342	802	CT
1	28102612	270	AC
1	28117052	3300	CT
1	28117119	67	GA
1	28117362	243	GA
1	28117366	4	TC
1	28117389	23	GT
1	28117422	33	CT
1	28118088	126	AG
1	28118181	93	CA
1	28118206	25	TC
1	28118222	16	CA
1	28118498	197	AG
1	28118516	18	AG
1	28118530	14	AT
1	28118540	10	TC
1	28118554	14	CG
1	28119127	484	AG
1	28119129	2	CT
1	28119178	49	CT
1	28119359	181	AC
1	28119367	8	CT
1	28119374	7	GA
1	28119801	427	AG
1	28127269	6112	GC
1	28127439	170	GC
1	28127484	45	CA
1	28127555	71	GT
1	28128596	492	CT
1	28129609	1013	CG
1	28129721	112	TA
1	28130377	604	TC
1	28130413	36	GC
1	28130701	288	GT
1	28131173	472	CT
1	28131331	158	AG
1	28131365	34	TG
1	28131429	64	CG
1	28131907	478	CT
1	28132583	676	CA
1	28132619	36	AG
1	28132777	158	CT
1	28132988	211	CT
1	28133019	31	TC
1	28133051	32	GC
1	28133100	49	AG
1	28133573	473	GA
1	28135434	1861	CT
1	28135505	71	CA
1	28136553	1048	TC
1	28136972	419	GA
1	28137578	606	GT
1	28137788	210	AG
1	28138721	933	CT
1	28139826	1105	TA
1	28140462	636	TC
1	28145158	4540	TC
1	28145454	296	GA
1	28147204	1542	CT
1	28149305	1716	CT
1	28151221	1858	CT
1	28153248	1853	CT
1	28163802	4378	AG
1	28171853	2925	GA
1	28172406	225	TC
1	28172443	37	GT
1	28172520	77	GA
1	28173462	85	GA
1	28173706	211	CT
1	28174334	417	CA
1	28174379	45	TA
1	28174554	175	CT
1	28174564	10	GA
1	28174761	197	AT
1	28174883	122	CT
1	28175624	741	AG
1	28176151	486	GA
1	28178062	1110	GT
1	28178424	330	GA
1	28180175	1484	CG
1	28180695	520	TC
1	28182049	540	GA
1	28182148	99	TG
1	28182406	34	AG
1	28196253	4421	TC
1	28198715	2054	AG
1	28199165	450	TG
1	28199973	698	CT
1	28200721	748	AG
1	28202774	1929	GT
1	28204889	2027	TA
1	28204962	73	AG
1	28205206	244	GA
1	28206144	489	GA
1	28206159	15	TC
1	28206299	140	AG
1	28206572	273	CG
1	28206620	48	GA
1	28207085	465	GA
1	28207108	23	GC
1	28207194	86	TA
1	28207280	86	GA
1	28207326	46	CT
1	28207336	10	GA
1	28207494	158	CT
1	28207798	304	GC
1	28207945	147	GA
1	28208145	200	AG
1	28208340	60	CT
1	28208581	241	CT
1	28209099	122	AG
1	28209102	3	TA
1	28209182	80	TG
1	28209236	54	GA
1	28209456	220	CT
1	28210141	59	GA
1	28210314	173	CT
1	28210386	72	AG
1	28210454	68	TC
1	28210536	82	CT
1	28210668	132	GC
1	28211996	972	CG
1	28212221	225	CT
1	28212315	94	GA
1	28216903	1027	CG
1	28216969	66	GA
1	28220290	631	AG
1	28220385	95	CT
1	28220409	24	TC
1	28220503	94	GA
1	28220552	49	AG
1	28221434	351	CT
1	28221465	31	CT
1	28221475	10	GA
1	28221493	18	TG
1	28221507	14	CT
1	28221517	10	AC
1	28221538	21	GA
1	28221560	22	GA
1	28221642	82	GC
1	28221675	33	AG
1	28221725	50	TC
1	28221802	77	TC
1	28221957	155	TA
1	28222119	162	GC
1	28224516	318	CG
1	28224828	312	TC
1	28228681	2349	TA
1	28228687	6	TC
1	28228954	267	GA
1	28229561	607	TC
1	28229920	359	GA
1	28230383	236	AG
1	28230406	23	CT
1	28230462	56	TA
1	28230479	17	TG
1	28230590	111	GT
1	28230814	224	CT
1	28230971	157	AG
1	28230978	7	AG
1	28231010	32	AC
1	28231058	48	GA
1	28232043	985	AG
1	28232049	6	TC
1	28232165	116	GA
1	28232306	141	GT
1	28232326	20	AG
1	28232626	300	AG
1	28232864	238	GA
1	28232968	104	GA
1	28232981	13	GT
1	28232985	4	CG
1	28233084	99	GC
1	28233120	36	GA
1	28233157	37	CT
1	28233190	33	GA
1	28233220	30	AC
1	28233228	8	CT
1	28233298	70	AG
1	28233299	1	GC
1	28233310	11	GA
1	28233349	39	TC
1	28233462	113	GA
1	28233701	239	TC
1	28233702	1	GA
1	28233725	23	GA
1	28233776	51	CT
1	28233786	10	CT
1	28233844	58	AG
1	28234065	221	AG
1	28235035	924	GA
1	28236035	1000	CT
1	28236332	297	GA
1	28238262	1874	GA
1	28239034	772	CT
1	28240213	1109	CT
1	28240353	140	GC
1	28243066	2559	CT
1	28244342	908	GA
1	28246229	1887	CT
1	28246419	190	TC
1	28246430	11	TC
1	28246628	198	GA
1	28246701	73	TC
1	28246801	100	CT
1	28247784	641	CA
1	28261720	3479	GA
1	28262837	1081	GC
1	28262852	15	CT
1	28262869	17	AG
1	28266976	524	CT
1	28267025	49	AG
1	28267057	32	CT
1	28267556	499	CA
1	28267745	189	AG
1	28267757	12	GA
1	28267802	45	AG
1	28269673	861	GT
1	28269744	71	TC
1	28269781	37	TC
1	28270105	324	CG
1	28270161	56	GA
1	28270165	4	CT
1	28270200	35	GA
1	28270203	3	TC
1	28270226	23	CA
1	28270386	160	GA
1	28270455	69	GA
1	28270921	231	GA
1	28270987	66	GA
1	28271076	89	TA
1	28271429	48	CT
1	28271434	5	GA
1	28271444	10	CA
1	28271474	30	GT
1	28271478	4	AG
1	28271547	69	GA
1	28274280	346	AG
1	28274481	173	CG
1	28281008	398	CT
1	28283481	993	TC
1	28284001	181	GC
1	28284082	81	CT
1	28284123	41	CT
1	28284131	8	GA
1	28284532	401	GT
1	28284563	31	CT
1	28284599	36	AG
1	28284664	65	GA
1	28284729	65	AG
1	28284989	260	CT
1	28285535	176	AG
1	28285730	195	GA
1	28285761	31	AG
1	28286044	283	GA
1	28286198	154	CT
1	28286328	130	CT
1	28286456	128	TC
1	28286593	100	GA
1	28286636	43	CT
1	28286775	139	GT
1	28286909	134	GA
1	28287196	287	CT
1	28287224	28	CT
1	28287466	242	TC
1	28287522	56	GT
1	28287584	62	TC
1	28287989	405	TC
1	28289355	155	GA
1	28293797	851	AT
1	28293894	97	GA
1	28293906	12	GA
1	28294182	276	CT
1	28295985	207	CT
1	28296014	29	TC
1	28296084	70	GA
1	28296953	106	TG
1	28297030	77	CG
1	28297068	38	TC
1	28297631	419	GA
1	28297747	116	GA
1	28298109	303	CG
1	28298267	158	CT
1	28298552	39	GA
1	28298675	123	TC
1	28300102	1393	CT
1	28300188	86	AG
1	28301219	817	TC
1	28306134	1675	AG
1	28306406	272	GT
1	28306579	173	AG
1	28306611	32	TC
1	28306993	248	GA
1	28307570	505	CG
1	28307624	54	CT
1	28307889	265	GA
1	28307988	99	CT
1	28308103	115	GC
1	28308135	32	AG
1	28308459	324	GA
1	28308564	105	GA
1	28308617	53	TG
1	28309313	625	GA
1	28309421	108	CT
1	28310018	239	GA
1	28310120	102	AT
1	28310126	6	AG
1	28310219	93	CT
1	28310769	550	GA
1	28311189	420	AG
1	28311190	1	TC
1	28311407	217	AG
1	28311556	149	GA
1	28311616	60	CT
1	28311811	195	GA
1	28311846	35	AG
1	28312221	375	TC
1	28312507	286	TC
1	28312640	133	TA
1	28314048	1198	CT
1	28314532	484	GA
1	28314885	353	GA
1	28314955	70	CT
1	28315055	100	GC
1	28315595	540	GA
1	28315599	4	AT
1	28315622	23	TG
1	28315791	169	CT
1	28315881	90	CG
1	28315998	70	CT
1	28316101	103	CT
1	28316128	27	AG
1	28318258	1009	AG
1	28318520	262	TG
1	28319408	188	CT
1	28320469	726	AG
1	28320894	43	AT
1	28320912	18	TC
1	28321309	397	TC
1	28321356	47	TG
1	28323988	769	CT
1	28324043	55	GA
1	28324397	354	CG
1	28324791	394	AG
1	28325126	294	GA
1	28325259	133	GT
1	28326522	1231	CT
1	28327165	643	TC
1	28327301	136	CT
1	28330958	3594	TA
1	28331569	372	CT
1	28333876	2213	GA
1	28335564	1688	GA
1	28336119	555	TC
1	28336133	14	GT
1	28336565	354	CT
1	28336581	16	GA
1	28336600	19	TC
1	28336854	254	TC
1	28337073	219	CA
1	28337108	35	CG
1	28337176	68	GA
1	28337265	89	CA
1	28337851	586	TA
1	28340071	1958	GC
1	28341046	975	CA
1	28341047	1	AG
1	28341059	12	GA
1	28342661	1602	AT
1	28342836	175	GA
1	28343911	1075	CT
1	28347085	2163	TC
1	28355470	3300	TC
1	28355861	391	CT
1	28355951	90	CT
1	28356660	709	CT
1	28356665	5	GA
1	28356705	40	CT
1	28356745	40	TC
1	28357005	260	CA
1	28357268	263	CG
1	28357443	175	AG
1	28358542	577	TC
1	28358919	377	TC
1	28363949	4026	GA
1	28364385	436	TC
1	28371684	3329	GA
1	28375244	1722	AC
1	28375367	123	CT
1	28376354	603	TA
1	28377000	293	AG
1	28377285	285	AC
1	28377381	96	CT
1	28377616	235	CT
1	28377795	179	AG
1	28377942	147	GA
1	28377999	57	GT
1	28378031	32	AG
1	28378217	186	AC
1	28378722	398	GC
1	28378780	58	CT
1	28379633	509	AG
1	28381196	1266	GA
1	28381489	293	CA
1	28381706	217	GA
1	28381873	167	CG
1	28386136	1508	TC
1	28386326	190	CT
1	28386946	157	TC
1	28389743	824	TG
1	28389920	177	GA
1	28390723	309	CT
1	28390787	64	AT
1	28391141	236	AT
1	28391549	408	TC
1	28392409	827	TC
1	28392424	15	GA
1	28393174	750	AG
1	28394237	766	AG
1	28395201	371	GC
1	28395758	557	GC
1	28396527	658	TC
1	28398145	1223	TC
1	28398208	63	CT
1	28398581	373	TC
1	28398591	10	AG
1	28398749	158	GA
1	28398760	11	CG
1	28400798	799	AT
1	28401472	293	TA
1	28402885	795	GA
1	28402888	3	GA
1	28403002	114	AT
1	28403008	6	TC
1	28403017	9	TC
1	28403311	294	TG
1	28403352	41	TG
1	28403777	425	GT
1	28403839	62	GA
1	28404020	181	TA
1	28404169	149	GA
1	28404814	579	TA
1	28405055	241	GA
1	28405268	213	GT
1	28405373	105	GA
1	28405415	42	TC
1	28405443	28	GA
1	28406520	546	TC
1	28406953	433	GA
1	28407096	143	GA
1	28407778	628	GT
1	28408371	456	TC
1	28413007	4315	GA
1	28414051	1015	GA
1	28415302	708	AG
1	28419976	2983	CT
1	28420005	29	GC
1	28426714	3161	TA
1	28428644	1908	CT
1	28431327	2635	TA
1	28431330	3	GT
1	28432251	233	GA
1	28433255	1004	CA
1	28433517	262	GA
1	28434002	56	CT
1	28434641	384	AC
1	28439540	1281	CT
1	28440074	534	GC
1	28440856	717	GA
1	28442122	1266	TC
1	28443281	518	GT
1	28444271	616	GC
1	28444320	49	TC
1	28444793	473	GA
1	28445402	609	AG
1	28445536	134	AC
1	28445592	56	CG
1	28445933	341	GA
1	28446025	92	GC
1	28448274	1791	AC
1	28448972	698	CT
1	28450410	1081	CA
1	28450804	394	CT
1	28451246	442	GT
1	28451316	70	GA
1	28452551	1235	CT
1	28452912	361	GA
1	28454531	1550	CT
1	28455318	787	GA
1	28456088	770	GA
1	28456926	838	CT
1	28457419	493	CT
1	28457420	1	GA
1	28457474	54	AG
1	28458003	529	GA
1	28458105	102	CT
1	28458653	548	CT
1	28458675	22	GA
1	28458907	232	CT
1	28458983	76	AG
1	28459010	27	CT
1	28459264	254	AG
1	28459410	146	AG
1	28459432	22	TC
1	28459453	21	TC
1	28459517	64	GA
1	28459521	4	CT
1	28459684	163	GA
1	28459795	111	GT
1	28459896	101	CT
1	28460101	205	GA
1	28460142	41	CT
1	28460689	547	CT
1	28460867	178	GA
1	28461113	246	TC
1	28462187	1074	AG
1	28463397	1037	GA
1	28471398	562	AG
1	28472167	243	CT
1	28477867	1396	GA
1	28477915	48	AT
1	28477917	2	AG
1	28480866	1045	GA
1	28480970	104	GA
1	28481402	155	GA
1	28481679	277	TC
1	28481944	265	AG
1	28481988	44	GA
1	28482031	43	AG
1	28483215	734	TA
1	28483490	275	AG
1	28484686	1196	CT
1	28485447	761	CT
1	28485509	62	GA
1	28487075	1566	CT
1	28487159	84	GA
1	28487320	161	GA
1	28487323	3	AG
1	28487357	34	CT
1	28487389	32	CT
1	28487494	105	CT
1	28489266	1678	TG
1	28489405	78	GA
1	28490257	816	GA
1	28491268	1011	CT
1	28491462	194	CG
1	28492215	753	TC
1	28492354	139	CT
1	28492899	508	GC
1	28493039	140	GA
1	28493126	87	CT
1	28493137	11	CT
1	28493189	52	GT
1	28493527	338	AG
1	28493632	105	AG
1	28493777	145	TA
1	28495614	410	CT
1	28495739	125	AG
1	28495805	66	AT
1	28495876	71	GA
1	28497799	718	GA
1	28498119	320	CT
1	28498155	36	CA
1	28498184	29	GA
1	28498439	255	CT
1	28498545	106	CA
1	28498588	43	CT
1	28498664	76	CA
1	28499531	760	CT
1	28499606	75	GA
1	28499766	160	CT
1	28501110	1344	CT
1	28501491	381	GA
1	28501632	141	TC
1	28501637	5	AG
1	28501981	344	GA
1	28502110	129	GA
1	28502777	457	CT
1	28503263	486	GA
1	28503414	151	CT
1	28503472	58	CT
1	28503493	21	CA
1	28503876	321	GA
1	28503954	78	GT
1	28503979	25	TC
1	28504058	79	GA
1	28505513	1039	CG
1	28505518	5	TA
1	28505692	174	TA
1	28506142	368	CT
1	28506467	325	AG
1	28506489	22	AC
1	28508587	1593	AC
1	28512701	3426	AG
1	28517212	3858	CG
1	28517666	263	GC
1	28517775	109	AG
1	28517933	158	TC
1	28544207	19669	CT
1	28544283	76	AG
1	28544295	12	GA
1	28544383	88	AC
1	28544454	71	AT
1	28551340	2721	CT
1	28556623	4866	CG
1	28557351	728	CA
1	28559641	2258	AC
1	28561664	1805	TG
1	28562005	341	GA
1	28562063	58	AG
1	28584814	17478	CG
1	28591582	4983	TC
1	28595550	3144	AC
1	28596467	917	CG
1	28597081	614	AG
1	28597626	545	AG
1	28597771	145	CG
1	28598445	674	TC
1	28598955	510	AG
1	28598980	25	AG
1	28601318	2338	CT
1	28603386	2068	CG
1	28604143	706	GA
1	28606150	2007	TC
1	28608540	2196	AG
1	28608889	349	GA
1	28609235	346	GA
1	28609818	521	GA
1	28612749	2633	GA
1	28614418	1331	GT
1	28615946	1528	AT
1	28618009	2022	TC
1	28620542	2485	TC
1	28621718	1176	GA
1	28621781	63	CT
1	28622832	1007	CT
1	28625134	2302	GA
1	28625632	498	AT
1	28628386	2425	GC
1	28629238	824	CT
1	28629371	133	GT
1	28629460	89	AG
1	28629495	35	CT
1	28629555	60	GA
1	28629578	23	CT
1	28629825	247	GA
1	28629890	65	CT
1	28629921	31	CA
1	28630669	705	GA
1	28630908	239	CT
1	28631220	312	TG
1	28631328	108	GA
1	28631336	8	TC
1	28631356	20	CG
1	28631454	98	TC
1	28631562	108	GA
1	28631716	154	AC
1	28631786	70	TC
1	28632054	97	GA
1	28632261	207	GA
1	28632331	70	CA
1	28632334	3	GT
1	28632368	34	GA
1	28633631	725	CT
1	28633784	153	CT
1	28634600	708	GA
1	28634736	55	CA
1	28634886	150	AC
1	28635158	272	AC
1	28635569	383	CG
1	28635762	135	CG
1	28636059	297	CG
1	28636246	166	GC
1	28636778	510	TG
1	28637106	301	TG
1	28637664	558	GC
1	28637674	10	CT
1	28637821	147	GA
1	28639170	1349	TG
1	28639387	217	GT
1	28640171	766	TC
1	28643326	2200	CT
1	28643532	206	TC
1	28643533	1	GA
1	28644372	232	CA
1	28646301	718	CT
1	28648911	1433	TC
1	28649132	221	AG
1	28650783	1345	TG
1	28651089	306	TC
1	28651421	332	CT
1	28651907	486	TA
1	28657587	951	TC
1	28657712	125	GC
1	28658160	448	TC
1	28658902	667	CT
1	28660457	926	CT
1	28672126	6715	AG
1	28674794	1267	GT
1	28675958	1164	TC
1	28680767	3681	AT
1	28689846	1847	GA
1	28689938	92	GA
1	28692219	410	TC
1	28694577	902	TC
1	28694744	124	AG
1	28696045	244	CG
1	28696581	127	TC
1	28697114	466	TC
1	28697157	43	CT
1	28697436	279	TC
1	28697687	251	CT
1	28697856	169	CG
1	28697908	52	GA
1	28697956	48	CT
1	28698318	242	CT
1	28698472	154	GA
1	28698704	232	GA
1	28699718	666	CT
1	28699856	138	GA
1	28699924	68	CT
1	28700914	990	CT
1	28700926	12	CT
1	28701476	550	CT
1	28701650	174	GT
1	28701975	325	AG
1	28702117	142	CT
1	28702498	381	CT
1	28702725	227	AG
1	28703031	306	CA
1	28703184	153	CG
1	28703534	350	CT
1	28703616	82	GC
1	28703653	37	AG
1	28703832	179	TC
1	28703959	127	GA
1	28704004	45	GA
1	28704237	211	CT
1	28705212	975	CT
1	28705251	39	CT
1	28705272	21	GA
1	28705279	7	CA
1	28705611	332	GC
1	28705783	172	CT
1	28706254	471	GC
1	28706292	38	AC
1	28706530	238	CT
1	28706772	242	GA
1	28706917	145	CG
1	28706989	72	AT
1	28707416	347	CT
1	28707974	165	AT
1	28708116	142	AC
1	28708149	33	GA
1	28708199	50	CT
1	28708252	53	TA
1	28708267	15	GA
1	28708441	174	CA
1	28709324	546	CT
1	28709679	355	TC
1	28709888	209	CT
1	28710212	244	CG
1	28710424	212	GA
1	28710465	41	TG
1	28713623	1037	TC
1	28713659	36	CT
1	28713848	189	GA
1	28713873	25	CT
1	28714073	200	AG
1	28714441	292	CT
1	28714465	24	TC
1	28714578	113	AG
1	28717172	600	AG
1	28717176	4	AG
1	28717423	247	GA
1	28717754	331	TC
1	28717912	158	TC
1	28718016	104	CT
1	28718018	2	GC
1	28718871	345	GA
1	28718892	21	GT
1	28718899	7	CT
1	28719230	331	GT
1	28719349	119	CA
1	28719993	644	GA
1	28720126	133	GA
1	28720258	132	TC
1	28720279	21	CT
1	28720657	378	TG
1	28721904	825	TC
1	28722205	301	AC
1	28722326	87	TC
1	28722415	89	TC
1	28722459	44	CT
1	28722778	319	TC
1	28723554	735	GA
1	28723876	322	AT
1	28726044	2069	GT
1	28726155	111	AG
1	28726250	95	TC
1	28728779	1356	AG
1	28729522	657	GA
1	28729530	8	GA
1	28729962	432	GT
1	28730498	231	AG
1	28730510	12	GA
1	28736806	2863	GA
1	28737573	666	AG
1	28740881	1769	AG
1	28741043	162	GA
1	28743979	968	CT
1	28745566	1014	AC
1	28746417	851	GC
1	28748596	1341	TC
1	28755216	2840	GA
1	28755397	181	GA
1	28757441	1578	GA
1	28757700	259	CG
1	28757914	214	CT
1	28761177	1789	CT
1	28763070	1406	TA
1	28764022	952	GA
1	28765512	1190	GA
1	28765847	335	GT
1	28766590	427	CT
1	28767649	1059	TC
1	28774305	6024	TC
1	28774922	386	GT
1	28774975	53	GT
1	28775249	274	GA
1	28775267	18	CT
1	28775271	4	AT
1	28775282	11	TC
1	28775337	55	TC
1	28775424	87	AG
1	28775492	68	AG
1	28775548	56	TC
1	28775605	57	CG
1	28775903	33	GA
1	28775904	1	AT
1	28775927	23	TC
1	28777279	703	TA
1	28777313	34	CG
1	28777452	139	GT
1	28777611	159	TC
1	28778361	486	TG
1	28778733	372	TC
1	28778815	82	GA
1	28779988	1116	AT
1	28780580	334	AG
1	28781569	989	GA
1	28782359	790	AG
1	28782634	275	CG
1	28782776	142	CA
1	28783031	255	CT
1	28783443	412	AG
1	28784462	988	CT
1	28784564	102	TC
1	28784711	147	GA
1	28790844	4238	CT
1	28792256	816	AT
1	28793012	756	AG
1	28793865	469	GT
1	28794003	138	GA
1	28794044	41	TC
1	28794105	61	TC
1	28795457	1226	CT
1	28796801	928	CT
1	28800749	2985	TC
1	28802799	1686	GA
1	28803609	810	AC
1	28804013	404	AG
1	28807572	1144	TC
1	28807576	4	GC
1	28807835	227	GA
1	28807852	17	TC
1	28807872	20	CT
1	28807972	100	TC
1	28808041	69	TC
1	28808464	423	CT
1	28808735	271	GA
1	28809718	955	GA
1	28809775	57	AG
1	28810333	145	AG
1	28810573	240	CA
1	28811056	483	AG
1	28811064	8	GT
1	28811114	50	AG
1	28811188	74	GA
1	28811246	58	AG
1	28811723	214	CT
1	28811755	32	GA
1	28811919	164	GA
1	28812793	874	CT
1	28812797	4	GA
1	28813169	372	AG
1	28813189	20	TC
1	28813777	588	CG
1	28813944	167	TC
1	28813999	55	AT
1	28814352	353	GA
1	28814407	55	GT
1	28814432	25	AG
1	28815009	418	TC
1	28815048	39	AG
1	28815635	529	CT
1	28815981	346	GC
1	28816176	115	CT
1	28816832	555	AG
1	28818549	1357	GA
1	28820187	449	TA
1	28820939	752	CA
1	28821574	466	GA
1	28821584	10	CT
1	28822167	583	GA
1	28824578	1825	AG
1	28824991	413	GA
1	28824998	7	CT
1	28826755	1625	CT
1	28826795	40	GA
1	28826839	44	GA
1	28826854	15	GA
1	28827050	196	GA
1	28827060	10	CT
1	28827944	448	GA
1	28828224	280	GA
1	28828299	75	GA
1	28828404	105	CT
1	28828583	179	CT
1	28828744	161	GA
1	28828865	121	GA
1	28828885	20	CA
1	28828939	54	CT
1	28829051	112	TG
1	28829196	145	AC
1	28829409	213	CG
1	28829422	13	GA
1	28829487	65	CT
1	28829560	73	TA
1	28829776	216	CT
1	28829957	181	AG
1	28830389	432	GC
1	28830476	87	CT
1	28831048	572	GA
1	28832009	591	TC
1	28832164	155	GA
1	28832264	100	AG
1	28833616	747	AG
1	28834184	404	GC
1	28835396	893	CT
1	28838140	1498	GA
1	28838423	283	GA
1	28838503	80	AG
1	28838518	15	AG
1	28838710	192	AG
1	28838740	30	GA
1	28839454	601	TC
1	28839821	367	CA
1	28839996	175	AT
1	28840028	32	CT
1	28840176	148	AG
1	28840226	50	CA
1	28840999	452	AC
1	28841167	168	TC
1	28841521	354	AG
1	28843200	1655	GT
1	28843212	12	AG
1	28843215	3	CT
1	28843268	53	CA
1	28843344	76	TC
1	28843353	9	GA
1	28843374	21	GA
1	28843667	293	AG
1	28843692	25	CT
1	28843777	85	AC
1	28844216	439	CT
1	28844681	465	CT
1	28844712	31	AG
1	28844736	24	GA
1	28844885	149	GA
1	28844924	39	AG
1	28845070	109	AG
1	28845123	53	GA
1	28845892	769	TC
1	28847527	1289	CT
1	28850470	946	GA
1	28850559	89	CT
1	28850574	15	AG
1	28850970	166	TC
1	28851722	86	CT
1	28853400	487	CT
1	28853621	221	GA
1	28854567	796	AG
1	28854810	243	GA
1	28855519	709	GC
1	28856613	1008	CA
1	28857277	272	GA
1	28857369	92	CA
1	28857510	141	CA
1	28857529	19	AG
1	28857718	189	TG
1	28858466	459	GA
1	28858491	25	CG
1	28858698	131	CT
1	28858747	49	CT
1	28858768	21	GA
1	28858782	14	AG
1	28858792	10	CT
1	28859463	150	TC
1	28859529	66	CG
1	28860244	715	CT
1	28860394	150	CT
1	28860423	29	TC
1	28860736	313	GC
1	28860792	56	GA
1	28861058	266	GA
1	28862052	754	CT
1	28862177	125	AT
1	28863402	692	GT
1	28863419	17	CT
1	28863499	80	CT
1	28864815	1074	GA
1	28879699	12675	TC
1	28879938	239	CT
1	28884391	3323	CA
1	28884406	15	GA
1	28885340	660	CT
1	28885664	324	TC
1	28885679	15	GT
1	28885749	70	GA
1	28887884	943	GA
1	28888092	208	GT
1	28888937	845	CG
1	28889229	292	GA
1	28889274	45	CA
1	28889793	519	AG
1	28889845	52	CG
1	28889990	145	GT
1	28890038	48	GA
1	28890249	211	TC
1	28890382	68	TA
1	28890776	394	GA
1	28894144	1105	CT
1	28894942	426	TC
1	28896871	1845	CT
1	28903897	5908	AG
1	28904869	392	CG
1	28908609	1724	GA
1	28910091	676	AT
1	28910112	21	AG
1	28911129	855	CA
1	28912002	873	GT
1	28912389	387	TC
1	28912406	17	CT
1	28912875	469	TA
1	28913899	1024	CT
1	28913945	46	AG
1	28914133	188	AG
1	28918680	3498	CT
1	28919060	380	GA
1	28919310	250	GA
1	28920879	1453	GC
1	28920992	113	TC
1	28921023	31	TC
1	28921635	612	TC
1	28921941	280	TC
1	28922597	618	CT
1	28922621	24	CA
1	28922774	153	CT
1	28922805	31	AG
1	28923034	229	CT
1	28923115	81	CT
1	28923121	6	CG
1	28924927	1429	GA
1	28927594	1610	AG
1	28927746	152	TA
1	28927832	86	CT
1	28929143	642	GA
1	28930503	773	CA
1	28932694	1478	AG
1	28934507	1759	AG
1	28934961	454	GC
1	28938149	2307	TC
1	28940227	1431	GA
1	28940614	387	GA
1	28941177	563	AG
1	28941525	348	TG
1	28941677	152	TC
1	28941707	30	TC
1	28941721	14	CT
1	28942015	294	CA
1	28942046	31	TG
1	28942674	46	TC
1	28942731	57	GA
1	28942900	169	TC
1	28943687	523	AG
1	28944195	508	GA
1	28944755	560	GA
1	28944838	83	GC
1	28944891	53	GA
1	28945190	299	GA
1	28945266	76	CT
1	28946486	665	TC
1	28946506	20	CA
1	28947091	309	CT
1	28947141	50	AT
1	28947148	7	GC
1	28947755	607	AT
1	28947802	47	CG
1	28948146	344	CT
1	28948542	396	TC
1	28949146	604	AG
1	28949897	751	CT
1	28950042	145	TC
1	28950240	198	GA
1	28950628	388	CT
1	28950815	187	CT
1	28951387	572	AC
1	28951393	6	AG
1	28951846	118	GA
1	28952649	619	GA
1	28962737	329	TC
1	28967649	2841	TA
1	28968089	228	TC
1	28971413	871	TC
1	28971898	183	GA
1	28973692	1552	GA
1	28974730	748	AG
1	28975185	455	GA
1	28975290	105	CA
1	28975697	407	TC
1	28975759	62	GA
1	28977027	1213	AG
1	28977200	173	TC
1	28982109	1989	GA
1	28982408	108	TC
1	28982669	232	GA
1	28982863	194	TC
1	28983001	138	TC
1	28984412	1411	CT
1	28987149	2666	GA
1	28987904	755	CT
1	28987930	26	CT
1	28990142	2212	CT
1	28991587	1295	CT
1	28992038	416	GC
1	28993243	1173	AC
1	28993683	135	GA
1	28994269	400	AG
1	28994816	547	CT
1	28994990	174	GA
1	28995001	11	CG
1	28995647	646	GC
1	28995657	10	CG
1	28996132	475	AG
1	28996140	8	CT
1	28996642	405	CT
1	28996718	76	TC
1	28997151	384	TA
1	28997605	454	CT
1	28997895	290	GA
1	28999016	1064	CT
1	28999045	29	CT
1	29000381	1291	AG
1	29006224	2669	CT
1	29006995	771	CG
1	29008699	1677	GA
1	29009196	426	AG
1	29009330	134	CT
1	29009990	660	CT
1	29010785	795	AG
1	29011459	674	CA
1	29011516	57	TG
1	29012374	796	TC
1	29013882	1461	CA
1	29015388	1472	GA
1	29015529	141	CT
1	29015836	307	TC
1	29016750	202	CT
1	29041454	18592	TC
1	29042486	1032	GA
1	29042550	64	CT
1	29048013	4092	GA
1	29052555	4515	CT
1	29053244	664	AG
1	29054422	1178	CG
1	29054477	55	GC
1	29054695	218	CG
1	29055562	867	CT
1	29055842	280	CT
1	29055845	3	GA
1	29056444	335	GA
1	29056474	30	AG
1	29056578	104	CT
1	29056772	194	CT
1	29059114	885	CG
1	29059265	151	GA
1	29064328	1224	GA
1	29064419	91	TC
1	29064556	137	GA
1	29066767	637	GA
1	29067362	595	AG
1	29067420	58	GA
1	29068364	675	AG
1	29074791	4730	CT
1	29076449	1481	GA
1	29077151	702	AG
1	29077407	256	TC
1	29077449	42	GA
1	29078608	745	CT
1	29078631	23	AC
1	29078722	91	GA
1	29078744	22	CT
1	29079421	227	GA
1	29079528	107	CT
1	29079748	220	GA
1	29080197	430	AG
1	29080362	165	GA
1	29081643	447	AT
1	29081711	68	CT
1	29083837	374	GA
1	29091748	623	GC
1	29093145	111	CT
1	29093547	402	GA
1	29095010	1463	CG
1	29095013	3	GA
1	29096514	1241	CT
1	29096986	472	CT
1	29097127	141	GA
1	29097357	161	CT
1	29097564	207	TC
1	29097774	210	GA
1	29098464	666	GA
1	29099255	791	TC
1	29099380	125	TC
1	29099433	53	TC
1	29099749	316	AG
1	29102067	2318	GT
1	29104566	1391	GT
1	29104579	13	AT
1	29104583	4	TA
1	29105499	780	CG
1	29106287	788	GT
1	29106452	165	CT
1	29108496	1721	GA
1	29108715	219	GA
1	29112620	3421	GA
1	29115649	2031	TA
1	29118037	1262	AC
1	29118634	495	TC
1	29119004	256	TC
1	29120005	389	GA
1	29121810	1673	TA
1	29122099	182	GA
1	29125671	1487	CT
1	29150528	14001	GA
1	29151673	429	AT
1	29152563	400	GA
1	29152798	235	GC
1	29153988	329	GA
1	29155647	953	CT
1	29159279	1615	GA
1	29159788	509	AG
1	29162779	1612	AC
1	29164425	940	TC
1	29172445	4734	TC
1	29178315	1644	CT
1	29179500	745	TG
1	29179953	230	GT
1	29184652	1857	GA
1	29185027	147	GA
1	29196682	5778	GA
1	29200427	2159	CT
1	29200837	410	GA
1	29201579	742	AG
1	29203020	1174	GA
1	29217704	4547	TC
1	29228078	1412	TA
1	29228398	320	GA
1	29232186	366	AG
1	29232438	252	GA
1	29232941	100	AG
1	29234030	350	CG
1	29234099	69	CT
1	29234186	87	AG
1	29234211	25	GA
1	29234432	221	CT
1	29234684	252	AG
1	29235278	594	CT
1	29235429	151	TC
1	29235570	141	TC
1	29235614	44	GA
1	29236368	701	TC
1	29237148	689	CT
1	29237967	774	GT
1	29238099	132	AC
1	29238858	759	AG
1	29239875	967	TC
1	29239984	109	GA
1	29240112	128	GA
1	29240896	739	TC
1	29240900	4	GA
1	29241135	235	TC
1	29241154	19	CT
1	29241324	170	CT
1	29241454	130	GA
1	29241775	321	GA
1	29242394	507	CT
1	29242997	280	AG
1	29243125	128	GA
1	29243156	31	CT
1	29243159	3	AG
1	29243337	178	TC
1	29243380	43	AG
1	29243603	223	GA
1	29243936	333	GA
1	29244045	109	TC
1	29244056	11	GA
1	29244145	89	CT
1	29244201	56	AG
1	29244204	3	CT
1	29244252	48	TC
1	29244307	55	GA
1	29244499	192	GA
1	29244515	16	AT
1	29244623	108	AC
1	29245196	256	GA
1	29245347	79	CT
1	29245482	135	TG
1	29245834	72	CG
1	29245977	143	GA
1	29246031	54	GA
1	29246443	366	CA
1	29246885	442	GA
1	29258925	9307	CT
1	29260596	1286	GT
1	29272257	6737	GA
1	29280870	8344	AC
1	29281283	413	GA
1	29281573	290	TC
1	29281601	28	TC
1	29282587	712	AG
1	29282795	208	GT
1	29283224	429	TC
1	29287510	2760	GA
1	29287511	1	AG
1	29287569	58	TC
1	29287650	81	TC
1	29287753	103	AC
1	29287830	77	GT
1	29288843	659	GT
1	29288993	150	AG
1	29289460	467	CT
1	29289692	232	TG
1	29289925	233	AT
1	29290156	231	TC
1	29290226	70	TC
1	29290286	60	AC
1	29290331	45	CG
1	29290466	135	GA
1	29290624	158	AG
1	29290626	2	CG
1	29291490	807	CT
1	29291500	10	AC
1	29292143	438	TC
1	29292414	271	GT
1	29292634	154	GA
1	29293038	249	TC
1	29293635	172	TC
1	29294240	197	AG
1	29294246	6	TC
1	29294408	162	TC
1	29294468	60	GA
1	29295109	340	GC
1	29297162	587	CT
1	29297217	55	AG
1	29297275	58	CA
1	29297314	39	CA
1	29298220	541	CT
1	29298528	308	GC
1	29298915	387	GA
1	29300131	1216	TC
1	29300347	216	GT
1	29300534	187	TC
1	29300563	29	CA
1	29301100	537	TC
1	29301244	144	TC
1	29301405	161	AG
1	29301423	18	AC
1	29301865	442	TA
1	29302019	154	CT
1	29302207	134	CT
1	29302208	1	GC
1	29302463	255	GC
1	29302466	3	GA
1	29302519	53	AG
1	29302522	3	CT
1	29302553	31	TC
1	29302827	274	AG
1	29303581	137	CG
1	29303583	2	AG
1	29303632	49	TC
1	29303693	61	AG
1	29303733	40	CT
1	29303835	102	TC
1	29304543	231	GA
1	29304732	189	TC
1	29304843	111	TA
1	29304845	2	AC
1	29305653	472	GC
1	29305677	24	CT
1	29305792	115	CG
1	29306064	272	TC
1	29308988	1131	CA
1	29309290	274	AT
1	29310460	807	TC
1	29310474	14	AC
1	29310670	196	TG
1	29310965	295	TA
1	29311739	436	TC
1	29312390	508	CT
1	29312410	20	CA
1	29312723	313	CT
1	29313261	538	AC
1	29315333	383	AT
1	29315586	253	TC
1	29315772	186	GA
1	29315797	25	GA
1	29315873	76	GA
1	29316389	317	AT
1	29316394	5	AT
1	29316405	11	CT
1	29316499	94	CT
1	29316527	28	CG
1	29316708	181	CT
1	29316723	15	TG
1	29316729	6	AG
1	29319603	1657	TG
1	29353278	3424	GT
1	29357842	4564	GA
1	29358070	228	CT
1	29359278	997	GA
1	29361118	884	GA
1	29362347	121	CT
1	29363999	17	CT
1	29364020	21	GA
1	29364022	2	CG
1	29364051	29	CT
1	29364142	91	CA
1	29364610	265	GT
1	29364825	93	CA
1	29364862	37	AT
1	29364878	16	GC
1	29365081	89	CT
1	29365138	57	TA
1	29365140	2	AG
1	29365156	16	TC
1	29365619	246	CG
1	29365682	63	GA
1	29365829	147	CG
1	29365881	52	TC
1	29366098	217	GA
1	29366197	99	GA
1	29366261	64	AG
1	29366336	75	GA
1	29366337	1	TC
1	29366418	81	CT
1	29367751	1311	AT
1	29367890	139	CT
1	29369237	804	GA
1	29372717	1494	GA
1	29373013	261	TC
1	29373143	130	TC
1	29373262	119	AC
1	29375867	857	TC
1	29375927	60	GC
1	29376130	203	CT
1	29376172	42	CT
1	29376405	214	CT
1	29376412	7	AG
1	29376418	6	AG
1	29376448	30	AC
1	29376513	65	TC
1	29376527	14	TC
1	29376540	13	TC
1	29376734	194	GA
1	29376743	9	GT
1	29377577	264	CT
1	29377787	62	TC
1	29377874	87	GA
1	29378389	219	GA
1	29378392	3	AG
1	29379298	386	CA
1	29379891	593	CA
1	29380771	586	AC
1	29380876	105	AG
1	29380910	34	GA
1	29381345	67	AG
1	29381396	51	CT
1	29381720	324	GA
1	29381869	149	GT
1	29381890	21	CT
1	29381893	3	GA
1	29381920	27	TC
1	29382029	109	TC
1	29382428	136	TC
1	29382653	225	CT
1	29382693	40	GT
1	29382718	25	AG
1	29382755	37	AG
1	29382757	2	GA
1	29382782	25	GA
1	29382784	2	GT
1	29382790	6	CT
1	29383003	142	GA
1	29383005	2	TC
1	29383038	33	TG
1	29383105	67	TG
1	29383205	100	GA
1	29383208	3	AG
1	29383357	149	TC
1	29383518	161	CG
1	29383523	5	GT
1	29383538	15	AG
1	29383566	28	CT
1	29383714	148	TC
1	29383934	220	CT
1	29383944	10	AG
1	29383983	39	GA
1	29383995	12	AT
1	29384263	186	TA
1	29384295	32	CT
1	29384335	40	TC
1	29384514	179	TC
1	29384519	5	TC
1	29384689	170	TC
1	29384722	33	GA
1	29387142	120	TA
1	29387298	156	AG
1	29387765	20	CT
1	29387802	37	CT
1	29388023	221	GT
1	29388076	53	GT
1	29388164	88	AG
1	29388167	3	AG
1	29388172	5	AG
1	29388239	67	TG
1	29388242	3	CT
1	29388589	103	AG
1	29388934	345	GA
1	29388965	31	CT
1	29389015	50	GA
1	29389047	32	TC
1	29389112	65	CT
1	29389752	517	TC
1	29389760	8	GA
1	29389823	63	GA
1	29390526	559	TC
1	29390857	331	GA
1	29391203	318	CA
1	29393584	1432	GA
1	29393696	112	GA
1	29393859	163	AG
1	29394011	152	CT
1	29394349	56	AT
1	29394449	100	TC
1	29394454	5	AG
1	29394478	24	CT
1	29394534	56	GA
1	29394745	211	CT
1	29397685	920	TC
1	29398057	372	AG
1	29398713	44	TC
1	29398807	94	AG
1	29398828	21	CT
1	29398835	7	TC
1	29398933	98	CT
1	29399162	229	AG
1	29399269	107	AG
1	29399372	103	AG
1	29399402	30	GA
1	29399556	154	CG
1	29399659	103	GA
1	29399693	34	TC
1	29400263	570	CT
1	29400339	76	CT
1	29400408	69	TC
1	29402918	215	GA
1	29402955	37	CT
1	29403190	235	TC
1	29403245	55	AG
1	29403337	92	TC
1	29403458	121	GA
1	29403637	179	TC
1	29404015	378	GA
1	29404061	46	TC
1	29411256	3420	AG
1	29414367	3111	TC
1	29414965	598	AG
1	29417536	2435	CT
1	29419122	1471	CG
1	29419125	3	CG
1	29420511	1386	CT
1	29420638	127	CT
1	29421604	966	GA
1	29421713	109	AG
1	29423133	1150	GA
1	29425745	940	CT
1	29426045	80	GA
1	29426086	41	CT
1	29426834	748	GT
1	29431068	3762	CA
1	29436066	1123	CT
1	29436071	5	AG
1	29436108	37	AG
1	29438774	364	GT
1	29439646	790	CT
1	29439821	175	AT
1	29439873	52	CT
1	29440089	216	AG
1	29440331	242	GA
1	29440503	172	GT
1	29440603	100	AG
1	29440851	248	CT
1	29440899	48	GA
1	29441026	127	CT
1	29441209	183	GC
1	29441557	326	GC
1	29441632	75	GA
1	29441647	15	CT
1	29441650	3	GA
1	29441673	23	AG
1	29441674	1	GA
1	29441688	14	CG
1	29441726	38	GA
1	29441834	108	CG
1	29441954	120	AG
1	29442450	496	TA
1	29443553	670	CT
1	29443686	133	AG
1	29443731	45	GA
1	29444355	624	GA
1	29446298	1827	CA
1	29446576	278	GA
1	29448448	931	GT
1	29448481	33	GA
1	29448568	87	CA
1	29449152	584	TA
1	29449669	423	AT
1	29450850	893	TG
1	29451147	297	GT
1	29451676	469	CT
1	29451677	1	GA
1	29451847	170	GA
1	29452153	306	TG
1	29452482	329	GT
1	29452549	67	TC
1	29452785	236	CT
1	29453183	398	AG
1	29457356	1958	GT
1	29462274	4824	GC
1	29464758	2358	GA
1	29467193	2237	CT
1	29472958	5668	CT
1	29475798	2840	GA
1	29501825	15185	CT
1	29501950	125	TA
1	29506454	4189	GT
1	29507652	1198	GA
1	29511657	2867	CT
1	29512769	1078	CT
1	29516183	3391	GT
1	29517987	1435	GA
1	29518383	396	AC
1	29533123	8675	CA
1	29535715	1660	CT
1	29539595	2954	CG
1	29540474	879	GA
1	29540522	48	GT
1	29541281	434	GA
1	29541983	467	TC
1	29542178	195	TC
1	29542193	15	AG
1	29542237	44	TC
1	29542417	180	AG
1	29542591	141	GA
1	29543229	589	AT
1	29543391	162	AG
1	29544265	544	TG
1	29544382	117	GA
1	29544554	172	CT
1	29544614	60	GA
1	29544837	223	GA
1	29545231	29	TC
1	29545713	310	GA
1	29546276	170	GA
1	29546417	141	CG
1	29546882	158	CT
1	29547266	384	CT
1	29547294	28	GA
1	29547439	145	CT
1	29547448	9	GC
1	29547460	12	GA
1	29602888	30209	CT
1	29613950	2788	GA
1	29617435	1722	CT
1	29620030	356	CT
1	29621779	1299	GC
1	29622514	496	TG
1	29623146	89	GT
1	29623305	159	GA
1	29624222	917	GA
1	29624475	253	TC
1	29628789	598	GA
1	29629438	552	CT
1	29630061	623	AG
1	29630497	436	GA
1	29630693	196	TG
1	29631419	354	TC
1	29631546	127	CA
1	29632134	110	GC
1	29633614	554	GA
1	29633630	16	GC
1	29634137	197	CG
1	29634352	215	AG
1	29634474	122	CT
1	29635103	349	CT
1	29636245	444	GC
1	29639095	1459	TC
1	29639300	205	GA
1	29641119	643	GA
1	29641136	17	CT
1	29641501	365	AG
1	29641536	35	CG
1	29642234	598	CT
1	29642269	35	TC
1	29642738	469	GA
1	29643438	700	GA
1	29643486	48	TC
1	29643629	143	CG
1	29644178	549	CT
1	29644306	128	CT
1	29644357	51	CT
1	29644467	110	GA
1	29644529	62	CA
1	29644752	223	TC
1	29646991	428	TC
1	29647208	217	AT
1	29647389	181	TC
1	29648414	254	AG
1	29649427	36	GA
1	29649434	7	AG
1	29649513	79	CG
1	29649636	123	CG
1	29649695	59	CT
1	29650026	331	AG
1	29650031	5	TC
1	29650032	1	CG
1	29652679	1101	CA
1	29652743	64	TC
1	29652746	3	AG
1	29653520	707	CA
1	29654047	527	TG
1	29654165	118	CG
1	29662199	2428	TC
1	29663752	1446	TC
1	29664446	642	CG
1	29665551	775	AG
1	29670681	2576	CG
1	29671897	1216	CG
1	29673171	1096	CA
1	29673417	246	AG
1	29673978	561	CA
1	29675090	1112	AG
1	29675606	266	CT
1	29675828	127	TC
1	29675951	123	CT
1	29676188	237	CT
1	29678239	1008	TC
1	29678247	8	CA
1	29678457	210	CT
1	29678712	82	TC
1	29679347	474	CT
1	29679491	144	TC
1	29679677	186	AG
1	29679712	35	CT
1	29680102	195	AG
1	29681520	621	GC
1	29681545	25	AG
1	29684120	1900	GA
1	29684560	375	CT
1	29684603	43	CT
1	29684955	352	AC
1	29686143	1188	CT
1	29690899	2194	CT
1	29693795	219	GA
1	29699803	2553	GA
1	29707970	7305	GA
1	29708040	70	CT
1	29708816	477	AG
1	29715646	6028	CT
1	29716385	739	CT
1	29717115	730	GA
1	29717615	500	TG
1	29719152	783	AG
1	29721162	1993	GA
1	29721582	420	CT
1	29722038	456	GT
1	29731785	7595	AG
1	29734435	2310	TC
1	29735464	721	CT
1	29735741	277	CT
1	29736074	301	GA
1	29737306	497	AG
1	29737498	192	AG
1	29737644	146	AG
1	29738009	365	TC
1	29738419	410	GA
1	29738853	434	TG
1	29739414	222	AG
1	29740187	309	AT
1	29740842	123	CT
1	29742259	1192	AG
1	29742518	259	AG
1	29742588	70	CT
1	29743379	791	GA
1	29743991	612	GA
1	29746773	2452	TC
1	29747348	575	CT
1	29748008	660	TG
1	29748813	805	CA
1	29748842	29	TC
1	29749257	415	GT
1	29749964	707	GA
1	29750384	420	GA
1	29750393	9	AT
1	29750744	351	CT
1	29750833	89	AG
1	29750852	19	CG
1	29751299	447	CA
1	29752090	748	AG
1	29752846	659	CT
1	29753172	326	AC
1	29753379	207	AT
1	29753590	211	TC
1	29754841	1251	AG
1	29756329	1488	GA
1	29760205	3312	AG
1	29760653	325	TC
1	29762167	1514	GA
1	29764230	2063	TG
1	29764819	589	CT
1	29771824	3808	GA
1	29771896	72	GA
1	29772791	775	TA
1	29772897	106	GA
1	29773381	158	AG
1	29773434	53	CG
1	29773763	329	CT
1	29775075	1312	CT
1	29775218	143	AG
1	29775371	153	CT
1	29775995	624	CT
1	29776189	194	GT
1	29776625	436	CT
1	29776910	285	GA
1	29776918	8	GA
1	29777011	93	TG
1	29777101	90	AG
1	29777399	298	CT
1	29777516	117	CT
1	29779003	1487	GC
1	29779304	301	GA
1	29779339	35	TC
1	29779346	7	CG
1	29779495	149	GA
1	29779551	56	AG
1	29779582	31	TC
1	29779735	153	GC
1	29779830	95	TC
1	29780352	522	GA
1	29780559	207	CT
1	29780583	24	TC
1	29780622	39	CT
1	29782732	485	TC
1	29784783	767	GA
1	29786028	1245	GA
1	29786216	188	GT
1	29786894	678	TC
1	29787126	232	AT
1	29787534	408	GA
1	29788730	1196	CA
1	29789394	506	CT
1	29789691	297	CT
1	29790535	844	CA
1	29791242	707	CT
1	29792403	1161	GA
1	29793736	1303	CT
1	29793901	165	CT
1	29794088	56	CT
1	29794890	693	AG
1	29795006	116	GA
1	29795017	11	CG
1	29796665	1617	AG
1	29797387	671	GA
1	29798051	664	AG
1	29799123	1072	CT
1	29799661	538	CT
1	29804669	4708	CT
1	29805777	1108	GC
1	29805830	53	TC
1	29805867	37	AG
1	29806497	630	GA
1	29806869	281	CT
1	29807157	288	CG
1	29807245	88	GA
1	29809227	1670	AG
1	29809343	116	GA
1	29809592	249	AG
1	29809755	163	AG
1	29809915	160	TC
1	29809953	38	TC
1	29810588	635	CT
1	29810607	19	CT
1	29811594	987	CG
1	29812624	1030	GT
1	29812890	266	AG
1	29817622	4559	GA
1	29817680	58	AG
1	29818422	742	TC
1	29820054	1332	CT
1	29820539	485	TG
1	29822062	1456	GC
1	29822198	136	CT
1	29822350	152	CA
1	29823309	959	AG
1	29823369	60	GA
1	29823888	519	AG
1	29824507	619	TC
1	29824540	33	AG
1	29824643	103	AG
1	29824946	303	CT
1	29825750	804	CT
1	29825818	68	GT
1	29826676	822	GA
1	29826723	47	TC
1	29826734	11	CT
1	29827243	509	CT
1	29830675	3432	GC
1	29831185	510	TC
1	29831225	40	TG
1	29831487	262	GA
1	29831662	175	CT
1	29832185	523	CT
1	29832704	519	GA
1	29834376	1458	CT
1	29835071	695	GA
1	29835444	373	GC
1	29838637	3153	GA
1	29840391	1607	GA
1	29840679	288	CT
1	29840693	14	GC
1	29840803	110	CG
1	29841809	917	CT
1	29846724	213	GC
1	29846794	70	AG
1	29846862	68	CT
1	29846865	3	AG
1	29846905	40	TC
1	29847109	204	GA
1	29847318	209	GA
1	29847724	406	TC
1	29847768	44	CT
1	29847783	15	GA
1	29848223	440	GC
1	29848271	48	GA
1	29848530	259	TC
1	29848540	10	CT
1	29848642	102	CT
1	29849211	521	AG
1	29849240	29	AG
1	29849298	58	TA
1	29849305	7	GA
1	29849620	315	GC
1	29849628	8	TC
1	29849812	184	AG
1	29850272	460	AG
1	29850645	373	GA
1	29850719	74	AG
1	29850842	123	GA
1	29850857	15	CT
1	29850967	110	TC
1	29851438	471	GA
1	29851474	36	TC
1	29851679	134	TC
1	29851770	91	CT
1	29853007	513	GA
1	29853429	422	TC
1	29855692	317	TC
1	29856346	393	TC
1	29858326	175	AG
1	29858334	8	AG
1	29858451	117	CT
1	29858550	99	AG
1	29858574	24	GT
1	29858960	75	GA
1	29858978	18	GT
1	29859059	81	CT
1	29859060	1	AG
1	29859272	212	GA
1	29859986	643	GA
1	29860188	202	CT
1	29860654	466	CT
1	29861544	484	GC
1	29862312	657	CT
1	29863364	1052	AG
1	29863698	334	CT
1	29864398	700	TC
1	29864476	78	CT
1	29866712	1730	AG
1	29867623	911	AG
1	29867634	11	CT
1	29868347	713	AT
1	29869311	439	CT
1	29869347	36	GA
1	29869705	358	CT
1	29869748	43	CT
1	29870481	699	TA
1	29875220	1577	AG
1	29876778	562	GC
1	29876779	1	GA
1	29897564	15326	TC
1	29898118	510	AT
1	29898501	383	AG
1	29898520	19	CA
1	29900315	1485	GT
1	29901744	1405	TG
1	29903830	2086	CA
1	29907231	2171	AG
1	29911611	4041	GA
1	29915441	3600	CT
1	29915663	222	CT
1	29915679	16	TG
1	29917495	1816	GA
1	29925297	2294	GA
1	29925315	18	TC
1	29937418	5058	TC
1	29937419	1	CT
1	29938099	680	TC
1	29939996	1490	CG
1	29940638	642	CT
1	29948909	4231	TC
1	29949374	178	GC
1	29949654	280	CT
1	29950722	893	AG
1	29950937	215	TA
1	29951063	126	GA
1	29951496	433	CT
1	29952694	1145	TC
1	29952951	257	CT
1	29953054	103	TC
1	29953303	174	GC
1	29953714	411	GA
1	29955099	1130	GA
1	29956020	921	GA
1	29956030	10	TC
1	29956094	64	TC
1	29956577	424	CT
1	29956905	328	CT
1	29957054	149	CT
1	29957433	379	AG
1	29957639	206	TG
1	29957673	34	AG
1	29957859	186	CA
1	29957910	51	GA
1	29958245	335	GA
1	29958732	487	GA
1	29959818	1016	GA
1	29963116	3109	AG
1	29965330	2162	AG
1	29965757	427	TC
1	29970498	2191	GA
1	29970851	353	GA
1	29970968	117	TC
1	29975269	1516	GA
1	29975344	75	AC
1	29975347	3	GA
1	29975738	111	CG
1	29975741	3	CT
1	29976720	197	GA
1	29976792	72	AG
1	29977184	131	GC
1	29977200	16	TC
1	29977243	43	TC
1	29977503	260	CG
1	29979340	1837	GT
1	29979406	66	CT
1	29979842	436	GA
1	29980655	813	GA
1	29981157	502	GA
1	29981582	425	CT
1	29981843	261	CT
1	29981931	88	CT
1	29982040	109	GC
1	29982130	90	GA
1	29982505	375	AG
1	29982650	145	GT
1	29983022	372	GA
1	29983399	314	CG
1	29984518	832	GA
1	29985150	632	AT
1	29986620	1437	AG
1	29991153	2250	GA
1	29991323	170	AG
1	29993602	1439	GT
1	29993649	47	CT
1	29993758	109	GA
1	29993766	8	GA
1	29993820	54	CA
1	29993859	39	GC
1	29995889	541	AG
1	29996040	33	GA
1	29996078	38	CT
1	29996595	517	GT
