1	73	73	TC
1	207	134	AC
1	400	193	AG
1	426	26	TC
1	444	18	GA
1	1739	1147	TC
1	2461	722	GA
1	2837	376	AG
1	2842	5	GA
1	5847	2483	TG
1	6137	234	CG
1	6350	213	TC
1	8240	1341	CT
1	9320	1080	GA
1	10668	1116	CT
1	11467	799	CT
1	11525	58	CT
1	12268	743	CT
1	12505	141	CA
1	15209	2267	TC
1	16591	1258	TC
1	16877	286	AC
1	17445	568	CT
1	21092	2869	AT
1	24438	3050	GA
1	25699	894	CT
1	25741	42	GA
1	25783	42	CT
1	25819	36	GC
1	26103	284	CA
1	29327	2337	GA
1	29438	111	TC
1	29600	162	AT
1	29714	114	GA
1	30012	298	GA
1	30107	95	AG
1	30114	7	AG
1	30149	35	CT
1	30747	598	CA
1	30774	27	CT
1	30777	3	AT
1	33751	2470	CT
1	36024	1650	TC
1	36166	142	GA
1	37673	728	AC
1	38439	712	AG
1	39545	898	TC
1	40443	898	GC
1	40754	311	CT
1	41134	380	TC
1	41937	803	CT
1	41938	1	GA
1	42944	1006	CA
1	45199	2041	GA
1	45607	408	GC
1	46534	927	GA
1	47726	1192	GC
1	51359	3614	TC
1	51622	263	AC
1	51698	76	GA
1	52310	612	CT
1	55759	2334	CG
1	58685	1459	AG
1	60247	1489	CT
1	60328	81	AG
1	60351	23	AG
1	61115	764	CT
1	62610	984	TC
1	63048	368	CT
1	63580	532	GC
1	67326	3483	TC
1	68368	963	CT
1	70152	1431	CT
1	70615	463	AG
1	71895	1123	GC
1	75436	3182	AG
1	76079	438	GA
1	76579	500	GA
1	76805	226	AG
1	76950	145	GT
1	77050	100	AG
1	77472	422	GA
1	81770	3084	GT
1	82460	690	GA
1	83085	625	CT
1	83256	171	GA
1	83829	527	CT
1	83883	54	AG
1	83939	56	CG
1	84067	128	TC
1	85621	1468	AG
1	85995	257	CA
1	86283	288	GA
1	87007	612	CT
1	90667	1685	CT
1	91099	432	TA
1	91671	572	TC
1	92501	780	GA
1	94239	1388	GT
1	94777	538	CT
1	95657	880	GA
1	98983	2529	GA
1	99402	419	GT
1	99565	163	CT
1	99634	69	AG
1	99931	297	CA
1	104649	2920	TC
1	104891	242	TC
1	106322	1431	AG
1	106783	461	AG
1	107180	397	GA
1	107271	91	GA
1	107483	212	CT
1	107604	121	TC
1	108152	548	AG
1	108598	446	CT
1	110101	1082	CT
1	110400	299	CT
1	110464	64	TC
1	110475	11	CT
1	113049	2442	CT
1	113973	924	CA
1	114228	255	CT
1	115705	1045	AG
1	116037	332	CT
1	116226	189	CA
1	117645	1273	CT
1	118108	463	GA
1	118768	604	CT
1	118928	160	CT
1	118982	54	CT
1	119332	350	AG
1	119430	98	GT
1	120013	299	TC
1	120155	142	TG
1	120270	115	CT
1	120514	244	AG
1	120592	78	TC
1	120619	27	GC
1	121560	910	GT
1	122128	568	CT
1	122382	220	AC
1	123481	961	TC
1	123681	200	TG
1	124184	480	AT
1	124467	217	CT
1	124494	27	AG
1	124497	3	TC
1	124905	408	TC
1	125961	1056	AC
1	131014	4000	GT
1	131701	687	GA
1	131758	57	CG
1	132254	410	CT
1	134735	2314	AG
1	141035	5142	CT
1	142093	1018	AG
1	144187	1864	CT
1	145172	985	AG
1	146469	1297	GA
1	151642	3962	CT
1	153367	1725	CT
1	153822	248	TC
1	155312	1459	GA
1	157649	2152	CG
1	158081	432	GA
1	158703	622	CT
1	158844	141	CT
1	159446	538	CG
1	160962	1335	TC
1	160989	27	CT
1	161983	758	GC
1	166418	3638	TC
1	173463	6089	GA
1	175551	1898	GT
1	175609	58	GA
1	175902	293	CT
1	175994	92	AG
1	177755	1495	TG
1	177831	76	AG
1	180060	2176	GA
1	180219	159	CT
1	193543	10260	AG
1	197038	3414	AG
1	197086	48	AG
1	197545	459	CT
1	198266	182	CT
1	198835	569	TC
1	199032	197	GA
1	199244	212	CT
1	199768	524	CT
1	200058	237	AG
1	200189	131	AG
1	201649	1321	TC
1	201753	104	TC
1	202629	876	CT
1	203374	616	TC
1	205159	1785	GA
1	205496	299	AC
1	206078	582	AG
1	206694	582	CT
1	206809	115	CT
1	206977	168	TG
1	209314	1323	CT
1	209989	675	AC
1	210039	50	GA
1	210876	837	CT
1	210898	22	CT
1	211365	467	GC
1	213365	1792	GA
1	216327	2351	TC
1	218599	1864	GC
1	219117	467	CT
1	219885	768	CT
1	221874	1893	GA
1	222070	196	CT
1	228798	6119	GA
1	229206	302	GA
1	230462	900	AC
1	233617	2928	CA
1	235088	759	GT
1	235470	382	AG
1	239432	3526	CG
1	240152	324	CT
1	247752	6450	AG
1	248780	1010	AG
1	250249	1397	GA
1	254404	1883	TC
1	254955	428	GA
1	258271	2595	TC
1	259393	1096	AG
1	259655	262	CT
1	260200	545	AC
1	262118	1563	TC
1	262990	323	TC
1	263056	66	GA
1	264948	1642	TG
1	264952	4	GA
1	264978	26	CG
1	265201	223	GA
1	266329	312	TC
1	266455	126	AG
1	268041	1526	AG
1	268417	376	AT
1	268734	293	AC
1	269902	453	CT
1	272427	1865	AG
1	273056	629	GA
1	273170	114	CG
1	273351	146	CG
1	273555	204	GC
1	273751	196	CT
1	274108	271	CT
1	274126	18	TC
1	274599	473	TG
1	274626	27	GA
1	275336	681	GA
1	275337	1	AC
1	275479	142	CG
1	275682	203	AT
1	275689	7	CT
1	275829	140	GA
1	276510	681	AG
1	276812	278	CT
1	277031	219	CG
1	277429	88	AG
1	278842	1413	CT
1	279019	177	TC
1	279349	330	GA
1	280956	1279	GT
1	282065	406	GA
1	283819	1403	CT
1	284046	227	GA
1	284128	82	GT
1	284257	129	GA
1	285527	1085	CT
1	286113	530	TC
1	287534	714	CA
1	287945	411	GA
1	288509	564	CT
1	289284	775	CT
1	291348	1676	GA
1	291438	90	CT
1	291687	249	CT
1	291882	195	CT
1	291891	9	GA
1	291936	45	CT
1	292674	738	GA
1	293896	959	TG
1	295746	1738	GA
1	295771	25	TC
1	296140	369	GA
1	296304	164	CG
1	296558	254	GC
1	297867	1309	GA
1	297994	127	CG
1	298046	52	GA
1	298335	289	TC
1	298504	169	CT
1	298854	310	CG
1	298964	110	CG
1	300112	1006	AG
1	303080	2528	CT
1	303834	722	CT
1	307642	3440	CT
1	307929	287	CG
1	308227	298	AG
1	309529	761	GC
1	309706	177	CT
1	310702	996	CG
1	311916	971	GA
1	312308	392	CT
1	312747	439	GA
1	315362	2149	AG
1	318460	2784	CT
1	318948	488	TC
1	319500	552	AG
1	319943	443	AC
1	319979	36	GA
1	320106	127	CA
1	320656	304	AG
1	320909	253	CA
1	320970	61	TC
1	321489	519	GA
1	321958	469	AT
1	322227	114	CG
1	322616	389	GA
1	323220	604	GA
1	325885	2366	CT
1	326821	936	CT
1	333273	5535	CT
1	344378	5962	CT
1	344402	24	CT
1	344508	106	CT
1	344568	60	CG
1	344663	95	GT
1	346333	1639	CT
1	347122	789	TC
1	348605	1240	CT
1	353001	2553	TA
1	353057	56	GT
1	353905	396	CT
1	361995	2119	TC
1	368713	3123	TC
1	369813	1058	GA
1	376001	4602	TC
1	378106	1557	GA
1	379476	1295	AG
1	400054	9919	CG
1	400304	250	TC
1	400362	58	CT
1	400809	447	CT
1	401885	697	CT
1	401980	95	CT
1	403180	512	AG
1	403213	33	TC
1	403375	162	TC
1	403418	43	AG
1	403446	28	AC
1	403578	132	GA
1	403942	364	CT
1	408048	1288	CT
1	408902	794	GA
1	410153	734	CA
1	412206	1486	GA
1	412213	7	AG
1	412230	17	TC
1	412231	1	GA
1	412265	34	GA
1	412660	395	CA
1	412778	118	GA
1	412819	41	CT
1	412887	68	CT
1	412904	17	GT
1	412973	69	GA
1	413008	35	GA
1	415734	1369	GA
1	415746	12	TC
1	419717	2832	AG
1	419761	44	AT
1	419851	90	AG
1	419858	7	GA
1	419908	50	AG
1	421385	623	TG
1	421816	431	TC
1	422109	293	GA
1	422203	94	TC
1	422806	408	CG
1	422854	48	CT
1	422877	23	CA
1	422900	23	GA
1	423064	164	GA
1	423284	220	TC
1	423529	245	GA
1	423631	102	CT
1	425035	1184	CG
1	425102	67	CT
1	426021	919	AC
1	426057	36	CT
1	426786	493	GC
1	426823	37	TC
1	427263	440	GA
1	428194	551	CT
1	428381	187	TC
1	428675	294	TC
1	428702	27	CT
1	428818	116	TC
1	429058	240	TC
1	429159	101	GC
1	429522	363	TG
1	430336	412	GT
1	430378	42	GA
1	431322	670	CT
1	431439	117	CT
1	431612	173	GA
1	431668	56	GT
1	431936	268	GT
1	432286	350	TC
1	434364	1669	CG
1	434478	114	GA
1	435250	636	CG
1	435332	82	CT
1	435333	1	AG
1	435419	86	CT
1	435911	492	TC
1	436451	398	AG
1	436562	111	CG
1	437108	546	CT
1	437387	279	CT
1	438080	693	CT
1	438642	562	AG
1	443884	4794	GA
1	444346	462	GA
1	445085	710	GC
1	445602	517	CG
1	446080	478	CT
1	446082	2	AT
1	446670	588	AG
1	446826	156	GA
1	449050	1769	CT
1	451990	1987	TC
1	452562	572	GC
1	452575	13	CG
1	454074	1332	GA
1	454242	168	GT
1	454561	319	CT
1	454644	83	GC
1	455068	424	GA
1	456298	1163	GT
1	456834	244	CT
1	456849	15	GA
1	457006	157	AG
1	457142	136	GC
1	457314	172	CT
1	458368	636	AG
1	458611	243	TC
1	459589	978	TC
1	459622	33	AG
1	460470	485	TG
1	461999	846	CG
1	462603	604	CT
1	463069	466	CT
1	463432	363	TC
1	463813	381	CT
1	463865	52	CG
1	465462	1378	CT
1	466987	1355	GC
1	468656	1298	GA
1	473572	2773	AC
1	474621	359	TC
1	475089	468	CT
1	475315	190	TC
1	476616	246	TC
1	477227	386	GA
1	477510	283	TA
1	477539	29	AG
1	477959	420	GA
1	478615	507	AG
1	478724	109	CT
1	478780	56	TC
1	478999	219	AG
1	479623	105	GA
1	480326	703	AG
1	480553	227	AT
1	480558	5	CT
1	480573	15	CT
1	480752	179	CT
1	481202	318	GT
1	481323	121	AG
1	481383	60	AG
1	482503	284	TC
1	482925	236	CT
1	483922	288	GT
1	484479	361	GA
1	485294	680	CT
1	485773	162	TC
1	488196	725	TG
1	488648	346	CT
1	489797	451	AG
1	489807	10	CG
1	490559	567	TA
1	493645	930	GA
1	495408	548	GA
1	495566	158	GA
1	498108	766	GA
1	498783	656	GA
1	499470	406	AG
1	499544	74	AG
1	499980	436	TC
1	500142	162	TC
1	500530	388	AG
1	501319	417	GC
1	501766	360	GA
1	503446	635	TC
1	503734	112	AG
1	503782	48	CT
1	503874	92	GA
1	503879	5	GC
1	503914	35	AG
1	504410	317	AG
1	504667	257	CT
1	504792	125	TC
1	505306	314	AG
1	505354	48	AG
1	505407	53	AG
1	550018	27451	AG
1	551342	580	GA
1	585871	20902	CT
1	588986	1736	CG
1	589018	32	TA
1	589028	10	TC
1	589146	118	CT
1	589225	79	TC
1	589268	43	GA
1	589287	19	AG
1	589411	124	TC
1	591811	1169	GA
1	591828	17	AG
1	596602	743	AG
1	608434	3870	TC
1	608511	77	GA
1	608579	68	GA
1	608611	32	GT
1	608796	100	GA
1	609084	288	TG
1	609165	81	TC
1	609194	29	AG
1	609326	132	AG
1	609340	14	GC
1	609396	56	TC
1	609764	213	AG
1	610032	268	TG
1	610655	623	TG
1	611032	377	TG
1	614302	2029	GA
1	614668	366	AC
1	615037	369	AG
1	618525	2550	AT
1	618819	228	CT
1	618856	37	AG
1	619245	389	TC
1	619289	44	AT
1	625197	4293	CT
1	625342	145	TC
1	625601	259	GT
1	626223	622	TA
1	626224	1	GT
1	626442	218	GA
1	626673	231	TC
1	627144	471	TG
1	627411	267	AG
1	627430	19	AG
1	627532	102	GA
1	628044	512	AT
1	629838	373	CT
1	632457	913	CA
1	632459	2	AC
1	632467	8	TC
1	632518	51	CG
1	633632	708	TC
1	634092	280	GA
1	635063	399	GA
1	635885	457	GA
1	636157	272	TC
1	637119	799	AC
1	637200	81	AG
1	637224	24	AC
1	637360	136	GA
1	637423	63	AG
1	640234	2495	AC
1	640301	67	CT
1	640373	72	CT
1	640389	16	GC
1	640409	20	CT
1	640603	194	CT
1	641017	414	AC
1	641068	51	AG
1	641555	487	TC
1	642174	619	GA
1	642237	63	GA
1	643491	1254	CT
1	643979	467	CT
1	644050	71	GC
1	644256	206	GT
1	644433	177	AG
1	644491	58	TC
1	644754	263	TG
1	644959	205	CT
1	645007	48	CT
1	645010	3	CT
1	645085	75	TC
1	645210	125	GA
1	645288	78	CT
1	645295	7	GA
1	645366	71	CT
1	645438	72	CT
1	645479	41	AT
1	646112	633	CA
1	646450	338	TC
1	646483	33	AG
1	646806	323	TC
1	647648	634	TC
1	648033	385	GT
1	648557	322	CT
1	648581	24	GA
1	648924	343	AG
1	649499	305	AC
1	649541	42	AG
1	650564	1023	GA
1	650772	208	CT
1	650892	120	CT
1	651454	562	TC
1	651460	6	GA
1	651814	354	GA
1	651877	63	CT
1	652223	346	AG
1	652277	54	AT
1	652323	46	TC
1	652383	60	GT
1	652789	406	TC
1	653068	112	AG
1	653072	4	GA
1	653089	17	GA
1	653597	78	TA
1	653819	222	GT
1	653960	141	AC
1	654487	527	TC
1	654519	32	GA
1	654538	19	AG
1	657500	965	CT
1	657629	129	CA
1	657637	8	CT
1	657676	39	TG
1	657705	29	AG
1	657734	29	AG
1	657861	127	TC
1	657892	31	CT
1	657902	10	TA
1	659734	1238	TA
1	659842	108	AG
1	661959	1265	TC
1	662031	72	AC
1	662054	23	GT
1	662200	146	AG
1	662424	224	TG
1	663037	566	CA
1	663880	843	CT
1	664285	405	GC
1	664550	265	TC
1	665441	822	GA
1	665782	162	GA
1	667742	764	AG
1	667806	64	CT
1	671478	2020	GA
1	671672	194	GT
1	671750	78	GA
1	671758	8	GA
1	673519	687	GA
1	674124	605	CT
1	674549	425	CG
1	674577	28	GA
1	674616	39	TC
1	674733	117	CT
1	674739	6	AG
1	674783	44	AT
1	674802	19	GA
1	674865	63	GA
1	676001	633	GA
1	676137	136	TC
1	676154	17	GA
1	677626	1387	GA
1	677699	73	GA
1	677747	48	TC
1	677769	22	GA
1	678247	478	GA
1	678589	86	CT
1	678911	162	GA
1	679036	125	GT
1	679167	131	CT
1	679553	386	AG
1	679818	265	TC
1	679965	147	AG
1	682152	758	GT
1	682333	181	GC
1	683281	948	CG
1	683527	246	GA
1	683714	187	CT
1	689673	3983	GA
1	689742	69	GA
1	692926	2054	GA
1	704221	7627	CT
1	704240	19	TC
1	704275	35	GA
1	704304	29	TC
1	704506	202	TC
1	704642	136	GT
1	704908	97	GT
1	705373	465	CT
1	705598	225	AG
1	705784	186	GA
1	705912	128	GA
1	705924	12	CA
1	706402	423	GC
1	707419	1017	GA
1	709155	1145	GC
1	712785	3057	GA
1	712860	75	GA
1	713447	410	CT
1	713696	249	TC
1	728640	9751	CT
1	729205	565	CT
1	731510	1436	GA
1	731625	115	TC
1	731729	104	GA
1	731869	140	GA
1	731948	79	GA
1	732321	373	GC
1	732888	501	AG
1	732959	71	CT
1	733106	147	CG
1	733306	126	AG
1	733661	313	TC
1	733761	100	GA
1	733807	46	GA
1	733831	24	CT
1	733845	14	AC
1	733853	8	CT
1	733865	12	TC
1	734071	206	AG
1	734394	270	CT
1	735593	1199	TG
1	735605	12	GT
1	735850	245	CT
1	737054	256	CT
1	737076	22	TC
1	737079	3	CT
1	737128	49	GC
1	737171	43	CT
1	737486	315	AG
1	737488	2	GA
1	737494	6	GA
1	737514	20	TG
1	737529	15	TC
1	737600	71	GA
1	739174	259	GT
1	739325	151	TC
1	740187	523	AG
1	740759	572	TC
1	740964	205	TC
1	741155	191	CA
1	742854	1515	GC
1	742925	71	TC
1	743120	195	AC
1	743276	156	GC
1	743291	15	GA
1	743385	94	GA
1	743508	123	AG
1	744538	394	CG
1	744844	188	CT
1	744907	63	CT
1	744941	34	AG
1	745020	79	CT
1	745170	150	GA
1	745305	135	AG
1	745506	201	GA
1	745561	55	GA
1	745563	2	GA
1	746179	616	GT
1	747257	997	CT
1	747345	88	TC
1	747831	486	GA
1	748033	202	TC
1	748110	77	AG
1	748413	303	TC
1	748739	282	CA
1	749005	266	GA
1	749109	104	CT
1	750113	904	CT
1	750114	1	CG
1	750192	78	CA
1	750233	41	CA
1	750366	133	AT
1	750397	31	AG
1	750400	3	GA
1	750827	427	GA
1	753638	1992	CT
1	754353	715	GA
1	754829	206	AG
1	754832	3	CT
1	755222	390	GA
1	755270	48	TC
1	755297	27	GC
1	755298	1	GA
1	756135	837	GA
1	756233	98	AC
1	756895	662	AG
1	757146	251	TC
1	757160	14	AG
1	757172	12	GA
1	757396	224	TC
1	757571	175	CT
1	758341	496	TG
1	758657	316	CA
1	758668	11	AG
1	758683	15	GC
1	758885	202	CG
1	758990	105	GA
1	759198	208	AG
1	759558	360	AT
1	759629	71	GA
1	760269	599	GC
1	760616	347	TG
1	760651	35	GA
1	761270	558	CT
1	761430	160	TG
1	761629	177	CT
1	761673	44	GA
1	762490	167	TA
1	767013	1465	AT
1	767661	21	CT
1	767662	1	GC
1	767894	232	CT
1	768003	109	CT
1	768363	299	GA
1	768470	107	CT
1	770572	1827	GA
1	770766	194	TG
1	771247	481	GT
1	771897	650	TA
1	772168	271	GA
1	772722	194	CT
1	777136	3077	CA
1	777515	379	AG
1	777684	169	CT
1	777757	73	GA
1	777818	61	CT
1	777998	180	CT
1	778082	84	GA
1	778182	100	CA
1	779279	566	CT
1	779875	570	GA
1	779877	2	AC
1	786710	3503	CT
1	786854	144	CT
1	787160	306	CT
1	787164	4	CA
1	788022	556	GA
1	788180	158	GC
1	789040	491	AC
1	789666	324	TC
1	790792	783	TC
1	790952	160	GA
1	791016	17	GA
1	791028	12	GT
1	791407	379	GA
1	791544	137	GA
1	791595	51	TC
1	791654	59	GA
1	792338	684	AG
1	792593	255	CT
1	792677	84	CT
1	792699	22	TC
1	792799	100	AC
1	792836	37	GC
1	792902	66	AG
1	792927	25	TG
1	793248	321	AG
1	793336	88	GA
1	794309	973	GA
1	799896	4651	AG
1	799979	83	GA
1	800131	152	GA
1	800139	8	CT
1	800148	9	GA
1	800432	284	TC
1	800459	27	GA
1	800598	139	GC
1	802122	675	AT
1	802130	8	GA
1	803343	1213	CT
1	804158	754	GA
1	806582	2067	CT
1	807529	947	GA
1	809775	934	CG
1	809854	79	AG
1	810196	193	CT
1	812237	1098	AG
1	812442	205	GC
1	812661	219	GC
1	812726	65	TC
1	812908	182	TC
1	813011	103	GA
1	813479	468	TC
1	813619	140	CT
1	813628	9	TG
1	813927	299	GA
1	814038	111	CT
1	814233	195	GC
1	815191	439	AG
1	815215	24	GA
1	815716	206	GA
1	816043	327	CT
1	817020	289	CG
1	817541	521	GC
1	817544	3	GA
1	818075	531	TC
1	818429	205	CT
1	818620	157	CT
1	819899	1017	CT
1	820503	604	TC
1	822740	1411	TC
1	833761	6999	CT
1	841403	6542	AT
1	898707	47452	GT
1	898715	8	GA
1	913500	10795	AG
1	913639	139	GA
1	913950	113	AG
1	913955	5	TC
1	913973	18	TC
1	913978	5	TC
1	914350	372	TC
1	916715	1462	CG
1	919610	2454	AC
1	922663	2490	AG
1	922781	118	AG
1	923528	339	GA
1	923862	334	CG
1	924003	141	AG
1	924023	20	TC
1	924050	27	CA
1	924683	540	AG
1	925130	447	AG
1	925238	108	CG
1	925569	331	TC
1	925627	58	CA
1	925795	61	CT
1	926131	84	AG
1	926432	301	TG
1	928137	1452	TC
1	928425	132	CT
1	928816	391	GC
1	929016	200	AG
1	929157	141	GC
1	933008	3683	CT
1	933827	697	GA
1	934706	843	TC
1	937647	2769	TC
1	937705	58	GC
1	937781	76	GA
1	937808	27	AG
1	937940	132	GC
1	937942	2	CT
1	938071	129	GC
1	941119	1585	GA
1	941177	58	CG
1	941295	118	TG
1	942186	525	AG
1	946280	2290	TC
1	947058	667	CT
1	947392	334	GA
1	949180	1788	AG
1	949992	812	GA
1	952531	1604	CT
1	954734	2062	AG
1	957018	1548	GA
1	957167	149	CT
1	957168	1	AT
1	957650	482	CT
1	961318	2999	TC
1	961376	58	CA
1	962738	1318	AG
1	964183	1319	AG
1	964293	110	TA
1	964759	167	TC
1	964772	13	AC
1	965116	202	TC
1	966943	1624	CG
1	967173	149	CT
1	969082	1909	TC
1	969947	805	AG
1	969994	47	CG
1	970262	268	AG
1	970467	205	GA
1	970550	83	AT
1	970832	282	GA
1	971395	563	TC
1	971673	278	GA
1	972354	681	TG
1	972485	131	TG
1	972787	266	CA
1	974849	2043	GA
1	975478	629	TC
1	976503	1025	TA
1	977012	509	TA
1	980085	1781	CT
1	980088	3	AG
1	980096	8	CT
1	980139	43	GA
1	980425	181	AG
1	980528	103	CT
1	981148	549	AG
1	981281	133	GA
1	981448	167	AG
1	982792	229	CG
1	982958	166	CT
1	983893	903	AC
1	984848	955	AG
1	986007	924	GT
1	987266	1008	TC
1	987815	549	CA
1	988253	376	GC
1	988676	423	GA
1	990866	2044	GC
1	991548	682	GC
1	993509	1524	TG
1	998706	3488	CT
1	998765	59	GA
1	999011	246	GC
1	1004454	5179	TC
1	1008646	3636	GA
1	1009251	554	CT
1	1009310	59	CT
1	1009312	2	CT
1	1010483	830	GC
1	1013185	2272	GC
1	1014369	1167	TC
1	1014513	144	AG
1	1014781	268	CT
1	1021531	1080	AG
1	1023099	1568	CT
1	1023256	157	TC
1	1023313	57	CT
1	1023876	528	CT
1	1023963	87	TC
1	1024101	138	TC
1	1024303	134	AG
1	1024461	158	TA
1	1024482	21	GT
1	1024979	497	TG
1	1025500	276	AG
1	1025505	5	AG
1	1025544	39	GA
1	1026102	248	TG
1	1026158	56	TC
1	1026927	769	TA
1	1027164	237	AC
1	1027961	797	TC
1	1028802	736	CG
1	1030645	880	TC
1	1032445	509	GA
1	1033560	983	CT
1	1034577	1017	CG
1	1034644	67	TA
1	1034992	348	GA
1	1038412	2522	TG
1	1039474	439	AG
1	1046646	3881	TA
1	1049591	2625	CA
1	1050286	535	CA
1	1050452	166	CG
1	1050684	207	GC
1	1051078	394	AG
1	1051205	127	GA
1	1051429	224	TC
1	1051515	86	CA
1	1052139	252	CT
1	1052397	258	CG
1	1052425	28	TG
1	1052932	507	GC
1	1053225	293	CT
1	1053993	768	CG
1	1054003	10	TC
1	1054042	39	GA
1	1054120	78	GT
1	1054537	417	TA
1	1055759	1163	GA
1	1056926	1145	CT
1	1057919	993	GT
1	1062833	1701	AT
1	1063982	1095	AC
1	1064183	201	TC
1	1064594	411	TC
1	1064761	167	GT
1	1064969	208	CT
1	1065269	169	AG
1	1065369	100	CT
1	1065641	272	GC
1	1065686	45	CT
1	1065747	61	CT
1	1065778	31	CT
1	1066858	682	GA
1	1067395	97	GA
1	1068032	637	AC
1	1068301	269	AG
1	1068576	275	CT
1	1068696	80	AG
1	1068820	124	GT
1	1069646	826	TC
1	1070140	494	TC
1	1071565	1272	GC
1	1071847	282	GA
1	1071913	66	TC
1	1078420	2873	AG
1	1078507	87	GA
1	1080157	254	CG
1	1083906	2689	AT
1	1084569	663	GA
1	1084719	150	CT
1	1084720	1	AG
1	1084759	39	TC
1	1085905	1146	TC
1	1086063	158	CA
1	1086441	378	AG
1	1086862	421	GC
1	1087279	375	GA
1	1087324	45	GA
1	1089448	1348	GC
1	1089666	218	CG
1	1089934	268	CT
1	1090103	56	TA
1	1092123	1803	GT
1	1092169	46	CA
1	1092283	114	GA
1	1092484	201	CT
1	1092571	87	GA
1	1092673	102	TC
1	1092828	155	GA
1	1094876	1963	AC
1	1095165	289	CT
1	1095324	159	CG
1	1095534	210	AC
1	1095632	98	CG
1	1095848	216	CT
1	1096116	268	AC
1	1096268	152	CT
1	1096313	45	CA
1	1096317	4	AG
1	1096355	38	GA
1	1096364	9	GT
1	1096367	3	TC
1	1096766	354	GT
1	1096980	214	GC
1	1098062	328	TC
1	1098105	43	CG
1	1098247	142	AC
1	1102563	796	CT
1	1102859	296	CT
1	1103370	227	AG
1	1103682	312	AG
1	1103694	12	AG
1	1103840	146	GA
1	1103953	113	CT
1	1104136	183	CT
1	1104186	50	CT
1	1104187	1	AG
1	1104493	186	GA
1	1104651	158	CT
1	1106461	1306	CT
1	1107701	1029	GA
1	1108323	622	TC
1	1110252	1333	TC
1	1110524	272	CT
1	1110633	109	TC
1	1111266	583	CT
1	1111526	260	GC
1	1111535	9	CT
1	1112374	839	CA
1	1114778	1926	GA
1	1118187	2667	CT
1	1119559	1063	GA
1	1120295	399	AG
1	1120767	472	CT
1	1120792	25	TA
1	1120880	88	GT
1	1121211	291	GA
1	1121670	459	CT
1	1123982	252	TC
1	1124273	48	CG
1	1124339	66	CG
1	1124431	92	TG
1	1124446	15	GC
1	1124560	114	AG
1	1124693	133	CA
1	1126107	1414	CG
1	1126381	274	CT
1	1127121	148	TC
1	1127167	46	AG
1	1127304	137	CG
1	1127947	119	CT
1	1127966	19	AG
1	1128306	340	TC
1	1128332	26	AT
1	1128455	123	TC
1	1128476	21	AG
1	1128509	33	TC
1	1128715	206	CT
1	1128742	27	CG
1	1128771	29	GT
1	1129017	165	TC
1	1129033	16	GT
1	1129324	291	GA
1	1129333	9	GA
1	1129407	74	TC
1	1129469	62	AG
1	1129476	7	TC
1	1129565	89	AG
1	1130469	79	GA
1	1130540	71	TG
1	1130711	171	AC
1	1130970	259	CT
1	1131740	445	CT
1	1132341	235	TC
1	1132382	41	GA
1	1132446	64	TC
1	1132458	12	TC
1	1132482	24	CT
1	1133854	929	TC
1	1134132	278	GA
1	1134168	36	AC
1	1134445	200	GA
1	1134459	14	TC
1	1134740	281	TC
1	1135039	299	AG
1	1135088	49	CT
1	1135340	252	TA
1	1135438	98	CT
1	1136085	647	AC
1	1136325	240	CA
1	1136334	9	TC
1	1137704	694	GA
1	1137775	71	GC
1	1137908	133	AG
1	1138124	216	AG
1	1138243	119	CT
1	1138273	30	CT
1	1139064	791	GT
1	1139151	87	GA
1	1142531	2880	CT
1	1143559	1028	CT
1	1143560	1	AG
1	1144110	550	AT
1	1144407	297	CT
1	1144550	143	AG
1	1145829	1279	CT
1	1150811	3818	CT
1	1158531	6440	GT
1	1164501	3511	TC
1	1165501	1000	GC
1	1204315	32430	TC
1	1204777	462	TC
1	1205400	571	GA
1	1205649	249	TC
1	1205829	180	CT
1	1206039	210	CT
1	1206763	724	TC
1	1207781	927	TC
1	1209539	1758	TC
1	1210895	1234	TC
1	1211046	151	AC
1	1211571	525	AG
1	1211589	18	AG
1	1214870	2416	AG
1	1215153	283	TG
1	1215549	366	TC
1	1215584	35	CT
1	1215770	186	TA
1	1216612	353	GA
1	1216619	7	GA
1	1216674	55	AG
1	1216796	122	TC
1	1217870	1074	AT
1	1218736	467	CT
1	1218967	231	AG
1	1219077	110	GA
1	1222019	2683	TG
1	1222052	33	GA
1	1222254	202	TC
1	1222620	366	CA
1	1224122	1449	CA
1	1225283	1009	GA
1	1225420	137	AG
1	1228084	2170	TC
1	1229868	1305	GA
1	1229896	28	CA
1	1230760	572	CT
1	1231152	392	AG
1	1231358	206	GA
1	1232815	1274	AC
1	1236842	3520	AG
1	1237015	173	CG
1	1237561	546	GA
1	1238958	1397	CT
1	1239524	451	TC
1	1239549	25	CG
1	1239894	345	TC
1	1240726	777	GC
1	1240871	145	GA
1	1245154	3706	TC
1	1245365	211	GA
1	1245569	204	AG
1	1245697	128	CT
1	1245823	126	TC
1	1245973	150	CT
1	1247521	1168	AT
1	1247563	42	CT
1	1247954	391	GA
1	1250247	909	CT
1	1250588	341	AC
1	1250892	304	CT
1	1252035	877	CT
1	1252043	8	AC
1	1252134	91	TC
1	1252163	29	TC
1	1252400	237	CA
1	1253260	277	TC
1	1253685	425	TC
1	1253768	83	GA
1	1254269	460	AC
1	1254400	38	TC
1	1254502	38	CT
1	1254657	127	AT
1	1255130	412	AC
1	1255524	394	TC
1	1255971	447	TC
1	1256629	658	GC
1	1258891	1147	TC
1	1258919	28	AT
1	1259416	303	AG
1	1259690	274	AT
1	1260034	344	CT
1	1260189	155	CT
1	1260454	265	CG
1	1261754	387	CT
1	1263746	1770	TG
1	1263774	28	TC
1	1264126	167	GT
1	1264416	180	AG
1	1264419	3	GC
1	1264558	139	CT
1	1264858	262	GT
1	1264994	136	TC
1	1265520	526	GA
1	1265628	108	TC
1	1265629	1	GA
1	1265887	169	CT
1	1265892	5	CT
1	1266540	571	CT
1	1266839	173	GA
1	1266874	35	TA
1	1267578	71	AC
1	1267596	18	CT
1	1268757	970	TG
1	1273155	2308	AG
1	1276162	2291	AG
1	1276606	211	GA
1	1276778	172	AG
1	1277344	566	AG
1	1278912	650	GA
1	1279870	410	TC
1	1279888	18	CG
1	1279996	108	AG
1	1280900	881	GA
1	1282632	1640	TC
1	1282822	190	GA
1	1282949	127	CT
1	1283027	78	CT
1	1285968	234	TC
1	1286154	186	CT
1	1286207	53	CT
1	1297727	1280	GA
1	1298481	512	GC
1	1300283	1509	CA
1	1300293	10	CA
1	1301317	974	CT
1	1301410	93	GT
1	1303797	1617	TC
1	1304659	408	GT
1	1305356	443	GA
1	1306619	492	AG
1	1308114	1200	CT
1	1308511	397	CT
1	1311279	1321	TC
1	1313010	1731	TC
1	1314066	969	TA
1	1315226	1107	TC
1	1315233	7	TC
1	1315318	85	CA
1	1315486	168	AC
1	1316296	445	TC
1	1316473	25	CT
1	1320594	1885	TC
1	1321497	521	CG
1	1321930	433	TG
1	1322263	333	GA
1	1322291	28	CT
1	1323081	690	CG
1	1323428	197	CT
1	1324621	1008	CT
1	1325910	788	TC
1	1326134	224	AT
1	1326229	95	CT
1	1326481	252	AT
1	1326563	41	CT
1	1326646	83	TC
1	1327040	353	GT
1	1327620	353	GT
1	1327678	58	GA
1	1327908	230	CT
1	1327996	48	TC
1	1328039	43	CG
1	1328113	74	AC
1	1328136	23	TC
1	1328689	232	GA
1	1329619	899	GT
1	1333391	3059	TC
1	1333425	34	GA
1	1333848	423	CT
1	1334995	797	AG
1	1335079	84	GA
1	1335091	12	CG
1	1335639	507	CG
1	1335903	157	CT
1	1336099	196	GA
1	1336763	112	AG
1	1336814	51	GC
1	1336965	151	GA
1	1339535	505	GA
1	1340730	543	AC
1	1340760	30	CT
1	1341556	560	AG
1	1341634	78	AG
1	1341701	67	AG
1	1341833	132	TC
1	1343026	878	GC
1	1343138	112	AC
1	1344119	981	GA
1	1345018	678	CG
1	1346267	713	CT
1	1346716	449	AG
1	1347947	323	GC
1	1348691	568	CG
1	1348695	4	AG
1	1348889	194	GA
1	1349899	939	AG
1	1350017	118	AG
1	1350042	25	GA
1	1350100	58	GA
1	1350104	4	CT
1	1350129	25	GA
1	1350156	27	AC
1	1350301	145	TA
1	1350429	128	TC
1	1350586	157	TC
1	1351161	513	CT
1	1357050	5191	CT
1	1357458	337	GA
1	1362613	4175	AG
1	1362841	228	AC
1	1362855	14	AG
1	1363279	424	CG
1	1364531	701	AG
1	1365363	706	AC
1	1365477	114	TC
1	1366195	648	AG
1	1366481	286	TC
1	1366676	195	CG
1	1367021	345	TA
1	1367045	24	TC
1	1368814	1769	CT
1	1369509	695	CT
1	1369726	217	GA
1	1369885	159	GA
1	1372593	2645	GT
1	1378539	4568	TA
1	1379251	712	GC
1	1379936	491	AG
1	1382007	1052	TC
1	1383492	736	CT
1	1386149	1626	TC
1	1386473	324	GT
1	1389629	2647	AG
1	1391015	703	TG
1	1393409	2276	TC
1	1396797	2873	CT
1	1400009	1274	GT
1	1404131	1260	TA
1	1407430	2311	CA
1	1409484	1785	GA
1	1410623	737	TC
1	1410845	222	GA
1	1414112	2734	GA
1	1414922	810	TG
1	1416562	1231	TC
1	1418493	1018	CT
1	1418749	256	CT
1	1420171	1355	AT
1	1421331	826	CT
1	1423429	1773	CT
1	1430116	1932	TC
1	1431580	1236	AG
1	1436330	1779	GA
1	1437779	1080	TC
1	1438913	457	GT
1	1447005	3517	CT
1	1450257	2902	TC
1	1450597	340	CT
1	1451782	633	CT
1	1455247	2130	CT
1	1455481	234	AG
1	1455942	156	CT
1	1456525	583	GA
1	1463237	438	TG
1	1469216	1663	TC
1	1472803	2771	AG
1	1475014	1737	GT
1	1477746	1831	CG
1	1477759	13	AG
1	1477971	212	GT
1	1479624	1141	GA
1	1480643	794	CA
1	1481022	379	AT
1	1482106	745	TC
1	1521155	20766	GA
1	1521279	124	CG
1	1521737	458	TC
1	1548924	19748	GA
1	1550152	776	GA
1	1550228	76	TC
1	1550370	142	GA
1	1550566	196	GA
1	1551720	530	TA
1	1551838	118	TA
1	1552065	227	TC
1	1552171	106	CT
1	1552487	316	TC
1	1552627	140	GA
1	1557969	4346	AG
1	1564273	6087	CG
1	1564712	399	GA
1	1580396	12987	AG
1	1588067	6421	AT
1	1624810	22912	CT
1	1629413	3492	CT
1	1630719	1004	AC
1	1631427	648	AC
1	1632201	484	GC
1	1632422	221	CT
1	1632428	6	GA
1	1632557	36	GA
1	1633090	62	TC
1	1633511	421	TC
1	1633917	406	GA
1	1634083	166	AG
1	1634169	86	TC
1	1634582	308	AG
1	1634680	98	AG
1	1635123	443	AG
1	1635167	44	GT
1	1635444	277	GA
1	1636365	622	AT
1	1640407	2949	AG
1	1641800	625	CA
1	1642839	741	TA
1	1644967	2017	GA
1	1645043	76	AG
1	1645581	538	AG
1	1645748	167	GA
1	1646417	669	AG
1	1647497	801	GA
1	1647741	244	AG
1	1647756	15	AG
1	1648120	332	GA
1	1649081	809	GA
1	1649097	16	AC
1	1649160	63	GC
1	1649395	123	GA
1	1649695	51	CT
1	1650696	663	TC
1	1650726	30	AG
1	1651054	295	GA
1	1651342	288	TC
1	1651621	196	AC
1	1651720	99	AC
1	1651930	210	CT
1	1652185	255	CT
1	1652333	148	CG
1	1652577	244	CG
1	1653241	664	GA
1	1654404	796	CT
1	1654816	147	GA
1	1656149	657	CT
1	1666266	3946	CT
1	1668815	2048	CT
1	1675371	4296	CA
1	1676984	1330	TG
1	1683327	4016	TC
1	1685057	1108	GA
1	1690003	3907	AG
1	1698292	5260	CT
1	1700061	1453	CT
1	1700764	600	GA
1	1702502	1236	CT
1	1702914	358	CT
1	1706530	3149	CT
1	1713568	3090	GC
1	1714186	484	CT
1	1718498	3488	TC
1	1721186	2099	GC
1	1722860	599	CT
1	1726565	2433	TC
1	1727929	810	CT
1	1727931	2	CT
1	1727983	52	TC
1	1728931	343	GA
1	1728959	28	AG
1	1728971	12	CT
1	1730666	148	TC
1	1731659	558	AG
1	1732300	641	TG
1	1732458	158	TC
1	1732510	52	TC
1	1733024	514	AG
1	1733048	24	GA
1	1733050	2	TC
1	1733084	34	AG
1	1733095	11	AG
1	1733096	1	AT
1	1733098	2	TA
1	1733212	114	CT
1	1733266	54	AC
1	1733521	255	GA
1	1733597	76	TA
1	1733940	343	CT
1	1733957	17	AG
1	1734419	462	CT
1	1734765	346	TA
1	1736504	1535	AG
1	1737745	1241	CT
1	1737903	158	TG
1	1737929	26	GT
1	1737932	3	TA
1	1737950	18	GT
1	1737986	36	GT
1	1738022	36	TC
1	1738106	84	GA
1	1738185	79	GA
1	1738189	4	CT
1	1738248	59	AT
1	1738255	7	AG
1	1738343	88	GC
1	1738417	74	TC
1	1738433	16	CT
1	1738439	6	GT
1	1738470	31	TA
1	1739785	71	AT
1	1739827	42	AG
1	1739890	63	GC
1	1741743	898	AC
1	1741777	34	CT
1	1745031	1739	AG
1	1749375	2853	CG
1	1750854	1479	CT
1	1753919	1599	AG
1	1755532	1232	TC
1	1755923	391	TC
1	1763328	2370	CT
1	1766112	2391	GC
1	1766572	460	CT
1	1768234	791	CA
1	1768598	364	GA
1	1768666	68	GA
1	1768837	91	GA
1	1773616	1992	CT
1	1773647	31	AG
1	1773877	230	TC
1	1773966	89	CT
1	1774517	492	AG
1	1774547	30	GT
1	1774610	63	AG
1	1774721	111	AG
1	1774730	9	AG
1	1775296	469	GA
1	1776367	417	AG
1	1776870	503	GA
1	1778333	1197	GT
1	1778468	135	CT
1	1778512	44	TG
1	1778513	1	TG
1	1778547	34	CT
1	1778941	394	CT
1	1779475	149	TC
1	1779482	7	AG
1	1779617	135	AG
1	1779866	249	GA
1	1780715	672	GA
1	1781702	321	CT
1	1781742	40	TC
1	1781995	253	GA
1	1782941	620	CT
1	1783608	667	TC
1	1783793	185	CA
1	1783857	64	CT
1	1784096	239	GT
1	1784099	3	AG
1	1784272	173	GA
1	1784727	455	CT
1	1784815	88	TC
1	1784877	62	GA
1	1784941	64	GC
1	1784963	22	GT
1	1785574	303	AT
1	1785708	134	TC
1	1785848	140	AG
1	1785851	3	CT
1	1786436	585	TC
1	1786574	138	CT
1	1786880	306	AG
1	1789035	1693	CA
1	1792524	737	GC
1	1793979	784	TC
1	1794143	164	CT
1	1794509	141	AG
1	1795615	745	CT
1	1798574	1811	TC
1	1829055	23019	GA
1	1833095	3718	TC
1	1836103	1248	TC
1	1837525	1327	AG
1	1839300	1775	GA
1	1839842	512	AT
1	1840068	226	CG
1	1840072	4	CG
1	1840789	717	GA
1	1840875	86	AC
1	1840912	37	GA
1	1840990	78	GC
1	1840997	7	TC
1	1841030	33	TA
1	1841163	133	AC
1	1841193	30	AT
1	1841194	1	GA
1	1841477	283	GA
1	1841507	30	GC
1	1841534	27	TC
1	1841599	65	GA
1	1841634	35	AG
1	1842153	326	AG
1	1842251	98	CT
1	1842364	113	TC
1	1842377	13	TC
1	1844255	1623	AC
1	1844375	120	TC
1	1844396	21	GA
1	1844612	216	CG
1	1844848	207	AT
1	1845946	409	CT
1	1845955	9	TA
1	1846776	474	GA
1	1846812	36	GA
1	1846901	89	CT
1	1847118	217	GA
1	1847165	47	AG
1	1847461	296	CT
1	1847509	48	GA
1	1847523	14	CT
1	1847726	135	AG
1	1847948	150	CT
1	1847977	29	AG
1	1848002	25	GA
1	1848290	227	CT
1	1848312	22	TC
1	1848360	48	CG
1	1848773	324	GA
1	1848972	199	AG
1	1849078	106	CT
1	1849520	395	CT
1	1849784	264	TC
1	1850107	323	AG
1	1850116	9	CT
1	1850132	16	TA
1	1850270	138	CT
1	1851098	772	CA
1	1858468	5005	CT
1	1858511	43	AG
1	1858592	81	TC
1	1858599	7	GA
1	1858987	388	CT
1	1859396	409	GA
1	1860003	607	TC
1	1860035	32	GT
1	1860071	36	CG
1	1862534	1548	GA
1	1862572	38	TA
1	1863700	792	GA
1	1864057	357	GA
1	1864146	89	CA
1	1867379	2641	CA
1	1867595	101	GA
1	1869289	789	TG
1	1869635	346	CG
1	1869659	24	TC
1	1869746	87	AT
1	1870301	555	AG
1	1870345	44	GA
1	1870359	14	GA
1	1870367	8	AG
1	1870412	45	AG
1	1870609	197	AG
1	1876494	4997	AC
1	1877528	588	AT
1	1877578	50	TC
1	1877664	86	GT
1	1877693	29	TC
1	1877789	96	CT
1	1878027	238	CT
1	1878118	91	CG
1	1878344	226	AT
1	1878767	423	TG
1	1879204	181	CG
1	1879211	7	TC
1	1879566	355	GA
1	1879896	183	TC
1	1880090	194	GA
1	1881437	1067	GA
1	1883072	1405	AT
1	1883594	522	TC
1	1883605	11	TC
1	1883888	283	TC
1	1883945	57	TC
1	1883999	54	GA
1	1884458	459	CT
1	1886432	1943	AG
1	1886884	452	CT
1	1887416	504	GA
1	1887979	563	TG
1	1888108	129	CG
1	1889391	951	CT
1	1890533	1142	AG
1	1891124	591	TA
1	1891675	551	CT
1	1891702	27	GA
1	1892769	1006	TC
1	1892779	10	TC
1	1892810	31	AG
1	1893185	375	GA
1	1912411	15932	GA
1	1913654	1151	CT
1	1914840	1186	AG
1	1914887	47	CA
1	1915825	938	GC
1	1915942	117	CT
1	1916922	980	AT
1	1917938	1016	GA
1	1918879	941	AC
1	1920106	436	TC
1	1920122	16	CT
1	1921503	1381	CT
1	1922036	533	CG
1	1922040	4	AG
1	1922083	43	CT
1	1922120	37	TC
1	1922245	125	CT
1	1923285	1040	AG
1	1923491	206	TG
1	1923712	221	TC
1	1923720	8	GC
1	1924416	664	CT
1	1924587	171	CT
1	1929600	4594	TC
1	1930274	437	CA
1	1931699	745	CA
1	1931739	40	AG
1	1932250	464	CA
1	1932356	106	CT
1	1932435	79	CT
1	1932567	132	GA
1	1933013	416	CT
1	1933475	326	CT
1	1933965	243	TC
1	1933993	28	AG
1	1935076	1083	GT
1	1937107	1842	GA
1	1937413	306	GT
1	1937614	201	GA
1	1938514	552	CT
1	1940216	651	GA
1	1940455	239	GA
1	1943119	2428	CA
1	1943991	847	TC
1	1950614	3602	TC
1	1955004	2800	CT
1	1956901	1431	AG
1	1973520	13127	GT
1	1974338	796	TC
1	1979826	2646	GA
1	1980778	952	GA
1	1983088	1320	GA
1	1983429	341	GA
1	1986426	1964	GA
1	1989324	1753	AG
1	1991113	1489	GA
1	1993623	2306	CT
1	1993679	56	TC
1	1994038	359	TC
1	1994052	14	GA
1	1994392	340	GC
1	1994969	386	TG
1	1994984	15	AG
1	1995049	65	TA
1	1995052	3	CT
1	1995226	174	TG
1	1995287	61	CA
1	1995299	12	GA
1	1995352	53	GA
1	1995488	136	CT
1	1995554	66	TG
1	1995600	46	AT
1	1995604	4	AG
1	1995608	4	CT
1	1995716	108	AG
1	1995737	21	TA
1	1995875	138	TC
1	1996140	209	TC
1	1996141	1	GA
1	1996241	100	TC
1	1996249	8	CT
1	1996418	79	TC
1	1997516	901	AT
1	1997526	10	CG
1	1998282	259	GA
1	1998371	89	AT
1	1998410	39	AG
1	1998424	14	CT
1	1998589	165	CG
1	1998623	34	TC
1	1998629	6	AG
1	1998832	203	GA
1	1998898	66	AG
1	1998977	79	GA
1	1999053	76	AG
1	1999087	34	TA
1	1999125	38	CG
1	1999192	67	GA
1	1999255	63	CG
1	1999361	106	GA
1	1999665	284	TC
1	2000507	682	CT
1	2001163	656	AG
1	2001682	519	CT
1	2001961	279	CT
1	2002306	345	GT
1	2010150	3046	CT
1	2010752	123	CA
1	2010869	117	GC
1	2011261	392	CT
1	2011753	492	AG
1	2012442	576	AG
1	2015705	1399	AG
1	2015859	154	AG
1	2016068	50	GC
1	2016177	73	TC
1	2016252	75	TC
1	2016547	134	CT
1	2017620	632	AG
1	2017759	139	CT
1	2017869	110	GA
1	2019041	1136	CT
1	2019544	503	GA
1	2019686	95	CT
1	2021258	945	CG
1	2021406	148	TG
1	2021976	349	AG
1	2022629	653	CT
1	2022948	319	CT
1	2023064	116	CT
1	2023209	145	CT
1	2023421	212	TC
1	2024389	968	TG
1	2025722	1333	CA
1	2026208	486	AT
1	2026575	367	GA
1	2027542	876	AG
1	2029751	1629	AT
1	2029818	67	AG
1	2030226	408	GA
1	2032159	1933	AG
1	2032520	361	CT
1	2033040	487	CT
1	2035450	2410	GT
1	2036893	1340	GA
1	2036903	10	TC
1	2037880	848	AC
1	2038603	202	AG
1	2039032	31	GA
1	2043119	3323	CA
1	2056198	9490	TC
1	2063047	3458	CT
1	2069704	3337	TG
1	2086516	13296	CT
1	2086598	82	GT
1	2087047	449	CT
1	2092016	4191	TC
1	2094604	2416	TC
1	2098677	1678	CT
1	2102901	2773	GA
1	2104717	1358	CT
1	2105514	399	TA
1	2105668	154	CG
1	2106319	651	GT
1	2107727	1408	CT
1	2111866	3368	AG
1	2112420	554	GC
1	2112945	525	CT
1	2117133	736	TA
1	2118928	806	CT
1	2119190	9	TC
1	2119378	188	GC
1	2119452	74	CT
1	2119496	44	GT
1	2119505	9	AC
1	2119606	101	TC
1	2119733	127	AG
1	2119929	88	TC
1	2121832	439	CT
1	2122146	240	AG
1	2122731	159	CT
1	2123055	324	TC
1	2123420	173	TC
1	2123616	61	GA
1	2123744	128	CT
1	2123954	210	TA
1	2124429	354	AC
1	2125525	236	AG
1	2144715	13533	GA
1	2146450	1431	CT
1	2146462	12	GA
1	2154038	6394	TA
1	2156113	1636	CT
1	2156332	219	GC
1	2158617	1733	CA
1	2166751	5697	TA
1	2170418	2695	TC
1	2175453	3672	CT
1	2181550	3076	CT
1	2182100	550	GA
1	2186891	4221	GA
1	2187927	860	GA
1	2188430	313	AC
1	2189621	965	CA
1	2192659	2649	TC
1	2218695	15895	GA
1	2226664	4799	CA
1	2247408	14917	CT
1	2252682	4049	GA
1	2256832	3007	CT
1	2257963	805	TC
1	2257968	5	TC
1	2258576	295	AG
1	2258692	116	GA
1	2258853	161	TC
1	2258918	65	CG
1	2259876	629	TA
1	2260226	350	GA
1	2260367	141	TC
1	2260417	50	GT
1	2260524	107	AT
1	2260552	28	AG
1	2260569	17	CT
1	2260578	9	TG
1	2261422	784	TG
1	2261844	422	AG
1	2262223	379	GC
1	2262803	249	AT
1	2273529	6787	AG
1	2284349	4730	AG
1	2291013	4894	TA
1	2291354	190	TC
1	2291410	56	AG
1	2295382	324	CT
1	2297752	2031	TA
1	2303359	4429	CT
1	2307290	3045	CT
1	2309080	1056	GA
1	2309916	543	AG
1	2309919	3	AG
1	2311193	905	TC
1	2320500	7190	GA
1	2320596	96	TA
1	2325323	1675	CT
1	2330878	1683	CT
1	2339129	1014	AC
1	2343819	3920	GC
1	2344049	230	TC
1	2344468	388	AG
1	2347589	2712	AG
1	2351333	2581	GC
1	2359599	7220	AC
1	2362246	2113	CT
1	2364000	1580	GA
1	2367945	3945	GA
1	2369054	846	CT
1	2369470	399	TG
1	2371211	1402	CG
1	2373443	1381	AG
1	2373600	157	GA
1	2373649	49	AG
1	2373995	157	AG
1	2376393	1102	AG
1	2376464	71	TC
1	2378858	877	GA
1	2380297	1439	AG
1	2381032	735	CA
1	2382911	1490	TC
1	2390271	5375	TC
1	2391041	770	TC
1	2400151	5105	GC
1	2400237	86	GT
1	2401219	599	CG
1	2401506	287	AT
1	2402773	1267	GT
1	2402886	46	AG
1	2403444	558	AG
1	2405599	1540	CT
1	2406005	406	GT
1	2406107	102	AG
1	2407885	1405	AG
1	2409253	1292	AT
1	2412999	3189	TC
1	2413268	269	TG
1	2413568	300	GC
1	2416276	823	CT
1	2419149	2851	CT
1	2422261	2870	AT
1	2426387	2180	AT
1	2426705	318	GA
1	2431910	2363	GA
1	2431926	16	CT
1	2431929	3	GT
1	2431934	5	AT
1	2432004	70	AT
1	2432035	31	CG
1	2432492	397	AG
1	2432577	85	GA
1	2433097	211	CT
1	2433279	182	CA
1	2433282	3	CT
1	2433432	150	GA
1	2433545	113	CG
1	2433613	68	GC
1	2433919	306	TC
1	2433942	23	AG
1	2433943	1	CT
1	2433961	18	AG
1	2434045	84	AG
1	2434289	244	TC
1	2434306	17	GT
1	2434492	186	CT
1	2434503	11	CA
1	2434607	104	GT
1	2434630	23	AG
1	2435649	308	GA
1	2435951	302	CG
1	2436036	85	CT
1	2436734	436	TA
1	2436822	88	AG
1	2436863	41	TC
1	2437014	151	GA
1	2437201	187	CA
1	2449710	96	AG
1	2449723	13	AG
1	2449963	240	AC
1	2450217	254	AC
1	2450762	189	AT
1	2450836	74	CT
1	2451063	227	CT
1	2452109	64	TC
1	2452130	21	TC
1	2452151	21	TG
1	2452338	187	CT
1	2452629	291	AC
1	2452678	24	TC
1	2452738	60	TC
1	2452740	2	TC
1	2452779	39	AT
1	2452961	66	GA
1	2452992	31	AG
1	2453128	136	TC
1	2453213	85	CT
1	2453363	150	TC
1	2453389	26	TC
1	2453446	57	GT
1	2453454	8	TC
1	2453599	145	CG
1	2453767	168	CT
1	2453806	39	AT
1	2454072	134	AG
1	2454517	428	GA
1	2455033	516	CG
1	2455035	2	TC
1	2455059	24	AT
1	2455255	196	TC
1	2455257	2	CT
1	2455395	138	AC
1	2455958	293	TC
1	2456061	103	AG
1	2456283	222	CT
1	2456285	2	CT
1	2456572	215	CT
1	2456677	105	GA
1	2456779	102	AG
1	2456965	186	TC
1	2460185	323	GC
1	2460288	103	TC
1	2460440	152	CT
1	2460449	9	TA
1	2460486	37	CA
1	2461487	526	CT
1	2461538	51	TA
1	2461684	146	TC
1	2462401	238	TA
1	2462692	117	CA
1	2462707	15	TG
1	2463096	389	AG
1	2463135	39	AG
1	2463182	47	TG
1	2463575	393	TC
1	2463805	230	TA
1	2464240	435	GA
1	2464395	155	CT
1	2464498	103	CG
1	2464679	181	AG
1	2464833	154	GC
1	2465513	650	TC
1	2466305	337	TC
1	2466775	187	GA
1	2467005	213	TC
1	2467072	67	CT
1	2467257	185	CT
1	2467258	1	AG
1	2468108	471	TC
1	2468188	80	GA
1	2468489	301	TC
1	2469140	566	GA
1	2469388	248	TC
1	2470173	785	AG
1	2470455	282	CG
1	2471447	280	GA
1	2471451	4	AG
1	2471499	48	TG
1	2472016	394	CT
1	2474021	293	TC
1	2475060	850	GT
1	2475064	4	TC
1	2478087	1580	AC
1	2478200	113	CA
1	2481126	584	AG
1	2481330	204	AG
1	2482587	1230	AC
1	2482802	215	TC
1	2482965	163	GA
1	2483418	453	CA
1	2483916	498	TA
1	2483935	19	AG
1	2484158	223	CT
1	2484167	9	GA
1	2484260	93	GA
1	2485688	348	AG
1	2486047	359	AC
1	2486605	558	TC
1	2486695	90	TC
1	2486696	1	AT
1	2487018	322	AG
1	2489718	319	TC
1	2489855	137	AG
1	2490689	90	CT
1	2490836	147	AT
1	2491131	295	AG
1	2492361	936	TC
1	2492987	364	GA
1	2493091	104	GT
1	2493164	73	GA
1	2493212	48	CA
1	2493301	89	TC
1	2493595	294	AT
1	2493726	131	AG
1	2494142	416	CT
1	2494285	143	AG
1	2494485	200	TC
1	2494680	195	TA
1	2494752	72	AT
1	2495206	401	GA
1	2496281	317	CT
1	2496440	159	TC
1	2496659	219	TC
1	2496681	22	AG
1	2496982	256	AG
1	2497003	21	GA
1	2497008	5	GC
1	2497346	338	GA
1	2497723	203	GT
1	2498781	757	GA
1	2498979	198	TG
1	2498995	16	AC
1	2501808	2024	AG
1	2529013	8208	AG
1	2530096	573	TC
1	2530125	29	AG
1	2530681	534	GT
1	2532515	768	AG
1	2532764	223	GA
1	2533079	315	CT
1	2533634	508	AC
1	2533698	64	CT
1	2534028	330	CA
1	2534742	714	CA
1	2536883	1393	AG
1	2539550	2066	AG
1	2540827	1040	AG
1	2540914	87	GA
1	2541777	657	TA
1	2545967	2126	AG
1	2548272	1950	AG
1	2548667	395	GA
1	2548692	25	AC
1	2549029	337	TC
1	2549453	424	AG
1	2549463	10	CT
1	2549646	183	GA
1	2549671	25	GA
1	2550676	212	TA
1	2550889	213	GA
1	2550974	85	CT
1	2551045	71	GA
1	2551575	462	AC
1	2551885	310	CT
1	2551971	86	GA
1	2552214	243	GA
1	2552511	183	CA
1	2553152	260	TG
1	2553470	318	AT
1	2553806	336	GA
1	2554504	698	TG
1	2554526	22	TG
1	2555025	447	AG
1	2555624	411	AG
1	2555664	40	GT
1	2555799	135	GA
1	2555893	94	CG
1	2556139	246	TC
1	2557580	1237	GT
1	2558767	1024	TA
1	2559169	402	CT
1	2559437	268	GA
1	2559536	99	CT
1	2559874	338	AG
1	2560128	205	CT
1	2560323	195	GA
1	2561777	135	CT
1	2563402	1084	AG
1	2563410	8	GC
1	2564318	801	AG
1	2564329	11	AT
1	2564825	386	GA
1	2567454	394	GT
1	2567929	262	CG
1	2567939	10	GC
1	2567950	11	TC
1	2568009	59	TC
1	2568050	41	CT
1	2568195	145	GA
1	2569491	638	TC
1	2569616	125	GA
1	2569721	105	TA
1	2569783	62	AG
1	2569799	16	CT
1	2570257	458	AC
1	2570414	157	CG
1	2571291	114	TG
1	2574569	773	AG
1	2574929	271	CT
1	2574963	34	AG
1	2575352	285	AC
1	2575366	14	GT
1	2575523	136	GT
1	2576613	757	GA
1	2576744	131	AT
1	2577837	1063	TA
1	2578039	202	TG
1	2578259	166	AG
1	2578441	182	GA
1	2581268	413	GA
1	2581887	248	TC
1	2581954	67	AC
1	2582556	182	AG
1	2582668	112	TG
1	2582893	225	TC
1	2582919	26	CA
1	2583072	153	AG
1	2583112	40	TC
1	2583457	345	TA
1	2583610	153	TC
1	2587402	3431	CT
1	2588613	1179	AG
1	2591382	1356	CT
1	2592433	744	AC
1	2592543	110	CT
1	2592747	204	AG
1	2598516	921	AG
1	2602392	1813	AC
1	2614562	6269	AT
1	2619430	3724	GC
1	2627376	6747	CT
1	2628621	873	GA
1	2628767	93	AG
1	2637363	5815	GA
1	2637895	389	GA
1	2639196	855	GC
1	2640108	912	AG
1	2640166	58	GT
1	2640849	683	TC
1	2644959	703	TA
1	2648659	2835	AG
1	2649870	908	CA
1	2653209	2568	CT
1	2653308	99	CT
1	2653829	521	GA
1	2655206	1087	AG
1	2657259	1735	GA
1	2660536	2676	GA
1	2660927	295	AG
1	2666273	2652	TA
1	2667451	811	AT
1	2667752	271	CT
1	2671142	2369	AT
1	2671767	421	TC
1	2672111	344	GA
1	2673257	663	GA
1	2676043	1664	AG
1	2676161	118	AG
1	2676660	499	TG
1	2679375	493	TC
1	2686396	4385	AC
1	2692824	4495	TG
1	2695668	2310	CA
1	2698619	2542	CT
1	2699727	1108	TG
1	2701706	1961	CT
1	2705466	2002	AG
1	2705484	18	GA
1	2708504	1629	CA
1	2712854	3470	AG
1	2722108	4621	CT
1	2722221	113	GA
1	2722366	145	TG
1	2724179	1084	GT
1	2725046	298	TC
1	2725075	29	AG
1	2726343	649	AG
1	2726678	335	GA
1	2727079	401	AT
1	2727495	416	AT
1	2728111	616	AG
1	2728826	715	GC
1	2729801	671	TC
1	2730362	561	AG
1	2730705	343	AT
1	2731866	586	GA
1	2731900	34	TC
1	2732079	179	TC
1	2732100	21	CT
1	2733454	984	CT
1	2733630	176	TC
1	2736388	1473	GT
1	2736398	10	AG
1	2736401	3	TA
1	2736415	14	AG
1	2739646	1696	CT
1	2740464	818	GA
1	2740539	75	AG
1	2742721	1186	GC
1	2742778	57	AT
1	2742834	56	AG
1	2747920	193	CG
1	2748096	176	TC
1	2749120	993	GA
1	2749175	55	GA
1	2749389	179	TC
1	2750517	1128	TC
1	2750572	55	CT
1	2753250	2077	TC
1	2753364	114	GA
1	2753809	445	AG
1	2754066	257	TC
1	2756261	2103	AT
1	2757794	1119	TC
1	2757958	164	CT
1	2759086	781	TC
1	2759210	124	TA
1	2759496	286	GA
1	2759533	37	CA
1	2759601	68	GC
1	2759624	23	AT
1	2759666	42	TC
1	2759718	52	TC
1	2759758	40	AG
1	2759793	35	TG
1	2759981	188	GA
1	2760026	45	AG
1	2760069	43	GA
1	2760125	56	TC
1	2760337	212	GA
1	2761712	962	CG
1	2761911	199	AT
1	2763495	1234	TC
1	2763652	157	GA
1	2764039	387	AG
1	2764283	244	GA
1	2764588	305	GA
1	2764606	18	CA
1	2764950	254	AG
1	2766025	956	AC
1	2766362	168	CT
1	2767462	343	TC
1	2767851	210	CT
1	2768574	723	TC
1	2768854	137	AG
1	2770794	1040	GA
1	2772020	1061	TC
1	2772770	750	CT
1	2773337	567	GA
1	2774103	178	TA
1	2774352	101	CT
1	2774530	178	GC
1	2774678	148	TG
1	2774934	256	AG
1	2775072	138	AG
1	2775453	381	AG
1	2777120	385	TC
1	2777226	106	AC
1	2777556	330	GA
1	2778630	582	AG
1	2779037	407	CT
1	2779515	478	TC
1	2779938	378	GA
1	2780010	72	GA
1	2780419	259	GA
1	2787635	3295	AG
1	2789670	2035	GT
1	2795259	1469	GA
1	2797583	2094	GA
1	2800938	2527	AG
1	2801471	533	AG
1	2801477	6	TA
1	2801726	249	GC
1	2802302	576	TC
1	2802452	150	AG
1	2802475	23	GA
1	2802723	248	CT
1	2803008	285	CT
1	2803329	321	TA
1	2803958	146	AG
1	2804179	221	CT
1	2804620	441	AG
1	2804624	4	GC
1	2804698	74	TA
1	2804933	235	AG
1	2805607	225	TG
1	2806446	444	GT
1	2806523	77	GA
1	2806621	98	CA
1	2806975	354	AG
1	2807880	535	GT
1	2810487	1475	GA
1	2811068	542	TC
1	2812394	1234	CT
1	2813431	904	AG
1	2813727	245	TC
1	2815577	690	GA
1	2815708	131	GT
1	2819823	1497	AT
1	2819924	101	AG
1	2821959	477	GC
1	2822421	462	CT
1	2822582	161	AT
1	2824299	748	AG
1	2824488	189	AG
1	2824628	140	TG
1	2824687	59	AG
1	2828522	2974	AG
1	2830848	1612	CT
1	2831995	1147	AG
1	2832000	5	AG
1	2832518	306	CT
1	2832626	108	AG
1	2832635	9	GA
1	2832733	98	TA
1	2833605	872	AG
1	2841710	3591	CG
1	2841734	24	GA
1	2841928	194	TC
1	2842046	118	AT
1	2842063	17	TC
1	2842230	167	AT
1	2842293	63	AC
1	2842299	6	AG
1	2842428	129	TC
1	2842499	71	CG
1	2842524	25	TC
1	2844572	1332	GA
1	2844660	88	CT
1	2845335	675	GA
1	2846072	737	GT
1	2846137	65	CG
1	2851057	1500	CT
1	2852560	1185	TC
1	2852989	277	TC
1	2853077	88	CT
1	2853814	737	GA
1	2854377	249	GA
1	2854563	186	TG
1	2854780	217	AG
1	2854911	131	CA
1	2855060	149	AG
1	2855090	30	CT
1	2855097	7	GA
1	2856708	780	CA
1	2857040	332	CT
1	2857271	231	AG
1	2857774	264	GA
1	2857792	18	TA
1	2857871	79	GA
1	2857880	9	GA
1	2858847	645	TC
1	2858857	10	AG
1	2859767	663	TC
1	2859886	119	GA
1	2860848	578	AG
1	2861136	216	GT
1	2861263	127	TA
1	2861299	36	AG
1	2861460	161	GC
1	2861608	148	CT
1	2862881	1001	AC
1	2863289	408	CT
1	2867525	1898	AG
1	2867605	80	TC
1	2870380	2101	CT
1	2870518	138	TC
1	2871681	834	AG
1	2871758	77	CT
1	2871882	124	GT
1	2871997	115	GA
1	2872296	299	GA
1	2873587	970	TC
1	2874031	444	GA
1	2874445	414	GT
1	2874802	280	TG
1	2875406	604	GT
1	2876331	329	TC
1	2876429	98	AG
1	2877035	340	TC
1	2877987	367	AG
1	2878376	389	TA
1	2878421	45	CT
1	2878446	25	GT
1	2878529	83	CT
1	2878626	97	GA
1	2878838	212	GC
1	2879788	698	GA
1	2879859	71	AT
1	2880414	120	GA
1	2881000	364	GT
1	2881094	94	CT
1	2881890	796	CA
1	2882142	252	GA
1	2882628	486	CT
1	2883035	134	GT
1	2883817	576	TC
1	2883979	162	GA
1	2885070	342	AG
1	2885304	234	CG
1	2885358	54	GC
1	2885381	23	TA
1	2885452	71	AG
1	2885471	19	AG
1	2885609	138	GA
1	2886058	402	AG
1	2886326	268	TG
1	2886348	22	GA
1	2887341	612	CT
1	2887782	372	TC
1	2888742	497	TC
1	2888777	35	TG
1	2888914	137	CT
1	2890322	779	TC
1	2890456	134	TC
1	2890527	71	CT
1	2892261	1734	AG
1	2892509	224	AG
1	2892556	47	GA
1	2893721	812	AC
1	2895226	698	TG
1	2895415	189	CT
1	2895462	47	CA
1	2896000	538	AG
1	2897898	1430	CT
1	2900114	1496	AG
1	2900765	554	AC
1	2905324	3497	GT
1	2907756	2047	GA
1	2907921	165	GA
1	2908524	603	AT
1	2909763	747	CT
1	2910716	655	AC
1	2911436	360	CT
1	2911648	180	CT
1	2912589	905	GA
1	2913597	804	AG
1	2914370	773	TC
1	2915491	1121	AG
1	2917442	190	AG
1	2917807	365	TA
1	2917982	175	AT
1	2918296	314	CT
1	2924280	2333	GA
1	2924568	252	AG
1	2929634	2910	GA
1	2931753	1014	TC
1	2932523	751	TC
1	2932794	271	AG
1	2932902	108	TC
1	2932960	58	CA
1	2933880	691	AG
1	2934117	35	AC
1	2934487	202	GA
1	2936028	773	AC
1	2936152	124	TC
1	2936259	107	CA
1	2936384	125	GT
1	2938419	277	TC
1	2939681	1229	CT
1	2941193	781	TC
1	2941981	275	GC
1	2943485	433	TG
1	2944042	488	GA
1	2944422	380	AG
1	2944610	188	AG
1	2944712	102	AG
1	2946719	1069	GC
1	2946893	174	CA
1	2947121	170	AG
1	2947249	128	AC
1	2948335	417	GA
1	2948690	355	CT
1	2949760	381	AG
1	2952818	1392	AG
1	2953178	187	GA
1	2953958	530	GA
1	2953960	2	AC
1	2954512	245	CT
1	2956609	1793	CA
1	2957047	438	AG
1	2957582	497	GT
1	2959020	1438	TC
1	2959620	271	AT
1	2961929	1134	AG
1	2962144	197	AG
1	2963521	1357	AG
1	2963770	249	GA
1	2963790	20	GA
1	2963840	50	CG
1	2963876	36	AG
1	2966151	1744	AC
1	2966689	538	CT
1	2967454	765	CT
1	2967547	93	GA
1	2967636	44	TG
1	2967981	345	CT
1	2971152	732	AG
1	2972921	1072	CA
1	2972936	15	AC
1	2974277	919	GA
1	2974300	23	TA
1	2975427	1127	GA
1	2976686	925	GA
1	2978136	878	TA
1	2978252	116	CA
1	2978361	109	GC
1	2978788	311	CT
1	2979135	347	CA
1	2979600	465	GA
1	2979966	366	AG
1	2979981	15	CG
1	2980133	152	GA
1	2980166	33	CT
1	2980350	184	TA
1	2981024	368	AC
1	2981075	51	GA
1	2981110	35	CT
1	2982434	1324	AG
1	2985994	2279	TA
1	2988945	1187	AG
1	2990515	1271	AG
1	2996165	3699	GA
1	2996766	601	CA
1	2999457	2112	GA
1	2999540	83	TC
1	2999730	190	AG
1	3001430	1540	GA
1	3003941	1966	GC
1	3004379	438	TA
1	3005983	1193	GA
1	3006216	233	GA
1	3006219	3	TA
1	3006312	93	AG
1	3006738	426	AG
1	3006911	173	AG
1	3006913	2	AT
1	3009350	817	GA
1	3010437	1087	TC
1	3011890	1201	GA
1	3017459	2321	AG
1	3017938	479	AG
1	3018003	65	AG
1	3018370	367	CT
1	3018526	156	GA
1	3019435	909	AG
1	3020910	1475	CG
1	3022001	868	TC
1	3022543	265	CA
1	3022559	16	AG
1	3022774	215	GA
1	3024414	871	TC
1	3024425	11	TG
1	3024432	7	GA
1	3026303	1383	GA
1	3030494	1379	CT
1	3030516	22	TC
1	3030770	42	GA
1	3030791	21	CT
1	3030926	135	GT
1	3030990	64	AG
1	3031895	530	AG
1	3032907	649	GC
1	3033509	602	GA
1	3033528	19	AG
1	3035451	1834	AC
1	3035616	165	AG
1	3036643	735	TA
1	3036723	80	GA
1	3037500	654	TC
1	3038219	696	TA
1	3038336	117	TG
1	3039116	731	AG
1	3039840	724	AG
1	3040350	372	CA
1	3041237	422	GA
1	3041323	86	AT
1	3041617	294	TC
1	3041672	55	CG
1	3041691	19	CT
1	3043925	1726	TC
1	3044045	120	GT
1	3044661	616	GA
1	3045433	456	CT
1	3045484	51	AG
1	3045514	30	AG
1	3045701	187	GT
1	3045739	38	TC
1	3046069	223	GA
1	3047096	993	AG
1	3047335	239	CT
1	3048027	649	CT
1	3048133	106	TC
1	3048568	435	CT
1	3048709	141	TG
1	3049887	862	GA
1	3050213	179	GA
1	3051150	683	GA
1	3051166	16	AG
1	3051169	3	TC
1	3051342	173	CA
1	3051522	180	AG
1	3051778	256	AT
1	3051794	16	CT
1	3051804	10	TC
1	3051826	22	CT
1	3051937	111	AC
1	3052264	327	CT
1	3052326	62	GA
1	3054816	2252	TC
1	3057586	2390	CA
1	3057976	163	CG
1	3058120	144	AG
1	3058192	72	TC
1	3058207	15	AG
1	3058227	20	CT
1	3058271	44	TA
1	3058318	47	TC
1	3058345	27	TC
1	3058477	132	TC
1	3058590	113	AG
1	3058948	358	GT
1	3059217	227	CT
1	3059463	246	CT
1	3061245	1452	CG
1	3061481	184	GA
1	3061581	100	CT
1	3062478	468	TC
1	3062704	38	CT
1	3062713	9	GA
1	3068319	3936	AG
1	3070344	1360	CT
1	3072459	1239	AG
1	3072652	193	GA
1	3074047	1395	CT
1	3074154	107	GA
1	3074830	676	GA
1	3075334	212	CT
1	3075728	394	AG
1	3076409	528	CT
1	3076608	199	TC
1	3077161	368	GC
1	3077853	522	AT
1	3078054	201	AG
1	3078435	222	AT
1	3078447	12	AG
1	3078482	35	CT
1	3078491	9	AG
1	3078552	61	CT
1	3079287	692	AG
1	3079412	125	TC
1	3081009	1058	TC
1	3081175	166	GA
1	3082008	32	AG
1	3082078	70	CT
1	3082850	739	AG
1	3083234	235	GA
1	3083296	62	AG
1	3084796	1460	AT
1	3085207	411	CA
1	3085306	99	AG
1	3085379	73	GA
1	3085848	469	CT
1	3085868	20	CT
1	3086022	154	TC
1	3086093	71	GA
1	3086105	12	AT
1	3088133	1696	CT
1	3090397	1274	CT
1	3090455	58	GA
1	3091822	769	AT
1	3092100	210	GT
1	3093973	1237	TC
1	3094330	357	GC
1	3099133	3486	GA
1	3099520	387	AG
1	3100394	679	AG
1	3101038	644	GA
1	3101192	154	AG
1	3101229	37	AG
1	3101580	351	CT
1	3101588	8	GA
1	3101701	113	GA
1	3101734	33	TA
1	3102439	686	CT
1	3104252	635	GT
1	3104603	320	CT
1	3105502	899	AG
1	3105525	23	TC
1	3105704	179	CT
1	3105903	199	GA
1	3107330	1000	TC
1	3108508	592	TC
1	3109818	1001	AG
1	3110001	68	GA
1	3110356	355	GT
1	3111467	791	GA
1	3111886	419	GC
1	3112096	164	GC
1	3113709	1017	GC
1	3114667	958	CT
1	3115880	740	AG
1	3115997	117	GA
1	3116509	512	AC
1	3116681	172	TC
1	3116689	8	AG
1	3117415	334	TC
1	3117428	13	GA
1	3117802	167	GA
1	3119138	346	GA
1	3119146	8	CT
1	3119609	463	TC
1	3119904	221	TA
1	3120448	348	GA
1	3121192	696	GA
1	3121706	381	CT
1	3122940	1148	AG
1	3139762	10312	GA
1	3139798	36	AT
1	3139941	143	CT
1	3140303	345	GA
1	3141271	682	AG
1	3141316	45	CT
1	3141368	52	TC
1	3141430	62	AT
1	3141841	411	CT
1	3141996	155	GT
1	3142220	224	TC
1	3142334	114	GA
1	3143277	575	CT
1	3144295	690	CT
1	3144741	446	AG
1	3145052	267	GA
1	3145853	801	CT
1	3145877	24	GT
1	3147289	770	CG
1	3147502	213	GA
1	3147510	8	TC
1	3149625	1612	AG
1	3150236	582	GA
1	3150508	272	GA
1	3150974	273	TC
1	3151002	28	CT
1	3151018	16	AG
1	3151030	12	CT
1	3151031	1	AG
1	3151059	28	CG
1	3151078	19	CT
1	3151119	41	AG
1	3151186	67	TA
1	3151263	77	CA
1	3152918	1655	TC
1	3153487	93	CT
1	3157549	370	AG
1	3157648	99	GA
1	3157656	8	TG
1	3157685	29	AG
1	3157721	36	AG
1	3158125	404	AG
1	3158156	31	GT
1	3158380	224	AG
1	3158730	350	CT
1	3158800	70	TC
1	3158999	199	CT
1	3159130	131	TC
1	3159612	449	GT
1	3159791	179	CG
1	3159833	42	TG
1	3160289	77	GA
1	3160677	294	TG
1	3163539	89	GA
1	3163802	263	TC
1	3164042	240	GA
1	3164732	672	GA
1	3164969	237	CT
1	3165012	43	GA
1	3165139	127	AG
1	3165273	134	GA
1	3165298	25	AC
1	3165600	302	GA
1	3165779	179	GA
1	3166675	402	CG
1	3168123	866	GA
1	3168210	47	CT
1	3168223	13	AG
1	3168509	286	AG
1	3168566	57	TC
1	3169404	786	AC
1	3169981	577	TC
1	3170439	310	GT
1	3170927	488	TC
1	3172245	1232	CA
1	3172567	265	GA
1	3173446	564	CT
1	3174007	561	TC
1	3174449	442	CG
1	3174584	135	GA
1	3174676	92	CT
1	3174700	24	CT
1	3175335	635	GA
1	3176060	725	TC
1	3176852	697	CT
1	3178211	1142	TC
1	3181654	2786	GC
1	3182095	441	CG
1	3182357	262	CA
1	3184340	993	AG
1	3186221	1477	TA
1	3186258	37	TG
1	3187156	898	AG
1	3187406	250	AG
1	3187468	62	CT
1	3187826	358	TC
1	3188598	772	AG
1	3189041	203	CA
1	3189307	266	AC
1	3195012	1774	CT
1	3195053	41	GA
1	3196327	114	TA
1	3196429	102	CT
1	3197977	1548	TC
1	3198758	781	AG
1	3198782	24	CT
1	3198886	104	CT
1	3198917	31	CT
1	3199101	184	GA
1	3199693	542	TA
1	3199701	8	GA
1	3199715	14	CT
1	3199731	16	GA
1	3199950	219	TC
1	3200162	212	GA
1	3200413	251	AT
1	3200437	24	AG
1	3202876	365	GA
1	3203057	181	TA
1	3203298	177	CT
1	3206087	1569	GA
1	3206514	427	AG
1	3207412	702	AT
1	3212172	3283	AG
1	3215860	830	CT
1	3216048	188	CT
1	3216308	260	GA
1	3216358	50	GA
1	3217640	441	GC
1	3217896	256	AG
1	3218846	865	AG
1	3219627	291	GA
1	3222175	1371	TC
1	3222415	240	TG
1	3225982	1003	AT
1	3226541	559	CT
1	3226759	180	AG
1	3228211	1048	GA
1	3229544	1078	CT
1	3230043	499	TC
1	3231306	733	AT
1	3233036	1547	CT
1	3233294	258	GA
1	3250100	12932	CT
1	3250657	557	AG
1	3251673	1016	TC
1	3254289	2351	GA
1	3254893	604	TC
1	3259655	3421	TC
1	3263589	2618	GA
1	3280467	11980	AG
1	3280831	364	TC
1	3280996	165	CA
1	3281010	14	AG
1	3282588	1454	TC
1	3287952	2878	TC
1	3288819	867	AG
1	3289035	216	AG
1	3289290	255	CT
1	3289433	143	GC
1	3290193	461	GT
1	3290204	11	CT
1	3290270	66	TC
1	3290428	158	GA
1	3290486	58	GC
1	3290511	25	CT
1	3290518	7	GA
1	3290608	90	TC
1	3290721	113	AG
1	3290857	136	GA
1	3291470	251	TC
1	3291774	304	CT
1	3292195	395	AG
1	3293330	866	AG
1	3293658	328	GT
1	3294016	358	GC
1	3294330	314	AG
1	3294377	47	GA
1	3294946	514	AT
1	3295519	162	CG
1	3295575	56	TA
1	3295760	185	GA
1	3296244	387	GA
1	3297873	1097	AG
1	3297988	115	TC
1	3298036	48	CT
1	3299064	569	CT
1	3299077	13	TC
1	3300061	408	CT
1	3300098	37	CT
1	3300147	49	AG
1	3300203	6	CT
1	3300398	195	AT
1	3300766	368	GA
1	3301387	467	AC
1	3301911	340	TG
1	3301922	11	GA
1	3301929	7	TG
1	3302142	213	GT
1	3302399	257	AG
1	3302418	19	CT
1	3302432	14	GA
1	3302454	22	AC
1	3302463	9	TC
1	3302466	3	GT
1	3302478	12	CT
1	3302546	68	CA
1	3302550	4	GA
1	3302612	62	GT
1	3302743	13	AG
1	3302771	28	GC
1	3302798	27	AG
1	3302846	48	CT
1	3302978	132	CT
1	3303059	81	GA
1	3303077	18	TA
1	3303108	31	TC
1	3303133	25	AC
1	3303138	5	AG
1	3303147	9	AG
1	3303316	169	AG
1	3303332	16	AG
1	3303669	337	TC
1	3303747	78	CT
1	3303866	119	TC
1	3304045	179	AG
1	3304301	256	TA
1	3304388	87	GT
1	3304993	566	GA
1	3306545	1523	AG
1	3307455	910	AG
1	3307947	492	GA
1	3308498	551	TG
1	3309724	1006	TA
1	3312603	665	TC
1	3313114	432	AT
1	3313145	31	TC
1	3313222	77	TC
1	3313320	98	TC
1	3313426	106	TC
1	3313544	118	AC
1	3313682	138	GA
1	3313699	17	CT
1	3313789	90	GA
1	3313907	118	CA
1	3313928	21	CT
1	3315411	1357	AC
1	3315750	339	CG
1	3317930	1471	GA
1	3318777	819	AG
1	3331495	10228	GT
1	3335732	3637	TA
1	3340005	2378	AT
1	3341027	881	GA
1	3341305	278	CA
1	3345197	3725	GA
1	3347174	1535	GC
1	3347214	40	CA
1	3347253	39	AG
1	3347266	13	TA
1	3347592	326	CG
1	3354403	5158	AG
1	3355707	1304	GA
1	3356973	1167	TC
1	3361091	2813	TC
1	3364456	2378	CT
1	3374126	4329	TC
1	3379582	4402	GA
1	3380444	804	CT
1	3380882	438	CT
1	3382477	1391	CT
1	3396838	5397	CA
1	3409516	7580	GT
1	3411429	1513	GA
1	3416512	3257	TC
1	3416782	270	TC
1	3416797	15	CT
1	3417430	151	AT
1	3417503	73	TC
1	3417634	131	GC
1	3417644	10	GA
1	3417822	178	TC
1	3418094	272	TC
1	3418240	146	AG
1	3418318	78	AG
1	3418857	322	GA
1	3426680	212	AT
1	3427095	79	TG
1	3427489	327	GA
1	3427976	87	GA
1	3428843	867	TC
1	3428889	46	TC
1	3429008	119	AC
1	3429527	519	GA
1	3429866	339	TC
1	3430268	241	CT
1	3430326	58	AT
1	3430336	10	GT
1	3430756	420	TC
1	3431012	256	CT
1	3431896	470	TG
1	3432265	71	GC
1	3432315	50	GA
1	3432321	6	TC
1	3432398	77	CT
1	3432411	13	GT
1	3437860	1234	TG
1	3438053	152	CT
1	3438586	316	TC
1	3439209	287	GC
1	3440262	766	TA
1	3440488	226	CT
1	3440674	114	GA
1	3440681	7	GA
1	3440698	17	TG
1	3440857	159	CT
1	3441046	30	CT
1	3441229	183	CT
1	3442133	379	TA
1	3442647	215	AC
1	3442672	25	GC
1	3442687	15	TC
1	3442879	157	TG
1	3442990	111	AG
1	3444491	1501	GT
1	3445487	996	TC
1	3445626	139	GA
1	3446754	737	AC
1	3450554	248	CA
1	3450758	204	TC
1	3450812	54	GT
1	3450880	68	CT
1	3450896	16	GT
1	3450952	56	CG
1	3451161	209	TA
1	3451362	34	CT
1	3451709	347	CA
1	3452307	598	TG
1	3452473	166	AC
1	3452514	41	AC
1	3454426	380	GT
1	3454502	76	GT
1	3454850	311	CT
1	3454890	40	CT
1	3454905	15	TC
1	3455896	991	TG
1	3455897	1	GA
1	3455900	3	GA
1	3456576	530	CT
1	3456751	134	GA
1	3461174	2840	TG
1	3461376	202	GA
1	3463477	1269	TC
1	3463763	286	CT
1	3463815	52	AT
1	3463816	1	TC
1	3463888	72	GA
1	3464052	164	CT
1	3464214	162	AC
1	3464236	22	TC
1	3464253	17	TC
1	3464264	11	TC
1	3464266	2	TC
1	3464277	11	AG
1	3464527	250	CG
1	3465270	314	TC
1	3465306	36	CT
1	3465364	58	AG
1	3466098	109	AG
1	3469618	1590	TC
1	3478874	3313	AG
1	3484468	4551	AT
1	3487015	1703	GC
1	3487745	730	CG
1	3488714	929	GA
1	3491813	3072	GC
1	3491951	138	GA
1	3493639	1033	CA
1	3493663	24	TG
1	3496240	2124	GA
1	3497246	681	TC
1	3497457	211	CT
1	3497604	147	TC
1	3497626	22	GC
1	3498604	950	AG
1	3499301	628	TC
1	3499458	157	AC
1	3502506	2568	GT
1	3510663	5326	TC
1	3513617	1412	GT
1	3513854	200	AG
1	3514229	375	AC
1	3514350	121	GT
1	3514476	126	GT
1	3514848	271	TG
1	3514996	110	CG
1	3515014	18	AG
1	3515121	107	GT
1	3515212	91	TC
1	3515254	42	CA
1	3515359	105	TA
1	3515433	74	CT
1	3515554	121	CT
1	3515560	6	AG
1	3515582	22	AG
1	3515657	75	CT
1	3515831	174	AG
1	3515856	25	AG
1	3515876	20	TC
1	3518105	141	AG
1	3519134	649	TC
1	3519824	690	AG
1	3520367	442	GA
1	3521290	488	AT
1	3521347	57	TC
1	3521458	111	AT
1	3522241	615	AG
1	3523086	447	TC
1	3529246	98	AC
1	3530891	487	TC
1	3530950	59	GA
1	3531191	241	AG
1	3532066	388	CA
1	3532157	25	AT
1	3532358	201	AC
1	3532621	263	GC
1	3532700	79	AG
1	3532890	190	AC
1	3532902	12	AT
1	3534053	729	CA
1	3534520	443	AG
1	3534597	77	GT
1	3536002	1405	TG
1	3536314	312	CT
1	3536512	198	GC
1	3536802	213	GT
1	3538494	1212	GA
1	3538595	101	CT
1	3538827	232	GC
1	3540651	1159	TC
1	3541174	523	TC
1	3541257	83	CG
1	3541308	51	TC
1	3541378	70	CG
1	3541383	5	GC
1	3541505	122	CT
1	3541526	21	TC
1	3541595	69	CT
1	3541730	135	AG
1	3541925	195	GA
1	3541959	34	GA
1	3542381	422	TC
1	3542678	263	TC
1	3544066	1031	TC
1	3544217	151	CT
1	3544720	243	CT
1	3544918	198	AG
1	3545176	258	GA
1	3546058	882	CT
1	3546233	175	TC
1	3546278	45	TC
1	3546705	427	TC
1	3546974	269	CA
1	3548112	801	TA
1	3548971	510	CA
1	3549887	121	CT
1	3551110	250	GT
1	3553586	1263	AG
1	3553603	17	TC
1	3554033	344	TG
1	3554089	56	CA
1	3554603	479	TC
1	3556067	735	AG
1	3556279	212	AC
1	3557135	808	GA
1	3557945	641	CA
1	3558096	151	CT
1	3558505	409	CA
1	3558506	1	AT
1	3558538	32	TC
1	3559396	290	TG
1	3559468	72	CT
1	3560323	855	TC
1	3560813	490	AG
1	3560895	82	CT
1	3560948	53	TC
1	3561114	166	TG
1	3561128	14	CT
1	3561811	527	AG
1	3562124	313	AC
1	3562184	60	AG
1	3562715	483	AG
1	3563341	626	TC
1	3563462	121	GA
1	3565502	1227	CT
1	3565865	317	CT
1	3567313	752	AG
1	3567428	115	CT
1	3568837	1129	TC
1	3569047	210	AG
1	3569207	160	GT
1	3569376	169	TA
1	3569426	50	AC
1	3569688	262	TC
1	3570032	344	CT
1	3570179	147	GT
1	3570479	300	TC
1	3570582	103	TC
1	3570849	235	TC
1	3570907	58	GA
1	3570956	49	AG
1	3570969	13	CT
1	3571756	787	GA
1	3571775	19	TC
1	3572010	165	GT
1	3575452	1624	AG
1	3575769	317	AG
1	3575950	181	TC
1	3576031	81	CT
1	3576308	277	CA
1	3578107	1799	TC
1	3578829	400	AG
1	3579038	209	AG
1	3579065	27	GA
1	3579083	18	CT
1	3579087	4	GA
1	3579158	71	CT
1	3579514	170	TC
1	3579608	94	GA
1	3579844	236	CG
1	3579958	114	TC
1	3579982	24	AC
1	3580238	256	TC
1	3580796	339	TG
1	3581583	184	AG
1	3581942	86	TC
1	3582061	119	CG
1	3582071	10	AC
1	3582120	49	TG
1	3582443	165	CA
1	3582715	139	TC
1	3582737	22	CA
1	3582758	21	TC
1	3582823	65	GA
1	3583187	304	AG
1	3583201	14	CG
1	3583517	316	AG
1	3583519	2	AG
1	3583521	2	TA
1	3583786	265	TA
1	3584564	611	AG
1	3584583	19	AG
1	3585205	622	GC
1	3585358	153	CT
1	3585687	329	TC
1	3585823	136	TA
1	3585841	18	CT
1	3585923	82	CT
1	3586006	83	TG
1	3586771	309	TC
1	3587594	395	TC
1	3588021	427	CT
1	3588275	254	CA
1	3588281	6	TA
1	3588499	140	AT
1	3588502	3	GA
1	3588846	344	CT
1	3588847	1	AG
1	3588857	10	GA
1	3588952	95	CA
1	3588967	15	CT
1	3589081	114	CT
1	3589085	4	AT
1	3589133	48	TC
1	3589153	20	TC
1	3590671	954	AG
1	3591030	331	GT
1	3592074	994	GC
1	3594287	2213	TC
1	3595039	418	GA
1	3595955	610	AC
1	3596025	70	TC
1	3596500	177	CA
1	3596575	75	CT
1	3596741	166	GA
1	3596971	230	CT
1	3598001	988	TA
1	3598349	348	GT
1	3598424	75	GA
1	3606671	2754	TG
1	3609669	1187	GC
1	3610675	687	GA
1	3610886	211	AT
1	3611056	170	CT
1	3611073	17	CA
1	3611100	27	TC
1	3611118	18	GC
1	3611121	3	CT
1	3611155	34	TC
1	3611182	27	TC
1	3611767	561	GA
1	3614132	809	CT
1	3614487	200	AG
1	3614555	68	TC
1	3614564	9	GA
1	3614677	113	CG
1	3614847	170	GA
1	3622160	358	TC
1	3622719	539	GC
1	3622865	146	TC
1	3623000	135	AG
1	3623207	207	TC
1	3623372	165	CT
1	3623376	4	TC
1	3623638	262	AG
1	3624087	449	CT
1	3624670	302	TC
1	3624879	209	AT
1	3626723	1202	AC
1	3628396	1349	GC
1	3629964	1009	GA
1	3631035	1071	AG
1	3632256	1093	AC
1	3640850	2043	GA
1	3663176	11522	AC
1	3665060	1853	TC
1	3668108	2042	CT
1	3674005	4933	TC
1	3674172	167	TC
1	3675107	902	CT
1	3677130	1548	CG
1	3681921	3870	CT
1	3683923	1555	CT
1	3699990	6467	CT
1	3700338	124	TA
1	3701081	277	TC
1	3701217	136	TC
1	3701295	78	AG
1	3701332	37	TC
1	3701592	260	TC
1	3703698	1744	AG
1	3703781	83	TC
1	3710475	598	CT
1	3710545	70	CT
1	3710551	6	GA
1	3710749	114	GA
1	3711062	313	AG
1	3712935	1430	TA
1	3713613	196	TC
1	3715213	674	CT
1	3984896	193928	CT
1	3985125	229	GA
1	3985414	289	GA
1	3985456	42	GA
1	3985761	305	CG
1	3985856	95	GA
1	3986465	609	CT
1	3986807	342	TA
1	3987013	206	CT
1	3990193	2435	GT
1	3990367	174	CT
1	3991703	1046	TC
1	3993713	284	GC
1	3994627	914	AG
1	3995233	477	TC
1	3995318	85	CA
1	3995538	220	GA
1	3995672	134	TC
1	3995781	109	GT
1	3996026	245	GA
1	3996058	32	GA
1	3996143	85	GT
1	3996160	17	GA
1	3996295	135	TC
1	3996757	462	AG
1	3996868	111	GA
1	4000551	3099	GC
1	4000635	84	GT
1	4000868	233	GA
1	4000983	115	AG
1	4003609	1794	TG
1	4004072	423	TC
1	4004389	317	GA
1	4004788	399	AG
1	4004916	128	CG
1	4006573	1525	TA
1	4006920	347	AG
1	4008736	1593	AG
1	4008764	28	CT
1	4008765	1	AG
1	4009137	242	TC
1	4010348	877	AG
1	4010915	567	AC
1	4011863	602	TC
1	4012150	287	AT
1	4012400	216	TC
1	4013385	985	AG
1	4013588	203	AG
1	4053506	25362	GA
1	4054542	1036	AT
1	4058417	3414	CA
1	4058426	9	CG
1	4058975	169	TC
1	4059474	477	TC
1	4060869	1143	GA
1	4061951	859	TC
1	4063388	1249	CT
1	4067460	3091	AG
1	4072886	545	TC
1	4073186	300	AG
1	4074045	689	CT
1	4076066	314	CA
1	4076177	111	AG
1	4076260	83	TC
1	4076424	164	GA
1	4078389	1235	GA
1	4079452	521	TC
1	4079464	12	TC
1	4080053	283	CT
1	4080111	58	CA
1	4080598	396	TC
1	4081315	558	TC
1	4082853	167	AG
1	4085406	1467	TC
1	4088349	1770	AG
1	4089563	951	TC
1	4089939	322	GC
1	4092866	1276	CT
1	4094561	1623	GA
1	4096192	1029	TC
1	4098082	1638	CG
1	4099512	1353	TA
1	4105074	4347	GA
1	4105957	793	CT
1	4106305	297	AG
1	4106342	37	TC
1	4106343	1	GA
1	4106348	5	TC
1	4106472	124	GA
1	4106485	13	TC
1	4106521	36	AT
1	4106768	247	CT
1	4106973	205	AG
1	4107193	220	TC
1	4110001	2047	TC
1	4110023	22	AG
1	4114208	1528	TA
1	4114396	99	CG
1	4114792	164	GT
1	4115747	281	TC
1	4122551	3913	CG
1	4122735	184	GA
1	4123120	385	TC
1	4123707	427	AC
1	4124227	226	GA
1	4124410	183	TC
1	4125545	956	GT
1	4126238	273	TC
1	4126448	210	TG
1	4126898	433	CT
1	4127993	837	AT
1	4128015	22	AG
1	4128178	163	GT
1	4128360	182	GA
1	4132973	2516	AT
1	4133279	306	TC
1	4133648	331	GA
1	4133774	126	CT
1	4133931	157	TG
1	4134281	350	TA
1	4135225	732	TC
1	4136163	437	CG
1	4141728	4769	AT
1	4142211	483	TA
1	4152346	5203	CG
1	4152353	7	TG
1	4157058	3394	TG
1	4157290	232	TC
1	4158463	790	TC
1	4159155	692	GA
1	4159571	334	CT
1	4159839	268	TA
1	4159862	23	TC
1	4160089	227	CG
1	4160424	58	AC
1	4161257	753	AC
1	4161323	66	CG
1	4161329	6	TC
1	4161955	304	CA
1	4162041	86	GA
1	4162424	15	AT
1	4162648	83	GC
1	4162869	221	CT
1	4163294	425	AG
1	4163894	600	GA
1	4164150	256	CT
1	4164213	63	AC
1	4165026	381	CG
1	4165234	208	GA
1	4165296	62	CT
1	4165422	126	AT
1	4166962	1181	GT
1	4167110	148	TC
1	4167417	158	CT
1	4168683	19	AT
1	4168851	168	TC
1	4169135	184	GA
1	4169205	70	CA
1	4169215	10	AG
1	4169217	2	TC
1	4169387	170	TC
1	4169416	29	CT
1	4169440	24	TG
1	4169527	87	AG
1	4169553	26	AG
1	4169648	95	TC
1	4169708	60	GC
1	4171256	819	CT
1	4174125	2069	CG
1	4174349	224	TG
1	4174776	427	CT
1	4175386	610	AG
1	4176107	721	CA
1	4176286	179	GC
1	4178113	732	GA
1	4178408	295	GC
1	4178562	154	AG
1	4178563	1	TC
1	4178601	38	AG
1	4180424	1323	CT
1	4182151	586	GA
1	4182468	317	CT
1	4182888	318	CT
1	4182893	5	GA
1	4182917	24	TC
1	4182979	62	GA
1	4183898	487	CT
1	4184480	582	TG
1	4185916	1352	AG
1	4186239	323	CT
1	4186505	266	AG
1	4189932	788	GA
1	4194226	3792	GA
1	4195073	751	AG
1	4203289	3302	GA
1	4206882	2405	AT
1	4208133	948	AC
1	4210401	926	GC
1	4219433	7189	CT
1	4219625	192	GA
1	4219736	111	TC
1	4220404	668	AG
1	4221556	633	AG
1	4221805	249	AC
1	4222535	340	AT
1	4222671	136	GA
1	4223076	405	CT
1	4226273	2490	CT
1	4226398	125	TA
1	4226533	135	AC
1	4227693	539	CG
1	4227855	162	AC
1	4229666	1510	TC
1	4229922	256	AG
1	4230313	391	GA
1	4230790	378	CA
1	4230846	56	TC
1	4230855	9	GA
1	4230893	38	AG
1	4230961	68	TC
1	4231186	225	TA
1	4231190	4	TG
1	4231312	122	TC
1	4231531	177	AT
1	4231532	1	AC
1	4231676	144	TC
1	4231732	56	GT
1	4231816	84	GA
1	4231944	128	CT
1	4232099	155	GA
1	4232242	143	AG
1	4232281	39	TA
1	4233633	1054	CT
1	4233634	1	AG
1	4233725	91	GA
1	4233726	1	CA
1	4234042	316	AC
1	4234277	235	CT
1	4234308	31	TA
1	4235008	700	CT
1	4235118	110	CA
1	4235180	62	GT
1	4235625	445	TC
1	4235637	12	GA
1	4235796	159	TG
1	4235814	18	GA
1	4235957	143	AG
1	4236528	132	GA
1	4236777	249	TC
1	4248877	8711	CA
1	4248903	26	CG
1	4250329	589	AG
1	4250528	44	CT
1	4250568	40	CG
1	4250579	11	AG
1	4250679	100	CT
1	4258185	1367	GA
1	4258744	531	CT
1	4258867	123	TC
1	4258900	33	CT
1	4259449	303	TC
1	4259520	71	AG
1	4259900	358	AG
1	4259921	21	AG
1	4260152	231	GA
1	4260222	70	GT
1	4260243	21	TC
1	4260425	182	GT
1	4261051	122	TC
1	4261066	15	AG
1	4261112	46	TC
1	4261512	98	AG
1	4261530	18	AG
1	4261622	92	CG
1	4262131	509	GT
1	4267673	1093	TG
1	4271067	1896	CT
1	4271808	741	CA
1	4272620	448	TC
1	4272796	84	TC
1	4273278	482	CT
1	4274334	296	TC
1	4274449	115	CT
1	4275459	379	TC
1	4275501	42	AG
1	4276138	287	AG
1	4276187	49	TC
1	4276196	9	TC
1	4277055	540	TC
1	4277093	38	AG
1	4277112	19	TC
1	4277221	109	TC
1	4277255	34	TC
1	4277257	2	AC
1	4277258	1	AG
1	4277285	27	AC
1	4278010	129	GA
1	4278026	16	CT
1	4278084	58	CT
1	4278126	42	AG
1	4278189	63	CG
1	4278292	103	TG
1	4279944	740	CA
1	4280261	317	TC
1	4280300	39	CT
1	4281248	561	CT
1	4282232	543	GA
1	4282242	10	CA
1	4282277	35	CG
1	4282330	53	CG
1	4283329	164	AT
1	4290806	4872	GT
1	4291004	198	GT
1	4294265	1771	GA
1	4294714	449	AG
1	4296118	1063	CT
1	4296317	199	TC
1	4300854	2332	CT
1	4301548	464	GA
1	4301549	1	AG
1	4306832	3649	AG
1	4307360	528	CT
1	4309564	2006	TG
1	4310768	1088	TC
1	4312138	1143	CT
1	4314321	1974	CT
1	4314437	116	CT
1	4314635	198	GA
1	4314779	144	CG
1	4315747	277	GA
1	4315826	79	TC
1	4315977	151	AG
1	4316075	98	GA
1	4316100	25	TC
1	4316320	220	TC
1	4316464	144	TC
1	4316704	240	TC
1	4317124	420	AC
1	4317207	83	CT
1	4317637	430	CT
1	4317881	244	AG
1	4318077	196	AG
1	4318416	172	AG
1	4319324	606	CT
1	4319347	23	GA
1	4319384	37	CT
1	4319534	150	AG
1	4320267	733	GA
1	4320386	63	GA
1	4320514	128	CG
1	4322783	1478	GA
1	4326388	2224	CT
1	4329816	2854	GT
1	4330169	353	CT
1	4330717	335	AT
1	4330845	128	TC
1	4331924	452	AG
1	4331950	26	CT
1	4332137	187	AG
1	4332162	25	CT
1	4332464	302	AG
1	4332513	49	AC
1	4332691	178	CA
1	4332912	221	TC
1	4333932	380	GA
1	4334417	463	AG
1	4334530	113	AT
1	4335018	488	GA
1	4336674	469	CT
1	4336757	83	AT
1	4336796	39	CA
1	4337355	137	GA
1	4337381	26	TA
1	4337384	3	CT
1	4337468	84	GA
1	4337505	37	CT
1	4337663	158	GA
1	4338089	384	CA
1	4338284	195	GA
1	4338285	1	CT
1	4338324	39	CT
1	4338473	149	TC
1	4338667	194	GA
1	4338771	104	AG
1	4338776	5	TC
1	4339598	385	CT
1	4339651	53	TG
1	4339672	21	TC
1	4339806	134	CT
1	4339881	75	CT
1	4339937	56	GA
1	4340677	283	AT
1	4340710	33	CT
1	4340716	6	GA
1	4340733	17	AC
1	4340748	15	CT
1	4340787	39	CT
1	4341198	411	GA
1	4341223	25	CG
1	4342532	1259	GT
1	4342912	380	GA
1	4343062	150	GA
1	4343209	147	TA
1	4344484	873	CT
1	4344507	23	CT
1	4344734	227	AG
1	4344740	6	CT
1	4344776	36	GA
1	4345714	571	CG
1	4346226	512	AG
1	4349286	1364	AG
1	4349784	467	CT
1	4351576	1299	CT
1	4353258	1042	AG
1	4354161	730	GA
1	4355339	887	TC
1	4355412	73	AG
1	4355521	109	CT
1	4357354	1357	AG
1	4358932	1144	TC
1	4359761	640	CT
1	4361922	1953	CT
1	4362267	281	AG
1	4364590	1974	CT
1	4365328	738	TC
1	4366624	1296	AG
1	4367081	457	TG
1	4367188	34	CT
1	4367210	22	CT
1	4368227	895	GA
1	4369607	1253	GA
1	4370055	157	TA
1	4370057	2	CT
1	4370252	195	GA
1	4370315	63	AG
1	4370328	13	TC
1	4370665	26	GA
1	4370737	72	AG
1	4371584	541	TG
1	4371681	97	GC
1	4372053	372	GA
1	4372842	789	CT
1	4373065	223	CT
1	4374727	1350	CG
1	4374802	75	CG
1	4375020	218	TG
1	4375041	21	AG
1	4375197	156	CT
1	4375597	327	GA
1	4377179	444	CT
1	4380680	2778	GA
1	4380737	57	TC
1	4380751	14	CT
1	4380790	39	TA
1	4381408	355	CA
1	4381437	29	TA
1	4381701	264	AG
1	4382136	435	CT
1	4383057	407	CT
1	4383201	144	TC
1	4383219	18	CT
1	4383499	188	AG
1	4383541	42	AT
1	4383825	284	CG
1	4383837	12	GA
1	4383852	15	CA
1	4383937	85	AG
1	4383994	57	CT
1	4384014	20	GC
1	4384029	15	TC
1	4384044	15	AT
1	4384183	139	CG
1	4384406	223	GA
1	4384463	57	TC
1	4384466	3	GA
1	4384473	7	CT
1	4385474	145	AG
1	4385489	15	CA
1	4385491	2	AG
1	4385558	67	CT
1	4385984	219	CT
1	4386247	263	AC
1	4386248	1	CT
1	4386257	9	GA
1	4386326	69	CT
1	4386337	11	CT
1	4386339	2	TC
1	4386390	51	CT
1	4386684	294	CT
1	4387036	352	TG
1	4387126	90	TG
1	4387149	23	GA
1	4387259	110	GT
1	4387341	82	AG
1	4387351	10	AG
1	4388861	1208	AG
1	4389470	547	AG
1	4389582	112	TC
1	4390310	728	CT
1	4390712	146	CG
1	4390721	9	GA
1	4392013	943	GA
1	4392087	74	GA
1	4392291	138	GA
1	4392313	22	CT
1	4392618	305	AG
1	4392639	21	AG
1	4392668	29	GA
1	4392683	15	GA
1	4393154	471	GA
1	4393235	81	GA
1	4393456	221	TC
1	4393640	184	AG
1	4393681	41	TC
1	4393724	43	GA
1	4393892	168	CT
1	4393973	81	GT
1	4394379	183	CA
1	4394518	139	GA
1	4394811	206	GA
1	4394835	24	AG
1	4394957	122	GA
1	4395082	125	AG
1	4395610	347	GA
1	4396402	716	CG
1	4398489	1368	AG
1	4398751	262	CT
1	4399019	268	AC
1	4399331	312	AG
1	4399416	85	CT
1	4399682	266	TC
1	4399849	167	AG
1	4399996	147	TC
1	4400501	404	GA
1	4400889	388	GA
1	4401038	149	GA
1	4404301	2565	CT
1	4407327	2910	GA
1	4407404	77	CT
1	4407778	374	TC
1	4408252	341	GA
1	4409747	805	AG
1	4413287	390	TC
1	4413644	325	TC
1	4413647	3	GA
1	4414583	794	CT
1	4414607	24	GA
1	4414720	113	GC
1	4414867	147	CT
1	4414987	120	TC
1	4415081	94	AC
1	4415143	62	CG
1	4415234	91	TA
1	4415327	93	GA
1	4415544	217	TC
1	4415559	15	GA
1	4415726	167	TG
1	4415729	3	CT
1	4415740	11	GA
1	4418548	1210	AG
1	4419261	575	CT
1	4419350	89	AG
1	4419650	300	TA
1	4427325	4321	TC
1	4427456	131	TC
1	4427768	215	CT
1	4428457	542	CT
1	4428796	76	GA
1	4428803	7	GA
1	4429488	347	CT
1	4429551	63	GA
1	4430028	477	AG
1	4430086	58	TA
1	4430683	278	AG
1	4432617	1432	CT
1	4432910	293	AG
1	4432952	42	GA
1	4433062	110	GA
1	4433261	199	CT
1	4433288	27	AG
1	4433302	14	TC
1	4433376	74	GT
1	4433384	8	AG
1	4433539	155	GA
1	4433665	126	AG
1	4433970	305	GA
1	4434042	72	TA
1	4434092	50	CT
1	4434107	15	CT
1	4434116	9	CT
1	4434322	188	CT
1	4434437	115	TC
1	4434471	34	GT
1	4434473	2	TC
1	4434740	267	CT
1	4434745	5	AG
1	4434957	212	CA
1	4435864	655	CT
1	4436461	268	GA
1	4436520	59	TC
1	4443460	2925	GT
1	4444410	911	GC
1	4446413	2003	AG
1	4449140	1571	GA
1	4461323	7599	AG
1	4461753	430	GA
1	4462109	113	GA
1	4462821	712	CT
1	4462910	89	TC
1	4463687	777	AC
1	4466088	179	AG
1	4466138	50	CA
1	4466149	11	AG
1	4466191	42	CT
1	4466336	83	AC
1	4468927	176	GA
1	4470669	374	TC
1	4472789	1956	AG
1	4472790	1	CG
1	4472940	150	CT
1	4473126	186	TC
1	4473208	82	TA
1	4473538	330	GA
1	4473546	8	TC
1	4473579	33	AT
1	4473800	221	CT
1	4474397	544	GA
1	4474499	102	GC
1	4474562	63	CT
1	4485069	7673	CT
1	4492192	2001	GC
1	4492957	676	GA
1	4495119	1594	CG
1	4496758	1059	TG
1	4497557	552	GA
1	4497676	119	TA
1	4497680	4	CA
1	4498000	320	AG
1	4498859	488	AG
1	4498905	46	GA
1	4499025	120	GC
1	4499039	14	AG
1	4499044	5	TC
1	4499059	15	AC
1	4499186	127	GA
1	4499194	8	GA
1	4499520	326	TC
1	4499638	118	TA
1	4501055	1417	CA
1	4502326	688	AG
1	4502342	16	CA
1	4502361	19	GC
1	4502449	88	AG
1	4502479	30	AG
1	4502879	133	CT
1	4502888	9	CG
1	4503672	251	TC
1	4503774	102	GT
1	4504029	216	CT
1	4504066	37	AG
1	4504432	319	GA
1	4504559	127	CA
1	4504657	98	GA
1	4504812	155	AG
1	4505257	364	GA
1	4506803	1232	TC
1	4507389	586	AG
1	4507403	14	GA
1	4507662	259	AG
1	4508090	105	GA
1	4508173	83	GA
1	4508639	466	AG
1	4508729	90	TC
1	4508740	11	TG
1	4508799	59	TC
1	4509103	304	CT
1	4509114	11	TC
1	4509492	97	GA
1	4526628	11556	CG
1	4527243	615	GA
1	4527275	32	TC
1	4527516	212	CT
1	4528232	404	CA
1	4528591	359	CT
1	4528614	23	AG
1	4528983	369	AG
1	4529103	120	AG
1	4529111	8	GA
1	4529113	2	AG
1	4529695	582	TC
1	4533844	1633	CA
1	4534094	250	TC
1	4535098	890	GA
1	4540035	3454	CT
1	4542118	1607	TC
1	4542356	238	TC
1	4542598	242	TC
1	4543115	377	AG
1	4543960	845	AG
1	4544200	240	GA
1	4546265	1623	AT
1	4548638	2119	GA
1	4548992	354	GC
1	4549141	149	GA
1	4549999	858	TC
1	4554525	3068	CA
1	4555395	375	CT
1	4555413	18	AG
1	4556050	534	CA
1	4556055	5	CA
1	4556244	189	AG
1	4557053	809	CT
1	4557110	57	TC
1	4557262	152	GA
1	4557631	369	CT
1	4558150	82	TC
1	4558344	194	AG
1	4558621	249	AC
1	4558924	303	GC
1	4559045	121	CT
1	4559081	36	AG
1	4559092	11	GA
1	4559159	67	CT
1	4559660	501	GA
1	4560013	353	CT
1	4560207	194	GA
1	4560341	134	GA
1	4561146	318	CT
1	4561358	212	AG
1	4561501	143	TC
1	4561755	224	AC
1	4561756	1	TC
1	4562034	278	AG
1	4562063	29	CT
1	4562219	156	AT
1	4562398	179	TC
1	4562405	7	GA
1	4562717	312	AG
1	4563143	426	GA
1	4563371	228	CT
1	4563431	60	CT
1	4563435	4	AG
1	4563475	40	CG
1	4563490	15	AG
1	4563535	45	CT
1	4563706	171	CG
1	4563906	164	CG
1	4564184	278	CT
1	4564189	5	TC
1	4564268	79	CT
1	4564336	68	AG
1	4564410	74	GA
1	4564534	124	GC
1	4565141	574	GT
1	4565250	109	CT
1	4565309	59	AC
1	4565435	126	AG
1	4566143	682	AC
1	4566427	284	CT
1	4567558	712	TC
1	4567788	230	CT
1	4568034	246	AG
1	4568617	583	AT
1	4569094	477	GA
1	4569163	69	AG
1	4569188	25	GA
1	4569240	52	AG
1	4569603	324	GA
1	4569760	157	GA
1	4569822	62	AG
1	4570142	176	TC
1	4570145	3	AG
1	4570818	290	AG
1	4570869	51	TC
1	4570895	26	TA
1	4571059	164	GA
1	4571062	3	AT
1	4571106	44	AG
1	4571163	57	GA
1	4571179	16	CT
1	4571425	246	CT
1	4571900	475	AG
1	4572432	366	TA
1	4572880	448	GA
1	4573613	354	AG
1	4574116	244	GA
1	4574181	65	CT
1	4574429	248	GT
1	4574430	1	TA
1	4574924	349	GA
1	4575379	276	TC
1	4575470	91	GA
1	4575755	285	GT
1	4576031	276	GA
1	4576146	115	GA
1	4576299	153	GA
1	4576691	392	CG
1	4576949	174	GA
1	4577083	134	GA
1	4577259	176	TC
1	4577395	136	TC
1	4577557	162	GA
1	4577564	7	GA
1	4577673	71	AG
1	4577723	50	CA
1	4578159	436	CA
1	4578160	1	TC
1	4578164	4	CT
1	4578234	70	CA
1	4578816	582	AG
1	4579271	455	GA
1	4579310	39	TC
1	4579415	105	GA
1	4579531	116	AG
1	4579643	29	AG
1	4579655	12	GA
1	4582603	2375	GA
1	4582724	121	GA
1	4582983	259	TC
1	4585297	1872	CT
1	4586141	844	CA
1	4587008	745	AT
1	4587324	165	TC
1	4588374	954	TC
1	4588392	18	AG
1	4588597	135	GA
1	4588869	272	CT
1	4588941	72	GA
1	4588955	14	GC
1	4588991	36	CT
1	4588997	6	AG
1	4589267	270	TC
1	4590162	326	GC
1	4590497	335	AG
1	4590686	189	TA
1	4591105	372	AG
1	4591595	473	AG
1	4592055	460	TC
1	4592176	121	CA
1	4592242	66	TA
1	4592261	19	TG
1	4592263	2	GC
1	4592289	26	AG
1	4592294	5	TG
1	4592313	19	GA
1	4592716	150	AG
1	4593731	720	AC
1	4594255	524	AT
1	4594508	161	GA
1	4597199	416	TC
1	4598772	476	AG
1	4598865	93	CT
1	4598895	30	GA
1	4599989	1058	CT
1	4601664	644	AG
1	4603196	1510	CT
1	4603777	391	GA
1	4603970	193	CT
1	4605504	1432	CT
1	4605761	257	GA
1	4605916	96	CT
1	4605925	9	CG
1	4605963	38	CT
1	4606148	185	AC
1	4606216	68	CA
1	4606251	35	GA
1	4606553	236	CT
1	4608247	753	CG
1	4608337	90	AG
1	4608350	13	GA
1	4608503	153	CT
1	4608513	10	GA
1	4608961	385	GT
1	4609284	323	GA
1	4609370	86	GT
1	4609517	147	AT
1	4612603	1362	TC
1	4612798	195	AT
1	4613209	411	CT
1	4613979	397	GT
1	4615010	470	AC
1	4615322	312	AG
1	4615510	98	GA
1	4615718	208	GA
1	4616119	212	GA
1	4616195	76	GA
1	4617739	833	CT
1	4619193	587	CT
1	4619276	83	GA
1	4623220	2994	TC
1	4623912	692	AG
1	4624076	164	GA
1	4624210	134	AG
1	4624289	79	GC
1	4624477	188	CT
1	4624918	328	GT
1	4625088	170	AG
1	4625183	95	GA
1	4625247	64	AG
1	4626589	854	AG
1	4626594	5	CT
1	4626778	34	CT
1	4626797	19	TC
1	4626859	62	CT
1	4626893	34	GA
1	4628280	1387	TC
1	4629802	908	TC
1	4631073	596	CT
1	4631978	281	TC
1	4632272	294	TC
1	4632306	34	GA
1	4633745	1439	TA
1	4634325	415	AG
1	4634756	431	GC
1	4637271	1592	CA
1	4637371	100	GA
1	4638015	644	AG
1	4638434	419	TC
1	4638553	119	GA
1	4638667	114	TC
1	4639591	745	AG
1	4641092	1376	TC
1	4641332	58	AG
1	4642151	819	AT
1	4642319	168	CT
1	4642407	88	AG
1	4642423	16	GA
1	4642544	121	TC
1	4642756	212	GC
1	4643215	158	TA
1	4643556	341	CT
1	4643681	125	AG
1	4643986	305	CT
1	4644191	56	TC
1	4644245	54	CT
1	4644261	16	CT
1	4645263	546	AG
1	4645383	120	AG
1	4645421	38	CT
1	4645429	8	GC
1	4645561	132	TC
1	4645585	24	TC
1	4645677	92	GT
1	4645710	33	TC
1	4645726	16	AG
1	4645921	195	CT
1	4645972	51	CG
1	4645999	27	GA
1	4646296	204	CT
1	4663262	13992	GA
1	4663429	167	GA
1	4664429	532	TG
1	4664466	37	GA
1	4664481	15	CT
1	4664608	127	CT
1	4664638	30	CT
1	4665116	340	GA
1	4665361	216	GA
1	4665465	104	CT
1	4665470	5	GA
1	4665569	99	TC
1	4665726	157	GA
1	4665988	262	CT
1	4666065	77	GA
1	4666156	91	CT
1	4666212	56	GA
1	4666393	181	CT
1	4666545	152	TC
1	4666615	70	CT
1	4666671	56	CG
1	4666757	86	CT
1	4666792	35	GA
1	4666905	113	CT
1	4667211	146	TC
1	4667858	647	TC
1	4668138	280	AG
1	4668472	251	GA
1	4669284	249	TC
1	4669371	87	TG
1	4669564	193	CT
1	4671548	908	CG
1	4671923	375	AG
1	4671996	73	CG
1	4672051	55	CT
1	4672831	209	TG
1	4674532	1207	CT
1	4676285	1235	CG
1	4676493	208	AT
1	4676560	67	TC
1	4677122	288	CT
1	4677159	37	AG
1	4677186	27	GA
1	4677196	10	TC
1	4677644	448	AC
1	4678073	429	CA
1	4678156	83	GC
1	4678352	196	CA
1	4678424	72	CA
1	4679157	631	AG
1	4679369	155	GA
1	4679403	34	TC
1	4680677	651	GA
1	4680870	193	CT
1	4680902	32	GA
1	4681744	611	TC
1	4681912	118	CT
1	4682378	420	TA
1	4683042	664	AG
1	4683097	55	GC
1	4683256	159	AG
1	4683273	17	CT
1	4683347	74	CT
1	4683362	15	GA
1	4683363	1	CG
1	4683530	167	TC
1	4684155	272	CA
1	4684964	702	AG
1	4685729	378	AG
1	4687963	1024	AG
1	4692813	2609	CT
1	4693061	248	CT
1	4693661	504	GA
1	4693861	200	GA
1	4693920	59	GA
1	4696116	552	TC
1	4696566	450	CT
1	4696732	166	GA
1	4697267	535	GA
1	4697436	169	AG
1	4697610	62	CT
1	4698374	406	TA
1	4698376	2	AC
1	4698868	492	CT
1	4701391	1136	AG
1	4702459	951	GA
1	4703479	945	AG
1	4703543	64	TA
1	4703579	36	CT
1	4704259	103	TG
1	4704380	121	GA
1	4704455	75	TC
1	4704478	23	GT
1	4704662	184	CT
1	4705297	329	GA
1	4705403	106	AG
1	4705799	332	CG
1	4706074	164	TG
1	4706215	141	CT
1	4706328	113	CT
1	4706372	44	GA
1	4707199	497	GA
1	4708092	732	GA
1	4708512	351	GA
1	4708785	273	AT
1	4709455	670	AC
1	4710049	594	GC
1	4710064	15	GA
1	4710700	636	GA
1	4712310	1468	TC
1	4715076	2008	GA
1	4715234	158	CA
1	4715252	18	AG
1	4715319	67	GA
1	4715486	167	GC
1	4715837	176	AG
1	4715844	7	AC
1	4715857	13	GA
1	4715946	89	TA
1	4716078	132	CT
1	4716095	17	GC
1	4716115	20	CT
1	4716159	44	CT
1	4716248	89	TG
1	4716255	7	TC
1	4716271	16	TA
1	4716465	25	AG
1	4716505	40	AG
1	4716557	28	AG
1	4716738	181	GA
1	4716812	74	AG
1	4716854	42	GT
1	4717015	67	AG
1	4717101	86	GC
1	4717212	111	GA
1	4717285	73	CT
1	4717390	105	TC
1	4717567	177	TC
1	4718178	412	TC
1	4718533	330	TC
1	4718554	21	GA
1	4718566	12	GA
1	4718570	4	TC
1	4718607	37	GA
1	4718625	18	GA
1	4718863	238	AG
1	4719813	950	GA
1	4719922	109	TC
1	4719925	3	TC
1	4721648	1113	GA
1	4721819	171	CA
1	4722504	649	CT
1	4723844	1340	CT
1	4724203	326	CT
1	4724478	275	GA
1	4725686	1208	CG
1	4725971	285	TC
1	4726094	123	GA
1	4727187	597	CA
1	4727345	158	TC
1	4727401	56	AT
1	4727533	56	GT
1	4727545	12	TG
1	4727546	1	GA
1	4727935	389	AG
1	4728358	423	CA
1	4728675	317	TG
1	4729004	189	AG
1	4729053	49	GC
1	4729321	268	GC
1	4730363	895	TC
1	4730676	313	CT
1	4730686	10	CT
1	4730797	111	AG
1	4731553	535	TC
1	4733513	866	CT
1	4733569	56	GA
1	4734149	580	TC
1	4734195	46	TC
1	4734927	460	GC
1	4735445	518	GA
1	4736387	350	AG
1	4737709	1051	GA
1	4737936	227	GA
1	4738354	389	AG
1	4740913	1256	CT
1	4740942	29	GA
1	4741174	232	CT
1	4741214	40	GA
1	4741477	263	CT
1	4741813	336	CT
1	4741945	132	CG
1	4742243	264	CA
1	4742408	165	GA
1	4742655	247	CT
1	4743048	331	CT
1	4743350	302	CG
1	4743449	99	TC
1	4743674	225	GA
1	4743800	126	TC
1	4744092	292	GA
1	4744206	114	TG
1	4744212	6	TC
1	4744279	67	TC
1	4744528	249	GA
1	4744685	157	GA
1	4744930	245	CA
1	4745261	331	TC
1	4745372	111	CT
1	4745710	294	TC
1	4745946	236	AG
1	4746443	394	TG
1	4746782	231	AG
1	4747507	272	GA
1	4747596	89	TC
1	4747701	105	AG
1	4748446	657	AG
1	4749522	1076	GA
1	4749573	51	GA
1	4750009	390	GA
1	4750037	28	CT
1	4750104	67	GA
1	4750236	132	GA
1	4751063	734	AG
1	4751115	52	CT
1	4751165	50	CT
1	4751207	42	CA
1	4751301	94	CT
1	4754533	2404	CT
1	4757646	2613	TA
1	4759027	1080	AG
1	4759058	31	TG
1	4759115	57	CA
1	4760217	747	GA
1	4760339	122	TC
1	4760776	399	AT
1	4760819	43	GA
1	4761823	829	TC
1	4767293	4929	AG
1	4767802	345	GC
1	4769074	1272	AG
1	4769123	49	TC
1	4769448	325	AT
1	4770211	632	CT
1	4770261	50	AG
1	4770323	62	CT
1	4770470	147	GT
1	4770658	188	GC
1	4770823	165	CT
1	4771122	299	TC
1	4771210	88	CT
1	4771360	150	AG
1	4771409	49	CT
1	4771833	424	GA
1	4771858	25	CT
1	4772181	323	GC
1	4773410	978	AG
1	4773588	178	TC
1	4774510	859	GA
1	4775183	381	GA
1	4775472	289	CG
1	4776226	754	AG
1	4776435	209	AG
1	4777074	464	GC
1	4777117	43	TC
1	4777808	188	CT
1	4777809	1	GC
1	4778046	237	CA
1	4778120	74	GA
1	4778128	8	AG
1	4778181	53	GA
1	4778276	95	TC
1	4778299	23	GA
1	4778387	88	GA
1	4778550	163	CT
1	4778936	386	TC
1	4779184	248	AG
1	4779436	252	AG
1	4780796	853	GT
1	4780881	85	GA
1	4780928	47	CT
1	4781019	91	TC
1	4781093	74	AT
1	4781108	15	AG
1	4781184	76	TG
1	4781274	90	CA
1	4781842	568	CA
1	4786901	3228	GA
1	4786986	85	GA
1	4788150	458	CT
1	4788229	79	GT
1	4788529	300	CG
1	4789284	298	CT
1	4789705	211	AG
1	4789974	269	GT
1	4790138	164	AG
1	4790297	159	TC
1	4790420	123	GA
1	4790716	91	CT
1	4791016	238	CT
1	4791056	40	CT
1	4791144	88	GA
1	4791179	35	CG
1	4791249	70	AG
1	4791273	24	TC
1	4792563	563	AC
1	4794934	1296	TC
1	4796082	1148	CT
1	4796091	9	AG
1	4796310	219	CT
1	4796386	76	CT
1	4796413	27	TC
1	4796876	463	GT
1	4797953	771	GA
1	4797965	12	AG
1	4797998	33	CT
1	4798125	55	GT
1	4798385	260	GC
1	4798473	88	AC
1	4798573	100	CA
1	4798826	253	GC
1	4798978	152	TC
1	4799086	108	GA
1	4799374	288	GT
1	4799708	237	AG
1	4799918	149	TC
1	4800463	545	AG
1	4802210	1705	GA
1	4802222	12	CT
1	4802887	328	TC
1	4802948	61	CG
1	4803105	157	CT
1	4803226	121	AG
1	4803532	306	AC
1	4804481	860	AG
1	4804768	287	GA
1	4804864	96	TC
1	4805629	765	GA
1	4805814	185	GA
1	4805849	35	AG
1	4806605	756	CG
1	4806616	11	GA
1	4806650	34	GA
1	4806691	41	AG
1	4807578	597	AG
1	4808153	456	GC
1	4808419	266	GT
1	4808616	197	GA
1	4808876	260	TA
1	4809195	319	AG
1	4819780	7137	CT
1	4826203	5840	CT
1	4826520	317	CT
1	4826800	280	CT
1	4827315	139	AG
1	4827579	264	CT
1	4827761	28	AG
1	4828174	413	GA
1	4829364	1190	CT
1	4831273	1331	GA
1	4832299	527	CT
1	4832676	46	CA
1	4833076	214	GA
1	4833154	78	CG
1	4833167	13	GA
1	4833504	302	CG
1	4833810	230	AG
1	4833866	56	TC
1	4834166	300	CT
1	4834191	25	CT
1	4834285	94	GA
1	4834308	23	TC
1	4834373	65	TG
1	4834572	199	TG
1	4834605	33	CT
1	4834620	15	GA
1	4834687	67	AG
1	4834781	94	GA
1	4834969	93	TA
1	4834986	17	GA
1	4835064	78	GA
1	4835114	50	TC
1	4835188	74	CG
1	4835675	487	GA
1	4835794	119	TC
1	4836039	245	TC
1	4837205	406	TC
1	4837246	41	AG
1	4837714	248	TC
1	4837725	11	TA
1	4837761	36	TC
1	4838183	422	TC
1	4838500	317	CT
1	4838628	128	CT
1	4838809	181	AG
1	4839747	264	GA
1	4839860	113	GT
1	4839973	113	AG
1	4840397	424	GA
1	4841064	85	AG
1	4842566	1340	GA
1	4842583	17	CT
1	4842600	17	CT
1	4852823	8476	CT
1	4854549	886	GA
1	4856160	1558	TA
1	4857397	973	CT
1	4858370	719	TC
1	4861031	1250	GA
1	4861541	510	CT
1	4861573	32	CT
1	4862464	556	AG
1	4864385	1523	CT
1	4869541	3148	TC
1	4869883	315	CT
1	4871003	1120	GA
1	4871063	60	GA
1	4871088	25	AG
1	4871171	83	GA
1	4871211	40	TC
1	4871524	313	AT
1	4872848	484	CT
1	4873061	213	AG
1	4873636	209	TC
1	4874067	431	CT
1	4874147	80	CT
1	4874149	2	TC
1	4874401	190	AG
1	4874777	376	TC
1	4874797	20	GC
1	4876387	928	GA
1	4876617	189	GA
1	4880555	1988	CA
1	4880571	16	AC
1	4884213	1854	CG
1	4884615	314	CT
1	4884626	11	CT
1	4885087	461	GC
1	4885285	198	AG
1	4885322	37	GC
1	4885335	13	AT
1	4885393	58	TC
1	4885636	243	AG
1	4885651	15	CT
1	4885874	223	CT
1	4886725	576	AG
1	4886735	10	AT
1	4886759	24	TC
1	4886767	8	GA
1	4886890	123	AG
1	4886933	43	TG
1	4886937	4	AG
1	4886976	39	GC
1	4886983	7	GC
1	4886994	11	GA
1	4887072	78	TA
1	4887078	6	AG
1	4887085	7	TA
1	4887086	1	AG
1	4887140	54	GA
1	4887181	41	GC
1	4887193	12	GA
1	4887259	66	AG
1	4887305	46	AG
1	4887410	105	GA
1	4887433	23	CT
1	4887514	81	TC
1	4887721	207	GA
1	4888023	226	GA
1	4888694	457	CT
1	4890713	1076	GA
1	4890752	39	CT
1	4890753	1	GA
1	4890797	44	CT
1	4890807	10	CT
1	4890929	122	CT
1	4891143	214	GA
1	4891254	111	CT
1	4891368	114	TC
1	4891634	266	CT
1	4891873	239	GC
1	4892580	644	AG
1	4892877	179	AG
1	4892894	17	TC
1	4893035	141	CT
1	4897907	3512	AG
1	4900249	1149	TC
1	4903541	2272	CG
1	4906390	2289	TC
1	4907116	458	TA
1	4907400	284	GT
1	4907407	7	TA
1	4909456	1107	GA
1	4909882	278	AG
1	4909974	92	CT
1	4910056	82	AG
1	4910476	259	GA
1	4910482	6	TC
1	4911106	624	GT
1	4911414	308	GA
1	4911646	232	AG
1	4911745	99	TC
1	4912617	579	CT
1	4912705	88	GC
1	4915021	733	AG
1	4915167	146	AG
1	4915197	30	GC
1	4915233	36	GA
1	4915579	346	AG
1	4915585	6	GA
1	4915602	17	GA
1	4915609	7	CT
1	4916200	290	AG
1	4918765	1867	TC
1	4918793	28	CA
1	4919232	439	CG
1	4921283	1007	CT
1	4923356	2073	CT
1	4923405	49	CT
1	4923459	54	CT
1	4924143	684	AG
1	4924423	145	GA
1	4929304	1359	TC
1	4930063	672	GA
1	4930280	217	CT
1	4930308	28	AG
1	4931677	1096	AG
1	4934270	1962	AT
1	4934355	85	CT
1	4934367	12	AG
1	4934568	135	TA
1	4934571	3	CA
1	4934607	36	AG
1	4934651	44	GA
1	4934797	146	TG
1	4934799	2	AG
1	4934942	143	TC
1	4934966	24	TC
1	4935072	106	TC
1	4935094	22	GA
1	4935241	147	AT
1	4935542	171	GA
1	4935818	276	AG
1	4936127	309	GA
1	4936371	244	GA
1	4936709	338	TG
1	4937459	381	AG
1	4941192	2697	CT
1	4941202	10	CG
1	4944895	1955	AT
1	4945390	456	CT
1	4946198	808	AG
1	4946321	123	TC
1	4946960	639	CT
1	4947348	388	GA
1	4947508	160	TG
1	4949349	860	GC
1	4949383	34	AG
1	4949448	65	GA
1	4950832	1384	CA
1	4951117	262	TC
1	4952334	424	GA
1	4952778	386	GT
1	4953532	117	GA
1	4953533	1	GA
1	4956063	292	GA
1	4956086	23	TG
1	4956089	3	CT
1	4956130	41	AG
1	4956520	390	AG
1	4956870	350	AG
1	4956914	44	TC
1	4959917	692	AG
1	4961109	853	CT
1	4961607	58	TA
1	4961668	61	AG
1	4961763	95	CT
1	4961772	9	TC
1	4961797	25	AT
1	4961996	199	CG
1	4984017	14214	TC
1	4984118	101	AC
1	4984130	12	AG
1	4984250	120	CT
1	4984414	164	GA
1	4986361	1287	CT
1	4986391	30	TC
1	4997329	3641	TC
1	4997404	75	GA
1	4997521	117	GA
1	5001284	1284	GA
1	5003091	1807	AG
1	5004055	964	TC
1	5004173	118	GA
1	5004224	51	AG
1	5004361	137	AG
1	5004446	85	CT
1	5004887	441	AC
1	5005899	985	CT
1	5006111	212	AG
1	5006626	515	CT
1	5007122	342	CT
1	5007491	369	GA
1	5007622	131	AG
1	5007702	80	TC
1	5007929	227	GA
1	5008102	131	AC
1	5008115	13	AC
1	5008645	530	CA
1	5008856	89	TG
1	5009066	210	GA
1	5009204	138	GA
1	5009320	91	AG
1	5009420	100	TC
1	5009441	21	AG
1	5009715	274	AG
1	5009768	53	GA
1	5009881	113	CA
1	5009956	75	GA
1	5010096	140	GA
1	5010238	142	TA
1	5010264	26	GA
1	5010811	356	TC
1	5011200	389	GA
1	5012287	331	GA
1	5012350	63	AT
1	5012618	268	CG
1	5013015	350	AG
1	5013503	461	GA
1	5013521	18	GA
1	5013974	405	CG
1	5014579	605	CG
1	5015330	595	AC
1	5015764	434	TA
1	5015919	155	CT
1	5016698	455	CT
1	5016830	132	CT
1	5016860	30	CT
1	5016921	61	CG
1	5017002	81	AG
1	5017549	327	CT
1	5017917	368	TG
1	5018191	237	GT
1	5025454	5137	CT
1	5026853	1084	CT
1	5030581	2642	TC
1	5030724	143	TC
1	5031432	708	CT
1	5034457	1351	TC
1	5034654	197	CT
1	5035578	118	GA
1	5035833	255	GA
1	5035996	163	AG
1	5036132	136	TC
1	5036188	56	TG
1	5036252	64	GA
1	5036995	151	CT
1	5037281	212	TC
1	5037680	399	TC
1	5037735	55	TC
1	5037829	94	GA
1	5038208	379	TC
1	5038215	7	AG
1	5038767	552	TC
1	5039340	573	CT
1	5039428	88	CT
1	5039618	190	AG
1	5039832	214	AG
1	5039882	50	GA
1	5040130	29	CT
1	5040691	561	CG
1	5040708	17	CA
1	5040737	29	CT
1	5040788	51	GA
1	5040866	78	CT
1	5040913	47	AG
1	5041125	212	CT
1	5041453	328	GA
1	5042237	784	TC
1	5042346	109	GA
1	5042950	604	CT
1	5043146	196	CT
1	5043198	52	TC
1	5043372	174	AG
1	5044104	369	CT
1	5044156	52	GA
1	5044161	5	AG
1	5045097	806	AG
1	5045243	146	AC
1	5045323	80	GA
1	5045564	241	TG
1	5045688	124	CT
1	5045981	293	GT
1	5046042	61	TC
1	5046144	102	CT
1	5046145	1	CT
1	5046440	295	GA
1	5047097	200	GA
1	5047390	293	CT
1	5047453	63	CT
1	5047669	216	CT
1	5047849	180	TG
1	5047876	27	TC
1	5048036	160	GC
1	5049239	398	GT
1	5049512	273	TA
1	5049714	202	CT
1	5049785	71	GA
1	5049848	63	TC
1	5050364	516	CT
1	5051209	806	TC
1	5051441	232	CT
1	5052155	414	TA
1	5052631	434	AT
1	5052779	148	AG
1	5053157	378	GA
1	5053276	119	GA
1	5053351	75	AG
1	5053361	10	GA
1	5053592	231	GA
1	5053601	9	GA
1	5053631	30	GA
1	5053868	237	TC
1	5053957	89	GT
1	5054107	150	TA
1	5054193	86	CG
1	5054267	74	TG
1	5054360	93	TC
1	5054382	22	GT
1	5054389	7	CT
1	5054393	4	TC
1	5054394	1	GA
1	5054396	2	GT
1	5054707	311	CG
1	5055235	470	GA
1	5055298	63	CT
1	5055657	359	AG
1	5055703	46	TG
1	5055955	220	TA
1	5059113	1896	CT
1	5062930	2909	AG
1	5063698	612	CT
1	5067987	2567	GA
1	5068995	414	TG
1	5069524	431	GA
1	5070514	482	TC
1	5070947	51	AG
1	5070986	39	AG
1	5071296	310	CT
1	5071310	14	TC
1	5071411	101	GA
1	5071428	17	CA
1	5074472	1282	AG
1	5074501	29	AG
1	5074529	28	CT
1	5074887	358	AG
1	5075485	238	AT
1	5075657	172	GT
1	5075794	137	AT
1	5075859	65	TC
1	5075925	66	CT
1	5076373	151	CT
1	5076671	298	TC
1	5076693	22	CA
1	5077098	296	GA
1	5077584	486	AC
1	5078437	622	CT
1	5079262	825	TG
1	5079296	34	TC
1	5079457	161	GA
1	5079601	144	GC
1	5079771	170	AG
1	5079903	132	GC
1	5079912	9	TC
1	5079963	51	AG
1	5079964	1	TC
1	5080021	57	CG
1	5080545	524	CT
1	5080619	74	AG
1	5080678	59	GA
1	5080723	45	CT
1	5080783	60	TC
1	5080805	22	AG
1	5080869	64	CT
1	5080875	6	TG
1	5080978	103	CG
1	5080990	12	GC
1	5081024	34	TC
1	5081402	186	AG
1	5081869	467	TC
1	5081917	48	AG
1	5082230	166	AG
1	5082328	98	AG
1	5082698	329	GA
1	5083058	360	TG
1	5083230	172	CT
1	5083231	1	AG
1	5083904	188	AG
1	5084836	567	GA
1	5085186	350	TA
1	5085769	184	CT
1	5087120	401	GA
1	5087267	147	CG
1	5087269	2	AG
1	5087324	55	GT
1	5087617	293	TC
1	5087645	28	AC
1	5087646	1	GA
1	5087683	37	CT
1	5087852	169	GA
1	5087871	19	TC
1	5088021	150	CA
1	5088172	107	GA
1	5088276	104	GA
1	5088370	94	AG
1	5088382	12	GA
1	5088471	36	TC
1	5089323	852	CT
1	5089324	1	AG
1	5089437	113	AC
1	5089462	25	AT
1	5090023	287	TG
1	5090049	26	AG
1	5090056	7	TG
1	5090207	151	GA
1	5090483	245	CA
1	5090498	15	GT
1	5090634	136	CT
1	5090704	70	TC
1	5090835	131	TC
1	5091100	265	TC
1	5092070	540	CT
1	5092089	19	TC
1	5092352	263	TC
1	5092462	110	GC
1	5093322	649	CT
1	5093807	485	GA
1	5096109	1861	CT
1	5096390	281	TC
1	5097795	529	TG
1	5098328	291	CT
1	5098609	254	GA
1	5098640	31	GC
1	5098649	9	GA
1	5098925	276	TC
1	5099198	273	AG
1	5100831	659	GA
1	5100891	60	CT
1	5100994	103	GA
1	5101586	285	AG
1	5103878	2165	CT
1	5105190	1312	GA
1	5106966	1361	CT
1	5107040	74	CT
1	5107277	237	AG
1	5107647	370	TG
1	5107684	37	TC
1	5107716	32	GA
1	5107774	58	GT
1	5107838	64	CA
1	5107988	150	CT
1	5108190	202	AG
1	5108819	629	AG
1	5110602	1303	TC
1	5111258	297	CT
1	5111321	63	TA
1	5111580	259	AG
1	5111667	87	CT
1	5112110	315	GA
1	5112268	158	AG
1	5112445	177	CT
1	5112496	51	CG
1	5112509	13	AG
1	5112553	44	TC
1	5112557	4	CT
1	5112608	51	GA
1	5113738	404	CT
1	5114240	457	CT
1	5114382	142	CA
1	5116268	1102	GC
1	5117732	1219	TC
1	5117918	186	GA
1	5118200	282	CT
1	5118739	236	CT
1	5119469	682	TC
1	5120636	787	GA
1	5122127	799	TA
1	5122715	588	AG
1	5124262	1475	AT
1	5124289	27	CT
1	5125087	798	GA
1	5125138	51	GA
1	5125855	614	CG
1	5125985	130	GA
1	5128592	2299	TG
1	5130630	1776	AT
1	5131112	482	AG
1	5135481	1620	TC
1	5137285	489	GA
1	5137339	54	AC
1	5137554	215	GA
1	5137779	225	AG
1	5138109	330	TC
1	5138483	374	TG
1	5138596	113	GA
1	5138712	116	TC
1	5138800	88	TC
1	5139199	163	CT
1	5139980	442	GA
1	5140276	296	GA
1	5140450	174	GA
1	5140587	137	AG
1	5140915	152	TC
1	5140916	1	AG
1	5140991	75	GA
1	5141022	31	TC
1	5141068	46	CT
1	5141119	51	GA
1	5142034	353	GA
1	5142343	281	TC
1	5142791	253	TC
1	5142831	40	AG
1	5142988	157	GC
1	5144369	1233	TC
1	5144936	265	GA
1	5147171	1129	TC
1	5151562	719	AC
1	5153019	732	TC
1	5156225	2857	TC
1	5156481	256	GC
1	5156509	28	AG
1	5156758	249	TC
1	5156766	8	AG
1	5156841	75	TC
1	5157395	414	GA
1	5157556	161	AC
1	5160352	1760	AG
1	5161071	505	AG
1	6369239	832394	GA
1	6380414	6708	CT
1	6383214	2156	GA
1	6385824	938	AG
1	6387468	1299	GA
1	6551446	130933	CA
1	6551482	36	GA
1	6552846	1364	GA
1	6553083	36	TC
1	6556469	1929	TC
1	6564139	5751	GA
1	6564770	631	CG
1	6565813	937	CT
1	6566560	747	AG
1	6567477	770	GT
1	6568456	350	AG
1	6568969	283	CG
1	6569552	267	CT
1	6569578	26	GA
1	6572288	1732	CT
1	6572689	401	AG
1	6572989	300	GT
1	6574189	1200	AG
1	6574315	126	AG
1	6574368	53	TC
1	6575337	466	TC
1	6575350	13	AG
1	6575506	156	TC
1	6577119	387	CT
1	6578061	645	CT
1	6579253	439	CG
1	6579270	17	GA
1	6579729	459	GC
1	6580044	315	GC
1	6580163	119	AC
1	6580297	134	CG
1	6582252	757	TG
1	6585888	1892	CT
1	6586430	542	CT
1	6586550	120	AG
1	6586673	123	CT
1	6590659	1517	AG
1	6594600	1728	CG
1	6594647	47	TC
1	6595053	386	GA
1	6595764	711	GA
1	6596721	100	TG
1	6596808	87	CT
1	6597007	147	CA
1	6598123	1116	GA
1	6598347	183	CT
1	6598418	71	GC
1	6599312	696	GA
1	6599377	65	GC
1	6599387	10	GA
1	6600459	654	CA
1	6600701	242	AG
1	6600782	81	AG
1	6602831	1344	GA
1	6602919	88	TG
1	6603063	144	AG
1	6603378	315	AG
1	6603416	38	TC
1	6603492	76	TG
1	6604723	1231	CT
1	6604858	135	GA
1	6604911	53	CG
1	6605466	472	GA
1	6609911	2876	TA
1	6610577	666	AG
1	6610652	75	GT
1	6611437	356	AG
1	6611557	120	CT
1	6613890	660	CT
1	6614748	493	TC
1	6615021	273	CA
1	6615751	385	AG
1	6617947	1790	GC
1	6619853	1874	AC
1	6621301	1305	TG
1	6622818	1485	GT
1	6626680	2582	GC
1	6626943	263	AC
1	6628688	801	AC
1	6629336	192	CT
1	6629408	72	CG
1	6629423	15	CT
1	6629695	272	CT
1	6630876	386	AG
1	6631084	208	CG
1	6632018	934	GA
1	6632026	8	CT
1	6632212	186	GA
1	6632370	158	CG
1	6632409	39	CT
1	6632496	87	GA
1	6633310	456	CA
1	6633704	394	GC
1	6633837	133	TC
1	6633925	88	AG
1	6633975	50	GA
1	6634208	233	CT
1	6634985	734	GA
1	6634994	9	GT
1	6635293	299	GA
1	6635467	174	CA
1	6635468	1	GA
1	6635547	79	CA
1	6635597	50	CT
1	6636495	830	CT
1	6636776	281	CG
1	6639158	287	AG
1	6641509	672	GA
1	6642977	771	TC
1	6643013	36	GC
1	6643093	80	CT
1	6644612	579	AG
1	6644683	71	AG
1	6644841	158	GA
1	6645270	429	GT
1	6645317	47	AG
1	6645340	23	GA
1	6645356	16	GA
1	6645393	37	GA
1	6645565	172	GT
1	6646002	437	CT
1	6646157	155	CT
1	6646158	1	AG
1	6646849	691	TC
1	6648142	1210	AG
1	6648216	74	GA
1	6648482	266	GA
1	6648515	33	GA
1	6648529	14	AG
1	6648830	301	TC
1	6648885	55	TC
1	6650026	1141	CT
1	6650541	396	CT
1	6651643	1102	CG
1	6651677	34	CT
1	6651955	278	GT
1	6653840	1695	GA
1	6653871	31	AG
1	6656323	2452	CT
1	6657533	1137	TC
1	6657605	72	GA
1	6659012	1407	GA
1	6659369	357	AG
1	6659425	56	AG
1	6660521	1096	CA
1	6660959	336	GA
1	6662066	1076	GA
1	6662609	543	GA
1	6665636	2382	AG
1	6666434	697	CT
1	6666443	9	CA
1	6666444	1	TG
1	6668761	1779	CT
1	6670906	1413	GA
1	6672033	448	CT
1	6672053	20	GT
1	6672249	196	CT
1	6672251	2	TC
1	6672267	16	GT
1	6672298	31	GC
1	6672369	71	TC
1	6672373	4	CT
1	6672374	1	GA
1	6672380	6	GA
1	6672699	319	CT
1	6672830	131	TC
1	6673350	520	CT
1	6673430	80	AG
1	6673531	101	GA
1	6673544	13	AG
1	6673591	47	TC
1	6673929	338	CG
1	6674744	815	TG
1	6675997	148	GA
1	6676663	373	CA
1	6676737	74	CT
1	6676994	257	GA
1	6679408	395	GA
1	6679752	344	GC
1	6679829	77	AG
1	6680131	302	GA
1	6680908	607	GC
1	6681533	338	GA
1	6681559	26	TC
1	6681679	120	TC
1	6682115	436	CG
1	6682259	144	TC
1	6683025	766	CT
1	6683413	49	GA
1	6684089	676	TC
1	6684141	52	CT
1	6685173	1032	CT
1	6685916	743	GA
1	6686061	145	CT
1	6686140	79	GA
1	6686282	142	GA
1	6686949	667	CA
1	6688271	1004	TA
1	6689003	532	CT
1	6689206	203	CT
1	6690723	1305	GA
1	6691773	1050	GA
1	6691917	144	TC
1	6693615	604	GA
1	6693745	130	GC
1	6693765	20	CT
1	6694724	244	TC
1	6694819	95	CG
1	6695288	104	TC
1	6695392	104	TC
1	6695573	181	CG
1	6696604	1031	TG
1	6697465	537	TC
1	6697466	1	AG
1	6697731	265	GC
1	6697834	29	AG
1	6698241	131	CG
1	6698716	475	AG
1	6699365	649	GA
1	6699547	82	CA
1	6699918	371	TC
1	6700057	139	GC
1	6700698	192	AC
1	6702359	821	TC
1	6703841	1482	CT
1	6703957	116	GT
1	6704063	106	TC
1	6704376	313	TC
1	6706874	2498	CT
1	6710204	2506	AG
1	6710850	497	TC
1	6711931	230	TA
1	6712194	263	AT
1	6712286	92	TC
1	6716577	1195	AG
1	6716616	39	TC
1	6716788	172	TG
1	6716791	3	GA
1	6716807	16	TC
1	6716882	75	GA
1	6717027	145	GA
1	6717591	128	TG
1	6717623	32	CT
1	6718166	543	TC
1	6719632	793	GA
1	6720088	173	AG
1	6720110	22	AC
1	6722954	604	TA
1	6729123	2831	GA
1	6729610	487	CT
1	6730050	440	GT
1	6733145	3017	TG
1	6737257	1977	GA
1	6738649	419	CT
1	6738679	30	AG
1	6739344	383	CT
1	6739408	64	GT
1	6740411	556	TC
1	6741057	329	CT
1	6742831	502	GA
1	6744871	1209	GT
1	6744976	105	CT
1	6745035	59	CA
1	6745127	92	AG
1	6745243	116	CT
1	6745654	411	GC
1	6745708	54	GC
1	6745927	219	TC
1	6746254	327	GA
1	6747248	460	AC
1	6748811	848	GC
1	6748892	81	AG
1	6749676	475	AG
1	6750048	372	CT
1	6750199	151	GC
1	6750972	586	CT
1	6751193	221	GA
1	6751198	5	AC
1	6751740	542	TC
1	6752423	327	AG
1	6752475	52	CT
1	6752526	51	AG
1	6752543	17	CT
1	6753048	471	CA
1	6753231	183	AG
1	6753397	166	AG
1	6753476	79	AG
1	6753589	113	TC
1	6753904	315	CT
1	6754018	77	TA
1	6754176	158	TC
1	6756126	1459	GA
1	6756241	115	CG
1	6756255	14	CT
1	6756605	269	GA
1	6757364	450	TG
1	6757468	104	CT
1	6757488	20	GA
1	6758883	981	GA
1	6759139	256	CT
1	6759219	80	AG
1	6760710	1491	AC
1	6761082	372	GA
1	6761334	252	AC
1	6762147	813	AG
1	6762253	106	AG
1	6762312	59	CT
1	6762314	2	GT
1	6762430	116	AG
1	6762957	527	GC
1	6763063	106	GA
1	6763669	408	AT
1	6765365	1696	CG
1	6765388	23	TC
1	6765391	3	GA
1	6765578	187	TC
1	6765832	254	TA
1	6766163	331	TC
1	6766900	737	CT
1	6767575	675	GA
1	6767781	206	AG
1	6767809	28	CG
1	6767890	81	TC
1	6767904	14	AG
1	6768415	260	AG
1	6768741	326	AC
1	6769167	426	GA
1	6769254	87	GA
1	6769300	46	CT
1	6770295	906	AC
1	6775284	1799	AC
1	6802323	711	AG
1	6802331	8	GC
1	6802549	218	GA
1	6824517	909	GA
1	6825646	886	AG
1	6826402	696	CT
1	6827565	622	AT
1	6829215	897	TG
1	6829235	20	CT
1	6829798	145	GC
1	6830072	274	CA
1	6832068	1089	TC
1	6832074	6	TG
1	6832534	261	GT
1	6834376	955	AC
1	6834479	103	TC
1	6834863	248	CG
1	6834870	7	AG
1	6837568	2605	TG
1	6840082	1948	CA
1	6840432	350	CT
1	6846878	4706	GA
1	6846893	15	TC
1	6846919	26	CT
1	6846923	4	CT
1	6848647	1551	CT
1	6848816	169	GA
1	6848916	100	AG
1	6849084	2	AG
1	6849176	92	GC
1	6851534	2199	CT
1	6856195	1746	CG
1	6859455	2430	AG
1	6859511	56	TA
1	6859693	182	GA
1	6860505	366	CG
1	6863366	1955	GA
1	6864556	440	GA
1	6864615	59	CT
1	6865475	860	TA
1	6867456	1236	CT
1	6868301	497	GC
1	6872972	1367	TC
1	6873230	258	GA
1	6873304	74	GT
1	6873674	370	AG
1	6873710	36	GA
1	6874807	511	TC
1	6874875	68	CT
1	6876214	1089	CG
1	6876324	110	CG
1	6879004	1593	GC
1	6879115	111	GT
1	6880664	641	GC
1	6880835	171	GA
1	6882863	1683	GA
1	6884235	1035	GC
1	6889103	2779	CT
1	6889369	266	GA
1	6889610	241	AT
1	6889618	8	CT
1	6889871	253	CT
1	6891174	911	AG
1	6891811	637	GA
1	6891887	76	AG
1	6892319	432	AG
1	6892330	11	CA
1	6893553	1092	GA
1	6895006	287	TG
1	6897118	663	TC
1	6897759	641	CT
1	6897832	73	AG
1	6897865	33	CA
1	6897901	36	TC
1	6898136	235	GA
1	6898527	82	CT
1	6898592	65	CT
1	6898597	5	CT
1	6898653	56	CT
1	6898670	17	GA
1	6898916	246	AT
1	6898921	5	GA
1	6899242	297	CT
1	6899734	139	CT
1	6900133	399	GT
1	6900213	80	AG
1	6900215	2	GA
1	6900701	393	GA
1	6900807	106	CT
1	6901244	63	CG
1	6902291	728	GC
1	6905117	835	GA
1	6905281	164	TG
1	6909628	2877	GC
1	6910421	793	TA
1	6910489	68	GC
1	6910545	56	TA
1	6912420	902	AG
1	6913147	727	GA
1	6913201	54	CG
1	6914819	441	GA
1	6914835	16	TC
1	6915627	564	TC
1	6916447	223	CA
1	6918343	1452	GA
1	6927076	7347	GT
1	6929893	2721	GA
1	6931828	1869	CT
1	6936664	4277	CT
1	6942251	5369	CT
1	6943781	1250	GA
1	6944251	470	AG
1	6944268	17	AG
1	6944300	32	GC
1	6944304	4	AC
1	6946433	1090	TG
1	6946507	74	GA
1	6947361	736	CT
1	6949815	1341	TC
1	6949951	136	AG
1	6952301	1668	GA
1	6952470	169	CT
1	6953069	348	CT
1	6953169	100	GA
1	6953179	10	GA
1	6953345	166	TG
1	6953718	373	GA
1	6954376	550	GT
1	6954584	208	GA
1	6954824	240	GC
1	6954865	41	CT
1	6954906	41	GA
1	6954942	36	AT
1	6955059	117	TG
1	6955347	91	GT
1	6956052	705	GC
1	6956197	145	CT
1	6956792	238	AG
1	6956817	25	AG
1	6956861	44	AG
1	6956868	7	TA
1	6956895	27	CT
1	6957062	167	GA
1	6957638	211	TC
1	6957715	77	GA
1	6958126	87	CG
1	6958346	86	CG
1	6958375	29	GA
1	6959559	350	GA
1	6959584	25	CT
1	6960985	601	CA
1	6961724	739	GA
1	6961784	60	GA
1	6961845	61	TC
1	6961974	81	GA
1	6962654	502	AG
1	6962954	300	TC
1	6963880	926	CT
1	6964027	147	TC
1	6964272	245	GA
1	6965967	1420	TC
1	6966285	277	CT
1	6967569	952	GC
1	6971824	2771	GA
1	6972342	518	GA
1	6973252	862	CT
1	6974815	447	GA
1	6974917	102	TC
1	6975020	103	AC
1	6975267	247	TC
1	6976800	740	GT
1	6977331	531	GA
1	6977424	93	GA
1	6977428	4	CT
1	6977781	162	TC
1	6977793	12	TC
1	6977827	34	AG
1	6977962	135	GA
1	6978038	76	CT
1	6979694	1132	GC
1	6979728	34	GA
1	6979735	7	GC
1	6980433	403	CT
1	6981437	256	CG
1	6981995	529	CT
1	6982739	319	CT
1	6983874	457	TA
1	6985158	352	TG
1	6985241	83	CT
1	6985729	191	TC
1	6986579	548	CT
1	6986660	81	TC
1	6987742	869	CT
1	6988169	427	CT
1	6988424	255	GC
1	6988464	40	GA
1	6988619	155	CT
1	6988646	27	GA
1	6989342	434	TA
1	6990246	386	CT
1	6990815	280	AC
1	6992029	1048	CT
1	6992101	72	GA
1	6993237	817	AG
1	6994552	919	CT
1	6996790	671	GA
1	6997092	302	GA
1	6997337	245	TG
1	7001104	1877	CT
1	7003971	2004	CT
1	7004269	213	CT
1	7005976	1599	GA
1	7007019	487	CT
1	7007274	255	AG
1	7012842	3824	TC
1	7012853	11	CT
1	7014807	1798	TC
1	7016909	776	AG
1	7016957	48	AC
1	7017038	81	CT
1	7017813	775	GC
1	7017931	118	CT
1	7019308	998	CT
1	7019494	130	GC
1	7019562	68	CT
1	7020323	692	AG
1	7020437	114	AG
1	7020905	468	CT
1	7021233	328	GA
1	7021300	67	CT
1	7021325	25	AG
1	7021373	48	CT
1	7022032	659	CT
1	7022256	224	AG
1	7022791	535	CT
1	7022893	102	GA
1	7023085	192	GT
1	7023742	249	AT
1	7024004	262	CT
1	7027895	1510	GA
1	7028221	326	TC
1	7028395	174	AG
1	7029253	497	GA
1	7030155	788	TC
1	7031004	849	TG
1	7031350	346	GT
1	7031516	166	AG
1	7031585	69	GA
1	7031955	370	GA
1	7032299	344	GA
1	7035004	2497	AG
1	7036074	594	CT
1	7036585	211	CT
1	7038802	1993	AG
1	7039403	574	CG
1	7039462	59	CT
1	7039580	118	TC
1	7039592	12	AG
1	7039593	1	TC
1	7039610	17	TG
1	7039813	137	AC
1	7040013	200	TC
1	7040334	321	GC
1	7040682	315	GC
1	7040791	76	TC
1	7040817	26	CT
1	7041099	282	AC
1	7041135	36	CT
1	7041363	228	TC
1	7041532	169	TC
1	7041538	6	CA
1	7041595	57	TC
1	7041662	67	AG
1	7041927	265	TC
1	7041947	20	TC
1	7041949	2	AG
1	7042016	67	GA
1	7042020	4	TC
1	7043193	811	CT
1	7043295	102	TC
1	7043627	34	GA
1	7043638	11	TG
1	7043728	90	CT
1	7043880	152	AG
1	7044252	372	CG
1	7044296	44	CT
1	7044632	336	TG
1	7044901	269	AG
1	7045889	864	CT
1	7046258	369	TC
1	7046607	349	TG
1	7046900	293	CT
1	7046956	56	TC
1	7047109	153	TG
1	7047187	78	GA
1	7047202	15	GT
1	7047253	51	GT
1	7047270	17	CA
1	7047272	2	CG
1	7047336	64	TC
1	7047459	123	GA
1	7047628	32	GC
1	7048153	208	TC
1	7050552	1814	CT
1	7050935	383	GA
1	7050986	51	TC
1	7050993	7	TC
1	7051026	33	CT
1	7051259	233	AC
1	7051354	95	GT
1	7051376	22	AG
1	7051429	53	CT
1	7051513	84	GA
1	7051531	18	GA
1	7051742	46	TC
1	7053111	1295	GC
1	7053783	672	TC
1	7054203	420	AG
1	7056088	994	GC
1	7056098	10	CT
1	7057074	827	CT
1	7057307	178	CT
1	7057534	227	GC
1	7057601	67	TC
1	7058761	1160	AC
1	7058818	57	AT
1	7059179	361	AG
1	7059720	424	AG
1	7061823	1293	AG
1	7062161	299	TC
1	7062342	181	GA
1	7062365	23	TG
1	7062418	53	GA
1	7062561	143	TA
1	7062594	33	AG
1	7062634	40	CG
1	7063288	550	AG
1	7063388	100	CT
1	7063501	113	TC
1	7063575	74	GC
1	7063770	49	CT
1	7063773	3	AT
1	7063794	21	CT
1	7065258	1246	GA
1	7065409	151	AG
1	7065593	184	GA
1	7068605	818	CT
1	7069282	677	CA
1	7071630	1646	CT
1	7072227	597	AG
1	7072698	471	GA
1	7072795	97	TC
1	7073065	270	GA
1	7073436	371	GA
1	7073867	240	GA
1	7073874	7	TC
1	7073880	6	CT
1	7074000	120	AG
1	7075631	1283	AG
1	7075685	54	TA
1	7076446	312	CA
1	7076632	186	AG
1	7076673	41	TA
1	7076837	164	TC
1	7077044	207	CT
1	7077210	166	GC
1	7077444	234	CG
1	7077478	34	AG
1	7077493	15	GA
1	7079174	268	GA
1	7079463	289	CT
1	7079677	214	AC
1	7080949	1035	GA
1	7080951	2	AC
1	7080972	21	AG
1	7082774	1260	GA
1	7092747	4286	CT
1	7094753	1586	GA
1	7095575	702	CT
1	7098437	2557	CT
1	7100912	1379	CG
1	7102192	1056	TC
1	7102790	517	AG
1	7103260	470	TC
1	7103810	399	GA
1	7103826	16	GA
1	7103898	72	AG
1	7104051	153	GC
1	7105283	1164	TC
1	7105373	90	TC
1	7105479	106	AG
1	7105875	396	CA
1	7107289	1285	CA
1	7107943	518	GA
1	7108448	505	GA
1	7108783	217	GT
1	7108856	73	CT
1	7108876	20	CT
1	7109030	154	AG
1	7109125	95	TC
1	7109945	759	GC
1	7110704	759	GA
1	7110787	83	TC
1	7110988	171	CT
1	7111428	440	GA
1	7111725	297	AC
1	7112317	556	GA
1	7112425	108	AG
1	7112428	3	GA
1	7113208	780	CT
1	7113341	133	CT
1	7118298	2017	CA
1	7121285	2841	GA
1	7125225	2159	TA
1	7126682	1457	GA
1	7128442	1414	CT
1	7130950	2399	AG
1	7132426	1323	GA
1	7132829	403	TC
1	7143470	6402	GA
1	7146663	2953	TC
1	7147218	265	CT
1	7151153	2897	CA
1	7152477	1153	CT
1	7154273	1312	TC
1	7155341	1068	TC
1	7155509	168	CG
1	7155565	56	CT
1	7155688	123	AG
1	7155714	26	TC
1	7155749	35	CT
1	7155761	12	CT
1	7157042	730	TC
1	7157823	567	GT
1	7159056	1233	AG
1	7163939	4121	AG
1	7163966	27	TC
1	7165120	487	GA
1	7165473	353	GT
1	7165814	341	CT
1	7165955	78	GA
1	7167028	1043	GA
1	7167249	221	CG
1	7167264	15	AG
1	7169259	1540	AG
1	7169397	138	GA
1	7182488	6280	GA
1	7184687	1924	CT
1	7189162	3410	CT
1	7194498	4449	GA
1	7194673	175	GA
1	7194693	20	TA
1	7194823	130	GA
1	7195690	592	CT
1	7195696	6	AG
1	7196010	314	GA
1	7196147	137	TC
1	7196491	344	TC
1	7196492	1	GA
1	7196537	45	TC
1	7197606	804	GA
1	7198381	775	CT
1	7199013	360	AG
1	7200171	512	AT
1	7202332	1384	AG
1	7203163	831	TC
1	7203175	12	GA
1	7203191	16	CT
1	7203916	725	TG
1	7204163	247	CT
1	7204955	792	AG
1	7209218	4181	AG
1	7210255	1037	AG
1	7212056	352	GC
1	7213458	375	TC
1	7213560	102	AG
1	7213774	132	AG
1	7213825	51	CT
1	7213834	9	AG
1	7214059	106	CT
1	7214311	210	GA
1	7216927	2034	TC
1	7217200	187	TC
1	7219918	2718	CG
1	7220553	635	GA
1	7220764	211	AC
1	7221994	1230	CG
1	7227669	5274	CA
1	7230210	2356	CG
1	7234076	2711	TC
1	7234086	10	AG
1	7234382	257	CT
1	7235144	485	AC
1	7235273	129	GA
1	7235805	532	GA
1	7235880	75	AT
1	7236771	547	GA
1	7236845	74	CT
1	7237003	158	CA
1	7238034	919	GC
1	7238127	93	AG
1	7238253	126	GA
1	7238343	90	TC
1	7238505	162	CT
1	7238651	146	TC
1	7238729	78	AG
1	7239531	730	AG
1	7240180	59	TA
1	7240320	54	CT
1	7241378	960	GA
1	7241451	73	GT
1	7242684	1110	AG
1	7243066	382	GA
1	7244167	1003	AG
1	7244402	235	AG
1	7245536	705	GT
1	7245542	6	CT
1	7245545	3	CT
1	7245546	1	AG
1	7245683	137	TC
1	7245687	4	TC
1	7245718	31	GT
1	7245865	109	GA
1	7245900	35	TC
1	7245968	68	AT
1	7246767	249	AG
1	7247246	426	CT
1	7247361	115	TC
1	7247748	387	TC
1	7247851	103	CT
1	7250913	2981	GA
1	7251340	427	CT
1	7254159	1813	AG
1	7256878	1972	TC
1	7258498	384	GA
1	7258619	121	TC
1	7258670	51	CT
1	7258838	168	CT
1	7261189	1347	TA
1	7263742	1114	TC
1	7265769	1255	CT
1	7265815	46	TC
1	7266947	707	TA
1	7272213	3175	GA
1	7272344	131	GA
1	7283323	6949	GA
1	7284669	754	GA
1	7295013	9881	CA
1	7320485	20554	CG
1	7322104	1598	CT
1	7322251	147	GA
1	7322809	221	GA
1	7323473	619	GA
1	7324374	864	TG
1	7326628	2081	AG
1	7326775	147	CG
1	7326969	194	AG
1	7327422	453	TC
1	7328451	1029	GA
1	7328866	415	CT
1	7339877	9704	CG
1	7341027	1150	GA
1	7341150	123	GA
1	7341394	244	GA
1	7344348	2037	CG
1	7347177	2347	AG
1	7347551	304	GC
1	7349379	1696	AG
1	7349548	169	GC
1	7351379	1564	CT
1	7351684	305	TC
1	7355568	3148	CA
1	7355659	91	TC
1	7355732	73	GT
1	7356554	769	GA
1	7358573	2019	GA
1	7367001	8169	CT
1	7369424	2320	GA
1	7371834	2186	GC
1	7371895	61	GA
1	7372101	206	TA
1	7372529	428	TA
1	7374019	1113	GA
1	7376972	1871	AG
1	7377108	78	GA
1	7378393	1151	AG
1	7381230	1229	GC
1	7385307	3158	CA
1	7385338	31	CA
1	7385682	344	GA
1	7388913	2344	GA
1	7390278	708	TC
1	7390417	139	CT
1	7390421	4	CT
1	7390612	191	GA
1	7390943	331	CT
1	7390993	50	GA
1	7391245	252	GA
1	7391393	148	CT
1	7392009	616	CT
1	7392249	240	CT
1	7392477	228	AG
1	7394044	1274	CG
1	7394045	1	GA
1	7394047	2	GA
1	7394052	5	AC
1	7394054	2	GT
1	7394577	523	GA
1	7397824	2571	AG
1	7405935	6127	CT
1	7406816	499	CA
1	7406976	160	GT
1	7407739	425	TC
1	7408663	924	CT
1	7409709	1046	GA
1	7410094	385	TC
1	7410757	663	GT
1	7411510	430	CA
1	7411599	89	AT
1	7415880	2057	TC
1	7418654	2527	GC
1	7418918	264	AG
1	7421080	2162	AT
1	7421437	357	GA
1	7425375	3938	CT
1	7426115	740	CG
1	7426141	26	TC
1	7426964	823	TA
1	7428856	1605	TG
1	7429398	542	GA
1	7429958	83	GA
1	7430708	425	AG
1	7432320	794	CT
1	7432594	274	GA
1	7432828	234	CA
1	7433402	574	TC
1	7433751	349	TC
1	7433915	124	GA
1	7433917	2	CG
1	7434394	477	GA
1	7435603	1080	GA
1	7435720	117	GA
1	7435755	35	GA
1	7435824	69	GA
1	7435873	49	CT
1	7436282	409	GT
1	7437013	572	CT
1	7438819	1774	GA
1	7438889	70	GA
1	7438980	91	AG
1	7440022	1042	GA
1	7441048	995	CT
1	7441405	326	GT
1	7444638	3079	CT
1	7444868	230	AG
1	7448007	2669	TC
1	7451281	2886	GA
1	7458112	607	TC
1	7462315	772	GA
1	7462731	85	GT
1	7465253	1151	CT
1	7466360	588	AG
1	7466896	536	TC
1	7466897	1	CT
1	7467140	83	TC
1	7467826	559	GC
1	7468444	443	CG
1	7471421	2669	GT
1	7472319	709	AT
1	7472366	47	TA
1	7473204	730	GA
1	7473869	639	TC
1	7475351	1348	CT
1	7479971	3149	GC
1	7480433	462	GC
1	7480446	13	GT
1	7480703	257	GA
1	7481327	624	CT
1	7481509	182	CG
1	7481531	22	GA
1	7482672	670	CT
1	7482941	269	AG
1	7483230	289	CT
1	7483711	481	AG
1	7483757	46	GA
1	7483989	232	CT
1	7485369	1380	TC
1	7485778	409	AG
1	7489721	2510	CA
1	7494106	3725	TC
1	7498226	961	AG
1	7498847	404	CT
1	7499645	148	CA
1	7501289	1080	AG
1	7501329	40	TA
1	7501339	10	GA
1	7503093	261	AC
1	7507045	3679	TC
1	7507429	384	TC
1	7507616	187	AG
1	7510035	2138	GA
1	7510520	485	CT
1	7514331	3628	GA
1	7514708	377	GA
1	7514758	50	AG
1	7514860	102	CG
1	7515759	869	GA
1	7517791	2032	GT
1	7517799	8	TC
1	7517854	55	CT
1	7520293	2084	GT
1	7527259	5203	TC
1	7528123	764	CA
1	7528124	1	TA
1	7528903	406	AG
1	7534055	2373	GA
1	7538920	4216	CT
1	7539512	592	GA
1	7541306	1794	GT
1	7541664	358	GC
1	7542659	915	TC
1	7545251	2322	CT
1	7555833	8520	TC
1	7556541	354	TC
1	7658456	64760	CT
1	7701221	20614	CT
1	7703877	1847	TA
1	7705222	1235	TG
1	7708407	2858	TC
1	7710001	720	CT
1	7711087	1015	AG
1	7711316	229	AG
1	7713102	1718	GA
1	7713197	95	CT
1	7713503	236	CT
1	7713746	243	AG
1	7713831	85	CA
1	7713918	87	GA
1	7713967	49	CT
1	7713980	13	AG
1	7714200	220	CT
1	7714637	437	GA
1	7714739	102	AC
1	7714755	16	AG
1	7715376	366	CT
1	7715391	15	TC
1	7715487	96	CT
1	7716596	1079	GT
1	7718164	1513	GA
1	7721292	2889	GC
1	7722080	744	GC
1	7722433	353	GC
1	7724938	2427	GA
1	7727261	1565	AT
1	7727682	137	GA
1	7727893	211	CA
1	7729406	1117	CT
1	7733552	1658	CG
1	7739237	3967	TG
1	7741202	1690	CT
1	7741725	458	CA
1	7742041	316	TC
1	7743989	1007	TC
1	7744687	615	AT
1	7744824	137	CT
1	7746110	917	TC
1	7746643	533	AG
1	7746817	174	TG
1	7749611	1777	AT
1	7752152	2228	CG
1	7752378	226	GA
1	7754931	1652	AG
1	7756464	1158	AG
1	7757461	958	CT
1	7758605	714	GA
1	7759197	592	CT
1	7759772	220	CG
1	7762358	1105	TA
1	7763273	445	CG
1	7767541	3015	CA
1	7769518	1811	CT
1	7769553	35	GC
1	7778143	3571	GC
1	7778258	115	CT
1	7783143	2814	AG
1	7783560	125	TG
1	7785824	639	GA
1	7786963	996	GT
1	7787980	897	GT
1	7788262	173	CT
1	7788276	14	TA
1	7790042	1190	CT
1	7790043	1	AG
1	7791393	1068	GA
1	7791394	1	AG
1	7793279	772	CT
1	7793503	224	GA
1	7796762	3259	CA
1	7802044	3260	TC
1	7804197	1822	CT
1	7804859	662	TA
1	7805593	576	GA
1	7805596	3	GA
1	7806188	592	GA
1	7807829	1030	CT
1	7808124	295	AG
1	7808157	33	TA
1	7808346	189	CG
1	7808648	151	GA
1	7811213	2201	GA
1	7814116	1851	TC
1	7814497	381	CT
1	7815139	642	TC
1	7815434	183	CT
1	7815577	143	CT
1	7830480	5728	AC
1	7848222	397	TC
1	7848715	453	AG
1	7852440	3122	CA
1	7852599	159	AG
1	7854057	1458	GC
1	7854788	731	AG
1	7854994	206	AG
1	7855044	50	TG
1	7856352	1308	CG
1	7856475	123	GC
1	7863014	2401	CG
1	7865228	1898	GC
1	7865705	396	TC
1	7870843	4825	AG
1	7871123	247	AG
1	7871320	197	CT
1	7871457	137	AG
1	7871464	7	GA
1	7872338	874	GA
1	7874780	2442	CT
1	7876653	1873	CT
1	7876815	162	AG
1	7877176	361	GA
1	7877526	350	CT
1	7878774	1222	CT
1	7879580	781	GC
1	7879806	207	AG
1	7881618	1812	CG
1	7882762	1066	GC
1	7882792	30	GA
1	7883060	268	GA
1	7883749	172	GC
1	7883791	42	GT
1	7885669	1306	GT
1	7886824	1130	GT
1	7887075	251	TC
1	7888191	593	GA
1	7891327	2032	TC
1	7893044	1230	CT
1	7893116	72	TC
1	7895701	1962	GA
1	7895794	93	CT
1	7897627	839	TG
1	7899752	1345	CA
1	7907254	5795	TC
1	7912660	354	AT
1	7914890	331	GA
1	7918525	894	AG
1	7921040	835	CT
1	7928147	2661	AG
1	7928594	243	CT
1	7937472	6106	TG
1	7941671	2018	AG
1	7942071	400	CT
1	7942737	497	TC
1	7950035	6822	CT
1	7950927	892	CT
1	7954402	2874	TC
1	7955673	881	CA
1	7957555	1453	CG
1	7965713	6312	CT
1	7965891	178	TC
1	7966598	343	AG
1	7967272	498	TC
1	7967739	467	AG
1	7967851	112	CT
1	7967888	37	TC
1	7967892	4	AG
1	7969956	543	CA
1	7970207	251	TG
1	7970239	32	GA
1	7970502	263	TC
1	7970566	64	AG
1	7970656	90	CA
1	7970995	339	AG
1	7971072	77	CA
1	7975055	2637	GA
1	7981354	2267	AT
1	7981514	160	GA
1	7983062	1120	GA
1	7987558	2095	AG
1	7988572	892	CA
1	7988587	15	TA
1	7990513	1384	CA
1	7992465	1882	GA
1	7992648	148	GA
1	7992657	9	CG
1	7992686	29	TG
1	7992717	31	TC
1	7992866	149	CT
1	7993044	178	CT
1	7993154	110	GA
1	7994104	950	TG
1	7994975	851	CT
1	7995794	819	GA
1	7996845	1051	AG
1	7996884	39	CT
1	7997664	615	GA
1	7997724	60	GT
1	7998016	292	TC
1	7998538	522	GC
1	7999083	545	AG
1	7999702	514	CT
1	8000476	736	CT
1	8000652	176	GA
1	8001692	492	GC
1	8001770	78	CT
1	8002794	881	AG
1	8003714	858	GA
1	8003858	144	AG
1	8004316	458	AG
1	8004479	163	CT
1	8004514	35	AG
1	8004532	18	TC
1	8004618	86	TC
1	8004627	9	CT
1	8004812	185	GC
1	8004964	152	AG
1	8004971	7	AG
1	8005400	429	CT
1	8005407	7	CA
1	8005649	242	CT
1	8005866	217	AG
1	8006031	165	TC
1	8006166	135	CT
1	8006237	71	GA
1	8006310	73	TC
1	8006676	146	CA
1	8006764	88	GT
1	8006799	35	AT
1	8006859	60	AT
1	8006874	15	TC
1	8007299	425	CG
1	8007430	131	CT
1	8008095	504	CT
1	8008126	31	CA
1	8008498	372	AG
1	8008649	151	GC
1	8008743	94	CT
1	8008766	23	TG
1	8008781	15	TG
1	8009356	553	CT
1	8009376	20	GC
1	8010004	628	TC
1	8010762	758	GA
1	8010897	135	AG
1	8011017	120	AG
1	8012542	652	CT
1	8013275	635	GA
1	8013635	360	CG
1	8013943	308	GA
1	8014387	444	GA
1	8015030	643	CT
1	8015647	617	GA
1	8017652	1802	GA
1	8017688	36	CA
1	8018465	777	TC
1	8021563	3019	GA
1	8022780	1217	GA
1	8024582	833	CT
1	8029340	3215	TG
1	8029523	183	TC
1	8032545	2969	AC
1	8034187	1096	CT
1	8034239	52	CT
1	8034513	274	CA
1	8044490	8599	GC
1	8067891	20307	GT
1	8068974	177	CG
1	8070605	520	TC
1	8070810	205	TG
1	8070849	39	GA
1	8070853	4	TG
1	8071226	373	CA
1	8071305	79	TC
1	8071306	1	AG
1	8071580	274	GA
1	8071581	1	CT
1	8071585	4	CT
1	8071708	123	GA
1	8071811	103	CT
1	8073079	1087	GT
1	8073568	489	TC
1	8074043	475	AG
1	8074999	911	TC
1	8075253	254	AG
1	8081632	5090	AT
1	8085645	3445	CT
1	8089091	2915	GA
1	8089890	799	AG
1	8090330	440	CA
1	8091382	1052	CT
1	8095338	3956	CT
1	8099991	3919	GA
1	8103501	2483	CT
1	8106030	765	TC
1	8107033	684	GA
1	8113188	5574	AT
1	8113954	568	GC
1	8113955	1	TG
1	8114103	148	GA
1	8115026	923	AG
1	8115103	77	TC
1	8115968	865	TG
1	8116056	88	AG
1	8116119	63	AG
1	8116329	191	GA
1	8117149	673	CT
1	8117361	156	AG
1	8117722	18	GA
1	8118900	1148	AT
1	8118928	28	GA
1	8119743	815	AG
1	8119751	8	GA
1	8119832	81	TC
1	8122192	1452	AT
1	8122655	149	GA
1	8123736	1081	AC
1	8125058	776	GA
1	8125340	253	TC
1	8125371	31	CT
1	8125941	517	GC
1	8125956	15	TC
1	8126243	287	GA
1	8128730	1100	TC
1	8129568	838	TC
1	8129814	246	AG
1	8130736	766	GT
1	8130809	73	TC
1	8131198	389	CG
1	8131211	13	CG
1	8131778	567	GA
1	8131925	147	GT
1	8132330	405	CA
1	8132655	325	CT
1	8132666	11	GC
1	8132700	34	GT
1	8133079	379	CT
1	8133173	94	TG
1	8133238	65	AG
1	8133277	39	AG
1	8133594	317	CA
1	8133771	177	GA
1	8133805	34	CT
1	8133810	5	AG
1	8133827	17	AG
1	8133851	24	AC
1	8134055	204	CT
1	8135175	946	GT
1	8135298	123	GC
1	8135299	1	CT
1	8136111	812	CA
1	8138121	1988	CG
1	8138124	3	AG
1	8138246	122	CT
1	8138351	105	CA
1	8138605	254	AG
1	8139590	783	GA
1	8139634	44	GT
1	8141099	1465	GA
1	8141665	566	AG
1	8141841	176	CT
1	8141882	41	GA
1	8141884	2	AG
1	8143762	1837	GC
1	8144481	719	CT
1	8144553	72	AG
1	8144612	59	AG
1	8146126	1514	GT
1	8146909	783	AG
1	8146913	4	CT
1	8147030	117	GA
1	8147355	325	AG
1	8148751	1396	AG
1	8149214	463	CG
1	8149773	559	TC
1	8150184	369	GA
1	8150210	26	AG
1	8150726	516	GA
1	8150861	135	TC
1	8150935	74	TC
1	8151315	380	CT
1	8152677	679	AG
1	8152682	5	AG
1	8153453	728	GT
1	8154647	864	AG
1	8155149	224	GA
1	8155454	305	TG
1	8155598	144	TC
1	8155722	124	CT
1	8155724	2	GA
1	8155881	157	AG
1	8155988	107	GC
1	8158122	2096	GA
1	8158269	147	GA
1	8159189	736	CT
1	8160033	844	GC
1	8161903	1243	GA
1	8162125	222	CG
1	8163441	1065	GC
1	8164851	1309	GA
1	8164895	44	TC
1	8164903	8	CT
1	8165092	62	CT
1	8165319	227	CA
1	8165320	1	AG
1	8165574	254	AG
1	8167461	1732	GT
1	8167548	87	GA
1	8168084	536	GA
1	8169231	1113	CG
1	8180384	9829	AC
1	8191168	9735	TC
1	8191832	664	GA
1	8192449	617	GT
1	8192512	63	GA
1	8192520	8	CT
1	8192770	250	GA
1	8193227	145	TC
1	8193228	1	CT
1	8193387	159	AC
1	8193403	16	CT
1	8193716	313	TC
1	8194070	271	GA
1	8194206	136	GA
1	8194717	448	CG
1	8194861	144	CT
1	8195277	416	AG
1	8196762	756	AG
1	8196883	121	GC
1	8197021	138	TC
1	8197112	91	AG
1	8197215	103	CG
1	8197265	50	GA
1	8197714	449	CT
1	8198044	330	CG
1	8198129	85	CG
1	8198229	100	TC
1	8200748	990	CT
1	8200910	162	GT
1	8200933	23	GA
1	8204038	1625	CT
1	8207607	1318	GC
1	8208849	918	TA
1	8209327	247	CG
1	8209769	305	TC
1	8210041	272	CG
1	8211052	519	AC
1	8211067	15	TC
1	8214026	1212	CA
1	8214090	64	TC
1	8214136	46	CT
1	8215633	836	TC
1	8216637	639	TG
1	8218047	1362	TC
1	8218160	113	GA
1	8219090	910	GA
1	8219544	306	TC
1	8221928	2270	CT
1	8222000	72	GA
1	8222293	293	TC
1	8223483	1190	CT
1	8225516	1679	TC
1	8225703	187	CG
1	8226308	255	AG
1	8226379	71	CT
1	8226554	175	GA
1	8227405	851	GC
1	8227650	214	AG
1	8228927	1198	CG
1	8229034	107	TC
1	8229072	38	GA
1	8229253	181	GC
1	8229454	201	TG
1	8229599	145	TC
1	8229857	258	CG
1	8229947	90	AC
1	8230348	401	CG
1	8230551	203	TG
1	8231138	587	TC
1	8232235	892	AC
1	8232763	528	TC
1	8232966	203	AG
1	8233525	535	AG
1	8234754	990	GA
1	8234755	1	CT
1	8234902	147	GA
1	8234992	90	CT
1	8235060	68	CT
1	8235544	484	GA
1	8235545	1	GT
1	8235602	57	GA
1	8236214	378	GA
1	8236242	28	CT
1	8237440	1067	GA
1	8237927	90	CT
1	8238387	460	CT
1	8239104	672	TC
1	8239342	176	TA
1	8248890	8504	CT
1	8249595	705	CT
1	8250878	1283	AG
1	8250886	8	CT
1	8250923	37	CT
1	8251310	387	GC
1	8252024	714	GA
1	8252827	702	CT
1	8254049	1135	AC
1	8254052	3	CT
1	8254378	326	TC
1	8256786	679	TG
1	8256881	95	CT
1	8257125	244	CT
1	8257908	321	CA
1	8258264	356	TC
1	8259990	1542	AG
1	8261283	1237	TC
1	8261366	83	CT
1	8261511	145	TC
1	8261828	317	CT
1	8262174	346	CT
1	8262384	210	AG
1	8262499	115	CT
1	8262592	93	TC
1	8262792	176	GC
1	8262967	175	TC
1	8263128	161	GC
1	8263599	471	AG
1	8263617	18	TG
1	8263821	204	AG
1	8263827	6	CT
1	8264040	213	AG
1	8264276	236	TC
1	8264534	258	GA
1	8264840	306	GC
1	8264904	64	CT
1	8265721	788	CT
1	8266096	375	TC
1	8266245	149	GA
1	8266269	24	TC
1	8266573	304	CT
1	8267818	1174	TC
1	8267883	65	TC
1	8268018	135	GA
1	8268214	196	TA
1	8268465	251	GA
1	8268577	112	AG
1	8268601	24	GA
1	8268781	180	TC
1	8270005	1181	CT
1	8270050	45	GA
1	8270454	404	TC
1	8270763	309	CT
1	8270956	193	TG
1	8271001	45	CT
1	8271049	48	CA
1	8275115	2608	GA
1	8283406	7158	CT
1	8287062	3134	CT
1	8290405	2363	GA
1	8300080	7799	GA
1	8300174	94	CT
1	8316427	10773	CT
1	8316784	357	GA
1	8316801	17	AC
1	8317817	186	CT
1	8319645	1742	TC
1	8320964	799	AG
1	8321011	47	AG
1	8322022	955	GA
1	9168261	638891	CT
1	9374098	148495	TC
1	9379520	4797	AT
1	9379527	7	GA
1	9380093	566	AG
1	9380738	645	AG
1	9381663	396	AG
1	9381715	52	CG
1	9381804	89	TG
1	9381849	45	TC
1	9382315	466	GA
1	9382440	125	CG
1	9382535	95	TC
1	9383689	637	GA
1	9384342	653	GA
1	9386078	1201	TG
1	9386445	367	AG
1	9387832	1056	GT
1	9387853	21	TC
1	9388183	330	AG
1	9394575	868	CT
1	9417757	13945	GC
1	9417967	210	AG
1	9418598	631	TA
1	9422980	3862	CG
1	9424937	1584	TA
1	9425890	672	TC
1	9429621	1189	TC
1	9429758	137	AG
1	9430603	636	AC
1	9430616	13	CT
1	9432899	1388	AG
1	9439657	3692	AG
1	9440009	278	AG
1	9440114	105	CT
1	9441562	923	GA
1	9441617	55	CT
1	9442749	817	TC
1	9443402	653	TC
1	9444072	495	TA
1	9445348	976	TC
1	9445482	134	CT
1	9446586	1104	GC
1	9447646	1060	CA
1	9447944	298	TG
1	9448936	837	GA
1	9450171	950	CT
1	9450257	86	GA
1	9451955	690	AG
1	9452252	297	AG
1	9452586	334	CT
1	9452724	138	TC
1	9453491	392	AT
1	9453699	208	CT
1	9454437	392	CT
1	9454482	45	GA
1	9454929	375	CA
1	9455182	253	CT
1	9455582	74	CT
1	9455745	163	AG
1	9455763	18	TC
1	9457272	169	TC
1	9457311	39	TG
1	9457312	1	TG
1	9457466	154	TC
1	9457476	10	TC
1	9457605	129	TG
1	9457627	22	AT
1	9457804	177	AC
1	9457810	6	AG
1	9457872	62	GT
1	9457887	15	GA
1	9458134	23	CT
1	9459519	1066	AG
1	9459552	33	CA
1	9459840	288	AG
1	9459924	84	AG
1	9459949	25	TC
1	9460117	168	CT
1	9460510	337	GA
1	9460814	239	TC
1	9461103	289	TC
1	9461117	14	GA
1	9461257	140	GT
1	9461403	146	AG
1	9461416	13	AG
1	9461537	121	CT
1	9461551	14	GA
1	9461677	126	CT
1	9463262	1051	AC
1	9463436	174	GC
1	9463437	1	GA
1	9463616	179	GA
1	9463689	73	AG
1	9464136	447	GT
1	9464261	125	TC
1	9464317	56	AG
1	9464474	157	CT
1	9464540	66	TG
1	9464553	13	CG
1	9464556	3	CT
1	9464751	195	AC
1	9464861	110	TC
1	9464912	51	AG
1	9465046	134	AC
1	9465059	13	TC
1	9465143	84	TC
1	9465230	87	CG
1	9465823	487	CG
1	9466065	242	TC
1	9466494	253	CT
1	9466547	53	CT
1	9469073	778	AG
1	9469180	107	TC
1	9469216	36	GA
1	9469286	70	CT
1	9469320	34	TG
1	9472190	1876	GC
1	9472219	29	GA
1	9472302	83	CG
1	9472318	16	GC
1	9472443	125	CT
1	9472458	15	CT
1	9472842	384	CT
1	9472934	92	GT
1	9473165	231	CT
1	9473354	189	AC
1	9473474	120	GA
1	9473620	146	CT
1	9474067	447	GC
1	9474550	483	TC
1	9474707	157	GA
1	9474981	151	AG
1	9477087	1272	GA
1	9477395	308	AG
1	9478178	783	GA
1	9478668	225	CT
1	9479403	297	TC
1	9479554	151	GT
1	9479672	118	CT
1	9479808	136	TG
1	9479821	13	GA
1	9480693	653	AG
1	9483870	2196	GA
1	9485157	1113	AG
1	9485368	211	CT
1	9488162	2502	CT
1	9492125	1370	CT
1	9492147	22	TC
1	9492170	23	TC
1	9492217	47	CT
1	9492314	97	AG
1	9492336	22	CG
1	9492430	94	TC
1	9494026	1596	CT
1	9494627	449	CT
1	9494761	134	TG
1	9495387	626	AG
1	9496349	718	CT
1	9498623	1334	TC
1	9498642	19	TC
1	9500324	1330	TG
1	9500387	63	TC
1	9500461	74	GC
1	9500476	15	CT
1	9500832	356	AG
1	9501188	356	GC
1	9501335	147	TC
1	9501497	86	GC
1	9501593	96	GA
1	9501755	162	GA
1	9502335	168	CT
1	9503730	869	AG
1	9504230	500	CT
1	9504244	14	CT
1	9504246	2	GA
1	9505233	987	GA
1	9507827	1926	TC
1	9508156	329	GA
1	9508350	194	TG
1	9514449	4252	CA
1	9518430	3151	TC
1	9519405	842	GT
1	9519441	36	CT
1	9519867	397	GA
1	9520559	692	AG
1	9521049	490	AC
1	9521365	316	CA
1	9521462	97	GT
1	9521466	4	TA
1	9521823	357	AG
1	9521852	29	GC
1	9522076	224	CA
1	9523580	1047	GA
1	9523908	239	TC
1	9523948	40	CT
1	9524848	900	CT
1	9526206	1182	AG
1	9526900	645	AG
1	9527545	645	GT
1	9527555	10	TC
1	9527596	41	CT
1	9527773	65	AG
1	9527992	219	AT
1	9528077	85	GT
1	9528078	1	TG
1	9528098	20	TC
1	9528143	45	CT
1	9528341	198	CT
1	9528348	7	TC
1	9528381	33	TC
1	9528751	240	GA
1	9528929	178	TC
1	9529193	264	TC
1	9529343	150	GA
1	9529353	10	AT
1	9529367	14	TC
1	9530008	478	TG
1	9530315	269	CT
1	9530395	80	AC
1	9530470	75	AG
1	9530487	17	CT
1	9531088	565	AG
1	9531142	54	AG
1	9531521	245	AG
1	9531578	57	CT
1	9532944	794	GT
1	9534286	966	CG
1	9534390	104	TG
1	9534921	531	CG
1	9536101	1065	GC
1	9537556	722	CT
1	9537557	1	GA
1	9538733	743	CT
1	9539180	447	GC
1	9539875	695	CT
1	9539973	98	TC
1	9540085	112	GC
1	9540439	354	AC
1	9541129	644	TG
1	9541286	157	TC
1	9541667	381	CT
1	9541947	280	GA
1	9543000	796	CT
1	9543299	299	GA
1	9543567	268	CT
1	9546477	571	TC
1	9547268	791	CT
1	9547405	137	GA
1	9547683	278	CT
1	9548194	470	AG
1	9548563	369	GA
1	9548849	103	TG
1	9548969	120	AG
1	9548986	17	AG
1	9549005	19	AG
1	9549374	285	AG
1	9549413	39	CT
1	9550351	469	GT
1	9551724	330	AG
1	9551764	40	GA
1	9551838	74	AC
1	9551882	44	GA
1	9551895	13	CT
1	9552511	299	AT
1	9552790	279	GA
1	9552792	2	GA
1	9553486	434	CT
1	9553645	133	TG
1	9553766	121	AT
1	9553818	52	TC
1	9554960	561	CG
1	9567791	2945	CG
1	9579936	6215	AG
1	9583055	2316	CT
1	9583541	306	AT
1	9583594	53	GA
1	9583684	90	AG
1	9583688	4	TC
1	9583747	59	CT
1	9583951	204	AC
1	9584052	101	CT
1	9584273	221	CT
1	9585988	291	GA
1	9586422	434	GA
1	9586532	110	AC
1	9587659	233	CT
1	9587708	49	TC
1	9588070	362	GA
1	9588269	199	AC
1	9590156	1184	CG
1	9590492	263	CT
1	9591080	89	AC
1	9591142	62	GT
1	9591251	109	GA
1	9591271	20	GA
1	9591387	116	AG
1	9591396	9	AT
1	9591829	433	AC
1	9591839	10	TG
1	9596032	1341	GA
1	9596039	7	GA
1	9596195	156	CT
1	9608408	6567	AG
1	9612624	2736	CT
1	9613338	305	GA
1	9614710	1157	GA
1	9616593	1819	AC
1	9618060	925	AG
1	9619229	906	CT
1	9619381	152	TC
1	9619716	335	GC
1	9619722	6	GA
1	9620071	349	AC
1	9620813	468	TG
1	9621196	235	GA
1	9621235	39	TA
1	9621350	115	TC
1	9621761	348	CT
1	9622000	239	TA
1	9622071	71	CT
1	9622601	530	CT
1	9623093	184	GT
1	9623109	16	GA
1	9623493	341	GA
1	9623567	74	CT
1	9624410	646	GA
1	9624893	483	CT
1	9625116	223	GA
1	9625152	36	GA
1	9625401	110	TC
1	9625402	1	GT
1	9625867	281	GC
1	9627163	49	TG
1	9628115	922	TC
1	9628332	217	AC
1	9628975	643	CT
1	9629320	345	AC
1	9630707	1094	GA
1	9636791	2073	AG
1	9636957	166	GC
1	9637678	721	AT
1	9640947	317	GA
1	9641075	128	CT
1	9641084	9	CT
1	9642595	979	GA
1	9643121	168	TA
1	9643187	66	CT
1	9643480	293	AG
1	9643481	1	AC
1	9643522	41	GT
1	9643622	100	GA
1	9643633	11	AC
1	9643724	91	CT
1	9644826	414	AG
1	9647329	863	AT
1	9648351	781	TA
1	9661303	5955	AG
1	9662748	1192	GA
1	9662980	232	TG
1	9663423	443	CT
1	9663668	245	AC
1	9664255	587	CT
1	9665304	799	GA
1	9668154	2048	CT
1	9668177	23	AG
1	9677955	5717	GA
1	9678021	66	GA
1	9678097	76	AC
1	9682804	380	AG
1	9683006	202	TC
1	9683255	249	TC
1	9683289	34	TC
1	9683326	37	CT
1	9683367	41	CA
1	9683542	175	TC
1	9683608	66	GA
1	9683629	21	CT
1	9683649	20	AG
1	9683706	57	CT
1	9683734	28	GT
1	9683735	1	AG
1	9683746	11	GC
1	9683799	53	GT
1	9684983	458	CT
1	9685018	35	CT
1	9685048	30	GT
1	9685839	302	AG
1	9686034	42	TG
1	9686053	19	AG
1	9686110	57	GA
1	9686195	85	GT
1	9686380	185	GA
1	9687078	654	AG
1	9687083	5	TG
1	9687092	9	TA
1	9687109	17	AC
1	9687608	194	AG
1	9687628	20	TC
1	9687637	9	GA
1	9687799	36	CA
1	9688560	414	AG
1	9688571	11	CT
1	9688592	21	AG
1	9688641	49	AG
1	9688656	15	GC
1	9688709	53	GA
1	9688728	19	TC
1	9688763	35	CT
1	9689500	321	AG
1	9689564	64	GA
1	9690236	672	TA
1	9691107	364	TC
1	9691113	6	TC
1	9694815	2153	AG
1	9695434	619	GA
1	9695444	10	CT
1	9696941	247	AG
1	9697372	161	GA
1	9697826	391	GA
1	9700645	2068	GC
1	9701266	621	GA
1	9701495	229	TC
1	9703715	817	GA
1	9704173	458	AG
1	9704373	200	CT
1	9704924	327	GC
1	9705282	181	CA
1	9705309	27	CG
1	9706286	846	TG
1	9706300	14	CT
1	9714750	4352	CA
1	9715121	270	GC
1	9717753	996	CT
1	9717777	24	TA
1	9717810	33	GA
1	9720144	1165	GC
1	9720207	63	TC
1	9721499	726	AG
1	9721726	227	AG
1	9721733	7	CT
1	9721735	2	AG
1	9721845	110	AG
1	9721974	129	TC
1	9721976	2	GA
1	9722440	317	GA
1	9722455	15	AG
1	9722565	110	CA
1	9730003	4764	AC
1	9730045	42	AG
1	9730879	834	AT
1	9731304	293	GA
1	9732044	344	GA
1	9732210	166	AG
1	9732717	472	TC
1	9733367	650	TC
1	9734006	210	GA
1	9734032	26	CA
1	9734050	18	GA
1	9734052	2	GT
1	9734059	7	CT
1	9734071	12	GA
1	9734110	39	CA
1	9734212	102	CA
1	9734604	111	GT
1	9736815	853	CT
1	9736923	108	CG
1	9736960	37	CT
1	9737031	71	GA
1	9737260	229	TG
1	9739138	299	TA
1	9739266	128	AC
1	9739641	78	GA
1	9739733	92	GT
1	9739819	86	TC
1	9740426	102	AG
1	9741090	358	GA
1	9741229	139	CT
1	9741445	187	TA
1	9741783	338	TC
1	9741905	122	GA
1	9741966	61	TC
1	9742135	33	AG
1	9742240	105	CT
1	9742489	249	CG
1	9742985	496	CA
1	9744053	426	TA
1	9744285	232	GA
1	9744307	22	AG
1	9744348	41	GT
1	9744361	13	CT
1	9744435	74	GA
1	9744450	15	AG
1	9744595	145	AG
1	9744915	146	GA
1	9745241	63	CT
1	9745242	1	AG
1	9745540	298	CT
1	9745550	10	CT
1	9746052	502	TA
1	9747106	616	CT
1	9747129	23	AG
1	9747396	267	TG
1	9747412	16	TA
1	9747796	384	AC
1	9749462	449	TC
1	9749491	29	GT
1	9749641	150	GA
1	9749713	72	CA
1	9751383	1495	AG
1	9757050	1832	CA
1	9757851	801	GA
1	9758935	925	AC
1	9759032	97	AG
1	9759353	279	AG
1	9759371	18	TC
1	9759486	115	AG
1	9759686	200	GA
1	9761067	917	TC
1	9761247	180	CT
1	9761248	1	CG
1	9765639	1494	TG
1	9767603	1204	CT
1	9767732	129	AG
1	9768663	504	CT
1	9776920	4963	AG
1	9777289	305	TA
1	9777421	132	GA
1	9778409	570	TC
1	9779311	362	TC
1	9780798	227	CA
1	9780799	1	CG
1	9782078	422	CT
1	9782127	49	AC
1	9783240	711	AT
1	9784996	1524	TC
1	9785034	38	CT
1	9785776	419	AG
1	9787780	1030	TG
1	9789867	1448	GA
1	9789976	109	GA
1	9790024	48	GC
1	9790217	193	GA
1	9790300	83	AC
1	9791497	671	AG
1	9791902	85	GA
1	9792256	228	AG
1	9792501	102	GC
1	9792611	110	AT
1	9792673	62	AG
1	9792680	7	GA
1	9793703	999	CT
1	9794044	341	AG
1	9798172	181	TA
1	9798317	120	GA
1	9798362	45	AC
1	9798456	94	CA
1	9798480	24	TG
1	9799090	610	TC
1	9799179	89	AG
1	9799607	428	AT
1	9799803	196	GA
1	9802539	1727	CT
1	9803232	418	GT
1	9803233	1	GC
1	9803302	69	GA
1	9804115	35	TG
1	9804626	91	AT
1	9804707	81	CA
1	9804729	22	GC
1	9805365	636	TC
1	9806076	163	GC
1	9806127	51	AG
1	9807322	1050	GA
1	9807943	458	AG
1	9808508	565	AG
1	9808531	23	CA
1	9809112	461	TC
1	9809142	30	TC
1	9810266	99	CT
1	9810282	16	TA
1	9810351	69	AG
1	9821840	6117	CT
1	9822635	795	AT
1	9822961	159	AG
1	9825170	1517	CT
1	9826378	216	GT
1	9827166	249	CT
1	9827211	45	CT
1	9827250	39	TC
1	9827564	314	TC
1	9828118	268	CT
1	9828126	8	CT
1	9828231	105	CT
1	9828397	166	AC
1	9829402	543	CT
1	9829743	341	GA
1	9830373	630	AG
1	9831106	436	GA
1	9831713	357	GA
1	9831716	3	CT
1	9831739	23	AG
1	9831997	135	TC
1	9833148	199	AG
1	9837864	328	TG
1	9843462	2026	CA
1	9852392	2432	AG
1	9853414	1022	AG
1	9855132	1509	GA
1	9857452	1496	CT
1	9858384	747	AG
1	9858690	170	AG
1	9858874	184	CT
1	9859143	269	GC
1	9859501	301	TG
1	9860788	674	AG
1	9861141	294	CA
1	9861142	1	AG
1	9861973	788	GA
1	9862177	204	CT
1	9865696	1050	AG
1	9866144	70	AT
1	9866410	266	GA
1	9867815	904	AC
1	9870920	2022	AG
1	9871422	272	CA
1	9871683	261	CT
1	9877279	425	AG
1	9877759	480	TC
1	9878163	283	GA
1	9878700	537	GT
1	9879350	650	AG
1	9879354	4	TG
1	9880634	849	AG
1	9881124	172	CT
1	9881499	375	GC
1	9881828	329	GA
1	9881880	52	AG
1	9881980	100	GA
1	9882377	397	TA
1	9885239	1378	CT
1	9885809	356	TC
1	9885832	23	GA
1	9887285	639	TA
1	9888037	590	CT
1	9888630	353	CT
1	9889475	537	AG
1	9891814	1292	AT
1	9892112	250	TG
1	9892761	565	AG
1	9894113	208	AG
1	9894711	220	TA
1	9896274	727	TC
1	9897171	897	GA
1	9897272	101	CA
1	9897887	542	AG
1	9898137	250	TA
1	9898193	56	CT
1	9898334	107	TC
1	9898407	73	CT
1	9898647	240	GT
1	9898832	185	CT
1	9899592	589	AG
1	9899660	68	GA
1	9899684	24	AC
1	9901601	748	GA
1	9903651	272	TG
1	9903661	10	CA
1	9923975	1486	AG
1	9924184	209	AT
1	9927114	838	GT
1	9928306	808	CA
1	9929259	775	GA
1	9929684	425	GA
1	9935825	4585	CT
1	9938333	2106	TC
1	9938888	555	TC
1	9943831	3151	GA
1	9944437	166	AC
1	9945100	450	GA
1	9945752	652	AG
1	9945798	46	CT
1	9946741	868	GA
1	9947109	368	GA
1	9947122	13	CA
1	9947331	209	GA
1	9947345	14	GA
1	9947423	78	GA
1	9947450	27	CT
1	9947521	71	CT
1	9947764	243	AT
1	9947765	1	TA
1	9947834	69	GA
1	9950152	1277	AG
1	9950931	259	CT
1	9951163	232	TG
1	9951513	350	CT
1	9951552	39	TC
1	9951580	28	GC
1	9951587	7	AG
1	9951657	70	AG
1	9952122	168	CA
1	9954124	925	AT
1	9954247	123	TA
1	9954248	1	CT
1	9955922	1468	CT
1	9956839	452	CT
1	9957053	125	TC
1	9957146	93	GA
1	9958638	808	GA
1	9958812	174	TC
1	9958987	175	TC
1	9959103	116	GA
1	9959190	87	GA
1	9960406	551	GA
1	9962125	1623	GA
1	9963184	1031	GC
1	9963715	335	CT
1	9965179	980	CT
1	9965874	290	CT
1	9966171	103	TC
1	9968404	1331	AC
1	9968651	247	CT
1	9968953	302	CT
1	9969601	648	GT
1	9969825	224	CT
1	9969861	36	AG
1	9969878	17	GA
1	9970257	266	AG
1	9970815	380	GA
1	9970896	81	GA
1	9971953	348	TC
1	9972287	334	GA
1	9972455	168	CT
1	9972500	45	TC
1	9972767	267	GA
1	9973363	330	CG
1	9984395	9105	GA
1	9986466	1174	CT
1	9989047	1586	AG
1	9990700	865	CT
1	9996108	1829	AG
1	9999047	1550	AT
1	10005590	5590	AG
1	10006962	1102	CT
1	10011623	4311	CT
1	10013412	1049	GA
1	10016855	3322	CT
1	10021521	4178	GA
1	10022091	570	CT
1	10027078	4677	CT
1	10028347	1269	GA
1	10030319	1943	CG
1	10031575	1224	CT
1	10031856	281	GA
1	10035819	3831	CT
1	10044700	3108	CT
1	10044761	61	AG
1	10044849	88	CT
1	10045109	260	GA
1	10049149	2054	GA
1	10049454	305	AG
1	10049883	429	GA
1	10050050	167	GA
1	10050217	167	AG
1	10051415	1105	AG
1	10054536	3121	GC
1	10059454	2415	CT
1	10059489	35	GA
1	10059552	63	CT
1	10064394	551	GA
1	10064509	115	TC
1	10065890	1158	GA
1	10067150	802	CT
1	10068147	997	CA
1	10068398	251	GA
1	10069664	1266	GA
1	10069700	36	GA
1	10072364	2038	GC
1	10073289	925	CT
1	10075529	2240	CT
1	10076136	607	CT
1	10077655	446	AG
1	10080828	2683	AT
1	10081434	606	GC
1	10081548	114	TC
1	10081868	320	AT
1	10081869	1	TC
1	10082103	93	CT
1	10082118	15	CT
1	10082563	445	CG
1	10083063	500	CG
1	10083613	482	GA
1	10083970	318	CA
1	10084099	129	CG
1	10084211	112	CG
1	10085068	857	CT
1	10085087	19	TG
1	10085253	166	TC
1	10085311	58	AT
1	10085340	29	TC
1	10085397	57	GA
1	10085454	57	GA
1	10085844	390	TC
1	10085846	2	AG
1	10085890	44	GA
1	10086096	206	TC
1	10086316	220	AC
1	10086496	180	CT
1	10086927	431	GC
1	10086959	32	GC
1	10087874	915	TC
1	10088063	189	CA
1	10088076	13	CT
1	10088117	41	GC
1	10089921	1752	TC
1	10090570	570	TC
1	10090734	164	CT
1	10090743	9	TC
1	10091189	446	GA
1	10091952	763	CT
1	10092057	105	TC
1	10093489	1432	TA
1	10093566	77	AG
1	10095275	1709	GC
1	10139496	29345	CA
1	10139577	81	TA
1	10139989	412	AG
1	10140124	135	CT
1	10140758	22	CT
1	10143676	1950	GA
1	10145143	1294	CT
1	10145182	39	GA
1	10147356	1203	GA
1	10147694	338	AG
1	10147723	29	AG
1	10148959	1236	GA
1	10149199	240	CT
1	10149454	255	TC
1	10149572	118	TC
1	10150782	1210	TA
1	10151129	347	AC
1	10152030	901	CT
1	10152040	10	GA
1	10152186	146	GA
1	10152264	78	AG
1	10152487	223	CA
1	10152726	239	TC
1	10153383	657	AG
1	10153449	66	CT
1	10153623	174	GA
1	10153629	6	TC
1	10156202	2335	CA
1	10156620	418	AG
1	10156793	142	GA
1	10157743	541	TC
1	10157831	88	GA
1	10157869	38	AG
1	10158140	235	CT
1	10159618	1377	CT
1	10160064	446	GT
1	10160813	624	GA
1	10162563	1750	GC
1	10163709	872	CA
1	10164598	889	GA
1	10164978	380	CT
1	10165425	447	AC
1	10165467	42	CT
1	10166015	548	TG
1	10166341	326	AG
1	10167491	799	GA
1	10167568	77	GA
1	10169468	1862	TC
1	10169904	436	AG
1	10169950	46	TC
1	10170507	557	CA
1	10170510	3	CT
1	10171939	860	GA
1	10172004	65	CA
1	10172256	252	CA
1	10172531	275	AG
1	10172549	18	TC
1	10173124	575	CT
1	10173729	605	CG
1	10173946	217	CT
1	10173947	1	GA
1	10174182	235	AG
1	10174599	417	GC
1	10175778	1179	AT
1	10175819	41	GA
1	10176094	275	GC
1	10176121	27	CT
1	10177466	626	TC
1	10177789	323	GA
1	10178515	726	CT
1	10180107	1066	AT
1	10180171	64	CT
1	10180267	96	CT
1	10180664	90	GA
1	10180705	41	GT
1	10180717	12	CT
1	10180952	235	TC
1	10181158	206	TC
1	10181207	49	CT
1	10182552	1345	GA
1	10182593	41	CT
1	10182635	42	GA
1	10185340	1621	GA
1	10185528	188	TC
1	10187849	1561	CT
1	10188054	205	AG
1	10188231	177	GA
1	10191012	2261	TG
1	10191612	600	AG
1	10191825	213	AG
1	10192065	200	AG
1	10192695	441	TC
1	10192961	266	AG
1	10194009	178	TG
1	10194040	31	CT
1	10194156	116	GA
1	10195693	408	CT
1	10195923	163	TC
1	10195980	57	CG
1	10196002	22	AG
1	10196143	141	TC
1	10196194	51	GC
1	10196935	408	CA
1	10196978	43	CA
1	10196993	15	TC
1	10197079	86	CT
1	10199292	1525	GC
1	10199372	80	TA
1	10201936	935	GA
1	10202513	88	TC
1	10202967	302	AT
1	10203126	159	GA
1	10203749	235	AC
1	10203891	142	AG
1	10204139	248	TC
1	10204418	279	AG
1	10204516	98	GA
1	10205042	62	GA
1	10205951	349	GA
1	10205985	34	AG
1	10206453	468	AG
1	10206518	65	CT
1	10207325	349	CG
1	10207672	347	TC
1	10207771	99	AG
1	10208196	372	TC
1	10208464	268	TG
1	10208727	169	AG
1	10212117	324	AG
1	10213411	1248	GC
1	10213559	148	AG
1	10214214	566	TG
1	10214488	274	CT
1	10215448	871	GC
1	10215594	146	GA
1	10215657	63	GT
1	10215942	285	GT
1	10216689	668	CT
1	10217129	440	GC
1	10217378	249	GA
1	10217724	346	GA
1	10217820	96	CT
1	10218133	313	AG
1	10218157	24	TC
1	10218164	7	AG
1	10218445	281	GA
1	10218681	192	CT
1	10218833	152	CT
1	10219052	219	TC
1	10219150	98	GA
1	10219420	253	GA
1	10219602	182	CG
1	10219954	352	AG
1	10220070	116	GA
1	10220152	82	CT
1	10220618	466	GA
1	10220880	262	CT
1	10220918	38	TG
1	10220987	69	TG
1	10221289	302	AG
1	10221357	68	AG
1	10222189	832	AT
1	10222608	419	CT
1	10222667	59	AG
1	10223136	469	CT
1	10223137	1	GA
1	10223159	22	GA
1	10223235	76	GA
1	10224359	1124	GA
1	10225895	1536	AG
1	10226134	239	AG
1	10226349	215	CT
1	10226368	19	AG
1	10226554	186	AC
1	10226847	293	TC
1	10227046	199	TG
1	10227462	416	AG
1	10227877	415	TA
1	10228116	239	AG
1	10228118	2	CT
1	10228697	579	CT
1	10228766	69	CT
1	10228814	48	TG
1	10229087	273	GA
1	10229470	383	TC
1	10229531	61	TC
1	10229539	8	TC
1	10229567	28	TC
1	10229664	97	CA
1	10229986	322	CG
1	10230152	166	CT
1	10230174	22	CA
1	10230489	315	GA
1	10230616	127	CT
1	10230647	31	AG
1	10230739	92	CA
1	10230752	13	GA
1	10230905	153	AC
1	10230975	70	TC
1	10231240	265	TG
1	10231293	53	AG
1	10231937	86	AC
1	10232072	135	GA
1	10232173	101	CT
1	10232213	40	CA
1	10232376	163	CT
1	10232645	269	GA
1	10234076	496	CT
1	10234376	300	CT
1	10235052	332	CT
1	10235343	291	GA
1	10237192	1472	GA
1	10237794	602	CT
1	10237932	138	GA
1	10238435	503	CT
1	10239180	745	CT
1	10240396	755	GT
1	10240427	31	TC
1	10240519	92	GA
1	10241174	359	CA
1	10243428	277	CT
1	10243581	153	GA
1	10244116	535	GA
1	10244370	254	CA
1	10244374	4	CG
1	10244407	33	GA
1	10245215	808	GA
1	10245529	314	AG
1	10246840	1311	GA
1	10246910	70	GT
1	10246932	22	GA
1	10248121	1166	GC
1	10248165	44	CT
1	10248382	217	AG
1	10248838	334	GA
1	10248849	11	AG
1	10250164	249	TG
1	10252023	1757	TC
1	10253501	1430	CA
1	10256175	2618	CT
1	10256381	206	TG
1	10258518	2137	CT
1	10258794	276	CT
1	10259118	324	CT
1	10260499	1333	CT
1	10260923	397	AC
1	10261403	480	TC
1	10262167	764	GA
1	10265258	3091	GA
1	10266148	890	CT
1	10266956	808	CT
1	10268056	1100	GC
1	10268507	451	AC
1	10268841	334	GT
1	10269165	324	TA
1	10269508	343	GA
1	10270113	605	TC
1	10270396	283	GA
1	10272479	1925	CT
1	10276106	3054	GA
1	10312093	23892	AC
1	10313094	850	TC
1	10313827	703	TC
1	10319324	2498	AG
1	10319333	9	TC
1	10321857	1318	GA
1	10322097	240	TC
1	10322306	209	CT
1	10322327	21	GC
1	10322381	54	TC
1	10322608	227	CT
1	10322718	110	AG
1	10327842	732	AG
1	10328494	329	TA
1	10329307	444	GA
1	10329710	169	CA
1	10330937	426	AT
1	10334000	2706	CG
1	10334079	79	GT
1	10334630	551	AG
1	10336299	485	TC
1	10336946	647	CT
1	10336983	37	GA
1	10337075	92	AC
1	10338200	830	CG
1	10338282	82	CT
1	10338308	26	TC
1	10338519	211	TG
1	10338524	5	TC
1	10338986	383	AC
1	10339084	98	CT
1	10339127	43	GA
1	10339633	282	CG
1	10339919	286	TC
1	10340830	615	AG
1	10341522	119	TC
1	10343812	1816	AG
1	10344348	494	GT
1	10344566	218	TC
1	10344627	61	AG
1	10345126	255	AG
1	10345488	362	CA
1	10346472	984	CT
1	10346671	199	AG
1	10346686	15	TC
1	10346976	243	AG
1	10347103	127	CG
1	10347197	94	CT
1	10349974	2206	AG
1	10350287	313	AC
1	10352208	1664	AG
1	10352278	70	CG
1	10353741	1427	GA
1	10356129	2355	TC
1	10356613	484	GA
1	10357799	978	AG
1	10357876	77	GA
1	10361995	4084	CT
1	10363450	1126	GC
1	10365690	2240	CT
1	10367497	1460	CG
1	10368854	1357	CT
1	10368858	4	CT
1	10369080	222	TC
1	10385235	6595	TC
1	10385379	144	TC
1	10385412	33	CA
1	10385510	9	GA
1	10385940	230	GA
1	10386223	283	AG
1	10386274	51	TC
1	10386373	99	GA
1	10386565	192	GC
1	10391297	3313	AG
1	10393869	2572	GA
1	10393892	23	TA
1	10393895	3	TG
1	10393915	20	TG
1	10394443	528	TC
1	10394899	456	TG
1	10395244	345	AG
1	10399742	1966	GA
1	10399767	25	TC
1	10400041	158	AG
1	10402289	906	AG
1	10402293	4	CT
1	10402926	633	GC
1	10403646	720	CT
1	10403681	35	AG
1	10403698	17	TC
1	10403763	65	AT
1	10403851	88	AG
1	10403933	82	TC
1	10403975	42	AT
1	10404386	411	TG
1	10404673	287	TG
1	10404720	47	TG
1	10405029	309	AG
1	10405224	195	AG
1	10405251	27	AG
1	10405474	223	AG
1	10405564	90	AG
1	10405589	25	TC
1	10406112	523	TG
1	10410287	2884	CT
1	10418366	4246	CT
1	10418697	331	AG
1	10419325	628	AG
1	10419392	67	AG
1	10419452	60	AG
1	10419614	162	CG
1	10419822	208	TC
1	10420467	158	TC
1	10420575	108	CT
1	10420598	23	GA
1	10420621	23	GC
1	10420670	49	GA
1	10421570	361	CA
1	10421667	97	TG
1	10421731	64	GT
1	10421741	10	TC
1	10421759	18	GA
1	10422262	503	AG
1	10422393	131	AG
1	10422440	47	TC
1	10422492	52	TC
1	10422508	16	GC
1	10422536	28	GA
1	10422585	49	AG
1	10424038	458	GA
1	10424843	685	CT
1	10425657	814	GA
1	10435079	5087	AG
1	10445184	8581	AC
1	10446769	1585	GA
1	10448187	1398	GA
1	10449498	1286	TC
1	10449735	237	GA
1	10453184	2978	GA
1	10454992	1808	CA
1	10456193	1201	CT
1	10456241	48	GA
1	10456617	376	AG
1	10458148	1494	GC
1	10458406	258	CT
1	10459736	1330	TA
1	10459739	3	GT
1	10460344	605	AG
1	10460359	15	CT
1	10460766	39	GA
1	10461210	444	GC
1	10461346	136	AG
1	10461724	378	AG
1	10461829	105	GA
1	10462858	776	GA
1	10465055	2041	AG
1	10465223	94	GA
1	10465297	74	CT
1	10465606	309	CT
1	10465686	80	CT
1	10465700	14	AG
1	10465795	95	TC
1	10465856	61	CT
1	10465949	93	GA
1	10466002	53	CT
1	10466069	67	TC
1	10466070	1	CA
1	10466662	410	AG
1	10466701	39	AG
1	10467434	733	AG
1	10467554	120	GA
1	10467698	144	GA
1	10467739	41	GC
1	10467891	152	AC
1	10468124	233	GA
1	10468128	4	TC
1	10468170	42	CT
1	10468320	150	CA
1	10468361	41	CT
1	10468609	248	TC
1	10468772	30	CT
1	10469091	319	GC
1	10469267	176	CT
1	10470125	858	CG
1	10470359	234	CT
1	10470544	185	CG
1	10470964	420	CT
1	10471318	354	TC
1	10471507	189	TC
1	10471541	34	CT
1	10471763	222	CT
1	10471893	130	GT
1	10472056	163	AG
1	10472405	349	AG
1	10472478	73	CA
1	10472796	318	GT
1	10473424	155	CT
1	10473621	197	TC
1	10473685	64	TC
1	10473731	46	AG
1	10474041	310	CT
1	10474053	12	GA
1	10474264	211	AT
1	10474280	16	GA
1	10474355	75	GA
1	10474529	174	TC
1	10475093	564	GA
1	10475152	59	GA
1	10475363	211	AG
1	10475390	27	GA
1	10475420	30	TC
1	10475591	171	GA
1	10475752	161	GA
1	10475956	204	AG
1	10476110	154	AC
1	10476149	39	GA
1	10476505	356	CT
1	10476627	122	CT
1	10480238	2710	CA
1	10480337	99	CT
1	10480716	379	CA
1	10481524	326	GA
1	10482983	902	CT
1	10483304	321	GA
1	10484444	439	TC
1	10484904	460	TC
1	10485042	138	AG
1	10485047	5	GC
1	10486123	546	CT
1	10486292	169	CT
1	10486487	195	AT
1	10487368	330	TC
1	10487385	17	CT
1	10488470	368	TC
1	10489457	531	AG
1	10489608	117	CG
1	10489863	255	TC
1	10490347	484	GA
1	10491639	658	AG
1	10491679	40	AG
1	10492596	843	GC
1	10492996	317	GA
1	10493397	401	GA
1	10493461	64	AG
1	10495235	757	TC
1	10495680	445	GC
1	10495755	75	AG
1	10496380	290	CT
1	10496783	403	AT
1	10496907	124	TC
1	10496928	21	TC
1	10496965	37	GC
1	10497169	178	GA
1	10497825	656	AC
1	10499559	1135	TC
1	10504000	3482	GC
1	10504542	341	GA
1	10504990	448	GA
1	10505092	102	CG
1	10507357	2034	CT
1	10507858	276	AG
1	10507888	30	AG
1	10508859	576	AC
1	10511376	1607	GA
1	10512000	624	TC
1	10512094	94	GA
1	10514584	1010	AG
1	10515118	534	GA
1	10515234	116	GT
1	10515788	288	GA
1	10516230	442	CT
1	10516911	608	CT
1	10517122	211	GA
1	10520224	3046	TC
1	10520388	164	AG
1	10520553	165	CT
1	10520605	52	TC
1	10520607	2	CT
1	10521629	1022	GA
1	10521711	82	AC
1	10522178	434	AG
1	10522557	314	TC
1	10522576	19	GA
1	10523546	942	GA
1	10523606	60	TA
1	10523858	252	AG
1	10524873	941	CA
1	10525058	185	CG
1	10525430	372	TC
1	10525540	110	GA
1	10526189	649	CG
1	10526493	304	GA
1	10526678	185	GA
1	10526682	4	TC
1	10527954	1243	GA
1	10530239	2252	GA
1	10530242	3	TC
1	10530283	41	TC
1	10532496	1580	CT
1	10532533	37	GA
1	10532636	103	GA
1	10532649	13	CT
1	10534024	1139	GA
1	10534027	3	CT
1	10534165	138	TC
1	10534255	90	TG
1	10534990	709	CG
1	10535889	899	AG
1	10535909	20	TC
1	10536407	498	CT
1	10536511	104	CT
1	10536719	208	AG
1	10536824	105	AG
1	10536858	34	CT
1	10537591	733	TA
1	10537690	99	GA
1	10538281	430	TG
1	10538466	120	GC
1	10539111	503	CT
1	10539118	7	TC
1	10539130	12	CT
1	10540082	952	CT
1	10540653	571	TC
1	10545126	3800	GA
1	10545250	124	TC
1	10546244	965	GA
1	10547325	747	TC
1	10547533	208	GC
1	10547910	307	CG
1	10548050	140	TC
1	10550573	1132	GA
1	10550602	29	GC
1	10551428	564	GA
1	10551771	343	AG
1	10553045	999	AG
1	10553336	182	AG
1	10554640	1223	CT
1	10562573	4448	CT
1	10563765	1192	GT
1	10584027	17147	CT
1	10591701	7250	GA
1	10600572	6525	GA
1	10627275	13055	CA
1	10627316	41	GA
1	10627318	2	CG
1	10627547	229	CT
1	10627959	412	TC
1	10627989	30	CT
1	10628124	135	CT
1	10628302	178	GA
1	10629481	1179	GA
1	10629488	7	AG
1	10629553	65	TC
1	10629580	27	GA
1	10629585	5	GA
1	10632581	1812	AC
1	10632709	128	GA
1	10633001	292	CT
1	10633501	158	TC
1	10633503	2	GA
1	10634263	98	GT
1	10634449	186	TC
1	10634465	16	AG
1	10634471	6	TC
1	10634751	280	AG
1	10635030	279	CA
1	10635686	656	GA
1	10636561	298	GA
1	10636763	202	AT
1	10637531	370	CG
1	10637735	204	TC
1	10638189	413	TC
1	10638408	219	GT
1	10638423	15	CG
1	10638432	9	AG
1	10638527	95	GC
1	10638533	6	AG
1	10638550	17	GA
1	10639470	811	CT
1	10639585	115	AC
1	10639684	99	AG
1	10640017	24	TG
1	10640027	10	TC
1	10640127	100	GA
1	10640302	175	TC
1	10640311	9	CG
1	10640445	134	AC
1	10640451	6	CT
1	10640455	4	TC
1	10640556	101	CA
1	10640712	156	CT
1	10640719	7	AG
1	10641204	485	CT
1	10641222	18	AG
1	10641358	136	CT
1	10641372	14	AG
1	10641511	139	CA
1	10641528	17	CT
1	10641719	80	TC
1	10641762	43	CT
1	10642139	63	TA
1	10642242	103	TA
1	10642449	207	AG
1	10642481	32	AG
1	10642643	162	GA
1	10642661	18	AG
1	10643697	916	GT
1	10643781	84	GC
1	10644564	783	GA
1	10644614	50	CT
1	10644865	251	TC
1	10644897	32	CT
1	10644925	28	GA
1	10645429	144	TA
1	10649839	1128	AG
1	10653295	2784	CT
1	10668719	8747	GA
1	10669268	509	CT
1	10670012	744	CT
1	10670671	659	GT
1	10673099	2428	GA
1	10673442	343	CT
1	10674207	765	CT
1	10676611	2184	AG
1	10679476	2827	CT
1	10685035	4581	TC
1	10689543	4038	CT
1	10690385	842	AC
1	10691494	1081	GA
1	10694458	1513	CT
1	10695078	620	GA
1	10695158	80	CT
1	10695709	551	CA
1	10696078	369	TC
1	10697389	1176	CA
1	10697833	444	CG
1	10698547	714	CG
1	10702502	3852	GA
1	10704636	2095	AG
1	10707876	2407	GA
1	10709751	1808	GC
1	10710545	155	TC
1	10712578	1303	GC
1	10712724	146	GT
1	10713332	543	TC
1	10713913	581	AC
1	10713985	72	CA
1	10714529	544	CT
1	10716581	1903	CG
1	10719187	2549	AG
1	10719346	159	TA
1	10719392	46	TG
1	10720555	1078	AC
1	10720598	43	GT
1	10733008	8117	CG
1	10735712	847	TC
1	10737650	1306	GA
1	10739366	584	AC
1	10741376	593	GA
1	10750320	3862	GA
1	10750358	38	AC
1	10750494	136	AG
1	10752567	678	CG
1	10753718	579	CT
1	10753734	16	AG
1	10754189	455	CT
1	10755256	338	CT
1	10759134	721	GC
1	10759804	125	GT
1	10759855	51	TC
1	10760784	612	GC
1	10762410	817	TA
1	10762561	151	TC
1	10763485	434	CT
1	10763533	48	GC
1	10764278	745	GA
1	10764541	263	AC
1	10766152	1143	TG
1	10766383	231	GA
1	10767664	292	CT
1	10772808	3142	GA
1	10776976	2510	GA
1	10777023	47	GC
1	10778500	1436	CT
1	10778553	53	CT
1	10781742	1639	GA
1	10781774	32	GA
1	10781977	203	GC
1	10782038	61	CT
1	10782241	203	CT
1	10782243	2	CT
1	10782443	200	CA
1	10782503	60	CT
1	10783126	112	GA
1	10783456	330	GA
1	10784568	165	CG
1	10784853	285	GC
1	10785773	353	CT
1	10785830	57	AG
1	10785999	140	TC
1	10786704	635	AG
1	10786725	21	TC
1	10787637	427	TC
1	10787749	112	CG
1	10787782	33	CT
1	10787783	1	AG
1	10787790	7	GA
1	10787834	44	GA
1	10787907	73	TC
1	10788484	369	GA
1	10788592	108	AG
1	10788630	38	CT
1	10788873	243	AG
1	10788995	122	CT
1	10789160	165	TC
1	10789757	597	TC
1	10789796	39	GC
1	10789841	45	CT
1	10790051	210	TC
1	10792351	2300	CT
1	10793033	682	TA
1	10793712	679	AG
1	10794271	522	CA
1	10794276	5	GA
1	10794772	277	GC
1	10795017	216	GA
1	10795038	21	AG
1	10796161	1073	CG
1	10796306	94	AC
1	10797014	596	AC
1	10797441	280	CT
1	10797574	133	TC
1	10797650	76	CG
1	10798295	645	CT
1	10798531	236	CT
1	10798645	114	GA
1	10798839	194	GC
1	10798847	8	CA
1	10799152	305	GA
1	10799310	125	CG
1	10799455	145	GA
1	10799471	16	AG
1	10799672	201	GA
1	10800443	674	GA
1	10800654	211	CT
1	10801018	364	AG
1	10801128	110	GA
1	10801421	293	AT
1	10801425	4	AG
1	10801426	1	AG
1	10801493	67	CT
1	10802056	531	AG
1	10802392	336	TC
1	10803197	371	CT
1	10803321	124	TC
1	10804170	669	AG
1	10804191	21	AG
1	10804500	309	CT
1	10804703	203	CT
1	10805346	643	AG
1	10806998	1405	GA
1	10807096	98	CT
1	10807397	301	CA
1	10807479	82	GA
1	10807617	138	GA
1	10808111	494	CT
1	10808135	24	GA
1	10809057	601	TC
1	10809772	467	GA
1	10809813	41	GA
1	10810670	857	GA
1	10811741	1071	AC
1	10812321	580	GA
1	10812765	444	GA
1	10813145	380	GA
1	10813209	64	AT
1	10813294	85	GA
1	10813304	10	GA
1	10813386	82	AG
1	10815997	986	CA
1	10816430	175	GA
1	10816495	65	GA
1	10816815	320	CT
1	10816837	22	GA
1	10817212	375	GA
1	10817806	594	TC
1	10818758	910	GA
1	10818956	198	TA
1	10819343	356	GA
1	10821322	1873	AG
1	10821626	304	GA
1	10824378	1998	AG
1	10824535	157	TA
1	10824620	85	TC
1	10825172	301	AG
1	10826575	832	CT
1	10826580	5	CT
1	10826876	296	AG
1	10826914	38	TG
1	10826917	3	TC
1	10826930	13	AG
1	10827573	602	GA
1	10828133	560	GA
1	10828269	136	GA
1	10828335	66	AG
1	10828716	128	GA
1	10828814	98	GA
1	10829225	246	GA
1	10829780	555	GA
1	10829840	60	CT
1	10830024	184	CG
1	10830214	162	GA
1	10830329	115	CT
1	10831317	667	TC
1	10831345	28	GA
1	10831378	33	CT
1	10831459	81	CG
1	10831772	92	CA
1	10831953	181	GC
1	10832049	96	GA
1	10832059	10	CT
1	10832209	150	CT
1	10832233	24	TC
1	10832312	79	GA
1	10832316	4	TC
1	10832334	18	GA
1	10832705	333	CA
1	10832815	110	GA
1	10832820	5	GT
1	10832863	43	CT
1	10832878	15	GA
1	10832887	9	GT
1	10833046	159	GT
1	10833200	154	AG
1	10833324	124	TA
1	10833678	123	GA
1	10834008	330	CT
1	10834559	551	GA
1	10834666	107	TC
1	10834722	56	GA
1	10834813	91	GA
1	10835251	438	TC
1	10835312	61	TC
1	10835408	96	CT
1	10836351	773	GA
1	10836484	133	CG
1	10836698	214	AG
1	10836803	105	CT
1	10837053	250	CT
1	10837236	183	GT
1	10837610	331	GT
1	10837662	52	CT
1	10837784	122	GT
1	10837847	63	GA
1	10837972	125	AG
1	10837980	8	GC
1	10838187	207	GA
1	10838197	10	AG
1	10838333	136	GA
1	10838351	18	TC
1	10838593	242	CT
1	10838886	293	TC
1	10838904	18	TC
1	10838988	84	GA
1	10838990	2	TC
1	10839507	253	AG
1	10839723	216	CG
1	10840238	515	CT
1	10840753	515	GA
1	10841079	326	CT
1	10850204	4909	TG
1	10850522	318	TC
1	10852079	1344	AG
1	10852327	248	CG
1	10852382	55	AG
1	10852406	24	CT
1	10852899	450	GA
1	10852963	64	GA
1	10853999	399	GC
1	10854076	77	TG
1	10854284	208	CT
1	10854298	14	GT
1	10854304	6	CG
1	10854582	278	GC
1	10854620	38	GA
1	10854740	120	TC
1	10855354	344	GA
1	10855667	313	TC
1	10856439	772	CG
1	10856597	158	CT
1	10856656	59	CT
1	10856917	261	AG
1	10857890	798	CT
1	10857986	96	TC
1	10858287	301	GA
1	10858409	122	GA
1	10858564	155	CT
1	10858642	78	CT
1	10860224	1445	AT
1	10862133	1231	AG
1	10863305	1172	CT
1	10866157	511	CA
1	10869769	2730	GT
1	10871613	818	AG
1	10871687	74	CT
1	10871719	32	AG
1	10872111	392	TA
1	10872351	145	GA
1	10872854	89	GA
1	10873462	120	AG
1	10873502	40	AC
1	10873563	61	CG
1	10873612	49	GT
1	10873932	182	AC
1	10874644	712	GA
1	10874776	132	GT
1	10874793	17	TC
1	10874987	194	CT
1	10875188	157	CT
1	10875387	199	AC
1	10876070	249	GA
1	10877008	332	CT
1	10877010	2	GA
1	10877218	208	CT
1	10877345	127	CA
1	10879152	940	CT
1	10879153	1	AG
1	10879791	88	TC
1	10879816	25	CT
1	10879848	32	TC
1	10879985	51	GC
1	10881292	317	AG
1	10881721	259	CT
1	10881932	211	TC
1	10882330	398	CT
1	10882333	3	AG
1	10882890	339	GC
1	10883045	155	AG
1	10883719	138	AG
1	10884276	283	CT
1	10884813	512	GC
1	10884950	137	TC
1	10885382	406	GA
1	10885539	157	CT
1	10886232	50	AG
1	10886427	50	CT
1	10886911	188	TC
1	10887262	351	CG
1	10887465	203	GA
1	10887507	42	CT
1	10887534	27	CT
1	10887630	96	AC
1	10887867	237	GA
1	10888188	321	GA
1	10889066	878	CT
1	10889313	59	CT
1	10890965	247	GA
1	10891066	101	AG
1	10891746	470	CT
1	10891916	170	GA
1	10892487	571	GA
1	10892609	122	CG
1	10896378	1715	AG
1	10896506	128	TC
1	10896927	421	CT
1	10898259	444	CT
1	10898313	54	AG
1	10900818	1542	GA
1	10902057	517	GC
1	10902525	441	GA
1	10902582	57	AG
1	10902638	56	TC
1	10902653	15	TG
1	10902660	7	TA
1	10902720	60	AG
1	10902833	113	GA
1	10902849	16	CT
1	10903254	405	AG
1	10903295	41	GC
1	10904270	276	AG
1	10904286	16	AC
1	10907651	2888	TA
1	10908526	492	AG
1	10909312	212	TG
1	10909424	112	TC
1	10909510	86	GC
1	10909541	31	AG
1	10910568	247	GT
1	10910637	69	CT
1	10910849	212	TC
1	10911032	183	CA
1	10912908	284	CT
1	10913582	674	TC
1	10913628	46	AG
1	10913715	87	GA
1	10913807	92	CT
1	10913811	4	AG
1	10913816	5	CT
1	10914251	435	GA
1	10914268	17	GA
1	10914881	613	AG
1	10915029	148	CT
1	10915053	24	TA
1	10915356	228	CT
1	10915826	119	GA
1	10915983	157	GC
1	10916404	421	AG
1	10916676	272	AG
1	10917016	340	GC
1	10919940	2300	CT
1	10921561	974	CT
1	10923405	1384	GA
1	10923541	136	GA
1	10924541	473	CT
1	10924549	8	AG
1	10925054	505	GA
1	10928752	2754	GA
1	10928924	172	TC
1	10929278	354	CT
1	10929389	111	CT
1	10929825	254	TC
1	10930204	379	GA
1	10930444	240	TC
1	10930910	466	GC
1	10931031	121	AG
1	10931410	379	GA
1	10931436	26	TC
1	10932038	259	CT
1	10932403	365	GA
1	10932506	103	TG
1	10932835	329	AG
1	10933052	217	CA
1	10933064	12	CT
1	10933068	4	CT
1	10933390	322	GA
1	10933393	3	GA
1	10933492	99	CT
1	10934935	672	AT
1	10935304	369	GA
1	10935317	13	AG
1	10935376	59	TC
1	10935431	55	AG
1	10935524	93	AG
1	10943355	4616	GC
1	10946004	1878	GC
1	10946256	252	GA
1	10946863	549	AG
1	10947510	257	AG
1	10947698	188	AT
1	10949395	1554	GC
1	10953160	2321	TC
1	10955079	1201	GA
1	10956655	1006	GT
1	10962834	5411	TG
1	10964864	2030	GA
1	10965208	344	TC
1	10987535	14980	CT
1	10987537	2	TG
1	10987560	23	GA
1	10987769	209	GA
1	10987798	29	GA
1	10987832	34	AC
1	10987837	5	TC
1	10987864	27	AG
1	10988164	300	TC
1	10988220	56	AG
1	10988619	399	TC
1	10989198	303	CT
1	10993603	3257	CG
1	10995194	1591	AG
1	10996184	815	GC
1	10999296	2632	GA
1	10999762	446	CT
1	11000678	916	TC
1	11001845	1146	TC
1	11004544	2327	GT
1	11009638	3188	GT
1	11011099	848	GA
1	11012582	706	CG
1	11013039	457	CT
1	11014221	1182	TG
1	11014629	408	CT
1	11015043	414	TC
1	11017950	2243	AG
1	11021623	1617	GA
1	11021709	86	CT
1	11022219	510	AT
1	11022866	326	GA
1	11026684	3208	CA
1	11026994	310	AC
1	11027673	679	GA
1	11027769	96	CT
1	11027994	200	GA
1	11028193	199	GC
1	11030418	2040	AG
1	11030456	38	CT
1	11030575	119	TC
1	11032507	1604	CT
1	11032775	268	TC
1	11033310	535	AG
1	11033777	467	GA
1	11033803	26	GA
1	11033919	116	CT
1	11034041	122	CT
1	11034097	56	AG
1	11034577	480	TC
1	11034847	270	GA
1	11035148	301	AG
1	11035447	299	TC
1	11035658	211	CT
1	11035665	7	GC
1	11035683	18	CG
1	11035719	36	CG
1	11036000	281	CA
1	11036289	289	GT
1	11036618	329	CT
1	11037098	480	GC
1	11037189	91	CT
1	11038821	991	GA
1	11039006	185	TC
1	11039104	98	CT
1	11039464	325	CT
1	11040104	640	AG
1	11040241	94	GA
1	11040476	235	GT
1	11041684	555	CT
1	11042186	251	CT
1	11042380	194	GA
1	11042564	184	CT
1	11042671	107	AG
1	11042715	44	GA
1	11043019	304	CT
1	11043263	244	CT
1	11043983	239	GA
1	11044164	181	AG
1	11044284	120	TC
1	11044346	62	GA
1	11044557	211	GA
1	11044592	35	GA
1	11044809	217	CG
1	11045671	586	CT
1	11046029	172	AG
1	11046071	42	CT
1	11046515	408	CA
1	11046559	44	GA
1	11046695	136	AG
1	11046845	150	CT
1	11046925	80	CT
1	11046946	21	TC
1	11047070	124	CG
1	11047077	7	CT
1	11047222	145	GA
1	11047240	18	GC
1	11047368	128	AG
1	11047619	251	GA
1	11047668	49	TC
1	11047681	13	GA
1	11047711	30	GC
1	11047714	3	CT
1	11047728	14	GA
1	11047775	47	CT
1	11047776	1	AG
1	11047778	2	CT
1	11047814	36	TC
1	11047891	77	TC
1	11048094	203	GA
1	11048190	96	AG
1	11048249	59	AC
1	11048286	37	GA
1	11048304	18	TG
1	11049044	471	TC
1	11049055	11	AG
1	11049059	4	CT
1	11049064	5	CT
1	11049108	44	CT
1	11049904	448	GA
1	11049920	16	CT
1	11049925	5	AG
1	11050118	193	CT
1	11050157	39	CG
1	11050276	119	TG
1	11050390	114	GA
1	11050441	51	TG
1	11051130	639	CT
1	11051219	56	TC
1	11051275	56	TG
1	11051400	125	GA
1	11051531	131	CG
1	11051782	251	GA
1	11051988	206	AG
1	11052111	123	AG
1	11052121	10	TC
1	11052354	233	GA
1	11052540	186	AC
1	11052562	22	GA
1	11052564	2	TA
1	11052769	205	GA
1	11052840	71	CT
1	11053202	362	AG
1	11053283	81	AG
1	11053541	258	AG
1	11053569	28	AG
1	11053632	63	AG
1	11053644	12	AG
1	11053733	89	CT
1	11053876	143	GA
1	11053877	1	GA
1	11054026	149	CT
1	11054048	22	CT
1	11054098	50	GA
1	11054219	121	AG
1	11054265	46	AC
1	11054290	25	CT
1	11054377	87	GA
1	11054383	6	GA
1	11054409	26	AG
1	11054612	203	TC
1	11054628	16	GA
1	11054656	28	AG
1	11054814	158	CT
1	11054868	54	TC
1	11054982	114	AG
1	11054991	9	CT
1	11055024	33	CA
1	11055025	1	TG
1	11055040	15	TC
1	11055234	194	CT
1	11055296	62	TA
1	11055304	8	GA
1	11055312	8	GA
1	11055542	87	TC
1	11055752	210	GA
1	11055801	49	AG
1	11056095	219	CT
1	11056100	5	TC
1	11057144	585	CT
1	11057562	127	GA
1	11057692	130	GA
1	11057763	71	TG
1	11057991	228	TC
1	11058032	41	TC
1	11058054	22	GA
1	11058074	20	GC
1	11058099	25	CG
1	11058197	98	AG
1	11058344	147	TC
1	11058420	76	TC
1	11058426	6	GC
1	11058432	6	AG
1	11058447	15	TC
1	11058643	196	GA
1	11058753	110	AG
1	11059108	355	GC
1	11059496	388	CA
1	11059541	45	CT
1	11059698	157	GA
1	11059903	205	CT
1	11059919	16	GC
1	11059942	23	CT
1	11060207	265	CT
1	11060251	44	GC
1	11060566	217	GA
1	11060587	21	GA
1	11062533	1525	AG
1	11062571	38	TC
1	11062660	89	GA
1	11064010	471	GA
1	11064101	91	TC
1	11064184	83	TC
1	11064633	174	CT
1	11064634	1	GC
1	11064661	27	CA
1	11064682	21	CG
1	11064722	40	CT
1	11064726	4	CT
1	11064779	53	CT
1	11064919	140	GT
1	11065443	255	TC
1	11065459	16	CT
1	11065500	41	AG
1	11066059	463	GT
1	11066679	620	CT
1	11067023	143	TC
1	11067048	25	CG
1	11067231	183	TC
1	11067292	61	GA
1	11068840	1445	GA
1	11068880	40	TC
1	11072828	2934	CT
1	11074012	520	CT
1	11077446	3249	AG
1	11078343	897	GC
1	11078728	385	TC
1	11079040	312	CA
1	11080272	1169	GC
1	11080667	395	GT
1	11081630	963	AG
1	11081651	21	TC
1	11081660	9	GA
1	11083193	1365	TC
1	11083206	13	CT
1	11083380	174	CG
1	11083482	102	GA
1	11083968	238	CT
1	11086093	1189	GA
1	11086990	897	TC
1	11087049	59	CT
1	11087198	149	TC
1	11087222	24	GA
1	11087289	67	GA
1	11087329	40	CT
1	11087332	3	AG
1	11087480	148	TC
1	11087547	67	CT
1	11087827	214	AG
1	11087830	3	GA
1	11087902	72	CT
1	11087954	52	AG
1	11088962	1008	GA
1	11088973	11	CG
1	11089790	608	CT
1	11090111	321	CT
1	11090515	404	GA
1	11092337	1780	GA
1	11092718	381	CA
1	11093876	1158	CT
1	11096311	1917	GA
1	11097234	923	GA
1	11097758	524	CT
1	11099850	1625	GA
1	11099882	32	CG
1	11100114	232	CT
1	11100372	258	AG
1	11101817	1412	AG
1	11102447	630	CT
1	11103696	774	CT
1	11112871	3948	CT
1	11116591	2799	GA
1	11117210	619	CT
1	11119188	1745	CG
1	11119389	201	GA
1	11119886	497	GC
1	11126534	5670	GA
1	11128260	842	TC
1	11129272	602	AG
1	11130000	456	CT
1	11133806	3575	CG
1	11134984	1178	AG
1	11135285	301	TC
1	11136243	958	CT
1	11137724	1481	CT
1	11138173	449	GC
1	11138351	178	AG
1	11138438	87	GA
1	11139061	623	GA
1	11139721	660	CT
1	11139778	57	GC
1	11139882	104	TC
1	11141010	1099	AG
1	11143356	2117	GA
1	11143690	334	GA
1	11145205	969	AG
1	11145587	382	CT
1	11145599	12	TC
1	11147648	1595	GA
1	11147954	306	GA
1	11148307	353	AG
1	11148359	52	AG
1	11148589	197	AG
1	11148761	172	TC
1	11148771	10	CA
1	11149046	275	CT
1	11149309	263	CG
1	11149312	3	CT
1	11149321	9	TC
1	11149368	47	AC
1	11149720	352	TC
1	11149976	256	CT
1	11151557	1581	TC
1	11152320	340	TC
1	11152620	300	CT
1	11152936	316	GA
1	11154531	1554	CG
1	11155317	518	CT
1	11155340	23	CT
1	11157402	1684	CT
1	11157428	26	CT
1	11164128	6254	CT
1	11164152	24	CA
1	11164608	170	GA
1	11164676	68	GA
1	11164836	160	CT
1	11165682	580	AG
1	11165843	161	CT
1	11166442	599	CT
1	11166829	387	CT
1	11167700	871	CT
1	11167932	232	CG
1	11168018	86	CT
1	11168072	54	GA
1	11168407	264	CT
1	11169909	1444	GT
1	11170867	934	GA
1	11172290	1265	GA
1	11174070	1780	GA
1	11174380	242	GA
1	11174434	54	GT
1	11174512	78	CT
1	11174779	267	CT
1	11174938	159	AG
1	11175347	409	CT
1	11175528	181	AG
1	11175538	10	AG
1	11175588	50	GA
1	11177678	1894	AG
1	11177736	58	CT
1	11177912	176	AG
1	11179290	1097	CT
1	11180558	1268	GC
1	11181044	389	TA
1	11182262	1218	CA
1	11182757	495	TC
1	11183635	878	GA
1	11183956	321	CA
1	11184025	69	GA
1	11184678	653	CG
1	11185528	346	CT
1	11186480	617	GA
1	11191005	3529	GT
1	11195360	4058	CT
1	11195726	366	GA
1	11196028	302	GA
1	11196662	594	AG
1	11197021	359	AG
1	11197282	261	AT
1	11197769	487	GA
1	11200233	2401	CG
1	11200714	110	CT
1	11200851	137	TC
1	11201663	713	CT
1	11202417	754	GA
1	11203118	654	CT
1	11203338	34	GA
1	11203506	168	CT
1	11203509	3	CG
1	11203522	13	GC
1	11203727	205	CG
1	11204137	410	GT
1	11204490	353	CG
1	11204821	306	TA
1	11205184	363	GA
1	11205253	69	CT
1	11205401	148	TG
1	11205479	78	GA
1	11205646	167	CT
1	11205669	23	AG
1	11205687	18	CT
1	11205801	114	GA
1	11205806	5	GC
1	11205807	1	GT
1	11205867	60	GT
1	11206129	262	GC
1	11207543	849	CT
1	11207630	87	CT
1	11208132	502	CT
1	11208533	401	TC
1	11208618	85	GC
1	11208626	8	GA
1	11208687	61	AG
1	11209773	797	CT
1	11209830	57	CT
1	11210062	232	GA
1	11210131	69	TC
1	11211238	395	AC
1	11211352	114	CT
1	11211390	38	GA
1	11211437	47	TA
1	11211502	65	CT
1	11211616	114	TA
1	11212490	175	CT
1	11212533	43	GA
1	11212929	396	GA
1	11213027	98	CT
1	11213230	203	CT
1	11214254	1024	CT
1	11215137	860	GA
1	11215880	743	CT
1	11217573	1693	GT
1	11217685	112	GA
1	11218232	547	GT
1	11218296	64	GA
1	11218300	4	GA
1	11218786	461	CT
1	11218901	115	GA
1	11219004	84	CT
1	11219104	100	CT
1	11219108	4	GA
1	11219520	412	TC
1	11219831	311	GA
1	11220000	169	CT
1	11220002	2	CT
1	11220032	30	AG
1	11220039	7	TC
1	11221642	1023	GA
1	11221670	28	GA
1	11223301	1541	GA
1	11223349	48	CG
1	11223847	469	AG
1	11224260	413	CT
1	11224328	68	GA
1	11225727	1373	GT
1	11226101	333	TC
1	11226424	299	TC
1	11226436	12	AG
1	11226463	27	CT
1	11227368	638	CT
1	11227492	124	CT
1	11227635	143	CA
1	11227731	96	TC
1	11227759	28	CA
1	11227795	36	GA
1	11228127	237	CA
1	11228281	154	GA
1	11229115	785	GA
1	11229213	98	GA
1	11229718	505	GT
1	11229719	1	CA
1	11229804	85	TC
1	11230033	229	AG
1	11230450	417	GA
1	11231353	748	CT
1	11232068	447	CT
1	11232154	86	CT
1	11232351	197	GA
1	11232477	126	CT
1	11232624	147	CT
1	11232635	11	GA
1	11234651	830	TC
1	11234713	62	CT
1	11234968	236	GA
1	11235493	525	GA
1	11236309	324	GA
1	11237114	213	GT
1	11237618	504	GT
1	11237667	49	CT
1	11237883	216	CA
1	11237979	96	CT
1	11238464	194	TG
1	11239111	345	TC
1	11239274	163	CG
1	11239311	37	CA
1	11240351	301	CA
1	11241708	653	TC
1	11241878	170	GA
1	11242038	160	TC
1	11242176	138	CT
1	11242577	350	CA
1	11242590	13	GA
1	11242970	380	TC
1	11243514	544	TC
1	11243597	83	CT
1	11243944	347	GA
1	11243986	42	CT
1	11244330	344	CT
1	11244577	247	GA
1	11245410	239	AG
1	11245643	233	TC
1	11245863	220	AG
1	11246036	173	AG
1	11246215	179	GA
1	11246257	42	AG
1	11246718	461	AT
1	11246914	196	GC
1	11247895	495	GA
1	11248138	243	GC
1	11248321	183	AG
1	11248332	11	GC
1	11248338	6	GA
1	11248412	74	AC
1	11248640	85	CG
1	11248757	117	AT
1	11249221	284	CT
1	11249409	188	TC
1	11249454	45	GA
1	11249781	327	AC
1	11250239	458	TC
1	11250297	58	CT
1	11250441	144	TC
1	11250620	179	CT
1	11250874	254	CT
1	11255743	2515	CT
1	11256262	519	CT
1	11257145	854	CG
1	11257697	552	AG
1	11258686	989	CA
1	11262864	2885	TC
1	11263743	849	GC
1	11267643	2992	CT
1	11270380	1634	TC
1	11270645	265	CT
1	11271365	720	TC
1	11272102	737	CT
1	11276323	4221	GA
1	11277648	810	CT
1	11278814	1166	AG
1	11279536	566	TC
1	11279990	454	GA
1	11280682	350	GA
1	11280840	158	CG
1	11281904	1064	CT
1	11286549	1803	CT
1	11286905	356	TA
1	11287137	232	GA
1	11288215	1078	CT
1	11288295	80	CT
1	11290049	1398	CT
1	11290104	55	CT
1	11290528	424	CA
1	11290596	68	GA
1	11290820	224	TC
1	11290878	58	GA
1	11290980	102	TC
1	11291386	406	GA
1	11292084	698	TC
1	11292263	179	TC
1	11292273	10	GA
1	11295627	2566	GT
1	11304816	7523	AC
1	11305242	426	AG
1	11305320	78	CT
1	11305903	583	AG
1	11305915	12	CT
1	11306602	687	CT
1	11306689	87	CT
1	11306798	109	AG
1	11306959	138	AG
1	11309413	876	GT
1	11310243	830	GA
1	11311458	1215	GA
1	11311960	132	AG
1	11312366	355	CT
1	11312891	525	TC
1	11313033	142	GA
1	11314826	727	CT
1	11315386	560	GC
1	11315527	141	AG
1	11316044	517	GC
1	11316348	304	CT
1	11317809	1461	CT
1	11321828	2784	GA
1	11325688	2677	TC
1	11326287	599	AG
1	11326433	146	TC
1	11326434	1	CT
1	11326449	15	GA
1	11326584	135	GA
1	11327479	435	CT
1	11327483	4	CT
1	11327736	253	GA
1	11327864	128	CT
1	11329520	1113	GA
1	11329847	327	TC
1	11329864	17	TC
1	11332101	981	AT
1	11332895	233	GA
1	11333518	319	TC
1	11333630	112	AG
1	11334443	372	GA
1	11334444	1	CT
1	11335481	944	TC
1	11335530	49	TC
1	11335998	372	GT
1	11340318	3970	TA
1	11340419	101	CA
1	11340466	47	AG
1	11340468	2	CG
1	11340509	41	CT
1	11340999	490	CT
1	11341397	398	GA
1	11341539	142	TA
1	11342281	412	CT
1	11342488	207	CT
1	11342502	14	GC
1	11342806	304	TC
1	11342894	88	GA
1	11342950	56	TA
1	11342952	2	AG
1	11343021	69	CA
1	11343312	291	CT
1	11343534	222	GA
1	11343541	7	GA
1	11343561	20	CT
1	11343706	111	CT
1	11344147	441	GA
1	11344297	150	GC
1	11344558	261	AG
1	11344658	100	CG
1	11344720	62	GA
1	11344843	123	CT
1	11348287	1991	GA
1	11348443	156	TC
1	11351761	2915	GT
1	11352770	1009	TC
1	11360613	6079	CT
1	11360802	189	TG
1	11362091	1143	CT
1	11362161	70	GA
1	11362223	62	GA
1	11366990	4588	GA
1	11371044	3096	CT
1	11371957	833	GA
1	11372099	142	GA
1	11372224	125	GC
1	11375454	1462	CT
1	11375685	231	CA
1	11377406	1053	CT
1	11377591	185	AG
1	11377685	94	AG
1	11377987	302	TG
1	11378002	15	CT
1	11378795	793	CT
1	11379155	360	GA
1	11379300	145	CT
1	11379825	422	GA
1	11380487	662	AT
1	11382028	1423	GA
1	11382051	23	GA
1	11382134	83	GA
1	11384448	1211	TC
1	11384906	458	CT
1	11385950	1044	TC
1	11386676	726	CT
1	11386924	248	GA
1	11388027	531	GC
1	11388232	205	CT
1	11388375	143	TC
1	11388583	208	CT
1	11388621	38	GA
1	11388679	58	GA
1	11389240	202	GC
1	11389346	106	GA
1	11389351	5	TC
1	11389446	95	GA
1	11389696	44	AG
1	11389736	40	CT
1	11389796	60	CT
1	11389811	15	TG
1	11389836	25	GA
1	11390176	340	GC
1	11390529	353	GA
1	11390670	141	GA
1	11390683	13	TC
1	11391652	365	CT
1	11391718	66	GA
1	11391722	4	CA
1	11391808	86	TC
1	11391844	36	CA
1	11391981	137	TC
1	11392307	326	GT
1	11392316	9	GA
1	11392403	87	CT
1	11392477	74	CT
1	11392552	75	TC
1	11392977	396	CT
1	11393152	175	CT
1	11393851	592	CG
1	11393906	55	TC
1	11393965	59	AG
1	11394436	471	CA
1	11394488	52	GA
1	11394532	44	TC
1	11394606	74	GC
1	11394649	43	AC
1	11394654	5	AG
1	11394810	156	AG
1	11395105	295	AG
1	11395489	384	GA
1	11395540	51	TG
1	11395584	44	AG
1	11395708	124	GA
1	11395726	18	CT
1	11396126	212	GA
1	11396421	247	TC
1	11396713	292	AG
1	11396762	49	CT
1	11396779	17	GA
1	11397626	417	GA
1	11397888	262	TC
1	11397979	91	AG
1	11398057	78	GA
1	11398288	231	TC
1	11398466	178	AG
1	11398553	87	TC
1	11398857	304	CG
1	11398868	11	GA
1	11398996	128	GA
1	11399044	48	AG
1	11399093	49	GA
1	11399226	133	TC
1	11399333	107	CT
1	11399334	1	AG
1	11399487	153	GC
1	11399527	40	CT
1	11399543	16	AC
1	11399933	186	GA
1	11400015	82	GA
1	11400043	28	CT
1	11400186	143	GA
1	11400189	3	GC
1	11400391	202	GA
1	11400458	67	AG
1	11400541	83	GT
1	11400613	72	AG
1	11400752	139	GA
1	11400865	113	CT
1	11401057	192	GA
1	11401255	198	GA
1	11401359	104	TC
1	11401675	316	AG
1	11401901	226	TC
1	11402305	404	TC
1	11402417	112	GA
1	11402882	465	GA
1	11403334	452	TC
1	11403358	24	GA
1	11403604	246	CG
1	11403667	63	CT
1	11403700	33	CT
1	11403736	36	TC
1	11404008	172	GT
1	11404224	216	AT
1	11404448	224	CT
1	11404736	288	GA
1	11404834	98	TC
1	11405043	209	GA
1	11405166	65	TC
1	11405333	167	CT
1	11405455	122	GA
1	11405884	429	GA
1	11405911	27	GA
1	11405982	71	CA
1	11405998	16	GA
1	11406422	393	AG
1	11406453	31	CT
1	11406610	157	GT
1	11406732	122	GA
1	11406941	209	CT
1	11407203	218	GA
1	11407223	20	AC
1	11407265	42	GT
1	11407382	117	CT
1	11407430	48	AG
1	11408280	337	AG
1	11408528	16	AG
1	11408590	62	AG
1	11408630	40	TC
1	11408662	32	CG
1	11408674	12	GA
1	11408697	23	GA
1	11408712	15	AG
1	11408728	16	CG
1	11408826	98	CT
1	11408948	122	GA
1	11408949	1	CT
1	11408998	49	CT
1	11409166	168	TC
1	11409290	124	AG
1	11409353	63	GA
1	11409398	45	TC
1	11409527	129	AG
1	11409672	145	TC
1	11409937	265	AG
1	11410547	301	CT
1	11410780	233	TC
1	11412084	1093	TC
1	11412552	468	CT
1	11413390	570	GT
1	11413405	15	AG
1	11413412	7	GA
1	11413637	225	CT
1	11413737	100	GC
1	11413876	139	GC
1	11413931	55	GA
1	11414963	1032	GA
1	11415051	88	TC
1	11415089	38	CG
1	11415150	61	AG
1	11416302	494	TC
1	11416648	346	CT
1	11417124	476	CT
1	11418696	1496	GA
1	11418771	75	TC
1	11418910	139	CT
1	11419288	378	CT
1	11419319	31	AC
1	11419330	11	AG
1	11419407	77	TA
1	11419424	17	TC
1	11419447	23	TC
1	11419566	119	GT
1	11419937	371	GA
1	11420005	68	GA
1	11420084	79	GA
1	11420165	49	GA
1	11420929	231	CT
1	11421025	96	TC
1	11421030	5	AG
1	11421079	49	TC
1	11421320	223	GA
1	11421343	23	TG
1	11421381	38	TC
1	11421407	26	AG
1	11421539	132	CA
1	11421556	17	GA
1	11421566	10	GT
1	11421572	6	CT
1	11421617	45	CG
1	11421974	357	CT
1	11422003	29	CT
1	11422429	426	GA
1	11422448	19	CT
1	11423071	623	GA
1	11423110	39	AG
1	11423234	124	CT
1	11423366	132	TC
1	11423802	436	AG
1	11424027	225	TC
1	11426615	2531	AG
1	11426695	80	GA
1	11426701	6	GA
1	11426708	7	GA
1	11426710	2	GA
1	11426718	8	CT
1	11427473	361	TC
1	11427580	107	TC
1	11428025	88	CT
1	11428460	303	TC
1	11428579	69	CG
1	11428585	6	GT
1	11428653	68	GC
1	11428733	80	TC
1	11428799	66	GA
1	11429037	238	CA
1	11429087	50	TG
1	11429730	288	TC
1	11430483	634	AG
1	11431022	494	GA
1	11431161	139	GA
1	11431182	21	GA
1	11431445	263	GA
1	11431524	79	AG
1	11431550	26	CT
1	11431832	282	CT
1	11431945	113	TC
1	11432529	584	GA
1	11432578	49	CT
1	11435270	2692	CT
1	11435430	160	GA
1	11435730	300	GA
1	11436317	485	CT
1	11437545	983	GA
1	11437763	218	TC
1	11437789	26	AT
1	11437867	78	AC
1	11438237	181	CT
1	11438948	365	CG
1	11439196	248	CT
1	11439198	2	CT
1	11439348	150	TC
1	11440031	461	TC
1	11442810	1465	TC
1	11442811	1	TA
1	11443183	176	GA
1	11443193	10	GC
1	11443656	396	CT
1	11443692	36	GA
1	11443805	113	CT
1	11443856	51	GA
1	11444049	193	CT
1	11444089	40	CT
1	11444238	149	GA
1	11445517	393	GA
1	11445558	41	AG
1	11445722	164	CT
1	11445734	12	TC
1	11445886	152	CT
1	11446072	186	CT
1	11446127	55	CT
1	11446167	40	CT
1	11446378	211	AG
1	11446447	69	CG
1	11446585	138	GC
1	11446607	22	TG
1	11446789	182	CT
1	11446821	32	GC
1	11446946	125	AG
1	11446984	38	CT
1	11447080	96	AC
1	11447173	93	CT
1	11447607	434	TC
1	11447800	193	GT
1	11447807	7	GT
1	11448148	270	GA
1	11448154	6	AG
1	11448361	119	AC
1	11448362	1	GA
1	11448659	213	CT
1	11448667	8	TC
1	11448677	10	AG
1	11448922	164	CT
1	11449674	696	GA
1	11450214	540	GA
1	11450490	276	GA
1	11450512	22	TA
1	11450545	33	GA
1	11450550	5	CT
1	11450598	48	AG
1	11450756	158	AG
1	11450821	65	GA
1	11450837	16	GT
1	11451055	218	GA
1	11451155	100	GC
1	11451241	86	TC
1	11451293	52	CT
1	11451296	3	GA
1	11451406	110	AG
1	11451510	104	AG
1	11451512	2	TC
1	11453035	934	TC
1	11453047	12	TC
1	11453889	822	TA
1	11454122	233	GA
1	11454208	86	CT
1	11454331	123	GA
1	11454573	242	CT
1	11454770	197	TC
1	11455419	273	GA
1	11455420	1	AC
1	11455564	144	GA
1	11455621	57	AG
1	11456572	489	CG
1	11456613	41	TC
1	11457033	420	TC
1	11457102	69	TC
1	11457146	44	CT
1	11458144	773	CG
1	11458207	63	TC
1	11458574	367	AG
1	11458641	67	CT
1	11458702	61	GA
1	11459174	472	GA
1	11459978	761	AC
1	11460150	129	GA
1	11463280	1538	TC
1	11464181	901	GA
1	11464449	268	GA
1	11464699	250	AG
1	11466042	568	TG
1	11466060	18	AG
1	11467447	1315	GA
1	11471443	1832	GA
1	11471806	363	CT
1	11471952	146	TC
1	11472227	275	TC
1	11472272	45	GC
1	11472433	161	CT
1	11472513	80	GA
1	11472684	171	CG
1	11473575	781	GA
1	11473631	56	TC
1	11474509	854	AG
1	11474550	41	GT
1	11478692	4108	GC
1	11483225	4505	AG
1	11484397	832	AG
1	11486807	2378	GA
1	11487856	1049	CT
1	11489869	1861	CT
1	11493675	3262	GA
1	11493887	212	GA
1	11494281	394	GA
1	11496838	2148	GA
1	11497525	687	GA
1	11498519	994	CT
1	11500105	1008	AG
1	11501039	934	CT
1	11501271	232	CT
1	11501339	68	AG
1	11501681	342	GA
1	11501834	153	CT
1	11501847	13	GA
1	11501894	47	TC
1	11501905	11	AG
1	11503941	763	CG
1	11504157	216	GA
1	11504162	5	AG
1	11505171	967	AG
1	11505225	54	CT
1	11505366	141	GA
1	11505671	305	TG
1	11505922	186	CT
1	11506100	178	CT
1	11506384	284	GA
1	11506760	376	AG
1	11507112	352	GT
1	11508099	987	CT
1	11508305	206	TC
1	11509096	738	AG
1	11511558	2230	GA
1	11512606	741	GA
1	11512853	247	GA
1	11512950	62	CT
1	11513322	372	TG
1	11513344	22	CG
1	11513697	324	GA
1	11513751	54	CT
1	11514455	704	GA
1	11515432	874	GA
1	11520691	3622	GA
1	11520934	243	TG
1	11524193	1696	CG
1	11531015	3645	CG
1	11531378	363	GA
1	11535598	4119	AG
1	11544928	7719	CA
1	11551896	2680	GA
1	11570169	9326	GA
1	11577981	4084	AG
1	11581153	1579	GA
1	11581196	43	CT
1	11581395	199	TC
1	11582405	1010	TG
1	11583801	1312	TC
1	11584017	216	GA
1	11585385	480	CT
1	11585935	235	CG
1	11586459	460	GA
1	11586620	161	GC
1	11586664	44	GA
1	11586695	31	GA
1	11587370	337	CG
1	11589454	1930	GA
1	11590293	176	CG
1	11592561	1868	TA
1	11593887	1255	TC
1	11594011	57	CT
1	11594014	3	TC
1	11596662	330	GA
1	11596824	162	GC
1	11596989	165	TC
1	11597522	327	CT
1	11598064	542	GA
1	11598569	236	GA
1	11598766	197	GA
1	11599658	722	CA
1	11602082	1645	GC
1	11602229	147	AT
1	11602310	81	GA
1	11604570	1315	AG
1	11605634	1024	CT
1	11606139	505	AG
1	11606987	574	GA
1	11608579	1536	GC
1	11609294	593	CT
1	11611614	887	AT
1	11611825	211	AG
1	11612659	800	TG
1	11612788	129	GA
1	11612801	13	CG
1	11613883	454	CT
1	11615986	1182	CT
1	11616940	339	GA
1	11618190	392	AT
1	11618324	134	AG
1	11619771	1210	GC
1	11621792	214	GA
1	11622522	730	AG
1	11622565	43	CT
1	11622893	328	CG
1	11626364	3366	TA
1	11627114	750	GA
1	11630417	1883	CT
1	11630714	297	AC
1	11630738	24	CG
1	11631076	338	GC
1	11631253	177	TC
1	11632760	1185	AG
1	11632830	70	AG
1	11632997	167	GA
1	11638442	4934	CT
1	11639031	533	TA
1	11641687	1556	CT
1	11641718	31	AT
1	11641803	85	CG
1	11641898	95	AG
1	11642218	320	AG
1	11643419	677	AG
1	11643608	189	CT
1	11644372	764	TC
1	11644508	136	GT
1	11644623	115	CA
1	11649332	1030	CT
1	11649781	128	CA
1	11650698	493	CT
1	11651772	1074	CT
1	11652288	378	CG
1	11653304	1016	CT
1	11653469	165	CA
1	11653644	175	CG
1	11654095	451	CT
1	11656166	2047	GA
1	11663724	6443	TC
1	11665913	1982	CT
1	11681279	10853	CT
1	11682339	663	CT
1	11689319	6519	GA
1	11690491	1068	GT
1	11692849	1299	GC
1	11696894	3885	AG
1	11699419	2377	AC
1	11700803	1305	TC
1	11703826	2879	GA
1	11703874	48	GA
1	11706251	2183	GC
1	11714288	7782	CT
1	11715066	778	TC
1	11717366	1632	AG
1	11719297	1136	GA
1	11719854	557	TC
1	11720153	122	GA
1	11721892	1631	TC
1	11724527	2544	CT
1	11725060	533	TG
1	11725113	53	TC
1	11727406	2249	GA
1	11729224	1529	GC
1	11729226	2	CG
1	11731707	2106	CA
1	11736371	3043	AG
1	11740251	3254	GT
1	11740264	13	CG
1	11740394	130	CT
1	11740398	4	TC
1	11740643	245	AG
1	11740848	144	AG
1	11740914	66	GA
1	11741014	100	TG
1	11741676	355	GA
1	11742452	776	GA
1	11743245	502	AG
1	11744232	377	AG
1	11744310	78	AG
1	11745235	202	GA
1	11745884	217	GA
1	11748532	1685	CG
1	11750964	964	GC
1	11751708	417	GA
1	11753921	1579	TC
1	11755678	1480	GA
1	11755831	153	GA
1	11755948	117	AG
1	11756017	69	TA
1	11756817	201	CT
1	11757032	215	CT
1	11757135	103	CA
1	11757190	55	GA
1	11757192	2	CT
1	11757346	154	AG
1	11757526	147	CT
1	11757581	55	CA
1	11757729	148	GA
1	11758068	339	TC
1	11758070	2	TC
1	11765178	4081	CT
1	11765710	360	CT
1	11768342	1678	GA
1	11773733	4249	GA
1	11773848	115	TC
1	11774098	214	TC
1	11777522	3080	AG
1	11780970	3448	TC
1	11781615	645	CT
1	11782109	427	AG
1	11783120	978	TC
1	11783149	29	CT
1	11784208	946	TC
1	11798662	12646	GT
1	11799794	1073	GC
1	11800206	412	CT
1	11803096	2848	CT
1	11803360	264	GT
1	11803492	132	GA
1	11803818	326	CT
1	11804068	250	GC
1	11804075	7	CT
1	11804078	3	AG
1	11804612	259	GA
1	11804637	25	GA
1	11806021	425	AT
1	11806150	129	GA
1	11807291	755	TC
1	11808031	740	TC
1	11808377	346	CT
1	11808593	150	GA
1	11809978	502	CT
1	11810359	381	CT
1	11811009	650	GA
1	11811031	22	AC
1	11811133	102	GC
1	11811802	669	GA
1	11812944	697	AG
1	11813173	229	AG
1	11813188	15	TC
1	11813209	21	CT
1	11813218	9	GA
1	11813226	8	CT
1	11813270	44	AG
1	11813328	58	GA
1	11813777	213	TC
1	11813800	23	TC
1	11814318	106	GC
1	11814920	206	TC
1	11814966	46	TC
1	11815031	65	GA
1	11815140	109	AG
1	11815144	4	AG
1	11815396	252	AG
1	11815429	33	TC
1	11815439	10	TC
1	11815602	163	CT
1	11817109	627	AT
1	11817506	104	CT
1	11817525	19	TC
1	11817800	275	GA
1	11817961	23	CT
1	11818143	182	GA
1	11819156	800	AG
1	11819927	771	TC
1	11821535	768	GA
1	11822148	613	CG
1	11822306	158	TC
1	11822392	86	AG
1	11822549	157	GA
1	11822859	310	GA
1	11823714	417	AG
1	11823739	25	TC
1	11824540	646	TC
1	11825486	946	CT
1	11825599	113	AG
1	11826279	680	GA
1	11827383	1104	AG
1	11827595	212	TC
1	11828894	827	GA
1	11828902	8	CT
1	11829319	417	CG
1	11830010	691	CT
1	11830013	3	TC
1	11830100	62	AC
1	11831870	1052	CA
1	11831871	1	CT
1	11833429	1558	TG
1	11834573	836	TC
1	11835037	464	AG
1	11835340	303	AG
1	11836161	686	GA
1	11836445	284	AG
1	11836571	126	GT
1	11836668	97	TC
1	11836809	141	GA
1	11837725	874	GA
1	11838398	407	CT
1	11838419	21	CT
1	11839666	1081	CT
1	11841405	1515	GA
1	11842233	660	AG
1	11842504	156	GA
1	11842759	255	TC
1	11842760	1	GA
1	11844771	1803	CG
1	11852434	7320	CT
1	11874596	18946	TC
1	11874604	8	CT
1	11878480	2252	CT
1	11885391	4718	TC
1	11891497	6072	CT
1	11894128	1909	CT
1	11915435	19793	AG
1	11918352	2917	CT
1	11927982	8741	GA
1	11928208	226	GA
1	11929318	1029	GA
1	11929808	344	TC
1	11931035	1194	CT
1	11934164	2715	GA
1	11934203	39	TC
1	11935274	1071	CT
1	11936237	963	GT
1	11937587	1350	CT
1	11938058	471	CT
1	11938858	404	AG
1	11940617	1759	GA
1	11941509	892	AG
1	11947100	4993	TC
1	11950230	3130	GA
1	11957197	5443	GA
1	11958100	805	GA
1	11958145	45	CT
1	11958552	407	CT
1	11958791	213	TC
1	11959554	426	TC
1	11960021	467	TC
1	11964027	3643	CT
1	11966465	2278	TC
1	11968117	1577	TC
1	11968324	156	AG
1	11969126	802	GC
1	11969841	715	GA
1	11970151	310	CT
1	11972104	1953	GA
1	11972460	356	CA
1	11974449	1036	CT
1	11974637	188	CT
1	11975826	1189	TC
1	11978808	2829	GA
1	11980601	1758	GT
1	11981726	430	AG
1	11982759	1033	GA
1	11982818	59	GA
1	11983287	254	GA
1	11984978	1354	GA
1	11986143	801	GA
1	11986635	492	CT
1	11987107	472	GA
1	11988988	1682	AG
1	11989045	57	GC
1	11989058	13	GA
1	11989059	1	TA
1	11989115	56	CT
1	11989996	526	TC
1	11990634	638	CT
1	11991761	1127	AG
1	11991889	128	GA
1	11992018	129	GA
1	11992749	428	TC
1	11992849	100	CT
1	11993274	425	CT
1	11993575	301	AG
1	11994139	69	GA
1	11994281	142	AG
1	11994913	600	TC
1	11995074	161	AG
1	11995258	184	CT
1	11995311	53	TC
1	11996485	575	GA
1	11997617	1025	GC
1	11998941	1114	GA
1	11999339	60	AG
1	11999937	598	CT
1	12000530	593	CT
1	12000565	35	CT
1	12000654	89	GA
1	12003298	147	GA
1	12004245	947	CT
1	12005319	1074	TC
1	12006034	715	TC
1	12006242	208	CT
1	12008474	1921	TC
1	12009879	1069	CT
1	12009988	109	AG
1	12011786	1302	AC
1	12011855	69	CT
1	12013343	315	CG
1	12013714	317	CT
1	12013916	202	CT
1	12015610	1344	GA
1	12015646	36	CT
1	12019376	1594	GA
1	12019795	419	TC
1	12020751	260	CT
1	12021779	218	TA
1	12021783	4	GT
1	12021920	137	AG
1	12021950	30	GT
1	12022029	79	CT
1	12023417	1388	CT
1	12023521	104	CT
1	12024443	748	CT
1	12024501	58	GA
1	12024742	241	AC
1	12024933	191	AC
1	12024977	44	CT
1	12024992	15	TC
1	12025124	132	TC
1	12025334	210	CT
1	12025403	69	CT
1	12025643	185	TA
1	12025646	3	AG
1	12025683	37	TC
1	12025816	133	GA
1	12026275	23	CG
1	12026276	1	TA
1	12026340	64	TC
1	12026433	93	GC
1	12026442	9	CT
1	12026504	62	TC
1	12026603	99	AC
1	12026632	29	GA
1	12026748	116	CT
1	12027368	471	GA
1	12027395	27	AG
1	12027588	193	GC
1	12027605	17	GC
1	12027637	32	GA
1	12028031	394	CT
1	12028085	54	CT
1	12028567	216	TC
1	12028875	277	CT
1	12029176	204	GA
1	12029329	153	AG
1	12029405	76	CT
1	12030755	936	CT
1	12031212	457	CT
1	12031223	11	TC
1	12031230	7	GA
1	12031443	213	GA
1	12031661	218	TC
1	12031955	294	CT
1	12031960	5	CG
1	12031977	17	AG
1	12032684	707	GA
1	12032714	30	TC
1	12033205	491	AG
1	12033209	4	TC
1	12033466	257	CT
1	12033643	177	TC
1	12033666	23	GA
1	12033670	4	GA
1	12033789	119	TC
1	12036022	1223	TC
1	12038751	1168	GA
1	12039172	421	GA
1	12040006	733	AG
1	12040047	41	AC
1	12040841	794	AG
1	12040850	9	GA
1	12040943	93	GA
1	12040947	4	TA
1	12040987	40	TG
1	12041040	53	CT
1	12042156	325	GA
1	12042261	105	CT
1	12042764	503	CG
1	12043438	674	GA
1	12043815	377	GA
1	12043818	3	CT
1	12044427	609	AG
1	12044460	33	GA
1	12044474	14	TC
1	12044522	48	GA
1	12044526	4	GA
1	12044978	452	CT
1	12045591	613	GA
1	12045778	187	GA
1	12045885	107	CT
1	12046344	345	AT
1	12046962	509	TA
1	12046997	35	GA
1	12047017	20	AG
1	12047177	160	GA
1	12047546	369	TC
1	12047690	144	AG
1	12047952	262	CT
1	12048014	62	GC
1	12048371	357	CT
1	12048384	13	TC
1	12048433	49	GA
1	12048855	422	CT
1	12049601	746	TA
1	12049705	104	GA
1	12049960	255	TC
1	12050730	770	CT
1	12050983	253	GA
1	12051788	805	AG
1	12054033	2226	GA
1	12054917	857	AC
1	12055466	549	TC
1	12056674	980	TA
1	12057459	785	AG
1	12057584	125	GA
1	12057651	67	CT
1	12058824	1173	AC
1	12059276	452	AG
1	12061401	1758	TC
1	12061760	172	TC
1	12063822	2015	TC
1	12064655	833	CT
1	12064668	13	CG
1	12064766	98	CT
1	12064965	199	TC
1	12066229	955	TA
1	12066652	423	AT
1	12066721	69	AG
1	12067461	740	TC
1	12069224	1253	AC
1	12072777	2337	TG
1	12076211	3212	GA
1	12076970	759	CT
1	12077486	516	CT
1	12077614	128	GC
1	12077954	340	AG
1	12079800	1306	CT
1	12080518	718	CT
1	12080839	321	TC
1	12081258	419	CA
1	12083477	2097	GA
1	12083715	238	AG
1	12085256	1541	TC
1	12085327	71	CT
1	12085589	262	CA
1	12086918	1329	AG
1	12086919	1	CT
1	12087232	313	CA
1	12087872	640	GT
1	12087905	33	AG
1	12088401	496	GA
1	12089037	636	AG
1	12090299	615	GA
1	12090509	210	AG
1	12091656	1147	CT
1	12093402	1376	AG
1	12093405	3	CG
1	12093938	533	CT
1	12096464	1378	TC
1	12097615	899	CA
1	12097828	213	CT
1	12098053	225	CT
1	12098064	11	AG
1	12099570	991	TG
1	12099651	81	GT
1	12102934	2521	AG
1	12105408	1528	GA
1	12106060	448	GA
1	12107121	874	CT
1	12109372	1843	CT
1	12109500	128	CT
1	12109633	133	GA
1	12109648	15	GA
1	12110756	395	CT
1	12111167	411	GC
1	12111275	108	TG
1	12112156	562	CT
1	12113197	1041	AG
1	12114995	1296	GC
1	12116177	1182	CT
1	12122248	4409	AG
1	12123094	846	TA
1	12124695	1560	AG
1	12124745	50	TC
1	12125921	797	GA
1	12126867	189	AG
1	12126928	61	AG
1	12126994	66	TC
1	12127028	34	GA
1	12127181	153	GC
1	12127559	106	AG
1	12127787	228	CT
1	12127875	88	CT
1	12128099	224	CT
1	12128678	306	CT
1	12128707	29	CG
1	12128713	6	CT
1	12128731	18	AG
1	12128884	153	CT
1	12129455	571	GA
1	12129574	119	GA
1	12129590	16	GT
1	12131863	1817	CT
1	12132088	225	AG
1	12132882	794	AG
1	12133158	246	CT
1	12133163	5	CG
1	12133284	121	AG
1	12133343	59	GA
1	12133617	274	GC
1	12133937	320	CG
1	12136144	2098	GT
1	12138485	2040	CT
1	12141092	1858	GA
1	12141467	326	AG
1	12143725	2219	GA
1	12144804	1079	CG
1	12145093	289	CT
1	12145637	312	GA
1	12146778	1141	CT
1	12148871	1032	AG
1	12150410	1364	GA
1	12151132	685	TG
1	12152326	1194	CA
1	12153624	1298	AG
1	12153691	67	CT
1	12153792	101	GA
1	12153998	206	AG
1	12154025	27	AG
1	12154519	494	TC
1	12154755	236	TC
1	12155387	632	CT
1	12156134	747	AG
1	12156626	492	GA
1	12157743	1117	AC
1	12158215	472	CT
1	12160560	1389	TC
1	12161501	635	CT
1	12165695	3348	TC
1	12165883	188	TC
1	12168263	1688	AT
1	12169101	838	CT
1	12170800	1699	CT
1	12171007	207	CG
1	12172083	954	GA
1	12173069	986	TC
1	12174533	1464	AG
1	12175302	543	GA
1	12175468	166	TC
1	12178026	2027	GC
1	12178212	120	GA
1	12179004	792	GT
1	12179402	398	TC
1	12180049	647	TC
1	12180655	606	GA
1	12181736	671	CG
1	12181821	85	TG
1	12182003	182	AG
1	12182782	531	CG
1	12183513	457	AG
1	12183623	110	CT
1	12183704	81	GC
1	12183871	167	AG
1	12184308	437	CG
1	12184830	522	GA
1	12184864	34	CT
1	12184896	32	TC
1	12184958	62	CG
1	12185582	624	TC
1	12185595	13	CT
1	12185625	30	GA
1	12185794	169	AG
1	12185867	73	CT
1	12185868	1	AG
1	12186071	203	CT
1	12186480	284	GA
1	12186572	92	GA
1	12186719	147	GA
1	12186843	124	GA
1	12186935	92	GA
1	12187091	156	GA
1	12188149	475	TC
1	12188211	62	CA
1	12188485	274	CT
1	12188625	140	TC
1	12188692	67	AG
1	12189101	409	AC
1	12189194	93	GA
1	12189801	607	AG
1	12193497	3549	AG
1	12195900	2403	GA
1	12200590	4690	GA
1	12217292	14722	CG
1	12217618	326	CT
1	12217719	101	CT
1	12217769	50	CA
1	12217952	183	GA
1	12218022	70	CT
1	12218045	23	AC
1	12218194	149	AT
1	12218495	301	TC
1	12218517	22	CT
1	12218715	198	AC
1	12218900	185	TC
1	12222004	2670	GA
1	12223165	1142	GC
1	12224566	1169	CT
1	12225195	629	GT
1	12225597	402	GA
1	12226299	702	CT
1	12226342	43	CT
1	12226645	303	CA
1	12227746	894	GA
1	12232011	4026	TC
1	12233109	1098	AG
1	12237184	3193	CT
1	12237488	304	CG
1	12237499	11	GA
1	12239645	1616	AC
1	12240297	652	GT
1	12240560	263	GC
1	12241226	666	CT
1	12241471	245	CT
1	12242454	664	CA
1	12242744	290	CT
1	12243790	380	GC
1	12243808	18	AG
1	12243927	119	GC
1	12244460	533	AG
1	12245127	667	AG
1	12245334	207	CT
1	12245964	188	TC
1	12246592	628	AG
1	12246644	52	TC
1	12246899	255	AC
1	12248261	1098	TC
1	12248964	212	AG
1	12249375	283	AG
1	12250150	775	CT
1	12250571	387	TC
1	12253243	2648	TC
1	12253295	52	GT
1	12254754	1459	GA
1	12255614	617	AT
1	12257092	1478	GA
1	12261799	4330	AG
1	12266251	1148	GC
1	12269961	3467	TC
1	12271390	1429	CT
1	12276137	1549	CT
1	12276180	43	AG
1	12276300	120	AG
1	12276690	390	CT
1	12277119	429	TC
1	12277392	273	CA
1	12277496	104	GA
1	12277576	80	CG
1	12277583	7	AC
1	12277823	240	TC
1	12278409	201	TC
1	12278932	523	GA
1	12279026	94	GT
1	12279030	4	GA
1	12279087	57	CG
1	12279114	27	CT
1	12279252	138	CT
1	12279337	85	GA
1	12279842	505	AT
1	12280001	159	AG
1	12280118	117	GA
1	12280214	96	TC
1	12280235	21	AG
1	12280310	75	GA
1	12280931	223	AG
1	12287857	6458	CT
1	12290795	2271	CT
1	12290861	66	TC
1	12291049	188	CT
1	12291105	56	TA
1	12291232	127	CT
1	12293753	2238	AC
1	12293757	4	TC
1	12294993	1236	AG
1	12295160	167	CA
1	12295251	91	GA
1	12297423	2133	CT
1	12297909	486	CT
1	12298065	156	AG
1	12298242	177	CT
1	12298685	443	CT
1	12298966	281	CT
1	12299175	209	TC
1	12299178	3	TC
1	12300085	884	CA
1	12300198	113	GA
1	12300651	453	TC
1	12301151	500	TC
1	12301345	194	TC
1	12301745	400	TG
1	12302013	268	GA
1	12302039	26	TG
1	12302072	33	CT
1	12302208	136	TC
1	12302477	269	TC
1	12302819	168	CG
1	12302835	16	CT
1	12302843	8	AG
1	12303398	555	GA
1	12303768	297	AG
1	12303844	76	CT
1	12320446	11266	CT
1	12356525	32826	TA
1	12359936	3411	CT
1	12364491	4397	GA
1	12366780	2105	AG
1	12377650	10404	TC
1	12382377	4170	AT
1	12385380	2681	TC
1	12387836	2009	GC
1	12388126	290	AG
1	12388132	6	TC
1	12388169	37	TC
1	12388366	197	CG
1	12388670	304	AG
1	12389005	335	TG
1	12390385	1332	AG
1	12392975	2519	GA
1	12394790	1757	TC
1	12395316	526	CT
1	12395464	148	TC
1	12397222	1351	GA
1	12397754	532	AG
1	12400882	3079	TC
1	12401191	309	TC
1	12401243	52	TC
1	12401454	211	GA
1	12401849	395	CA
1	12401984	135	CT
1	12402008	24	AG
1	12402448	440	GA
1	12402776	328	CA
1	12403428	652	TA
1	12403429	1	CT
1	12403497	68	GA
1	12403548	51	GC
1	12403641	93	CT
1	12403672	31	CG
1	12403796	124	CA
1	12403916	120	CA
1	12404081	165	AG
1	12404502	421	CT
1	12405544	1042	AT
1	12405619	75	AG
1	12405647	28	CT
1	12405685	38	CT
1	12406418	733	CT
1	12406572	154	AG
1	12407017	445	GA
1	12407813	646	CT
1	12407859	46	GA
1	12408210	351	GA
1	12408264	54	GA
1	12408996	732	CT
1	12409171	175	GA
1	12409405	82	CT
1	12409424	19	GA
1	12409426	2	GA
1	12409710	284	AC
1	12409917	207	CT
1	12410020	103	GA
1	12410251	231	GT
1	12412383	1214	CT
1	12412515	132	GT
1	12412759	244	CT
1	12412906	147	CT
1	12413148	242	GA
1	12413479	305	CT
1	12415142	1214	CG
1	12415646	504	TC
1	12416358	618	GA
1	12422678	3597	GA
1	12422884	206	CG
1	12423961	1077	CT
1	12424659	698	GA
1	12426526	1867	GA
1	12426542	16	GA
1	12429331	2692	TC
1	12429665	334	CT
1	12429673	8	GA
1	12431972	2021	GA
1	12432017	45	AG
1	12433136	1119	GA
1	12433422	286	GC
1	12434494	1072	TC
1	12437249	2488	TC
1	12437872	623	AC
1	12437960	88	AG
1	12438054	94	TC
1	12438978	924	TC
1	12439100	122	CT
1	12439859	759	CT
1	12441051	1192	CT
1	12441343	292	CT
1	12441768	425	TC
1	12441859	91	GA
1	12441916	57	AG
1	12442558	642	CA
1	12442584	26	AG
1	12442629	45	TC
1	12442716	87	AG
1	12442735	19	TC
1	12443928	1158	GA
1	12445369	1402	GT
1	12448480	3031	GA
1	12451969	3236	CT
1	12455430	2920	GA
1	12455851	421	AG
1	12456313	462	GA
1	12462685	2054	TG
1	12463237	552	TC
1	12463264	27	CT
1	12463947	683	AG
1	12464119	172	CT
1	12464165	46	GA
1	12464176	11	AG
1	12465096	529	TC
1	12465159	63	GA
1	12465320	128	CT
1	12465415	95	CA
1	12465448	33	CT
1	12465715	230	CT
1	12465807	92	CT
1	12465911	104	GA
1	12466204	293	TC
1	12466902	698	TC
1	12466956	54	CA
1	12467267	311	AG
1	12467275	8	AG
1	12467561	286	CT
1	12467567	6	CT
1	12467818	251	TC
1	12467846	28	GA
1	12467919	73	GA
1	12468446	166	GT
1	12468587	141	CT
1	12469292	655	GT
1	12469763	471	CT
1	12469792	29	GA
1	12471175	631	AT
1	12495728	19711	GA
1	12503959	7226	AG
1	12504550	591	GA
1	12504804	254	CG
1	12505256	452	GA
1	12506214	958	CT
1	12507225	580	TC
1	12508280	1055	AG
1	12511348	3068	CT
1	12511428	80	CA
1	12513283	1758	CA
1	12516290	2638	GA
1	12517496	939	GA
1	12520733	1630	TG
1	12521503	317	AT
1	12521734	189	AC
1	12522187	265	CT
1	12522549	362	CT
1	12522564	15	AG
1	12522971	407	AG
1	12523899	881	TC
1	12524049	150	GA
1	12524690	641	CT
1	12524697	7	CT
1	12524946	249	CT
1	12525351	405	AG
1	12525601	250	TG
1	12526474	873	AG
1	12527176	702	AG
1	12528344	1082	GA
1	12528702	358	CT
1	12528956	254	TG
1	12528994	38	AG
1	12529317	323	CT
1	12529423	106	TC
1	12529508	85	CT
1	12529893	385	AG
1	12536651	3423	CT
1	12537963	1312	CT
1	12538398	435	AG
1	12541948	2972	AG
1	12542126	178	TC
1	12542302	176	AG
1	12542337	35	TC
1	12542726	389	CT
1	12542731	5	TG
1	12543327	596	CT
1	12544685	1263	CG
1	12544854	169	TC
1	12546639	1631	AG
1	12546786	147	AG
1	12547071	285	GT
1	12547551	409	TC
1	12547929	378	CT
1	12549003	996	GC
1	12550387	1384	GC
1	12551814	1168	GA
1	12552188	374	GT
1	12552227	39	CT
1	12552232	5	CT
1	12553266	1014	TA
1	12553270	4	CG
1	12553379	109	AG
1	12553390	11	TC
1	12553732	251	TG
1	12554243	417	CG
1	12554802	509	CA
1	12554877	75	CT
1	12556111	91	CT
1	12556187	76	TC
1	12558001	731	GC
1	12558443	49	TC
1	12558813	104	CT
1	12558925	112	TC
1	12559002	77	AG
1	12560092	1090	CT
1	12560677	585	GC
1	12560740	63	GA
1	12560881	141	AG
1	12560992	111	CG
1	12561236	244	CT
1	12561299	63	GA
1	12561366	67	TC
1	12561411	45	GA
1	12561690	170	TA
1	12561695	5	AG
1	12561763	68	TG
1	12561766	3	AG
1	12563949	1345	TC
1	12565075	764	CT
1	12565987	676	CT
1	12566350	363	CT
1	12568025	1341	CG
1	12570022	1997	CT
1	12571522	1500	GA
1	12571605	49	CT
1	12571866	261	CT
1	12573399	1489	CT
1	12577064	3052	CT
1	12578716	1467	GC
1	12579918	1111	CT
1	12582571	2360	GA
1	12601393	16189	CT
1	12602015	622	CA
1	12603814	1480	AT
1	12611016	6397	CT
1	12611753	707	GT
1	12612562	233	CT
1	12620058	6340	GA
1	12623939	3473	CT
1	12624404	465	CT
1	12628864	3784	GA
1	12633358	2821	CT
1	12633850	492	TC
1	12637724	2744	GA
1	12644481	6321	GA
1	12644610	129	CT
1	12646183	1375	GT
1	12650327	3650	GA
1	12650751	424	CT
1	12651012	261	GA
1	12652451	1418	GA
1	12655254	2564	GA
1	12655257	3	TC
1	12655924	419	CT
1	12655931	7	CA
1	12656113	182	CT
1	12656205	92	AG
1	12656945	607	CT
1	12657223	278	AG
1	12657281	58	CT
1	12657370	89	TG
1	12657656	286	GT
1	12657928	272	AG
1	12658985	518	AC
1	12659207	222	TC
1	12659730	523	TC
1	12659790	60	GA
1	12662236	1564	GA
1	12662244	8	GC
1	12662868	624	GA
1	12667824	4604	CT
1	12668004	180	AG
1	12670728	2686	GC
1	12671806	694	CT
1	12672120	314	TG
1	12672310	190	AG
1	12675458	1819	GA
1	12677344	1611	GA
1	12678557	576	GT
1	12678590	33	GA
1	12679090	328	GA
1	12679365	275	CT
1	12679817	400	CT
1	12679819	2	CT
1	12680456	637	TC
1	12680876	420	CT
1	12683056	1816	GA
1	12685649	1925	CA
1	12686791	1142	GT
1	12688762	1942	GA
1	12689479	439	GT
1	12691299	1628	CT
1	12691762	446	CT
1	12691863	101	AG
1	12691876	13	GA
1	12691886	10	CT
1	12692140	254	GA
1	12692186	46	CT
1	12692433	247	AG
1	12693241	599	GA
1	12699889	5151	AG
1	12702469	1760	AG
1	12703476	1007	TC
1	12706059	2010	GT
1	12706962	773	AG
1	12707664	702	AG
1	12708800	1136	GA
1	12708820	20	TC
1	12709778	958	AG
1	12710346	363	AT
1	12711091	745	AT
1	12711120	29	GC
1	12711778	658	CT
1	12714336	1931	CA
1	12714533	197	CT
1	12718591	3337	TG
1	12719261	670	CT
1	12719900	639	CT
1	12720854	468	GA
1	12721119	265	TC
1	12721930	652	GA
1	12724709	2099	CT
1	12725494	481	GT
1	12725737	243	CT
1	12727346	1564	TC
1	12728296	634	CT
1	12728748	452	GA
1	12728968	220	CT
1	12729177	163	AG
1	12730449	1272	GA
1	12731594	1145	GC
1	12732577	983	AG
1	12732846	247	TC
1	12732865	19	CT
1	12733755	890	TC
1	12734098	343	CT
1	12735373	978	GA
1	12736308	935	CT
1	12736673	365	GC
1	12736802	129	TC
1	12737132	330	CA
1	12737817	685	CA
1	12737894	77	AG
1	12738175	281	GA
1	12738453	278	GT
1	12739117	664	GA
1	12739134	17	AG
1	12739643	509	TC
1	12739851	208	GA
1	12740123	272	AG
1	12741412	1255	CT
1	12743472	2026	CT
1	12743518	46	CT
1	12746505	2594	GA
1	12747320	815	CT
1	12751573	3429	CT
1	12754308	1724	AC
1	12755108	571	CT
1	12755124	16	GA
1	12755806	515	GA
1	12757129	1168	TC
1	12757202	73	GA
1	12757208	6	GC
1	12757549	341	TC
1	12758130	581	TC
1	12761215	2513	GA
1	12761701	486	AG
1	12763186	1485	CA
1	12765484	1511	AG
1	12767237	1267	CT
1	12768607	739	CT
1	12771175	2182	AG
1	12771697	414	TC
1	12771772	75	GA
1	12771779	7	CA
1	12772123	344	AG
1	12772317	194	GA
1	12772739	422	AG
1	12773016	277	GT
1	12773260	244	GA
1	12773830	570	AG
1	12774076	246	AT
1	12775251	1153	GC
1	12775309	58	GA
1	12778946	2105	GA
1	12779221	275	GA
1	12779970	424	CT
1	12781474	909	TC
1	12781498	24	CA
1	12781775	277	GA
1	12782015	70	GA
1	12782520	176	CT
1	12782922	402	AG
1	12782925	3	GA
1	12783141	216	TC
1	12783192	51	AG
1	12783218	26	GA
1	12783286	68	TC
1	12783550	264	CT
1	12783726	176	CG
1	12783935	209	TG
1	12783974	39	GA
1	12784005	31	AG
1	12784593	588	AG
1	12784836	243	AC
1	12784837	1	GA
1	12785117	280	GA
1	12785201	84	CA
1	12785799	273	GA
1	12786000	201	CG
1	12786059	59	TC
1	12786239	180	CT
1	12787339	498	CA
1	12788571	1232	GA
1	12788724	153	GA
1	12788862	138	CT
1	12789473	318	CT
1	12789753	280	CT
1	12790106	353	GA
1	12790427	321	TC
1	12792696	1525	AG
1	12793436	740	CA
1	12796179	1593	AG
1	12796494	315	GA
1	12797078	555	GA
1	12797663	499	AG
1	12798452	789	CT
1	12798714	262	AG
1	12800948	1768	GA
1	12804461	3130	CT
1	12806315	1569	AC
1	12806616	301	CG
1	12807846	1230	CT
1	12807915	69	CG
1	12808871	956	CT
1	12813161	4206	GA
1	12813433	272	AG
1	12814978	1420	AC
1	12818589	3322	AG
1	12818590	1	CA
1	12820835	933	AC
1	12822023	876	CG
1	12822264	241	GC
1	12822818	446	CT
1	12823021	168	CT
1	12823983	680	AC
1	12825703	1394	TC
1	12825704	1	CG
1	12825745	41	GC
1	12826137	392	GA
1	12826484	347	TC
1	12826807	323	CT
1	12827422	615	GA
1	12827813	391	CT
1	12827830	17	CT
1	12829753	1923	GC
1	12830003	250	CT
1	12830096	93	GA
1	12830397	301	GA
1	12831264	795	AG
1	12831283	19	CA
1	12833222	1850	TC
1	12833327	105	CT
1	12834141	510	AG
1	12834923	782	TC
1	12834984	61	CA
1	12835016	32	GC
1	12837506	689	CT
1	12837723	136	CA
1	12837759	36	GC
1	12838000	241	CT
1	12839610	1153	CT
1	12839611	1	CG
1	12839698	87	AG
1	12839715	17	CG
1	12840563	848	CT
1	12840589	26	GA
1	12841714	700	CT
1	12844786	1958	TC
1	12844887	101	GA
1	12844952	65	CT
1	12846617	1195	GA
1	12848875	1026	AG
1	12848899	24	GA
1	12848937	38	GC
1	12848970	33	CT
1	12849757	787	GA
1	12850806	731	TC
1	12852502	576	CT
1	12852644	142	AG
1	12853046	402	GA
1	12853082	36	TA
1	12855554	583	CT
1	12855953	399	GA
1	12857490	950	AC
1	12857544	54	CG
1	12858238	694	GA
1	12858921	683	CT
1	12859116	195	CT
1	12863527	3770	TG
1	12865327	1800	TC
1	12866570	1206	GA
1	12866996	426	CT
1	12867282	249	GA
1	12867585	303	GC
1	12870307	2682	GA
1	12870962	655	AG
1	12872577	1615	GC
1	12872863	286	AG
1	12878442	5332	GA
1	12883045	4222	AC
1	12883879	834	AG
1	12884224	345	GA
1	12885864	1357	CG
1	12886555	691	GA
1	12888311	1756	AT
1	12890830	2398	AG
1	12894444	3417	GA
1	12895202	758	AC
1	12897266	2018	CG
1	12899156	1890	CT
1	12900693	1139	CT
1	12900807	114	TC
1	12902475	1343	TC
1	12905605	2751	TC
1	12905680	75	GA
1	12908043	2276	TC
1	12908632	589	CG
1	12909812	1024	GC
1	12917248	7018	CG
1	12920127	2783	TC
1	12921882	1755	GA
1	12922082	200	GC
1	12923284	1202	GA
1	12926874	2651	CT
1	12928855	1956	CT
1	12931453	1850	CT
1	12933647	1803	AG
1	12933824	177	CT
1	12933870	46	GA
1	12936684	1936	GT
1	12936781	97	CT
1	12936796	15	AG
1	12936953	157	TC
1	12937503	155	TA
1	12937582	79	CG
1	12937643	61	TG
1	12938150	507	CT
1	12941005	1036	CT
1	12941165	160	CT
1	12941570	405	AG
1	12942655	1085	AC
1	12943065	410	AG
1	12943121	56	GC
1	12943153	32	AG
1	12943163	10	CT
1	12943259	96	TA
1	12943435	176	TC
1	12944863	1245	TC
1	12946468	1366	AG
1	12947153	491	TC
1	12947185	32	GA
1	12951071	1803	GT
1	12954239	2054	CA
1	12954875	309	AG
1	12954949	74	CG
1	12954977	28	TC
1	12955690	713	CT
1	12955967	277	GA
1	12958106	1559	CT
1	12958155	49	GA
1	12960220	1617	GC
1	12960569	349	GA
1	12961801	797	TC
1	12962581	440	CT
1	12962962	381	GA
1	12963731	769	CT
1	12963947	216	AC
1	12964810	863	AG
1	12966957	2029	TC
1	12966989	32	AT
1	12967264	24	AG
1	12967325	61	CT
1	12969030	1705	AC
1	12969043	13	GC
1	12969917	774	CT
1	12970491	451	CT
1	12974948	4105	GA
1	12978304	3318	GA
1	12982866	980	TC
1	12984253	1387	CT
1	12985096	843	CT
1	12985367	271	CT
1	12986106	739	GA
1	12986449	343	TA
1	12986983	534	GA
1	12988414	1329	GA
1	12988681	267	AG
1	12989140	459	GA
1	12989160	20	CT
1	12989595	435	CT
1	12991089	1494	CT
1	12991757	668	GC
1	12991876	119	TC
1	12992644	705	CG
1	12992662	18	GA
1	12992705	43	GC
1	12992765	60	CT
1	12993348	583	AC
1	12997095	3198	TG
1	12997169	74	AG
1	12997284	115	CT
1	12997410	126	TC
1	12998092	394	GT
1	12998803	674	GT
1	12999052	209	TC
1	12999290	238	AT
1	12999325	35	AG
1	12999945	284	CT
1	13010889	2605	AT
1	13012353	713	GC
1	13012368	15	TC
1	13012421	53	CA
1	13012901	480	TC
1	13012935	34	CG
1	13013008	73	CA
1	13013106	98	GA
1	13013141	35	AG
1	13013440	214	CT
1	13014114	674	CT
1	13014307	153	CT
1	13014400	93	GA
1	13014541	141	TC
1	13014710	169	AG
1	13014879	169	AG
1	13015441	562	TC
1	13018803	3010	TC
1	13019124	321	CT
1	13019359	235	CT
1	13019737	359	CT
1	13020019	242	CT
1	13020558	110	TC
1	13023503	2515	GA
1	13023699	196	CT
1	13024120	421	TC
1	13025244	1124	GC
1	13026667	804	GA
1	13026845	178	GC
1	13027235	390	TC
1	13027260	25	GA
1	13027429	169	CT
1	13027469	40	TC
1	13027546	77	CG
1	13027804	258	CA
1	13028025	221	GA
1	13028084	59	CT
1	13029059	700	GA
1	13029752	429	GA
1	13030958	250	GA
1	13031598	329	TG
1	13031846	186	CT
1	13032488	609	CG
1	13032881	393	CT
1	13032886	5	CA
1	13032928	42	AG
1	13033141	213	TC
1	13033274	133	TC
1	13033305	31	GA
1	13033603	103	GA
1	13033688	85	CT
1	13034212	524	CT
1	13035108	496	CA
1	13036425	1289	GA
1	13036512	87	GA
1	13036958	426	AG
1	13037806	344	GA
1	13037831	25	GT
1	13037897	66	GA
1	13037996	99	AG
1	13038037	41	CT
1	13038239	202	GA
1	13038378	139	GT
1	13038385	7	CT
1	13038542	38	TC
1	13038652	110	CT
1	13038672	20	CT
1	13038816	144	GA
1	13038817	1	TG
1	13038915	98	GA
1	13038956	41	GA
1	13039029	73	CT
1	13039103	74	GA
1	13039135	32	TC
1	13039464	329	GT
1	13039504	40	CG
1	13039690	186	CT
1	13039771	81	CT
1	13039807	36	AC
1	13039839	32	CG
1	13039891	52	CG
1	13039896	5	CG
1	13039899	3	CT
1	13040216	317	CT
1	13040234	18	CT
1	13040250	16	CG
1	13040287	37	CT
1	13040352	65	GC
1	13040356	4	TG
1	13040386	30	CT
1	13040538	152	GA
1	13040603	65	GA
1	13040605	2	AG
1	13040686	81	GA
1	13040805	119	CT
1	13041223	418	GT
1	13041986	763	GA
1	13042011	25	GC
1	13042017	6	CT
1	13042127	110	GA
1	13042294	167	GC
1	13042612	318	CT
1	13043366	656	CT
1	13043410	44	GA
1	13043478	68	CT
1	13043798	134	CT
1	13043801	3	TC
1	13043882	81	CT
1	13043913	31	AC
1	13043963	50	GA
1	13044005	42	TC
1	13044030	25	CT
1	13044059	29	GA
1	13044944	258	GA
1	13045006	62	CT
1	13045034	28	CT
1	13046602	1016	CT
1	13046844	242	GA
1	13048016	635	GA
1	13048523	507	CT
1	13050335	1290	CT
1	13051544	1209	CT
1	13051665	121	GC
1	13052158	493	AC
1	13053682	1285	AG
1	13053689	7	GA
1	13056499	2515	CT
1	13057858	1000	TA
1	13058145	287	AG
1	13058469	324	GA
1	13059276	807	TC
1	13059733	276	GA
1	13059866	133	CG
1	13059868	2	CT
1	13060303	143	GA
1	13063683	2142	AG
1	13064082	399	GA
1	13066609	2490	CG
1	13067602	993	CT
1	13069007	1371	GC
1	13071226	1519	GA
1	13071227	1	TG
1	13071772	280	TC
1	13071838	66	AG
1	13072245	407	GA
1	13072376	131	AG
1	13072545	169	GA
1	13072547	2	AG
1	13072646	99	CA
1	13072691	45	TC
1	13072989	298	AG
1	13073018	29	CT
1	13073568	550	TC
1	13073626	58	CA
1	13073643	17	CT
1	13073683	40	CT
1	13073732	49	CT
1	13073736	4	TC
1	13074197	461	CA
1	13076336	978	CT
1	13076349	13	AG
1	13077398	1011	GA
1	13077495	97	GA
1	13083399	3638	GA
1	13083603	204	CT
1	13085268	1156	GA
1	13086160	892	CT
1	13089212	2509	TC
1	13089627	415	AG
1	13089665	38	TC
1	13089984	319	GC
1	13090152	168	TG
1	13090161	9	GA
1	13090211	50	TC
1	13090243	32	GA
1	13091193	495	CT
1	13092362	605	TC
1	13092434	72	GA
1	13093522	1063	TC
1	13094029	507	AG
1	13094998	874	GA
1	13099033	3908	AG
1	13099130	97	TA
1	13099357	227	CT
1	13099476	119	GA
1	13100500	970	TC
1	13101769	654	TC
1	13101859	90	GA
1	13101880	21	CT
1	13102379	266	TC
1	13102798	419	AG
1	13102812	14	TC
1	13102882	70	CT
1	13102981	99	GA
1	13103036	55	TC
1	13103159	123	TC
1	13104535	1166	GA
1	13104983	448	GT
1	13104995	12	CT
1	13105007	12	GA
1	13105018	11	AG
1	13105175	92	TA
1	13105187	12	CT
1	13105193	6	AG
1	13105248	55	AG
1	13105282	34	TC
1	13105483	201	GA
1	13105527	44	GA
1	13105642	115	CT
1	13105819	177	AC
1	13105876	57	AG
1	13106044	168	CA
1	13106156	112	GC
1	13106188	32	CT
1	13106479	291	GA
1	13106509	30	CT
1	13107978	1469	AG
1	13108036	58	AG
1	13108041	5	GA
1	13108079	38	GC
1	13108096	17	GA
1	13108113	17	GC
1	13108183	70	TC
1	13108426	243	AG
1	13108441	15	TC
1	13108560	119	TC
1	13108561	1	GA
1	13108639	78	GA
1	13108653	14	GA
1	13108657	4	CT
1	13108791	134	CT
1	13108803	12	CG
1	13109429	626	CG
1	13109467	38	CT
1	13109625	158	TG
1	13109795	170	CT
1	13109857	62	AG
1	13109875	18	CT
1	13109926	51	GA
1	13109985	59	TC
1	13110628	606	GA
1	13110699	71	GA
1	13110708	9	GA
1	13110717	9	GA
1	13110850	133	GA
1	13110855	5	CT
1	13111133	278	CT
1	13111230	97	CT
1	13111652	422	CT
1	13112264	394	AG
1	13112556	292	GA
1	13112748	192	TC
1	13112939	191	CA
1	13113011	72	GA
1	13113202	191	CT
1	13113218	16	AG
1	13113232	14	CT
1	13113693	461	AG
1	13114367	653	CT
1	13115685	1318	GA
1	13116291	606	CT
1	13116537	246	CT
1	13116880	27	CT
1	13117135	53	GA
1	13117144	9	CT
1	13117183	39	GA
1	13117235	52	AG
1	13117245	10	GA
1	13117251	6	GC
1	13117466	75	GC
1	13117478	12	CT
1	13117735	64	GA
1	13117739	4	GT
1	13117761	22	GA
1	13117796	35	GA
1	13117890	94	AG
1	13118252	55	TC
1	13118268	16	TC
1	13118345	77	CT
1	13118355	10	GA
1	13118603	23	GA
1	13118644	41	GA
1	13118912	268	CT
1	13119572	576	TC
1	13119768	196	GT
1	13119813	45	AG
1	13120056	243	GA
1	13120149	93	CT
1	13120167	18	GA
1	13120189	22	TC
1	13120246	57	AG
1	13120387	141	CT
1	13120445	58	CT
1	13120496	51	AG
1	13120501	5	CT
1	13120504	3	AT
1	13120573	69	CT
1	13121128	365	GT
1	13121156	28	CT
1	13121887	456	CT
1	13121902	15	CT
1	13121928	26	TC
1	13121956	28	CG
1	13121961	5	CT
1	13122451	199	GA
1	13122613	162	TC
1	13122795	182	AG
1	13123003	208	CT
1	13123101	98	CT
1	13123139	38	CT
1	13123149	10	CG
1	13123273	124	CT
1	13123312	39	AC
1	13123334	22	GA
1	13123369	35	CT
1	13123454	85	AG
1	13123476	22	GA
1	13123479	3	TC
1	13123530	51	GA
1	13123534	4	CT
1	13123549	15	GA
1	13123668	119	GT
1	13123769	101	AG
1	13124083	314	GA
1	13124475	392	AG
1	13124893	418	CG
1	13125170	277	AG
1	13125436	266	AG
1	13126277	724	CT
1	13126569	292	AT
1	13126751	182	GA
1	13126776	25	GA
1	13127948	1172	GA
1	13130041	1758	GC
1	13132622	2073	GC
1	13132692	70	GA
1	13132850	158	AG
1	13133346	283	CT
1	13134125	779	TC
1	13134400	275	CT
1	13134841	441	AG
1	13136549	1277	CT
1	13137735	1186	GA
1	13138579	563	CT
1	13139453	828	TC
1	13139942	489	AG
1	13140028	86	GA
1	13140604	576	CT
1	13141587	864	CT
1	13142361	548	CT
1	13144699	1833	CT
1	13145415	464	TC
1	13148762	2388	TC
1	13150190	1428	AG
1	13150760	570	TC
1	13154305	3446	CT
1	13159309	2905	AG
1	13160212	652	GA
1	13163972	3091	AG
1	13164264	292	CT
1	13164634	370	AG
1	13164952	318	CT
1	13165078	126	AG
1	13169166	3521	GT
1	13171690	2180	CT
1	13174805	2609	CT
1	13175145	340	CT
1	13176668	1523	CT
1	13176683	15	TG
1	13176711	28	AG
1	13177512	248	TC
1	13177586	74	CT
1	13177632	46	GA
1	13177710	78	CT
1	13177717	7	AG
1	13177843	126	CT
1	13177903	60	TC
1	13177910	7	TA
1	13177943	33	CT
1	13178116	173	GC
1	13178174	58	GT
1	13178513	339	TC
1	13178581	68	AG
1	13178643	62	CG
1	13178794	151	GA
1	13179112	211	CT
1	13179205	93	GA
1	13179223	18	AG
1	13179493	270	GA
1	13180408	634	TC
1	13181570	430	GA
1	13181592	22	AG
1	13181979	387	CT
1	13182125	146	AG
1	13182135	10	AG
1	13182285	150	GA
1	13182441	156	CT
1	13182993	552	GA
1	13183220	227	CT
1	13183221	1	GT
1	13184378	982	AG
1	13184798	420	CA
1	13184844	46	TA
1	13185072	228	CT
1	13185412	340	AG
1	13185458	46	AG
1	13185492	34	GA
1	13185557	65	AG
1	13186153	596	CG
1	13186212	59	AG
1	13186671	459	CT
1	13186842	171	GA
1	13186925	83	GA
1	13186965	40	TC
1	13187077	112	CT
1	13187171	94	CT
1	13187320	149	TC
1	13187636	259	CT
1	13187640	4	CG
1	13187815	175	TG
1	13187981	166	CT
1	13188117	136	CT
1	13188118	1	AG
1	13189508	795	CT
1	13189698	190	AG
1	13189846	148	AG
1	13190017	171	CT
1	13190217	200	CT
1	13190388	171	AG
1	13190726	338	CT
1	13191074	348	GC
1	13191325	251	CG
1	13191364	39	CT
1	13191491	127	TC
1	13191832	341	TC
1	13192044	212	AG
1	13192099	55	GA
1	13192137	38	GC
1	13192423	286	TC
1	13192427	4	AG
1	13192452	25	TA
1	13192669	217	GA
1	13193522	810	GA
1	13193583	61	GA
1	13193840	257	CT
1	13194001	161	AC
1	13194016	15	CG
1	13194072	56	CT
1	13194073	1	TG
1	13194678	231	GA
1	13194738	60	CT
1	13194742	4	CT
1	13194787	45	GT
1	13194970	183	TC
1	13195012	42	CT
1	13195025	13	GA
1	13195234	209	CT
1	13195332	98	CT
1	13195335	3	GA
1	13195350	15	GA
1	13195378	28	TC
1	13195390	12	GA
1	13195479	89	TC
1	13195487	8	CT
1	13195590	103	GA
1	13195761	171	GC
1	13195804	43	CA
1	13195837	33	CT
1	13195884	47	CG
1	13196032	148	TC
1	13196086	54	TC
1	13196289	142	TC
1	13196361	72	GA
1	13196490	129	AG
1	13196937	447	TC
1	13197000	63	AG
1	13197102	102	CG
1	13197233	131	CT
1	13197289	56	GA
1	13197691	365	TC
1	13197902	211	GC
1	13197926	24	GA
1	13197990	64	CT
1	13198732	742	CT
1	13199226	455	CT
1	13199422	196	CT
1	13200224	728	CA
1	13200812	542	CA
1	13201591	779	AC
1	13201773	182	AG
1	13202540	683	AG
1	13202692	152	TG
1	13202722	30	CT
1	13204872	1526	TC
1	13205038	166	TC
1	13205299	211	GA
1	13205796	249	GA
1	13205844	48	CT
1	13206926	690	GA
1	13208425	662	GA
1	13208539	114	CT
1	13209240	203	GA
1	13209605	365	GA
1	13209801	196	CT
1	13209979	178	TC
1	13210190	211	TC
1	13210240	50	CG
1	13210247	7	TC
1	13211499	1066	GA
1	13211804	305	CT
1	13212408	456	CT
1	13212461	53	TC
1	13212627	166	CA
1	13213003	376	AC
1	13213066	63	CG
1	13213219	153	AC
1	13213725	506	CT
1	13215158	1271	GA
1	13215674	516	CT
1	13215955	246	GA
1	13216853	340	GA
1	13217340	487	GA
1	13218158	788	CT
1	13218315	157	CG
1	13219699	1057	CT
1	13220129	430	CT
1	13223674	2736	TC
1	13224071	397	GA
1	13227524	2011	TC
1	13227549	25	AG
1	13227849	300	AG
1	13227876	27	CA
1	13227988	112	GA
1	13228763	742	GC
1	13229080	317	GT
1	13229258	178	CT
1	13229329	71	AG
1	13229397	68	TC
1	13230472	1075	AG
1	13230642	170	CT
1	13231023	381	GA
1	13231357	334	GA
1	13231796	439	AG
1	13231857	61	AG
1	13232013	156	GA
1	13232040	27	GA
1	13232232	192	AG
1	13232487	255	GA
1	13232499	12	TC
1	13232646	147	AG
1	13232853	207	CG
1	13234428	948	GC
1	13234718	290	AG
1	13235053	335	CT
1	13236115	1019	CT
1	13236862	408	TC
1	13237020	158	AG
1	13237863	843	GC
1	13240086	1618	GA
1	13240881	795	CT
1	13241174	293	CT
1	13242505	891	GA
1	13242973	468	GA
1	13243829	802	TC
1	13243904	75	CA
1	13247673	3560	CG
1	13247756	83	CT
1	13248557	801	GA
1	13248890	333	CT
1	13249576	350	TA
1	13251136	1255	GA
1	13251907	771	GA
1	13252078	171	CT
1	13253659	1581	CG
1	13254454	795	TC
1	13254542	88	CT
1	13255467	925	GA
1	13256259	792	TC
1	13256727	468	CG
1	13257264	537	AG
1	13258146	502	CT
1	13261405	2821	CT
1	13261549	144	CT
1	13262189	618	AG
1	13262939	597	GA
1	13267644	3424	CT
1	13270275	2602	GA
1	13272244	771	AC
1	13277265	2380	CT
1	13279911	2362	AC
1	13281679	1466	CT
1	13284115	1477	TC
1	13284243	128	TC
1	13284460	217	TC
1	13284470	10	CT
1	13284540	70	AG
1	13284933	393	GA
1	13284956	23	AG
1	13285216	260	AG
1	13285402	186	CT
1	13285649	247	AG
1	13286407	509	GA
1	13286960	553	CT
1	13287485	525	AG
1	13287689	204	GA
1	13288572	883	TC
1	13289813	1241	CT
1	13290021	208	AT
1	13290397	376	TC
1	13290405	8	TC
1	13291349	944	GA
1	13291483	134	TC
1	13291867	334	CG
1	13292318	451	AG
1	13292422	104	GA
1	13293149	727	CT
1	13293792	643	AT
1	13296171	657	AG
1	13297687	1516	GA
1	13300108	2347	CG
1	13300206	98	CT
1	13300383	177	AG
1	13301962	1485	GA
1	13302844	882	TC
1	13303226	382	GC
1	13303454	228	GA
1	13305805	2157	GC
1	13307769	1964	GA
1	13308324	555	AC
1	13309401	1077	AG
1	13309794	365	CT
1	13309985	191	GA
1	13311611	1578	AG
1	13311753	142	CA
1	13311872	119	CT
1	13312313	441	CT
1	13312762	423	CG
1	13315901	3021	CT
1	13315909	8	CT
1	13317218	540	GA
1	13319618	1813	CT
1	13319703	85	AG
1	13319851	148	GA
1	13320073	222	GA
1	13320367	294	CG
1	13320394	27	GA
1	13325729	5113	CT
1	13325922	193	CT
1	13327991	1859	TC
1	13328623	632	CT
1	13332059	3371	GC
1	13332902	809	GA
1	13333445	543	CT
1	13338031	2897	GT
1	13338061	30	CT
1	13340185	2124	CT
1	13341476	1291	TG
1	13342244	768	TC
1	13342308	64	GA
1	13342601	293	AG
1	13342769	168	TC
1	13343191	422	GA
1	13344215	944	AG
1	13344225	10	CT
1	13345653	1428	GA
1	13350354	4504	CT
1	13351687	1309	AG
1	13352102	415	CG
1	13352598	496	TG
1	13353229	613	CT
1	13353583	172	TA
1	13354743	1160	CA
1	13355030	287	CT
1	13355063	33	CA
1	13355173	110	GA
1	13356271	1098	GA
1	13356465	194	AG
1	13357151	615	GC
1	13358663	1512	CT
1	13358681	18	CT
1	13358785	104	TC
1	13359130	197	GA
1	13360046	916	GC
1	13360069	23	GA
1	13360208	139	GA
1	13361557	1299	TC
1	13361840	283	GA
1	13362162	322	AG
1	13362213	51	CT
1	13362901	688	TC
1	13362902	1	CT
1	13364258	771	GA
1	13364499	241	AC
1	13364622	123	TG
1	13365355	670	CA
1	13369000	3535	AG
1	13379745	6328	CG
1	13394122	11261	CA
1	13396267	1831	GC
1	13403611	5765	TC
1	13407107	2383	CT
1	13407790	646	CA
1	13409650	767	GA
1	13412539	2237	GT
1	13412638	99	AC
1	13414222	1584	CT
1	13414792	570	GA
1	13417069	723	CG
1	13417420	351	AG
1	13418974	1120	CT
1	13420999	378	AG
1	13421300	301	GA
1	13422653	374	GC
1	13423556	903	GC
1	13424039	483	CT
1	13426687	1677	CT
1	13427215	528	CT
1	13428370	694	GA
1	13429145	775	TC
1	13431349	1347	CT
1	13431947	598	TC
1	13433617	1502	CA
1	13433690	73	CG
1	13434154	464	CT
1	13434159	5	CT
1	13434160	1	AG
1	13434163	3	TC
1	13434764	601	AG
1	13438142	604	GT
1	13438855	76	TC
1	13438886	31	GT
1	13439977	338	CT
1	13440083	106	CT
1	13440084	1	GA
1	13440361	277	CA
1	13440567	206	TC
1	13441081	473	AG
1	13441292	211	TC
1	13441448	156	CT
1	13441519	71	TC
1	13441856	337	TC
1	13442076	220	TC
1	13442175	99	TA
1	13442395	220	GA
1	13442676	281	CT
1	13442737	61	TC
1	13442761	24	TC
1	13443421	308	GA
1	13444797	959	GA
1	13444893	96	CG
1	13445090	197	CA
1	13445674	584	GA
1	13445918	88	AG
1	13445927	9	GA
1	13446064	137	TC
1	13446107	43	AG
1	13447245	810	GA
1	13447466	221	CT
1	13448408	942	CT
1	13448420	12	CT
1	13451006	2228	CT
1	13451269	263	CT
1	13452055	786	TA
1	13452496	441	TG
1	13452742	246	CT
1	13452772	30	AG
1	13453000	228	GA
1	13453116	116	AC
1	13453854	738	CT
1	13454308	454	GA
1	13456131	1823	GA
1	13456498	367	GC
1	13458480	1568	TC
1	13458618	138	TG
1	13458782	164	CT
1	13458833	51	GA
1	13458918	85	AG
1	13458960	42	AG
1	13459038	78	AC
1	13460239	1201	CA
1	13460354	115	GA
1	13461709	1355	GA
1	13461750	41	CT
1	13462948	846	AG
1	13463333	385	GT
1	13463371	38	CG
1	13463562	191	TA
1	13464282	720	GA
1	13464384	102	AG
1	13464795	411	AG
1	13465005	68	GA
1	13465121	116	TC
1	13465238	117	GA
1	13465492	254	GA
1	13465674	182	AG
1	13465848	174	CT
1	13465906	58	TA
1	13466021	115	CT
1	13466966	491	GA
1	13466979	13	CA
1	13467129	150	GT
1	13467250	121	TC
1	13467702	452	TC
1	13467725	23	TG
1	13468428	623	CT
1	13468715	287	TC
1	13468753	38	AG
1	13468755	2	GA
1	13469073	318	TC
1	13469091	18	GT
1	13470346	1225	GA
1	13470526	180	AG
1	13470702	176	GA
1	13470896	161	CA
1	13470913	17	TC
1	13471369	431	CT
1	13471383	14	AG
1	13471535	152	CT
1	13471639	104	GC
1	13473309	1226	AG
1	13474229	920	AT
1	13474702	473	CT
1	13475715	761	AG
1	13477564	968	AT
1	13477577	13	AG
1	13477728	151	GA
1	13478171	409	TG
1	13479314	826	GC
1	13479517	203	CT
1	13479537	20	GT
1	13480213	676	GA
1	13481088	875	CG
1	13481313	225	CG
1	13481880	567	CG
1	13482284	404	TC
1	13482655	371	AG
1	13483238	583	TC
1	13483256	18	GA
1	13483561	305	AG
1	13483784	223	TC
1	13486576	2035	GA
1	13489030	1560	CT
1	13492996	3478	AG
1	13495166	1585	CT
1	13497759	2593	TG
1	13498440	681	GC
1	13498696	256	CA
1	13500693	1789	TG
1	13507908	6572	GA
1	13508955	975	CT
1	13511582	2627	TC
1	13512063	167	GC
1	13512937	796	TC
1	13513521	388	GA
1	13515410	1509	AT
1	13517698	2210	AT
1	13519375	1402	GA
1	13519924	549	GA
1	13523913	3198	GA
1	13525857	1913	GC
1	13526464	607	GC
1	13526479	15	CT
1	13531132	4393	TC
1	13531568	358	AG
1	13531883	315	AC
1	13532581	698	TC
1	13532807	226	TG
1	13533470	663	AG
1	13533606	136	TC
1	13533729	123	TA
1	13536835	1449	TC
1	13536873	38	AG
1	13536934	61	CG
1	13536958	24	CA
1	13539773	1649	GA
1	13558303	340	AG
1	13562483	3188	GA
1	13568430	2337	GA
1	13568466	36	GA
1	13568940	474	GC
1	13568985	45	GC
1	13569035	50	GA
1	13570336	1301	GC
1	13571858	1522	AG
1	13572439	581	GC
1	13572562	123	CA
1	13572662	100	GA
1	13573328	666	GA
1	13573329	1	AG
1	13573447	118	AG
1	13573625	178	CT
1	13573824	199	AC
1	13574169	345	CT
1	13574275	106	CG
1	13574677	402	TC
1	13574712	35	TC
1	13575816	764	AG
1	13576126	310	GT
1	13576502	376	TC
1	13576513	11	GA
1	13576967	454	CT
1	13577040	73	CT
1	13579202	2137	TC
1	13579647	445	CT
1	13580360	598	GA
1	13580965	605	AG
1	13581136	171	GA
1	13581548	412	GA
1	13581787	239	GA
1	13582568	98	TC
1	13582572	4	CT
1	13582584	12	CT
1	13582731	147	GT
1	13582737	6	GC
1	13582794	57	GC
1	13583116	322	AT
1	13583576	412	TG
1	13583674	98	AT
1	13585633	476	AG
1	13585763	130	GA
1	13586103	245	CT
1	13586584	327	GC
1	13588177	1031	CG
1	13588207	30	AG
1	13588351	144	TC
1	13588756	405	GA
1	13588820	64	CT
1	13589241	421	CT
1	13589359	118	GA
1	13589464	105	AG
1	13589526	62	TC
1	13589582	56	AG
1	13590462	880	AG
1	13591818	1264	GA
1	13592846	977	CT
1	13594376	1008	CT
1	13595532	1156	CT
1	13595538	6	GA
1	13595615	77	GT
1	13596722	759	TA
1	13596905	183	TC
1	13597493	588	TC
1	13597714	221	CT
1	13598043	329	CG
1	13598057	14	TC
1	13598952	895	TC
1	13600184	1025	TC
1	13602109	1905	GC
1	13604026	1660	CT
1	13605710	1452	TC
1	13605996	286	CT
1	13608755	1104	GA
1	13609104	22	GA
1	13609420	316	TG
1	13609704	284	TC
1	13610112	408	GA
1	13610638	526	AG
1	13610884	246	AC
1	13613029	2145	CT
1	13613716	687	AG
1	13615495	1312	AG
1	13615832	337	CT
1	13616420	588	GA
1	13618466	1966	CT
1	13619056	590	GA
1	13620199	1143	TC
1	13621025	826	GA
1	13621587	562	CA
1	13623419	1832	CG
1	13625603	1833	TC
1	13626496	893	CT
1	13626777	281	CT
1	13628929	2124	AG
1	13629192	263	CT
1	13631300	2050	TC
1	13636750	4461	CT
1	13637095	345	AG
1	13637367	272	GA
1	13637760	371	GT
1	13637774	14	CT
1	13642088	3817	GA
1	13643813	1725	CT
1	13644490	677	GA
1	13644639	149	CT
1	13646178	1468	CG
1	13646732	554	CT
1	13648593	1861	CG
1	13648803	210	GA
1	13648850	47	CT
1	13650101	1049	CT
1	13655296	1786	GA
1	13655856	560	CT
1	13661510	4731	GA
1	13661566	56	GA
1	13662856	1160	GC
1	13663155	299	CT
1	13663974	819	AG
1	13665261	1253	TC
1	13665816	555	CT
1	13666082	266	CG
1	13666929	847	CT
1	13668022	764	TC
1	13668717	695	CT
1	13669586	802	TC
1	13670638	1052	CT
1	13670955	317	AG
1	13671658	703	GA
1	13673549	1891	CT
1	13673911	362	GA
1	13674354	443	GA
1	13675600	1246	TC
1	13676346	746	CT
1	13677147	801	TC
1	13677246	99	AG
1	13677749	503	CA
1	13677846	97	TC
1	13679011	967	CT
1	13679037	26	CT
1	13679976	939	TC
1	13681386	1410	TC
1	13683836	2450	TG
1	13686362	2217	CT
1	13687618	1181	AT
1	13689193	1536	GA
1	13690055	862	CT
1	13694935	4880	GA
1	13695808	873	CA
1	13698269	1158	GA
1	13698291	22	GA
1	13699507	1066	GA
1	13699931	424	AG
1	13700129	198	AG
1	13700339	210	AG
1	13701201	862	GT
1	13701270	69	CA
1	13701341	71	GA
1	13702934	1198	GA
1	13703171	237	GA
1	13703877	706	TC
1	13704139	262	GA
1	13704252	113	GA
1	13704527	275	CT
1	13704667	140	AG
1	13705987	879	TC
1	13706281	294	GA
1	13706830	549	GA
1	13707753	550	GT
1	13709372	1619	GA
1	13709565	193	GT
1	13710330	765	AC
1	13710520	190	GA
1	13710526	6	GC
1	13712338	1766	CT
1	13712508	170	GC
1	13712979	471	CT
1	13714866	1700	AT
1	13715207	341	GA
1	13715265	58	GA
1	13715886	621	CT
1	13715913	27	TC
1	13716140	227	GA
1	13716378	238	AG
1	13717058	680	GA
1	13718463	1405	AG
1	13719294	831	GA
1	13719637	343	CA
1	13719745	108	AG
1	13720584	839	GA
1	13721051	467	TC
1	13721365	314	GA
1	13721376	11	AG
1	13721397	21	GA
1	13721886	489	AG
1	13722286	400	GA
1	13722312	26	TC
1	13722325	13	TG
1	13722384	59	GA
1	13722604	220	CT
1	13724800	2196	AG
1	13724999	199	AC
1	13726892	1806	AG
1	13727244	352	GA
1	13727331	87	CA
1	13727812	481	TC
1	13729791	1979	GA
1	13730940	663	TC
1	13730946	6	GC
1	13731500	254	AG
1	13731733	233	AG
1	13731751	18	AG
1	13732289	538	GA
1	13732334	45	TG
1	13732348	14	TG
1	13732381	33	GA
1	13732443	62	GC
1	13732603	160	GA
1	13732945	249	CT
1	13732955	10	TC
1	13732975	20	CT
1	13734170	1195	CT
1	13734196	26	GA
1	13735012	816	CT
1	13735060	48	GA
1	13735463	39	AG
1	13735584	121	GA
1	13735943	359	GC
1	13736327	384	AG
1	13736411	84	GA
1	13736541	130	CA
1	13736642	101	AG
1	13736869	153	GA
1	13736961	92	CG
1	13738526	1474	CT
1	13738719	193	CT
1	13738880	161	GA
1	13738926	46	TC
1	13739886	960	CT
1	13741356	1298	CT
1	13742747	1186	CA
1	13743273	526	GT
1	13744330	1057	GT
1	13746119	1789	TC
1	13747148	769	GC
1	13747228	80	GA
1	13752439	2207	CT
1	13753047	608	GC
1	13754529	1482	CT
1	13755239	710	CT
1	13755426	187	GA
1	13756257	831	AT
1	13756941	684	CT
1	13756994	53	CT
1	13757035	41	CT
1	13757096	61	AG
1	13757307	211	TC
1	13758066	727	CT
1	13759413	1347	GA
1	13759753	299	CT
1	13765593	5428	GC
1	13766600	1007	CT
1	13766935	335	CT
1	13767070	135	CT
1	13767438	368	TC
1	13772725	4683	TG
1	13773309	584	TC
1	13774104	795	CT
1	13776703	2296	CG
1	13777079	376	CT
1	13778241	1162	CG
1	13780316	2075	AG
1	13782985	1414	CT
1	13783201	216	AG
1	13783581	380	GA
1	13785190	1537	TC
1	13786018	808	AG
1	13786792	774	AG
1	13787327	535	CT
1	13788166	839	TC
1	13788463	297	AG
1	13789281	818	GC
1	13789460	179	GA
1	13792955	3495	CT
1	13793196	241	TC
1	13796060	2301	AG
1	13797487	899	TC
1	13799758	2164	TC
1	13799898	140	GA
1	13801478	1528	TC
1	13802792	1314	TC
1	13803302	510	AG
1	13804283	981	CT
1	13811020	6678	TC
1	13814037	3017	CT
1	13814331	294	CT
1	13814645	314	GT
1	13815563	822	CT
1	13815894	331	CT
1	13816492	598	CG
1	13817526	1034	CT
1	13817658	132	TC
1	13817815	157	GA
1	13817994	179	AG
1	13818337	343	TC
1	13818727	390	TC
1	13819948	1221	CT
1	13820216	268	CT
1	13823206	2906	TC
1	13826655	3449	CT
1	13829230	2575	CT
1	13831212	1982	GC
1	13835830	4495	GA
1	13837815	1985	GT
1	13837816	1	CT
1	13838767	922	CT
1	13839808	923	CT
1	13843404	3596	CT
1	13848721	5216	AC
1	13850649	1731	CA
1	13852320	1627	AG
1	13867868	12962	CT
1	13869485	1617	GT
1	13871156	1593	AG
1	13871266	110	GA
1	13874773	3220	GA
1	13876191	893	CT
1	13876701	510	CT
1	13877174	473	CT
1	13877447	273	GA
1	13879833	2386	AG
1	13882673	2505	AG
1	13885866	3133	CT
1	13885929	63	GA
1	13887199	1270	AG
1	13888181	982	GA
1	13888319	138	AG
1	13889850	1531	TA
1	13891929	1935	GA
1	13893285	1294	GA
1	13895316	2031	AG
1	13897031	1715	GA
1	13899764	557	AG
1	13901435	1646	CT
1	13901573	138	CA
1	13901916	343	GA
1	13902002	86	GC
1	13902578	576	GA
1	13909008	6308	GA
1	13911076	2068	CG
1	13911602	526	CT
1	13911662	60	GA
1	13912018	356	AG
1	13912495	477	CT
1	13912817	322	TC
1	13913534	717	TC
1	13913603	69	TC
1	13917211	3557	GA
1	13917322	111	TC
1	13917361	39	AC
1	13917720	359	TC
1	13918060	340	TC
1	13919382	1322	GA
1	13920389	1007	GA
1	13923460	2692	CT
1	13924042	582	CT
1	13929484	5401	CT
1	13930509	1025	CA
1	13932327	1587	GA
1	13932610	283	CT
1	13936193	1759	AG
1	13936531	338	CT
1	13939265	2640	GC
1	13941011	1746	GC
1	13941527	516	CT
1	13941601	74	GA
1	13941609	8	CT
1	13942138	483	GA
1	13946119	3589	AT
1	13946224	105	GA
1	13947190	966	AG
1	13951462	3467	AG
1	13953567	2105	GA
1	13954504	801	CT
1	13954676	90	CT
1	13955418	742	AG
1	13955604	186	AG
1	13955697	93	CT
1	13957304	1430	GA
1	13958358	699	TC
1	13958636	231	CT
1	13958894	258	CT
1	13959826	482	AC
1	13961358	406	GT
1	13961422	64	TC
1	13961478	56	CT
1	13961801	323	CT
1	13961915	114	AG
1	13962055	140	GA
1	13965922	3223	CT
1	13966160	238	AG
1	13966545	251	CT
1	13966588	43	GA
1	13966724	136	GT
1	13967071	347	GA
1	13967149	78	GC
1	13967340	191	CT
1	13968534	1194	GT
1	13969269	735	CT
1	13972647	2761	GC
1	13973243	554	GA
1	13973474	231	CT
1	13974325	851	GA
1	13976291	1871	TC
1	14011705	29194	CG
1	14040073	22851	CT
1	14047510	7361	CT
1	14086767	38321	CT
1	14170017	72248	AG
1	14195709	22141	CT
1	14195877	168	GA
1	14309385	93121	GA
1	14318707	7013	CT
1	14328841	9881	CA
1	14349238	18696	GA
1	14358483	8453	CT
1	14368025	8538	CT
1	14378576	5186	GC
1	14404722	19721	CT
1	14441502	32573	GC
1	14444707	2950	CT
1	14462187	14095	CT
1	14464268	1887	GT
1	14464741	442	GA
1	14475626	10629	TC
1	14516450	35891	AG
1	14527152	9233	CT
1	14527571	419	CT
1	14529912	2341	CT
1	14531539	1627	CA
1	14531871	332	CT
1	14532510	639	CT
1	14533129	619	GA
1	14533908	779	CT
1	14534055	147	TC
1	14535578	1523	CT
1	14537092	1495	TG
1	14544426	3867	TC
1	14548994	1088	CT
1	14562646	11862	CT
1	14566659	3976	GA
1	14570850	4076	CA
1	14573025	2175	GA
1	14574052	1027	CG
1	14575114	1062	CT
1	14575348	234	CT
1	14576329	752	AG
1	14576471	142	CT
1	14576905	353	GA
1	14576976	71	GA
1	14577553	577	CT
1	14577843	290	GA
1	14579597	1073	GA
1	14580667	1070	GC
1	14581038	371	GA
1	14581065	27	CT
1	14581239	174	CT
1	14587177	3086	GA
1	14590071	2138	AG
1	14590106	35	GA
1	14590315	209	GC
1	14590487	172	TC
1	14590670	183	AG
1	14591527	857	GC
1	14592469	942	CT
1	14593445	196	CT
1	14593447	2	GC
1	14593749	302	CT
1	14593755	6	GA
1	14600713	2473	AG
1	14600821	108	CT
1	14600841	20	GA
1	14601357	105	GC
1	14603109	1752	AG
1	14608946	2727	GA
1	14609993	420	CG
1	14614729	3351	TC
1	14616954	1783	AG
1	14617593	391	AT
1	14617774	181	CT
1	14618222	448	CT
1	14619298	1076	CT
1	14620333	786	GA
1	14620348	15	GA
1	14620590	242	AG
1	14621345	755	AG
1	14621706	361	TC
1	14622049	343	GA
1	14623697	533	GT
1	14627350	2124	CG
1	14628206	530	AG
1	14630086	1563	GA
1	14631478	1331	GA
1	14632052	574	TC
1	14632212	160	GA
1	14632893	681	CT
1	14633683	473	AG
1	14634529	736	AG
1	14634920	391	GT
1	14635858	938	GA
1	14636054	196	GA
1	14638936	2314	CA
1	14642050	1678	CT
1	14644289	2122	TG
1	14646722	1240	GA
1	14648847	1574	AG
1	14651765	1400	GA
1	14651998	233	AT
1	14652084	86	GA
1	14652732	648	GT
1	14656285	2951	GA
1	14656871	586	GA
1	14657040	169	GA
1	14657743	398	CT
1	14658088	345	CT
1	14658802	624	GA
1	14662517	2571	GA
1	14665698	1403	CT
1	14669570	3840	CT
1	14670782	142	AG
1	14672575	1513	GT
1	14673399	824	CT
1	14673518	119	AG
1	14674283	765	GA
1	14674956	276	CT
1	14750284	64172	TC
1	14785176	25560	CT
1	14791316	5470	GT
1	14808619	11556	GA
1	14825684	11484	GA
1	14831129	5142	CT
1	14835922	4727	CG
1	14866298	24139	CT
1	14866370	72	TG
1	14866788	418	TC
1	14867219	431	GA
1	14867234	15	CA
1	14867299	65	CT
1	14881482	12141	GA
1	14894517	10407	CT
1	14894520	3	GA
1	14902962	7411	AG
1	14954633	30979	CT
1	14982649	19456	GA
1	15001284	1284	GA
1	15003091	1807	AG
1	15004055	964	TC
1	15004173	118	GA
1	15004224	51	AG
1	15004361	137	AG
1	15004446	85	CT
1	15004887	441	AC
1	15005899	985	CT
1	15006111	212	AG
1	15006626	515	CT
1	15007122	342	CT
1	15007491	369	GA
1	15007622	131	AG
1	15007702	80	TC
1	15007929	227	GA
1	15008102	131	AC
1	15008115	13	AC
1	15008645	530	CA
1	15008856	89	TG
1	15009066	210	GA
1	15009204	138	GA
1	15009320	91	AG
1	15009420	100	TC
1	15009441	21	AG
1	15009715	274	AG
1	15009768	53	GA
1	15009881	113	CA
1	15009956	75	GA
1	15010096	140	GA
1	15010238	142	TA
1	15010264	26	GA
1	15010811	356	TC
1	15011200	389	GA
1	15012287	331	GA
1	15012350	63	AT
1	15012618	268	CG
1	15013015	350	AG
1	15013503	461	GA
1	15013521	18	GA
1	15013974	405	CG
1	15014579	605	CG
1	15015330	595	AC
1	15015764	434	TA
1	15015919	155	CT
1	15016698	455	CT
1	15016830	132	CT
1	15016860	30	CT
1	15016921	61	CG
1	15017002	81	AG
1	15017549	327	CT
1	15017917	368	TG
1	15018191	237	GT
1	15025454	5137	CT
1	15026853	1084	CT
1	15030581	2642	TC
1	15030724	143	TC
1	15031432	708	CT
1	15034457	1351	TC
1	15034654	197	CT
1	15035578	118	GA
1	15035833	255	GA
1	15035996	163	AG
1	15036132	136	TC
1	15036188	56	TG
1	15036252	64	GA
1	15036995	151	CT
1	15037281	212	TC
1	15037680	399	TC
1	15037735	55	TC
1	15037829	94	GA
1	15038208	379	TC
1	15038215	7	AG
1	15038767	552	TC
1	15039340	573	CT
1	15039428	88	CT
1	15039618	190	AG
1	15039832	214	AG
1	15039882	50	GA
1	15040130	29	CT
1	15040691	561	CG
1	15040708	17	CA
1	15040737	29	CT
1	15040788	51	GA
1	15040866	78	CT
1	15040913	47	AG
1	15041125	212	CT
1	15041453	328	GA
1	15042237	784	TC
1	15042346	109	GA
1	15042950	604	CT
1	15043146	196	CT
1	15043198	52	TC
1	15043372	174	AG
1	15044104	369	CT
1	15044156	52	GA
1	15044161	5	AG
1	15045097	806	AG
1	15045243	146	AC
1	15045323	80	GA
1	15045564	241	TG
1	15045688	124	CT
1	15045981	293	GT
1	15046042	61	TC
1	15046144	102	CT
1	15046145	1	CT
1	15046440	295	GA
1	15047097	200	GA
1	15047390	293	CT
1	15047453	63	CT
1	15047669	216	CT
1	15047849	180	TG
1	15047876	27	TC
1	15048036	160	GC
1	15049239	398	GT
1	15049512	273	TA
1	15049714	202	CT
1	15049785	71	GA
1	15049848	63	TC
1	15050364	516	CT
1	15051209	806	TC
1	15051441	232	CT
1	15052155	414	TA
1	15052631	434	AT
1	15052779	148	AG
1	15053157	378	GA
1	15053276	119	GA
1	15053351	75	AG
1	15053361	10	GA
1	15053592	231	GA
1	15053601	9	GA
1	15053631	30	GA
1	15053868	237	TC
1	15053957	89	GT
1	15054107	150	TA
1	15054193	86	CG
1	15054267	74	TG
1	15054360	93	TC
1	15054382	22	GT
1	15054389	7	CT
1	15054393	4	TC
1	15054394	1	GA
1	15054396	2	GT
1	15054707	311	CG
1	15055235	470	GA
1	15055298	63	CT
1	15055657	359	AG
1	15055703	46	TG
1	15055955	220	TA
1	15059113	1896	CT
1	15062930	2909	AG
1	15063698	612	CT
1	15067987	2567	GA
1	15068995	414	TG
1	15069524	431	GA
1	15070514	482	TC
1	15070947	51	AG
1	15070986	39	AG
1	15071296	310	CT
1	15071310	14	TC
1	15071411	101	GA
1	15071428	17	CA
1	15074472	1282	AG
1	15074501	29	AG
1	15074529	28	CT
1	15074887	358	AG
1	15075485	238	AT
1	15075657	172	GT
1	15075794	137	AT
1	15075859	65	TC
1	15075925	66	CT
1	15076373	151	CT
1	15076671	298	TC
1	15076693	22	CA
1	15077098	296	GA
1	15077584	486	AC
1	15078437	622	CT
1	15079262	825	TG
1	15079296	34	TC
1	15079457	161	GA
1	15079601	144	GC
1	15079771	170	AG
1	15079903	132	GC
1	15079912	9	TC
1	15079963	51	AG
1	15079964	1	TC
1	15080021	57	CG
1	15080545	524	CT
1	15080619	74	AG
1	15080678	59	GA
1	15080723	45	CT
1	15080783	60	TC
1	15080805	22	AG
1	15080869	64	CT
1	15080875	6	TG
1	15080978	103	CG
1	15080990	12	GC
1	15081024	34	TC
1	15081402	186	AG
1	15081869	467	TC
1	15081917	48	AG
1	15082230	166	AG
1	15082328	98	AG
1	15082698	329	GA
1	15083058	360	TG
1	15083230	172	CT
1	15083231	1	AG
1	15083904	188	AG
1	15084836	567	GA
1	15085186	350	TA
1	15085769	184	CT
1	15087120	401	GA
1	15087267	147	CG
1	15087269	2	AG
1	15087324	55	GT
1	15087617	293	TC
1	15087645	28	AC
1	15087646	1	GA
1	15087683	37	CT
1	15087852	169	GA
1	15087871	19	TC
1	15088021	150	CA
1	15088172	107	GA
1	15088276	104	GA
1	15088370	94	AG
1	15088382	12	GA
1	15088471	36	TC
1	15089323	852	CT
1	15089324	1	AG
1	15089437	113	AC
1	15089462	25	AT
1	15090023	287	TG
1	15090049	26	AG
1	15090056	7	TG
1	15090207	151	GA
1	15090483	245	CA
1	15090498	15	GT
1	15090634	136	CT
1	15090704	70	TC
1	15090835	131	TC
1	15091100	265	TC
1	15092070	540	CT
1	15092089	19	TC
1	15092352	263	TC
1	15092462	110	GC
1	15093322	649	CT
1	15093807	485	GA
1	15096109	1861	CT
1	15096390	281	TC
1	15097795	529	TG
1	15098328	291	CT
1	15098609	254	GA
1	15098640	31	GC
1	15098649	9	GA
1	15098925	276	TC
1	15099198	273	AG
1	15100831	659	GA
1	15100891	60	CT
1	15100994	103	GA
1	15101586	285	AG
1	15103878	2165	CT
1	15105190	1312	GA
1	15106966	1361	CT
1	15107040	74	CT
1	15107277	237	AG
1	15107647	370	TG
1	15107684	37	TC
1	15107716	32	GA
1	15107774	58	GT
1	15107838	64	CA
1	15107988	150	CT
1	15108190	202	AG
1	15108819	629	AG
1	15110602	1303	TC
1	15111258	297	CT
1	15111321	63	TA
1	15111580	259	AG
1	15111667	87	CT
1	15112110	315	GA
1	15112268	158	AG
1	15112445	177	CT
1	15112496	51	CG
1	15112509	13	AG
1	15112553	44	TC
1	15112557	4	CT
1	15112608	51	GA
1	15113738	404	CT
1	15114240	457	CT
1	15114382	142	CA
1	15116268	1102	GC
1	15117732	1219	TC
1	15117918	186	GA
1	15118200	282	CT
1	15118739	236	CT
1	15119469	682	TC
1	15120636	787	GA
1	15122127	799	TA
1	15122715	588	AG
1	15124262	1475	AT
1	15124289	27	CT
1	15125087	798	GA
1	15125138	51	GA
1	15125855	614	CG
1	15125985	130	GA
1	15128592	2299	TG
1	15130630	1776	AT
1	15131112	482	AG
1	15135481	1620	TC
1	15137285	489	GA
1	15137339	54	AC
1	15137554	215	GA
1	15137779	225	AG
1	15138109	330	TC
1	15138483	374	TG
1	15138596	113	GA
1	15138712	116	TC
1	15138800	88	TC
1	15139199	163	CT
1	15139980	442	GA
1	15140276	296	GA
1	15140450	174	GA
1	15140587	137	AG
1	15140915	152	TC
1	15140916	1	AG
1	15140991	75	GA
1	15141022	31	TC
1	15141068	46	CT
1	15141119	51	GA
1	15142034	353	GA
1	15142343	281	TC
1	15142791	253	TC
1	15142831	40	AG
1	15142988	157	GC
1	15144369	1233	TC
1	15144936	265	GA
1	15147171	1129	TC
1	15151562	719	AC
1	15153019	732	TC
1	15156225	2857	TC
1	15156481	256	GC
1	15156509	28	AG
1	15156758	249	TC
1	15156766	8	AG
1	15156841	75	TC
1	15157395	414	GA
1	15157556	161	AC
1	15160352	1760	AG
1	15161071	505	AG
1	16369239	832394	GA
1	16380414	6708	CT
1	16383214	2156	GA
1	16385824	938	AG
1	16387468	1299	GA
1	16551446	130933	CA
1	16551482	36	GA
1	16552846	1364	GA
1	16553083	36	TC
1	16556469	1929	TC
1	16564139	5751	GA
1	16564770	631	CG
1	16565813	937	CT
1	16566560	747	AG
1	16567477	770	GT
1	16568456	350	AG
1	16568969	283	CG
1	16569552	267	CT
1	16569578	26	GA
1	16572288	1732	CT
1	16572689	401	AG
1	16572989	300	GT
1	16574189	1200	AG
1	16574315	126	AG
1	16574368	53	TC
1	16575337	466	TC
1	16575350	13	AG
1	16575506	156	TC
1	16577119	387	CT
1	16578061	645	CT
1	16579253	439	CG
1	16579270	17	GA
1	16579729	459	GC
1	16580044	315	GC
1	16580163	119	AC
1	16580297	134	CG
1	16582252	757	TG
1	16585888	1892	CT
1	16586430	542	CT
1	16586550	120	AG
1	16586673	123	CT
1	16590659	1517	AG
1	16594600	1728	CG
1	16594647	47	TC
1	16595053	386	GA
1	16595764	711	GA
1	16596721	100	TG
1	16596808	87	CT
1	16597007	147	CA
1	16598123	1116	GA
1	16598347	183	CT
1	16598418	71	GC
1	16599312	696	GA
1	16599377	65	GC
1	16599387	10	GA
1	16600459	654	CA
1	16600701	242	AG
1	16600782	81	AG
1	16602831	1344	GA
1	16602919	88	TG
1	16603063	144	AG
1	16603378	315	AG
1	16603416	38	TC
1	16603492	76	TG
1	16604723	1231	CT
1	16604858	135	GA
1	16604911	53	CG
1	16605466	472	GA
1	16609911	2876	TA
1	16610577	666	AG
1	16610652	75	GT
1	16611437	356	AG
1	16611557	120	CT
1	16613890	660	CT
1	16614748	493	TC
1	16615021	273	CA
1	16615751	385	AG
1	16617947	1790	GC
1	16619853	1874	AC
1	16621301	1305	TG
1	16622818	1485	GT
1	16626680	2582	GC
1	16626943	263	AC
1	16628688	801	AC
1	16629336	192	CT
1	16629408	72	CG
1	16629423	15	CT
1	16629695	272	CT
1	16630876	386	AG
1	16631084	208	CG
1	16632018	934	GA
1	16632026	8	CT
1	16632212	186	GA
1	16632370	158	CG
1	16632409	39	CT
1	16632496	87	GA
1	16633310	456	CA
1	16633704	394	GC
1	16633837	133	TC
1	16633925	88	AG
1	16633975	50	GA
1	16634208	233	CT
1	16634985	734	GA
1	16634994	9	GT
1	16635293	299	GA
1	16635467	174	CA
1	16635468	1	GA
1	16635547	79	CA
1	16635597	50	CT
1	16636495	830	CT
1	16636776	281	CG
1	16639158	287	AG
1	16641509	672	GA
1	16642977	771	TC
1	16643013	36	GC
1	16643093	80	CT
1	16644612	579	AG
1	16644683	71	AG
1	16644841	158	GA
1	16645270	429	GT
1	16645317	47	AG
1	16645340	23	GA
1	16645356	16	GA
1	16645393	37	GA
1	16645565	172	GT
1	16646002	437	CT
1	16646157	155	CT
1	16646158	1	AG
1	16646849	691	TC
1	16648142	1210	AG
1	16648216	74	GA
1	16648482	266	GA
1	16648515	33	GA
1	16648529	14	AG
1	16648830	301	TC
1	16648885	55	TC
1	16650026	1141	CT
1	16650541	396	CT
1	16651643	1102	CG
1	16651677	34	CT
1	16651955	278	GT
1	16653840	1695	GA
1	16653871	31	AG
1	16656323	2452	CT
1	16657533	1137	TC
1	16657605	72	GA
1	16659012	1407	GA
1	16659369	357	AG
1	16659425	56	AG
1	16660521	1096	CA
1	16660959	336	GA
1	16662066	1076	GA
1	16662609	543	GA
1	16665636	2382	AG
1	16666434	697	CT
1	16666443	9	CA
1	16666444	1	TG
1	16668761	1779	CT
1	16670906	1413	GA
1	16672033	448	CT
1	16672053	20	GT
1	16672249	196	CT
1	16672251	2	TC
1	16672267	16	GT
1	16672298	31	GC
1	16672369	71	TC
1	16672373	4	CT
1	16672374	1	GA
1	16672380	6	GA
1	16672699	319	CT
1	16672830	131	TC
1	16673350	520	CT
1	16673430	80	AG
1	16673531	101	GA
1	16673544	13	AG
1	16673591	47	TC
1	16673929	338	CG
1	16674744	815	TG
1	16675997	148	GA
1	16676663	373	CA
1	16676737	74	CT
1	16676994	257	GA
1	16679408	395	GA
1	16679752	344	GC
1	16679829	77	AG
1	16680131	302	GA
1	16680908	607	GC
1	16681533	338	GA
1	16681559	26	TC
1	16681679	120	TC
1	16682115	436	CG
1	16682259	144	TC
1	16683025	766	CT
1	16683413	49	GA
1	16684089	676	TC
1	16684141	52	CT
1	16685173	1032	CT
1	16685916	743	GA
1	16686061	145	CT
1	16686140	79	GA
1	16686282	142	GA
1	16686949	667	CA
1	16688271	1004	TA
1	16689003	532	CT
1	16689206	203	CT
1	16690723	1305	GA
1	16691773	1050	GA
1	16691917	144	TC
1	16693615	604	GA
1	16693745	130	GC
1	16693765	20	CT
1	16694724	244	TC
1	16694819	95	CG
1	16695288	104	TC
1	16695392	104	TC
1	16695573	181	CG
1	16696604	1031	TG
1	16697465	537	TC
1	16697466	1	AG
1	16697731	265	GC
1	16697834	29	AG
1	16698241	131	CG
1	16698716	475	AG
1	16699365	649	GA
1	16699547	82	CA
1	16699918	371	TC
1	16700057	139	GC
1	16700698	192	AC
1	16702359	821	TC
1	16703841	1482	CT
1	16703957	116	GT
1	16704063	106	TC
1	16704376	313	TC
1	16706874	2498	CT
1	16710204	2506	AG
1	16710850	497	TC
1	16711931	230	TA
1	16712194	263	AT
1	16712286	92	TC
1	16716577	1195	AG
1	16716616	39	TC
1	16716788	172	TG
1	16716791	3	GA
1	16716807	16	TC
1	16716882	75	GA
1	16717027	145	GA
1	16717591	128	TG
1	16717623	32	CT
1	16718166	543	TC
1	16719632	793	GA
1	16720088	173	AG
1	16720110	22	AC
1	16722954	604	TA
1	16729123	2831	GA
1	16729610	487	CT
1	16730050	440	GT
1	16733145	3017	TG
1	16737257	1977	GA
1	16738649	419	CT
1	16738679	30	AG
1	16739344	383	CT
1	16739408	64	GT
1	16740411	556	TC
1	16741057	329	CT
1	16742831	502	GA
1	16744871	1209	GT
1	16744976	105	CT
1	16745035	59	CA
1	16745127	92	AG
1	16745243	116	CT
1	16745654	411	GC
1	16745708	54	GC
1	16745927	219	TC
1	16746254	327	GA
1	16747248	460	AC
1	16748811	848	GC
1	16748892	81	AG
1	16749676	475	AG
1	16750048	372	CT
1	16750199	151	GC
1	16750972	586	CT
1	16751193	221	GA
1	16751198	5	AC
1	16751740	542	TC
1	16752423	327	AG
1	16752475	52	CT
1	16752526	51	AG
1	16752543	17	CT
1	16753048	471	CA
1	16753231	183	AG
1	16753397	166	AG
1	16753476	79	AG
1	16753589	113	TC
1	16753904	315	CT
1	16754018	77	TA
1	16754176	158	TC
1	16756126	1459	GA
1	16756241	115	CG
1	16756255	14	CT
1	16756605	269	GA
1	16757364	450	TG
1	16757468	104	CT
1	16757488	20	GA
1	16758883	981	GA
1	16759139	256	CT
1	16759219	80	AG
1	16760710	1491	AC
1	16761082	372	GA
1	16761334	252	AC
1	16762147	813	AG
1	16762253	106	AG
1	16762312	59	CT
1	16762314	2	GT
1	16762430	116	AG
1	16762957	527	GC
1	16763063	106	GA
1	16763669	408	AT
1	16765365	1696	CG
1	16765388	23	TC
1	16765391	3	GA
1	16765578	187	TC
1	16765832	254	TA
1	16766163	331	TC
1	16766900	737	CT
1	16767575	675	GA
1	16767781	206	AG
1	16767809	28	CG
1	16767890	81	TC
1	16767904	14	AG
1	16768415	260	AG
1	16768741	326	AC
1	16769167	426	GA
1	16769254	87	GA
1	16769300	46	CT
1	16770295	906	AC
1	16775284	1799	AC
1	16802323	711	AG
1	16802331	8	GC
1	16802549	218	GA
1	16824517	909	GA
1	16825646	886	AG
1	16826402	696	CT
1	16827565	622	AT
1	16829215	897	TG
1	16829235	20	CT
1	16829798	145	GC
1	16830072	274	CA
1	16832068	1089	TC
1	16832074	6	TG
1	16832534	261	GT
1	16834376	955	AC
1	16834479	103	TC
1	16834863	248	CG
1	16834870	7	AG
1	16837568	2605	TG
1	16840082	1948	CA
1	16840432	350	CT
1	16846878	4706	GA
1	16846893	15	TC
1	16846919	26	CT
1	16846923	4	CT
1	16848647	1551	CT
1	16848816	169	GA
1	16848916	100	AG
1	16849084	2	AG
1	16849176	92	GC
1	16851534	2199	CT
1	16856195	1746	CG
1	16859455	2430	AG
1	16859511	56	TA
1	16859693	182	GA
1	16860505	366	CG
1	16863366	1955	GA
1	16864556	440	GA
1	16864615	59	CT
1	16865475	860	TA
1	16867456	1236	CT
1	16868301	497	GC
1	16872972	1367	TC
1	16873230	258	GA
1	16873304	74	GT
1	16873674	370	AG
1	16873710	36	GA
1	16874807	511	TC
1	16874875	68	CT
1	16876214	1089	CG
1	16876324	110	CG
1	16879004	1593	GC
1	16879115	111	GT
1	16880664	641	GC
1	16880835	171	GA
1	16882863	1683	GA
1	16884235	1035	GC
1	16889103	2779	CT
1	16889369	266	GA
1	16889610	241	AT
1	16889618	8	CT
1	16889871	253	CT
1	16891174	911	AG
1	16891811	637	GA
1	16891887	76	AG
1	16892319	432	AG
1	16892330	11	CA
1	16893553	1092	GA
1	16895006	287	TG
1	16897118	663	TC
1	16897759	641	CT
1	16897832	73	AG
1	16897865	33	CA
1	16897901	36	TC
1	16898136	235	GA
1	16898527	82	CT
1	16898592	65	CT
1	16898597	5	CT
1	16898653	56	CT
1	16898670	17	GA
1	16898916	246	AT
1	16898921	5	GA
1	16899242	297	CT
1	16899734	139	CT
1	16900133	399	GT
1	16900213	80	AG
1	16900215	2	GA
1	16900701	393	GA
1	16900807	106	CT
1	16901244	63	CG
1	16902291	728	GC
1	16905117	835	GA
1	16905281	164	TG
1	16909628	2877	GC
1	16910421	793	TA
1	16910489	68	GC
1	16910545	56	TA
1	16912420	902	AG
1	16913147	727	GA
1	16913201	54	CG
1	16914819	441	GA
1	16914835	16	TC
1	16915627	564	TC
1	16916447	223	CA
1	16918343	1452	GA
1	16927076	7347	GT
1	16929893	2721	GA
1	16931828	1869	CT
1	16936664	4277	CT
1	16942251	5369	CT
1	16943781	1250	GA
1	16944251	470	AG
1	16944268	17	AG
1	16944300	32	GC
1	16944304	4	AC
1	16946433	1090	TG
1	16946507	74	GA
1	16947361	736	CT
1	16949815	1341	TC
1	16949951	136	AG
1	16952301	1668	GA
1	16952470	169	CT
1	16953069	348	CT
1	16953169	100	GA
1	16953179	10	GA
1	16953345	166	TG
1	16953718	373	GA
1	16954376	550	GT
1	16954584	208	GA
1	16954824	240	GC
1	16954865	41	CT
1	16954906	41	GA
1	16954942	36	AT
1	16955059	117	TG
1	16955347	91	GT
1	16956052	705	GC
1	16956197	145	CT
1	16956792	238	AG
1	16956817	25	AG
1	16956861	44	AG
1	16956868	7	TA
1	16956895	27	CT
1	16957062	167	GA
1	16957638	211	TC
1	16957715	77	GA
1	16958126	87	CG
1	16958346	86	CG
1	16958375	29	GA
1	16959559	350	GA
1	16959584	25	CT
1	16960985	601	CA
1	16961724	739	GA
1	16961784	60	GA
1	16961845	61	TC
1	16961974	81	GA
1	16962654	502	AG
1	16962954	300	TC
1	16963880	926	CT
1	16964027	147	TC
1	16964272	245	GA
1	16965967	1420	TC
1	16966285	277	CT
1	16967569	952	GC
1	16971824	2771	GA
1	16972342	518	GA
1	16973252	862	CT
1	16974815	447	GA
1	16974917	102	TC
1	16975020	103	AC
1	16975267	247	TC
1	16976800	740	GT
1	16977331	531	GA
1	16977424	93	GA
1	16977428	4	CT
1	16977781	162	TC
1	16977793	12	TC
1	16977827	34	AG
1	16977962	135	GA
1	16978038	76	CT
1	16979694	1132	GC
1	16979728	34	GA
1	16979735	7	GC
1	16980433	403	CT
1	16981437	256	CG
1	16981995	529	CT
1	16982739	319	CT
1	16983874	457	TA
1	16985158	352	TG
1	16985241	83	CT
1	16985729	191	TC
1	16986579	548	CT
1	16986660	81	TC
1	16987742	869	CT
1	16988169	427	CT
1	16988424	255	GC
1	16988464	40	GA
1	16988619	155	CT
1	16988646	27	GA
1	16989342	434	TA
1	16990246	386	CT
1	16990815	280	AC
1	16992029	1048	CT
1	16992101	72	GA
1	16993237	817	AG
1	16994552	919	CT
1	16996790	671	GA
1	16997092	302	GA
1	16997337	245	TG
1	17001104	1877	CT
1	17003971	2004	CT
1	17004269	213	CT
1	17005976	1599	GA
1	17007019	487	CT
1	17007274	255	AG
1	17012842	3824	TC
1	17012853	11	CT
1	17014807	1798	TC
1	17016909	776	AG
1	17016957	48	AC
1	17017038	81	CT
1	17017813	775	GC
1	17017931	118	CT
1	17019308	998	CT
1	17019494	130	GC
1	17019562	68	CT
1	17020323	692	AG
1	17020437	114	AG
1	17020905	468	CT
1	17021233	328	GA
1	17021300	67	CT
1	17021325	25	AG
1	17021373	48	CT
1	17022032	659	CT
1	17022256	224	AG
1	17022791	535	CT
1	17022893	102	GA
1	17023085	192	GT
1	17023742	249	AT
1	17024004	262	CT
1	17027895	1510	GA
1	17028221	326	TC
1	17028395	174	AG
1	17029253	497	GA
1	17030155	788	TC
1	17031004	849	TG
1	17031350	346	GT
1	17031516	166	AG
1	17031585	69	GA
1	17031955	370	GA
1	17032299	344	GA
1	17035004	2497	AG
1	17036074	594	CT
1	17036585	211	CT
1	17038802	1993	AG
1	17039403	574	CG
1	17039462	59	CT
1	17039580	118	TC
1	17039592	12	AG
1	17039593	1	TC
1	17039610	17	TG
1	17039813	137	AC
1	17040013	200	TC
1	17040334	321	GC
1	17040682	315	GC
1	17040791	76	TC
1	17040817	26	CT
1	17041099	282	AC
1	17041135	36	CT
1	17041363	228	TC
1	17041532	169	TC
1	17041538	6	CA
1	17041595	57	TC
1	17041662	67	AG
1	17041927	265	TC
1	17041947	20	TC
1	17041949	2	AG
1	17042016	67	GA
1	17042020	4	TC
1	17043193	811	CT
1	17043295	102	TC
1	17043627	34	GA
1	17043638	11	TG
1	17043728	90	CT
1	17043880	152	AG
1	17044252	372	CG
1	17044296	44	CT
1	17044632	336	TG
1	17044901	269	AG
1	17045889	864	CT
1	17046258	369	TC
1	17046607	349	TG
1	17046900	293	CT
1	17046956	56	TC
1	17047109	153	TG
1	17047187	78	GA
1	17047202	15	GT
1	17047253	51	GT
1	17047270	17	CA
1	17047272	2	CG
1	17047336	64	TC
1	17047459	123	GA
1	17047628	32	GC
1	17048153	208	TC
1	17050552	1814	CT
1	17050935	383	GA
1	17050986	51	TC
1	17050993	7	TC
1	17051026	33	CT
1	17051259	233	AC
1	17051354	95	GT
1	17051376	22	AG
1	17051429	53	CT
1	17051513	84	GA
1	17051531	18	GA
1	17051742	46	TC
1	17053111	1295	GC
1	17053783	672	TC
1	17054203	420	AG
1	17056088	994	GC
1	17056098	10	CT
1	17057074	827	CT
1	17057307	178	CT
1	17057534	227	GC
1	17057601	67	TC
1	17058761	1160	AC
1	17058818	57	AT
1	17059179	361	AG
1	17059720	424	AG
1	17061823	1293	AG
1	17062161	299	TC
1	17062342	181	GA
1	17062365	23	TG
1	17062418	53	GA
1	17062561	143	TA
1	17062594	33	AG
1	17062634	40	CG
1	17063288	550	AG
1	17063388	100	CT
1	17063501	113	TC
1	17063575	74	GC
1	17063770	49	CT
1	17063773	3	AT
1	17063794	21	CT
1	17065258	1246	GA
1	17065409	151	AG
1	17065593	184	GA
1	17068605	818	CT
1	17069282	677	CA
1	17071630	1646	CT
1	17072227	597	AG
1	17072698	471	GA
1	17072795	97	TC
1	17073065	270	GA
1	17073436	371	GA
1	17073867	240	GA
1	17073874	7	TC
1	17073880	6	CT
1	17074000	120	AG
1	17075631	1283	AG
1	17075685	54	TA
1	17076446	312	CA
1	17076632	186	AG
1	17076673	41	TA
1	17076837	164	TC
1	17077044	207	CT
1	17077210	166	GC
1	17077444	234	CG
1	17077478	34	AG
1	17077493	15	GA
1	17079174	268	GA
1	17079463	289	CT
1	17079677	214	AC
1	17080949	1035	GA
1	17080951	2	AC
1	17080972	21	AG
1	17082774	1260	GA
1	17092747	4286	CT
1	17094753	1586	GA
1	17095575	702	CT
1	17098437	2557	CT
1	17100912	1379	CG
1	17102192	1056	TC
1	17102790	517	AG
1	17103260	470	TC
1	17103810	399	GA
1	17103826	16	GA
1	17103898	72	AG
1	17104051	153	GC
1	17105283	1164	TC
1	17105373	90	TC
1	17105479	106	AG
1	17105875	396	CA
1	17107289	1285	CA
1	17107943	518	GA
1	17108448	505	GA
1	17108783	217	GT
1	17108856	73	CT
1	17108876	20	CT
1	17109030	154	AG
1	17109125	95	TC
1	17109945	759	GC
1	17110704	759	GA
1	17110787	83	TC
1	17110988	171	CT
1	17111428	440	GA
1	17111725	297	AC
1	17112317	556	GA
1	17112425	108	AG
1	17112428	3	GA
1	17113208	780	CT
1	17113341	133	CT
1	17118298	2017	CA
1	17121285	2841	GA
1	17125225	2159	TA
1	17126682	1457	GA
1	17128442	1414	CT
1	17130950	2399	AG
1	17132426	1323	GA
1	17132829	403	TC
1	17143470	6402	GA
1	17146663	2953	TC
1	17147218	265	CT
1	17151153	2897	CA
1	17152477	1153	CT
1	17154273	1312	TC
1	17155341	1068	TC
1	17155509	168	CG
1	17155565	56	CT
1	17155688	123	AG
1	17155714	26	TC
1	17155749	35	CT
1	17155761	12	CT
1	17157042	730	TC
1	17157823	567	GT
1	17159056	1233	AG
1	17163939	4121	AG
1	17163966	27	TC
1	17165120	487	GA
1	17165473	353	GT
1	17165814	341	CT
1	17165955	78	GA
1	17167028	1043	GA
1	17167249	221	CG
1	17167264	15	AG
1	17169259	1540	AG
1	17169397	138	GA
1	17182488	6280	GA
1	17184687	1924	CT
1	17189162	3410	CT
1	17194498	4449	GA
1	17194673	175	GA
1	17194693	20	TA
1	17194823	130	GA
1	17195690	592	CT
1	17195696	6	AG
1	17196010	314	GA
1	17196147	137	TC
1	17196491	344	TC
1	17196492	1	GA
1	17196537	45	TC
1	17197606	804	GA
1	17198381	775	CT
1	17199013	360	AG
1	17200171	512	AT
1	17202332	1384	AG
1	17203163	831	TC
1	17203175	12	GA
1	17203191	16	CT
1	17203916	725	TG
1	17204163	247	CT
1	17204955	792	AG
1	17209218	4181	AG
1	17210255	1037	AG
1	17212056	352	GC
1	17213458	375	TC
1	17213560	102	AG
1	17213774	132	AG
1	17213825	51	CT
1	17213834	9	AG
1	17214059	106	CT
1	17214311	210	GA
1	17216927	2034	TC
1	17217200	187	TC
1	17219918	2718	CG
1	17220553	635	GA
1	17220764	211	AC
1	17221994	1230	CG
1	17227669	5274	CA
1	17230210	2356	CG
1	17234076	2711	TC
1	17234086	10	AG
1	17234382	257	CT
1	17235144	485	AC
1	17235273	129	GA
1	17235805	532	GA
1	17235880	75	AT
1	17236771	547	GA
1	17236845	74	CT
1	17237003	158	CA
1	17238034	919	GC
1	17238127	93	AG
1	17238253	126	GA
1	17238343	90	TC
1	17238505	162	CT
1	17238651	146	TC
1	17238729	78	AG
1	17239531	730	AG
1	17240180	59	TA
1	17240320	54	CT
1	17241378	960	GA
1	17241451	73	GT
1	17242684	1110	AG
1	17243066	382	GA
1	17244167	1003	AG
1	17244402	235	AG
1	17245536	705	GT
1	17245542	6	CT
1	17245545	3	CT
1	17245546	1	AG
1	17245683	137	TC
1	17245687	4	TC
1	17245718	31	GT
1	17245865	109	GA
1	17245900	35	TC
1	17245968	68	AT
1	17246767	249	AG
1	17247246	426	CT
1	17247361	115	TC
1	17247748	387	TC
1	17247851	103	CT
1	17250913	2981	GA
1	17251340	427	CT
1	17254159	1813	AG
1	17256878	1972	TC
1	17258498	384	GA
1	17258619	121	TC
1	17258670	51	CT
1	17258838	168	CT
1	17261189	1347	TA
1	17263742	1114	TC
1	17265769	1255	CT
1	17265815	46	TC
1	17266947	707	TA
1	17272213	3175	GA
1	17272344	131	GA
1	17283323	6949	GA
1	17284669	754	GA
1	17295013	9881	CA
1	17320485	20554	CG
1	17322104	1598	CT
1	17322251	147	GA
1	17322809	221	GA
1	17323473	619	GA
1	17324374	864	TG
1	17326628	2081	AG
1	17326775	147	CG
1	17326969	194	AG
1	17327422	453	TC
1	17328451	1029	GA
1	17328866	415	CT
1	17339877	9704	CG
1	17341027	1150	GA
1	17341150	123	GA
1	17341394	244	GA
1	17344348	2037	CG
1	17347177	2347	AG
1	17347551	304	GC
1	17349379	1696	AG
1	17349548	169	GC
1	17351379	1564	CT
1	17351684	305	TC
1	17355568	3148	CA
1	17355659	91	TC
1	17355732	73	GT
1	17356554	769	GA
1	17358573	2019	GA
1	17367001	8169	CT
1	17369424	2320	GA
1	17371834	2186	GC
1	17371895	61	GA
1	17372101	206	TA
1	17372529	428	TA
1	17374019	1113	GA
1	17376972	1871	AG
1	17377108	78	GA
1	17378393	1151	AG
1	17381230	1229	GC
1	17385307	3158	CA
1	17385338	31	CA
1	17385682	344	GA
1	17388913	2344	GA
1	17390278	708	TC
1	17390417	139	CT
1	17390421	4	CT
1	17390612	191	GA
1	17390943	331	CT
1	17390993	50	GA
1	17391245	252	GA
1	17391393	148	CT
1	17392009	616	CT
1	17392249	240	CT
1	17392477	228	AG
1	17394044	1274	CG
1	17394045	1	GA
1	17394047	2	GA
1	17394052	5	AC
1	17394054	2	GT
1	17394577	523	GA
1	17397824	2571	AG
1	17405935	6127	CT
1	17406816	499	CA
1	17406976	160	GT
1	17407739	425	TC
1	17408663	924	CT
1	17409709	1046	GA
1	17410094	385	TC
1	17410757	663	GT
1	17411510	430	CA
1	17411599	89	AT
1	17415880	2057	TC
1	17418654	2527	GC
1	17418918	264	AG
1	17421080	2162	AT
1	17421437	357	GA
1	17425375	3938	CT
1	17426115	740	CG
1	17426141	26	TC
1	17426964	823	TA
1	17428856	1605	TG
1	17429398	542	GA
1	17429958	83	GA
1	17430708	425	AG
1	17432320	794	CT
1	17432594	274	GA
1	17432828	234	CA
1	17433402	574	TC
1	17433751	349	TC
1	17433915	124	GA
1	17433917	2	CG
1	17434394	477	GA
1	17435603	1080	GA
1	17435720	117	GA
1	17435755	35	GA
1	17435824	69	GA
1	17435873	49	CT
1	17436282	409	GT
1	17437013	572	CT
1	17438819	1774	GA
1	17438889	70	GA
1	17438980	91	AG
1	17440022	1042	GA
1	17441048	995	CT
1	17441405	326	GT
1	17444638	3079	CT
1	17444868	230	AG
1	17448007	2669	TC
1	17451281	2886	GA
1	17458112	607	TC
1	17462315	772	GA
1	17462731	85	GT
1	17465253	1151	CT
1	17466360	588	AG
1	17466896	536	TC
1	17466897	1	CT
1	17467140	83	TC
1	17467826	559	GC
1	17468444	443	CG
1	17471421	2669	GT
1	17472319	709	AT
1	17472366	47	TA
1	17473204	730	GA
1	17473869	639	TC
1	17475351	1348	CT
1	17479971	3149	GC
1	17480433	462	GC
1	17480446	13	GT
1	17480703	257	GA
1	17481327	624	CT
1	17481509	182	CG
1	17481531	22	GA
1	17482672	670	CT
1	17482941	269	AG
1	17483230	289	CT
1	17483711	481	AG
1	17483757	46	GA
1	17483989	232	CT
1	17485369	1380	TC
1	17485778	409	AG
1	17489721	2510	CA
1	17494106	3725	TC
1	17498226	961	AG
1	17498847	404	CT
1	17499645	148	CA
1	17501289	1080	AG
1	17501329	40	TA
1	17501339	10	GA
1	17503093	261	AC
1	17507045	3679	TC
1	17507429	384	TC
1	17507616	187	AG
1	17510035	2138	GA
1	17510520	485	CT
1	17514331	3628	GA
1	17514708	377	GA
1	17514758	50	AG
1	17514860	102	CG
1	17515759	869	GA
1	17517791	2032	GT
1	17517799	8	TC
1	17517854	55	CT
1	17520293	2084	GT
1	17527259	5203	TC
1	17528123	764	CA
1	17528124	1	TA
1	17528903	406	AG
1	17534055	2373	GA
1	17538920	4216	CT
1	17539512	592	GA
1	17541306	1794	GT
1	17541664	358	GC
1	17542659	915	TC
1	17545251	2322	CT
1	17555833	8520	TC
1	17556541	354	TC
1	17658456	64760	CT
1	17701221	20614	CT
1	17703877	1847	TA
1	17705222	1235	TG
1	17708407	2858	TC
1	17710001	720	CT
1	17711087	1015	AG
1	17711316	229	AG
1	17713102	1718	GA
1	17713197	95	CT
1	17713503	236	CT
1	17713746	243	AG
1	17713831	85	CA
1	17713918	87	GA
1	17713967	49	CT
1	17713980	13	AG
1	17714200	220	CT
1	17714637	437	GA
1	17714739	102	AC
1	17714755	16	AG
1	17715376	366	CT
1	17715391	15	TC
1	17715487	96	CT
1	17716596	1079	GT
1	17718164	1513	GA
1	17721292	2889	GC
1	17722080	744	GC
1	17722433	353	GC
1	17724938	2427	GA
1	17727261	1565	AT
1	17727682	137	GA
1	17727893	211	CA
1	17729406	1117	CT
1	17733552	1658	CG
1	17739237	3967	TG
1	17741202	1690	CT
1	17741725	458	CA
1	17742041	316	TC
1	17743989	1007	TC
1	17744687	615	AT
1	17744824	137	CT
1	17746110	917	TC
1	17746643	533	AG
1	17746817	174	TG
1	17749611	1777	AT
1	17752152	2228	CG
1	17752378	226	GA
1	17754931	1652	AG
1	17756464	1158	AG
1	17757461	958	CT
1	17758605	714	GA
1	17759197	592	CT
1	17759772	220	CG
1	17762358	1105	TA
1	17763273	445	CG
1	17767541	3015	CA
1	17769518	1811	CT
1	17769553	35	GC
1	17778143	3571	GC
1	17778258	115	CT
1	17783143	2814	AG
1	17783560	125	TG
1	17785824	639	GA
1	17786963	996	GT
1	17787980	897	GT
1	17788262	173	CT
1	17788276	14	TA
1	17790042	1190	CT
1	17790043	1	AG
1	17791393	1068	GA
1	17791394	1	AG
1	17793279	772	CT
1	17793503	224	GA
1	17796762	3259	CA
1	17802044	3260	TC
1	17804197	1822	CT
1	17804859	662	TA
1	17805593	576	GA
1	17805596	3	GA
1	17806188	592	GA
1	17807829	1030	CT
1	17808124	295	AG
1	17808157	33	TA
1	17808346	189	CG
1	17808648	151	GA
1	17811213	2201	GA
1	17814116	1851	TC
1	17814497	381	CT
1	17815139	642	TC
1	17815434	183	CT
1	17815577	143	CT
1	17830480	5728	AC
1	17848222	397	TC
1	17848715	453	AG
1	17852440	3122	CA
1	17852599	159	AG
1	17854057	1458	GC
1	17854788	731	AG
1	17854994	206	AG
1	17855044	50	TG
1	17856352	1308	CG
1	17856475	123	GC
1	17863014	2401	CG
1	17865228	1898	GC
1	17865705	396	TC
1	17870843	4825	AG
1	17871123	247	AG
1	17871320	197	CT
1	17871457	137	AG
1	17871464	7	GA
1	17872338	874	GA
1	17874780	2442	CT
1	17876653	1873	CT
1	17876815	162	AG
1	17877176	361	GA
1	17877526	350	CT
1	17878774	1222	CT
1	17879580	781	GC
1	17879806	207	AG
1	17881618	1812	CG
1	17882762	1066	GC
1	17882792	30	GA
1	17883060	268	GA
1	17883749	172	GC
1	17883791	42	GT
1	17885669	1306	GT
1	17886824	1130	GT
1	17887075	251	TC
1	17888191	593	GA
1	17891327	2032	TC
1	17893044	1230	CT
1	17893116	72	TC
1	17895701	1962	GA
1	17895794	93	CT
1	17897627	839	TG
1	17899752	1345	CA
1	17907254	5795	TC
1	17912660	354	AT
1	17914890	331	GA
1	17918525	894	AG
1	17921040	835	CT
1	17928147	2661	AG
1	17928594	243	CT
1	17937472	6106	TG
1	17941671	2018	AG
1	17942071	400	CT
1	17942737	497	TC
1	17950035	6822	CT
1	17950927	892	CT
1	17954402	2874	TC
1	17955673	881	CA
1	17957555	1453	CG
1	17965713	6312	CT
1	17965891	178	TC
1	17966598	343	AG
1	17967272	498	TC
1	17967739	467	AG
1	17967851	112	CT
1	17967888	37	TC
1	17967892	4	AG
1	17969956	543	CA
1	17970207	251	TG
1	17970239	32	GA
1	17970502	263	TC
1	17970566	64	AG
1	17970656	90	CA
1	17970995	339	AG
1	17971072	77	CA
1	17975055	2637	GA
1	17981354	2267	AT
1	17981514	160	GA
1	17983062	1120	GA
1	17987558	2095	AG
1	17988572	892	CA
1	17988587	15	TA
1	17990513	1384	CA
1	17992465	1882	GA
1	17992648	148	GA
1	17992657	9	CG
1	17992686	29	TG
1	17992717	31	TC
1	17992866	149	CT
1	17993044	178	CT
1	17993154	110	GA
1	17994104	950	TG
1	17994975	851	CT
1	17995794	819	GA
1	17996845	1051	AG
1	17996884	39	CT
1	17997664	615	GA
1	17997724	60	GT
1	17998016	292	TC
1	17998538	522	GC
1	17999083	545	AG
1	17999702	514	CT
1	18000476	736	CT
1	18000652	176	GA
1	18001692	492	GC
1	18001770	78	CT
1	18002794	881	AG
1	18003714	858	GA
1	18003858	144	AG
1	18004316	458	AG
1	18004479	163	CT
1	18004514	35	AG
1	18004532	18	TC
1	18004618	86	TC
1	18004627	9	CT
1	18004812	185	GC
1	18004964	152	AG
1	18004971	7	AG
1	18005400	429	CT
1	18005407	7	CA
1	18005649	242	CT
1	18005866	217	AG
1	18006031	165	TC
1	18006166	135	CT
1	18006237	71	GA
1	18006310	73	TC
1	18006676	146	CA
1	18006764	88	GT
1	18006799	35	AT
1	18006859	60	AT
1	18006874	15	TC
1	18007299	425	CG
1	18007430	131	CT
1	18008095	504	CT
1	18008126	31	CA
1	18008498	372	AG
1	18008649	151	GC
1	18008743	94	CT
1	18008766	23	TG
1	18008781	15	TG
1	18009356	553	CT
1	18009376	20	GC
1	18010004	628	TC
1	18010762	758	GA
1	18010897	135	AG
1	18011017	120	AG
1	18012542	652	CT
1	18013275	635	GA
1	18013635	360	CG
1	18013943	308	GA
1	18014387	444	GA
1	18015030	643	CT
1	18015647	617	GA
1	18017652	1802	GA
1	18017688	36	CA
1	18018465	777	TC
1	18021563	3019	GA
1	18022780	1217	GA
1	18024582	833	CT
1	18029340	3215	TG
1	18029523	183	TC
1	18032545	2969	AC
1	18034187	1096	CT
1	18034239	52	CT
1	18034513	274	CA
1	18044490	8599	GC
1	18067891	20307	GT
1	18068974	177	CG
1	18070605	520	TC
1	18070810	205	TG
1	18070849	39	GA
1	18070853	4	TG
1	18071226	373	CA
1	18071305	79	TC
1	18071306	1	AG
1	18071580	274	GA
1	18071581	1	CT
1	18071585	4	CT
1	18071708	123	GA
1	18071811	103	CT
1	18073079	1087	GT
1	18073568	489	TC
1	18074043	475	AG
1	18074999	911	TC
1	18075253	254	AG
1	18081632	5090	AT
1	18085645	3445	CT
1	18089091	2915	GA
1	18089890	799	AG
1	18090330	440	CA
1	18091382	1052	CT
1	18095338	3956	CT
1	18099991	3919	GA
1	18103501	2483	CT
1	18106030	765	TC
1	18107033	684	GA
1	18113188	5574	AT
1	18113954	568	GC
1	18113955	1	TG
1	18114103	148	GA
1	18115026	923	AG
1	18115103	77	TC
1	18115968	865	TG
1	18116056	88	AG
1	18116119	63	AG
1	18116329	191	GA
1	18117149	673	CT
1	18117361	156	AG
1	18117722	18	GA
1	18118900	1148	AT
1	18118928	28	GA
1	18119743	815	AG
1	18119751	8	GA
1	18119832	81	TC
1	18122192	1452	AT
1	18122655	149	GA
1	18123736	1081	AC
1	18125058	776	GA
1	18125340	253	TC
1	18125371	31	CT
1	18125941	517	GC
1	18125956	15	TC
1	18126243	287	GA
1	18128730	1100	TC
1	18129568	838	TC
1	18129814	246	AG
1	18130736	766	GT
1	18130809	73	TC
1	18131198	389	CG
1	18131211	13	CG
1	18131778	567	GA
1	18131925	147	GT
1	18132330	405	CA
1	18132655	325	CT
1	18132666	11	GC
1	18132700	34	GT
1	18133079	379	CT
1	18133173	94	TG
1	18133238	65	AG
1	18133277	39	AG
1	18133594	317	CA
1	18133771	177	GA
1	18133805	34	CT
1	18133810	5	AG
1	18133827	17	AG
1	18133851	24	AC
1	18134055	204	CT
1	18135175	946	GT
1	18135298	123	GC
1	18135299	1	CT
1	18136111	812	CA
1	18138121	1988	CG
1	18138124	3	AG
1	18138246	122	CT
1	18138351	105	CA
1	18138605	254	AG
1	18139590	783	GA
1	18139634	44	GT
1	18141099	1465	GA
1	18141665	566	AG
1	18141841	176	CT
1	18141882	41	GA
1	18141884	2	AG
1	18143762	1837	GC
1	18144481	719	CT
1	18144553	72	AG
1	18144612	59	AG
1	18146126	1514	GT
1	18146909	783	AG
1	18146913	4	CT
1	18147030	117	GA
1	18147355	325	AG
1	18148751	1396	AG
1	18149214	463	CG
1	18149773	559	TC
1	18150184	369	GA
1	18150210	26	AG
1	18150726	516	GA
1	18150861	135	TC
1	18150935	74	TC
1	18151315	380	CT
1	18152677	679	AG
1	18152682	5	AG
1	18153453	728	GT
1	18154647	864	AG
1	18155149	224	GA
1	18155454	305	TG
1	18155598	144	TC
1	18155722	124	CT
1	18155724	2	GA
1	18155881	157	AG
1	18155988	107	GC
1	18158122	2096	GA
1	18158269	147	GA
1	18159189	736	CT
1	18160033	844	GC
1	18161903	1243	GA
1	18162125	222	CG
1	18163441	1065	GC
1	18164851	1309	GA
1	18164895	44	TC
1	18164903	8	CT
1	18165092	62	CT
1	18165319	227	CA
1	18165320	1	AG
1	18165574	254	AG
1	18167461	1732	GT
1	18167548	87	GA
1	18168084	536	GA
1	18169231	1113	CG
1	18180384	9829	AC
1	18191168	9735	TC
1	18191832	664	GA
1	18192449	617	GT
1	18192512	63	GA
1	18192520	8	CT
1	18192770	250	GA
1	18193227	145	TC
1	18193228	1	CT
1	18193387	159	AC
1	18193403	16	CT
1	18193716	313	TC
1	18194070	271	GA
1	18194206	136	GA
1	18194717	448	CG
1	18194861	144	CT
1	18195277	416	AG
1	18196762	756	AG
1	18196883	121	GC
1	18197021	138	TC
1	18197112	91	AG
1	18197215	103	CG
1	18197265	50	GA
1	18197714	449	CT
1	18198044	330	CG
1	18198129	85	CG
1	18198229	100	TC
1	18200748	990	CT
1	18200910	162	GT
1	18200933	23	GA
1	18204038	1625	CT
1	18207607	1318	GC
1	18208849	918	TA
1	18209327	247	CG
1	18209769	305	TC
1	18210041	272	CG
1	18211052	519	AC
1	18211067	15	TC
1	18214026	1212	CA
1	18214090	64	TC
1	18214136	46	CT
1	18215633	836	TC
1	18216637	639	TG
1	18218047	1362	TC
1	18218160	113	GA
1	18219090	910	GA
1	18219544	306	TC
1	18221928	2270	CT
1	18222000	72	GA
1	18222293	293	TC
1	18223483	1190	CT
1	18225516	1679	TC
1	18225703	187	CG
1	18226308	255	AG
1	18226379	71	CT
1	18226554	175	GA
1	18227405	851	GC
1	18227650	214	AG
1	18228927	1198	CG
1	18229034	107	TC
1	18229072	38	GA
1	18229253	181	GC
1	18229454	201	TG
1	18229599	145	TC
1	18229857	258	CG
1	18229947	90	AC
1	18230348	401	CG
1	18230551	203	TG
1	18231138	587	TC
1	18232235	892	AC
1	18232763	528	TC
1	18232966	203	AG
1	18233525	535	AG
1	18234754	990	GA
1	18234755	1	CT
1	18234902	147	GA
1	18234992	90	CT
1	18235060	68	CT
1	18235544	484	GA
1	18235545	1	GT
1	18235602	57	GA
1	18236214	378	GA
1	18236242	28	CT
1	18237440	1067	GA
1	18237927	90	CT
1	18238387	460	CT
1	18239104	672	TC
1	18239342	176	TA
1	18248890	8504	CT
1	18249595	705	CT
1	18250878	1283	AG
1	18250886	8	CT
1	18250923	37	CT
1	18251310	387	GC
1	18252024	714	GA
1	18252827	702	CT
1	18254049	1135	AC
1	18254052	3	CT
1	18254378	326	TC
1	18256786	679	TG
1	18256881	95	CT
1	18257125	244	CT
1	18257908	321	CA
1	18258264	356	TC
1	18259990	1542	AG
1	18261283	1237	TC
1	18261366	83	CT
1	18261511	145	TC
1	18261828	317	CT
1	18262174	346	CT
1	18262384	210	AG
1	18262499	115	CT
1	18262592	93	TC
1	18262792	176	GC
1	18262967	175	TC
1	18263128	161	GC
1	18263599	471	AG
1	18263617	18	TG
1	18263821	204	AG
1	18263827	6	CT
1	18264040	213	AG
1	18264276	236	TC
1	18264534	258	GA
1	18264840	306	GC
1	18264904	64	CT
1	18265721	788	CT
1	18266096	375	TC
1	18266245	149	GA
1	18266269	24	TC
1	18266573	304	CT
1	18267818	1174	TC
1	18267883	65	TC
1	18268018	135	GA
1	18268214	196	TA
1	18268465	251	GA
1	18268577	112	AG
1	18268601	24	GA
1	18268781	180	TC
1	18270005	1181	CT
1	18270050	45	GA
1	18270454	404	TC
1	18270763	309	CT
1	18270956	193	TG
1	18271001	45	CT
1	18271049	48	CA
1	18275115	2608	GA
1	18283406	7158	CT
1	18287062	3134	CT
1	18290405	2363	GA
1	18300080	7799	GA
1	18300174	94	CT
1	18316427	10773	CT
1	18316784	357	GA
1	18316801	17	AC
1	18317817	186	CT
1	18319645	1742	TC
1	18320964	799	AG
1	18321011	47	AG
1	18322022	955	GA
1	19168261	638891	CT
1	19374098	148495	TC
1	19379520	4797	AT
1	19379527	7	GA
1	19380093	566	AG
1	19380738	645	AG
1	19381663	396	AG
1	19381715	52	CG
1	19381804	89	TG
1	19381849	45	TC
1	19382315	466	GA
1	19382440	125	CG
1	19382535	95	TC
1	19383689	637	GA
1	19384342	653	GA
1	19386078	1201	TG
1	19386445	367	AG
1	19387832	1056	GT
1	19387853	21	TC
1	19388183	330	AG
1	19394575	868	CT
1	19417757	13945	GC
1	19417967	210	AG
1	19418598	631	TA
1	19422980	3862	CG
1	19424937	1584	TA
1	19425890	672	TC
1	19429621	1189	TC
1	19429758	137	AG
1	19430603	636	AC
1	19430616	13	CT
1	19432899	1388	AG
1	19439657	3692	AG
1	19440009	278	AG
1	19440114	105	CT
1	19441562	923	GA
1	19441617	55	CT
1	19442749	817	TC
1	19443402	653	TC
1	19444072	495	TA
1	19445348	976	TC
1	19445482	134	CT
1	19446586	1104	GC
1	19447646	1060	CA
1	19447944	298	TG
1	19448936	837	GA
1	19450171	950	CT
1	19450257	86	GA
1	19451955	690	AG
1	19452252	297	AG
1	19452586	334	CT
1	19452724	138	TC
1	19453491	392	AT
1	19453699	208	CT
1	19454437	392	CT
1	19454482	45	GA
1	19454929	375	CA
1	19455182	253	CT
1	19455582	74	CT
1	19455745	163	AG
1	19455763	18	TC
1	19457272	169	TC
1	19457311	39	TG
1	19457312	1	TG
1	19457466	154	TC
1	19457476	10	TC
1	19457605	129	TG
1	19457627	22	AT
1	19457804	177	AC
1	19457810	6	AG
1	19457872	62	GT
1	19457887	15	GA
1	19458134	23	CT
1	19459519	1066	AG
1	19459552	33	CA
1	19459840	288	AG
1	19459924	84	AG
1	19459949	25	TC
1	19460117	168	CT
1	19460510	337	GA
1	19460814	239	TC
1	19461103	289	TC
1	19461117	14	GA
1	19461257	140	GT
1	19461403	146	AG
1	19461416	13	AG
1	19461537	121	CT
1	19461551	14	GA
1	19461677	126	CT
1	19463262	1051	AC
1	19463436	174	GC
1	19463437	1	GA
1	19463616	179	GA
1	19463689	73	AG
1	19464136	447	GT
1	19464261	125	TC
1	19464317	56	AG
1	19464474	157	CT
1	19464540	66	TG
1	19464553	13	CG
1	19464556	3	CT
1	19464751	195	AC
1	19464861	110	TC
1	19464912	51	AG
1	19465046	134	AC
1	19465059	13	TC
1	19465143	84	TC
1	19465230	87	CG
1	19465823	487	CG
1	19466065	242	TC
1	19466494	253	CT
1	19466547	53	CT
1	19469073	778	AG
1	19469180	107	TC
1	19469216	36	GA
1	19469286	70	CT
1	19469320	34	TG
1	19472190	1876	GC
1	19472219	29	GA
1	19472302	83	CG
1	19472318	16	GC
1	19472443	125	CT
1	19472458	15	CT
1	19472842	384	CT
1	19472934	92	GT
1	19473165	231	CT
1	19473354	189	AC
1	19473474	120	GA
1	19473620	146	CT
1	19474067	447	GC
1	19474550	483	TC
1	19474707	157	GA
1	19474981	151	AG
1	19477087	1272	GA
1	19477395	308	AG
1	19478178	783	GA
1	19478668	225	CT
1	19479403	297	TC
1	19479554	151	GT
1	19479672	118	CT
1	19479808	136	TG
1	19479821	13	GA
1	19480693	653	AG
1	19483870	2196	GA
1	19485157	1113	AG
1	19485368	211	CT
1	19488162	2502	CT
1	19492125	1370	CT
1	19492147	22	TC
1	19492170	23	TC
1	19492217	47	CT
1	19492314	97	AG
1	19492336	22	CG
1	19492430	94	TC
1	19494026	1596	CT
1	19494627	449	CT
1	19494761	134	TG
1	19495387	626	AG
1	19496349	718	CT
1	19498623	1334	TC
1	19498642	19	TC
1	19500324	1330	TG
1	19500387	63	TC
1	19500461	74	GC
1	19500476	15	CT
1	19500832	356	AG
1	19501188	356	GC
1	19501335	147	TC
1	19501497	86	GC
1	19501593	96	GA
1	19501755	162	GA
1	19502335	168	CT
1	19503730	869	AG
1	19504230	500	CT
1	19504244	14	CT
1	19504246	2	GA
1	19505233	987	GA
1	19507827	1926	TC
1	19508156	329	GA
1	19508350	194	TG
1	19514449	4252	CA
1	19518430	3151	TC
1	19519405	842	GT
1	19519441	36	CT
1	19519867	397	GA
1	19520559	692	AG
1	19521049	490	AC
1	19521365	316	CA
1	19521462	97	GT
1	19521466	4	TA
1	19521823	357	AG
1	19521852	29	GC
1	19522076	224	CA
1	19523580	1047	GA
1	19523908	239	TC
1	19523948	40	CT
1	19524848	900	CT
1	19526206	1182	AG
1	19526900	645	AG
1	19527545	645	GT
1	19527555	10	TC
1	19527596	41	CT
1	19527773	65	AG
1	19527992	219	AT
1	19528077	85	GT
1	19528078	1	TG
1	19528098	20	TC
1	19528143	45	CT
1	19528341	198	CT
1	19528348	7	TC
1	19528381	33	TC
1	19528751	240	GA
1	19528929	178	TC
1	19529193	264	TC
1	19529343	150	GA
1	19529353	10	AT
1	19529367	14	TC
1	19530008	478	TG
1	19530315	269	CT
1	19530395	80	AC
1	19530470	75	AG
1	19530487	17	CT
1	19531088	565	AG
1	19531142	54	AG
1	19531521	245	AG
1	19531578	57	CT
1	19532944	794	GT
1	19534286	966	CG
1	19534390	104	TG
1	19534921	531	CG
1	19536101	1065	GC
1	19537556	722	CT
1	19537557	1	GA
1	19538733	743	CT
1	19539180	447	GC
1	19539875	695	CT
1	19539973	98	TC
1	19540085	112	GC
1	19540439	354	AC
1	19541129	644	TG
1	19541286	157	TC
1	19541667	381	CT
1	19541947	280	GA
1	19543000	796	CT
1	19543299	299	GA
1	19543567	268	CT
1	19546477	571	TC
1	19547268	791	CT
1	19547405	137	GA
1	19547683	278	CT
1	19548194	470	AG
1	19548563	369	GA
1	19548849	103	TG
1	19548969	120	AG
1	19548986	17	AG
1	19549005	19	AG
1	19549374	285	AG
1	19549413	39	CT
1	19550351	469	GT
1	19551724	330	AG
1	19551764	40	GA
1	19551838	74	AC
1	19551882	44	GA
1	19551895	13	CT
1	19552511	299	AT
1	19552790	279	GA
1	19552792	2	GA
1	19553486	434	CT
1	19553645	133	TG
1	19553766	121	AT
1	19553818	52	TC
1	19554960	561	CG
1	19567791	2945	CG
1	19579936	6215	AG
1	19583055	2316	CT
1	19583541	306	AT
1	19583594	53	GA
1	19583684	90	AG
1	19583688	4	TC
1	19583747	59	CT
1	19583951	204	AC
1	19584052	101	CT
1	19584273	221	CT
1	19585988	291	GA
1	19586422	434	GA
1	19586532	110	AC
1	19587659	233	CT
1	19587708	49	TC
1	19588070	362	GA
1	19588269	199	AC
1	19590156	1184	CG
1	19590492	263	CT
1	19591080	89	AC
1	19591142	62	GT
1	19591251	109	GA
1	19591271	20	GA
1	19591387	116	AG
1	19591396	9	AT
1	19591829	433	AC
1	19591839	10	TG
1	19596032	1341	GA
1	19596039	7	GA
1	19596195	156	CT
1	19608408	6567	AG
1	19612624	2736	CT
1	19613338	305	GA
1	19614710	1157	GA
1	19616593	1819	AC
1	19618060	925	AG
1	19619229	906	CT
1	19619381	152	TC
1	19619716	335	GC
1	19619722	6	GA
1	19620071	349	AC
1	19620813	468	TG
1	19621196	235	GA
1	19621235	39	TA
1	19621350	115	TC
1	19621761	348	CT
1	19622000	239	TA
1	19622071	71	CT
1	19622601	530	CT
1	19623093	184	GT
1	19623109	16	GA
1	19623493	341	GA
1	19623567	74	CT
1	19624410	646	GA
1	19624893	483	CT
1	19625116	223	GA
1	19625152	36	GA
1	19625401	110	TC
1	19625402	1	GT
1	19625867	281	GC
1	19627163	49	TG
1	19628115	922	TC
1	19628332	217	AC
1	19628975	643	CT
1	19629320	345	AC
1	19630707	1094	GA
1	19636791	2073	AG
1	19636957	166	GC
1	19637678	721	AT
1	19640947	317	GA
1	19641075	128	CT
1	19641084	9	CT
1	19642595	979	GA
1	19643121	168	TA
1	19643187	66	CT
1	19643480	293	AG
1	19643481	1	AC
1	19643522	41	GT
1	19643622	100	GA
1	19643633	11	AC
1	19643724	91	CT
1	19644826	414	AG
1	19647329	863	AT
1	19648351	781	TA
1	19661303	5955	AG
1	19662748	1192	GA
1	19662980	232	TG
1	19663423	443	CT
1	19663668	245	AC
1	19664255	587	CT
1	19665304	799	GA
1	19668154	2048	CT
1	19668177	23	AG
1	19677955	5717	GA
1	19678021	66	GA
1	19678097	76	AC
1	19682804	380	AG
1	19683006	202	TC
1	19683255	249	TC
1	19683289	34	TC
1	19683326	37	CT
1	19683367	41	CA
1	19683542	175	TC
1	19683608	66	GA
1	19683629	21	CT
1	19683649	20	AG
1	19683706	57	CT
1	19683734	28	GT
1	19683735	1	AG
1	19683746	11	GC
1	19683799	53	GT
1	19684983	458	CT
1	19685018	35	CT
1	19685048	30	GT
1	19685839	302	AG
1	19686034	42	TG
1	19686053	19	AG
1	19686110	57	GA
1	19686195	85	GT
1	19686380	185	GA
1	19687078	654	AG
1	19687083	5	TG
1	19687092	9	TA
1	19687109	17	AC
1	19687608	194	AG
1	19687628	20	TC
1	19687637	9	GA
1	19687799	36	CA
1	19688560	414	AG
1	19688571	11	CT
1	19688592	21	AG
1	19688641	49	AG
1	19688656	15	GC
1	19688709	53	GA
1	19688728	19	TC
1	19688763	35	CT
1	19689500	321	AG
1	19689564	64	GA
1	19690236	672	TA
1	19691107	364	TC
1	19691113	6	TC
1	19694815	2153	AG
1	19695434	619	GA
1	19695444	10	CT
1	19696941	247	AG
1	19697372	161	GA
1	19697826	391	GA
1	19700645	2068	GC
1	19701266	621	GA
1	19701495	229	TC
1	19703715	817	GA
1	19704173	458	AG
1	19704373	200	CT
1	19704924	327	GC
1	19705282	181	CA
1	19705309	27	CG
1	19706286	846	TG
1	19706300	14	CT
1	19714750	4352	CA
1	19715121	270	GC
1	19717753	996	CT
1	19717777	24	TA
1	19717810	33	GA
1	19720144	1165	GC
1	19720207	63	TC
1	19721499	726	AG
1	19721726	227	AG
1	19721733	7	CT
1	19721735	2	AG
1	19721845	110	AG
1	19721974	129	TC
1	19721976	2	GA
1	19722440	317	GA
1	19722455	15	AG
1	19722565	110	CA
1	19730003	4764	AC
1	19730045	42	AG
1	19730879	834	AT
1	19731304	293	GA
1	19732044	344	GA
1	19732210	166	AG
1	19732717	472	TC
1	19733367	650	TC
1	19734006	210	GA
1	19734032	26	CA
1	19734050	18	GA
1	19734052	2	GT
1	19734059	7	CT
1	19734071	12	GA
1	19734110	39	CA
1	19734212	102	CA
1	19734604	111	GT
1	19736815	853	CT
1	19736923	108	CG
1	19736960	37	CT
1	19737031	71	GA
1	19737260	229	TG
1	19739138	299	TA
1	19739266	128	AC
1	19739641	78	GA
1	19739733	92	GT
1	19739819	86	TC
1	19740426	102	AG
1	19741090	358	GA
1	19741229	139	CT
1	19741445	187	TA
1	19741783	338	TC
1	19741905	122	GA
1	19741966	61	TC
1	19742135	33	AG
1	19742240	105	CT
1	19742489	249	CG
1	19742985	496	CA
1	19744053	426	TA
1	19744285	232	GA
1	19744307	22	AG
1	19744348	41	GT
1	19744361	13	CT
1	19744435	74	GA
1	19744450	15	AG
1	19744595	145	AG
1	19744915	146	GA
1	19745241	63	CT
1	19745242	1	AG
1	19745540	298	CT
1	19745550	10	CT
1	19746052	502	TA
1	19747106	616	CT
1	19747129	23	AG
1	19747396	267	TG
1	19747412	16	TA
1	19747796	384	AC
1	19749462	449	TC
1	19749491	29	GT
1	19749641	150	GA
1	19749713	72	CA
1	19751383	1495	AG
1	19757050	1832	CA
1	19757851	801	GA
1	19758935	925	AC
1	19759032	97	AG
1	19759353	279	AG
1	19759371	18	TC
1	19759486	115	AG
1	19759686	200	GA
1	19761067	917	TC
1	19761247	180	CT
1	19761248	1	CG
1	19765639	1494	TG
1	19767603	1204	CT
1	19767732	129	AG
1	19768663	504	CT
1	19776920	4963	AG
1	19777289	305	TA
1	19777421	132	GA
1	19778409	570	TC
1	19779311	362	TC
1	19780798	227	CA
1	19780799	1	CG
1	19782078	422	CT
1	19782127	49	AC
1	19783240	711	AT
1	19784996	1524	TC
1	19785034	38	CT
1	19785776	419	AG
1	19787780	1030	TG
1	19789867	1448	GA
1	19789976	109	GA
1	19790024	48	GC
1	19790217	193	GA
1	19790300	83	AC
1	19791497	671	AG
1	19791902	85	GA
1	19792256	228	AG
1	19792501	102	GC
1	19792611	110	AT
1	19792673	62	AG
1	19792680	7	GA
1	19793703	999	CT
1	19794044	341	AG
1	19798172	181	TA
1	19798317	120	GA
1	19798362	45	AC
1	19798456	94	CA
1	19798480	24	TG
1	19799090	610	TC
1	19799179	89	AG
1	19799607	428	AT
1	19799803	196	GA
1	19802539	1727	CT
1	19803232	418	GT
1	19803233	1	GC
1	19803302	69	GA
1	19804115	35	TG
1	19804626	91	AT
1	19804707	81	CA
1	19804729	22	GC
1	19805365	636	TC
1	19806076	163	GC
1	19806127	51	AG
1	19807322	1050	GA
1	19807943	458	AG
1	19808508	565	AG
1	19808531	23	CA
1	19809112	461	TC
1	19809142	30	TC
1	19810266	99	CT
1	19810282	16	TA
1	19810351	69	AG
1	19821840	6117	CT
1	19822635	795	AT
1	19822961	159	AG
1	19825170	1517	CT
1	19826378	216	GT
1	19827166	249	CT
1	19827211	45	CT
1	19827250	39	TC
1	19827564	314	TC
1	19828118	268	CT
1	19828126	8	CT
1	19828231	105	CT
1	19828397	166	AC
1	19829402	543	CT
1	19829743	341	GA
1	19830373	630	AG
1	19831106	436	GA
1	19831713	357	GA
1	19831716	3	CT
1	19831739	23	AG
1	19831997	135	TC
1	19833148	199	AG
1	19837864	328	TG
1	19843462	2026	CA
1	19852392	2432	AG
1	19853414	1022	AG
1	19855132	1509	GA
1	19857452	1496	CT
1	19858384	747	AG
1	19858690	170	AG
1	19858874	184	CT
1	19859143	269	GC
1	19859501	301	TG
1	19860788	674	AG
1	19861141	294	CA
1	19861142	1	AG
1	19861973	788	GA
1	19862177	204	CT
1	19865696	1050	AG
1	19866144	70	AT
1	19866410	266	GA
1	19867815	904	AC
1	19870920	2022	AG
1	19871422	272	CA
1	19871683	261	CT
1	19877279	425	AG
1	19877759	480	TC
1	19878163	283	GA
1	19878700	537	GT
1	19879350	650	AG
1	19879354	4	TG
1	19880634	849	AG
1	19881124	172	CT
1	19881499	375	GC
1	19881828	329	GA
1	19881880	52	AG
1	19881980	100	GA
1	19882377	397	TA
1	19885239	1378	CT
1	19885809	356	TC
1	19885832	23	GA
1	19887285	639	TA
1	19888037	590	CT
1	19888630	353	CT
1	19889475	537	AG
1	19891814	1292	AT
1	19892112	250	TG
1	19892761	565	AG
1	19894113	208	AG
1	19894711	220	TA
1	19896274	727	TC
1	19897171	897	GA
1	19897272	101	CA
1	19897887	542	AG
1	19898137	250	TA
1	19898193	56	CT
1	19898334	107	TC
1	19898407	73	CT
1	19898647	240	GT
1	19898832	185	CT
1	19899592	589	AG
1	19899660	68	GA
1	19899684	24	AC
1	19901601	748	GA
1	19903651	272	TG
1	19903661	10	CA
1	19923975	1486	AG
1	19924184	209	AT
1	19927114	838	GT
1	19928306	808	CA
1	19929259	775	GA
1	19929684	425	GA
1	19935825	4585	CT
1	19938333	2106	TC
1	19938888	555	TC
1	19943831	3151	GA
1	19944437	166	AC
1	19945100	450	GA
1	19945752	652	AG
1	19945798	46	CT
1	19946741	868	GA
1	19947109	368	GA
1	19947122	13	CA
1	19947331	209	GA
1	19947345	14	GA
1	19947423	78	GA
1	19947450	27	CT
1	19947521	71	CT
1	19947764	243	AT
1	19947765	1	TA
1	19947834	69	GA
1	19950152	1277	AG
1	19950931	259	CT
1	19951163	232	TG
1	19951513	350	CT
1	19951552	39	TC
1	19951580	28	GC
1	19951587	7	AG
1	19951657	70	AG
1	19952122	168	CA
1	19954124	925	AT
1	19954247	123	TA
1	19954248	1	CT
1	19955922	1468	CT
1	19956839	452	CT
1	19957053	125	TC
1	19957146	93	GA
1	19958638	808	GA
1	19958812	174	TC
1	19958987	175	TC
1	19959103	116	GA
1	19959190	87	GA
1	19960406	551	GA
1	19962125	1623	GA
1	19963184	1031	GC
1	19963715	335	CT
1	19965179	980	CT
1	19965874	290	CT
1	19966171	103	TC
1	19968404	1331	AC
1	19968651	247	CT
1	19968953	302	CT
1	19969601	648	GT
1	19969825	224	CT
1	19969861	36	AG
1	19969878	17	GA
1	19970257	266	AG
1	19970815	380	GA
1	19970896	81	GA
1	19971953	348	TC
1	19972287	334	GA
1	19972455	168	CT
1	19972500	45	TC
1	19972767	267	GA
1	19973363	330	CG
1	19984395	9105	GA
1	19986466	1174	CT
1	19989047	1586	AG
1	19990700	865	CT
1	19996108	1829	AG
1	19999047	1550	AT
1	20000024	24	TG
1	20000051	27	GT
1	20000717	608	TC
1	20001037	320	CA
1	20001356	114	GA
1	20001401	45	CT
1	20001501	100	CT
1	20002864	1363	AT
1	20004474	1610	GC
1	20004678	80	CT
1	20004988	310	GT
1	20005058	70	CT
1	20005062	4	TC
1	20005152	90	GA
1	20005214	62	TC
1	20005269	55	GT
1	20005482	176	GT
1	20005485	3	TC
1	20006249	764	CA
1	20007130	468	CT
1	20010116	2211	AC
1	20010292	176	AG
1	20010789	497	AC
1	20010836	47	GT
1	20010983	147	TC
1	20011078	95	GT
1	20015546	2916	GA
1	20016668	800	GA
1	20017184	516	CT
1	20017466	282	GT
1	20017472	6	GA
1	20022334	4153	TC
1	20043200	17207	GT
1	20043201	1	CT
1	20056472	9802	CT
1	20066611	9158	GC
1	20066669	58	CT
1	20067576	422	AG
1	20068916	675	TC
1	20069100	184	GT
1	20069884	572	GA
1	20070056	172	GC
1	20070168	112	CT
1	20071347	768	GC
1	20074383	1082	GC
1	20074426	43	CT
1	20075319	651	GA
1	20080468	1427	CT
1	20080561	93	CT
1	20080665	104	CA
1	20081127	399	GA
1	20081136	9	CT
1	20081201	65	TC
1	20081227	26	AG
1	20081263	36	CT
1	20081277	14	TC
1	20081881	279	CT
1	20081900	19	GC
1	20082118	81	AG
1	20082240	122	CA
1	20082795	555	TC
1	20082836	41	AG
1	20082972	136	GA
1	20083295	323	TC
1	20083316	21	TC
1	20084137	821	CG
1	20085252	1006	GA
1	20086134	31	CG
1	20086135	1	GC
1	20086151	16	TG
1	20086602	76	TC
1	20086603	1	GA
1	20086817	214	AG
1	20086840	23	TC
1	20087008	168	TC
1	20087982	920	GA
1	20088230	127	GA
1	20088453	223	CT
1	20089020	567	TC
1	20089352	197	AG
1	20093728	3977	GA
1	20093859	131	CT
1	20109004	8897	CG
1	20109030	26	GC
1	20109399	369	GA
1	20109571	172	CT
1	20109765	194	CT
1	20109769	4	GA
1	20110263	494	CT
1	20110324	61	GA
1	20111149	198	CT
1	20111279	130	GA
1	20111606	233	GA
1	20112687	1051	GA
1	20114579	1236	GA
1	20114734	155	AG
1	20115936	67	TC
1	20116329	334	TA
1	20116340	11	TC
1	20116690	350	AG
1	20116709	19	GA
1	20116839	130	TC
1	20117064	99	TG
1	20117273	209	AG
1	20117277	4	TC
1	20117692	127	AG
1	20118430	738	CT
1	20119583	864	CA
1	20119859	178	TA
1	20120072	178	CT
1	20120449	253	TA
1	20120991	542	CT
1	20121015	24	CG
1	20121967	750	AT
1	20122105	138	CG
1	20122164	59	CT
1	20122337	173	CT
1	20122670	208	CT
1	20122736	66	AG
1	20123175	237	GA
1	20123250	75	CT
1	20123573	248	CT
1	20131913	7864	AC
1	20137168	4911	AG
1	20141039	3358	CT
1	20141111	72	CT
1	20141562	451	GA
1	20142266	704	GA
1	20144981	2346	GA
1	20144986	5	GA
1	20146617	923	AG
1	20147713	563	GT
1	20153328	4073	AG
1	20153519	191	GA
1	20154577	744	GA
1	20155167	590	CT
1	20155375	208	AG
1	20155458	83	AG
1	20155896	384	GA
1	20156949	777	CT
1	20157061	112	AG
1	20157554	493	AG
1	20157877	323	CT
1	20158637	626	AG
1	20159334	697	CG
1	20160648	1063	GA
1	20160724	76	TC
1	20161920	1002	AG
1	20163398	1118	AG
1	20163965	540	GA
1	20164603	368	TG
1	20165030	325	TG
1	20165044	14	TC
1	20165064	20	AG
1	20167297	1036	GT
1	20167639	320	CT
1	20169307	1525	GT
1	20169664	357	AC
1	20170953	1142	CA
1	20172136	1026	AG
1	20172141	5	AT
1	20173023	552	CT
1	20173246	223	GA
1	20173250	4	CT
1	20173293	43	TC
1	20173490	197	CT
1	20173861	371	GC
1	20173873	12	GA
1	20176057	1513	CT
1	20176127	70	CT
1	20176331	204	CA
1	20176335	4	GA
1	20176520	185	TG
1	20176558	38	GA
1	20176634	76	TA
1	20178386	1054	TC
1	20179736	1090	CT
1	20181707	1438	CG
1	20181732	25	GA
1	20181913	181	GA
1	20181940	27	GA
1	20181989	49	GA
1	20183405	1416	CT
1	20184130	725	GA
1	20184285	155	CT
1	20184523	238	TC
1	20184660	137	GC
1	20185546	799	GA
1	20185765	219	CT
1	20185863	98	TG
1	20185880	17	AG
1	20185910	30	AG
1	20185914	4	GC
1	20186524	53	GA
1	20186760	139	CG
1	20186776	16	AG
1	20186815	39	TC
1	20187956	410	AG
1	20188585	243	GA
1	20188804	80	TC
1	20188842	38	CT
1	20189661	122	GA
1	20189682	21	CT
1	20189811	129	AC
1	20190006	195	TC
1	20190968	962	GA
1	20191172	204	GA
1	20191542	370	TC
1	20191748	206	CT
1	20192594	480	AG
1	20192735	141	TC
1	20192818	83	CT
1	20192975	157	TC
1	20192976	1	GA
1	20193139	163	AG
1	20193669	530	CT
1	20193770	101	CT
1	20193771	1	CG
1	20193952	181	CA
1	20194204	252	GA
1	20194475	271	TC
1	20195136	612	GA
1	20202377	5822	CA
1	20203132	482	CT
1	20203207	75	GA
1	20204847	1330	AG
1	20204878	31	TC
1	20209868	320	GA
1	20209934	66	GA
1	20210385	451	CT
1	20210567	182	GA
1	20210928	361	AG
1	20211612	235	TC
1	20213244	478	AG
1	20213254	10	CA
1	20216611	2102	CA
1	20218424	1591	AC
1	20219719	766	GA
1	20220323	186	GT
1	20220445	122	CT
1	20220844	209	TC
1	20221199	42	CT
1	20221249	50	AT
1	20221371	122	AG
1	20221378	7	TC
1	20221672	294	TC
1	20221799	127	GT
1	20221801	2	CT
1	20221886	85	TC
1	20221957	71	TC
1	20222833	641	TC
1	20222836	3	AG
1	20222970	115	GA
1	20223196	226	CT
1	20223314	118	AC
1	20223709	395	AC
1	20224454	745	GA
1	20224631	177	AG
1	20225032	401	AC
1	20225346	314	GC
1	20225907	490	AG
1	20225909	2	GA
1	20226393	465	CT
1	20226715	322	CT
1	20228250	634	GA
1	20228308	58	AT
1	20228383	75	CT
1	20228387	4	TC
1	20229107	391	GT
1	20230072	497	AG
1	20230629	557	TC
1	20231414	381	TG
1	20231462	48	GT
1	20231745	283	AG
1	20231780	35	CT
1	20231871	91	TC
1	20232449	370	GA
1	20232463	14	GC
1	20232514	51	CG
1	20232566	52	TA
1	20232602	36	GA
1	20232805	203	GA
1	20232847	42	GA
1	20232896	49	AG
1	20232917	21	AG
1	20234123	984	AC
1	20236151	1201	CT
1	20237637	1066	CT
1	20240557	2392	GA
1	20240666	109	TC
1	20240808	142	GA
1	20240822	14	TA
1	20240893	71	AG
1	20241227	334	CT
1	20241401	174	TC
1	20241478	77	TG
1	20241500	22	GT
1	20241558	58	CT
1	20241781	223	TC
1	20241921	140	CA
1	20242263	342	GA
1	20242650	387	CT
1	20242802	152	CG
1	20248220	1765	CA
1	20248277	57	GA
1	20248498	221	TC
1	20248543	45	CT
1	20248557	14	GA
1	20248908	351	GA
1	20248911	3	GA
1	20249020	109	GA
1	20249507	150	GT
1	20249742	235	AT
1	20250393	558	AT
1	20250552	159	AT
1	20252014	1368	AG
1	20252340	326	AG
1	20253155	499	GA
1	20253177	22	AG
1	20254052	875	AC
1	20254184	132	AT
1	20254505	321	GA
1	20254638	133	CG
1	20254784	146	CA
1	20256431	1083	TC
1	20258316	1039	GA
1	20260164	1563	TA
1	20261662	624	AG
1	20261738	76	GA
1	20262056	318	GA
1	20263274	346	AC
1	20263300	26	TC
1	20263362	62	TC
1	20270787	315	AG
1	20271308	521	CT
1	20271825	319	CT
1	20273576	1069	GA
1	20273637	61	AG
1	20274294	505	CT
1	20274599	266	AG
1	20274637	38	GA
1	20274703	66	AG
1	20274817	114	AT
1	20275117	300	CT
1	20277171	2054	AG
1	20277880	692	TG
1	20327681	34861	CT
1	20351554	14352	AG
1	20352564	670	TA
1	20360201	5141	CT
1	20414346	38468	CT
1	20417838	1034	CT
1	20419229	869	CT
1	20419292	63	AG
1	20419652	301	AG
1	20419947	225	AC
1	20422061	1753	AG
1	20422301	156	TA
1	20422395	94	GA
1	20425020	1063	AT
1	20425165	145	TA
1	20426110	808	TC
1	20426721	531	GC
1	20438858	899	TA
1	20440273	567	GA
1	20440498	225	CT
1	20440721	156	GT
1	20440940	219	CT
1	20441282	342	AG
1	20442027	178	TC
1	20442726	283	CT
1	20442885	159	AG
1	20442915	30	GT
1	20443890	975	GA
1	20447153	1819	CG
1	20448081	534	GA
1	20448726	595	AG
1	20448861	135	GT
1	20448910	49	AT
1	20449335	403	AT
1	20450565	518	TC
1	20451815	598	TC
1	20452014	108	AG
1	20452785	471	CT
1	20452863	78	AG
1	20453444	581	GA
1	20453892	366	TG
1	20455156	946	CT
1	20456407	1202	GA
1	20462113	545	AG
1	20463380	1093	CT
1	20466435	1624	AT
1	20468655	1713	CT
1	20472904	3233	AC
1	20479541	1626	CA
1	20481863	1133	TC
1	20483929	1514	CA
1	20485142	945	TC
1	20486683	745	AG
1	20486786	103	GT
1	20486787	1	AG
1	20487166	379	TC
1	20487696	530	GA
1	20489203	798	TA
1	20492855	2296	GA
1	20508342	6793	AG
1	20509683	1045	TG
1	20510622	447	TC
1	20510688	66	CT
1	20510845	157	TC
1	20511649	701	GA
1	20512339	216	CT
1	20513760	527	GT
1	20515171	971	TC
1	20517831	1657	GC
1	20530905	10272	TC
1	20533662	1775	AC
1	20537756	1037	GA
1	20543276	3850	GT
1	20544805	598	GA
1	20546398	1023	TC
1	20546833	293	GC
1	20547015	182	CT
1	20548105	778	GA
1	20548914	726	TG
1	20549222	308	AG
1	20551135	1178	CT
1	20556222	4446	GA
1	20557129	632	TC
1	20557337	208	AG
1	20557421	84	TG
1	20561109	2293	CT
1	20561544	312	GA
1	20561580	36	GA
1	20561863	283	AG
1	20562039	176	AC
1	20564091	1976	CT
1	20564101	10	TC
1	20570363	5461	TC
1	20572574	2040	AG
1	20572703	129	CT
1	20573223	437	AG
1	20575624	1592	AG
1	20576298	674	CT
1	20576718	420	TC
1	20576765	47	AG
1	20579492	1343	CT
1	20581537	1794	CT
1	20582317	780	CT
1	20582802	485	GA
1	20584179	1346	AG
1	20584497	288	GA
1	20585503	961	GA
1	20587112	1609	CT
1	20588235	1123	AG
1	20588464	205	CT
1	20588592	128	CT
1	20593487	4862	GT
1	20593710	223	TC
1	20595320	1325	TC
1	20595799	479	CT
1	20597309	1221	AG
1	20597420	111	CA
1	20597626	206	AG
1	20597801	175	TG
1	20598681	880	AG
1	20598714	33	GT
1	20598726	12	AG
1	20600599	1853	CT
1	20600655	56	CG
1	20600924	241	GA
1	20600959	35	CT
1	20601360	384	CT
1	20601990	630	CT
1	20602038	48	CT
1	20602304	266	AG
1	20602683	379	TC
1	20603266	583	GA
1	20603341	75	CT
1	20603858	517	GA
1	20603931	73	CG
1	20604138	207	CT
1	20604369	231	GA
1	20605008	639	TA
1	20605010	2	GA
1	20605676	666	CT
1	20605950	274	CG
1	20605997	47	CG
1	20606010	13	GT
1	20606289	279	TC
1	20606792	503	GA
1	20607489	655	CA
1	20609049	415	TC
1	20609342	293	GA
1	20609556	214	CT
1	20609800	244	CT
1	20610250	411	GA
1	20610501	251	GT
1	20610518	17	GC
1	20610547	29	GA
1	20610569	22	CT
1	20612089	1503	CT
1	20612126	37	CT
1	20612613	487	TC
1	20613507	730	CG
1	20613878	371	GA
1	20615249	1233	GA
1	20615426	177	CT
1	20615672	246	TC
1	20616482	778	AT
1	20616512	30	CG
1	20617014	502	CT
1	20617157	143	AG
1	20617239	82	GC
1	20617350	111	AG
1	20617507	157	GA
1	20618322	815	GA
1	20618950	415	GA
1	20619415	465	TC
1	20619426	11	TA
1	20619773	347	CT
1	20620126	39	CT
1	20620155	29	CT
1	20620189	34	CT
1	20620388	199	AG
1	20621799	1250	GA
1	20624464	2296	TC
1	20625310	727	AC
1	20625858	548	GT
1	20631094	4268	CG
1	20634105	1737	AG
1	20634972	806	AG
1	20635726	754	AC
1	20635816	90	TA
1	20635904	88	GT
1	20636181	20	AT
1	20640905	3951	CG
1	20643761	2398	AG
1	20665677	13181	CT
1	20689670	20455	GC
1	20689705	35	GA
1	20689872	167	TC
1	20689911	39	TC
1	20690713	802	CT
1	20692197	1484	GA
1	20693096	807	CG
1	20693267	171	TC
1	20693466	199	AG
1	20693858	392	AG
1	20697615	3649	CA
1	20703478	5122	GT
1	20703652	126	AG
1	20703680	28	TC
1	20705000	1320	CT
1	20705173	173	GA
1	20705437	264	AC
1	20719856	2343	GA
1	20719895	39	TG
1	20720021	126	TC
1	20720089	68	CG
1	20721002	913	TC
1	20722266	1264	AG
1	20722671	405	CT
1	20723675	862	CG
1	20723677	2	CT
1	20725131	1424	GA
1	20727479	1705	TC
1	20727502	23	GA
1	20727603	101	CT
1	20728290	687	CT
1	20729841	1551	GA
1	20731431	1590	GA
1	20734321	2397	CT
1	20735149	828	AG
1	20735218	69	CT
1	20735350	132	CT
1	20737431	2052	CA
1	20737933	502	CG
1	20738152	219	TC
1	20738731	579	GT
1	20739235	504	CT
1	20740886	1436	CT
1	20741878	918	CT
1	20744334	1978	GA
1	20746699	2087	CT
1	20747376	398	GA
1	20750995	2329	CT
1	20753090	1515	CT
1	20753887	296	CT
1	20754069	182	CT
1	20756892	965	TC
1	20757674	782	CT
1	20759490	1319	CG
1	20759617	127	CG
1	20762972	2925	GA
1	20763571	599	CT
1	20765726	1485	CT
1	20765948	222	TC
1	20779574	5240	CT
1	20780604	409	GA
1	20781283	679	TC
1	20784257	2496	AT
1	20791612	5356	AG
1	20791851	239	TC
1	20792660	809	TC
1	20797079	3061	CT
1	20799803	2261	GA
1	20809692	4966	TC
1	20813819	895	GT
1	20815436	1332	AC
1	20816516	518	CT
1	20816751	68	AG
1	20817124	373	GA
1	20817644	144	AG
1	20817648	4	CT
1	20817659	11	TC
1	20822860	2384	TG
1	20824963	1070	GA
1	20825716	694	CT
1	20827898	1505	GA
1	20828480	582	CT
1	20829060	580	CA
1	20829166	106	CT
1	20829588	422	GA
1	20830147	559	GA
1	20830967	820	AG
1	20834084	2778	AG
1	20835029	863	AG
1	20835334	305	GT
1	20853069	16760	GC
1	20853399	330	TC
1	20853645	211	GA
1	20862640	8067	AG
1	20862928	288	AG
1	20863163	235	CT
1	20863331	132	TC
1	20863350	19	CG
1	20863402	52	TC
1	20863444	42	CT
1	20863585	92	GA
1	20863908	323	TG
1	20863921	13	AG
1	20864254	132	GC
1	20864805	488	TG
1	20864808	3	GA
1	20865492	402	GA
1	20865510	18	AG
1	20865662	111	CT
1	20866152	490	GA
1	20873344	4141	CA
1	20873466	122	CG
1	20873983	459	GA
1	20874349	273	CT
1	20874559	210	CA
1	20874603	44	CT
1	20874804	201	TG
1	20874854	50	AG
1	20875194	340	CG
1	20875305	62	CT
1	20875398	93	AC
1	20875406	8	TA
1	20875515	109	GA
1	20875967	452	TC
1	20876589	622	TC
1	20876812	223	CT
1	20876947	135	CG
1	20877133	186	TC
1	20877687	554	TC
1	20878397	710	CT
1	20878398	1	AG
1	20878571	173	CG
1	20878814	243	CT
1	20878976	129	GA
1	20879788	743	GA
1	20882123	2165	GA
1	20882666	543	TG
1	20883399	580	GC
1	20885445	573	CT
1	20885615	170	TC
1	20885924	309	CT
1	20886222	298	TG
1	20893241	5087	TC
1	20896036	2667	CA
1	20898791	1646	GT
1	20899736	945	TC
1	20899778	42	TC
1	20899872	94	AG
1	20899890	18	CT
1	20899938	48	TC
1	20900018	80	GA
1	20900063	45	AG
1	20900204	141	CT
1	20900530	326	CT
1	20902510	1844	TC
1	20905061	1149	CT
1	20909681	3133	CG
1	20910460	779	TC
1	20920716	8245	CT
1	20922354	1286	CT
1	20923285	819	CT
1	20923831	447	CT
1	20925151	696	GC
1	20928021	1688	TC
1	20930050	1567	GA
1	20931372	1274	AG
1	20931951	579	GA
1	20932927	818	GA
1	20933080	153	GA
1	20933248	168	CT
1	20933299	51	CT
1	20933502	31	AG
1	20933775	183	CT
1	20935319	1342	CT
1	20935686	367	GA
1	20935752	66	GT
1	20936105	353	CG
1	20936185	80	TC
1	20936556	69	CT
1	20936657	101	GA
1	20936852	195	TC
1	20936948	96	GA
1	20936949	1	AC
1	20937024	75	CT
1	20937471	447	AG
1	20937814	301	AG
1	20938042	228	CT
1	20938225	183	AG
1	20938636	275	TC
1	20938854	193	TA
1	20939824	970	CT
1	20940736	885	GA
1	20941343	454	AG
1	20941588	222	CT
1	20941603	15	AG
1	20942183	580	CT
1	20942494	130	AT
1	20942712	218	CT
1	20942770	58	GA
1	20943369	599	CT
1	20943472	103	CT
1	20943787	120	CT
1	20943789	2	AG
1	20944244	249	CT
1	20944274	30	AG
1	20944328	54	CT
1	20944441	113	TC
1	20944624	183	TC
1	20944656	32	TG
1	20944778	122	AG
1	20944784	6	TG
1	20944793	9	AG
1	20945463	634	TC
1	20945594	32	TC
1	20945649	55	TC
1	20947280	1320	GA
1	20947498	183	AC
1	20947741	243	GC
1	20951350	1490	TC
1	20951368	18	TC
1	20951456	88	AG
1	20951496	40	GA
1	20952732	887	CT
1	20952930	72	AG
1	20953224	294	AC
1	20953233	9	CT
1	20953428	195	GC
1	20953435	7	AG
1	20954171	399	TC
1	20955843	935	TC
1	20955930	87	AG
1	20956638	170	CG
1	20956920	282	CT
1	20958306	1298	CT
1	20958577	271	TC
1	20959129	493	GA
1	20960088	631	GA
1	20962354	982	AG
1	20962662	308	GA
1	20962925	263	CG
1	20963086	161	CA
1	20963518	432	CT
1	20963547	29	TC
1	20963793	246	AC
1	20963837	44	TC
1	20968779	3484	CT
1	20974342	2461	GA
1	20974647	305	CT
1	20975486	839	GA
1	20977262	1563	GA
1	20979787	2004	GA
1	20980266	199	GT
1	20980853	587	AG
1	20982021	307	AG
1	20982061	40	AT
1	20982410	349	AG
1	20985807	2932	CT
1	20990071	1662	GA
1	20990411	340	CT
1	20992948	1959	CT
1	20993513	526	GT
1	20994906	893	GA
1	20995055	149	GA
1	20995452	368	CT
1	20995591	139	TC
1	20998738	1339	TG
1	20999045	307	CT
1	20999050	5	CG
1	20999079	29	CA
1	20999783	629	AG
1	20999851	68	TC
1	21000333	404	CT
1	21000730	397	GA
1	21000799	69	CT
1	21001520	636	TC
1	21001525	5	AG
1	21002475	473	GA
1	21002787	312	GA
1	21003015	228	GA
1	21003782	726	TA
1	21003868	86	AT
1	21003921	53	CT
1	21004046	17	GT
1	21004061	15	TG
1	21004083	22	CT
1	21004301	91	AG
1	21006059	907	TC
1	21006648	589	GC
1	21006939	291	AG
1	21007468	313	GA
1	21007866	292	CG
1	21008054	112	CT
1	21008100	46	CT
1	21008705	400	GA
1	21009581	612	CA
1	21010057	438	CG
1	21012301	2137	CT
1	21012402	101	TG
1	21014736	1655	AG
1	21014797	61	GC
1	21014874	77	AG
1	21014887	13	GA
1	21015188	301	AC
1	21015225	37	AG
1	21015524	299	GA
1	21015674	150	GA
1	21015682	8	AG
1	21016038	356	GC
1	21016426	347	AG
1	21016969	447	GC
1	21018465	1496	CG
1	21018862	397	GA
1	21021894	1729	TC
1	21024245	1865	AG
1	21043118	13739	CT
1	21043928	570	CT
1	21043932	4	CA
1	21044094	162	GC
1	21044214	120	TC
1	21044285	71	AG
1	21044354	69	AG
1	21044467	113	GA
1	21044848	233	CT
1	21045658	564	CA
1	21045885	227	TC
1	21045886	1	GA
1	21045904	18	CA
1	21046000	96	AG
1	21046093	93	TC
1	21046443	298	CT
1	21046489	46	AT
1	21046496	7	CT
1	21046557	61	TG
1	21046898	341	CG
1	21046962	64	GA
1	21047297	271	CG
1	21047341	44	GT
1	21047495	154	GT
1	21047532	37	GT
1	21047760	228	AG
1	21047843	83	GA
1	21047904	61	GA
1	21047918	14	TC
1	21047943	25	CT
1	21048042	99	CT
1	21048044	2	TC
1	21048175	131	CG
1	21048384	209	GC
1	21048387	3	CG
1	21048404	17	AG
1	21048425	21	AC
1	21048583	158	AG
1	21048674	91	TC
1	21048678	4	GA
1	21048704	26	GC
1	21049298	160	AG
1	21049914	616	TC
1	21050665	309	TC
1	21053795	2792	TC
1	21054420	625	GA
1	21055108	688	AG
1	21056077	569	AG
1	21056498	421	CG
1	21056530	32	AG
1	21056651	121	AG
1	21058185	983	GA
1	21058621	436	GA
1	21059522	901	GC
1	21060536	296	CT
1	21060537	1	TC
1	21061526	799	AT
1	21062520	399	TC
1	21063292	358	TC
1	21063294	2	AG
1	21076415	9972	GA
1	21079871	2936	CA
1	21086505	5760	TG
1	21092376	4335	GA
1	21094777	2288	GA
1	21094921	144	GA
1	21094974	53	GA
1	21095788	814	TC
1	21097142	917	TC
1	21097371	229	AG
1	21099494	1893	AG
1	21101518	2024	CA
1	21102030	375	TC
1	21110393	4586	GA
1	21111148	714	TG
1	21112730	1055	CT
1	21115480	2256	CT
1	21116618	887	GT
1	21168228	38815	GA
1	21186213	12178	GC
1	21195158	7948	TC
1	21197255	2076	CT
1	21201722	4467	AT
1	21215259	11766	CT
1	21257814	31387	GT
1	21258985	695	CT
1	21271490	9739	CT
1	21308801	25547	GA
1	21343570	18236	CT
1	21344572	338	GA
1	21387238	17980	AG
1	21427892	22413	AG
1	21431463	2086	AT
1	21434288	2012	GA
1	21446842	6507	GA
1	21455688	3366	CA
1	21475782	12532	GA
1	21477564	998	GT
1	21480656	1299	AC
1	21481122	445	GA
1	21482301	849	GA
1	21483468	632	CG
1	21484670	1202	AG
1	21485236	522	GT
1	21485971	585	GA
1	21486256	285	GA
1	21487051	777	CT
1	21487128	77	GA
1	21487211	83	TC
1	21487371	160	GA
1	21492828	3110	CA
1	21493127	299	TC
1	21493397	270	GA
1	21493425	28	CT
1	21494376	646	TA
1	21494500	124	TC
1	21494584	84	CT
1	21494677	93	AG
1	21494818	141	AG
1	21494853	35	GA
1	21494974	121	TA
1	21495103	129	CT
1	21495192	89	CT
1	21495248	56	TC
1	21500864	1299	TC
1	21501783	574	CT
1	21502333	203	CT
1	21502501	168	AG
1	21503492	287	TA
1	21503692	200	CA
1	21503827	135	CA
1	21503935	108	AG
1	21504054	119	TC
1	21507964	3910	GA
1	21508472	486	CT
1	21509828	926	TC
1	21510468	640	CG
1	21511642	260	AG
1	21513275	1535	GA
1	21513305	30	GT
1	21513333	28	GA
1	21513966	576	CT
1	21514283	256	TC
1	21515481	458	AG
1	21523455	5839	CG
1	21526440	1373	TC
1	21527131	85	CT
1	21527181	50	TC
1	21530259	808	CT
1	21530318	59	GA
1	21530320	2	TC
1	21530459	139	AC
1	21530478	19	AC
1	21530605	127	CT
1	21530923	87	CG
1	21531943	463	GC
1	21532096	153	AT
1	21532235	50	AG
1	21532921	686	CT
1	21535341	1154	AG
1	21536490	304	AG
1	21536563	73	GA
1	21537322	453	CT
1	21537465	96	CT
1	21539115	161	AG
1	21539220	105	AT
1	21539414	194	CG
1	21539869	455	CA
1	21539913	44	AC
1	21540107	194	TC
1	21541294	522	AG
1	21541449	108	CT
1	21541499	50	GC
1	21542053	554	CT
1	21542107	54	GA
1	21542156	49	AG
1	21542255	99	GA
1	21542320	65	TA
1	21542434	114	TC
1	21542926	492	CT
1	21544034	1091	AG
1	21545094	215	GA
1	21545120	26	TC
1	21545135	15	CA
1	21545843	75	GT
1	21545997	154	TA
1	21546483	208	TC
1	21548477	1139	GC
1	21549823	614	CT
1	21554153	1071	GA
1	21555109	956	CT
1	21555683	301	TC
1	21555962	279	AC
1	21556472	510	AG
1	21556709	237	TC
1	21557062	353	TC
1	21557279	217	GA
1	21575974	9871	GA
1	21575978	4	GT
1	21577970	1121	AT
1	21578881	504	TC
1	21578922	41	CT
1	21579103	181	GA
1	21579162	59	GC
1	21579176	14	TC
1	21579408	83	TC
1	21581612	321	CT
1	21585726	787	AG
1	21586467	489	CG
1	21586880	413	AT
1	21586909	29	CG
1	21586913	4	CG
1	21586933	20	CT
1	21586967	34	CT
1	21587025	58	CT
1	21587026	1	AT
1	21587693	267	AG
1	21588102	409	CT
1	21589005	867	AG
1	21589555	550	GT
1	21589607	52	TC
1	21589664	57	CT
1	21589976	312	CG
1	21590113	137	GA
1	21590228	115	TC
1	21590245	17	TC
1	21590247	2	TA
1	21590298	51	CA
1	21590878	297	AG
1	21595232	2081	CT
1	21596319	791	GA
1	21598660	960	GA
1	21600983	1593	CT
1	21602185	477	TA
1	21603181	996	CT
1	21610463	4000	GA
1	21612904	1314	TC
1	21615410	659	AT
1	21621782	5279	AG
1	21622708	926	AT
1	21622943	235	CA
1	21625398	714	AC
1	21626499	427	TA
1	21628412	660	AG
1	21628489	77	CT
1	21629248	398	CT
1	21629289	41	GA
1	21630906	993	GA
1	21631120	214	AG
1	21634561	1227	GA
1	21635648	648	AG
1	21637572	1789	TA
1	21638095	523	TC
1	21638117	22	CT
1	21638731	525	GA
1	21642207	1299	GA
1	21642282	75	CA
1	21643259	925	TA
1	21643398	139	GA
1	21643823	298	AG
1	21644254	431	GT
1	21644276	22	CT
1	21646293	1769	CA
1	21646654	361	CT
1	21646865	123	CT
1	21646984	119	TC
1	21647229	245	AG
1	21647925	363	CG
1	21649185	568	TA
1	21649321	136	AG
1	21649717	396	GA
1	21649832	115	AG
1	21652447	818	AC
1	21653543	861	GA
1	21654431	152	CT
1	21654772	341	GA
1	21656202	853	AC
1	21656348	146	AG
1	21656640	292	TC
1	21656842	202	GA
1	21658087	529	AG
1	21658586	499	GT
1	21659940	1054	CT
1	21660802	528	CT
1	21662381	937	AG
1	21662997	595	GA
1	21663596	599	GA
1	21665307	1440	TA
1	21667395	1104	GT
1	21667396	1	GT
1	21671243	2708	AG
1	21674375	2817	AT
1	21675041	382	TG
1	21677111	2070	AG
1	21678194	674	CG
1	21679170	924	GC
1	21680307	355	GA
1	21680968	661	TC
1	21681973	685	GC
1	21690092	440	GT
1	21693523	2337	GA
1	21693641	118	GA
1	21693693	52	GA
1	21693831	138	GA
1	21694509	678	CG
1	21695300	791	AG
1	21696251	370	GC
1	21696388	137	CA
1	21696709	180	GA
1	21696717	8	TC
1	21697013	296	CT
1	21697802	789	CT
1	21698599	797	CT
1	21699136	252	TC
1	21699289	113	AT
1	21699353	64	GA
1	21699436	83	GA
1	21699951	515	AG
1	21700208	257	GA
1	21700565	357	TC
1	21700948	383	CT
1	21700953	5	TC
1	21702298	960	CT
1	21702305	7	CT
1	21702324	19	GC
1	21702467	143	GA
1	21702487	20	GC
1	21704052	642	AT
1	21704432	380	AT
1	21704461	29	AG
1	21704499	38	AG
1	21705076	378	CT
1	21705279	203	TA
1	21706727	458	AG
1	21708045	377	CG
1	21708083	38	TC
1	21709392	486	GA
1	21709545	153	CT
1	21709955	159	TC
1	21711110	110	CA
1	21711519	367	CT
1	21712197	295	CT
1	21712266	69	GA
1	21712904	638	GA
1	21714870	1776	CT
1	21718645	2443	GA
1	21719988	1343	TC
1	21720229	241	GA
1	21722521	1652	AG
1	21722788	232	AG
1	21726528	1815	CT
1	21728104	1230	AG
1	21728661	195	TG
1	21728841	180	GA
1	21729263	386	CT
1	21729271	8	TC
1	21738812	3090	GA
1	21740598	1039	AG
1	21740695	97	CT
1	21741454	515	GA
1	21741505	51	GT
1	21741584	79	AT
1	21745935	2048	AG
1	21746086	151	GC
1	21747841	1627	CG
1	21748172	331	GA
1	21748178	6	GA
1	21749890	134	TC
1	21759104	435	TC
1	21759265	161	GA
1	21759446	181	TG
1	21759808	283	CT
1	21760000	192	AG
1	21760205	205	AG
1	21760361	156	GA
1	21761473	497	GC
1	21761538	65	GA
1	21761567	29	CG
1	21761599	32	AG
1	21761610	11	CT
1	21761623	13	CT
1	21761626	3	CT
1	21761661	35	AT
1	21761730	69	CT
1	21762350	154	TG
1	21762707	302	TC
1	21762756	49	GC
1	21762925	169	AG
1	21762946	21	CG
1	21763729	629	AC
1	21764048	319	AG
1	21764555	507	AG
1	21764784	229	AG
1	21770504	4149	AT
1	21770796	292	GA
1	21770930	134	AG
1	21771916	706	GA
1	21772078	162	GT
1	21773239	999	CT
1	21776068	1652	TC
1	21776126	58	GA
1	21778288	2162	GA
1	21779076	788	AG
1	21789282	5227	AG
1	21789818	508	GA
1	21797808	2039	TA
1	21801691	1397	AG
1	21803864	1539	AT
1	21805377	1490	GT
1	21806119	719	GT
1	21810833	2731	AG
1	21811273	353	CT
1	21811305	32	AG
1	21824109	7828	AG
1	21901796	34744	TC
1	21908794	4160	TA
1	21919876	8688	GA
1	21948827	19345	TC
1	21950804	1608	TG
1	21960728	7483	GA
1	21977286	10557	TC
1	21978130	844	GA
1	21986535	6425	TC
1	21987895	1360	GC
1	21987938	43	AG
1	21997801	7414	AG
1	21999154	1353	CT
1	22000040	835	CT
1	22000814	774	GT
1	22001034	220	GA
1	22002077	199	TG
1	22006511	1443	CT
1	22006612	101	TC
1	22008027	1174	GA
1	22008388	361	CT
1	22009200	675	CT
1	22009236	36	GA
1	22009955	719	AG
1	22010157	202	TG
1	22012268	990	TC
1	22013312	666	TA
1	22013825	513	TG
1	22013952	127	AG
1	22020875	1163	CG
1	22021122	178	AG
1	22021315	193	CG
1	22021971	656	CG
1	22022611	498	GC
1	22023337	443	CT
1	22023451	114	GA
1	22023512	61	GA
1	22027984	3638	CG
1	22028617	633	GA
1	22028743	126	CT
1	22029838	1095	CT
1	22030958	933	GA
1	22031382	424	GT
1	22031734	352	TC
1	22032083	313	TG
1	22032268	185	TA
1	22032398	130	GA
1	22032601	203	GA
1	22032679	78	GA
1	22032694	15	CT
1	22032947	253	AG
1	22032966	19	TC
1	22035043	1974	GA
1	22100462	51742	GA
1	22105281	4756	AG
1	22116468	8433	GA
1	22116872	404	AC
1	22116900	28	AG
1	22117991	556	GA
1	22118062	71	AG
1	22118119	57	CT
1	22118391	272	AG
1	22118631	240	TC
1	22118968	337	CA
1	22119022	54	TC
1	22119269	247	TC
1	22119346	77	AG
1	22119428	82	GA
1	22119574	146	GA
1	22119630	56	TC
1	22119888	258	AT
1	22119987	99	CT
1	22120042	55	CT
1	22120197	155	AT
1	22120544	347	GA
1	22120627	83	GA
1	22120680	53	GA
1	22121729	734	AG
1	22121851	122	CT
1	22122194	286	GA
1	22124298	1622	GC
1	22127708	2750	TA
1	22139723	10322	TG
1	22140695	972	TC
1	22140940	245	CT
1	22145953	4337	AG
1	22149400	2000	AG
1	22160548	7358	GA
1	22161169	621	GA
1	22164777	3245	AC
1	22165707	898	CT
1	22170086	4191	AG
1	22172452	2299	TC
1	22173620	629	CT
1	22174736	1024	CT
1	22175097	344	TG
1	22176359	732	CT
1	22176403	44	AG
1	22176550	147	CT
1	22176836	253	GC
1	22176884	48	GC
1	22176901	17	CT
1	22177002	101	AG
1	22177003	1	CT
1	22177018	15	GA
1	22177036	18	AG
1	22177053	17	GA
1	22177297	244	AG
1	22177335	38	GA
1	22177433	98	CT
1	22177584	151	AG
1	22177600	16	AC
1	22177747	147	GA
1	22178276	529	TA
1	22178300	24	AG
1	22178302	2	CT
1	22178517	215	GA
1	22178518	1	AG
1	22179318	303	AC
1	22179781	463	GA
1	22180229	448	AG
1	22180903	674	TG
1	22181009	106	CG
1	22181499	490	AG
1	22181770	271	TA
1	22181873	103	TC
1	22182227	354	GA
1	22182232	5	AG
1	22183714	1208	CT
1	22184867	1028	GA
1	22185107	174	GA
1	22185553	332	AG
1	22187156	1150	CT
1	22187580	424	GC
1	22187877	297	AC
1	22187994	117	GA
1	22188168	174	CT
1	22188182	14	AG
1	22188301	119	GA
1	22188307	6	CT
1	22200136	10533	GA
1	22201086	950	TC
1	22203172	1660	AG
1	22203450	278	GA
1	22204508	1058	CT
1	22204652	144	AG
1	22205154	188	GC
1	22205369	215	GA
1	22205490	121	GA
1	22205663	173	GA
1	22206562	820	AG
1	22206677	115	GA
1	22206792	115	CT
1	22206946	154	CT
1	22207583	637	GA
1	22207708	125	AG
1	22207754	46	CT
1	22207861	38	GA
1	22208051	190	AG
1	22208052	1	TG
1	22208269	217	CT
1	22208595	326	GA
1	22208858	263	CT
1	22209548	654	TG
1	22209557	9	TC
1	22209699	142	CG
1	22210026	290	AG
1	22210139	113	TC
1	22210690	456	GA
1	22210710	20	TC
1	22210719	9	GC
1	22210953	234	CT
1	22210965	12	CT
1	22211114	149	TC
1	22211273	159	AG
1	22212830	1478	AG
1	22214720	932	CT
1	22214992	232	AG
1	22214993	1	GT
1	22215081	88	CA
1	22215199	118	GA
1	22216000	583	CT
1	22216378	378	GA
1	22216649	271	CT
1	22217762	1065	GA
1	22218587	750	GT
1	22221341	1814	AG
1	22221358	17	AG
1	22221429	71	TG
1	22222325	525	GA
1	22222399	74	GA
1	22222577	178	TC
1	22222638	61	GT
1	22222644	6	AG
1	22223249	605	GA
1	22223384	135	AC
1	22223620	236	TA
1	22224079	148	TC
1	22226543	1991	TC
1	22227653	1110	GA
1	22236115	7794	TC
1	22236287	172	TC
1	22236418	131	TC
1	22236858	411	CT
1	22242691	5568	CT
1	22242994	303	CT
1	22245161	1997	CT
1	22248122	2906	GA
1	22248326	204	CA
1	22253454	5075	GA
1	22258534	4750	GA
1	22261195	2325	AT
1	22261762	567	GA
1	22261897	135	GA
1	22263038	1141	GA
1	22263942	848	CA
1	22265961	1982	CG
1	22267601	1640	GT
1	22269736	1962	GA
1	22269912	176	CT
1	22270209	297	AC
1	22270396	187	AG
1	22270798	402	CT
1	22271077	279	AG
1	22271182	105	GC
1	22271487	305	CG
1	22272119	632	GA
1	22272160	41	GA
1	22272281	121	GA
1	22272306	25	GA
1	22272686	282	CT
1	22273293	182	AG
1	22273351	58	CT
1	22273446	95	AG
1	22273614	168	AG
1	22273751	137	CG
1	22273785	34	AG
1	22274069	284	GA
1	22274280	211	GA
1	22274694	272	AG
1	22275008	188	CT
1	22275554	501	CT
1	22276048	161	GC
1	22276070	22	CT
1	22276524	159	AC
1	22276571	47	CG
1	22276740	169	TG
1	22276948	208	GA
1	22276993	45	TC
1	22277207	214	GA
1	22277240	33	TC
1	22277286	46	AG
1	22277753	467	GC
1	22278286	145	TC
1	22278301	15	AC
1	22278809	508	CT
1	22278810	1	CG
1	22278833	23	AG
1	22278849	16	CT
1	22278864	15	AG
1	22279179	315	GT
1	22279341	120	AG
1	22279373	32	TC
1	22279431	58	CT
1	22279537	106	AG
1	22279800	263	AC
1	22279923	123	CT
1	22281841	1013	TC
1	22283091	596	AG
1	22287180	1018	CT
1	22287235	55	TC
1	22287260	25	GT
1	22287288	28	AG
1	22287345	57	CG
1	22287577	232	GC
1	22287625	48	TC
1	22287940	103	GA
1	22287998	58	AG
1	22288260	262	AG
1	22288466	206	CT
1	22288686	220	CG
1	22289070	384	GT
1	22292983	2174	GA
1	22303543	5644	CG
1	22303609	66	TC
1	22303906	297	GT
1	22303937	31	CT
1	22303952	15	GA
1	22304206	254	GA
1	22304570	364	AC
1	22304828	258	AC
1	22305143	72	GA
1	22306843	722	AG
1	22306916	73	CT
1	22307688	772	GA
1	22309351	1537	CG
1	22309451	100	GA
1	22309483	32	GA
1	22309688	205	GC
1	22310199	470	AT
1	22310394	195	TA
1	22310418	24	TC
1	22310585	167	CT
1	22310607	22	GT
1	22311057	450	GT
1	22311476	419	CT
1	22311489	13	CA
1	22313864	2375	GC
1	22314316	452	GC
1	22314387	71	CT
1	22315951	1425	TC
1	22317303	1322	GA
1	22319636	2078	AG
1	22319653	17	CT
1	22319778	125	TG
1	22320192	414	CG
1	22320551	359	CT
1	22320621	70	CT
1	22322836	2049	GA
1	22322973	137	AC
1	22323090	117	CG
1	22325010	1813	GA
1	22325885	875	TC
1	22325933	48	CT
1	22326282	349	AG
1	22326765	452	GA
1	22326814	49	GA
1	22327895	721	CT
1	22328912	326	TC
1	22329646	247	CT
1	22329696	50	CT
1	22330218	343	GA
1	22331511	1105	GA
1	22332611	1043	CT
1	22333386	775	CG
1	22334053	441	GA
1	22335111	1058	GA
1	22335881	738	GT
1	22337490	1132	TC
1	22337619	129	AT
1	22338607	988	CT
1	22338611	4	AG
1	22338819	208	GT
1	22338852	33	AG
1	22339494	642	TC
1	22344992	5235	TC
1	22349353	3744	TC
1	22355909	2554	CT
1	22359140	2693	TG
1	22361683	2081	TC
1	22367265	3860	GA
1	22368100	243	CA
1	22368749	649	CT
1	22373013	901	CG
1	22373202	189	CT
1	22373297	95	GA
1	22373684	387	GA
1	22373763	79	CG
1	22373854	91	TC
1	22373971	117	AG
1	22374164	193	TC
1	22374181	17	TC
1	22374535	354	GA
1	22374743	208	GA
1	22374752	9	CT
1	22376023	1137	CA
1	22376831	439	AC
1	22377343	104	GA
1	22378670	122	CA
1	22379616	888	TG
1	22382503	2577	GT
1	22382830	273	TC
1	22382960	60	AT
1	22388087	1199	TC
1	22388329	242	GA
1	22388330	1	AG
1	22388772	246	TC
1	22389748	755	GA
1	22390428	384	AC
1	22391065	264	AC
1	22391166	101	AT
1	22391299	133	GA
1	22391389	90	TC
1	22391992	603	AG
1	22392020	28	TC
1	22392408	271	TC
1	22392516	108	AT
1	22392740	224	CT
1	22392808	68	GC
1	22393015	207	TC
1	22394296	1281	CA
1	22400486	4849	TA
1	22400545	59	AC
1	22400646	101	AC
1	22400658	12	AG
1	22411023	3965	TG
1	22416904	3391	TG
1	22417053	149	GA
1	22418533	1239	CG
1	22418588	55	TG
1	22418765	177	TC
1	22419734	606	TG
1	22420069	335	AC
1	22420876	807	AG
1	22421235	359	TC
1	22422389	1154	TG
1	22423159	356	TC
1	22423357	198	CT
1	22423405	48	TC
1	22423654	249	GA
1	22423754	100	GA
1	22424140	386	TC
1	22425735	1188	CG
1	22425888	153	CT
1	22426089	201	GA
1	22426206	117	CG
1	22426351	145	CT
1	22426395	44	AG
1	22426759	364	AG
1	22426789	30	CT
1	22426993	204	TC
1	22427049	56	GA
1	22427080	31	CT
1	22427174	94	TC
1	22427229	55	TC
1	22427272	43	TC
1	22427282	10	CT
1	22427344	62	GA
1	22427366	22	TC
1	22427581	215	GA
1	22428171	516	AG
1	22429862	818	GA
1	22430042	180	GA
1	22430075	33	TC
1	22430090	15	AG
1	22430121	31	GA
1	22430165	44	AG
1	22430202	37	CA
1	22430252	50	AT
1	22430284	32	CT
1	22440435	114	GC
1	22441295	347	CA
1	22441341	46	GA
1	22441720	379	AG
1	22441862	142	TC
1	22442283	421	AG
1	22442288	5	TC
1	22443245	641	CT
1	22443344	99	AG
1	22443416	72	CT
1	22443488	72	TC
1	22445305	1134	CT
1	22446860	930	GA
1	22455196	2157	CT
1	22456409	1213	TA
1	22456490	81	TC
1	22462241	2705	GT
1	22463648	1375	TC
1	22471172	365	GA
1	22488394	6324	GT
1	22489732	679	AG
1	22490392	660	GT
1	22493326	2053	GA
1	22497717	4205	AT
1	22498008	291	GC
1	22500845	1717	GC
1	22505185	2062	TC
1	22507026	1471	TA
1	22508099	744	TC
1	22525143	4244	TC
1	22529083	1281	TA
1	22529963	403	CT
1	22530329	366	CT
1	22531432	547	GC
1	22531546	114	CT
1	22531871	211	AG
1	22532149	278	TG
1	22533828	1679	TC
1	22534107	279	GA
1	22536082	1423	GC
1	22537724	1408	TC
1	22537946	222	GT
1	22538323	265	GA
1	22540955	1591	TA
1	22541321	366	TC
1	22543944	1927	CT
1	22546089	1223	CA
1	22546651	562	AG
1	22547954	658	CA
1	22552279	3100	GA
1	22552436	157	AG
1	22555378	790	CT
1	22555619	241	GA
1	22565442	1903	GA
1	22565623	181	AG
1	22566018	136	CT
1	22566068	50	CT
1	22566110	42	CT
1	22566227	117	AG
1	22567792	286	CG
1	22568227	435	TC
1	22569441	1214	GA
1	22569788	347	AG
1	22570881	568	GA
1	22572227	153	GA
1	22572429	202	GA
1	22572452	23	GA
1	22573090	319	CG
1	22573266	176	GC
1	22573429	163	TC
1	22573447	18	CT
1	22574952	416	CG
1	22575695	389	TC
1	22575766	71	GT
1	22577880	1072	AT
1	22577882	2	TC
1	22579202	915	GA
1	22579775	573	TA
1	22579794	19	AG
1	22584664	1590	TC
1	22588676	431	AG
1	22592886	1211	GA
1	22592961	75	GT
1	22601493	4023	CT
1	22619744	4154	AG
1	22620479	735	TC
1	22621814	686	GA
1	22624560	1542	GA
1	22625818	1258	CT
1	22625847	29	CT
1	22626034	187	CT
1	22626087	53	TC
1	22626628	541	CT
1	22627534	876	AG
1	22627746	212	AG
1	22627763	17	CT
1	22627909	146	CT
1	22628362	453	TC
1	22628545	183	TC
1	22628562	17	AC
1	22628572	10	AC
1	22629687	623	CT
1	22630562	800	AG
1	22630789	148	TC
1	22630864	75	AG
1	22631708	651	TA
1	22632379	671	GC
1	22632975	596	TC
1	22633100	125	CT
1	22633438	338	CG
1	22634120	340	GA
1	22637910	1846	CT
1	22638105	120	GA
1	22646058	1261	GT
1	22646218	160	TC
1	22646972	530	TA
1	22660545	6676	AG
1	22660737	192	AT
1	22669185	1817	TC
1	22671103	833	TA
1	22673331	1259	GA
1	22673574	243	AC
1	22674770	867	TC
1	22676674	969	CT
1	22677854	1180	GA
1	22679827	1872	AG
1	22680366	521	CT
1	22681081	691	AG
1	22683520	1614	TA
1	22683525	5	TA
1	22684036	511	GC
1	22685288	686	CT
1	22685904	579	TA
1	22686907	245	AG
1	22687014	107	CT
1	22687105	91	AG
1	22687872	508	TC
1	22688008	94	CA
1	22688683	321	TC
1	22688845	162	GA
1	22689242	397	CT
1	22689263	21	GA
1	22691345	1643	GA
1	22691546	167	TC
1	22694204	1355	AG
1	22694974	462	GA
1	22695013	39	CG
1	22695493	480	AT
1	22695703	210	AG
1	22695849	109	CT
1	22696230	381	CT
1	22696925	600	TC
1	22698149	454	CT
1	22699106	551	CA
1	22699114	8	AC
1	22699347	213	TC
1	22699389	42	CT
1	22699395	6	GC
1	22699514	54	CG
1	22700427	286	TC
1	22700449	22	CT
1	22700582	133	TC
1	22701118	536	TC
1	22701601	162	GA
1	22701981	380	CT
1	22702388	407	CT
1	22702462	74	AT
1	22702473	11	AG
1	22702597	124	TA
1	22703294	697	TC
1	22703820	526	GT
1	22704109	253	AG
1	22704373	264	AT
1	22704793	347	TC
1	22704836	43	GA
1	22704846	10	TC
1	22706542	913	AG
1	22707025	179	GA
1	22707494	130	AG
1	22707760	104	GA
1	22707871	111	CT
1	22708644	568	AG
1	22710421	1188	CT
1	22712435	575	CT
1	22712797	155	CT
1	22720229	4842	TA
1	22721461	384	CT
1	22722082	621	GC
1	22722084	2	GA
1	22724264	1855	AT
1	22724292	28	CA
1	22724521	212	TC
1	22730373	1947	GA
1	22730385	12	GT
1	22732129	111	GA
1	22733649	960	TA
1	22737260	2997	AC
1	22741692	4349	AG
1	22744725	2791	AG
1	22752210	5137	CA
1	22752297	87	CT
1	22755319	2249	GA
1	22757312	1348	TC
1	22764974	2669	GA
1	22767045	666	AT
1	22767973	406	GA
1	22768879	143	CA
1	22773524	2981	TG
1	22774593	1014	CT
1	22776317	1630	AC
1	22782136	3650	AG
1	22782915	779	AC
1	22784146	1231	TC
1	22784439	293	AC
1	22787249	2303	AC
1	22788844	1169	GC
1	22789900	1056	TC
1	22793561	1977	TC
1	22794690	984	GT
1	22801884	4782	CG
1	22802799	577	TC
1	22805119	1412	TG
1	22808888	577	GA
1	22818909	5523	AG
1	22827687	6304	AT
1	22828710	1023	AG
1	22830188	1410	TC
1	22835012	4411	TC
1	22837533	1657	TC
1	22837818	285	GA
1	22838756	540	TA
1	22838928	172	AG
1	22838991	63	CT
1	22842198	940	AT
1	22844801	660	AT
1	22844947	146	GC
1	22845400	453	GA
1	22845798	398	AC
1	22846364	319	CT
1	22846425	61	GA
1	22846985	269	AT
1	22847567	582	AG
1	22847812	245	TC
1	22847829	17	TA
1	22847975	146	TC
1	22848444	469	AT
1	22848593	149	TC
1	22848740	147	CT
1	22850533	1227	TG
1	22850948	384	CT
1	22853478	1568	CG
1	22855802	1199	AC
1	22856574	471	GA
1	22858550	1858	CA
1	22861604	2504	CT
1	22874533	4972	CT
1	22877154	2088	CT
1	22877309	155	GA
1	22879377	2068	GT
1	22880953	714	AC
1	22883454	1738	CT
1	22883461	7	AG
1	22887177	1912	GA
1	22887521	344	GC
1	22890575	2480	CT
1	22891628	973	CT
1	22892070	442	CA
1	22900624	3723	CT
1	22901079	455	GA
1	22901618	539	AG
1	22904224	1090	GA
1	22908898	1799	GA
1	22910636	1067	GA
1	22912271	1635	GC
1	22915524	2152	TC
1	22923849	1137	AC
1	22926758	1301	AT
1	22927060	302	CT
1	22931429	2715	CT
1	22940936	1810	CG
1	22951126	1981	GA
1	22951737	322	AC
1	22954978	2440	TC
1	22956662	685	GA
1	22957738	1076	CT
1	22958683	945	TC
1	22962282	927	CT
1	22969553	1503	CT
1	22980619	5125	CT
1	22994567	5955	GA
1	23010220	6500	AT
1	23014544	2793	CT
1	23018085	2609	GA
1	23018350	265	AG
1	23022007	3602	CT
1	23028289	4803	AG
1	23031584	978	TC
1	23044284	7077	CT
1	23045674	1390	AG
1	23050164	2415	AG
1	23056414	3719	TG
1	23056976	287	TC
1	23057040	64	AG
1	23058137	1097	AG
1	23059160	996	CT
1	23060030	776	GA
1	23060699	523	AT
1	23062409	865	TG
1	23064841	1357	CG
1	23068371	2338	AC
1	23068372	1	TC
1	23068474	102	GA
1	23069186	541	CT
1	23069204	18	AG
1	23069706	502	CT
1	23070047	341	GA
1	23071695	1207	GA
1	23071883	188	CT
1	23074610	1808	AG
1	23074642	32	GC
1	23077220	1136	GA
1	23080819	1185	GT
1	23080870	51	CG
1	23081012	142	AC
1	23084994	1237	TA
1	23086188	904	CT
1	23087310	852	CG
1	23088589	1279	CT
1	23088605	16	AG
1	23090176	1335	AT
1	23092847	1207	GA
1	23094869	1985	AG
1	23095218	305	AC
1	23095896	678	CT
1	23097428	1057	CA
1	23098329	573	CA
1	23099308	979	TG
1	23099450	142	CT
1	23099666	216	TG
1	23099684	18	GA
1	23101285	1601	GA
1	23102417	926	GA
1	23102718	301	CA
1	23104625	1686	GA
1	23106555	1890	CT
1	23107017	462	TC
1	23107100	83	TA
1	23111772	3599	TC
1	23116319	3359	TC
1	23120800	2265	TC
1	23123956	1232	CG
1	23130024	5139	GA
1	23131684	1258	CG
1	23135174	843	AG
1	23135586	412	AG
1	23135678	92	TC
1	23136206	484	AC
1	23136930	724	CG
1	23144622	1305	CT
1	23144745	123	TG
1	23145052	278	TC
1	23145374	274	TC
1	23145404	30	TC
1	23146218	311	AT
1	23146336	118	GA
1	23146413	77	AT
1	23148201	352	GA
1	23149273	1072	GA
1	23155139	4659	TA
1	23155202	63	GC
1	23157780	2477	CT
1	23163071	3195	CT
1	23164014	475	TC
1	23167437	2200	CG
1	23169189	863	AG
1	23174153	2653	TC
1	23174700	547	AG
1	23178737	1429	GC
1	23179952	1215	GA
1	23180918	219	GT
1	23183721	2015	AG
1	23183843	122	CT
1	23185618	838	GA
1	23190088	1147	TC
1	23191638	683	AG
1	23193247	844	AC
1	23193441	194	GC
1	23196019	870	TC
1	23196890	432	TC
1	23199124	1520	AG
1	23199705	581	AT
1	23200243	538	GA
1	23200397	154	AC
1	23200836	439	CG
1	23201708	510	GA
1	23202309	601	AC
1	23202948	399	GA
1	23203694	698	GA
1	23205670	785	AG
1	23205725	55	TC
1	23206063	79	GC
1	23206100	37	TC
1	23207371	738	CG
1	23207598	227	AG
1	23207729	131	AG
1	23209803	1749	CT
1	23210166	70	AT
1	23210567	110	GA
1	23217325	473	GA
1	23217367	42	AG
1	23217409	42	CT
1	23217472	63	CT
1	23218230	758	GA
1	23220778	1272	TC
1	23221678	304	TC
1	23230412	4437	CG
1	23230895	483	AG
1	23230911	16	GA
1	23232078	1167	AT
1	23232404	326	TA
1	23237547	4098	TA
1	23242463	3050	AG
1	23249891	6913	AG
1	23258356	7075	CG
1	23260070	1714	GA
1	23261138	1068	TC
1	23263995	2269	GC
1	23265096	786	CT
1	23266090	515	GA
1	23268606	2170	CT
1	23269150	544	GC
1	23272776	3360	TA
1	23272897	121	GA
1	23273062	165	TC
1	23273177	115	GA
1	23277927	3526	AT
1	23278385	424	TC
1	23278980	595	CG
1	23282862	3703	CT
1	23283778	916	GA
1	23284958	1125	GA
1	23289820	3537	TG
1	23289961	141	TC
1	23291176	1215	CT
1	23293172	1395	TC
1	23295694	1571	TC
1	23296164	144	GC
1	23296539	249	TC
1	23297577	768	CT
1	23300942	2654	TA
1	23303202	2186	AC
1	23309714	4799	TA
1	23309716	2	CT
1	23312076	1398	CT
1	23313080	630	GA
1	23315480	1443	CA
1	23318076	687	GC
1	23320461	1170	TC
1	23321805	195	CT
1	23322976	864	CT
1	23323141	165	GA
1	23336572	4650	TC
1	23338730	1465	GC
1	23340610	1682	GA
1	23342553	971	TC
1	23343717	1130	TC
1	23344223	454	GA
1	23344466	203	AG
1	23344609	143	AT
1	23346653	447	CT
1	23347653	506	AG
1	23349343	1663	AG
1	23349361	18	AT
1	23349473	112	CA
1	23351255	1475	AG
1	23354439	3042	TC
1	23355180	345	AC
1	23356505	633	GA
1	23356507	2	AG
1	23356978	435	TA
1	23357072	94	GA
1	23359685	2590	AC
1	23360607	772	CA
1	23360842	235	AT
1	23360858	16	AG
1	23360953	95	GA
1	23361227	274	AG
1	23361315	88	GA
1	23362336	498	TG
1	23362341	5	GA
1	23362414	73	GA
1	23362526	112	AT
1	23362660	134	CT
1	23362662	2	AG
1	23362787	125	GT
1	23363419	195	CT
1	23364092	248	AG
1	23364107	15	GA
1	23364146	39	GA
1	23364325	179	AG
1	23367053	907	TA
1	23367158	105	CT
1	23367791	308	CT
1	23368094	303	AG
1	23368114	20	TC
1	23369989	994	GT
1	23370024	35	GT
1	23370147	123	AT
1	23370235	88	CA
1	23371180	945	TC
1	23371268	88	CT
1	23374408	2226	GA
1	23374690	190	AG
1	23374936	246	GA
1	23375294	13	GA
1	23375594	300	GA
1	23375601	7	TC
1	23375846	30	CT
1	23375851	5	GT
1	23375854	3	TA
1	23376943	815	CA
1	23378190	448	AT
1	23379351	567	GT
1	23379373	22	AG
1	23379604	231	GT
1	23380271	459	GA
1	23382753	1715	GA
1	23386343	2381	AC
1	23389528	1893	CT
1	23391121	896	GA
1	23392986	1278	TA
1	23393560	200	CA
1	23393909	349	GC
1	23396263	1112	TG
1	23399540	2420	CA
1	23402655	621	GA
1	23404387	1366	CT
1	23404948	561	CT
1	23406635	1225	TC
1	23406848	213	CT
1	23408189	822	TA
1	23411250	1720	AG
1	23412513	1166	GC
1	23412662	149	TC
1	23412796	134	GC
1	23414567	1359	AG
1	23414620	53	AT
1	23414770	150	AG
1	23414869	99	GA
1	23415194	325	AG
1	23417942	1025	AG
1	23418072	130	AG
1	23419825	1642	AG
1	23419836	11	AG
1	23419963	127	AC
1	23420126	163	TC
1	23420397	218	GA
1	23420588	191	GA
1	23420782	97	AG
1	23425705	1941	AG
1	23426418	713	GT
1	23427286	407	CT
1	23427922	473	GA
1	23428068	146	AT
1	23428719	651	GT
1	23430530	1161	TC
1	23431068	538	GA
1	23431129	61	GT
1	23431661	319	TC
1	23431739	78	AG
1	23432134	395	GT
1	23435679	1750	CT
1	23437865	948	AT
1	23439361	51	TC
1	23440419	712	GA
1	23447475	5248	GT
1	23447609	134	AG
1	23450085	1370	TC
1	23450673	588	TC
1	23450745	72	TC
1	23450960	215	TC
1	23451083	123	AG
1	23454104	1948	GA
1	23454182	78	GC
1	23459240	4460	GA
1	23461785	1336	AG
1	23465199	2515	AG
1	23469164	3129	CT
1	23481813	10335	GA
1	23482297	484	TC
1	23483014	717	GT
1	23503279	14411	AC
1	23505495	1981	AG
1	23510652	4536	TC
1	23514736	3919	GC
1	23517809	2442	GA
1	23518699	564	CT
1	23521856	2892	TA
1	23523909	1544	TC
1	23529701	4193	TC
1	23532567	2631	AG
1	23538663	4974	GC
1	23538919	256	GA
1	23539288	369	AG
1	23543838	2654	GA
1	23556547	5599	GA
1	23560681	2576	TG
1	23564676	1683	AG
1	23585015	9535	TG
1	23585831	438	AG
1	23589165	1093	GA
1	23605467	6136	TC
1	23605620	153	CT
1	23605653	33	CT
1	23605701	48	GA
1	23606002	301	GC
1	23609700	1169	CA
1	23609986	286	TG
1	23611728	562	TC
1	23613023	646	CT
1	23613707	489	GC
1	23615910	1302	CG
1	23620232	815	CT
1	23622595	1710	CT
1	23624467	1017	TG
1	23625749	991	TG
1	23627073	1144	GA
1	23646571	12697	AG
1	23654480	5045	GT
1	23669986	7322	CT
1	23682785	2397	TC
1	23692339	3331	TC
1	23696862	3387	TC
1	23715704	8713	GA
1	23743268	13245	GA
1	23746582	2518	CT
1	23746609	27	AG
1	23747059	166	CG
1	23769447	9324	AT
1	23769742	295	GT
1	23796292	10283	CG
1	23822076	11903	GA
1	23824328	1384	AC
1	23824329	1	CT
1	23826263	1199	AG
1	23828301	1791	GC
1	23830275	1941	AC
1	23830759	266	GA
1	23835641	909	TA
1	23844345	5987	GA
1	23844767	422	CT
1	23852825	7073	GA
1	23854769	1504	GA
1	23859269	3192	TC
1	23865412	2923	GA
1	23886744	9689	CT
1	23905999	7638	TA
1	23923594	6278	AG
1	23923934	340	GT
1	23952754	8457	CT
1	23971461	4993	CA
1	23988580	3289	CT
1	23996519	1852	GA
1	24010295	6177	AT
1	24011276	785	TA
1	24014104	2142	GT
1	24017091	1715	TC
1	24021706	2243	TG
1	24026854	3668	GA
1	24027389	535	GA
1	24027498	109	AT
1	24027593	95	GA
1	24028027	434	TC
1	24028061	34	TC
1	24028182	121	TC
1	24028622	440	TC
1	24028743	121	GA
1	24029069	326	AC
1	24035931	3400	TA
1	24036449	518	TC
1	24037461	1012	GC
1	24038257	265	GA
1	24046826	4930	GA
1	24048823	1154	GT
1	24048870	47	TA
1	24055559	4112	CT
1	24065368	4517	GA
1	24078910	3235	TC
1	24086714	5653	AG
1	24101947	7271	TG
1	24102033	86	GA
1	24102039	6	GA
1	24105177	1653	AT
1	24108747	1253	CT
1	24109854	1079	GC
1	24121323	4869	GC
1	24122516	947	CT
1	24124335	1011	CG
1	24137051	4219	TG
1	24137516	412	CT
1	24140151	1275	GT
1	24143778	2132	GC
1	24149656	4451	TC
1	24153262	1156	GA
1	24154073	811	CA
1	24154255	43	TG
1	24154967	688	CT
1	24155870	779	AG
1	24156268	398	AC
1	24166604	6549	GC
1	24166645	41	GA
1	24171545	3732	GA
1	24177343	4477	AG
1	24178766	346	AG
1	24179344	255	CT
1	24180765	1044	TG
1	24181403	355	GA
1	24182722	1319	TA
1	24185368	1211	CT
1	24186160	792	GC
1	24188248	1202	GA
1	24192180	1503	AT
1	24195542	2849	TA
1	24212546	7693	GA
1	24214440	1596	AG
1	24214502	62	GC
1	24221677	6725	AG
1	24225656	3798	GA
1	24229248	3440	TC
1	24230943	1475	GA
1	24232963	2020	TA
1	24236072	3042	AG
1	24236781	709	GC
1	24237363	582	CT
1	24239763	2335	GA
1	24243856	3137	AG
1	24245043	991	GA
1	24245252	109	CT
1	24253111	5762	CT
1	24253333	222	GC
1	24253337	4	GA
1	24255766	1619	GA
1	24259162	3361	CA
1	24797931	371450	TC
1	24797943	12	CT
1	24798492	549	CT
1	24798493	1	TC
1	24798606	113	TC
1	24798992	386	GT
1	24799118	126	TC
1	24799251	133	AG
1	24800496	535	TC
1	24803843	3179	GA
1	24803860	17	AG
1	24804531	671	CT
1	24804650	119	TC
1	24804651	1	GA
1	24804664	13	AG
1	24805086	422	AG
1	24805298	212	CA
1	24805301	3	AG
1	24805618	317	CT
1	24807269	1651	AG
1	24807552	231	CT
1	24809472	1880	TC
1	24811132	854	CG
1	24811425	293	CG
1	24811456	31	TC
1	24811884	233	AG
1	24816477	3386	GA
1	24818629	2114	CT
1	24818664	35	GT
1	24822817	3016	GA
1	24823128	311	TC
1	24823351	223	AG
1	24823622	271	GA
1	24824567	249	AG
1	24824633	66	AG
1	24824743	110	GA
1	24825295	284	CT
1	24825327	32	CT
1	24825481	154	GC
1	24825576	95	GA
1	24825820	76	TC
1	24825990	170	AG
1	24831351	4222	GA
1	24834206	975	AG
1	24835923	1092	AC
1	24835985	62	TC
1	24838273	2211	AG
1	24838297	24	TG
1	24839015	573	GA
1	24839138	123	GT
1	24840660	1051	GA
1	24844058	2025	AG
1	24845203	1145	TG
1	24845443	240	CG
1	24846624	1181	TC
1	24846635	11	GA
1	24847822	645	TC
1	24847955	133	CT
1	24849732	832	AG
1	24857693	3127	CT
1	24857807	114	CT
1	24857899	92	CG
1	24857940	41	TC
1	24858495	555	CT
1	24858655	160	CT
1	24858904	187	CT
1	24859295	391	TC
1	24859315	20	CT
1	24860072	757	CT
1	24861236	401	AG
1	24861307	71	CT
1	24862167	860	AG
1	24862383	73	GA
1	24863085	702	CT
1	24863286	201	CA
1	24863468	182	TC
1	24864641	930	CG
1	24864999	358	TC
1	24865024	25	CT
1	24865238	214	TC
1	24866446	389	CA
1	24866532	86	TC
1	24866988	214	AG
1	24867286	196	TC
1	24867383	97	TC
1	24867440	57	TC
1	24867545	105	CT
1	24867931	169	GA
1	24868529	598	CT
1	24869444	915	CT
1	24869802	358	AC
1	24870123	321	GA
1	24870287	164	GA
1	24870321	34	GA
1	24870324	3	CT
1	24870333	9	AC
1	24870555	222	TC
1	24870680	125	AG
1	24870694	14	CG
1	24870746	52	CT
1	24870804	58	AG
1	24870967	163	GC
1	24871849	284	GA
1	24872004	155	AG
1	24872094	90	TC
1	24872166	72	TC
1	24872195	29	TC
1	24872392	197	CA
1	24872615	223	AT
1	24875077	2406	GA
1	24880223	3707	CT
1	24880645	422	CT
1	24882478	600	AG
1	24882643	165	GA
1	24884402	1732	CT
1	24885297	731	CT
1	24885610	313	CT
1	24885761	151	CT
1	24885766	5	CT
1	24885786	20	AG
1	24885789	3	CT
1	24886074	285	CT
1	24886704	191	GC
1	24888839	1831	AG
1	24898437	7541	GT
1	24900877	1435	TG
1	24909155	5373	GA
1	24913928	3597	GT
1	24913957	29	TC
1	24914884	927	GA
1	24929009	10295	CT
1	24931542	774	GT
1	24931633	91	AT
1	24932635	1002	CT
1	24932665	30	GT
1	24933141	327	GA
1	24936583	3102	GA
1	24936837	254	CT
1	24938013	1176	GA
1	24938062	49	TC
1	24942386	1550	AG
1	24942795	323	CT
1	24942820	25	GA
1	24943395	575	AG
1	24943664	269	AG
1	24945932	2194	CT
1	24947682	1651	AG
1	24949785	2103	AG
1	24955088	5114	AG
1	24955377	214	CT
1	24956334	908	GA
1	24957192	828	AC
1	24959715	2093	GA
1	24959716	1	AT
1	24960038	322	CT
1	24962620	2495	CT
1	24963130	510	TG
1	24963349	125	GA
1	24965494	2145	TA
1	24976262	10385	GA
1	24976885	623	CT
1	24977520	635	TA
1	24977786	266	GA
1	24978857	793	GA
1	24978974	117	GA
1	24981555	2410	CT
1	24984470	2687	GA
1	24984884	414	AG
1	24985333	346	TC
1	24985678	345	AG
1	24985967	289	AT
1	24986495	528	CG
1	24987815	1320	CG
1	24988604	759	AG
1	24989706	700	TC
1	24989779	73	CT
1	24989862	83	GA
1	24989941	79	TC
1	24989949	8	GA
1	24990495	546	TG
1	24990616	121	AT
1	24990642	26	AG
1	24991131	489	TC
1	24991157	26	CT
1	24991944	753	GA
1	24991978	34	CG
1	24992399	421	AG
1	24992432	33	TG
1	24992440	8	GA
1	24992603	163	CG
1	24992747	144	AG
1	24993928	867	GC
1	24994049	121	TC
1	24994369	320	TC
1	24996341	1817	CT
1	24997027	641	GA
1	24997231	204	CT
1	24998325	1094	GA
1	24998563	238	GA
1	24998728	165	GA
1	24998735	7	AG
1	24999289	224	GA
1	25001835	998	CT
1	25001894	59	GT
1	25005224	1317	AG
1	25010679	1309	CT
1	25010689	10	CG
1	25020893	5165	TC
1	25022883	1648	GA
1	25024016	953	GA
1	25024197	181	AG
1	25024481	284	AG
1	25024488	7	AG
1	25024499	11	AG
1	25024749	197	GA
1	25024817	68	AG
1	25024977	160	TC
1	25025319	303	GT
1	25026498	1110	TC
1	25027414	593	AG
1	25027651	237	TC
1	25027859	208	TC
1	25037486	1837	CT
1	25037753	267	CT
1	25038515	494	TG
1	25038545	30	CT
1	25039050	259	AT
1	25039838	487	TA
1	25039982	144	CT
1	25040755	508	GA
1	25040792	37	TC
1	25042131	940	AG
1	25042670	496	GT
1	25042766	96	CA
1	25046391	2374	AG
1	25046398	7	TC
1	25046538	140	TA
1	25047664	1026	TC
1	25049218	945	TC
1	25049772	554	AG
1	25050097	325	AG
1	25050670	573	CG
1	25051024	354	AG
1	25051029	5	GA
1	25051387	358	CT
1	25051426	39	AG
1	25051507	81	TG
1	25052061	309	CT
1	25052968	571	TA
1	25054868	1900	CT
1	25058487	3182	GA
1	25060171	1114	CG
1	25060426	255	CG
1	25062987	1929	GA
1	25064115	842	GA
1	25064368	253	CG
1	25065057	689	AG
1	25066103	1046	AC
1	25066300	197	TC
1	25067357	723	GA
1	25069862	1850	GA
1	25069866	4	AC
1	25072305	2078	TG
1	25072389	84	TG
1	25072498	109	GA
1	25072587	89	CT
1	25074398	1228	TA
1	25077277	2377	GA
1	25077704	427	GA
1	25079739	1495	CT
1	25080759	818	GA
1	25086524	5449	CT
1	25087583	1021	AG
1	25088347	245	CT
1	25088653	306	CA
1	25088676	23	GA
1	25088701	25	GC
1	25089018	317	TC
1	25089288	270	CT
1	25089289	1	GA
1	25089317	28	TC
1	25089405	88	GA
1	25089432	27	AG
1	25089532	100	CG
1	25089537	5	TC
1	25089787	250	CA
1	25090193	406	AG
1	25090224	31	AG
1	25090327	103	TC
1	25090534	207	GA
1	25090574	40	CT
1	25090641	67	CT
1	25090652	11	AG
1	25090857	205	CA
1	25090968	111	GC
1	25091060	92	TC
1	25091111	51	AC
1	25091132	21	CT
1	25091156	24	TC
1	25091467	311	GT
1	25091468	1	TC
1	25091533	65	CT
1	25091755	222	CG
1	25091916	161	GA
1	25092582	666	GC
1	25092618	36	AG
1	25094602	1758	TC
1	25094977	375	TC
1	25094978	1	CT
1	25095584	606	AG
1	25096061	477	AG
1	25096096	35	TC
1	25096672	576	CT
1	25096835	163	AG
1	25097036	201	GC
1	25097431	395	GA
1	25097432	1	CT
1	25097481	49	AG
1	25097515	34	GA
1	25097536	21	AG
1	25097538	2	TG
1	25097564	26	GA
1	25097614	50	AG
1	25098526	695	AG
1	25098537	11	GA
1	25098773	236	CT
1	25099626	558	CG
1	25099742	116	TC
1	25099743	1	GA
1	25099753	10	TC
1	25099766	13	AC
1	25100455	303	TC
1	25100489	34	GA
1	25100677	188	AG
1	25100687	10	GC
1	25100759	72	GA
1	25101273	514	CT
1	25101803	148	TC
1	25102008	205	TC
1	25104906	1337	AG
1	25106846	669	CT
1	25111817	2562	GA
1	25114886	2045	TG
1	25114950	64	AG
1	25115063	113	CA
1	25115105	42	GC
1	25115187	82	AG
1	25115402	215	GC
1	25115528	126	CT
1	25115624	96	CG
1	25115759	135	GC
1	25115761	2	TA
1	25116380	568	CT
1	25116515	135	GA
1	25116527	12	CT
1	25116830	303	CT
1	25116840	10	TA
1	25116913	73	CT
1	25117220	307	CG
1	25117786	455	TC
1	25117791	5	TC
1	25118520	729	TC
1	25118548	28	AG
1	25119173	565	CT
1	26330649	866471	GC
1	26330936	287	GT
1	26331124	188	GA
1	26331273	149	CT
1	26331842	348	TC
1	26332484	510	AG
1	26332515	31	GC
1	26332550	35	TC
1	26332566	16	TC
1	26333263	324	GT
1	26333275	12	CT
1	26333301	26	TC
1	26333523	222	GC
1	26333541	18	CT
1	26334350	761	TC
1	26334409	59	GA
1	26334915	506	AG
1	26335081	166	GT
1	26335546	333	GA
1	26337556	1413	AC
1	26337962	406	TC
1	26338021	59	CG
1	26338022	1	GA
1	26338122	100	CT
1	26338243	121	GA
1	26338250	7	GA
1	26338441	191	AG
1	26339385	944	TC
1	26340148	763	GA
1	26340162	14	CT
1	26340212	50	CT
1	26341192	980	CT
1	26341344	152	TC
1	26341707	185	GC
1	26343988	1629	CT
1	26344149	161	CT
1	26344273	124	TC
1	26344777	504	CG
1	26345020	211	TC
1	26345313	293	GA
1	26345572	102	AG
1	26345935	363	GC
1	26346001	66	TC
1	26346057	56	GA
1	26348557	709	AG
1	26348741	184	GA
1	26349054	313	GT
1	26349086	32	GT
1	26349173	87	AC
1	26349404	231	GA
1	26349465	61	GT
1	26349479	14	CG
1	26350112	569	AC
1	26350203	91	TC
1	26350600	397	CA
1	26350638	38	CT
1	26350759	121	TC
1	26351418	659	GA
1	26351637	219	AG
1	26351650	13	GA
1	26351654	4	GA
1	26352448	359	GA
1	26352518	70	GA
1	26353024	506	AG
1	26353058	34	CT
1	26355044	1148	TC
1	26355360	316	CT
1	26358025	1806	CT
1	26359287	790	CG
1	26359428	141	GA
1	26359785	310	AG
1	26363220	1147	GA
1	26363338	118	TC
1	26363440	102	CT
1	26363534	94	CT
1	26363746	212	GA
1	26363815	69	GT
1	26363820	5	AG
1	26363841	21	GT
1	26364346	428	AG
1	26364443	97	CT
1	26364656	107	CT
1	26365051	395	AT
1	26365397	302	GA
1	26365655	258	GA
1	26365983	328	TA
1	26366123	140	GC
1	26372203	3660	AG
1	26373708	607	AG
1	26375955	1501	CT
1	26376004	49	CG
1	26377688	1258	TC
1	26377953	232	TC
1	26378606	653	CT
1	26379548	642	TC
1	26379589	41	TC
1	26379594	5	CT
1	26379605	11	GA
1	26380281	676	AG
1	26381757	1318	CT
1	26382523	694	CT
1	26383184	635	GA
1	26383787	436	AG
1	26384388	601	CT
1	26384488	100	TG
1	26385515	712	AG
1	26385788	273	GA
1	26385813	25	AG
1	26386236	133	TC
1	26386277	41	TC
1	26386772	495	GA
1	26387801	1029	GT
1	26389543	1308	GT
1	26390841	854	AG
1	26392052	1054	GC
1	26396842	4322	GC
1	26396861	19	CA
1	26396928	67	TC
1	26396972	44	GA
1	26397034	62	GC
1	26397142	108	CT
1	26397252	110	CT
1	26397463	211	GC
1	26397595	132	CA
1	26398082	487	GA
1	26398094	12	GA
1	26398101	7	CT
1	26398254	153	CT
1	26398366	112	GA
1	26398749	383	AG
1	26399590	493	TC
1	26400011	129	GT
1	26400318	307	GA
1	26400692	374	GT
1	26400703	11	GA
1	26400796	93	GA
1	26401304	301	GA
1	26401947	492	TC
1	26402132	185	AG
1	26403525	1297	GC
1	26403725	162	AG
1	26404796	1071	TC
1	26405652	828	AG
1	26406461	465	TG
1	26406931	470	CT
1	26407672	468	AG
1	26408709	684	GA
1	26408891	182	TC
1	26408909	18	AT
1	26409095	186	AG
1	26410376	1238	AC
1	26410754	378	CT
1	26412383	1133	GA
1	26412796	413	GA
1	26413163	259	TC
1	26413429	266	GT
1	26413797	368	CT
1	26414322	525	CT
1	26414924	367	GC
1	26415078	154	AG
1	26415106	28	TC
1	26415774	598	CT
1	26415821	47	TC
1	26416667	846	CT
1	26417031	46	AG
1	26417117	86	CT
1	26417328	211	GA
1	26417427	99	CT
1	26417473	46	CA
1	26417638	57	AG
1	26417838	200	TG
1	26417891	53	AG
1	26418083	192	GC
1	26418106	23	CG
1	26418242	136	AT
1	26418603	298	GA
1	26418670	67	CT
1	26419161	491	TG
1	26419172	11	GC
1	26419195	23	AG
1	26419339	144	AG
1	26419624	109	CT
1	26419765	141	CT
1	26419774	9	AC
1	26420109	335	CG
1	26420220	111	CG
1	26420229	9	AG
1	26420633	62	TC
1	26420642	9	TC
1	26420796	154	TG
1	26421019	223	CT
1	26421286	267	CT
1	26421504	218	TC
1	26421510	6	AG
1	26421517	7	CT
1	26421584	67	AG
1	26421623	39	AG
1	26421678	55	TG
1	26422344	488	AG
1	26422386	42	GA
1	26422469	83	AG
1	26427438	3611	CA
1	26428360	628	AG
1	26432319	2550	TG
1	26432905	453	GA
1	26433791	690	GC
1	26433813	22	GC
1	26434724	621	CA
1	26434799	75	TC
1	26436964	468	TC
1	26436972	8	GA
1	26442101	2277	AC
1	26442803	374	CT
1	26447123	2989	CG
1	26447512	389	GA
1	26449131	1570	GT
1	26460143	7392	CT
1	26460357	214	GT
1	26462526	1100	GA
1	26463898	357	AG
1	26464475	125	CG
1	26464635	160	CT
1	26464695	60	CG
1	26464703	8	GA
1	26464743	40	AG
1	26464765	22	TC
1	26464847	82	TC
1	26464854	7	CT
1	26465036	182	AG
1	26465219	183	AC
1	26465478	259	TC
1	26465520	42	GA
1	26465755	115	GA
1	26465767	12	AG
1	26465890	123	TC
1	26466993	547	GT
1	26467366	373	TG
1	26467484	118	TA
1	26467939	366	AG
1	26468083	144	CG
1	26470048	1287	CT
1	26475829	3860	TC
1	26475985	156	CT
1	26476049	64	CA
1	26476050	1	AG
1	26477233	332	GA
1	26478834	817	GC
1	26478985	151	CT
1	26482189	1885	GA
1	26482303	66	AC
1	26482581	278	CA
1	26482654	73	GA
1	26485802	1174	TC
1	26485828	26	TC
1	26487393	708	AG
1	26487515	122	GA
1	26488494	719	AG
1	26490351	1422	CT
1	26490563	212	TC
1	26492136	1250	AT
1	26493137	1001	AG
1	26493236	99	AG
1	26494982	396	AG
1	26495183	201	TC
1	26495439	256	GA
1	26495448	9	AG
1	26495496	48	AG
1	26495813	317	TC
1	26496698	524	AG
1	26496789	91	TC
1	26496887	98	CA
1	26496912	25	TA
1	26496975	63	AG
1	26497657	204	CT
1	26498425	610	TG
1	26498513	88	AG
1	26500663	686	TC
1	26501279	616	GC
1	26502308	858	TG
1	26502554	246	TG
1	26505608	1529	AG
1	26505769	161	AT
1	26505795	26	AG
1	26506477	682	GA
1	26506908	431	AG
1	26506909	1	TC
1	26506972	63	AG
1	26507433	461	GT
1	26507455	22	GA
1	26507539	84	TC
1	26509764	2225	GT
1	26510351	587	AG
1	26511478	1127	AT
1	26511942	464	AG
1	26511955	13	GC
1	26511977	22	CT
1	26512125	148	CT
1	26512335	210	AG
1	26512551	216	GA
1	26513074	523	TC
1	26514332	1258	AC
1	26514681	349	CT
1	26514976	295	TG
1	26514983	7	CT
1	26515784	772	AG
1	26516345	513	CT
1	26516583	238	GA
1	26516673	90	TA
1	26516674	1	GT
1	26517756	1047	TC
1	26522772	3010	GA
1	26524377	1057	TA
1	26526335	1253	CT
1	26533714	5041	CG
1	26541428	1469	CT
1	26545106	2222	TC
1	26552433	269	GT
1	26557843	4238	GT
1	26566081	4039	GA
1	26566098	17	CT
1	26566189	91	GA
1	26566511	322	GC
1	26566861	350	CT
1	26567686	825	CT
1	26568771	1085	TA
1	26569201	430	AT
1	26571074	1873	CT
1	26572082	1008	AG
1	26572098	16	TA
1	26572320	222	CG
1	26572510	190	AT
1	26572727	217	TC
1	26573165	438	CT
1	26574231	694	AG
1	26575437	909	TC
1	26575503	66	CT
1	26576746	571	TC
1	26576779	33	GA
1	26576821	42	TC
1	26576994	173	CT
1	26577097	103	AG
1	26577139	42	CT
1	26578107	884	AG
1	26578339	232	CT
1	26578559	220	TC
1	26579762	757	AG
1	26579803	41	GA
1	26579806	3	GT
1	26580099	293	TC
1	26580293	194	TA
1	26580589	296	TC
1	26580740	151	GA
1	26580819	79	GA
1	26581084	265	GT
1	26581298	214	TC
1	26581419	121	GT
1	26581856	143	GC
1	26581880	24	TA
1	26582355	192	AG
1	26582491	136	GA
1	26583395	904	CA
1	26583482	87	CA
1	26583502	20	AC
1	26583564	62	TC
1	26583807	243	GA
1	26583816	9	CT
1	26584472	656	GA
1	26584789	174	TG
1	26584839	50	TC
1	26585886	961	CT
1	26591765	2870	TC
1	26592103	338	GT
1	26593769	847	AG
1	26594478	709	CT
1	26595524	905	TG
1	26595631	107	GC
1	26596695	1064	CA
1	26598445	819	CT
1	26599784	1339	CA
1	26599907	123	AG
1	26600156	249	CT
1	26600924	459	CT
1	26601513	589	GA
1	26602161	201	CG
1	26602468	307	GA
1	26602470	2	AT
1	26602769	299	CT
1	26603541	772	TC
1	26603915	374	GA
1	26605550	813	CT
1	26605751	201	TG
1	26606460	627	AG
1	26607130	670	AG
1	26607158	28	TA
1	26607717	559	CT
1	26608829	1068	AT
1	26609348	419	GA
1	26610805	762	CA
1	26611470	665	GA
1	26612070	557	CT
1	26612165	95	GC
1	26612177	12	CT
1	26612392	215	GA
1	26621472	4699	GT
1	26623522	1666	AG
1	26623957	333	TC
1	26630381	1826	TG
1	26631876	1350	CT
1	26632862	726	CT
1	26633305	443	TG
1	26637040	1556	AT
1	26637203	105	CA
1	26637301	98	TC
1	26637828	527	CT
1	26637830	2	TC
1	26638340	510	AG
1	26638836	187	TC
1	26641296	330	TC
1	26641444	148	CT
1	26641656	212	GA
1	26642235	215	TC
1	26643627	733	TG
1	26643656	29	GA
1	26644101	445	GA
1	26644695	594	CT
1	26644944	249	GA
1	26645057	113	TA
1	26645270	213	AT
1	26646593	788	CG
1	26646597	4	CA
1	26646932	315	CG
1	26651536	3239	CT
1	26651998	462	GA
1	26652003	5	GA
1	26652343	136	CT
1	26652364	21	CT
1	26652544	180	GT
1	26652557	13	GA
1	26652672	115	AC
1	26652905	233	GA
1	26653715	251	CT
1	26653743	28	AC
1	26655021	564	GA
1	26657718	1233	CT
1	26657842	124	CT
1	26657884	42	GT
1	26658238	354	GC
1	26661546	1395	CT
1	26662090	544	GT
1	26663912	1203	CG
1	26667603	867	CT
1	26670918	1135	AT
1	26671171	253	TC
1	26672603	520	TA
1	26674397	745	CT
1	26674432	35	CT
1	26677430	1039	AG
1	26679874	1636	TA
1	26679950	76	AC
1	26680127	177	AT
1	26680199	72	GA
1	26680438	239	CT
1	26680694	256	AT
1	26680898	204	AC
1	26681431	503	TG
1	26682140	709	GA
1	26683098	906	GA
1	26683144	46	GC
1	26685647	2137	GT
1	26686079	405	GA
1	26686223	144	TC
1	26687761	1487	TC
1	26687988	227	TC
1	26689969	1216	GT
1	26691545	692	CT
1	26691554	9	AG
1	26692238	316	AG
1	26692793	555	CA
1	26698176	2932	AG
1	26703537	2584	CT
1	26712244	5046	TC
1	26712273	29	GA
1	26712285	12	TC
1	26714462	1161	CT
1	26714482	20	AG
1	26714659	177	TC
1	26714761	102	AG
1	26715452	429	AG
1	26715542	90	CG
1	26717210	297	GA
1	26717256	46	GA
1	26721842	333	GC
1	26723248	386	TC
1	26723459	211	GA
1	26723597	138	GA
1	26724101	353	GA
1	26724207	106	TC
1	26727885	578	TG
1	26730158	614	GA
1	26731246	146	GC
1	26731280	34	GA
1	26732259	735	CG
1	26732345	86	AG
1	26734401	575	AT
1	26734410	9	AG
1	26734825	415	CT
1	26734918	93	CT
1	26735009	91	GA
1	26737891	2171	AG
1	26738274	353	GA
1	26738961	646	GC
1	26739622	223	AG
1	26740416	766	GA
1	26740693	277	GA
1	26741671	177	AG
1	26741674	3	TC
1	26743104	510	AG
1	26743147	43	AG
1	26744037	386	AT
1	26744133	96	GA
1	26745454	1297	GT
1	26746784	957	CT
1	26747036	252	CT
1	26748197	563	TA
1	26750568	2344	TG
1	26750585	17	GA
1	26751338	466	AG
1	26756003	3367	AC
1	26762728	4784	CG
1	26763222	494	TG
1	26763223	1	TA
1	26763264	41	AG
1	26763323	59	GA
1	26766130	2253	GA
1	26766285	155	CT
1	26766311	26	CT
1	26766360	49	GT
1	26767111	527	GA
1	26767200	89	AG
1	26767440	44	TG
1	26773214	1768	AC
1	26776123	1080	GC
1	26778699	1369	TC
1	26779390	510	CT
1	26779442	52	TC
1	26785139	5416	GC
1	26785264	125	GA
1	26785700	436	AG
1	26786993	1293	TC
1	26787350	280	TG
1	26788766	1390	CA
1	26788784	18	AG
1	26789005	221	CA
1	26789229	224	AG
1	26789487	258	GA
1	26789837	350	GA
1	26789962	125	CA
1	26790089	127	CT
1	26792748	2516	CT
1	26795444	1868	GA
1	26798083	2032	GA
1	26800793	1210	TC
1	26800870	77	TC
1	26801677	596	CG
1	26804443	2475	AG
1	26804804	361	TG
1	26808878	3188	AC
1	26809032	154	AT
1	26810804	746	GA
1	26812739	778	AG
1	26813013	274	GC
1	26814174	1161	TC
1	26814983	589	CA
1	26816967	1914	GA
1	26817176	171	GA
1	26817910	734	CT
1	26818108	198	CT
1	26821650	1434	CT
1	26822576	877	CA
1	26827455	4143	GT
1	26828250	795	CT
1	26828273	23	CT
1	26838825	5124	AG
1	26838900	75	CA
1	26839351	451	TC
1	26841577	2226	TC
1	26843252	1054	TC
1	26843951	567	TC
1	26844807	826	AG
1	26845594	787	TC
1	26847954	1762	CT
1	26848688	734	TC
1	26848804	116	TC
1	26849198	209	GA
1	26849541	343	CT
1	26851097	743	CT
1	26851098	1	GA
1	26851551	145	AG
1	26851804	253	GC
1	26852216	317	AG
1	26852418	202	CT
1	26852503	85	TC
1	26852796	86	AG
1	26852847	51	TC
1	26853329	271	AG
1	26853460	131	GA
1	26854072	496	GT
1	26854279	77	TG
1	26856037	899	TC
1	26857161	1057	TC
1	26859568	1435	TC
1	26859607	39	TC
1	26859663	56	GA
1	26859686	23	AC
1	26861586	1620	GC
1	26864510	2208	TA
1	26876236	6587	AC
1	26877040	804	AT
1	26878709	1669	TC
1	26883376	580	TC
1	26894337	5589	GA
1	26894416	79	CT
1	26905498	4818	AG
1	26908603	1501	AG
1	26908978	172	CT
1	26911372	725	CT
1	26916883	2217	CA
1	26917722	816	GA
1	26918134	412	TC
1	26924563	1186	GC
1	26929749	1955	TC
1	26932643	2012	GA
1	26938119	3231	GC
1	26938357	238	GC
1	26938445	88	GA
1	26938699	92	CT
1	26938744	45	CG
1	26939038	294	AG
1	26939156	118	GC
1	26941063	778	AG
1	26943996	1482	AG
1	26944283	287	CT
1	26949124	1285	AG
1	26949833	649	GA
1	26950959	661	GC
1	26951555	573	TG
1	26951594	39	GA
1	26951735	141	AG
1	26951966	231	TA
1	26952014	48	TC
1	26954112	119	GA
1	26954170	58	CT
1	26954179	9	CT
1	26954957	277	GA
1	26955843	713	AC
1	26956385	458	AG
1	26958369	1058	TC
1	26960732	989	TC
1	26960755	23	GA
1	26960904	149	CA
1	26961351	400	CG
1	26961632	281	TC
1	26962105	473	CG
1	26962106	1	TG
1	26963111	200	AG
1	26963157	46	TC
1	26963826	222	GC
1	26963873	47	TC
1	26963884	11	TC
1	26963913	29	TA
1	26964073	62	GC
1	26964212	139	TC
1	26964259	47	GA
1	26964396	137	CA
1	26964416	20	GA
1	26964419	3	CT
1	26964431	12	AG
1	26964461	30	TC
1	26964563	102	GA
1	26964635	72	GA
1	26964738	61	TC
1	26964798	60	CT
1	26964990	90	GT
1	26965056	66	TC
1	26965150	94	TC
1	26965177	27	TA
1	26965318	141	AG
1	26965343	25	TC
1	26965359	16	TC
1	26965478	119	GA
1	26967574	1065	GA
1	26968637	767	TG
1	26979041	5670	AT
1	26980787	362	TC
1	26990370	4353	GA
1	26990513	143	TC
1	26994370	1246	CA
1	26995394	356	AG
1	26996649	240	AG
1	26996658	9	AG
1	26997187	212	AC
1	26997495	308	AG
1	26997747	252	CT
1	26997752	5	CA
1	26997815	63	CA
1	26998213	398	TC
1	26998282	69	TC
1	26999444	761	AG
1	26999454	10	GA
1	26999586	132	CT
1	27002678	520	GA
1	27004798	706	TC
1	27005038	240	GC
1	27006222	1142	AG
1	27006245	23	GA
1	27006272	27	CT
1	27006380	108	CT
1	27007737	682	CG
1	27007860	123	AG
1	27010641	1535	GA
1	27010722	81	AG
1	27011112	390	TC
1	27011122	10	TC
1	27011125	3	TC
1	27011168	43	TG
1	27011177	9	GT
1	27011536	145	AG
1	27011563	27	TC
1	27011703	140	GA
1	27011761	58	GA
1	27011817	56	TC
1	27011903	86	AG
1	27012012	109	TG
1	27012099	87	AG
1	27012107	8	CA
1	27012167	60	GC
1	27012304	137	CG
1	27013516	410	CT
1	27013525	9	AG
1	27013572	47	CT
1	27013681	109	GA
1	27013867	186	GA
1	27014239	372	CT
1	27014505	266	GA
1	27014595	51	TA
1	27014619	24	TC
1	27015008	389	GA
1	27015074	66	AG
1	27015109	35	CT
1	27015130	21	AC
1	27015178	48	CG
1	27015551	373	AG
1	27015568	17	CT
1	27015992	55	TC
1	27016054	62	CT
1	27016112	58	AT
1	27016175	63	CG
1	27016709	200	GA
1	27016716	7	CT
1	27016728	12	CT
1	27016774	46	TG
1	27016868	94	CT
1	27016882	14	AG
1	27016926	44	GA
1	27017381	147	CT
1	27017512	131	TA
1	27018239	151	TC
1	27018244	5	GT
1	27018246	2	CT
1	27018351	105	TC
1	27018778	427	TG
1	27018788	10	GA
1	27018921	133	AG
1	27019250	329	GA
1	27022216	1318	TC
1	27022400	184	TC
1	27024958	1083	AT
1	27025570	457	GT
1	27025705	96	AG
1	27026161	286	CT
1	27026629	175	AG
1	27026729	100	GA
1	27026766	37	TC
1	27027878	488	AG
1	27028300	122	AG
1	27028402	102	AG
1	27028863	461	GA
1	27029326	129	TC
1	27029788	462	AG
1	27029812	24	CT
1	27029938	126	GA
1	27029989	51	TA
1	27030012	23	GA
1	27030643	62	TC
1	27031843	166	AG
1	27032402	559	CT
1	27032491	89	GT
1	27034565	1677	GT
1	27034566	1	GA
1	27034854	288	CT
1	27036366	1512	TC
1	27039423	3057	CG
1	27042285	2130	GA
1	27042674	389	CA
1	27043884	1210	CT
1	27044988	1062	AC
1	27045097	109	CT
1	27045770	673	AG
1	27045821	51	GC
1	27046132	269	CT
1	27049497	1977	AG
1	27049660	163	GA
1	27049873	196	AC
1	27050291	314	GA
1	27050890	599	AG
1	27051350	260	GA
1	27051470	120	CT
1	27051522	52	TG
1	27052373	851	CT
1	27052558	185	CA
1	27056184	2447	GC
1	27056735	551	AC
1	27057341	290	GA
1	27060254	626	TC
1	27060544	290	AG
1	27060594	50	GT
1	27060811	217	TC
1	27061036	225	TC
1	27062213	428	AG
1	27063727	1022	GC
1	27063740	13	GA
1	27063780	40	GA
1	27065728	1415	CA
1	27067299	730	TC
1	27068063	405	AT
1	27070036	1481	CT
1	27072177	1573	CT
1	27074402	1568	CT
1	27076316	1691	GA
1	27076328	12	TC
1	27076885	255	CT
1	27076968	83	CT
1	27076989	21	CG
1	27077005	16	GA
1	27077448	158	CT
1	27077639	191	CT
1	27077684	45	AG
1	27077843	159	GA
1	27077996	153	CT
1	27078171	175	GA
1	27078562	391	CT
1	27078582	20	TC
1	27078750	138	GC
1	27079106	356	CT
1	27079120	14	GT
1	27079224	104	CT
1	27079366	142	CT
1	27079499	133	TC
1	27079541	42	CT
1	27080279	543	TC
1	27080293	14	CT
1	27080318	25	TC
1	27080437	119	CT
1	27080474	37	AC
1	27080539	65	TC
1	27080610	71	CT
1	27080859	249	TC
1	27081734	750	GC
1	27081754	20	AG
1	27081792	38	TC
1	27081823	31	CT
1	27082122	299	GA
1	27082228	106	AG
1	27082883	627	AG
1	27082999	116	TC
1	27083259	260	TA
1	27083647	339	TC
1	27083748	101	CT
1	27084053	305	AC
1	27084124	71	GA
1	27084270	146	CG
1	27084671	358	GC
1	27084681	10	TC
1	27086301	1120	GA
1	27086805	504	CG
1	27087002	197	TG
1	27087633	631	TC
1	27088400	393	AG
1	27089167	767	TC
1	27090117	950	TC
1	27090844	727	GA
1	27090920	76	AG
1	27094651	879	GC
1	27094664	13	CT
1	27094969	305	CT
1	27095133	164	GA
1	27096623	1445	AG
1	27096669	46	TC
1	27097771	963	GT
1	27097995	224	GC
1	27099619	980	TC
1	27099956	276	GA
1	27099975	19	GA
1	27100626	633	AG
1	27100750	124	CT
1	27101466	556	GA
1	27101492	26	CT
1	27102750	1153	AG
1	27102902	152	CT
1	27102929	27	CA
1	27103615	686	GT
1	27104328	713	TA
1	27104350	22	TC
1	27106009	576	AG
1	27115229	3482	CT
1	27119491	2932	CT
1	27119496	5	GA
1	27120092	596	GA
1	27121949	1020	GA
1	27133379	6720	GA
1	27155154	16344	CT
1	27158361	2142	CG
1	27158434	73	AC
1	27159029	307	TC
1	27159039	10	GA
1	27160106	749	TC
1	27160517	411	AC
1	27160655	138	CT
1	27164807	1443	GA
1	27165492	685	GA
1	27166424	932	CT
1	27166717	293	TA
1	27170101	1345	GA
1	27173930	3504	CG
1	27174279	349	CT
1	27174803	524	TA
1	27175404	361	GA
1	27175622	218	GT
1	27175744	122	CT
1	27176411	433	TG
1	27177332	399	GA
1	27177422	90	AT
1	27177745	323	AG
1	27177747	2	CT
1	27179345	964	CT
1	27179581	236	GA
1	27179604	23	AT
1	27180300	108	GA
1	27180378	78	TC
1	27180415	37	AC
1	27180531	116	AG
1	27180630	53	CT
1	27180707	77	TC
1	27181317	283	TC
1	27181442	125	GA
1	27181590	59	GA
1	27184407	632	GA
1	27184486	79	CT
1	27184553	67	GA
1	27184617	64	GA
1	27185149	532	GC
1	27186136	649	TC
1	27186558	327	GA
1	27187883	816	CG
1	27193253	2118	TC
1	27195646	899	AG
1	27196050	404	CG
1	27196304	254	TC
1	27196431	127	CT
1	27197023	551	GC
1	27197125	102	CT
1	27200611	2654	GA
1	27200820	209	AG
1	27202123	934	GA
1	27206860	2485	GA
1	27207641	751	TC
1	27208251	610	TC
1	27208392	141	GA
1	27208822	269	CT
1	27209033	211	CT
1	27210192	567	CT
1	27210517	325	GA
1	27212091	741	TC
1	27212142	51	CT
1	27212216	74	GA
1	27212429	213	AG
1	27212664	235	CT
1	27213108	444	GA
1	27214161	1053	TC
1	27216004	934	GA
1	27217466	1462	TC
1	27219181	1319	GA
1	27219340	159	TA
1	27219341	1	TA
1	27229632	5371	GC
1	27230202	459	TC
1	27230281	79	GT
1	27231909	1042	CT
1	27231956	47	CT
1	27232767	660	TA
1	27233052	285	CT
1	27233223	171	TC
1	27235307	1514	TC
1	27235795	154	CA
1	27236661	723	AG
1	27237959	508	GC
1	27238883	634	TC
1	27240202	1136	CT
1	27241790	741	CT
1	27244206	1535	AC
1	27245041	835	AC
1	27249478	2586	TC
1	27251701	1149	CT
1	27256813	1956	TG
1	27256839	26	CT
1	27259026	1739	CT
1	27259131	105	CT
1	27259193	62	TC
1	27259803	610	GA
1	27355069	52925	CG
1	27358936	580	AG
1	27359319	293	GT
1	27359493	174	CT
1	27359611	118	GA
1	27359683	72	TC
1	27359711	28	AG
1	27359766	55	CT
1	27359932	166	GA
1	27359949	17	CT
1	27359981	32	CG
1	27366643	1020	GT
1	27367811	742	GA
1	27368138	327	AG
1	27368709	544	AT
1	27372678	3827	CT
1	27373279	349	CT
1	27373409	130	TC
1	27373427	18	TG
1	27373547	120	TC
1	27373649	102	AG
1	27373805	156	GA
1	27376725	1936	TC
1	27376995	270	TC
1	27377062	67	TA
1	27377274	212	GT
1	27377360	86	AC
1	27377869	127	CA
1	27378914	668	CT
1	27379306	392	GA
1	27379352	46	TG
1	27386939	2979	AG
1	27387292	353	TA
1	27387581	289	GA
1	27388091	510	GC
1	27388306	215	AG
1	27388380	74	TA
1	27388773	393	TC
1	27390256	508	AG
1	27390319	63	AG
1	27392584	1678	CT
1	27392700	116	AC
1	27394776	908	AG
1	27396021	951	GC
1	27398047	624	GA
1	27398050	3	GA
1	27398093	43	TC
1	27398147	54	AG
1	27398172	25	CT
1	27399123	492	AT
1	27407231	3257	GA
1	27408773	1308	AG
1	27408923	150	AC
1	27409481	558	AG
1	27409759	278	AG
1	27412238	1646	TC
1	27415650	1890	CA
1	27430348	12278	TC
1	27440668	6427	CT
1	27441773	558	TC
1	27448517	6002	GA
1	27450010	1467	CA
1	27455898	4503	AT
1	27458623	2474	TC
1	27462298	2984	TA
1	27462299	1	AC
1	27467593	2079	CT
1	27467692	99	TG
1	27467855	163	GA
1	27468754	225	GA
1	27469917	754	AC
1	27470194	277	GA
1	27471386	582	TG
1	27471769	383	CA
1	27472369	283	CT
1	27472648	130	CT
1	27473125	477	CT
1	27473703	433	CT
1	27473726	23	GA
1	27473730	4	GA
1	27473788	58	GT
1	27473854	66	AT
1	27475137	686	TG
1	27475777	640	AG
1	27475817	40	GA
1	27476259	442	AG
1	27476539	280	TC
1	27476571	32	AG
1	27476736	165	GT
1	27476826	90	AT
1	27476983	157	AG
1	27477045	62	CT
1	27477505	331	GC
1	27477532	27	AG
1	27477652	120	CA
1	27477848	196	GA
1	27477979	131	TA
1	27479141	717	GC
1	27479146	5	CT
1	27479410	264	CT
1	27479450	40	CA
1	27479529	79	AG
1	27481028	866	AG
1	27481339	311	GA
1	27484889	3217	AT
1	27484973	84	AC
1	27491540	1231	TA
1	27492756	946	AG
1	27494556	984	CT
1	27494634	78	CT
1	27494986	352	TC
1	27494996	10	GA
1	27495131	135	CG
1	27495403	272	CT
1	27496374	712	AG
1	27496424	50	GA
1	27499871	2715	GA
1	27505107	1146	CG
1	27508128	2968	AG
1	27511155	2386	TC
1	27514093	2055	GT
1	27514341	248	TA
1	27514455	114	GA
1	27514541	86	CG
1	27514841	300	GA
1	27516625	1487	CT
1	27516806	181	AG
1	27516851	45	AG
1	27517348	497	AG
1	27519066	1211	TC
1	27524192	3924	CT
1	27525355	1130	TC
1	27525452	97	GA
1	27525956	504	CT
1	27525983	27	TC
1	27526089	106	TC
1	27527527	1128	AG
1	27528301	774	GA
1	27529062	726	TG
1	27529242	180	GA
1	27529434	192	TC
1	27529626	192	CG
1	27530079	453	AT
1	27530125	46	CG
1	27530275	150	AT
1	27530302	27	TG
1	27531657	1355	TC
1	27532648	991	AG
1	27537819	3486	GA
1	27537991	172	GA
1	27540097	1783	TC
1	27540665	568	CT
1	27541427	762	GA
1	27541738	291	TC
1	27541859	121	GA
1	27541882	23	GA
1	27543589	1496	CT
1	27543701	112	CT
1	27543744	43	AG
1	27543949	205	GA
1	27544014	65	GA
1	27544041	27	AC
1	27544050	9	CA
1	27544064	14	CT
1	27544094	30	AG
1	27544198	104	CT
1	27544815	617	CT
1	27544917	102	AC
1	27545750	478	GA
1	27545998	248	TC
1	27546003	5	CA
1	27546069	66	CG
1	27546334	265	GA
1	27546373	39	GA
1	27546381	8	GA
1	27550156	1481	CT
1	27550414	258	CT
1	27550744	330	GC
1	27550786	42	GA
1	27550864	78	TG
1	27551915	743	GA
1	27553077	443	GA
1	27553137	60	GA
1	27553305	168	TA
1	27553647	342	CT
1	27555049	1068	CT
1	27555354	30	GA
1	27555592	238	CT
1	27555624	32	GA
1	27556132	508	CT
1	27556237	105	TA
1	27556336	99	GA
1	27556898	44	AG
1	27557099	201	CT
1	27557245	146	TC
1	27557628	75	GA
1	27558318	637	TC
1	27558384	66	GA
1	27558401	17	AG
1	27558418	17	AG
1	27558507	89	CT
1	27558525	18	AG
1	27558527	2	GA
1	27558556	29	TC
1	27558570	14	GA
1	27558615	45	GT
1	27559095	480	CT
1	27559294	199	CT
1	27559790	301	GA
1	27560553	565	GA
1	27561195	371	CT
1	27561576	381	CT
1	27561842	266	TC
1	27561882	40	AC
1	27561884	2	TC
1	27566772	3875	TA
1	27567051	279	TC
1	27567583	468	GA
1	27568492	609	CG
1	27571881	2639	CT
1	27572224	343	GA
1	27572280	56	GA
1	27572292	12	TA
1	27572315	23	CT
1	27574339	1881	CT
1	27576206	1808	GA
1	27577831	1012	GC
1	27577877	46	GA
1	27578486	102	GA
1	27581549	2996	TG
1	27584104	1960	AG
1	27584209	105	AT
1	27584283	74	AG
1	27585856	1255	CT
1	27586090	234	GA
1	27586093	3	CG
1	27586721	628	GC
1	27586839	118	CA
1	27587096	257	GA
1	27587143	47	CG
1	27587193	50	GA
1	27587594	401	AG
1	27587844	250	CT
1	27588127	283	AG
1	27588144	17	CT
1	27588160	16	CT
1	27588414	232	GA
1	27588475	61	AG
1	27588952	267	GC
1	27589215	34	CG
1	27589548	333	CT
1	27590649	822	GA
1	27590860	211	GA
1	27591108	248	CT
1	27591329	221	AG
1	27591373	44	CT
1	27591458	85	CT
1	27592697	1031	AC
1	27593088	391	CT
1	27593337	249	GA
1	27594017	680	AC
1	27594225	208	GT
1	27594290	65	GA
1	27594598	308	GC
1	27594773	175	CT
1	27594853	80	TC
1	27594966	78	TA
1	27595016	50	CA
1	27595017	1	AG
1	27595107	90	GA
1	27595113	6	CT
1	27595180	67	CT
1	27595242	62	GA
1	27595261	19	AG
1	27595269	8	GT
1	27595324	55	TA
1	27595626	302	CT
1	27595820	194	GC
1	27596210	390	AG
1	27596362	75	AG
1	27596369	7	TG
1	27596806	392	CA
1	27597415	609	CA
1	27597634	219	GT
1	27598396	376	CT
1	27599210	399	AG
1	27599251	41	GA
1	27599487	236	CT
1	27599576	89	CT
1	27599633	57	CT
1	27599771	138	TC
1	27599791	20	CT
1	27601473	967	TC
1	27605213	3133	CT
1	27606647	1083	GC
1	27607063	397	TC
1	27610503	2865	AT
1	27610874	371	CG
1	27610907	33	GA
1	27611069	162	CT
1	27614485	2808	GA
1	27616173	1389	GA
1	27620400	3705	GC
1	27622419	1709	CG
1	27622743	324	TA
1	27622758	15	GC
1	27622816	58	AG
1	27623510	694	CA
1	27623535	25	GA
1	27623558	23	GA
1	27623731	173	GA
1	27624362	549	TC
1	27626007	1621	GA
1	27626042	35	GA
1	27626241	199	GT
1	27626244	3	GC
1	27626286	42	GA
1	27626479	193	CG
1	27627534	965	AG
1	27627601	67	GA
1	27627738	137	TG
1	27628006	268	CG
1	27628536	64	GA
1	27628992	456	GC
1	27629078	86	TC
1	27629100	22	CT
1	27629114	14	AG
1	27629334	220	GA
1	27630285	708	CT
1	27630604	284	CT
1	27630614	10	TG
1	27630645	31	CT
1	27630648	3	TC
1	27630751	103	CG
1	27630769	18	GT
1	27630992	223	AC
1	27631004	12	TC
1	27631058	54	AG
1	27631095	37	GC
1	27631175	80	TA
1	27631215	40	CA
1	27631356	141	CT
1	27632425	595	TG
1	27632527	102	AG
1	27633138	168	TG
1	27633143	5	AG
1	27633902	357	AG
1	27633918	16	GC
1	27634746	828	GC
1	27635712	515	AG
1	27635762	50	TA
1	27636421	659	GA
1	27636435	14	TC
1	27636671	236	AG
1	27636682	11	GA
1	27636916	234	AG
1	27637637	721	CT
1	27637712	75	TG
1	27638030	318	CG
1	27638058	28	GC
1	27638373	315	TC
1	27638463	90	GA
1	27638579	116	AC
1	27638667	88	GA
1	27639134	467	CT
1	27639202	68	GA
1	27639567	253	GC
1	27639712	145	GA
1	27640120	408	AG
1	27640162	42	GA
1	27640706	406	TC
1	27640962	256	CT
1	27640972	10	TC
1	27640973	1	GA
1	27640976	3	AG
1	27640980	4	AG
1	27641014	34	AG
1	27641081	67	CG
1	27641109	28	GA
1	27641246	137	CT
1	27641402	87	CT
1	27642264	492	GT
1	27642915	563	TC
1	27642975	60	CG
1	27643076	101	GA
1	27643472	396	CT
1	27643633	161	CT
1	27643974	341	GA
1	27644095	121	TC
1	27644131	36	CT
1	27644291	160	TC
1	27644327	36	TG
1	27644669	342	CT
1	27644703	34	CT
1	27644725	22	TG
1	27644869	144	CT
1	27644956	87	AG
1	27644958	2	CT
1	27645060	102	GA
1	27645084	24	GA
1	27646216	93	GA
1	27646220	4	GA
1	27646230	10	AG
1	27646258	28	AG
1	27646274	16	TC
1	27646279	5	AG
1	27646286	7	TC
1	27646322	36	TG
1	27646333	11	AC
1	27646994	47	GA
1	27647015	21	TC
1	27647313	151	TC
1	27647480	167	CT
1	27647495	15	CT
1	27647564	69	GA
1	27647623	59	GA
1	27647810	187	GA
1	27648327	351	TG
1	27648353	26	TC
1	27648371	18	GA
1	27648408	37	GA
1	27648547	139	CT
1	27648814	267	GA
1	27648838	24	CA
1	27648976	138	CT
1	27649135	159	CT
1	27649500	242	GA
1	27649534	34	AG
1	27649540	6	AG
1	27649677	137	AG
1	27649893	216	CT
1	27650041	148	GA
1	27650349	141	GA
1	27653382	1378	GA
1	27655115	531	CA
1	27655885	291	GC
1	27656051	166	AG
1	27656090	39	AG
1	27656725	518	TC
1	27657519	234	AC
1	27661321	3171	CT
1	27662984	1233	GA
1	27665360	1869	GT
1	27668138	2278	CT
1	27668321	183	TC
1	27669125	769	CT
1	27670258	943	CT
1	27670369	111	CT
1	27670450	81	TC
1	27670881	321	GC
1	27670884	3	CG
1	27671150	266	CT
1	27671423	273	GC
1	27671533	110	GA
1	27671605	72	CT
1	27671662	57	AG
1	27671967	305	AG
1	27672033	66	CT
1	27672039	6	CT
1	27672349	310	CT
1	27672375	26	GA
1	27672469	56	AG
1	27672562	93	AC
1	27672585	23	CT
1	27672674	89	CT
1	27672697	23	TC
1	27672873	176	GA
1	27672922	49	CT
1	27672990	68	AG
1	27673110	120	AG
1	27673170	60	TG
1	27673258	88	GA
1	27673503	245	CT
1	27673597	94	AG
1	27674417	509	GA
1	27674644	227	TC
1	27674766	122	GA
1	27674816	50	GA
1	27674930	114	AG
1	27674984	54	CG
1	27675001	17	CT
1	27675060	59	TA
1	27675078	18	CA
1	27675079	1	GA
1	27675868	291	GA
1	27676254	386	AG
1	27676359	105	CA
1	27676388	29	GA
1	27676607	219	GA
1	27676681	74	GA
1	27676756	75	CT
1	27677132	376	CT
1	27677252	120	AG
1	27678340	296	GA
1	27678371	31	AG
1	27678486	115	TC
1	27678503	17	CT
1	27678637	134	CT
1	27678676	39	AC
1	27678740	64	GA
1	27678782	42	TC
1	27678946	164	GA
1	27679309	363	GA
1	27679553	244	TC
1	27679592	39	GA
1	27679680	88	GA
1	27683262	2343	CT
1	27683322	60	TC
1	27683728	406	TC
1	27686940	2805	TG
1	27690606	3143	GA
1	27691812	221	AG
1	27693913	2056	CG
1	27694140	227	CT
1	27695306	1015	TC
1	27695434	128	GC
1	27695468	34	TC
1	27695469	1	GA
1	27695631	162	GA
1	27695869	238	GC
1	27696521	429	GA
1	27696592	71	TC
1	27698380	1627	CT
1	27703290	2623	GA
1	27724547	15953	GC
1	27730366	4676	CT
1	27732575	1468	GA
1	27732687	112	TG
1	27733721	871	TC
1	27733740	19	CA
1	27733901	161	CT
1	27736493	701	CT
1	27737237	634	GA
1	27737404	167	CA
1	27738357	511	AG
1	27739231	723	AG
1	27739459	228	GA
1	27739534	75	AG
1	27739562	28	AG
1	27739575	13	AG
1	27739615	40	TC
1	27739745	130	GA
1	27740368	142	AG
1	27740716	201	GA
1	27740736	20	GC
1	27740771	35	GA
1	27741832	711	AG
1	27742837	765	TC
1	27742989	61	CT
1	27743420	431	CT
1	27743805	385	CT
1	27743809	4	TC
1	27744022	117	GC
1	27744044	22	GA
1	27746410	1923	GA
1	27769860	20645	GA
1	27769974	114	CT
1	27770982	782	CT
1	27771566	584	TC
1	27771654	88	AG
1	27771725	71	TA
1	27771889	135	TC
1	27773028	996	CT
1	27773325	297	CG
1	27773327	2	CT
1	27773492	165	CA
1	27774205	375	GA
1	27774308	103	CT
1	27774414	106	GA
1	27777044	2216	TC
1	27778453	1409	AG
1	27780267	1814	AG
1	27780465	198	AG
1	27781097	251	TC
1	27781638	541	CG
1	27782446	326	CT
1	27788548	4044	GC
1	27788626	78	TC
1	27788687	61	GA
1	27789454	629	GA
1	27812662	20310	GA
1	27816505	3337	GA
1	27820205	3483	TC
1	27823424	2330	AT
1	27823746	322	AG
1	27823976	230	AG
1	27824316	340	CT
1	27831811	5653	GA
1	27831828	17	CT
1	27837874	4530	AG
1	27839318	1241	AC
1	27840220	324	GA
1	27841260	1040	CT
1	27841360	100	GA
1	27842966	1403	CG
1	27843954	223	TA
1	27844116	162	CT
1	27844157	41	GA
1	27845017	860	CT
1	27845084	67	CA
1	27845126	42	TC
1	27845138	12	AG
1	27845214	76	TC
1	27845224	10	CG
1	27845586	362	CT
1	27845638	52	CA
1	27845833	195	CT
1	27845867	34	CA
1	27845893	26	GA
1	27846317	424	CA
1	27846521	204	TC
1	27847215	694	TC
1	27847763	548	TA
1	27852855	3110	GC
1	27853928	1073	GA
1	27854768	840	TA
1	27860891	6123	TC
1	27861093	202	CT
1	27869579	6781	TC
1	27869776	197	GA
1	27869849	73	TC
1	27871813	1964	GA
1	27874656	2623	GA
1	27876118	448	AG
1	27876426	308	AG
1	27877126	650	CT
1	27877397	271	AG
1	27878240	644	AC
1	27878388	148	AG
1	27879064	676	TG
1	27879268	204	GA
1	27879579	311	CT
1	27879620	41	TC
1	27879653	33	CT
1	27879672	19	TC
1	27879792	120	TC
1	27879879	87	CT
1	27880043	164	AG
1	27880114	71	AG
1	27880221	107	CT
1	27880343	122	TC
1	27880449	106	CT
1	27880464	15	TA
1	27880797	189	TC
1	27881391	594	TC
1	27881407	16	TC
1	27884019	2060	GA
1	27884279	120	TC
1	27884303	24	CT
1	27884644	341	CT
1	27884829	185	TC
1	27884895	66	TC
1	27885356	461	GA
1	27885548	192	CT
1	27886056	416	CG
1	27886224	168	TG
1	27886243	19	GA
1	27886246	3	GA
1	27886398	152	AG
1	27886471	73	GA
1	27886482	11	GC
1	27886500	18	GA
1	27887069	309	TC
1	27887209	140	AG
1	27887640	431	AT
1	27889488	1148	TC
1	27889876	388	TC
1	27892305	2345	TC
1	27893340	1017	CT
1	27893809	469	TC
1	27896686	1820	TC
1	27896760	74	GA
1	27898198	270	AG
1	27898336	138	CT
1	27898368	32	TC
1	27898385	17	GT
1	27898513	128	TC
1	27900135	1135	CT
1	27900241	106	CT
1	27901763	832	AT
1	27903181	596	CG
1	27903237	56	TA
1	27903238	1	CT
1	27903405	167	CT
1	27903438	33	TC
1	27903450	12	AG
1	27903488	38	TC
1	27903624	136	TC
1	27903725	101	TC
1	27904188	419	GA
1	27905025	398	GA
1	27905595	570	GA
1	27923321	1576	AG
1	27925120	917	CT
1	27925980	811	GC
1	27926714	734	GA
1	27926763	49	CT
1	27926974	211	CT
1	27927206	232	TC
1	27927776	255	CT
1	27927948	172	AG
1	27928144	196	CT
1	27928190	46	TC
1	27928305	115	CA
1	27930280	1144	TC
1	27930372	92	AC
1	27930503	131	CT
1	27930812	189	AC
1	27931365	553	TC
1	27932115	643	AG
1	27933201	1086	GA
1	27933489	288	CT
1	27933785	296	CT
1	27934717	932	AG
1	27934929	195	TC
1	27934937	8	TG
1	27935131	194	CT
1	27935201	70	TG
1	27935221	20	TC
1	27935628	407	GA
1	27935786	158	AG
1	27942461	4649	CA
1	27943937	1413	CT
1	27949984	5237	TC
1	27952059	1723	AC
1	27953832	1663	GA
1	27953969	137	AG
1	27954492	523	CT
1	27955425	746	GA
1	27957713	1287	AG
1	27957754	41	AG
1	27957786	32	GA
1	27958088	101	GA
1	27958116	28	TC
1	27958370	254	TC
1	27958378	8	GC
1	27958407	29	TC
1	27959039	335	CG
1	27959066	27	GC
1	27959071	5	TC
1	27959253	36	CT
1	27959597	175	CT
1	27959616	19	TC
1	27959854	238	TC
1	27959888	34	GA
1	27959945	57	AG
1	27960274	242	TC
1	27960309	35	TC
1	27960415	106	TA
1	27960497	82	CA
1	27960738	39	AG
1	27960973	163	CG
1	27961468	495	CT
1	27961665	197	GA
1	27962046	381	TC
1	27962428	382	AG
1	27962476	48	GT
1	27962581	105	TC
1	27962807	226	TC
1	27963081	247	CT
1	27963312	231	AG
1	27963390	78	CT
1	27963417	27	CT
1	27963714	156	GA
1	27964018	304	GA
1	27964079	61	AG
1	27965054	975	AG
1	27965524	424	CA
1	27965895	371	CT
1	27965903	8	CG
1	27967179	128	AG
1	27967529	350	TC
1	27969522	1649	GA
1	27969616	94	TA
1	27970055	390	CG
1	27970468	309	TC
1	27970751	283	AG
1	27971489	439	TC
1	27971599	110	CT
1	27971602	3	GT
1	27971666	64	GT
1	27972763	567	CA
1	27973291	528	CT
1	27973681	390	TG
1	27973884	203	TC
1	27973930	46	AG
1	27973972	42	GA
1	27974060	88	GC
1	27974373	313	TC
1	27974720	347	TC
1	27974735	15	GA
1	27974978	243	CG
1	27975024	46	CT
1	27975814	790	GA
1	27975906	92	AG
1	27975917	11	CT
1	27976081	164	AG
1	27976185	104	CT
1	27976212	27	GT
1	27976386	174	GA
1	27976489	103	GA
1	27976684	195	GA
1	27976692	8	AC
1	27976855	163	AG
1	27977058	203	CT
1	27977290	232	AG
1	27977321	31	AT
1	27977399	78	AG
1	27977494	95	GC
1	27977568	74	GT
1	27977838	270	GA
1	27978832	678	AT
1	27978988	156	CT
1	27979105	117	CT
1	27979687	582	AC
1	27979723	36	AG
1	27979792	69	AG
1	27979847	55	GA
1	27980056	179	AG
1	27980386	330	CT
1	27980737	351	TA
1	27980810	73	AG
1	27980933	123	AG
1	27981564	291	AG
1	27981589	25	CT
1	27981689	100	CT
1	27981752	63	GC
1	27982048	296	CA
1	27982147	99	AG
1	27982223	76	GA
1	27982431	208	AG
1	27982895	464	CT
1	27983803	272	TC
1	27984469	600	TC
1	27984730	261	AG
1	27984782	52	GA
1	27984969	149	CT
1	27985696	672	AG
1	27985875	179	GA
1	27986051	176	AG
1	27986080	29	AC
1	27986174	94	TC
1	27986322	148	CT
1	27986560	238	AT
1	27986680	120	AG
1	27986743	63	AG
1	27987403	660	GT
1	27987758	355	TC
1	27988798	384	AG
1	27989919	1074	TC
1	27990009	90	AG
1	27990719	710	CG
1	27990934	215	TG
1	27991025	91	TC
1	27995518	2593	GA
1	27995919	401	TC
1	27996155	236	GA
1	27996487	332	CT
1	28001903	4413	GC
1	28002506	603	GA
1	28002542	36	CG
1	28002643	101	GC
1	28002699	56	TC
1	28002947	248	AG
1	28003239	292	AG
1	28003477	238	GA
1	28003492	15	AG
1	28003503	11	CT
1	28003587	84	GA
1	28004075	488	GA
1	28004151	76	GA
1	28004246	95	GA
1	28004250	4	CT
1	28004315	65	CT
1	28004374	59	CT
1	28004432	58	GA
1	28004652	220	CT
1	28004680	28	TC
1	28004811	131	AC
1	28005376	527	CT
1	28006101	725	TC
1	28006426	325	AG
1	28010129	1958	AT
1	28010348	219	GA
1	28010478	130	CT
1	28010968	490	CG
1	28011153	185	TC
1	28011180	27	TC
1	28012948	1167	CG
1	28013434	466	TC
1	28014194	296	GA
1	28015360	1166	TC
1	28016208	754	AG
1	28017049	841	GA
1	28018599	1430	GA
1	28018662	63	AG
1	28024526	4918	CT
1	28024527	1	GA
1	28025154	627	TC
1	28025439	285	TG
1	28025884	445	TC
1	28026484	545	GA
1	28027337	853	CT
1	28027785	448	AG
1	28028203	418	TC
1	28028214	11	GA
1	28028218	4	TC
1	28028251	33	GC
1	28028441	190	AG
1	28028980	517	TC
1	28029043	63	GA
1	28029097	54	TC
1	28029229	132	TC
1	28029419	190	AT
1	28029428	9	TC
1	28029482	54	TC
1	28030006	450	GA
1	28030302	296	AC
1	28030595	293	AC
1	28030655	60	TC
1	28030705	50	GA
1	28030715	10	GA
1	28031088	373	AG
1	28031115	27	TA
1	28031141	26	CT
1	28031187	46	GA
1	28031578	391	AG
1	28031671	93	TC
1	28031747	76	GA
1	28031847	100	TG
1	28031940	93	TC
1	28032200	260	CT
1	28032687	237	GA
1	28033092	405	AG
1	28034430	1338	AG
1	28034492	62	CA
1	28034979	487	AG
1	28035150	171	CT
1	28035160	10	GA
1	28035215	55	CT
1	28035690	406	CG
1	28036144	454	AG
1	28036379	235	AG
1	28037018	639	TA
1	28037414	396	GA
1	28037598	184	AG
1	28038375	777	GA
1	28039755	1380	AG
1	28039779	24	AC
1	28041253	655	CT
1	28041255	2	AC
1	28041626	371	CT
1	28041630	4	GA
1	28041740	110	CT
1	28041793	53	GA
1	28041920	127	TC
1	28042150	38	CT
1	28042497	347	TC
1	28043021	524	AG
1	28043095	74	TC
1	28044257	1049	TA
1	28044321	64	GA
1	28045091	770	GA
1	28045167	76	GC
1	28045358	191	AC
1	28045532	174	GA
1	28045597	65	CT
1	28045632	35	GA
1	28045903	229	AC
1	28046263	360	GA
1	28048163	1806	AG
1	28049313	512	TC
1	28049557	191	GA
1	28052491	2914	GA
1	28054065	1574	CT
1	28056879	2476	AG
1	28061394	3062	CA
1	28062503	821	GA
1	28063918	1366	GA
1	28067472	2940	CT
1	28070605	2341	GC
1	28073872	2469	CA
1	28074447	146	CT
1	28074522	75	TC
1	28076015	724	CG
1	28076364	209	CG
1	28076409	45	TG
1	28076565	156	GT
1	28076867	302	CT
1	28076942	75	GA
1	28077416	474	TC
1	28077514	98	CG
1	28079435	1414	TC
1	28079852	324	GT
1	28079853	1	TC
1	28079940	87	CT
1	28080808	868	AC
1	28080822	14	CT
1	28081004	182	TC
1	28081058	54	AG
1	28081116	58	GC
1	28081353	237	GT
1	28081709	356	AG
1	28081955	246	TC
1	28082472	517	AG
1	28082725	253	CT
1	28082972	247	CA
1	28083466	494	AC
1	28083542	76	GA
1	28083576	34	GT
1	28084320	744	CT
1	28084513	193	CT
1	28085487	974	TC
1	28085755	268	TC
1	28085798	43	AT
1	28086012	168	TC
1	28086173	161	AT
1	28088415	1570	CT
1	28088531	116	GA
1	28088551	20	AG
1	28089351	753	TG
1	28089571	220	AG
1	28089577	6	CT
1	28094416	3598	GA
1	28095189	773	AG
1	28095740	551	GA
1	28096512	772	AG
1	28096807	295	CT
1	28099661	1431	CT
1	28100067	406	TC
1	28100426	359	TG
1	28100994	421	CA
1	28101585	591	GA
1	28101605	20	TC
1	28101705	100	GA
1	28101735	30	TC
1	28101896	161	CT
1	28102111	215	GA
1	28102131	20	AG
1	28102202	71	CA
1	28102399	197	TG
1	28102470	71	TC
1	28102490	20	AC
1	28102539	49	AG
1	28102633	94	CT
1	28103165	532	AG
1	28103460	295	AG
1	28103576	116	TC
1	28103636	60	TC
1	28104462	826	TC
1	28104715	253	AG
1	28104749	34	GA
1	28105053	304	GA
1	28105198	145	TC
1	28106332	1064	CA
1	28106515	183	TC
1	28106672	157	TC
1	28106932	241	CT
1	28107126	194	TC
1	28110679	2069	GC
1	28117207	5684	CT
1	28118647	802	TC
1	28120556	1749	CT
1	28121658	1082	GA
1	28122961	1008	GT
1	28123673	392	AG
1	28124853	1068	CT
1	28125049	196	GA
1	28125338	289	GA
1	28127253	1592	TG
1	28127306	53	TC
1	28129012	1521	CA
1	28129776	764	GC
1	28130810	1034	TC
1	28130848	38	CT
1	28131027	179	AC
1	28131430	403	GA
1	28131485	55	CT
1	28131486	1	AG
1	28131632	122	AG
1	28131680	48	CT
1	28140024	6144	CT
1	28141817	840	CA
1	28142656	502	AG
1	28142728	72	GC
1	28143612	460	CA
1	28143716	104	GA
1	28144233	85	GA
1	28144251	18	GA
1	28144386	135	TC
1	28144593	207	CT
1	28144600	7	AG
1	28144605	5	GA
1	28144614	9	TC
1	28144864	250	AG
1	28145032	168	AG
1	28145274	242	TC
1	28145330	56	GA
1	28145486	156	TC
1	28145561	75	CG
1	28145595	34	AG
1	28145775	180	GC
1	28145836	61	TC
1	28145863	27	TC
1	28145880	17	TC
1	28145940	60	CG
1	28145953	13	AC
1	28145969	16	AG
1	28146078	109	GA
1	28146315	237	TG
1	28146386	71	GA
1	28146563	177	AG
1	28148144	895	GA
1	28148183	39	GA
1	28148361	178	GA
1	28148816	371	CT
1	28149455	408	GA
1	28149609	154	CA
1	28149735	126	CT
1	28150641	857	CT
1	28151246	517	TC
1	28151753	121	GA
1	28151767	14	CT
1	28151794	27	GA
1	28157660	1720	GA
1	28158854	509	GA
1	28158949	95	CG
1	28161343	1237	AG
1	28162355	702	AG
1	28162730	352	AG
1	28163284	554	CT
1	28163518	234	TC
1	28165075	968	TC
1	28165814	290	AG
1	28168277	1455	AG
1	28173100	3603	CT
1	28949467	551760	CT
1	29159911	157490	CT
1	29162920	2120	AG
1	29164999	1988	CT
1	29166048	951	TA
1	29172188	5475	CT
1	29173862	1593	GA
1	29175047	1151	TC
1	29175091	44	TC
1	29175094	3	TG
1	29175803	709	GA
1	29175906	103	TC
1	29176420	514	AC
1	29176644	224	CT
1	29176748	104	GA
1	29176769	21	CT
1	29176829	60	TC
1	29177694	865	CT
1	29177944	250	CT
1	29180310	2251	CT
1	29181621	1311	AG
1	29182968	1347	TC
1	29183814	846	GA
1	29184503	689	TC
1	29184678	175	GA
1	29184789	111	CT
1	29196767	89	TC
1	29196958	60	CT
1	29197262	304	TG
1	29197868	606	AT
1	29197991	123	TA
1	29198923	675	AG
1	29199033	110	CG
1	29199371	338	CT
1	29199422	51	GC
1	29199948	526	GT
1	29200321	373	GA
1	29200401	80	GA
1	29200578	177	GA
1	29201464	526	CT
1	29202220	357	TG
1	29202294	74	AG
1	29202455	161	GA
1	29202737	282	TC
1	29202934	197	AG
1	29202937	3	TC
1	29202979	42	AT
1	29203379	400	GA
1	29204230	851	GA
1	29205083	629	CT
1	29205115	32	CT
1	29207130	665	GA
1	29207166	36	AG
1	29207175	9	AC
1	29207289	114	GA
1	29211106	3629	CT
1	29228263	12383	AG
1	29231806	1038	CT
1	29231993	187	TC
1	29233083	870	GA
1	29233188	105	CG
1	29233292	104	GA
1	29233653	361	CT
1	29233850	158	AG
1	29243340	6101	AG
1	29243513	173	AC
1	29251024	5996	TC
1	29258125	3653	GC
1	29260612	1909	TC
1	29261355	724	GA
1	29261391	36	CT
1	29267163	4831	GA
1	29267481	318	AG
1	29267685	204	GA
1	29268700	1015	CT
1	29269362	267	CT
1	29270036	644	AG
1	29271237	1201	TC
1	29271850	613	CT
1	29272811	793	TG
1	29275472	2489	GA
1	29287379	7303	GA
1	29289972	1757	CT
1	29291034	859	AG
1	29291437	231	CT
1	29292482	623	CT
1	29293716	1144	TC
1	29293842	96	CT
1	29293843	1	GA
1	29293877	34	CT
1	29293964	87	CA
1	29294045	81	GA
1	29294146	101	GA
1	29294264	118	TC
1	29294739	475	CT
1	29294799	60	CT
1	29295081	282	GA
1	29295546	389	TG
1	29297944	1883	TC
1	29303103	3338	GA
1	29305018	1597	GA
1	29305139	121	TC
1	29305146	7	GC
1	29305225	79	GA
1	29305283	58	CT
1	29305657	374	AG
1	29305810	153	GA
1	29306496	686	CA
1	29306604	108	CT
1	29307804	233	TG
1	29307953	149	GA
1	29308157	204	CT
1	29309318	1123	GA
1	29310107	789	CG
1	29310265	158	CA
1	29310266	1	TC
1	29310308	42	CA
1	29310330	22	CT
1	29310331	1	GA
1	29310519	188	TC
1	29310626	107	CG
1	29310639	13	GA
1	29310642	3	TC
1	29310709	67	GA
1	29310787	78	CA
1	29310835	48	GC
1	29311133	298	TA
1	29311327	194	CT
1	29311365	38	AG
1	29311573	208	CA
1	29311639	66	GA
1	29311767	128	TG
1	29311768	1	TA
1	29311831	63	AT
1	29312627	707	GA
1	29313747	1064	AG
1	29313990	243	GA
1	29314015	25	GA
1	29314016	1	CT
1	29314053	37	AG
1	29314135	82	GA
1	29314261	68	GA
1	29314385	124	TC
1	29314501	116	GT
1	29314770	269	AT
1	29315286	516	TC
1	29315450	164	CG
1	29317025	873	CT
1	29317413	388	GA
1	29318114	240	AG
1	29318128	14	GA
1	29318456	303	TC
1	29321247	527	CA
1	29321479	232	AC
1	29321855	376	TC
1	29321906	51	TA
1	29322016	110	CA
1	29322125	109	GA
1	29322439	246	AG
1	29322635	136	GA
1	29322688	53	AT
1	29322741	53	CT
1	29325380	1575	TG
1	29328323	1732	GA
1	29328839	516	AT
1	29328994	155	CT
1	29329103	109	GA
1	29329306	203	TC
1	29329423	117	CT
1	29329447	24	GA
1	29329870	234	CT
1	29330208	338	GC
1	29330552	23	CA
1	29330713	161	AG
1	29331296	583	GC
1	29331311	15	GT
1	29331367	56	CT
1	29331781	414	GC
1	29331889	108	CT
1	29331914	25	GA
1	29331974	60	GA
1	29331982	8	CT
1	29332120	138	TC
1	29332231	111	CA
1	29332292	61	CT
1	29332309	17	GA
1	29332327	18	AG
1	29332616	289	GA
1	29332776	160	CT
1	29334059	232	CA
1	29334222	163	CT
1	29334301	79	AT
1	29334339	38	CA
1	29334381	42	CG
1	29334531	11	GA
1	29334822	291	CT
1	29334899	77	CT
1	29334924	25	AG
1	29336055	543	CA
1	29336408	353	GA
1	29337370	579	CT
1	29337690	155	TC
1	29337713	23	GA
1	29341503	1812	CT
1	29341553	50	CT
1	29341650	97	GA
1	29341672	22	CT
1	29341714	42	AG
1	29342091	377	TC
1	29362273	12405	GA
1	29362289	16	GA
1	29364022	195	GA
1	29364259	237	CG
1	29365323	1028	AC
1	29366467	1068	AG
1	29366792	21	GA
1	29368016	1183	GT
1	29368019	3	GA
1	29368031	12	TG
1	29368058	27	TC
1	29368974	860	GT
1	29369204	50	CT
1	29369294	90	AG
1	29369312	18	CT
1	29370809	151	GA
1	29371562	446	GA
1	29371706	144	AT
1	29371932	168	CT
1	29372063	131	TC
1	29372098	35	AG
1	29372227	129	TG
1	29372298	71	CT
1	29372374	76	CG
1	29372439	65	CT
1	29372586	147	AG
1	29372593	7	AG
1	29372760	95	TC
1	29373353	481	CT
1	29373695	279	GC
1	29373734	39	TC
1	29373830	96	TC
1	29373905	75	GT
1	29374191	286	TC
1	29374207	16	TG
1	29374230	23	AG
1	29374274	44	TC
1	29374294	20	CA
1	29374330	36	TC
1	29374357	27	TC
1	29374549	192	GA
1	29374716	167	TC
1	29374914	198	CT
1	29375082	168	CG
1	29375277	195	AG
1	29375561	284	AG
1	29375610	49	TC
1	29376009	399	TG
1	29376707	360	CG
1	29376742	35	AC
1	29377201	459	CT
1	29377382	181	CT
1	29378811	1130	TG
1	29380444	917	CT
1	29380549	105	TG
1	29380791	242	CT
1	29384155	3047	CT
1	29385153	998	TC
1	29385450	297	AG
1	29386253	429	CT
1	29388263	1081	TC
1	29388354	91	CT
1	29388689	335	GA
1	29388744	55	TG
1	29390333	1541	CT
1	29391079	746	CG
1	29392109	638	AG
1	29392240	131	AG
1	29393855	1412	CT
1	29393890	35	CT
1	29393898	8	GA
1	29393968	70	CA
1	29394448	88	CT
1	29394540	92	GA
1	29394616	76	GA
1	29394686	70	TG
1	29394834	63	CT
1	29394846	12	CT
1	29394888	42	CT
1	29395752	710	CT
1	29396220	468	AG
1	29396345	125	AC
1	29396582	237	CT
1	29396795	213	TC
1	29396868	73	GC
1	29396907	39	CT
1	29397050	143	CT
1	29397051	1	TC
1	29397266	198	TC
1	29397290	24	TC
1	29397559	183	TC
1	29397627	68	GA
1	29399029	1045	GA
1	29399159	130	CT
1	29400374	688	GA
1	29400498	20	TC
1	29400526	28	GA
1	29400572	46	CT
1	29401707	1135	AG
1	29403341	867	AG
1	29403567	226	TC
1	29403606	39	CT
1	29403626	20	GA
1	29403868	242	CT
1	29403983	115	GA
1	29403985	2	TA
1	29404064	79	CA
1	29404701	298	TC
1	29405252	551	GT
1	29405863	611	AC
1	29405879	16	GA
1	29406878	483	TC
1	29407113	138	GA
1	29407296	183	CT
1	29407297	1	GA
1	29407324	27	GC
1	29407395	71	CT
1	29407409	14	CT
1	29407450	41	GA
1	29407685	235	GA
1	29407845	160	TC
1	29407900	55	CG
1	29408063	163	AC
1	29408368	10	GA
1	29408493	125	TG
1	29408523	30	TG
1	29409643	688	CT
1	29412502	2211	AG
1	29412603	101	TC
1	29413235	632	GT
1	29416825	1974	AC
1	29420543	962	TG
1	29421316	502	GA
1	29422236	578	CG
1	29428266	2044	TG
1	29428747	481	CT
1	29431527	1382	AG
1	29432351	732	TC
1	29432787	65	AT
1	29433712	873	CT
1	29434545	529	CT
1	29436133	898	GA
1	29436445	312	GA
1	29436895	406	TG
1	29437517	622	AG
1	29437747	230	CT
1	29438058	311	AG
1	29438736	678	TG
1	29439074	338	TG
1	29439078	4	GA
1	29439079	1	GA
1	29439086	7	GA
1	29439090	4	TA
1	29439094	4	CT
1	29439180	86	CG
1	29439203	23	CT
1	29439411	208	CT
1	29439415	4	TC
1	29439512	97	AT
1	29439514	2	GT
1	29439587	73	CT
1	29439667	80	TC
1	29440577	910	CT
1	29440828	251	AG
1	29440919	91	GA
1	29441213	276	CT
1	29441235	22	GA
1	29441251	16	AG
1	29441315	64	TC
1	29441398	83	TA
1	29441448	50	GA
1	29441681	205	CT
1	29441687	6	GT
1	29441705	18	CT
1	29441732	27	CA
1	29441753	21	AG
1	29441902	149	AG
1	29441903	1	CT
1	29442604	370	CT
1	29442962	185	CT
1	29443688	266	AG
1	29443764	76	AG
1	29443967	203	GT
1	29443981	14	CT
1	29443995	14	TA
1	29443999	4	GC
1	29444022	23	TC
1	29444023	1	GA
1	29444846	479	AG
1	29444860	14	GT
1	29445185	325	AG
1	29445396	211	CA
1	29446359	926	GA
1	29446361	2	GA
1	29448421	815	GA
1	29448712	291	TC
1	29448753	41	TG
1	29453367	2899	AC
1	29453635	268	CT
1	29473019	16845	AC
1	29473023	4	AC
1	29473074	51	AG
1	29473122	48	GA
1	29473142	20	AG
1	29473442	300	CG
1	29473566	124	AG
1	29473920	354	AG
1	29473923	3	GA
1	29474806	575	TC
1	29480578	4687	AG
1	29481841	857	AG
1	29481842	1	TA
1	29482124	282	CT
1	29482143	19	CT
1	29482149	6	CT
1	29482179	30	TC
1	29482808	325	GA
1	29484373	328	TC
1	29484417	44	TC
1	29486389	1282	AC
1	29488761	2049	AG
1	29493051	1419	AG
1	29499436	3570	GA
1	29500902	1173	CT
1	29502106	874	TC
1	29503022	673	CT
1	29503369	347	CT
1	29503495	126	TC
1	29503637	142	CT
1	29503661	24	TC
1	29503722	61	CT
1	29503757	35	AG
1	29504090	118	AC
1	29504226	136	TA
1	29504718	190	TC
1	29506583	1454	CT
1	29506852	216	GA
1	29507023	171	GT
1	29507312	289	GA
1	29507610	240	CA
1	29507706	96	TC
1	29507897	191	TC
1	29508457	512	CT
1	29508853	396	AC
1	29508883	30	GA
1	29509084	201	TA
1	29509157	73	AG
1	29509178	21	AG
1	29511035	1111	TC
1	29511090	55	TC
1	29511680	590	CT
1	29512391	143	CT
1	29514238	1521	CA
1	29514805	422	TC
1	29515275	470	TC
1	29515379	104	GA
1	29515703	324	CG
1	29515735	32	TC
1	29517716	1237	GA
1	29519189	1083	CT
1	29520716	1361	TA
1	29520821	105	CT
1	29521292	471	GC
1	29523672	2046	AG
1	29527020	2286	CT
1	29528008	722	CT
1	29528696	644	GC
1	29529252	556	GA
1	29529845	593	CT
1	29530496	621	TC
1	29530627	131	CT
1	29530751	124	CT
1	29530874	123	GC
1	29530894	20	CT
1	29532937	130	CT
1	29532945	8	TC
1	29534455	1132	CT
1	29535228	773	CT
1	29535851	623	AG
1	29536546	394	AG
1	29537348	715	GC
1	29537361	13	CT
1	29537491	130	CT
1	29538191	700	GA
1	29538213	22	GA
1	29538233	20	CG
1	29538302	69	TC
1	29540059	1022	CA
1	29541097	746	TC
1	29541145	48	GA
1	29541255	110	GC
1	29541822	184	AG
1	29546832	4081	CT
1	29546969	137	CT
1	29552503	3790	CT
1	29552738	207	AC
1	29554640	1652	TC
1	29558954	3570	CT
1	29559472	518	AG
1	29559744	272	CT
1	29559850	106	CT
1	29563151	2946	CA
1	29563539	388	TC
1	29563932	366	TC
1	29564095	163	CT
1	29564390	295	GA
1	29564911	521	GC
1	29564918	7	AC
1	29565081	163	TG
1	29565261	180	AC
1	29565270	9	AT
1	29565528	258	TC
1	29565650	122	AG
1	29566155	505	AG
1	29566173	18	TC
1	29566344	171	AG
1	29566853	448	AG
1	29566865	12	CT
1	29567283	174	AG
1	29567533	250	TG
1	29567622	89	CT
1	29567626	4	GT
1	29568045	110	CA
1	29568170	125	CG
1	29568171	1	GC
1	29568198	27	AG
1	29568525	228	CT
1	29568900	375	GT
1	29569224	324	GA
1	29569292	68	GT
1	29569363	71	AG
1	29569366	3	AC
1	29569457	91	AG
1	29569480	23	AG
1	29569501	21	AG
1	29569803	302	CT
1	29569829	26	AG
1	29569955	126	CT
1	29570150	195	CA
1	29570156	6	CT
1	29570159	3	GT
1	29570163	4	CT
1	29570239	76	TC
1	29570246	7	CT
1	29570256	10	CT
1	29570926	670	CT
1	29571696	479	CT
1	29571724	28	TC
1	29572666	396	CT
1	29572814	148	GT
1	29573715	430	CT
1	29573945	230	GC
1	29573989	44	TC
1	29574020	31	TC
1	29574131	111	AG
1	29574211	80	CT
1	29574245	34	CT
1	29574317	72	AG
1	29574460	143	CT
1	29574618	158	TG
1	29575665	420	AG
1	29576002	337	TC
1	29577278	997	GA
1	29577780	502	CT
1	29580749	2271	TC
1	29584776	3471	AC
1	29591204	5546	CA
1	29600396	2900	CT
1	29612927	9342	GA
1	29615793	1831	TC
1	29617006	1213	AG
1	29617330	287	AG
1	29617702	343	GA
1	29617718	16	GA
1	29618582	417	AC
1	29618946	297	AG
1	29620326	688	TC
1	29621952	602	TC
1	29622134	182	CT
1	29622263	129	GA
1	29622277	14	GA
1	29622448	171	CT
1	29622748	300	GC
1	29622978	230	GT
1	29623215	215	CT
1	29623246	31	GC
1	29623674	22	TA
1	29623780	106	CT
1	29623792	12	AG
1	29623825	33	CA
1	29623827	2	CT
1	29623989	162	CA
1	29624115	126	CT
1	29624121	6	AG
1	29624131	10	TC
1	29624174	43	CA
1	29624257	83	TC
1	29624291	34	CT
1	29624323	32	GA
1	29624326	3	CG
1	29624542	216	GA
1	29624744	202	TG
1	29624762	18	TC
1	29624999	237	TA
1	29625897	719	CT
1	29626163	266	CT
1	29626425	262	TC
1	29626694	269	CT
1	29626900	206	TC
1	29627161	261	GT
1	29627254	93	AG
1	29627295	41	CA
1	29627434	66	TC
1	29627644	210	GA
1	29627819	175	AG
1	29627825	6	AG
1	29627920	95	TC
1	29628475	214	TC
1	29628512	37	AG
1	29629142	210	CA
1	29629277	135	GA
1	29629287	10	CT
1	29629307	20	TC
1	29632104	581	GA
1	29632273	169	CT
1	29633085	580	TA
1	29633534	449	TG
1	29633849	315	AG
1	29633898	49	TC
1	29635349	534	TC
1	29636243	520	GT
1	29638069	1248	TC
1	29638853	784	GA
1	29639716	580	CT
1	29639886	170	GC
1	29641103	1020	CT
1	29641211	108	GA
1	29641380	169	GA
1	29642567	809	AG
1	29643132	565	CA
1	29646118	1302	GA
1	29650645	2946	GA
1	29652911	2162	AG
1	29658059	3883	GA
1	29670891	8216	AC
1	29671159	268	GA
1	29676905	4486	GA
1	29678870	1930	TC
1	29679094	224	TC
1	29697126	13234	GA
1	29697959	521	CA
1	29700339	1170	GT
1	29705113	3264	CT
1	29709738	2860	GA
1	29710337	599	AC
1	29712362	1696	TA
1	29718611	4875	GC
1	29729526	8076	CT
1	29738075	6809	TG
1	29743869	2892	AC
1	29744108	239	GC
1	29750301	4764	GT
1	29754176	3457	TC
1	29757020	1803	CG
1	29758333	1055	CT
1	29758341	8	GA
1	29764476	4739	CT
1	29766622	1418	CT
1	29777466	4730	CT
1	29784550	5401	TC
1	29786335	1785	TG
1	29790400	3363	GA
1	29791714	909	GT
1	29797959	3690	CT
1	29798457	498	CT
1	29800360	1776	CT
1	29808955	4472	GC
1	29812944	3944	TC
1	29813882	938	TC
1	29815706	1318	AG
1	29817064	1358	GC
1	29819319	2255	CA
1	29820939	1620	TC
1	29825052	1778	CT
1	29829043	2605	TC
1	29830132	745	TC
1	29831476	1223	CG
1	29833307	1792	GA
1	29833308	1	GA
1	29834001	693	AG
1	29834113	112	CG
1	29834281	168	CG
1	29834715	434	TC
1	29835308	593	AG
1	29835375	67	GC
1	29835655	280	GA
1	29835684	29	TC
1	29835716	32	GA
1	29835792	76	TG
1	29835835	43	AG
1	29837608	1295	CG
1	29839299	1354	TG
1	29839507	208	CT
1	29840024	517	CT
1	29840289	193	CA
1	29842882	1641	TC
1	29847605	2207	TC
1	29854112	3370	AG
1	29854315	203	GC
1	29855010	352	TC
1	29855069	59	TC
1	29855250	181	GA
1	29855373	123	TG
1	29855448	75	AG
1	29857898	510	GA
1	29858916	64	TC
1	29866621	2706	TG
1	29867046	425	CT
1	29867597	551	TC
1	29867708	111	GA
1	29869258	419	GA
1	29869333	75	TC
1	29869357	24	AC
1	29869926	501	GT
1	29870055	129	AG
1	29870322	267	GA
1	29870323	1	AT
1	29870551	228	TC
1	29870734	183	GA
1	29870752	18	CG
1	29870786	34	GA
1	29870794	8	AG
1	29870953	159	CG
1	29870954	1	GC
1	29871069	115	TC
1	29871073	4	GT
1	29871339	266	TG
1	29871477	138	GA
1	29872037	560	GC
1	29872067	30	CT
1	29872792	684	TC
1	29875251	821	GC
1	29875486	235	CA
1	29875679	193	GA
1	29876283	286	AG
1	29878323	1752	TC
1	29878835	512	GT
1	29878916	81	AG
1	29879615	199	GA
1	29880688	1021	GA
1	29881054	366	GA
1	29881561	208	GA
1	29883443	1392	AG
1	29883509	66	AG
1	29883834	178	TG
1	29884193	359	TC
1	29884227	34	CT
1	29884557	330	TA
1	29884579	22	GC
1	29884776	197	TC
1	29887335	2559	GA
1	29889754	2195	GA
1	29889851	97	AG
1	29890999	599	CA
1	29891443	444	GA
1	29891444	1	TC
1	29892908	1403	CT
1	29893155	247	AG
1	29894092	408	CT
1	29894205	113	CT
1	29894242	37	CT
1	29894269	27	GC
1	29894411	142	CT
1	29896013	1539	CT
1	29896066	53	TC
1	29896261	37	CG
1	29896290	29	CT
1	29896721	431	TC
1	29897766	999	GT
1	29897877	111	TC
1	29898443	78	CA
1	29900178	1362	GA
1	29904679	3257	GA
1	29907315	1423	TC
1	29908382	907	TA
1	29908397	15	GA
1	29908435	38	TC
1	29908716	281	AG
1	29908787	71	AG
1	29909068	202	AG
1	29909088	20	GA
1	29909287	199	CT
1	29909327	40	TC
1	29909779	387	GT
1	29909965	186	GA
1	29910508	543	GC
1	29910642	134	TC
1	29910773	131	GA
1	29911273	500	GA
1	29911350	77	CT
1	29911364	14	TC
1	29911689	325	CT
1	29911779	90	CT
1	29911894	115	TG
1	29911905	11	GA
1	29912016	111	AT
1	29912022	6	TC
1	29912036	14	AG
1	29912107	71	CT
1	29912276	169	TC
1	29912305	29	AC
1	29912667	362	CA
1	29912671	4	TC
1	29912672	1	GA
1	29913795	829	GC
1	29914337	248	TC
1	29914426	89	GT
1	29914659	233	CA
1	29917796	2186	GA
1	29917859	63	GT
1	29919106	1058	GA
1	29920277	770	AG
1	29921227	414	GA
1	29922369	1072	GA
1	29922730	245	GA
1	29922731	1	GT
1	29922918	187	GA
1	29922921	3	TG
1	29923058	137	GC
1	29923242	184	AG
1	29923539	297	TC
1	29923903	223	GA
1	29924242	166	GA
1	29925860	1557	GA
1	29926296	436	TG
1	29927068	748	GA
1	29927812	548	AG
1	29928096	284	CG
1	29929230	906	TC
1	29929990	760	GA
1	29930250	260	GA
1	29930785	112	GA
1	29930791	6	CA
1	29930843	52	AC
1	29930918	75	CT
1	29930943	25	TC
1	29930967	24	AG
1	29931004	37	GA
1	29931503	53	CG
1	29931559	56	AG
1	29931577	18	AG
1	29931676	99	CT
1	29932830	841	CT
1	29933303	473	AG
1	29933404	101	AG
1	29934659	844	GA
1	29934941	282	AT
1	29935345	404	CT
1	29935447	102	GA
1	29935787	296	GT
1	29936488	188	CT
1	29937057	389	CT
1	29937773	716	CT
1	29937774	1	GA
1	29937888	114	GA
1	29938967	500	GA
1	29939599	334	TC
1	29939634	35	AG
1	29939695	61	GT
1	29940294	599	TC
1	29940357	63	TC
1	29941319	668	TC
1	29941423	104	AG
1	29941605	182	GC
1	29941651	46	CA
1	29941670	19	TC
1	29941696	26	GA
1	29941706	10	TC
1	29941707	1	GA
1	29942579	537	TG
1	29943025	446	CT
1	29943054	29	GA
1	29943088	34	CT
1	29943200	112	GC
1	29943326	126	GA
1	29943335	9	AG
1	29943408	73	GA
1	29943412	4	TC
1	29943639	227	TC
1	29944885	662	CG
1	29944903	18	TG
1	29944922	19	CG
1	29945004	82	GT
1	29945097	93	AG
1	29945165	68	TG
1	29945222	57	TC
1	29945334	76	GA
1	29945349	15	CT
1	29946192	93	CG
1	29946917	57	AG
1	29946930	13	CT
1	29947086	126	TC
1	29947368	187	GA
1	29948550	432	TC
1	29949983	1144	CT
1	29950292	309	TC
1	29950503	99	TC
1	29950677	174	TC
1	29952659	1251	AC
1	29952689	30	TA
1	29954141	728	AG
1	29954389	248	CT
1	29955093	682	GA
1	29969454	8440	AG
1	29989458	17270	GA
1	29994411	4150	CT
1	29994833	422	TC
1	29996013	1180	AG
1	29996531	518	AG
1	29997010	479	CT
1	29997230	220	CA
1	29997331	101	CT
1	29997907	576	AG
1	29998156	249	TC
1	29998297	141	GT
1	30001284	1284	GA
1	30003091	1807	AG
1	30004055	964	TC
1	30004173	118	GA
1	30004224	51	AG
1	30004361	137	AG
1	30004446	85	CT
1	30004887	441	AC
1	30005899	985	CT
1	30006111	212	AG
1	30006626	515	CT
1	30007122	342	CT
1	30007491	369	GA
1	30007622	131	AG
1	30007702	80	TC
1	30007929	227	GA
1	30008102	131	AC
1	30008115	13	AC
1	30008645	530	CA
1	30008856	89	TG
1	30009066	210	GA
1	30009204	138	GA
1	30009320	91	AG
1	30009420	100	TC
1	30009441	21	AG
1	30009715	274	AG
1	30009768	53	GA
1	30009881	113	CA
1	30009956	75	GA
1	30010096	140	GA
1	30010238	142	TA
1	30010264	26	GA
1	30010811	356	TC
1	30011200	389	GA
1	30012287	331	GA
1	30012350	63	AT
1	30012618	268	CG
1	30013015	350	AG
1	30013503	461	GA
1	30013521	18	GA
1	30013974	405	CG
1	30014579	605	CG
1	30015330	595	AC
1	30015764	434	TA
1	30015919	155	CT
1	30016698	455	CT
1	30016830	132	CT
1	30016860	30	CT
1	30016921	61	CG
1	30017002	81	AG
1	30017549	327	CT
1	30017917	368	TG
1	30018191	237	GT
1	30025454	5137	CT
1	30026853	1084	CT
1	30030581	2642	TC
1	30030724	143	TC
1	30031432	708	CT
1	30034457	1351	TC
1	30034654	197	CT
1	30035578	118	GA
1	30035833	255	GA
1	30035996	163	AG
1	30036132	136	TC
1	30036188	56	TG
1	30036252	64	GA
1	30036995	151	CT
1	30037281	212	TC
1	30037680	399	TC
1	30037735	55	TC
1	30037829	94	GA
1	30038208	379	TC
1	30038215	7	AG
1	30038767	552	TC
1	30039340	573	CT
1	30039428	88	CT
1	30039618	190	AG
1	30039832	214	AG
1	30039882	50	GA
1	30040130	29	CT
1	30040691	561	CG
1	30040708	17	CA
1	30040737	29	CT
1	30040788	51	GA
1	30040866	78	CT
1	30040913	47	AG
1	30041125	212	CT
1	30041453	328	GA
1	30042237	784	TC
1	30042346	109	GA
1	30042950	604	CT
1	30043146	196	CT
1	30043198	52	TC
1	30043372	174	AG
1	30044104	369	CT
1	30044156	52	GA
1	30044161	5	AG
1	30045097	806	AG
1	30045243	146	AC
1	30045323	80	GA
1	30045564	241	TG
1	30045688	124	CT
1	30045981	293	GT
1	30046042	61	TC
1	30046144	102	CT
1	30046145	1	CT
1	30046440	295	GA
1	30047097	200	GA
1	30047390	293	CT
1	30047453	63	CT
1	30047669	216	CT
1	30047849	180	TG
1	30047876	27	TC
1	30048036	160	GC
1	30049239	398	GT
1	30049512	273	TA
1	30049714	202	CT
1	30049785	71	GA
1	30049848	63	TC
1	30050364	516	CT
1	30051209	806	TC
1	30051441	232	CT
1	30052155	414	TA
1	30052631	434	AT
1	30052779	148	AG
1	30053157	378	GA
1	30053276	119	GA
1	30053351	75	AG
1	30053361	10	GA
1	30053592	231	GA
1	30053601	9	GA
1	30053631	30	GA
1	30053868	237	TC
1	30053957	89	GT
1	30054107	150	TA
1	30054193	86	CG
1	30054267	74	TG
1	30054360	93	TC
1	30054382	22	GT
1	30054389	7	CT
1	30054393	4	TC
1	30054394	1	GA
1	30054396	2	GT
1	30054707	311	CG
1	30055235	470	GA
1	30055298	63	CT
1	30055657	359	AG
1	30055703	46	TG
1	30055955	220	TA
1	30059113	1896	CT
1	30062930	2909	AG
1	30063698	612	CT
1	30067987	2567	GA
1	30068995	414	TG
1	30069524	431	GA
1	30070514	482	TC
1	30070947	51	AG
1	30070986	39	AG
1	30071296	310	CT
1	30071310	14	TC
1	30071411	101	GA
1	30071428	17	CA
1	30074472	1282	AG
1	30074501	29	AG
1	30074529	28	CT
1	30074887	358	AG
1	30075485	238	AT
1	30075657	172	GT
1	30075794	137	AT
1	30075859	65	TC
1	30075925	66	CT
1	30076373	151	CT
1	30076671	298	TC
1	30076693	22	CA
1	30077098	296	GA
1	30077584	486	AC
1	30078437	622	CT
1	30079262	825	TG
1	30079296	34	TC
1	30079457	161	GA
1	30079601	144	GC
1	30079771	170	AG
1	30079903	132	GC
1	30079912	9	TC
1	30079963	51	AG
1	30079964	1	TC
1	30080021	57	CG
1	30080545	524	CT
1	30080619	74	AG
1	30080678	59	GA
1	30080723	45	CT
1	30080783	60	TC
1	30080805	22	AG
1	30080869	64	CT
1	30080875	6	TG
1	30080978	103	CG
1	30080990	12	GC
1	30081024	34	TC
1	30081402	186	AG
1	30081869	467	TC
1	30081917	48	AG
1	30082230	166	AG
1	30082328	98	AG
1	30082698	329	GA
1	30083058	360	TG
1	30083230	172	CT
1	30083231	1	AG
1	30083904	188	AG
1	30084836	567	GA
1	30085186	350	TA
1	30085769	184	CT
1	30087120	401	GA
1	30087267	147	CG
1	30087269	2	AG
1	30087324	55	GT
1	30087617	293	TC
1	30087645	28	AC
1	30087646	1	GA
1	30087683	37	CT
1	30087852	169	GA
1	30087871	19	TC
1	30088021	150	CA
1	30088172	107	GA
1	30088276	104	GA
1	30088370	94	AG
1	30088382	12	GA
1	30088471	36	TC
1	30089323	852	CT
1	30089324	1	AG
1	30089437	113	AC
1	30089462	25	AT
1	30090023	287	TG
1	30090049	26	AG
1	30090056	7	TG
1	30090207	151	GA
1	30090483	245	CA
1	30090498	15	GT
1	30090634	136	CT
1	30090704	70	TC
1	30090835	131	TC
1	30091100	265	TC
1	30092070	540	CT
1	30092089	19	TC
1	30092352	263	TC
1	30092462	110	GC
1	30093322	649	CT
1	30093807	485	GA
1	30096109	1861	CT
1	30096390	281	TC
1	30097795	529	TG
1	30098328	291	CT
1	30098609	254	GA
1	30098640	31	GC
1	30098649	9	GA
1	30098925	276	TC
1	30099198	273	AG
1	30100831	659	GA
1	30100891	60	CT
1	30100994	103	GA
1	30101586	285	AG
1	30103878	2165	CT
1	30105190	1312	GA
1	30106966	1361	CT
1	30107040	74	CT
1	30107277	237	AG
1	30107647	370	TG
1	30107684	37	TC
1	30107716	32	GA
1	30107774	58	GT
1	30107838	64	CA
1	30107988	150	CT
1	30108190	202	AG
1	30108819	629	AG
1	30110602	1303	TC
1	30111258	297	CT
1	30111321	63	TA
1	30111580	259	AG
1	30111667	87	CT
1	30112110	315	GA
1	30112268	158	AG
1	30112445	177	CT
1	30112496	51	CG
1	30112509	13	AG
1	30112553	44	TC
1	30112557	4	CT
1	30112608	51	GA
1	30113738	404	CT
1	30114240	457	CT
1	30114382	142	CA
1	30116268	1102	GC
1	30117732	1219	TC
1	30117918	186	GA
1	30118200	282	CT
1	30118739	236	CT
1	30119469	682	TC
1	30120636	787	GA
1	30122127	799	TA
1	30122715	588	AG
1	30124262	1475	AT
1	30124289	27	CT
1	30125087	798	GA
1	30125138	51	GA
1	30125855	614	CG
1	30125985	130	GA
1	30128592	2299	TG
1	30130630	1776	AT
1	30131112	482	AG
1	30135481	1620	TC
1	30137285	489	GA
1	30137339	54	AC
1	30137554	215	GA
1	30137779	225	AG
1	30138109	330	TC
1	30138483	374	TG
1	30138596	113	GA
1	30138712	116	TC
1	30138800	88	TC
1	30139199	163	CT
1	30139980	442	GA
1	30140276	296	GA
1	30140450	174	GA
1	30140587	137	AG
1	30140915	152	TC
1	30140916	1	AG
1	30140991	75	GA
1	30141022	31	TC
1	30141068	46	CT
1	30141119	51	GA
1	30142034	353	GA
1	30142343	281	TC
1	30142791	253	TC
1	30142831	40	AG
1	30142988	157	GC
1	30144369	1233	TC
1	30144936	265	GA
1	30147171	1129	TC
1	30151562	719	AC
1	30153019	732	TC
1	30156225	2857	TC
1	30156481	256	GC
1	30156509	28	AG
1	30156758	249	TC
1	30156766	8	AG
1	30156841	75	TC
1	30157395	414	GA
1	30157556	161	AC
1	30160352	1760	AG
1	30161071	505	AG
1	31369239	832394	GA
1	31380414	6708	CT
1	31383214	2156	GA
1	31385824	938	AG
1	31387468	1299	GA
1	31551446	130933	CA
1	31551482	36	GA
1	31552846	1364	GA
1	31553083	36	TC
1	31556469	1929	TC
1	31564139	5751	GA
1	31564770	631	CG
1	31565813	937	CT
1	31566560	747	AG
1	31567477	770	GT
1	31568456	350	AG
1	31568969	283	CG
1	31569552	267	CT
1	31569578	26	GA
1	31572288	1732	CT
1	31572689	401	AG
1	31572989	300	GT
1	31574189	1200	AG
1	31574315	126	AG
1	31574368	53	TC
1	31575337	466	TC
1	31575350	13	AG
1	31575506	156	TC
1	31577119	387	CT
1	31578061	645	CT
1	31579253	439	CG
1	31579270	17	GA
1	31579729	459	GC
1	31580044	315	GC
1	31580163	119	AC
1	31580297	134	CG
1	31582252	757	TG
1	31585888	1892	CT
1	31586430	542	CT
1	31586550	120	AG
1	31586673	123	CT
1	31590659	1517	AG
1	31594600	1728	CG
1	31594647	47	TC
1	31595053	386	GA
1	31595764	711	GA
1	31596721	100	TG
1	31596808	87	CT
1	31597007	147	CA
1	31598123	1116	GA
1	31598347	183	CT
1	31598418	71	GC
1	31599312	696	GA
1	31599377	65	GC
1	31599387	10	GA
1	31600459	654	CA
1	31600701	242	AG
1	31600782	81	AG
1	31602831	1344	GA
1	31602919	88	TG
1	31603063	144	AG
1	31603378	315	AG
1	31603416	38	TC
1	31603492	76	TG
1	31604723	1231	CT
1	31604858	135	GA
1	31604911	53	CG
1	31605466	472	GA
1	31609911	2876	TA
1	31610577	666	AG
1	31610652	75	GT
1	31611437	356	AG
1	31611557	120	CT
1	31613890	660	CT
1	31614748	493	TC
1	31615021	273	CA
1	31615751	385	AG
1	31617947	1790	GC
1	31619853	1874	AC
1	31621301	1305	TG
1	31622818	1485	GT
1	31626680	2582	GC
1	31626943	263	AC
1	31628688	801	AC
1	31629336	192	CT
1	31629408	72	CG
1	31629423	15	CT
1	31629695	272	CT
1	31630876	386	AG
1	31631084	208	CG
1	31632018	934	GA
1	31632026	8	CT
1	31632212	186	GA
1	31632370	158	CG
1	31632409	39	CT
1	31632496	87	GA
1	31633310	456	CA
1	31633704	394	GC
1	31633837	133	TC
1	31633925	88	AG
1	31633975	50	GA
1	31634208	233	CT
1	31634985	734	GA
1	31634994	9	GT
1	31635293	299	GA
1	31635467	174	CA
1	31635468	1	GA
1	31635547	79	CA
1	31635597	50	CT
1	31636495	830	CT
1	31636776	281	CG
1	31639158	287	AG
1	31641509	672	GA
1	31642977	771	TC
1	31643013	36	GC
1	31643093	80	CT
1	31644612	579	AG
1	31644683	71	AG
1	31644841	158	GA
1	31645270	429	GT
1	31645317	47	AG
1	31645340	23	GA
1	31645356	16	GA
1	31645393	37	GA
1	31645565	172	GT
1	31646002	437	CT
1	31646157	155	CT
1	31646158	1	AG
1	31646849	691	TC
1	31648142	1210	AG
1	31648216	74	GA
1	31648482	266	GA
1	31648515	33	GA
1	31648529	14	AG
1	31648830	301	TC
1	31648885	55	TC
1	31650026	1141	CT
1	31650541	396	CT
1	31651643	1102	CG
1	31651677	34	CT
1	31651955	278	GT
1	31653840	1695	GA
1	31653871	31	AG
1	31656323	2452	CT
1	31657533	1137	TC
1	31657605	72	GA
1	31659012	1407	GA
1	31659369	357	AG
1	31659425	56	AG
1	31660521	1096	CA
1	31660959	336	GA
1	31662066	1076	GA
1	31662609	543	GA
1	31665636	2382	AG
1	31666434	697	CT
1	31666443	9	CA
1	31666444	1	TG
1	31668761	1779	CT
1	31670906	1413	GA
1	31672033	448	CT
1	31672053	20	GT
1	31672249	196	CT
1	31672251	2	TC
1	31672267	16	GT
1	31672298	31	GC
1	31672369	71	TC
1	31672373	4	CT
1	31672374	1	GA
1	31672380	6	GA
1	31672699	319	CT
1	31672830	131	TC
1	31673350	520	CT
1	31673430	80	AG
1	31673531	101	GA
1	31673544	13	AG
1	31673591	47	TC
1	31673929	338	CG
1	31674744	815	TG
1	31675997	148	GA
1	31676663	373	CA
1	31676737	74	CT
1	31676994	257	GA
1	31679408	395	GA
1	31679752	344	GC
1	31679829	77	AG
1	31680131	302	GA
1	31680908	607	GC
1	31681533	338	GA
1	31681559	26	TC
1	31681679	120	TC
1	31682115	436	CG
1	31682259	144	TC
1	31683025	766	CT
1	31683413	49	GA
1	31684089	676	TC
1	31684141	52	CT
1	31685173	1032	CT
1	31685916	743	GA
1	31686061	145	CT
1	31686140	79	GA
1	31686282	142	GA
1	31686949	667	CA
1	31688271	1004	TA
1	31689003	532	CT
1	31689206	203	CT
1	31690723	1305	GA
1	31691773	1050	GA
1	31691917	144	TC
1	31693615	604	GA
1	31693745	130	GC
1	31693765	20	CT
1	31694724	244	TC
1	31694819	95	CG
1	31695288	104	TC
1	31695392	104	TC
1	31695573	181	CG
1	31696604	1031	TG
1	31697465	537	TC
1	31697466	1	AG
1	31697731	265	GC
1	31697834	29	AG
1	31698241	131	CG
1	31698716	475	AG
1	31699365	649	GA
1	31699547	82	CA
1	31699918	371	TC
1	31700057	139	GC
1	31700698	192	AC
1	31702359	821	TC
1	31703841	1482	CT
1	31703957	116	GT
1	31704063	106	TC
1	31704376	313	TC
1	31706874	2498	CT
1	31710204	2506	AG
1	31710850	497	TC
1	31711931	230	TA
1	31712194	263	AT
1	31712286	92	TC
1	31716577	1195	AG
1	31716616	39	TC
1	31716788	172	TG
1	31716791	3	GA
1	31716807	16	TC
1	31716882	75	GA
1	31717027	145	GA
1	31717591	128	TG
1	31717623	32	CT
1	31718166	543	TC
1	31719632	793	GA
1	31720088	173	AG
1	31720110	22	AC
1	31722954	604	TA
1	31729123	2831	GA
1	31729610	487	CT
1	31730050	440	GT
1	31733145	3017	TG
1	31737257	1977	GA
1	31738649	419	CT
1	31738679	30	AG
1	31739344	383	CT
1	31739408	64	GT
1	31740411	556	TC
1	31741057	329	CT
1	31742831	502	GA
1	31744871	1209	GT
1	31744976	105	CT
1	31745035	59	CA
1	31745127	92	AG
1	31745243	116	CT
1	31745654	411	GC
1	31745708	54	GC
1	31745927	219	TC
1	31746254	327	GA
1	31747248	460	AC
1	31748811	848	GC
1	31748892	81	AG
1	31749676	475	AG
1	31750048	372	CT
1	31750199	151	GC
1	31750972	586	CT
1	31751193	221	GA
1	31751198	5	AC
1	31751740	542	TC
1	31752423	327	AG
1	31752475	52	CT
1	31752526	51	AG
1	31752543	17	CT
1	31753048	471	CA
1	31753231	183	AG
1	31753397	166	AG
1	31753476	79	AG
1	31753589	113	TC
1	31753904	315	CT
1	31754018	77	TA
1	31754176	158	TC
1	31756126	1459	GA
1	31756241	115	CG
1	31756255	14	CT
1	31756605	269	GA
1	31757364	450	TG
1	31757468	104	CT
1	31757488	20	GA
1	31758883	981	GA
1	31759139	256	CT
1	31759219	80	AG
1	31760710	1491	AC
1	31761082	372	GA
1	31761334	252	AC
1	31762147	813	AG
1	31762253	106	AG
1	31762312	59	CT
1	31762314	2	GT
1	31762430	116	AG
1	31762957	527	GC
1	31763063	106	GA
1	31763669	408	AT
1	31765365	1696	CG
1	31765388	23	TC
1	31765391	3	GA
1	31765578	187	TC
1	31765832	254	TA
1	31766163	331	TC
1	31766900	737	CT
1	31767575	675	GA
1	31767781	206	AG
1	31767809	28	CG
1	31767890	81	TC
1	31767904	14	AG
1	31768415	260	AG
1	31768741	326	AC
1	31769167	426	GA
1	31769254	87	GA
1	31769300	46	CT
1	31770295	906	AC
1	31775284	1799	AC
1	31802323	711	AG
1	31802331	8	GC
1	31802549	218	GA
1	31824517	909	GA
1	31825646	886	AG
1	31826402	696	CT
1	31827565	622	AT
1	31829215	897	TG
1	31829235	20	CT
1	31829798	145	GC
1	31830072	274	CA
1	31832068	1089	TC
1	31832074	6	TG
1	31832534	261	GT
1	31834376	955	AC
1	31834479	103	TC
1	31834863	248	CG
1	31834870	7	AG
1	31837568	2605	TG
1	31840082	1948	CA
1	31840432	350	CT
1	31846878	4706	GA
1	31846893	15	TC
1	31846919	26	CT
1	31846923	4	CT
1	31848647	1551	CT
1	31848816	169	GA
1	31848916	100	AG
1	31849084	2	AG
1	31849176	92	GC
1	31851534	2199	CT
1	31856195	1746	CG
1	31859455	2430	AG
1	31859511	56	TA
1	31859693	182	GA
1	31860505	366	CG
1	31863366	1955	GA
1	31864556	440	GA
1	31864615	59	CT
1	31865475	860	TA
1	31867456	1236	CT
1	31868301	497	GC
1	31872972	1367	TC
1	31873230	258	GA
1	31873304	74	GT
1	31873674	370	AG
1	31873710	36	GA
1	31874807	511	TC
1	31874875	68	CT
1	31876214	1089	CG
1	31876324	110	CG
1	31879004	1593	GC
1	31879115	111	GT
1	31880664	641	GC
1	31880835	171	GA
1	31882863	1683	GA
1	31884235	1035	GC
1	31889103	2779	CT
1	31889369	266	GA
1	31889610	241	AT
1	31889618	8	CT
1	31889871	253	CT
1	31891174	911	AG
1	31891811	637	GA
1	31891887	76	AG
1	31892319	432	AG
1	31892330	11	CA
1	31893553	1092	GA
1	31895006	287	TG
1	31897118	663	TC
1	31897759	641	CT
1	31897832	73	AG
1	31897865	33	CA
1	31897901	36	TC
1	31898136	235	GA
1	31898527	82	CT
1	31898592	65	CT
1	31898597	5	CT
1	31898653	56	CT
1	31898670	17	GA
1	31898916	246	AT
1	31898921	5	GA
1	31899242	297	CT
1	31899734	139	CT
1	31900133	399	GT
1	31900213	80	AG
1	31900215	2	GA
1	31900701	393	GA
1	31900807	106	CT
1	31901244	63	CG
1	31902291	728	GC
1	31905117	835	GA
1	31905281	164	TG
1	31909628	2877	GC
1	31910421	793	TA
1	31910489	68	GC
1	31910545	56	TA
1	31912420	902	AG
1	31913147	727	GA
1	31913201	54	CG
1	31914819	441	GA
1	31914835	16	TC
1	31915627	564	TC
1	31916447	223	CA
1	31918343	1452	GA
1	31927076	7347	GT
1	31929893	2721	GA
1	31931828	1869	CT
1	31936664	4277	CT
1	31942251	5369	CT
1	31943781	1250	GA
1	31944251	470	AG
1	31944268	17	AG
1	31944300	32	GC
1	31944304	4	AC
1	31946433	1090	TG
1	31946507	74	GA
1	31947361	736	CT
1	31949815	1341	TC
1	31949951	136	AG
1	31952301	1668	GA
1	31952470	169	CT
1	31953069	348	CT
1	31953169	100	GA
1	31953179	10	GA
1	31953345	166	TG
1	31953718	373	GA
1	31954376	550	GT
1	31954584	208	GA
1	31954824	240	GC
1	31954865	41	CT
1	31954906	41	GA
1	31954942	36	AT
1	31955059	117	TG
1	31955347	91	GT
1	31956052	705	GC
1	31956197	145	CT
1	31956792	238	AG
1	31956817	25	AG
1	31956861	44	AG
1	31956868	7	TA
1	31956895	27	CT
1	31957062	167	GA
1	31957638	211	TC
1	31957715	77	GA
1	31958126	87	CG
1	31958346	86	CG
1	31958375	29	GA
1	31959559	350	GA
1	31959584	25	CT
1	31960985	601	CA
1	31961724	739	GA
1	31961784	60	GA
1	31961845	61	TC
1	31961974	81	GA
1	31962654	502	AG
1	31962954	300	TC
1	31963880	926	CT
1	31964027	147	TC
1	31964272	245	GA
1	31965967	1420	TC
1	31966285	277	CT
1	31967569	952	GC
1	31971824	2771	GA
1	31972342	518	GA
1	31973252	862	CT
1	31974815	447	GA
1	31974917	102	TC
1	31975020	103	AC
1	31975267	247	TC
1	31976800	740	GT
1	31977331	531	GA
1	31977424	93	GA
1	31977428	4	CT
1	31977781	162	TC
1	31977793	12	TC
1	31977827	34	AG
1	31977962	135	GA
1	31978038	76	CT
1	31979694	1132	GC
1	31979728	34	GA
1	31979735	7	GC
1	31980433	403	CT
1	31981437	256	CG
1	31981995	529	CT
1	31982739	319	CT
1	31983874	457	TA
1	31985158	352	TG
1	31985241	83	CT
1	31985729	191	TC
1	31986579	548	CT
1	31986660	81	TC
1	31987742	869	CT
1	31988169	427	CT
1	31988424	255	GC
1	31988464	40	GA
1	31988619	155	CT
1	31988646	27	GA
1	31989342	434	TA
1	31990246	386	CT
1	31990815	280	AC
1	31992029	1048	CT
1	31992101	72	GA
1	31993237	817	AG
1	31994552	919	CT
1	31996790	671	GA
1	31997092	302	GA
1	31997337	245	TG
1	32001104	1877	CT
1	32003971	2004	CT
1	32004269	213	CT
1	32005976	1599	GA
1	32007019	487	CT
1	32007274	255	AG
1	32012842	3824	TC
1	32012853	11	CT
1	32014807	1798	TC
1	32016909	776	AG
1	32016957	48	AC
1	32017038	81	CT
1	32017813	775	GC
1	32017931	118	CT
1	32019308	998	CT
1	32019494	130	GC
1	32019562	68	CT
1	32020323	692	AG
1	32020437	114	AG
1	32020905	468	CT
1	32021233	328	GA
1	32021300	67	CT
1	32021325	25	AG
1	32021373	48	CT
1	32022032	659	CT
1	32022256	224	AG
1	32022791	535	CT
1	32022893	102	GA
1	32023085	192	GT
1	32023742	249	AT
1	32024004	262	CT
1	32027895	1510	GA
1	32028221	326	TC
1	32028395	174	AG
1	32029253	497	GA
1	32030155	788	TC
1	32031004	849	TG
1	32031350	346	GT
1	32031516	166	AG
1	32031585	69	GA
1	32031955	370	GA
1	32032299	344	GA
1	32035004	2497	AG
1	32036074	594	CT
1	32036585	211	CT
1	32038802	1993	AG
1	32039403	574	CG
1	32039462	59	CT
1	32039580	118	TC
1	32039592	12	AG
1	32039593	1	TC
1	32039610	17	TG
1	32039813	137	AC
1	32040013	200	TC
1	32040334	321	GC
1	32040682	315	GC
1	32040791	76	TC
1	32040817	26	CT
1	32041099	282	AC
1	32041135	36	CT
1	32041363	228	TC
1	32041532	169	TC
1	32041538	6	CA
1	32041595	57	TC
1	32041662	67	AG
1	32041927	265	TC
1	32041947	20	TC
1	32041949	2	AG
1	32042016	67	GA
1	32042020	4	TC
1	32043193	811	CT
1	32043295	102	TC
1	32043627	34	GA
1	32043638	11	TG
1	32043728	90	CT
1	32043880	152	AG
1	32044252	372	CG
1	32044296	44	CT
1	32044632	336	TG
1	32044901	269	AG
1	32045889	864	CT
1	32046258	369	TC
1	32046607	349	TG
1	32046900	293	CT
1	32046956	56	TC
1	32047109	153	TG
1	32047187	78	GA
1	32047202	15	GT
1	32047253	51	GT
1	32047270	17	CA
1	32047272	2	CG
1	32047336	64	TC
1	32047459	123	GA
1	32047628	32	GC
1	32048153	208	TC
1	32050552	1814	CT
1	32050935	383	GA
1	32050986	51	TC
1	32050993	7	TC
1	32051026	33	CT
1	32051259	233	AC
1	32051354	95	GT
1	32051376	22	AG
1	32051429	53	CT
1	32051513	84	GA
1	32051531	18	GA
1	32051742	46	TC
1	32053111	1295	GC
1	32053783	672	TC
1	32054203	420	AG
1	32056088	994	GC
1	32056098	10	CT
1	32057074	827	CT
1	32057307	178	CT
1	32057534	227	GC
1	32057601	67	TC
1	32058761	1160	AC
1	32058818	57	AT
1	32059179	361	AG
1	32059720	424	AG
1	32061823	1293	AG
1	32062161	299	TC
1	32062342	181	GA
1	32062365	23	TG
1	32062418	53	GA
1	32062561	143	TA
1	32062594	33	AG
1	32062634	40	CG
1	32063288	550	AG
1	32063388	100	CT
1	32063501	113	TC
1	32063575	74	GC
1	32063770	49	CT
1	32063773	3	AT
1	32063794	21	CT
1	32065258	1246	GA
1	32065409	151	AG
1	32065593	184	GA
1	32068605	818	CT
1	32069282	677	CA
1	32071630	1646	CT
1	32072227	597	AG
1	32072698	471	GA
1	32072795	97	TC
1	32073065	270	GA
1	32073436	371	GA
1	32073867	240	GA
1	32073874	7	TC
1	32073880	6	CT
1	32074000	120	AG
1	32075631	1283	AG
1	32075685	54	TA
1	32076446	312	CA
1	32076632	186	AG
1	32076673	41	TA
1	32076837	164	TC
1	32077044	207	CT
1	32077210	166	GC
1	32077444	234	CG
1	32077478	34	AG
1	32077493	15	GA
1	32079174	268	GA
1	32079463	289	CT
1	32079677	214	AC
1	32080949	1035	GA
1	32080951	2	AC
1	32080972	21	AG
1	32082774	1260	GA
1	32092747	4286	CT
1	32094753	1586	GA
1	32095575	702	CT
1	32098437	2557	CT
1	32100912	1379	CG
1	32102192	1056	TC
1	32102790	517	AG
1	32103260	470	TC
1	32103810	399	GA
1	32103826	16	GA
1	32103898	72	AG
1	32104051	153	GC
1	32105283	1164	TC
1	32105373	90	TC
1	32105479	106	AG
1	32105875	396	CA
1	32107289	1285	CA
1	32107943	518	GA
1	32108448	505	GA
1	32108783	217	GT
1	32108856	73	CT
1	32108876	20	CT
1	32109030	154	AG
1	32109125	95	TC
1	32109945	759	GC
1	32110704	759	GA
1	32110787	83	TC
1	32110988	171	CT
1	32111428	440	GA
1	32111725	297	AC
1	32112317	556	GA
1	32112425	108	AG
1	32112428	3	GA
1	32113208	780	CT
1	32113341	133	CT
1	32118298	2017	CA
1	32121285	2841	GA
1	32125225	2159	TA
1	32126682	1457	GA
1	32128442	1414	CT
1	32130950	2399	AG
1	32132426	1323	GA
1	32132829	403	TC
1	32143470	6402	GA
1	32146663	2953	TC
1	32147218	265	CT
1	32151153	2897	CA
1	32152477	1153	CT
1	32154273	1312	TC
1	32155341	1068	TC
1	32155509	168	CG
1	32155565	56	CT
1	32155688	123	AG
1	32155714	26	TC
1	32155749	35	CT
1	32155761	12	CT
1	32157042	730	TC
1	32157823	567	GT
1	32159056	1233	AG
1	32163939	4121	AG
1	32163966	27	TC
1	32165120	487	GA
1	32165473	353	GT
1	32165814	341	CT
1	32165955	78	GA
1	32167028	1043	GA
1	32167249	221	CG
1	32167264	15	AG
1	32169259	1540	AG
1	32169397	138	GA
1	32182488	6280	GA
1	32184687	1924	CT
1	32189162	3410	CT
1	32194498	4449	GA
1	32194673	175	GA
1	32194693	20	TA
1	32194823	130	GA
1	32195690	592	CT
1	32195696	6	AG
1	32196010	314	GA
1	32196147	137	TC
1	32196491	344	TC
1	32196492	1	GA
1	32196537	45	TC
1	32197606	804	GA
1	32198381	775	CT
1	32199013	360	AG
1	32200171	512	AT
1	32202332	1384	AG
1	32203163	831	TC
1	32203175	12	GA
1	32203191	16	CT
1	32203916	725	TG
1	32204163	247	CT
1	32204955	792	AG
1	32209218	4181	AG
1	32210255	1037	AG
1	32212056	352	GC
1	32213458	375	TC
1	32213560	102	AG
1	32213774	132	AG
1	32213825	51	CT
1	32213834	9	AG
1	32214059	106	CT
1	32214311	210	GA
1	32216927	2034	TC
1	32217200	187	TC
1	32219918	2718	CG
1	32220553	635	GA
1	32220764	211	AC
1	32221994	1230	CG
1	32227669	5274	CA
1	32230210	2356	CG
1	32234076	2711	TC
1	32234086	10	AG
1	32234382	257	CT
1	32235144	485	AC
1	32235273	129	GA
1	32235805	532	GA
1	32235880	75	AT
1	32236771	547	GA
1	32236845	74	CT
1	32237003	158	CA
1	32238034	919	GC
1	32238127	93	AG
1	32238253	126	GA
1	32238343	90	TC
1	32238505	162	CT
1	32238651	146	TC
1	32238729	78	AG
1	32239531	730	AG
1	32240180	59	TA
1	32240320	54	CT
1	32241378	960	GA
1	32241451	73	GT
1	32242684	1110	AG
1	32243066	382	GA
1	32244167	1003	AG
1	32244402	235	AG
1	32245536	705	GT
1	32245542	6	CT
1	32245545	3	CT
1	32245546	1	AG
1	32245683	137	TC
1	32245687	4	TC
1	32245718	31	GT
1	32245865	109	GA
1	32245900	35	TC
1	32245968	68	AT
1	32246767	249	AG
1	32247246	426	CT
1	32247361	115	TC
1	32247748	387	TC
1	32247851	103	CT
1	32250913	2981	GA
1	32251340	427	CT
1	32254159	1813	AG
1	32256878	1972	TC
1	32258498	384	GA
1	32258619	121	TC
1	32258670	51	CT
1	32258838	168	CT
1	32261189	1347	TA
1	32263742	1114	TC
1	32265769	1255	CT
1	32265815	46	TC
1	32266947	707	TA
1	32272213	3175	GA
1	32272344	131	GA
1	32283323	6949	GA
1	32284669	754	GA
1	32295013	9881	CA
1	32320485	20554	CG
1	32322104	1598	CT
1	32322251	147	GA
1	32322809	221	GA
1	32323473	619	GA
1	32324374	864	TG
1	32326628	2081	AG
1	32326775	147	CG
1	32326969	194	AG
1	32327422	453	TC
1	32328451	1029	GA
1	32328866	415	CT
1	32339877	9704	CG
1	32341027	1150	GA
1	32341150	123	GA
1	32341394	244	GA
1	32344348	2037	CG
1	32347177	2347	AG
1	32347551	304	GC
1	32349379	1696	AG
1	32349548	169	GC
1	32351379	1564	CT
1	32351684	305	TC
1	32355568	3148	CA
1	32355659	91	TC
1	32355732	73	GT
1	32356554	769	GA
1	32358573	2019	GA
1	32367001	8169	CT
1	32369424	2320	GA
1	32371834	2186	GC
1	32371895	61	GA
1	32372101	206	TA
1	32372529	428	TA
1	32374019	1113	GA
1	32376972	1871	AG
1	32377108	78	GA
1	32378393	1151	AG
1	32381230	1229	GC
1	32385307	3158	CA
1	32385338	31	CA
1	32385682	344	GA
1	32388913	2344	GA
1	32390278	708	TC
1	32390417	139	CT
1	32390421	4	CT
1	32390612	191	GA
1	32390943	331	CT
1	32390993	50	GA
1	32391245	252	GA
1	32391393	148	CT
1	32392009	616	CT
1	32392249	240	CT
1	32392477	228	AG
1	32394044	1274	CG
1	32394045	1	GA
1	32394047	2	GA
1	32394052	5	AC
1	32394054	2	GT
1	32394577	523	GA
1	32397824	2571	AG
1	32405935	6127	CT
1	32406816	499	CA
1	32406976	160	GT
1	32407739	425	TC
1	32408663	924	CT
1	32409709	1046	GA
1	32410094	385	TC
1	32410757	663	GT
1	32411510	430	CA
1	32411599	89	AT
1	32415880	2057	TC
1	32418654	2527	GC
1	32418918	264	AG
1	32421080	2162	AT
1	32421437	357	GA
1	32425375	3938	CT
1	32426115	740	CG
1	32426141	26	TC
1	32426964	823	TA
1	32428856	1605	TG
1	32429398	542	GA
1	32429958	83	GA
1	32430708	425	AG
1	32432320	794	CT
1	32432594	274	GA
1	32432828	234	CA
1	32433402	574	TC
1	32433751	349	TC
1	32433915	124	GA
1	32433917	2	CG
1	32434394	477	GA
1	32435603	1080	GA
1	32435720	117	GA
1	32435755	35	GA
1	32435824	69	GA
1	32435873	49	CT
1	32436282	409	GT
1	32437013	572	CT
1	32438819	1774	GA
1	32438889	70	GA
1	32438980	91	AG
1	32440022	1042	GA
1	32441048	995	CT
1	32441405	326	GT
1	32444638	3079	CT
1	32444868	230	AG
1	32448007	2669	TC
1	32451281	2886	GA
1	32458112	607	TC
1	32462315	772	GA
1	32462731	85	GT
1	32465253	1151	CT
1	32466360	588	AG
1	32466896	536	TC
1	32466897	1	CT
1	32467140	83	TC
1	32467826	559	GC
1	32468444	443	CG
1	32471421	2669	GT
1	32472319	709	AT
1	32472366	47	TA
1	32473204	730	GA
1	32473869	639	TC
1	32475351	1348	CT
1	32479971	3149	GC
1	32480433	462	GC
1	32480446	13	GT
1	32480703	257	GA
1	32481327	624	CT
1	32481509	182	CG
1	32481531	22	GA
1	32482672	670	CT
1	32482941	269	AG
1	32483230	289	CT
1	32483711	481	AG
1	32483757	46	GA
1	32483989	232	CT
1	32485369	1380	TC
1	32485778	409	AG
1	32489721	2510	CA
1	32494106	3725	TC
1	32498226	961	AG
1	32498847	404	CT
1	32499645	148	CA
1	32501289	1080	AG
1	32501329	40	TA
1	32501339	10	GA
1	32503093	261	AC
1	32507045	3679	TC
1	32507429	384	TC
1	32507616	187	AG
1	32510035	2138	GA
1	32510520	485	CT
1	32514331	3628	GA
1	32514708	377	GA
1	32514758	50	AG
1	32514860	102	CG
1	32515759	869	GA
1	32517791	2032	GT
1	32517799	8	TC
1	32517854	55	CT
1	32520293	2084	GT
1	32527259	5203	TC
1	32528123	764	CA
1	32528124	1	TA
1	32528903	406	AG
1	32534055	2373	GA
1	32538920	4216	CT
1	32539512	592	GA
1	32541306	1794	GT
1	32541664	358	GC
1	32542659	915	TC
1	32545251	2322	CT
1	32555833	8520	TC
1	32556541	354	TC
1	32658456	64760	CT
1	32701221	20614	CT
1	32703877	1847	TA
1	32705222	1235	TG
1	32708407	2858	TC
1	32710001	720	CT
1	32711087	1015	AG
1	32711316	229	AG
1	32713102	1718	GA
1	32713197	95	CT
1	32713503	236	CT
1	32713746	243	AG
1	32713831	85	CA
1	32713918	87	GA
1	32713967	49	CT
1	32713980	13	AG
1	32714200	220	CT
1	32714637	437	GA
1	32714739	102	AC
1	32714755	16	AG
1	32715376	366	CT
1	32715391	15	TC
1	32715487	96	CT
1	32716596	1079	GT
1	32718164	1513	GA
1	32721292	2889	GC
1	32722080	744	GC
1	32722433	353	GC
1	32724938	2427	GA
1	32727261	1565	AT
1	32727682	137	GA
1	32727893	211	CA
1	32729406	1117	CT
1	32733552	1658	CG
1	32739237	3967	TG
1	32741202	1690	CT
1	32741725	458	CA
1	32742041	316	TC
1	32743989	1007	TC
1	32744687	615	AT
1	32744824	137	CT
1	32746110	917	TC
1	32746643	533	AG
1	32746817	174	TG
1	32749611	1777	AT
1	32752152	2228	CG
1	32752378	226	GA
1	32754931	1652	AG
1	32756464	1158	AG
1	32757461	958	CT
1	32758605	714	GA
1	32759197	592	CT
1	32759772	220	CG
1	32762358	1105	TA
1	32763273	445	CG
1	32767541	3015	CA
1	32769518	1811	CT
1	32769553	35	GC
1	32778143	3571	GC
1	32778258	115	CT
1	32783143	2814	AG
1	32783560	125	TG
1	32785824	639	GA
1	32786963	996	GT
1	32787980	897	GT
1	32788262	173	CT
1	32788276	14	TA
1	32790042	1190	CT
1	32790043	1	AG
1	32791393	1068	GA
1	32791394	1	AG
1	32793279	772	CT
1	32793503	224	GA
1	32796762	3259	CA
1	32802044	3260	TC
1	32804197	1822	CT
1	32804859	662	TA
1	32805593	576	GA
1	32805596	3	GA
1	32806188	592	GA
1	32807829	1030	CT
1	32808124	295	AG
1	32808157	33	TA
1	32808346	189	CG
1	32808648	151	GA
1	32811213	2201	GA
1	32814116	1851	TC
1	32814497	381	CT
1	32815139	642	TC
1	32815434	183	CT
1	32815577	143	CT
1	32830480	5728	AC
1	32848222	397	TC
1	32848715	453	AG
1	32852440	3122	CA
1	32852599	159	AG
1	32854057	1458	GC
1	32854788	731	AG
1	32854994	206	AG
1	32855044	50	TG
1	32856352	1308	CG
1	32856475	123	GC
1	32863014	2401	CG
1	32865228	1898	GC
1	32865705	396	TC
1	32870843	4825	AG
1	32871123	247	AG
1	32871320	197	CT
1	32871457	137	AG
1	32871464	7	GA
1	32872338	874	GA
1	32874780	2442	CT
1	32876653	1873	CT
1	32876815	162	AG
1	32877176	361	GA
1	32877526	350	CT
1	32878774	1222	CT
1	32879580	781	GC
1	32879806	207	AG
1	32881618	1812	CG
1	32882762	1066	GC
1	32882792	30	GA
1	32883060	268	GA
1	32883749	172	GC
1	32883791	42	GT
1	32885669	1306	GT
1	32886824	1130	GT
1	32887075	251	TC
1	32888191	593	GA
1	32891327	2032	TC
1	32893044	1230	CT
1	32893116	72	TC
1	32895701	1962	GA
1	32895794	93	CT
1	32897627	839	TG
1	32899752	1345	CA
1	32907254	5795	TC
1	32912660	354	AT
1	32914890	331	GA
1	32918525	894	AG
1	32921040	835	CT
1	32928147	2661	AG
1	32928594	243	CT
1	32937472	6106	TG
1	32941671	2018	AG
1	32942071	400	CT
1	32942737	497	TC
1	32950035	6822	CT
1	32950927	892	CT
1	32954402	2874	TC
1	32955673	881	CA
1	32957555	1453	CG
1	32965713	6312	CT
1	32965891	178	TC
1	32966598	343	AG
1	32967272	498	TC
1	32967739	467	AG
1	32967851	112	CT
1	32967888	37	TC
1	32967892	4	AG
1	32969956	543	CA
1	32970207	251	TG
1	32970239	32	GA
1	32970502	263	TC
1	32970566	64	AG
1	32970656	90	CA
1	32970995	339	AG
1	32971072	77	CA
1	32975055	2637	GA
1	32981354	2267	AT
1	32981514	160	GA
1	32983062	1120	GA
1	32987558	2095	AG
1	32988572	892	CA
1	32988587	15	TA
1	32990513	1384	CA
1	32992465	1882	GA
1	32992648	148	GA
1	32992657	9	CG
1	32992686	29	TG
1	32992717	31	TC
1	32992866	149	CT
1	32993044	178	CT
1	32993154	110	GA
1	32994104	950	TG
1	32994975	851	CT
1	32995794	819	GA
1	32996845	1051	AG
1	32996884	39	CT
1	32997664	615	GA
1	32997724	60	GT
1	32998016	292	TC
1	32998538	522	GC
1	32999083	545	AG
1	32999702	514	CT
1	33000476	736	CT
1	33000652	176	GA
1	33001692	492	GC
1	33001770	78	CT
1	33002794	881	AG
1	33003714	858	GA
1	33003858	144	AG
1	33004316	458	AG
1	33004479	163	CT
1	33004514	35	AG
1	33004532	18	TC
1	33004618	86	TC
1	33004627	9	CT
1	33004812	185	GC
1	33004964	152	AG
1	33004971	7	AG
1	33005400	429	CT
1	33005407	7	CA
1	33005649	242	CT
1	33005866	217	AG
1	33006031	165	TC
1	33006166	135	CT
1	33006237	71	GA
1	33006310	73	TC
1	33006676	146	CA
1	33006764	88	GT
1	33006799	35	AT
1	33006859	60	AT
1	33006874	15	TC
1	33007299	425	CG
1	33007430	131	CT
1	33008095	504	CT
1	33008126	31	CA
1	33008498	372	AG
1	33008649	151	GC
1	33008743	94	CT
1	33008766	23	TG
1	33008781	15	TG
1	33009356	553	CT
1	33009376	20	GC
1	33010004	628	TC
1	33010762	758	GA
1	33010897	135	AG
1	33011017	120	AG
1	33012542	652	CT
1	33013275	635	GA
1	33013635	360	CG
1	33013943	308	GA
1	33014387	444	GA
1	33015030	643	CT
1	33015647	617	GA
1	33017652	1802	GA
1	33017688	36	CA
1	33018465	777	TC
1	33021563	3019	GA
1	33022780	1217	GA
1	33024582	833	CT
1	33029340	3215	TG
1	33029523	183	TC
1	33032545	2969	AC
1	33034187	1096	CT
1	33034239	52	CT
1	33034513	274	CA
1	33044490	8599	GC
1	33067891	20307	GT
1	33068974	177	CG
1	33070605	520	TC
1	33070810	205	TG
1	33070849	39	GA
1	33070853	4	TG
1	33071226	373	CA
1	33071305	79	TC
1	33071306	1	AG
1	33071580	274	GA
1	33071581	1	CT
1	33071585	4	CT
1	33071708	123	GA
1	33071811	103	CT
1	33073079	1087	GT
1	33073568	489	TC
1	33074043	475	AG
1	33074999	911	TC
1	33075253	254	AG
1	33081632	5090	AT
1	33085645	3445	CT
1	33089091	2915	GA
1	33089890	799	AG
1	33090330	440	CA
1	33091382	1052	CT
1	33095338	3956	CT
1	33099991	3919	GA
1	33103501	2483	CT
1	33106030	765	TC
1	33107033	684	GA
1	33113188	5574	AT
1	33113954	568	GC
1	33113955	1	TG
1	33114103	148	GA
1	33115026	923	AG
1	33115103	77	TC
1	33115968	865	TG
1	33116056	88	AG
1	33116119	63	AG
1	33116329	191	GA
1	33117149	673	CT
1	33117361	156	AG
1	33117722	18	GA
1	33118900	1148	AT
1	33118928	28	GA
1	33119743	815	AG
1	33119751	8	GA
1	33119832	81	TC
1	33122192	1452	AT
1	33122655	149	GA
1	33123736	1081	AC
1	33125058	776	GA
1	33125340	253	TC
1	33125371	31	CT
1	33125941	517	GC
1	33125956	15	TC
1	33126243	287	GA
1	33128730	1100	TC
1	33129568	838	TC
1	33129814	246	AG
1	33130736	766	GT
1	33130809	73	TC
1	33131198	389	CG
1	33131211	13	CG
1	33131778	567	GA
1	33131925	147	GT
1	33132330	405	CA
1	33132655	325	CT
1	33132666	11	GC
1	33132700	34	GT
1	33133079	379	CT
1	33133173	94	TG
1	33133238	65	AG
1	33133277	39	AG
1	33133594	317	CA
1	33133771	177	GA
1	33133805	34	CT
1	33133810	5	AG
1	33133827	17	AG
1	33133851	24	AC
1	33134055	204	CT
1	33135175	946	GT
1	33135298	123	GC
1	33135299	1	CT
1	33136111	812	CA
1	33138121	1988	CG
1	33138124	3	AG
1	33138246	122	CT
1	33138351	105	CA
1	33138605	254	AG
1	33139590	783	GA
1	33139634	44	GT
1	33141099	1465	GA
1	33141665	566	AG
1	33141841	176	CT
1	33141882	41	GA
1	33141884	2	AG
1	33143762	1837	GC
1	33144481	719	CT
1	33144553	72	AG
1	33144612	59	AG
1	33146126	1514	GT
1	33146909	783	AG
1	33146913	4	CT
1	33147030	117	GA
1	33147355	325	AG
1	33148751	1396	AG
1	33149214	463	CG
1	33149773	559	TC
1	33150184	369	GA
1	33150210	26	AG
1	33150726	516	GA
1	33150861	135	TC
1	33150935	74	TC
1	33151315	380	CT
1	33152677	679	AG
1	33152682	5	AG
1	33153453	728	GT
1	33154647	864	AG
1	33155149	224	GA
1	33155454	305	TG
1	33155598	144	TC
1	33155722	124	CT
1	33155724	2	GA
1	33155881	157	AG
1	33155988	107	GC
1	33158122	2096	GA
1	33158269	147	GA
1	33159189	736	CT
1	33160033	844	GC
1	33161903	1243	GA
1	33162125	222	CG
1	33163441	1065	GC
1	33164851	1309	GA
1	33164895	44	TC
1	33164903	8	CT
1	33165092	62	CT
1	33165319	227	CA
1	33165320	1	AG
1	33165574	254	AG
1	33167461	1732	GT
1	33167548	87	GA
1	33168084	536	GA
1	33169231	1113	CG
1	33180384	9829	AC
1	33191168	9735	TC
1	33191832	664	GA
1	33192449	617	GT
1	33192512	63	GA
1	33192520	8	CT
1	33192770	250	GA
1	33193227	145	TC
1	33193228	1	CT
1	33193387	159	AC
1	33193403	16	CT
1	33193716	313	TC
1	33194070	271	GA
1	33194206	136	GA
1	33194717	448	CG
1	33194861	144	CT
1	33195277	416	AG
1	33196762	756	AG
1	33196883	121	GC
1	33197021	138	TC
1	33197112	91	AG
1	33197215	103	CG
1	33197265	50	GA
1	33197714	449	CT
1	33198044	330	CG
1	33198129	85	CG
1	33198229	100	TC
1	33200748	990	CT
1	33200910	162	GT
1	33200933	23	GA
1	33204038	1625	CT
1	33207607	1318	GC
1	33208849	918	TA
1	33209327	247	CG
1	33209769	305	TC
1	33210041	272	CG
1	33211052	519	AC
1	33211067	15	TC
1	33214026	1212	CA
1	33214090	64	TC
1	33214136	46	CT
1	33215633	836	TC
1	33216637	639	TG
1	33218047	1362	TC
1	33218160	113	GA
1	33219090	910	GA
1	33219544	306	TC
1	33221928	2270	CT
1	33222000	72	GA
1	33222293	293	TC
1	33223483	1190	CT
1	33225516	1679	TC
1	33225703	187	CG
1	33226308	255	AG
1	33226379	71	CT
1	33226554	175	GA
1	33227405	851	GC
1	33227650	214	AG
1	33228927	1198	CG
1	33229034	107	TC
1	33229072	38	GA
1	33229253	181	GC
1	33229454	201	TG
1	33229599	145	TC
1	33229857	258	CG
1	33229947	90	AC
1	33230348	401	CG
1	33230551	203	TG
1	33231138	587	TC
1	33232235	892	AC
1	33232763	528	TC
1	33232966	203	AG
1	33233525	535	AG
1	33234754	990	GA
1	33234755	1	CT
1	33234902	147	GA
1	33234992	90	CT
1	33235060	68	CT
1	33235544	484	GA
1	33235545	1	GT
1	33235602	57	GA
1	33236214	378	GA
1	33236242	28	CT
1	33237440	1067	GA
1	33237927	90	CT
1	33238387	460	CT
1	33239104	672	TC
1	33239342	176	TA
1	33248890	8504	CT
1	33249595	705	CT
1	33250878	1283	AG
1	33250886	8	CT
1	33250923	37	CT
1	33251310	387	GC
1	33252024	714	GA
1	33252827	702	CT
1	33254049	1135	AC
1	33254052	3	CT
1	33254378	326	TC
1	33256786	679	TG
1	33256881	95	CT
1	33257125	244	CT
1	33257908	321	CA
1	33258264	356	TC
1	33259990	1542	AG
1	33261283	1237	TC
1	33261366	83	CT
1	33261511	145	TC
1	33261828	317	CT
1	33262174	346	CT
1	33262384	210	AG
1	33262499	115	CT
1	33262592	93	TC
1	33262792	176	GC
1	33262967	175	TC
1	33263128	161	GC
1	33263599	471	AG
1	33263617	18	TG
1	33263821	204	AG
1	33263827	6	CT
1	33264040	213	AG
1	33264276	236	TC
1	33264534	258	GA
1	33264840	306	GC
1	33264904	64	CT
1	33265721	788	CT
1	33266096	375	TC
1	33266245	149	GA
1	33266269	24	TC
1	33266573	304	CT
1	33267818	1174	TC
1	33267883	65	TC
1	33268018	135	GA
1	33268214	196	TA
1	33268465	251	GA
1	33268577	112	AG
1	33268601	24	GA
1	33268781	180	TC
1	33270005	1181	CT
1	33270050	45	GA
1	33270454	404	TC
1	33270763	309	CT
1	33270956	193	TG
1	33271001	45	CT
1	33271049	48	CA
1	33275115	2608	GA
1	33283406	7158	CT
1	33287062	3134	CT
1	33290405	2363	GA
1	33300080	7799	GA
1	33300174	94	CT
1	33316427	10773	CT
1	33316784	357	GA
1	33316801	17	AC
1	33317817	186	CT
1	33319645	1742	TC
1	33320964	799	AG
1	33321011	47	AG
1	33322022	955	GA
1	34168261	638891	CT
1	34374098	148495	TC
1	34379520	4797	AT
1	34379527	7	GA
1	34380093	566	AG
1	34380738	645	AG
1	34381663	396	AG
1	34381715	52	CG
1	34381804	89	TG
1	34381849	45	TC
1	34382315	466	GA
1	34382440	125	CG
1	34382535	95	TC
1	34383689	637	GA
1	34384342	653	GA
1	34386078	1201	TG
1	34386445	367	AG
1	34387832	1056	GT
1	34387853	21	TC
1	34388183	330	AG
1	34394575	868	CT
1	34417757	13945	GC
1	34417967	210	AG
1	34418598	631	TA
1	34422980	3862	CG
1	34424937	1584	TA
1	34425890	672	TC
1	34429621	1189	TC
1	34429758	137	AG
1	34430603	636	AC
1	34430616	13	CT
1	34432899	1388	AG
1	34439657	3692	AG
1	34440009	278	AG
1	34440114	105	CT
1	34441562	923	GA
1	34441617	55	CT
1	34442749	817	TC
1	34443402	653	TC
1	34444072	495	TA
1	34445348	976	TC
1	34445482	134	CT
1	34446586	1104	GC
1	34447646	1060	CA
1	34447944	298	TG
1	34448936	837	GA
1	34450171	950	CT
1	34450257	86	GA
1	34451955	690	AG
1	34452252	297	AG
1	34452586	334	CT
1	34452724	138	TC
1	34453491	392	AT
1	34453699	208	CT
1	34454437	392	CT
1	34454482	45	GA
1	34454929	375	CA
1	34455182	253	CT
1	34455582	74	CT
1	34455745	163	AG
1	34455763	18	TC
1	34457272	169	TC
1	34457311	39	TG
1	34457312	1	TG
1	34457466	154	TC
1	34457476	10	TC
1	34457605	129	TG
1	34457627	22	AT
1	34457804	177	AC
1	34457810	6	AG
1	34457872	62	GT
1	34457887	15	GA
1	34458134	23	CT
1	34459519	1066	AG
1	34459552	33	CA
1	34459840	288	AG
1	34459924	84	AG
1	34459949	25	TC
1	34460117	168	CT
1	34460510	337	GA
1	34460814	239	TC
1	34461103	289	TC
1	34461117	14	GA
1	34461257	140	GT
1	34461403	146	AG
1	34461416	13	AG
1	34461537	121	CT
1	34461551	14	GA
1	34461677	126	CT
1	34463262	1051	AC
1	34463436	174	GC
1	34463437	1	GA
1	34463616	179	GA
1	34463689	73	AG
1	34464136	447	GT
1	34464261	125	TC
1	34464317	56	AG
1	34464474	157	CT
1	34464540	66	TG
1	34464553	13	CG
1	34464556	3	CT
1	34464751	195	AC
1	34464861	110	TC
1	34464912	51	AG
1	34465046	134	AC
1	34465059	13	TC
1	34465143	84	TC
1	34465230	87	CG
1	34465823	487	CG
1	34466065	242	TC
1	34466494	253	CT
1	34466547	53	CT
1	34469073	778	AG
1	34469180	107	TC
1	34469216	36	GA
1	34469286	70	CT
1	34469320	34	TG
1	34472190	1876	GC
1	34472219	29	GA
1	34472302	83	CG
1	34472318	16	GC
1	34472443	125	CT
1	34472458	15	CT
1	34472842	384	CT
1	34472934	92	GT
1	34473165	231	CT
1	34473354	189	AC
1	34473474	120	GA
1	34473620	146	CT
1	34474067	447	GC
1	34474550	483	TC
1	34474707	157	GA
1	34474981	151	AG
1	34477087	1272	GA
1	34477395	308	AG
1	34478178	783	GA
1	34478668	225	CT
1	34479403	297	TC
1	34479554	151	GT
1	34479672	118	CT
1	34479808	136	TG
1	34479821	13	GA
1	34480693	653	AG
1	34483870	2196	GA
1	34485157	1113	AG
1	34485368	211	CT
1	34488162	2502	CT
1	34492125	1370	CT
1	34492147	22	TC
1	34492170	23	TC
1	34492217	47	CT
1	34492314	97	AG
1	34492336	22	CG
1	34492430	94	TC
1	34494026	1596	CT
1	34494627	449	CT
1	34494761	134	TG
1	34495387	626	AG
1	34496349	718	CT
1	34498623	1334	TC
1	34498642	19	TC
1	34500324	1330	TG
1	34500387	63	TC
1	34500461	74	GC
1	34500476	15	CT
1	34500832	356	AG
1	34501188	356	GC
1	34501335	147	TC
1	34501497	86	GC
1	34501593	96	GA
1	34501755	162	GA
1	34502335	168	CT
1	34503730	869	AG
1	34504230	500	CT
1	34504244	14	CT
1	34504246	2	GA
1	34505233	987	GA
1	34507827	1926	TC
1	34508156	329	GA
1	34508350	194	TG
1	34514449	4252	CA
1	34518430	3151	TC
1	34519405	842	GT
1	34519441	36	CT
1	34519867	397	GA
1	34520559	692	AG
1	34521049	490	AC
1	34521365	316	CA
1	34521462	97	GT
1	34521466	4	TA
1	34521823	357	AG
1	34521852	29	GC
1	34522076	224	CA
1	34523580	1047	GA
1	34523908	239	TC
1	34523948	40	CT
1	34524848	900	CT
1	34526206	1182	AG
1	34526900	645	AG
1	34527545	645	GT
1	34527555	10	TC
1	34527596	41	CT
1	34527773	65	AG
1	34527992	219	AT
1	34528077	85	GT
1	34528078	1	TG
1	34528098	20	TC
1	34528143	45	CT
1	34528341	198	CT
1	34528348	7	TC
1	34528381	33	TC
1	34528751	240	GA
1	34528929	178	TC
1	34529193	264	TC
1	34529343	150	GA
1	34529353	10	AT
1	34529367	14	TC
1	34530008	478	TG
1	34530315	269	CT
1	34530395	80	AC
1	34530470	75	AG
1	34530487	17	CT
1	34531088	565	AG
1	34531142	54	AG
1	34531521	245	AG
1	34531578	57	CT
1	34532944	794	GT
1	34534286	966	CG
1	34534390	104	TG
1	34534921	531	CG
1	34536101	1065	GC
1	34537556	722	CT
1	34537557	1	GA
1	34538733	743	CT
1	34539180	447	GC
1	34539875	695	CT
1	34539973	98	TC
1	34540085	112	GC
1	34540439	354	AC
1	34541129	644	TG
1	34541286	157	TC
1	34541667	381	CT
1	34541947	280	GA
1	34543000	796	CT
1	34543299	299	GA
1	34543567	268	CT
1	34546477	571	TC
1	34547268	791	CT
1	34547405	137	GA
1	34547683	278	CT
1	34548194	470	AG
1	34548563	369	GA
1	34548849	103	TG
1	34548969	120	AG
1	34548986	17	AG
1	34549005	19	AG
1	34549374	285	AG
1	34549413	39	CT
1	34550351	469	GT
1	34551724	330	AG
1	34551764	40	GA
1	34551838	74	AC
1	34551882	44	GA
1	34551895	13	CT
1	34552511	299	AT
1	34552790	279	GA
1	34552792	2	GA
1	34553486	434	CT
1	34553645	133	TG
1	34553766	121	AT
1	34553818	52	TC
1	34554960	561	CG
1	34567791	2945	CG
1	34579936	6215	AG
1	34583055	2316	CT
1	34583541	306	AT
1	34583594	53	GA
1	34583684	90	AG
1	34583688	4	TC
1	34583747	59	CT
1	34583951	204	AC
1	34584052	101	CT
1	34584273	221	CT
1	34585988	291	GA
1	34586422	434	GA
1	34586532	110	AC
1	34587659	233	CT
1	34587708	49	TC
1	34588070	362	GA
1	34588269	199	AC
1	34590156	1184	CG
1	34590492	263	CT
1	34591080	89	AC
1	34591142	62	GT
1	34591251	109	GA
1	34591271	20	GA
1	34591387	116	AG
1	34591396	9	AT
1	34591829	433	AC
1	34591839	10	TG
1	34596032	1341	GA
1	34596039	7	GA
1	34596195	156	CT
1	34608408	6567	AG
1	34612624	2736	CT
1	34613338	305	GA
1	34614710	1157	GA
1	34616593	1819	AC
1	34618060	925	AG
1	34619229	906	CT
1	34619381	152	TC
1	34619716	335	GC
1	34619722	6	GA
1	34620071	349	AC
1	34620813	468	TG
1	34621196	235	GA
1	34621235	39	TA
1	34621350	115	TC
1	34621761	348	CT
1	34622000	239	TA
1	34622071	71	CT
1	34622601	530	CT
1	34623093	184	GT
1	34623109	16	GA
1	34623493	341	GA
1	34623567	74	CT
1	34624410	646	GA
1	34624893	483	CT
1	34625116	223	GA
1	34625152	36	GA
1	34625401	110	TC
1	34625402	1	GT
1	34625867	281	GC
1	34627163	49	TG
1	34628115	922	TC
1	34628332	217	AC
1	34628975	643	CT
1	34629320	345	AC
1	34630707	1094	GA
1	34636791	2073	AG
1	34636957	166	GC
1	34637678	721	AT
1	34640947	317	GA
1	34641075	128	CT
1	34641084	9	CT
1	34642595	979	GA
1	34643121	168	TA
1	34643187	66	CT
1	34643480	293	AG
1	34643481	1	AC
1	34643522	41	GT
1	34643622	100	GA
1	34643633	11	AC
1	34643724	91	CT
1	34644826	414	AG
1	34647329	863	AT
1	34648351	781	TA
1	34661303	5955	AG
1	34662748	1192	GA
1	34662980	232	TG
1	34663423	443	CT
1	34663668	245	AC
1	34664255	587	CT
1	34665304	799	GA
1	34668154	2048	CT
1	34668177	23	AG
1	34677955	5717	GA
1	34678021	66	GA
1	34678097	76	AC
1	34682804	380	AG
1	34683006	202	TC
1	34683255	249	TC
1	34683289	34	TC
1	34683326	37	CT
1	34683367	41	CA
1	34683542	175	TC
1	34683608	66	GA
1	34683629	21	CT
1	34683649	20	AG
1	34683706	57	CT
1	34683734	28	GT
1	34683735	1	AG
1	34683746	11	GC
1	34683799	53	GT
1	34684983	458	CT
1	34685018	35	CT
1	34685048	30	GT
1	34685839	302	AG
1	34686034	42	TG
1	34686053	19	AG
1	34686110	57	GA
1	34686195	85	GT
1	34686380	185	GA
1	34687078	654	AG
1	34687083	5	TG
1	34687092	9	TA
1	34687109	17	AC
1	34687608	194	AG
1	34687628	20	TC
1	34687637	9	GA
1	34687799	36	CA
1	34688560	414	AG
1	34688571	11	CT
1	34688592	21	AG
1	34688641	49	AG
1	34688656	15	GC
1	34688709	53	GA
1	34688728	19	TC
1	34688763	35	CT
1	34689500	321	AG
1	34689564	64	GA
1	34690236	672	TA
1	34691107	364	TC
1	34691113	6	TC
1	34694815	2153	AG
1	34695434	619	GA
1	34695444	10	CT
1	34696941	247	AG
1	34697372	161	GA
1	34697826	391	GA
1	34700645	2068	GC
1	34701266	621	GA
1	34701495	229	TC
1	34703715	817	GA
1	34704173	458	AG
1	34704373	200	CT
1	34704924	327	GC
1	34705282	181	CA
1	34705309	27	CG
1	34706286	846	TG
1	34706300	14	CT
1	34714750	4352	CA
1	34715121	270	GC
1	34717753	996	CT
1	34717777	24	TA
1	34717810	33	GA
1	34720144	1165	GC
1	34720207	63	TC
1	34721499	726	AG
1	34721726	227	AG
1	34721733	7	CT
1	34721735	2	AG
1	34721845	110	AG
1	34721974	129	TC
1	34721976	2	GA
1	34722440	317	GA
1	34722455	15	AG
1	34722565	110	CA
1	34730003	4764	AC
1	34730045	42	AG
1	34730879	834	AT
1	34731304	293	GA
1	34732044	344	GA
1	34732210	166	AG
1	34732717	472	TC
1	34733367	650	TC
1	34734006	210	GA
1	34734032	26	CA
1	34734050	18	GA
1	34734052	2	GT
1	34734059	7	CT
1	34734071	12	GA
1	34734110	39	CA
1	34734212	102	CA
1	34734604	111	GT
1	34736815	853	CT
1	34736923	108	CG
1	34736960	37	CT
1	34737031	71	GA
1	34737260	229	TG
1	34739138	299	TA
1	34739266	128	AC
1	34739641	78	GA
1	34739733	92	GT
1	34739819	86	TC
1	34740426	102	AG
1	34741090	358	GA
1	34741229	139	CT
1	34741445	187	TA
1	34741783	338	TC
1	34741905	122	GA
1	34741966	61	TC
1	34742135	33	AG
1	34742240	105	CT
1	34742489	249	CG
1	34742985	496	CA
1	34744053	426	TA
1	34744285	232	GA
1	34744307	22	AG
1	34744348	41	GT
1	34744361	13	CT
1	34744435	74	GA
1	34744450	15	AG
1	34744595	145	AG
1	34744915	146	GA
1	34745241	63	CT
1	34745242	1	AG
1	34745540	298	CT
1	34745550	10	CT
1	34746052	502	TA
1	34747106	616	CT
1	34747129	23	AG
1	34747396	267	TG
1	34747412	16	TA
1	34747796	384	AC
1	34749462	449	TC
1	34749491	29	GT
1	34749641	150	GA
1	34749713	72	CA
1	34751383	1495	AG
1	34757050	1832	CA
1	34757851	801	GA
1	34758935	925	AC
1	34759032	97	AG
1	34759353	279	AG
1	34759371	18	TC
1	34759486	115	AG
1	34759686	200	GA
1	34761067	917	TC
1	34761247	180	CT
1	34761248	1	CG
1	34765639	1494	TG
1	34767603	1204	CT
1	34767732	129	AG
1	34768663	504	CT
1	34776920	4963	AG
1	34777289	305	TA
1	34777421	132	GA
1	34778409	570	TC
1	34779311	362	TC
1	34780798	227	CA
1	34780799	1	CG
1	34782078	422	CT
1	34782127	49	AC
1	34783240	711	AT
1	34784996	1524	TC
1	34785034	38	CT
1	34785776	419	AG
1	34787780	1030	TG
1	34789867	1448	GA
1	34789976	109	GA
1	34790024	48	GC
1	34790217	193	GA
1	34790300	83	AC
1	34791497	671	AG
1	34791902	85	GA
1	34792256	228	AG
1	34792501	102	GC
1	34792611	110	AT
1	34792673	62	AG
1	34792680	7	GA
1	34793703	999	CT
1	34794044	341	AG
1	34798172	181	TA
1	34798317	120	GA
1	34798362	45	AC
1	34798456	94	CA
1	34798480	24	TG
1	34799090	610	TC
1	34799179	89	AG
1	34799607	428	AT
1	34799803	196	GA
1	34802539	1727	CT
1	34803232	418	GT
1	34803233	1	GC
1	34803302	69	GA
1	34804115	35	TG
1	34804626	91	AT
1	34804707	81	CA
1	34804729	22	GC
1	34805365	636	TC
1	34806076	163	GC
1	34806127	51	AG
1	34807322	1050	GA
1	34807943	458	AG
1	34808508	565	AG
1	34808531	23	CA
1	34809112	461	TC
1	34809142	30	TC
1	34810266	99	CT
1	34810282	16	TA
1	34810351	69	AG
1	34821840	6117	CT
1	34822635	795	AT
1	34822961	159	AG
1	34825170	1517	CT
1	34826378	216	GT
1	34827166	249	CT
1	34827211	45	CT
1	34827250	39	TC
1	34827564	314	TC
1	34828118	268	CT
1	34828126	8	CT
1	34828231	105	CT
1	34828397	166	AC
1	34829402	543	CT
1	34829743	341	GA
1	34830373	630	AG
1	34831106	436	GA
1	34831713	357	GA
1	34831716	3	CT
1	34831739	23	AG
1	34831997	135	TC
1	34833148	199	AG
1	34837864	328	TG
1	34843462	2026	CA
1	34852392	2432	AG
1	34853414	1022	AG
1	34855132	1509	GA
1	34857452	1496	CT
1	34858384	747	AG
1	34858690	170	AG
1	34858874	184	CT
1	34859143	269	GC
1	34859501	301	TG
1	34860788	674	AG
1	34861141	294	CA
1	34861142	1	AG
1	34861973	788	GA
1	34862177	204	CT
1	34865696	1050	AG
1	34866144	70	AT
1	34866410	266	GA
1	34867815	904	AC
1	34870920	2022	AG
1	34871422	272	CA
1	34871683	261	CT
1	34877279	425	AG
1	34877759	480	TC
1	34878163	283	GA
1	34878700	537	GT
1	34879350	650	AG
1	34879354	4	TG
1	34880634	849	AG
1	34881124	172	CT
1	34881499	375	GC
1	34881828	329	GA
1	34881880	52	AG
1	34881980	100	GA
1	34882377	397	TA
1	34885239	1378	CT
1	34885809	356	TC
1	34885832	23	GA
1	34887285	639	TA
1	34888037	590	CT
1	34888630	353	CT
1	34889475	537	AG
1	34891814	1292	AT
1	34892112	250	TG
1	34892761	565	AG
1	34894113	208	AG
1	34894711	220	TA
1	34896274	727	TC
1	34897171	897	GA
1	34897272	101	CA
1	34897887	542	AG
1	34898137	250	TA
1	34898193	56	CT
1	34898334	107	TC
1	34898407	73	CT
1	34898647	240	GT
1	34898832	185	CT
1	34899592	589	AG
1	34899660	68	GA
1	34899684	24	AC
1	34901601	748	GA
1	34903651	272	TG
1	34903661	10	CA
1	34923975	1486	AG
1	34924184	209	AT
1	34927114	838	GT
1	34928306	808	CA
1	34929259	775	GA
1	34929684	425	GA
1	34935825	4585	CT
1	34938333	2106	TC
1	34938888	555	TC
1	34943831	3151	GA
1	34944437	166	AC
1	34945100	450	GA
1	34945752	652	AG
1	34945798	46	CT
1	34946741	868	GA
1	34947109	368	GA
1	34947122	13	CA
1	34947331	209	GA
1	34947345	14	GA
1	34947423	78	GA
1	34947450	27	CT
1	34947521	71	CT
1	34947764	243	AT
1	34947765	1	TA
1	34947834	69	GA
1	34950152	1277	AG
1	34950931	259	CT
1	34951163	232	TG
1	34951513	350	CT
1	34951552	39	TC
1	34951580	28	GC
1	34951587	7	AG
1	34951657	70	AG
1	34952122	168	CA
1	34954124	925	AT
1	34954247	123	TA
1	34954248	1	CT
1	34955922	1468	CT
1	34956839	452	CT
1	34957053	125	TC
1	34957146	93	GA
1	34958638	808	GA
1	34958812	174	TC
1	34958987	175	TC
1	34959103	116	GA
1	34959190	87	GA
1	34960406	551	GA
1	34962125	1623	GA
1	34963184	1031	GC
1	34963715	335	CT
1	34965179	980	CT
1	34965874	290	CT
1	34966171	103	TC
1	34968404	1331	AC
1	34968651	247	CT
1	34968953	302	CT
1	34969601	648	GT
1	34969825	224	CT
1	34969861	36	AG
1	34969878	17	GA
1	34970257	266	AG
1	34970815	380	GA
1	34970896	81	GA
1	34971953	348	TC
1	34972287	334	GA
1	34972455	168	CT
1	34972500	45	TC
1	34972767	267	GA
1	34973363	330	CG
1	34984395	9105	GA
1	34986466	1174	CT
1	34989047	1586	AG
1	34990700	865	CT
1	34996108	1829	AG
1	34999047	1550	AT
1	35082346	10539	AG
1	35083465	1037	GC
1	35091908	6956	GA
1	35094972	1872	TA
1	35095004	32	GA
1	35095720	716	TC
1	35098130	2370	TC
1	35101393	2621	GA
1	35105447	2940	GA
1	35115197	8774	GA
1	35120889	4778	GA
1	35125483	4017	AG
1	35126938	1427	TC
1	35127702	764	CT
1	35127861	159	TC
1	35139851	10659	TC
1	35140968	875	TC
1	35142013	492	GT
1	35147929	4928	CG
1	35149076	984	GA
1	35154575	4573	GA
1	35156220	1503	AG
1	35157648	1008	GT
1	35161716	3562	GA
1	35162432	668	CT
1	35162934	502	CG
1	35165493	2509	GA
1	35170126	4158	TG
1	35174874	3931	CT
1	35178955	3562	GT
1	35179035	80	TC
1	35181969	2736	TA
1	35182753	784	TC
1	35182772	19	CT
1	35188856	4487	CG
1	35189631	521	CT
1	35200751	8296	CT
1	35201043	205	GA
1	35209866	4169	GA
1	35209897	31	CT
1	35209920	23	TC
1	35210418	232	GA
1	35211528	676	TC
1	35213370	1176	TG
1	35214151	730	GA
1	35214159	8	TG
1	35218313	2007	TC
1	35218389	76	GA
1	35226231	6399	GC
1	35228054	1340	CT
1	35231245	2319	GA
1	35232603	1270	GA
1	35242562	4483	TC
1	35244142	1374	AG
1	35245510	529	AC
1	35246835	960	TC
1	35248034	964	GC
1	35248560	205	GA
1	35248561	1	AT
1	35249278	717	AG
1	35249924	303	AC
1	35250477	553	CT
1	35250773	163	CT
1	35252700	519	GA
1	35253186	340	GC
1	35253722	536	CT
1	35257567	2898	GA
1	35259699	1419	GA
1	35260510	748	AG
1	35260624	114	CT
1	35261647	1023	TC
1	35262386	739	CT
1	35263330	750	TC
1	35263623	233	TG
1	35263697	74	GC
1	35263709	12	GA
1	35264191	482	GT
1	35265408	677	GC
1	35266570	710	TC
1	35266608	38	GA
1	35266856	248	GA
1	35267105	249	AG
1	35267504	399	CT
1	35268228	724	AG
1	35268262	34	TC
1	35268287	25	CA
1	35268510	223	GA
1	35268753	243	TC
1	35268823	70	TC
1	35268912	89	CT
1	35276997	739	TC
1	35277096	99	TC
1	35277121	25	GA
1	35277301	180	TC
1	35277335	34	TC
1	35278002	318	CT
1	35278575	573	TC
1	35279011	338	TC
1	35280184	681	AG
1	35282624	1806	TG
1	35282826	202	GA
1	35282882	56	GT
1	35283372	490	CT
1	35288610	4906	GC
1	35289099	489	CG
1	35290188	816	CT
1	35290475	287	AG
1	35290982	507	TA
1	35291234	225	TC
1	35291271	37	GA
1	35291843	509	AG
1	35293474	536	TG
1	35293512	38	AG
1	35297390	1865	CT
1	35297520	130	CT
1	35300600	1940	AG
1	35302679	1506	GA
1	35303158	479	GA
1	35304628	1071	GA
1	35304944	262	TC
1	35305076	132	AG
1	35305788	682	CT
1	35306975	834	CT
1	35307408	433	GA
1	35307454	46	CT
1	35308660	1118	AG
1	35309040	380	CT
1	35309773	235	AG
1	35310187	414	TG
1	35310210	23	CT
1	35310629	419	GA
1	35312047	1418	GA
1	35312082	35	GT
1	35312325	243	GT
1	35317439	3512	TC
1	35318175	694	CG
1	35319368	742	GA
1	35320497	988	AG
1	35322163	1348	GA
1	35326862	4178	CT
1	35326863	1	AT
1	35326909	46	CT
1	35326933	24	CT
1	35329511	2240	CA
1	35330183	672	GC
1	35334352	4135	TC
1	35334573	221	TC
1	35338181	3608	AG
1	35339690	1470	CT
1	35345453	4522	GA
1	35346163	710	GC
1	35346839	626	GA
1	35355520	7564	AG
1	35356836	758	CA
1	35371965	11317	CA
1	35383450	8205	GA
1	35384015	565	GT
1	35387216	2376	CG
1	35390611	3337	CT
1	35392689	1645	CT
1	35400226	6006	CT
1	35413222	7046	GA
1	35425693	8661	GA
1	35428437	2225	TC
1	35428517	80	CG
1	35428729	212	GA
1	35428750	21	GA
1	35429179	429	TC
1	35429341	162	GC
1	35429767	331	GA
1	35429931	164	GC
1	35430101	170	CT
1	35431466	1365	TG
1	35431921	455	GA
1	35431957	36	CT
1	35431999	42	TC
1	35433483	1204	CT
1	35436184	2259	CT
1	35436312	128	GA
1	35436553	241	GT
1	35436869	316	CT
1	35440705	2947	GA
1	35441090	385	TG
1	35441569	479	GA
1	35442397	828	GA
1	35444195	1050	CT
1	35444872	677	GA
1	35445362	490	GA
1	35445525	163	GC
1	35446455	744	CT
1	35448046	663	CT
1	35449539	1323	CT
1	35449733	194	CG
1	35450459	726	CG
1	35450475	16	GA
1	35451637	1122	CT
1	35451731	94	AC
1	35452423	621	GA
1	35452468	45	CT
1	35453224	756	GA
1	35453300	76	GA
1	35453484	184	CT
1	35453485	1	GA
1	35453655	170	TC
1	35453722	67	CT
1	35453724	2	AC
1	35453966	242	TC
1	35453996	30	CT
1	35454211	215	GA
1	35454304	93	AG
1	35454444	140	CA
1	35454972	528	AG
1	35455104	75	CG
1	35455134	30	CG
1	35455147	13	CG
1	35455150	3	AG
1	35457490	1786	TC
1	35463077	4367	TC
1	35463479	212	GT
1	35463627	148	TA
1	35465160	789	TA
1	35466064	473	TC
1	35466179	115	CA
1	35466683	504	TC
1	35469815	2212	AG
1	35474354	3320	GA
1	35474553	199	GA
1	35475732	702	AG
1	35475986	190	CT
1	35476762	776	AG
1	35477497	670	CT
1	35477563	66	TG
1	35477630	67	AG
1	35482519	3745	TC
1	35487053	3774	CT
1	35487170	117	GC
1	35488450	1226	AT
1	35489443	916	TC
1	35489798	355	AG
1	35494115	3253	TA
1	35498416	2259	CT
1	35498659	243	TA
1	35498671	12	GT
1	35498895	35	AC
1	35498983	88	AC
1	35500578	807	AG
1	35500585	7	GT
1	35500773	112	CT
1	35501024	251	GC
1	35501118	94	TC
1	35501140	22	CA
1	35501987	115	GA
1	35501995	8	GC
1	35501998	3	GA
1	35502000	2	CG
1	35502001	1	TG
1	35503686	787	GA
1	35504045	281	AC
1	35513498	1512	GA
1	35514041	390	CT
1	35514076	35	GA
1	35514103	27	TA
1	35514184	81	CT
1	35514217	33	GA
1	35516382	136	AG
1	35516387	5	CT
1	35516532	86	GA
1	35516868	33	TC
1	35517505	157	GC
1	35517522	17	CT
1	35517745	94	GT
1	35518896	212	GA
1	35519439	142	GC
1	35519475	36	GT
1	35519808	236	CT
1	35519811	3	TC
1	35519813	2	AG
1	35519929	116	GA
1	35519933	4	AG
1	35520755	90	TG
1	35520802	47	TC
1	35520820	18	AG
1	35520884	64	AC
1	35520895	11	GA
1	35520962	67	CT
1	35521073	111	GA
1	35521213	140	AG
1	35521447	234	AC
1	35521456	9	TC
1	35522624	241	GA
1	35523038	414	TC
1	35523175	137	CT
1	35523721	546	TC
1	35523804	83	AG
1	35524113	309	AG
1	35528739	1638	CT
1	35528823	84	CT
1	35529124	301	GA
1	35529871	712	AG
1	35531019	191	AG
1	35531037	18	GT
1	35539190	950	AG
1	35542188	1447	AG
1	35543717	833	CT
1	35543726	9	CT
1	35548998	3420	TC
1	35549177	179	AG
1	35556746	3937	TA
1	35560660	606	GA
1	35580331	3741	AC
1	35583246	1676	TC
1	35583787	541	CG
1	35583843	56	TG
1	35586196	459	GA
1	35589234	1628	TA
1	35589319	85	CT
1	35592439	1195	CT
1	35592515	76	AG
1	35592777	153	CT
1	35593725	870	CT
1	35594027	302	CT
1	35594196	169	CA
1	35594228	32	CG
1	35594481	253	AG
1	35594775	146	CT
1	35594857	82	CA
1	35595211	354	TA
1	35595330	119	AG
1	35595533	203	GA
1	35596632	413	GA
1	35596779	147	GA
1	35597948	1169	GA
1	35609358	5795	GA
1	35609508	150	AC
1	35609779	271	GA
1	35609845	66	AT
1	35610017	172	GC
1	35610662	645	TG
1	35610985	323	CA
1	35611006	21	CT
1	35611437	407	AG
1	35611909	472	GT
1	35615006	691	AT
1	35615045	39	GA
1	35615421	376	AG
1	35631416	1069	CT
1	35631511	95	AT
1	35631731	220	CT
1	35632415	172	TC
1	35632641	154	TA
1	35632642	1	GA
1	35632681	39	TC
1	35632852	171	GA
1	35633165	313	CT
1	35634985	638	CT
1	35635546	489	TC
1	35636399	853	AT
1	35637019	160	GA
1	35638127	683	TC
1	35640998	1229	GA
1	35641279	281	AG
1	35652809	3125	GT
1	35652818	9	GA
1	35652836	18	GC
1	35653356	226	TA
1	35653362	6	CT
1	35653384	22	TC
1	35653423	39	GA
1	35653455	32	CT
1	35653559	104	TC
1	35654176	617	TC
1	35654288	112	TG
1	35654963	675	GA
1	35655056	93	AG
1	35655155	99	GA
1	35656192	180	TC
1	35656249	57	GA
1	35656250	1	AC
1	35656296	46	GA
1	35657372	1055	GA
1	35659399	451	GA
1	35659460	61	CT
1	35660420	960	GA
1	35660961	357	GA
1	35661200	118	AC
1	35661780	580	AC
1	35661786	6	GC
1	35661887	101	CA
1	35662069	182	GC
1	35662277	111	AG
1	35662283	6	TC
1	35662732	449	CG
1	35662899	167	TC
1	35662915	16	GT
1	35662941	26	AG
1	35663415	390	GT
1	35663839	223	CG
1	35663840	1	CG
1	35663843	3	CT
1	35663869	26	GA
1	35663874	5	TC
1	35663877	3	TG
1	35663926	49	CT
1	35663933	7	AC
1	35663959	26	AC
1	35664176	217	TC
1	35664711	101	AC
1	35665533	445	AT
1	35667707	340	AG
1	35667801	94	AG
1	35667841	40	GA
1	35668266	90	GA
1	35668315	49	GA
1	35668363	48	TA
1	35668645	79	GA
1	35669720	217	GA
1	35669762	42	TC
1	35669764	2	GA
1	35669842	78	AG
1	35669970	128	CT
1	35670047	77	AG
1	35670057	10	TC
1	35670069	12	AG
1	35670488	419	TG
1	35670506	18	TC
1	35670629	123	CT
1	35670634	5	CT
1	35670680	46	GA
1	35670688	8	AG
1	35670737	49	GA
1	35670766	29	GA
1	35670804	38	AG
1	35671054	250	CT
1	35671317	263	CT
1	35671318	1	GT
1	35671350	32	CG
1	35671435	85	AG
1	35671504	69	CG
1	35671657	153	GT
1	35671659	2	AT
1	35671979	320	TC
1	35672065	86	CA
1	35672395	161	GA
1	35672632	237	CT
1	35674825	1001	CA
1	35675101	68	AG
1	35682510	5748	AG
1	35687059	1543	CT
1	35779867	41146	AC
1	35789685	1344	TC
1	35801815	1235	CG
1	35801821	6	AG
1	35830799	1411	AG
1	35830844	45	GA
1	35832793	1058	TA
1	35835175	910	GA
1	35835800	313	TC
1	35839571	3237	TC
1	35842993	2298	TC
1	35843051	58	TC
1	35843306	255	GA
1	35843383	77	CA
1	35843550	167	GT
1	35843817	267	TC
1	35850276	360	AT
1	35850499	223	TC
1	35853559	286	CT
1	35853612	53	CA
1	35870269	2938	GA
1	35877643	4783	CT
1	35879376	1389	CA
1	35879857	481	CG
1	35880257	342	GA
1	35880258	1	GC
1	35880419	161	AC
1	35880421	2	GA
1	35880508	87	GA
1	35880649	141	AT
1	35880758	109	AG
1	35881816	467	TA
1	35892080	544	TC
1	35892109	29	TA
1	35900152	1703	CG
1	35901054	394	TA
1	35901497	247	AG
1	35901653	156	CT
1	35901864	211	AC
1	35901902	38	GA
1	35903060	392	AG
1	35903396	336	GC
1	35903695	299	AG
1	35903731	36	CT
1	35908665	1220	AT
1	35908666	1	AC
1	35908814	148	GA
1	35908824	10	TG
1	35909030	206	TA
1	35915789	260	TC
1	35916292	503	TG
1	35917583	636	GA
1	35919922	468	GT
1	35920149	227	GT
1	35920171	22	TC
1	35921991	870	CA
1	35922435	444	CT
1	35923197	374	GA
1	35923699	422	AG
1	35924450	751	GA
1	35925216	766	CA
1	35925717	501	GA
1	35925719	2	GA
1	35925727	8	AC
1	35933706	1338	GA
1	35933728	22	AC
1	35934393	324	CG
1	35934467	74	TC
1	35936682	313	AG
1	35941250	578	CA
1	35944367	165	GA
1	35948579	457	CG
1	35949451	872	GA
1	35950211	634	AG
1	35953180	1216	CT
1	35953730	550	AG
1	35958719	1260	GA
1	35958870	151	TC
1	35959238	368	TC
1	35959660	422	GC
1	35962428	2538	CT
1	35962471	43	AG
1	35963021	550	GA
1	35963025	4	GA
1	35964924	1675	CT
1	35967693	2149	CT
1	35968457	764	CT
1	35970752	1552	AG
1	35971593	810	TC
1	35971983	298	GT
1	35972038	55	AG
1	35973849	1600	CG
1	35974159	310	GA
1	35975131	972	AC
1	35975135	4	AT
1	35975373	238	TA
1	35976638	1243	CT
1	35977168	530	GA
1	35977999	831	TC
1	35984684	5591	GC
1	35985105	271	GA
1	35985156	51	CA
1	35985651	495	GA
1	35987222	1571	CG
1	35987575	353	CT
1	35987767	192	CG
1	35988442	272	GA
1	35990364	1922	GA
1	35991242	629	AG
1	35991243	1	AG
1	35991524	281	CT
1	35994786	877	GA
1	35995636	373	AG
1	35997448	1648	CT
1	36034222	21595	CT
1	36047021	10401	GT
1	36051813	2711	AG
1	36054526	1918	CG
1	36060697	4576	CT
1	36060707	10	AG
1	36072669	8075	TC
1	36096865	17526	GT
1	36098181	1247	TC
1	36098501	320	CT
1	36099020	183	TC
1	36099048	28	GA
1	36099092	44	GA
1	36099151	59	TC
1	36099162	11	AG
1	36099685	523	GA
1	36100670	716	AT
1	36100962	292	GA
1	36100970	8	GA
1	36101378	408	TA
1	36106646	2763	TC
1	36107004	263	TG
1	36107789	688	GC
1	36107791	2	CT
1	36112922	2366	CT
1	36113014	92	GC
1	36113032	18	CT
1	36113034	2	TG
1	36113036	2	TC
1	36113247	211	CG
1	36113413	166	GA
1	36113683	270	AT
1	36113718	35	AG
1	36114058	340	AC
1	36114163	105	CT
1	36114208	45	GA
1	36114493	59	GA
1	36114576	83	GA
1	36114652	76	AT
1	36115344	692	AG
1	36115471	127	TA
1	36116431	549	AG
1	36116509	78	TA
1	36116543	34	AG
1	36117070	317	GA
1	36117076	6	CT
1	36117162	86	CT
1	36117227	65	GA
1	36117274	47	AG
1	36117276	2	AG
1	36117279	3	CG
1	36117281	2	AT
1	36117684	403	TC
1	36117855	171	AG
1	36117917	62	TG
1	36119905	768	CT
1	36123070	1367	GT
1	36124618	924	GA
1	36149567	16649	TG
1	36149720	153	GC
1	36149802	82	GC
1	36149894	92	GA
1	36150019	125	CT
1	36150799	408	TC
1	36152096	1183	TC
1	36154018	962	GA
1	36155640	1587	GT
1	36162183	5132	CT
1	36171116	4202	GT
1	36186681	8908	CT
1	36329629	86376	CT
1	36329874	245	TC
1	36333306	795	TC
1	36334792	324	GA
1	36335117	325	CT
1	36335165	48	GA
1	36338309	502	TC
1	36338570	261	GT
1	36338597	27	TC
1	36339737	867	AG
1	36339943	206	AG
1	36340139	143	GA
1	36341699	575	CT
1	36342063	279	AG
1	36342086	23	AG
1	36342161	75	CT
1	36342195	34	GA
1	36342223	28	AC
1	36342246	23	CT
1	36342264	18	TC
1	36342276	12	TC
1	36342279	3	GC
1	36342523	244	AT
1	36342542	19	AG
1	36343871	76	GA
1	36343958	87	TC
1	36343969	11	GT
1	36344062	93	TG
1	36344086	24	AC
1	36346125	534	CT
1	36346255	130	CT
1	36346292	37	GC
1	36346333	41	AG
1	36349993	2016	AG
1	36352723	1253	CT
1	36357013	2449	TA
1	36357812	684	AG
1	36358488	397	AG
1	36358611	123	AG
1	36358750	139	TC
1	36360290	249	AG
1	36360345	55	GT
1	36361132	205	GC
1	36361147	15	GT
1	36361855	708	GA
1	36362150	295	AG
1	36363259	395	TC
1	36368844	1073	CG
1	36374841	612	GA
1	36376368	687	CG
1	36376452	84	GA
1	36376680	169	AG
1	36377299	336	GA
1	36377496	197	GA
1	36378136	457	CA
1	36378494	358	CT
1	36378624	130	AG
1	36379784	724	TC
1	36380675	508	GA
1	36381939	229	TC
1	36382007	68	GA
1	36382015	8	AG
1	36384579	1126	CG
1	36385302	679	CG
1	36385306	4	CT
1	36385580	274	AT
1	36386477	561	GT
1	36386574	97	GA
1	36386616	42	TC
1	36386729	113	GC
1	36387290	17	TC
1	36389631	209	GA
1	36389738	107	AG
1	36390323	443	TC
1	36390328	5	GA
1	36390351	23	TC
1	36392759	601	TG
1	36392859	100	CT
1	36393978	966	GA
1	36394934	829	TC
1	36396433	1198	GA
1	36396454	21	GA
1	36396474	20	GA
1	36396625	151	CT
1	36396833	91	GA
1	36396847	14	TA
1	36397942	710	TC
1	36398257	315	GA
1	36398567	310	GA
1	36398833	266	AT
1	36403163	1702	TC
1	36403798	151	GA
1	36409712	3277	TA
1	36413431	1942	AG
1	36413538	107	AG
1	36415301	466	TC
1	36416722	432	TC
1	36417966	1036	CT
1	36419313	1167	GA
1	36419944	326	CT
1	36423746	716	TC
1	36424839	701	TC
1	36426231	486	TC
1	36428887	1315	AG
1	36429650	200	GA
1	36429699	49	AG
1	36429829	130	TC
1	36437787	956	CT
1	36437853	66	TC
1	36438099	246	TC
1	36445153	2192	TA
1	36445616	194	AT
1	36447820	1107	AC
1	36452190	1059	TC
1	36453105	46	AG
1	36453616	57	TG
1	36455681	441	TC
1	36456351	504	TC
1	36460349	3103	CG
1	36460865	516	TC
1	36470119	4965	AG
1	36471845	1726	CT
1	36475341	3324	CT
1	36477947	818	AG
1	36481375	3259	CT
1	36481856	349	GT
1	36487011	4932	GA
1	36493491	1542	CT
1	36493567	76	AG
1	36493659	92	AG
1	36494169	510	AC
1	36494216	47	CT
1	36494549	333	AG
1	36495421	787	GA
1	36499420	3875	CT
1	36501167	1747	CT
1	36501850	683	CT
1	36503419	1569	AG
1	36503581	162	AG
1	36507066	3350	CA
1	36507806	671	TC
1	36510485	2176	CT
1	36513037	2479	CG
1	36513884	847	TG
1	36515920	2006	GA
1	36516094	174	CT
1	36520058	3924	CG
1	36521146	1088	TA
1	36522774	1628	CT
1	36524022	1096	CT
1	36526920	1795	TC
1	36527858	817	TC
1	36529796	1224	AG
1	36532303	2130	CA
1	36533360	311	CT
1	36536384	2785	TC
1	36536639	255	TC
1	36538249	1610	GA
1	36538636	387	CG
1	36538919	283	AT
1	36539408	489	TC
1	36540341	906	CT
1	36541458	424	CT
1	36542266	503	TG
1	36543169	903	AG
1	36543188	19	CA
1	36543642	454	GT
1	36544792	866	AG
1	36545990	902	TC
1	36547592	1602	AG
1	36547753	161	GC
1	36548358	605	TG
1	36548359	1	GT
1	36548424	65	CT
1	36550768	1111	AC
1	36550791	23	TG
1	36550903	112	TC
1	36551348	417	AG
1	36551363	15	GA
1	36552718	979	AG
1	36553766	923	CT
1	36557644	1597	AG
1	36558923	374	TC
1	36560074	184	TC
1	36560206	132	TA
1	36560462	216	GA
1	36562452	1508	TC
1	36562605	153	AG
1	36562672	67	CT
1	36563965	1293	CT
1	36564201	236	TC
1	36565260	1059	GA
1	36566130	870	CT
1	36569708	3388	CT
1	36570501	793	AT
1	36577334	1660	AG
1	36578300	450	AG
1	36581227	2302	GC
1	36582363	412	GA
1	36583516	1153	CG
1	36583723	207	TC
1	36586489	1009	CT
1	36590447	2165	GC
1	36592066	1560	AT
1	36592268	202	TA
1	36592537	180	GA
1	36592717	114	TC
1	36593524	807	CT
1	36594728	1204	TG
1	36594768	40	CT
1	36596011	884	GA
1	36599991	2899	CT
1	36600125	134	GA
1	36602609	1692	GA
1	36604432	1539	CT
1	36605424	992	AG
1	36605500	76	CT
1	36609080	2899	AG
1	36609223	143	AG
1	36615043	4573	GA
1	36617913	2846	GC
1	36620751	2838	AG
1	36625509	2337	GA
1	36627910	1679	AG
1	36628432	522	CT
1	36635318	4170	TC
1	36636385	1033	AG
1	36637560	1175	CT
1	36637711	151	GA
1	36638301	590	AG
1	36638427	126	TA
1	36638517	90	TC
1	36645875	2709	AT
1	36648300	1777	TC
1	36648530	230	GC
1	36654490	1958	CT
1	36656100	1610	TC
1	36661971	4692	CT
1	36666305	3008	CA
1	36666485	180	TC
1	36668825	2302	TC
1	36669871	1046	GC
1	36670805	934	GC
1	36671454	252	TC
1	36676147	3784	TC
1	36676262	115	AG
1	36678209	1231	CT
1	36680969	1318	AG
1	36681048	79	CT
1	36682023	658	AT
1	36682144	121	AG
1	36682289	145	GC
1	36686397	2416	GC
1	36686665	268	GA
1	36687035	96	AG
1	36691670	1663	AG
1	36691722	52	TC
1	36695458	2246	TA
1	36696167	682	GC
1	36696481	287	GA
1	36696686	205	CT
1	36697337	651	AG
1	36699277	862	GA
1	36699560	283	GA
1	36699674	114	GA
1	36700138	464	CT
1	36700375	237	GA
1	36702997	1332	AG
1	36703164	167	CG
1	36703231	67	CT
1	36704832	725	CT
1	36705320	488	GA
1	36705732	412	CT
1	36708681	1010	GA
1	36712286	2033	GT
1	36715299	1579	AG
1	36716804	415	TA
1	36721450	1088	TC
1	36759000	17685	GC
1	36765732	615	AG
1	36770377	4570	CT
1	36770525	148	GC
1	36775641	4768	GA
1	36776740	860	CT
1	36783076	6163	AG
1	36783335	259	AT
1	36784393	1058	AC
1	36784990	597	CT
1	36785657	667	TA
1	36785715	58	CT
1	36785716	1	TC
1	36785770	54	GC
1	36785843	73	CT
1	36785858	15	TC
1	36785916	58	CG
1	36786258	304	GT
1	36786896	638	AC
1	36788090	1097	CA
1	36788349	259	CT
1	36789177	828	CT
1	36790454	1277	TC
1	36790661	207	CT
1	36790788	127	CG
1	36791260	472	TC
1	36793022	1729	AC
1	36793130	108	CA
1	36797269	3989	GA
1	36797290	21	GA
1	36798474	1092	GA
1	36807852	9080	GC
1	36819976	11222	GA
1	37037434	143943	TC
1	37037471	37	CT
1	37037666	195	GA
1	37045308	4185	GA
1	37045339	31	GT
1	37049570	4111	GA
1	37053227	3542	GA
1	37053824	597	GA
1	37065421	7336	AG
1	37072251	6055	TC
1	37074912	2619	GA
1	37075807	866	AG
1	37075885	78	AG
1	37075989	104	GC
1	37076067	78	GA
1	37076299	232	GA
1	37076318	19	GA
1	37076439	121	GA
1	37078841	1924	TC
1	37082775	3476	CT
1	37083416	338	AC
1	37083590	174	TC
1	37083591	1	GA
1	37083666	75	CG
1	37084262	596	CT
1	37085572	781	AG
1	37086919	879	AC
1	37088683	80	TC
1	37089087	404	CT
1	37089612	221	CT
1	37093324	1328	GA
1	37093326	2	GA
1	37093883	131	GT
1	37093998	115	CT
1	37094626	346	TC
1	37099059	1314	GC
1	37099311	252	AG
1	37104567	4564	CT
1	37122816	10263	GC
1	37123080	264	CT
1	37123997	754	GA
1	37126575	1197	GT
1	37127583	1008	TG
1	37128309	726	AT
1	37130914	1984	GA
1	37131209	295	GC
1	37132561	1309	CG
1	37132920	359	CA
1	37133489	457	CT
1	37134103	614	TC
1	37134535	432	CT
1	37135099	488	CT
1	37135248	149	CG
1	37135837	589	TC
1	37136352	515	AG
1	37136426	74	CT
1	37136692	266	GT
1	37138411	1256	TC
1	37139426	474	GA
1	37141931	2093	CA
1	37142004	73	GC
1	37142189	185	CG
1	37142267	78	CT
1	37142487	220	GA
1	37142545	58	TC
1	37142968	423	GC
1	37143553	523	CT
1	37143650	97	GA
1	37144008	358	CT
1	37144357	349	CA
1	37144645	288	CT
1	37144819	174	GC
1	37145494	675	CT
1	37152267	4818	CT
1	37153473	1206	GA
1	37153998	525	TG
1	37154137	139	GA
1	37154866	729	GT
1	37155328	462	AG
1	37156096	768	CA
1	37156766	670	TC
1	37158942	1627	GA
1	37160850	1832	CT
1	37161002	152	TC
1	37163026	1735	TG
1	37163250	224	TG
1	37163961	675	AC
1	37165133	403	AG
1	37167840	1923	CG
1	37167868	28	CT
1	37173064	3045	AG
1	37173095	31	AG
1	37173104	9	AG
1	37173177	73	CT
1	37177138	725	CT
1	37178661	1477	CT
1	37178895	234	AG
1	37178907	12	GA
1	37179806	393	AC
1	37180876	1016	TC
1	37181835	959	TC
1	37182388	339	AC
1	37182881	493	CG
1	37182948	67	GA
1	37183255	226	TC
1	37184291	470	GA
1	37184838	547	CT
1	37187134	1574	CG
1	37188962	1777	TC
1	37190806	1358	CT
1	37190968	162	GA
1	37190981	13	CT
1	37191016	35	AG
1	37192052	1036	GA
1	37192163	111	GA
1	37192435	205	GC
1	37192471	36	CT
1	37197593	3090	AG
1	37198304	357	CT
1	37199793	849	GC
1	37200310	454	GA
1	37201451	1141	TA
1	37204221	2447	AG
1	37207195	2609	CG
1	37208455	1260	AG
1	37209397	641	CG
1	37213862	3584	GA
1	37214635	773	AG
1	37215868	958	GC
1	37215869	1	GT
1	37215994	125	GA
1	37216116	122	TG
1	37216118	2	GT
1	37216154	36	CT
1	37216308	154	CT
1	37217350	1042	TC
1	37217352	2	AG
1	37217556	204	CA
1	37220773	2341	GA
1	37222420	1498	AG
1	37223817	1261	CT
1	37230962	3412	CG
1	37238090	5080	AG
1	37239267	1177	TG
1	37244986	5364	GC
1	37249715	3159	GC
1	37250926	988	GA
1	37251114	188	TG
1	37254717	2388	CT
1	37255570	562	GT
1	37257063	1493	CT
1	37259266	2203	CT
1	37259388	122	GA
1	37259448	60	AG
1	37261200	1752	AG
1	37266225	4740	CT
1	37268009	1742	GA
1	37268787	731	GA
1	37268826	39	CT
1	37269255	429	AG
1	37269374	119	TC
1	37270677	379	GC
1	37272108	1333	GA
1	37272257	149	AG
1	37275354	2525	CT
1	37275363	9	CT
1	37278368	2775	GA
1	37278775	407	TC
1	37278993	218	CT
1	37279314	321	GA
1	37279318	4	CT
1	37279688	370	CT
1	37285417	5153	AG
1	37285630	213	GA
1	37287857	1326	AG
1	37303156	9868	TC
1	37303446	290	TG
1	37306551	2026	CT
1	37306607	56	TG
1	37306740	133	GA
1	37308556	1170	TC
1	37309428	108	CA
1	37309936	343	TC
1	37312753	2156	TA
1	37313782	984	AG
1	37314026	244	TC
1	37315395	1210	TC
1	37322423	4513	AC
1	37329354	1635	GA
1	37332153	1637	AG
1	37339525	857	GT
1	37340392	319	AG
1	37340800	125	CG
1	37340801	1	AG
1	37340806	5	TC
1	37340872	66	AT
1	37341130	258	GA
1	37343454	2115	GA
1	37344457	973	CT
1	37347103	1894	TG
1	37349460	1778	CT
1	37364730	5468	GA
1	37379630	3547	AG
1	37388394	4276	TC
1	37395058	6061	CG
1	37396394	1211	GA
1	37403102	2100	TC
1	37403177	75	GT
1	37403873	379	TC
1	37408363	810	GA
1	37410172	1172	GT
1	37412000	1705	GC
1	37414842	2629	TC
1	37424285	1876	CG
1	37424303	18	CA
1	37424324	21	CT
1	37427759	1760	CT
1	37427868	109	CG
1	37428018	150	GA
1	37428200	182	TC
1	37428912	712	TC
1	37429159	247	GA
1	37429298	85	GA
1	37430462	1099	CA
1	37431354	392	TC
1	37431400	46	TC
1	37431469	69	CG
1	37431547	78	GA
1	37431700	153	TC
1	37432029	329	CT
1	37432073	44	AG
1	37432191	118	CT
1	37432328	137	TA
1	37432488	160	CT
1	37432886	265	CT
1	37432916	30	GC
1	37433161	245	AG
1	37433747	586	GA
1	37433848	101	TC
1	37434657	809	CT
1	37434854	197	AG
1	37435201	347	TC
1	37435562	361	TC
1	37435667	105	AG
1	37435681	14	CG
1	37435960	239	CT
1	37436210	250	AG
1	37437080	870	CT
1	37438748	1431	GT
1	37438814	66	TC
1	37438815	1	GA
1	37438991	176	CG
1	37439124	133	TC
1	37439475	249	CT
1	37439592	117	GT
1	37439594	2	TA
1	37440219	583	AG
1	37440354	135	CG
1	37440649	251	GA
1	37440698	49	GA
1	37440762	64	TC
1	37440792	30	AG
1	37441012	220	GA
1	37441052	40	AG
1	37441231	179	GA
1	37441239	8	GA
1	37441255	16	CT
1	37441451	196	GA
1	37441492	41	CG
1	37442205	713	AG
1	37442265	60	GA
1	37442575	310	CT
1	37442699	124	CG
1	37442821	122	GA
1	37443059	238	CG
1	37445341	2076	GT
1	37445548	207	CG
1	37445876	224	GA
1	37445886	10	TC
1	37445894	8	CG
1	37446328	434	CG
1	37446345	17	AG
1	37446971	297	GA
1	37447047	76	AG
1	37447161	114	GA
1	37448358	1197	GA
1	37448359	1	TC
1	37448402	43	GA
1	37448405	3	TC
1	37448763	358	CT
1	37449336	573	GA
1	37449966	294	AG
1	37451907	550	GA
1	37452968	925	CT
1	37454716	1443	CT
1	37454742	26	GC
1	37456263	1311	GA
1	37456275	12	CT
1	37456292	17	CT
1	37456294	2	CA
1	37456295	1	AT
1	37456604	154	CT
1	37456830	200	GA
1	37459159	1084	AC
1	37459992	715	CT
1	37460078	86	GA
1	37460715	637	GA
1	37460876	161	AG
1	37462175	972	TG
1	37462375	200	CT
1	37464650	1236	GA
1	37465114	464	GA
1	37465796	132	GC
1	37470481	2742	GA
1	37471797	1247	CT
1	37472328	531	CA
1	37472592	264	CT
1	37474594	1343	TG
1	37475177	460	TC
1	37476586	1282	CT
1	37476670	84	CA
1	37476672	2	TC
1	37476747	75	GC
1	37476828	81	AG
1	37476862	34	TG
1	37476865	3	GA
1	37477437	572	GA
1	37479983	1985	TC
1	37480249	266	TC
1	37480399	150	AC
1	37480528	129	CA
1	37480582	54	GA
1	37480589	7	AG
1	37481629	1040	GA
1	37484267	2488	CG
1	37485033	766	GC
1	37485243	210	GA
1	37485742	499	GC
1	37485752	10	CA
1	37485852	100	CT
1	37485875	23	CT
1	37486388	481	AG
1	37486911	523	GC
1	37487148	237	AG
1	37488504	1309	GA
1	37488807	303	CG
1	37488979	172	AG
1	37488994	15	GA
1	37491503	1185	GA
1	37492590	407	GT
1	37493414	216	CT
1	37493469	55	CT
1	37493499	30	CG
1	37494308	476	CT
1	37494317	9	GA
1	37494463	146	TC
1	37494699	236	TC
1	37494789	90	CT
1	37494815	26	CT
1	37494830	15	GA
1	37494922	92	CT
1	37495107	152	GA
1	37495288	181	CT
1	37495664	376	AG
1	37496123	459	CT
1	37496258	135	CT
1	37496399	141	CT
1	37498903	1784	GA
1	37499469	480	AC
1	37499679	210	TC
1	37499766	87	TC
1	37501155	384	CT
1	37501284	129	CT
1	37502575	1291	CT
1	37502886	311	CT
1	37503502	572	AG
1	37505343	891	GA
1	37507210	690	TC
1	37507573	57	CT
1	37508394	120	GA
1	37511624	1110	GA
1	37512217	557	GA
1	37513013	796	CA
1	37514034	982	GA
1	37515550	1516	TC
1	37517728	391	GA
1	37517913	185	CT
1	37518777	529	CA
1	37519282	505	TC
1	37519364	82	CA
1	37519869	505	GA
1	37520375	506	TC
1	37520826	155	GA
1	37521152	326	AG
1	37521832	318	CT
1	37523156	166	GA
1	37523178	22	GA
1	37523360	182	GA
1	37523456	96	GT
1	37523497	41	TC
1	37523522	25	CG
1	37523805	283	AG
1	37523869	64	GA
1	37523991	122	CT
1	37524094	103	AG
1	37524216	122	GC
1	37524338	122	GA
1	37524758	420	TC
1	37524979	221	GA
1	37525485	434	CA
1	37526057	404	CT
1	37526161	104	GA
1	37528399	2127	GA
1	37528709	214	GA
1	37529202	493	GA
1	37529801	599	TC
1	37530941	930	AG
1	37530976	35	GA
1	37531244	268	GA
1	37531751	507	TC
1	37532283	532	GA
1	37532577	294	TC
1	37533139	441	AT
1	37533153	14	GA
1	37533388	235	GA
1	37533402	14	CT
1	37533686	284	CT
1	37533736	50	TC
1	37533803	67	TC
1	37533804	1	GA
1	37533915	111	AG
1	37533998	83	GC
1	37534225	227	GC
1	37534405	180	CG
1	37534678	273	AG
1	37534700	22	GT
1	37534819	119	CT
1	37534937	118	GA
1	37535553	597	TA
1	37535749	196	AG
1	37535788	39	GA
1	37535854	66	TC
1	37536756	795	TG
1	37536879	123	GA
1	37537223	344	AC
1	37537566	343	GA
1	37537738	172	TC
1	37537844	106	CT
1	37538161	317	CA
1	37539214	1053	AG
1	37539370	156	TC
1	37539607	237	CT
1	37539747	140	AC
1	37540309	562	CT
1	37540318	9	CT
1	37540345	27	GA
1	37540964	112	GA
1	37541245	281	CT
1	37541410	165	CT
1	37541697	287	CG
1	37541748	51	CA
1	37542123	375	TC
1	37542365	242	GA
1	37542407	42	GC
1	37542409	2	CT
1	37542464	55	GA
1	37542619	155	GA
1	37542775	156	TC
1	37542906	131	GT
1	37544889	1202	GA
1	37545177	41	CA
1	37545847	494	AC
1	37548921	1970	TC
1	37557306	6038	CT
1	37557840	534	GC
1	37558112	272	AG
1	37558165	53	AT
1	37562201	2200	CT
1	37566326	4048	CT
1	37566457	85	CA
1	37567882	1352	CT
1	37570360	983	GA
1	37571054	694	AG
1	37571264	210	AG
1	37571265	1	TC
1	37571665	400	TG
1	37571670	5	TC
1	37576638	1490	TC
1	37577096	117	GA
1	37578208	705	CG
1	37580972	680	CT
1	37581297	325	CT
1	37581482	185	AT
1	37582027	510	GA
1	37582169	142	AG
1	37582277	108	CA
1	37582294	17	GA
1	37582302	8	TG
1	37582392	90	TC
1	37582425	33	GA
1	37582555	130	AG
1	37582705	150	GA
1	37582765	60	AG
1	37582805	40	GC
1	37583127	322	AC
1	37584146	589	AC
1	37584589	443	CT
1	37585021	94	TC
1	37585086	65	CA
1	37585566	480	GA
1	37585958	392	AG
1	37586275	317	CA
1	37586362	87	GC
1	37586988	407	CT
1	37588343	919	GA
1	37588514	171	CA
1	37588544	30	GA
1	37588549	5	CT
1	37588654	105	GT
1	37589111	457	CT
1	37589567	456	GA
1	37590016	449	GA
1	37590044	28	TC
1	37590351	307	AG
1	37590803	452	AG
1	37591174	371	AG
1	37591384	210	CT
1	37595114	1098	TC
1	37595514	400	CA
1	37596154	344	CT
1	37597148	963	GA
1	37597424	276	GC
1	37600354	1110	CT
1	37600423	69	GA
1	37600548	125	CT
1	37601940	579	TG
1	37603434	384	AG
1	37603726	292	GA
1	37603759	33	AG
1	37605240	447	AC
1	37605257	17	CA
1	37605955	232	CT
1	37606020	65	TC
1	37606021	1	CT
1	37606083	62	AG
1	37606185	102	TC
1	37606286	101	CT
1	37606430	144	TC
1	37606770	307	TG
1	37607962	670	CT
1	37609065	958	CT
1	37609817	752	CG
1	37609890	73	AG
1	37610229	339	CT
1	37610805	576	GT
1	37613369	2091	GC
1	37617393	1905	GA
1	37619120	358	GT
1	37620221	315	GC
1	37620235	14	TC
1	37626620	1429	CA
1	37627247	297	CA
1	37627321	74	TA
1	37627960	101	AC
1	37628866	363	TC
1	37629914	117	GA
1	37630560	48	GA
1	37630847	287	TC
1	37632667	305	CG
1	37632730	63	AT
1	37632896	166	AG
1	37633032	136	GA
1	37633343	311	CT
1	37633615	207	TA
1	37633616	1	CA
1	37633870	254	TC
1	37633918	48	AG
1	37633978	60	CT
1	37634003	25	TG
1	37634111	108	AG
1	37634229	118	AG
1	37634575	346	CT
1	37634647	72	CT
1	37635348	675	CT
1	37635894	393	GA
1	37636114	220	CG
1	37636462	300	TC
1	37637034	367	CG
1	37637035	1	AG
1	37637084	49	AT
1	37637085	1	AC
1	37637344	78	AG
1	37637563	219	AG
1	37637582	19	TG
1	37637583	1	CG
1	37637751	168	TC
1	37637795	44	GA
1	37637889	94	GC
1	37637976	87	GA
1	37637984	8	TC
1	37637998	14	GA
1	37638039	41	TC
1	37638042	3	GA
1	37638066	24	CT
1	37638092	26	TC
1	37638350	94	AC
1	37638357	7	GC
1	37641727	562	GC
1	37641890	163	GA
1	37642465	161	CA
1	37642638	173	GA
1	37642771	133	TC
1	37642985	214	GA
1	37643003	18	GT
1	37643083	80	GA
1	37643107	24	GT
1	37643132	25	GA
1	37643188	56	TC
1	37643280	92	AG
1	37643522	242	TC
1	37643532	10	CT
1	37643606	74	CT
1	37643640	34	AG
1	37643650	10	TC
1	37643783	133	TC
1	37644876	1093	GC
1	37645684	770	CT
1	37645771	87	TC
1	37645870	99	GC
1	37647366	1214	CG
1	37648254	822	GA
1	37648693	439	GA
1	37648889	196	GC
1	37649522	555	CT
1	37649612	90	AG
1	37649790	100	GA
1	37651958	2047	GA
1	37652048	90	AG
1	37652837	789	CT
1	37653315	478	AG
1	37653640	325	TC
1	37653697	57	AC
1	37654523	826	GA
1	37654583	60	CT
1	37654794	211	CT
1	37654837	43	CT
1	37654988	151	GA
1	37654989	1	CT
1	37655003	14	GA
1	37655010	7	CT
1	37655071	61	GA
1	37655312	241	CT
1	37655400	88	AG
1	37655404	4	CT
1	37655582	178	CT
1	37655603	21	AG
1	37655622	19	TC
1	37655704	82	GA
1	37655714	10	CT
1	37655740	26	GA
1	37655751	11	CT
1	37655889	138	TA
1	37655935	46	CT
1	37656046	111	TC
1	37656407	70	GA
1	37656594	187	GC
1	37656628	34	AG
1	37657785	1087	GC
1	37658495	565	TC
1	37658632	137	TC
1	37658914	245	GT
1	37659337	423	GT
1	37660012	270	GA
1	37660503	109	CT
1	37660521	18	AT
1	37660574	53	GC
1	37661302	728	CG
1	37661791	489	CA
1	37662810	680	AG
1	37664922	2112	GA
1	37664951	29	CG
1	37664973	22	TC
1	37665070	97	CT
1	37665143	73	CA
1	37665600	457	GT
1	37665751	151	GC
1	37666591	785	TC
1	37666804	213	GT
1	37667084	280	TC
1	37667153	69	CT
1	37667194	41	GA
1	37667589	395	TG
1	37667776	187	GC
1	37667884	108	TC
1	37667903	19	TG
1	37668093	190	GA
1	37692141	13263	AT
1	37692147	6	CT
1	37692197	50	AG
1	37692835	548	CT
1	37692992	157	GC
1	37693121	129	CT
1	37693584	463	TC
1	37694097	284	CT
1	37694233	136	CT
1	37694755	522	TC
1	37694915	160	CT
1	37695188	189	AT
1	37695266	78	GT
1	37696354	159	CG
1	37696395	41	AT
1	37697340	546	AT
1	37698226	623	CA
1	37698687	172	AT
1	37698731	44	GA
1	37699026	295	AT
1	37701032	56	GA
1	37701521	452	AG
1	37701548	27	GC
1	37701591	43	GA
1	37701641	50	CT
1	37702648	943	CT
1	37703425	397	CT
1	37703700	275	TC
1	37704139	439	CA
1	37704452	313	AG
1	37704539	87	CG
1	37705315	599	GC
1	37705517	202	CA
1	37706012	134	GA
1	37709293	955	TC
1	37709363	70	TC
1	37710616	1220	TC
1	37710836	220	GA
1	37716960	3524	GA
1	37717526	566	CA
1	37724704	3646	GC
1	37727665	2326	AG
1	37730263	2218	GC
1	37730308	45	CA
1	37730796	353	CT
1	37731156	360	GA
1	37734450	2453	TC
1	37734608	158	TG
1	37734910	302	CT
1	37735174	264	CT
1	37735333	159	AG
1	37735504	171	GT
1	37735646	142	TC
1	37735680	34	CT
1	37736797	562	CA
1	37736882	85	CT
1	37738295	568	AG
1	37738810	515	GA
1	37739175	67	AC
1	37740108	933	CA
1	37740400	260	AG
1	37740436	36	GA
1	37740542	106	GA
1	37740550	8	AG
1	37740561	11	TC
1	37740562	1	CT
1	37740563	1	AG
1	37740656	93	AC
1	37740672	16	CT
1	37740713	41	CT
1	37740747	34	TC
1	37740887	140	CA
1	37740889	2	AC
1	37740926	37	TG
1	37741382	456	TC
1	37741543	161	CA
1	37741746	203	AG
1	37742687	527	TG
1	37743123	436	TC
1	37743306	127	TC
1	37745837	1970	TC
1	37746967	842	AC
1	37748548	1128	CG
1	37749766	1200	GA
1	37750140	374	CG
1	37750710	570	AG
1	37752539	1482	GC
1	37752813	274	GA
1	37753632	529	TC
1	37753719	87	CA
1	37753791	72	TC
1	37754013	157	CG
1	37754169	156	GC
1	37754620	451	TC
1	37754796	176	CA
1	37754921	125	CT
1	37756407	1338	CT
1	37757570	518	AG
1	37758322	283	TA
1	37758393	71	CT
1	37759033	387	CT
1	37759140	107	TC
1	37759200	60	GC
1	37759211	11	AG
1	37760691	229	TC
1	37760743	52	CG
1	37763077	1330	AG
1	37763263	186	GC
1	37763408	145	TC
1	37763431	23	CT
1	37763464	33	GA
1	37763732	231	AG
1	37763749	17	TC
1	37763859	110	TC
1	37766033	1900	GA
1	37766367	334	TC
1	37766369	2	TC
1	37766381	12	CT
1	37766382	1	AG
1	37766406	24	CG
1	37766477	71	AG
1	37766851	192	AG
1	37767145	216	GA
1	37767149	4	TA
1	37767257	108	AG
1	37767447	190	GA
1	37767693	246	TG
1	37768457	134	GA
1	37769203	698	TA
1	37769880	677	CA
1	37769911	31	GC
1	37770067	78	GA
1	37771038	897	GA
1	37772264	751	TC
1	37773637	766	GA
1	37773820	79	TC
1	37774561	377	GT
1	37774871	310	CT
1	37774878	7	GC
1	37775352	474	CT
1	37775616	264	AT
1	37775798	182	CT
1	37775864	66	GA
1	37775972	108	TC
1	37775979	7	CG
1	37775994	15	GA
1	37776054	60	AG
1	37776097	43	CT
1	37776221	124	CT
1	37776387	166	TC
1	37776946	559	GA
1	37777086	140	CT
1	37777207	121	TC
1	37777215	8	CT
1	37777491	276	AG
1	37777569	78	CT
1	37777832	263	TC
1	37778035	203	TC
1	37778089	54	CT
1	37778141	52	TG
1	37778461	320	GA
1	37778479	18	TC
1	37778556	77	GA
1	37778658	102	CG
1	37778677	19	CT
1	37778681	4	GA
1	37778696	15	CT
1	37778704	8	TC
1	37778916	67	AG
1	37779012	96	TA
1	37779095	83	GA
1	37780033	625	CT
1	37780065	32	CG
1	37780444	379	GT
1	37780452	8	TC
1	37783039	775	CT
1	37783597	558	GT
1	37784223	528	GA
1	37786855	1849	TC
1	37789636	2781	CT
1	37789655	19	CT
1	37789837	182	CT
1	37789902	65	AG
1	37789913	11	GT
1	37790138	225	TC
1	37792815	1729	TC
1	37794213	1010	TC
1	37794614	401	CT
1	37796405	811	GA
1	37797677	851	CT
1	37798371	602	AG
1	37799172	450	TC
1	37799664	492	TC
1	37801593	1659	TC
1	37802313	720	CT
1	37803852	748	GA
1	37806420	1680	AC
1	37807577	781	CA
1	37807579	2	CT
1	37807655	76	CT
1	37809185	627	GA
1	37809325	140	CT
1	37809404	79	AG
1	37810123	262	GA
1	37810985	274	CT
1	37811119	134	CT
1	37811521	402	CT
1	37811830	309	TA
1	37812648	171	AG
1	37813528	759	CT
1	37814527	647	GA
1	37814689	162	CT
1	37815060	371	AC
1	37815670	369	GA
1	37815863	193	AG
1	37815884	21	CT
1	37816083	199	GA
1	37816222	139	CT
1	37816565	247	GA
1	37816634	69	AG
1	37817898	1219	CA
1	37820369	2118	TC
1	37820706	337	GC
1	37821351	645	AC
1	37822070	719	AG
1	37822599	529	TC
1	37822619	20	TC
1	37822932	254	CT
1	37823010	78	TC
1	37823106	96	GA
1	37826311	3166	TA
1	37828171	1860	AG
1	37830524	2308	CG
1	37830863	339	GC
1	37833523	2561	CG
1	37834415	892	TG
1	37837819	2506	AT
1	37851257	3175	GA
1	37851274	17	GA
1	37851329	55	GA
1	37851860	57	AG
1	37853196	968	CT
1	37853285	89	GA
1	37855519	1630	GT
1	37856966	1100	GA
1	37857721	755	CA
1	37857900	179	GC
1	37858278	378	CT
1	37859472	1194	GA
1	37859479	7	CT
1	37859784	162	CA
1	37859901	117	CT
1	37860014	113	TC
1	37860212	198	CT
1	37860480	120	GC
1	37860487	7	GA
1	37860498	11	TC
1	37860518	20	AG
1	37861294	250	TA
1	37861411	117	AT
1	37861509	98	GC
1	37861815	306	TC
1	37862189	374	CT
1	37863037	756	CA
1	37863388	351	AG
1	37863406	18	CT
1	37863791	385	GA
1	37864129	338	CT
1	37864458	329	TA
1	37864703	245	TG
1	37864885	182	TC
1	37864981	96	AG
1	37865340	359	CA
1	37865809	469	GT
1	37866464	655	GA
1	37866478	14	AG
1	37867393	915	AG
1	37867396	3	TC
1	37867801	405	CT
1	37868324	523	GA
1	37868466	142	CT
1	37869990	1488	CA
1	37870479	489	GA
1	37873151	2639	CG
1	37873173	22	GA
1	37874804	1631	GA
1	37875684	790	AG
1	37876673	989	CG
1	37878141	1468	GA
1	37878164	23	TC
1	37878897	733	GA
1	37879562	665	TG
1	37880071	425	GA
1	37880080	9	CT
1	37880923	843	CT
1	37883039	539	AG
1	37888256	3323	CT
1	37891020	1892	CA
1	37893287	1641	TG
1	37895443	1968	CA
1	37895960	362	GA
1	37896380	420	CT
1	37896438	58	CG
1	37896807	369	CG
1	37896980	173	CA
1	37897034	54	GC
1	37897053	19	TC
1	37897124	71	AG
1	37897126	2	GT
1	37897163	37	AG
1	37897392	229	AG
1	37897690	298	TC
1	37898024	334	CT
1	37899683	1261	AG
1	37901816	1345	TC
1	37903744	1843	CT
1	37905467	1460	GA
1	37909842	3453	AC
1	37910053	211	CT
1	37911629	1340	CG
1	37911727	98	AT
1	37913666	1420	CT
1	37918654	4164	CG
1	37930774	8248	CT
1	37931378	604	CT
1	37931611	233	GA
1	37944076	9291	CT
1	37944124	48	GA
1	37974790	24836	TC
1	37975051	261	GA
1	37976487	863	AG
1	37978666	1647	TG
1	37978991	325	GA
1	37980274	1283	AG
1	37980442	168	GA
1	37981160	718	AG
1	37981291	131	AG
1	37981358	67	TC
1	37982004	393	TG
1	37983493	1113	AG
1	37985307	921	TC
1	37985316	9	TA
1	37987434	990	CG
1	37987443	9	CT
1	37987537	94	TC
1	37998570	6367	CT
1	38043418	32227	CA
1	38044737	1100	TC
1	38045517	744	CT
1	38048809	3292	AG
1	38050305	1415	CT
1	38052492	1120	AC
1	38053156	306	CT
1	38054061	905	GA
1	38055617	1556	CT
1	38056008	391	GA
1	38056394	386	CT
1	38061164	4201	GC
1	38064499	3298	CT
1	38066148	1649	CT
1	38066491	343	TC
1	38079418	12063	CT
1	38097069	15678	CG
1	38098126	1057	CT
1	38098173	47	CT
1	38099144	784	GA
1	38100084	806	AT
1	38102062	687	AC
1	38104513	1837	CT
1	38108012	3222	CT
1	38109317	1305	AT
1	38113866	3317	CT
1	38121677	6999	CG
1	38122319	623	CT
1	38122683	364	CT
1	38124148	1465	TG
1	38141490	11847	CT
1	38141889	399	GT
1	38143038	437	GC
1	38144302	797	AG
1	38144351	49	CT
1	38144387	36	GA
1	38145683	1078	CT
1	38145874	191	CT
1	38147059	1025	GA
1	38148127	512	CT
1	38149106	602	TA
1	38149125	19	CT
1	38149218	93	AG
1	38149859	310	TA
1	38149860	1	TG
1	38149870	10	GC
1	38150619	568	CT
1	38151022	403	GA
1	38151373	351	CT
1	38152065	648	GA
1	38153198	207	GA
1	38153566	178	CT
1	38153595	29	GA
1	38153610	15	GA
1	38153635	25	GA
1	38153875	240	TC
1	38154175	300	CT
1	38156012	411	TC
1	38157112	889	AG
1	38158362	1050	CT
1	38158761	399	TC
1	38160055	1023	GA
1	38160248	193	CT
1	38160261	13	CT
1	38160287	26	GA
1	38161739	717	AT
1	38161818	79	CT
1	38162461	466	GC
1	38166015	3022	AG
1	38169424	2872	TC
1	38172684	3178	AG
1	38173640	868	GA
1	38173725	85	GC
1	38174554	829	CT
1	38175357	803	CT
1	38175856	499	AG
1	38175898	42	AG
1	38176521	582	GA
1	38176809	105	CT
1	38177186	346	AG
1	38177876	690	GT
1	38178724	814	GA
1	38179272	548	GA
1	38179829	557	GT
1	38179961	132	GA
1	38180010	49	GA
1	38180874	551	GA
1	38181205	331	GA
1	38181259	54	CT
1	38181567	308	GT
1	38181707	140	AG
1	38182191	344	GA
1	38182474	283	TC
1	38183321	715	AG
1	38183757	436	TC
1	38183794	37	GT
1	38185124	946	GA
1	38185170	46	CT
1	38185311	113	CG
1	38185483	172	GA
1	38185611	128	GA
1	38185740	129	TC
1	38186055	315	TC
1	38186090	35	GA
1	38186151	61	CT
1	38187430	722	AG
1	38187487	57	TC
1	38187776	289	TC
1	38187820	44	GA
1	38187833	13	CT
1	38188665	832	AC
1	38189508	737	GA
1	38190816	301	GT
1	38190933	67	TG
1	38190987	54	GC
1	38191867	378	CT
1	38192172	305	GA
1	38192554	293	GA
1	38192813	259	CT
1	38192845	32	CT
1	38193131	286	AG
1	38193175	44	CT
1	38193176	1	GA
1	38198452	2961	GA
1	38206312	4265	AT
1	38208557	1422	CT
1	38209260	703	AT
1	38209728	468	AC
1	38209832	104	AT
1	38209881	49	CT
1	38213001	1909	GA
1	38213734	688	GA
1	38218584	4313	GC
1	38219713	936	GA
1	38223194	140	GA
1	38223215	18	AG
1	38224260	574	CT
1	38224287	27	TC
1	38228063	2801	CG
1	38228226	163	AG
1	38228267	41	GA
1	38228670	403	TC
1	38230033	298	TC
1	38237094	2076	TC
1	38237309	215	AG
1	38237595	286	TC
1	38237897	302	CA
1	38238725	828	CT
1	38239172	349	CT
1	38243535	1440	CA
1	38247772	2763	TC
1	38248534	762	GC
1	38248760	226	GT
1	38255219	4564	CT
1	38256003	743	CT
1	38257865	561	CT
1	38260363	1910	CT
1	38265388	4270	TC
1	38267872	2066	CT
1	38270481	2309	CA
1	38270862	381	TC
1	38270895	33	GA
1	38271167	272	CT
1	38271694	527	CT
1	38272471	483	CT
1	38274099	1484	CT
1	38274224	125	AT
1	38275787	1383	GT
1	38275934	147	CT
1	38275980	46	CG
1	38276390	410	GA
1	38276687	297	GA
1	38277266	316	GC
1	38278276	951	TC
1	38278539	263	AG
1	38278550	11	CT
1	38278800	250	CT
1	38279530	292	AG
1	38279708	178	TC
1	38279990	282	CT
1	38280094	104	TC
1	38280403	309	GT
1	38280696	252	AG
1	38280934	238	AG
1	38281538	461	AT
1	38281585	47	TA
1	38282955	1347	CT
1	38283332	377	CT
1	38283598	266	GT
1	38283924	326	CT
1	38283998	74	CT
1	38284202	204	GA
1	38284270	68	CT
1	38284782	512	CT
1	38286691	968	AG
1	38286898	207	TG
1	38287146	248	GA
1	38287928	610	CT
1	38288743	786	TC
1	38289222	479	GA
1	38289484	262	CT
1	38289655	171	TC
1	38290467	537	GA
1	38291001	534	CT
1	38291006	5	GA
1	38291333	327	GT
1	38291341	8	TC
1	38298371	4702	CT
1	38298373	2	CT
1	38298509	136	GA
1	38298794	285	AC
1	38299591	256	TC
1	38299628	37	TC
1	38299647	19	CT
1	38300515	542	AG
1	38300518	3	TC
1	38300671	153	TC
1	38300766	95	TC
1	38300780	14	CT
1	38301308	249	GA
1	38302301	635	GA
1	38303130	238	CT
1	38303140	10	TA
1	38303199	59	CG
1	38303246	47	GT
1	38303273	27	AG
1	38303349	76	GA
1	38303730	235	CT
1	38303800	70	CA
1	38304115	315	CT
1	38304313	198	GA
1	38304491	178	GA
1	38305442	631	CT
1	38305524	82	CT
1	38305721	197	TA
1	38305831	110	CA
1	38306076	245	CT
1	38306229	153	TC
1	38306233	4	TC
1	38306340	107	GT
1	38306432	92	CT
1	38306870	438	GA
1	38307035	165	CT
1	38307272	237	CT
1	38307445	120	CG
1	38307486	41	CT
1	38308064	418	AT
1	38308135	71	AG
1	38308303	168	AT
1	38308347	44	AG
1	38308642	295	CA
1	38308945	303	CT
1	38309098	153	CT
1	38309192	94	CA
1	38310052	860	CT
1	38310419	367	AC
1	38310879	460	TC
1	38311374	495	GA
1	38311906	532	CG
1	38311976	70	TC
1	38312180	204	CT
1	38312249	69	AG
1	38312496	186	TC
1	38312966	470	TC
1	38313530	224	TC
1	38313633	103	TC
1	38313819	186	AG
1	38313870	51	TC
1	38314172	302	GA
1	38314264	92	GC
1	38314327	63	CT
1	38314596	269	CA
1	38314626	30	TC
1	38314637	11	GA
1	38314814	177	TG
1	38315297	483	TG
1	38316287	386	GC
1	38316501	214	CT
1	38317038	537	GT
1	38317163	125	TC
1	38317192	29	TC
1	38317525	297	AG
1	38317530	5	TC
1	38317625	95	CA
1	38317852	227	GA
1	38317963	111	CG
1	38318047	84	TC
1	38318128	81	TG
1	38318224	58	TC
1	38318858	248	GA
1	38319310	61	AG
1	38319391	81	GA
1	38319422	31	AG
1	38319462	40	CT
1	38319526	64	TG
1	38319562	36	GA
1	38319567	5	TC
1	38319572	5	AG
1	38319881	309	TG
1	38320002	121	CA
1	38320019	17	TG
1	38320040	21	CG
1	38320729	689	GA
1	38321043	141	TG
1	38321111	68	CT
1	38321149	38	TG
1	38330190	2556	GA
1	38331522	178	CT
1	38331776	254	TC
1	38337421	3283	GC
1	38337479	58	GA
1	38338135	656	AG
1	38338216	81	TG
1	38338555	339	CA
1	38340060	1164	GA
1	38344510	765	GA
1	38344616	106	TC
1	38344666	50	AT
1	38344672	6	GT
1	38344918	246	GT
1	38344945	27	AG
1	38345165	54	GC
1	38345252	87	TC
1	38345262	10	CT
1	38345276	14	CA
1	38345340	64	GA
1	38345545	205	CT
1	38345639	94	TA
1	38345771	132	TC
1	38345885	114	CA
1	38345969	84	TC
1	38346291	322	TG
1	38346298	7	GA
1	38346390	92	TC
1	38346424	34	TG
1	38346454	30	GC
1	38346543	89	TC
1	38346585	42	TC
1	38346946	361	AG
1	38346967	21	CA
1	38347029	62	AC
1	38347251	222	AG
1	38347787	508	TC
1	38348531	547	GT
1	38348536	5	TG
1	38348583	47	TG
1	38349537	717	AT
1	38349555	18	CT
1	38350233	616	AG
1	38350248	15	TG
1	38350258	10	CG
1	38350485	227	CT
1	38350940	455	CT
1	38357263	4027	TC
1	38361202	3600	TC
1	38361253	51	TC
1	38361331	78	CT
1	38364552	754	GA
1	38366003	767	GA
1	38444450	46639	TA
1	38449336	3570	AC
1	38452392	2281	TC
1	38452585	193	TA
1	38452768	183	GC
1	38452820	9	GT
1	38453489	110	GA
1	38453953	464	GA
1	38454216	263	GT
1	38454667	451	CT
1	38455032	365	CT
1	38455167	135	AG
1	38455323	156	TC
1	38455597	274	CA
1	38455616	19	GC
1	38455645	29	TC
1	38455722	77	TC
1	38455851	129	AG
1	38455883	32	AG
1	38456073	190	AG
1	38456135	62	CT
1	38456165	30	GT
1	38456169	4	AG
1	38456186	17	GA
1	38458191	442	GA
1	38458709	518	GA
1	38459955	925	GA
1	38461409	765	CA
1	38461429	20	GA
1	38461486	57	GC
1	38461574	88	AG
1	38465612	1884	GA
1	38466156	475	CT
1	38470544	648	GA
1	38470586	42	AT
1	38470825	239	AG
1	38470948	123	TC
1	38472335	828	AG
1	38473930	1175	TC
1	38475957	744	TC
1	38476061	104	AC
1	38476062	1	GT
1	38476849	594	CT
1	38476854	5	GA
1	38476997	38	CT
1	38477067	70	GC
1	38477125	58	GA
1	38477253	128	CA
1	38479148	934	AT
1	38480220	595	TG
1	38480341	121	TC
1	38480369	28	TC
1	38481775	496	AG
1	38481792	17	TC
1	38483780	789	TC
1	38485395	1212	GA
1	38485652	257	TC
1	38485791	139	GA
1	38485867	76	AC
1	38486013	146	AG
1	38486198	185	CT
1	38486272	74	AG
1	38486297	25	GC
1	38487128	198	CT
1	38489107	776	TA
1	38489207	100	TC
1	38491824	1175	AG
1	38492669	553	CT
1	38492838	169	GA
1	38493373	535	CT
1	38494091	683	CT
1	38494110	19	GA
1	38494188	78	CT
1	38496924	1395	CT
1	38497567	592	TC
1	38497912	345	AG
1	38498256	318	AC
1	38499449	903	CT
1	38500474	842	CT
1	38501913	887	CT
1	38502669	432	CT
1	38506176	2670	CT
1	38507379	615	TC
1	38513885	2065	AG
1	38516463	804	CT
1	38517207	407	CT
1	38519089	644	GA
1	38519757	668	CT
1	38521575	1499	CT
1	38522714	999	CA
1	38522726	12	GA
1	38522763	37	GT
1	38524422	1200	CT
1	38525085	359	CT
1	38525096	11	AT
1	38525151	55	AG
1	38527825	2133	AT
1	38527967	142	AG
1	38528871	259	GA
1	38529739	640	CT
1	38530174	435	TA
1	38530198	24	TC
1	38530291	93	GA
1	38530744	453	GA
1	38530957	213	TC
1	38531153	196	AG
1	38531284	131	GA
1	38531315	31	AG
1	38531324	9	TC
1	38531381	57	CT
1	38532048	201	TG
1	38532176	128	AG
1	38532209	33	GA
1	38532212	3	AG
1	38532331	119	TC
1	38532503	172	GT
1	38532688	185	TC
1	38532810	122	CT
1	38532938	92	CT
1	38533015	77	AG
1	38533054	39	CT
1	38533256	74	TC
1	38533893	150	TG
1	38534013	49	AG
1	38534015	2	TC
1	38534022	7	GC
1	38534206	97	AT
1	38534226	20	CT
1	38534581	149	TC
1	38534762	181	AC
1	38534787	25	AC
1	38534938	151	TG
1	38534940	2	TC
1	38534951	11	TG
1	38534975	24	AG
1	38541406	182	CT
1	38541469	63	GC
1	38541515	46	AG
1	38541786	271	CT
1	38541959	140	CT
1	38542070	111	GA
1	38542087	17	GA
1	38542143	56	AG
1	38542741	125	AC
1	38544320	633	GA
1	38545226	266	CT
1	38546118	425	GT
1	38546122	4	AT
1	38546384	262	GA
1	38547716	1136	GA
1	38547826	110	GA
1	38547866	40	TA
1	38548383	442	CT
1	38548425	42	CT
1	38548439	14	AG
1	38548445	6	TC
1	38548960	317	GA
1	38549227	267	TG
1	38549235	8	TC
1	38550255	692	AG
1	38550323	68	GA
1	38550767	444	AG
1	38550795	28	TG
1	38551003	208	CA
1	38552035	468	GA
1	38552241	116	GA
1	38552342	101	AG
1	38552460	118	AC
1	38552540	80	TA
1	38552702	162	TC
1	38552788	86	CT
1	38553072	284	GC
1	38553480	408	GA
1	38553495	15	AG
1	38553699	204	GA
1	38553855	156	GA
1	38553915	60	GT
1	38553929	14	TC
1	38553991	62	TA
1	38554768	742	AG
1	38555175	407	CG
1	38555884	89	GA
1	38556016	132	TA
1	38556195	179	AG
1	38557228	1033	CT
1	38558720	1492	CT
1	38558734	14	CT
1	38564445	3207	AG
1	38564457	12	GA
1	38565435	652	AG
1	38565949	514	GA
1	38566547	235	AG
1	38566645	98	CT
1	38566787	142	CT
1	38567268	285	AC
1	38567273	5	CG
1	38567575	302	GA
1	38567595	20	CG
1	38569041	1104	AG
1	38569299	258	GA
1	38572097	2157	TC
1	38572613	516	AT
1	38574241	1165	TC
1	38575425	1002	AG
1	38577644	1568	CT
1	38579436	1184	TC
1	38579510	74	CT
1	38581678	1436	AG
1	38582817	618	GA
1	38583159	288	GC
1	38583247	48	AC
1	38583252	5	TC
1	38583256	4	GA
1	38584736	1480	AG
1	38587340	2433	CT
1	38587492	152	GC
1	38588169	677	AG
1	38588594	425	TA
1	38588820	226	CT
1	38589018	198	CT
1	38589085	67	GT
1	38591186	1436	GC
1	38591708	444	CT
1	38592638	904	CT
1	38592845	207	CT
1	38593293	364	GA
1	38593463	170	GA
1	38594013	451	GA
1	38594804	791	CA
1	38595190	386	GA
1	38598103	2750	TC
1	38601234	3131	GA
1	38602723	707	CT
1	38604379	1656	GA
1	38605192	693	AG
1	38605631	439	TA
1	38605868	237	TC
1	38605886	18	CT
1	38605918	32	GA
1	38606493	575	GA
1	38606525	32	AG
1	38606611	86	GA
1	38606940	329	TC
1	38607186	246	CA
1	38607746	560	CG
1	38608844	1073	CT
1	38608846	2	CT
1	38608977	131	GC
1	38609125	148	GC
1	38609603	478	AG
1	38609979	155	AG
1	38610036	57	CT
1	38610279	243	CT
1	38610350	71	GA
1	38610427	77	TA
1	38610467	40	AG
1	38611451	911	CT
1	38611674	223	CA
1	38612754	537	TC
1	38612850	96	CT
1	38613147	53	GA
1	38613191	44	CG
1	38613508	317	CT
1	38613601	93	CT
1	38613759	158	GA
1	38613797	38	CT
1	38613916	119	AC
1	38614095	179	CT
1	38614490	395	CT
1	38614629	139	CT
1	38617716	2241	CT
1	38619099	1255	CT
1	38619592	273	AG
1	38619993	401	TC
1	38620183	190	TC
1	38620221	38	AG
1	38620248	27	CT
1	38620356	108	CT
1	38620381	25	GA
1	38620663	282	GA
1	38620686	23	TA
1	38621043	357	AG
1	38621092	49	TG
1	38621473	381	TC
1	38621718	245	AG
1	38622993	1232	TC
1	38623760	448	CT
1	38633100	3288	CT
1	38638867	4503	GA
1	38644219	1685	GA
1	38644322	103	GA
1	38644906	157	TC
1	38644913	7	GA
1	38644950	37	CT
1	38645095	145	AG
1	38645296	201	CT
1	38645377	81	TG
1	38645568	191	CT
1	38645651	83	GA
1	38646011	360	AG
1	38646064	53	AC
1	38646146	82	CT
1	38647185	962	AG
1	38649002	951	GA
1	38649482	370	AC
1	38650875	646	TC
1	38650894	19	CA
1	38651223	329	TC
1	38651700	126	TC
1	38651712	12	CA
1	38652425	713	TC
1	38652670	138	CT
1	38653216	190	TC
1	38653299	83	CT
1	38653432	133	AC
1	38653450	18	CT
1	38653535	85	GA
1	38653613	78	GC
1	38653678	65	GA
1	38653690	12	AC
1	38653729	39	TC
1	38653746	17	CT
1	38653758	12	CT
1	38653772	14	GA
1	38653875	103	AG
1	38653995	120	CT
1	38653996	1	TA
1	38654061	65	TC
1	38654385	193	TA
1	38654386	1	AT
1	38654411	25	CT
1	38655343	344	AG
1	38655937	213	CA
1	38657110	503	CT
1	38657705	264	TC
1	38657709	4	AC
1	38657715	6	TC
1	38657805	90	GT
1	38658355	550	TC
1	38659079	45	AG
1	38659080	1	AC
1	38659204	84	GT
1	38659563	359	AG
1	38659938	283	TC
1	38660997	742	TC
1	38661003	6	AC
1	38661033	30	CG
1	38661910	385	CT
1	38662481	236	AC
1	38662582	76	GC
1	38667106	1494	TC
1	38667677	398	AG
1	38667751	74	GA
1	38667783	32	CT
1	38668985	606	TC
1	38669068	83	TC
1	38669866	798	CG
1	38669883	17	GC
1	38670271	388	GA
1	38670412	121	GT
1	38670422	10	TC
1	38670600	178	CT
1	38670631	31	TG
1	38670852	221	TC
1	38671716	629	GA
1	38671764	48	GA
1	38671770	6	TC
1	38673269	230	CT
1	38673270	1	TC
1	38673854	496	TG
1	38673962	108	TC
1	38673994	32	CT
1	38674300	306	CT
1	38674327	27	CT
1	38674344	17	CT
1	38680619	2844	AC
1	38682860	1094	TC
1	38684422	971	CA
1	38685292	870	TC
1	38685432	140	AG
1	38685722	234	CT
1	38685725	3	TC
1	38687703	1120	CG
1	38687981	278	AG
1	38688012	31	AG
1	38688830	782	CT
1	38688832	2	CT
1	38688919	87	TC
1	38689151	38	CG
1	38689153	2	TA
1	38692335	1089	CT
1	38693592	972	AG
1	38693608	16	AG
1	38694228	296	AG
1	38695013	434	CA
1	38695119	106	TC
1	38695138	19	AT
1	38695336	198	CT
1	38695423	87	AT
1	38695587	41	CT
1	38696040	30	TC
1	38696513	473	TG
1	38696672	159	GA
1	38696918	246	GA
1	38697087	169	CT
1	38697697	307	CT
1	38698160	175	GC
1	38699137	843	GA
1	38699314	177	CG
1	38699350	36	CT
1	38699599	249	GA
1	38699610	11	GC
1	38699644	34	GA
1	38699697	53	AG
1	38699705	8	GT
1	38700290	297	AG
1	38700357	67	CT
1	38700418	61	TA
1	38700433	15	CT
1	38700548	115	GC
1	38700894	346	GA
1	38700991	97	GT
1	38701128	137	CT
1	38701296	168	GA
1	38701933	117	AG
1	38702117	184	CT
1	38702122	5	AT
1	38702387	265	AG
1	38703239	116	TG
1	38703399	160	GA
1	38703962	450	GT
1	38706388	977	TC
1	38706409	21	TG
1	38707269	860	AT
1	38707278	9	CT
1	38707533	255	CT
1	38708325	366	CT
1	38708906	534	TC
1	38709254	293	GC
1	38709912	658	AC
1	38710056	144	AG
1	38710190	134	TC
1	38711127	781	TC
1	38711290	163	GA
1	38712630	320	GC
1	38713035	146	CT
1	38713058	23	CT
1	38713138	80	CT
1	38713224	86	TC
1	38713417	193	AG
1	38714132	698	GA
1	38714295	163	AG
1	38718902	1720	GT
1	38719021	119	AG
1	38719217	196	GA
1	38719223	6	CT
1	38719257	34	TC
1	38720275	706	GA
1	38720580	305	TC
1	38720698	118	GT
1	38720767	69	GC
1	38720842	75	CT
1	38720869	27	CT
1	38720870	1	CG
1	38720873	3	GA
1	38722031	647	GA
1	38722118	87	AT
1	38722538	157	GC
1	38722622	84	GA
1	38722717	95	TC
1	38726318	2887	TC
1	38726319	1	GA
1	38726685	366	GA
1	38727132	447	TC
1	38728305	858	GC
1	38729584	580	CT
1	38729638	54	CT
1	38736845	2802	CT
1	38737293	350	CG
1	38739507	226	GA
1	38739508	1	AG
1	38740152	426	CA
1	38740329	177	CT
1	38740545	216	GA
1	38740758	213	CT
1	38741251	295	CT
1	38741313	62	TA
1	38741448	135	GA
1	38741507	59	GA
1	38741628	121	TC
1	38743562	80	GA
1	38743694	132	CG
1	38744138	355	GA
1	38744191	53	AC
1	38744874	683	GA
1	38745425	551	AC
1	38747051	1332	TC
1	38747064	13	GA
1	38747259	195	GC
1	38747826	567	TC
1	38748870	767	GT
1	38752055	1848	CT
1	38753206	129	CT
1	38756578	881	CT
1	38763217	2707	CT
1	38763343	126	TG
1	38764623	1280	TC
1	38776151	1487	AC
1	38777559	973	TA
1	38777684	125	CT
1	38778731	758	GA
1	38782908	1938	CT
1	38783492	272	AG
1	38784581	463	TC
1	38791240	2581	TA
1	38805106	2603	GT
1	38808055	1562	TC
1	38808850	795	CT
1	38808852	2	CT
1	38810899	377	AG
1	38810959	60	CA
1	38810967	8	CT
1	38812850	275	AT
1	38813103	253	AG
1	38813407	304	CA
1	38813443	36	TC
1	38813643	200	AG
1	38814805	693	AG
1	38815002	197	GA
1	38815046	44	GA
1	38815058	12	GT
1	38815360	302	TA
1	38816289	200	GT
1	38817647	924	CT
1	38817677	30	AG
1	38817779	102	TG
1	38820437	1072	AT
1	38823414	330	CT
1	38826346	1183	GA
1	38826367	21	TC
1	38829439	1401	AC
1	38850841	628	GA
1	38852820	1659	CT
1	38853204	200	CT
1	38853813	609	TC
1	38857188	1689	GA
1	38857283	95	GA
1	38857686	379	TC
1	38857825	139	CT
1	38858563	738	AC
1	38858938	179	AG
1	38859928	663	AG
1	38859965	37	TC
1	38863056	2768	TC
1	38863947	574	GA
1	38864803	673	AG
1	38876146	2909	TC
1	38877610	1069	CT
1	38878515	905	GC
1	38881693	3026	AG
1	38882084	391	GT
1	38882888	591	AG
1	38888220	3404	GC
1	38889308	579	CG
1	38892825	3203	TG
1	38894984	1225	TC
1	38896142	977	AG
1	38897812	861	AG
1	38898640	828	CA
1	38911153	7710	TC
1	38912833	1600	CT
1	38915703	1858	GA
1	38919698	2908	TG
1	38920317	619	CG
1	38921075	501	TG
1	38921282	207	GA
1	38921352	70	CT
1	38923044	1692	GC
1	38923472	428	GA
1	38927193	1887	AC
1	38931272	2030	AG
1	38934243	1685	AG
1	38934438	195	AG
1	38936104	1170	GA
1	38939564	2393	CA
1	38940844	732	CA
1	38941948	513	TC
1	38942383	334	CT
1	38943466	940	CT
1	38946151	1457	TC
1	38946988	572	GA
1	38948630	1053	AG
1	38949641	1011	AG
1	38949693	52	CA
1	38950195	418	GA
1	38950391	196	GA
1	38951661	687	CT
1	38952019	247	TC
1	38952510	491	CG
1	38952763	253	TC
1	38954167	805	GA
1	38954169	2	TC
1	38954764	431	GA
1	38954856	92	AG
1	38955320	464	AG
1	38955759	439	TA
1	38955886	127	AG
1	38956810	924	CG
1	38957748	586	GA
1	38959180	229	GT
1	38960334	1154	AG
1	38960387	53	CG
1	38961101	260	CT
1	38961636	276	GA
1	38961643	7	GT
1	38961892	249	CT
1	38962126	234	TC
1	38962202	76	GT
1	38962255	53	TC
1	38962262	7	GT
1	38962981	544	CT
1	38962995	14	GT
1	38963502	507	GA
1	38963870	368	TC
1	38966592	1494	CT
1	38966617	25	AG
1	38966644	27	GA
1	38966853	209	GC
1	38966953	100	AT
1	38968649	1234	AG
1	38975058	2600	AG
1	38976949	1806	TC
1	38996496	7399	GA
1	38998485	1967	TG
1	38998530	45	GT
1	38998610	80	GA
1	39000579	1332	CT
1	39002870	1683	AG
1	39004678	1070	TC
1	39005603	925	AC
1	39005645	42	AG
1	39007601	1184	TG
1	39009017	1079	GA
1	39012837	2595	AT
1	39013892	814	GA
1	39014852	479	GC
1	39015034	182	CT
1	39017871	1872	CT
1	39021728	2446	GT
1	39021852	124	CT
1	39022699	339	GA
1	39023322	587	GC
1	39025233	1296	AG
1	39028664	2948	AT
1	39029044	380	AG
1	39030892	1022	CT
1	39035339	3748	GC
1	39037033	1377	TC
1	39038583	1510	GA
1	39051655	9100	TG
1	39053021	460	GA
1	39053705	423	GC
1	39054469	320	AT
1	39074369	14906	CT
1	39076842	2138	GT
1	39077280	438	CT
1	39089009	7747	GA
1	39099718	4826	AG
1	39133204	28850	GA
1	39135508	2157	GA
1	39136452	910	AT
1	39136832	380	TC
1	39136874	42	AG
1	39136936	62	AG
1	39137679	643	CG
1	39138168	426	GC
1	39138181	13	AG
1	39138707	526	CG
1	39139057	156	AG
1	39139162	105	AG
1	39139596	434	GA
1	39139770	174	TC
1	39139785	15	AG
1	39139955	170	CT
1	39140156	201	TC
1	39140893	352	TC
1	39141072	179	CT
1	39144876	813	CT
1	39147025	1298	GA
1	39147278	253	GA
1	39148857	1579	TC
1	39149284	427	CT
1	39152789	3466	GC
1	39152819	30	AT
1	39155874	2955	TC
1	39157839	1913	TC
1	39158888	702	TA
1	39160901	1884	TC
1	39161063	162	TC
1	39162961	1674	CG
1	39163136	175	TG
1	39163264	128	AG
1	39163421	157	CA
1	39167321	3751	CT
1	39168218	897	CT
1	39172577	4283	CT
1	39174696	1693	AG
1	39175028	332	CA
1	39177930	2807	CA
1	39178233	303	TA
1	39178423	190	AG
1	39180228	1305	TC
1	39181743	1515	TC
1	39185961	3535	CT
1	39193071	4813	TC
1	39207369	9462	TA
1	39209308	1916	GA
1	39213438	2598	CA
1	39214343	309	TC
1	39216309	961	TC
1	39223609	2303	CT
1	39226059	1209	GA
1	39226936	877	CT
1	39230404	2577	AG
1	39233336	2230	GA
1	39234733	1104	AG
1	39240413	875	AG
1	39241727	736	CT
1	39242386	659	TC
1	39243597	346	AT
1	39243797	200	TC
1	39244765	711	GA
1	39245655	890	AT
1	39246361	634	CT
1	39247120	759	TC
1	39248964	1443	GC
1	39251792	835	AG
1	39253889	1488	GA
1	39254569	334	TG
1	39257684	521	TC
1	39258839	197	TC
1	39259469	312	AG
1	39259977	508	CT
1	39264441	695	GA
1	39267216	1402	GA
1	39277943	1601	CT
1	39277979	36	TA
1	39280976	184	AC
1	39282358	1349	TC
1	39282363	5	TC
1	39283190	664	CT
1	39284948	449	GC
1	39285154	206	TC
1	39285302	148	CA
1	39285560	258	TC
1	39291149	900	CT
1	39292379	1230	TC
1	39298810	1246	GA
1	39303675	1920	TC
1	39307456	2341	AT
1	39317674	2390	AG
1	39323716	2808	AG
1	39326307	1560	CT
1	39333044	4086	AC
1	39333045	1	TC
1	39335571	1279	GA
1	39335716	145	GA
1	39336235	323	CT
1	39336273	38	CT
1	39336278	5	GA
1	39338844	2540	CT
1	39342187	2194	CT
1	39342292	105	AC
1	39344668	1425	CT
1	39346120	953	CT
1	39346245	125	AG
1	39349539	2386	AG
1	39350978	485	GT
1	39351512	534	TG
1	39351523	11	AG
1	39353895	1793	TA
1	39354535	538	AC
1	39354846	311	TC
1	39354910	64	GA
1	39354913	3	GC
1	39354991	78	TC
1	39355112	121	CG
1	39355117	5	GC
1	39355589	149	GA
1	39355642	53	TC
1	39356583	442	GT
1	39356755	172	AG
1	39357067	312	CA
1	39358684	1517	GA
1	39358756	72	GA
1	39360848	1092	CG
1	39361154	102	CT
1	39361950	456	CT
1	39362563	168	GA
1	39362583	20	TG
1	39373846	2572	GT
1	39384177	3295	GC
1	39384197	20	GC
1	39387392	324	AT
1	39388600	809	GA
1	39392809	1610	AG
1	39392860	51	GA
1	39393556	589	CT
1	39393573	17	CA
1	39398787	2178	GT
1	39399004	217	GA
1	39400763	112	AG
1	39400776	13	AC
1	39401008	232	GA
1	39401167	159	AG
1	39402615	813	GA
1	39402635	20	GT
1	39403303	261	TC
1	39403334	31	AG
1	39403336	2	AC
1	39403366	30	AC
1	39404444	175	CA
1	39404900	233	TC
1	39404905	5	CT
1	39406601	929	GA
1	39406994	393	GA
1	39406998	4	CT
1	39407954	543	CT
1	39408074	120	TA
1	39408491	190	GT
1	39409406	863	CG
1	39414719	3068	TC
1	39414935	216	TG
1	39415419	484	CA
1	39420627	2582	GA
1	39426112	4834	GA
1	39426541	429	GA
1	39428601	1765	TG
1	39429313	404	GC
1	39430516	1180	AG
1	39433291	1370	GC
1	39433500	209	AG
1	39442306	6580	TC
1	39451992	8808	AG
1	39454755	2763	GA
1	39455677	511	CT
1	39455848	171	CT
1	39470151	7969	CA
1	39472518	539	CT
1	39474447	1025	TA
1	39475335	646	CT
1	39475344	9	CT
1	39475368	24	CT
1	39475471	103	TC
1	39476823	1078	TC
1	39477997	77	CT
1	39478074	77	TC
1	39478105	31	CT
1	39478119	14	CG
1	39478280	161	GA
1	39478317	37	CA
1	39478326	9	CG
1	39478372	46	GA
1	39478404	32	GA
1	39478405	1	TC
1	39478431	26	TC
1	39478437	6	GC
1	39479190	301	TC
1	39479203	13	GC
1	39479257	54	TC
1	39479701	444	GA
1	39480323	478	TA
1	39480390	67	TC
1	39480449	59	GA
1	39480585	136	CG
1	39480620	35	GA
1	39480628	8	TC
1	39480784	156	AG
1	39480829	45	TG
1	39480938	109	TC
1	39481524	153	TC
1	39481568	44	CG
1	39481575	7	TG
1	39481936	138	CT
1	39482134	66	CT
1	39482196	62	TG
1	39482302	106	GA
1	39482355	53	GA
1	39483323	375	CT
1	39483326	3	TC
1	39485516	393	TC
1	39485535	19	AG
1	39485662	127	TC
1	39485664	2	CT
1	39486437	384	AG
1	39487176	399	TA
1	39487214	38	GC
1	39487367	153	CT
1	39497537	3183	GA
1	39497739	202	CG
1	39497757	18	CT
1	39497821	64	TC
1	39500063	1982	TC
1	39500898	835	CT
1	39500958	60	GA
1	39501429	471	CA
1	39502140	550	GC
1	39503120	907	GA
1	39503709	479	CT
1	39504156	447	GT
1	39506275	526	GA
1	39506887	612	CT
1	39508253	545	TG
1	39510110	1623	GA
1	39513205	2752	AG
1	39513829	624	TC
1	39513900	71	AG
1	39514211	311	CG
1	39514454	243	CT
1	39515163	709	GA
1	39515898	680	GA
1	39515941	43	CT
1	39515951	10	CT
1	39516752	665	CT
1	39518381	1526	GA
1	39518973	592	AG
1	39519025	52	CG
1	39519137	112	GA
1	39519701	564	AG
1	39520049	348	AG
1	39520961	716	GT
1	39524875	3441	GA
1	39524969	94	AG
1	39525194	225	GA
1	39526026	832	CG
1	39526079	53	CT
1	39526599	391	TG
1	39530316	3179	CT
1	39531982	1420	GA
1	39533120	1138	CT
1	39533179	59	CT
1	39534377	747	CT
1	39537780	3308	GA
1	39539354	1574	GT
1	39539510	156	GA
1	39539748	238	CG
1	39539960	212	GA
1	39540542	541	GA
1	39540988	446	CT
1	39542218	1230	TG
1	39542570	352	GA
1	39544424	1824	CT
1	39546032	1221	AG
1	39546480	384	GA
1	39546573	93	TC
1	39546751	178	AC
1	39546834	83	CG
1	39547047	180	AT
1	39547895	848	CT
1	39547900	5	GT
1	39548152	252	GC
1	39548155	3	TC
1	39550483	2328	GT
1	39550725	242	GA
1	39550819	11	CT
1	39550870	51	GA
1	39550907	37	CA
1	39550930	23	TC
1	39552043	1113	AC
1	39553009	925	TG
1	39553221	212	GA
1	39553359	138	AG
1	39553425	66	AG
1	39553832	407	CT
1	39554023	191	GA
1	39554051	28	TC
1	39554392	341	TC
1	39555020	628	GT
1	39555974	954	GA
1	39556248	274	TC
1	39556676	231	AG
1	39556927	251	CG
1	39556973	46	TC
1	39560578	2847	GT
1	39560847	269	CA
1	39561381	534	TC
1	39561840	459	CT
1	39562045	205	AG
1	39563054	827	TC
1	39563055	1	GC
1	39563059	4	CT
1	39563064	5	CT
1	39563237	173	TC
1	39563411	174	AG
1	39563795	384	GA
1	39564249	405	AG
1	39564608	359	CT
1	39565648	1040	AG
1	39565741	93	CT
1	39565808	67	GA
1	39565821	13	GC
1	39566414	301	GA
1	39566888	374	GA
1	39567466	540	CT
1	39567543	77	GA
1	39567846	303	AG
1	39569159	1313	GA
1	39570923	1764	GA
1	39571097	174	AG
1	39575928	4782	AG
1	39575932	4	CT
1	39576177	245	GC
1	39577732	1410	GA
1	39577787	55	AG
1	39580281	2443	GA
1	39580806	525	AG
1	39580953	147	AG
1	39581042	89	GA
1	39581293	251	TA
1	39581485	192	AG
1	39581535	50	AT
1	39582393	786	GT
1	39582543	150	GA
1	39582805	262	CG
1	39583223	418	AG
1	39583369	146	GA
1	39583943	574	GA
1	39584054	111	CG
1	39584818	685	TC
1	39585608	790	CT
1	39585821	188	GA
1	39586436	481	GA
1	39586837	401	AG
1	39588144	782	TC
1	39588210	66	CA
1	39588311	101	AG
1	39588375	64	GA
1	39588424	49	TC
1	39588539	115	GA
1	39588546	7	AG
1	39588608	62	GA
1	39588694	86	GA
1	39588709	15	AG
1	39589470	761	AG
1	39589568	98	TC
1	39589673	105	CT
1	39590731	852	CT
1	39590746	15	CT
1	39590759	13	CG
1	39590827	68	GA
1	39590831	4	TC
1	39591337	506	CG
1	39591485	148	TC
1	39591877	392	AG
1	39591934	57	CT
1	39591943	9	AC
1	39591961	18	GA
1	39592356	395	AG
1	39593013	291	TG
1	39593020	7	TC
1	39593496	476	TC
1	39593760	180	AT
1	39593822	62	GC
1	39594231	300	GA
1	39594412	181	CT
1	39594416	4	AG
1	39594436	20	GA
1	39594482	46	GA
1	39594736	254	TC
1	39595066	330	AG
1	39595470	404	AG
1	39595969	450	AG
1	39596155	186	CT
1	39596210	55	TC
1	39596292	82	TC
1	39596393	101	GA
1	39596787	394	TA
1	39597533	697	CT
1	39598264	421	CT
1	39599546	1202	GT
1	39599696	150	CT
1	39601079	299	GA
1	39601175	96	CT
1	39601354	179	AC
1	39601365	11	CG
1	39601474	109	GA
1	39601490	16	AT
1	39602084	566	AG
1	39602490	406	CT
1	39605284	1333	CT
1	39605328	44	CA
1	39605333	5	CT
1	39605334	1	AG
1	39605533	199	GA
1	39605869	336	CT
1	39606536	667	GA
1	39606595	59	GA
1	39606667	72	GA
1	39631370	14943	CT
1	39631526	156	TC
1	39631813	287	TC
1	39633426	322	CT
1	39634239	769	CT
1	39634327	88	CT
1	39635359	822	CT
1	39635450	91	CT
1	39635639	189	GA
1	39638076	2083	CT
1	39638404	328	AG
1	39638894	490	CG
1	39638897	3	GA
1	39639778	881	GA
1	39640936	868	AG
1	39641205	269	CG
1	39641207	2	AG
1	39641503	296	AC
1	39642516	785	CT
1	39642743	227	AG
1	39643942	1199	TA
1	39643992	50	CT
1	39644126	134	GA
1	39645263	703	AG
1	39652284	5526	GA
1	39657593	5124	GA
1	39679903	20045	CT
1	39695742	14483	CT
1	39703272	7384	GA
1	39711852	6587	AG
1	39713390	591	GT
1	39722070	6180	GA
1	39724472	2204	CT
1	39728320	3264	CT
1	39729571	1251	GA
1	39729725	154	AG
1	39730730	1005	CT
1	39731776	739	CT
1	39731951	175	GT
1	39781539	35594	CT
1	40082346	10539	AG
1	40083465	1037	GC
1	40091908	6956	GA
1	40094972	1872	TA
1	40095004	32	GA
1	40095720	716	TC
1	40098130	2370	TC
1	40101393	2621	GA
1	40105447	2940	GA
1	40115197	8774	GA
1	40120889	4778	GA
1	40125483	4017	AG
1	40126938	1427	TC
1	40127702	764	CT
1	40127861	159	TC
1	40139851	10659	TC
1	40140968	875	TC
1	40142013	492	GT
1	40147929	4928	CG
1	40149076	984	GA
1	40154575	4573	GA
1	40156220	1503	AG
1	40157648	1008	GT
1	40161716	3562	GA
1	40162432	668	CT
1	40162934	502	CG
1	40165493	2509	GA
1	40170126	4158	TG
1	40174874	3931	CT
1	40178955	3562	GT
1	40179035	80	TC
1	40181969	2736	TA
1	40182753	784	TC
1	40182772	19	CT
1	40188856	4487	CG
1	40189631	521	CT
1	40200751	8296	CT
1	40201043	205	GA
1	40209866	4169	GA
1	40209897	31	CT
1	40209920	23	TC
1	40210418	232	GA
1	40211528	676	TC
1	40213370	1176	TG
1	40214151	730	GA
1	40214159	8	TG
1	40218313	2007	TC
1	40218389	76	GA
1	40226231	6399	GC
1	40228054	1340	CT
1	40231245	2319	GA
1	40232603	1270	GA
1	40242562	4483	TC
1	40244142	1374	AG
1	40245510	529	AC
1	40246835	960	TC
1	40248034	964	GC
1	40248560	205	GA
1	40248561	1	AT
1	40249278	717	AG
1	40249924	303	AC
1	40250477	553	CT
1	40250773	163	CT
1	40252700	519	GA
1	40253186	340	GC
1	40253722	536	CT
1	40257567	2898	GA
1	40259699	1419	GA
1	40260510	748	AG
1	40260624	114	CT
1	40261647	1023	TC
1	40262386	739	CT
1	40263330	750	TC
1	40263623	233	TG
1	40263697	74	GC
1	40263709	12	GA
1	40264191	482	GT
1	40265408	677	GC
1	40266570	710	TC
1	40266608	38	GA
1	40266856	248	GA
1	40267105	249	AG
1	40267504	399	CT
1	40268228	724	AG
1	40268262	34	TC
1	40268287	25	CA
1	40268510	223	GA
1	40268753	243	TC
1	40268823	70	TC
1	40268912	89	CT
1	40276997	739	TC
1	40277096	99	TC
1	40277121	25	GA
1	40277301	180	TC
1	40277335	34	TC
1	40278002	318	CT
1	40278575	573	TC
1	40279011	338	TC
1	40280184	681	AG
1	40282624	1806	TG
1	40282826	202	GA
1	40282882	56	GT
1	40283372	490	CT
1	40288610	4906	GC
1	40289099	489	CG
1	40290188	816	CT
1	40290475	287	AG
1	40290982	507	TA
1	40291234	225	TC
1	40291271	37	GA
1	40291843	509	AG
1	40293474	536	TG
1	40293512	38	AG
1	40297390	1865	CT
1	40297520	130	CT
1	40300600	1940	AG
1	40302679	1506	GA
1	40303158	479	GA
1	40304628	1071	GA
1	40304944	262	TC
1	40305076	132	AG
1	40305788	682	CT
1	40306975	834	CT
1	40307408	433	GA
1	40307454	46	CT
1	40308660	1118	AG
1	40309040	380	CT
1	40309773	235	AG
1	40310187	414	TG
1	40310210	23	CT
1	40310629	419	GA
1	40312047	1418	GA
1	40312082	35	GT
1	40312325	243	GT
1	40317439	3512	TC
1	40318175	694	CG
1	40319368	742	GA
1	40320497	988	AG
1	40322163	1348	GA
1	40326862	4178	CT
1	40326863	1	AT
1	40326909	46	CT
1	40326933	24	CT
1	40329511	2240	CA
1	40330183	672	GC
1	40334352	4135	TC
1	40334573	221	TC
1	40338181	3608	AG
1	40339690	1470	CT
1	40345453	4522	GA
1	40346163	710	GC
1	40346839	626	GA
1	40355520	7564	AG
1	40356836	758	CA
1	40371965	11317	CA
1	40383450	8205	GA
1	40384015	565	GT
1	40387216	2376	CG
1	40390611	3337	CT
1	40392689	1645	CT
1	40400226	6006	CT
1	40413222	7046	GA
1	40425693	8661	GA
1	40428437	2225	TC
1	40428517	80	CG
1	40428729	212	GA
1	40428750	21	GA
1	40429179	429	TC
1	40429341	162	GC
1	40429767	331	GA
1	40429931	164	GC
1	40430101	170	CT
1	40431466	1365	TG
1	40431921	455	GA
1	40431957	36	CT
1	40431999	42	TC
1	40433483	1204	CT
1	40436184	2259	CT
1	40436312	128	GA
1	40436553	241	GT
1	40436869	316	CT
1	40440705	2947	GA
1	40441090	385	TG
1	40441569	479	GA
1	40442397	828	GA
1	40444195	1050	CT
1	40444872	677	GA
1	40445362	490	GA
1	40445525	163	GC
1	40446455	744	CT
1	40448046	663	CT
1	40449539	1323	CT
1	40449733	194	CG
1	40450459	726	CG
1	40450475	16	GA
1	40451637	1122	CT
1	40451731	94	AC
1	40452423	621	GA
1	40452468	45	CT
1	40453224	756	GA
1	40453300	76	GA
1	40453484	184	CT
1	40453485	1	GA
1	40453655	170	TC
1	40453722	67	CT
1	40453724	2	AC
1	40453966	242	TC
1	40453996	30	CT
1	40454211	215	GA
1	40454304	93	AG
1	40454444	140	CA
1	40454972	528	AG
1	40455104	75	CG
1	40455134	30	CG
1	40455147	13	CG
1	40455150	3	AG
1	40457490	1786	TC
1	40463077	4367	TC
1	40463479	212	GT
1	40463627	148	TA
1	40465160	789	TA
1	40466064	473	TC
1	40466179	115	CA
1	40466683	504	TC
1	40469815	2212	AG
1	40474354	3320	GA
1	40474553	199	GA
1	40475732	702	AG
1	40475986	190	CT
1	40476762	776	AG
1	40477497	670	CT
1	40477563	66	TG
1	40477630	67	AG
1	40482519	3745	TC
1	40487053	3774	CT
1	40487170	117	GC
1	40488450	1226	AT
1	40489443	916	TC
1	40489798	355	AG
1	40494115	3253	TA
1	40498416	2259	CT
1	40498659	243	TA
1	40498671	12	GT
1	40498895	35	AC
1	40498983	88	AC
1	40500578	807	AG
1	40500585	7	GT
1	40500773	112	CT
1	40501024	251	GC
1	40501118	94	TC
1	40501140	22	CA
1	40501987	115	GA
1	40501995	8	GC
1	40501998	3	GA
1	40502000	2	CG
1	40502001	1	TG
1	40503686	787	GA
1	40504045	281	AC
1	40513498	1512	GA
1	40514041	390	CT
1	40514076	35	GA
1	40514103	27	TA
1	40514184	81	CT
1	40514217	33	GA
1	40516382	136	AG
1	40516387	5	CT
1	40516532	86	GA
1	40516868	33	TC
1	40517505	157	GC
1	40517522	17	CT
1	40517745	94	GT
1	40518896	212	GA
1	40519439	142	GC
1	40519475	36	GT
1	40519808	236	CT
1	40519811	3	TC
1	40519813	2	AG
1	40519929	116	GA
1	40519933	4	AG
1	40520755	90	TG
1	40520802	47	TC
1	40520820	18	AG
1	40520884	64	AC
1	40520895	11	GA
1	40520962	67	CT
1	40521073	111	GA
1	40521213	140	AG
1	40521447	234	AC
1	40521456	9	TC
1	40522624	241	GA
1	40523038	414	TC
1	40523175	137	CT
1	40523721	546	TC
1	40523804	83	AG
1	40524113	309	AG
1	40528739	1638	CT
1	40528823	84	CT
1	40529124	301	GA
1	40529871	712	AG
1	40531019	191	AG
1	40531037	18	GT
1	40539190	950	AG
1	40542188	1447	AG
1	40543717	833	CT
1	40543726	9	CT
1	40548998	3420	TC
1	40549177	179	AG
1	40556746	3937	TA
1	40560660	606	GA
1	40580331	3741	AC
1	40583246	1676	TC
1	40583787	541	CG
1	40583843	56	TG
1	40586196	459	GA
1	40589234	1628	TA
1	40589319	85	CT
1	40592439	1195	CT
1	40592515	76	AG
1	40592777	153	CT
1	40593725	870	CT
1	40594027	302	CT
1	40594196	169	CA
1	40594228	32	CG
1	40594481	253	AG
1	40594775	146	CT
1	40594857	82	CA
1	40595211	354	TA
1	40595330	119	AG
1	40595533	203	GA
1	40596632	413	GA
1	40596779	147	GA
1	40597948	1169	GA
1	40609358	5795	GA
1	40609508	150	AC
1	40609779	271	GA
1	40609845	66	AT
1	40610017	172	GC
1	40610662	645	TG
1	40610985	323	CA
1	40611006	21	CT
1	40611437	407	AG
1	40611909	472	GT
1	40615006	691	AT
1	40615045	39	GA
1	40615421	376	AG
1	40631416	1069	CT
1	40631511	95	AT
1	40631731	220	CT
1	40632415	172	TC
1	40632641	154	TA
1	40632642	1	GA
1	40632681	39	TC
1	40632852	171	GA
1	40633165	313	CT
1	40634985	638	CT
1	40635546	489	TC
1	40636399	853	AT
1	40637019	160	GA
1	40638127	683	TC
1	40640998	1229	GA
1	40641279	281	AG
1	40652809	3125	GT
1	40652818	9	GA
1	40652836	18	GC
1	40653356	226	TA
1	40653362	6	CT
1	40653384	22	TC
1	40653423	39	GA
1	40653455	32	CT
1	40653559	104	TC
1	40654176	617	TC
1	40654288	112	TG
1	40654963	675	GA
1	40655056	93	AG
1	40655155	99	GA
1	40656192	180	TC
1	40656249	57	GA
1	40656250	1	AC
1	40656296	46	GA
1	40657372	1055	GA
1	40659399	451	GA
1	40659460	61	CT
1	40660420	960	GA
1	40660961	357	GA
1	40661200	118	AC
1	40661780	580	AC
1	40661786	6	GC
1	40661887	101	CA
1	40662069	182	GC
1	40662277	111	AG
1	40662283	6	TC
1	40662732	449	CG
1	40662899	167	TC
1	40662915	16	GT
1	40662941	26	AG
1	40663415	390	GT
1	40663839	223	CG
1	40663840	1	CG
1	40663843	3	CT
1	40663869	26	GA
1	40663874	5	TC
1	40663877	3	TG
1	40663926	49	CT
1	40663933	7	AC
1	40663959	26	AC
1	40664176	217	TC
1	40664711	101	AC
1	40665533	445	AT
1	40667707	340	AG
1	40667801	94	AG
1	40667841	40	GA
1	40668266	90	GA
1	40668315	49	GA
1	40668363	48	TA
1	40668645	79	GA
1	40669720	217	GA
1	40669762	42	TC
1	40669764	2	GA
1	40669842	78	AG
1	40669970	128	CT
1	40670047	77	AG
1	40670057	10	TC
1	40670069	12	AG
1	40670488	419	TG
1	40670506	18	TC
1	40670629	123	CT
1	40670634	5	CT
1	40670680	46	GA
1	40670688	8	AG
1	40670737	49	GA
1	40670766	29	GA
1	40670804	38	AG
1	40671054	250	CT
1	40671317	263	CT
1	40671318	1	GT
1	40671350	32	CG
1	40671435	85	AG
1	40671504	69	CG
1	40671657	153	GT
1	40671659	2	AT
1	40671979	320	TC
1	40672065	86	CA
1	40672395	161	GA
1	40672632	237	CT
1	40674825	1001	CA
1	40675101	68	AG
1	40682510	5748	AG
1	40687059	1543	CT
1	40779867	41146	AC
1	40789685	1344	TC
1	40801815	1235	CG
1	40801821	6	AG
1	40830799	1411	AG
1	40830844	45	GA
1	40832793	1058	TA
1	40835175	910	GA
1	40835800	313	TC
1	40839571	3237	TC
1	40842993	2298	TC
1	40843051	58	TC
1	40843306	255	GA
1	40843383	77	CA
1	40843550	167	GT
1	40843817	267	TC
1	40850276	360	AT
1	40850499	223	TC
1	40853559	286	CT
1	40853612	53	CA
1	40870269	2938	GA
1	40877643	4783	CT
1	40879376	1389	CA
1	40879857	481	CG
1	40880257	342	GA
1	40880258	1	GC
1	40880419	161	AC
1	40880421	2	GA
1	40880508	87	GA
1	40880649	141	AT
1	40880758	109	AG
1	40881816	467	TA
1	40892080	544	TC
1	40892109	29	TA
1	40900152	1703	CG
1	40901054	394	TA
1	40901497	247	AG
1	40901653	156	CT
1	40901864	211	AC
1	40901902	38	GA
1	40903060	392	AG
1	40903396	336	GC
1	40903695	299	AG
1	40903731	36	CT
1	40908665	1220	AT
1	40908666	1	AC
1	40908814	148	GA
1	40908824	10	TG
1	40909030	206	TA
1	40915789	260	TC
1	40916292	503	TG
1	40917583	636	GA
1	40919922	468	GT
1	40920149	227	GT
1	40920171	22	TC
1	40921991	870	CA
1	40922435	444	CT
1	40923197	374	GA
1	40923699	422	AG
1	40924450	751	GA
1	40925216	766	CA
1	40925717	501	GA
1	40925719	2	GA
1	40925727	8	AC
1	40933706	1338	GA
1	40933728	22	AC
1	40934393	324	CG
1	40934467	74	TC
1	40936682	313	AG
1	40941250	578	CA
1	40944367	165	GA
1	40948579	457	CG
1	40949451	872	GA
1	40950211	634	AG
1	40953180	1216	CT
1	40953730	550	AG
1	40958719	1260	GA
1	40958870	151	TC
1	40959238	368	TC
1	40959660	422	GC
1	40962428	2538	CT
1	40962471	43	AG
1	40963021	550	GA
1	40963025	4	GA
1	40964924	1675	CT
1	40967693	2149	CT
1	40968457	764	CT
1	40970752	1552	AG
1	40971593	810	TC
1	40971983	298	GT
1	40972038	55	AG
1	40973849	1600	CG
1	40974159	310	GA
1	40975131	972	AC
1	40975135	4	AT
1	40975373	238	TA
1	40976638	1243	CT
1	40977168	530	GA
1	40977999	831	TC
1	40984684	5591	GC
1	40985105	271	GA
1	40985156	51	CA
1	40985651	495	GA
1	40987222	1571	CG
1	40987575	353	CT
1	40987767	192	CG
1	40988442	272	GA
1	40990364	1922	GA
1	40991242	629	AG
1	40991243	1	AG
1	40991524	281	CT
1	40994786	877	GA
1	40995636	373	AG
1	40997448	1648	CT
1	41034222	21595	CT
1	41047021	10401	GT
1	41051813	2711	AG
1	41054526	1918	CG
1	41060697	4576	CT
1	41060707	10	AG
1	41072669	8075	TC
1	41096865	17526	GT
1	41098181	1247	TC
1	41098501	320	CT
1	41099020	183	TC
1	41099048	28	GA
1	41099092	44	GA
1	41099151	59	TC
1	41099162	11	AG
1	41099685	523	GA
1	41100670	716	AT
1	41100962	292	GA
1	41100970	8	GA
1	41101378	408	TA
1	41106646	2763	TC
1	41107004	263	TG
1	41107789	688	GC
1	41107791	2	CT
1	41112922	2366	CT
1	41113014	92	GC
1	41113032	18	CT
1	41113034	2	TG
1	41113036	2	TC
1	41113247	211	CG
1	41113413	166	GA
1	41113683	270	AT
1	41113718	35	AG
1	41114058	340	AC
1	41114163	105	CT
1	41114208	45	GA
1	41114493	59	GA
1	41114576	83	GA
1	41114652	76	AT
1	41115344	692	AG
1	41115471	127	TA
1	41116431	549	AG
1	41116509	78	TA
1	41116543	34	AG
1	41117070	317	GA
1	41117076	6	CT
1	41117162	86	CT
1	41117227	65	GA
1	41117274	47	AG
1	41117276	2	AG
1	41117279	3	CG
1	41117281	2	AT
1	41117684	403	TC
1	41117855	171	AG
1	41117917	62	TG
1	41119905	768	CT
1	41123070	1367	GT
1	41124618	924	GA
1	41149567	16649	TG
1	41149720	153	GC
1	41149802	82	GC
1	41149894	92	GA
1	41150019	125	CT
1	41150799	408	TC
1	41152096	1183	TC
1	41154018	962	GA
1	41155640	1587	GT
1	41162183	5132	CT
1	41171116	4202	GT
1	41186681	8908	CT
1	41329629	86376	CT
1	41329874	245	TC
1	41333306	795	TC
1	41334792	324	GA
1	41335117	325	CT
1	41335165	48	GA
1	41338309	502	TC
1	41338570	261	GT
1	41338597	27	TC
1	41339737	867	AG
1	41339943	206	AG
1	41340139	143	GA
1	41341699	575	CT
1	41342063	279	AG
1	41342086	23	AG
1	41342161	75	CT
1	41342195	34	GA
1	41342223	28	AC
1	41342246	23	CT
1	41342264	18	TC
1	41342276	12	TC
1	41342279	3	GC
1	41342523	244	AT
1	41342542	19	AG
1	41343871	76	GA
1	41343958	87	TC
1	41343969	11	GT
1	41344062	93	TG
1	41344086	24	AC
1	41346125	534	CT
1	41346255	130	CT
1	41346292	37	GC
1	41346333	41	AG
1	41349993	2016	AG
1	41352723	1253	CT
1	41357013	2449	TA
1	41357812	684	AG
1	41358488	397	AG
1	41358611	123	AG
1	41358750	139	TC
1	41360290	249	AG
1	41360345	55	GT
1	41361132	205	GC
1	41361147	15	GT
1	41361855	708	GA
1	41362150	295	AG
1	41363259	395	TC
1	41368844	1073	CG
1	41374841	612	GA
1	41376368	687	CG
1	41376452	84	GA
1	41376680	169	AG
1	41377299	336	GA
1	41377496	197	GA
1	41378136	457	CA
1	41378494	358	CT
1	41378624	130	AG
1	41379784	724	TC
1	41380675	508	GA
1	41381939	229	TC
1	41382007	68	GA
1	41382015	8	AG
1	41384579	1126	CG
1	41385302	679	CG
1	41385306	4	CT
1	41385580	274	AT
1	41386477	561	GT
1	41386574	97	GA
1	41386616	42	TC
1	41386729	113	GC
1	41387290	17	TC
1	41389631	209	GA
1	41389738	107	AG
1	41390323	443	TC
1	41390328	5	GA
1	41390351	23	TC
1	41392759	601	TG
1	41392859	100	CT
1	41393978	966	GA
1	41394934	829	TC
1	41396433	1198	GA
1	41396454	21	GA
1	41396474	20	GA
1	41396625	151	CT
1	41396833	91	GA
1	41396847	14	TA
1	41397942	710	TC
1	41398257	315	GA
1	41398567	310	GA
1	41398833	266	AT
1	41403163	1702	TC
1	41403798	151	GA
1	41409712	3277	TA
1	41413431	1942	AG
1	41413538	107	AG
1	41415301	466	TC
1	41416722	432	TC
1	41417966	1036	CT
1	41419313	1167	GA
1	41419944	326	CT
1	41423746	716	TC
1	41424839	701	TC
1	41426231	486	TC
1	41428887	1315	AG
1	41429650	200	GA
1	41429699	49	AG
1	41429829	130	TC
1	41437787	956	CT
1	41437853	66	TC
1	41438099	246	TC
1	41445153	2192	TA
1	41445616	194	AT
1	41447820	1107	AC
1	41452190	1059	TC
1	41453105	46	AG
1	41453616	57	TG
1	41455681	441	TC
1	41456351	504	TC
1	41460349	3103	CG
1	41460865	516	TC
1	41470119	4965	AG
1	41471845	1726	CT
1	41475341	3324	CT
1	41477947	818	AG
1	41481375	3259	CT
1	41481856	349	GT
1	41487011	4932	GA
1	41493491	1542	CT
1	41493567	76	AG
1	41493659	92	AG
1	41494169	510	AC
1	41494216	47	CT
1	41494549	333	AG
1	41495421	787	GA
1	41499420	3875	CT
1	41501167	1747	CT
1	41501850	683	CT
1	41503419	1569	AG
1	41503581	162	AG
1	41507066	3350	CA
1	41507806	671	TC
1	41510485	2176	CT
1	41513037	2479	CG
1	41513884	847	TG
1	41515920	2006	GA
1	41516094	174	CT
1	41520058	3924	CG
1	41521146	1088	TA
1	41522774	1628	CT
1	41524022	1096	CT
1	41526920	1795	TC
1	41527858	817	TC
1	41529796	1224	AG
1	41532303	2130	CA
1	41533360	311	CT
1	41536384	2785	TC
1	41536639	255	TC
1	41538249	1610	GA
1	41538636	387	CG
1	41538919	283	AT
1	41539408	489	TC
1	41540341	906	CT
1	41541458	424	CT
1	41542266	503	TG
1	41543169	903	AG
1	41543188	19	CA
1	41543642	454	GT
1	41544792	866	AG
1	41545990	902	TC
1	41547592	1602	AG
1	41547753	161	GC
1	41548358	605	TG
1	41548359	1	GT
1	41548424	65	CT
1	41550768	1111	AC
1	41550791	23	TG
1	41550903	112	TC
1	41551348	417	AG
1	41551363	15	GA
1	41552718	979	AG
1	41553766	923	CT
1	41557644	1597	AG
1	41558923	374	TC
1	41560074	184	TC
1	41560206	132	TA
1	41560462	216	GA
1	41562452	1508	TC
1	41562605	153	AG
1	41562672	67	CT
1	41563965	1293	CT
1	41564201	236	TC
1	41565260	1059	GA
1	41566130	870	CT
1	41569708	3388	CT
1	41570501	793	AT
1	41577334	1660	AG
1	41578300	450	AG
1	41581227	2302	GC
1	41582363	412	GA
1	41583516	1153	CG
1	41583723	207	TC
1	41586489	1009	CT
1	41590447	2165	GC
1	41592066	1560	AT
1	41592268	202	TA
1	41592537	180	GA
1	41592717	114	TC
1	41593524	807	CT
1	41594728	1204	TG
1	41594768	40	CT
1	41596011	884	GA
1	41599991	2899	CT
1	41600125	134	GA
1	41602609	1692	GA
1	41604432	1539	CT
1	41605424	992	AG
1	41605500	76	CT
1	41609080	2899	AG
1	41609223	143	AG
1	41615043	4573	GA
1	41617913	2846	GC
1	41620751	2838	AG
1	41625509	2337	GA
1	41627910	1679	AG
1	41628432	522	CT
1	41635318	4170	TC
1	41636385	1033	AG
1	41637560	1175	CT
1	41637711	151	GA
1	41638301	590	AG
1	41638427	126	TA
1	41638517	90	TC
1	41645875	2709	AT
1	41648300	1777	TC
1	41648530	230	GC
1	41654490	1958	CT
1	41656100	1610	TC
1	41661971	4692	CT
1	41666305	3008	CA
1	41666485	180	TC
1	41668825	2302	TC
1	41669871	1046	GC
1	41670805	934	GC
1	41671454	252	TC
1	41676147	3784	TC
1	41676262	115	AG
1	41678209	1231	CT
1	41680969	1318	AG
1	41681048	79	CT
1	41682023	658	AT
1	41682144	121	AG
1	41682289	145	GC
1	41686397	2416	GC
1	41686665	268	GA
1	41687035	96	AG
1	41691670	1663	AG
1	41691722	52	TC
1	41695458	2246	TA
1	41696167	682	GC
1	41696481	287	GA
1	41696686	205	CT
1	41697337	651	AG
1	41699277	862	GA
1	41699560	283	GA
1	41699674	114	GA
1	41700138	464	CT
1	41700375	237	GA
1	41702997	1332	AG
1	41703164	167	CG
1	41703231	67	CT
1	41704832	725	CT
1	41705320	488	GA
1	41705732	412	CT
1	41708681	1010	GA
1	41712286	2033	GT
1	41715299	1579	AG
1	41716804	415	TA
1	41721450	1088	TC
1	41759000	17685	GC
1	41765732	615	AG
1	41770377	4570	CT
1	41770525	148	GC
1	41775641	4768	GA
1	41776740	860	CT
1	41783076	6163	AG
1	41783335	259	AT
1	41784393	1058	AC
1	41784990	597	CT
1	41785657	667	TA
1	41785715	58	CT
1	41785716	1	TC
1	41785770	54	GC
1	41785843	73	CT
1	41785858	15	TC
1	41785916	58	CG
1	41786258	304	GT
1	41786896	638	AC
1	41788090	1097	CA
1	41788349	259	CT
1	41789177	828	CT
1	41790454	1277	TC
1	41790661	207	CT
1	41790788	127	CG
1	41791260	472	TC
1	41793022	1729	AC
1	41793130	108	CA
1	41797269	3989	GA
1	41797290	21	GA
1	41798474	1092	GA
1	41807852	9080	GC
1	41819976	11222	GA
1	42037434	143943	TC
1	42037471	37	CT
1	42037666	195	GA
1	42045308	4185	GA
1	42045339	31	GT
1	42049570	4111	GA
1	42053227	3542	GA
1	42053824	597	GA
1	42065421	7336	AG
1	42072251	6055	TC
1	42074912	2619	GA
1	42075807	866	AG
1	42075885	78	AG
1	42075989	104	GC
1	42076067	78	GA
1	42076299	232	GA
1	42076318	19	GA
1	42076439	121	GA
1	42078841	1924	TC
1	42082775	3476	CT
1	42083416	338	AC
1	42083590	174	TC
1	42083591	1	GA
1	42083666	75	CG
1	42084262	596	CT
1	42085572	781	AG
1	42086919	879	AC
1	42088683	80	TC
1	42089087	404	CT
1	42089612	221	CT
1	42093324	1328	GA
1	42093326	2	GA
1	42093883	131	GT
1	42093998	115	CT
1	42094626	346	TC
1	42099059	1314	GC
1	42099311	252	AG
1	42104567	4564	CT
1	42122816	10263	GC
1	42123080	264	CT
1	42123997	754	GA
1	42126575	1197	GT
1	42127583	1008	TG
1	42128309	726	AT
1	42130914	1984	GA
1	42131209	295	GC
1	42132561	1309	CG
1	42132920	359	CA
1	42133489	457	CT
1	42134103	614	TC
1	42134535	432	CT
1	42135099	488	CT
1	42135248	149	CG
1	42135837	589	TC
1	42136352	515	AG
1	42136426	74	CT
1	42136692	266	GT
1	42138411	1256	TC
1	42139426	474	GA
1	42141931	2093	CA
1	42142004	73	GC
1	42142189	185	CG
1	42142267	78	CT
1	42142487	220	GA
1	42142545	58	TC
1	42142968	423	GC
1	42143553	523	CT
1	42143650	97	GA
1	42144008	358	CT
1	42144357	349	CA
1	42144645	288	CT
1	42144819	174	GC
1	42145494	675	CT
1	42152267	4818	CT
1	42153473	1206	GA
1	42153998	525	TG
1	42154137	139	GA
1	42154866	729	GT
1	42155328	462	AG
1	42156096	768	CA
1	42156766	670	TC
1	42158942	1627	GA
1	42160850	1832	CT
1	42161002	152	TC
1	42163026	1735	TG
1	42163250	224	TG
1	42163961	675	AC
1	42165133	403	AG
1	42167840	1923	CG
1	42167868	28	CT
1	42173064	3045	AG
1	42173095	31	AG
1	42173104	9	AG
1	42173177	73	CT
1	42177138	725	CT
1	42178661	1477	CT
1	42178895	234	AG
1	42178907	12	GA
1	42179806	393	AC
1	42180876	1016	TC
1	42181835	959	TC
1	42182388	339	AC
1	42182881	493	CG
1	42182948	67	GA
1	42183255	226	TC
1	42184291	470	GA
1	42184838	547	CT
1	42187134	1574	CG
1	42188962	1777	TC
1	42190806	1358	CT
1	42190968	162	GA
1	42190981	13	CT
1	42191016	35	AG
1	42192052	1036	GA
1	42192163	111	GA
1	42192435	205	GC
1	42192471	36	CT
1	42197593	3090	AG
1	42198304	357	CT
1	42199793	849	GC
1	42200310	454	GA
1	42201451	1141	TA
1	42204221	2447	AG
1	42207195	2609	CG
1	42208455	1260	AG
1	42209397	641	CG
1	42213862	3584	GA
1	42214635	773	AG
1	42215868	958	GC
1	42215869	1	GT
1	42215994	125	GA
1	42216116	122	TG
1	42216118	2	GT
1	42216154	36	CT
1	42216308	154	CT
1	42217350	1042	TC
1	42217352	2	AG
1	42217556	204	CA
1	42220773	2341	GA
1	42222420	1498	AG
1	42223817	1261	CT
1	42230962	3412	CG
1	42238090	5080	AG
1	42239267	1177	TG
1	42244986	5364	GC
1	42249715	3159	GC
1	42250926	988	GA
1	42251114	188	TG
1	42254717	2388	CT
1	42255570	562	GT
1	42257063	1493	CT
1	42259266	2203	CT
1	42259388	122	GA
1	42259448	60	AG
1	42261200	1752	AG
1	42266225	4740	CT
1	42268009	1742	GA
1	42268787	731	GA
1	42268826	39	CT
1	42269255	429	AG
1	42269374	119	TC
1	42270677	379	GC
1	42272108	1333	GA
1	42272257	149	AG
1	42275354	2525	CT
1	42275363	9	CT
1	42278368	2775	GA
1	42278775	407	TC
1	42278993	218	CT
1	42279314	321	GA
1	42279318	4	CT
1	42279688	370	CT
1	42285417	5153	AG
1	42285630	213	GA
1	42287857	1326	AG
1	42303156	9868	TC
1	42303446	290	TG
1	42306551	2026	CT
1	42306607	56	TG
1	42306740	133	GA
1	42308556	1170	TC
1	42309428	108	CA
1	42309936	343	TC
1	42312753	2156	TA
1	42313782	984	AG
1	42314026	244	TC
1	42315395	1210	TC
1	42322423	4513	AC
1	42329354	1635	GA
1	42332153	1637	AG
1	42339525	857	GT
1	42340392	319	AG
1	42340800	125	CG
1	42340801	1	AG
1	42340806	5	TC
1	42340872	66	AT
1	42341130	258	GA
1	42343454	2115	GA
1	42344457	973	CT
1	42347103	1894	TG
1	42349460	1778	CT
1	42364730	5468	GA
1	42379630	3547	AG
1	42388394	4276	TC
1	42395058	6061	CG
1	42396394	1211	GA
1	42403102	2100	TC
1	42403177	75	GT
1	42403873	379	TC
1	42408363	810	GA
1	42410172	1172	GT
1	42412000	1705	GC
1	42414842	2629	TC
1	42424285	1876	CG
1	42424303	18	CA
1	42424324	21	CT
1	42427759	1760	CT
1	42427868	109	CG
1	42428018	150	GA
1	42428200	182	TC
1	42428912	712	TC
1	42429159	247	GA
1	42429298	85	GA
1	42430462	1099	CA
1	42431354	392	TC
1	42431400	46	TC
1	42431469	69	CG
1	42431547	78	GA
1	42431700	153	TC
1	42432029	329	CT
1	42432073	44	AG
1	42432191	118	CT
1	42432328	137	TA
1	42432488	160	CT
1	42432886	265	CT
1	42432916	30	GC
1	42433161	245	AG
1	42433747	586	GA
1	42433848	101	TC
1	42434657	809	CT
1	42434854	197	AG
1	42435201	347	TC
1	42435562	361	TC
1	42435667	105	AG
1	42435681	14	CG
1	42435960	239	CT
1	42436210	250	AG
1	42437080	870	CT
1	42438748	1431	GT
1	42438814	66	TC
1	42438815	1	GA
1	42438991	176	CG
1	42439124	133	TC
1	42439475	249	CT
1	42439592	117	GT
1	42439594	2	TA
1	42440219	583	AG
1	42440354	135	CG
1	42440649	251	GA
1	42440698	49	GA
1	42440762	64	TC
1	42440792	30	AG
1	42441012	220	GA
1	42441052	40	AG
1	42441231	179	GA
1	42441239	8	GA
1	42441255	16	CT
1	42441451	196	GA
1	42441492	41	CG
1	42442205	713	AG
1	42442265	60	GA
1	42442575	310	CT
1	42442699	124	CG
1	42442821	122	GA
1	42443059	238	CG
1	42445341	2076	GT
1	42445548	207	CG
1	42445876	224	GA
1	42445886	10	TC
1	42445894	8	CG
1	42446328	434	CG
1	42446345	17	AG
1	42446971	297	GA
1	42447047	76	AG
1	42447161	114	GA
1	42448358	1197	GA
1	42448359	1	TC
1	42448402	43	GA
1	42448405	3	TC
1	42448763	358	CT
1	42449336	573	GA
1	42449966	294	AG
1	42451907	550	GA
1	42452968	925	CT
1	42454716	1443	CT
1	42454742	26	GC
1	42456263	1311	GA
1	42456275	12	CT
1	42456292	17	CT
1	42456294	2	CA
1	42456295	1	AT
1	42456604	154	CT
1	42456830	200	GA
1	42459159	1084	AC
1	42459992	715	CT
1	42460078	86	GA
1	42460715	637	GA
1	42460876	161	AG
1	42462175	972	TG
1	42462375	200	CT
1	42464650	1236	GA
1	42465114	464	GA
1	42465796	132	GC
1	42470481	2742	GA
1	42471797	1247	CT
1	42472328	531	CA
1	42472592	264	CT
1	42474594	1343	TG
1	42475177	460	TC
1	42476586	1282	CT
1	42476670	84	CA
1	42476672	2	TC
1	42476747	75	GC
1	42476828	81	AG
1	42476862	34	TG
1	42476865	3	GA
1	42477437	572	GA
1	42479983	1985	TC
1	42480249	266	TC
1	42480399	150	AC
1	42480528	129	CA
1	42480582	54	GA
1	42480589	7	AG
1	42481629	1040	GA
1	42484267	2488	CG
1	42485033	766	GC
1	42485243	210	GA
1	42485742	499	GC
1	42485752	10	CA
1	42485852	100	CT
1	42485875	23	CT
1	42486388	481	AG
1	42486911	523	GC
1	42487148	237	AG
1	42488504	1309	GA
1	42488807	303	CG
1	42488979	172	AG
1	42488994	15	GA
1	42491503	1185	GA
1	42492590	407	GT
1	42493414	216	CT
1	42493469	55	CT
1	42493499	30	CG
1	42494308	476	CT
1	42494317	9	GA
1	42494463	146	TC
1	42494699	236	TC
1	42494789	90	CT
1	42494815	26	CT
1	42494830	15	GA
1	42494922	92	CT
1	42495107	152	GA
1	42495288	181	CT
1	42495664	376	AG
1	42496123	459	CT
1	42496258	135	CT
1	42496399	141	CT
1	42498903	1784	GA
1	42499469	480	AC
1	42499679	210	TC
1	42499766	87	TC
1	42501155	384	CT
1	42501284	129	CT
1	42502575	1291	CT
1	42502886	311	CT
1	42503502	572	AG
1	42505343	891	GA
1	42507210	690	TC
1	42507573	57	CT
1	42508394	120	GA
1	42511624	1110	GA
1	42512217	557	GA
1	42513013	796	CA
1	42514034	982	GA
1	42515550	1516	TC
1	42517728	391	GA
1	42517913	185	CT
1	42518777	529	CA
1	42519282	505	TC
1	42519364	82	CA
1	42519869	505	GA
1	42520375	506	TC
1	42520826	155	GA
1	42521152	326	AG
1	42521832	318	CT
1	42523156	166	GA
1	42523178	22	GA
1	42523360	182	GA
1	42523456	96	GT
1	42523497	41	TC
1	42523522	25	CG
1	42523805	283	AG
1	42523869	64	GA
1	42523991	122	CT
1	42524094	103	AG
1	42524216	122	GC
1	42524338	122	GA
1	42524758	420	TC
1	42524979	221	GA
1	42525485	434	CA
1	42526057	404	CT
1	42526161	104	GA
1	42528399	2127	GA
1	42528709	214	GA
1	42529202	493	GA
1	42529801	599	TC
1	42530941	930	AG
1	42530976	35	GA
1	42531244	268	GA
1	42531751	507	TC
1	42532283	532	GA
1	42532577	294	TC
1	42533139	441	AT
1	42533153	14	GA
1	42533388	235	GA
1	42533402	14	CT
1	42533686	284	CT
1	42533736	50	TC
1	42533803	67	TC
1	42533804	1	GA
1	42533915	111	AG
1	42533998	83	GC
1	42534225	227	GC
1	42534405	180	CG
1	42534678	273	AG
1	42534700	22	GT
1	42534819	119	CT
1	42534937	118	GA
1	42535553	597	TA
1	42535749	196	AG
1	42535788	39	GA
1	42535854	66	TC
1	42536756	795	TG
1	42536879	123	GA
1	42537223	344	AC
1	42537566	343	GA
1	42537738	172	TC
1	42537844	106	CT
1	42538161	317	CA
1	42539214	1053	AG
1	42539370	156	TC
1	42539607	237	CT
1	42539747	140	AC
1	42540309	562	CT
1	42540318	9	CT
1	42540345	27	GA
1	42540964	112	GA
1	42541245	281	CT
1	42541410	165	CT
1	42541697	287	CG
1	42541748	51	CA
1	42542123	375	TC
1	42542365	242	GA
1	42542407	42	GC
1	42542409	2	CT
1	42542464	55	GA
1	42542619	155	GA
1	42542775	156	TC
1	42542906	131	GT
1	42544889	1202	GA
1	42545177	41	CA
1	42545847	494	AC
1	42548921	1970	TC
1	42557306	6038	CT
1	42557840	534	GC
1	42558112	272	AG
1	42558165	53	AT
1	42562201	2200	CT
1	42566326	4048	CT
1	42566457	85	CA
1	42567882	1352	CT
1	42570360	983	GA
1	42571054	694	AG
1	42571264	210	AG
1	42571265	1	TC
1	42571665	400	TG
1	42571670	5	TC
1	42576638	1490	TC
1	42577096	117	GA
1	42578208	705	CG
1	42580972	680	CT
1	42581297	325	CT
1	42581482	185	AT
1	42582027	510	GA
1	42582169	142	AG
1	42582277	108	CA
1	42582294	17	GA
1	42582302	8	TG
1	42582392	90	TC
1	42582425	33	GA
1	42582555	130	AG
1	42582705	150	GA
1	42582765	60	AG
1	42582805	40	GC
1	42583127	322	AC
1	42584146	589	AC
1	42584589	443	CT
1	42585021	94	TC
1	42585086	65	CA
1	42585566	480	GA
1	42585958	392	AG
1	42586275	317	CA
1	42586362	87	GC
1	42586988	407	CT
1	42588343	919	GA
1	42588514	171	CA
1	42588544	30	GA
1	42588549	5	CT
1	42588654	105	GT
1	42589111	457	CT
1	42589567	456	GA
1	42590016	449	GA
1	42590044	28	TC
1	42590351	307	AG
1	42590803	452	AG
1	42591174	371	AG
1	42591384	210	CT
1	42595114	1098	TC
1	42595514	400	CA
1	42596154	344	CT
1	42597148	963	GA
1	42597424	276	GC
1	42600354	1110	CT
1	42600423	69	GA
1	42600548	125	CT
1	42601940	579	TG
1	42603434	384	AG
1	42603726	292	GA
1	42603759	33	AG
1	42605240	447	AC
1	42605257	17	CA
1	42605955	232	CT
1	42606020	65	TC
1	42606021	1	CT
1	42606083	62	AG
1	42606185	102	TC
1	42606286	101	CT
1	42606430	144	TC
1	42606770	307	TG
1	42607962	670	CT
1	42609065	958	CT
1	42609817	752	CG
1	42609890	73	AG
1	42610229	339	CT
1	42610805	576	GT
1	42613369	2091	GC
1	42617393	1905	GA
1	42619120	358	GT
1	42620221	315	GC
1	42620235	14	TC
1	42626620	1429	CA
1	42627247	297	CA
1	42627321	74	TA
1	42627960	101	AC
1	42628866	363	TC
1	42629914	117	GA
1	42630560	48	GA
1	42630847	287	TC
1	42632667	305	CG
1	42632730	63	AT
1	42632896	166	AG
1	42633032	136	GA
1	42633343	311	CT
1	42633615	207	TA
1	42633616	1	CA
1	42633870	254	TC
1	42633918	48	AG
1	42633978	60	CT
1	42634003	25	TG
1	42634111	108	AG
1	42634229	118	AG
1	42634575	346	CT
1	42634647	72	CT
1	42635348	675	CT
1	42635894	393	GA
1	42636114	220	CG
1	42636462	300	TC
1	42637034	367	CG
1	42637035	1	AG
1	42637084	49	AT
1	42637085	1	AC
1	42637344	78	AG
1	42637563	219	AG
1	42637582	19	TG
1	42637583	1	CG
1	42637751	168	TC
1	42637795	44	GA
1	42637889	94	GC
1	42637976	87	GA
1	42637984	8	TC
1	42637998	14	GA
1	42638039	41	TC
1	42638042	3	GA
1	42638066	24	CT
1	42638092	26	TC
1	42638350	94	AC
1	42638357	7	GC
1	42641727	562	GC
1	42641890	163	GA
1	42642465	161	CA
1	42642638	173	GA
1	42642771	133	TC
1	42642985	214	GA
1	42643003	18	GT
1	42643083	80	GA
1	42643107	24	GT
1	42643132	25	GA
1	42643188	56	TC
1	42643280	92	AG
1	42643522	242	TC
1	42643532	10	CT
1	42643606	74	CT
1	42643640	34	AG
1	42643650	10	TC
1	42643783	133	TC
1	42644876	1093	GC
1	42645684	770	CT
1	42645771	87	TC
1	42645870	99	GC
1	42647366	1214	CG
1	42648254	822	GA
1	42648693	439	GA
1	42648889	196	GC
1	42649522	555	CT
1	42649612	90	AG
1	42649790	100	GA
1	42651958	2047	GA
1	42652048	90	AG
1	42652837	789	CT
1	42653315	478	AG
1	42653640	325	TC
1	42653697	57	AC
1	42654523	826	GA
1	42654583	60	CT
1	42654794	211	CT
1	42654837	43	CT
1	42654988	151	GA
1	42654989	1	CT
1	42655003	14	GA
1	42655010	7	CT
1	42655071	61	GA
1	42655312	241	CT
1	42655400	88	AG
1	42655404	4	CT
1	42655582	178	CT
1	42655603	21	AG
1	42655622	19	TC
1	42655704	82	GA
1	42655714	10	CT
1	42655740	26	GA
1	42655751	11	CT
1	42655889	138	TA
1	42655935	46	CT
1	42656046	111	TC
1	42656407	70	GA
1	42656594	187	GC
1	42656628	34	AG
1	42657785	1087	GC
1	42658495	565	TC
1	42658632	137	TC
1	42658914	245	GT
1	42659337	423	GT
1	42660012	270	GA
1	42660503	109	CT
1	42660521	18	AT
1	42660574	53	GC
1	42661302	728	CG
1	42661791	489	CA
1	42662810	680	AG
1	42664922	2112	GA
1	42664951	29	CG
1	42664973	22	TC
1	42665070	97	CT
1	42665143	73	CA
1	42665600	457	GT
1	42665751	151	GC
1	42666591	785	TC
1	42666804	213	GT
1	42667084	280	TC
1	42667153	69	CT
1	42667194	41	GA
1	42667589	395	TG
1	42667776	187	GC
1	42667884	108	TC
1	42667903	19	TG
1	42668093	190	GA
1	42692141	13263	AT
1	42692147	6	CT
1	42692197	50	AG
1	42692835	548	CT
1	42692992	157	GC
1	42693121	129	CT
1	42693584	463	TC
1	42694097	284	CT
1	42694233	136	CT
1	42694755	522	TC
1	42694915	160	CT
1	42695188	189	AT
1	42695266	78	GT
1	42696354	159	CG
1	42696395	41	AT
1	42697340	546	AT
1	42698226	623	CA
1	42698687	172	AT
1	42698731	44	GA
1	42699026	295	AT
1	42701032	56	GA
1	42701521	452	AG
1	42701548	27	GC
1	42701591	43	GA
1	42701641	50	CT
1	42702648	943	CT
1	42703425	397	CT
1	42703700	275	TC
1	42704139	439	CA
1	42704452	313	AG
1	42704539	87	CG
1	42705315	599	GC
1	42705517	202	CA
1	42706012	134	GA
1	42709293	955	TC
1	42709363	70	TC
1	42710616	1220	TC
1	42710836	220	GA
1	42716960	3524	GA
1	42717526	566	CA
1	42724704	3646	GC
1	42727665	2326	AG
1	42730263	2218	GC
1	42730308	45	CA
1	42730796	353	CT
1	42731156	360	GA
1	42734450	2453	TC
1	42734608	158	TG
1	42734910	302	CT
1	42735174	264	CT
1	42735333	159	AG
1	42735504	171	GT
1	42735646	142	TC
1	42735680	34	CT
1	42736797	562	CA
1	42736882	85	CT
1	42738295	568	AG
1	42738810	515	GA
1	42739175	67	AC
1	42740108	933	CA
1	42740400	260	AG
1	42740436	36	GA
1	42740542	106	GA
1	42740550	8	AG
1	42740561	11	TC
1	42740562	1	CT
1	42740563	1	AG
1	42740656	93	AC
1	42740672	16	CT
1	42740713	41	CT
1	42740747	34	TC
1	42740887	140	CA
1	42740889	2	AC
1	42740926	37	TG
1	42741382	456	TC
1	42741543	161	CA
1	42741746	203	AG
1	42742687	527	TG
1	42743123	436	TC
1	42743306	127	TC
1	42745837	1970	TC
1	42746967	842	AC
1	42748548	1128	CG
1	42749766	1200	GA
1	42750140	374	CG
1	42750710	570	AG
1	42752539	1482	GC
1	42752813	274	GA
1	42753632	529	TC
1	42753719	87	CA
1	42753791	72	TC
1	42754013	157	CG
1	42754169	156	GC
1	42754620	451	TC
1	42754796	176	CA
1	42754921	125	CT
1	42756407	1338	CT
1	42757570	518	AG
1	42758322	283	TA
1	42758393	71	CT
1	42759033	387	CT
1	42759140	107	TC
1	42759200	60	GC
1	42759211	11	AG
1	42760691	229	TC
1	42760743	52	CG
1	42763077	1330	AG
1	42763263	186	GC
1	42763408	145	TC
1	42763431	23	CT
1	42763464	33	GA
1	42763732	231	AG
1	42763749	17	TC
1	42763859	110	TC
1	42766033	1900	GA
1	42766367	334	TC
1	42766369	2	TC
1	42766381	12	CT
1	42766382	1	AG
1	42766406	24	CG
1	42766477	71	AG
1	42766851	192	AG
1	42767145	216	GA
1	42767149	4	TA
1	42767257	108	AG
1	42767447	190	GA
1	42767693	246	TG
1	42768457	134	GA
1	42769203	698	TA
1	42769880	677	CA
1	42769911	31	GC
1	42770067	78	GA
1	42771038	897	GA
1	42772264	751	TC
1	42773637	766	GA
1	42773820	79	TC
1	42774561	377	GT
1	42774871	310	CT
1	42774878	7	GC
1	42775352	474	CT
1	42775616	264	AT
1	42775798	182	CT
1	42775864	66	GA
1	42775972	108	TC
1	42775979	7	CG
1	42775994	15	GA
1	42776054	60	AG
1	42776097	43	CT
1	42776221	124	CT
1	42776387	166	TC
1	42776946	559	GA
1	42777086	140	CT
1	42777207	121	TC
1	42777215	8	CT
1	42777491	276	AG
1	42777569	78	CT
1	42777832	263	TC
1	42778035	203	TC
1	42778089	54	CT
1	42778141	52	TG
1	42778461	320	GA
1	42778479	18	TC
1	42778556	77	GA
1	42778658	102	CG
1	42778677	19	CT
1	42778681	4	GA
1	42778696	15	CT
1	42778704	8	TC
1	42778916	67	AG
1	42779012	96	TA
1	42779095	83	GA
1	42780033	625	CT
1	42780065	32	CG
1	42780444	379	GT
1	42780452	8	TC
1	42783039	775	CT
1	42783597	558	GT
1	42784223	528	GA
1	42786855	1849	TC
1	42789636	2781	CT
1	42789655	19	CT
1	42789837	182	CT
1	42789902	65	AG
1	42789913	11	GT
1	42790138	225	TC
1	42792815	1729	TC
1	42794213	1010	TC
1	42794614	401	CT
1	42796405	811	GA
1	42797677	851	CT
1	42798371	602	AG
1	42799172	450	TC
1	42799664	492	TC
1	42801593	1659	TC
1	42802313	720	CT
1	42803852	748	GA
1	42806420	1680	AC
1	42807577	781	CA
1	42807579	2	CT
1	42807655	76	CT
1	42809185	627	GA
1	42809325	140	CT
1	42809404	79	AG
1	42810123	262	GA
1	42810985	274	CT
1	42811119	134	CT
1	42811521	402	CT
1	42811830	309	TA
1	42812648	171	AG
1	42813528	759	CT
1	42814527	647	GA
1	42814689	162	CT
1	42815060	371	AC
1	42815670	369	GA
1	42815863	193	AG
1	42815884	21	CT
1	42816083	199	GA
1	42816222	139	CT
1	42816565	247	GA
1	42816634	69	AG
1	42817898	1219	CA
1	42820369	2118	TC
1	42820706	337	GC
1	42821351	645	AC
1	42822070	719	AG
1	42822599	529	TC
1	42822619	20	TC
1	42822932	254	CT
1	42823010	78	TC
1	42823106	96	GA
1	42826311	3166	TA
1	42828171	1860	AG
1	42830524	2308	CG
1	42830863	339	GC
1	42833523	2561	CG
1	42834415	892	TG
1	42837819	2506	AT
1	42851257	3175	GA
1	42851274	17	GA
1	42851329	55	GA
1	42851860	57	AG
1	42853196	968	CT
1	42853285	89	GA
1	42855519	1630	GT
1	42856966	1100	GA
1	42857721	755	CA
1	42857900	179	GC
1	42858278	378	CT
1	42859472	1194	GA
1	42859479	7	CT
1	42859784	162	CA
1	42859901	117	CT
1	42860014	113	TC
1	42860212	198	CT
1	42860480	120	GC
1	42860487	7	GA
1	42860498	11	TC
1	42860518	20	AG
1	42861294	250	TA
1	42861411	117	AT
1	42861509	98	GC
1	42861815	306	TC
1	42862189	374	CT
1	42863037	756	CA
1	42863388	351	AG
1	42863406	18	CT
1	42863791	385	GA
1	42864129	338	CT
1	42864458	329	TA
1	42864703	245	TG
1	42864885	182	TC
1	42864981	96	AG
1	42865340	359	CA
1	42865809	469	GT
1	42866464	655	GA
1	42866478	14	AG
1	42867393	915	AG
1	42867396	3	TC
1	42867801	405	CT
1	42868324	523	GA
1	42868466	142	CT
1	42869990	1488	CA
1	42870479	489	GA
1	42873151	2639	CG
1	42873173	22	GA
1	42874804	1631	GA
1	42875684	790	AG
1	42876673	989	CG
1	42878141	1468	GA
1	42878164	23	TC
1	42878897	733	GA
1	42879562	665	TG
1	42880071	425	GA
1	42880080	9	CT
1	42880923	843	CT
1	42883039	539	AG
1	42888256	3323	CT
1	42891020	1892	CA
1	42893287	1641	TG
1	42895443	1968	CA
1	42895960	362	GA
1	42896380	420	CT
1	42896438	58	CG
1	42896807	369	CG
1	42896980	173	CA
1	42897034	54	GC
1	42897053	19	TC
1	42897124	71	AG
1	42897126	2	GT
1	42897163	37	AG
1	42897392	229	AG
1	42897690	298	TC
1	42898024	334	CT
1	42899683	1261	AG
1	42901816	1345	TC
1	42903744	1843	CT
1	42905467	1460	GA
1	42909842	3453	AC
1	42910053	211	CT
1	42911629	1340	CG
1	42911727	98	AT
1	42913666	1420	CT
1	42918654	4164	CG
1	42930774	8248	CT
1	42931378	604	CT
1	42931611	233	GA
1	42944076	9291	CT
1	42944124	48	GA
1	42974790	24836	TC
1	42975051	261	GA
1	42976487	863	AG
1	42978666	1647	TG
1	42978991	325	GA
1	42980274	1283	AG
1	42980442	168	GA
1	42981160	718	AG
1	42981291	131	AG
1	42981358	67	TC
1	42982004	393	TG
1	42983493	1113	AG
1	42985307	921	TC
1	42985316	9	TA
1	42987434	990	CG
1	42987443	9	CT
1	42987537	94	TC
1	42998570	6367	CT
1	43043418	32227	CA
1	43044737	1100	TC
1	43045517	744	CT
1	43048809	3292	AG
1	43050305	1415	CT
1	43052492	1120	AC
1	43053156	306	CT
1	43054061	905	GA
1	43055617	1556	CT
1	43056008	391	GA
1	43056394	386	CT
1	43061164	4201	GC
1	43064499	3298	CT
1	43066148	1649	CT
1	43066491	343	TC
1	43079418	12063	CT
1	43097069	15678	CG
1	43098126	1057	CT
1	43098173	47	CT
1	43099144	784	GA
1	43100084	806	AT
1	43102062	687	AC
1	43104513	1837	CT
1	43108012	3222	CT
1	43109317	1305	AT
1	43113866	3317	CT
1	43121677	6999	CG
1	43122319	623	CT
1	43122683	364	CT
1	43124148	1465	TG
1	43141490	11847	CT
1	43141889	399	GT
1	43143038	437	GC
1	43144302	797	AG
1	43144351	49	CT
1	43144387	36	GA
1	43145683	1078	CT
1	43145874	191	CT
1	43147059	1025	GA
1	43148127	512	CT
1	43149106	602	TA
1	43149125	19	CT
1	43149218	93	AG
1	43149859	310	TA
1	43149860	1	TG
1	43149870	10	GC
1	43150619	568	CT
1	43151022	403	GA
1	43151373	351	CT
1	43152065	648	GA
1	43153198	207	GA
1	43153566	178	CT
1	43153595	29	GA
1	43153610	15	GA
1	43153635	25	GA
1	43153875	240	TC
1	43154175	300	CT
1	43156012	411	TC
1	43157112	889	AG
1	43158362	1050	CT
1	43158761	399	TC
1	43160055	1023	GA
1	43160248	193	CT
1	43160261	13	CT
1	43160287	26	GA
1	43161739	717	AT
1	43161818	79	CT
1	43162461	466	GC
1	43166015	3022	AG
1	43169424	2872	TC
1	43172684	3178	AG
1	43173640	868	GA
1	43173725	85	GC
1	43174554	829	CT
1	43175357	803	CT
1	43175856	499	AG
1	43175898	42	AG
1	43176521	582	GA
1	43176809	105	CT
1	43177186	346	AG
1	43177876	690	GT
1	43178724	814	GA
1	43179272	548	GA
1	43179829	557	GT
1	43179961	132	GA
1	43180010	49	GA
1	43180874	551	GA
1	43181205	331	GA
1	43181259	54	CT
1	43181567	308	GT
1	43181707	140	AG
1	43182191	344	GA
1	43182474	283	TC
1	43183321	715	AG
1	43183757	436	TC
1	43183794	37	GT
1	43185124	946	GA
1	43185170	46	CT
1	43185311	113	CG
1	43185483	172	GA
1	43185611	128	GA
1	43185740	129	TC
1	43186055	315	TC
1	43186090	35	GA
1	43186151	61	CT
1	43187430	722	AG
1	43187487	57	TC
1	43187776	289	TC
1	43187820	44	GA
1	43187833	13	CT
1	43188665	832	AC
1	43189508	737	GA
1	43190816	301	GT
1	43190933	67	TG
1	43190987	54	GC
1	43191867	378	CT
1	43192172	305	GA
1	43192554	293	GA
1	43192813	259	CT
1	43192845	32	CT
1	43193131	286	AG
1	43193175	44	CT
1	43193176	1	GA
1	43198452	2961	GA
1	43206312	4265	AT
1	43208557	1422	CT
1	43209260	703	AT
1	43209728	468	AC
1	43209832	104	AT
1	43209881	49	CT
1	43213001	1909	GA
1	43213734	688	GA
1	43218584	4313	GC
1	43219713	936	GA
1	43223194	140	GA
1	43223215	18	AG
1	43224260	574	CT
1	43224287	27	TC
1	43228063	2801	CG
1	43228226	163	AG
1	43228267	41	GA
1	43228670	403	TC
1	43230033	298	TC
1	43237094	2076	TC
1	43237309	215	AG
1	43237595	286	TC
1	43237897	302	CA
1	43238725	828	CT
1	43239172	349	CT
1	43243535	1440	CA
1	43247772	2763	TC
1	43248534	762	GC
1	43248760	226	GT
1	43255219	4564	CT
1	43256003	743	CT
1	43257865	561	CT
1	43260363	1910	CT
1	43265388	4270	TC
1	43267872	2066	CT
1	43270481	2309	CA
1	43270862	381	TC
1	43270895	33	GA
1	43271167	272	CT
1	43271694	527	CT
1	43272471	483	CT
1	43274099	1484	CT
1	43274224	125	AT
1	43275787	1383	GT
1	43275934	147	CT
1	43275980	46	CG
1	43276390	410	GA
1	43276687	297	GA
1	43277266	316	GC
1	43278276	951	TC
1	43278539	263	AG
1	43278550	11	CT
1	43278800	250	CT
1	43279530	292	AG
1	43279708	178	TC
1	43279990	282	CT
1	43280094	104	TC
1	43280403	309	GT
1	43280696	252	AG
1	43280934	238	AG
1	43281538	461	AT
1	43281585	47	TA
1	43282955	1347	CT
1	43283332	377	CT
1	43283598	266	GT
1	43283924	326	CT
1	43283998	74	CT
1	43284202	204	GA
1	43284270	68	CT
1	43284782	512	CT
1	43286691	968	AG
1	43286898	207	TG
1	43287146	248	GA
1	43287928	610	CT
1	43288743	786	TC
1	43289222	479	GA
1	43289484	262	CT
1	43289655	171	TC
1	43290467	537	GA
1	43291001	534	CT
1	43291006	5	GA
1	43291333	327	GT
1	43291341	8	TC
1	43298371	4702	CT
1	43298373	2	CT
1	43298509	136	GA
1	43298794	285	AC
1	43299591	256	TC
1	43299628	37	TC
1	43299647	19	CT
1	43300515	542	AG
1	43300518	3	TC
1	43300671	153	TC
1	43300766	95	TC
1	43300780	14	CT
1	43301308	249	GA
1	43302301	635	GA
1	43303130	238	CT
1	43303140	10	TA
1	43303199	59	CG
1	43303246	47	GT
1	43303273	27	AG
1	43303349	76	GA
1	43303730	235	CT
1	43303800	70	CA
1	43304115	315	CT
1	43304313	198	GA
1	43304491	178	GA
1	43305442	631	CT
1	43305524	82	CT
1	43305721	197	TA
1	43305831	110	CA
1	43306076	245	CT
1	43306229	153	TC
1	43306233	4	TC
1	43306340	107	GT
1	43306432	92	CT
1	43306870	438	GA
1	43307035	165	CT
1	43307272	237	CT
1	43307445	120	CG
1	43307486	41	CT
1	43308064	418	AT
1	43308135	71	AG
1	43308303	168	AT
1	43308347	44	AG
1	43308642	295	CA
1	43308945	303	CT
1	43309098	153	CT
1	43309192	94	CA
1	43310052	860	CT
1	43310419	367	AC
1	43310879	460	TC
1	43311374	495	GA
1	43311906	532	CG
1	43311976	70	TC
1	43312180	204	CT
1	43312249	69	AG
1	43312496	186	TC
1	43312966	470	TC
1	43313530	224	TC
1	43313633	103	TC
1	43313819	186	AG
1	43313870	51	TC
1	43314172	302	GA
1	43314264	92	GC
1	43314327	63	CT
1	43314596	269	CA
1	43314626	30	TC
1	43314637	11	GA
1	43314814	177	TG
1	43315297	483	TG
1	43316287	386	GC
1	43316501	214	CT
1	43317038	537	GT
1	43317163	125	TC
1	43317192	29	TC
1	43317525	297	AG
1	43317530	5	TC
1	43317625	95	CA
1	43317852	227	GA
1	43317963	111	CG
1	43318047	84	TC
1	43318128	81	TG
1	43318224	58	TC
1	43318858	248	GA
1	43319310	61	AG
1	43319391	81	GA
1	43319422	31	AG
1	43319462	40	CT
1	43319526	64	TG
1	43319562	36	GA
1	43319567	5	TC
1	43319572	5	AG
1	43319881	309	TG
1	43320002	121	CA
1	43320019	17	TG
1	43320040	21	CG
1	43320729	689	GA
1	43321043	141	TG
1	43321111	68	CT
1	43321149	38	TG
1	43330190	2556	GA
1	43331522	178	CT
1	43331776	254	TC
1	43337421	3283	GC
1	43337479	58	GA
1	43338135	656	AG
1	43338216	81	TG
1	43338555	339	CA
1	43340060	1164	GA
1	43344510	765	GA
1	43344616	106	TC
1	43344666	50	AT
1	43344672	6	GT
1	43344918	246	GT
1	43344945	27	AG
1	43345165	54	GC
1	43345252	87	TC
1	43345262	10	CT
1	43345276	14	CA
1	43345340	64	GA
1	43345545	205	CT
1	43345639	94	TA
1	43345771	132	TC
1	43345885	114	CA
1	43345969	84	TC
1	43346291	322	TG
1	43346298	7	GA
1	43346390	92	TC
1	43346424	34	TG
1	43346454	30	GC
1	43346543	89	TC
1	43346585	42	TC
1	43346946	361	AG
1	43346967	21	CA
1	43347029	62	AC
1	43347251	222	AG
1	43347787	508	TC
1	43348531	547	GT
1	43348536	5	TG
1	43348583	47	TG
1	43349537	717	AT
1	43349555	18	CT
1	43350233	616	AG
1	43350248	15	TG
1	43350258	10	CG
1	43350485	227	CT
1	43350940	455	CT
1	43357263	4027	TC
1	43361202	3600	TC
1	43361253	51	TC
1	43361331	78	CT
1	43364552	754	GA
1	43366003	767	GA
1	43444450	46639	TA
1	43449336	3570	AC
1	43452392	2281	TC
1	43452585	193	TA
1	43452768	183	GC
1	43452820	9	GT
1	43453489	110	GA
1	43453953	464	GA
1	43454216	263	GT
1	43454667	451	CT
1	43455032	365	CT
1	43455167	135	AG
1	43455323	156	TC
1	43455597	274	CA
1	43455616	19	GC
1	43455645	29	TC
1	43455722	77	TC
1	43455851	129	AG
1	43455883	32	AG
1	43456073	190	AG
1	43456135	62	CT
1	43456165	30	GT
1	43456169	4	AG
1	43456186	17	GA
1	43458191	442	GA
1	43458709	518	GA
1	43459955	925	GA
1	43461409	765	CA
1	43461429	20	GA
1	43461486	57	GC
1	43461574	88	AG
1	43465612	1884	GA
1	43466156	475	CT
1	43470544	648	GA
1	43470586	42	AT
1	43470825	239	AG
1	43470948	123	TC
1	43472335	828	AG
1	43473930	1175	TC
1	43475957	744	TC
1	43476061	104	AC
1	43476062	1	GT
1	43476849	594	CT
1	43476854	5	GA
1	43476997	38	CT
1	43477067	70	GC
1	43477125	58	GA
1	43477253	128	CA
1	43479148	934	AT
1	43480220	595	TG
1	43480341	121	TC
1	43480369	28	TC
1	43481775	496	AG
1	43481792	17	TC
1	43483780	789	TC
1	43485395	1212	GA
1	43485652	257	TC
1	43485791	139	GA
1	43485867	76	AC
1	43486013	146	AG
1	43486198	185	CT
1	43486272	74	AG
1	43486297	25	GC
1	43487128	198	CT
1	43489107	776	TA
1	43489207	100	TC
1	43491824	1175	AG
1	43492669	553	CT
1	43492838	169	GA
1	43493373	535	CT
1	43494091	683	CT
1	43494110	19	GA
1	43494188	78	CT
1	43496924	1395	CT
1	43497567	592	TC
1	43497912	345	AG
1	43498256	318	AC
1	43499449	903	CT
1	43500474	842	CT
1	43501913	887	CT
1	43502669	432	CT
1	43506176	2670	CT
1	43507379	615	TC
1	43513885	2065	AG
1	43516463	804	CT
1	43517207	407	CT
1	43519089	644	GA
1	43519757	668	CT
1	43521575	1499	CT
1	43522714	999	CA
1	43522726	12	GA
1	43522763	37	GT
1	43524422	1200	CT
1	43525085	359	CT
1	43525096	11	AT
1	43525151	55	AG
1	43527825	2133	AT
1	43527967	142	AG
1	43528871	259	GA
1	43529739	640	CT
1	43530174	435	TA
1	43530198	24	TC
1	43530291	93	GA
1	43530744	453	GA
1	43530957	213	TC
1	43531153	196	AG
1	43531284	131	GA
1	43531315	31	AG
1	43531324	9	TC
1	43531381	57	CT
1	43532048	201	TG
1	43532176	128	AG
1	43532209	33	GA
1	43532212	3	AG
1	43532331	119	TC
1	43532503	172	GT
1	43532688	185	TC
1	43532810	122	CT
1	43532938	92	CT
1	43533015	77	AG
1	43533054	39	CT
1	43533256	74	TC
1	43533893	150	TG
1	43534013	49	AG
1	43534015	2	TC
1	43534022	7	GC
1	43534206	97	AT
1	43534226	20	CT
1	43534581	149	TC
1	43534762	181	AC
1	43534787	25	AC
1	43534938	151	TG
1	43534940	2	TC
1	43534951	11	TG
1	43534975	24	AG
1	43541406	182	CT
1	43541469	63	GC
1	43541515	46	AG
1	43541786	271	CT
1	43541959	140	CT
1	43542070	111	GA
1	43542087	17	GA
1	43542143	56	AG
1	43542741	125	AC
1	43544320	633	GA
1	43545226	266	CT
1	43546118	425	GT
1	43546122	4	AT
1	43546384	262	GA
1	43547716	1136	GA
1	43547826	110	GA
1	43547866	40	TA
1	43548383	442	CT
1	43548425	42	CT
1	43548439	14	AG
1	43548445	6	TC
1	43548960	317	GA
1	43549227	267	TG
1	43549235	8	TC
1	43550255	692	AG
1	43550323	68	GA
1	43550767	444	AG
1	43550795	28	TG
1	43551003	208	CA
1	43552035	468	GA
1	43552241	116	GA
1	43552342	101	AG
1	43552460	118	AC
1	43552540	80	TA
1	43552702	162	TC
1	43552788	86	CT
1	43553072	284	GC
1	43553480	408	GA
1	43553495	15	AG
1	43553699	204	GA
1	43553855	156	GA
1	43553915	60	GT
1	43553929	14	TC
1	43553991	62	TA
1	43554768	742	AG
1	43555175	407	CG
1	43555884	89	GA
1	43556016	132	TA
1	43556195	179	AG
1	43557228	1033	CT
1	43558720	1492	CT
1	43558734	14	CT
1	43564445	3207	AG
1	43564457	12	GA
1	43565435	652	AG
1	43565949	514	GA
1	43566547	235	AG
1	43566645	98	CT
1	43566787	142	CT
1	43567268	285	AC
1	43567273	5	CG
1	43567575	302	GA
1	43567595	20	CG
1	43569041	1104	AG
1	43569299	258	GA
1	43572097	2157	TC
1	43572613	516	AT
1	43574241	1165	TC
1	43575425	1002	AG
1	43577644	1568	CT
1	43579436	1184	TC
1	43579510	74	CT
1	43581678	1436	AG
1	43582817	618	GA
1	43583159	288	GC
1	43583247	48	AC
1	43583252	5	TC
1	43583256	4	GA
1	43584736	1480	AG
1	43587340	2433	CT
1	43587492	152	GC
1	43588169	677	AG
1	43588594	425	TA
1	43588820	226	CT
1	43589018	198	CT
1	43589085	67	GT
1	43591186	1436	GC
1	43591708	444	CT
1	43592638	904	CT
1	43592845	207	CT
1	43593293	364	GA
1	43593463	170	GA
1	43594013	451	GA
1	43594804	791	CA
1	43595190	386	GA
1	43598103	2750	TC
1	43601234	3131	GA
1	43602723	707	CT
1	43604379	1656	GA
1	43605192	693	AG
1	43605631	439	TA
1	43605868	237	TC
1	43605886	18	CT
1	43605918	32	GA
1	43606493	575	GA
1	43606525	32	AG
1	43606611	86	GA
1	43606940	329	TC
1	43607186	246	CA
1	43607746	560	CG
1	43608844	1073	CT
1	43608846	2	CT
1	43608977	131	GC
1	43609125	148	GC
1	43609603	478	AG
1	43609979	155	AG
1	43610036	57	CT
1	43610279	243	CT
1	43610350	71	GA
1	43610427	77	TA
1	43610467	40	AG
1	43611451	911	CT
1	43611674	223	CA
1	43612754	537	TC
1	43612850	96	CT
1	43613147	53	GA
1	43613191	44	CG
1	43613508	317	CT
1	43613601	93	CT
1	43613759	158	GA
1	43613797	38	CT
1	43613916	119	AC
1	43614095	179	CT
1	43614490	395	CT
1	43614629	139	CT
1	43617716	2241	CT
1	43619099	1255	CT
1	43619592	273	AG
1	43619993	401	TC
1	43620183	190	TC
1	43620221	38	AG
1	43620248	27	CT
1	43620356	108	CT
1	43620381	25	GA
1	43620663	282	GA
1	43620686	23	TA
1	43621043	357	AG
1	43621092	49	TG
1	43621473	381	TC
1	43621718	245	AG
1	43622993	1232	TC
1	43623760	448	CT
1	43633100	3288	CT
1	43638867	4503	GA
1	43644219	1685	GA
1	43644322	103	GA
1	43644906	157	TC
1	43644913	7	GA
1	43644950	37	CT
1	43645095	145	AG
1	43645296	201	CT
1	43645377	81	TG
1	43645568	191	CT
1	43645651	83	GA
1	43646011	360	AG
1	43646064	53	AC
1	43646146	82	CT
1	43647185	962	AG
1	43649002	951	GA
1	43649482	370	AC
1	43650875	646	TC
1	43650894	19	CA
1	43651223	329	TC
1	43651700	126	TC
1	43651712	12	CA
1	43652425	713	TC
1	43652670	138	CT
1	43653216	190	TC
1	43653299	83	CT
1	43653432	133	AC
1	43653450	18	CT
1	43653535	85	GA
1	43653613	78	GC
1	43653678	65	GA
1	43653690	12	AC
1	43653729	39	TC
1	43653746	17	CT
1	43653758	12	CT
1	43653772	14	GA
1	43653875	103	AG
1	43653995	120	CT
1	43653996	1	TA
1	43654061	65	TC
1	43654385	193	TA
1	43654386	1	AT
1	43654411	25	CT
1	43655343	344	AG
1	43655937	213	CA
1	43657110	503	CT
1	43657705	264	TC
1	43657709	4	AC
1	43657715	6	TC
1	43657805	90	GT
1	43658355	550	TC
1	43659079	45	AG
1	43659080	1	AC
1	43659204	84	GT
1	43659563	359	AG
1	43659938	283	TC
1	43660997	742	TC
1	43661003	6	AC
1	43661033	30	CG
1	43661910	385	CT
1	43662481	236	AC
1	43662582	76	GC
1	43667106	1494	TC
1	43667677	398	AG
1	43667751	74	GA
1	43667783	32	CT
1	43668985	606	TC
1	43669068	83	TC
1	43669866	798	CG
1	43669883	17	GC
1	43670271	388	GA
1	43670412	121	GT
1	43670422	10	TC
1	43670600	178	CT
1	43670631	31	TG
1	43670852	221	TC
1	43671716	629	GA
1	43671764	48	GA
1	43671770	6	TC
1	43673269	230	CT
1	43673270	1	TC
1	43673854	496	TG
1	43673962	108	TC
1	43673994	32	CT
1	43674300	306	CT
1	43674327	27	CT
1	43674344	17	CT
1	43680619	2844	AC
1	43682860	1094	TC
1	43684422	971	CA
1	43685292	870	TC
1	43685432	140	AG
1	43685722	234	CT
1	43685725	3	TC
1	43687703	1120	CG
1	43687981	278	AG
1	43688012	31	AG
1	43688830	782	CT
1	43688832	2	CT
1	43688919	87	TC
1	43689151	38	CG
1	43689153	2	TA
1	43692335	1089	CT
1	43693592	972	AG
1	43693608	16	AG
1	43694228	296	AG
1	43695013	434	CA
1	43695119	106	TC
1	43695138	19	AT
1	43695336	198	CT
1	43695423	87	AT
1	43695587	41	CT
1	43696040	30	TC
1	43696513	473	TG
1	43696672	159	GA
1	43696918	246	GA
1	43697087	169	CT
1	43697697	307	CT
1	43698160	175	GC
1	43699137	843	GA
1	43699314	177	CG
1	43699350	36	CT
1	43699599	249	GA
1	43699610	11	GC
1	43699644	34	GA
1	43699697	53	AG
1	43699705	8	GT
1	43700290	297	AG
1	43700357	67	CT
1	43700418	61	TA
1	43700433	15	CT
1	43700548	115	GC
1	43700894	346	GA
1	43700991	97	GT
1	43701128	137	CT
1	43701296	168	GA
1	43701933	117	AG
1	43702117	184	CT
1	43702122	5	AT
1	43702387	265	AG
1	43703239	116	TG
1	43703399	160	GA
1	43703962	450	GT
1	43706388	977	TC
1	43706409	21	TG
1	43707269	860	AT
1	43707278	9	CT
1	43707533	255	CT
1	43708325	366	CT
1	43708906	534	TC
1	43709254	293	GC
1	43709912	658	AC
1	43710056	144	AG
1	43710190	134	TC
1	43711127	781	TC
1	43711290	163	GA
1	43712630	320	GC
1	43713035	146	CT
1	43713058	23	CT
1	43713138	80	CT
1	43713224	86	TC
1	43713417	193	AG
1	43714132	698	GA
1	43714295	163	AG
1	43718902	1720	GT
1	43719021	119	AG
1	43719217	196	GA
1	43719223	6	CT
1	43719257	34	TC
1	43720275	706	GA
1	43720580	305	TC
1	43720698	118	GT
1	43720767	69	GC
1	43720842	75	CT
1	43720869	27	CT
1	43720870	1	CG
1	43720873	3	GA
1	43722031	647	GA
1	43722118	87	AT
1	43722538	157	GC
1	43722622	84	GA
1	43722717	95	TC
1	43726318	2887	TC
1	43726319	1	GA
1	43726685	366	GA
1	43727132	447	TC
1	43728305	858	GC
1	43729584	580	CT
1	43729638	54	CT
1	43736845	2802	CT
1	43737293	350	CG
1	43739507	226	GA
1	43739508	1	AG
1	43740152	426	CA
1	43740329	177	CT
1	43740545	216	GA
1	43740758	213	CT
1	43741251	295	CT
1	43741313	62	TA
1	43741448	135	GA
1	43741507	59	GA
1	43741628	121	TC
1	43743562	80	GA
1	43743694	132	CG
1	43744138	355	GA
1	43744191	53	AC
1	43744874	683	GA
1	43745425	551	AC
1	43747051	1332	TC
1	43747064	13	GA
1	43747259	195	GC
1	43747826	567	TC
1	43748870	767	GT
1	43752055	1848	CT
1	43753206	129	CT
1	43756578	881	CT
1	43763217	2707	CT
1	43763343	126	TG
1	43764623	1280	TC
1	43776151	1487	AC
1	43777559	973	TA
1	43777684	125	CT
1	43778731	758	GA
1	43782908	1938	CT
1	43783492	272	AG
1	43784581	463	TC
1	43791240	2581	TA
1	43805106	2603	GT
1	43808055	1562	TC
1	43808850	795	CT
1	43808852	2	CT
1	43810899	377	AG
1	43810959	60	CA
1	43810967	8	CT
1	43812850	275	AT
1	43813103	253	AG
1	43813407	304	CA
1	43813443	36	TC
1	43813643	200	AG
1	43814805	693	AG
1	43815002	197	GA
1	43815046	44	GA
1	43815058	12	GT
1	43815360	302	TA
1	43816289	200	GT
1	43817647	924	CT
1	43817677	30	AG
1	43817779	102	TG
1	43820437	1072	AT
1	43823414	330	CT
1	43826346	1183	GA
1	43826367	21	TC
1	43829439	1401	AC
1	43850841	628	GA
1	43852820	1659	CT
1	43853204	200	CT
1	43853813	609	TC
1	43857188	1689	GA
1	43857283	95	GA
1	43857686	379	TC
1	43857825	139	CT
1	43858563	738	AC
1	43858938	179	AG
1	43859928	663	AG
1	43859965	37	TC
1	43863056	2768	TC
1	43863947	574	GA
1	43864803	673	AG
1	43876146	2909	TC
1	43877610	1069	CT
1	43878515	905	GC
1	43881693	3026	AG
1	43882084	391	GT
1	43882888	591	AG
1	43888220	3404	GC
1	43889308	579	CG
1	43892825	3203	TG
1	43894984	1225	TC
1	43896142	977	AG
1	43897812	861	AG
1	43898640	828	CA
1	43911153	7710	TC
1	43912833	1600	CT
1	43915703	1858	GA
1	43919698	2908	TG
1	43920317	619	CG
1	43921075	501	TG
1	43921282	207	GA
1	43921352	70	CT
1	43923044	1692	GC
1	43923472	428	GA
1	43927193	1887	AC
1	43931272	2030	AG
1	43934243	1685	AG
1	43934438	195	AG
1	43936104	1170	GA
1	43939564	2393	CA
1	43940844	732	CA
1	43941948	513	TC
1	43942383	334	CT
1	43943466	940	CT
1	43946151	1457	TC
1	43946988	572	GA
1	43948630	1053	AG
1	43949641	1011	AG
1	43949693	52	CA
1	43950195	418	GA
1	43950391	196	GA
1	43951661	687	CT
1	43952019	247	TC
1	43952510	491	CG
1	43952763	253	TC
1	43954167	805	GA
1	43954169	2	TC
1	43954764	431	GA
1	43954856	92	AG
1	43955320	464	AG
1	43955759	439	TA
1	43955886	127	AG
1	43956810	924	CG
1	43957748	586	GA
1	43959180	229	GT
1	43960334	1154	AG
1	43960387	53	CG
1	43961101	260	CT
1	43961636	276	GA
1	43961643	7	GT
1	43961892	249	CT
1	43962126	234	TC
1	43962202	76	GT
1	43962255	53	TC
1	43962262	7	GT
1	43962981	544	CT
1	43962995	14	GT
1	43963502	507	GA
1	43963870	368	TC
1	43966592	1494	CT
1	43966617	25	AG
1	43966644	27	GA
1	43966853	209	GC
1	43966953	100	AT
1	43968649	1234	AG
1	43975058	2600	AG
1	43976949	1806	TC
1	43996496	7399	GA
1	43998485	1967	TG
1	43998530	45	GT
1	43998610	80	GA
1	44000579	1332	CT
1	44002870	1683	AG
1	44004678	1070	TC
1	44005603	925	AC
1	44005645	42	AG
1	44007601	1184	TG
1	44009017	1079	GA
1	44012837	2595	AT
1	44013892	814	GA
1	44014852	479	GC
1	44015034	182	CT
1	44017871	1872	CT
1	44021728	2446	GT
1	44021852	124	CT
1	44022699	339	GA
1	44023322	587	GC
1	44025233	1296	AG
1	44028664	2948	AT
1	44029044	380	AG
1	44030892	1022	CT
1	44035339	3748	GC
1	44037033	1377	TC
1	44038583	1510	GA
1	44051655	9100	TG
1	44053021	460	GA
1	44053705	423	GC
1	44054469	320	AT
1	44074369	14906	CT
1	44076842	2138	GT
1	44077280	438	CT
1	44089009	7747	GA
1	44099718	4826	AG
1	44133204	28850	GA
1	44135508	2157	GA
1	44136452	910	AT
1	44136832	380	TC
1	44136874	42	AG
1	44136936	62	AG
1	44137679	643	CG
1	44138168	426	GC
1	44138181	13	AG
1	44138707	526	CG
1	44139057	156	AG
1	44139162	105	AG
1	44139596	434	GA
1	44139770	174	TC
1	44139785	15	AG
1	44139955	170	CT
1	44140156	201	TC
1	44140893	352	TC
1	44141072	179	CT
1	44144876	813	CT
1	44147025	1298	GA
1	44147278	253	GA
1	44148857	1579	TC
1	44149284	427	CT
1	44152789	3466	GC
1	44152819	30	AT
1	44155874	2955	TC
1	44157839	1913	TC
1	44158888	702	TA
1	44160901	1884	TC
1	44161063	162	TC
1	44162961	1674	CG
1	44163136	175	TG
1	44163264	128	AG
1	44163421	157	CA
1	44167321	3751	CT
1	44168218	897	CT
1	44172577	4283	CT
1	44174696	1693	AG
1	44175028	332	CA
1	44177930	2807	CA
1	44178233	303	TA
1	44178423	190	AG
1	44180228	1305	TC
1	44181743	1515	TC
1	44185961	3535	CT
1	44193071	4813	TC
1	44207369	9462	TA
1	44209308	1916	GA
1	44213438	2598	CA
1	44214343	309	TC
1	44216309	961	TC
1	44223609	2303	CT
1	44226059	1209	GA
1	44226936	877	CT
1	44230404	2577	AG
1	44233336	2230	GA
1	44234733	1104	AG
1	44240413	875	AG
1	44241727	736	CT
1	44242386	659	TC
1	44243597	346	AT
1	44243797	200	TC
1	44244765	711	GA
1	44245655	890	AT
1	44246361	634	CT
1	44247120	759	TC
1	44248964	1443	GC
1	44251792	835	AG
1	44253889	1488	GA
1	44254569	334	TG
1	44257684	521	TC
1	44258839	197	TC
1	44259469	312	AG
1	44259977	508	CT
1	44264441	695	GA
1	44267216	1402	GA
1	44277943	1601	CT
1	44277979	36	TA
1	44280976	184	AC
1	44282358	1349	TC
1	44282363	5	TC
1	44283190	664	CT
1	44284948	449	GC
1	44285154	206	TC
1	44285302	148	CA
1	44285560	258	TC
1	44291149	900	CT
1	44292379	1230	TC
1	44298810	1246	GA
1	44303675	1920	TC
1	44307456	2341	AT
1	44317674	2390	AG
1	44323716	2808	AG
1	44326307	1560	CT
1	44333044	4086	AC
1	44333045	1	TC
1	44335571	1279	GA
1	44335716	145	GA
1	44336235	323	CT
1	44336273	38	CT
1	44336278	5	GA
1	44338844	2540	CT
1	44342187	2194	CT
1	44342292	105	AC
1	44344668	1425	CT
1	44346120	953	CT
1	44346245	125	AG
1	44349539	2386	AG
1	44350978	485	GT
1	44351512	534	TG
1	44351523	11	AG
1	44353895	1793	TA
1	44354535	538	AC
1	44354846	311	TC
1	44354910	64	GA
1	44354913	3	GC
1	44354991	78	TC
1	44355112	121	CG
1	44355117	5	GC
1	44355589	149	GA
1	44355642	53	TC
1	44356583	442	GT
1	44356755	172	AG
1	44357067	312	CA
1	44358684	1517	GA
1	44358756	72	GA
1	44360848	1092	CG
1	44361154	102	CT
1	44361950	456	CT
1	44362563	168	GA
1	44362583	20	TG
1	44373846	2572	GT
1	44384177	3295	GC
1	44384197	20	GC
1	44387392	324	AT
1	44388600	809	GA
1	44392809	1610	AG
1	44392860	51	GA
1	44393556	589	CT
1	44393573	17	CA
1	44398787	2178	GT
1	44399004	217	GA
1	44400763	112	AG
1	44400776	13	AC
1	44401008	232	GA
1	44401167	159	AG
1	44402615	813	GA
1	44402635	20	GT
1	44403303	261	TC
1	44403334	31	AG
1	44403336	2	AC
1	44403366	30	AC
1	44404444	175	CA
1	44404900	233	TC
1	44404905	5	CT
1	44406601	929	GA
1	44406994	393	GA
1	44406998	4	CT
1	44407954	543	CT
1	44408074	120	TA
1	44408491	190	GT
1	44409406	863	CG
1	44414719	3068	TC
1	44414935	216	TG
1	44415419	484	CA
1	44420627	2582	GA
1	44426112	4834	GA
1	44426541	429	GA
1	44428601	1765	TG
1	44429313	404	GC
1	44430516	1180	AG
1	44433291	1370	GC
1	44433500	209	AG
1	44442306	6580	TC
1	44451992	8808	AG
1	44454755	2763	GA
1	44455677	511	CT
1	44455848	171	CT
1	44470151	7969	CA
1	44472518	539	CT
1	44474447	1025	TA
1	44475335	646	CT
1	44475344	9	CT
1	44475368	24	CT
1	44475471	103	TC
1	44476823	1078	TC
1	44477997	77	CT
1	44478074	77	TC
1	44478105	31	CT
1	44478119	14	CG
1	44478280	161	GA
1	44478317	37	CA
1	44478326	9	CG
1	44478372	46	GA
1	44478404	32	GA
1	44478405	1	TC
1	44478431	26	TC
1	44478437	6	GC
1	44479190	301	TC
1	44479203	13	GC
1	44479257	54	TC
1	44479701	444	GA
1	44480323	478	TA
1	44480390	67	TC
1	44480449	59	GA
1	44480585	136	CG
1	44480620	35	GA
1	44480628	8	TC
1	44480784	156	AG
1	44480829	45	TG
1	44480938	109	TC
1	44481524	153	TC
1	44481568	44	CG
1	44481575	7	TG
1	44481936	138	CT
1	44482134	66	CT
1	44482196	62	TG
1	44482302	106	GA
1	44482355	53	GA
1	44483323	375	CT
1	44483326	3	TC
1	44485516	393	TC
1	44485535	19	AG
1	44485662	127	TC
1	44485664	2	CT
1	44486437	384	AG
1	44487176	399	TA
1	44487214	38	GC
1	44487367	153	CT
1	44497537	3183	GA
1	44497739	202	CG
1	44497757	18	CT
1	44497821	64	TC
1	44500063	1982	TC
1	44500898	835	CT
1	44500958	60	GA
1	44501429	471	CA
1	44502140	550	GC
1	44503120	907	GA
1	44503709	479	CT
1	44504156	447	GT
1	44506275	526	GA
1	44506887	612	CT
1	44508253	545	TG
1	44510110	1623	GA
1	44513205	2752	AG
1	44513829	624	TC
1	44513900	71	AG
1	44514211	311	CG
1	44514454	243	CT
1	44515163	709	GA
1	44515898	680	GA
1	44515941	43	CT
1	44515951	10	CT
1	44516752	665	CT
1	44518381	1526	GA
1	44518973	592	AG
1	44519025	52	CG
1	44519137	112	GA
1	44519701	564	AG
1	44520049	348	AG
1	44520961	716	GT
1	44524875	3441	GA
1	44524969	94	AG
1	44525194	225	GA
1	44526026	832	CG
1	44526079	53	CT
1	44526599	391	TG
1	44530316	3179	CT
1	44531982	1420	GA
1	44533120	1138	CT
1	44533179	59	CT
1	44534377	747	CT
1	44537780	3308	GA
1	44539354	1574	GT
1	44539510	156	GA
1	44539748	238	CG
1	44539960	212	GA
1	44540542	541	GA
1	44540988	446	CT
1	44542218	1230	TG
1	44542570	352	GA
1	44544424	1824	CT
1	44546032	1221	AG
1	44546480	384	GA
1	44546573	93	TC
1	44546751	178	AC
1	44546834	83	CG
1	44547047	180	AT
1	44547895	848	CT
1	44547900	5	GT
1	44548152	252	GC
1	44548155	3	TC
1	44550483	2328	GT
1	44550725	242	GA
1	44550819	11	CT
1	44550870	51	GA
1	44550907	37	CA
1	44550930	23	TC
1	44552043	1113	AC
1	44553009	925	TG
1	44553221	212	GA
1	44553359	138	AG
1	44553425	66	AG
1	44553832	407	CT
1	44554023	191	GA
1	44554051	28	TC
1	44554392	341	TC
1	44555020	628	GT
1	44555974	954	GA
1	44556248	274	TC
1	44556676	231	AG
1	44556927	251	CG
1	44556973	46	TC
1	44560578	2847	GT
1	44560847	269	CA
1	44561381	534	TC
1	44561840	459	CT
1	44562045	205	AG
1	44563054	827	TC
1	44563055	1	GC
1	44563059	4	CT
1	44563064	5	CT
1	44563237	173	TC
1	44563411	174	AG
1	44563795	384	GA
1	44564249	405	AG
1	44564608	359	CT
1	44565648	1040	AG
1	44565741	93	CT
1	44565808	67	GA
1	44565821	13	GC
1	44566414	301	GA
1	44566888	374	GA
1	44567466	540	CT
1	44567543	77	GA
1	44567846	303	AG
1	44569159	1313	GA
1	44570923	1764	GA
1	44571097	174	AG
1	44575928	4782	AG
1	44575932	4	CT
1	44576177	245	GC
1	44577732	1410	GA
1	44577787	55	AG
1	44580281	2443	GA
1	44580806	525	AG
1	44580953	147	AG
1	44581042	89	GA
1	44581293	251	TA
1	44581485	192	AG
1	44581535	50	AT
1	44582393	786	GT
1	44582543	150	GA
1	44582805	262	CG
1	44583223	418	AG
1	44583369	146	GA
1	44583943	574	GA
1	44584054	111	CG
1	44584818	685	TC
1	44585608	790	CT
1	44585821	188	GA
1	44586436	481	GA
1	44586837	401	AG
1	44588144	782	TC
1	44588210	66	CA
1	44588311	101	AG
1	44588375	64	GA
1	44588424	49	TC
1	44588539	115	GA
1	44588546	7	AG
1	44588608	62	GA
1	44588694	86	GA
1	44588709	15	AG
1	44589470	761	AG
1	44589568	98	TC
1	44589673	105	CT
1	44590731	852	CT
1	44590746	15	CT
1	44590759	13	CG
1	44590827	68	GA
1	44590831	4	TC
1	44591337	506	CG
1	44591485	148	TC
1	44591877	392	AG
1	44591934	57	CT
1	44591943	9	AC
1	44591961	18	GA
1	44592356	395	AG
1	44593013	291	TG
1	44593020	7	TC
1	44593496	476	TC
1	44593760	180	AT
1	44593822	62	GC
1	44594231	300	GA
1	44594412	181	CT
1	44594416	4	AG
1	44594436	20	GA
1	44594482	46	GA
1	44594736	254	TC
1	44595066	330	AG
1	44595470	404	AG
1	44595969	450	AG
1	44596155	186	CT
1	44596210	55	TC
1	44596292	82	TC
1	44596393	101	GA
1	44596787	394	TA
1	44597533	697	CT
1	44598264	421	CT
1	44599546	1202	GT
1	44599696	150	CT
1	44601079	299	GA
1	44601175	96	CT
1	44601354	179	AC
1	44601365	11	CG
1	44601474	109	GA
1	44601490	16	AT
1	44602084	566	AG
1	44602490	406	CT
1	44605284	1333	CT
1	44605328	44	CA
1	44605333	5	CT
1	44605334	1	AG
1	44605533	199	GA
1	44605869	336	CT
1	44606536	667	GA
1	44606595	59	GA
1	44606667	72	GA
1	44631370	14943	CT
1	44631526	156	TC
1	44631813	287	TC
1	44633426	322	CT
1	44634239	769	CT
1	44634327	88	CT
1	44635359	822	CT
1	44635450	91	CT
1	44635639	189	GA
1	44638076	2083	CT
1	44638404	328	AG
1	44638894	490	CG
1	44638897	3	GA
1	44639778	881	GA
1	44640936	868	AG
1	44641205	269	CG
1	44641207	2	AG
1	44641503	296	AC
1	44642516	785	CT
1	44642743	227	AG
1	44643942	1199	TA
1	44643992	50	CT
1	44644126	134	GA
1	44645263	703	AG
1	44652284	5526	GA
1	44657593	5124	GA
1	44679903	20045	CT
1	44695742	14483	CT
1	44703272	7384	GA
1	44711852	6587	AG
1	44713390	591	GT
1	44722070	6180	GA
1	44724472	2204	CT
1	44728320	3264	CT
1	44729571	1251	GA
1	44729725	154	AG
1	44730730	1005	CT
1	44731776	739	CT
1	44731951	175	GT
1	44781539	35594	CT
1	45082346	10539	AG
1	45083465	1037	GC
1	45091908	6956	GA
1	45094972	1872	TA
1	45095004	32	GA
1	45095720	716	TC
1	45098130	2370	TC
1	45101393	2621	GA
1	45105447	2940	GA
1	45115197	8774	GA
1	45120889	4778	GA
1	45125483	4017	AG
1	45126938	1427	TC
1	45127702	764	CT
1	45127861	159	TC
1	45139851	10659	TC
1	45140968	875	TC
1	45142013	492	GT
1	45147929	4928	CG
1	45149076	984	GA
1	45154575	4573	GA
1	45156220	1503	AG
1	45157648	1008	GT
1	45161716	3562	GA
1	45162432	668	CT
1	45162934	502	CG
1	45165493	2509	GA
1	45170126	4158	TG
1	45174874	3931	CT
1	45178955	3562	GT
1	45179035	80	TC
1	45181969	2736	TA
1	45182753	784	TC
1	45182772	19	CT
1	45188856	4487	CG
1	45189631	521	CT
1	45200751	8296	CT
1	45201043	205	GA
1	45209866	4169	GA
1	45209897	31	CT
1	45209920	23	TC
1	45210418	232	GA
1	45211528	676	TC
1	45213370	1176	TG
1	45214151	730	GA
1	45214159	8	TG
1	45218313	2007	TC
1	45218389	76	GA
1	45226231	6399	GC
1	45228054	1340	CT
1	45231245	2319	GA
1	45232603	1270	GA
1	45242562	4483	TC
1	45244142	1374	AG
1	45245510	529	AC
1	45246835	960	TC
1	45248034	964	GC
1	45248560	205	GA
1	45248561	1	AT
1	45249278	717	AG
1	45249924	303	AC
1	45250477	553	CT
1	45250773	163	CT
1	45252700	519	GA
1	45253186	340	GC
1	45253722	536	CT
1	45257567	2898	GA
1	45259699	1419	GA
1	45260510	748	AG
1	45260624	114	CT
1	45261647	1023	TC
1	45262386	739	CT
1	45263330	750	TC
1	45263623	233	TG
1	45263697	74	GC
1	45263709	12	GA
1	45264191	482	GT
1	45265408	677	GC
1	45266570	710	TC
1	45266608	38	GA
1	45266856	248	GA
1	45267105	249	AG
1	45267504	399	CT
1	45268228	724	AG
1	45268262	34	TC
1	45268287	25	CA
1	45268510	223	GA
1	45268753	243	TC
1	45268823	70	TC
1	45268912	89	CT
1	45276997	739	TC
1	45277096	99	TC
1	45277121	25	GA
1	45277301	180	TC
1	45277335	34	TC
1	45278002	318	CT
1	45278575	573	TC
1	45279011	338	TC
1	45280184	681	AG
1	45282624	1806	TG
1	45282826	202	GA
1	45282882	56	GT
1	45283372	490	CT
1	45288610	4906	GC
1	45289099	489	CG
1	45290188	816	CT
1	45290475	287	AG
1	45290982	507	TA
1	45291234	225	TC
1	45291271	37	GA
1	45291843	509	AG
1	45293474	536	TG
1	45293512	38	AG
1	45297390	1865	CT
1	45297520	130	CT
1	45300600	1940	AG
1	45302679	1506	GA
1	45303158	479	GA
1	45304628	1071	GA
1	45304944	262	TC
1	45305076	132	AG
1	45305788	682	CT
1	45306975	834	CT
1	45307408	433	GA
1	45307454	46	CT
1	45308660	1118	AG
1	45309040	380	CT
1	45309773	235	AG
1	45310187	414	TG
1	45310210	23	CT
1	45310629	419	GA
1	45312047	1418	GA
1	45312082	35	GT
1	45312325	243	GT
1	45317439	3512	TC
1	45318175	694	CG
1	45319368	742	GA
1	45320497	988	AG
1	45322163	1348	GA
1	45326862	4178	CT
1	45326863	1	AT
1	45326909	46	CT
1	45326933	24	CT
1	45329511	2240	CA
1	45330183	672	GC
1	45334352	4135	TC
1	45334573	221	TC
1	45338181	3608	AG
1	45339690	1470	CT
1	45345453	4522	GA
1	45346163	710	GC
1	45346839	626	GA
1	45355520	7564	AG
1	45356836	758	CA
1	45371965	11317	CA
1	45383450	8205	GA
1	45384015	565	GT
1	45387216	2376	CG
1	45390611	3337	CT
1	45392689	1645	CT
1	45400226	6006	CT
1	45413222	7046	GA
1	45425693	8661	GA
1	45428437	2225	TC
1	45428517	80	CG
1	45428729	212	GA
1	45428750	21	GA
1	45429179	429	TC
1	45429341	162	GC
1	45429767	331	GA
1	45429931	164	GC
1	45430101	170	CT
1	45431466	1365	TG
1	45431921	455	GA
1	45431957	36	CT
1	45431999	42	TC
1	45433483	1204	CT
1	45436184	2259	CT
1	45436312	128	GA
1	45436553	241	GT
1	45436869	316	CT
1	45440705	2947	GA
1	45441090	385	TG
1	45441569	479	GA
1	45442397	828	GA
1	45444195	1050	CT
1	45444872	677	GA
1	45445362	490	GA
1	45445525	163	GC
1	45446455	744	CT
1	45448046	663	CT
1	45449539	1323	CT
1	45449733	194	CG
1	45450459	726	CG
1	45450475	16	GA
1	45451637	1122	CT
1	45451731	94	AC
1	45452423	621	GA
1	45452468	45	CT
1	45453224	756	GA
1	45453300	76	GA
1	45453484	184	CT
1	45453485	1	GA
1	45453655	170	TC
1	45453722	67	CT
1	45453724	2	AC
1	45453966	242	TC
1	45453996	30	CT
1	45454211	215	GA
1	45454304	93	AG
1	45454444	140	CA
1	45454972	528	AG
1	45455104	75	CG
1	45455134	30	CG
1	45455147	13	CG
1	45455150	3	AG
1	45457490	1786	TC
1	45463077	4367	TC
1	45463479	212	GT
1	45463627	148	TA
1	45465160	789	TA
1	45466064	473	TC
1	45466179	115	CA
1	45466683	504	TC
1	45469815	2212	AG
1	45474354	3320	GA
1	45474553	199	GA
1	45475732	702	AG
1	45475986	190	CT
1	45476762	776	AG
1	45477497	670	CT
1	45477563	66	TG
1	45477630	67	AG
1	45482519	3745	TC
1	45487053	3774	CT
1	45487170	117	GC
1	45488450	1226	AT
1	45489443	916	TC
1	45489798	355	AG
1	45494115	3253	TA
1	45498416	2259	CT
1	45498659	243	TA
1	45498671	12	GT
1	45498895	35	AC
1	45498983	88	AC
1	45500578	807	AG
1	45500585	7	GT
1	45500773	112	CT
1	45501024	251	GC
1	45501118	94	TC
1	45501140	22	CA
1	45501987	115	GA
1	45501995	8	GC
1	45501998	3	GA
1	45502000	2	CG
1	45502001	1	TG
1	45503686	787	GA
1	45504045	281	AC
1	45513498	1512	GA
1	45514041	390	CT
1	45514076	35	GA
1	45514103	27	TA
1	45514184	81	CT
1	45514217	33	GA
1	45516382	136	AG
1	45516387	5	CT
1	45516532	86	GA
1	45516868	33	TC
1	45517505	157	GC
1	45517522	17	CT
1	45517745	94	GT
1	45518896	212	GA
1	45519439	142	GC
1	45519475	36	GT
1	45519808	236	CT
1	45519811	3	TC
1	45519813	2	AG
1	45519929	116	GA
1	45519933	4	AG
1	45520755	90	TG
1	45520802	47	TC
1	45520820	18	AG
1	45520884	64	AC
1	45520895	11	GA
1	45520962	67	CT
1	45521073	111	GA
1	45521213	140	AG
1	45521447	234	AC
1	45521456	9	TC
1	45522624	241	GA
1	45523038	414	TC
1	45523175	137	CT
1	45523721	546	TC
1	45523804	83	AG
1	45524113	309	AG
1	45528739	1638	CT
1	45528823	84	CT
1	45529124	301	GA
1	45529871	712	AG
1	45531019	191	AG
1	45531037	18	GT
1	45539190	950	AG
1	45542188	1447	AG
1	45543717	833	CT
1	45543726	9	CT
1	45548998	3420	TC
1	45549177	179	AG
1	45556746	3937	TA
1	45560660	606	GA
1	45580331	3741	AC
1	45583246	1676	TC
1	45583787	541	CG
1	45583843	56	TG
1	45586196	459	GA
1	45589234	1628	TA
1	45589319	85	CT
1	45592439	1195	CT
1	45592515	76	AG
1	45592777	153	CT
1	45593725	870	CT
1	45594027	302	CT
1	45594196	169	CA
1	45594228	32	CG
1	45594481	253	AG
1	45594775	146	CT
1	45594857	82	CA
1	45595211	354	TA
1	45595330	119	AG
1	45595533	203	GA
1	45596632	413	GA
1	45596779	147	GA
1	45597948	1169	GA
1	45609358	5795	GA
1	45609508	150	AC
1	45609779	271	GA
1	45609845	66	AT
1	45610017	172	GC
1	45610662	645	TG
1	45610985	323	CA
1	45611006	21	CT
1	45611437	407	AG
1	45611909	472	GT
1	45615006	691	AT
1	45615045	39	GA
1	45615421	376	AG
1	45631416	1069	CT
1	45631511	95	AT
1	45631731	220	CT
1	45632415	172	TC
1	45632641	154	TA
1	45632642	1	GA
1	45632681	39	TC
1	45632852	171	GA
1	45633165	313	CT
1	45634985	638	CT
1	45635546	489	TC
1	45636399	853	AT
1	45637019	160	GA
1	45638127	683	TC
1	45640998	1229	GA
1	45641279	281	AG
1	45652809	3125	GT
1	45652818	9	GA
1	45652836	18	GC
1	45653356	226	TA
1	45653362	6	CT
1	45653384	22	TC
1	45653423	39	GA
1	45653455	32	CT
1	45653559	104	TC
1	45654176	617	TC
1	45654288	112	TG
1	45654963	675	GA
1	45655056	93	AG
1	45655155	99	GA
1	45656192	180	TC
1	45656249	57	GA
1	45656250	1	AC
1	45656296	46	GA
1	45657372	1055	GA
1	45659399	451	GA
1	45659460	61	CT
1	45660420	960	GA
1	45660961	357	GA
1	45661200	118	AC
1	45661780	580	AC
1	45661786	6	GC
1	45661887	101	CA
1	45662069	182	GC
1	45662277	111	AG
1	45662283	6	TC
1	45662732	449	CG
1	45662899	167	TC
1	45662915	16	GT
1	45662941	26	AG
1	45663415	390	GT
1	45663839	223	CG
1	45663840	1	CG
1	45663843	3	CT
1	45663869	26	GA
1	45663874	5	TC
1	45663877	3	TG
1	45663926	49	CT
1	45663933	7	AC
1	45663959	26	AC
1	45664176	217	TC
1	45664711	101	AC
1	45665533	445	AT
1	45667707	340	AG
1	45667801	94	AG
1	45667841	40	GA
1	45668266	90	GA
1	45668315	49	GA
1	45668363	48	TA
1	45668645	79	GA
1	45669720	217	GA
1	45669762	42	TC
1	45669764	2	GA
1	45669842	78	AG
1	45669970	128	CT
1	45670047	77	AG
1	45670057	10	TC
1	45670069	12	AG
1	45670488	419	TG
1	45670506	18	TC
1	45670629	123	CT
1	45670634	5	CT
1	45670680	46	GA
1	45670688	8	AG
1	45670737	49	GA
1	45670766	29	GA
1	45670804	38	AG
1	45671054	250	CT
1	45671317	263	CT
1	45671318	1	GT
1	45671350	32	CG
1	45671435	85	AG
1	45671504	69	CG
1	45671657	153	GT
1	45671659	2	AT
1	45671979	320	TC
1	45672065	86	CA
1	45672395	161	GA
1	45672632	237	CT
1	45674825	1001	CA
1	45675101	68	AG
1	45682510	5748	AG
1	45687059	1543	CT
1	45779867	41146	AC
1	45789685	1344	TC
1	45801815	1235	CG
1	45801821	6	AG
1	45830799	1411	AG
1	45830844	45	GA
1	45832793	1058	TA
1	45835175	910	GA
1	45835800	313	TC
1	45839571	3237	TC
1	45842993	2298	TC
1	45843051	58	TC
1	45843306	255	GA
1	45843383	77	CA
1	45843550	167	GT
1	45843817	267	TC
1	45850276	360	AT
1	45850499	223	TC
1	45853559	286	CT
1	45853612	53	CA
1	45870269	2938	GA
1	45877643	4783	CT
1	45879376	1389	CA
1	45879857	481	CG
1	45880257	342	GA
1	45880258	1	GC
1	45880419	161	AC
1	45880421	2	GA
1	45880508	87	GA
1	45880649	141	AT
1	45880758	109	AG
1	45881816	467	TA
1	45892080	544	TC
1	45892109	29	TA
1	45900152	1703	CG
1	45901054	394	TA
1	45901497	247	AG
1	45901653	156	CT
1	45901864	211	AC
1	45901902	38	GA
1	45903060	392	AG
1	45903396	336	GC
1	45903695	299	AG
1	45903731	36	CT
1	45908665	1220	AT
1	45908666	1	AC
1	45908814	148	GA
1	45908824	10	TG
1	45909030	206	TA
1	45915789	260	TC
1	45916292	503	TG
1	45917583	636	GA
1	45919922	468	GT
1	45920149	227	GT
1	45920171	22	TC
1	45921991	870	CA
1	45922435	444	CT
1	45923197	374	GA
1	45923699	422	AG
1	45924450	751	GA
1	45925216	766	CA
1	45925717	501	GA
1	45925719	2	GA
1	45925727	8	AC
1	45933706	1338	GA
1	45933728	22	AC
1	45934393	324	CG
1	45934467	74	TC
1	45936682	313	AG
1	45941250	578	CA
1	45944367	165	GA
1	45948579	457	CG
1	45949451	872	GA
1	45950211	634	AG
1	45953180	1216	CT
1	45953730	550	AG
1	45958719	1260	GA
1	45958870	151	TC
1	45959238	368	TC
1	45959660	422	GC
1	45962428	2538	CT
1	45962471	43	AG
1	45963021	550	GA
1	45963025	4	GA
1	45964924	1675	CT
1	45967693	2149	CT
1	45968457	764	CT
1	45970752	1552	AG
1	45971593	810	TC
1	45971983	298	GT
1	45972038	55	AG
1	45973849	1600	CG
1	45974159	310	GA
1	45975131	972	AC
1	45975135	4	AT
1	45975373	238	TA
1	45976638	1243	CT
1	45977168	530	GA
1	45977999	831	TC
1	45984684	5591	GC
1	45985105	271	GA
1	45985156	51	CA
1	45985651	495	GA
1	45987222	1571	CG
1	45987575	353	CT
1	45987767	192	CG
1	45988442	272	GA
1	45990364	1922	GA
1	45991242	629	AG
1	45991243	1	AG
1	45991524	281	CT
1	45994786	877	GA
1	45995636	373	AG
1	45997448	1648	CT
1	46034222	21595	CT
1	46047021	10401	GT
1	46051813	2711	AG
1	46054526	1918	CG
1	46060697	4576	CT
1	46060707	10	AG
1	46072669	8075	TC
1	46096865	17526	GT
1	46098181	1247	TC
1	46098501	320	CT
1	46099020	183	TC
1	46099048	28	GA
1	46099092	44	GA
1	46099151	59	TC
1	46099162	11	AG
1	46099685	523	GA
1	46100670	716	AT
1	46100962	292	GA
1	46100970	8	GA
1	46101378	408	TA
1	46106646	2763	TC
1	46107004	263	TG
1	46107789	688	GC
1	46107791	2	CT
1	46112922	2366	CT
1	46113014	92	GC
1	46113032	18	CT
1	46113034	2	TG
1	46113036	2	TC
1	46113247	211	CG
1	46113413	166	GA
1	46113683	270	AT
1	46113718	35	AG
1	46114058	340	AC
1	46114163	105	CT
1	46114208	45	GA
1	46114493	59	GA
1	46114576	83	GA
1	46114652	76	AT
1	46115344	692	AG
1	46115471	127	TA
1	46116431	549	AG
1	46116509	78	TA
1	46116543	34	AG
1	46117070	317	GA
1	46117076	6	CT
1	46117162	86	CT
1	46117227	65	GA
1	46117274	47	AG
1	46117276	2	AG
1	46117279	3	CG
1	46117281	2	AT
1	46117684	403	TC
1	46117855	171	AG
1	46117917	62	TG
1	46119905	768	CT
1	46123070	1367	GT
1	46124618	924	GA
1	46149567	16649	TG
1	46149720	153	GC
1	46149802	82	GC
1	46149894	92	GA
1	46150019	125	CT
1	46150799	408	TC
1	46152096	1183	TC
1	46154018	962	GA
1	46155640	1587	GT
1	46162183	5132	CT
1	46171116	4202	GT
1	46186681	8908	CT
1	46329629	86376	CT
1	46329874	245	TC
1	46333306	795	TC
1	46334792	324	GA
1	46335117	325	CT
1	46335165	48	GA
1	46338309	502	TC
1	46338570	261	GT
1	46338597	27	TC
1	46339737	867	AG
1	46339943	206	AG
1	46340139	143	GA
1	46341699	575	CT
1	46342063	279	AG
1	46342086	23	AG
1	46342161	75	CT
1	46342195	34	GA
1	46342223	28	AC
1	46342246	23	CT
1	46342264	18	TC
1	46342276	12	TC
1	46342279	3	GC
1	46342523	244	AT
1	46342542	19	AG
1	46343871	76	GA
1	46343958	87	TC
1	46343969	11	GT
1	46344062	93	TG
1	46344086	24	AC
1	46346125	534	CT
1	46346255	130	CT
1	46346292	37	GC
1	46346333	41	AG
1	46349993	2016	AG
1	46352723	1253	CT
1	46357013	2449	TA
1	46357812	684	AG
1	46358488	397	AG
1	46358611	123	AG
1	46358750	139	TC
1	46360290	249	AG
1	46360345	55	GT
1	46361132	205	GC
1	46361147	15	GT
1	46361855	708	GA
1	46362150	295	AG
1	46363259	395	TC
1	46368844	1073	CG
1	46374841	612	GA
1	46376368	687	CG
1	46376452	84	GA
1	46376680	169	AG
1	46377299	336	GA
1	46377496	197	GA
1	46378136	457	CA
1	46378494	358	CT
1	46378624	130	AG
1	46379784	724	TC
1	46380675	508	GA
1	46381939	229	TC
1	46382007	68	GA
1	46382015	8	AG
1	46384579	1126	CG
1	46385302	679	CG
1	46385306	4	CT
1	46385580	274	AT
1	46386477	561	GT
1	46386574	97	GA
1	46386616	42	TC
1	46386729	113	GC
1	46387290	17	TC
1	46389631	209	GA
1	46389738	107	AG
1	46390323	443	TC
1	46390328	5	GA
1	46390351	23	TC
1	46392759	601	TG
1	46392859	100	CT
1	46393978	966	GA
1	46394934	829	TC
1	46396433	1198	GA
1	46396454	21	GA
1	46396474	20	GA
1	46396625	151	CT
1	46396833	91	GA
1	46396847	14	TA
1	46397942	710	TC
1	46398257	315	GA
1	46398567	310	GA
1	46398833	266	AT
1	46403163	1702	TC
1	46403798	151	GA
1	46409712	3277	TA
1	46413431	1942	AG
1	46413538	107	AG
1	46415301	466	TC
1	46416722	432	TC
1	46417966	1036	CT
1	46419313	1167	GA
1	46419944	326	CT
1	46423746	716	TC
1	46424839	701	TC
1	46426231	486	TC
1	46428887	1315	AG
1	46429650	200	GA
1	46429699	49	AG
1	46429829	130	TC
1	46437787	956	CT
1	46437853	66	TC
1	46438099	246	TC
1	46445153	2192	TA
1	46445616	194	AT
1	46447820	1107	AC
1	46452190	1059	TC
1	46453105	46	AG
1	46453616	57	TG
1	46455681	441	TC
1	46456351	504	TC
1	46460349	3103	CG
1	46460865	516	TC
1	46470119	4965	AG
1	46471845	1726	CT
1	46475341	3324	CT
1	46477947	818	AG
1	46481375	3259	CT
1	46481856	349	GT
1	46487011	4932	GA
1	46493491	1542	CT
1	46493567	76	AG
1	46493659	92	AG
1	46494169	510	AC
1	46494216	47	CT
1	46494549	333	AG
1	46495421	787	GA
1	46499420	3875	CT
1	46501167	1747	CT
1	46501850	683	CT
1	46503419	1569	AG
1	46503581	162	AG
1	46507066	3350	CA
1	46507806	671	TC
1	46510485	2176	CT
1	46513037	2479	CG
1	46513884	847	TG
1	46515920	2006	GA
1	46516094	174	CT
1	46520058	3924	CG
1	46521146	1088	TA
1	46522774	1628	CT
1	46524022	1096	CT
1	46526920	1795	TC
1	46527858	817	TC
1	46529796	1224	AG
1	46532303	2130	CA
1	46533360	311	CT
1	46536384	2785	TC
1	46536639	255	TC
1	46538249	1610	GA
1	46538636	387	CG
1	46538919	283	AT
1	46539408	489	TC
1	46540341	906	CT
1	46541458	424	CT
1	46542266	503	TG
1	46543169	903	AG
1	46543188	19	CA
1	46543642	454	GT
1	46544792	866	AG
1	46545990	902	TC
1	46547592	1602	AG
1	46547753	161	GC
1	46548358	605	TG
1	46548359	1	GT
1	46548424	65	CT
1	46550768	1111	AC
1	46550791	23	TG
1	46550903	112	TC
1	46551348	417	AG
1	46551363	15	GA
1	46552718	979	AG
1	46553766	923	CT
1	46557644	1597	AG
1	46558923	374	TC
1	46560074	184	TC
1	46560206	132	TA
1	46560462	216	GA
1	46562452	1508	TC
1	46562605	153	AG
1	46562672	67	CT
1	46563965	1293	CT
1	46564201	236	TC
1	46565260	1059	GA
1	46566130	870	CT
1	46569708	3388	CT
1	46570501	793	AT
1	46577334	1660	AG
1	46578300	450	AG
1	46581227	2302	GC
1	46582363	412	GA
1	46583516	1153	CG
1	46583723	207	TC
1	46586489	1009	CT
1	46590447	2165	GC
1	46592066	1560	AT
1	46592268	202	TA
1	46592537	180	GA
1	46592717	114	TC
1	46593524	807	CT
1	46594728	1204	TG
1	46594768	40	CT
1	46596011	884	GA
1	46599991	2899	CT
1	46600125	134	GA
1	46602609	1692	GA
1	46604432	1539	CT
1	46605424	992	AG
1	46605500	76	CT
1	46609080	2899	AG
1	46609223	143	AG
1	46615043	4573	GA
1	46617913	2846	GC
1	46620751	2838	AG
1	46625509	2337	GA
1	46627910	1679	AG
1	46628432	522	CT
1	46635318	4170	TC
1	46636385	1033	AG
1	46637560	1175	CT
1	46637711	151	GA
1	46638301	590	AG
1	46638427	126	TA
1	46638517	90	TC
1	46645875	2709	AT
1	46648300	1777	TC
1	46648530	230	GC
1	46654490	1958	CT
1	46656100	1610	TC
1	46661971	4692	CT
1	46666305	3008	CA
1	46666485	180	TC
1	46668825	2302	TC
1	46669871	1046	GC
1	46670805	934	GC
1	46671454	252	TC
1	46676147	3784	TC
1	46676262	115	AG
1	46678209	1231	CT
1	46680969	1318	AG
1	46681048	79	CT
1	46682023	658	AT
1	46682144	121	AG
1	46682289	145	GC
1	46686397	2416	GC
1	46686665	268	GA
1	46687035	96	AG
1	46691670	1663	AG
1	46691722	52	TC
1	46695458	2246	TA
1	46696167	682	GC
1	46696481	287	GA
1	46696686	205	CT
1	46697337	651	AG
1	46699277	862	GA
1	46699560	283	GA
1	46699674	114	GA
1	46700138	464	CT
1	46700375	237	GA
1	46702997	1332	AG
1	46703164	167	CG
1	46703231	67	CT
1	46704832	725	CT
1	46705320	488	GA
1	46705732	412	CT
1	46708681	1010	GA
1	46712286	2033	GT
1	46715299	1579	AG
1	46716804	415	TA
1	46721450	1088	TC
1	46759000	17685	GC
1	46765732	615	AG
1	46770377	4570	CT
1	46770525	148	GC
1	46775641	4768	GA
1	46776740	860	CT
1	46783076	6163	AG
1	46783335	259	AT
1	46784393	1058	AC
1	46784990	597	CT
1	46785657	667	TA
1	46785715	58	CT
1	46785716	1	TC
1	46785770	54	GC
1	46785843	73	CT
1	46785858	15	TC
1	46785916	58	CG
1	46786258	304	GT
1	46786896	638	AC
1	46788090	1097	CA
1	46788349	259	CT
1	46789177	828	CT
1	46790454	1277	TC
1	46790661	207	CT
1	46790788	127	CG
1	46791260	472	TC
1	46793022	1729	AC
1	46793130	108	CA
1	46797269	3989	GA
1	46797290	21	GA
1	46798474	1092	GA
1	46807852	9080	GC
1	46819976	11222	GA
1	47037434	143943	TC
1	47037471	37	CT
1	47037666	195	GA
1	47045308	4185	GA
1	47045339	31	GT
1	47049570	4111	GA
1	47053227	3542	GA
1	47053824	597	GA
1	47065421	7336	AG
1	47072251	6055	TC
1	47074912	2619	GA
1	47075807	866	AG
1	47075885	78	AG
1	47075989	104	GC
1	47076067	78	GA
1	47076299	232	GA
1	47076318	19	GA
1	47076439	121	GA
1	47078841	1924	TC
1	47082775	3476	CT
1	47083416	338	AC
1	47083590	174	TC
1	47083591	1	GA
1	47083666	75	CG
1	47084262	596	CT
1	47085572	781	AG
1	47086919	879	AC
1	47088683	80	TC
1	47089087	404	CT
1	47089612	221	CT
1	47093324	1328	GA
1	47093326	2	GA
1	47093883	131	GT
1	47093998	115	CT
1	47094626	346	TC
1	47099059	1314	GC
1	47099311	252	AG
1	47104567	4564	CT
1	47122816	10263	GC
1	47123080	264	CT
1	47123997	754	GA
1	47126575	1197	GT
1	47127583	1008	TG
1	47128309	726	AT
1	47130914	1984	GA
1	47131209	295	GC
1	47132561	1309	CG
1	47132920	359	CA
1	47133489	457	CT
1	47134103	614	TC
1	47134535	432	CT
1	47135099	488	CT
1	47135248	149	CG
1	47135837	589	TC
1	47136352	515	AG
1	47136426	74	CT
1	47136692	266	GT
1	47138411	1256	TC
1	47139426	474	GA
1	47141931	2093	CA
1	47142004	73	GC
1	47142189	185	CG
1	47142267	78	CT
1	47142487	220	GA
1	47142545	58	TC
1	47142968	423	GC
1	47143553	523	CT
1	47143650	97	GA
1	47144008	358	CT
1	47144357	349	CA
1	47144645	288	CT
1	47144819	174	GC
1	47145494	675	CT
1	47152267	4818	CT
1	47153473	1206	GA
1	47153998	525	TG
1	47154137	139	GA
1	47154866	729	GT
1	47155328	462	AG
1	47156096	768	CA
1	47156766	670	TC
1	47158942	1627	GA
1	47160850	1832	CT
1	47161002	152	TC
1	47163026	1735	TG
1	47163250	224	TG
1	47163961	675	AC
1	47165133	403	AG
1	47167840	1923	CG
1	47167868	28	CT
1	47173064	3045	AG
1	47173095	31	AG
1	47173104	9	AG
1	47173177	73	CT
1	47177138	725	CT
1	47178661	1477	CT
1	47178895	234	AG
1	47178907	12	GA
1	47179806	393	AC
1	47180876	1016	TC
1	47181835	959	TC
1	47182388	339	AC
1	47182881	493	CG
1	47182948	67	GA
1	47183255	226	TC
1	47184291	470	GA
1	47184838	547	CT
1	47187134	1574	CG
1	47188962	1777	TC
1	47190806	1358	CT
1	47190968	162	GA
1	47190981	13	CT
1	47191016	35	AG
1	47192052	1036	GA
1	47192163	111	GA
1	47192435	205	GC
1	47192471	36	CT
1	47197593	3090	AG
1	47198304	357	CT
1	47199793	849	GC
1	47200310	454	GA
1	47201451	1141	TA
1	47204221	2447	AG
1	47207195	2609	CG
1	47208455	1260	AG
1	47209397	641	CG
1	47213862	3584	GA
1	47214635	773	AG
1	47215868	958	GC
1	47215869	1	GT
1	47215994	125	GA
1	47216116	122	TG
1	47216118	2	GT
1	47216154	36	CT
1	47216308	154	CT
1	47217350	1042	TC
1	47217352	2	AG
1	47217556	204	CA
1	47220773	2341	GA
1	47222420	1498	AG
1	47223817	1261	CT
1	47230962	3412	CG
1	47238090	5080	AG
1	47239267	1177	TG
1	47244986	5364	GC
1	47249715	3159	GC
1	47250926	988	GA
1	47251114	188	TG
1	47254717	2388	CT
1	47255570	562	GT
1	47257063	1493	CT
1	47259266	2203	CT
1	47259388	122	GA
1	47259448	60	AG
1	47261200	1752	AG
1	47266225	4740	CT
1	47268009	1742	GA
1	47268787	731	GA
1	47268826	39	CT
1	47269255	429	AG
1	47269374	119	TC
1	47270677	379	GC
1	47272108	1333	GA
1	47272257	149	AG
1	47275354	2525	CT
1	47275363	9	CT
1	47278368	2775	GA
1	47278775	407	TC
1	47278993	218	CT
1	47279314	321	GA
1	47279318	4	CT
1	47279688	370	CT
1	47285417	5153	AG
1	47285630	213	GA
1	47287857	1326	AG
1	47303156	9868	TC
1	47303446	290	TG
1	47306551	2026	CT
1	47306607	56	TG
1	47306740	133	GA
1	47308556	1170	TC
1	47309428	108	CA
1	47309936	343	TC
1	47312753	2156	TA
1	47313782	984	AG
1	47314026	244	TC
1	47315395	1210	TC
1	47322423	4513	AC
1	47329354	1635	GA
1	47332153	1637	AG
1	47339525	857	GT
1	47340392	319	AG
1	47340800	125	CG
1	47340801	1	AG
1	47340806	5	TC
1	47340872	66	AT
1	47341130	258	GA
1	47343454	2115	GA
1	47344457	973	CT
1	47347103	1894	TG
1	47349460	1778	CT
1	47364730	5468	GA
1	47379630	3547	AG
1	47388394	4276	TC
1	47395058	6061	CG
1	47396394	1211	GA
1	47403102	2100	TC
1	47403177	75	GT
1	47403873	379	TC
1	47408363	810	GA
1	47410172	1172	GT
1	47412000	1705	GC
1	47414842	2629	TC
1	47424285	1876	CG
1	47424303	18	CA
1	47424324	21	CT
1	47427759	1760	CT
1	47427868	109	CG
1	47428018	150	GA
1	47428200	182	TC
1	47428912	712	TC
1	47429159	247	GA
1	47429298	85	GA
1	47430462	1099	CA
1	47431354	392	TC
1	47431400	46	TC
1	47431469	69	CG
1	47431547	78	GA
1	47431700	153	TC
1	47432029	329	CT
1	47432073	44	AG
1	47432191	118	CT
1	47432328	137	TA
1	47432488	160	CT
1	47432886	265	CT
1	47432916	30	GC
1	47433161	245	AG
1	47433747	586	GA
1	47433848	101	TC
1	47434657	809	CT
1	47434854	197	AG
1	47435201	347	TC
1	47435562	361	TC
1	47435667	105	AG
1	47435681	14	CG
1	47435960	239	CT
1	47436210	250	AG
1	47437080	870	CT
1	47438748	1431	GT
1	47438814	66	TC
1	47438815	1	GA
1	47438991	176	CG
1	47439124	133	TC
1	47439475	249	CT
1	47439592	117	GT
1	47439594	2	TA
1	47440219	583	AG
1	47440354	135	CG
1	47440649	251	GA
1	47440698	49	GA
1	47440762	64	TC
1	47440792	30	AG
1	47441012	220	GA
1	47441052	40	AG
1	47441231	179	GA
1	47441239	8	GA
1	47441255	16	CT
1	47441451	196	GA
1	47441492	41	CG
1	47442205	713	AG
1	47442265	60	GA
1	47442575	310	CT
1	47442699	124	CG
1	47442821	122	GA
1	47443059	238	CG
1	47445341	2076	GT
1	47445548	207	CG
1	47445876	224	GA
1	47445886	10	TC
1	47445894	8	CG
1	47446328	434	CG
1	47446345	17	AG
1	47446971	297	GA
1	47447047	76	AG
1	47447161	114	GA
1	47448358	1197	GA
1	47448359	1	TC
1	47448402	43	GA
1	47448405	3	TC
1	47448763	358	CT
1	47449336	573	GA
1	47449966	294	AG
1	47451907	550	GA
1	47452968	925	CT
1	47454716	1443	CT
1	47454742	26	GC
1	47456263	1311	GA
1	47456275	12	CT
1	47456292	17	CT
1	47456294	2	CA
1	47456295	1	AT
1	47456604	154	CT
1	47456830	200	GA
1	47459159	1084	AC
1	47459992	715	CT
1	47460078	86	GA
1	47460715	637	GA
1	47460876	161	AG
1	47462175	972	TG
1	47462375	200	CT
1	47464650	1236	GA
1	47465114	464	GA
1	47465796	132	GC
1	47470481	2742	GA
1	47471797	1247	CT
1	47472328	531	CA
1	47472592	264	CT
1	47474594	1343	TG
1	47475177	460	TC
1	47476586	1282	CT
1	47476670	84	CA
1	47476672	2	TC
1	47476747	75	GC
1	47476828	81	AG
1	47476862	34	TG
1	47476865	3	GA
1	47477437	572	GA
1	47479983	1985	TC
1	47480249	266	TC
1	47480399	150	AC
1	47480528	129	CA
1	47480582	54	GA
1	47480589	7	AG
1	47481629	1040	GA
1	47484267	2488	CG
1	47485033	766	GC
1	47485243	210	GA
1	47485742	499	GC
1	47485752	10	CA
1	47485852	100	CT
1	47485875	23	CT
1	47486388	481	AG
1	47486911	523	GC
1	47487148	237	AG
1	47488504	1309	GA
1	47488807	303	CG
1	47488979	172	AG
1	47488994	15	GA
1	47491503	1185	GA
1	47492590	407	GT
1	47493414	216	CT
1	47493469	55	CT
1	47493499	30	CG
1	47494308	476	CT
1	47494317	9	GA
1	47494463	146	TC
1	47494699	236	TC
1	47494789	90	CT
1	47494815	26	CT
1	47494830	15	GA
1	47494922	92	CT
1	47495107	152	GA
1	47495288	181	CT
1	47495664	376	AG
1	47496123	459	CT
1	47496258	135	CT
1	47496399	141	CT
1	47498903	1784	GA
1	47499469	480	AC
1	47499679	210	TC
1	47499766	87	TC
1	47501155	384	CT
1	47501284	129	CT
1	47502575	1291	CT
1	47502886	311	CT
1	47503502	572	AG
1	47505343	891	GA
1	47507210	690	TC
1	47507573	57	CT
1	47508394	120	GA
1	47511624	1110	GA
1	47512217	557	GA
1	47513013	796	CA
1	47514034	982	GA
1	47515550	1516	TC
1	47517728	391	GA
1	47517913	185	CT
1	47518777	529	CA
1	47519282	505	TC
1	47519364	82	CA
1	47519869	505	GA
1	47520375	506	TC
1	47520826	155	GA
1	47521152	326	AG
1	47521832	318	CT
1	47523156	166	GA
1	47523178	22	GA
1	47523360	182	GA
1	47523456	96	GT
1	47523497	41	TC
1	47523522	25	CG
1	47523805	283	AG
1	47523869	64	GA
1	47523991	122	CT
1	47524094	103	AG
1	47524216	122	GC
1	47524338	122	GA
1	47524758	420	TC
1	47524979	221	GA
1	47525485	434	CA
1	47526057	404	CT
1	47526161	104	GA
1	47528399	2127	GA
1	47528709	214	GA
1	47529202	493	GA
1	47529801	599	TC
1	47530941	930	AG
1	47530976	35	GA
1	47531244	268	GA
1	47531751	507	TC
1	47532283	532	GA
1	47532577	294	TC
1	47533139	441	AT
1	47533153	14	GA
1	47533388	235	GA
1	47533402	14	CT
1	47533686	284	CT
1	47533736	50	TC
1	47533803	67	TC
1	47533804	1	GA
1	47533915	111	AG
1	47533998	83	GC
1	47534225	227	GC
1	47534405	180	CG
1	47534678	273	AG
1	47534700	22	GT
1	47534819	119	CT
1	47534937	118	GA
1	47535553	597	TA
1	47535749	196	AG
1	47535788	39	GA
1	47535854	66	TC
1	47536756	795	TG
1	47536879	123	GA
1	47537223	344	AC
1	47537566	343	GA
1	47537738	172	TC
1	47537844	106	CT
1	47538161	317	CA
1	47539214	1053	AG
1	47539370	156	TC
1	47539607	237	CT
1	47539747	140	AC
1	47540309	562	CT
1	47540318	9	CT
1	47540345	27	GA
1	47540964	112	GA
1	47541245	281	CT
1	47541410	165	CT
1	47541697	287	CG
1	47541748	51	CA
1	47542123	375	TC
1	47542365	242	GA
1	47542407	42	GC
1	47542409	2	CT
1	47542464	55	GA
1	47542619	155	GA
1	47542775	156	TC
1	47542906	131	GT
1	47544889	1202	GA
1	47545177	41	CA
1	47545847	494	AC
1	47548921	1970	TC
1	47557306	6038	CT
1	47557840	534	GC
1	47558112	272	AG
1	47558165	53	AT
1	47562201	2200	CT
1	47566326	4048	CT
1	47566457	85	CA
1	47567882	1352	CT
1	47570360	983	GA
1	47571054	694	AG
1	47571264	210	AG
1	47571265	1	TC
1	47571665	400	TG
1	47571670	5	TC
1	47576638	1490	TC
1	47577096	117	GA
1	47578208	705	CG
1	47580972	680	CT
1	47581297	325	CT
1	47581482	185	AT
1	47582027	510	GA
1	47582169	142	AG
1	47582277	108	CA
1	47582294	17	GA
1	47582302	8	TG
1	47582392	90	TC
1	47582425	33	GA
1	47582555	130	AG
1	47582705	150	GA
1	47582765	60	AG
1	47582805	40	GC
1	47583127	322	AC
1	47584146	589	AC
1	47584589	443	CT
1	47585021	94	TC
1	47585086	65	CA
1	47585566	480	GA
1	47585958	392	AG
1	47586275	317	CA
1	47586362	87	GC
1	47586988	407	CT
1	47588343	919	GA
1	47588514	171	CA
1	47588544	30	GA
1	47588549	5	CT
1	47588654	105	GT
1	47589111	457	CT
1	47589567	456	GA
1	47590016	449	GA
1	47590044	28	TC
1	47590351	307	AG
1	47590803	452	AG
1	47591174	371	AG
1	47591384	210	CT
1	47595114	1098	TC
1	47595514	400	CA
1	47596154	344	CT
1	47597148	963	GA
1	47597424	276	GC
1	47600354	1110	CT
1	47600423	69	GA
1	47600548	125	CT
1	47601940	579	TG
1	47603434	384	AG
1	47603726	292	GA
1	47603759	33	AG
1	47605240	447	AC
1	47605257	17	CA
1	47605955	232	CT
1	47606020	65	TC
1	47606021	1	CT
1	47606083	62	AG
1	47606185	102	TC
1	47606286	101	CT
1	47606430	144	TC
1	47606770	307	TG
1	47607962	670	CT
1	47609065	958	CT
1	47609817	752	CG
1	47609890	73	AG
1	47610229	339	CT
1	47610805	576	GT
1	47613369	2091	GC
1	47617393	1905	GA
1	47619120	358	GT
1	47620221	315	GC
1	47620235	14	TC
1	47626620	1429	CA
1	47627247	297	CA
1	47627321	74	TA
1	47627960	101	AC
1	47628866	363	TC
1	47629914	117	GA
1	47630560	48	GA
1	47630847	287	TC
1	47632667	305	CG
1	47632730	63	AT
1	47632896	166	AG
1	47633032	136	GA
1	47633343	311	CT
1	47633615	207	TA
1	47633616	1	CA
1	47633870	254	TC
1	47633918	48	AG
1	47633978	60	CT
1	47634003	25	TG
1	47634111	108	AG
1	47634229	118	AG
1	47634575	346	CT
1	47634647	72	CT
1	47635348	675	CT
1	47635894	393	GA
1	47636114	220	CG
1	47636462	300	TC
1	47637034	367	CG
1	47637035	1	AG
1	47637084	49	AT
1	47637085	1	AC
1	47637344	78	AG
1	47637563	219	AG
1	47637582	19	TG
1	47637583	1	CG
1	47637751	168	TC
1	47637795	44	GA
1	47637889	94	GC
1	47637976	87	GA
1	47637984	8	TC
1	47637998	14	GA
1	47638039	41	TC
1	47638042	3	GA
1	47638066	24	CT
1	47638092	26	TC
1	47638350	94	AC
1	47638357	7	GC
1	47641727	562	GC
1	47641890	163	GA
1	47642465	161	CA
1	47642638	173	GA
1	47642771	133	TC
1	47642985	214	GA
1	47643003	18	GT
1	47643083	80	GA
1	47643107	24	GT
1	47643132	25	GA
1	47643188	56	TC
1	47643280	92	AG
1	47643522	242	TC
1	47643532	10	CT
1	47643606	74	CT
1	47643640	34	AG
1	47643650	10	TC
1	47643783	133	TC
1	47644876	1093	GC
1	47645684	770	CT
1	47645771	87	TC
1	47645870	99	GC
1	47647366	1214	CG
1	47648254	822	GA
1	47648693	439	GA
1	47648889	196	GC
1	47649522	555	CT
1	47649612	90	AG
1	47649790	100	GA
1	47651958	2047	GA
1	47652048	90	AG
1	47652837	789	CT
1	47653315	478	AG
1	47653640	325	TC
1	47653697	57	AC
1	47654523	826	GA
1	47654583	60	CT
1	47654794	211	CT
1	47654837	43	CT
1	47654988	151	GA
1	47654989	1	CT
1	47655003	14	GA
1	47655010	7	CT
1	47655071	61	GA
1	47655312	241	CT
1	47655400	88	AG
1	47655404	4	CT
1	47655582	178	CT
1	47655603	21	AG
1	47655622	19	TC
1	47655704	82	GA
1	47655714	10	CT
1	47655740	26	GA
1	47655751	11	CT
1	47655889	138	TA
1	47655935	46	CT
1	47656046	111	TC
1	47656407	70	GA
1	47656594	187	GC
1	47656628	34	AG
1	47657785	1087	GC
1	47658495	565	TC
1	47658632	137	TC
1	47658914	245	GT
1	47659337	423	GT
1	47660012	270	GA
1	47660503	109	CT
1	47660521	18	AT
1	47660574	53	GC
1	47661302	728	CG
1	47661791	489	CA
1	47662810	680	AG
1	47664922	2112	GA
1	47664951	29	CG
1	47664973	22	TC
1	47665070	97	CT
1	47665143	73	CA
1	47665600	457	GT
1	47665751	151	GC
1	47666591	785	TC
1	47666804	213	GT
1	47667084	280	TC
1	47667153	69	CT
1	47667194	41	GA
1	47667589	395	TG
1	47667776	187	GC
1	47667884	108	TC
1	47667903	19	TG
1	47668093	190	GA
1	47692141	13263	AT
1	47692147	6	CT
1	47692197	50	AG
1	47692835	548	CT
1	47692992	157	GC
1	47693121	129	CT
1	47693584	463	TC
1	47694097	284	CT
1	47694233	136	CT
1	47694755	522	TC
1	47694915	160	CT
1	47695188	189	AT
1	47695266	78	GT
1	47696354	159	CG
1	47696395	41	AT
1	47697340	546	AT
1	47698226	623	CA
1	47698687	172	AT
1	47698731	44	GA
1	47699026	295	AT
1	47701032	56	GA
1	47701521	452	AG
1	47701548	27	GC
1	47701591	43	GA
1	47701641	50	CT
1	47702648	943	CT
1	47703425	397	CT
1	47703700	275	TC
1	47704139	439	CA
1	47704452	313	AG
1	47704539	87	CG
1	47705315	599	GC
1	47705517	202	CA
1	47706012	134	GA
1	47709293	955	TC
1	47709363	70	TC
1	47710616	1220	TC
1	47710836	220	GA
1	47716960	3524	GA
1	47717526	566	CA
1	47724704	3646	GC
1	47727665	2326	AG
1	47730263	2218	GC
1	47730308	45	CA
1	47730796	353	CT
1	47731156	360	GA
1	47734450	2453	TC
1	47734608	158	TG
1	47734910	302	CT
1	47735174	264	CT
1	47735333	159	AG
1	47735504	171	GT
1	47735646	142	TC
1	47735680	34	CT
1	47736797	562	CA
1	47736882	85	CT
1	47738295	568	AG
1	47738810	515	GA
1	47739175	67	AC
1	47740108	933	CA
1	47740400	260	AG
1	47740436	36	GA
1	47740542	106	GA
1	47740550	8	AG
1	47740561	11	TC
1	47740562	1	CT
1	47740563	1	AG
1	47740656	93	AC
1	47740672	16	CT
1	47740713	41	CT
1	47740747	34	TC
1	47740887	140	CA
1	47740889	2	AC
1	47740926	37	TG
1	47741382	456	TC
1	47741543	161	CA
1	47741746	203	AG
1	47742687	527	TG
1	47743123	436	TC
1	47743306	127	TC
1	47745837	1970	TC
1	47746967	842	AC
1	47748548	1128	CG
1	47749766	1200	GA
1	47750140	374	CG
1	47750710	570	AG
1	47752539	1482	GC
1	47752813	274	GA
1	47753632	529	TC
1	47753719	87	CA
1	47753791	72	TC
1	47754013	157	CG
1	47754169	156	GC
1	47754620	451	TC
1	47754796	176	CA
1	47754921	125	CT
1	47756407	1338	CT
1	47757570	518	AG
1	47758322	283	TA
1	47758393	71	CT
1	47759033	387	CT
1	47759140	107	TC
1	47759200	60	GC
1	47759211	11	AG
1	47760691	229	TC
1	47760743	52	CG
1	47763077	1330	AG
1	47763263	186	GC
1	47763408	145	TC
1	47763431	23	CT
1	47763464	33	GA
1	47763732	231	AG
1	47763749	17	TC
1	47763859	110	TC
1	47766033	1900	GA
1	47766367	334	TC
1	47766369	2	TC
1	47766381	12	CT
1	47766382	1	AG
1	47766406	24	CG
1	47766477	71	AG
1	47766851	192	AG
1	47767145	216	GA
1	47767149	4	TA
1	47767257	108	AG
1	47767447	190	GA
1	47767693	246	TG
1	47768457	134	GA
1	47769203	698	TA
1	47769880	677	CA
1	47769911	31	GC
1	47770067	78	GA
1	47771038	897	GA
1	47772264	751	TC
1	47773637	766	GA
1	47773820	79	TC
1	47774561	377	GT
1	47774871	310	CT
1	47774878	7	GC
1	47775352	474	CT
1	47775616	264	AT
1	47775798	182	CT
1	47775864	66	GA
1	47775972	108	TC
1	47775979	7	CG
1	47775994	15	GA
1	47776054	60	AG
1	47776097	43	CT
1	47776221	124	CT
1	47776387	166	TC
1	47776946	559	GA
1	47777086	140	CT
1	47777207	121	TC
1	47777215	8	CT
1	47777491	276	AG
1	47777569	78	CT
1	47777832	263	TC
1	47778035	203	TC
1	47778089	54	CT
1	47778141	52	TG
1	47778461	320	GA
1	47778479	18	TC
1	47778556	77	GA
1	47778658	102	CG
1	47778677	19	CT
1	47778681	4	GA
1	47778696	15	CT
1	47778704	8	TC
1	47778916	67	AG
1	47779012	96	TA
1	47779095	83	GA
1	47780033	625	CT
1	47780065	32	CG
1	47780444	379	GT
1	47780452	8	TC
1	47783039	775	CT
1	47783597	558	GT
1	47784223	528	GA
1	47786855	1849	TC
1	47789636	2781	CT
1	47789655	19	CT
1	47789837	182	CT
1	47789902	65	AG
1	47789913	11	GT
1	47790138	225	TC
1	47792815	1729	TC
1	47794213	1010	TC
1	47794614	401	CT
1	47796405	811	GA
1	47797677	851	CT
1	47798371	602	AG
1	47799172	450	TC
1	47799664	492	TC
1	47801593	1659	TC
1	47802313	720	CT
1	47803852	748	GA
1	47806420	1680	AC
1	47807577	781	CA
1	47807579	2	CT
1	47807655	76	CT
1	47809185	627	GA
1	47809325	140	CT
1	47809404	79	AG
1	47810123	262	GA
1	47810985	274	CT
1	47811119	134	CT
1	47811521	402	CT
1	47811830	309	TA
1	47812648	171	AG
1	47813528	759	CT
1	47814527	647	GA
1	47814689	162	CT
1	47815060	371	AC
1	47815670	369	GA
1	47815863	193	AG
1	47815884	21	CT
1	47816083	199	GA
1	47816222	139	CT
1	47816565	247	GA
1	47816634	69	AG
1	47817898	1219	CA
1	47820369	2118	TC
1	47820706	337	GC
1	47821351	645	AC
1	47822070	719	AG
1	47822599	529	TC
1	47822619	20	TC
1	47822932	254	CT
1	47823010	78	TC
1	47823106	96	GA
1	47826311	3166	TA
1	47828171	1860	AG
1	47830524	2308	CG
1	47830863	339	GC
1	47833523	2561	CG
1	47834415	892	TG
1	47837819	2506	AT
1	47851257	3175	GA
1	47851274	17	GA
1	47851329	55	GA
1	47851860	57	AG
1	47853196	968	CT
1	47853285	89	GA
1	47855519	1630	GT
1	47856966	1100	GA
1	47857721	755	CA
1	47857900	179	GC
1	47858278	378	CT
1	47859472	1194	GA
1	47859479	7	CT
1	47859784	162	CA
1	47859901	117	CT
1	47860014	113	TC
1	47860212	198	CT
1	47860480	120	GC
1	47860487	7	GA
1	47860498	11	TC
1	47860518	20	AG
1	47861294	250	TA
1	47861411	117	AT
1	47861509	98	GC
1	47861815	306	TC
1	47862189	374	CT
1	47863037	756	CA
1	47863388	351	AG
1	47863406	18	CT
1	47863791	385	GA
1	47864129	338	CT
1	47864458	329	TA
1	47864703	245	TG
1	47864885	182	TC
1	47864981	96	AG
1	47865340	359	CA
1	47865809	469	GT
1	47866464	655	GA
1	47866478	14	AG
1	47867393	915	AG
1	47867396	3	TC
1	47867801	405	CT
1	47868324	523	GA
1	47868466	142	CT
1	47869990	1488	CA
1	47870479	489	GA
1	47873151	2639	CG
1	47873173	22	GA
1	47874804	1631	GA
1	47875684	790	AG
1	47876673	989	CG
1	47878141	1468	GA
1	47878164	23	TC
1	47878897	733	GA
1	47879562	665	TG
1	47880071	425	GA
1	47880080	9	CT
1	47880923	843	CT
1	47883039	539	AG
1	47888256	3323	CT
1	47891020	1892	CA
1	47893287	1641	TG
1	47895443	1968	CA
1	47895960	362	GA
1	47896380	420	CT
1	47896438	58	CG
1	47896807	369	CG
1	47896980	173	CA
1	47897034	54	GC
1	47897053	19	TC
1	47897124	71	AG
1	47897126	2	GT
1	47897163	37	AG
1	47897392	229	AG
1	47897690	298	TC
1	47898024	334	CT
1	47899683	1261	AG
1	47901816	1345	TC
1	47903744	1843	CT
1	47905467	1460	GA
1	47909842	3453	AC
1	47910053	211	CT
1	47911629	1340	CG
1	47911727	98	AT
1	47913666	1420	CT
1	47918654	4164	CG
1	47930774	8248	CT
1	47931378	604	CT
1	47931611	233	GA
1	47944076	9291	CT
1	47944124	48	GA
1	47974790	24836	TC
1	47975051	261	GA
1	47976487	863	AG
1	47978666	1647	TG
1	47978991	325	GA
1	47980274	1283	AG
1	47980442	168	GA
1	47981160	718	AG
1	47981291	131	AG
1	47981358	67	TC
1	47982004	393	TG
1	47983493	1113	AG
1	47985307	921	TC
1	47985316	9	TA
1	47987434	990	CG
1	47987443	9	CT
1	47987537	94	TC
1	47998570	6367	CT
1	48043418	32227	CA
1	48044737	1100	TC
1	48045517	744	CT
1	48048809	3292	AG
1	48050305	1415	CT
1	48052492	1120	AC
1	48053156	306	CT
1	48054061	905	GA
1	48055617	1556	CT
1	48056008	391	GA
1	48056394	386	CT
1	48061164	4201	GC
1	48064499	3298	CT
1	48066148	1649	CT
1	48066491	343	TC
1	48079418	12063	CT
1	48097069	15678	CG
1	48098126	1057	CT
1	48098173	47	CT
1	48099144	784	GA
1	48100084	806	AT
1	48102062	687	AC
1	48104513	1837	CT
1	48108012	3222	CT
1	48109317	1305	AT
1	48113866	3317	CT
1	48121677	6999	CG
1	48122319	623	CT
1	48122683	364	CT
1	48124148	1465	TG
1	48141490	11847	CT
1	48141889	399	GT
1	48143038	437	GC
1	48144302	797	AG
1	48144351	49	CT
1	48144387	36	GA
1	48145683	1078	CT
1	48145874	191	CT
1	48147059	1025	GA
1	48148127	512	CT
1	48149106	602	TA
1	48149125	19	CT
1	48149218	93	AG
1	48149859	310	TA
1	48149860	1	TG
1	48149870	10	GC
1	48150619	568	CT
1	48151022	403	GA
1	48151373	351	CT
1	48152065	648	GA
1	48153198	207	GA
1	48153566	178	CT
1	48153595	29	GA
1	48153610	15	GA
1	48153635	25	GA
1	48153875	240	TC
1	48154175	300	CT
1	48156012	411	TC
1	48157112	889	AG
1	48158362	1050	CT
1	48158761	399	TC
1	48160055	1023	GA
1	48160248	193	CT
1	48160261	13	CT
1	48160287	26	GA
1	48161739	717	AT
1	48161818	79	CT
1	48162461	466	GC
1	48166015	3022	AG
1	48169424	2872	TC
1	48172684	3178	AG
1	48173640	868	GA
1	48173725	85	GC
1	48174554	829	CT
1	48175357	803	CT
1	48175856	499	AG
1	48175898	42	AG
1	48176521	582	GA
1	48176809	105	CT
1	48177186	346	AG
1	48177876	690	GT
1	48178724	814	GA
1	48179272	548	GA
1	48179829	557	GT
1	48179961	132	GA
1	48180010	49	GA
1	48180874	551	GA
1	48181205	331	GA
1	48181259	54	CT
1	48181567	308	GT
1	48181707	140	AG
1	48182191	344	GA
1	48182474	283	TC
1	48183321	715	AG
1	48183757	436	TC
1	48183794	37	GT
1	48185124	946	GA
1	48185170	46	CT
1	48185311	113	CG
1	48185483	172	GA
1	48185611	128	GA
1	48185740	129	TC
1	48186055	315	TC
1	48186090	35	GA
1	48186151	61	CT
1	48187430	722	AG
1	48187487	57	TC
1	48187776	289	TC
1	48187820	44	GA
1	48187833	13	CT
1	48188665	832	AC
1	48189508	737	GA
1	48190816	301	GT
1	48190933	67	TG
1	48190987	54	GC
1	48191867	378	CT
1	48192172	305	GA
1	48192554	293	GA
1	48192813	259	CT
1	48192845	32	CT
1	48193131	286	AG
1	48193175	44	CT
1	48193176	1	GA
1	48198452	2961	GA
1	48206312	4265	AT
1	48208557	1422	CT
1	48209260	703	AT
1	48209728	468	AC
1	48209832	104	AT
1	48209881	49	CT
1	48213001	1909	GA
1	48213734	688	GA
1	48218584	4313	GC
1	48219713	936	GA
1	48223194	140	GA
1	48223215	18	AG
1	48224260	574	CT
1	48224287	27	TC
1	48228063	2801	CG
1	48228226	163	AG
1	48228267	41	GA
1	48228670	403	TC
1	48230033	298	TC
1	48237094	2076	TC
1	48237309	215	AG
1	48237595	286	TC
1	48237897	302	CA
1	48238725	828	CT
1	48239172	349	CT
1	48243535	1440	CA
1	48247772	2763	TC
1	48248534	762	GC
1	48248760	226	GT
1	48255219	4564	CT
1	48256003	743	CT
1	48257865	561	CT
1	48260363	1910	CT
1	48265388	4270	TC
1	48267872	2066	CT
1	48270481	2309	CA
1	48270862	381	TC
1	48270895	33	GA
1	48271167	272	CT
1	48271694	527	CT
1	48272471	483	CT
1	48274099	1484	CT
1	48274224	125	AT
1	48275787	1383	GT
1	48275934	147	CT
1	48275980	46	CG
1	48276390	410	GA
1	48276687	297	GA
1	48277266	316	GC
1	48278276	951	TC
1	48278539	263	AG
1	48278550	11	CT
1	48278800	250	CT
1	48279530	292	AG
1	48279708	178	TC
1	48279990	282	CT
1	48280094	104	TC
1	48280403	309	GT
1	48280696	252	AG
1	48280934	238	AG
1	48281538	461	AT
1	48281585	47	TA
1	48282955	1347	CT
1	48283332	377	CT
1	48283598	266	GT
1	48283924	326	CT
1	48283998	74	CT
1	48284202	204	GA
1	48284270	68	CT
1	48284782	512	CT
1	48286691	968	AG
1	48286898	207	TG
1	48287146	248	GA
1	48287928	610	CT
1	48288743	786	TC
1	48289222	479	GA
1	48289484	262	CT
1	48289655	171	TC
1	48290467	537	GA
1	48291001	534	CT
1	48291006	5	GA
1	48291333	327	GT
1	48291341	8	TC
1	48298371	4702	CT
1	48298373	2	CT
1	48298509	136	GA
1	48298794	285	AC
1	48299591	256	TC
1	48299628	37	TC
1	48299647	19	CT
1	48300515	542	AG
1	48300518	3	TC
1	48300671	153	TC
1	48300766	95	TC
1	48300780	14	CT
1	48301308	249	GA
1	48302301	635	GA
1	48303130	238	CT
1	48303140	10	TA
1	48303199	59	CG
1	48303246	47	GT
1	48303273	27	AG
1	48303349	76	GA
1	48303730	235	CT
1	48303800	70	CA
1	48304115	315	CT
1	48304313	198	GA
1	48304491	178	GA
1	48305442	631	CT
1	48305524	82	CT
1	48305721	197	TA
1	48305831	110	CA
1	48306076	245	CT
1	48306229	153	TC
1	48306233	4	TC
1	48306340	107	GT
1	48306432	92	CT
1	48306870	438	GA
1	48307035	165	CT
1	48307272	237	CT
1	48307445	120	CG
1	48307486	41	CT
1	48308064	418	AT
1	48308135	71	AG
1	48308303	168	AT
1	48308347	44	AG
1	48308642	295	CA
1	48308945	303	CT
1	48309098	153	CT
1	48309192	94	CA
1	48310052	860	CT
1	48310419	367	AC
1	48310879	460	TC
1	48311374	495	GA
1	48311906	532	CG
1	48311976	70	TC
1	48312180	204	CT
1	48312249	69	AG
1	48312496	186	TC
1	48312966	470	TC
1	48313530	224	TC
1	48313633	103	TC
1	48313819	186	AG
1	48313870	51	TC
1	48314172	302	GA
1	48314264	92	GC
1	48314327	63	CT
1	48314596	269	CA
1	48314626	30	TC
1	48314637	11	GA
1	48314814	177	TG
1	48315297	483	TG
1	48316287	386	GC
1	48316501	214	CT
1	48317038	537	GT
1	48317163	125	TC
1	48317192	29	TC
1	48317525	297	AG
1	48317530	5	TC
1	48317625	95	CA
1	48317852	227	GA
1	48317963	111	CG
1	48318047	84	TC
1	48318128	81	TG
1	48318224	58	TC
1	48318858	248	GA
1	48319310	61	AG
1	48319391	81	GA
1	48319422	31	AG
1	48319462	40	CT
1	48319526	64	TG
1	48319562	36	GA
1	48319567	5	TC
1	48319572	5	AG
1	48319881	309	TG
1	48320002	121	CA
1	48320019	17	TG
1	48320040	21	CG
1	48320729	689	GA
1	48321043	141	TG
1	48321111	68	CT
1	48321149	38	TG
1	48330190	2556	GA
1	48331522	178	CT
1	48331776	254	TC
1	48337421	3283	GC
1	48337479	58	GA
1	48338135	656	AG
1	48338216	81	TG
1	48338555	339	CA
1	48340060	1164	GA
1	48344510	765	GA
1	48344616	106	TC
1	48344666	50	AT
1	48344672	6	GT
1	48344918	246	GT
1	48344945	27	AG
1	48345165	54	GC
1	48345252	87	TC
1	48345262	10	CT
1	48345276	14	CA
1	48345340	64	GA
1	48345545	205	CT
1	48345639	94	TA
1	48345771	132	TC
1	48345885	114	CA
1	48345969	84	TC
1	48346291	322	TG
1	48346298	7	GA
1	48346390	92	TC
1	48346424	34	TG
1	48346454	30	GC
1	48346543	89	TC
1	48346585	42	TC
1	48346946	361	AG
1	48346967	21	CA
1	48347029	62	AC
1	48347251	222	AG
1	48347787	508	TC
1	48348531	547	GT
1	48348536	5	TG
1	48348583	47	TG
1	48349537	717	AT
1	48349555	18	CT
1	48350233	616	AG
1	48350248	15	TG
1	48350258	10	CG
1	48350485	227	CT
1	48350940	455	CT
1	48357263	4027	TC
1	48361202	3600	TC
1	48361253	51	TC
1	48361331	78	CT
1	48364552	754	GA
1	48366003	767	GA
1	48444450	46639	TA
1	48449336	3570	AC
1	48452392	2281	TC
1	48452585	193	TA
1	48452768	183	GC
1	48452820	9	GT
1	48453489	110	GA
1	48453953	464	GA
1	48454216	263	GT
1	48454667	451	CT
1	48455032	365	CT
1	48455167	135	AG
1	48455323	156	TC
1	48455597	274	CA
1	48455616	19	GC
1	48455645	29	TC
1	48455722	77	TC
1	48455851	129	AG
1	48455883	32	AG
1	48456073	190	AG
1	48456135	62	CT
1	48456165	30	GT
1	48456169	4	AG
1	48456186	17	GA
1	48458191	442	GA
1	48458709	518	GA
1	48459955	925	GA
1	48461409	765	CA
1	48461429	20	GA
1	48461486	57	GC
1	48461574	88	AG
1	48465612	1884	GA
1	48466156	475	CT
1	48470544	648	GA
1	48470586	42	AT
1	48470825	239	AG
1	48470948	123	TC
1	48472335	828	AG
1	48473930	1175	TC
1	48475957	744	TC
1	48476061	104	AC
1	48476062	1	GT
1	48476849	594	CT
1	48476854	5	GA
1	48476997	38	CT
1	48477067	70	GC
1	48477125	58	GA
1	48477253	128	CA
1	48479148	934	AT
1	48480220	595	TG
1	48480341	121	TC
1	48480369	28	TC
1	48481775	496	AG
1	48481792	17	TC
1	48483780	789	TC
1	48485395	1212	GA
1	48485652	257	TC
1	48485791	139	GA
1	48485867	76	AC
1	48486013	146	AG
1	48486198	185	CT
1	48486272	74	AG
1	48486297	25	GC
1	48487128	198	CT
1	48489107	776	TA
1	48489207	100	TC
1	48491824	1175	AG
1	48492669	553	CT
1	48492838	169	GA
1	48493373	535	CT
1	48494091	683	CT
1	48494110	19	GA
1	48494188	78	CT
1	48496924	1395	CT
1	48497567	592	TC
1	48497912	345	AG
1	48498256	318	AC
1	48499449	903	CT
1	48500474	842	CT
1	48501913	887	CT
1	48502669	432	CT
1	48506176	2670	CT
1	48507379	615	TC
1	48513885	2065	AG
1	48516463	804	CT
1	48517207	407	CT
1	48519089	644	GA
1	48519757	668	CT
1	48521575	1499	CT
1	48522714	999	CA
1	48522726	12	GA
1	48522763	37	GT
1	48524422	1200	CT
1	48525085	359	CT
1	48525096	11	AT
1	48525151	55	AG
1	48527825	2133	AT
1	48527967	142	AG
1	48528871	259	GA
1	48529739	640	CT
1	48530174	435	TA
1	48530198	24	TC
1	48530291	93	GA
1	48530744	453	GA
1	48530957	213	TC
1	48531153	196	AG
1	48531284	131	GA
1	48531315	31	AG
1	48531324	9	TC
1	48531381	57	CT
1	48532048	201	TG
1	48532176	128	AG
1	48532209	33	GA
1	48532212	3	AG
1	48532331	119	TC
1	48532503	172	GT
1	48532688	185	TC
1	48532810	122	CT
1	48532938	92	CT
1	48533015	77	AG
1	48533054	39	CT
1	48533256	74	TC
1	48533893	150	TG
1	48534013	49	AG
1	48534015	2	TC
1	48534022	7	GC
1	48534206	97	AT
1	48534226	20	CT
1	48534581	149	TC
1	48534762	181	AC
1	48534787	25	AC
1	48534938	151	TG
1	48534940	2	TC
1	48534951	11	TG
1	48534975	24	AG
1	48541406	182	CT
1	48541469	63	GC
1	48541515	46	AG
1	48541786	271	CT
1	48541959	140	CT
1	48542070	111	GA
1	48542087	17	GA
1	48542143	56	AG
1	48542741	125	AC
1	48544320	633	GA
1	48545226	266	CT
1	48546118	425	GT
1	48546122	4	AT
1	48546384	262	GA
1	48547716	1136	GA
1	48547826	110	GA
1	48547866	40	TA
1	48548383	442	CT
1	48548425	42	CT
1	48548439	14	AG
1	48548445	6	TC
1	48548960	317	GA
1	48549227	267	TG
1	48549235	8	TC
1	48550255	692	AG
1	48550323	68	GA
1	48550767	444	AG
1	48550795	28	TG
1	48551003	208	CA
1	48552035	468	GA
1	48552241	116	GA
1	48552342	101	AG
1	48552460	118	AC
1	48552540	80	TA
1	48552702	162	TC
1	48552788	86	CT
1	48553072	284	GC
1	48553480	408	GA
1	48553495	15	AG
1	48553699	204	GA
1	48553855	156	GA
1	48553915	60	GT
1	48553929	14	TC
1	48553991	62	TA
1	48554768	742	AG
1	48555175	407	CG
1	48555884	89	GA
1	48556016	132	TA
1	48556195	179	AG
1	48557228	1033	CT
1	48558720	1492	CT
1	48558734	14	CT
1	48564445	3207	AG
1	48564457	12	GA
1	48565435	652	AG
1	48565949	514	GA
1	48566547	235	AG
1	48566645	98	CT
1	48566787	142	CT
1	48567268	285	AC
1	48567273	5	CG
1	48567575	302	GA
1	48567595	20	CG
1	48569041	1104	AG
1	48569299	258	GA
1	48572097	2157	TC
1	48572613	516	AT
1	48574241	1165	TC
1	48575425	1002	AG
1	48577644	1568	CT
1	48579436	1184	TC
1	48579510	74	CT
1	48581678	1436	AG
1	48582817	618	GA
1	48583159	288	GC
1	48583247	48	AC
1	48583252	5	TC
1	48583256	4	GA
1	48584736	1480	AG
1	48587340	2433	CT
1	48587492	152	GC
1	48588169	677	AG
1	48588594	425	TA
1	48588820	226	CT
1	48589018	198	CT
1	48589085	67	GT
1	48591186	1436	GC
1	48591708	444	CT
1	48592638	904	CT
1	48592845	207	CT
1	48593293	364	GA
1	48593463	170	GA
1	48594013	451	GA
1	48594804	791	CA
1	48595190	386	GA
1	48598103	2750	TC
1	48601234	3131	GA
1	48602723	707	CT
1	48604379	1656	GA
1	48605192	693	AG
1	48605631	439	TA
1	48605868	237	TC
1	48605886	18	CT
1	48605918	32	GA
1	48606493	575	GA
1	48606525	32	AG
1	48606611	86	GA
1	48606940	329	TC
1	48607186	246	CA
1	48607746	560	CG
1	48608844	1073	CT
1	48608846	2	CT
1	48608977	131	GC
1	48609125	148	GC
1	48609603	478	AG
1	48609979	155	AG
1	48610036	57	CT
1	48610279	243	CT
1	48610350	71	GA
1	48610427	77	TA
1	48610467	40	AG
1	48611451	911	CT
1	48611674	223	CA
1	48612754	537	TC
1	48612850	96	CT
1	48613147	53	GA
1	48613191	44	CG
1	48613508	317	CT
1	48613601	93	CT
1	48613759	158	GA
1	48613797	38	CT
1	48613916	119	AC
1	48614095	179	CT
1	48614490	395	CT
1	48614629	139	CT
1	48617716	2241	CT
1	48619099	1255	CT
1	48619592	273	AG
1	48619993	401	TC
1	48620183	190	TC
1	48620221	38	AG
1	48620248	27	CT
1	48620356	108	CT
1	48620381	25	GA
1	48620663	282	GA
1	48620686	23	TA
1	48621043	357	AG
1	48621092	49	TG
1	48621473	381	TC
1	48621718	245	AG
1	48622993	1232	TC
1	48623760	448	CT
1	48633100	3288	CT
1	48638867	4503	GA
1	48644219	1685	GA
1	48644322	103	GA
1	48644906	157	TC
1	48644913	7	GA
1	48644950	37	CT
1	48645095	145	AG
1	48645296	201	CT
1	48645377	81	TG
1	48645568	191	CT
1	48645651	83	GA
1	48646011	360	AG
1	48646064	53	AC
1	48646146	82	CT
1	48647185	962	AG
1	48649002	951	GA
1	48649482	370	AC
1	48650875	646	TC
1	48650894	19	CA
1	48651223	329	TC
1	48651700	126	TC
1	48651712	12	CA
1	48652425	713	TC
1	48652670	138	CT
1	48653216	190	TC
1	48653299	83	CT
1	48653432	133	AC
1	48653450	18	CT
1	48653535	85	GA
1	48653613	78	GC
1	48653678	65	GA
1	48653690	12	AC
1	48653729	39	TC
1	48653746	17	CT
1	48653758	12	CT
1	48653772	14	GA
1	48653875	103	AG
1	48653995	120	CT
1	48653996	1	TA
1	48654061	65	TC
1	48654385	193	TA
1	48654386	1	AT
1	48654411	25	CT
1	48655343	344	AG
1	48655937	213	CA
1	48657110	503	CT
1	48657705	264	TC
1	48657709	4	AC
1	48657715	6	TC
1	48657805	90	GT
1	48658355	550	TC
1	48659079	45	AG
1	48659080	1	AC
1	48659204	84	GT
1	48659563	359	AG
1	48659938	283	TC
1	48660997	742	TC
1	48661003	6	AC
1	48661033	30	CG
1	48661910	385	CT
1	48662481	236	AC
1	48662582	76	GC
1	48667106	1494	TC
1	48667677	398	AG
1	48667751	74	GA
1	48667783	32	CT
1	48668985	606	TC
1	48669068	83	TC
1	48669866	798	CG
1	48669883	17	GC
1	48670271	388	GA
1	48670412	121	GT
1	48670422	10	TC
1	48670600	178	CT
1	48670631	31	TG
1	48670852	221	TC
1	48671716	629	GA
1	48671764	48	GA
1	48671770	6	TC
1	48673269	230	CT
1	48673270	1	TC
1	48673854	496	TG
1	48673962	108	TC
1	48673994	32	CT
1	48674300	306	CT
1	48674327	27	CT
1	48674344	17	CT
1	48680619	2844	AC
1	48682860	1094	TC
1	48684422	971	CA
1	48685292	870	TC
1	48685432	140	AG
1	48685722	234	CT
1	48685725	3	TC
1	48687703	1120	CG
1	48687981	278	AG
1	48688012	31	AG
1	48688830	782	CT
1	48688832	2	CT
1	48688919	87	TC
1	48689151	38	CG
1	48689153	2	TA
1	48692335	1089	CT
1	48693592	972	AG
1	48693608	16	AG
1	48694228	296	AG
1	48695013	434	CA
1	48695119	106	TC
1	48695138	19	AT
1	48695336	198	CT
1	48695423	87	AT
1	48695587	41	CT
1	48696040	30	TC
1	48696513	473	TG
1	48696672	159	GA
1	48696918	246	GA
1	48697087	169	CT
1	48697697	307	CT
1	48698160	175	GC
1	48699137	843	GA
1	48699314	177	CG
1	48699350	36	CT
1	48699599	249	GA
1	48699610	11	GC
1	48699644	34	GA
1	48699697	53	AG
1	48699705	8	GT
1	48700290	297	AG
1	48700357	67	CT
1	48700418	61	TA
1	48700433	15	CT
1	48700548	115	GC
1	48700894	346	GA
1	48700991	97	GT
1	48701128	137	CT
1	48701296	168	GA
1	48701933	117	AG
1	48702117	184	CT
1	48702122	5	AT
1	48702387	265	AG
1	48703239	116	TG
1	48703399	160	GA
1	48703962	450	GT
1	48706388	977	TC
1	48706409	21	TG
1	48707269	860	AT
1	48707278	9	CT
1	48707533	255	CT
1	48708325	366	CT
1	48708906	534	TC
1	48709254	293	GC
1	48709912	658	AC
1	48710056	144	AG
1	48710190	134	TC
1	48711127	781	TC
1	48711290	163	GA
1	48712630	320	GC
1	48713035	146	CT
1	48713058	23	CT
1	48713138	80	CT
1	48713224	86	TC
1	48713417	193	AG
1	48714132	698	GA
1	48714295	163	AG
1	48718902	1720	GT
1	48719021	119	AG
1	48719217	196	GA
1	48719223	6	CT
1	48719257	34	TC
1	48720275	706	GA
1	48720580	305	TC
1	48720698	118	GT
1	48720767	69	GC
1	48720842	75	CT
1	48720869	27	CT
1	48720870	1	CG
1	48720873	3	GA
1	48722031	647	GA
1	48722118	87	AT
1	48722538	157	GC
1	48722622	84	GA
1	48722717	95	TC
1	48726318	2887	TC
1	48726319	1	GA
1	48726685	366	GA
1	48727132	447	TC
1	48728305	858	GC
1	48729584	580	CT
1	48729638	54	CT
1	48736845	2802	CT
1	48737293	350	CG
1	48739507	226	GA
1	48739508	1	AG
1	48740152	426	CA
1	48740329	177	CT
1	48740545	216	GA
1	48740758	213	CT
1	48741251	295	CT
1	48741313	62	TA
1	48741448	135	GA
1	48741507	59	GA
1	48741628	121	TC
1	48743562	80	GA
1	48743694	132	CG
1	48744138	355	GA
1	48744191	53	AC
1	48744874	683	GA
1	48745425	551	AC
1	48747051	1332	TC
1	48747064	13	GA
1	48747259	195	GC
1	48747826	567	TC
1	48748870	767	GT
1	48752055	1848	CT
1	48753206	129	CT
1	48756578	881	CT
1	48763217	2707	CT
1	48763343	126	TG
1	48764623	1280	TC
1	48776151	1487	AC
1	48777559	973	TA
1	48777684	125	CT
1	48778731	758	GA
1	48782908	1938	CT
1	48783492	272	AG
1	48784581	463	TC
1	48791240	2581	TA
1	48805106	2603	GT
1	48808055	1562	TC
1	48808850	795	CT
1	48808852	2	CT
1	48810899	377	AG
1	48810959	60	CA
1	48810967	8	CT
1	48812850	275	AT
1	48813103	253	AG
1	48813407	304	CA
1	48813443	36	TC
1	48813643	200	AG
1	48814805	693	AG
1	48815002	197	GA
1	48815046	44	GA
1	48815058	12	GT
1	48815360	302	TA
1	48816289	200	GT
1	48817647	924	CT
1	48817677	30	AG
1	48817779	102	TG
1	48820437	1072	AT
1	48823414	330	CT
1	48826346	1183	GA
1	48826367	21	TC
1	48829439	1401	AC
1	48850841	628	GA
1	48852820	1659	CT
1	48853204	200	CT
1	48853813	609	TC
1	48857188	1689	GA
1	48857283	95	GA
1	48857686	379	TC
1	48857825	139	CT
1	48858563	738	AC
1	48858938	179	AG
1	48859928	663	AG
1	48859965	37	TC
1	48863056	2768	TC
1	48863947	574	GA
1	48864803	673	AG
1	48876146	2909	TC
1	48877610	1069	CT
1	48878515	905	GC
1	48881693	3026	AG
1	48882084	391	GT
1	48882888	591	AG
1	48888220	3404	GC
1	48889308	579	CG
1	48892825	3203	TG
1	48894984	1225	TC
1	48896142	977	AG
1	48897812	861	AG
1	48898640	828	CA
1	48911153	7710	TC
1	48912833	1600	CT
1	48915703	1858	GA
1	48919698	2908	TG
1	48920317	619	CG
1	48921075	501	TG
1	48921282	207	GA
1	48921352	70	CT
1	48923044	1692	GC
1	48923472	428	GA
1	48927193	1887	AC
1	48931272	2030	AG
1	48934243	1685	AG
1	48934438	195	AG
1	48936104	1170	GA
1	48939564	2393	CA
1	48940844	732	CA
1	48941948	513	TC
1	48942383	334	CT
1	48943466	940	CT
1	48946151	1457	TC
1	48946988	572	GA
1	48948630	1053	AG
1	48949641	1011	AG
1	48949693	52	CA
1	48950195	418	GA
1	48950391	196	GA
1	48951661	687	CT
1	48952019	247	TC
1	48952510	491	CG
1	48952763	253	TC
1	48954167	805	GA
1	48954169	2	TC
1	48954764	431	GA
1	48954856	92	AG
1	48955320	464	AG
1	48955759	439	TA
1	48955886	127	AG
1	48956810	924	CG
1	48957748	586	GA
1	48959180	229	GT
1	48960334	1154	AG
1	48960387	53	CG
1	48961101	260	CT
1	48961636	276	GA
1	48961643	7	GT
1	48961892	249	CT
1	48962126	234	TC
1	48962202	76	GT
1	48962255	53	TC
1	48962262	7	GT
1	48962981	544	CT
1	48962995	14	GT
1	48963502	507	GA
1	48963870	368	TC
1	48966592	1494	CT
1	48966617	25	AG
1	48966644	27	GA
1	48966853	209	GC
1	48966953	100	AT
1	48968649	1234	AG
1	48975058	2600	AG
1	48976949	1806	TC
1	48996496	7399	GA
1	48998485	1967	TG
1	48998530	45	GT
1	48998610	80	GA
1	49000579	1332	CT
1	49002870	1683	AG
1	49004678	1070	TC
1	49005603	925	AC
1	49005645	42	AG
1	49007601	1184	TG
1	49009017	1079	GA
1	49012837	2595	AT
1	49013892	814	GA
1	49014852	479	GC
1	49015034	182	CT
1	49017871	1872	CT
1	49021728	2446	GT
1	49021852	124	CT
1	49022699	339	GA
1	49023322	587	GC
1	49025233	1296	AG
1	49028664	2948	AT
1	49029044	380	AG
1	49030892	1022	CT
1	49035339	3748	GC
1	49037033	1377	TC
1	49038583	1510	GA
1	49051655	9100	TG
1	49053021	460	GA
1	49053705	423	GC
1	49054469	320	AT
1	49074369	14906	CT
1	49076842	2138	GT
1	49077280	438	CT
1	49089009	7747	GA
1	49099718	4826	AG
1	49133204	28850	GA
1	49135508	2157	GA
1	49136452	910	AT
1	49136832	380	TC
1	49136874	42	AG
1	49136936	62	AG
1	49137679	643	CG
1	49138168	426	GC
1	49138181	13	AG
1	49138707	526	CG
1	49139057	156	AG
1	49139162	105	AG
1	49139596	434	GA
1	49139770	174	TC
1	49139785	15	AG
1	49139955	170	CT
1	49140156	201	TC
1	49140893	352	TC
1	49141072	179	CT
1	49144876	813	CT
1	49147025	1298	GA
1	49147278	253	GA
1	49148857	1579	TC
1	49149284	427	CT
1	49152789	3466	GC
1	49152819	30	AT
1	49155874	2955	TC
1	49157839	1913	TC
1	49158888	702	TA
1	49160901	1884	TC
1	49161063	162	TC
1	49162961	1674	CG
1	49163136	175	TG
1	49163264	128	AG
1	49163421	157	CA
1	49167321	3751	CT
1	49168218	897	CT
1	49172577	4283	CT
1	49174696	1693	AG
1	49175028	332	CA
1	49177930	2807	CA
1	49178233	303	TA
1	49178423	190	AG
1	49180228	1305	TC
1	49181743	1515	TC
1	49185961	3535	CT
1	49193071	4813	TC
1	49207369	9462	TA
1	49209308	1916	GA
1	49213438	2598	CA
1	49214343	309	TC
1	49216309	961	TC
1	49223609	2303	CT
1	49226059	1209	GA
1	49226936	877	CT
1	49230404	2577	AG
1	49233336	2230	GA
1	49234733	1104	AG
1	49240413	875	AG
1	49241727	736	CT
1	49242386	659	TC
1	49243597	346	AT
1	49243797	200	TC
1	49244765	711	GA
1	49245655	890	AT
1	49246361	634	CT
1	49247120	759	TC
1	49248964	1443	GC
1	49251792	835	AG
1	49253889	1488	GA
1	49254569	334	TG
1	49257684	521	TC
1	49258839	197	TC
1	49259469	312	AG
1	49259977	508	CT
1	49264441	695	GA
1	49267216	1402	GA
1	49277943	1601	CT
1	49277979	36	TA
1	49280976	184	AC
1	49282358	1349	TC
1	49282363	5	TC
1	49283190	664	CT
1	49284948	449	GC
1	49285154	206	TC
1	49285302	148	CA
1	49285560	258	TC
1	49291149	900	CT
1	49292379	1230	TC
1	49298810	1246	GA
1	49303675	1920	TC
1	49307456	2341	AT
1	49317674	2390	AG
1	49323716	2808	AG
1	49326307	1560	CT
1	49333044	4086	AC
1	49333045	1	TC
1	49335571	1279	GA
1	49335716	145	GA
1	49336235	323	CT
1	49336273	38	CT
1	49336278	5	GA
1	49338844	2540	CT
1	49342187	2194	CT
1	49342292	105	AC
1	49344668	1425	CT
1	49346120	953	CT
1	49346245	125	AG
1	49349539	2386	AG
1	49350978	485	GT
1	49351512	534	TG
1	49351523	11	AG
1	49353895	1793	TA
1	49354535	538	AC
1	49354846	311	TC
1	49354910	64	GA
1	49354913	3	GC
1	49354991	78	TC
1	49355112	121	CG
1	49355117	5	GC
1	49355589	149	GA
1	49355642	53	TC
1	49356583	442	GT
1	49356755	172	AG
1	49357067	312	CA
1	49358684	1517	GA
1	49358756	72	GA
1	49360848	1092	CG
1	49361154	102	CT
1	49361950	456	CT
1	49362563	168	GA
1	49362583	20	TG
1	49373846	2572	GT
1	49384177	3295	GC
1	49384197	20	GC
1	49387392	324	AT
1	49388600	809	GA
1	49392809	1610	AG
1	49392860	51	GA
1	49393556	589	CT
1	49393573	17	CA
1	49398787	2178	GT
1	49399004	217	GA
1	49400763	112	AG
1	49400776	13	AC
1	49401008	232	GA
1	49401167	159	AG
1	49402615	813	GA
1	49402635	20	GT
1	49403303	261	TC
1	49403334	31	AG
1	49403336	2	AC
1	49403366	30	AC
1	49404444	175	CA
1	49404900	233	TC
1	49404905	5	CT
1	49406601	929	GA
1	49406994	393	GA
1	49406998	4	CT
1	49407954	543	CT
1	49408074	120	TA
1	49408491	190	GT
1	49409406	863	CG
1	49414719	3068	TC
1	49414935	216	TG
1	49415419	484	CA
1	49420627	2582	GA
1	49426112	4834	GA
1	49426541	429	GA
1	49428601	1765	TG
1	49429313	404	GC
1	49430516	1180	AG
1	49433291	1370	GC
1	49433500	209	AG
1	49442306	6580	TC
1	49451992	8808	AG
1	49454755	2763	GA
1	49455677	511	CT
1	49455848	171	CT
1	49470151	7969	CA
1	49472518	539	CT
1	49474447	1025	TA
1	49475335	646	CT
1	49475344	9	CT
1	49475368	24	CT
1	49475471	103	TC
1	49476823	1078	TC
1	49477997	77	CT
1	49478074	77	TC
1	49478105	31	CT
1	49478119	14	CG
1	49478280	161	GA
1	49478317	37	CA
1	49478326	9	CG
1	49478372	46	GA
1	49478404	32	GA
1	49478405	1	TC
1	49478431	26	TC
1	49478437	6	GC
1	49479190	301	TC
1	49479203	13	GC
1	49479257	54	TC
1	49479701	444	GA
1	49480323	478	TA
1	49480390	67	TC
1	49480449	59	GA
1	49480585	136	CG
1	49480620	35	GA
1	49480628	8	TC
1	49480784	156	AG
1	49480829	45	TG
1	49480938	109	TC
1	49481524	153	TC
1	49481568	44	CG
1	49481575	7	TG
1	49481936	138	CT
1	49482134	66	CT
1	49482196	62	TG
1	49482302	106	GA
1	49482355	53	GA
1	49483323	375	CT
1	49483326	3	TC
1	49485516	393	TC
1	49485535	19	AG
1	49485662	127	TC
1	49485664	2	CT
1	49486437	384	AG
1	49487176	399	TA
1	49487214	38	GC
1	49487367	153	CT
1	49497537	3183	GA
1	49497739	202	CG
1	49497757	18	CT
1	49497821	64	TC
1	49500063	1982	TC
1	49500898	835	CT
1	49500958	60	GA
1	49501429	471	CA
1	49502140	550	GC
1	49503120	907	GA
1	49503709	479	CT
1	49504156	447	GT
1	49506275	526	GA
1	49506887	612	CT
1	49508253	545	TG
1	49510110	1623	GA
1	49513205	2752	AG
1	49513829	624	TC
1	49513900	71	AG
1	49514211	311	CG
1	49514454	243	CT
1	49515163	709	GA
1	49515898	680	GA
1	49515941	43	CT
1	49515951	10	CT
1	49516752	665	CT
1	49518381	1526	GA
1	49518973	592	AG
1	49519025	52	CG
1	49519137	112	GA
1	49519701	564	AG
1	49520049	348	AG
1	49520961	716	GT
1	49524875	3441	GA
1	49524969	94	AG
1	49525194	225	GA
1	49526026	832	CG
1	49526079	53	CT
1	49526599	391	TG
1	49530316	3179	CT
1	49531982	1420	GA
1	49533120	1138	CT
1	49533179	59	CT
1	49534377	747	CT
1	49537780	3308	GA
1	49539354	1574	GT
1	49539510	156	GA
1	49539748	238	CG
1	49539960	212	GA
1	49540542	541	GA
1	49540988	446	CT
1	49542218	1230	TG
1	49542570	352	GA
1	49544424	1824	CT
1	49546032	1221	AG
1	49546480	384	GA
1	49546573	93	TC
1	49546751	178	AC
1	49546834	83	CG
1	49547047	180	AT
1	49547895	848	CT
1	49547900	5	GT
1	49548152	252	GC
1	49548155	3	TC
1	49550483	2328	GT
1	49550725	242	GA
1	49550819	11	CT
1	49550870	51	GA
1	49550907	37	CA
1	49550930	23	TC
1	49552043	1113	AC
1	49553009	925	TG
1	49553221	212	GA
1	49553359	138	AG
1	49553425	66	AG
1	49553832	407	CT
1	49554023	191	GA
1	49554051	28	TC
1	49554392	341	TC
1	49555020	628	GT
1	49555974	954	GA
1	49556248	274	TC
1	49556676	231	AG
1	49556927	251	CG
1	49556973	46	TC
1	49560578	2847	GT
1	49560847	269	CA
1	49561381	534	TC
1	49561840	459	CT
1	49562045	205	AG
1	49563054	827	TC
1	49563055	1	GC
1	49563059	4	CT
1	49563064	5	CT
1	49563237	173	TC
1	49563411	174	AG
1	49563795	384	GA
1	49564249	405	AG
1	49564608	359	CT
1	49565648	1040	AG
1	49565741	93	CT
1	49565808	67	GA
1	49565821	13	GC
1	49566414	301	GA
1	49566888	374	GA
1	49567466	540	CT
1	49567543	77	GA
1	49567846	303	AG
1	49569159	1313	GA
1	49570923	1764	GA
1	49571097	174	AG
1	49575928	4782	AG
1	49575932	4	CT
1	49576177	245	GC
1	49577732	1410	GA
1	49577787	55	AG
1	49580281	2443	GA
1	49580806	525	AG
1	49580953	147	AG
1	49581042	89	GA
1	49581293	251	TA
1	49581485	192	AG
1	49581535	50	AT
1	49582393	786	GT
1	49582543	150	GA
1	49582805	262	CG
1	49583223	418	AG
1	49583369	146	GA
1	49583943	574	GA
1	49584054	111	CG
1	49584818	685	TC
1	49585608	790	CT
1	49585821	188	GA
1	49586436	481	GA
1	49586837	401	AG
1	49588144	782	TC
1	49588210	66	CA
1	49588311	101	AG
1	49588375	64	GA
1	49588424	49	TC
1	49588539	115	GA
1	49588546	7	AG
1	49588608	62	GA
1	49588694	86	GA
1	49588709	15	AG
1	49589470	761	AG
1	49589568	98	TC
1	49589673	105	CT
1	49590731	852	CT
1	49590746	15	CT
1	49590759	13	CG
1	49590827	68	GA
1	49590831	4	TC
1	49591337	506	CG
1	49591485	148	TC
1	49591877	392	AG
1	49591934	57	CT
1	49591943	9	AC
1	49591961	18	GA
1	49592356	395	AG
1	49593013	291	TG
1	49593020	7	TC
1	49593496	476	TC
1	49593760	180	AT
1	49593822	62	GC
1	49594231	300	GA
1	49594412	181	CT
1	49594416	4	AG
1	49594436	20	GA
1	49594482	46	GA
1	49594736	254	TC
1	49595066	330	AG
1	49595470	404	AG
1	49595969	450	AG
1	49596155	186	CT
1	49596210	55	TC
1	49596292	82	TC
1	49596393	101	GA
1	49596787	394	TA
1	49597533	697	CT
1	49598264	421	CT
1	49599546	1202	GT
1	49599696	150	CT
1	49601079	299	GA
1	49601175	96	CT
1	49601354	179	AC
1	49601365	11	CG
1	49601474	109	GA
1	49601490	16	AT
1	49602084	566	AG
1	49602490	406	CT
1	49605284	1333	CT
1	49605328	44	CA
1	49605333	5	CT
1	49605334	1	AG
1	49605533	199	GA
1	49605869	336	CT
1	49606536	667	GA
1	49606595	59	GA
1	49606667	72	GA
1	49631370	14943	CT
1	49631526	156	TC
1	49631813	287	TC
1	49633426	322	CT
1	49634239	769	CT
1	49634327	88	CT
1	49635359	822	CT
1	49635450	91	CT
1	49635639	189	GA
1	49638076	2083	CT
1	49638404	328	AG
1	49638894	490	CG
1	49638897	3	GA
1	49639778	881	GA
1	49640936	868	AG
1	49641205	269	CG
1	49641207	2	AG
1	49641503	296	AC
1	49642516	785	CT
1	49642743	227	AG
1	49643942	1199	TA
1	49643992	50	CT
1	49644126	134	GA
1	49645263	703	AG
1	49652284	5526	GA
1	49657593	5124	GA
1	49679903	20045	CT
1	49695742	14483	CT
1	49703272	7384	GA
1	49711852	6587	AG
1	49713390	591	GT
1	49722070	6180	GA
1	49724472	2204	CT
1	49728320	3264	CT
1	49729571	1251	GA
1	49729725	154	AG
1	49730730	1005	CT
1	49731776	739	CT
1	49731951	175	GT
1	49781539	35594	CT
