1	4960	4960	GA
1	35347	24168	GC
1	37451	1465	GA
1	38028	577	GA
1	38121	93	TC
1	38367	246	AG
1	38374	7	CT
1	38420	46	AG
1	38787	367	TC
1	38853	66	GA
1	39110	257	TC
1	39637	527	TC
1	40059	422	CT
1	40748	689	CT
1	40834	86	GA
1	41357	523	CT
1	41583	226	GA
1	41697	114	GC
1	42766	1069	TA
1	44173	1213	GA
1	44401	228	TC
1	44816	415	CT
1	45232	416	CT
1	45283	51	CT
1	45825	344	CT
1	46747	922	CT
1	47026	279	CT
1	48586	1318	GC
1	48841	255	GC
1	49016	175	CT
1	50725	668	TG
1	51273	494	AT
1	51340	67	GA
1	57128	4027	CT
1	57371	243	GA
1	60088	1891	TC
1	61282	476	TC
1	64913	1845	CT
1	64952	39	AG
1	65031	79	AG
1	65199	168	GA
1	65474	275	TC
1	66986	601	CT
1	67031	45	CT
1	69541	2113	GA
1	69787	246	CT
1	69829	42	CT
1	70256	427	AC
1	70473	217	GA
1	70624	151	GA
1	70803	179	TG
1	71117	314	AG
1	71901	784	TC
1	73692	1283	CT
1	75605	1580	CT
1	75713	108	CT
1	75793	80	CT
1	75978	185	GA
1	76204	226	GA
1	77521	572	CT
1	77799	278	CT
1	78793	994	CG
1	79178	385	CT
1	79181	3	GA
1	79451	270	TA
1	79491	40	GC
1	79800	309	CT
1	80013	213	CA
1	80119	106	CG
1	80773	462	GA
1	80782	9	AG
1	81586	804	CT
1	82015	429	GT
1	83927	1314	CG
1	85699	466	GA
1	87457	1758	CG
1	87491	34	TC
1	92232	3852	AG
1	92377	145	TC
1	98305	1737	AC
1	98614	309	AG
1	103371	2163	GA
1	103766	395	CT
1	104698	932	GA
1	105048	350	TC
1	109175	3483	TC
1	110357	1182	AG
1	110798	441	AG
1	110872	74	GA
1	111966	1094	TC
1	112211	245	TA
1	112217	6	CG
1	112503	286	CT
1	112939	436	TC
1	113039	100	CT
1	113546	507	TG
1	114227	649	TC
1	119864	4348	CT
1	120010	146	GA
1	121343	554	CT
1	123981	2058	CT
1	124577	596	AG
1	127940	2795	GT
1	129196	1256	GA
1	129962	766	GC
1	134844	2795	AT
1	136437	595	CT
1	139363	2509	TC
1	141773	2410	TA
1	142247	474	GA
1	143750	1354	TC
1	144837	1062	TC
1	144919	82	GT
1	145069	150	AG
1	147172	1738	TC
1	147382	210	CG
1	148820	697	CA
1	148882	62	CT
1	149973	777	CA
1	151862	1889	CT
1	152003	141	GA
1	153049	1046	TC
1	153175	126	GC
1	153571	396	AG
1	156555	1389	GT
1	159060	1140	GT
1	161661	2292	GA
1	162319	394	GA
1	164595	1616	GT
1	168197	2375	TG
1	169482	1285	TC
1	172786	2805	TC
1	174438	1652	TC
1	174998	560	AG
1	175829	831	CT
1	177281	1452	GC
1	180754	3404	CT
1	181881	1104	AG
1	183328	1370	GA
1	185392	1405	CT
1	185467	75	TG
1	186393	870	TG
1	187156	763	CT
1	187500	344	GA
1	187693	193	AG
1	188168	475	CA
1	190795	1449	CG
1	191788	793	GA
1	192828	875	TC
1	193400	572	CG
1	195301	1901	TC
1	195523	222	GC
1	196705	1027	AG
1	197173	160	GC
1	197282	109	TG
1	199314	1682	TG
1	199337	23	TC
1	199375	38	CT
1	199745	370	CT
1	200323	578	CT
1	201059	693	AG
1	202759	1312	CT
1	203681	468	TC
1	207113	1846	TC
1	207166	53	AC
1	209232	1688	AG
1	212238	2614	CG
1	212326	88	AG
1	212511	185	TG
1	212827	316	GA
1	212840	13	GA
1	213442	602	CT
1	213535	93	TC
1	213655	120	AG
1	214536	881	CT
1	214650	114	GA
1	217281	2304	GC
1	221100	2265	AG
1	221269	169	CT
1	221978	709	CG
1	222178	200	AG
1	223049	871	TC
1	223598	549	AT
1	225613	1649	CT
1	225636	23	GA
1	226655	1019	CT
1	226861	206	AG
1	228086	841	GA
1	228123	37	AG
1	228196	73	TC
1	228756	560	TC
1	229346	590	CT
1	229653	307	CT
1	230369	716	GA
1	236175	5453	AG
1	236872	697	CT
1	237414	542	CT
1	238747	1276	CT
1	238780	33	CT
1	238900	120	CG
1	239594	694	CT
1	241602	907	CT
1	242006	404	CG
1	242202	196	CT
1	244163	1961	CT
1	244345	182	TC
1	244540	195	TC
1	246621	2081	CT
1	248079	1026	TC
1	248527	448	TC
1	248613	86	GA
1	249117	504	GA
1	250132	1015	AG
1	251137	1005	CG
1	251683	387	GA
1	251728	45	TC
1	251816	88	AC
1	251911	95	AC
1	252159	248	CG
1	252754	595	TC
1	252779	25	GT
1	252838	59	GA
1	253347	509	CT
1	255768	1191	GA
1	255946	178	CT
1	256346	400	TC
1	257509	877	GA
1	257768	259	CT
1	258040	272	GA
1	258251	211	GA
1	259387	885	CT
1	259407	20	CG
1	259610	203	GA
1	259657	47	AG
1	261149	1468	TC
1	261332	183	GA
1	261862	530	TC
1	262407	321	TC
1	262562	155	CT
1	262768	206	TC
1	262895	127	AG
1	263152	257	GA
1	263343	191	CT
1	263372	29	TA
1	264779	1407	CT
1	265009	230	CT
1	265050	41	GT
1	265322	272	CA
1	265580	258	AG
1	266131	301	CT
1	266198	67	AG
1	266823	625	AG
1	267355	185	AG
1	267672	317	TC
1	268278	278	CT
1	269271	993	TC
1	269508	237	TC
1	270044	469	GA
1	271074	1030	CA
1	275146	1423	AC
1	275308	162	AT
1	275514	206	AG
1	275622	108	TC
1	276294	672	CT
1	277253	659	TC
1	279733	2276	TC
1	279773	40	GA
1	280444	491	CT
1	280688	244	AC
1	280767	79	CT
1	282002	1012	AG
1	282669	512	GA
1	282748	79	CT
1	283554	806	GA
1	283637	83	CG
1	284048	411	CT
1	284393	345	TC
1	284712	319	CT
1	284936	224	CT
1	285055	119	CT
1	285323	268	AG
1	285912	589	CT
1	290259	2655	TC
1	290964	705	GA
1	294502	2132	CT
1	294734	232	CT
1	294829	95	GA
1	295179	113	GA
1	295217	38	CG
1	296042	757	GT
1	296241	199	AG
1	296291	50	CG
1	296653	362	GA
1	296809	156	GA
1	296860	51	AG
1	298346	1486	GA
1	298456	110	CG
1	298476	20	CT
1	299538	1027	TC
1	299896	132	CT
1	300349	362	AT
1	301588	800	CT
1	302033	445	CT
1	302036	3	GC
1	303192	1156	CT
1	303535	343	GA
1	303638	103	TC
1	304438	775	CT
1	304630	192	CT
1	304895	265	TC
1	305274	379	CT
1	306396	1122	GC
1	307378	982	TG
1	307400	22	TC
1	308049	649	TC
1	308953	836	CT
1	309658	705	CT
1	310043	385	CT
1	310991	948	GA
1	311080	89	AG
1	314403	2954	TC
1	337269	2853	CA
1	337323	54	CT
1	337761	438	TC
1	337809	48	AT
1	338307	216	TC
1	339461	852	AG
1	339897	347	CT
1	340314	417	CG
1	340994	680	GC
1	342039	772	CG
1	342144	105	TC
1	342236	92	AG
1	344094	1547	TC
1	344747	653	CT
1	344979	114	CT
1	345021	42	CT
1	345255	234	GT
1	345301	46	TC
1	345374	73	AG
1	345540	166	CT
1	345541	1	TG
1	345621	80	AG
1	345625	4	CT
1	345723	98	AG
1	345754	31	GA
1	346025	136	GC
1	346266	108	AG
1	346296	30	GA
1	346409	113	GA
1	346415	6	AG
1	346582	167	AG
1	346602	20	TC
1	347030	428	CT
1	347393	363	TA
1	348660	1267	CA
1	348824	164	GA
1	348826	2	AC
1	349141	315	TC
1	349767	626	CT
1	349847	80	TC
1	349934	87	AC
1	350012	78	CT
1	350095	83	CT
1	350294	199	GA
1	351671	1185	CT
1	352026	85	AG
1	352195	169	GA
1	352398	203	GC
1	352452	54	AC
1	352643	191	TC
1	353370	727	TA
1	353850	480	TC
1	354722	434	TC
1	355236	373	TC
1	356777	778	AG
1	356814	37	CT
1	358092	628	CG
1	358122	30	AG
1	358239	117	GT
1	358282	43	GA
1	362364	590	GA
1	362523	159	GA
1	362832	309	TC
1	363075	243	TC
1	363141	66	CT
1	363575	404	TC
1	364867	1222	AG
1	365140	273	TG
1	365196	56	GA
1	365322	126	CT
1	365410	88	AG
1	365411	1	GA
1	365773	362	AG
1	366182	409	GA
1	366339	157	TC
1	366413	74	CT
1	366648	235	TG
1	367471	473	GA
1	370776	2732	AG
1	371697	882	AG
1	372373	572	AG
1	372549	176	CT
1	373573	531	CT
1	375564	1511	CT
1	375796	232	TC
1	378973	1012	TC
1	379253	280	CT
1	384984	5155	GA
1	385780	654	CT
1	388363	2393	CT
1	389004	641	AG
1	392057	2530	CT
1	392147	90	AG
1	395300	3153	GA
1	395851	306	CT
1	396274	423	AC
1	396418	144	GA
1	397036	618	TC
1	397068	32	CT
1	397166	98	TC
1	397595	429	TC
1	398079	484	AG
1	399091	976	GA
1	399959	868	CT
1	402272	1932	CT
1	403888	1616	TC
1	404180	292	TC
1	404635	122	GT
1	404663	28	CT
1	404669	6	GT
1	405637	553	GA
1	406257	620	CA
1	406638	381	CT
1	406848	210	TG
1	407179	331	CT
1	408401	786	GA
1	409048	647	AG
1	411709	2641	TG
1	412510	801	CT
1	412688	178	TC
1	412753	65	GA
1	414206	1453	CT
1	414368	162	GC
1	414413	45	TA
1	414986	573	CG
1	415743	607	AG
1	415768	25	AG
1	416067	299	GA
1	416527	460	TC
1	418028	917	GA
1	418366	338	GA
1	418522	156	CT
1	419209	687	GT
1	419639	76	CT
1	419783	144	CG
1	420023	240	GA
1	422150	2127	TA
1	422251	101	CT
1	422367	116	GA
1	423937	1522	GA
1	424145	208	CT
1	424433	288	AG
1	425362	670	GT
1	429230	2889	GA
1	431179	1781	CA
1	431193	14	AC
1	431290	97	GC
1	432632	1037	CT
1	433208	576	GC
1	433870	453	GA
1	433984	114	AT
1	435470	1486	TC
1	435618	148	TG
1	436714	1096	GA
1	438220	1506	TC
1	440217	1779	TC
1	442206	1989	AG
1	443585	1379	GA
1	443610	25	AG
1	444675	749	GC
1	447060	1877	CT
1	447520	460	GC
1	448289	769	TA
1	449522	1191	GA
1	449861	339	GA
1	450209	348	GA
1	450730	521	TC
1	451109	379	TC
1	451663	554	AT
1	453002	1339	CA
1	456357	3231	GA
1	457341	984	TC
1	461425	1994	TC
1	465051	3353	AC
1	471049	5600	CT
1	473506	2249	CT
1	474628	1122	CT
1	474800	172	GA
1	474883	83	GA
1	476611	1386	GA
1	476624	13	TC
1	478899	2275	AG
1	486652	4005	AT
1	488473	1738	GT
1	488811	338	AG
1	489523	712	CT
1	490275	566	TG
1	491061	414	CT
1	491626	565	CT
1	491962	336	CT
1	492644	568	CT
1	492787	143	AC
1	494243	1401	GC
1	494339	96	CT
1	495123	464	AC
1	497385	1244	GA
1	497488	103	GA
1	497869	381	TC
1	501673	2249	GA
1	502247	574	CT
1	504163	575	CT
1	504732	569	TG
1	5000024	24	TG
1	5000051	27	GT
1	5000717	608	TC
1	5001037	320	CA
1	5001356	114	GA
1	5001401	45	CT
1	5001501	100	CT
1	5002864	1363	AT
1	5004474	1610	GC
1	5004678	80	CT
1	5004988	310	GT
1	5005058	70	CT
1	5005062	4	TC
1	5005152	90	GA
1	5005214	62	TC
1	5005269	55	GT
1	5005482	176	GT
1	5005485	3	TC
1	5006249	764	CA
1	5007130	468	CT
1	5010116	2211	AC
1	5010292	176	AG
1	5010789	497	AC
1	5010836	47	GT
1	5010983	147	TC
1	5011078	95	GT
1	5015546	2916	GA
1	5016668	800	GA
1	5017184	516	CT
1	5017466	282	GT
1	5017472	6	GA
1	5022334	4153	TC
1	5043200	17207	GT
1	5043201	1	CT
1	5056472	9802	CT
1	5066611	9158	GC
1	5066669	58	CT
1	5067576	422	AG
1	5068916	675	TC
1	5069100	184	GT
1	5069884	572	GA
1	5070056	172	GC
1	5070168	112	CT
1	5071347	768	GC
1	5074383	1082	GC
1	5074426	43	CT
1	5075319	651	GA
1	5080468	1427	CT
1	5080561	93	CT
1	5080665	104	CA
1	5081127	399	GA
1	5081136	9	CT
1	5081201	65	TC
1	5081227	26	AG
1	5081263	36	CT
1	5081277	14	TC
1	5081881	279	CT
1	5081900	19	GC
1	5082118	81	AG
1	5082240	122	CA
1	5082795	555	TC
1	5082836	41	AG
1	5082972	136	GA
1	5083295	323	TC
1	5083316	21	TC
1	5084137	821	CG
1	5085252	1006	GA
1	5086134	31	CG
1	5086135	1	GC
1	5086151	16	TG
1	5086602	76	TC
1	5086603	1	GA
1	5086817	214	AG
1	5086840	23	TC
1	5087008	168	TC
1	5087982	920	GA
1	5088230	127	GA
1	5088453	223	CT
1	5089020	567	TC
1	5089352	197	AG
1	5093728	3977	GA
1	5093859	131	CT
1	5109004	8897	CG
1	5109030	26	GC
1	5109399	369	GA
1	5109571	172	CT
1	5109765	194	CT
1	5109769	4	GA
1	5110263	494	CT
1	5110324	61	GA
1	5111149	198	CT
1	5111279	130	GA
1	5111606	233	GA
1	5112687	1051	GA
1	5114579	1236	GA
1	5114734	155	AG
1	5115936	67	TC
1	5116329	334	TA
1	5116340	11	TC
1	5116690	350	AG
1	5116709	19	GA
1	5116839	130	TC
1	5117064	99	TG
1	5117273	209	AG
1	5117277	4	TC
1	5117692	127	AG
1	5118430	738	CT
1	5119583	864	CA
1	5119859	178	TA
1	5120072	178	CT
1	5120449	253	TA
1	5120991	542	CT
1	5121015	24	CG
1	5121967	750	AT
1	5122105	138	CG
1	5122164	59	CT
1	5122337	173	CT
1	5122670	208	CT
1	5122736	66	AG
1	5123175	237	GA
1	5123250	75	CT
1	5123573	248	CT
1	5131913	7864	AC
1	5137168	4911	AG
1	5141039	3358	CT
1	5141111	72	CT
1	5141562	451	GA
1	5142266	704	GA
1	5144981	2346	GA
1	5144986	5	GA
1	5146617	923	AG
1	5147713	563	GT
1	5153328	4073	AG
1	5153519	191	GA
1	5154577	744	GA
1	5155167	590	CT
1	5155375	208	AG
1	5155458	83	AG
1	5155896	384	GA
1	5156949	777	CT
1	5157061	112	AG
1	5157554	493	AG
1	5157877	323	CT
1	5158637	626	AG
1	5159334	697	CG
1	5160648	1063	GA
1	5160724	76	TC
1	5161920	1002	AG
1	5163398	1118	AG
1	5163965	540	GA
1	5164603	368	TG
1	5165030	325	TG
1	5165044	14	TC
1	5165064	20	AG
1	5167297	1036	GT
1	5167639	320	CT
1	5169307	1525	GT
1	5169664	357	AC
1	5170953	1142	CA
1	5172136	1026	AG
1	5172141	5	AT
1	5173023	552	CT
1	5173246	223	GA
1	5173250	4	CT
1	5173293	43	TC
1	5173490	197	CT
1	5173861	371	GC
1	5173873	12	GA
1	5176057	1513	CT
1	5176127	70	CT
1	5176331	204	CA
1	5176335	4	GA
1	5176520	185	TG
1	5176558	38	GA
1	5176634	76	TA
1	5178386	1054	TC
1	5179736	1090	CT
1	5181707	1438	CG
1	5181732	25	GA
1	5181913	181	GA
1	5181940	27	GA
1	5181989	49	GA
1	5183405	1416	CT
1	5184130	725	GA
1	5184285	155	CT
1	5184523	238	TC
1	5184660	137	GC
1	5185546	799	GA
1	5185765	219	CT
1	5185863	98	TG
1	5185880	17	AG
1	5185910	30	AG
1	5185914	4	GC
1	5186524	53	GA
1	5186760	139	CG
1	5186776	16	AG
1	5186815	39	TC
1	5187956	410	AG
1	5188585	243	GA
1	5188804	80	TC
1	5188842	38	CT
1	5189661	122	GA
1	5189682	21	CT
1	5189811	129	AC
1	5190006	195	TC
1	5190968	962	GA
1	5191172	204	GA
1	5191542	370	TC
1	5191748	206	CT
1	5192594	480	AG
1	5192735	141	TC
1	5192818	83	CT
1	5192975	157	TC
1	5192976	1	GA
1	5193139	163	AG
1	5193669	530	CT
1	5193770	101	CT
1	5193771	1	CG
1	5193952	181	CA
1	5194204	252	GA
1	5194475	271	TC
1	5195136	612	GA
1	5202377	5822	CA
1	5203132	482	CT
1	5203207	75	GA
1	5204847	1330	AG
1	5204878	31	TC
1	5209868	320	GA
1	5209934	66	GA
1	5210385	451	CT
1	5210567	182	GA
1	5210928	361	AG
1	5211612	235	TC
1	5213244	478	AG
1	5213254	10	CA
1	5216611	2102	CA
1	5218424	1591	AC
1	5219719	766	GA
1	5220323	186	GT
1	5220445	122	CT
1	5220844	209	TC
1	5221199	42	CT
1	5221249	50	AT
1	5221371	122	AG
1	5221378	7	TC
1	5221672	294	TC
1	5221799	127	GT
1	5221801	2	CT
1	5221886	85	TC
1	5221957	71	TC
1	5222833	641	TC
1	5222836	3	AG
1	5222970	115	GA
1	5223196	226	CT
1	5223314	118	AC
1	5223709	395	AC
1	5224454	745	GA
1	5224631	177	AG
1	5225032	401	AC
1	5225346	314	GC
1	5225907	490	AG
1	5225909	2	GA
1	5226393	465	CT
1	5226715	322	CT
1	5228250	634	GA
1	5228308	58	AT
1	5228383	75	CT
1	5228387	4	TC
1	5229107	391	GT
1	5230072	497	AG
1	5230629	557	TC
1	5231414	381	TG
1	5231462	48	GT
1	5231745	283	AG
1	5231780	35	CT
1	5231871	91	TC
1	5232449	370	GA
1	5232463	14	GC
1	5232514	51	CG
1	5232566	52	TA
1	5232602	36	GA
1	5232805	203	GA
1	5232847	42	GA
1	5232896	49	AG
1	5232917	21	AG
1	5234123	984	AC
1	5236151	1201	CT
1	5237637	1066	CT
1	5240557	2392	GA
1	5240666	109	TC
1	5240808	142	GA
1	5240822	14	TA
1	5240893	71	AG
1	5241227	334	CT
1	5241401	174	TC
1	5241478	77	TG
1	5241500	22	GT
1	5241558	58	CT
1	5241781	223	TC
1	5241921	140	CA
1	5242263	342	GA
1	5242650	387	CT
1	5242802	152	CG
1	5248220	1765	CA
1	5248277	57	GA
1	5248498	221	TC
1	5248543	45	CT
1	5248557	14	GA
1	5248908	351	GA
1	5248911	3	GA
1	5249020	109	GA
1	5249507	150	GT
1	5249742	235	AT
1	5250393	558	AT
1	5250552	159	AT
1	5252014	1368	AG
1	5252340	326	AG
1	5253155	499	GA
1	5253177	22	AG
1	5254052	875	AC
1	5254184	132	AT
1	5254505	321	GA
1	5254638	133	CG
1	5254784	146	CA
1	5256431	1083	TC
1	5258316	1039	GA
1	5260164	1563	TA
1	5261662	624	AG
1	5261738	76	GA
1	5262056	318	GA
1	5263274	346	AC
1	5263300	26	TC
1	5263362	62	TC
1	5270787	315	AG
1	5271308	521	CT
1	5271825	319	CT
1	5273576	1069	GA
1	5273637	61	AG
1	5274294	505	CT
1	5274599	266	AG
1	5274637	38	GA
1	5274703	66	AG
1	5274817	114	AT
1	5275117	300	CT
1	5277171	2054	AG
1	5277880	692	TG
1	5327681	34861	CT
1	5351554	14352	AG
1	5352564	670	TA
1	5360201	5141	CT
1	5414346	38468	CT
1	5417838	1034	CT
1	5419229	869	CT
1	5419292	63	AG
1	5419652	301	AG
1	5419947	225	AC
1	5422061	1753	AG
1	5422301	156	TA
1	5422395	94	GA
1	5425020	1063	AT
1	5425165	145	TA
1	5426110	808	TC
1	5426721	531	GC
1	5438858	899	TA
1	5440273	567	GA
1	5440498	225	CT
1	5440721	156	GT
1	5440940	219	CT
1	5441282	342	AG
1	5442027	178	TC
1	5442726	283	CT
1	5442885	159	AG
1	5442915	30	GT
1	5443890	975	GA
1	5447153	1819	CG
1	5448081	534	GA
1	5448726	595	AG
1	5448861	135	GT
1	5448910	49	AT
1	5449335	403	AT
1	5450565	518	TC
1	5451815	598	TC
1	5452014	108	AG
1	5452785	471	CT
1	5452863	78	AG
1	5453444	581	GA
1	5453892	366	TG
1	5455156	946	CT
1	5456407	1202	GA
1	5462113	545	AG
1	5463380	1093	CT
1	5466435	1624	AT
1	5468655	1713	CT
1	5472904	3233	AC
1	5479541	1626	CA
1	5481863	1133	TC
1	5483929	1514	CA
1	5485142	945	TC
1	5486683	745	AG
1	5486786	103	GT
1	5486787	1	AG
1	5487166	379	TC
1	5487696	530	GA
1	5489203	798	TA
1	5492855	2296	GA
1	5508342	6793	AG
1	5509683	1045	TG
1	5510622	447	TC
1	5510688	66	CT
1	5510845	157	TC
1	5511649	701	GA
1	5512339	216	CT
1	5513760	527	GT
1	5515171	971	TC
1	5517831	1657	GC
1	5530905	10272	TC
1	5533662	1775	AC
1	5537756	1037	GA
1	5543276	3850	GT
1	5544805	598	GA
1	5546398	1023	TC
1	5546833	293	GC
1	5547015	182	CT
1	5548105	778	GA
1	5548914	726	TG
1	5549222	308	AG
1	5551135	1178	CT
1	5556222	4446	GA
1	5557129	632	TC
1	5557337	208	AG
1	5557421	84	TG
1	5561109	2293	CT
1	5561544	312	GA
1	5561580	36	GA
1	5561863	283	AG
1	5562039	176	AC
1	5564091	1976	CT
1	5564101	10	TC
1	5570363	5461	TC
1	5572574	2040	AG
1	5572703	129	CT
1	5573223	437	AG
1	5575624	1592	AG
1	5576298	674	CT
1	5576718	420	TC
1	5576765	47	AG
1	5579492	1343	CT
1	5581537	1794	CT
1	5582317	780	CT
1	5582802	485	GA
1	5584179	1346	AG
1	5584497	288	GA
1	5585503	961	GA
1	5587112	1609	CT
1	5588235	1123	AG
1	5588464	205	CT
1	5588592	128	CT
1	5593487	4862	GT
1	5593710	223	TC
1	5595320	1325	TC
1	5595799	479	CT
1	5597309	1221	AG
1	5597420	111	CA
1	5597626	206	AG
1	5597801	175	TG
1	5598681	880	AG
1	5598714	33	GT
1	5598726	12	AG
1	5600599	1853	CT
1	5600655	56	CG
1	5600924	241	GA
1	5600959	35	CT
1	5601360	384	CT
1	5601990	630	CT
1	5602038	48	CT
1	5602304	266	AG
1	5602683	379	TC
1	5603266	583	GA
1	5603341	75	CT
1	5603858	517	GA
1	5603931	73	CG
1	5604138	207	CT
1	5604369	231	GA
1	5605008	639	TA
1	5605010	2	GA
1	5605676	666	CT
1	5605950	274	CG
1	5605997	47	CG
1	5606010	13	GT
1	5606289	279	TC
1	5606792	503	GA
1	5607489	655	CA
1	5609049	415	TC
1	5609342	293	GA
1	5609556	214	CT
1	5609800	244	CT
1	5610250	411	GA
1	5610501	251	GT
1	5610518	17	GC
1	5610547	29	GA
1	5610569	22	CT
1	5612089	1503	CT
1	5612126	37	CT
1	5612613	487	TC
1	5613507	730	CG
1	5613878	371	GA
1	5615249	1233	GA
1	5615426	177	CT
1	5615672	246	TC
1	5616482	778	AT
1	5616512	30	CG
1	5617014	502	CT
1	5617157	143	AG
1	5617239	82	GC
1	5617350	111	AG
1	5617507	157	GA
1	5618322	815	GA
1	5618950	415	GA
1	5619415	465	TC
1	5619426	11	TA
1	5619773	347	CT
1	5620126	39	CT
1	5620155	29	CT
1	5620189	34	CT
1	5620388	199	AG
1	5621799	1250	GA
1	5624464	2296	TC
1	5625310	727	AC
1	5625858	548	GT
1	5631094	4268	CG
1	5634105	1737	AG
1	5634972	806	AG
1	5635726	754	AC
1	5635816	90	TA
1	5635904	88	GT
1	5636181	20	AT
1	5640905	3951	CG
1	5643761	2398	AG
1	5665677	13181	CT
1	5689670	20455	GC
1	5689705	35	GA
1	5689872	167	TC
1	5689911	39	TC
1	5690713	802	CT
1	5692197	1484	GA
1	5693096	807	CG
1	5693267	171	TC
1	5693466	199	AG
1	5693858	392	AG
1	5697615	3649	CA
1	5703478	5122	GT
1	5703652	126	AG
1	5703680	28	TC
1	5705000	1320	CT
1	5705173	173	GA
1	5705437	264	AC
1	5719856	2343	GA
1	5719895	39	TG
1	5720021	126	TC
1	5720089	68	CG
1	5721002	913	TC
1	5722266	1264	AG
1	5722671	405	CT
1	5723675	862	CG
1	5723677	2	CT
1	5725131	1424	GA
1	5727479	1705	TC
1	5727502	23	GA
1	5727603	101	CT
1	5728290	687	CT
1	5729841	1551	GA
1	5731431	1590	GA
1	5734321	2397	CT
1	5735149	828	AG
1	5735218	69	CT
1	5735350	132	CT
1	5737431	2052	CA
1	5737933	502	CG
1	5738152	219	TC
1	5738731	579	GT
1	5739235	504	CT
1	5740886	1436	CT
1	5741878	918	CT
1	5744334	1978	GA
1	5746699	2087	CT
1	5747376	398	GA
1	5750995	2329	CT
1	5753090	1515	CT
1	5753887	296	CT
1	5754069	182	CT
1	5756892	965	TC
1	5757674	782	CT
1	5759490	1319	CG
1	5759617	127	CG
1	5762972	2925	GA
1	5763571	599	CT
1	5765726	1485	CT
1	5765948	222	TC
1	5779574	5240	CT
1	5780604	409	GA
1	5781283	679	TC
1	5784257	2496	AT
1	5791612	5356	AG
1	5791851	239	TC
1	5792660	809	TC
1	5797079	3061	CT
1	5799803	2261	GA
1	5809692	4966	TC
1	5813819	895	GT
1	5815436	1332	AC
1	5816516	518	CT
1	5816751	68	AG
1	5817124	373	GA
1	5817644	144	AG
1	5817648	4	CT
1	5817659	11	TC
1	5822860	2384	TG
1	5824963	1070	GA
1	5825716	694	CT
1	5827898	1505	GA
1	5828480	582	CT
1	5829060	580	CA
1	5829166	106	CT
1	5829588	422	GA
1	5830147	559	GA
1	5830967	820	AG
1	5834084	2778	AG
1	5835029	863	AG
1	5835334	305	GT
1	5853069	16760	GC
1	5853399	330	TC
1	5853645	211	GA
1	5862640	8067	AG
1	5862928	288	AG
1	5863163	235	CT
1	5863331	132	TC
1	5863350	19	CG
1	5863402	52	TC
1	5863444	42	CT
1	5863585	92	GA
1	5863908	323	TG
1	5863921	13	AG
1	5864254	132	GC
1	5864805	488	TG
1	5864808	3	GA
1	5865492	402	GA
1	5865510	18	AG
1	5865662	111	CT
1	5866152	490	GA
1	5873344	4141	CA
1	5873466	122	CG
1	5873983	459	GA
1	5874349	273	CT
1	5874559	210	CA
1	5874603	44	CT
1	5874804	201	TG
1	5874854	50	AG
1	5875194	340	CG
1	5875305	62	CT
1	5875398	93	AC
1	5875406	8	TA
1	5875515	109	GA
1	5875967	452	TC
1	5876589	622	TC
1	5876812	223	CT
1	5876947	135	CG
1	5877133	186	TC
1	5877687	554	TC
1	5878397	710	CT
1	5878398	1	AG
1	5878571	173	CG
1	5878814	243	CT
1	5878976	129	GA
1	5879788	743	GA
1	5882123	2165	GA
1	5882666	543	TG
1	5883399	580	GC
1	5885445	573	CT
1	5885615	170	TC
1	5885924	309	CT
1	5886222	298	TG
1	5893241	5087	TC
1	5896036	2667	CA
1	5898791	1646	GT
1	5899736	945	TC
1	5899778	42	TC
1	5899872	94	AG
1	5899890	18	CT
1	5899938	48	TC
1	5900018	80	GA
1	5900063	45	AG
1	5900204	141	CT
1	5900530	326	CT
1	5902510	1844	TC
1	5905061	1149	CT
1	5909681	3133	CG
1	5910460	779	TC
1	5920716	8245	CT
1	5922354	1286	CT
1	5923285	819	CT
1	5923831	447	CT
1	5925151	696	GC
1	5928021	1688	TC
1	5930050	1567	GA
1	5931372	1274	AG
1	5931951	579	GA
1	5932927	818	GA
1	5933080	153	GA
1	5933248	168	CT
1	5933299	51	CT
1	5933502	31	AG
1	5933775	183	CT
1	5935319	1342	CT
1	5935686	367	GA
1	5935752	66	GT
1	5936105	353	CG
1	5936185	80	TC
1	5936556	69	CT
1	5936657	101	GA
1	5936852	195	TC
1	5936948	96	GA
1	5936949	1	AC
1	5937024	75	CT
1	5937471	447	AG
1	5937814	301	AG
1	5938042	228	CT
1	5938225	183	AG
1	5938636	275	TC
1	5938854	193	TA
1	5939824	970	CT
1	5940736	885	GA
1	5941343	454	AG
1	5941588	222	CT
1	5941603	15	AG
1	5942183	580	CT
1	5942494	130	AT
1	5942712	218	CT
1	5942770	58	GA
1	5943369	599	CT
1	5943472	103	CT
1	5943787	120	CT
1	5943789	2	AG
1	5944244	249	CT
1	5944274	30	AG
1	5944328	54	CT
1	5944441	113	TC
1	5944624	183	TC
1	5944656	32	TG
1	5944778	122	AG
1	5944784	6	TG
1	5944793	9	AG
1	5945463	634	TC
1	5945594	32	TC
1	5945649	55	TC
1	5947280	1320	GA
1	5947498	183	AC
1	5947741	243	GC
1	5951350	1490	TC
1	5951368	18	TC
1	5951456	88	AG
1	5951496	40	GA
1	5952732	887	CT
1	5952930	72	AG
1	5953224	294	AC
1	5953233	9	CT
1	5953428	195	GC
1	5953435	7	AG
1	5954171	399	TC
1	5955843	935	TC
1	5955930	87	AG
1	5956638	170	CG
1	5956920	282	CT
1	5958306	1298	CT
1	5958577	271	TC
1	5959129	493	GA
1	5960088	631	GA
1	5962354	982	AG
1	5962662	308	GA
1	5962925	263	CG
1	5963086	161	CA
1	5963518	432	CT
1	5963547	29	TC
1	5963793	246	AC
1	5963837	44	TC
1	5968779	3484	CT
1	5974342	2461	GA
1	5974647	305	CT
1	5975486	839	GA
1	5977262	1563	GA
1	5979787	2004	GA
1	5980266	199	GT
1	5980853	587	AG
1	5982021	307	AG
1	5982061	40	AT
1	5982410	349	AG
1	5985807	2932	CT
1	5990071	1662	GA
1	5990411	340	CT
1	5992948	1959	CT
1	5993513	526	GT
1	5994906	893	GA
1	5995055	149	GA
1	5995452	368	CT
1	5995591	139	TC
1	5998738	1339	TG
1	5999045	307	CT
1	5999050	5	CG
1	5999079	29	CA
1	5999783	629	AG
1	5999851	68	TC
1	6000333	404	CT
1	6000730	397	GA
1	6000799	69	CT
1	6001520	636	TC
1	6001525	5	AG
1	6002475	473	GA
1	6002787	312	GA
1	6003015	228	GA
1	6003782	726	TA
1	6003868	86	AT
1	6003921	53	CT
1	6004046	17	GT
1	6004061	15	TG
1	6004083	22	CT
1	6004301	91	AG
1	6006059	907	TC
1	6006648	589	GC
1	6006939	291	AG
1	6007468	313	GA
1	6007866	292	CG
1	6008054	112	CT
1	6008100	46	CT
1	6008705	400	GA
1	6009581	612	CA
1	6010057	438	CG
1	6012301	2137	CT
1	6012402	101	TG
1	6014736	1655	AG
1	6014797	61	GC
1	6014874	77	AG
1	6014887	13	GA
1	6015188	301	AC
1	6015225	37	AG
1	6015524	299	GA
1	6015674	150	GA
1	6015682	8	AG
1	6016038	356	GC
1	6016426	347	AG
1	6016969	447	GC
1	6018465	1496	CG
1	6018862	397	GA
1	6021894	1729	TC
1	6024245	1865	AG
1	6043118	13739	CT
1	6043928	570	CT
1	6043932	4	CA
1	6044094	162	GC
1	6044214	120	TC
1	6044285	71	AG
1	6044354	69	AG
1	6044467	113	GA
1	6044848	233	CT
1	6045658	564	CA
1	6045885	227	TC
1	6045886	1	GA
1	6045904	18	CA
1	6046000	96	AG
1	6046093	93	TC
1	6046443	298	CT
1	6046489	46	AT
1	6046496	7	CT
1	6046557	61	TG
1	6046898	341	CG
1	6046962	64	GA
1	6047297	271	CG
1	6047341	44	GT
1	6047495	154	GT
1	6047532	37	GT
1	6047760	228	AG
1	6047843	83	GA
1	6047904	61	GA
1	6047918	14	TC
1	6047943	25	CT
1	6048042	99	CT
1	6048044	2	TC
1	6048175	131	CG
1	6048384	209	GC
1	6048387	3	CG
1	6048404	17	AG
1	6048425	21	AC
1	6048583	158	AG
1	6048674	91	TC
1	6048678	4	GA
1	6048704	26	GC
1	6049298	160	AG
1	6049914	616	TC
1	6050665	309	TC
1	6053795	2792	TC
1	6054420	625	GA
1	6055108	688	AG
1	6056077	569	AG
1	6056498	421	CG
1	6056530	32	AG
1	6056651	121	AG
1	6058185	983	GA
1	6058621	436	GA
1	6059522	901	GC
1	6060536	296	CT
1	6060537	1	TC
1	6061526	799	AT
1	6062520	399	TC
1	6063292	358	TC
1	6063294	2	AG
1	6076415	9972	GA
1	6079871	2936	CA
1	6086505	5760	TG
1	6092376	4335	GA
1	6094777	2288	GA
1	6094921	144	GA
1	6094974	53	GA
1	6095788	814	TC
1	6097142	917	TC
1	6097371	229	AG
1	6099494	1893	AG
1	6101518	2024	CA
1	6102030	375	TC
1	6110393	4586	GA
1	6111148	714	TG
1	6112730	1055	CT
1	6115480	2256	CT
1	6116618	887	GT
1	6168228	38815	GA
1	6186213	12178	GC
1	6195158	7948	TC
1	6197255	2076	CT
1	6201722	4467	AT
1	6215259	11766	CT
1	6257814	31387	GT
1	6258985	695	CT
1	6271490	9739	CT
1	6308801	25547	GA
1	6343570	18236	CT
1	6344572	338	GA
1	6387238	17980	AG
1	6427892	22413	AG
1	6431463	2086	AT
1	6434288	2012	GA
1	6446842	6507	GA
1	6455688	3366	CA
1	6475782	12532	GA
1	6477564	998	GT
1	6480656	1299	AC
1	6481122	445	GA
1	6482301	849	GA
1	6483468	632	CG
1	6484670	1202	AG
1	6485236	522	GT
1	6485971	585	GA
1	6486256	285	GA
1	6487051	777	CT
1	6487128	77	GA
1	6487211	83	TC
1	6487371	160	GA
1	6492828	3110	CA
1	6493127	299	TC
1	6493397	270	GA
1	6493425	28	CT
1	6494376	646	TA
1	6494500	124	TC
1	6494584	84	CT
1	6494677	93	AG
1	6494818	141	AG
1	6494853	35	GA
1	6494974	121	TA
1	6495103	129	CT
1	6495192	89	CT
1	6495248	56	TC
1	6500864	1299	TC
1	6501783	574	CT
1	6502333	203	CT
1	6502501	168	AG
1	6503492	287	TA
1	6503692	200	CA
1	6503827	135	CA
1	6503935	108	AG
1	6504054	119	TC
1	6507964	3910	GA
1	6508472	486	CT
1	6509828	926	TC
1	6510468	640	CG
1	6511642	260	AG
1	6513275	1535	GA
1	6513305	30	GT
1	6513333	28	GA
1	6513966	576	CT
1	6514283	256	TC
1	6515481	458	AG
1	6523455	5839	CG
1	6526440	1373	TC
1	6527131	85	CT
1	6527181	50	TC
1	6530259	808	CT
1	6530318	59	GA
1	6530320	2	TC
1	6530459	139	AC
1	6530478	19	AC
1	6530605	127	CT
1	6530923	87	CG
1	6531943	463	GC
1	6532096	153	AT
1	6532235	50	AG
1	6532921	686	CT
1	6535341	1154	AG
1	6536490	304	AG
1	6536563	73	GA
1	6537322	453	CT
1	6537465	96	CT
1	6539115	161	AG
1	6539220	105	AT
1	6539414	194	CG
1	6539869	455	CA
1	6539913	44	AC
1	6540107	194	TC
1	6541294	522	AG
1	6541449	108	CT
1	6541499	50	GC
1	6542053	554	CT
1	6542107	54	GA
1	6542156	49	AG
1	6542255	99	GA
1	6542320	65	TA
1	6542434	114	TC
1	6542926	492	CT
1	6544034	1091	AG
1	6545094	215	GA
1	6545120	26	TC
1	6545135	15	CA
1	6545843	75	GT
1	6545997	154	TA
1	6546483	208	TC
1	6548477	1139	GC
1	6549823	614	CT
1	6554153	1071	GA
1	6555109	956	CT
1	6555683	301	TC
1	6555962	279	AC
1	6556472	510	AG
1	6556709	237	TC
1	6557062	353	TC
1	6557279	217	GA
1	6575974	9871	GA
1	6575978	4	GT
1	6577970	1121	AT
1	6578881	504	TC
1	6578922	41	CT
1	6579103	181	GA
1	6579162	59	GC
1	6579176	14	TC
1	6579408	83	TC
1	6581612	321	CT
1	6585726	787	AG
1	6586467	489	CG
1	6586880	413	AT
1	6586909	29	CG
1	6586913	4	CG
1	6586933	20	CT
1	6586967	34	CT
1	6587025	58	CT
1	6587026	1	AT
1	6587693	267	AG
1	6588102	409	CT
1	6589005	867	AG
1	6589555	550	GT
1	6589607	52	TC
1	6589664	57	CT
1	6589976	312	CG
1	6590113	137	GA
1	6590228	115	TC
1	6590245	17	TC
1	6590247	2	TA
1	6590298	51	CA
1	6590878	297	AG
1	6595232	2081	CT
1	6596319	791	GA
1	6598660	960	GA
1	6600983	1593	CT
1	6602185	477	TA
1	6603181	996	CT
1	6610463	4000	GA
1	6612904	1314	TC
1	6615410	659	AT
1	6621782	5279	AG
1	6622708	926	AT
1	6622943	235	CA
1	6625398	714	AC
1	6626499	427	TA
1	6628412	660	AG
1	6628489	77	CT
1	6629248	398	CT
1	6629289	41	GA
1	6630906	993	GA
1	6631120	214	AG
1	6634561	1227	GA
1	6635648	648	AG
1	6637572	1789	TA
1	6638095	523	TC
1	6638117	22	CT
1	6638731	525	GA
1	6642207	1299	GA
1	6642282	75	CA
1	6643259	925	TA
1	6643398	139	GA
1	6643823	298	AG
1	6644254	431	GT
1	6644276	22	CT
1	6646293	1769	CA
1	6646654	361	CT
1	6646865	123	CT
1	6646984	119	TC
1	6647229	245	AG
1	6647925	363	CG
1	6649185	568	TA
1	6649321	136	AG
1	6649717	396	GA
1	6649832	115	AG
1	6652447	818	AC
1	6653543	861	GA
1	6654431	152	CT
1	6654772	341	GA
1	6656202	853	AC
1	6656348	146	AG
1	6656640	292	TC
1	6656842	202	GA
1	6658087	529	AG
1	6658586	499	GT
1	6659940	1054	CT
1	6660802	528	CT
1	6662381	937	AG
1	6662997	595	GA
1	6663596	599	GA
1	6665307	1440	TA
1	6667395	1104	GT
1	6667396	1	GT
1	6671243	2708	AG
1	6674375	2817	AT
1	6675041	382	TG
1	6677111	2070	AG
1	6678194	674	CG
1	6679170	924	GC
1	6680307	355	GA
1	6680968	661	TC
1	6681973	685	GC
1	6690092	440	GT
1	6693523	2337	GA
1	6693641	118	GA
1	6693693	52	GA
1	6693831	138	GA
1	6694509	678	CG
1	6695300	791	AG
1	6696251	370	GC
1	6696388	137	CA
1	6696709	180	GA
1	6696717	8	TC
1	6697013	296	CT
1	6697802	789	CT
1	6698599	797	CT
1	6699136	252	TC
1	6699289	113	AT
1	6699353	64	GA
1	6699436	83	GA
1	6699951	515	AG
1	6700208	257	GA
1	6700565	357	TC
1	6700948	383	CT
1	6700953	5	TC
1	6702298	960	CT
1	6702305	7	CT
1	6702324	19	GC
1	6702467	143	GA
1	6702487	20	GC
1	6704052	642	AT
1	6704432	380	AT
1	6704461	29	AG
1	6704499	38	AG
1	6705076	378	CT
1	6705279	203	TA
1	6706727	458	AG
1	6708045	377	CG
1	6708083	38	TC
1	6709392	486	GA
1	6709545	153	CT
1	6709955	159	TC
1	6711110	110	CA
1	6711519	367	CT
1	6712197	295	CT
1	6712266	69	GA
1	6712904	638	GA
1	6714870	1776	CT
1	6718645	2443	GA
1	6719988	1343	TC
1	6720229	241	GA
1	6722521	1652	AG
1	6722788	232	AG
1	6726528	1815	CT
1	6728104	1230	AG
1	6728661	195	TG
1	6728841	180	GA
1	6729263	386	CT
1	6729271	8	TC
1	6738812	3090	GA
1	6740598	1039	AG
1	6740695	97	CT
1	6741454	515	GA
1	6741505	51	GT
1	6741584	79	AT
1	6745935	2048	AG
1	6746086	151	GC
1	6747841	1627	CG
1	6748172	331	GA
1	6748178	6	GA
1	6749890	134	TC
1	6759104	435	TC
1	6759265	161	GA
1	6759446	181	TG
1	6759808	283	CT
1	6760000	192	AG
1	6760205	205	AG
1	6760361	156	GA
1	6761473	497	GC
1	6761538	65	GA
1	6761567	29	CG
1	6761599	32	AG
1	6761610	11	CT
1	6761623	13	CT
1	6761626	3	CT
1	6761661	35	AT
1	6761730	69	CT
1	6762350	154	TG
1	6762707	302	TC
1	6762756	49	GC
1	6762925	169	AG
1	6762946	21	CG
1	6763729	629	AC
1	6764048	319	AG
1	6764555	507	AG
1	6764784	229	AG
1	6770504	4149	AT
1	6770796	292	GA
1	6770930	134	AG
1	6771916	706	GA
1	6772078	162	GT
1	6773239	999	CT
1	6776068	1652	TC
1	6776126	58	GA
1	6778288	2162	GA
1	6779076	788	AG
1	6789282	5227	AG
1	6789818	508	GA
1	6797808	2039	TA
1	6801691	1397	AG
1	6803864	1539	AT
1	6805377	1490	GT
1	6806119	719	GT
1	6810833	2731	AG
1	6811273	353	CT
1	6811305	32	AG
1	6824109	7828	AG
1	6901796	34744	TC
1	6908794	4160	TA
1	6919876	8688	GA
1	6948827	19345	TC
1	6950804	1608	TG
1	6960728	7483	GA
1	6977286	10557	TC
1	6978130	844	GA
1	6986535	6425	TC
1	6987895	1360	GC
1	6987938	43	AG
1	6997801	7414	AG
1	6999154	1353	CT
1	7000040	835	CT
1	7000814	774	GT
1	7001034	220	GA
1	7002077	199	TG
1	7006511	1443	CT
1	7006612	101	TC
1	7008027	1174	GA
1	7008388	361	CT
1	7009200	675	CT
1	7009236	36	GA
1	7009955	719	AG
1	7010157	202	TG
1	7012268	990	TC
1	7013312	666	TA
1	7013825	513	TG
1	7013952	127	AG
1	7020875	1163	CG
1	7021122	178	AG
1	7021315	193	CG
1	7021971	656	CG
1	7022611	498	GC
1	7023337	443	CT
1	7023451	114	GA
1	7023512	61	GA
1	7027984	3638	CG
1	7028617	633	GA
1	7028743	126	CT
1	7029838	1095	CT
1	7030958	933	GA
1	7031382	424	GT
1	7031734	352	TC
1	7032083	313	TG
1	7032268	185	TA
1	7032398	130	GA
1	7032601	203	GA
1	7032679	78	GA
1	7032694	15	CT
1	7032947	253	AG
1	7032966	19	TC
1	7035043	1974	GA
1	7100462	51742	GA
1	7105281	4756	AG
1	7116468	8433	GA
1	7116872	404	AC
1	7116900	28	AG
1	7117991	556	GA
1	7118062	71	AG
1	7118119	57	CT
1	7118391	272	AG
1	7118631	240	TC
1	7118968	337	CA
1	7119022	54	TC
1	7119269	247	TC
1	7119346	77	AG
1	7119428	82	GA
1	7119574	146	GA
1	7119630	56	TC
1	7119888	258	AT
1	7119987	99	CT
1	7120042	55	CT
1	7120197	155	AT
1	7120544	347	GA
1	7120627	83	GA
1	7120680	53	GA
1	7121729	734	AG
1	7121851	122	CT
1	7122194	286	GA
1	7124298	1622	GC
1	7127708	2750	TA
1	7139723	10322	TG
1	7140695	972	TC
1	7140940	245	CT
1	7145953	4337	AG
1	7149400	2000	AG
1	7160548	7358	GA
1	7161169	621	GA
1	7164777	3245	AC
1	7165707	898	CT
1	7170086	4191	AG
1	7172452	2299	TC
1	7173620	629	CT
1	7174736	1024	CT
1	7175097	344	TG
1	7176359	732	CT
1	7176403	44	AG
1	7176550	147	CT
1	7176836	253	GC
1	7176884	48	GC
1	7176901	17	CT
1	7177002	101	AG
1	7177003	1	CT
1	7177018	15	GA
1	7177036	18	AG
1	7177053	17	GA
1	7177297	244	AG
1	7177335	38	GA
1	7177433	98	CT
1	7177584	151	AG
1	7177600	16	AC
1	7177747	147	GA
1	7178276	529	TA
1	7178300	24	AG
1	7178302	2	CT
1	7178517	215	GA
1	7178518	1	AG
1	7179318	303	AC
1	7179781	463	GA
1	7180229	448	AG
1	7180903	674	TG
1	7181009	106	CG
1	7181499	490	AG
1	7181770	271	TA
1	7181873	103	TC
1	7182227	354	GA
1	7182232	5	AG
1	7183714	1208	CT
1	7184867	1028	GA
1	7185107	174	GA
1	7185553	332	AG
1	7187156	1150	CT
1	7187580	424	GC
1	7187877	297	AC
1	7187994	117	GA
1	7188168	174	CT
1	7188182	14	AG
1	7188301	119	GA
1	7188307	6	CT
1	7200136	10533	GA
1	7201086	950	TC
1	7203172	1660	AG
1	7203450	278	GA
1	7204508	1058	CT
1	7204652	144	AG
1	7205154	188	GC
1	7205369	215	GA
1	7205490	121	GA
1	7205663	173	GA
1	7206562	820	AG
1	7206677	115	GA
1	7206792	115	CT
1	7206946	154	CT
1	7207583	637	GA
1	7207708	125	AG
1	7207754	46	CT
1	7207861	38	GA
1	7208051	190	AG
1	7208052	1	TG
1	7208269	217	CT
1	7208595	326	GA
1	7208858	263	CT
1	7209548	654	TG
1	7209557	9	TC
1	7209699	142	CG
1	7210026	290	AG
1	7210139	113	TC
1	7210690	456	GA
1	7210710	20	TC
1	7210719	9	GC
1	7210953	234	CT
1	7210965	12	CT
1	7211114	149	TC
1	7211273	159	AG
1	7212830	1478	AG
1	7214720	932	CT
1	7214992	232	AG
1	7214993	1	GT
1	7215081	88	CA
1	7215199	118	GA
1	7216000	583	CT
1	7216378	378	GA
1	7216649	271	CT
1	7217762	1065	GA
1	7218587	750	GT
1	7221341	1814	AG
1	7221358	17	AG
1	7221429	71	TG
1	7222325	525	GA
1	7222399	74	GA
1	7222577	178	TC
1	7222638	61	GT
1	7222644	6	AG
1	7223249	605	GA
1	7223384	135	AC
1	7223620	236	TA
1	7224079	148	TC
1	7226543	1991	TC
1	7227653	1110	GA
1	7236115	7794	TC
1	7236287	172	TC
1	7236418	131	TC
1	7236858	411	CT
1	7242691	5568	CT
1	7242994	303	CT
1	7245161	1997	CT
1	7248122	2906	GA
1	7248326	204	CA
1	7253454	5075	GA
1	7258534	4750	GA
1	7261195	2325	AT
1	7261762	567	GA
1	7261897	135	GA
1	7263038	1141	GA
1	7263942	848	CA
1	7265961	1982	CG
1	7267601	1640	GT
1	7269736	1962	GA
1	7269912	176	CT
1	7270209	297	AC
1	7270396	187	AG
1	7270798	402	CT
1	7271077	279	AG
1	7271182	105	GC
1	7271487	305	CG
1	7272119	632	GA
1	7272160	41	GA
1	7272281	121	GA
1	7272306	25	GA
1	7272686	282	CT
1	7273293	182	AG
1	7273351	58	CT
1	7273446	95	AG
1	7273614	168	AG
1	7273751	137	CG
1	7273785	34	AG
1	7274069	284	GA
1	7274280	211	GA
1	7274694	272	AG
1	7275008	188	CT
1	7275554	501	CT
1	7276048	161	GC
1	7276070	22	CT
1	7276524	159	AC
1	7276571	47	CG
1	7276740	169	TG
1	7276948	208	GA
1	7276993	45	TC
1	7277207	214	GA
1	7277240	33	TC
1	7277286	46	AG
1	7277753	467	GC
1	7278286	145	TC
1	7278301	15	AC
1	7278809	508	CT
1	7278810	1	CG
1	7278833	23	AG
1	7278849	16	CT
1	7278864	15	AG
1	7279179	315	GT
1	7279341	120	AG
1	7279373	32	TC
1	7279431	58	CT
1	7279537	106	AG
1	7279800	263	AC
1	7279923	123	CT
1	7281841	1013	TC
1	7283091	596	AG
1	7287180	1018	CT
1	7287235	55	TC
1	7287260	25	GT
1	7287288	28	AG
1	7287345	57	CG
1	7287577	232	GC
1	7287625	48	TC
1	7287940	103	GA
1	7287998	58	AG
1	7288260	262	AG
1	7288466	206	CT
1	7288686	220	CG
1	7289070	384	GT
1	7292983	2174	GA
1	7303543	5644	CG
1	7303609	66	TC
1	7303906	297	GT
1	7303937	31	CT
1	7303952	15	GA
1	7304206	254	GA
1	7304570	364	AC
1	7304828	258	AC
1	7305143	72	GA
1	7306843	722	AG
1	7306916	73	CT
1	7307688	772	GA
1	7309351	1537	CG
1	7309451	100	GA
1	7309483	32	GA
1	7309688	205	GC
1	7310199	470	AT
1	7310394	195	TA
1	7310418	24	TC
1	7310585	167	CT
1	7310607	22	GT
1	7311057	450	GT
1	7311476	419	CT
1	7311489	13	CA
1	7313864	2375	GC
1	7314316	452	GC
1	7314387	71	CT
1	7315951	1425	TC
1	7317303	1322	GA
1	7319636	2078	AG
1	7319653	17	CT
1	7319778	125	TG
1	7320192	414	CG
1	7320551	359	CT
1	7320621	70	CT
1	7322836	2049	GA
1	7322973	137	AC
1	7323090	117	CG
1	7325010	1813	GA
1	7325885	875	TC
1	7325933	48	CT
1	7326282	349	AG
1	7326765	452	GA
1	7326814	49	GA
1	7327895	721	CT
1	7328912	326	TC
1	7329646	247	CT
1	7329696	50	CT
1	7330218	343	GA
1	7331511	1105	GA
1	7332611	1043	CT
1	7333386	775	CG
1	7334053	441	GA
1	7335111	1058	GA
1	7335881	738	GT
1	7337490	1132	TC
1	7337619	129	AT
1	7338607	988	CT
1	7338611	4	AG
1	7338819	208	GT
1	7338852	33	AG
1	7339494	642	TC
1	7344992	5235	TC
1	7349353	3744	TC
1	7355909	2554	CT
1	7359140	2693	TG
1	7361683	2081	TC
1	7367265	3860	GA
1	7368100	243	CA
1	7368749	649	CT
1	7373013	901	CG
1	7373202	189	CT
1	7373297	95	GA
1	7373684	387	GA
1	7373763	79	CG
1	7373854	91	TC
1	7373971	117	AG
1	7374164	193	TC
1	7374181	17	TC
1	7374535	354	GA
1	7374743	208	GA
1	7374752	9	CT
1	7376023	1137	CA
1	7376831	439	AC
1	7377343	104	GA
1	7378670	122	CA
1	7379616	888	TG
1	7382503	2577	GT
1	7382830	273	TC
1	7382960	60	AT
1	7388087	1199	TC
1	7388329	242	GA
1	7388330	1	AG
1	7388772	246	TC
1	7389748	755	GA
1	7390428	384	AC
1	7391065	264	AC
1	7391166	101	AT
1	7391299	133	GA
1	7391389	90	TC
1	7391992	603	AG
1	7392020	28	TC
1	7392408	271	TC
1	7392516	108	AT
1	7392740	224	CT
1	7392808	68	GC
1	7393015	207	TC
1	7394296	1281	CA
1	7400486	4849	TA
1	7400545	59	AC
1	7400646	101	AC
1	7400658	12	AG
1	7411023	3965	TG
1	7416904	3391	TG
1	7417053	149	GA
1	7418533	1239	CG
1	7418588	55	TG
1	7418765	177	TC
1	7419734	606	TG
1	7420069	335	AC
1	7420876	807	AG
1	7421235	359	TC
1	7422389	1154	TG
1	7423159	356	TC
1	7423357	198	CT
1	7423405	48	TC
1	7423654	249	GA
1	7423754	100	GA
1	7424140	386	TC
1	7425735	1188	CG
1	7425888	153	CT
1	7426089	201	GA
1	7426206	117	CG
1	7426351	145	CT
1	7426395	44	AG
1	7426759	364	AG
1	7426789	30	CT
1	7426993	204	TC
1	7427049	56	GA
1	7427080	31	CT
1	7427174	94	TC
1	7427229	55	TC
1	7427272	43	TC
1	7427282	10	CT
1	7427344	62	GA
1	7427366	22	TC
1	7427581	215	GA
1	7428171	516	AG
1	7429862	818	GA
1	7430042	180	GA
1	7430075	33	TC
1	7430090	15	AG
1	7430121	31	GA
1	7430165	44	AG
1	7430202	37	CA
1	7430252	50	AT
1	7430284	32	CT
1	7440435	114	GC
1	7441295	347	CA
1	7441341	46	GA
1	7441720	379	AG
1	7441862	142	TC
1	7442283	421	AG
1	7442288	5	TC
1	7443245	641	CT
1	7443344	99	AG
1	7443416	72	CT
1	7443488	72	TC
1	7445305	1134	CT
1	7446860	930	GA
1	7455196	2157	CT
1	7456409	1213	TA
1	7456490	81	TC
1	7462241	2705	GT
1	7463648	1375	TC
1	7471172	365	GA
1	7488394	6324	GT
1	7489732	679	AG
1	7490392	660	GT
1	7493326	2053	GA
1	7497717	4205	AT
1	7498008	291	GC
1	7500845	1717	GC
1	7505185	2062	TC
1	7507026	1471	TA
1	7508099	744	TC
1	7525143	4244	TC
1	7529083	1281	TA
1	7529963	403	CT
1	7530329	366	CT
1	7531432	547	GC
1	7531546	114	CT
1	7531871	211	AG
1	7532149	278	TG
1	7533828	1679	TC
1	7534107	279	GA
1	7536082	1423	GC
1	7537724	1408	TC
1	7537946	222	GT
1	7538323	265	GA
1	7540955	1591	TA
1	7541321	366	TC
1	7543944	1927	CT
1	7546089	1223	CA
1	7546651	562	AG
1	7547954	658	CA
1	7552279	3100	GA
1	7552436	157	AG
1	7555378	790	CT
1	7555619	241	GA
1	7565442	1903	GA
1	7565623	181	AG
1	7566018	136	CT
1	7566068	50	CT
1	7566110	42	CT
1	7566227	117	AG
1	7567792	286	CG
1	7568227	435	TC
1	7569441	1214	GA
1	7569788	347	AG
1	7570881	568	GA
1	7572227	153	GA
1	7572429	202	GA
1	7572452	23	GA
1	7573090	319	CG
1	7573266	176	GC
1	7573429	163	TC
1	7573447	18	CT
1	7574952	416	CG
1	7575695	389	TC
1	7575766	71	GT
1	7577880	1072	AT
1	7577882	2	TC
1	7579202	915	GA
1	7579775	573	TA
1	7579794	19	AG
1	7584664	1590	TC
1	7588676	431	AG
1	7592886	1211	GA
1	7592961	75	GT
1	7601493	4023	CT
1	7619744	4154	AG
1	7620479	735	TC
1	7621814	686	GA
1	7624560	1542	GA
1	7625818	1258	CT
1	7625847	29	CT
1	7626034	187	CT
1	7626087	53	TC
1	7626628	541	CT
1	7627534	876	AG
1	7627746	212	AG
1	7627763	17	CT
1	7627909	146	CT
1	7628362	453	TC
1	7628545	183	TC
1	7628562	17	AC
1	7628572	10	AC
1	7629687	623	CT
1	7630562	800	AG
1	7630789	148	TC
1	7630864	75	AG
1	7631708	651	TA
1	7632379	671	GC
1	7632975	596	TC
1	7633100	125	CT
1	7633438	338	CG
1	7634120	340	GA
1	7637910	1846	CT
1	7638105	120	GA
1	7646058	1261	GT
1	7646218	160	TC
1	7646972	530	TA
1	7660545	6676	AG
1	7660737	192	AT
1	7669185	1817	TC
1	7671103	833	TA
1	7673331	1259	GA
1	7673574	243	AC
1	7674770	867	TC
1	7676674	969	CT
1	7677854	1180	GA
1	7679827	1872	AG
1	7680366	521	CT
1	7681081	691	AG
1	7683520	1614	TA
1	7683525	5	TA
1	7684036	511	GC
1	7685288	686	CT
1	7685904	579	TA
1	7686907	245	AG
1	7687014	107	CT
1	7687105	91	AG
1	7687872	508	TC
1	7688008	94	CA
1	7688683	321	TC
1	7688845	162	GA
1	7689242	397	CT
1	7689263	21	GA
1	7691345	1643	GA
1	7691546	167	TC
1	7694204	1355	AG
1	7694974	462	GA
1	7695013	39	CG
1	7695493	480	AT
1	7695703	210	AG
1	7695849	109	CT
1	7696230	381	CT
1	7696925	600	TC
1	7698149	454	CT
1	7699106	551	CA
1	7699114	8	AC
1	7699347	213	TC
1	7699389	42	CT
1	7699395	6	GC
1	7699514	54	CG
1	7700427	286	TC
1	7700449	22	CT
1	7700582	133	TC
1	7701118	536	TC
1	7701601	162	GA
1	7701981	380	CT
1	7702388	407	CT
1	7702462	74	AT
1	7702473	11	AG
1	7702597	124	TA
1	7703294	697	TC
1	7703820	526	GT
1	7704109	253	AG
1	7704373	264	AT
1	7704793	347	TC
1	7704836	43	GA
1	7704846	10	TC
1	7706542	913	AG
1	7707025	179	GA
1	7707494	130	AG
1	7707760	104	GA
1	7707871	111	CT
1	7708644	568	AG
1	7710421	1188	CT
1	7712435	575	CT
1	7712797	155	CT
1	7720229	4842	TA
1	7721461	384	CT
1	7722082	621	GC
1	7722084	2	GA
1	7724264	1855	AT
1	7724292	28	CA
1	7724521	212	TC
1	7730373	1947	GA
1	7730385	12	GT
1	7732129	111	GA
1	7733649	960	TA
1	7737260	2997	AC
1	7741692	4349	AG
1	7744725	2791	AG
1	7752210	5137	CA
1	7752297	87	CT
1	7755319	2249	GA
1	7757312	1348	TC
1	7764974	2669	GA
1	7767045	666	AT
1	7767973	406	GA
1	7768879	143	CA
1	7773524	2981	TG
1	7774593	1014	CT
1	7776317	1630	AC
1	7782136	3650	AG
1	7782915	779	AC
1	7784146	1231	TC
1	7784439	293	AC
1	7787249	2303	AC
1	7788844	1169	GC
1	7789900	1056	TC
1	7793561	1977	TC
1	7794690	984	GT
1	7801884	4782	CG
1	7802799	577	TC
1	7805119	1412	TG
1	7808888	577	GA
1	7818909	5523	AG
1	7827687	6304	AT
1	7828710	1023	AG
1	7830188	1410	TC
1	7835012	4411	TC
1	7837533	1657	TC
1	7837818	285	GA
1	7838756	540	TA
1	7838928	172	AG
1	7838991	63	CT
1	7842198	940	AT
1	7844801	660	AT
1	7844947	146	GC
1	7845400	453	GA
1	7845798	398	AC
1	7846364	319	CT
1	7846425	61	GA
1	7846985	269	AT
1	7847567	582	AG
1	7847812	245	TC
1	7847829	17	TA
1	7847975	146	TC
1	7848444	469	AT
1	7848593	149	TC
1	7848740	147	CT
1	7850533	1227	TG
1	7850948	384	CT
1	7853478	1568	CG
1	7855802	1199	AC
1	7856574	471	GA
1	7858550	1858	CA
1	7861604	2504	CT
1	7874533	4972	CT
1	7877154	2088	CT
1	7877309	155	GA
1	7879377	2068	GT
1	7880953	714	AC
1	7883454	1738	CT
1	7883461	7	AG
1	7887177	1912	GA
1	7887521	344	GC
1	7890575	2480	CT
1	7891628	973	CT
1	7892070	442	CA
1	7900624	3723	CT
1	7901079	455	GA
1	7901618	539	AG
1	7904224	1090	GA
1	7908898	1799	GA
1	7910636	1067	GA
1	7912271	1635	GC
1	7915524	2152	TC
1	7923849	1137	AC
1	7926758	1301	AT
1	7927060	302	CT
1	7931429	2715	CT
1	7940936	1810	CG
1	7951126	1981	GA
1	7951737	322	AC
1	7954978	2440	TC
1	7956662	685	GA
1	7957738	1076	CT
1	7958683	945	TC
1	7962282	927	CT
1	7969553	1503	CT
1	7980619	5125	CT
1	7994567	5955	GA
1	8010220	6500	AT
1	8014544	2793	CT
1	8018085	2609	GA
1	8018350	265	AG
1	8022007	3602	CT
1	8028289	4803	AG
1	8031584	978	TC
1	8044284	7077	CT
1	8045674	1390	AG
1	8050164	2415	AG
1	8056414	3719	TG
1	8056976	287	TC
1	8057040	64	AG
1	8058137	1097	AG
1	8059160	996	CT
1	8060030	776	GA
1	8060699	523	AT
1	8062409	865	TG
1	8064841	1357	CG
1	8068371	2338	AC
1	8068372	1	TC
1	8068474	102	GA
1	8069186	541	CT
1	8069204	18	AG
1	8069706	502	CT
1	8070047	341	GA
1	8071695	1207	GA
1	8071883	188	CT
1	8074610	1808	AG
1	8074642	32	GC
1	8077220	1136	GA
1	8080819	1185	GT
1	8080870	51	CG
1	8081012	142	AC
1	8084994	1237	TA
1	8086188	904	CT
1	8087310	852	CG
1	8088589	1279	CT
1	8088605	16	AG
1	8090176	1335	AT
1	8092847	1207	GA
1	8094869	1985	AG
1	8095218	305	AC
1	8095896	678	CT
1	8097428	1057	CA
1	8098329	573	CA
1	8099308	979	TG
1	8099450	142	CT
1	8099666	216	TG
1	8099684	18	GA
1	8101285	1601	GA
1	8102417	926	GA
1	8102718	301	CA
1	8104625	1686	GA
1	8106555	1890	CT
1	8107017	462	TC
1	8107100	83	TA
1	8111772	3599	TC
1	8116319	3359	TC
1	8120800	2265	TC
1	8123956	1232	CG
1	8130024	5139	GA
1	8131684	1258	CG
1	8135174	843	AG
1	8135586	412	AG
1	8135678	92	TC
1	8136206	484	AC
1	8136930	724	CG
1	8144622	1305	CT
1	8144745	123	TG
1	8145052	278	TC
1	8145374	274	TC
1	8145404	30	TC
1	8146218	311	AT
1	8146336	118	GA
1	8146413	77	AT
1	8148201	352	GA
1	8149273	1072	GA
1	8155139	4659	TA
1	8155202	63	GC
1	8157780	2477	CT
1	8163071	3195	CT
1	8164014	475	TC
1	8167437	2200	CG
1	8169189	863	AG
1	8174153	2653	TC
1	8174700	547	AG
1	8178737	1429	GC
1	8179952	1215	GA
1	8180918	219	GT
1	8183721	2015	AG
1	8183843	122	CT
1	8185618	838	GA
1	8190088	1147	TC
1	8191638	683	AG
1	8193247	844	AC
1	8193441	194	GC
1	8196019	870	TC
1	8196890	432	TC
1	8199124	1520	AG
1	8199705	581	AT
1	8200243	538	GA
1	8200397	154	AC
1	8200836	439	CG
1	8201708	510	GA
1	8202309	601	AC
1	8202948	399	GA
1	8203694	698	GA
1	8205670	785	AG
1	8205725	55	TC
1	8206063	79	GC
1	8206100	37	TC
1	8207371	738	CG
1	8207598	227	AG
1	8207729	131	AG
1	8209803	1749	CT
1	8210166	70	AT
1	8210567	110	GA
1	8217325	473	GA
1	8217367	42	AG
1	8217409	42	CT
1	8217472	63	CT
1	8218230	758	GA
1	8220778	1272	TC
1	8221678	304	TC
1	8230412	4437	CG
1	8230895	483	AG
1	8230911	16	GA
1	8232078	1167	AT
1	8232404	326	TA
1	8237547	4098	TA
1	8242463	3050	AG
1	8249891	6913	AG
1	8258356	7075	CG
1	8260070	1714	GA
1	8261138	1068	TC
1	8263995	2269	GC
1	8265096	786	CT
1	8266090	515	GA
1	8268606	2170	CT
1	8269150	544	GC
1	8272776	3360	TA
1	8272897	121	GA
1	8273062	165	TC
1	8273177	115	GA
1	8277927	3526	AT
1	8278385	424	TC
1	8278980	595	CG
1	8282862	3703	CT
1	8283778	916	GA
1	8284958	1125	GA
1	8289820	3537	TG
1	8289961	141	TC
1	8291176	1215	CT
1	8293172	1395	TC
1	8295694	1571	TC
1	8296164	144	GC
1	8296539	249	TC
1	8297577	768	CT
1	8300942	2654	TA
1	8303202	2186	AC
1	8309714	4799	TA
1	8309716	2	CT
1	8312076	1398	CT
1	8313080	630	GA
1	8315480	1443	CA
1	8318076	687	GC
1	8320461	1170	TC
1	8321805	195	CT
1	8322976	864	CT
1	8323141	165	GA
1	8336572	4650	TC
1	8338730	1465	GC
1	8340610	1682	GA
1	8342553	971	TC
1	8343717	1130	TC
1	8344223	454	GA
1	8344466	203	AG
1	8344609	143	AT
1	8346653	447	CT
1	8347653	506	AG
1	8349343	1663	AG
1	8349361	18	AT
1	8349473	112	CA
1	8351255	1475	AG
1	8354439	3042	TC
1	8355180	345	AC
1	8356505	633	GA
1	8356507	2	AG
1	8356978	435	TA
1	8357072	94	GA
1	8359685	2590	AC
1	8360607	772	CA
1	8360842	235	AT
1	8360858	16	AG
1	8360953	95	GA
1	8361227	274	AG
1	8361315	88	GA
1	8362336	498	TG
1	8362341	5	GA
1	8362414	73	GA
1	8362526	112	AT
1	8362660	134	CT
1	8362662	2	AG
1	8362787	125	GT
1	8363419	195	CT
1	8364092	248	AG
1	8364107	15	GA
1	8364146	39	GA
1	8364325	179	AG
1	8367053	907	TA
1	8367158	105	CT
1	8367791	308	CT
1	8368094	303	AG
1	8368114	20	TC
1	8369989	994	GT
1	8370024	35	GT
1	8370147	123	AT
1	8370235	88	CA
1	8371180	945	TC
1	8371268	88	CT
1	8374408	2226	GA
1	8374690	190	AG
1	8374936	246	GA
1	8375294	13	GA
1	8375594	300	GA
1	8375601	7	TC
1	8375846	30	CT
1	8375851	5	GT
1	8375854	3	TA
1	8376943	815	CA
1	8378190	448	AT
1	8379351	567	GT
1	8379373	22	AG
1	8379604	231	GT
1	8380271	459	GA
1	8382753	1715	GA
1	8386343	2381	AC
1	8389528	1893	CT
1	8391121	896	GA
1	8392986	1278	TA
1	8393560	200	CA
1	8393909	349	GC
1	8396263	1112	TG
1	8399540	2420	CA
1	8402655	621	GA
1	8404387	1366	CT
1	8404948	561	CT
1	8406635	1225	TC
1	8406848	213	CT
1	8408189	822	TA
1	8411250	1720	AG
1	8412513	1166	GC
1	8412662	149	TC
1	8412796	134	GC
1	8414567	1359	AG
1	8414620	53	AT
1	8414770	150	AG
1	8414869	99	GA
1	8415194	325	AG
1	8417942	1025	AG
1	8418072	130	AG
1	8419825	1642	AG
1	8419836	11	AG
1	8419963	127	AC
1	8420126	163	TC
1	8420397	218	GA
1	8420588	191	GA
1	8420782	97	AG
1	8425705	1941	AG
1	8426418	713	GT
1	8427286	407	CT
1	8427922	473	GA
1	8428068	146	AT
1	8428719	651	GT
1	8430530	1161	TC
1	8431068	538	GA
1	8431129	61	GT
1	8431661	319	TC
1	8431739	78	AG
1	8432134	395	GT
1	8435679	1750	CT
1	8437865	948	AT
1	8439361	51	TC
1	8440419	712	GA
1	8447475	5248	GT
1	8447609	134	AG
1	8450085	1370	TC
1	8450673	588	TC
1	8450745	72	TC
1	8450960	215	TC
1	8451083	123	AG
1	8454104	1948	GA
1	8454182	78	GC
1	8459240	4460	GA
1	8461785	1336	AG
1	8465199	2515	AG
1	8469164	3129	CT
1	8481813	10335	GA
1	8482297	484	TC
1	8483014	717	GT
1	8503279	14411	AC
1	8505495	1981	AG
1	8510652	4536	TC
1	8514736	3919	GC
1	8517809	2442	GA
1	8518699	564	CT
1	8521856	2892	TA
1	8523909	1544	TC
1	8529701	4193	TC
1	8532567	2631	AG
1	8538663	4974	GC
1	8538919	256	GA
1	8539288	369	AG
1	8543838	2654	GA
1	8556547	5599	GA
1	8560681	2576	TG
1	8564676	1683	AG
1	8585015	9535	TG
1	8585831	438	AG
1	8589165	1093	GA
1	8605467	6136	TC
1	8605620	153	CT
1	8605653	33	CT
1	8605701	48	GA
1	8606002	301	GC
1	8609700	1169	CA
1	8609986	286	TG
1	8611728	562	TC
1	8613023	646	CT
1	8613707	489	GC
1	8615910	1302	CG
1	8620232	815	CT
1	8622595	1710	CT
1	8624467	1017	TG
1	8625749	991	TG
1	8627073	1144	GA
1	8646571	12697	AG
1	8654480	5045	GT
1	8669986	7322	CT
1	8682785	2397	TC
1	8692339	3331	TC
1	8696862	3387	TC
1	8715704	8713	GA
1	8743268	13245	GA
1	8746582	2518	CT
1	8746609	27	AG
1	8747059	166	CG
1	8769447	9324	AT
1	8769742	295	GT
1	8796292	10283	CG
1	8822076	11903	GA
1	8824328	1384	AC
1	8824329	1	CT
1	8826263	1199	AG
1	8828301	1791	GC
1	8830275	1941	AC
1	8830759	266	GA
1	8835641	909	TA
1	8844345	5987	GA
1	8844767	422	CT
1	8852825	7073	GA
1	8854769	1504	GA
1	8859269	3192	TC
1	8865412	2923	GA
1	8886744	9689	CT
1	8905999	7638	TA
1	8923594	6278	AG
1	8923934	340	GT
1	8952754	8457	CT
1	8971461	4993	CA
1	8988580	3289	CT
1	8996519	1852	GA
1	9010295	6177	AT
1	9011276	785	TA
1	9014104	2142	GT
1	9017091	1715	TC
1	9021706	2243	TG
1	9026854	3668	GA
1	9027389	535	GA
1	9027498	109	AT
1	9027593	95	GA
1	9028027	434	TC
1	9028061	34	TC
1	9028182	121	TC
1	9028622	440	TC
1	9028743	121	GA
1	9029069	326	AC
1	9035931	3400	TA
1	9036449	518	TC
1	9037461	1012	GC
1	9038257	265	GA
1	9046826	4930	GA
1	9048823	1154	GT
1	9048870	47	TA
1	9055559	4112	CT
1	9065368	4517	GA
1	9078910	3235	TC
1	9086714	5653	AG
1	9101947	7271	TG
1	9102033	86	GA
1	9102039	6	GA
1	9105177	1653	AT
1	9108747	1253	CT
1	9109854	1079	GC
1	9121323	4869	GC
1	9122516	947	CT
1	9124335	1011	CG
1	9137051	4219	TG
1	9137516	412	CT
1	9140151	1275	GT
1	9143778	2132	GC
1	9149656	4451	TC
1	9153262	1156	GA
1	9154073	811	CA
1	9154255	43	TG
1	9154967	688	CT
1	9155870	779	AG
1	9156268	398	AC
1	9166604	6549	GC
1	9166645	41	GA
1	9171545	3732	GA
1	9177343	4477	AG
1	9178766	346	AG
1	9179344	255	CT
1	9180765	1044	TG
1	9181403	355	GA
1	9182722	1319	TA
1	9185368	1211	CT
1	9186160	792	GC
1	9188248	1202	GA
1	9192180	1503	AT
1	9195542	2849	TA
1	9212546	7693	GA
1	9214440	1596	AG
1	9214502	62	GC
1	9221677	6725	AG
1	9225656	3798	GA
1	9229248	3440	TC
1	9230943	1475	GA
1	9232963	2020	TA
1	9236072	3042	AG
1	9236781	709	GC
1	9237363	582	CT
1	9239763	2335	GA
1	9243856	3137	AG
1	9245043	991	GA
1	9245252	109	CT
1	9253111	5762	CT
1	9253333	222	GC
1	9253337	4	GA
1	9255766	1619	GA
1	9259162	3361	CA
1	9797931	371450	TC
1	9797943	12	CT
1	9798492	549	CT
1	9798493	1	TC
1	9798606	113	TC
1	9798992	386	GT
1	9799118	126	TC
1	9799251	133	AG
1	9800496	535	TC
1	9803843	3179	GA
1	9803860	17	AG
1	9804531	671	CT
1	9804650	119	TC
1	9804651	1	GA
1	9804664	13	AG
1	9805086	422	AG
1	9805298	212	CA
1	9805301	3	AG
1	9805618	317	CT
1	9807269	1651	AG
1	9807552	231	CT
1	9809472	1880	TC
1	9811132	854	CG
1	9811425	293	CG
1	9811456	31	TC
1	9811884	233	AG
1	9816477	3386	GA
1	9818629	2114	CT
1	9818664	35	GT
1	9822817	3016	GA
1	9823128	311	TC
1	9823351	223	AG
1	9823622	271	GA
1	9824567	249	AG
1	9824633	66	AG
1	9824743	110	GA
1	9825295	284	CT
1	9825327	32	CT
1	9825481	154	GC
1	9825576	95	GA
1	9825820	76	TC
1	9825990	170	AG
1	9831351	4222	GA
1	9834206	975	AG
1	9835923	1092	AC
1	9835985	62	TC
1	9838273	2211	AG
1	9838297	24	TG
1	9839015	573	GA
1	9839138	123	GT
1	9840660	1051	GA
1	9844058	2025	AG
1	9845203	1145	TG
1	9845443	240	CG
1	9846624	1181	TC
1	9846635	11	GA
1	9847822	645	TC
1	9847955	133	CT
1	9849732	832	AG
1	9857693	3127	CT
1	9857807	114	CT
1	9857899	92	CG
1	9857940	41	TC
1	9858495	555	CT
1	9858655	160	CT
1	9858904	187	CT
1	9859295	391	TC
1	9859315	20	CT
1	9860072	757	CT
1	9861236	401	AG
1	9861307	71	CT
1	9862167	860	AG
1	9862383	73	GA
1	9863085	702	CT
1	9863286	201	CA
1	9863468	182	TC
1	9864641	930	CG
1	9864999	358	TC
1	9865024	25	CT
1	9865238	214	TC
1	9866446	389	CA
1	9866532	86	TC
1	9866988	214	AG
1	9867286	196	TC
1	9867383	97	TC
1	9867440	57	TC
1	9867545	105	CT
1	9867931	169	GA
1	9868529	598	CT
1	9869444	915	CT
1	9869802	358	AC
1	9870123	321	GA
1	9870287	164	GA
1	9870321	34	GA
1	9870324	3	CT
1	9870333	9	AC
1	9870555	222	TC
1	9870680	125	AG
1	9870694	14	CG
1	9870746	52	CT
1	9870804	58	AG
1	9870967	163	GC
1	9871849	284	GA
1	9872004	155	AG
1	9872094	90	TC
1	9872166	72	TC
1	9872195	29	TC
1	9872392	197	CA
1	9872615	223	AT
1	9875077	2406	GA
1	9880223	3707	CT
1	9880645	422	CT
1	9882478	600	AG
1	9882643	165	GA
1	9884402	1732	CT
1	9885297	731	CT
1	9885610	313	CT
1	9885761	151	CT
1	9885766	5	CT
1	9885786	20	AG
1	9885789	3	CT
1	9886074	285	CT
1	9886704	191	GC
1	9888839	1831	AG
1	9898437	7541	GT
1	9900877	1435	TG
1	9909155	5373	GA
1	9913928	3597	GT
1	9913957	29	TC
1	9914884	927	GA
1	9929009	10295	CT
1	9931542	774	GT
1	9931633	91	AT
1	9932635	1002	CT
1	9932665	30	GT
1	9933141	327	GA
1	9936583	3102	GA
1	9936837	254	CT
1	9938013	1176	GA
1	9938062	49	TC
1	9942386	1550	AG
1	9942795	323	CT
1	9942820	25	GA
1	9943395	575	AG
1	9943664	269	AG
1	9945932	2194	CT
1	9947682	1651	AG
1	9949785	2103	AG
1	9955088	5114	AG
1	9955377	214	CT
1	9956334	908	GA
1	9957192	828	AC
1	9959715	2093	GA
1	9959716	1	AT
1	9960038	322	CT
1	9962620	2495	CT
1	9963130	510	TG
1	9963349	125	GA
1	9965494	2145	TA
1	9976262	10385	GA
1	9976885	623	CT
1	9977520	635	TA
1	9977786	266	GA
1	9978857	793	GA
1	9978974	117	GA
1	9981555	2410	CT
1	9984470	2687	GA
1	9984884	414	AG
1	9985333	346	TC
1	9985678	345	AG
1	9985967	289	AT
1	9986495	528	CG
1	9987815	1320	CG
1	9988604	759	AG
1	9989706	700	TC
1	9989779	73	CT
1	9989862	83	GA
1	9989941	79	TC
1	9989949	8	GA
1	9990495	546	TG
1	9990616	121	AT
1	9990642	26	AG
1	9991131	489	TC
1	9991157	26	CT
1	9991944	753	GA
1	9991978	34	CG
1	9992399	421	AG
1	9992432	33	TG
1	9992440	8	GA
1	9992603	163	CG
1	9992747	144	AG
1	9993928	867	GC
1	9994049	121	TC
1	9994369	320	TC
1	9996341	1817	CT
1	9997027	641	GA
1	9997231	204	CT
1	9998325	1094	GA
1	9998563	238	GA
1	9998728	165	GA
1	9998735	7	AG
1	9999289	224	GA
1	10005442	5307	AC
1	10005859	417	GA
1	10006521	342	CA
1	10009397	1561	AC
1	10009543	146	AG
1	10010025	191	TC
1	10011403	1030	AG
1	10013358	1390	AC
1	10013459	101	GA
1	10013481	22	CT
1	10013586	105	GA
1	10013646	60	GA
1	10014844	904	TC
1	10015180	114	TC
1	10015607	427	AC
1	10016196	498	AC
1	10019078	653	AG
1	10019642	564	TC
1	10019719	77	GA
1	10019871	152	AG
1	10020323	452	AG
1	10020473	150	AT
1	10020636	163	TC
1	10020686	50	CT
1	10021440	732	GA
1	10021641	201	AG
1	10021730	89	TG
1	10021764	34	GC
1	10022329	241	GA
1	10022403	46	CA
1	10022956	253	AG
1	10023183	227	CT
1	10023457	274	TC
1	10024362	264	AT
1	10024394	32	CT
1	10024415	21	GT
1	10024419	4	GA
1	10024427	8	AG
1	10024484	57	GA
1	10024499	15	GA
1	10024697	198	TC
1	10024777	23	CT
1	10024987	210	AT
1	10026180	702	TC
1	10027582	855	CG
1	10028204	555	GT
1	10030136	1932	GT
1	10030908	772	TC
1	10031239	331	CT
1	10031284	45	CT
1	10032804	1429	CG
1	10033448	644	CA
1	10034471	207	TC
1	10067019	21948	TC
1	10067094	75	GA
1	10067634	540	TG
1	10067640	6	GC
1	10067733	93	AG
1	10068300	509	AG
1	10069061	761	GA
1	10070906	567	AC
1	10070975	69	AG
1	10073551	1915	GC
1	10074401	715	CA
1	10075058	240	GA
1	10076667	192	TG
1	10076873	206	AG
1	10076878	5	CT
1	10082525	4395	TG
1	10084051	702	GA
1	10085504	1453	AG
1	10087520	2016	AT
1	10088039	486	AG
1	10089014	629	GA
1	10089512	498	CT
1	10090198	686	AG
1	10090330	132	TC
1	10090788	458	CT
1	10090872	84	GC
1	10091367	188	AC
1	10091471	104	TC
1	10091494	23	TA
1	10091542	48	CT
1	10092030	488	TC
1	10092270	240	GA
1	10092506	236	AG
1	10092565	59	CG
1	10092602	37	GA
1	10093903	715	TC
1	10094294	301	GA
1	10094538	244	CT
1	10094738	200	AG
1	10094748	10	TC
1	10096027	692	TC
1	10096080	53	TC
1	10096397	317	TC
1	10096757	360	GT
1	10097114	166	CG
1	10097267	153	GA
1	10097276	9	TC
1	10097949	190	AG
1	10098951	609	GC
1	10098989	38	TC
1	10099012	23	TC
1	10099014	2	CT
1	10099453	133	TA
1	10099650	112	TC
1	10100125	475	GA
1	10100274	149	GA
1	10100581	307	CG
1	10101867	997	GA
1	10102956	218	CA
1	10103887	426	GA
1	10103985	98	AG
1	10104692	707	CT
1	10104712	20	TC
1	10105274	562	CT
1	10105326	52	GA
1	10105353	27	TC
1	10105372	19	TG
1	10105448	76	TC
1	10105465	17	TC
1	10105567	102	CT
1	10105583	16	AG
1	10105595	12	CT
1	10105787	192	CA
1	10105848	61	CT
1	10106797	949	GA
1	10107146	105	GA
1	10107949	344	CA
1	10108231	282	TC
1	10108319	88	AG
1	10108552	233	GA
1	10108694	142	AG
1	10109180	486	TC
1	10109507	327	AG
1	10110215	201	CT
1	10110231	16	TC
1	10110240	9	AG
1	10110387	147	TC
1	10110458	71	TC
1	10110460	2	CA
1	10110554	94	CT
1	10110797	243	AC
1	10111238	268	GC
1	10111718	480	GA
1	10115121	2140	TC
1	10116830	996	CT
1	10121102	1948	TG
1	10121537	435	AT
1	10121635	98	GC
1	10121726	91	CT
1	10124430	2663	CT
1	10124520	90	AG
1	10126914	2173	TC
1	10127100	186	GA
1	10127274	174	CT
1	10127354	80	TC
1	10127792	438	AG
1	10127825	33	CT
1	10127846	21	CG
1	10127854	8	GA
1	10128241	131	TC
1	10128763	522	GA
1	10128817	54	CG
1	10129128	311	GT
1	10129284	156	AC
1	10129291	7	CT
1	10129301	10	GA
1	10129460	159	CT
1	10129470	10	AC
1	10129473	3	AG
1	10129737	194	CT
1	10131434	1262	AT
1	10131500	66	GC
1	10131575	75	AG
1	10131705	130	GA
1	10131773	68	CA
1	10132035	262	CG
1	10132073	38	GT
1	10132161	88	AG
1	10132822	355	CT
1	10133250	428	AG
1	10133380	130	CG
1	10133511	131	TC
1	10134695	299	AG
1	10137940	1264	AG
1	10138566	280	CT
1	10141694	1155	TC
1	10141711	17	AG
1	10143042	485	TG
1	10144129	566	GA
1	10144312	183	AC
1	10145860	1010	AG
1	10146407	296	GA
1	10148419	1732	GA
1	10148444	25	TC
1	10148596	152	GA
1	10149296	432	GC
1	10149871	575	GA
1	10155109	2543	TA
1	10156340	1231	AG
1	10158766	1777	CT
1	10158891	125	TC
1	10159051	160	CT
1	10159122	71	GA
1	10159123	1	CT
1	10161986	1634	AT
1	10165319	3000	AG
1	10165635	316	AC
1	10165657	22	GA
1	10165688	31	TC
1	10165710	22	GA
1	10165763	53	GA
1	10166134	371	TC
1	10167641	1139	GA
1	10167775	134	TG
1	10167810	35	TC
1	10168383	536	TA
1	10169393	889	GA
1	10176023	4798	AG
1	10178208	2185	TC
1	10178530	322	AG
1	10181229	2381	AC
1	10181658	244	CT
1	10181974	316	CA
1	10183743	1769	AG
1	10184328	585	GA
1	10185677	853	CT
1	10187650	1773	TC
1	10191092	3414	GA
1	10191496	404	TC
1	10191655	89	TC
1	10191667	12	TC
1	10191923	256	GA
1	10192247	324	TC
1	10192387	140	TC
1	10193206	261	CA
1	10193248	42	GA
1	10193626	378	CT
1	10194146	520	GA
1	10194212	66	TC
1	10194296	84	AG
1	10194386	90	TC
1	10194958	517	AG
1	10197105	1682	CG
1	10197729	418	AG
1	10199024	1029	AG
1	10199589	416	AT
1	10199821	232	AG
1	10200486	390	TG
1	10200504	18	AG
1	10200926	422	CA
1	10201130	204	GA
1	10203438	1267	GT
1	10218027	5978	GC
1	10223841	2048	TC
1	10227267	2287	GT
1	10230976	1022	CT
1	10233025	1826	GA
1	10233952	927	AG
1	10235341	866	CG
1	10236030	127	CA
1	10237273	985	CG
1	10238758	728	AG
1	10238807	49	CT
1	10240077	297	CT
1	10240477	243	GA
1	10240719	242	AG
1	10243779	1161	GA
1	10244806	718	AG
1	10246856	659	AT
1	10246881	25	CT
1	10246937	56	CT
1	10248923	548	GA
1	10249173	250	TC
1	10249253	80	GT
1	10251401	759	GA
1	10251418	17	GC
1	10251873	232	GA
1	10252291	418	CT
1	10252330	39	GA
1	10253945	559	TA
1	10254234	289	GA
1	10254569	29	GT
1	10254700	131	TC
1	10255655	175	AG
1	10255741	86	AG
1	10260099	1766	GA
1	10260256	157	TC
1	10260838	558	GT
1	10261858	393	GA
1	10262406	187	AG
1	10262734	328	TC
1	10267131	1456	AC
1	10268371	831	AT
1	10269766	905	TG
1	10269938	172	CT
1	10270958	1020	TC
1	10271549	591	GA
1	10271813	264	AC
1	10271814	1	CT
1	10272085	271	GA
1	10279860	5560	AC
1	10281020	616	AG
1	10283150	1374	CT
1	10283394	244	AG
1	10284296	902	AT
1	10291562	5578	TC
1	10291647	85	CA
1	10291751	104	AC
1	10293803	2052	AG
1	10294159	356	GC
1	10295292	1133	GC
1	10295313	21	GA
1	10296322	1009	CT
1	10297539	722	AG
1	10300828	2676	AT
1	10301266	405	TC
1	10306268	2282	CT
1	10306699	181	TA
1	10307302	603	GA
1	10307975	351	CG
1	10311211	1339	GA
1	10312268	365	GA
1	10330552	12295	GA
1	10352385	15122	GA
1	10364916	9433	AC
1	10373177	7286	GA
1	10375878	2118	GA
1	10375979	101	GA
1	10376173	194	AG
1	10377221	846	GC
1	10377612	391	AG
1	10378519	840	AG
1	10380973	2158	CT
1	10381351	378	CT
1	10384717	2289	GA
1	10384758	41	CT
1	10385348	519	GA
1	10387280	482	GA
1	10387352	72	TC
1	10387421	69	TA
1	10387426	5	CT
1	10388270	844	TC
1	10388497	227	TC
1	10388811	258	GA
1	10389210	399	CT
1	10389454	244	AG
1	10390976	1071	CA
1	10391645	669	CT
1	10391646	1	CG
1	10392591	452	TC
1	10394570	1143	CT
1	10394590	20	GA
1	10396306	1059	GC
1	10396325	19	CT
1	10396358	33	CT
1	10396394	36	AC
1	10397065	671	AG
1	10397392	327	GT
1	10397444	52	GA
1	10397603	33	TG
1	10397625	22	CT
1	10398675	1050	AG
1	10399515	736	GA
1	10400655	1140	CA
1	10401076	421	AT
1	10401165	89	TC
1	10401933	768	CG
1	10402003	70	CT
1	10403108	1105	TC
1	10403347	239	TA
1	10404017	670	GA
1	10404088	71	CT
1	10404897	538	CT
1	10405272	238	CT
1	10405282	10	AG
1	10405993	398	AG
1	10406635	642	CT
1	10407072	242	TC
1	10408027	880	CT
1	10409317	1111	GA
1	10409601	224	GA
1	10409765	164	AG
1	10410253	488	CT
1	10410561	308	GA
1	10411179	385	AG
1	10412959	1146	GA
1	10413181	222	CT
1	10413994	601	AC
1	10414099	105	GA
1	10414323	106	CT
1	10414671	348	GA
1	10414770	99	CT
1	10414858	88	CG
1	10415098	240	CT
1	10415392	294	CT
1	10415756	364	GA
1	10415913	157	CT
1	10416114	201	CT
1	10416334	220	CT
1	10417252	662	CT
1	10419334	1313	AG
1	10419570	236	AG
1	10420183	126	AG
1	10420241	58	GC
1	10420395	154	GA
1	10420748	353	GA
1	10420865	117	CT
1	10421292	427	AC
1	10421660	368	AC
1	10422875	996	GC
1	10423436	561	AG
1	10424219	753	CA
1	10426044	1295	TC
1	10428490	2072	CA
1	10428774	284	CA
1	10428785	11	GA
1	10428917	78	CT
1	10429010	93	GC
1	10429139	129	GA
1	10429392	146	CT
1	10429394	2	TC
1	10429538	102	TC
1	10459067	19016	CT
1	10459460	393	GA
1	10459472	12	AG
1	10459576	104	GA
1	10460039	265	GC
1	10462569	2217	GA
1	10466465	3269	CT
1	10466986	521	CT
1	10468950	1859	GA
1	10470765	1491	TC
1	10474340	3522	GA
1	10475595	1212	AC
1	10476531	936	GA
1	10477075	495	CT
1	10478243	1168	CG
1	10480131	1109	AC
1	10480415	204	GA
1	10480448	33	CT
1	10480703	255	GA
1	10481187	484	AC
1	10489218	6463	CT
1	10489586	368	AG
1	10493828	3465	GA
1	10494392	564	CT
1	10494446	54	CT
1	10494580	134	GA
1	10496670	1712	GA
1	10498649	1639	CT
1	10500152	1135	TC
1	10500637	463	TC
1	10501345	614	GA
1	10501651	306	TC
1	10502180	529	CT
1	10502205	25	GC
1	10502454	249	AG
1	10503698	1209	GA
1	10503747	49	GA
1	10505136	1087	AG
1	10505301	165	AC
1	10506171	759	GA
1	10507181	606	AG
1	10507279	98	GA
1	10507447	168	TC
1	10507449	2	GA
1	10508824	81	GT
1	10510028	173	GA
1	10510072	44	AG
1	10510110	38	CA
1	10510727	384	TG
1	10510904	177	GA
1	10511983	1079	CT
1	10514223	1107	GA
1	10514241	18	CT
1	10517237	433	CT
1	10517316	79	CA
1	10517394	78	AG
1	10519084	1509	TC
1	10523588	3232	GC
1	10524671	463	AG
1	10525643	433	GA
1	10525952	309	GC
1	10526135	183	CT
1	10526472	337	GA
1	10526556	84	CG
1	10526898	173	CG
1	10526943	45	CT
1	10526945	2	TC
1	10527183	238	TG
1	10527404	221	AG
1	10528276	872	CA
1	10528304	28	TG
1	10529887	1027	CG
1	10529921	34	AC
1	10529931	10	GC
1	10530003	72	CG
1	10532863	2776	AC
1	10532864	1	CT
1	10533363	499	AG
1	10533420	57	CT
1	10533714	294	GA
1	10534777	1063	CT
1	10535008	231	AT
1	10535652	644	CT
1	10537210	1276	AG
1	10538497	901	CT
1	10541439	1250	GA
1	10542730	1291	CT
1	10543640	604	TC
1	10543702	62	CT
1	10545245	939	TC
1	10545625	341	AT
1	10545990	365	CT
1	10546075	85	GT
1	10547985	756	TC
1	10550086	564	AG
1	10550129	43	GA
1	10550210	81	GT
1	10551398	736	TC
1	10551790	392	CT
1	10552923	853	TA
1	10554874	797	CT
1	10555174	300	CG
1	10555403	229	GA
1	10555413	10	CA
1	10557228	1704	GT
1	10558243	1015	CT
1	10560694	823	AG
1	10564757	2087	CT
1	10569250	3452	AG
1	10569904	627	GT
1	10570708	758	CA
1	10572284	1410	CT
1	10577395	4831	GT
1	10577511	116	TC
1	10577512	1	GC
1	10577545	33	TC
1	10577683	138	CA
1	10577801	118	CT
1	10577965	164	CT
1	10578028	63	GC
1	10578055	27	TC
1	10578427	338	TC
1	10578521	94	CT
1	10578530	9	TC
1	10578618	88	GA
1	10578638	20	TC
1	10578669	31	TC
1	10578773	104	CT
1	10579201	388	TC
1	10579886	639	CA
1	10580174	288	GT
1	10580234	60	CT
1	10580488	254	GA
1	10580568	80	GA
1	10580606	38	CT
1	10581526	920	TC
1	10581732	206	TC
1	10581760	28	AG
1	10582560	800	GT
1	10584548	1059	CT
1	10584717	169	CG
1	10584783	66	GA
1	10584799	16	CG
1	10584889	90	GA
1	10585099	210	CT
1	10585300	201	GA
1	10585304	4	GA
1	10585418	114	GC
1	10585755	185	AG
1	10586710	356	AG
1	10586769	59	TC
1	10586934	165	AG
1	10587070	136	AG
1	10587085	15	TC
1	10587127	42	CG
1	10587685	558	GT
1	10587752	67	AG
1	10587861	109	CT
1	10587919	58	AG
1	10588061	40	GC
1	10588263	202	CA
1	10588326	63	GA
1	10588958	289	CG
1	10589095	137	TC
1	10589414	319	GA
1	10589689	275	GA
1	10589863	174	AC
1	10589975	112	GA
1	10589993	18	CT
1	10590020	27	GA
1	10590058	38	TC
1	10590197	139	TC
1	10590398	201	AT
1	10590668	270	AG
1	10591222	106	CT
1	10591661	439	AG
1	10591730	69	CG
1	10591817	87	TC
1	10591888	71	TG
1	10591907	19	AG
1	10591921	14	CT
1	10591934	13	GA
1	10592268	334	AG
1	10592361	93	TC
1	10592373	12	GA
1	10592486	113	CT
1	10592487	1	CG
1	10592511	24	CT
1	10592592	81	AG
1	10592901	309	GA
1	10592907	6	CT
1	10593149	242	CG
1	10593317	81	CT
1	10600901	4815	AG
1	10600910	9	TC
1	10601197	287	CT
1	10601214	17	AT
1	10601320	106	TC
1	10601328	8	TG
1	10601391	63	AG
1	10601411	20	GA
1	10601569	158	TG
1	10601829	260	AG
1	10602064	235	GA
1	10602122	58	GC
1	10602467	306	CA
1	10602793	326	CA
1	10602886	93	CT
1	10603024	138	AG
1	10603057	33	TC
1	10603629	57	TC
1	10603630	1	GA
1	10603655	25	TC
1	10603870	215	TC
1	10603914	44	GA
1	10604543	607	AG
1	10604549	6	TC
1	10606822	2220	AG
1	10616761	8076	GC
1	10635654	17107	GA
1	10645625	9067	GA
1	10645714	89	CT
1	10649560	3446	GA
1	10649997	437	CT
1	10650510	513	TC
1	10650684	174	CT
1	10654376	3585	CT
1	10657070	2291	GA
1	10657988	918	CT
1	10664966	6772	GC
1	10665945	896	AG
1	10666047	102	GA
1	10666237	190	GA
1	10667976	1619	GA
1	10668289	313	CT
1	10669289	957	CG
1	10671172	1765	CT
1	10671348	176	GC
1	10672616	1268	GA
1	10674628	1747	GA
1	10681362	6131	CT
1	10683940	2462	GA
1	10684305	365	GA
1	10687794	3077	TA
1	10687796	2	GC
1	10691398	3419	AG
1	10691951	514	CT
1	10692229	278	GA
1	10693361	1132	CA
1	10695777	2416	CT
1	10697080	1218	TA
1	10697744	664	CT
1	10697905	161	CT
1	10697920	15	CT
1	10698893	842	CA
1	10698963	70	CG
1	10699451	418	CT
1	10700234	783	CT
1	10705168	4629	TG
1	10705606	438	TC
1	10706398	631	CT
1	10717648	10546	TG
1	10718545	897	CT
1	10718659	114	TC
1	10718696	37	TC
1	10718999	303	AG
1	10719116	117	CT
1	10719232	116	AG
1	10719336	104	GA
1	10719357	21	CT
1	10719386	29	TC
1	10719414	28	GC
1	10719679	265	AG
1	10719996	317	TG
1	10720046	50	CT
1	10720515	469	GA
1	10720679	164	TG
1	10720764	85	CT
1	10720780	16	GA
1	10720884	104	GA
1	10720914	30	AG
1	10720996	82	CT
1	10721452	456	TC
1	10722514	1062	AG
1	10722701	187	GA
1	10723075	184	TC
1	10723085	10	AC
1	10723287	202	TC
1	10723899	575	CA
1	10724674	668	TC
1	10726616	1171	CT
1	10726635	19	CT
1	10728163	1196	GA
1	10728315	152	TC
1	10728492	177	CT
1	10728522	30	TC
1	10728982	198	AG
1	10729189	207	TG
1	10729305	116	AC
1	10730752	1385	GC
1	10732309	1364	CT
1	10732483	109	TC
1	10732957	474	TC
1	10735290	2098	GA
1	10735295	5	AG
1	10736484	830	AG
1	10736798	314	CT
1	10736919	121	TC
1	10736987	68	GA
1	10738838	1287	GA
1	10740848	1541	AC
1	10741451	603	CT
1	10747066	1808	TC
1	10747971	536	CT
1	10748384	413	CT
1	10748600	216	GA
1	10748754	99	TC
1	10749998	489	CT
1	10750313	315	CT
1	10750468	155	GA
1	10751494	994	AG
1	10751535	41	CA
1	10754081	1671	CG
1	10754260	144	TC
1	10755329	689	AT
1	10756328	854	CT
1	10756335	7	GA
1	10756361	26	TA
1	10756362	1	GT
1	10756524	162	GA
1	10756542	18	CG
1	10756954	412	GA
1	10756963	9	TC
1	10757016	53	TC
1	10758159	829	TC
1	10760879	1524	GA
1	10763637	1942	GA
1	10806908	29595	AG
1	10812981	4871	CA
1	10817238	4207	GA
1	10819012	1169	GA
1	10837866	17102	AG
1	10837941	75	TC
1	10838063	122	AG
1	10838074	11	CT
1	10838813	739	TC
1	10838875	62	AG
1	10839235	360	AG
1	10839909	674	TC
1	10840154	245	CT
1	10840159	5	CT
1	10840170	11	GA
1	10840403	233	TC
1	10840572	169	GA
1	10840645	73	GA
1	10841206	561	AG
1	10842071	723	AG
1	10842142	71	GA
1	10842244	102	GA
1	10842356	112	CG
1	10844258	1902	TC
1	10844470	212	CT
1	10844536	66	GC
1	10844764	228	CT
1	10845387	623	CT
1	10846130	743	AG
1	10847018	888	GA
1	10847173	155	AC
1	10848321	868	CT
1	10848371	50	TC
1	10849106	436	CT
1	10849216	110	CT
1	10850149	933	GA
1	10850762	613	TC
1	10850855	93	CT
1	10850975	120	CT
1	10851250	275	GA
1	10851288	14	GA
1	10851559	271	GA
1	10853858	1995	AG
1	10854091	233	GC
1	10854297	206	TG
1	10856695	721	TC
1	10857094	399	AG
1	10857118	24	GA
1	10858308	1190	TC
1	10858319	11	GA
1	10858354	35	GA
1	10858523	95	TC
1	10862279	1006	AG
1	10862399	120	GA
1	10862443	44	GT
1	10862618	175	TG
1	10862745	127	CT
1	10863701	342	GA
1	10864718	939	TC
1	10865147	412	GA
1	10865768	621	AG
1	10866569	801	CT
1	10867474	905	GA
1	10868700	1060	CA
1	10869820	1120	AG
1	10873273	1496	GA
1	10873628	182	GC
1	10873707	79	CT
1	10877647	2629	GT
1	10878296	318	GA
1	10878568	272	TC
1	10878632	64	CT
1	10881035	1931	TA
1	10881975	801	CT
1	10882518	543	CT
1	10884834	1579	GA
1	10887268	1854	CT
1	10889759	2168	CT
1	10889804	45	TC
1	10891037	736	GA
1	10892213	467	GT
1	10892367	154	GT
1	10925616	24285	CG
1	10947727	5381	AG
1	10954750	3963	GA
1	10957153	941	GA
1	10958352	280	GA
1	10959130	531	TC
1	10960217	753	GA
1	10961593	1164	GA
1	10964423	2607	TC
1	10964484	61	TA
1	10964784	300	CT
1	10968942	3842	TC
1	10969337	395	GA
1	10969372	35	AT
1	10969886	514	GC
1	10969951	65	TC
1	10970196	219	GA
1	10971468	1229	GA
1	10971683	215	AC
1	10972651	887	CT
1	10974096	802	TC
1	10974476	380	AG
1	10974644	168	AG
1	10974685	41	AC
1	10974691	6	CT
1	10974902	211	TC
1	10976325	1423	GA
1	10977496	1127	AG
1	10978973	1334	CT
1	10981686	2686	AG
1	10985605	3862	CA
1	10985607	2	GA
1	10986090	483	CG
1	10986128	38	TC
1	10986612	411	GC
1	10986723	111	CA
1	10987437	645	CG
1	10988017	530	CT
1	10988227	210	CT
1	10988844	550	CT
1	10989022	178	GA
1	10989051	29	TC
1	10990284	1055	GA
1	10990898	614	CT
1	10991736	693	GA
1	10991859	123	CT
1	10996368	3944	TC
1	10997743	785	TC
1	10997942	199	AG
1	10998731	697	AG
1	10998798	67	CT
1	10999886	784	TC
1	11000830	868	TC
1	11001033	203	GA
1	11001045	12	CT
1	11001087	42	TC
1	11001171	84	GA
1	11001353	182	CT
1	11001485	132	CG
1	11001616	131	CT
1	11001715	99	CT
1	11001720	5	AG
1	11002005	285	GA
1	11002576	534	CT
1	11002608	32	AG
1	11002659	51	AG
1	11002716	57	GA
1	11002983	267	AG
1	11003125	142	AC
1	11003420	295	TG
1	11003541	63	TC
1	11003798	257	CT
1	11004772	640	AC
1	11005618	770	TC
1	11005850	232	TC
1	11005981	131	GA
1	11006025	44	CT
1	11006067	42	TA
1	11006511	415	TG
1	11006738	227	GA
1	11007146	348	CT
1	11008402	159	GC
1	11008785	68	CG
1	11008944	159	CT
1	11009585	612	CT
1	11009794	209	CA
1	11010021	227	AC
1	11010177	156	AC
1	11010314	137	AG
1	11010964	254	AG
1	11010965	1	AG
1	11011136	171	GA
1	11011192	56	GC
1	11011223	31	CT
1	11011860	534	GA
1	11014586	932	GA
1	11015256	628	TC
1	11015419	105	TC
1	11015984	565	GC
1	11016085	101	TC
1	11016331	117	CT
1	11016606	275	AG
1	11016625	19	CG
1	11016666	41	AC
1	11016758	92	AG
1	11017159	401	TC
1	11021090	3322	AC
1	11024015	2925	AG
1	11024639	624	GC
1	11024645	6	CT
1	11024646	1	GA
1	11025039	393	GA
1	11025044	5	GA
1	11026595	1473	CT
1	11027021	426	AG
1	11027176	155	AG
1	11027875	699	CT
1	11027942	67	TC
1	11028317	375	TC
1	11028620	303	TA
1	11028902	282	AG
1	11028907	5	TC
1	11029961	641	GA
1	11030262	301	CT
1	11030409	147	CT
1	11030442	33	AG
1	11030691	114	GA
1	11030704	13	CA
1	11030846	142	AT
1	11031432	586	TC
1	11031847	415	CT
1	11031868	21	CT
1	11031902	34	GA
1	11032008	106	GA
1	11032319	196	CT
1	11032731	308	AG
1	11033118	387	CT
1	11033266	148	GA
1	11033902	636	CA
1	11034030	128	TC
1	11034579	549	GC
1	11034959	380	AG
1	11036116	1098	GA
1	11039317	2861	CG
1	11039989	672	TC
1	11041289	1051	GA
1	11042701	1195	GA
1	11043242	541	CT
1	11043850	515	CT
1	11044031	181	TC
1	11049027	415	CA
1	11050174	965	CT
1	11050841	667	GA
1	11052547	1655	AG
1	11053316	727	TC
1	11053485	143	CT
1	11053984	499	TC
1	11055787	1757	GA
1	11056045	258	CT
1	11056350	305	CT
1	11057088	738	CT
1	11058009	729	GA
1	11058162	153	CA
1	11058428	266	GA
1	11058546	118	GT
1	11058564	18	CT
1	11058648	84	GA
1	11058947	299	GA
1	11059434	443	GC
1	11059689	255	CT
1	11059995	306	AG
1	11060048	53	AG
1	11060259	211	CT
1	11060968	709	CT
1	11061556	395	GA
1	11061955	399	GA
1	11062570	615	GA
1	11063196	591	GA
1	11063306	110	GA
1	11063433	127	GA
1	11063484	51	AG
1	11063583	99	AC
1	11063801	218	GT
1	11063869	68	TG
1	11064099	180	CT
1	11064311	212	GA
1	11064349	38	TA
1	11064493	144	TC
1	11064567	74	TC
1	11064829	262	GC
1	11064831	2	CT
1	11064872	41	AG
1	11064933	61	CT
1	11065171	238	GC
1	11065293	122	AG
1	11065759	275	AG
1	11066194	329	AG
1	11066211	17	TC
1	11066297	86	GA
1	11073403	2453	TG
1	11073473	70	CG
1	11073667	31	CT
1	11073774	107	AT
1	11074992	843	GA
1	11075957	965	AG
1	11076953	996	CT
1	11079248	1718	AG
1	11079769	427	CT
1	11079902	133	CT
1	11080047	145	AT
1	11080171	124	CT
1	11080635	172	TC
1	11080893	258	GA
1	11081502	430	GC
1	11081644	142	GA
1	11081698	54	TG
1	11081817	119	TC
1	11081914	97	CT
1	11082420	474	CT
1	11082539	119	CA
1	11082630	91	CA
1	11083113	483	TC
1	11083115	2	TG
1	11083117	2	CA
1	11083567	407	AG
1	11084154	396	GT
1	11084544	390	CT
1	11087037	2034	CT
1	11088991	1555	GA
1	11089341	257	TC
1	11089605	169	CA
1	11090203	598	TC
1	11090417	214	TC
1	11090420	3	TC
1	11093514	2857	GA
1	11094919	1251	CT
1	11096604	1572	CA
1	11096619	15	TG
1	11097579	898	TC
1	11099546	1930	GA
1	11100895	1349	GC
1	11104118	2737	GA
1	11104846	728	CA
1	11105335	280	GC
1	11105935	600	GA
1	11105946	11	CG
1	11111288	4610	TC
1	11111861	423	CT
1	11111920	59	GA
1	11112031	111	TC
1	11112138	107	CA
1	11112173	35	CG
1	11113792	503	GA
1	11113806	14	CA
1	11114960	174	AG
1	11115106	146	CA
1	11115156	50	CT
1	11115336	50	GT
1	11116092	531	TG
1	11116288	196	AT
1	11116410	122	CT
1	11116612	202	TC
1	11116677	65	CT
1	11116703	26	AG
1	11117256	553	GA
1	11117276	20	TC
1	11117850	574	GA
1	11118241	391	TC
1	11118258	17	TC
1	11118701	443	AG
1	11118743	42	AG
1	11118880	137	CT
1	11119301	421	AT
1	11119772	471	GT
1	11121908	252	TC
1	11122106	198	CT
1	11123410	1262	GA
1	11123833	423	TC
1	11125062	793	AC
1	11125497	282	CT
1	11125780	283	TC
1	11125963	183	CA
1	11127012	428	CG
1	11127260	248	TC
1	11127261	1	GA
1	11127270	9	TC
1	11127382	112	TC
1	11128289	233	TC
1	11141154	6171	GA
1	11142414	1167	GT
1	11143496	871	GA
1	11146387	2867	TC
1	11149380	2370	CG
1	11150237	811	GA
1	11150506	214	GA
1	11150712	206	GC
1	11153890	2502	CA
1	11154195	305	GA
1	11156120	1774	CG
1	11157073	921	TC
1	11157458	224	CT
1	11159665	2121	GC
1	11160894	1229	GA
1	11163377	2483	GA
1	11174841	9306	CG
1	11174996	155	CT
1	11176482	1201	CG
1	11179719	3136	GC
1	11180858	1016	AG
1	11180963	105	CT
1	11181040	77	CG
1	11181549	414	AG
1	11181903	354	CG
1	11181935	32	AC
1	11183246	901	GA
1	11183399	153	CT
1	11184336	899	CG
1	11184878	542	AG
1	11185036	158	TC
1	11185246	210	CT
1	11186296	520	CT
1	11186713	417	TC
1	11186915	202	AG
1	11186917	2	AG
1	11186991	74	GA
1	11187176	185	TC
1	11187270	94	AG
1	11187490	190	AG
1	11187546	56	TC
1	11187591	45	TC
1	11187598	7	GA
1	11187636	38	TC
1	11187775	139	GC
1	11187829	54	CA
1	11187830	1	GA
1	11187836	6	TC
1	11188026	190	TA
1	11188108	82	CT
1	11188109	1	AG
1	11188113	4	AG
1	11188231	118	GA
1	11188410	179	AG
1	11188857	281	AC
1	11188882	25	TC
1	11188941	59	CG
1	11189089	148	GA
1	11189135	46	GC
1	11189425	290	GC
1	11189549	124	CT
1	11189626	77	CG
1	11189801	175	TC
1	11190762	192	GA
1	11191492	730	TC
1	11191767	275	CA
1	11192217	450	CT
1	11192805	588	AC
1	11192903	98	CT
1	11192986	83	TA
1	11193001	15	GA
1	11193020	19	AT
1	11193033	13	CT
1	11193155	122	GA
1	11193268	113	GA
1	11193979	503	GC
1	11194011	32	GT
1	11194112	101	CT
1	11194904	678	CT
1	11197643	2739	CT
1	11198307	664	CT
1	11198310	3	CT
1	11203655	4751	CT
1	11204340	590	AT
1	11204561	199	GA
1	11205006	445	GA
1	11206202	1086	GA
1	11206265	63	GA
1	11206286	21	AG
1	11206327	41	AG
1	11206610	219	CT
1	11206922	312	AG
1	11207053	94	TC
1	11207957	351	TC
1	11208001	44	AC
1	11208278	277	GA
1	11208340	62	AT
1	11208490	150	TA
1	11209336	846	TC
1	11210252	635	CT
1	11210477	138	CT
1	11210566	89	CA
1	11211960	1158	GA
1	11212044	84	TC
1	11212380	336	GA
1	11213209	829	CG
1	11213290	81	AG
1	11213819	529	TC
1	11215487	1515	TC
1	11215564	77	GC
1	11216091	470	AG
1	11216512	370	AC
1	11216623	111	GA
1	11232024	12671	TC
1	11238091	5801	AG
1	11248852	8517	AC
1	11249867	954	AG
1	11250745	811	GA
1	11251255	510	GA
1	11251352	97	TC
1	11251353	1	GA
1	11251359	6	CG
1	11251968	464	GA
1	11290838	32101	TC
1	11356342	54313	CT
1	11393162	31466	CT
1	11393919	600	AG
1	11394429	425	GA
1	11398506	3544	AG
1	11398969	463	CT
1	11399428	459	TC
1	11399757	329	CA
1	11400132	375	TC
1	11400399	267	TC
1	11409696	5903	GC
1	11419975	6817	AT
1	11422803	2028	GA
1	11425737	2000	CT
1	11443737	14129	GA
1	11447764	2814	GT
1	11453853	5504	CG
1	11459233	4781	AG
1	11472267	11886	CG
1	11472278	11	TC
1	11472327	49	GA
1	11472332	5	GA
1	11472344	12	GA
1	11472350	6	GA
1	11472502	152	GA
1	11472583	81	CT
1	11472590	7	AG
1	11472751	161	TG
1	11473215	431	AG
1	11473888	483	TC
1	11473893	5	CG
1	11474031	138	GC
1	11474047	16	GA
1	11474105	58	GA
1	11474177	72	AG
1	11474214	37	TC
1	11474337	123	TC
1	11474386	49	AG
1	11474482	96	CT
1	11474528	46	CA
1	11474694	166	AG
1	11474843	149	CT
1	11474960	117	GA
1	11475051	91	TC
1	11475128	77	TC
1	11475208	80	TC
1	11475215	7	CG
1	11475255	40	AG
1	11475264	9	AG
1	11475404	140	AG
1	11475419	15	CT
1	11475446	27	GC
1	11475741	295	CG
1	11475925	184	TC
1	11476179	188	AG
1	11479792	834	GA
1	11479810	18	CA
1	11480203	393	TA
1	11480338	135	AG
1	11480718	344	TC
1	11480806	88	TC
1	11481119	313	AC
1	11481221	102	CT
1	11481347	126	TC
1	11482220	744	GA
1	11485581	3150	AG
1	11489644	3617	CT
1	11489705	61	GC
1	11490886	990	GC
1	11495992	4726	AG
1	11496770	465	GA
1	11496957	187	TC
1	11497204	247	TC
1	11497444	240	AG
1	11498465	1021	GA
1	11498996	531	CT
1	11515591	6109	CT
1	11516030	182	AG
1	11516102	72	TG
1	11516974	812	CT
1	11517904	930	TC
1	11520822	2732	CT
1	11521312	470	TC
1	11521665	353	GA
1	11523634	1969	AG
1	11525038	884	TC
1	11527036	1726	CT
1	11528563	1366	CT
1	11534263	5058	GA
1	11534855	416	CA
1	11535261	406	CT
1	11535757	496	GA
1	11536188	431	GA
1	11536537	349	TC
1	11536817	280	GC
1	11537743	657	CT
1	11538713	664	AG
1	11542567	3280	GA
1	11542621	54	GA
1	11542790	169	GA
1	11545535	2529	CG
1	11545570	35	GC
1	11547811	1705	GA
1	11548211	400	CT
1	11552161	3469	CT
1	11552216	55	GA
1	11552302	86	CT
1	11553418	1040	GC
1	11553717	299	GA
1	11553848	131	GA
1	11553941	93	CT
1	11554710	769	TC
1	11557623	2779	CT
1	11557627	4	GC
1	11561469	3478	GT
1	11576978	13053	AT
1	11581979	4070	CT
1	11581986	7	TC
1	11583294	1308	TG
1	11590760	5301	TC
1	11591318	401	CT
1	11591319	1	CT
1	11591624	305	CG
1	11591842	218	TC
1	11591875	33	GC
1	11591877	2	GA
1	11593206	1251	CT
1	11594109	903	TC
1	11595310	1135	CT
1	11596126	816	CG
1	11598465	2000	AG
1	11598478	13	AT
1	11598601	123	CT
1	11598738	137	CT
1	11598795	57	GA
1	11598799	4	CA
1	11598836	37	AG
1	11599148	220	TA
1	11600004	673	GA
1	11600049	45	CT
1	11600335	286	TC
1	11600620	285	CT
1	11600767	147	CG
1	11600955	150	AT
1	11601128	173	CT
1	11601139	11	AC
1	11603258	1814	CT
1	11603376	118	AG
1	11605055	191	GT
1	11605076	21	CT
1	11606235	243	TC
1	11606750	515	GC
1	11609386	2203	TC
1	11610079	630	CT
1	11610459	60	AT
1	11610562	103	GA
1	11611009	447	GA
1	11615642	4332	GA
1	11615655	13	GT
1	11618075	1693	CG
1	11619081	1006	TC
1	11620061	980	TC
1	11620123	62	AG
1	11622567	2444	GA
1	11622722	155	AG
1	11622867	104	GA
1	11626154	1623	CT
1	11626556	402	TG
1	11626583	27	AG
1	11626613	30	GA
1	11626884	271	TG
1	11761377	101418	GA
1	11773035	7724	AG
1	11778627	2835	GA
1	11778935	308	GA
1	11779333	398	CT
1	11779471	138	TC
1	11780215	395	CT
1	11780232	17	AG
1	11780253	21	AG
1	11780269	16	TG
1	11780320	51	CA
1	11780509	189	CT
1	11781932	366	CT
1	11782069	137	AG
1	11782176	107	CT
1	11782305	129	AG
1	11782381	76	TA
1	11782382	1	TA
1	11783290	785	CG
1	11783681	391	CT
1	11783756	75	AG
1	11783808	52	AG
1	11784195	291	AG
1	11784605	410	CA
1	11784805	200	GA
1	11784846	41	TG
1	11784875	29	GA
1	11785009	134	CA
1	11785310	215	TC
1	11785356	46	CT
1	11786820	841	TC
1	11786885	65	CA
1	11786924	39	AC
1	11787529	605	GA
1	11787624	95	GA
1	11787723	99	CA
1	11787865	142	CT
1	11787946	81	GA
1	11788535	557	CA
1	11788536	1	CT
1	11793985	3686	CA
1	11799968	4015	GA
1	11800929	634	GA
1	11801049	120	CA
1	11801769	570	GC
1	11802065	296	TG
1	11802150	85	AG
1	11806140	1762	CT
1	11806154	14	AG
1	11806216	62	TC
1	11806226	10	AG
1	11806345	119	CT
1	11806465	120	AG
1	11806926	47	CG
1	11809165	81	AG
1	11809166	1	CT
1	11813011	1641	GA
1	11817730	1828	AC
1	11817861	131	CA
1	11817884	23	GC
1	11817923	39	AG
1	11817924	1	TA
1	11820850	1580	AG
1	11820853	3	GA
1	11821243	103	GC
1	11823819	973	CT
1	11823838	19	AC
1	11824587	682	GA
1	11824907	320	CG
1	11825453	417	GA
1	11825489	36	GA
1	11825569	80	TC
1	11825671	102	GA
1	11825804	133	GT
1	11826141	337	GA
1	11826204	63	TC
1	11826404	200	CT
1	11826670	266	CT
1	11826784	114	GA
1	11829011	1416	CT
1	11830193	433	AT
1	11830480	287	GA
1	11832673	1066	AG
1	11836022	1622	CT
1	11836029	7	GA
1	11836385	356	CT
1	11836467	82	GT
1	11836476	9	TG
1	11836565	89	GT
1	11836644	79	GT
1	11836689	45	AG
1	11837265	576	GC
1	11837405	140	GA
1	11838398	374	AC
1	11838410	12	AG
1	11840794	842	TC
1	11840817	23	AC
1	11840838	21	AT
1	11842764	500	AC
1	11845133	851	TC
1	11846227	238	CG
1	11846330	103	GA
1	11846459	88	GA
1	11846708	249	CT
1	11846734	26	CT
1	11847591	541	CT
1	11848552	266	GA
1	11848578	26	AC
1	11848757	81	CT
1	11848768	11	CG
1	11848887	119	CT
1	11849627	135	CT
1	11851110	254	AG
1	11851682	333	GT
1	11852281	242	CT
1	11866564	3246	GA
1	11867180	616	TC
1	11878438	10596	GC
1	11878492	54	GT
1	11878508	16	CT
1	11879388	561	AG
1	11879505	117	GA
1	11879681	176	GA
1	11879854	173	AG
1	11880015	161	AG
1	11880179	164	CT
1	11880305	126	CT
1	11880343	38	GT
1	11880406	63	CT
1	11880865	333	GA
1	11880908	43	GA
1	11881135	116	TG
1	11883351	2015	CT
1	11895320	9470	GA
1	11895417	97	CT
1	11901426	4671	GA
1	11901529	103	GA
1	11901545	16	CA
1	11902243	698	AG
1	11902255	12	GA
1	11902704	193	TA
1	11903221	517	GC
1	11903222	1	CA
1	11903314	92	AG
1	11903795	481	CT
1	11904298	503	CT
1	11904433	135	TG
1	11906493	2001	TA
1	11906506	13	CT
1	11906555	49	TA
1	11906597	42	AG
1	11906709	112	AG
1	11906868	159	AG
1	11906957	89	GA
1	11907141	184	TG
1	11907183	42	CG
1	11909228	2017	CA
1	11915015	5481	CT
1	11921540	4510	GA
1	11922779	623	GA
1	11923264	485	CT
1	11923452	154	CT
1	11925466	96	GA
1	11928418	451	GC
1	11933210	3549	AT
1	11934876	1638	CG
1	11935002	126	CT
1	11935294	209	AG
1	11935747	453	TC
1	11935753	6	GA
1	11937414	1359	GA
1	11940863	2583	TC
1	11942409	994	GT
1	11946740	2647	TC
1	11947080	340	GA
1	11947180	100	GA
1	11948537	1357	GA
1	11949125	341	TC
1	11949539	380	TG
1	11951263	1639	CT
1	11955301	3981	AC
1	11958562	2597	GA
1	11958941	379	GA
1	11959435	277	GC
1	11962299	2575	CA
1	11963339	684	CT
1	11964776	1317	GA
1	11968006	3052	CG
1	11968545	457	CT
1	11970239	823	TC
1	11970245	6	TG
1	11970251	6	AT
1	11971115	503	GA
1	11972698	809	GT
1	11972819	121	GA
1	11972956	137	AG
1	11973023	67	GA
1	11973178	155	CG
1	11974478	586	CG
1	11977044	1814	TG
1	11977841	688	AC
1	11981425	2264	GA
1	11989706	1066	GA
1	11990444	240	GA
1	11990448	4	CT
1	11990487	39	CA
1	11990767	236	GC
1	11992318	396	CT
1	11992495	177	GT
1	11992526	31	CA
1	11992546	20	AG
1	11992560	14	CT
1	11992563	3	GA
1	11993039	476	GA
1	11998237	2486	CA
1	11999696	630	GA
1	12002573	1476	CT
1	12003696	1123	TC
1	12003898	202	CT
1	12045267	28751	TC
1	12049327	2227	GA
1	12050520	991	GA
1	12050880	360	AT
1	12051092	212	GA
1	12051329	237	GA
1	12051561	232	GT
1	12051605	44	GA
1	12051617	12	GA
1	12052701	947	GA
1	12052986	285	AG
1	12053021	35	AG
1	12054705	1036	GA
1	12055056	351	CT
1	12055169	113	CG
1	12055358	189	AG
1	12055760	402	CT
1	12056412	622	TC
1	12058856	1819	GT
1	12058977	121	TC
1	12059001	24	CT
1	12059099	98	TC
1	12059161	62	CT
1	12059684	523	GA
1	12061228	1523	GA
1	12061629	401	TG
1	12061811	182	AG
1	12062270	113	GC
1	12063426	848	TC
1	12063450	24	GT
1	12063504	54	AC
1	12063556	52	CT
1	12063700	144	TC
1	12064719	790	GA
1	12064987	268	CT
1	12066202	1050	TC
1	12066210	8	TC
1	12066435	225	CA
1	12066978	88	TA
1	12067734	557	AG
1	12068296	498	TC
1	12068486	190	GA
1	12068507	21	GA
1	12072903	2823	GA
1	12074270	1367	AC
1	12074372	102	CT
1	12075130	758	TC
1	12075176	46	CT
1	12075308	132	GT
1	12075691	383	AG
1	12075850	159	AG
1	12077805	1328	CT
1	12083979	618	GA
1	12084031	52	AG
1	12084206	175	CT
1	12084267	61	AG
1	12084272	5	CT
1	12084317	45	CT
1	12084492	175	GC
1	12084782	225	TC
1	12084997	215	CT
1	12085124	127	CA
1	12085151	27	CT
1	12085409	258	GA
1	12085661	252	CT
1	12085800	139	GA
1	12085829	29	CT
1	12085832	3	GA
1	12085892	60	CT
1	12087519	362	GC
1	12087706	187	GA
1	12087830	124	CT
1	12088047	217	GA
1	12089330	1283	TA
1	12090525	1195	TA
1	12096329	3948	TC
1	12096718	325	AG
1	12096727	9	CG
1	12096784	57	AC
1	12097596	524	CG
1	12097600	4	GA
1	12097605	5	GA
1	12099955	1974	TC
1	12100838	522	CA
1	12102476	1472	GA
1	12103863	1387	TC
1	12104249	386	CG
1	12105125	847	CT
1	12108661	3036	AG
1	12109126	120	CT
1	12110124	998	CT
1	12110420	296	CT
1	12110430	10	TC
1	12110645	215	CT
1	12111310	364	AG
1	12111487	177	GA
1	12114487	2608	TC
1	12114681	194	CG
1	12115955	1274	GC
1	12116337	382	CT
1	12116585	248	TC
1	12123443	5868	GA
1	12123734	291	GT
1	12126061	2290	AG
1	12126855	612	AG
1	12127070	215	GC
1	12127427	357	AC
1	12130674	2805	TG
1	12133512	1350	CT
1	12133551	39	CT
1	12133688	137	TC
1	12133978	290	GA
1	12134795	477	GA
1	12136732	1293	GC
1	12136833	101	AT
1	12137187	354	GA
1	12137847	380	GA
1	12138518	331	GA
1	12139431	305	AG
1	12140020	589	AG
1	12144738	126	AT
1	12145519	181	TC
1	12145566	47	AG
1	12146957	100	TC
1	12147230	273	CT
1	12190103	23439	CG
1	12190538	435	TC
1	12190847	309	CT
1	12191190	343	TC
1	12191263	73	TC
1	12192481	1140	CT
1	12193397	916	GA
1	12193702	305	GT
1	12193898	196	AT
1	12194017	119	AG
1	12194271	254	GA
1	12194347	76	CT
1	12195379	971	GC
1	12196970	1554	CT
1	12197077	107	TA
1	12197360	283	AG
1	12197574	214	TC
1	12197617	43	GA
1	12198014	397	GT
1	12198497	483	CT
1	12198789	292	GA
1	12198843	54	GA
1	12199717	833	GA
1	12199742	25	CA
1	12199932	190	GA
1	12199983	51	GA
1	12204183	4072	TC
1	12204887	657	GA
1	12211006	4989	CT
1	12211075	69	GT
1	12213353	2113	GA
1	12214272	919	GA
1	12214891	503	TC
1	12218120	3047	CT
1	12218598	478	CT
1	12219111	513	CA
1	12219177	66	GA
1	12220730	1529	AG
1	12220768	38	GT
1	12222425	1623	TA
1	12225881	3242	AG
1	12226007	126	CG
1	12226234	227	CT
1	12226410	176	GA
1	12230322	3773	GA
1	12231029	707	CT
1	12232129	1061	GT
1	12232863	634	GA
1	12235016	2051	GC
1	12235511	495	CT
1	12235819	308	CT
1	12235859	40	GA
1	12236316	457	GA
1	12238145	1829	CT
1	12238169	24	AG
1	12238267	98	CA
1	12238282	15	CT
1	12238902	620	TC
1	12239184	258	GC
1	12239958	732	GC
1	12239968	10	TC
1	12240830	862	TG
1	12240986	156	GA
1	12241138	152	GC
1	12241587	418	TC
1	12241724	137	TC
1	12245272	3185	GC
1	12246641	1319	GA
1	12247325	684	TC
1	12248101	728	CA
1	12248144	43	TC
1	12248252	108	AG
1	12248702	450	GC
1	12249089	387	AG
1	12250835	1660	AC
1	12251054	219	GA
1	12251519	465	CT
1	12252497	888	GA
1	12253400	780	AG
1	12254352	952	TG
1	12255364	973	GA
1	12256111	578	TC
1	12258339	2151	AG
1	12258409	70	AG
1	12258645	236	TG
1	12258890	245	GC
1	12259314	424	AG
1	12260719	1343	TC
1	12261018	299	TA
1	12261213	195	GC
1	12261286	73	GT
1	12262792	1436	AG
1	12263748	956	GC
1	12264278	530	GA
1	12264504	226	GT
1	12264682	159	GA
1	12266350	1446	CT
1	12266522	172	TC
1	12266929	372	GC
1	12266957	28	TA
1	12267785	795	AG
1	12273775	5621	TG
1	12273833	58	TC
1	12273941	108	GC
1	12274082	141	GC
1	12274168	86	AC
1	12274421	223	CT
1	12274689	268	GA
1	12274797	108	CA
1	12274998	201	CT
1	12275129	131	TG
1	12275243	114	TC
1	12275310	67	TC
1	12275328	18	CT
1	12275884	466	AG
1	12276147	263	AG
1	12276916	600	CT
1	12277197	281	GA
1	12278589	1374	TC
1	12281175	2362	GA
1	12282801	1542	AG
1	12283044	243	GA
1	12283615	571	AG
1	12284213	449	GA
1	12284255	42	GC
1	12284290	35	AT
1	12285406	570	CT
1	12285680	274	CT
1	12285766	86	CA
1	12286261	446	TC
1	12286288	27	GA
1	12286298	10	CT
1	12286440	142	GC
1	12287289	623	CT
1	12287652	363	CA
1	12287778	126	GA
1	12288223	445	CG
1	12288403	180	CG
1	12288653	250	AG
1	12288790	137	CT
1	12289267	477	CG
1	12289315	48	CG
1	12290998	1622	GC
1	12291800	691	TC
1	12293934	1897	CT
1	12294181	247	GC
1	12294789	541	TC
1	12295341	552	CT
1	12295774	268	AG
1	12295826	52	GA
1	12295923	97	GA
1	12295947	24	GA
1	12296403	268	AG
1	12296412	9	AG
1	12299221	2676	TC
1	12300443	1190	TC
1	12301305	526	CT
1	12301719	94	CA
1	12302345	592	AG
1	12304754	1286	CT
1	12304798	44	GA
1	12305723	363	AG
1	12307871	784	GA
1	12310586	1125	TC
1	12311886	246	CT
1	12312015	129	GT
1	12312018	3	CG
1	12312034	16	TC
1	12312135	101	TA
1	12312966	831	CT
1	12313548	427	GA
1	12317106	2192	GT
1	12317638	458	TC
1	12318284	646	CA
1	12318352	68	TC
1	12319063	711	GC
1	12319202	139	AG
1	12319203	1	TA
1	12319461	258	AC
1	12320069	203	GT
1	12320162	93	CT
1	12320426	215	CT
1	12320589	163	TC
1	12320685	96	AG
1	12320778	93	CA
1	12321176	398	TA
1	12321386	210	TA
1	12321387	1	CA
1	12322046	521	CT
1	12322083	37	GT
1	12323277	888	CT
1	12323285	8	AC
1	12324492	1189	TA
1	12326024	1082	TC
1	12326101	77	CT
1	12326196	95	CT
1	12326214	18	CT
1	12328538	414	GA
1	12328867	329	GT
1	12329077	210	GA
1	12337880	6435	TC
1	12341317	2403	CT
1	12341828	511	TC
1	12341837	9	AC
1	12341966	129	GA
1	12342033	67	GT
1	12342239	99	TC
1	12342349	110	TG
1	12342634	195	AG
1	12345059	1716	AG
1	12345106	47	GT
1	12345288	182	TG
1	12345767	298	CT
1	12345920	153	CT
1	12346073	153	AC
1	12346109	36	TC
1	12346223	114	TC
1	12347223	331	AG
1	12347262	39	GA
1	12347512	250	TA
1	12347570	58	AG
1	12347581	11	GA
1	12348072	278	CT
1	12348171	99	GC
1	12348650	479	AT
1	12348707	57	CA
1	12348800	93	CT
1	12349043	153	TA
1	12349053	10	CT
1	12349739	600	TC
1	12350080	341	AG
1	12350306	107	GA
1	12350472	166	GA
1	12350828	356	GT
1	12350900	72	AG
1	12350929	29	AC
1	12351276	347	GT
1	12351356	80	TC
1	12351621	265	AG
1	12351677	56	CT
1	12351742	65	GA
1	12351841	80	TC
1	12351876	35	GA
1	12353525	790	CG
1	12356308	1774	CA
1	12356496	188	CT
1	12356545	49	GA
1	12357363	444	AG
1	12357866	503	TC
1	12357909	43	GA
1	12358210	301	AG
1	12360542	1655	GC
1	12363194	2302	CT
1	12364087	835	GA
1	12364519	432	GA
1	12365829	1199	GA
1	12367282	777	AG
1	12368003	721	GT
1	12368996	993	CG
1	12369588	592	CT
1	12371165	1502	GT
1	12371973	780	GA
1	12372073	100	CT
1	12372434	236	TA
1	12373597	1138	GC
1	12373644	47	GC
1	12373646	2	TC
1	12374322	676	GA
1	12374526	204	CA
1	12375156	630	TC
1	12375157	1	AT
1	12376209	724	TA
1	12376814	402	AG
1	12377704	890	TC
1	12377809	105	CT
1	12385450	4122	TC
1	12385862	412	AG
1	12388131	1608	AC
1	12389049	285	GA
1	12390970	309	GA
1	12390972	2	GT
1	12390981	9	GA
1	12391577	280	GA
1	12391610	33	GA
1	12392604	144	GT
1	12392672	68	GA
1	12395044	223	CT
1	12398179	822	CT
1	12398182	3	CT
1	12398326	144	TC
1	12398370	44	AG
1	12398521	151	GA
1	12398648	127	TG
1	12401764	450	TC
1	12401799	35	TC
1	12401823	24	CT
1	12402595	772	CT
1	12403091	349	GA
1	12404362	1271	AT
1	12404991	629	CA
1	12405794	758	AG
1	12406560	766	CT
1	12407290	134	GA
1	12407309	19	GA
1	12407899	282	TC
1	12408410	511	GA
1	12408879	469	GA
1	12409476	597	CT
1	12410084	577	AC
1	12410303	219	CA
1	12410400	97	TC
1	12411558	1103	CA
1	12412123	565	AC
1	12412553	279	CA
1	12413015	462	AG
1	12414015	399	CT
1	12414074	59	AG
1	12414599	500	GA
1	12417618	2631	AG
1	12417891	273	TG
1	12418026	135	GT
1	12420979	2084	CT
1	12421940	961	TC
1	12421972	32	CT
1	12422063	91	GA
1	12422261	198	CA
1	12422344	83	CT
1	12422637	221	TC
1	12422896	259	GC
1	12423286	354	GA
1	12423738	452	GA
1	12424040	302	AT
1	12424114	74	CT
1	12424392	278	GA
1	12424530	138	AG
1	12424695	165	CA
1	12424942	199	CT
1	12426092	245	TC
1	12426417	239	AG
1	12426683	75	GA
1	12426739	56	GA
1	12426751	12	AT
1	12426800	49	CT
1	12426801	1	GT
1	12427027	226	CT
1	12427425	345	AG
1	12427442	17	CT
1	12427487	45	TC
1	12427509	22	GT
1	12427550	41	CT
1	12428214	634	AT
1	12428248	34	GT
1	12428612	331	CT
1	12429020	408	CT
1	12431551	2295	TA
1	12431760	209	TC
1	12431818	58	CG
1	12433794	1229	AG
1	12434103	309	TG
1	12434316	213	AG
1	12436457	444	TA
1	12437244	227	CT
1	12437710	466	GA
1	12437978	268	CT
1	12438784	583	CT
1	12438850	66	TG
1	12439114	264	TC
1	12440363	619	TC
1	12442916	1779	AC
1	12443029	113	GT
1	12443376	318	GA
1	12443432	56	TA
1	12446087	2655	CT
1	12452478	5051	CG
1	12453025	547	CT
1	12453936	660	CT
1	12459216	4431	GT
1	12459866	650	GA
1	12460140	274	TC
1	12460910	718	AG
1	12461389	479	CT
1	12461979	590	AG
1	12462065	86	TC
1	12462156	91	CT
1	12463031	875	TC
1	12464663	1317	AC
1	12467546	2271	TC
1	12467649	103	AG
1	12473723	2660	TC
1	12475796	1556	AG
1	12476847	985	CA
1	12476952	105	TC
1	12476992	40	AG
1	12477583	591	CG
1	12478451	583	CT
1	12478903	452	GC
1	12479123	157	GC
1	12479161	38	GA
1	12480806	1304	CA
1	12482986	2138	GT
1	12483240	254	GA
1	12484682	1421	TC
1	12485558	876	AC
1	12486047	424	TA
1	12487126	873	GA
1	12487137	11	GT
1	12487138	1	AC
1	12487251	113	TA
1	12491238	3484	AT
1	12491639	401	GA
1	12499568	6036	TC
1	12500168	582	CT
1	12500171	3	GA
1	12500843	672	GA
1	12500985	142	GA
1	12501007	22	CT
1	12501284	277	AT
1	12502423	1139	CG
1	12502712	289	GA
1	12502828	69	GA
1	12502909	81	CA
1	12503135	226	CT
1	12503298	163	CA
1	12503374	76	AG
1	12503867	493	TC
1	12505322	1206	CT
1	12505716	394	GA
1	12506670	954	CT
1	12506760	90	AG
1	12507570	810	GA
1	12507743	173	CT
1	12508282	539	AG
1	12508295	13	AT
1	12508568	273	AG
1	12514320	1511	GA
1	12514400	80	AG
1	12514561	17	AT
1	12515920	268	AG
1	12515956	36	AC
1	12516079	123	TA
1	12516137	58	AG
1	12516282	145	AG
1	12517214	449	AG
1	12517267	53	GA
1	12517278	11	GT
1	12517391	113	CT
1	12517851	460	TC
1	12520256	1663	TC
1	12525389	3073	AG
1	12525429	40	AG
1	12525597	168	TA
1	12527705	1970	CG
1	12528455	696	CT
1	12529163	708	AG
1	12529651	488	AT
1	12530428	777	CT
1	12530641	165	AG
1	12531170	529	TG
1	12531230	60	TA
1	12532871	1566	CT
1	12533333	462	AG
1	12533419	86	CT
1	12535863	2413	TC
1	12537185	1280	TA
1	12538336	1151	CT
1	12538392	56	GA
1	12538964	572	CG
1	12539911	947	CT
1	12540231	320	AG
1	12542396	2067	CG
1	12543442	898	CA
1	12545308	1693	CT
1	12545475	167	CG
1	12545540	65	GA
1	12545713	173	TC
1	12545821	108	AG
1	12547796	897	TC
1	12548537	709	CT
1	12548544	7	GA
1	12551812	3240	TC
1	12551850	38	GA
1	12553078	1169	TC
1	12553643	565	GA
1	12554309	666	CT
1	12564626	8256	CT
1	12567958	3081	GA
1	12572943	2810	GA
1	12575320	1829	GA
1	12578675	3252	GC
1	12580278	1549	GA
1	12583671	2437	AG
1	12587615	3388	CT
1	12588285	670	GA
1	12588401	116	GA
1	12591719	1864	GA
1	12592018	299	GA
1	12592040	22	TC
1	12595058	2647	AG
1	12597912	1835	AG
1	12601585	3075	GA
1	12603813	2091	CT
1	12606389	2498	GA
1	12606441	52	CT
1	12609085	2397	GA
1	12610007	922	GA
1	12611041	1002	CT
1	12611722	681	GC
1	12611901	179	TC
1	12614930	2880	GA
1	12618877	3496	AG
1	12620960	1425	TC
1	12623362	1892	GA
1	12624116	754	GA
1	12624118	2	AG
1	12625543	1000	GC
1	12625694	151	GA
1	12626213	129	CT
1	12626222	9	AC
1	12626798	281	AG
1	12626978	180	CT
1	12627177	199	CT
1	12627596	419	CT
1	12627636	40	GA
1	12628793	1117	CT
1	12634416	5395	CT
1	12635591	1175	GA
1	12636001	323	AT
1	12637996	1946	CT
1	12638323	327	TC
1	12638411	88	AG
1	12640124	1163	AG
1	12640529	277	GC
1	12640558	29	AC
1	12641518	658	AG
1	12642413	702	AG
1	12643243	380	TC
1	12644822	655	AG
1	12645014	192	CT
1	12645204	190	GA
1	12645411	207	CG
1	12645535	124	AG
1	12646759	935	CA
1	12646868	109	TG
1	12647826	519	AG
1	12647836	10	CT
1	12648082	246	GA
1	12648526	444	CG
1	12649064	444	GA
1	12649364	274	AT
1	12649548	102	TC
1	12649742	194	GA
1	12649958	216	CT
1	12650085	127	AG
1	12650094	9	AG
1	12651068	416	CT
1	12651094	26	AG
1	12651140	46	TG
1	12651183	43	GC
1	12651250	67	AG
1	12651274	24	CT
1	12652779	1438	CG
1	12652821	42	AG
1	12653950	930	GA
1	12654407	457	GA
1	12654690	283	TG
1	12655881	1191	CT
1	12660248	3130	GA
1	12660611	186	GT
1	12661088	477	CT
1	12661248	160	TC
1	12662173	925	GA
1	12662953	780	TG
1	12662985	32	AG
1	12670569	2124	AG
1	12671588	615	GA
1	12671810	222	TA
1	12673592	759	TC
1	12674045	453	CT
1	12679333	4567	GA
1	12682476	2384	AC
1	12682613	137	CG
1	12683922	747	AG
1	12684834	912	GA
1	12688170	2415	GA
1	12688908	738	CA
1	12689190	282	TC
1	12693486	3851	CA
1	12694118	632	CT
1	12694592	474	GA
1	12694857	265	CT
1	12696072	1198	GA
1	12696442	370	TC
1	12696768	326	CA
1	12696870	102	AC
1	12697912	1042	AG
1	12699742	1752	CA
1	12704024	4055	CT
1	12705610	1548	GC
1	12705993	383	GC
1	12707127	767	TC
1	12707833	670	GA
1	12709057	1224	AC
1	12709381	324	AG
1	12709400	19	GT
1	12710924	1412	GA
1	12711480	556	GC
1	12711970	370	CG
1	12712484	414	CT
1	12713938	816	CT
1	12716409	2041	CT
1	12716695	286	CT
1	12716773	78	TG
1	12716898	125	CT
1	12718193	446	GA
1	12718450	257	CT
1	12719763	1313	CT
1	12721030	1143	TC
1	12722161	985	GA
1	12722334	173	TC
1	12722458	124	CT
1	12722561	103	TG
1	12722835	274	TC
1	12722861	26	GC
1	12722865	4	GT
1	12723046	181	AC
1	12723109	63	CT
1	12723127	18	AG
1	12723165	38	TC
1	12724481	1195	GA
1	12724505	24	AG
1	12725689	1150	GA
1	12727597	1794	TC
1	12727856	259	GA
1	12728491	635	CT
1	12729361	870	GA
1	12729966	566	GA
1	12730309	343	CA
1	12730338	29	CT
1	12730340	2	GA
1	12731151	811	TC
1	12732096	699	CA
1	12732407	268	CT
1	12732547	140	GA
1	12732860	313	CT
1	12734446	1229	GT
1	12734859	413	GA
1	12736059	717	CT
1	12736115	56	CT
1	12736466	351	AG
1	12738015	1312	CT
1	12738292	277	TG
1	12738634	342	AG
1	12738791	157	AG
1	12741572	2134	GT
1	12742240	601	TA
1	12743348	1066	AC
1	12750896	4825	AG
1	12750978	82	TA
1	12751244	266	TC
1	12752199	955	GA
1	12752370	171	AG
1	12752631	106	GA
1	12753245	614	CT
1	12753291	46	CG
1	12753804	513	CT
1	12753916	112	TC
1	12754103	106	TC
1	12754582	280	CG
1	12754811	180	GA
1	12754844	33	CT
1	12755079	235	AG
1	12755420	341	GA
1	12755844	424	AG
1	12755930	86	GA
1	12756075	145	CT
1	12756481	406	TC
1	12756715	234	TC
1	12756774	59	AG
1	12756791	17	CT
1	12756970	179	CT
1	12756998	28	GA
1	12757179	181	AG
1	12757565	386	AG
1	12757612	47	GT
1	12757964	352	CT
1	12758022	58	AT
1	12758038	16	CT
1	12758296	258	AG
1	12758540	244	CG
1	12758602	62	CT
1	12759620	681	CT
1	12759775	155	CT
1	12766137	6115	GA
1	12770795	4658	GA
1	12775104	3574	GA
1	12775714	507	CT
1	12777402	1194	CT
1	12778128	653	GA
1	12778220	92	AG
1	12778450	230	GA
1	12780247	1797	CT
1	12780416	169	GT
1	12781105	689	CA
1	12781184	79	CT
1	12781807	623	TC
1	12782001	194	TC
1	12782122	121	AG
1	12782479	338	CT
1	12782601	122	CT
1	12782747	146	GA
1	12783123	376	CT
1	12784174	1051	CT
1	12784492	165	CT
1	12784605	113	CG
1	12784927	322	TC
1	12785939	900	AG
1	12786119	180	CG
1	12786500	381	TA
1	12786991	406	GA
1	12787150	159	TC
1	12787290	140	CT
1	12787361	71	TC
1	12787404	43	CA
1	12787535	131	CA
1	12787918	383	CA
1	12787982	64	CT
1	12788524	542	AG
1	12788794	270	GA
1	12789825	910	TC
1	12789851	26	GC
1	12790116	265	GA
1	12790125	9	TC
1	12790349	224	CT
1	12793703	2093	CT
1	12794807	1104	CT
1	12794816	9	CA
1	12795194	102	CA
1	12795321	127	TG
1	12795381	60	CT
1	12795403	22	GA
1	12795971	196	CT
1	12796056	85	TC
1	12796460	404	TG
1	12796554	66	GA
1	12796657	103	CG
1	12797292	635	AG
1	12797301	9	CT
1	12797311	10	TG
1	12797347	36	TC
1	12797775	428	CA
1	12798056	281	CG
1	12798379	323	GA
1	12799102	723	TG
1	12799558	456	AG
1	12802254	2609	TG
1	12802533	279	GA
1	12803388	855	GA
1	12803424	36	TG
1	12803634	210	CT
1	12803966	332	TC
1	12804112	146	TA
1	12804463	351	TC
1	12809323	2318	GA
1	12809744	421	TC
1	12811916	2138	TC
1	12812178	262	AC
1	12812214	36	TG
1	12815473	2715	CT
1	12816511	1038	AG
1	12816567	56	GT
1	12816643	76	CT
1	12816826	183	AC
1	12819040	2214	CA
1	12820983	1227	GA
1	12824044	3032	TC
1	12825778	1734	AC
1	12826622	768	GA
1	12827777	1025	TC
1	12829198	1258	CT
1	12829415	217	GA
1	12829895	480	GA
1	12830190	295	CA
1	12830844	654	GA
1	12830865	21	GA
1	12831297	432	TC
1	12831879	582	AG
1	12831930	51	GA
1	12832171	241	AG
1	12832994	823	AG
1	12833016	22	GA
1	12833105	89	GA
1	12833367	262	CT
1	12833569	170	GC
1	12833986	252	CT
1	12834411	425	TC
1	12834436	25	GA
1	12834476	40	TC
1	12834784	308	CT
1	12835073	126	CA
1	12835456	383	AC
1	12835643	187	TC
1	12836188	545	TC
1	12836494	306	AG
1	12836934	440	GT
1	12838684	1225	CT
1	12838801	117	GA
1	12838989	188	CT
1	12839363	374	GA
1	12839442	79	TC
1	12839512	70	GC
1	12840244	537	GA
1	12840746	224	AC
1	12841553	807	GC
1	12843158	1337	TA
1	12843459	301	GC
1	12846705	2183	CT
1	12847222	454	GA
1	12847258	36	GA
1	12847519	261	TA
1	12847625	106	AT
1	12847715	90	GA
1	12847882	167	GA
1	12849973	1975	GA
1	12850037	64	AG
1	12851311	1231	CT
1	12852624	984	GA
1	12852818	111	CT
1	12853441	590	CT
1	12853517	76	CT
1	12853581	64	TC
1	12853614	33	AT
1	12853837	223	TG
1	12855377	1540	CA
1	12855688	311	GA
1	12857180	1470	CT
1	12857363	183	TC
1	12857796	433	CA
1	12860567	2279	GA
1	12861024	440	GA
1	12861297	232	GT
1	12861304	7	GT
1	12861647	284	GA
1	12862529	882	TG
1	12862892	234	CT
1	12863536	644	CA
1	12866058	2522	CT
1	12868390	2286	CT
1	12869925	1184	AG
1	12870024	99	CT
1	12872654	1933	AG
1	12872898	244	GA
1	12873061	163	TC
1	12874285	1224	AG
1	12875130	705	CT
1	12875279	149	GA
1	12875364	85	GA
1	12875745	381	GA
1	12875781	36	GA
1	12876036	255	GA
1	12876059	23	GT
1	12876248	189	TC
1	12876375	127	AC
1	12876394	19	CT
1	12876617	190	CT
1	12877061	444	AC
1	12877969	885	GA
1	12877991	22	CT
1	12877995	4	TC
1	12879083	772	CT
1	12880046	811	AG
1	12880088	42	GA
1	12880120	32	CA
1	12880690	570	CA
1	12880834	144	GT
1	12882118	873	GT
1	12882151	33	CA
1	12883227	388	GA
1	12887110	3488	TC
1	12891174	3576	TC
1	12891620	446	TC
1	12891625	5	CT
1	12892526	901	GA
1	12892962	436	CT
1	12893937	975	AG
1	12894356	141	GT
1	12894424	68	AG
1	12894797	373	GC
1	12894800	3	GC
1	12895212	412	GC
1	12895237	25	CT
1	12895539	302	TC
1	12895589	50	GT
1	12895664	75	CT
1	12895675	11	AG
1	12895899	115	CT
1	12895987	88	GA
1	12896007	20	GT
1	12896034	27	GC
1	12896048	14	TA
1	12896257	209	CT
1	12896317	60	CT
1	12897145	828	GT
1	12897204	59	TC
1	12897363	159	GC
1	12898930	657	CT
1	12899355	425	AG
1	12899967	561	CT
1	12900007	40	GA
1	12900056	49	GC
1	12900062	6	GC
1	12900652	497	TA
1	12900765	113	CT
1	12901204	439	CT
1	12908175	5800	GA
1	12911515	2067	CG
1	12911894	379	AG
1	12917128	1675	CT
1	12919196	659	AG
1	12920118	846	CT
1	12920247	129	AT
1	12922836	1781	AG
1	12922845	9	AT
1	12922876	31	TC
1	12922895	19	TC
1	12922903	8	GA
1	12923689	786	GC
1	12924034	345	GT
1	12924103	69	TG
1	12925908	924	TG
1	12925942	34	AG
1	12925945	3	GT
1	12926401	456	GA
1	12926650	249	CT
1	12926686	36	CT
1	12926696	10	TC
1	12926829	133	TC
1	12927619	598	TG
1	12927873	254	CA
1	12927986	113	AG
1	12928114	128	CT
1	12928168	54	AG
1	12928251	83	AG
1	12928349	98	GA
1	12929791	1160	TC
1	12933158	2317	CT
1	12950924	7198	TA
1	12960218	7400	CT
1	12961141	858	CT
1	12965925	3904	AG
1	12965963	38	AG
1	12977487	11146	TG
1	12977911	424	AG
1	12981501	3266	GA
1	12986935	5024	TA
1	12989208	2038	GC
1	12990037	829	AG
1	12990096	59	AG
1	12990122	26	TC
1	12991402	1187	TC
1	12991425	23	TC
1	12991511	86	TC
1	12992887	1335	CT
1	12993533	525	CA
1	12993723	190	GT
1	12994099	376	AC
1	12994134	35	AG
1	12994732	598	GA
1	12995371	639	AG
1	12997952	2214	GT
1	12998423	428	GA
1	12999526	650	AG
1	13001420	1382	CT
1	13001447	27	GA
1	13001495	48	CT
1	13001833	272	GA
1	13003566	1655	GC
1	13005077	1490	AC
1	13006307	1026	AG
1	13006625	318	AG
1	13015389	7091	CT
1	13015962	573	CA
1	13016699	322	AG
1	13016810	111	GA
1	13016994	184	TC
1	13017017	23	CG
1	13017703	363	TC
1	13018132	407	CT
1	13018739	577	GA
1	13019758	238	TC
1	13020774	1016	GA
1	13024967	2566	TC
1	13025070	103	GC
1	13025318	248	AT
1	13025455	137	GA
1	13026114	580	AG
1	13026299	185	AG
1	13026320	21	AG
1	13026327	7	GA
1	13026607	280	TC
1	13026733	94	CA
1	13027321	588	TC
1	13028023	702	CA
1	13030220	2084	TG
1	13031825	1375	GA
1	13032876	883	GA
1	13033647	433	AG
1	13033762	115	CT
1	13033851	89	GT
1	13034367	361	GC
1	13034843	404	GT
1	13034989	146	AG
1	13043182	3541	AG
1	13043213	31	TC
1	13045961	767	CT
1	13047763	1024	AG
1	13049483	589	TC
1	13050680	526	CT
1	13051277	597	TC
1	13051515	238	CA
1	13052402	248	GA
1	13063670	5844	GA
1	13069920	4145	GA
1	13070675	755	GA
1	13070684	9	CG
1	13071972	93	GC
1	13072697	701	CT
1	13073180	335	TC
1	13073807	446	TC
1	13073943	136	GA
1	13074042	99	AC
1	13074054	12	TC
1	13074126	72	AG
1	13076332	2004	GA
1	13076662	330	TA
1	13078157	1495	GA
1	13079382	633	CT
1	13079732	350	AG
1	13079760	28	AG
1	13086361	5742	CA
1	13092872	5816	AG
1	13120636	11267	CT
1	13141671	4039	CT
1	13142675	1004	AG
1	13142932	257	CA
1	13144002	663	GA
1	13149053	2702	TC
1	13149676	522	GA
1	13152833	2414	TG
1	13161302	6220	AG
1	13161798	496	TA
1	13162465	297	TC
1	13163019	554	GA
1	13163578	298	TC
1	13163934	356	CG
1	13166433	272	AG
1	13167288	421	CT
1	13168542	105	TC
1	13169426	417	AG
1	13169921	430	CG
1	13170226	305	GA
1	13170578	352	TC
1	13170629	51	CT
1	13173938	2662	GT
1	13173977	39	AT
1	13174258	201	CG
1	13175139	881	AG
1	13175383	244	GT
1	13175675	292	GA
1	13176056	381	AG
1	13176656	521	TC
1	13177061	405	AG
1	13177269	208	AG
1	13178081	812	GC
1	13178120	39	CT
1	13178223	103	AG
1	13178834	362	CT
1	13180827	784	AG
1	13180877	50	TG
1	13180897	20	CT
1	13181021	124	CT
1	13181291	20	GT
1	13181749	458	CA
1	13181832	83	CT
1	13181900	68	CT
1	13182124	224	AC
1	13182294	170	GT
1	13182328	34	AG
1	13182378	50	AG
1	13182526	148	CA
1	13182913	387	TC
1	13184099	483	GA
1	13184104	5	AC
1	13184202	98	AG
1	13185043	757	TG
1	13187351	1194	CT
1	13187528	149	TG
1	13187577	49	TC
1	13187699	122	GA
1	13187826	127	GA
1	13189620	1156	AG
1	13192730	2102	AC
1	13192883	153	TC
1	13193265	382	CT
1	13194405	1140	GA
1	13195005	600	TA
1	13196574	1569	TC
1	13196895	321	CT
1	13197010	115	GA
1	13197230	220	CG
1	13197391	161	GA
1	13197416	25	TC
1	13197664	248	TC
1	13197784	120	GA
1	13198379	595	CT
1	13198689	310	CT
1	13198887	198	GA
1	13200005	999	GA
1	13200745	740	AG
1	13200859	114	TC
1	13201184	325	AG
1	13201240	56	AG
1	13201435	195	CG
1	13201503	38	TG
1	13201537	34	CA
1	13201626	89	GA
1	13204933	3121	GT
1	13205017	84	AG
1	13205212	97	AG
1	13205651	439	AG
1	13206872	1221	GA
1	13206953	81	CT
1	13208069	555	GA
1	13208280	211	TC
1	13208384	104	TC
1	13208672	255	GA
1	13208684	12	AG
1	13208731	47	TC
1	13212422	3153	AG
1	13212904	482	AC
1	13212962	58	TG
1	13213117	155	AC
1	13213126	9	GC
1	13213151	25	GC
1	13213324	173	GA
1	13213503	179	TC
1	13213516	13	GC
1	13213616	100	GA
1	13214303	174	AG
1	13218186	2286	GA
1	13218811	590	GA
1	13220553	1742	GA
1	13221122	569	CG
1	13221308	186	TC
1	13227437	5118	CT
1	13230119	2608	CT
1	13231927	1500	GA
1	13232948	1021	GT
1	13233811	863	GA
1	13234431	263	AG
1	13237034	2284	TC
1	13237035	1	GA
1	13237091	56	AT
1	13237710	619	CT
1	13237849	139	AG
1	13238821	972	AG
1	13238991	170	TC
1	13239697	401	CT
1	13240137	440	TC
1	13240182	45	CT
1	13240262	80	AG
1	13240512	72	GA
1	13241472	460	CT
1	13241477	5	TC
1	13242129	652	AG
1	13242559	430	TC
1	13243457	898	TC
1	13244147	690	GA
1	13246543	2263	GA
1	13246725	182	CA
1	13247784	1029	GT
1	13248004	220	CT
1	13248152	148	CG
1	13248505	72	GA
1	13248599	94	CT
1	13248718	65	CA
1	13248848	130	AG
1	13248937	89	GA
1	13249761	460	GT
1	13249840	79	CG
1	13249941	101	TC
1	13250176	235	GA
1	13251185	734	AG
1	13251281	96	AG
1	13251313	32	CT
1	13252376	616	AG
1	13252553	177	GT
1	13252627	74	AG
1	13253542	830	TC
1	13253846	304	TC
1	13253860	14	CT
1	13254156	296	CT
1	13254294	138	AG
1	13255310	936	CT
1	13255602	292	TC
1	13257840	2068	CT
1	13259350	1262	GA
1	13260067	717	AC
1	13260068	1	CT
1	13260352	284	AT
1	13261131	669	AG
1	13261186	55	CT
1	13262042	660	GA
1	13262166	124	AG
1	13262903	737	CA
1	13265541	2429	GA
1	13272664	6734	GA
1	13273965	456	AG
1	13274044	79	TC
1	13274408	364	GA
1	13274521	113	CG
1	13275383	736	GC
1	13275413	30	TC
1	13276243	786	TC
1	13276649	406	CA
1	13276808	159	CA
1	13276990	138	GC
1	13277680	690	CA
1	13277747	67	CG
1	13279335	691	TC
1	13281295	801	TC
1	13281953	305	TG
1	13283794	1718	GA
1	13283798	4	GA
1	13283904	106	TC
1	13283912	8	GT
1	13285931	1977	CA
1	13288733	2349	TC
1	13288759	26	GA
1	13290104	1164	TC
1	13291502	1398	CT
1	13291759	257	CT
1	13292885	1035	AC
1	13293873	915	CT
1	13294008	135	CT
1	13301495	6480	CT
1	13309800	7162	AG
1	13314058	3583	GA
1	13323341	5597	TC
1	13329463	4467	GA
1	13329749	286	AG
1	13330312	563	AC
1	13330349	37	AG
1	13330356	7	AG
1	13330421	65	AG
1	13332769	2178	TG
1	13332939	170	GA
1	13347145	8820	GA
1	13349472	2276	CT
1	13353921	4182	AG
1	13356339	2233	CT
1	13358903	2448	CT
1	13367175	6751	GT
1	13369488	2313	AG
1	13371322	1661	AC
1	13371941	619	AT
1	13372644	703	CT
1	13374020	1107	CG
1	13379461	5277	TG
1	13381436	1975	GA
1	13381620	184	GA
1	13383382	1762	CG
1	13384980	1562	GC
1	13388045	2921	GA
1	13391432	3267	CT
1	13392138	706	CT
1	13392982	685	GA
1	13393384	402	CA
1	13394596	1212	CA
1	13395014	393	CT
1	13396936	1775	CG
1	13396952	16	TC
1	13402724	4808	CA
1	13404156	1184	CT
1	13404501	345	GA
1	13405673	1092	CT
1	13410025	4078	GC
1	13411183	1087	GC
1	13411558	375	CG
1	13412722	1010	GC
1	13414372	1432	GA
1	13414489	117	GA
1	13415991	1005	GA
1	13416425	410	GA
1	13416463	38	CT
1	13416510	47	GA
1	13416683	120	CG
1	13416887	204	CT
1	13416937	50	GA
1	13417167	230	GA
1	13417286	119	TC
1	13417308	22	AG
1	13417314	6	AG
1	13418000	247	GA
1	13418084	84	GA
1	13418139	55	GA
1	13418529	390	AG
1	13418808	141	TC
1	13418861	53	CT
1	13419217	356	GA
1	13419371	154	TC
1	13420012	247	GA
1	13420048	36	GA
1	13420071	23	AC
1	13420108	37	GT
1	13420235	127	CT
1	13420241	6	GA
1	13421276	925	TG
1	13421436	160	CT
1	13421452	16	CG
1	13421498	46	AG
1	13421579	81	CT
1	13421963	72	TC
1	13424022	1145	GA
1	13424129	107	AG
1	13426156	165	GA
1	13426234	78	AT
1	13434730	1589	AG
1	13435063	39	TC
1	13435343	26	TC
1	13435547	204	TC
1	13435575	28	TC
1	13436027	268	CT
1	13436161	134	TC
1	13436222	61	GA
1	13436321	99	AG
1	13436419	98	AG
1	13437056	637	CT
1	13437905	304	CT
1	13438303	398	CG
1	13438700	202	GA
1	13439070	224	CA
1	13439153	83	AG
1	13439459	72	GC
1	13439561	102	GA
1	13439726	165	GA
1	13440155	429	GA
1	13440209	54	GA
1	13441232	1023	CT
1	13441258	26	AG
1	13441261	3	CT
1	13441326	65	AG
1	13441393	67	TG
1	13443825	1979	GT
1	13444820	684	GA
1	13444885	65	AG
1	13444958	73	CT
1	13447492	2191	CT
1	13448569	894	GC
1	13449901	1004	GA
1	13450014	113	CT
1	13451382	313	CT
1	13451406	24	GC
1	13451919	494	AG
1	13452312	393	TC
1	13452474	162	GA
1	13453046	445	CT
1	13455023	1471	GC
1	13455491	468	TG
1	13458216	2592	GA
1	13458343	127	AC
1	13458799	456	CT
1	13459055	43	AG
1	13459364	309	CT
1	13459842	478	GC
1	13459906	64	GC
1	13460390	381	TA
1	13460491	101	CT
1	13463676	1548	AT
1	13473206	4264	CT
1	13473265	59	GA
1	13473425	160	GT
1	13474927	837	AC
1	13475219	292	CG
1	13476360	863	GC
1	13477724	1138	GA
1	13478614	706	CA
1	13480521	1738	TC
1	13483072	2123	CT
1	13483686	614	GC
1	13483810	124	GA
1	13484349	350	CT
1	13502938	17108	TG
1	13505812	2828	AG
1	13518051	10789	AG
1	13519159	1108	GA
1	13519244	85	CT
1	13520579	1335	CT
1	13521674	1064	CA
1	13522996	1237	AG
1	13524336	1253	CG
1	13524837	207	CT
1	13525319	482	AG
1	13525729	383	TC
1	13529112	1272	CA
1	13529126	14	GA
1	13529294	168	GA
1	13529430	136	GA
1	13529871	441	TC
1	13529892	21	TC
1	13531110	1218	TC
1	13532487	1219	GA
1	13532943	456	GA
1	13535578	2556	GA
1	13535825	247	TC
1	13537386	1515	TC
1	13538000	573	AG
1	13538392	392	CG
1	13539055	663	CT
1	13541073	720	TC
1	13541203	130	GA
1	13541723	445	TC
1	13542729	1006	CG
1	13542763	34	TC
1	13544380	1617	CA
1	13546732	2161	TC
1	13548470	878	GC
1	13548472	2	GA
1	13548539	67	AG
1	13548634	95	TC
1	13548788	154	AG
1	13548797	9	AG
1	13548953	156	TC
1	13548980	27	GA
1	13549615	590	AG
1	13549813	198	CT
1	13549863	50	TC
1	13550976	890	AG
1	13556388	3241	GA
1	13558083	1519	CT
1	13562033	3757	CG
1	13566154	2470	AG
1	13567035	713	GA
1	13567089	54	GT
1	13567418	329	AG
1	13568706	1288	AG
1	13568921	215	CT
1	13569879	893	TA
1	13572832	1282	AG
1	13572841	9	TC
1	13572948	107	GA
1	13573117	169	CT
1	13573269	152	AG
1	13573350	81	AC
1	13573471	121	AG
1	13575141	877	CT
1	13575165	24	GT
1	13575298	133	TC
1	13575559	261	CG
1	13575661	102	AG
1	13577400	756	CT
1	13577759	160	CT
1	13579216	587	TC
1	13621591	29869	AG
1	13626183	4345	GA
1	13627495	868	CG
1	13628330	835	AG
1	13628387	57	GC
1	13629419	1032	GA
1	13629663	244	CA
1	13629966	199	CT
1	13630305	339	CT
1	13630386	81	GA
1	13630694	89	CT
1	13630748	54	TC
1	13630996	248	GC
1	13631001	5	TG
1	13631701	700	AG
1	13631714	13	CA
1	13632065	351	GC
1	13632139	74	AG
1	13632531	392	AG
1	13632545	14	TC
1	13633048	503	GA
1	13633306	225	GA
1	13633307	1	CT
1	13633322	15	AG
1	13633396	74	GT
1	13633527	49	CT
1	13633906	379	AG
1	13635261	1067	CT
1	13635391	106	TC
1	13635493	102	AG
1	13636297	804	AG
1	13636693	257	AC
1	13636732	39	GT
1	13636795	63	TC
1	13637313	430	CG
1	13637387	74	CG
1	13637697	310	TC
1	13638205	320	AG
1	13638219	14	AG
1	13638652	433	TC
1	13638726	74	CA
1	13639058	255	GA
1	13639790	732	AG
1	13640131	319	AT
1	13640824	419	TC
1	13642505	1349	GA
1	13642774	269	GA
1	13642883	20	GA
1	13643765	618	TC
1	13643800	35	AG
1	13644521	455	AG
1	13644947	373	AG
1	13645486	539	AG
1	13645514	28	AG
1	13645515	1	CG
1	13645535	20	AG
1	13647645	1963	CA
1	13650173	2410	AG
1	13650819	646	TC
1	13651712	893	TC
1	13651718	6	TC
1	13652077	359	AG
1	13652669	504	TC
1	13652671	2	CG
1	13654575	1904	CG
1	13655151	576	AC
1	13655924	742	GC
1	13657720	1796	GC
1	13657724	4	CT
1	13657834	110	TC
1	13657842	8	TC
1	13658411	569	TC
1	13658481	70	AC
1	13659630	862	GA
1	13671074	7779	GA
1	13673576	1109	AG
1	13673778	202	GA
1	13673826	48	CT
1	13674157	331	CT
1	13674188	31	AG
1	13674927	181	AC
1	13675468	510	TC
1	13675627	159	TG
1	13675975	348	GA
1	13677822	1414	AG
1	13677896	74	TA
1	13680184	2259	CT
1	13680830	433	CT
1	13683471	2560	CA
1	13685098	1012	GT
1	13685439	341	AC
1	13688228	1664	GA
1	13688255	27	CT
1	13688271	16	GT
1	13688815	544	AG
1	13750331	41875	CT
1	13750800	426	GA
1	13751848	1048	GA
1	13754097	1762	TC
1	13765322	6972	TC
1	13765845	523	GA
1	13767865	1455	GA
1	13768134	160	CT
1	13768140	6	CT
1	13768463	323	TA
1	13768464	1	CT
1	13768564	100	CT
1	13768621	57	CA
1	13769434	674	GA
1	13770590	399	CT
1	13770744	154	GA
1	13771329	340	TC
1	13771886	557	AG
1	13772132	246	TC
1	13772783	492	TC
1	13773194	411	CA
1	13773223	29	AC
1	13773243	20	CT
1	13776329	2529	GA
1	13776382	53	CT
1	13777692	1234	CG
1	13778481	789	TC
1	13778962	214	AG
1	13778989	27	GC
1	13781044	1443	TC
1	13781727	425	TC
1	13782521	794	GA
1	13782685	164	CT
1	13782814	129	CT
1	13783738	924	GA
1	13783993	255	CT
1	13784222	229	CG
1	13784329	107	CT
1	13784331	2	GT
1	13784369	38	AG
1	13785311	942	CT
1	13785361	50	CA
1	13785463	102	TG
1	13786884	1274	CT
1	13789759	2856	GA
1	13789994	235	TC
1	13790251	209	TC
1	13790568	213	TC
1	13790613	45	AG
1	13790798	185	AG
1	13790832	34	AG
1	13791599	591	CT
1	13791812	213	CG
1	13792031	219	GA
1	13792686	553	GA
1	13794119	350	CT
1	13794143	24	CG
1	13794346	203	CT
1	13794638	264	CT
1	13797076	2273	GT
1	13797547	471	AG
1	13800148	2038	GA
1	13802044	1771	TC
1	13802492	448	GC
1	13805687	3127	CG
1	13807716	1830	TA
1	13808001	285	CG
1	13808085	84	CG
1	13808206	121	GA
1	13808281	75	GA
1	13808572	291	GA
1	13811404	2075	TG
1	13811610	119	CT
1	13811820	210	CG
1	13812908	789	CT
1	13813346	438	CT
1	13813646	300	CA
1	13817776	3280	GC
1	13819137	1361	TG
1	13819206	69	CT
1	13819372	166	AG
1	13820008	636	CT
1	13820258	250	GA
1	13820424	166	CT
1	13820490	66	TG
1	13821369	879	CT
1	13822433	1064	AG
1	13822456	23	CT
1	13822621	165	CT
1	13823680	926	TC
1	13825019	1288	AT
1	13827551	2501	AG
1	13828173	622	GA
1	13829022	849	GC
1	13829096	74	TC
1	13829315	219	GA
1	13829499	184	CT
1	13829563	64	CA
1	13829893	330	CT
1	13834222	4263	TC
1	13836309	1928	CT
1	13839301	1429	AG
1	13839303	2	TC
1	13840100	797	AG
1	13840221	121	CG
1	13840345	124	AG
1	13842182	1837	AG
1	13847409	3098	CA
1	13847748	339	AG
1	13849606	1490	CA
1	13872293	19622	AG
1	13872821	528	AG
1	13883225	4289	CT
1	13884090	509	AG
1	13884608	518	CT
1	13884701	93	TC
1	13884804	103	AC
1	13885833	887	GA
1	13917475	14886	CT
1	13923181	1539	AG
1	13929893	3515	AT
1	13978022	36667	TG
1	13982030	3095	AG
1	13986286	2853	AC
1	13992769	4980	AC
1	13995476	2018	TC
1	13996607	767	GA
1	14009753	4903	TG
1	14010515	762	AG
1	14011677	764	TA
1	14011691	14	CG
1	14011719	28	GT
1	14012418	699	TC
1	14014558	1969	GA
1	14015387	829	GC
1	14016705	903	CG
1	14017624	823	GA
1	14017952	203	CT
1	14019842	1817	CT
1	14020064	222	GA
1	14022370	2270	GA
1	14023310	905	AG
1	14023610	300	AG
1	14024073	463	GT
1	14025695	1622	TC
1	14028289	2511	CT
1	14029130	841	GA
1	14030409	1279	AG
1	14031923	1422	CT
1	14033244	783	GA
1	14033345	101	GC
1	14033450	105	AC
1	14033556	106	TC
1	14037668	3874	GA
1	14037675	7	CT
1	14038977	1302	CT
1	14039829	852	GA
1	14044269	2639	GA
1	14047090	2479	AC
1	14047327	237	AG
1	14048370	700	AC
1	14049093	723	GA
1	14050862	1468	TC
1	14050919	57	AG
1	14050996	77	AG
1	14051793	769	AG
1	14052913	760	AG
1	14056538	1892	CA
1	14058897	2359	CT
1	14063404	3309	TC
1	14067921	2459	CT
1	14070127	1375	TC
1	14072492	2237	TC
1	14073799	1307	CT
1	14073835	36	GA
1	14074202	367	GC
1	14074471	269	GA
1	14074771	300	TC
1	14074887	80	CT
1	14075698	811	CT
1	14076075	333	AG
1	14076165	90	GA
1	14076288	123	TC
1	14076590	302	AG
1	14085582	8426	AG
1	14088916	2989	AC
1	14091799	2554	CT
1	14091958	89	TC
1	14103893	9956	GT
1	14104311	379	GA
1	14105672	1288	CT
1	14106231	559	AG
1	14106554	323	AC
1	14108074	1490	GC
1	14109328	1149	TG
1	14110286	642	CT
1	14110367	81	GA
1	14110480	113	AG
1	14110561	81	CT
1	14111883	1322	CT
1	14111916	33	TC
1	14112134	218	CT
1	14112158	24	CG
1	14112361	203	AG
1	14117039	4197	CT
1	14124050	5089	CT
1	14124794	744	CT
1	14126261	825	TC
1	14129028	2743	CT
1	14129595	567	GT
1	14131613	1738	GA
1	14132512	899	GT
1	14132742	230	TC
1	14133984	1224	CG
1	14134355	371	CT
1	14134436	81	AG
1	14135274	838	GA
1	14135359	85	GA
1	14136696	1337	GA
1	14138838	2043	CT
1	14139831	931	GA
1	14142146	2315	CT
1	14142845	699	TC
1	14143985	1071	CT
1	14145372	1387	GA
1	14146611	1028	CT
1	14148475	1844	CA
1	14149078	603	CT
1	14150812	1503	GA
1	14161500	7508	CG
1	14164272	2499	TG
1	14164318	46	TC
1	14166684	1715	TG
1	14167226	511	TC
1	14167583	213	GA
1	14167686	103	CT
1	14168880	1156	AG
1	14169281	401	TC
1	14169287	6	CA
1	14170662	1226	GA
1	14171446	638	TC
1	14171501	55	TC
1	14171638	137	AT
1	14172099	461	CT
1	14173737	1127	GA
1	14174139	402	GC
1	14174159	20	AG
1	14174720	219	AG
1	14176569	1404	CT
1	14176875	306	CT
1	14177114	239	GC
1	14177138	24	TC
1	14177331	193	CT
1	14182064	2175	CG
1	14183287	580	GA
1	14183579	292	TC
1	14185344	1765	TC
1	14186890	1546	GA
1	14193176	3333	AG
1	14193286	110	CT
1	14197364	3563	CT
1	14203445	5697	CT
1	14207537	2540	CT
1	14208312	775	CT
1	14209717	1279	GT
1	14210570	763	GA
1	14214547	3775	GA
1	14214900	353	TC
1	14216728	1685	CA
1	14222954	4722	CA
1	14223653	268	GA
1	14224914	627	AT
1	14228184	2301	CG
1	14228694	479	GA
1	14231690	2535	AC
1	14232411	721	CT
1	14232626	215	GA
1	14233586	960	GA
1	14238677	3240	AT
1	14243206	4208	CT
1	14245742	2428	AC
1	14246755	823	CT
1	14247774	898	GC
1	14249081	1307	AG
1	14251717	2264	GA
1	14254032	532	CT
1	14255011	979	CA
1	14255834	823	TC
1	14286263	14861	AC
1	14289735	2719	GA
1	14289796	61	TC
1	14290784	988	TC
1	14291904	1049	AG
1	14298441	5766	CT
1	14300400	1767	AC
1	14300469	69	CT
1	14300560	91	AG
1	14301190	258	TC
1	14301653	104	AG
1	14301665	12	AT
1	14302136	471	AC
1	14302195	59	TG
1	14302599	404	GA
1	14303273	399	GA
1	14303710	437	AG
1	14303882	172	TC
1	14304343	408	AG
1	14304401	58	AG
1	14304879	478	AG
1	14305668	743	AC
1	14311204	486	AG
1	14311541	169	AG
1	14311580	39	TG
1	14312689	1012	AG
1	14312864	175	CT
1	14313132	268	GT
1	14321788	2269	CT
1	14324551	1367	CT
1	14325197	646	GT
1	14325770	573	CT
1	14326826	736	CT
1	14326864	38	CA
1	14329363	2047	GA
1	14329423	60	AC
1	14329428	5	AC
1	14329643	215	AG
1	14329678	35	TC
1	14329724	46	AC
1	14330098	374	GA
1	14330277	179	CT
1	14330285	8	CT
1	14331424	660	AC
1	14331566	142	GC
1	14331606	40	TC
1	14331707	101	TC
1	14331750	43	GC
1	14331950	200	TC
1	14332343	287	AG
1	14332604	261	GC
1	14332787	183	AG
1	14332804	17	CT
1	14332892	88	TG
1	14333343	451	GA
1	14333604	261	TG
1	14333702	98	GA
1	14334508	474	GA
1	14335023	515	GT
1	14337111	2071	CA
1	14339810	2645	CG
1	14341145	1335	CT
1	14341886	677	GT
1	14342706	696	AG
1	14344157	1179	CT
1	14346130	1029	CT
1	14346961	831	CT
1	14347184	223	GA
1	14348706	1251	CT
1	14351658	1805	TG
1	14351839	181	AG
1	14357385	5339	CT
1	14361608	3731	GA
1	14364170	1876	GA
1	14370740	5103	CT
1	14370825	85	GA
1	14371506	681	TC
1	14371513	7	TC
1	14371565	52	TC
1	14371604	39	TC
1	14371682	78	GT
1	14372604	383	TG
1	14373038	140	AC
1	14373555	517	CT
1	14373612	57	CT
1	14375404	1422	GA
1	14379559	3599	GA
1	14379931	297	CT
1	14380953	879	GC
1	14381320	367	GT
1	14385148	2663	CT
1	14387346	2125	CT
1	14389277	1585	CT
1	14389768	156	GC
1	14390350	582	TC
1	14394954	3803	GA
1	14394960	6	CA
1	14399585	4511	CG
1	14400818	1233	GA
1	14405251	3218	AC
1	14406932	1618	CG
1	14408416	1484	CT
1	14409350	934	GA
1	14409889	539	GT
1	14411864	1928	GA
1	14414042	1602	CT
1	14423509	3593	GA
1	14425288	1779	TC
1	14425376	88	CG
1	14428486	2758	CT
1	14432985	4130	CT
1	14434813	1529	AG
1	14440918	5668	GA
1	14445643	4201	CA
1	14446551	846	TG
1	14449002	1984	AG
1	14455742	6086	CA
1	14457813	2032	CT
1	14459123	1238	CG
1	14461329	2206	TA
1	14461422	93	CT
1	14461525	103	TC
1	14461611	86	GC
1	14473102	9836	TC
1	14473180	78	GC
1	14482197	5449	GA
1	14485378	3181	AT
1	14487314	1610	TC
1	14492623	5274	AC
1	14494907	2219	AG
1	14504185	3840	TC
1	14510933	5273	CG
1	14512651	899	GA
1	14514821	2170	TG
1	14524327	8604	AC
1	14527166	2512	CG
1	14555557	18962	GA
1	14556960	1041	CA
1	14557780	820	TA
1	14558927	543	TC
1	14559964	380	GT
1	14561294	702	CT
1	14563224	700	CT
1	14563241	17	GA
1	14563343	102	CG
1	14563660	317	AG
1	14565795	558	AG
1	14566630	444	TC
1	14567233	231	GA
1	14567351	118	GA
1	14572656	2746	CT
1	14572747	91	GA
1	14572850	103	AG
1	14572897	47	GA
1	14573520	599	GA
1	14573540	20	TC
1	14574493	861	GA
1	14575393	287	TA
1	14575817	424	AG
1	14575930	113	AT
1	14576082	152	GA
1	14577082	621	TC
1	14579475	1374	CG
1	14579716	53	TG
1	14580649	157	CT
1	14580748	99	AG
1	14581148	400	GC
1	14582205	1057	TC
1	14582216	11	AT
1	14582250	34	TC
1	14582906	566	GA
1	14583169	263	CT
1	14583196	27	GT
1	14584122	926	TA
1	14584532	372	AC
1	14587234	2702	GT
1	14587719	439	GA
1	14587958	239	CT
1	14588516	558	TC
1	14588659	143	CT
1	14588744	85	GA
1	14588899	155	TA
1	14589084	185	CA
1	14589248	164	CT
1	14589592	344	GT
1	14589616	24	GT
1	14591001	1154	TG
1	14598400	5079	AT
1	14599711	934	CT
1	14603504	3351	CA
1	14604458	954	GT
1	14605157	631	CT
1	14607461	2304	GA
1	14612541	4793	CT
1	14614234	1644	GA
1	14615461	1227	CA
1	14618438	2781	GA
1	14623893	5202	TC
1	14624665	688	GA
1	14635595	9253	GT
1	14639238	3255	CG
1	14639624	386	CT
1	14640631	1007	GA
1	14641184	499	TC
1	14641699	485	GA
1	14643073	1374	GA
1	14643865	792	TC
1	14644035	170	GT
1	14646648	2443	CG
1	14646900	252	CT
1	14647806	906	CA
1	14649232	1121	GA
1	14649340	108	AG
1	14649438	98	GA
1	14649968	530	GT
1	14650826	819	GA
1	14653964	2430	AT
1	14655475	896	GA
1	14655498	23	GA
1	14655550	52	AG
1	14655558	8	TC
1	14656068	510	TG
1	14656129	61	CT
1	14656562	312	GC
1	14656568	6	CT
1	14656607	39	TG
1	14656720	113	CT
1	14658060	1340	GC
1	14658442	382	CG
1	14658486	44	CT
1	14658662	176	GA
1	14659150	488	GA
1	14659443	293	AG
1	14660236	793	CT
1	14660653	417	GA
1	14661437	655	GA
1	14661608	121	GT
1	14661617	9	CG
1	14666814	2229	AG
1	14668351	1200	CT
1	14669268	917	TG
1	14669525	257	AC
1	14669560	35	TC
1	14669696	136	TA
1	14669849	153	AC
1	14670579	679	GA
1	14670608	29	GA
1	14670619	11	CT
1	14673333	218	GA
1	14673557	224	GC
1	14674097	540	GA
1	14674460	363	TG
1	14674490	30	TC
1	14676087	1199	CT
1	14676239	152	GT
1	14678164	1578	TA
1	14678394	230	GA
1	14678963	403	AG
1	14681068	1279	TC
1	14682091	948	AG
1	14682915	521	TC
1	14686705	1607	TG
1	14686777	72	TC
1	14686782	5	CT
1	14686881	99	TC
1	14688111	495	AG
1	14688243	132	GA
1	14688791	311	GC
1	14690169	1378	GA
1	14690177	8	CT
1	14690223	46	AG
1	14690298	75	CT
1	14694398	3263	TC
1	14694830	432	CT
1	14695375	253	CG
1	14708341	7426	CT
1	14712229	2797	TC
1	14712321	92	TC
1	14712413	92	TC
1	14712829	345	GA
1	14712910	81	CG
1	14713417	507	GA
1	14713995	501	CT
1	14714496	501	CT
1	14714682	186	CT
1	14718681	3416	GA
1	14719289	608	GC
1	14720591	907	CT
1	14722415	1278	AG
1	14725091	1970	GA
1	14726371	1147	CT
1	14727579	1110	GA
1	14728260	627	CT
1	14728475	215	CT
1	14728847	372	CT
1	14732174	2976	CG
1	14732229	55	CT
1	14732269	40	GA
1	14734037	1206	AG
1	14734047	10	AG
1	14734378	331	AG
1	14734860	74	AG
1	14735000	140	TC
1	14735552	291	AG
1	14735826	274	GA
1	14736189	363	AG
1	14736432	243	AT
1	14736445	13	AT
1	14736596	151	CG
1	14736634	38	TG
1	14736637	3	GC
1	14736871	234	TC
1	14737409	538	AG
1	14738481	1034	GA
1	14739630	717	AG
1	14739661	31	TC
1	14740710	647	TC
1	14740922	212	GA
1	14742295	1294	GA
1	14742951	330	GA
1	14743227	276	CT
1	14744422	854	CT
1	14745298	847	GA
1	14745915	536	GA
1	14746060	145	CT
1	14746532	472	AT
1	14747168	591	GA
1	14748523	1355	TC
1	14748615	92	AG
1	14748936	321	TG
1	14749126	190	AG
1	14750067	401	TC
1	14751451	828	GA
1	14751474	23	GA
1	14751693	219	AG
1	14751782	89	TC
1	14752950	962	CA
1	14754618	716	AG
1	14754807	189	GA
1	14755621	767	CT
1	14756856	821	CT
1	14757164	308	AG
1	14759047	1796	CT
1	14761288	1790	GA
1	14761310	22	GC
1	14761327	17	AC
1	14761395	68	GA
1	14761436	41	CT
1	14762533	563	AG
1	14762964	310	GA
1	14763758	794	GA
1	14764062	304	CT
1	14765261	462	GC
1	14765262	1	GC
1	14765604	342	AG
1	14765996	392	AG
1	14766004	8	AT
1	14766168	164	GA
1	14766285	117	GA
1	14766293	8	AC
1	14767558	1265	CG
1	14772286	3305	CT
1	14774343	2026	TC
1	14774888	545	GC
1	14775355	268	GA
1	14775377	22	AG
1	14775403	26	TC
1	14775424	21	AG
1	14776393	932	GA
1	14778349	839	GA
1	14778687	338	AC
1	14778863	176	AG
1	14778962	99	CG
1	14779368	341	GA
1	14779813	398	GA
1	14781604	1157	GA
1	14782963	446	GA
1	14784689	1572	GA
1	14784754	65	GT
1	14784870	116	CT
1	14784937	67	AG
1	14784942	5	TC
1	14785185	243	TG
1	14785226	41	CT
1	14785411	185	GA
1	14785836	297	TC
1	14785975	28	CT
1	14787236	1226	GA
1	14787306	70	AT
1	14787614	308	GA
1	14788181	125	CT
1	14788336	155	TC
1	14788903	398	GA
1	14788921	18	TC
1	14789623	702	CT
1	14789639	16	GA
1	14790936	1297	CT
1	14793319	2306	AG
1	14793443	124	GA
1	14793779	336	AG
1	14794683	904	GC
1	14795635	548	CT
1	14796409	652	GA
1	14797333	924	AG
1	14797697	329	CT
1	14799727	1520	GA
1	14799935	208	CT
1	14800130	195	CT
1	14800505	375	GA
1	14801650	1145	TC
1	14802782	1132	GA
1	14804851	1633	AG
1	14810233	4995	CT
1	14810370	137	GC
1	14810943	573	GC
1	14810991	48	AG
1	14811385	247	CG
1	14811835	450	CT
1	14811974	139	CT
1	14817844	1798	CG
1	14817864	20	CT
1	14818019	155	CT
1	14818393	374	AG
1	14820275	742	GA
1	14820331	56	GA
1	14821188	787	TC
1	14821882	343	AG
1	14822351	229	TC
1	14822967	616	AG
1	14825319	1207	AG
1	14825327	8	GA
1	14825578	251	AT
1	14825966	388	CT
1	14825967	1	TC
1	14827192	724	GA
1	14827851	446	TC
1	14827862	11	CT
1	14828138	276	CT
1	14828178	40	CT
1	14828608	430	CT
1	14829329	384	TC
1	14829337	8	AG
1	14830128	766	GT
1	14830133	5	AG
1	14830437	304	GA
1	14830462	25	GA
1	14830543	81	GA
1	14830553	10	TC
1	14831072	519	AG
1	14831097	25	TC
1	14833731	1827	TC
1	14833860	129	GA
1	14833867	7	CT
1	14833870	3	CT
1	14834087	217	CG
1	14834101	14	CT
1	14834102	1	AG
1	14834157	55	CT
1	14834296	139	CT
1	14834366	70	GA
1	14834900	468	GA
1	14834942	42	CG
1	14835112	170	CG
1	14835765	653	CT
1	14836858	778	GA
1	14837275	14	CT
1	14837575	300	GA
1	14837832	233	CT
1	14837910	78	AC
1	14838472	562	CT
1	14838940	203	CG
1	14839027	87	GC
1	14839068	41	AT
1	14839123	55	AG
1	14839134	11	CT
1	14839144	10	GA
1	14839677	510	CA
1	14839799	122	CT
1	14839936	137	TG
1	14840071	135	CA
1	14840191	120	CA
1	14840713	99	GA
1	14841689	950	CT
1	14842861	1172	GA
1	14843365	504	AT
1	14843379	14	CT
1	14843871	492	AG
1	14844248	377	TC
1	14844403	155	CA
1	14844442	39	AC
1	14844443	1	GA
1	14844624	181	AG
1	14844894	270	GC
1	14844909	15	GA
1	14844920	11	AG
1	14848958	3235	TC
1	14849695	265	TC
1	14849928	233	TC
1	14850021	93	CA
1	14850902	777	TC
1	14851378	476	TG
1	14851902	462	AC
1	14852109	207	TC
1	14854814	2341	TC
1	14854818	4	TG
1	14855308	490	GA
1	14856518	818	TC
1	14857192	674	CT
1	14857335	143	TC
1	14865752	7167	AC
1	14872327	6420	CT
1	14872406	79	CT
1	14872910	312	GT
1	14872915	5	AC
1	14873703	764	GT
1	14873890	187	GA
1	14873920	30	CT
1	14874023	103	GA
1	14874287	264	TC
1	14876929	1461	AG
1	14877042	113	TC
1	14877086	44	AG
1	14877118	32	AG
1	14877150	32	TA
1	14877781	156	CT
1	14878910	1129	TA
1	14878971	61	AG
1	14880017	1024	CT
1	14880180	163	TA
1	14883689	2996	CA
1	14885227	1538	AG
1	14887174	1568	CT
1	14887815	641	GA
1	14887824	9	GA
1	14887945	121	TC
1	14888102	157	AG
1	14888165	63	CT
1	14888270	105	GC
1	14888501	231	TG
1	14890143	957	AG
1	14893403	1812	CG
1	14894646	584	GC
1	14896318	706	CA
1	14901731	2016	CT
1	14903887	1215	AG
1	14904140	253	CT
1	14905664	1242	AG
1	14906006	342	GA
1	14906384	378	AG
1	14907608	800	AG
1	14908302	694	TC
1	14910634	393	CG
1	14912681	1917	CT
1	14912863	182	TA
1	14912866	3	GA
1	14912876	10	TA
1	14913264	388	GA
1	14913313	49	AG
1	14913340	27	CT
1	14913462	122	TC
1	14914136	450	GA
1	14914469	333	TC
1	14914579	110	GA
1	14914945	366	TC
1	14915269	324	TC
1	14915312	43	TC
1	14915903	363	CT
1	14916155	252	TG
1	14916351	196	CT
1	14916412	61	GA
1	14916528	116	CT
1	14917531	1003	CG
1	14917560	29	CG
1	14917678	118	CT
1	14917710	32	CT
1	14917765	55	TC
1	14917783	18	TG
1	14918017	198	GA
1	14918145	128	TC
1	14918441	296	AC
1	14920319	1560	GA
1	14920495	176	AG
1	14921966	994	GA
1	14935006	8936	CT
1	14935065	59	CT
1	14937901	351	GA
1	14937916	15	AT
1	14938208	292	CA
1	14938227	19	GA
1	14938232	5	GT
1	14938311	79	GC
1	14938411	100	GA
1	14938429	18	GA
1	14938437	8	CT
1	14938505	68	TA
1	14938720	215	CT
1	14938762	42	TC
1	14938843	81	CT
1	14938881	38	TC
1	14938989	108	TC
1	14939038	49	GA
1	14939044	6	AG
1	14940100	552	AC
1	14940965	192	GA
1	14940978	13	GA
1	14941394	336	TC
1	14941917	478	GA
1	14942849	613	CT
1	14942894	45	AG
1	14942948	54	AG
1	14942974	26	AG
1	14943153	72	CG
1	14943205	52	GC
1	14944264	1035	CT
1	14946617	1933	TA
1	14946711	94	TG
1	14947921	164	TA
1	14950145	910	CT
1	14950146	1	AG
1	14950148	2	AT
1	14952843	141	GA
1	14952857	14	GC
1	14952903	46	GA
1	14952909	6	AG
1	14953972	410	CT
1	14957373	2888	GA
1	14958871	1463	CT
1	14958883	12	GA
1	14961604	2362	AG
1	14964518	1141	AT
1	14968537	738	AG
1	14968995	458	CT
1	14971305	2179	CT
1	14971828	523	GT
1	14972240	105	TC
1	14972255	15	GA
1	14973282	1021	GA
1	14973383	101	AT
1	14973791	408	GT
1	14974434	551	CT
1	14977265	1578	TA
1	14978288	749	GA
1	14978338	50	TG
1	14978653	110	AT
1	14978745	92	AG
1	14979451	96	GA
1	14979477	26	AG
1	14981198	119	AT
1	14981544	346	AT
1	14981596	52	TC
1	14981777	181	CT
1	14981887	110	AG
1	14981958	71	GA
1	14983333	175	GA
1	14986038	395	GA
1	14986094	56	AG
1	14986304	210	TG
1	14986678	333	AC
1	14986776	98	GC
1	14986812	36	CT
1	14987022	210	TC
1	14987046	24	AG
1	14987242	177	CT
1	14987269	27	GA
1	14987711	26	TG
1	14987764	53	AG
1	14987885	121	GA
1	14988201	233	TG
1	14990277	1493	CT
1	14990375	98	AC
1	14990672	297	CT
1	14991049	310	GA
1	14991859	694	CT
1	14992308	449	TC
1	14993703	1395	AC
1	14994003	300	CG
1	14994110	107	GC
1	14994981	848	GA
1	14995115	134	TC
1	14995164	49	AG
1	14995177	13	AG
1	14995425	248	AG
1	14995606	98	AT
1	14995751	145	AG
1	14996063	312	GA
1	14996291	228	CT
1	14996439	97	GA
1	14996955	373	TC
1	14997448	493	CT
1	14997458	10	TC
1	14997630	172	GT
1	15048196	48196	GT
1	15052950	4453	TC
1	15054081	1049	GA
1	15054307	226	CT
1	15054678	371	GA
1	15055341	663	AG
1	15055531	190	GC
1	15055567	36	GC
1	15057169	1260	CT
1	15057248	79	CT
1	15057290	42	AC
1	15058303	1013	CT
1	15058362	59	CG
1	15059044	682	CT
1	15060207	988	TC
1	15060369	162	AG
1	15060870	462	CT
1	15061939	905	AG
1	15062746	774	GA
1	15068096	3872	GA
1	15069815	1533	CT
1	15070618	803	CT
1	15070619	1	GA
1	15072907	2218	AG
1	15073738	831	AG
1	15073887	149	CT
1	15075437	1506	GT
1	15077508	1781	GA
1	15077610	102	GC
1	15077632	22	TA
1	15081023	2242	CT
1	15081286	239	GA
1	15083612	2292	TC
1	15083759	147	CT
1	15083894	135	CT
1	15084158	264	AG
1	15084354	196	CT
1	15084379	25	GA
1	15084553	174	TC
1	15084574	21	CA
1	15084641	67	CT
1	15084645	4	GA
1	15084718	73	TC
1	15085145	392	CT
1	15085159	14	AG
1	15085228	69	AG
1	15085442	214	TC
1	15087023	1581	GA
1	15088022	740	AG
1	15088082	60	TC
1	15088230	148	CT
1	15088479	249	AG
1	15088813	334	CT
1	15088913	100	TC
1	15088990	77	GA
1	15089539	549	TC
1	15089760	221	TC
1	15090220	460	AC
1	15090297	77	CT
1	15090645	251	TC
1	15090652	7	TC
1	15090784	132	GA
1	15090791	7	CT
1	15090799	8	CG
1	15090940	141	GA
1	15091081	141	CT
1	15091104	23	CT
1	15091261	157	GA
1	15091342	81	CT
1	15091366	24	TC
1	15091727	96	GA
1	15092165	438	TC
1	15092957	315	TG
1	15092958	1	CA
1	15092970	12	GA
1	15092986	16	CT
1	15093121	135	GA
1	15093159	38	CT
1	15093279	120	GA
1	15093731	452	AC
1	15093936	205	TC
1	15094309	373	GA
1	15094723	346	CT
1	15094738	15	TC
1	15094750	12	GA
1	15094842	92	TC
1	15094968	126	AG
1	15095331	363	GC
1	15095420	89	AG
1	15095441	21	CT
1	15095558	117	AG
1	15095821	263	GA
1	15095925	104	CT
1	15095950	25	CG
1	15097255	138	GA
1	15097298	43	TA
1	15097311	13	TC
1	15097321	10	AC
1	15097406	85	CT
1	15097436	30	CG
1	15097438	2	AG
1	15097682	244	CT
1	15098036	354	CT
1	15098101	65	CT
1	15098110	9	TC
1	15098258	148	GC
1	15098517	259	AG
1	15098996	479	GC
1	15099027	31	AG
1	15099114	87	CG
1	15099140	26	TC
1	15099141	1	GA
1	15099163	22	GC
1	15099497	334	TC
1	15099525	28	CT
1	15099647	122	TC
1	15099669	22	AG
1	15099687	18	TC
1	15101367	339	GA
1	15102264	595	CT
1	15103786	1411	GA
1	15122120	11674	TC
1	15123974	319	CA
1	15124938	261	GA
1	15126493	281	AG
1	15126602	109	AC
1	15127312	222	GA
1	15127685	5	TG
1	15127768	83	CT
1	15128156	388	TC
1	15128294	138	CT
1	15133075	3812	AC
1	15133477	91	AG
1	15136057	1372	CG
1	15143371	4262	GC
1	15143378	7	GC
1	15150780	4784	AG
1	15151038	151	CT
1	15151422	384	AC
1	15156391	4571	CT
1	15161187	2937	CT
1	15164612	2739	AG
1	15165063	451	AT
1	15165237	127	GA
1	15167031	1561	TG
1	15167474	346	AG
1	15167810	287	CT
1	15167905	95	TC
1	15167961	56	AG
1	15168188	227	GA
1	15168378	190	TC
1	15168384	6	GA
1	15168639	189	TC
1	15168654	15	TC
1	15168756	102	TC
1	15169662	152	TC
1	15169749	87	CA
1	15169935	151	CT
1	15169984	49	GA
1	15170062	78	CT
1	15171110	1048	AG
1	15171193	83	CG
1	15171554	361	CA
1	15171808	159	CT
1	15172835	1027	TC
1	15172930	95	GA
1	15173541	611	TC
1	15173980	308	CT
1	15174515	535	CG
1	15175049	534	TC
1	15175100	51	GC
1	15175139	39	CT
1	15175491	321	GA
1	15176009	518	TG
1	15176168	159	GC
1	15176249	81	TC
1	15176487	238	TG
1	15176493	6	TC
1	15176776	283	TA
1	15176819	43	CT
1	15176942	123	CG
1	15177025	83	GA
1	15177724	699	CT
1	15177819	95	AG
1	15177857	38	GA
1	15178753	896	GT
1	15178843	90	GA
1	15179059	216	GC
1	15179299	240	TG
1	15179607	308	TG
1	15183231	2954	GC
1	15183284	53	GA
1	15184042	758	CT
1	15184937	895	TC
1	15185924	895	GA
1	15186817	893	GT
1	15187629	812	AG
1	15187703	74	TG
1	15190857	2888	GA
1	15192077	1220	CT
1	15192925	507	GA
1	15193617	692	AG
1	15193829	212	CT
1	15194300	471	CT
1	15194610	310	GA
1	15195100	490	GA
1	15195969	869	GT
1	15196156	187	TG
1	15197152	996	TC
1	15197944	792	CG
1	15198302	358	GA
1	15198402	100	AG
1	15198476	74	CT
1	15198693	217	AG
1	15199027	275	CT
1	15199634	607	GC
1	15199671	37	CT
1	15199891	220	CT
1	15200568	677	GA
1	15205728	4800	GT
1	15209221	2911	GT
1	15210086	865	AG
1	15210308	222	TC
1	15210796	488	GT
1	15211072	276	AC
1	15211670	580	GA
1	15212148	478	TC
1	15212161	13	AG
1	15212317	156	GA
1	15212894	577	CT
1	15213712	818	CG
1	15214699	964	GT
1	15214999	300	GA
1	15216498	1018	CT
1	15216660	118	CT
1	15216937	277	TC
1	15217429	40	CT
1	15217604	175	GA
1	15217632	28	TG
1	15217644	12	CT
1	15218030	386	CT
1	15220785	2755	TC
1	15221142	357	GA
1	15222153	1011	CA
1	15222249	96	AG
1	15222735	312	TC
1	15246208	14361	GA
1	15248344	2136	GC
1	15250045	1428	TC
1	15250145	100	CT
1	15250153	8	TC
1	15250689	177	CT
1	15250699	10	GA
1	15256253	4410	AG
1	15257138	609	AG
1	15258560	930	AG
1	15260900	2031	CT
1	15264986	2600	GA
1	15267947	1574	AG
1	15267955	8	CA
1	15268626	671	CT
1	15271699	1470	AG
1	15271790	91	TC
1	15272638	806	GT
1	15272828	190	AG
1	15273272	444	GT
1	15273309	37	CT
1	15274050	352	AG
1	15274141	91	TC
1	15275323	918	GA
1	15275635	145	CG
1	15275680	45	CT
1	15275898	218	CA
1	15276590	496	CT
1	15278093	1462	TC
1	15278215	122	GC
1	15278455	240	TC
1	15278876	421	TG
1	15278993	117	AG
1	15279676	287	GA
1	15279797	121	GA
1	15280078	281	TG
1	15280294	216	AG
1	15280438	144	CT
1	15280824	386	AG
1	15281667	546	TA
1	15283522	1588	TC
1	15283530	8	GA
1	15283531	1	AT
1	15284026	495	TA
1	15284710	684	AG
1	15284722	12	GA
1	15284958	236	CT
1	15286569	1574	GC
1	15286911	152	CT
1	15287284	373	AC
1	15290277	1632	CA
1	15290559	242	GA
1	15292141	1582	AG
1	15292247	106	TC
1	15293648	769	AG
1	15296604	1953	AG
1	15296995	391	AC
1	15297693	698	AC
1	15300013	1086	TC
1	15300421	309	TG
1	15300932	344	TC
1	15300955	23	CT
1	15301256	154	GC
1	15301646	189	CT
1	15301982	336	CA
1	15302160	178	AC
1	15302298	138	CA
1	15302366	68	CT
1	15302427	61	AG
1	15302607	180	AC
1	15302652	45	AT
1	15302741	89	TC
1	15303406	630	TC
1	15303456	50	CT
1	15303728	272	TC
1	15303775	47	TC
1	15303896	121	CT
1	15304301	242	AC
1	15304419	7	TC
1	15304464	45	TC
1	15305095	495	AG
1	15305742	187	AC
1	15305818	76	CG
1	15306028	210	CA
1	15306150	122	CT
1	15306683	235	AC
1	15306738	55	TC
1	15306895	157	TC
1	15307101	206	TC
1	15307321	220	AG
1	15307857	214	TC
1	15307976	119	GA
1	15308113	137	CT
1	15308390	277	CA
1	15308813	423	GA
1	15308981	168	AT
1	15308982	1	AT
1	15311695	518	GA
1	15311793	98	CT
1	15311838	45	TA
1	15313099	477	CA
1	15328446	1165	TC
1	15329619	1015	CG
1	15329748	129	CA
1	15329925	177	TC
1	15330775	850	GA
1	15332009	1234	TC
1	15332046	37	GA
1	15333140	444	AT
1	15333732	248	CA
1	15334006	274	AG
1	15334653	647	GT
1	15340290	415	CT
1	15340848	186	CA
1	15345717	3106	GT
1	15345885	168	GT
1	15345928	43	CG
1	15346164	236	AC
1	15347206	922	GA
1	15347802	316	CT
1	15347913	111	AC
1	15347992	79	CT
1	15348296	304	AG
1	15348867	571	CT
1	15356751	3016	CA
1	15357341	590	AT
1	15363718	2927	TC
1	15369557	2697	GA
1	15373799	3150	GC
1	15375117	1318	TC
1	15385446	4974	GA
1	15397981	10849	TC
1	15398774	571	TC
1	15400479	477	TC
1	15401558	897	AC
1	15402076	481	GA
1	15402111	35	AG
1	15402748	637	CA
1	15403705	340	CT
1	15404665	156	AG
1	15404846	181	AG
1	15404874	28	AG
1	15404961	87	CT
1	15404985	24	TC
1	15405030	45	CG
1	15407164	289	GA
1	15407418	254	AG
1	15407870	452	TG
1	15408703	793	GC
1	15409083	380	AT
1	15410185	368	TC
1	15410437	252	AG
1	15419554	5461	AG
1	15419648	94	CT
1	15423155	895	CG
1	15424929	1268	GA
1	15426837	1476	GA
1	15427388	420	GC
1	15427527	139	GA
1	15429208	1240	GC
1	15431900	1851	GC
1	15432086	186	TC
1	15433842	1276	GC
1	15435497	1350	AC
1	15435519	22	AG
1	15435595	76	GA
1	15436130	482	TC
1	15437211	343	TC
1	15437394	183	TC
1	15438620	1008	AG
1	15438686	66	TC
1	15439064	240	GA
1	15439155	91	TC
1	15439199	44	CT
1	15439280	81	CT
1	15439851	329	TC
1	15441538	885	CT
1	15441677	139	TC
1	15442034	357	TC
1	15442061	27	CT
1	15442986	865	CT
1	15444278	853	GT
1	15446480	1235	GA
1	15447182	449	CA
1	15447335	153	GA
1	15448819	511	GA
1	15450406	1129	GA
1	15450737	331	AC
1	15451063	326	CT
1	15451142	79	GA
1	15451263	121	CT
1	15453236	878	GA
1	15453628	349	CT
1	15454284	451	GA
1	15454362	78	GA
1	15454466	104	CT
1	15455299	334	CT
1	15455317	18	GA
1	15455500	183	CA
1	15456416	503	AG
1	15456856	440	GT
1	15459275	1771	GA
1	15459427	152	GA
1	15459844	308	GT
1	15460116	272	GA
1	15460247	131	GT
1	15461710	688	CG
1	15463613	1241	AG
1	15463672	59	CG
1	15463706	34	AG
1	15463783	77	CT
1	15464042	259	GT
1	15466440	1663	GT
1	15466530	90	AG
1	15466566	36	AG
1	15466684	118	CT
1	15466712	28	TC
1	15467710	669	CT
1	15468141	98	TC
1	15469589	578	GA
1	15469601	12	GA
1	15469602	1	GA
1	15469608	6	GC
1	15469802	34	GA
1	15470068	121	CT
1	15470105	37	CT
1	15470302	197	AG
1	15471625	896	GA
1	15471639	14	GA
1	15473118	418	GA
1	15473974	52	GC
1	15475052	1026	GA
1	15476304	1014	GA
1	15478270	1482	GA
1	15478436	166	GT
1	15478920	484	GC
1	15478922	2	TG
1	15479881	618	GA
1	15483385	1796	GA
1	15483805	420	CT
1	15484949	815	TC
1	15485895	314	CT
1	15485915	20	GA
1	15486448	225	AG
1	15488391	1349	CA
1	15489005	161	AG
1	15489453	227	GA
1	15489509	56	GC
1	15489515	6	CT
1	15489779	264	TC
1	15490662	415	GA
1	15490668	6	GA
1	15492105	786	AG
1	15492769	239	TC
1	15492807	38	GA
1	15493245	438	AG
1	15493629	384	AG
1	15493679	50	AG
1	15493839	160	TC
1	15496428	2496	CT
1	15497325	659	GT
1	15497339	14	GC
1	15497363	24	GA
1	15497540	177	AG
1	15497721	181	CA
1	15498323	602	GA
1	15499660	875	AT
1	15501143	1096	TC
1	15501338	195	AG
1	15503362	1857	GA
1	15503438	76	CT
1	15503762	233	TC
1	15504044	282	GA
1	15509904	4582	CT
1	15515644	4025	GT
1	15516747	503	CT
1	15519247	2145	GA
1	15523333	2606	AT
1	15530610	6057	TC
1	15530679	69	GA
1	15531513	834	CT
1	15532325	430	AG
1	15542009	3660	CT
1	15542759	446	CT
1	15544193	1434	GA
1	15545190	997	CT
1	15546592	842	AG
1	15546676	84	TC
1	15546809	133	GA
1	15547063	254	CA
1	15547073	10	AT
1	15547226	153	CT
1	15547290	64	AG
1	15547605	315	GA
1	15548020	415	CT
1	15548347	327	CT
1	15548441	94	TC
1	15561980	3122	CT
1	15562172	192	GA
1	15567937	2960	GA
1	15569592	249	CT
1	15569813	221	AC
1	15569836	23	AG
1	15569886	50	GA
1	15570604	239	GT
1	15570710	106	TC
1	15570848	138	TC
1	15570855	7	GC
1	15571945	794	TC
1	15572459	514	TC
1	15573339	139	CT
1	15573468	129	GA
1	15574543	1048	TC
1	15574614	71	TC
1	15574976	222	AG
1	15574981	5	CT
1	15575149	168	AG
1	15575311	162	TC
1	15575594	231	GC
1	15575839	245	TC
1	15575921	82	GA
1	15576216	274	GA
1	15576631	415	TC
1	15576672	41	TC
1	15576673	1	GA
1	15577365	473	AG
1	15577651	136	AG
1	15578386	471	CG
1	15578516	130	AG
1	15578546	30	GA
1	15578793	247	AG
1	15579602	809	CT
1	15580969	1281	GA
1	15581507	538	GT
1	15583175	1668	AG
1	15587391	3660	CG
1	15587393	2	TG
1	15587512	119	AC
1	15588022	510	AG
1	15588175	129	GT
1	15588657	457	AT
1	15590402	1036	GA
1	15591642	1240	CT
1	15591664	22	TC
1	15591722	58	CT
1	15592840	524	TC
1	15593156	316	GA
1	15597197	3390	AC
1	15597866	628	TG
1	15598400	534	CA
1	15601680	2402	GA
1	15606525	4248	AG
1	15606529	4	GC
1	15607660	1011	TC
1	15607796	136	CT
1	15607947	151	TC
1	15607966	19	TA
1	15608025	59	GA
1	15608152	127	TC
1	15608549	397	GC
1	15609009	188	GA
1	15609259	250	GA
1	15609279	20	CT
1	15609479	200	GA
1	15609520	41	TC
1	15609525	5	AG
1	15609636	111	GC
1	15609641	5	TC
1	15609717	76	GC
1	15609780	63	CT
1	15610031	65	CT
1	15610201	170	TC
1	15610880	679	TC
1	15611419	539	GA
1	15611913	494	CT
1	15611931	18	TC
1	15612032	71	CT
1	15612781	558	TC
1	15612786	5	AT
1	15613385	410	GC
1	15613552	167	GT
1	15614030	478	TC
1	15614465	435	CT
1	15614566	101	TC
1	15614567	1	GA
1	15614811	216	AG
1	15615033	222	AG
1	15615400	162	TG
1	15615437	37	TC
1	15615506	69	GA
1	15615516	10	AG
1	15615658	142	CT
1	15615676	18	CG
1	15615865	189	CT
1	15616007	142	GA
1	15616289	282	CT
1	15616393	104	GA
1	15616476	83	GA
1	15616480	4	TG
1	15617246	512	GC
1	15617290	44	AG
1	15617644	307	GT
1	15617708	64	CG
1	15617710	2	GA
1	15617716	6	CT
1	15617767	51	AG
1	15617856	89	TG
1	15617886	30	CT
1	15617928	42	TC
1	15618082	154	GA
1	15618110	28	CT
1	15618182	72	TC
1	15618201	19	GA
1	15618316	115	GT
1	15618366	50	AG
1	15618411	45	AG
1	15618939	476	CT
1	15619310	371	CT
1	15619319	9	CT
1	15619324	5	CT
1	15619983	659	AG
1	15620415	432	GA
1	15621410	889	CT
1	15621598	188	CT
1	15622397	799	AG
1	15622478	46	TC
1	15622482	4	AG
1	15623045	563	AG
1	15623302	45	GA
1	15623339	37	CT
1	15623460	121	CT
1	15623536	76	CG
1	15624502	927	AG
1	15624873	67	AG
1	15624910	37	CA
1	15624998	88	GT
1	15625013	15	GA
1	15625098	85	TC
1	15628439	3277	GT
1	15628776	179	GA
1	15628802	26	AG
1	15630059	1117	GA
1	15634725	3493	TC
1	15634734	9	TG
1	15635497	214	CT
1	15636132	539	GA
1	15636175	43	AG
1	15636177	2	GA
1	15636263	86	TG
1	15636305	42	CT
1	15636359	54	CA
1	15636410	51	TA
1	15636460	50	CT
1	15636625	165	TC
1	15636901	168	GA
1	15637181	88	GC
1	15637270	89	CT
1	15640612	2264	CT
1	15641845	242	GA
1	15643201	1014	AC
1	15643519	200	CT
1	15643863	344	AG
1	15648289	2548	CT
1	15650465	1467	AG
1	15650579	114	CG
1	15650583	4	CA
1	15650584	1	AG
1	15650705	121	CG
1	15650706	1	TG
1	15650798	92	AG
1	15650866	68	GA
1	15650933	67	GC
1	15650962	29	GA
1	15651168	206	GA
1	15651798	630	AG
1	15651818	20	TC
1	15652008	115	CT
1	15652208	200	AG
1	15652231	23	AG
1	15652264	33	CA
1	15652401	25	CT
1	15652429	28	GA
1	15653109	680	CT
1	15653233	124	AC
1	15653473	240	CA
1	15654541	1068	GA
1	15654600	59	CT
1	15655083	483	TC
1	15655150	67	CT
1	15655537	387	CT
1	15656159	622	CT
1	15656339	180	GT
1	15656374	35	GA
1	15656386	12	CT
1	15656705	319	CT
1	15656989	284	GA
1	15657405	416	AG
1	15657525	120	GA
1	15657567	42	CT
1	15657765	198	TG
1	15657863	98	AG
1	15658007	144	CA
1	15658095	88	CT
1	15658286	191	CA
1	15658425	139	GA
1	15660006	1022	GA
1	15660025	19	AG
1	15660132	107	TC
1	15660151	19	TC
1	15660362	211	GA
1	15660390	28	CG
1	15660438	48	CG
1	15660486	48	AC
1	15660521	35	TC
1	15660734	213	CT
1	15660924	190	GT
1	15661386	209	CT
1	15661398	12	CT
1	15661654	214	GA
1	15661839	185	AG
1	15662113	274	TC
1	15662137	24	GA
1	15662200	63	CT
1	15662503	224	AC
1	15662688	185	AG
1	15662751	63	TC
1	15663617	522	AC
1	15663823	206	AG
1	15663980	157	AG
1	15664001	21	GA
1	15664795	413	TC
1	15664877	82	GA
1	15665043	166	TC
1	15665132	89	GA
1	15665927	795	CT
1	15666278	351	CT
1	15670535	3817	CT
1	15672303	1581	CT
1	15672352	49	GA
1	15673811	1259	CG
1	15673872	61	CT
1	15673954	82	TG
1	15674673	719	GA
1	15675540	806	CT
1	15675945	405	AG
1	15676151	206	CT
1	15676154	3	CT
1	15676400	246	AG
1	15676410	10	CG
1	15676431	21	GA
1	15676660	229	TC
1	15677043	383	AG
1	15677468	425	CT
1	15677487	19	TC
1	15677968	481	TC
1	15678008	40	AG
1	15678167	159	TC
1	15678218	51	CT
1	15678234	16	GA
1	15678346	112	GA
1	15678398	52	GA
1	15678438	40	AG
1	15678644	206	AG
1	15678676	32	GA
1	15679242	407	CT
1	15679636	394	CT
1	15679742	106	CT
1	15679764	22	CT
1	15679792	28	CT
1	15679801	9	CG
1	15679958	157	CG
1	15680009	51	GA
1	15680428	232	CT
1	15680487	59	CA
1	15680756	269	AG
1	15680834	78	CT
1	15680862	28	TA
1	15681447	521	AG
1	15681452	5	CT
1	15684578	905	CT
1	15685241	663	CT
1	15689351	3744	CT
1	15690970	1619	GA
1	15696888	4900	CT
1	15699933	2380	CT
1	15700122	189	GA
1	15700754	632	CT
1	15701700	417	AG
1	15701712	12	AG
1	15702133	421	AT
1	15702646	210	TC
1	15704394	1624	CG
1	15705630	843	CT
1	15709214	3510	TG
1	15710100	305	AG
1	15710946	827	CA
1	15711631	451	GA
1	15712988	1025	TC
1	15714091	833	AG
1	15714100	9	GA
1	15714101	1	TC
1	15714265	164	CG
1	15714692	427	CG
1	15716485	1325	CG
1	15716940	149	GA
1	15717083	143	TG
1	15717617	534	TC
1	15718424	807	AC
1	15718530	106	CT
1	15718613	83	TC
1	15718857	244	CG
1	15719127	270	AG
1	15719158	31	GA
1	15719358	200	CT
1	15719456	98	AG
1	15719726	270	GC
1	15719898	172	TC
1	15720353	177	TG
1	15723141	1518	AG
1	15723159	18	GA
1	15723384	225	TC
1	15725375	901	AG
1	15726032	520	TC
1	15726039	7	AG
1	15726141	102	CT
1	15726230	89	GA
1	15726572	342	GC
1	15726641	69	GT
1	15726971	330	GA
1	15727015	44	CT
1	15727045	30	GT
1	15727067	22	CT
1	15727245	178	GC
1	15727411	166	AG
1	15727477	66	GA
1	15727565	88	CA
1	15727705	140	CT
1	15727761	56	CA
1	15728008	247	TC
1	15728068	60	TC
1	15728077	9	GA
1	15728116	39	TC
1	15728294	178	CT
1	15728903	592	CA
1	15729089	186	TC
1	15729157	68	CG
1	15729396	239	TC
1	15729822	408	CT
1	15731158	931	GT
1	15731433	275	TC
1	15731738	305	CT
1	15731795	57	AG
1	15732037	242	TC
1	15732185	148	GC
1	15732413	228	AG
1	15732771	358	AG
1	15732819	48	TC
1	15733195	376	GC
1	15733339	144	AG
1	15733489	150	GA
1	15733818	329	GA
1	15734406	413	TC
1	15734598	118	CA
1	15735314	422	GA
1	15737426	1448	CA
1	15737437	11	AT
1	15737452	15	AG
1	15737912	259	CT
1	15737921	9	TC
1	15738409	271	CT
1	15738896	487	TC
1	15740621	1725	AG
1	15741376	212	GA
1	15741491	115	CT
1	15741769	278	GA
1	15741841	72	AC
1	15741951	110	AG
1	15742097	146	TC
1	15743064	875	TC
1	15743300	153	CT
1	15743450	150	AC
1	15743748	298	TC
1	15748505	3845	GC
1	15749319	814	CT
1	15750536	656	CT
1	15752472	1271	CT
1	15753026	554	CT
1	15753253	227	CT
1	15753408	155	GA
1	15754449	748	AG
1	15755425	948	TC
1	15755630	205	CT
1	15755659	29	GA
1	15755676	17	GA
1	15756725	711	GA
1	15757526	801	TA
1	15758549	636	TC
1	15759588	776	AG
1	15760338	594	CT
1	15760707	369	AC
1	15760711	4	CG
1	15761211	500	CT
1	15762228	488	AT
1	15762354	126	CT
1	15762614	260	TC
1	15763548	499	GC
1	15764694	380	TC
1	15764742	48	CT
1	15764776	34	CT
1	15764870	94	CA
1	15764888	18	AG
1	15765144	256	AC
1	15765211	67	CT
1	15765292	81	GA
1	15765430	138	TG
1	15765434	4	CT
1	15765446	12	TC
1	15765457	11	TG
1	15765519	62	GA
1	15765626	107	AG
1	15765663	37	GC
1	15765677	14	GA
1	15765744	67	GA
1	15765808	64	GA
1	15766278	470	AT
1	15767479	1118	GA
1	15767690	211	CA
1	15768190	500	CT
1	15768541	351	AG
1	15768586	45	CA
1	15771486	2592	GC
1	15771756	270	CT
1	15771835	79	AG
1	15772311	97	CA
1	15772617	306	CT
1	15772633	16	CT
1	15772800	167	GC
1	15773243	443	AG
1	15773572	329	AG
1	15773726	154	GA
1	15777656	2756	AG
1	15778818	1162	GA
1	15781542	1623	GA
1	15783162	1156	CT
1	15788033	3825	GA
1	15788736	609	GA
1	15789912	858	GA
1	15789915	3	AG
1	15790362	251	CG
1	15790570	183	TC
1	15790625	55	TA
1	15791482	140	CT
1	15791575	93	AC
1	15792715	720	TC
1	15793059	133	AG
1	15793077	18	GA
1	15793133	56	CT
1	15793136	3	AG
1	15793151	15	GA
1	15793154	3	CA
1	15794253	1019	CT
1	15794572	295	GA
1	15794665	93	CT
1	15794721	56	CT
1	15794920	199	CT
1	15794970	50	AG
1	15795169	199	GA
1	15795551	382	GA
1	15795701	150	AG
1	15795758	57	AG
1	15796378	356	AG
1	15796555	177	GA
1	15796924	369	CT
1	15796950	26	GA
1	15796991	41	GA
1	15797085	94	AG
1	15797319	234	CT
1	15797572	253	TG
1	15797803	231	CT
1	15797976	173	TC
1	15799022	775	CT
1	15799110	88	GA
1	15799143	33	CG
1	15799804	558	CA
1	15802179	2356	AG
1	15804400	1786	CT
1	15804500	100	GA
1	15805034	267	CG
1	15805188	74	GA
1	15805304	116	AC
1	15807049	1182	GT
1	15809066	1065	GT
1	15809758	466	GA
1	15812530	1562	TC
1	15812531	1	GT
1	15812606	75	GT
1	15813160	554	CG
1	15848064	18189	GT
1	15848120	56	AG
1	15848124	4	CG
1	15867740	8265	TC
1	15871430	2916	GA
1	15872243	307	TC
1	15879970	2984	TC
1	15880222	39	GA
1	15881364	556	GA
1	15881490	126	CT
1	15881533	43	CG
1	15881733	200	GA
1	15882670	683	TC
1	15884444	1157	GT
1	15884653	209	GA
1	15886102	1145	CT
1	15886312	210	AG
1	15886627	315	AC
1	15886737	110	AT
1	15886739	2	GT
1	15886791	52	TA
1	15886867	76	CG
1	15886884	17	TC
1	15886945	61	GA
1	15886966	21	CT
1	15887003	37	CT
1	15887010	7	TC
1	15887053	43	GA
1	15887570	517	CG
1	15888242	628	TC
1	15888356	114	CT
1	15888549	168	GA
1	15888607	58	TC
1	15888640	33	CT
1	15889767	812	GA
1	15890347	295	CT
1	15890444	97	CT
1	15890559	115	TA
1	15890751	192	CA
1	15890885	134	GT
1	15891345	460	AG
1	15892150	751	GC
1	15892242	92	CT
1	15892248	6	CT
1	15893203	928	CT
1	15893651	448	CA
1	15893678	27	AT
1	15895201	933	CT
1	15895528	284	TC
1	15895578	50	GA
1	15895744	166	AC
1	15895855	111	GA
1	15895867	12	AG
1	15895963	96	TG
1	15896023	60	AT
1	15896031	8	TC
1	15896034	3	CG
1	15896086	52	TG
1	15896190	104	GC
1	15896384	194	CT
1	15896390	6	TC
1	15896431	41	TC
1	15896455	24	TC
1	15896497	42	GA
1	15898839	996	CT
1	15898900	61	GA
1	15898928	28	AG
1	15899230	302	TG
1	15899299	69	TC
1	15899302	3	AG
1	15899330	28	GC
1	15899379	49	AT
1	15899443	64	CT
1	15899551	108	GA
1	15899553	2	GT
1	15899976	238	TC
1	15899982	6	CT
1	15900012	30	CG
1	15900757	423	GA
1	15902448	810	TA
1	15902505	57	GT
1	15902893	59	TC
1	15903359	148	TA
1	15904260	567	AG
1	15904538	278	CT
1	15904614	76	TC
1	15904618	4	TC
1	15904774	156	CT
1	15904878	104	AG
1	15904917	39	GC
1	15905081	164	GA
1	15905223	142	AC
1	15905518	295	CT
1	15905546	28	AG
1	15906222	641	CG
1	15906380	158	TA
1	15906458	78	TC
1	15906475	17	GA
1	15906477	2	GC
1	15906749	272	AG
1	15907539	616	CA
1	15908011	472	AG
1	15908054	43	CT
1	15908403	154	AG
1	15908679	276	AT
1	15909141	256	GC
1	15910564	823	CT
1	15912977	1476	GA
1	15917460	2130	CA
1	15917474	14	AC
1	15917489	15	AC
1	15917544	55	TG
1	15917645	101	TC
1	15917742	97	CG
1	15924125	231	TC
1	15924293	168	AG
1	15924429	136	TC
1	15926522	841	CT
1	15926675	153	CT
1	15926839	164	GA
1	15926968	129	CT
1	15927493	176	CT
1	15927714	221	GA
1	15929030	476	CG
1	15929062	32	GA
1	15929312	250	TG
1	15929408	96	TC
1	15929443	35	AT
1	15929851	34	CA
1	15929949	98	GA
1	15930509	475	CT
1	15933663	1180	CT
1	15933908	245	AC
1	15933947	39	CA
1	15934001	54	CA
1	15934689	655	CA
1	15935073	40	CT
1	15937397	1060	TC
1	15937552	155	GC
1	15938497	568	AG
1	15939314	484	CT
1	15939486	172	CT
1	15942697	1038	TC
1	15942734	37	AG
1	15942843	109	CG
1	15942856	13	CT
1	15943028	102	TC
1	15943047	19	TC
1	15943345	298	GA
1	15943761	76	TC
1	15944068	307	AG
1	15944101	33	CT
1	15944255	127	TC
1	15945069	398	AT
1	15945296	227	CT
1	15945298	2	GT
1	15945948	216	CA
1	15946028	80	TC
1	15946038	10	GA
1	15946139	101	CT
1	15946291	152	CT
1	15946359	68	TC
1	15946370	11	CG
1	15946371	1	TG
1	15946595	224	CT
1	15946909	119	TC
1	15947124	215	GA
1	15948274	633	AG
1	15950164	660	CT
1	15950411	247	AG
1	15950592	131	AG
1	15950688	96	AG
1	15950805	117	GA
1	15952298	597	GA
1	15952307	9	AC
1	15952313	6	TC
1	15952316	3	GA
1	15952374	58	GA
1	15953198	73	GT
1	15953447	249	AC
1	15954087	437	AG
1	15954197	110	GA
1	15955440	442	TC
1	15955495	55	GA
1	15955998	503	GA
1	15956099	101	GA
1	15956820	721	GT
1	15957723	176	GA
1	15960503	1607	GA
1	15961371	608	TC
1	15961388	17	CT
1	15961442	54	TC
1	15961549	107	TG
1	15963660	909	GC
1	15973218	5366	CA
1	15977011	1034	AG
1	15977260	87	AG
1	15977279	19	GA
1	15977507	101	GA
1	15977637	130	CT
1	15978777	273	TC
1	15978778	1	AT
1	15978864	86	CT
1	15980717	1450	CT
1	15981653	161	GA
1	15982647	943	CT
1	15983016	369	TC
1	15984321	688	GA
1	15986961	2163	TA
1	15990667	2089	CT
1	15992104	691	TC
1	15992153	49	TC
1	15992691	521	AG
1	15992760	69	TC
1	15992852	92	AG
1	15993017	165	TC
1	15993141	124	CG
1	15993216	75	AT
1	15993432	216	GA
1	15993519	87	CT
1	15994102	73	TC
1	15994104	2	GC
1	15994145	41	CT
1	15994147	2	GA
1	15995727	366	GA
1	15995943	216	AG
1	15996110	125	TA
1	15996225	115	CT
1	15996250	25	AG
1	15996251	1	AG
1	15996254	3	TC
1	15996255	1	GC
1	15996282	27	TC
1	15996283	1	GT
1	15996306	23	CT
1	15996344	38	TC
1	15996481	137	CA
1	15997979	1287	AG
1	15998298	319	GA
1	15999036	449	CT
1	15999114	78	CT
1	15999142	28	TC
1	15999328	59	AG
1	16000402	309	AG
1	16000537	135	GA
1	16000885	348	GA
1	16000897	12	AG
1	16001934	191	CT
1	16002501	301	GA
1	16003368	867	CT
1	16003418	50	TC
1	16009113	842	TA
1	16009221	108	TC
1	16009253	32	CT
1	16009380	127	TC
1	16009391	11	GT
1	16009933	473	CA
1	16010377	444	TC
1	16010993	534	GA
1	16016270	1256	CT
1	16016672	236	CT
1	16017987	1114	AG
1	16024398	5064	CT
1	16024841	379	CT
1	16025114	273	CT
1	16026735	1185	TG
1	16027203	468	AG
1	16028207	353	AC
1	16028337	130	AT
1	16030207	1056	TA
1	16030469	262	CT
1	16031106	90	TC
1	16031374	268	AG
1	16031416	42	AT
1	16035114	1193	GT
1	16035136	22	GT
1	16035270	134	CT
1	16035303	33	TG
1	16041095	2502	AG
1	16044622	1440	AG
1	16052096	3269	TC
1	16059551	3364	AG
1	16062207	1590	GA
1	16062315	108	GA
1	16069776	934	AC
1	16073565	1190	GA
1	16074519	954	GT
1	16074705	186	CT
1	16075241	536	AG
1	16076658	1417	AG
1	16077215	557	GA
1	16077324	109	CG
1	16077689	365	GA
1	16077952	263	CT
1	16080467	1713	GA
1	16080486	19	AC
1	16081767	1281	AG
1	16082716	622	GA
1	16083316	276	TG
1	16084679	955	TA
1	16087093	1053	CT
1	16087983	600	TC
1	16092068	1621	GA
1	16092174	106	AG
1	16093023	589	TA
1	16093081	58	GT
1	16093131	50	CA
1	16093999	846	CT
1	16100258	1547	GC
1	16107015	5910	CT
1	16107346	272	CA
1	16110711	2855	GC
1	16112746	1172	GT
1	16113731	873	AT
1	16115000	1206	TA
1	16116565	963	CT
1	16116773	208	GA
1	16116898	125	AG
1	16117220	131	AT
1	16117406	186	AG
1	16117586	180	AG
1	16117610	24	AG
1	16118357	101	TC
1	16120469	309	AG
1	16120500	31	CG
1	16120551	51	AG
1	16120660	83	AC
1	16120868	208	GA
1	16120926	58	CT
1	16121450	524	GT
1	16121928	478	CT
1	16121932	4	CT
1	16122035	103	GA
1	16122079	44	AG
1	16122095	16	GT
1	16122340	200	CT
1	16122341	1	TG
1	16122651	310	TG
1	16122652	1	CA
1	16124090	894	CT
1	16124385	295	GA
1	16124499	114	GA
1	16124628	129	GA
1	16125793	916	GA
1	16126706	406	GC
1	16127482	776	AT
1	16130770	2068	AG
1	16130782	12	GC
1	16130793	11	AG
1	16130994	122	CT
1	16131479	485	TC
1	16131662	183	CT
1	16132937	1146	AC
1	16133604	667	CG
1	16134003	399	TC
1	16135426	1423	GT
1	16137197	1729	GT
1	16137534	337	GT
1	16137535	1	CT
1	16138024	489	GT
1	16140913	2290	AC
1	16143166	1409	GA
1	16152996	2470	AG
1	16153133	137	CG
1	16153606	243	AT
1	16153607	1	TC
1	16154384	777	TC
1	16155058	674	GA
1	16155184	126	GA
1	16155202	18	CA
1	16160032	4091	CT
1	16161406	1374	AC
1	16161509	103	CT
1	16161524	15	TC
1	16161704	180	GC
1	16162337	633	AT
1	16163051	714	GT
1	16163276	225	AG
1	16164757	1334	AG
1	16170160	3773	TC
1	16170162	2	GT
1	16170564	402	GT
1	16171180	616	GT
1	16180158	1362	AG
1	16180178	20	CT
1	16180402	197	TC
1	16180965	247	AT
1	16181819	547	AG
1	16182411	453	AG
1	16182771	226	TC
1	16183122	89	GA
1	16183453	331	AG
1	16186898	2048	TG
1	16187380	482	AG
1	16187971	591	AG
1	16199509	4895	TC
1	16202418	1193	AG
1	16204174	1580	CT
1	16205304	1130	GA
1	16208024	2696	GA
1	16208686	662	AG
1	16211373	2196	CG
1	16211578	205	GA
1	16211583	5	TC
1	16212774	201	CT
1	16212939	165	AT
1	16213266	100	AT
1	16213275	9	TC
1	16213483	208	GA
1	16213637	154	TC
1	16213701	64	GA
1	16213739	38	CT
1	16213771	32	GA
1	16213975	183	GA
1	16214002	27	TC
1	16214056	54	CT
1	16214079	23	GA
1	16214280	201	AG
1	16216117	1511	TC
1	16217170	1053	GA
1	16218046	876	TA
1	16220851	1860	TC
1	16224857	3518	GA
1	16228255	2990	CT
1	16228554	299	CT
1	16228647	93	GC
1	16229630	983	CT
1	16230218	588	TG
1	16230299	15	AG
1	16230846	547	TG
1	16235155	3567	AG
1	16240051	4187	AG
1	16247654	5728	GA
1	16260671	10699	GA
1	16262010	1339	TC
1	16264382	2187	AG
1	16264436	54	GC
1	16264462	26	TC
1	16264946	484	TC
1	16268044	2460	GA
1	16268223	179	TC
1	16268582	359	TC
1	16268680	98	CT
1	16268786	106	AC
1	16268833	47	CT
1	16269115	282	TC
1	16269341	226	TA
1	16269429	88	CT
1	16269590	161	GA
1	16269680	90	TA
1	16271299	1562	AG
1	16271334	35	AT
1	16281580	5296	GA
1	16281632	52	GC
1	16282654	452	GT
1	16283167	262	GA
1	16283803	545	TC
1	16283939	136	CT
1	16287238	2417	TC
1	16287239	1	AG
1	16291195	3654	TC
1	16291267	72	GA
1	16292955	1040	CG
1	16294238	1126	AG
1	16294355	117	CT
1	16294869	514	GC
1	16294944	75	TC
1	16295155	211	TA
1	16295156	1	CG
1	16297099	1342	CT
1	16297539	440	TC
1	16297556	17	AG
1	16297789	233	AG
1	16297861	72	CT
1	16298015	154	GA
1	16298170	155	GA
1	16298652	482	TC
1	16298703	51	CT
1	16298986	187	TC
1	16299053	67	GA
1	16299086	33	GA
1	16300291	1157	GC
1	16300353	62	GC
1	16300563	210	TC
1	16300614	51	CT
1	16300617	3	GA
1	16300652	35	TC
1	16300828	176	GT
1	16300885	57	TC
1	16301405	520	AG
1	16301522	117	AT
1	16301527	5	CT
1	16301564	37	TG
1	16301605	41	AG
1	16302839	119	CT
1	16303907	282	GA
1	16303957	50	CT
1	16304012	55	TA
1	16304173	161	CT
1	16304223	50	GA
1	16304638	415	CT
1	16304980	342	AG
1	16305051	71	TC
1	16305085	34	TC
1	16305110	25	CT
1	16305282	172	AG
1	16305345	63	GC
1	16305549	74	GA
1	16305848	250	GT
1	16306358	343	AG
1	16306485	127	AC
1	16306986	201	AG
1	16307019	33	CT
1	16307158	139	GT
1	16307314	156	TC
1	16307885	571	GA
1	16307887	2	GA
1	16307959	72	AG
1	16307974	15	GA
1	16308264	140	CT
1	16308287	23	AG
1	16308317	30	AG
1	16308368	51	GA
1	16308371	3	AG
1	16308525	154	AG
1	16308551	26	AG
1	16308607	56	GA
1	16308630	23	AC
1	16308912	282	AC
1	16309116	204	GA
1	16309569	453	TC
1	16309622	53	GA
1	16309632	10	CT
1	16310039	407	AG
1	16310067	28	TG
1	16310191	124	GA
1	16310830	639	TC
1	16310877	47	GA
1	16310910	33	CT
1	16312289	961	CT
1	16312848	559	CT
1	16312891	43	TA
1	16319589	755	TC
1	16319710	121	TC
1	16319849	139	CT
1	16319997	148	GA
1	16320245	212	GA
1	16320293	48	AG
1	16320445	152	CA
1	16320804	144	AG
1	16320823	19	AG
1	16320921	98	AG
1	16320949	28	AG
1	16321231	282	CT
1	16321328	97	GC
1	16321516	188	TA
1	16321585	69	AG
1	16321817	232	GA
1	16322376	559	CT
1	16322411	35	GA
1	16322573	162	TG
1	16322850	277	GA
1	16322865	15	TG
1	16323046	181	TG
1	16323058	12	GA
1	16323076	18	CA
1	16323078	2	TC
1	16323121	43	AG
1	16323126	5	GA
1	16323195	69	GA
1	16323210	15	CT
1	16323217	7	TC
1	16323253	36	TC
1	16323273	20	CG
1	16323388	115	TC
1	16323411	23	GT
1	16323479	68	CT
1	16323497	18	GT
1	16323573	76	CT
1	16323578	5	GA
1	16323588	10	CT
1	16323598	10	GA
1	16324778	471	TA
1	16324803	25	TC
1	16324969	166	AG
1	16325442	473	AC
1	16325803	361	GA
1	16326236	433	GA
1	16326237	1	TC
1	16326246	9	CT
1	16326253	7	TC
1	16326330	77	TG
1	16326341	11	TC
1	16326358	17	CT
1	16326363	5	AG
1	16326638	275	CT
1	16326723	85	AG
1	16326729	6	GA
1	16326786	57	CT
1	16326927	141	GA
1	16330153	2564	GA
1	16330527	374	GT
1	16330636	109	AG
1	16334421	2257	GA
1	16334464	43	GC
1	16334552	88	TC
1	16335111	559	GA
1	16335331	220	TC
1	16335387	56	GT
1	16335675	26	CT
1	16335944	269	GA
1	16336163	219	GA
1	16336327	164	GT
1	16337141	212	GA
1	16337803	662	GA
1	16338353	259	GA
1	16338361	8	CT
1	16338364	3	TA
1	16338459	95	TC
1	16338513	54	GA
1	16338642	129	TC
1	16338657	15	CT
1	16338930	273	AG
1	16338931	1	TG
1	16338936	5	GA
1	16338950	14	TG
1	16338968	18	TC
1	16339523	513	GA
1	16339539	16	TC
1	16339540	1	AC
1	16339568	28	CT
1	16339589	21	TC
1	16339591	2	CT
1	16339745	154	GA
1	16339748	3	GA
1	16339998	250	AG
1	16340286	288	GA
1	16340634	113	CA
1	16341296	662	CT
1	16341879	273	GT
1	16342487	273	TC
1	16342756	269	AC
1	16342784	28	GA
1	16342805	21	GA
1	16342866	61	TC
1	16342912	46	CG
1	16343018	106	AC
1	16343055	37	CT
1	16343483	265	GC
1	16344050	442	AG
1	16344091	41	AC
1	16344518	362	CG
1	16344522	4	TC
1	16344810	219	CT
1	16344952	142	TC
1	16345099	147	AC
1	16345104	5	CG
1	16345181	77	GT
1	16345605	376	GA
1	16345648	43	CT
1	16345683	35	AG
1	16346067	267	AG
1	16346461	353	AG
1	16346659	198	TC
1	16346746	87	CT
1	16346750	4	CG
1	16347369	459	AG
1	16347478	109	TC
1	16347722	244	TC
1	16347726	4	GC
1	16347760	34	GT
1	16348210	410	TC
1	16348330	120	GA
1	16348531	146	CA
1	16348555	24	GA
1	16348711	156	AC
1	16348759	48	AG
1	16348920	161	GA
1	16349368	380	AG
1	16349613	245	CT
1	16349664	51	CG
1	16350728	818	CT
1	16350755	27	TG
1	16351255	418	GA
1	16351297	42	AG
1	16351324	27	TC
1	16352865	1179	CG
1	16352957	92	CT
1	16352985	28	GA
1	16353007	22	CT
1	16353186	179	CT
1	16353291	105	GT
1	16353319	28	CT
1	16353379	60	CT
1	16353619	240	CT
1	16353629	10	CT
1	16354158	529	GA
1	16354300	142	GA
1	16354669	126	AG
1	16354891	222	TC
1	16355476	585	GA
1	16355477	1	CT
1	16356247	192	GT
1	16357081	834	TC
1	16357115	34	AG
1	16357133	18	CT
1	16357298	165	GA
1	16359689	2033	GA
1	16362296	1950	GC
1	16362664	368	AG
1	16367653	4217	CA
1	16368493	840	AG
1	16371673	2704	CT
1	16374281	2373	TG
1	16376557	2276	GA
1	16377344	787	GA
1	16378017	247	CT
1	16378027	10	AG
1	16378180	153	CT
1	16378324	144	AG
1	16379409	553	AC
1	16379419	10	TC
1	16379920	159	AG
1	16381217	1141	GT
1	16381314	97	TG
1	16381579	265	CT
1	16382289	676	CG
1	16382837	548	CT
1	16382969	132	CA
1	16383516	547	CT
1	16383574	58	AC
1	16383986	412	CG
1	16384213	227	GT
1	16384334	121	AG
1	16384349	15	AG
1	16385249	847	CG
1	16385257	8	GC
1	16385375	118	CT
1	16385414	39	TC
1	16386015	601	CA
1	16386035	20	CG
1	16386045	10	AG
1	16386185	140	AG
1	16386694	509	CT
1	16386701	7	CT
1	16386793	92	CT
1	16386910	117	TC
1	16386932	22	GA
1	16386961	29	GA
1	16387131	170	CT
1	16387558	427	CT
1	16388474	916	AT
1	16389362	888	CT
1	16391731	2345	CT
1	16392049	318	TG
1	16392124	75	GC
1	16394165	2041	GT
1	16396727	2094	TC
1	16397138	411	TC
1	16398927	1701	GA
1	16399140	213	AG
1	16399227	87	CT
1	16399633	389	AG
1	16401011	1378	TC
1	16401019	8	CG
1	16401035	16	GC
1	16401653	445	GA
1	16401680	27	CT
1	16401958	278	TC
1	16402039	81	GA
1	16402091	52	CT
1	16402436	345	CT
1	16402487	51	TC
1	16402573	86	GT
1	16402858	285	GA
1	16402894	36	GA
1	16403170	276	CT
1	16403271	101	GA
1	16403313	42	GC
1	16403382	69	GA
1	16403505	123	GT
1	16403550	45	TC
1	16403855	305	CT
1	16403911	56	CG
1	16404018	107	CA
1	16404026	8	CT
1	16404057	31	CT
1	16404191	134	GA
1	16404198	7	GA
1	16404219	21	AG
1	16404261	42	CT
1	16404279	18	GT
1	16404306	27	CA
1	16404344	38	TC
1	16404420	76	TC
1	16404870	450	GA
1	16406424	864	CA
1	16406792	215	GA
1	16406827	35	CT
1	16407283	456	TG
1	16408228	846	CT
1	16409141	913	GA
1	16409823	682	TC
1	16409829	6	TC
1	16415779	4103	CT
1	16417712	1597	GT
1	16418522	810	CT
1	16420300	1613	GA
1	16420690	390	AG
1	16421291	601	AG
1	16424268	2856	GT
1	16426201	1933	CA
1	16426211	10	TC
1	16426861	614	CA
1	16427728	845	TG
1	16428239	451	GC
1	16428694	398	GT
1	16429980	1286	GA
1	16430434	454	AG
1	16430622	188	CG
1	16430633	11	GA
1	16430746	113	TC
1	16430978	232	TC
1	16431268	167	TC
1	16431312	44	TC
1	16431487	175	GA
1	16431675	21	GA
1	16431777	102	GA
1	16431823	46	TC
1	16431834	11	AC
1	16431997	163	GA
1	16432003	6	GC
1	16432073	70	AG
1	16432393	320	TG
1	16432416	23	CT
1	16432469	53	AG
1	16433165	696	TG
1	16435332	2138	CT
1	16436616	1284	GA
1	16440105	2733	GA
1	16446490	3287	AC
1	16447039	227	GA
1	16449228	1268	CT
1	16451745	2354	AG
1	16454033	1467	AG
1	16454247	214	CT
1	16454578	268	GT
1	16455046	30	GA
1	16455246	200	CT
1	16455393	147	TC
1	16455406	13	GT
1	16455438	32	TC
1	16455454	16	GA
1	16455514	60	GA
1	16455543	29	TC
1	16458621	615	CT
1	16459326	621	CT
1	16459377	51	GA
1	16459794	417	TG
1	16459816	22	AG
1	16459817	1	AG
1	16469535	3494	AG
1	16470507	143	CT
1	16477733	4720	TC
1	16477798	65	CT
1	16479542	1437	CT
1	16481456	1131	TC
1	16481697	91	GA
1	16482580	504	CT
1	16483153	573	GA
1	16483241	88	GT
1	16483486	39	CA
1	16483631	145	CT
1	16483720	89	GA
1	16483898	178	CT
1	16484084	18	TC
1	16484091	7	CA
1	16485088	213	AG
1	16485094	6	GA
1	16485148	54	CA
1	16485212	64	AG
1	16485221	9	TG
1	16485281	60	GA
1	16485360	79	CA
1	16485762	402	CT
1	16485775	13	CT
1	16486670	802	TC
1	16488113	1443	AG
1	16488848	735	AG
1	16489465	617	CT
1	16489730	220	TC
1	16489952	222	CT
1	16491543	590	AG
1	16494680	2399	TC
1	16496812	1383	TA
1	16496820	8	GA
1	16501642	3171	AG
1	16505150	596	AG
1	16506270	882	TC
1	16506849	557	GT
1	16506875	26	TC
1	16507476	365	TC
1	16507700	224	CT
1	16510319	2046	GA
1	16511039	720	AC
1	16511065	26	AG
1	16511650	585	TC
1	16511989	339	GA
1	16512606	512	AG
1	16513039	433	CT
1	16513289	250	AC
1	16513689	345	TC
1	16513744	55	AG
1	16513867	123	TG
1	16513877	10	AG
1	16513909	32	AG
1	16513920	11	CA
1	16513965	45	AG
1	16514163	67	TC
1	16514599	436	AG
1	16514734	135	TC
1	16515264	494	CT
1	16515294	30	CG
1	16524288	3105	CG
1	16528658	1596	AG
1	16528787	129	CT
1	16528851	64	AG
1	16528912	61	GT
1	16529463	523	CT
1	16531388	1893	GA
1	16531723	335	CT
1	16532249	526	CT
1	16532305	56	AG
1	16532420	115	CG
1	16532623	203	AG
1	16533097	130	CT
1	16533270	173	TC
1	16533884	561	GT
1	16533898	14	AC
1	16533997	99	TC
1	16534847	850	GA
1	16534878	31	CG
1	16538757	1965	AG
1	16539026	269	CT
1	16539208	182	GA
1	16540040	399	TC
1	16540512	154	CT
1	16540544	32	GA
1	16541549	183	GA
1	16541566	17	GA
1	16542128	562	CG
1	16542133	5	TC
1	16543924	606	CT
1	16544120	196	GA
1	16544285	165	AG
1	16544341	56	AG
1	16544499	158	GC
1	16545220	580	CG
1	16545931	456	CT
1	16546841	746	GA
1	16547079	238	GA
1	16547142	63	AG
1	16547276	134	AG
1	16547518	242	GA
1	16549437	565	GA
1	16551179	1615	GA
1	16551484	305	GA
1	16553495	1772	AC
1	16553612	117	GC
1	16554947	773	TC
1	16555518	518	AG
1	16556940	719	CT
1	16558133	800	CG
1	16559456	1157	AT
1	16563926	2738	AG
1	16564067	141	CT
1	16564174	107	GA
1	16564197	23	TG
1	16564210	13	TC
1	16564229	19	CT
1	16570475	3873	AG
1	16570953	478	GA
1	16571256	157	AG
1	16571711	455	AT
1	16571790	79	TC
1	16571791	1	GA
1	16571815	24	GC
1	16571816	1	GA
1	16571826	10	AG
1	16578427	4753	TC
1	16586581	4622	AG
1	16587809	810	CT
1	16591275	2777	GA
1	16591419	144	AG
1	16594803	2541	CT
1	16597086	1704	CT
1	16601214	2502	CT
1	16601424	210	CT
1	16601672	187	TC
1	16602048	376	CT
1	16607532	1071	AG
1	16607685	153	CT
1	16607728	43	TC
1	16608486	329	GA
1	16609634	442	CT
1	16609863	229	TC
1	16609954	91	CT
1	16610032	78	TC
1	16610046	14	TC
1	16610080	34	AG
1	16610083	3	AC
1	16610146	63	GA
1	16610162	16	GC
1	16610520	358	AG
1	16614653	1771	AG
1	16615487	834	TG
1	16615526	39	CT
1	16615544	18	GA
1	16615551	7	TC
1	16615609	58	AG
1	16617026	553	CT
1	16619713	1473	GC
1	16619746	33	TG
1	16619758	12	TC
1	16619762	4	CT
1	16619786	24	GA
1	16620303	193	AG
1	16620942	297	CT
1	16620948	6	AC
1	16621838	99	AG
1	16621900	62	AG
1	16621907	7	GC
1	16621932	25	TC
1	16622298	366	TC
1	16622536	238	TC
1	16622800	264	TC
1	16623479	187	CT
1	16623507	28	CT
1	16623554	47	AG
1	16623696	142	CT
1	16623869	173	TC
1	16626822	2282	CT
1	16628769	1305	AG
1	16628865	96	CG
1	16629218	353	CT
1	16632152	1431	AC
1	16633230	1051	CT
1	16633280	50	CT
1	16633295	15	CT
1	16635014	586	GA
1	16635021	7	AG
1	16636646	1117	AG
1	16637099	453	TC
1	16638285	1144	GA
1	16638344	59	AG
1	16638348	4	TC
1	16640917	748	CT
1	16642650	1498	GA
1	16644459	1362	GA
1	16647051	2032	CT
1	16647350	274	GA
1	16648522	476	TG
1	16648928	406	TC
1	16649215	287	CG
1	16649444	229	GA
1	16649450	6	AC
1	16649492	42	TC
1	16649608	116	AG
1	16649639	31	CT
1	16649660	21	TC
1	16650875	801	GA
1	16651161	286	CT
1	16651279	118	TG
1	16653597	2290	TC
1	16660756	4190	CT
1	16660869	113	AT
1	16660897	28	GA
1	16663126	625	GT
1	16663256	130	CG
1	16663283	27	TA
1	16663375	92	TC
1	16663593	218	TC
1	16663598	5	CA
1	16663961	363	TC
1	16663983	22	AT
1	16664002	19	AG
1	16664028	26	TC
1	16664301	273	GC
1	16664333	32	TC
1	16664447	114	CT
1	16664646	158	GA
1	16664847	201	CG
1	16665039	152	TG
1	16665698	623	TA
1	16668587	1603	AG
1	16674046	3106	CT
1	16674148	102	AG
1	16674197	49	AG
1	16674879	506	AG
1	16676834	1808	CT
1	16677199	365	AG
1	16694952	10896	TA
1	16697358	1639	GC
1	16699391	2033	CT
1	16701823	2114	AT
1	16705063	2425	AG
1	16705690	627	CA
1	16708009	2030	TC
1	16708856	778	CT
1	16709147	291	TC
1	16709982	530	AG
1	16710090	108	TA
1	16713909	3183	AG
1	16716538	2360	GC
1	16716638	100	GA
1	16716662	24	AG
1	16721526	2240	CT
1	16721722	196	CA
1	16722629	907	AG
1	16724478	1329	TC
1	16725242	597	TG
1	16725537	295	CA
1	16725667	130	GA
1	16728423	1661	TC
1	16728730	307	GA
1	16730290	1038	GA
1	16731720	545	GT
1	16731891	171	GA
1	16731901	10	GT
1	16732554	653	TC
1	16733873	1319	TC
1	16734558	685	GC
1	16734913	355	GA
1	16735105	192	CA
1	16735579	474	GA
1	16736038	210	TC
1	16736103	65	GA
1	16736143	40	TC
1	16736144	1	GA
1	16736451	307	GA
1	16736534	83	TC
1	16737036	502	GT
1	16737054	18	AG
1	16737117	63	CA
1	16744593	2355	GA
1	16745969	661	TC
1	16747961	1449	AC
1	16747970	9	CT
1	16748200	230	GA
1	16749075	479	CG
1	16749196	121	CG
1	16751252	630	GC
1	16751726	474	GA
1	16754886	462	TC
1	16754974	88	GC
1	16755020	46	AG
1	16755092	72	AG
1	16755099	7	TC
1	16755338	30	GA
1	16757018	1126	AC
1	16758727	757	CT
1	16758985	258	CT
1	16759016	31	CA
1	16759056	40	AT
1	16759168	49	CT
1	16759360	172	GC
1	16759402	42	CT
1	16759449	47	CG
1	16759450	1	TC
1	16759551	101	CT
1	16759744	193	GA
1	16762527	728	TC
1	16763070	543	TG
1	16763508	438	GT
1	16764375	543	CG
1	16764782	407	TA
1	16765205	375	TC
1	16765327	53	GA
1	16765857	530	CT
1	16766018	161	GC
1	16766285	267	GA
1	16766544	259	GA
1	16767407	497	CT
1	16767825	418	CG
1	16768108	283	TG
1	16768145	37	CG
1	16768147	2	GC
1	16768148	1	GA
1	16768152	4	AG
1	16769847	1151	TC
1	16769868	21	GA
1	16769885	17	AG
1	16770615	430	GA
1	16770795	163	TC
1	16770796	1	GA
1	16770911	115	CT
1	16771321	410	AC
1	16776232	2895	GC
1	16776669	437	GC
1	16778465	1301	GA
1	16778745	280	AT
1	16779794	353	TG
1	16779995	201	AG
1	16781281	460	TA
1	16781368	87	GA
1	16781381	13	CT
1	16781480	99	TC
1	16781527	47	CA
1	16781537	10	CT
1	16781538	1	CT
1	16781658	120	GA
1	16781767	109	GA
1	16782622	174	CA
1	16782644	22	AT
1	16785169	328	TC
1	16785466	297	CT
1	16785544	78	TC
1	16785709	125	CG
1	16786070	361	GC
1	16786182	112	AG
1	16792182	4189	CT
1	16800050	5139	AT
1	16806876	3646	CT
1	16806887	11	CG
1	16809386	1331	GC
1	16809524	138	CT
1	16809649	125	TA
1	16809745	96	TC
1	16810267	522	GA
1	16810337	70	AG
1	16810565	228	GC
1	16813447	1662	CT
1	16813673	226	TC
1	16814225	533	AG
1	16817813	879	AG
1	16819902	1825	CT
1	16822656	1407	TC
1	16822795	139	CT
1	16837655	11142	CT
1	16837742	87	GT
1	16839758	1711	CT
1	16840003	245	GC
1	16840073	70	TC
1	16841903	767	GA
1	16841958	55	GA
1	16842568	556	AG
1	16842781	213	CT
1	16842837	56	CT
1	16843093	256	CT
1	16843291	198	CG
1	16843584	293	GA
1	16843719	135	GA
1	16843734	15	GA
1	16845998	604	CT
1	16847750	737	TG
1	16848710	438	CT
1	16848853	143	CG
1	16849065	212	CT
1	16849207	142	TC
1	16849553	166	TG
1	16849604	51	AG
1	16849652	48	AC
1	16849657	5	AG
1	16849806	149	AG
1	16852387	2373	GC
1	16853440	897	CA
1	16853441	1	TA
1	16853668	227	TG
1	16854541	709	CG
1	16854874	229	CT
1	16855168	294	TC
1	16855345	177	AC
1	16855833	361	TC
1	16855867	34	TC
1	16855964	97	AG
1	16856667	703	TC
1	16856889	222	GC
1	16857660	163	TG
1	16857686	26	CT
1	16857857	171	GC
1	16858096	239	AG
1	16858148	52	CT
1	16858152	4	AC
1	16858227	75	AG
1	16858403	176	CG
1	16858518	115	GA
1	16858664	146	TC
1	16859599	168	AG
1	16859610	11	AC
1	16859803	193	GA
1	16863326	837	GA
1	16865433	816	TC
1	16867011	546	AT
1	16867048	37	AC
1	16867537	188	AG
1	16868067	530	CT
1	16868086	19	CT
1	16868165	79	CA
1	16868621	283	GC
1	16868871	67	GA
1	16869069	198	TG
1	16900738	14253	AC
1	16902115	903	AC
1	16902125	10	GA
1	16902806	681	GA
1	16903117	311	AC
1	16903127	10	AG
1	16903359	232	AC
1	16903364	5	AC
1	16903388	24	CT
1	16903565	177	GT
1	16903651	86	GA
1	16903654	3	GA
1	16903685	31	AG
1	16903764	79	GA
1	16903908	144	AG
1	16904204	177	GA
1	16904275	71	CG
1	16904789	514	CA
1	16904983	194	AG
1	16905371	388	CT
1	16908106	561	GA
1	16908347	241	TC
1	16908419	72	GA
1	16908634	215	GA
1	16908723	89	TC
1	16908762	39	GA
1	16908986	224	TC
1	16908998	12	CT
1	16909285	287	TC
1	16912825	1771	CT
1	16913107	74	TC
1	16913661	168	GA
1	16915216	1369	CT
1	16915229	13	CT
1	16915875	616	CT
1	16920889	3755	GA
1	16920996	107	GT
1	16921018	22	TC
1	16921574	232	GA
1	16922641	1067	CT
1	16922687	46	CG
1	16923154	467	TG
1	16923954	459	GA
1	16924565	213	AT
1	16930099	1957	GA
1	16930356	147	AC
1	16930659	60	AG
1	16930841	182	TC
1	16930941	100	CT
1	16930950	9	GA
1	16930951	1	AG
1	16930970	19	AG
1	16931231	261	GA
1	16931253	22	CT
1	16931275	22	CT
1	16931439	47	AC
1	16931747	308	CG
1	16931871	124	TA
1	16931939	68	AG
1	16931957	18	CA
1	16932064	107	CT
1	16932663	429	GA
1	16934076	609	AC
1	16934706	160	AT
1	16934709	3	AT
1	16934716	7	GC
1	16935881	619	AT
1	16936082	201	TC
1	16936270	188	TC
1	16936731	310	GA
1	16936855	124	CG
1	16937006	151	TC
1	16937014	8	AG
1	16937625	611	TC
1	16937639	14	AG
1	16938123	270	AG
1	16938141	18	TC
1	16938149	8	CT
1	16939851	990	GA
1	16939885	34	AG
1	16940333	122	AG
1	16940519	186	GT
1	16940601	82	TC
1	16941351	750	TG
1	16946416	1353	CT
1	16946614	198	CT
1	16949384	2541	AG
1	16950968	1219	TC
1	16952875	1308	CT
1	16954055	1180	GA
1	16964175	8708	CT
1	16964488	313	CG
1	16964594	106	GA
1	16964816	222	GT
1	16964915	99	CA
1	16965484	569	CT
1	16965794	310	CT
1	16966220	426	GA
1	16966231	11	CT
1	16966580	303	AG
1	16966747	167	TC
1	16966956	209	GA
1	16967094	138	AG
1	16967161	67	TC
1	16967166	5	TA
1	16969575	1474	AT
1	16969654	79	GA
1	16969749	95	GA
1	16969840	91	GA
1	16970884	1000	AG
1	16971334	414	CT
1	16971543	209	TC
1	16972172	629	TA
1	16972433	261	TC
1	16973059	626	CT
1	16974215	901	CA
1	16986974	6095	CT
1	16986997	23	CT
1	16987452	111	GA
1	16987556	104	AC
1	16987770	172	CT
1	16987782	12	TC
1	16994089	150	TC
1	16998333	1227	GT
1	17002359	2351	AG
1	17004158	1478	TC
1	17005072	536	CT
1	17005190	118	CT
1	17005523	333	GA
1	17005529	6	CT
1	17005811	282	GA
1	17006887	967	GT
1	17007170	283	CT
1	17009123	1409	GA
1	17011490	2286	CT
1	17012824	1334	GA
1	17014237	1097	CG
1	17015838	1441	CT
1	17016008	170	AG
1	17016150	142	AT
1	17020183	3263	CT
1	17020721	538	GA
1	17022526	1290	GA
1	17022756	230	AG
1	17023076	320	CT
1	17024084	961	CT
1	17024889	292	GC
1	17024939	50	CT
1	17024943	4	CA
1	17024956	13	CT
1	17025013	57	TC
1	17025108	95	GA
1	17025406	298	CG
1	17026017	546	GA
1	17026230	213	TC
1	17026707	417	TA
1	17026756	49	AG
1	17026817	61	AG
1	17026984	167	AG
1	17026987	3	GA
1	17027144	157	AG
1	17027256	112	CT
1	17027554	298	CT
1	17027564	10	GA
1	17027565	1	TC
1	17028097	370	GT
1	17028179	82	AT
1	17029462	656	AG
1	17029552	90	AG
1	17032128	2576	TC
1	17034780	642	AG
1	17036543	1763	CT
1	17036800	257	TC
1	17037180	313	CT
1	17037681	458	TG
1	17037809	93	AG
1	17038334	525	CT
1	17038574	240	GC
1	17038864	290	GA
1	17039010	146	CT
1	17039058	48	GA
1	17039080	22	CT
1	17039142	62	CT
1	17039211	69	GA
1	17039607	290	AG
1	17039666	59	GC
1	17040375	640	CG
1	17040645	270	GT
1	17041508	783	AG
1	17042262	754	AT
1	17042862	259	CT
1	17045600	1440	GA
1	17045660	60	CT
1	17045876	197	CT
1	17050253	2492	GA
1	17052722	1328	AG
1	17053284	562	CG
1	17053285	1	CA
1	17055121	1585	CG
1	17055703	534	GA
1	17055918	215	CT
1	17056322	404	TC
1	17056471	149	CA
1	17058879	2408	CT
1	17059325	446	CT
1	17060629	1267	AT
1	17064107	3002	GA
1	17069176	3571	TG
1	17069695	519	AG
1	17070136	441	CT
1	17070590	410	TC
1	17071224	182	GA
1	17071230	6	TA
1	17100685	24067	GA
1	17113155	6254	TC
1	17180633	40933	CT
1	17184592	3324	CT
1	17187557	2930	CT
1	17187765	173	CT
1	17188597	832	CT
1	17188697	100	TG
1	17189286	548	TC
1	17189635	349	CT
1	17190228	525	GA
1	17190361	133	CT
1	17190483	122	CT
1	17191679	1196	CT
1	17191709	30	GA
1	17193565	1856	CT
1	17195670	1103	GA
1	17195888	218	GA
1	17195893	5	TC
1	17195918	25	GC
1	17196472	554	TC
1	17196502	30	GA
1	17196686	184	CT
1	17196923	237	GA
1	17196994	71	TC
1	17196997	3	GC
1	17197067	70	AC
1	17197120	53	TC
1	17197128	8	AC
1	17197359	231	AG
1	17311458	70225	TA
1	17311634	17	CT
1	17311707	73	GA
1	17311787	80	AG
1	17312571	257	CT
1	17312614	43	CT
1	17312619	5	CT
1	17312818	199	CT
1	17312913	95	CG
1	17313655	323	CT
1	17314083	428	TC
1	17314991	908	TC
1	17315615	624	GA
1	17315773	158	CT
1	17315848	75	TC
1	17315985	137	GA
1	17315994	9	TC
1	17316775	760	CG
1	17320088	1057	TC
1	17320126	38	AC
1	17320148	22	AG
1	17320153	5	TG
1	17320365	212	CA
1	17320474	109	TC
1	17320563	89	AG
1	17320571	8	TC
1	17321499	392	AT
1	17322074	308	TC
1	17322091	17	CT
1	17322257	166	CT
1	17322321	64	CA
1	17322480	159	TC
1	17322493	13	GA
1	17322614	121	GA
1	17322618	4	CT
1	17322728	110	AG
1	17322749	21	AG
1	17322768	19	GA
1	17322769	1	GT
1	17323208	150	GA
1	17323607	399	CT
1	17323719	112	TC
1	17323813	94	AC
1	17323855	42	TC
1	17324221	366	CT
1	17324334	113	AG
1	17324611	277	AC
1	17324613	2	CG
1	17324768	155	AG
1	17325946	98	CT
1	17326074	128	GA
1	17326284	210	CT
1	17329379	623	AG
1	17330943	1467	TA
1	17331090	147	TC
1	17331324	234	CT
1	17331591	267	GC
1	17331912	321	CT
1	17332056	144	AG
1	17332095	39	TC
1	17332616	339	CT
1	17332634	18	TC
1	17332647	13	CT
1	17333657	331	TC
1	17333666	9	GT
1	17333716	50	AC
1	17334294	479	GA
1	17334321	27	GA
1	17334977	362	TC
1	17335636	659	AG
1	17335746	110	TC
1	17335772	26	AG
1	17335849	77	TA
1	17336196	347	AT
1	17338319	1585	GT
1	17340522	1505	GA
1	17340842	320	TG
1	17341302	256	CG
1	17341485	183	TC
1	17342587	656	GT
1	17343196	609	CT
1	17343470	274	GT
1	17345358	1724	CT
1	17347380	1906	CT
1	17348181	750	GA
1	17349868	1376	TC
1	17354384	2850	TC
1	17354549	165	TC
1	17354927	378	GA
1	17359734	3614	CT
1	17361236	989	CT
1	17364291	1532	GA
1	17364345	54	AC
1	17365583	920	TC
1	17365709	126	AG
1	17366210	501	GA
1	17366654	315	GC
1	17367568	234	TC
1	17367657	89	CT
1	17367664	7	GA
1	17367944	55	AG
1	17369791	836	CG
1	17370076	285	AG
1	17370179	103	TC
1	17370230	51	AG
1	17371292	883	TC
1	17372058	288	CT
1	17372471	413	GA
1	17377672	2534	CA
1	17379376	1100	CT
1	17383176	3029	GA
1	17383577	369	TC
1	17383748	171	AC
1	17396232	4503	AG
1	17397236	797	CT
1	17403226	4509	TC
1	17406639	2767	AG
1	17409670	2346	AG
1	17409938	268	TC
1	17410360	422	GT
1	17416917	5427	TC
1	17417253	230	GA
1	17417407	132	CG
1	17417553	146	AG
1	17418130	577	CT
1	17419571	1167	GC
1	17419610	39	TC
1	17426599	5668	CG
1	17428214	1514	GT
1	17429321	1107	TC
1	17429360	39	CT
1	17430128	682	CG
1	17430237	109	CT
1	17430577	297	TC
1	17430580	3	TC
1	17431018	385	TG
1	17431115	97	GC
1	17431930	815	TC
1	17432378	391	TC
1	17432540	162	AT
1	17432897	321	CT
1	17433077	180	TC
1	17433164	87	TC
1	17434165	803	CT
1	17435523	522	GC
1	17436412	378	GA
1	17436460	48	GA
1	17436628	168	CT
1	17436817	189	GA
1	17437223	406	GA
1	17437313	90	TC
1	17437338	25	GA
1	17437357	19	CG
1	17437462	105	TG
1	17437525	63	CA
1	17437757	232	GA
1	17437867	110	CT
1	17437880	13	TC
1	17438265	385	CT
1	17438279	14	GC
1	17438445	166	CT
1	17438574	129	AG
1	17438592	18	TC
1	17438598	6	AG
1	17438638	40	GT
1	17438737	99	GT
1	17439671	296	AC
1	17440149	365	GA
1	17440227	78	AC
1	17443349	537	AG
1	17443361	12	TC
1	17443594	233	TC
1	17444601	345	GA
1	17444779	178	GC
1	17444795	16	CT
1	17445116	44	GC
1	17445237	121	AG
1	17445309	72	AG
1	17445877	531	TC
1	17445878	1	GA
1	17445888	10	CT
1	17446426	538	TC
1	17449134	2163	CA
1	17449374	212	CG
1	17449458	84	CT
1	17449537	79	CT
1	17450566	1029	CT
1	17452175	901	CT
1	17452915	324	TC
1	17453471	227	CT
1	17453686	215	TG
1	17454233	547	GA
1	17454966	538	AT
1	17455130	164	AG
1	17455139	9	GA
1	17455349	210	AG
1	17455437	88	CT
1	17456236	799	GT
1	17456602	284	TG
1	17459150	1313	GA
1	17459211	61	TG
1	17459772	353	TC
1	17459835	63	GC
1	17459840	5	CT
1	17459861	21	CT
1	17461443	1280	CA
1	17461482	39	AT
1	17461487	5	TC
1	17461571	84	CT
1	17461913	342	CA
1	17461940	27	AG
1	17462074	134	TC
1	17462199	125	AG
1	17462350	151	CA
1	17462563	213	GA
1	17462798	173	GA
1	17462896	98	GA
1	17462904	8	GA
1	17463017	113	TC
1	17463695	318	AG
1	17463709	14	TC
1	17463910	201	GA
1	17464249	339	CT
1	17464571	322	GC
1	17464626	55	AG
1	17464650	24	CG
1	17466266	715	TC
1	17466622	356	AG
1	17466677	55	AG
1	17466932	255	AG
1	17467439	337	GA
1	17468087	270	GA
1	17468351	264	TC
1	17468352	1	CT
1	17468367	15	AG
1	17468370	3	TC
1	17468640	270	AC
1	17468724	84	AG
1	17468729	5	GA
1	17468732	3	GC
1	17468987	178	CT
1	17469280	293	TA
1	17469348	68	TA
1	17469450	102	GA
1	17472820	1002	AG
1	17472945	125	GC
1	17473075	130	GA
1	17473219	144	GC
1	17473459	205	GA
1	17473498	39	CA
1	17473554	56	CG
1	17474166	612	TC
1	17474192	26	AG
1	17474361	169	GA
1	17474509	148	TC
1	17474881	148	AT
1	17474964	83	TC
1	17475367	403	CT
1	17475431	64	CT
1	17476289	377	GA
1	17476636	278	GA
1	17476968	332	AC
1	17477002	34	CT
1	17477458	456	AG
1	17477736	133	AT
1	17478732	467	GA
1	17479005	273	AG
1	17479563	558	GA
1	17480247	424	CA
1	17482874	1351	GC
1	17484872	1547	AG
1	17484877	5	CG
1	17484880	3	TC
1	17487430	1874	CA
1	17487751	321	GA
1	17493433	3988	CT
1	17494395	850	GA
1	17494801	406	GT
1	17495443	614	GA
1	17495507	64	AC
1	17495908	308	AC
1	17495944	36	CT
1	17496290	151	GA
1	17496326	36	CT
1	17496593	267	GA
1	17496921	328	AT
1	17497691	512	GC
1	17504890	4538	CA
1	17508530	3122	AT
1	17512164	2815	GA
1	17513088	705	GT
1	17513166	78	CA
1	17513254	88	AG
1	17513294	40	GT
1	17514410	1076	GA
1	17514456	46	AG
1	17514493	37	CT
1	17518404	3614	GA
1	17520250	608	AG
1	17520264	14	TG
1	17520840	576	CT
1	17521520	680	GA
1	17524755	2234	AG
1	17524760	5	AC
1	17526522	664	CT
1	17528444	1689	CT
1	17528660	216	TA
1	17529260	600	AG
1	17529274	14	TA
1	17529275	1	CT
1	17530341	1023	AC
1	17530410	69	GA
1	17530437	27	GA
1	17530450	13	AG
1	17530797	195	GT
1	17530910	113	GC
1	17532020	824	CT
1	17532024	4	GT
1	17532334	310	CT
1	17532346	12	AC
1	17534456	1235	GA
1	17535503	238	GA
1	17539760	1272	AC
1	17539884	124	AG
1	17539945	61	CT
1	17541438	1079	GC
1	17541620	182	GT
1	17541992	372	GT
1	17542200	148	TC
1	17542233	33	AG
1	17542235	2	CT
1	17542512	226	AG
1	17542575	63	GT
1	17542912	132	CT
1	17545369	2259	GA
1	17546190	760	GA
1	17546306	116	AG
1	17546873	298	CT
1	17548542	1669	AG
1	17549767	1225	AG
1	17550043	276	CT
1	17550107	64	GA
1	17550208	101	AG
1	17550358	150	GA
1	17550407	49	TG
1	17551296	853	AG
1	17552051	470	AG
1	17552282	231	CA
1	17552309	27	AC
1	17552533	224	CA
1	17552536	3	CT
1	17553114	578	GA
1	17553157	43	AG
1	17553595	438	AC
1	17553663	68	AG
1	17557178	2754	TG
1	17557182	4	TC
1	17558416	1068	CT
1	17558485	69	CT
1	17558536	51	GA
1	17558600	64	TC
1	17560439	1706	CT
1	17561066	395	GA
1	17561729	663	AG
1	17562570	500	CT
1	17562620	50	CT
1	17562985	365	GA
1	17563075	90	CT
1	17566093	1178	GA
1	17567592	482	TG
1	17568099	507	GA
1	17568331	232	TC
1	17568381	50	AG
1	17568514	104	AT
1	17569004	267	CT
1	17569155	151	GA
1	17569774	265	AC
1	17569785	11	GA
1	17569892	107	CT
1	17569994	102	GA
1	17570047	53	CG
1	17570169	122	GT
1	17570232	63	TC
1	17570431	199	GA
1	17570432	1	CT
1	17570456	24	AG
1	17570524	35	GA
1	17570564	40	GA
1	17570589	25	CT
1	17570619	30	TC
1	17571116	244	GA
1	17571267	151	CT
1	17572188	529	GA
1	17572925	363	AG
1	17572934	9	AT
1	17573516	582	TC
1	17573881	365	AT
1	17574064	183	CG
1	17574651	278	TC
1	17574871	220	CT
1	17577669	1782	CT
1	17578050	350	GA
1	17578169	50	CT
1	17579154	187	TC
1	17579615	355	AG
1	17580587	937	CT
1	17580686	99	AC
1	17594443	11430	GA
1	17594722	279	TG
1	17594773	51	CT
1	17594794	21	AG
1	17601455	5657	CT
1	17601761	306	GA
1	17601774	13	GA
1	17601779	5	GC
1	17601958	179	GA
1	17602222	264	CT
1	17602311	89	GA
1	17602480	169	GT
1	17602657	177	CA
1	17602728	71	GC
1	17602905	177	TC
1	17602920	15	CT
1	17602929	9	CT
1	17603686	723	CT
1	17604446	683	CT
1	17604641	195	CA
1	17604655	14	AG
1	17604687	32	CT
1	17604745	58	AG
1	17604809	64	AG
1	17604968	159	AG
1	17605094	126	AG
1	17605095	1	CT
1	17605649	484	TA
1	17605719	70	CT
1	17605875	156	CT
1	17606076	83	CT
1	17607011	935	AG
1	17607189	178	TC
1	17607377	188	GA
1	17607695	69	GA
1	17607975	280	GC
1	17612371	3416	AC
1	17616209	1251	TC
1	17620315	906	GA
1	17620373	58	TC
1	17622908	2273	AC
1	17623300	392	TC
1	17623995	547	GA
1	17624021	26	TC
1	17624044	23	GA
1	17624422	378	CT
1	17625080	156	AC
1	17625337	257	CT
1	17625582	245	AG
1	17625699	117	AC
1	17625712	13	AC
1	17625811	99	CT
1	17625833	22	CA
1	17626377	420	AG
1	17626693	316	AG
1	17627680	987	TC
1	17628317	490	AC
1	17628320	3	AG
1	17628374	54	GC
1	17629113	578	CT
1	17629790	333	CT
1	17630120	330	AG
1	17630306	186	CG
1	17630520	214	AG
1	17630540	20	TC
1	17630665	125	GA
1	17630917	252	GC
1	17630971	54	CG
1	17631014	43	TA
1	17631375	271	AG
1	17631669	294	AG
1	17632465	796	GC
1	17632612	147	CT
1	17633231	619	TG
1	17633236	5	TC
1	17633403	167	GA
1	17633430	27	CG
1	17633634	165	GA
1	17633710	76	AG
1	17633741	31	CG
1	17633761	20	AG
1	17633777	16	AG
1	17634093	104	AG
1	17634139	46	TC
1	17635067	713	CA
1	17635093	26	GA
1	17636225	985	CG
1	17637694	1398	CT
1	17637835	141	AG
1	17637872	37	GA
1	17637879	7	CT
1	17637915	36	TA
1	17637921	6	GT
1	17638041	120	GA
1	17638074	33	TC
1	17638084	10	TA
1	17638124	40	TG
1	17638125	1	TC
1	17638128	3	AG
1	17638236	108	GA
1	17638249	13	AG
1	17638258	9	CT
1	17638324	66	GC
1	17638494	170	AG
1	17639355	829	TA
1	17640191	544	GT
1	17640194	3	AG
1	17640197	3	GT
1	17640277	80	CT
1	17640628	351	GA
1	17640659	31	GT
1	17640776	117	TG
1	17641080	244	AG
1	17652058	819	GC
1	17655328	3011	GA
1	17655637	280	CT
1	17655786	149	CT
1	17656243	307	CA
1	17657221	919	CT
1	17658072	694	CT
1	17659643	1317	CT
1	17659933	290	AG
1	17660148	215	TG
1	17660779	631	TC
1	17664084	2411	CT
1	17664329	134	GT
1	17667138	2091	CT
1	17667247	109	GC
1	17667393	146	CT
1	17667806	413	GA
1	17670813	2084	CT
1	17670820	7	TG
1	17672257	1298	TC
1	17677183	4108	AG
1	17680822	1877	AG
1	17687600	5383	CA
1	17687837	237	AG
1	17687845	8	TC
1	17687963	118	CT
1	17687966	3	CT
1	17688266	170	TC
1	17688832	360	TC
1	17688835	3	TC
1	17688905	70	CT
1	17689270	97	TC
1	17689302	32	CT
1	17689485	183	GC
1	17689577	92	GA
1	17689582	5	CT
1	17689740	158	TC
1	17689755	15	GA
1	17689799	44	AG
1	17689804	5	CT
1	17689805	1	CG
1	17689850	45	GA
1	17689967	117	GC
1	17690108	141	GA
1	17690117	9	GT
1	17690148	31	CT
1	17690154	6	CT
1	17690183	29	GA
1	17690268	85	CT
1	17690515	247	CT
1	17690577	62	CT
1	17690722	145	GA
1	17690756	34	CT
1	17691818	818	CA
1	17691877	59	AC
1	17691959	82	CG
1	17692133	174	GA
1	17692794	392	GT
1	17692821	27	CT
1	17693540	348	CT
1	17694556	974	GA
1	17694747	37	TC
1	17694856	109	AG
1	17694878	22	GA
1	17694926	48	CT
1	17695525	485	GA
1	17695711	186	GC
1	17695815	104	CA
1	17695875	60	GT
1	17696775	900	TC
1	17697810	1018	TC
1	17698774	964	GC
1	17699911	717	CT
1	17699949	38	GC
1	17700475	526	TC
1	17700814	339	CT
1	17700858	44	GA
1	17701234	376	GA
1	17701305	71	CA
1	17701675	370	GC
1	17702338	636	CG
1	17703244	704	TA
1	17703285	41	AG
1	17703319	34	TC
1	17703522	203	GA
1	17703606	84	GA
1	17703641	35	TG
1	17703865	224	AC
1	17704064	199	GA
1	17704066	2	AC
1	17704178	112	CT
1	17704411	73	TA
1	17704567	156	TC
1	17704572	5	CT
1	17704718	146	TA
1	17704734	16	CT
1	17704768	34	CG
1	17704863	95	TC
1	17705204	341	GA
1	17705241	37	GT
1	17705255	14	GA
1	17705419	164	TC
1	17706000	552	TC
1	17706159	159	GA
1	17706181	22	AG
1	17706546	365	GA
1	17706701	155	GA
1	17707362	587	TC
1	17709569	1883	AG
1	17709660	91	TC
1	17711847	2187	GC
1	17711853	6	CT
1	17711937	84	TC
1	17711998	61	CT
1	17712017	19	CT
1	17714045	1810	TC
1	17717434	3221	TC
1	17721220	2398	TC
1	17721221	1	TC
1	17721847	626	AG
1	17721872	25	TC
1	17722795	828	AG
1	17723304	509	AG
1	17723915	580	GA
1	17724577	626	AG
1	17726295	906	GA
1	17730309	2844	GA
1	17733378	2326	GA
1	17733512	134	CT
1	17734222	591	CT
1	17735247	979	AC
1	17735304	57	TC
1	17736432	1128	CG
1	17737172	740	GA
1	17737730	558	AG
1	17739889	767	CT
1	17740882	652	CT
1	17741745	755	CT
1	17741763	18	TC
1	17742897	881	TC
1	17743120	223	CG
1	17743588	293	GC
1	17743873	285	TC
1	17743938	65	AG
1	17743946	8	CT
1	17744171	225	TC
1	17744177	6	GA
1	17744179	2	CT
1	17744307	128	CT
1	17744406	99	AG
1	17744604	198	CT
1	17744938	334	GA
1	17744992	54	CA
1	17744993	1	AG
1	17745128	135	AG
1	17745331	203	TA
1	17745340	9	CG
1	17745379	39	GA
1	17745657	278	TC
1	17745956	215	TC
1	17746185	229	AC
1	17746293	108	GC
1	17746295	2	CT
1	17746316	21	AG
1	17746720	180	AC
1	17747263	171	AC
1	17747299	36	GT
1	17747334	35	GA
1	17747410	76	AG
1	17747734	249	TC
1	17747745	11	CT
1	17747746	1	GA
1	17747793	47	GC
1	17748158	183	AG
1	17748161	3	CG
1	17748290	129	GC
1	17748353	63	TA
1	17748592	239	AT
1	17748883	291	TC
1	17749372	349	GA
1	17749391	19	GA
1	17749393	2	GA
1	17749664	271	TC
1	17749715	51	TC
1	17750343	475	CT
1	17752348	1365	GA
1	17754482	1608	CA
1	17760095	1635	AG
1	17763160	1501	TG
1	17764521	841	AG
1	17764631	110	GA
1	17765059	428	TG
1	17766767	1487	TC
1	17766980	213	CT
1	17767118	138	AG
1	17767127	9	GC
1	17767142	15	AG
1	17768513	675	AC
1	17769186	424	CT
1	17772810	2276	TC
1	17772848	38	AT
1	17772852	4	CT
1	17773275	318	AG
1	17773406	131	CT
1	17773445	39	TC
1	17773457	12	GA
1	17773548	91	GA
1	17773607	59	AG
1	17779937	3908	CT
1	17781737	1464	GA
1	17782666	820	TC
1	17782851	185	CG
1	17784364	762	GA
1	17786150	1432	AG
1	17789434	2443	GT
1	17790660	1186	CT
1	17792295	1414	CA
1	17796098	3026	CG
1	17798161	1877	TG
1	17798687	526	AG
1	17798777	90	TA
1	17800130	1173	CT
1	17801221	1014	GC
1	17801998	250	CT
1	17802735	396	GC
1	17805625	1959	CT
1	17805799	174	TC
1	17805862	63	TC
1	17805952	90	AG
1	17806757	144	TC
1	17806903	146	AG
1	17808410	983	AG
1	17808588	178	CT
1	17809655	1008	TC
1	17810045	293	CT
1	17810909	802	CT
1	17811003	94	AG
1	17811129	126	GA
1	17811721	592	GA
1	17812630	737	CT
1	17812631	1	AG
1	17812984	266	GA
1	17813522	508	AC
1	17813580	58	GA
1	17813918	338	TC
1	17814098	112	TA
1	17814102	4	TA
1	17814511	409	GA
1	17814741	191	TC
1	17814744	3	CT
1	17814758	14	GC
1	17814824	66	GA
1	17814880	56	GA
1	17815829	949	GA
1	17815932	103	TA
1	17815941	9	TC
1	17815946	5	AT
1	17817751	470	CA
1	17819384	1514	GC
1	17820456	678	GA
1	17821644	761	GA
1	17821695	51	AG
1	17822102	407	GA
1	17822163	61	AG
1	17822226	63	TC
1	17822249	23	GA
1	17822884	472	AC
1	17822918	34	CT
1	17822919	1	AG
1	17823016	97	CT
1	17823036	20	CT
1	17823766	110	TG
1	17823883	117	CT
1	17823938	55	CT
1	17824141	203	AT
1	17824315	174	CT
1	17824754	439	AT
1	17824909	155	CT
1	17826048	820	GT
1	17826625	458	AG
1	17827606	818	CT
1	17828329	723	CT
1	17829912	1203	TG
1	17830528	616	TC
1	17830718	190	CA
1	17832434	1321	TC
1	17834359	740	CT
1	17834407	48	CA
1	17834797	390	GA
1	17835000	203	AG
1	17835294	294	CG
1	17835360	66	GA
1	17836040	680	GA
1	17837339	92	AT
1	17837388	49	CT
1	17837391	3	AG
1	17838023	527	CT
1	17838569	491	GA
1	17839233	664	GA
1	17839707	186	CT
1	17840082	375	CA
1	17840186	104	AC
1	17840244	58	AC
1	17840348	104	CT
1	17841399	271	GA
1	17841432	33	TA
1	17842400	282	GA
1	17842894	494	TG
1	17843233	187	AG
1	17843237	4	TC
1	17843245	8	AG
1	17843250	5	AG
1	17844235	507	GC
1	17844574	339	AG
1	17845209	594	CA
1	17845210	1	GC
1	17845621	411	CT
1	17845945	249	TC
1	17846110	165	CT
1	17846265	155	TC
1	17846993	493	AG
1	17847002	9	GA
1	17847227	186	TG
1	17851721	3743	CT
1	17851748	27	CT
1	17851782	34	CG
1	17852370	309	AC
1	17852599	129	GT
1	17852657	58	AG
1	17852700	43	CT
1	17853002	302	AG
1	17853596	384	GA
1	17853706	110	CA
1	17854351	507	GA
1	17859276	4322	AG
1	17865498	5914	TC
1	17866540	968	GT
1	17866916	376	CA
1	17871768	3479	CT
1	17872023	255	TC
1	17872944	800	AG
1	17873022	78	CT
1	17875644	2068	TC
1	17876426	748	AG
1	17888109	10521	GA
1	17890624	2380	CA
1	17892296	1501	CT
1	17893461	790	AT
1	17894324	863	AC
1	17894371	47	TC
1	17895435	994	AC
1	17895445	10	AG
1	17895475	30	AG
1	17895635	160	GA
1	17895661	26	CG
1	17895685	24	GT
1	17895687	2	GT
1	17895696	9	TA
1	17896504	713	GC
1	17896545	41	AG
1	17896738	159	GT
1	17896752	14	GA
1	17896815	63	AG
1	17896841	26	CT
1	17896845	4	CT
1	17897390	446	GA
1	17897740	175	GT
1	17898571	361	TG
1	17898747	176	GA
1	17899796	860	TC
1	17899800	4	AG
1	17900306	506	CT
1	17900801	495	CT
1	17900888	87	CG
1	17900922	34	GT
1	17900967	45	GA
1	17901514	547	GA
1	17902651	906	GT
1	17907384	3253	CT
1	17907670	41	CT
1	17907692	22	CG
1	17907707	15	TC
1	17907776	69	CT
1	17907795	19	TG
1	17907979	165	TC
1	17909094	1034	CT
1	17909114	20	TG
1	17909192	78	TC
1	17909199	7	CT
1	17909202	3	TC
1	17909221	19	GT
1	17910037	783	GA
1	17910106	69	TC
1	17910145	39	TC
1	17910146	1	GA
1	17910198	52	TG
1	17910223	25	GA
1	17910227	4	AT
1	17910236	9	TC
1	17910245	9	AG
1	17910277	32	AT
1	17910385	108	CG
1	17910978	409	TG
1	17911067	89	CA
1	17911114	47	CT
1	17911471	110	CT
1	17911484	13	CT
1	17911513	29	GA
1	17911683	148	TC
1	17911698	15	GA
1	17911737	39	GA
1	17911801	64	GA
1	17911805	4	CT
1	17911824	19	GA
1	17911841	17	CT
1	17912082	241	TC
1	17912085	3	AG
1	17912096	11	AG
1	17912103	7	GA
1	17912446	343	AG
1	17912554	108	CT
1	17912561	7	AG
1	17912719	158	CT
1	17912741	22	GA
1	17913019	155	AG
1	17913049	30	CT
1	17913050	1	GT
1	17913084	34	TC
1	17913122	38	CT
1	17913127	5	TC
1	17913210	83	TA
1	17913289	79	CT
1	17913416	127	CT
1	17913445	29	AT
1	17913467	22	CT
1	17913510	43	CT
1	17914027	292	TA
1	17914028	1	TA
1	17914030	2	GA
1	17914257	227	AG
1	17914330	73	TC
1	17916816	2165	CG
1	17916820	4	GC
1	17916948	128	CT
1	17917246	298	AC
1	17917540	294	CT
1	17917560	20	GA
1	17917568	8	TA
1	17917610	42	CT
1	17917635	25	CT
1	17917771	136	GA
1	17917806	35	GA
1	17917958	152	CT
1	17918427	174	TC
1	17918503	76	CT
1	17918801	298	CT
1	17918820	19	GA
1	17918916	29	CT
1	17918990	20	GT
1	17920595	1017	TC
1	17920650	55	AG
1	17920701	51	CT
1	17920787	86	TC
1	17920900	113	CT
1	17921070	95	TC
1	17921782	49	CT
1	17921784	2	GA
1	17921791	7	GA
1	17921960	169	GA
1	17922041	81	TC
1	17922047	6	TC
1	17922276	229	TC
1	17922325	49	AC
1	17922393	68	CG
1	17922648	255	TC
1	17922658	10	GA
1	17922694	36	TC
1	17922714	20	CT
1	17922723	9	GT
1	17923341	341	GA
1	17923728	68	TG
1	17924039	140	GA
1	17942572	12755	TA
1	17943086	480	CT
1	17943240	154	TA
1	17943712	326	CT
1	17943725	13	TG
1	17944032	51	TC
1	17944118	86	CT
1	17944140	22	TA
1	17944290	150	GA
1	17944909	495	AT
1	17945080	171	CA
1	17945910	529	CA
1	17947037	814	AG
1	17948258	956	TG
1	17948335	15	AG
1	17948353	18	CG
1	17948375	22	TC
1	17949038	621	GA
1	17949166	128	AT
1	17953031	2310	AG
1	17955022	1376	AG
1	17955539	271	TC
1	17955574	35	AT
1	17956310	584	GT
1	17956312	2	AG
1	17956355	43	TG
1	17956422	67	CT
1	17956581	159	AG
1	17957130	294	CA
1	17958059	185	TC
1	17958634	575	TC
1	17958777	143	GA
1	17959080	303	TC
1	17959101	21	AG
1	17959139	38	GA
1	17959252	113	GA
1	17960358	635	CT
1	17960382	24	CT
1	17961225	843	AG
1	17961601	376	TC
1	17961650	49	GA
1	17962379	588	TC
1	17962837	257	CT
1	17963021	184	AG
1	17963072	51	GA
1	17963314	186	AT
1	17964158	379	AC
1	17964854	498	AG
1	17965124	143	GC
1	17966432	1225	AG
1	17967562	1073	GC
1	17967969	407	TC
1	17968132	163	GC
1	17968244	112	TC
1	17968342	98	CT
1	17969049	594	GA
1	17971656	2325	CT
1	17971763	107	GC
1	17972261	498	CT
1	17972428	167	CA
1	17973828	716	CT
1	17973869	41	GA
1	17974478	571	CG
1	17974761	283	TG
1	17974792	31	CG
1	17975093	301	GT
1	17975142	49	GA
1	17975631	402	TC
1	17976564	753	GA
1	17976582	18	AG
1	17976812	230	TC
1	17977009	153	CA
1	17977026	17	GA
1	17977684	590	AC
1	17978106	422	TC
1	17978293	81	GT
1	17978338	45	AG
1	17981691	2716	TC
1	17983950	1374	TG
1	17984053	103	CT
1	17984160	107	GA
1	17984359	199	GA
1	17992878	3522	AG
1	17992918	40	TC
1	17992921	3	TC
1	17993358	437	AG
1	17993946	409	TC
1	17993987	41	GA
1	17994022	35	CA
1	17994026	4	AG
1	17994184	158	GA
1	17994186	2	GA
1	17994221	35	GA
1	17994413	192	TC
1	17996505	79	TC
1	17998034	146	AC
1	17998122	88	CT
1	17998130	8	AC
1	17998783	242	AT
1	17998784	1	AT
1	17998804	20	AG
1	17999075	271	GA
1	17999601	267	TC
1	17999761	160	GA
1	18000194	433	AG
1	18000338	144	GT
1	18001420	1019	GA
1	18001490	70	TC
1	18001596	106	CT
1	18001602	6	AG
1	18001608	6	GA
1	18001736	128	AT
1	18001829	93	GC
1	18001844	15	TA
1	18001989	145	GT
1	18002127	138	GA
1	18002476	349	GA
1	18002546	70	AT
1	18002698	58	GA
1	18003224	58	TC
1	18003404	180	CG
1	18003605	201	AG
1	18004072	467	CT
1	18007430	1354	TC
1	18008577	649	CT
1	18008820	243	AG
1	18011035	1612	CT
1	18011061	26	GA
1	18011095	34	AG
1	18011373	278	GA
1	18012078	391	CT
1	18012460	208	TC
1	18012984	207	GC
1	18013029	45	AC
1	18014615	1586	CT
1	18016028	1152	TC
1	18016056	28	CT
1	18017401	977	TC
1	18017403	2	CT
1	18017554	151	CT
1	18018728	1157	GA
1	18018735	7	GA
1	18018853	118	CT
1	18018857	4	GC
1	18018897	40	GT
1	18019397	500	CT
1	18020832	866	GT
1	18021401	569	GA
1	18021765	364	CT
1	18022896	1110	GC
1	18023545	465	CT
1	18024492	596	GA
1	18025496	845	AC
1	18025991	385	AG
1	18026306	208	TG
1	18026374	68	TC
1	18026435	61	CT
1	18026468	33	CT
1	18026477	9	TC
1	18026651	45	TC
1	18027435	784	CT
1	18028041	447	TG
1	18030212	1849	AG
1	18031559	1308	CT
1	18033877	1276	GA
1	18035733	1551	AG
1	18037319	1399	AC
1	18037770	236	CT
1	18037777	7	GA
1	18037911	134	AG
1	18038781	824	TC
1	18038879	98	CT
1	18038880	1	AG
1	18038902	22	GC
1	18039833	931	AG
1	18040213	363	GA
1	18040686	473	GA
1	18042270	1495	GA
1	18042639	369	TA
1	18043106	467	TC
1	18053092	8773	TG
1	18059664	5923	GA
1	18064057	3305	AG
1	18065396	1339	AG
1	18066404	830	AG
1	18067254	429	GA
1	18069510	2256	CG
1	18069516	6	CT
1	18070000	448	AG
1	18070231	231	AG
1	18070271	40	GA
1	18070273	2	TC
1	18071762	1070	TC
1	18071981	202	CT
1	18071999	18	CT
1	18072107	108	GC
1	18072605	434	CT
1	18072664	59	GA
1	18072875	211	AG
1	18073207	332	TC
1	18073381	174	CT
1	18073850	374	TC
1	18073907	57	TC
1	18074781	549	TC
1	18075373	592	CT
1	18076179	806	CT
1	18076277	98	AG
1	18076410	38	AG
1	18076431	21	GA
1	18076657	226	TA
1	18077047	273	GT
1	18077401	171	GA
1	18077412	11	CG
1	18077511	99	CT
1	18077608	97	TG
1	18079201	1097	TC
1	18079349	148	AG
1	18080343	972	TC
1	18082712	926	CA
1	18082730	18	TC
1	18082774	44	TC
1	18083954	630	AG
1	18084389	323	CT
1	18084579	190	CT
1	18086212	1375	TC
1	18086263	51	TC
1	18086840	121	TC
1	18086869	29	GT
1	18087254	385	AC
1	18087766	512	CT
1	18087809	43	AG
1	18088179	313	AG
1	18089899	1441	CA
1	18090567	668	CT
1	18098604	5728	TG
1	18099727	772	TC
1	18100008	281	AG
1	18100732	724	TC
1	18101872	1140	CT
1	18102703	488	CA
1	18103787	1084	GA
1	18103864	77	AG
1	18104351	309	TA
1	18104480	129	TC
1	18104487	7	GA
1	18104491	4	CG
1	18104688	197	TC
1	18105798	1110	AG
1	18105966	168	CA
1	18109444	2514	AG
1	18110548	1104	GT
1	18112743	1630	AG
1	18114779	1345	TC
1	18114951	172	CT
1	18117570	2495	AG
1	18118230	660	CT
1	18120812	1746	AT
1	18121882	510	TC
1	18122306	424	AG
1	18123426	728	TC
1	18123557	131	GC
1	18123566	9	CT
1	18123593	27	GC
1	18123626	33	AG
1	18124359	733	TC
1	18135281	9231	CT
1	18135635	354	CT
1	18136136	501	CA
1	18136184	48	TC
1	18136449	265	GC
1	18136517	68	CG
1	18136905	388	CT
1	18137002	97	AG
1	18137068	66	TC
1	18138356	1124	GA
1	18141783	2432	AG
1	18141863	80	TA
1	18141975	112	TC
1	18142313	338	GA
1	18142355	42	GT
1	18142496	141	AG
1	18142738	242	GA
1	18142787	49	TC
1	18142867	80	AG
1	18143169	302	CT
1	18143905	226	AG
1	18144657	752	CT
1	18145196	450	GA
1	18145455	259	GA
1	18145729	274	GA
1	18145815	86	CT
1	18146454	439	GA
1	18148393	1201	GA
1	18151621	2828	TG
1	18151634	13	GA
1	18151752	118	AG
1	18153376	1032	GT
1	18153468	92	GA
1	18153634	166	TC
1	18154305	671	CT
1	18154586	281	TG
1	18154588	2	TC
1	18154700	112	TC
1	18154739	39	GA
1	18155317	578	CT
1	18155952	552	TC
1	18156037	85	GA
1	18156122	85	TC
1	18156151	29	CA
1	18156286	135	TC
1	18156331	45	GA
1	18156558	227	AG
1	18156918	360	CT
1	18157009	91	TA
1	18157227	218	AG
1	18157246	19	CT
1	18157351	105	TC
1	18157519	168	GC
1	18157858	339	GA
1	18158108	250	GA
1	18158157	49	CT
1	18158187	30	TG
1	18158386	199	GC
1	18159260	401	CT
1	18160482	1004	CA
1	18160495	13	TC
1	18161044	549	TC
1	18162738	1694	CG
1	18163053	315	CT
1	18163903	777	TG
1	18164889	892	AG
1	18165103	214	CT
1	18172165	555	TC
1	18172433	268	TC
1	18172637	204	CG
1	18173088	451	GA
1	18173151	63	GT
1	18173501	350	CT
1	18174564	931	CT
1	18174577	13	CT
1	18174614	37	CT
1	18175520	880	AC
1	18175545	25	CT
1	18176628	696	CT
1	18178319	1088	TC
1	18178436	117	TC
1	18179322	700	TC
1	18179334	12	AG
1	18179419	85	AG
1	18179794	375	GA
1	18180073	279	TC
1	18180685	589	TG
1	18180771	86	AG
1	18181211	440	GA
1	18185435	1266	TC
1	18185478	43	AG
1	18185575	97	GA
1	18185584	9	CT
1	18185864	65	GT
1	18186123	259	GA
1	18186704	435	TC
1	18186706	2	TC
1	18186755	49	TC
1	18187021	266	TC
1	18187118	78	GA
1	18187265	70	CT
1	18187267	2	CG
1	18187413	146	AG
1	18187427	14	TC
1	18187477	50	TC
1	18187636	159	TC
1	18187756	120	CA
1	18187886	130	GA
1	18187905	19	GA
1	18188195	290	AG
1	18188595	356	GT
1	18188899	304	GA
1	18189158	259	AG
1	18189359	201	CT
1	18189813	347	GT
1	18189853	40	CT
1	18189917	64	GA
1	18190974	247	AG
1	18191142	168	AG
1	18191422	280	GA
1	18191481	59	CT
1	18191734	253	CT
1	18192009	275	AG
1	18192399	390	AG
1	18192537	138	CT
1	18193210	312	GT
1	18193236	26	TC
1	18193468	232	GA
1	18193481	13	AC
1	18193568	87	GC
1	18193625	57	AC
1	18193820	195	TC
1	18193895	75	CT
1	18193896	1	AG
1	18194124	228	AC
1	18194182	58	TC
1	18194670	176	GT
1	18194676	6	CT
1	18195328	348	CT
1	18195768	440	CT
1	18196037	269	CG
1	18196048	11	AC
1	18196396	348	AG
1	18196836	328	GA
1	18197746	460	GA
1	18198366	620	TC
1	18198808	442	TC
1	18198870	62	GC
1	18199043	173	GA
1	18201859	1208	GA
1	18202325	306	GA
1	18202440	115	TC
1	18202447	7	AC
1	18202451	4	AG
1	18202501	50	AG
1	18202517	16	TC
1	18202844	327	CG
1	18203149	305	TC
1	18203256	107	TC
1	18203258	2	CG
1	18203273	15	TG
1	18203279	6	TC
1	18203384	105	GC
1	18203436	52	AG
1	18203553	117	TC
1	18203814	261	GA
1	18203923	109	TC
1	18203955	32	CG
1	18204243	288	AC
1	18204443	200	CT
1	18204509	66	CT
1	18204838	329	TC
1	18204964	126	CT
1	18205229	151	GA
1	18205234	5	CT
1	18205309	75	CT
1	18205434	125	GA
1	18206238	694	TC
1	18206389	109	CT
1	18206637	66	AG
1	18206645	8	CT
1	18207727	903	AG
1	18208648	853	GA
1	18208966	318	TC
1	18209164	198	CT
1	18209436	272	CT
1	18209474	38	GC
1	18209507	33	TG
1	18209904	197	CT
1	18209979	75	GA
1	18210820	841	GA
1	18211019	199	CT
1	18211186	167	GA
1	18211233	47	TA
1	18211823	435	GC
1	18213425	363	GA
1	18213427	2	AG
1	18213558	56	AG
1	18215291	1648	CT
1	18215397	106	AG
1	18215420	23	GA
1	18215583	163	GA
1	18218480	1902	GA
1	18220772	1737	CG
1	18221192	306	GA
1	18221563	310	GA
1	18221578	15	TC
1	18221580	2	CG
1	18221599	19	GA
1	18221613	14	AC
1	18222883	576	TC
1	18222959	76	TA
1	18223207	248	AG
1	18223225	18	AT
1	18223271	46	AT
1	18223390	119	CT
1	18223920	530	GC
1	18223965	45	GA
1	18223994	29	GA
1	18224043	49	CA
1	18224114	71	TC
1	18224292	178	TA
1	18224345	53	TC
1	18224660	315	TC
1	18224749	89	AG
1	18224943	194	AG
1	18224959	16	TC
1	18225150	191	TG
1	18225455	305	AT
1	18226544	525	AG
1	18227511	596	TC
1	18229130	1466	GA
1	18229368	238	TC
1	18233494	1704	AC
1	18234295	801	GA
1	18234406	111	TC
1	18234492	86	CT
1	18234753	261	GA
1	18234915	162	GA
1	18235575	660	CT
1	18235603	28	CA
1	18235615	12	CT
1	18235636	21	GA
1	18235724	88	AC
1	18235805	81	GC
1	18235815	10	CT
1	18235944	129	GC
1	18237186	594	AG
1	18240765	2384	GA
1	18249810	7666	GA
1	18252808	2606	TC
1	18252890	82	TC
1	18252897	7	GC
1	18253120	223	GT
1	18253208	88	AG
1	18253355	147	CT
1	18253441	86	TG
1	18258404	3298	TC
1	18259354	950	CT
1	18260217	863	CA
1	18273178	9689	AG
1	18273297	92	GA
1	18273545	248	GA
1	18274970	1095	GA
1	18275171	201	GA
1	18275239	68	GA
1	18275335	96	CT
1	18275402	67	GC
1	18275574	172	GA
1	18275647	73	AG
1	18275849	202	CT
1	18275973	124	CT
1	18276097	124	CT
1	18276122	25	AG
1	18276309	187	TC
1	18276570	261	GA
1	18277570	872	AG
1	18277661	91	TC
1	18277997	336	CT
1	18278710	713	CT
1	18278776	66	GT
1	18278951	175	CT
1	18279211	95	GC
1	18279605	394	GA
1	18279892	287	GA
1	18279893	1	GA
1	18281279	1386	TA
1	18282887	1077	CA
1	18282949	62	AG
1	18283548	599	CT
1	18286531	2381	CG
1	18286901	335	AC
1	18289126	1929	GC
1	18289754	628	CT
1	18290291	537	CT
1	18290540	249	AG
1	18290779	239	CA
1	18290818	39	TC
1	18290839	21	TG
1	18291418	579	GA
1	18291841	375	CG
1	18291868	27	AC
1	18291882	14	AG
1	18291916	34	GT
1	18292047	131	TC
1	18292053	6	CT
1	18292454	401	CT
1	18292795	341	GA
1	18292798	3	CG
1	18292869	71	CT
1	18293011	142	AT
1	18293646	635	GA
1	18293782	136	GA
1	18293834	52	CA
1	18293946	112	GA
1	18294533	351	AG
1	18294546	13	CT
1	18294556	10	TC
1	18294678	79	CT
1	18294815	137	CG
1	18294820	5	GA
1	18294849	29	GA
1	18294866	17	GA
1	18294900	34	TC
1	18294914	14	AG
1	18294923	9	AT
1	18297780	1776	GA
1	18297933	153	GA
1	18298502	569	CT
1	18298508	6	AG
1	18299432	924	TG
1	18301557	1670	CG
1	18301711	154	GA
1	18301739	28	CT
1	18302534	795	TC
1	18303326	545	CT
1	18303747	212	GA
1	18304256	454	CT
1	18304272	16	CT
1	18304475	203	CT
1	18304490	15	AG
1	18304635	145	GA
1	18305238	526	GT
1	18305257	19	AG
1	18305277	20	GA
1	18305715	266	AG
1	18305843	128	AT
1	18306348	505	AG
1	18306755	407	GA
1	18307541	786	AT
1	18307979	438	TC
1	18308621	642	CT
1	18309481	502	CT
1	18309501	20	GC
1	18309604	103	CT
1	18309676	72	GA
1	18310028	352	CT
1	18310992	925	GA
1	18312063	732	TC
1	18312441	192	GC
1	18313387	653	CT
1	18314198	725	GA
1	18319285	4366	GA
1	18321024	1680	AG
1	18321266	242	CT
1	18322119	853	GC
1	18322323	204	TC
1	18323799	1452	GA
1	18324312	513	CT
1	18324391	40	TG
1	18324957	471	CG
1	18326889	1418	GA
1	18326965	76	CT
1	18327124	159	GA
1	18327154	30	AG
1	18327236	82	CT
1	18327252	16	AG
1	18327677	425	CT
1	18327703	26	AG
1	18327776	73	CT
1	18327932	156	TG
1	18327976	44	GA
1	18328976	657	CT
1	18329111	135	AG
1	18329773	537	CT
1	18329882	109	GA
1	18329990	108	CT
1	18330307	317	AG
1	18337636	6287	GA
1	18337719	83	AC
1	18337878	159	GA
1	18338031	153	CG
1	18338174	143	AG
1	18338835	661	CT
1	18339139	304	GA
1	18339310	61	CG
1	18340047	596	CT
1	18340100	53	AG
1	18340350	250	TC
1	18340393	43	GA
1	18340589	196	AG
1	18340597	8	AT
1	18341448	584	AG
1	18341859	411	GT
1	18341948	89	TC
1	18342164	149	GA
1	18342508	344	AG
1	18342655	147	GA
1	18342739	84	AG
1	18342776	37	GA
1	18342788	12	GA
1	18342798	10	GA
1	18342838	40	AG
1	18342982	144	AG
1	18343066	84	TC
1	18343092	26	AG
1	18344030	938	GA
1	18344528	498	CG
1	18344678	150	TG
1	18344691	13	AT
1	18344923	146	CG
1	18345254	331	GC
1	18351151	599	CA
1	18351207	56	GC
1	18351432	225	TC
1	18351529	97	AG
1	18351537	8	AC
1	18351546	9	CT
1	18351659	113	CT
1	18351660	1	GA
1	18351715	55	AG
1	18351877	162	TC
1	18352106	229	AT
1	18352225	119	GT
1	18352287	62	TC
1	18352821	264	GT
1	18352828	7	CT
1	18353148	320	GA
1	18353510	362	CA
1	18353647	137	CT
1	18353712	65	GA
1	18353795	83	AG
1	18353944	149	GC
1	18353990	46	GA
1	18354200	210	AG
1	18354212	12	TG
1	18354233	21	GA
1	18354436	203	TG
1	18354472	36	GA
1	18354491	19	GC
1	18354679	188	CT
1	18354787	108	AG
1	18354970	183	TC
1	18355018	48	GT
1	18355036	18	GC
1	18355135	99	TC
1	18355273	138	TC
1	18355344	71	GT
1	18368444	9178	AG
1	18368450	6	GA
1	18371037	2147	AG
1	18371652	496	TC
1	18371673	21	AG
1	18371677	4	AG
1	18371715	38	TC
1	18371750	35	CG
1	18372144	394	GA
1	18372548	404	AG
1	18373036	131	CA
1	18373350	198	GA
1	18373508	158	AG
1	18373525	17	CT
1	18373915	63	CA
1	18374512	490	CT
1	18374845	333	AG
1	18375067	222	AG
1	18376063	996	GA
1	18376489	281	GA
1	18376542	53	AT
1	18376596	54	TA
1	18377025	429	AC
1	18383366	597	CT
1	18383584	218	GA
1	18383591	7	CT
1	18383848	257	CT
1	18383904	56	CT
1	18383943	39	AG
1	18384001	58	CT
1	18384019	18	TG
1	18385435	1220	CT
1	18387000	1045	CT
1	18387698	237	CT
1	18388362	640	TC
1	18388467	105	TC
1	18389034	567	GT
1	18389148	114	CT
1	18389214	66	CT
1	18389239	25	TC
1	18389346	107	GA
1	18389549	203	GA
1	18389555	6	GA
1	18390376	591	TC
1	18390424	48	CA
1	18391024	545	CT
1	18392006	964	CT
1	18392025	19	TC
1	18392065	40	GA
1	18392153	88	CT
1	18392756	322	TC
1	18392806	50	CT
1	18392830	24	AG
1	18392861	31	GA
1	18393379	457	GA
1	18393508	129	TG
1	18393518	10	TC
1	18393531	13	AG
1	18393585	54	GA
1	18393692	107	CT
1	18393791	99	TC
1	18393862	71	AG
1	18394039	177	GC
1	18394128	89	CT
1	18394361	233	GA
1	18394388	27	TG
1	18395207	549	GA
1	18395375	168	GA
1	18397083	880	AG
1	18397489	293	TC
1	18397503	14	TC
1	18397657	154	TC
1	18398552	870	AG
1	18398578	26	CT
1	18398674	96	CT
1	18398985	311	CA
1	18399000	15	GT
1	18400344	824	TC
1	18400419	75	CT
1	18400740	287	GA
1	18400762	22	GA
1	18400780	18	GC
1	18400803	23	GA
1	18401154	351	AG
1	18401422	118	GA
1	18401474	52	GA
1	18401545	71	GA
1	18403683	1936	AG
1	18403883	200	CT
1	18405335	1312	GA
1	18405494	159	GA
1	18412966	5484	TC
1	18427021	11866	CT
1	18427166	145	CT
1	18427782	521	AG
1	18432935	4603	CG
1	18433143	134	GT
1	18433198	55	CT
1	18434612	1198	TC
1	18436340	1099	AG
1	18436714	374	GT
1	18437381	667	AC
1	18438031	590	GA
1	18439102	802	CT
1	18439157	55	TC
1	18441932	2010	AG
1	18442037	105	GA
1	18442487	112	GA
1	18442509	22	CT
1	18443595	692	TC
1	18443642	47	AG
1	18443957	315	GT
1	18444288	331	GA
1	18444810	522	AG
1	18444844	34	AG
1	18444855	11	TC
1	18444967	112	CT
1	18444982	15	GA
1	18445377	395	TG
1	18445905	528	TC
1	18445970	65	GC
1	18446016	46	TG
1	18447710	1236	TA
1	18449236	1002	GC
1	18449486	250	TC
1	18450097	611	AG
1	18450156	59	GT
1	18450163	7	TG
1	18450418	42	TC
1	18451581	1008	GA
1	18451895	314	GA
1	18451937	42	GA
1	18452091	154	TC
1	18452708	345	GA
1	18455540	2740	GA
1	18456462	797	AG
1	18458813	2027	TC
1	18459094	281	TC
1	18459247	153	TG
1	18459618	275	CG
1	18459694	76	GA
1	18459764	70	AT
1	18459999	193	TC
1	18460507	194	CT
1	18460587	80	TC
1	18460636	49	CG
1	18461842	1051	CG
1	18462002	160	CT
1	18463309	237	GC
1	18463415	106	CG
1	18463450	35	CA
1	18463465	15	TC
1	18464409	629	TC
1	18464800	391	TC
1	18464830	30	TC
1	18464949	119	TC
1	18465709	540	CT
1	18465877	168	TC
1	18465890	13	GT
1	18465934	44	CG
1	18465960	26	CA
1	18465987	27	TC
1	18466063	76	CT
1	18466122	59	TA
1	18466240	118	GC
1	18466382	142	AG
1	18467028	507	CT
1	18467093	65	TC
1	18467123	30	TC
1	18467550	259	GA
1	18469114	1310	AG
1	18469368	138	GC
1	18469628	206	GA
1	18469633	5	AG
1	18470606	846	CT
1	18470611	5	CT
1	18470989	378	AG
1	18471571	451	GA
1	18471863	292	GA
1	18472026	163	TC
1	18472046	20	GA
1	18472654	589	TC
1	18473209	555	CT
1	18474548	1166	AG
1	18475296	591	CT
1	18475717	421	GA
1	18476249	532	CT
1	18478481	2071	GA
1	18478991	510	AT
1	18479018	27	AG
1	18479157	139	TC
1	18479189	32	AT
1	18479490	301	TC
1	18479658	168	CT
1	18480532	721	CA
1	18480617	85	AG
1	18480944	272	GC
1	18481062	118	TC
1	18481077	15	AT
1	18481411	259	CT
1	18482032	111	AG
1	18482221	189	CT
1	18482438	217	CA
1	18482543	105	AT
1	18482572	29	TA
1	18482612	40	AC
1	18483493	480	CT
1	18483716	223	CA
1	18483866	150	TC
1	18483896	30	GA
1	18483921	25	GA
1	18483960	39	GA
1	18484005	45	TC
1	18484184	179	TG
1	18484194	10	GA
1	18484211	17	TG
1	18484238	27	AG
1	18484388	150	TC
1	18484608	220	CT
1	18484647	39	CG
1	18484666	19	CT
1	18484915	112	CG
1	18484954	39	GA
1	18485477	523	GA
1	18485498	21	CT
1	18485857	359	GA
1	18486074	217	TC
1	18486096	22	CA
1	18486097	1	CA
1	18486206	109	AC
1	18486234	28	GC
1	18486356	122	TC
1	18486420	64	TC
1	18487002	258	TC
1	18504282	13193	CT
1	18505851	1284	CG
1	18509405	2399	CA
1	18512630	2630	GA
1	18516908	2502	TC
1	18517089	181	TC
1	18522748	4788	CA
1	18523193	235	TC
1	18523502	309	AC
1	18523689	187	AG
1	18523874	185	GA
1	18523966	92	GA
1	18524475	162	TC
1	18524523	48	CT
1	18524581	58	AC
1	18524645	64	CT
1	18524677	32	AT
1	18525248	476	CT
1	18526470	1124	TA
1	18526474	4	AG
1	18526848	111	CG
1	18526923	75	AT
1	18529495	1727	GA
1	18529990	397	TC
1	18530413	423	AG
1	18530631	218	AG
1	18531154	327	AG
1	18532042	627	TC
1	18532815	719	TC
1	18532864	49	GA
1	18532933	69	CT
1	18533382	449	GA
1	18533386	4	GC
1	18533418	32	GA
1	18533582	164	AC
1	18533616	34	TC
1	18533807	191	GA
1	18533851	44	CT
1	18533969	118	CA
1	18534241	272	GA
1	18534429	188	CT
1	18537341	2429	CT
1	18538194	730	GA
1	18538827	633	GA
1	18538932	105	GA
1	18539466	212	AG
1	18539628	162	CT
1	18539631	3	GA
1	18541082	1000	CG
1	18541153	71	AG
1	18542602	1139	AG
1	18542896	294	GA
1	18543449	143	GA
1	18543540	91	TC
1	18543898	358	TC
1	18543994	96	GA
1	18544091	97	CA
1	18544253	162	TC
1	18544266	13	AG
1	18544324	58	CT
1	18544353	29	GA
1	18544361	8	GT
1	18544446	85	TC
1	18544650	204	AG
1	18545531	881	GT
1	18546105	363	AG
1	18546798	384	CT
1	18546871	73	CG
1	18548543	340	CT
1	18552553	1466	CT
1	18553966	1366	AT
1	18555688	1722	AG
1	18555720	32	AG
1	18556343	598	GA
1	18556511	168	CT
1	18556678	167	GA
1	18556704	26	GC
1	18557074	370	GA
1	18557192	118	AG
1	18558462	768	AG
1	18559385	762	TC
1	18560355	558	TC
1	18560433	78	AG
1	18560446	13	TG
1	18560478	32	GA
1	18561640	390	GA
1	18561648	8	CT
1	18561671	23	CT
1	18561819	148	GA
1	18561846	27	CT
1	18561974	128	GA
1	18562312	338	AG
1	18563249	908	CT
1	18563252	3	CT
1	18563308	56	AC
1	18569859	4659	TC
1	18570152	293	AC
1	18570232	80	TC
1	18570234	2	GT
1	18571099	865	CT
1	18571316	217	AG
1	18571327	11	CT
1	18571333	6	AG
1	18571572	239	CA
1	18571834	262	GT
1	18571893	59	CT
1	18571922	29	AG
1	18572001	79	GA
1	18572002	1	AT
1	18572090	88	GC
1	18572148	58	AG
1	18572259	111	AG
1	18572426	167	GA
1	18572794	368	AG
1	18573147	353	TC
1	18573154	7	TA
1	18573175	21	CT
1	18573281	106	CT
1	18573467	186	GA
1	18573474	7	CT
1	18573505	31	CT
1	18574048	135	GA
1	18574883	835	CT
1	18575114	231	TC
1	18575160	46	TC
1	18576969	1306	CA
1	18577509	540	CG
1	18579955	556	CT
1	18581913	1627	GA
1	18583882	854	TG
1	18584102	220	TC
1	18587884	3245	CA
1	18596796	8398	GA
1	18596917	121	TC
1	18603427	3250	AG
1	18603959	532	AG
1	18604586	627	CT
1	18604642	56	GC
1	18606380	1109	GA
1	18607526	666	AC
1	18607570	44	GA
1	18607623	53	CT
1	18607754	131	GA
1	18608148	58	AT
1	18608151	3	GT
1	18608387	236	CT
1	18608399	12	CT
1	18608487	88	TC
1	18608501	14	GT
1	18608611	34	GA
1	18608684	73	CG
1	18608723	39	GT
1	18608972	108	AC
1	18608995	23	GT
1	18608999	4	AG
1	18609027	28	CT
1	18609240	213	TG
1	18609738	498	GA
1	18610328	426	CT
1	18610401	73	GA
1	18610554	111	GC
1	18610984	430	CT
1	18611230	246	CT
1	18611236	6	GT
1	18611261	25	GA
1	18611276	15	GA
1	18611294	18	GA
1	18611317	23	CT
1	18611387	70	GA
1	18611413	26	CT
1	18611483	70	TC
1	18611486	3	GA
1	18611493	7	CA
1	18611631	138	CT
1	18611664	33	AG
1	18611665	1	AC
1	18611695	30	TG
1	18612056	361	GA
1	18612426	370	CG
1	18612878	452	TC
1	18612918	40	AG
1	18613025	107	TA
1	18613406	381	CT
1	18613588	182	GA
1	18613767	179	AG
1	18613802	35	GA
1	18614037	68	AG
1	18614049	12	CA
1	18614274	225	AG
1	18614663	389	GA
1	18614664	1	GC
1	18614705	41	CT
1	18615115	364	CT
1	18615185	70	CT
1	18615233	48	AG
1	18615253	20	CT
1	18615272	19	GA
1	18615377	105	AG
1	18615634	257	AG
1	18615670	36	GA
1	18616510	840	GC
1	18616613	103	CT
1	18616817	204	GA
1	18618425	1353	CT
1	18620497	2012	GT
1	18622649	632	CA
1	18623252	603	CT
1	18623282	30	GA
1	18623316	34	CA
1	18623563	247	TA
1	18624259	394	CT
1	18624734	475	CT
1	18625499	686	CT
1	18625554	55	AG
1	18625930	34	TC
1	18625982	52	CT
1	18626083	101	CT
1	18626089	6	GA
1	18626183	94	GA
1	18626288	105	TC
1	18626323	35	CA
1	18626547	145	GA
1	18626615	68	GC
1	18626812	197	TC
1	18626879	67	GA
1	18627881	511	TC
1	18627915	34	TC
1	18627983	68	TC
1	18628181	198	CT
1	18628198	17	CT
1	18628201	3	GA
1	18628222	21	TG
1	18628252	30	TA
1	18628270	18	GT
1	18628280	10	CT
1	18628294	14	CT
1	18628329	35	CA
1	18628394	65	TA
1	18628396	2	GA
1	18628415	19	GA
1	18630676	407	GA
1	18630716	40	CT
1	18630830	114	AG
1	18631040	210	AC
1	18631157	117	GC
1	18631229	72	AT
1	18631269	40	CT
1	18631300	31	CG
1	18631332	32	GT
1	18631413	81	GA
1	18631648	235	AG
1	18631797	149	TC
1	18632148	351	GA
1	18632416	268	GA
1	18632454	38	GA
1	18632510	56	GA
1	18632861	351	TC
1	18632908	47	CT
1	18633073	165	GA
1	18633083	10	CT
1	18633927	799	AG
1	18634300	373	TA
1	18636475	357	GA
1	18636477	2	GT
1	18636965	488	GT
1	18636977	12	AG
1	18637066	89	AG
1	18637078	12	GC
1	18637195	52	AG
1	18637231	36	TC
1	18637669	419	CA
1	18637674	5	CT
1	18638739	954	TC
1	18640018	1131	CG
1	18642857	1764	GA
1	18644626	1139	GA
1	18644647	21	CG
1	18645104	457	AT
1	18645145	41	TC
1	18645407	262	CT
1	18645413	6	GA
1	18645490	77	AG
1	18645980	208	TC
1	18646066	86	GA
1	18646248	161	CG
1	18646305	57	GA
1	18646313	8	CT
1	18646402	89	TC
1	18646409	7	TC
1	18646584	120	GA
1	18646813	229	GA
1	18646953	140	CA
1	18647055	102	AG
1	18647296	241	GA
1	18647327	31	TG
1	18647329	2	TC
1	18647344	15	CT
1	18647346	2	GA
1	18647426	80	AT
1	18647509	83	TC
1	18647510	1	GA
1	18647531	21	TC
1	18647562	31	CG
1	18648026	440	GA
1	18648185	159	GA
1	18648280	95	CT
1	18648325	45	TC
1	18648613	288	CG
1	18649068	382	TC
1	18649477	409	CG
1	18649747	270	AG
1	18649762	15	TC
1	18649820	58	TC
1	18650051	143	TC
1	18650059	8	CA
1	18650068	9	TC
1	18650387	319	GA
1	18650422	35	CT
1	18650430	8	TC
1	18650484	54	TC
1	18650543	59	AT
1	18650561	18	TC
1	18650573	12	CA
1	18651322	749	TC
1	18651435	113	TG
1	18651473	38	AG
1	18651598	125	AG
1	18651681	83	TC
1	18651907	226	TC
1	18651977	70	GA
1	18652064	87	GA
1	18653020	956	TG
1	18653098	78	GC
1	18653213	115	AG
1	18653235	22	GA
1	18653271	36	TC
1	18653290	19	AG
1	18653543	253	AG
1	18653762	219	CG
1	18654921	1159	GA
1	18655345	424	CG
1	18655953	514	CT
1	18657197	909	CT
1	18657918	721	GA
1	18658671	403	GA
1	18658917	246	GA
1	18659010	93	GA
1	18659020	10	AC
1	18659054	34	CT
1	18659164	110	GC
1	18659529	264	CT
1	18660932	1403	CT
1	18661105	173	CT
1	18661262	157	GA
1	18661268	6	GA
1	18662784	1267	AT
1	18663417	633	TG
1	18663556	139	CT
1	18664663	1027	CA
1	18664713	50	CT
1	18664910	197	CT
1	18665217	307	AC
1	18665396	179	CT
1	18665715	319	GA
1	18665741	26	TC
1	18666517	716	CT
1	18666800	283	CT
1	18675629	4345	GA
1	18675772	143	AC
1	18676290	418	TC
1	18676435	145	CG
1	18677161	475	GT
1	18677264	103	AG
1	18678169	641	CT
1	18678294	125	CT
1	18678556	262	CT
1	18678800	244	AG
1	18678856	56	AC
1	18679071	215	GT
1	18679374	303	GT
1	18680005	631	TC
1	18680026	21	GA
1	18680863	837	CT
1	18681839	922	GA
1	18682254	282	GC
1	18682594	340	GA
1	18682627	33	GT
1	18683053	313	TC
1	18683805	432	TG
1	18685211	878	AG
1	18687734	1114	CT
1	18687851	117	AG
1	18688642	394	TC
1	18688673	31	AG
1	18688781	108	GA
1	18688844	63	GC
1	18689155	311	TC
1	18689484	329	AG
1	18690845	1285	CT
1	18692099	1254	CG
1	18693204	361	CT
1	18694056	447	CA
1	18694092	36	AG
1	18694331	239	TA
1	18694846	515	CT
1	18697266	2176	CT
1	18698723	1360	GA
1	18701993	2640	AG
1	18702078	85	TC
1	18710648	5060	GA
1	18710738	90	GA
1	18711930	1192	AC
1	18714146	2216	CT
1	18714415	269	TG
1	18715532	807	AG
1	18719728	3154	TC
1	18720100	372	AG
1	18721146	970	TA
1	18721148	2	CT
1	18721164	16	TC
1	18721214	50	TG
1	18721283	69	GA
1	18721479	196	TG
1	18721564	85	TG
1	18721751	187	TG
1	18721824	73	GA
1	18721827	3	CT
1	18721936	109	CG
1	18722188	252	TC
1	18722243	55	TC
1	18722365	122	AG
1	18722376	11	CT
1	18722431	55	CT
1	18724074	1643	AC
1	18724467	393	GA
1	18724691	224	AG
1	18724905	214	TC
1	18724979	74	AG
1	18725143	164	GA
1	18725640	497	CG
1	18725713	73	CT
1	18726180	467	AG
1	18726314	58	AT
1	18726327	13	CA
1	18726336	9	CT
1	18727191	821	GA
1	18727201	10	CT
1	18727260	59	TA
1	18727303	43	TC
1	18727793	490	GA
1	18728720	927	GC
1	18728767	47	CT
1	18730386	1164	GA
1	18731260	605	CT
1	18734344	2311	TG
1	18734434	90	GA
1	18734826	392	CG
1	18735277	361	GA
1	18735351	74	GA
1	18735680	329	TC
1	18735723	43	CT
1	18735888	165	TC
1	18735984	96	CT
1	18736869	651	GA
1	18736875	6	GA
1	18736942	67	GA
1	18736945	3	GT
1	18737084	139	CT
1	18737144	24	AG
1	18737153	9	TC
1	18737164	11	GA
1	18737167	3	CT
1	18737169	2	AG
1	18737273	104	GA
1	18737460	187	AG
1	18737636	176	GA
1	18737761	125	CT
1	18738483	643	GA
1	18738542	59	AC
1	18738586	44	GA
1	18738979	258	CT
1	18739125	125	AG
1	18739246	121	GA
1	18739414	168	GC
1	18739441	27	CT
1	18739647	127	GA
1	18739687	40	CT
1	18741978	1217	CT
1	18743377	427	TC
1	18747039	3032	GT
1	18747490	305	CT
1	18749583	1627	GA
1	18749628	45	CG
1	18751261	1428	CG
1	18752946	1635	TG
1	18753949	547	CT
1	18754183	234	AG
1	18756352	1976	TG
1	18756940	467	TC
1	18757403	463	CT
1	18758373	687	CT
1	18759512	600	GA
1	18760058	546	TC
1	18760079	21	GA
1	18760110	31	GA
1	18760195	85	GC
1	18760255	60	GT
1	18760689	434	GA
1	18761204	140	GA
1	18761558	354	GA
1	18762059	501	TG
1	18762200	141	TC
1	18762285	85	TC
1	18762890	418	AG
1	18763346	456	GA
1	18764194	848	CG
1	18764296	102	AT
1	18764298	2	CT
1	18764299	1	GT
1	18765044	669	GA
1	18765480	207	CT
1	18766485	974	CT
1	18766716	231	CA
1	18766904	188	TG
1	18767387	483	CT
1	18769197	1810	TC
1	18769373	176	AC
1	18770050	508	GA
1	18770199	149	TC
1	18770435	236	CT
1	18770477	42	GT
1	18770915	438	AC
1	18771561	646	AG
1	18771952	215	CT
1	18772172	220	CT
1	18772274	28	CT
1	18772335	61	TC
1	18772363	28	GA
1	18772382	19	AG
1	18772423	41	CT
1	18772447	24	CA
1	18772595	148	TG
1	18772735	140	GA
1	18772739	4	TA
1	18772807	68	CG
1	18772919	112	AG
1	18772921	2	CT
1	18772960	39	GT
1	18773042	82	GA
1	18773426	384	AG
1	18773590	164	TC
1	18773606	16	GA
1	18773697	91	TC
1	18773701	4	GA
1	18773822	121	AG
1	18773919	97	AG
1	18773956	37	AG
1	18774018	62	GA
1	18774040	22	TC
1	18774243	119	AG
1	18774553	88	TC
1	18774627	19	GA
1	18774674	47	GA
1	18775072	170	TC
1	18775556	484	CT
1	18775763	207	CT
1	18777575	1163	AG
1	18777845	270	GA
1	18778029	184	TG
1	18778094	65	AG
1	18778381	237	CA
1	18778382	1	AG
1	18778456	74	GA
1	18778527	71	AC
1	18778537	10	GA
1	18778628	91	AC
1	18779387	709	GA
1	18779509	122	TC
1	18780031	522	TC
1	18780138	107	GC
1	18780672	486	AG
1	18786206	3704	AG
1	18786467	261	TC
1	18786603	136	GA
1	18788687	1632	AG
1	18788706	19	AG
1	18789092	386	GA
1	18789108	16	GA
1	18789161	53	GC
1	18789257	96	CT
1	18789278	21	GA
1	18789852	393	GC
1	18790125	273	TC
1	18791714	951	CA
1	18791844	93	CA
1	18791892	48	CT
1	18791893	1	AG
1	18792019	126	AG
1	18792404	340	GA
1	18792491	87	CT
1	18792695	204	CA
1	18792775	80	CT
1	18793071	246	TA
1	18793116	45	AG
1	18793334	218	CA
1	18793345	11	GC
1	18793686	341	AG
1	18793695	9	GA
1	18793715	20	CG
1	18793783	68	TC
1	18794105	240	GT
1	18794491	263	TC
1	18795205	665	AG
1	18795630	425	AG
1	18796356	679	CT
1	18796361	5	CT
1	18796846	485	AG
1	18797042	196	GA
1	18798638	1283	TA
1	18798728	90	CA
1	18798765	37	CG
1	18798813	48	TG
1	18798907	94	CT
1	18799410	503	CT
1	18800232	805	CT
1	18801340	724	CG
1	18801414	74	CT
1	18801826	412	AG
1	18803854	1068	AG
1	18804414	317	AG
1	18804433	19	CT
1	18804443	10	AC
1	18804623	180	GA
1	18804698	75	CT
1	18805924	460	GT
1	18807103	797	CT
1	18807140	37	TC
1	18807179	39	GA
1	18807427	248	GA
1	18807717	290	CT
1	18808035	318	AG
1	18808425	205	GT
1	18808617	192	CT
1	18809130	465	AG
1	18809388	219	AG
1	18809603	215	GT
1	18809784	181	TG
1	18809854	70	CT
1	18809897	43	CT
1	18810153	151	AG
1	18810157	4	CT
1	18810449	242	CT
1	18810505	56	CT
1	18811472	967	AC
1	18811765	161	TC
1	18811991	226	TC
1	18812167	176	GT
1	18812784	617	TC
1	18813335	551	GC
1	18814090	755	AG
1	18814092	2	AG
1	18814503	411	TG
1	18815196	652	GA
1	18815246	50	GA
1	18815387	141	AC
1	18815629	242	CT
1	18815649	20	TG
1	18815653	4	TC
1	18815673	20	TC
1	18815702	29	GT
1	18815797	95	AG
1	18815843	46	GA
1	18815872	29	TC
1	18816340	468	CG
1	18816389	49	CT
1	18816471	82	TC
1	18816727	47	CG
1	18816842	115	GA
1	18816946	104	GA
1	18817356	410	CA
1	18817412	56	AG
1	18817534	122	AG
1	18819374	1739	TA
1	18819582	208	GA
1	18819590	8	CT
1	18820532	621	AC
1	18823210	2135	CT
1	18823330	120	AG
1	18823374	44	GT
1	18823591	217	AG
1	18823864	273	CT
1	18824062	198	CT
1	18824326	204	CT
1	18824450	124	TC
1	18824475	25	GA
1	18824726	251	TC
1	18824766	40	TC
1	18826227	304	AC
1	18826237	10	CT
1	18826446	209	CT
1	18826454	8	TA
1	18826519	65	AG
1	18826525	6	GT
1	18826709	184	AG
1	18826720	11	AG
1	18826813	93	GA
1	18826980	167	GA
1	18827011	31	CT
1	18827418	407	AT
1	18827557	40	CT
1	18827598	41	CT
1	18828228	224	GT
1	18828265	37	GA
1	18828273	8	TA
1	18828345	72	TC
1	18828526	51	CG
1	18829208	280	AT
1	18830236	732	GC
1	18830315	79	TA
1	18830912	597	CT
1	18831125	213	GA
1	18831489	316	GA
1	18831529	40	AC
1	18831653	124	GA
1	18832298	645	CT
1	18834301	1707	TA
1	18834368	67	TA
1	18835154	537	GA
1	18835210	56	AC
1	18836168	958	AG
1	18836310	142	GA
1	18837435	523	GA
1	18837632	197	CG
1	18837737	105	CT
1	18837835	98	CG
1	18838237	402	CT
1	18839319	924	CT
1	18839608	57	GA
1	18841066	929	GA
1	18841327	38	GA
1	18841845	518	GA
1	18841936	91	AC
1	18842633	539	CT
1	18842889	225	CT
1	18843407	328	GA
1	18843498	91	GC
1	18843680	182	CT
1	18843835	155	GA
1	18843838	3	CT
1	18843959	121	GA
1	18845297	1170	GA
1	18845638	341	TC
1	18845748	110	TC
1	18845840	92	GA
1	18846302	431	GA
1	18847093	707	GT
1	18847216	123	CT
1	18847437	191	CT
1	18847439	2	CT
1	18847821	382	TC
1	18847902	81	AT
1	18847917	15	CT
1	18848100	183	GC
1	18848143	43	CT
1	18848203	60	CT
1	18848581	357	GA
1	18848946	365	GA
1	18849166	220	CA
1	18849343	177	GA
1	18849544	201	GA
1	18850807	1103	CT
1	18851198	391	GA
1	18852026	386	GT
1	18853027	631	GT
1	18853268	241	GA
1	18853421	153	GC
1	18854092	671	GA
1	18854285	193	CA
1	18854612	327	CT
1	18854680	68	AG
1	18854728	48	GA
1	18854940	212	CT
1	18854964	24	TC
1	18857012	1060	TC
1	18857185	173	AG
1	18857201	16	TA
1	18857397	196	CT
1	18857813	233	TA
1	18857836	23	GA
1	18858337	501	GA
1	18858600	263	GA
1	18858624	24	AG
1	18859135	60	TC
1	18862662	2736	GA
1	18865297	2118	AC
1	18865319	22	TC
1	18866475	1055	CT
1	18867457	808	AG
1	18870081	1991	TC
1	18870350	269	AC
1	18877364	5639	CG
1	18878590	1226	CT
1	18881240	2365	GA
1	18881598	314	CT
1	18882264	666	GA
1	18882297	33	GT
1	18882413	116	GA
1	18882426	13	CG
1	18883017	282	GA
1	18883132	115	TA
1	18884399	536	GA
1	18884955	556	TC
1	18885268	313	GT
1	18886356	627	CT
1	18886757	401	GC
1	18886969	212	GA
1	18886992	23	TG
1	18893782	5151	CT
1	18894349	567	AG
1	18894411	62	AG
1	18894523	112	AG
1	18895052	422	AG
1	18895873	762	TC
1	18895968	95	CT
1	18896407	242	GA
1	18896539	132	AG
1	18897460	871	CT
1	18898252	547	AG
1	18898287	35	CT
1	18898720	218	AG
1	18898766	46	CT
1	18900235	712	AG
1	18907084	5972	CT
1	18908372	1108	GA
1	18908896	524	AC
1	18908930	34	CT
1	18909118	188	AG
1	18909248	130	GA
1	18909317	69	CT
1	18909388	71	CT
1	18909416	28	AG
1	18909435	19	TC
1	18909712	204	GA
1	18909827	115	GA
1	18910053	226	GA
1	18910087	34	TC
1	18910398	311	TC
1	18910496	98	CG
1	18912013	307	GA
1	18912266	253	TC
1	18912333	67	AG
1	18912789	456	AG
1	18913138	349	GA
1	18913222	84	CT
1	18913333	111	GT
1	18916630	2408	CT
1	18916640	10	CT
1	18919723	2328	CT
1	18919945	222	GA
1	18920410	465	AG
1	18920497	87	AC
1	18920594	97	GA
1	18921136	520	TG
1	18921825	689	CT
1	18921833	8	CT
1	18924143	2171	CG
1	18924298	155	CG
1	18925897	1532	TC
1	18927671	1728	AG
1	18932303	4163	GT
1	18933169	648	AG
1	18934052	883	TC
1	18934310	258	GA
1	18934636	238	TC
1	18935087	451	TC
1	18935275	188	GC
1	18936486	734	TC
1	18936507	21	GA
1	18936835	47	GA
1	18937042	207	GC
1	18937296	254	GA
1	18937328	32	TC
1	18937348	20	CT
1	18937349	1	AG
1	18937449	100	CT
1	18937480	31	CT
1	18937780	300	AG
1	18937801	21	TC
1	18937945	144	TA
1	18938011	66	CT
1	18938799	788	GA
1	18939320	283	TC
1	18940133	729	CT
1	18940457	324	TC
1	18940813	356	TC
1	18940916	103	CG
1	18941855	911	AG
1	18945814	3769	TC
1	18947148	1151	GC
1	18948248	886	GA
1	18948305	57	TG
1	18948315	10	CT
1	18948406	91	AG
1	18948453	47	AT
1	18948579	126	AG
1	18948655	76	TG
1	18948710	55	TC
1	18948849	139	GA
1	18949492	643	GA
1	18951523	1683	CT
1	18952114	591	CA
1	18954806	2608	AT
1	18955262	456	GA
1	18955518	256	AG
1	18956627	755	TC
1	18957840	1213	TC
1	18959046	1110	GA
1	18960249	803	GA
1	18961075	826	GA
1	18964993	3766	GC
1	18965048	55	GT
1	18965068	20	AT
1	18969923	4767	CT
1	18970207	284	AG
1	18970307	100	AG
1	18972261	1339	CT
1	18978656	6138	CT
1	18978700	44	CT
1	18980862	1917	CT
1	18981096	234	AG
1	18981667	512	CT
1	18981786	119	AG
1	18982207	325	GA
1	18982499	292	GA
1	18984286	1554	AC
1	18985214	928	AT
1	18985327	113	CT
1	18991455	4759	AG
1	18993740	2099	AG
1	18994007	126	GA
1	18999752	4677	CT
1	18999831	79	GA
1	19000136	305	TC
1	19000251	115	GA
1	19000594	228	TC
1	19000923	329	TC
1	19000962	39	TC
1	19001047	85	CT
1	19004924	2073	CT
1	19005114	190	GA
1	19005801	483	CT
1	19006783	982	AT
1	19007616	833	CT
1	19007650	34	TC
1	19007751	101	TG
1	19008026	68	GA
1	19008114	88	GA
1	19008182	68	GA
1	19009028	606	GA
1	19009229	201	CT
1	19009637	377	CT
1	19010829	1033	AC
1	19011162	333	AG
1	19011212	50	TC
1	19011267	55	CT
1	19011419	152	GA
1	19011906	487	GA
1	19012046	140	GA
1	19012074	28	TC
1	19012410	336	GA
1	19012472	62	CT
1	19012880	408	CT
1	19013053	173	GA
1	19013232	179	TC
1	19013297	65	TC
1	19013569	272	TC
1	19013988	136	GA
1	19014079	91	CA
1	19014092	13	AG
1	19014127	35	AT
1	19014139	12	AG
1	19014258	119	AG
1	19014462	204	AC
1	19015045	332	GA
1	19017482	390	GC
1	19018475	420	TC
1	19019881	321	AT
1	19020025	144	AC
1	19020148	42	CT
1	19020252	104	GT
1	19023277	644	GA
1	19023502	225	CA
1	19024841	170	CA
1	19025187	346	GA
1	19025637	450	GA
1	19030131	1750	TG
1	19030225	94	TG
1	19031090	865	GA
1	19031810	644	AT
1	19032295	485	GA
1	19032367	72	CT
1	19032873	506	CT
1	19033421	548	CT
1	19033543	122	GA
1	19034274	731	TC
1	19034346	72	AG
1	19035202	816	TC
1	19035273	71	CA
1	19035274	1	AG
1	19038470	2757	CT
1	19038580	110	CT
1	19038593	13	CT
1	19038915	322	AG
1	19039371	345	AG
1	19041184	1629	GA
1	19042939	1368	GA
1	19043207	268	AG
1	19043304	97	CT
1	19043730	426	GA
1	19043931	201	TC
1	19045185	1254	GA
1	19045370	185	CG
1	19045770	400	CT
1	19046050	280	GA
1	19046228	178	AG
1	19047720	946	AG
1	19048420	531	AC
1	19048681	261	GA
1	19048949	268	GA
1	19050524	1575	TC
1	19050875	297	AG
1	19050881	6	GA
1	19051011	130	TC
1	19052400	958	TC
1	19052472	72	CT
1	19053609	588	CT
1	19053782	173	GA
1	19053826	44	CT
1	19054215	389	GA
1	19054337	122	TC
1	19054659	109	TC
1	19054783	124	CA
1	19055130	278	GT
1	19055826	422	AG
1	19055905	79	AG
1	19056508	603	GT
1	19057442	934	AG
1	19058086	644	TG
1	19058155	69	TC
1	19058237	82	CT
1	19058549	312	GA
1	19058569	20	TC
1	19058596	27	CT
1	19058872	196	TC
1	19058894	22	CT
1	19059698	431	CT
1	19060188	490	TC
1	19060241	53	CG
1	19060319	78	CA
1	19060325	6	CT
1	19061875	824	AG
1	19061953	78	AG
1	19062124	171	GA
1	19062143	19	GA
1	19062425	282	GA
1	19063074	562	GA
1	19063658	584	AG
1	19075153	5617	CA
1	19077683	1872	GA
1	19079753	1687	GA
1	19079946	193	GA
1	19082605	2000	CT
1	19083757	963	GA
1	19089900	4130	CT
1	19090147	247	CT
1	19090150	3	TC
1	19090390	214	CG
1	19091155	376	AG
1	19091171	16	TC
1	19093754	2196	CT
1	19094975	695	GT
1	19101487	5134	CT
1	19102590	882	TC
1	19102599	9	CG
1	19103219	620	CA
1	19104379	829	GA
1	19104500	121	GA
1	19104852	305	GA
1	19105705	853	TC
1	19105855	150	CT
1	19107880	1258	GA
1	19107885	5	TC
1	19107926	41	TA
1	19108061	135	TC
1	19108115	54	CG
1	19108747	632	TC
1	19108762	15	GA
1	19109034	272	GA
1	19109109	75	AC
1	19109291	182	TC
1	19109359	68	AT
1	19109514	155	GA
1	19109624	110	AG
1	19109640	16	GA
1	19109708	68	GA
1	19110383	545	CG
1	19110387	4	AC
1	19110419	32	AT
1	19110949	484	CT
1	19111110	15	AG
1	19111121	11	GA
1	19111155	34	GA
1	19111494	94	AG
1	19112581	751	TC
1	19112661	80	TA
1	19112697	36	AT
1	19112766	69	AG
1	19112835	69	AG
1	19112949	114	GT
1	19113025	76	GA
1	19113233	208	CA
1	19113409	176	CG
1	19113410	1	AC
1	19113780	370	GA
1	19113785	5	CT
1	19114387	560	CA
1	19114410	23	GA
1	19114681	208	CT
1	19115297	579	CT
1	19116251	325	GA
1	19117065	200	AC
1	19118891	228	TC
1	19119575	258	AG
1	19121090	991	AG
1	19121500	410	AG
1	19121830	281	CT
1	19122309	414	TA
1	19122617	226	AT
1	19122700	83	CT
1	19122817	117	AT
1	19122964	147	CT
1	19123112	148	CT
1	19123299	187	CT
1	19123373	74	TC
1	19124223	662	CT
1	19125293	1070	CT
1	19125545	252	GT
1	19125921	376	CT
1	19126684	486	GA
1	19127109	425	GA
1	19127141	32	GC
1	19127381	240	CT
1	19128012	631	GA
1	19128258	246	AG
1	19128347	89	GA
1	19128383	36	CT
1	19129185	511	AG
1	19129544	316	CA
1	19129668	124	CT
1	19129705	37	TC
1	19129758	53	CT
1	19129779	21	CT
1	19131315	888	TC
1	19131404	89	CG
1	19131505	56	GC
1	19131546	41	CA
1	19132088	542	CG
1	19132892	378	GA
1	19133154	262	GA
1	19133313	159	AG
1	19134380	239	GA
1	19134800	420	AG
1	19134836	36	GC
1	19134982	146	GA
1	19135282	113	AG
1	19135585	239	AG
1	19135586	1	GA
1	19135612	26	CT
1	19136245	53	AT
1	19136260	15	GC
1	19136394	46	CA
1	19136803	409	TC
1	19137807	797	GA
1	19137918	111	GT
1	19138213	295	GA
1	19138308	95	CT
1	19138473	165	TG
1	19138575	102	AT
1	19138997	206	TC
1	19143670	3689	CT
1	19144263	593	CT
1	19144379	116	CA
1	19144859	443	GA
1	19145492	569	CA
1	19145844	352	TC
1	19146421	577	GC
1	19146436	15	GA
1	19146663	105	CT
1	19146934	271	TG
1	19147056	122	TC
1	19147177	121	CT
1	19147296	119	TC
1	19147429	133	CT
1	19147709	162	CA
1	19147718	9	TC
1	19148232	332	TC
1	19149486	438	GA
1	19149717	97	CG
1	19150125	261	GA
1	19150561	436	CA
1	19150596	35	AT
1	19150606	10	CA
1	19151293	636	CA
1	19152529	526	CT
1	19153303	722	GA
1	19153803	428	GT
1	19154157	354	CT
1	19154544	387	CT
1	19155416	720	AG
1	19155470	54	AG
1	19155564	94	CT
1	19155959	74	AT
1	19156135	176	GA
1	19157632	456	AC
1	19158291	659	AG
1	19158292	1	CT
1	19158486	194	AG
1	19158548	62	CT
1	19158806	166	CT
1	19158965	159	GT
1	19159166	88	CT
1	19159455	289	GA
1	19160914	572	CG
1	19160999	85	GA
1	19161357	358	CT
1	19161543	186	AG
1	19161675	132	GA
1	19161748	73	GA
1	19161996	248	CT
1	19162082	86	TC
1	19162101	19	TC
1	19162174	73	AG
1	19162183	9	AG
1	19162276	93	TC
1	19162311	35	AG
1	19162546	235	TC
1	19162783	218	AG
1	19163810	1006	CT
1	19163952	142	AC
1	19163953	1	AC
1	19164031	78	TA
1	19164036	5	AC
1	19164589	283	GC
1	19164989	400	CT
1	19166472	1239	AT
1	19167964	827	GA
1	19168524	560	AG
1	19168821	18	AG
1	19168830	9	CT
1	19169698	507	TC
1	19169717	19	GA
1	19169800	83	GA
1	19169887	87	TC
1	19170062	175	GA
1	19170149	87	GC
1	19170288	139	TG
1	19170811	292	AG
1	19170921	110	TC
1	19171281	360	AG
1	19171329	48	AG
1	19172104	513	CG
1	19172131	27	GA
1	19173219	967	GC
1	19173630	327	TC
1	19173659	29	TC
1	19173695	36	GC
1	19173741	46	CT
1	19174803	858	CT
1	19175224	172	TC
1	19177336	1326	GA
1	19177337	1	GA
1	19178005	329	GA
1	19184056	2101	GA
1	19187887	1856	AT
1	19188446	559	TC
1	19191831	2134	TC
1	19191870	39	AG
1	19191985	115	AG
1	19195684	2258	CT
1	19198838	2729	TC
1	19200263	1079	GA
1	19200268	5	GA
1	19201164	896	AG
1	19201186	22	CT
1	19201572	386	GC
1	19201755	183	CT
1	19201790	35	CG
1	19201800	10	AT
1	19202338	463	AG
1	19202445	107	CG
1	19202497	52	AG
1	19202586	89	CA
1	19202898	312	CT
1	19204226	1064	TC
1	19204309	83	TA
1	19204324	15	TC
1	19205549	382	TC
1	19207745	1997	CT
1	19207978	233	CG
1	19208554	449	CG
1	19214786	3162	AC
1	19214806	20	TC
1	19214811	5	CT
1	19216255	683	AT
1	19216987	732	GA
1	19217825	626	GA
1	19218186	235	GA
1	19219869	1307	TG
1	19220745	669	TG
1	19221051	271	TA
1	19221345	136	GA
1	19222906	1219	CA
1	19223162	187	TC
1	19223598	344	GC
1	19224432	478	TC
1	19227638	1353	AG
1	19230268	1341	AG
1	19230342	74	CT
1	19231828	718	AG
1	19232903	781	AG
1	19233682	779	AG
1	19238587	2384	GT
1	19239490	338	CT
1	19239521	31	GA
1	19239635	114	GA
1	19244710	982	GA
1	19253495	3087	GC
1	19254109	262	AG
1	19254362	253	TC
1	19260483	4739	TA
1	19261493	884	GA
1	19261567	74	GC
1	19262260	652	AG
1	19263177	917	GA
1	19263595	241	CA
1	19263606	11	TC
1	19263797	191	TC
1	19263951	154	CT
1	19264020	69	CT
1	19264114	94	AG
1	19264136	22	AG
1	19265215	514	GA
1	19265317	23	GT
1	19265690	373	TC
1	19266983	420	CA
1	19267047	64	CG
1	19267537	490	GC
1	19267808	106	CT
1	19268066	258	TC
1	19268356	290	TC
1	19268759	254	GC
1	19269695	725	CT
1	19270439	642	GA
1	19270449	10	GA
1	19270574	125	AC
1	19271883	348	TA
1	19271887	4	TG
1	19272363	38	CT
1	19272921	558	AG
1	19272994	73	GT
1	19273191	197	GA
1	19275872	1371	GA
1	19278092	1785	CT
1	19278422	330	TA
1	19281144	1404	TC
1	19286703	4290	CT
1	19286868	165	AG
1	19286882	14	AT
1	19287057	175	CT
1	19287198	141	CT
1	19287300	102	CG
1	19287351	51	CA
1	19287690	339	CT
1	19287786	96	CT
1	19287967	181	GA
1	19288583	482	AG
1	19289013	430	CT
1	19289051	38	GA
1	19289960	909	CT
1	19291413	1349	TC
1	19293782	2090	TC
1	19293844	62	AC
1	19293886	42	TC
1	19293922	36	AG
1	19293932	10	AG
1	19294349	417	AG
1	19294461	112	TC
1	19294876	415	GC
1	19294882	6	AG
1	19294923	41	AG
1	19295745	822	GA
1	19296285	540	AG
1	19296321	36	GC
1	19296389	68	GA
1	19297070	681	GA
1	19297170	100	TC
1	19297373	203	CT
1	19297857	484	GA
1	19297902	45	GA
1	19298256	354	CG
1	19298257	1	TC
1	19298328	71	GA
1	19298515	187	TA
1	19298516	1	CA
1	19298559	43	GA
1	19298836	277	CT
1	19298885	49	GA
1	19298921	36	AG
1	19298951	30	GA
1	19299898	873	TC
1	19300846	948	AG
1	19301332	486	GA
1	19301518	186	AG
1	19301600	82	CT
1	19301957	357	AC
1	19302016	59	TC
1	19302080	64	CG
1	19302549	469	TG
1	19302665	116	CT
1	19302846	181	TC
1	19303065	219	GA
1	19303116	51	CG
1	19303120	4	GA
1	19303529	220	CG
1	19303815	129	AG
1	19304278	139	TC
1	19304427	149	AG
1	19304484	57	CG
1	19304725	241	AG
1	19304764	39	AG
1	19304922	158	CT
1	19305045	123	CT
1	19305215	170	GC
1	19305452	237	GA
1	19305565	113	GA
1	19305688	123	CA
1	19305848	160	AG
1	19305934	86	TC
1	19306022	88	GC
1	19306565	217	AG
1	19306600	35	AG
1	19306997	397	CT
1	19307062	65	AG
1	19307149	87	TC
1	19307339	190	GA
1	19307345	6	TG
1	19307354	9	CT
1	19307375	21	GA
1	19307961	494	AG
1	19308117	156	AG
1	19308152	35	CT
1	19308217	65	CT
1	19308226	9	GA
1	19308358	132	GA
1	19308617	259	GT
1	19308699	82	CT
1	19308924	225	TG
1	19308925	1	CA
1	19308931	6	TC
1	19309194	263	CG
1	19309211	17	CT
1	19310254	1043	CT
1	19310709	455	TC
1	19314897	3850	GA
1	19316672	950	GC
1	19317163	429	TC
1	19317693	379	CT
1	19317752	59	TC
1	19318401	649	CT
1	19318595	194	TA
1	19319292	697	AG
1	19319716	424	GA
1	19319889	173	GA
1	19320742	853	CT
1	19320843	101	GC
1	19321144	301	GA
1	19321233	89	AG
1	19322037	445	TC
1	19322045	8	AG
1	19322161	116	CT
1	19322290	129	AG
1	19322358	68	TG
1	19322889	531	CT
1	19323411	209	CT
1	19324005	472	CT
1	19324795	357	GA
1	19324802	7	CT
1	19324945	143	GT
1	19325098	153	TC
1	19325160	62	TC
1	19325218	58	CT
1	19325286	68	AG
1	19325604	318	CT
1	19326651	612	CT
1	19326959	308	TC
1	19326984	25	GA
1	19327298	314	AT
1	19327357	59	CT
1	19327427	70	AG
1	19327459	32	AG
1	19327563	104	AG
1	19327845	282	GA
1	19327963	118	CT
1	19328517	554	GA
1	19328560	43	AT
1	19328925	365	AG
1	19328980	55	AC
1	19330071	1062	GA
1	19331972	1081	AC
1	19332477	505	GA
1	19334620	2036	CT
1	19389204	36864	GA
1	19406067	11686	AG
1	19424293	12709	TC
1	19425407	1114	GA
1	19425951	544	GA
1	19426607	425	AG
1	19426807	140	TC
1	19426808	1	CT
1	19429055	1349	CT
1	19429541	486	CT
1	19429643	102	CT
1	19429655	12	GA
1	19431818	1421	CT
1	19431836	18	GC
1	19436489	3580	CT
1	19438091	1537	GC
1	19438742	193	TC
1	19438789	47	CG
1	19438852	63	GA
1	19438853	1	TG
1	19439533	264	CG
1	19439534	1	AG
1	19439597	63	CT
1	19440143	361	AG
1	19440283	140	CG
1	19440391	108	CT
1	19440440	49	CT
1	19440475	35	GA
1	19440490	15	CT
1	19440497	7	CG
1	19440578	81	AG
1	19440788	210	GA
1	19440931	143	CT
1	19440939	8	GC
1	19440990	51	CA
1	19440991	1	AT
1	19441496	208	TC
1	19442063	211	AG
1	19442082	19	TG
1	19442112	30	GA
1	19442502	182	TC
1	19442507	5	TC
1	19442554	47	GA
1	19442555	1	AG
1	19442603	48	GA
1	19442859	256	GA
1	19442881	22	AG
1	19443605	570	CA
1	19444210	478	TG
1	19445237	732	CG
1	19445280	43	TA
1	19445356	76	TC
1	19445623	267	AG
1	19445824	201	TC
1	19445865	41	CG
1	19445908	43	CG
1	19445974	66	AG
1	19445977	3	CG
1	19446010	33	GA
1	19446372	362	GA
1	19446390	18	AC
1	19446414	24	AG
1	19446463	49	TG
1	19446464	1	CG
1	19446532	68	AG
1	19446706	174	AG
1	19446890	184	TC
1	19446892	2	CT
1	19447127	214	GA
1	19447269	142	TC
1	19447323	54	TC
1	19447340	17	GA
1	19447373	33	AG
1	19447806	433	GT
1	19447810	4	AG
1	19448079	269	TG
1	19448270	191	AC
1	19448379	109	AG
1	19448631	252	TC
1	19448674	43	CT
1	19449080	94	CA
1	19449122	42	TC
1	19449123	1	CT
1	19449257	134	CT
1	19452482	1760	AT
1	19455985	1659	CT
1	19456799	814	CT
1	19468648	3963	TC
1	19469111	463	GC
1	19469510	367	CT
1	19478747	5996	AG
1	19478796	49	GA
1	19479459	227	GT
1	19480080	260	CT
1	19486193	1181	AG
1	19486269	76	CG
1	19486532	263	GA
1	19489590	1318	GA
1	19491647	1106	GA
1	19496069	1087	AT
1	19500974	2706	CG
1	19506397	767	GA
1	19506424	27	TC
1	19506425	1	GA
1	19531019	10042	CT
1	19531709	690	CG
1	19536818	1636	CT
1	19536934	116	AG
1	19537062	128	AG
1	19537072	10	GA
1	19537197	125	CT
1	19537228	31	AG
1	19537398	130	GA
1	19537456	58	AG
1	19537472	16	AG
1	19537654	182	CT
1	19538071	417	GA
1	19539207	639	TC
1	19539492	285	AG
1	19539514	22	TC
1	19540175	661	TC
1	19540355	180	CG
1	19540709	322	AG
1	19540747	38	TC
1	19540761	14	TC
1	19540782	21	GC
1	19541016	234	AC
1	19541033	17	CA
1	19541211	178	CT
1	19541303	92	TA
1	19542407	445	TC
1	19542418	11	AG
1	19542423	5	AC
1	19542424	1	CT
1	19542429	5	GA
1	19542443	14	CT
1	19542549	106	TC
1	19542571	22	AG
1	19542661	90	AG
1	19542715	54	CT
1	19542727	12	TG
1	19544444	674	TA
1	19545218	484	GA
1	19545246	28	TC
1	19545747	501	AG
1	19545812	65	CT
1	19545819	7	CT
1	19546393	218	TC
1	19547414	468	GA
1	19547597	183	TG
1	19547744	147	CG
1	19548011	267	GA
1	19548642	581	CT
1	19548896	254	CT
1	19549120	224	CT
1	19549470	313	TC
1	19549713	243	CT
1	19549762	49	GA
1	19549841	79	GC
1	19550076	235	GA
1	19550226	150	GA
1	19550286	60	CA
1	19550340	54	CT
1	19550350	10	AG
1	19550361	11	GT
1	19550439	78	GA
1	19550443	4	GA
1	19550465	22	GA
1	19550731	266	CT
1	19550733	2	GA
1	19550755	22	TC
1	19550813	58	TC
1	19551090	277	CT
1	19551129	39	AG
1	19551164	35	AG
1	19551595	188	TC
1	19551610	15	CG
1	19551623	13	TA
1	19551650	27	GC
1	19551652	2	TC
1	19551686	34	CA
1	19552128	442	GC
1	19554162	860	GT
1	19554870	271	CT
1	19554895	25	CT
1	19554907	12	CT
1	19555103	196	CG
1	19555302	199	TC
1	19555523	221	CT
1	19556327	331	TC
1	19556362	35	TG
1	19557258	896	CT
1	19557620	362	GA
1	19558196	576	TC
1	19558414	218	AG
1	19559668	821	CT
1	19562735	1695	AG
1	19563760	493	CT
1	19563805	45	TC
1	19563810	5	CG
1	19564121	186	GT
1	19564182	61	TC
1	19564256	74	TC
1	19564320	15	GA
1	19564451	131	GA
1	19564452	1	CT
1	19564583	131	GA
1	19564827	244	GA
1	19564866	39	TG
1	19564873	7	CA
1	19565703	678	CT
1	19565866	163	AG
1	19566061	195	TG
1	19567452	1121	TC
1	19568245	447	TG
1	19568305	60	TG
1	19568527	222	GC
1	19568567	40	AG
1	19568661	94	CT
1	19569064	79	GA
1	19569386	322	AC
1	19569768	382	CG
1	19570388	573	GA
1	19570428	40	GC
1	19570440	12	GC
1	19571199	759	CA
1	19571221	22	CT
1	19571227	6	TC
1	19571228	1	CA
1	19571903	675	GA
1	19572615	712	AC
1	19572771	156	CT
1	19573304	254	GA
1	19573336	32	GA
1	19573520	184	CT
1	19573594	74	GT
1	19574734	415	AT
1	19575095	361	CA
1	19575655	452	AT
1	19575783	128	GA
1	19576509	585	AG
1	19576885	251	TC
1	19577106	122	CA
1	19577451	345	AC
1	19577483	32	GT
1	19578243	760	GA
1	19578563	320	CT
1	19580538	682	TA
1	19582902	1762	TC
1	19582920	18	GA
1	19585162	1925	TC
1	19587927	1026	GA
1	19587928	1	GA
1	19587936	8	AG
1	19587990	54	TG
1	19588476	486	CT
1	19589169	508	TC
1	19589266	97	GA
1	19589810	544	CT
1	19589880	70	TG
1	19589907	27	AG
1	19592486	761	GA
1	19593222	244	AG
1	19593271	49	CT
1	19593456	185	CT
1	19594021	276	GA
1	19594215	194	CT
1	19594246	31	GA
1	19595177	560	CT
1	19595205	28	CT
1	19595437	232	GA
1	19596136	301	TC
1	19596363	195	TC
1	19596455	92	CT
1	19596902	263	TA
1	19596954	52	GA
1	19597017	63	GT
1	19597021	4	AT
1	19597571	464	CA
1	19597703	132	GA
1	19597776	73	CT
1	19597811	35	TG
1	19598570	759	CT
1	19598635	65	CT
1	19599118	483	AG
1	19599604	453	TC
1	19603747	2599	TG
1	19604219	472	TA
1	19609364	3597	GA
1	19609483	119	CT
1	19609653	170	AG
1	19611776	754	CT
1	19612131	355	AG
1	19613109	978	TC
1	19613180	71	GA
1	19614959	1634	CT
1	19618345	3254	CG
1	19618869	230	CT
1	19619380	511	GA
1	19619907	527	CT
1	19619910	3	GA
1	19619950	40	AT
1	19621365	1132	AT
1	19623512	1510	CT
1	19625277	854	GA
1	19625330	53	TC
1	19625457	127	CT
1	19625535	78	CT
1	19625666	131	AG
1	19625744	78	AG
1	19626323	579	TG
1	19626594	271	GC
1	19626962	368	TC
1	19627073	111	GC
1	19627302	229	AG
1	19627466	164	GT
1	19627865	399	AG
1	19628855	514	TG
1	19628856	1	AT
1	19629057	201	TC
1	19629346	289	CT
1	19629485	139	AT
1	19630470	327	GA
1	19630945	475	CT
1	19631034	61	AT
1	19631068	34	TG
1	19631084	16	CT
1	19631119	35	CT
1	19631301	182	GA
1	19631410	109	AG
1	19631448	38	AT
1	19631459	11	TC
1	19631481	22	TC
1	19631858	104	CT
1	19632786	258	AG
1	19636724	1497	TC
1	19636787	63	CT
1	19636930	143	CT
1	19637005	75	AG
1	19637042	37	GT
1	19637940	898	AG
1	19639903	1450	CT
1	19640185	282	GA
1	19640195	10	GA
1	19641228	818	CT
1	19642320	1092	CG
1	19642360	40	CT
1	19642814	454	TC
1	19643892	998	AG
1	19646294	1582	CT
1	19646711	417	CT
1	19646808	97	TC
1	19647176	331	TG
1	19647191	15	GA
1	19647198	7	AG
1	19647207	9	GT
1	19650185	2978	GA
1	19660088	7769	TC
1	19667433	4816	TG
1	19670674	2295	GA
1	19674072	2396	CG
1	19675005	933	GC
1	19675107	102	CA
1	19675318	211	CA
1	19675392	74	TC
1	19675458	66	AT
1	19675654	196	CT
1	19675854	200	AG
1	19675984	130	TC
1	19676473	489	AG
1	19676648	175	GA
1	19676962	314	TG
1	19677030	68	GA
1	19677435	193	TC
1	19677460	25	GA
1	19677666	206	AG
1	19677704	38	GA
1	19677890	108	GA
1	19679309	1030	AG
1	19679379	70	CA
1	19679520	141	GA
1	19679639	119	CT
1	19679910	271	CT
1	19680408	454	AT
1	19681569	910	CT
1	19683345	1759	CG
1	19683481	136	CT
1	19684347	866	GA
1	19685284	937	TC
1	19690989	5137	TC
1	19692464	270	TC
1	19692676	212	TC
1	19692825	149	CT
1	19692990	165	AG
1	19693008	18	CT
1	19694104	524	TC
1	19694888	741	TA
1	19696027	796	CG
1	19697224	1164	CT
1	19697500	276	TC
1	19697776	276	AG
1	19701249	3031	TC
1	19706587	5169	CT
1	19706670	83	CT
1	19708786	2053	GA
1	19710934	1856	GA
1	19711367	413	GA
1	19712645	1187	TC
1	19715794	3063	CT
1	19715804	10	TC
1	19723435	7157	CT
1	19724890	820	AC
1	19727151	1404	AT
1	19729731	2217	AT
1	19732464	2498	GC
1	19732796	332	TC
1	19733674	878	GA
1	19738086	3964	GA
1	19738906	768	AG
1	19739982	1076	AG
1	19740137	155	GC
1	19741831	1431	GA
1	19743836	1253	TC
1	19743989	153	CT
1	19744018	29	AG
1	19744279	261	GA
1	19744603	324	GA
1	19744708	105	CA
1	19747050	1672	GC
1	19759811	7440	GA
1	19765064	3353	TC
1	19765090	26	CG
1	19765117	27	TG
1	19765515	398	AC
1	19767115	1501	CT
1	19768091	976	GC
1	19770523	2138	TC
1	19773190	2667	GA
1	19784128	8093	AC
1	19790928	6517	CA
1	19793198	1949	GT
1	19802087	7181	CT
1	19802600	376	CT
1	19804706	1899	CT
1	19808652	2314	GA
1	19809923	1184	TC
1	19813281	2360	TA
1	19827621	10888	CT
1	19830074	1367	AT
1	19831527	1453	CA
1	19831550	23	GA
1	19834843	2996	AC
1	19838741	2559	CT
1	19839502	600	CT
1	19840354	773	GA
1	19840669	315	CT
1	19840711	42	CT
1	19841110	323	CT
1	19841363	253	TC
1	19841415	52	CT
1	19841548	133	TC
1	19841740	146	GA
1	19841972	232	AG
1	19842014	42	TC
1	19842581	385	CT
1	19842782	201	GA
1	19842858	76	TG
1	19842882	24	CT
1	19843109	227	GC
1	19843318	188	AC
1	19843727	409	AG
1	19844300	353	CT
1	19844302	2	AG
1	19844303	1	AC
1	19844826	505	TC
1	19847522	1811	CG
1	19847523	1	CT
1	19849209	1447	GT
1	19850056	775	CA
1	19850384	328	CG
1	19850908	524	AG
1	19851104	196	CG
1	19852700	1596	AG
1	19853112	412	CA
1	19853684	354	AG
1	19853826	142	AG
1	19854706	777	CT
1	19855048	342	GA
1	19855073	25	CT
1	19855082	9	CG
1	19855295	111	TC
1	19855578	283	AG
1	19856181	603	GA
1	19856224	43	GC
1	19856349	125	AG
1	19856625	276	TG
1	19856676	51	CG
1	19856677	1	TG
1	19856685	8	GA
1	19856749	64	CT
1	19858776	870	CA
1	19858784	8	TA
1	19859449	116	AG
1	19859754	305	AG
1	19862111	1630	CG
1	19862718	607	TC
1	19863134	416	AG
1	19863213	79	GT
1	19863217	4	TG
1	19863628	411	CG
1	19864036	230	AT
1	19864579	75	GA
1	19865396	630	GA
1	19865426	30	GC
1	19865556	130	CT
1	19865734	178	TC
1	19866043	203	GA
1	19867209	324	AG
1	19867528	170	GA
1	19868169	62	AG
1	19868863	495	AG
1	19869192	172	CT
1	19871663	603	TC
1	19872203	231	CT
1	19873374	921	CG
1	19873663	289	TC
1	19873885	222	CT
1	19874129	244	CT
1	19874225	96	AG
1	19874365	67	CT
1	19875854	819	CA
1	19876218	364	AT
1	19877497	510	GA
1	19877724	227	CT
1	19877773	49	GC
1	19877853	80	GA
1	19878326	449	GA
1	19878649	190	GT
1	19878733	84	AG
1	19879667	630	CA
1	19880001	334	AG
1	19880009	8	GA
1	19883890	2351	GC
1	19884607	717	GT
1	19884887	280	GA
1	19892941	5745	TC
1	19894335	527	GA
1	19894982	406	CT
1	19895615	633	AG
1	19903459	1158	AG
1	19903551	56	TC
1	19903929	219	CT
1	19904141	212	GA
1	19904158	17	AG
1	19905139	918	GC
1	19905147	8	GA
1	19905148	1	AG
1	19907534	303	GC
1	19908283	345	TC
1	19908482	199	GA
1	19909107	504	AG
1	19909129	22	CG
1	19909217	88	CG
1	19909345	128	CT
1	19909566	169	CT
1	19909591	25	CG
1	19909662	71	GA
1	19909736	74	GA
1	19909780	44	AG
1	19909985	205	CT
1	19909994	9	TC
1	19910679	658	GA
1	19910977	298	AG
1	19911231	203	GA
1	19911784	243	GA
1	19914555	582	TC
1	19915187	534	AG
1	19916027	840	TC
1	19921448	4277	AG
1	19922884	395	GA
1	19923721	837	AG
1	19923988	267	TC
1	19933703	7874	GA
1	19933980	85	TC
1	19935729	1663	AT
1	19935802	73	TC
1	19936367	565	TC
1	19940492	3192	GA
1	19940777	285	CT
1	19942434	1390	CT
1	19942581	61	AG
1	19942800	219	CT
1	19942837	37	AG
1	19942949	112	TG
1	19942998	49	TG
1	19944389	1164	TA
1	19944398	9	GC
1	19946010	1495	CA
1	19946231	221	CT
1	19947748	1517	CA
1	19948236	431	TC
1	19948291	55	GT
1	19948387	96	CT
1	19948492	105	GT
1	19948794	302	TC
1	19949239	445	GT
1	19949443	66	CT
1	19949511	68	GC
1	19949830	319	AG
1	19949895	65	AG
1	19949948	53	GA
1	19949955	7	GA
1	19950059	104	TC
1	19950125	66	AG
1	19950134	9	TG
1	19950386	252	AG
1	19950591	205	AG
1	19950776	185	GA
1	19950823	47	CT
1	19951097	187	TC
1	19951218	121	GA
1	19951264	46	GC
1	19951269	5	TC
1	19951766	267	AC
1	19951995	229	GC
1	19952000	5	AT
1	19956291	1697	TC
1	19956297	6	GA
1	19957396	683	GA
1	19957600	204	TG
1	19957975	375	GT
1	19959814	1418	AG
1	19972661	9676	TC
1	19973349	688	GA
1	19973978	629	TA
1	19974657	679	GC
1	19974686	29	GA
1	19974688	2	CG
1	19977721	2056	CT
1	19979104	1138	CA
1	19980095	663	GA
1	19980104	9	GT
1	19980413	136	TC
1	19980493	80	AG
1	19980515	22	AT
1	19980632	117	GA
1	19980803	171	CT
1	19980920	117	AG
1	19980982	62	TC
1	19982204	379	AG
1	19982301	97	TC
1	19984975	1175	GA
1	19985135	160	TC
1	19985647	512	CT
1	19985673	26	GA
1	19985695	22	CT
1	19985771	76	AG
1	19986021	172	CT
1	19986217	196	CA
1	19986300	83	CA
1	19986434	134	TC
1	19987109	675	AG
1	19987803	666	CT
1	19989352	1178	TG
1	19990252	390	GA
1	19990313	61	AG
1	19992840	2447	AG
1	19992928	88	AG
1	19992931	3	AG
1	19993133	202	TC
1	19993297	164	CT
1	19993300	3	TA
1	19993362	62	AG
1	19994656	1049	CT
1	19994773	117	CT
1	19995153	380	GA
1	19995838	358	TC
1	19996020	182	CT
1	19996161	141	CA
1	19996176	15	CT
1	19997057	626	GA
1	19997096	39	CT
1	19997259	163	AG
1	19997427	168	CT
1	19997461	34	TC
1	19997477	16	TC
1	19997870	215	GA
1	19997972	102	GA
1	19998194	222	CT
1	19998244	50	CT
1	19998332	88	GA
1	19998415	83	AC
1	19998829	204	TC
1	19998859	30	AG
1	19998865	6	CG
1	19998936	71	GT
1	19998971	35	CA
1	19999336	365	AG
1	19999392	56	TC
1	19999413	21	CT
1	19999414	1	AG
1	19999941	188	AG
1	19999984	43	TA
1	19999995	11	GA
1	20001835	998	CT
1	20001894	59	GT
1	20005224	1317	AG
1	20010679	1309	CT
1	20010689	10	CG
1	20020893	5165	TC
1	20022883	1648	GA
1	20024016	953	GA
1	20024197	181	AG
1	20024481	284	AG
1	20024488	7	AG
1	20024499	11	AG
1	20024749	197	GA
1	20024817	68	AG
1	20024977	160	TC
1	20025319	303	GT
1	20026498	1110	TC
1	20027414	593	AG
1	20027651	237	TC
1	20027859	208	TC
1	20037486	1837	CT
1	20037753	267	CT
1	20038515	494	TG
1	20038545	30	CT
1	20039050	259	AT
1	20039838	487	TA
1	20039982	144	CT
1	20040755	508	GA
1	20040792	37	TC
1	20042131	940	AG
1	20042670	496	GT
1	20042766	96	CA
1	20046391	2374	AG
1	20046398	7	TC
1	20046538	140	TA
1	20047664	1026	TC
1	20049218	945	TC
1	20049772	554	AG
1	20050097	325	AG
1	20050670	573	CG
1	20051024	354	AG
1	20051029	5	GA
1	20051387	358	CT
1	20051426	39	AG
1	20051507	81	TG
1	20052061	309	CT
1	20052968	571	TA
1	20054868	1900	CT
1	20058487	3182	GA
1	20060171	1114	CG
1	20060426	255	CG
1	20062987	1929	GA
1	20064115	842	GA
1	20064368	253	CG
1	20065057	689	AG
1	20066103	1046	AC
1	20066300	197	TC
1	20067357	723	GA
1	20069862	1850	GA
1	20069866	4	AC
1	20072305	2078	TG
1	20072389	84	TG
1	20072498	109	GA
1	20072587	89	CT
1	20074398	1228	TA
1	20077277	2377	GA
1	20077704	427	GA
1	20079739	1495	CT
1	20080759	818	GA
1	20086524	5449	CT
1	20087583	1021	AG
1	20088347	245	CT
1	20088653	306	CA
1	20088676	23	GA
1	20088701	25	GC
1	20089018	317	TC
1	20089288	270	CT
1	20089289	1	GA
1	20089317	28	TC
1	20089405	88	GA
1	20089432	27	AG
1	20089532	100	CG
1	20089537	5	TC
1	20089787	250	CA
1	20090193	406	AG
1	20090224	31	AG
1	20090327	103	TC
1	20090534	207	GA
1	20090574	40	CT
1	20090641	67	CT
1	20090652	11	AG
1	20090857	205	CA
1	20090968	111	GC
1	20091060	92	TC
1	20091111	51	AC
1	20091132	21	CT
1	20091156	24	TC
1	20091467	311	GT
1	20091468	1	TC
1	20091533	65	CT
1	20091755	222	CG
1	20091916	161	GA
1	20092582	666	GC
1	20092618	36	AG
1	20094602	1758	TC
1	20094977	375	TC
1	20094978	1	CT
1	20095584	606	AG
1	20096061	477	AG
1	20096096	35	TC
1	20096672	576	CT
1	20096835	163	AG
1	20097036	201	GC
1	20097431	395	GA
1	20097432	1	CT
1	20097481	49	AG
1	20097515	34	GA
1	20097536	21	AG
1	20097538	2	TG
1	20097564	26	GA
1	20097614	50	AG
1	20098526	695	AG
1	20098537	11	GA
1	20098773	236	CT
1	20099626	558	CG
1	20099742	116	TC
1	20099743	1	GA
1	20099753	10	TC
1	20099766	13	AC
1	20100455	303	TC
1	20100489	34	GA
1	20100677	188	AG
1	20100687	10	GC
1	20100759	72	GA
1	20101273	514	CT
1	20101803	148	TC
1	20102008	205	TC
1	20104906	1337	AG
1	20106846	669	CT
1	20111817	2562	GA
1	20114886	2045	TG
1	20114950	64	AG
1	20115063	113	CA
1	20115105	42	GC
1	20115187	82	AG
1	20115402	215	GC
1	20115528	126	CT
1	20115624	96	CG
1	20115759	135	GC
1	20115761	2	TA
1	20116380	568	CT
1	20116515	135	GA
1	20116527	12	CT
1	20116830	303	CT
1	20116840	10	TA
1	20116913	73	CT
1	20117220	307	CG
1	20117786	455	TC
1	20117791	5	TC
1	20118520	729	TC
1	20118548	28	AG
1	20119173	565	CT
1	21330649	866471	GC
1	21330936	287	GT
1	21331124	188	GA
1	21331273	149	CT
1	21331842	348	TC
1	21332484	510	AG
1	21332515	31	GC
1	21332550	35	TC
1	21332566	16	TC
1	21333263	324	GT
1	21333275	12	CT
1	21333301	26	TC
1	21333523	222	GC
1	21333541	18	CT
1	21334350	761	TC
1	21334409	59	GA
1	21334915	506	AG
1	21335081	166	GT
1	21335546	333	GA
1	21337556	1413	AC
1	21337962	406	TC
1	21338021	59	CG
1	21338022	1	GA
1	21338122	100	CT
1	21338243	121	GA
1	21338250	7	GA
1	21338441	191	AG
1	21339385	944	TC
1	21340148	763	GA
1	21340162	14	CT
1	21340212	50	CT
1	21341192	980	CT
1	21341344	152	TC
1	21341707	185	GC
1	21343988	1629	CT
1	21344149	161	CT
1	21344273	124	TC
1	21344777	504	CG
1	21345020	211	TC
1	21345313	293	GA
1	21345572	102	AG
1	21345935	363	GC
1	21346001	66	TC
1	21346057	56	GA
1	21348557	709	AG
1	21348741	184	GA
1	21349054	313	GT
1	21349086	32	GT
1	21349173	87	AC
1	21349404	231	GA
1	21349465	61	GT
1	21349479	14	CG
1	21350112	569	AC
1	21350203	91	TC
1	21350600	397	CA
1	21350638	38	CT
1	21350759	121	TC
1	21351418	659	GA
1	21351637	219	AG
1	21351650	13	GA
1	21351654	4	GA
1	21352448	359	GA
1	21352518	70	GA
1	21353024	506	AG
1	21353058	34	CT
1	21355044	1148	TC
1	21355360	316	CT
1	21358025	1806	CT
1	21359287	790	CG
1	21359428	141	GA
1	21359785	310	AG
1	21363220	1147	GA
1	21363338	118	TC
1	21363440	102	CT
1	21363534	94	CT
1	21363746	212	GA
1	21363815	69	GT
1	21363820	5	AG
1	21363841	21	GT
1	21364346	428	AG
1	21364443	97	CT
1	21364656	107	CT
1	21365051	395	AT
1	21365397	302	GA
1	21365655	258	GA
1	21365983	328	TA
1	21366123	140	GC
1	21372203	3660	AG
1	21373708	607	AG
1	21375955	1501	CT
1	21376004	49	CG
1	21377688	1258	TC
1	21377953	232	TC
1	21378606	653	CT
1	21379548	642	TC
1	21379589	41	TC
1	21379594	5	CT
1	21379605	11	GA
1	21380281	676	AG
1	21381757	1318	CT
1	21382523	694	CT
1	21383184	635	GA
1	21383787	436	AG
1	21384388	601	CT
1	21384488	100	TG
1	21385515	712	AG
1	21385788	273	GA
1	21385813	25	AG
1	21386236	133	TC
1	21386277	41	TC
1	21386772	495	GA
1	21387801	1029	GT
1	21389543	1308	GT
1	21390841	854	AG
1	21392052	1054	GC
1	21396842	4322	GC
1	21396861	19	CA
1	21396928	67	TC
1	21396972	44	GA
1	21397034	62	GC
1	21397142	108	CT
1	21397252	110	CT
1	21397463	211	GC
1	21397595	132	CA
1	21398082	487	GA
1	21398094	12	GA
1	21398101	7	CT
1	21398254	153	CT
1	21398366	112	GA
1	21398749	383	AG
1	21399590	493	TC
1	21400011	129	GT
1	21400318	307	GA
1	21400692	374	GT
1	21400703	11	GA
1	21400796	93	GA
1	21401304	301	GA
1	21401947	492	TC
1	21402132	185	AG
1	21403525	1297	GC
1	21403725	162	AG
1	21404796	1071	TC
1	21405652	828	AG
1	21406461	465	TG
1	21406931	470	CT
1	21407672	468	AG
1	21408709	684	GA
1	21408891	182	TC
1	21408909	18	AT
1	21409095	186	AG
1	21410376	1238	AC
1	21410754	378	CT
1	21412383	1133	GA
1	21412796	413	GA
1	21413163	259	TC
1	21413429	266	GT
1	21413797	368	CT
1	21414322	525	CT
1	21414924	367	GC
1	21415078	154	AG
1	21415106	28	TC
1	21415774	598	CT
1	21415821	47	TC
1	21416667	846	CT
1	21417031	46	AG
1	21417117	86	CT
1	21417328	211	GA
1	21417427	99	CT
1	21417473	46	CA
1	21417638	57	AG
1	21417838	200	TG
1	21417891	53	AG
1	21418083	192	GC
1	21418106	23	CG
1	21418242	136	AT
1	21418603	298	GA
1	21418670	67	CT
1	21419161	491	TG
1	21419172	11	GC
1	21419195	23	AG
1	21419339	144	AG
1	21419624	109	CT
1	21419765	141	CT
1	21419774	9	AC
1	21420109	335	CG
1	21420220	111	CG
1	21420229	9	AG
1	21420633	62	TC
1	21420642	9	TC
1	21420796	154	TG
1	21421019	223	CT
1	21421286	267	CT
1	21421504	218	TC
1	21421510	6	AG
1	21421517	7	CT
1	21421584	67	AG
1	21421623	39	AG
1	21421678	55	TG
1	21422344	488	AG
1	21422386	42	GA
1	21422469	83	AG
1	21427438	3611	CA
1	21428360	628	AG
1	21432319	2550	TG
1	21432905	453	GA
1	21433791	690	GC
1	21433813	22	GC
1	21434724	621	CA
1	21434799	75	TC
1	21436964	468	TC
1	21436972	8	GA
1	21442101	2277	AC
1	21442803	374	CT
1	21447123	2989	CG
1	21447512	389	GA
1	21449131	1570	GT
1	21460143	7392	CT
1	21460357	214	GT
1	21462526	1100	GA
1	21463898	357	AG
1	21464475	125	CG
1	21464635	160	CT
1	21464695	60	CG
1	21464703	8	GA
1	21464743	40	AG
1	21464765	22	TC
1	21464847	82	TC
1	21464854	7	CT
1	21465036	182	AG
1	21465219	183	AC
1	21465478	259	TC
1	21465520	42	GA
1	21465755	115	GA
1	21465767	12	AG
1	21465890	123	TC
1	21466993	547	GT
1	21467366	373	TG
1	21467484	118	TA
1	21467939	366	AG
1	21468083	144	CG
1	21470048	1287	CT
1	21475829	3860	TC
1	21475985	156	CT
1	21476049	64	CA
1	21476050	1	AG
1	21477233	332	GA
1	21478834	817	GC
1	21478985	151	CT
1	21482189	1885	GA
1	21482303	66	AC
1	21482581	278	CA
1	21482654	73	GA
1	21485802	1174	TC
1	21485828	26	TC
1	21487393	708	AG
1	21487515	122	GA
1	21488494	719	AG
1	21490351	1422	CT
1	21490563	212	TC
1	21492136	1250	AT
1	21493137	1001	AG
1	21493236	99	AG
1	21494982	396	AG
1	21495183	201	TC
1	21495439	256	GA
1	21495448	9	AG
1	21495496	48	AG
1	21495813	317	TC
1	21496698	524	AG
1	21496789	91	TC
1	21496887	98	CA
1	21496912	25	TA
1	21496975	63	AG
1	21497657	204	CT
1	21498425	610	TG
1	21498513	88	AG
1	21500663	686	TC
1	21501279	616	GC
1	21502308	858	TG
1	21502554	246	TG
1	21505608	1529	AG
1	21505769	161	AT
1	21505795	26	AG
1	21506477	682	GA
1	21506908	431	AG
1	21506909	1	TC
1	21506972	63	AG
1	21507433	461	GT
1	21507455	22	GA
1	21507539	84	TC
1	21509764	2225	GT
1	21510351	587	AG
1	21511478	1127	AT
1	21511942	464	AG
1	21511955	13	GC
1	21511977	22	CT
1	21512125	148	CT
1	21512335	210	AG
1	21512551	216	GA
1	21513074	523	TC
1	21514332	1258	AC
1	21514681	349	CT
1	21514976	295	TG
1	21514983	7	CT
1	21515784	772	AG
1	21516345	513	CT
1	21516583	238	GA
1	21516673	90	TA
1	21516674	1	GT
1	21517756	1047	TC
1	21522772	3010	GA
1	21524377	1057	TA
1	21526335	1253	CT
1	21533714	5041	CG
1	21541428	1469	CT
1	21545106	2222	TC
1	21552433	269	GT
1	21557843	4238	GT
1	21566081	4039	GA
1	21566098	17	CT
1	21566189	91	GA
1	21566511	322	GC
1	21566861	350	CT
1	21567686	825	CT
1	21568771	1085	TA
1	21569201	430	AT
1	21571074	1873	CT
1	21572082	1008	AG
1	21572098	16	TA
1	21572320	222	CG
1	21572510	190	AT
1	21572727	217	TC
1	21573165	438	CT
1	21574231	694	AG
1	21575437	909	TC
1	21575503	66	CT
1	21576746	571	TC
1	21576779	33	GA
1	21576821	42	TC
1	21576994	173	CT
1	21577097	103	AG
1	21577139	42	CT
1	21578107	884	AG
1	21578339	232	CT
1	21578559	220	TC
1	21579762	757	AG
1	21579803	41	GA
1	21579806	3	GT
1	21580099	293	TC
1	21580293	194	TA
1	21580589	296	TC
1	21580740	151	GA
1	21580819	79	GA
1	21581084	265	GT
1	21581298	214	TC
1	21581419	121	GT
1	21581856	143	GC
1	21581880	24	TA
1	21582355	192	AG
1	21582491	136	GA
1	21583395	904	CA
1	21583482	87	CA
1	21583502	20	AC
1	21583564	62	TC
1	21583807	243	GA
1	21583816	9	CT
1	21584472	656	GA
1	21584789	174	TG
1	21584839	50	TC
1	21585886	961	CT
1	21591765	2870	TC
1	21592103	338	GT
1	21593769	847	AG
1	21594478	709	CT
1	21595524	905	TG
1	21595631	107	GC
1	21596695	1064	CA
1	21598445	819	CT
1	21599784	1339	CA
1	21599907	123	AG
1	21600156	249	CT
1	21600924	459	CT
1	21601513	589	GA
1	21602161	201	CG
1	21602468	307	GA
1	21602470	2	AT
1	21602769	299	CT
1	21603541	772	TC
1	21603915	374	GA
1	21605550	813	CT
1	21605751	201	TG
1	21606460	627	AG
1	21607130	670	AG
1	21607158	28	TA
1	21607717	559	CT
1	21608829	1068	AT
1	21609348	419	GA
1	21610805	762	CA
1	21611470	665	GA
1	21612070	557	CT
1	21612165	95	GC
1	21612177	12	CT
1	21612392	215	GA
1	21621472	4699	GT
1	21623522	1666	AG
1	21623957	333	TC
1	21630381	1826	TG
1	21631876	1350	CT
1	21632862	726	CT
1	21633305	443	TG
1	21637040	1556	AT
1	21637203	105	CA
1	21637301	98	TC
1	21637828	527	CT
1	21637830	2	TC
1	21638340	510	AG
1	21638836	187	TC
1	21641296	330	TC
1	21641444	148	CT
1	21641656	212	GA
1	21642235	215	TC
1	21643627	733	TG
1	21643656	29	GA
1	21644101	445	GA
1	21644695	594	CT
1	21644944	249	GA
1	21645057	113	TA
1	21645270	213	AT
1	21646593	788	CG
1	21646597	4	CA
1	21646932	315	CG
1	21651536	3239	CT
1	21651998	462	GA
1	21652003	5	GA
1	21652343	136	CT
1	21652364	21	CT
1	21652544	180	GT
1	21652557	13	GA
1	21652672	115	AC
1	21652905	233	GA
1	21653715	251	CT
1	21653743	28	AC
1	21655021	564	GA
1	21657718	1233	CT
1	21657842	124	CT
1	21657884	42	GT
1	21658238	354	GC
1	21661546	1395	CT
1	21662090	544	GT
1	21663912	1203	CG
1	21667603	867	CT
1	21670918	1135	AT
1	21671171	253	TC
1	21672603	520	TA
1	21674397	745	CT
1	21674432	35	CT
1	21677430	1039	AG
1	21679874	1636	TA
1	21679950	76	AC
1	21680127	177	AT
1	21680199	72	GA
1	21680438	239	CT
1	21680694	256	AT
1	21680898	204	AC
1	21681431	503	TG
1	21682140	709	GA
1	21683098	906	GA
1	21683144	46	GC
1	21685647	2137	GT
1	21686079	405	GA
1	21686223	144	TC
1	21687761	1487	TC
1	21687988	227	TC
1	21689969	1216	GT
1	21691545	692	CT
1	21691554	9	AG
1	21692238	316	AG
1	21692793	555	CA
1	21698176	2932	AG
1	21703537	2584	CT
1	21712244	5046	TC
1	21712273	29	GA
1	21712285	12	TC
1	21714462	1161	CT
1	21714482	20	AG
1	21714659	177	TC
1	21714761	102	AG
1	21715452	429	AG
1	21715542	90	CG
1	21717210	297	GA
1	21717256	46	GA
1	21721842	333	GC
1	21723248	386	TC
1	21723459	211	GA
1	21723597	138	GA
1	21724101	353	GA
1	21724207	106	TC
1	21727885	578	TG
1	21730158	614	GA
1	21731246	146	GC
1	21731280	34	GA
1	21732259	735	CG
1	21732345	86	AG
1	21734401	575	AT
1	21734410	9	AG
1	21734825	415	CT
1	21734918	93	CT
1	21735009	91	GA
1	21737891	2171	AG
1	21738274	353	GA
1	21738961	646	GC
1	21739622	223	AG
1	21740416	766	GA
1	21740693	277	GA
1	21741671	177	AG
1	21741674	3	TC
1	21743104	510	AG
1	21743147	43	AG
1	21744037	386	AT
1	21744133	96	GA
1	21745454	1297	GT
1	21746784	957	CT
1	21747036	252	CT
1	21748197	563	TA
1	21750568	2344	TG
1	21750585	17	GA
1	21751338	466	AG
1	21756003	3367	AC
1	21762728	4784	CG
1	21763222	494	TG
1	21763223	1	TA
1	21763264	41	AG
1	21763323	59	GA
1	21766130	2253	GA
1	21766285	155	CT
1	21766311	26	CT
1	21766360	49	GT
1	21767111	527	GA
1	21767200	89	AG
1	21767440	44	TG
1	21773214	1768	AC
1	21776123	1080	GC
1	21778699	1369	TC
1	21779390	510	CT
1	21779442	52	TC
1	21785139	5416	GC
1	21785264	125	GA
1	21785700	436	AG
1	21786993	1293	TC
1	21787350	280	TG
1	21788766	1390	CA
1	21788784	18	AG
1	21789005	221	CA
1	21789229	224	AG
1	21789487	258	GA
1	21789837	350	GA
1	21789962	125	CA
1	21790089	127	CT
1	21792748	2516	CT
1	21795444	1868	GA
1	21798083	2032	GA
1	21800793	1210	TC
1	21800870	77	TC
1	21801677	596	CG
1	21804443	2475	AG
1	21804804	361	TG
1	21808878	3188	AC
1	21809032	154	AT
1	21810804	746	GA
1	21812739	778	AG
1	21813013	274	GC
1	21814174	1161	TC
1	21814983	589	CA
1	21816967	1914	GA
1	21817176	171	GA
1	21817910	734	CT
1	21818108	198	CT
1	21821650	1434	CT
1	21822576	877	CA
1	21827455	4143	GT
1	21828250	795	CT
1	21828273	23	CT
1	21838825	5124	AG
1	21838900	75	CA
1	21839351	451	TC
1	21841577	2226	TC
1	21843252	1054	TC
1	21843951	567	TC
1	21844807	826	AG
1	21845594	787	TC
1	21847954	1762	CT
1	21848688	734	TC
1	21848804	116	TC
1	21849198	209	GA
1	21849541	343	CT
1	21851097	743	CT
1	21851098	1	GA
1	21851551	145	AG
1	21851804	253	GC
1	21852216	317	AG
1	21852418	202	CT
1	21852503	85	TC
1	21852796	86	AG
1	21852847	51	TC
1	21853329	271	AG
1	21853460	131	GA
1	21854072	496	GT
1	21854279	77	TG
1	21856037	899	TC
1	21857161	1057	TC
1	21859568	1435	TC
1	21859607	39	TC
1	21859663	56	GA
1	21859686	23	AC
1	21861586	1620	GC
1	21864510	2208	TA
1	21876236	6587	AC
1	21877040	804	AT
1	21878709	1669	TC
1	21883376	580	TC
1	21894337	5589	GA
1	21894416	79	CT
1	21905498	4818	AG
1	21908603	1501	AG
1	21908978	172	CT
1	21911372	725	CT
1	21916883	2217	CA
1	21917722	816	GA
1	21918134	412	TC
1	21924563	1186	GC
1	21929749	1955	TC
1	21932643	2012	GA
1	21938119	3231	GC
1	21938357	238	GC
1	21938445	88	GA
1	21938699	92	CT
1	21938744	45	CG
1	21939038	294	AG
1	21939156	118	GC
1	21941063	778	AG
1	21943996	1482	AG
1	21944283	287	CT
1	21949124	1285	AG
1	21949833	649	GA
1	21950959	661	GC
1	21951555	573	TG
1	21951594	39	GA
1	21951735	141	AG
1	21951966	231	TA
1	21952014	48	TC
1	21954112	119	GA
1	21954170	58	CT
1	21954179	9	CT
1	21954957	277	GA
1	21955843	713	AC
1	21956385	458	AG
1	21958369	1058	TC
1	21960732	989	TC
1	21960755	23	GA
1	21960904	149	CA
1	21961351	400	CG
1	21961632	281	TC
1	21962105	473	CG
1	21962106	1	TG
1	21963111	200	AG
1	21963157	46	TC
1	21963826	222	GC
1	21963873	47	TC
1	21963884	11	TC
1	21963913	29	TA
1	21964073	62	GC
1	21964212	139	TC
1	21964259	47	GA
1	21964396	137	CA
1	21964416	20	GA
1	21964419	3	CT
1	21964431	12	AG
1	21964461	30	TC
1	21964563	102	GA
1	21964635	72	GA
1	21964738	61	TC
1	21964798	60	CT
1	21964990	90	GT
1	21965056	66	TC
1	21965150	94	TC
1	21965177	27	TA
1	21965318	141	AG
1	21965343	25	TC
1	21965359	16	TC
1	21965478	119	GA
1	21967574	1065	GA
1	21968637	767	TG
1	21979041	5670	AT
1	21980787	362	TC
1	21990370	4353	GA
1	21990513	143	TC
1	21994370	1246	CA
1	21995394	356	AG
1	21996649	240	AG
1	21996658	9	AG
1	21997187	212	AC
1	21997495	308	AG
1	21997747	252	CT
1	21997752	5	CA
1	21997815	63	CA
1	21998213	398	TC
1	21998282	69	TC
1	21999444	761	AG
1	21999454	10	GA
1	21999586	132	CT
1	22002678	520	GA
1	22004798	706	TC
1	22005038	240	GC
1	22006222	1142	AG
1	22006245	23	GA
1	22006272	27	CT
1	22006380	108	CT
1	22007737	682	CG
1	22007860	123	AG
1	22010641	1535	GA
1	22010722	81	AG
1	22011112	390	TC
1	22011122	10	TC
1	22011125	3	TC
1	22011168	43	TG
1	22011177	9	GT
1	22011536	145	AG
1	22011563	27	TC
1	22011703	140	GA
1	22011761	58	GA
1	22011817	56	TC
1	22011903	86	AG
1	22012012	109	TG
1	22012099	87	AG
1	22012107	8	CA
1	22012167	60	GC
1	22012304	137	CG
1	22013516	410	CT
1	22013525	9	AG
1	22013572	47	CT
1	22013681	109	GA
1	22013867	186	GA
1	22014239	372	CT
1	22014505	266	GA
1	22014595	51	TA
1	22014619	24	TC
1	22015008	389	GA
1	22015074	66	AG
1	22015109	35	CT
1	22015130	21	AC
1	22015178	48	CG
1	22015551	373	AG
1	22015568	17	CT
1	22015992	55	TC
1	22016054	62	CT
1	22016112	58	AT
1	22016175	63	CG
1	22016709	200	GA
1	22016716	7	CT
1	22016728	12	CT
1	22016774	46	TG
1	22016868	94	CT
1	22016882	14	AG
1	22016926	44	GA
1	22017381	147	CT
1	22017512	131	TA
1	22018239	151	TC
1	22018244	5	GT
1	22018246	2	CT
1	22018351	105	TC
1	22018778	427	TG
1	22018788	10	GA
1	22018921	133	AG
1	22019250	329	GA
1	22022216	1318	TC
1	22022400	184	TC
1	22024958	1083	AT
1	22025570	457	GT
1	22025705	96	AG
1	22026161	286	CT
1	22026629	175	AG
1	22026729	100	GA
1	22026766	37	TC
1	22027878	488	AG
1	22028300	122	AG
1	22028402	102	AG
1	22028863	461	GA
1	22029326	129	TC
1	22029788	462	AG
1	22029812	24	CT
1	22029938	126	GA
1	22029989	51	TA
1	22030012	23	GA
1	22030643	62	TC
1	22031843	166	AG
1	22032402	559	CT
1	22032491	89	GT
1	22034565	1677	GT
1	22034566	1	GA
1	22034854	288	CT
1	22036366	1512	TC
1	22039423	3057	CG
1	22042285	2130	GA
1	22042674	389	CA
1	22043884	1210	CT
1	22044988	1062	AC
1	22045097	109	CT
1	22045770	673	AG
1	22045821	51	GC
1	22046132	269	CT
1	22049497	1977	AG
1	22049660	163	GA
1	22049873	196	AC
1	22050291	314	GA
1	22050890	599	AG
1	22051350	260	GA
1	22051470	120	CT
1	22051522	52	TG
1	22052373	851	CT
1	22052558	185	CA
1	22056184	2447	GC
1	22056735	551	AC
1	22057341	290	GA
1	22060254	626	TC
1	22060544	290	AG
1	22060594	50	GT
1	22060811	217	TC
1	22061036	225	TC
1	22062213	428	AG
1	22063727	1022	GC
1	22063740	13	GA
1	22063780	40	GA
1	22065728	1415	CA
1	22067299	730	TC
1	22068063	405	AT
1	22070036	1481	CT
1	22072177	1573	CT
1	22074402	1568	CT
1	22076316	1691	GA
1	22076328	12	TC
1	22076885	255	CT
1	22076968	83	CT
1	22076989	21	CG
1	22077005	16	GA
1	22077448	158	CT
1	22077639	191	CT
1	22077684	45	AG
1	22077843	159	GA
1	22077996	153	CT
1	22078171	175	GA
1	22078562	391	CT
1	22078582	20	TC
1	22078750	138	GC
1	22079106	356	CT
1	22079120	14	GT
1	22079224	104	CT
1	22079366	142	CT
1	22079499	133	TC
1	22079541	42	CT
1	22080279	543	TC
1	22080293	14	CT
1	22080318	25	TC
1	22080437	119	CT
1	22080474	37	AC
1	22080539	65	TC
1	22080610	71	CT
1	22080859	249	TC
1	22081734	750	GC
1	22081754	20	AG
1	22081792	38	TC
1	22081823	31	CT
1	22082122	299	GA
1	22082228	106	AG
1	22082883	627	AG
1	22082999	116	TC
1	22083259	260	TA
1	22083647	339	TC
1	22083748	101	CT
1	22084053	305	AC
1	22084124	71	GA
1	22084270	146	CG
1	22084671	358	GC
1	22084681	10	TC
1	22086301	1120	GA
1	22086805	504	CG
1	22087002	197	TG
1	22087633	631	TC
1	22088400	393	AG
1	22089167	767	TC
1	22090117	950	TC
1	22090844	727	GA
1	22090920	76	AG
1	22094651	879	GC
1	22094664	13	CT
1	22094969	305	CT
1	22095133	164	GA
1	22096623	1445	AG
1	22096669	46	TC
1	22097771	963	GT
1	22097995	224	GC
1	22099619	980	TC
1	22099956	276	GA
1	22099975	19	GA
1	22100626	633	AG
1	22100750	124	CT
1	22101466	556	GA
1	22101492	26	CT
1	22102750	1153	AG
1	22102902	152	CT
1	22102929	27	CA
1	22103615	686	GT
1	22104328	713	TA
1	22104350	22	TC
1	22106009	576	AG
1	22115229	3482	CT
1	22119491	2932	CT
1	22119496	5	GA
1	22120092	596	GA
1	22121949	1020	GA
1	22133379	6720	GA
1	22155154	16344	CT
1	22158361	2142	CG
1	22158434	73	AC
1	22159029	307	TC
1	22159039	10	GA
1	22160106	749	TC
1	22160517	411	AC
1	22160655	138	CT
1	22164807	1443	GA
1	22165492	685	GA
1	22166424	932	CT
1	22166717	293	TA
1	22170101	1345	GA
1	22173930	3504	CG
1	22174279	349	CT
1	22174803	524	TA
1	22175404	361	GA
1	22175622	218	GT
1	22175744	122	CT
1	22176411	433	TG
1	22177332	399	GA
1	22177422	90	AT
1	22177745	323	AG
1	22177747	2	CT
1	22179345	964	CT
1	22179581	236	GA
1	22179604	23	AT
1	22180300	108	GA
1	22180378	78	TC
1	22180415	37	AC
1	22180531	116	AG
1	22180630	53	CT
1	22180707	77	TC
1	22181317	283	TC
1	22181442	125	GA
1	22181590	59	GA
1	22184407	632	GA
1	22184486	79	CT
1	22184553	67	GA
1	22184617	64	GA
1	22185149	532	GC
1	22186136	649	TC
1	22186558	327	GA
1	22187883	816	CG
1	22193253	2118	TC
1	22195646	899	AG
1	22196050	404	CG
1	22196304	254	TC
1	22196431	127	CT
1	22197023	551	GC
1	22197125	102	CT
1	22200611	2654	GA
1	22200820	209	AG
1	22202123	934	GA
1	22206860	2485	GA
1	22207641	751	TC
1	22208251	610	TC
1	22208392	141	GA
1	22208822	269	CT
1	22209033	211	CT
1	22210192	567	CT
1	22210517	325	GA
1	22212091	741	TC
1	22212142	51	CT
1	22212216	74	GA
1	22212429	213	AG
1	22212664	235	CT
1	22213108	444	GA
1	22214161	1053	TC
1	22216004	934	GA
1	22217466	1462	TC
1	22219181	1319	GA
1	22219340	159	TA
1	22219341	1	TA
1	22229632	5371	GC
1	22230202	459	TC
1	22230281	79	GT
1	22231909	1042	CT
1	22231956	47	CT
1	22232767	660	TA
1	22233052	285	CT
1	22233223	171	TC
1	22235307	1514	TC
1	22235795	154	CA
1	22236661	723	AG
1	22237959	508	GC
1	22238883	634	TC
1	22240202	1136	CT
1	22241790	741	CT
1	22244206	1535	AC
1	22245041	835	AC
1	22249478	2586	TC
1	22251701	1149	CT
1	22256813	1956	TG
1	22256839	26	CT
1	22259026	1739	CT
1	22259131	105	CT
1	22259193	62	TC
1	22259803	610	GA
1	22355069	52925	CG
1	22358936	580	AG
1	22359319	293	GT
1	22359493	174	CT
1	22359611	118	GA
1	22359683	72	TC
1	22359711	28	AG
1	22359766	55	CT
1	22359932	166	GA
1	22359949	17	CT
1	22359981	32	CG
1	22366643	1020	GT
1	22367811	742	GA
1	22368138	327	AG
1	22368709	544	AT
1	22372678	3827	CT
1	22373279	349	CT
1	22373409	130	TC
1	22373427	18	TG
1	22373547	120	TC
1	22373649	102	AG
1	22373805	156	GA
1	22376725	1936	TC
1	22376995	270	TC
1	22377062	67	TA
1	22377274	212	GT
1	22377360	86	AC
1	22377869	127	CA
1	22378914	668	CT
1	22379306	392	GA
1	22379352	46	TG
1	22386939	2979	AG
1	22387292	353	TA
1	22387581	289	GA
1	22388091	510	GC
1	22388306	215	AG
1	22388380	74	TA
1	22388773	393	TC
1	22390256	508	AG
1	22390319	63	AG
1	22392584	1678	CT
1	22392700	116	AC
1	22394776	908	AG
1	22396021	951	GC
1	22398047	624	GA
1	22398050	3	GA
1	22398093	43	TC
1	22398147	54	AG
1	22398172	25	CT
1	22399123	492	AT
1	22407231	3257	GA
1	22408773	1308	AG
1	22408923	150	AC
1	22409481	558	AG
1	22409759	278	AG
1	22412238	1646	TC
1	22415650	1890	CA
1	22430348	12278	TC
1	22440668	6427	CT
1	22441773	558	TC
1	22448517	6002	GA
1	22450010	1467	CA
1	22455898	4503	AT
1	22458623	2474	TC
1	22462298	2984	TA
1	22462299	1	AC
1	22467593	2079	CT
1	22467692	99	TG
1	22467855	163	GA
1	22468754	225	GA
1	22469917	754	AC
1	22470194	277	GA
1	22471386	582	TG
1	22471769	383	CA
1	22472369	283	CT
1	22472648	130	CT
1	22473125	477	CT
1	22473703	433	CT
1	22473726	23	GA
1	22473730	4	GA
1	22473788	58	GT
1	22473854	66	AT
1	22475137	686	TG
1	22475777	640	AG
1	22475817	40	GA
1	22476259	442	AG
1	22476539	280	TC
1	22476571	32	AG
1	22476736	165	GT
1	22476826	90	AT
1	22476983	157	AG
1	22477045	62	CT
1	22477505	331	GC
1	22477532	27	AG
1	22477652	120	CA
1	22477848	196	GA
1	22477979	131	TA
1	22479141	717	GC
1	22479146	5	CT
1	22479410	264	CT
1	22479450	40	CA
1	22479529	79	AG
1	22481028	866	AG
1	22481339	311	GA
1	22484889	3217	AT
1	22484973	84	AC
1	22491540	1231	TA
1	22492756	946	AG
1	22494556	984	CT
1	22494634	78	CT
1	22494986	352	TC
1	22494996	10	GA
1	22495131	135	CG
1	22495403	272	CT
1	22496374	712	AG
1	22496424	50	GA
1	22499871	2715	GA
1	22505107	1146	CG
1	22508128	2968	AG
1	22511155	2386	TC
1	22514093	2055	GT
1	22514341	248	TA
1	22514455	114	GA
1	22514541	86	CG
1	22514841	300	GA
1	22516625	1487	CT
1	22516806	181	AG
1	22516851	45	AG
1	22517348	497	AG
1	22519066	1211	TC
1	22524192	3924	CT
1	22525355	1130	TC
1	22525452	97	GA
1	22525956	504	CT
1	22525983	27	TC
1	22526089	106	TC
1	22527527	1128	AG
1	22528301	774	GA
1	22529062	726	TG
1	22529242	180	GA
1	22529434	192	TC
1	22529626	192	CG
1	22530079	453	AT
1	22530125	46	CG
1	22530275	150	AT
1	22530302	27	TG
1	22531657	1355	TC
1	22532648	991	AG
1	22537819	3486	GA
1	22537991	172	GA
1	22540097	1783	TC
1	22540665	568	CT
1	22541427	762	GA
1	22541738	291	TC
1	22541859	121	GA
1	22541882	23	GA
1	22543589	1496	CT
1	22543701	112	CT
1	22543744	43	AG
1	22543949	205	GA
1	22544014	65	GA
1	22544041	27	AC
1	22544050	9	CA
1	22544064	14	CT
1	22544094	30	AG
1	22544198	104	CT
1	22544815	617	CT
1	22544917	102	AC
1	22545750	478	GA
1	22545998	248	TC
1	22546003	5	CA
1	22546069	66	CG
1	22546334	265	GA
1	22546373	39	GA
1	22546381	8	GA
1	22550156	1481	CT
1	22550414	258	CT
1	22550744	330	GC
1	22550786	42	GA
1	22550864	78	TG
1	22551915	743	GA
1	22553077	443	GA
1	22553137	60	GA
1	22553305	168	TA
1	22553647	342	CT
1	22555049	1068	CT
1	22555354	30	GA
1	22555592	238	CT
1	22555624	32	GA
1	22556132	508	CT
1	22556237	105	TA
1	22556336	99	GA
1	22556898	44	AG
1	22557099	201	CT
1	22557245	146	TC
1	22557628	75	GA
1	22558318	637	TC
1	22558384	66	GA
1	22558401	17	AG
1	22558418	17	AG
1	22558507	89	CT
1	22558525	18	AG
1	22558527	2	GA
1	22558556	29	TC
1	22558570	14	GA
1	22558615	45	GT
1	22559095	480	CT
1	22559294	199	CT
1	22559790	301	GA
1	22560553	565	GA
1	22561195	371	CT
1	22561576	381	CT
1	22561842	266	TC
1	22561882	40	AC
1	22561884	2	TC
1	22566772	3875	TA
1	22567051	279	TC
1	22567583	468	GA
1	22568492	609	CG
1	22571881	2639	CT
1	22572224	343	GA
1	22572280	56	GA
1	22572292	12	TA
1	22572315	23	CT
1	22574339	1881	CT
1	22576206	1808	GA
1	22577831	1012	GC
1	22577877	46	GA
1	22578486	102	GA
1	22581549	2996	TG
1	22584104	1960	AG
1	22584209	105	AT
1	22584283	74	AG
1	22585856	1255	CT
1	22586090	234	GA
1	22586093	3	CG
1	22586721	628	GC
1	22586839	118	CA
1	22587096	257	GA
1	22587143	47	CG
1	22587193	50	GA
1	22587594	401	AG
1	22587844	250	CT
1	22588127	283	AG
1	22588144	17	CT
1	22588160	16	CT
1	22588414	232	GA
1	22588475	61	AG
1	22588952	267	GC
1	22589215	34	CG
1	22589548	333	CT
1	22590649	822	GA
1	22590860	211	GA
1	22591108	248	CT
1	22591329	221	AG
1	22591373	44	CT
1	22591458	85	CT
1	22592697	1031	AC
1	22593088	391	CT
1	22593337	249	GA
1	22594017	680	AC
1	22594225	208	GT
1	22594290	65	GA
1	22594598	308	GC
1	22594773	175	CT
1	22594853	80	TC
1	22594966	78	TA
1	22595016	50	CA
1	22595017	1	AG
1	22595107	90	GA
1	22595113	6	CT
1	22595180	67	CT
1	22595242	62	GA
1	22595261	19	AG
1	22595269	8	GT
1	22595324	55	TA
1	22595626	302	CT
1	22595820	194	GC
1	22596210	390	AG
1	22596362	75	AG
1	22596369	7	TG
1	22596806	392	CA
1	22597415	609	CA
1	22597634	219	GT
1	22598396	376	CT
1	22599210	399	AG
1	22599251	41	GA
1	22599487	236	CT
1	22599576	89	CT
1	22599633	57	CT
1	22599771	138	TC
1	22599791	20	CT
1	22601473	967	TC
1	22605213	3133	CT
1	22606647	1083	GC
1	22607063	397	TC
1	22610503	2865	AT
1	22610874	371	CG
1	22610907	33	GA
1	22611069	162	CT
1	22614485	2808	GA
1	22616173	1389	GA
1	22620400	3705	GC
1	22622419	1709	CG
1	22622743	324	TA
1	22622758	15	GC
1	22622816	58	AG
1	22623510	694	CA
1	22623535	25	GA
1	22623558	23	GA
1	22623731	173	GA
1	22624362	549	TC
1	22626007	1621	GA
1	22626042	35	GA
1	22626241	199	GT
1	22626244	3	GC
1	22626286	42	GA
1	22626479	193	CG
1	22627534	965	AG
1	22627601	67	GA
1	22627738	137	TG
1	22628006	268	CG
1	22628536	64	GA
1	22628992	456	GC
1	22629078	86	TC
1	22629100	22	CT
1	22629114	14	AG
1	22629334	220	GA
1	22630285	708	CT
1	22630604	284	CT
1	22630614	10	TG
1	22630645	31	CT
1	22630648	3	TC
1	22630751	103	CG
1	22630769	18	GT
1	22630992	223	AC
1	22631004	12	TC
1	22631058	54	AG
1	22631095	37	GC
1	22631175	80	TA
1	22631215	40	CA
1	22631356	141	CT
1	22632425	595	TG
1	22632527	102	AG
1	22633138	168	TG
1	22633143	5	AG
1	22633902	357	AG
1	22633918	16	GC
1	22634746	828	GC
1	22635712	515	AG
1	22635762	50	TA
1	22636421	659	GA
1	22636435	14	TC
1	22636671	236	AG
1	22636682	11	GA
1	22636916	234	AG
1	22637637	721	CT
1	22637712	75	TG
1	22638030	318	CG
1	22638058	28	GC
1	22638373	315	TC
1	22638463	90	GA
1	22638579	116	AC
1	22638667	88	GA
1	22639134	467	CT
1	22639202	68	GA
1	22639567	253	GC
1	22639712	145	GA
1	22640120	408	AG
1	22640162	42	GA
1	22640706	406	TC
1	22640962	256	CT
1	22640972	10	TC
1	22640973	1	GA
1	22640976	3	AG
1	22640980	4	AG
1	22641014	34	AG
1	22641081	67	CG
1	22641109	28	GA
1	22641246	137	CT
1	22641402	87	CT
1	22642264	492	GT
1	22642915	563	TC
1	22642975	60	CG
1	22643076	101	GA
1	22643472	396	CT
1	22643633	161	CT
1	22643974	341	GA
1	22644095	121	TC
1	22644131	36	CT
1	22644291	160	TC
1	22644327	36	TG
1	22644669	342	CT
1	22644703	34	CT
1	22644725	22	TG
1	22644869	144	CT
1	22644956	87	AG
1	22644958	2	CT
1	22645060	102	GA
1	22645084	24	GA
1	22646216	93	GA
1	22646220	4	GA
1	22646230	10	AG
1	22646258	28	AG
1	22646274	16	TC
1	22646279	5	AG
1	22646286	7	TC
1	22646322	36	TG
1	22646333	11	AC
1	22646994	47	GA
1	22647015	21	TC
1	22647313	151	TC
1	22647480	167	CT
1	22647495	15	CT
1	22647564	69	GA
1	22647623	59	GA
1	22647810	187	GA
1	22648327	351	TG
1	22648353	26	TC
1	22648371	18	GA
1	22648408	37	GA
1	22648547	139	CT
1	22648814	267	GA
1	22648838	24	CA
1	22648976	138	CT
1	22649135	159	CT
1	22649500	242	GA
1	22649534	34	AG
1	22649540	6	AG
1	22649677	137	AG
1	22649893	216	CT
1	22650041	148	GA
1	22650349	141	GA
1	22653382	1378	GA
1	22655115	531	CA
1	22655885	291	GC
1	22656051	166	AG
1	22656090	39	AG
1	22656725	518	TC
1	22657519	234	AC
1	22661321	3171	CT
1	22662984	1233	GA
1	22665360	1869	GT
1	22668138	2278	CT
1	22668321	183	TC
1	22669125	769	CT
1	22670258	943	CT
1	22670369	111	CT
1	22670450	81	TC
1	22670881	321	GC
1	22670884	3	CG
1	22671150	266	CT
1	22671423	273	GC
1	22671533	110	GA
1	22671605	72	CT
1	22671662	57	AG
1	22671967	305	AG
1	22672033	66	CT
1	22672039	6	CT
1	22672349	310	CT
1	22672375	26	GA
1	22672469	56	AG
1	22672562	93	AC
1	22672585	23	CT
1	22672674	89	CT
1	22672697	23	TC
1	22672873	176	GA
1	22672922	49	CT
1	22672990	68	AG
1	22673110	120	AG
1	22673170	60	TG
1	22673258	88	GA
1	22673503	245	CT
1	22673597	94	AG
1	22674417	509	GA
1	22674644	227	TC
1	22674766	122	GA
1	22674816	50	GA
1	22674930	114	AG
1	22674984	54	CG
1	22675001	17	CT
1	22675060	59	TA
1	22675078	18	CA
1	22675079	1	GA
1	22675868	291	GA
1	22676254	386	AG
1	22676359	105	CA
1	22676388	29	GA
1	22676607	219	GA
1	22676681	74	GA
1	22676756	75	CT
1	22677132	376	CT
1	22677252	120	AG
1	22678340	296	GA
1	22678371	31	AG
1	22678486	115	TC
1	22678503	17	CT
1	22678637	134	CT
1	22678676	39	AC
1	22678740	64	GA
1	22678782	42	TC
1	22678946	164	GA
1	22679309	363	GA
1	22679553	244	TC
1	22679592	39	GA
1	22679680	88	GA
1	22683262	2343	CT
1	22683322	60	TC
1	22683728	406	TC
1	22686940	2805	TG
1	22690606	3143	GA
1	22691812	221	AG
1	22693913	2056	CG
1	22694140	227	CT
1	22695306	1015	TC
1	22695434	128	GC
1	22695468	34	TC
1	22695469	1	GA
1	22695631	162	GA
1	22695869	238	GC
1	22696521	429	GA
1	22696592	71	TC
1	22698380	1627	CT
1	22703290	2623	GA
1	22724547	15953	GC
1	22730366	4676	CT
1	22732575	1468	GA
1	22732687	112	TG
1	22733721	871	TC
1	22733740	19	CA
1	22733901	161	CT
1	22736493	701	CT
1	22737237	634	GA
1	22737404	167	CA
1	22738357	511	AG
1	22739231	723	AG
1	22739459	228	GA
1	22739534	75	AG
1	22739562	28	AG
1	22739575	13	AG
1	22739615	40	TC
1	22739745	130	GA
1	22740368	142	AG
1	22740716	201	GA
1	22740736	20	GC
1	22740771	35	GA
1	22741832	711	AG
1	22742837	765	TC
1	22742989	61	CT
1	22743420	431	CT
1	22743805	385	CT
1	22743809	4	TC
1	22744022	117	GC
1	22744044	22	GA
1	22746410	1923	GA
1	22769860	20645	GA
1	22769974	114	CT
1	22770982	782	CT
1	22771566	584	TC
1	22771654	88	AG
1	22771725	71	TA
1	22771889	135	TC
1	22773028	996	CT
1	22773325	297	CG
1	22773327	2	CT
1	22773492	165	CA
1	22774205	375	GA
1	22774308	103	CT
1	22774414	106	GA
1	22777044	2216	TC
1	22778453	1409	AG
1	22780267	1814	AG
1	22780465	198	AG
1	22781097	251	TC
1	22781638	541	CG
1	22782446	326	CT
1	22788548	4044	GC
1	22788626	78	TC
1	22788687	61	GA
1	22789454	629	GA
1	22812662	20310	GA
1	22816505	3337	GA
1	22820205	3483	TC
1	22823424	2330	AT
1	22823746	322	AG
1	22823976	230	AG
1	22824316	340	CT
1	22831811	5653	GA
1	22831828	17	CT
1	22837874	4530	AG
1	22839318	1241	AC
1	22840220	324	GA
1	22841260	1040	CT
1	22841360	100	GA
1	22842966	1403	CG
1	22843954	223	TA
1	22844116	162	CT
1	22844157	41	GA
1	22845017	860	CT
1	22845084	67	CA
1	22845126	42	TC
1	22845138	12	AG
1	22845214	76	TC
1	22845224	10	CG
1	22845586	362	CT
1	22845638	52	CA
1	22845833	195	CT
1	22845867	34	CA
1	22845893	26	GA
1	22846317	424	CA
1	22846521	204	TC
1	22847215	694	TC
1	22847763	548	TA
1	22852855	3110	GC
1	22853928	1073	GA
1	22854768	840	TA
1	22860891	6123	TC
1	22861093	202	CT
1	22869579	6781	TC
1	22869776	197	GA
1	22869849	73	TC
1	22871813	1964	GA
1	22874656	2623	GA
1	22876118	448	AG
1	22876426	308	AG
1	22877126	650	CT
1	22877397	271	AG
1	22878240	644	AC
1	22878388	148	AG
1	22879064	676	TG
1	22879268	204	GA
1	22879579	311	CT
1	22879620	41	TC
1	22879653	33	CT
1	22879672	19	TC
1	22879792	120	TC
1	22879879	87	CT
1	22880043	164	AG
1	22880114	71	AG
1	22880221	107	CT
1	22880343	122	TC
1	22880449	106	CT
1	22880464	15	TA
1	22880797	189	TC
1	22881391	594	TC
1	22881407	16	TC
1	22884019	2060	GA
1	22884279	120	TC
1	22884303	24	CT
1	22884644	341	CT
1	22884829	185	TC
1	22884895	66	TC
1	22885356	461	GA
1	22885548	192	CT
1	22886056	416	CG
1	22886224	168	TG
1	22886243	19	GA
1	22886246	3	GA
1	22886398	152	AG
1	22886471	73	GA
1	22886482	11	GC
1	22886500	18	GA
1	22887069	309	TC
1	22887209	140	AG
1	22887640	431	AT
1	22889488	1148	TC
1	22889876	388	TC
1	22892305	2345	TC
1	22893340	1017	CT
1	22893809	469	TC
1	22896686	1820	TC
1	22896760	74	GA
1	22898198	270	AG
1	22898336	138	CT
1	22898368	32	TC
1	22898385	17	GT
1	22898513	128	TC
1	22900135	1135	CT
1	22900241	106	CT
1	22901763	832	AT
1	22903181	596	CG
1	22903237	56	TA
1	22903238	1	CT
1	22903405	167	CT
1	22903438	33	TC
1	22903450	12	AG
1	22903488	38	TC
1	22903624	136	TC
1	22903725	101	TC
1	22904188	419	GA
1	22905025	398	GA
1	22905595	570	GA
1	22923321	1576	AG
1	22925120	917	CT
1	22925980	811	GC
1	22926714	734	GA
1	22926763	49	CT
1	22926974	211	CT
1	22927206	232	TC
1	22927776	255	CT
1	22927948	172	AG
1	22928144	196	CT
1	22928190	46	TC
1	22928305	115	CA
1	22930280	1144	TC
1	22930372	92	AC
1	22930503	131	CT
1	22930812	189	AC
1	22931365	553	TC
1	22932115	643	AG
1	22933201	1086	GA
1	22933489	288	CT
1	22933785	296	CT
1	22934717	932	AG
1	22934929	195	TC
1	22934937	8	TG
1	22935131	194	CT
1	22935201	70	TG
1	22935221	20	TC
1	22935628	407	GA
1	22935786	158	AG
1	22942461	4649	CA
1	22943937	1413	CT
1	22949984	5237	TC
1	22952059	1723	AC
1	22953832	1663	GA
1	22953969	137	AG
1	22954492	523	CT
1	22955425	746	GA
1	22957713	1287	AG
1	22957754	41	AG
1	22957786	32	GA
1	22958088	101	GA
1	22958116	28	TC
1	22958370	254	TC
1	22958378	8	GC
1	22958407	29	TC
1	22959039	335	CG
1	22959066	27	GC
1	22959071	5	TC
1	22959253	36	CT
1	22959597	175	CT
1	22959616	19	TC
1	22959854	238	TC
1	22959888	34	GA
1	22959945	57	AG
1	22960274	242	TC
1	22960309	35	TC
1	22960415	106	TA
1	22960497	82	CA
1	22960738	39	AG
1	22960973	163	CG
1	22961468	495	CT
1	22961665	197	GA
1	22962046	381	TC
1	22962428	382	AG
1	22962476	48	GT
1	22962581	105	TC
1	22962807	226	TC
1	22963081	247	CT
1	22963312	231	AG
1	22963390	78	CT
1	22963417	27	CT
1	22963714	156	GA
1	22964018	304	GA
1	22964079	61	AG
1	22965054	975	AG
1	22965524	424	CA
1	22965895	371	CT
1	22965903	8	CG
1	22967179	128	AG
1	22967529	350	TC
1	22969522	1649	GA
1	22969616	94	TA
1	22970055	390	CG
1	22970468	309	TC
1	22970751	283	AG
1	22971489	439	TC
1	22971599	110	CT
1	22971602	3	GT
1	22971666	64	GT
1	22972763	567	CA
1	22973291	528	CT
1	22973681	390	TG
1	22973884	203	TC
1	22973930	46	AG
1	22973972	42	GA
1	22974060	88	GC
1	22974373	313	TC
1	22974720	347	TC
1	22974735	15	GA
1	22974978	243	CG
1	22975024	46	CT
1	22975814	790	GA
1	22975906	92	AG
1	22975917	11	CT
1	22976081	164	AG
1	22976185	104	CT
1	22976212	27	GT
1	22976386	174	GA
1	22976489	103	GA
1	22976684	195	GA
1	22976692	8	AC
1	22976855	163	AG
1	22977058	203	CT
1	22977290	232	AG
1	22977321	31	AT
1	22977399	78	AG
1	22977494	95	GC
1	22977568	74	GT
1	22977838	270	GA
1	22978832	678	AT
1	22978988	156	CT
1	22979105	117	CT
1	22979687	582	AC
1	22979723	36	AG
1	22979792	69	AG
1	22979847	55	GA
1	22980056	179	AG
1	22980386	330	CT
1	22980737	351	TA
1	22980810	73	AG
1	22980933	123	AG
1	22981564	291	AG
1	22981589	25	CT
1	22981689	100	CT
1	22981752	63	GC
1	22982048	296	CA
1	22982147	99	AG
1	22982223	76	GA
1	22982431	208	AG
1	22982895	464	CT
1	22983803	272	TC
1	22984469	600	TC
1	22984730	261	AG
1	22984782	52	GA
1	22984969	149	CT
1	22985696	672	AG
1	22985875	179	GA
1	22986051	176	AG
1	22986080	29	AC
1	22986174	94	TC
1	22986322	148	CT
1	22986560	238	AT
1	22986680	120	AG
1	22986743	63	AG
1	22987403	660	GT
1	22987758	355	TC
1	22988798	384	AG
1	22989919	1074	TC
1	22990009	90	AG
1	22990719	710	CG
1	22990934	215	TG
1	22991025	91	TC
1	22995518	2593	GA
1	22995919	401	TC
1	22996155	236	GA
1	22996487	332	CT
1	23001903	4413	GC
1	23002506	603	GA
1	23002542	36	CG
1	23002643	101	GC
1	23002699	56	TC
1	23002947	248	AG
1	23003239	292	AG
1	23003477	238	GA
1	23003492	15	AG
1	23003503	11	CT
1	23003587	84	GA
1	23004075	488	GA
1	23004151	76	GA
1	23004246	95	GA
1	23004250	4	CT
1	23004315	65	CT
1	23004374	59	CT
1	23004432	58	GA
1	23004652	220	CT
1	23004680	28	TC
1	23004811	131	AC
1	23005376	527	CT
1	23006101	725	TC
1	23006426	325	AG
1	23010129	1958	AT
1	23010348	219	GA
1	23010478	130	CT
1	23010968	490	CG
1	23011153	185	TC
1	23011180	27	TC
1	23012948	1167	CG
1	23013434	466	TC
1	23014194	296	GA
1	23015360	1166	TC
1	23016208	754	AG
1	23017049	841	GA
1	23018599	1430	GA
1	23018662	63	AG
1	23024526	4918	CT
1	23024527	1	GA
1	23025154	627	TC
1	23025439	285	TG
1	23025884	445	TC
1	23026484	545	GA
1	23027337	853	CT
1	23027785	448	AG
1	23028203	418	TC
1	23028214	11	GA
1	23028218	4	TC
1	23028251	33	GC
1	23028441	190	AG
1	23028980	517	TC
1	23029043	63	GA
1	23029097	54	TC
1	23029229	132	TC
1	23029419	190	AT
1	23029428	9	TC
1	23029482	54	TC
1	23030006	450	GA
1	23030302	296	AC
1	23030595	293	AC
1	23030655	60	TC
1	23030705	50	GA
1	23030715	10	GA
1	23031088	373	AG
1	23031115	27	TA
1	23031141	26	CT
1	23031187	46	GA
1	23031578	391	AG
1	23031671	93	TC
1	23031747	76	GA
1	23031847	100	TG
1	23031940	93	TC
1	23032200	260	CT
1	23032687	237	GA
1	23033092	405	AG
1	23034430	1338	AG
1	23034492	62	CA
1	23034979	487	AG
1	23035150	171	CT
1	23035160	10	GA
1	23035215	55	CT
1	23035690	406	CG
1	23036144	454	AG
1	23036379	235	AG
1	23037018	639	TA
1	23037414	396	GA
1	23037598	184	AG
1	23038375	777	GA
1	23039755	1380	AG
1	23039779	24	AC
1	23041253	655	CT
1	23041255	2	AC
1	23041626	371	CT
1	23041630	4	GA
1	23041740	110	CT
1	23041793	53	GA
1	23041920	127	TC
1	23042150	38	CT
1	23042497	347	TC
1	23043021	524	AG
1	23043095	74	TC
1	23044257	1049	TA
1	23044321	64	GA
1	23045091	770	GA
1	23045167	76	GC
1	23045358	191	AC
1	23045532	174	GA
1	23045597	65	CT
1	23045632	35	GA
1	23045903	229	AC
1	23046263	360	GA
1	23048163	1806	AG
1	23049313	512	TC
1	23049557	191	GA
1	23052491	2914	GA
1	23054065	1574	CT
1	23056879	2476	AG
1	23061394	3062	CA
1	23062503	821	GA
1	23063918	1366	GA
1	23067472	2940	CT
1	23070605	2341	GC
1	23073872	2469	CA
1	23074447	146	CT
1	23074522	75	TC
1	23076015	724	CG
1	23076364	209	CG
1	23076409	45	TG
1	23076565	156	GT
1	23076867	302	CT
1	23076942	75	GA
1	23077416	474	TC
1	23077514	98	CG
1	23079435	1414	TC
1	23079852	324	GT
1	23079853	1	TC
1	23079940	87	CT
1	23080808	868	AC
1	23080822	14	CT
1	23081004	182	TC
1	23081058	54	AG
1	23081116	58	GC
1	23081353	237	GT
1	23081709	356	AG
1	23081955	246	TC
1	23082472	517	AG
1	23082725	253	CT
1	23082972	247	CA
1	23083466	494	AC
1	23083542	76	GA
1	23083576	34	GT
1	23084320	744	CT
1	23084513	193	CT
1	23085487	974	TC
1	23085755	268	TC
1	23085798	43	AT
1	23086012	168	TC
1	23086173	161	AT
1	23088415	1570	CT
1	23088531	116	GA
1	23088551	20	AG
1	23089351	753	TG
1	23089571	220	AG
1	23089577	6	CT
1	23094416	3598	GA
1	23095189	773	AG
1	23095740	551	GA
1	23096512	772	AG
1	23096807	295	CT
1	23099661	1431	CT
1	23100067	406	TC
1	23100426	359	TG
1	23100994	421	CA
1	23101585	591	GA
1	23101605	20	TC
1	23101705	100	GA
1	23101735	30	TC
1	23101896	161	CT
1	23102111	215	GA
1	23102131	20	AG
1	23102202	71	CA
1	23102399	197	TG
1	23102470	71	TC
1	23102490	20	AC
1	23102539	49	AG
1	23102633	94	CT
1	23103165	532	AG
1	23103460	295	AG
1	23103576	116	TC
1	23103636	60	TC
1	23104462	826	TC
1	23104715	253	AG
1	23104749	34	GA
1	23105053	304	GA
1	23105198	145	TC
1	23106332	1064	CA
1	23106515	183	TC
1	23106672	157	TC
1	23106932	241	CT
1	23107126	194	TC
1	23110679	2069	GC
1	23117207	5684	CT
1	23118647	802	TC
1	23120556	1749	CT
1	23121658	1082	GA
1	23122961	1008	GT
1	23123673	392	AG
1	23124853	1068	CT
1	23125049	196	GA
1	23125338	289	GA
1	23127253	1592	TG
1	23127306	53	TC
1	23129012	1521	CA
1	23129776	764	GC
1	23130810	1034	TC
1	23130848	38	CT
1	23131027	179	AC
1	23131430	403	GA
1	23131485	55	CT
1	23131486	1	AG
1	23131632	122	AG
1	23131680	48	CT
1	23140024	6144	CT
1	23141817	840	CA
1	23142656	502	AG
1	23142728	72	GC
1	23143612	460	CA
1	23143716	104	GA
1	23144233	85	GA
1	23144251	18	GA
1	23144386	135	TC
1	23144593	207	CT
1	23144600	7	AG
1	23144605	5	GA
1	23144614	9	TC
1	23144864	250	AG
1	23145032	168	AG
1	23145274	242	TC
1	23145330	56	GA
1	23145486	156	TC
1	23145561	75	CG
1	23145595	34	AG
1	23145775	180	GC
1	23145836	61	TC
1	23145863	27	TC
1	23145880	17	TC
1	23145940	60	CG
1	23145953	13	AC
1	23145969	16	AG
1	23146078	109	GA
1	23146315	237	TG
1	23146386	71	GA
1	23146563	177	AG
1	23148144	895	GA
1	23148183	39	GA
1	23148361	178	GA
1	23148816	371	CT
1	23149455	408	GA
1	23149609	154	CA
1	23149735	126	CT
1	23150641	857	CT
1	23151246	517	TC
1	23151753	121	GA
1	23151767	14	CT
1	23151794	27	GA
1	23157660	1720	GA
1	23158854	509	GA
1	23158949	95	CG
1	23161343	1237	AG
1	23162355	702	AG
1	23162730	352	AG
1	23163284	554	CT
1	23163518	234	TC
1	23165075	968	TC
1	23165814	290	AG
1	23168277	1455	AG
1	23173100	3603	CT
1	23949467	551760	CT
1	24159911	157490	CT
1	24162920	2120	AG
1	24164999	1988	CT
1	24166048	951	TA
1	24172188	5475	CT
1	24173862	1593	GA
1	24175047	1151	TC
1	24175091	44	TC
1	24175094	3	TG
1	24175803	709	GA
1	24175906	103	TC
1	24176420	514	AC
1	24176644	224	CT
1	24176748	104	GA
1	24176769	21	CT
1	24176829	60	TC
1	24177694	865	CT
1	24177944	250	CT
1	24180310	2251	CT
1	24181621	1311	AG
1	24182968	1347	TC
1	24183814	846	GA
1	24184503	689	TC
1	24184678	175	GA
1	24184789	111	CT
1	24196767	89	TC
1	24196958	60	CT
1	24197262	304	TG
1	24197868	606	AT
1	24197991	123	TA
1	24198923	675	AG
1	24199033	110	CG
1	24199371	338	CT
1	24199422	51	GC
1	24199948	526	GT
1	24200321	373	GA
1	24200401	80	GA
1	24200578	177	GA
1	24201464	526	CT
1	24202220	357	TG
1	24202294	74	AG
1	24202455	161	GA
1	24202737	282	TC
1	24202934	197	AG
1	24202937	3	TC
1	24202979	42	AT
1	24203379	400	GA
1	24204230	851	GA
1	24205083	629	CT
1	24205115	32	CT
1	24207130	665	GA
1	24207166	36	AG
1	24207175	9	AC
1	24207289	114	GA
1	24211106	3629	CT
1	24228263	12383	AG
1	24231806	1038	CT
1	24231993	187	TC
1	24233083	870	GA
1	24233188	105	CG
1	24233292	104	GA
1	24233653	361	CT
1	24233850	158	AG
1	24243340	6101	AG
1	24243513	173	AC
1	24251024	5996	TC
1	24258125	3653	GC
1	24260612	1909	TC
1	24261355	724	GA
1	24261391	36	CT
1	24267163	4831	GA
1	24267481	318	AG
1	24267685	204	GA
1	24268700	1015	CT
1	24269362	267	CT
1	24270036	644	AG
1	24271237	1201	TC
1	24271850	613	CT
1	24272811	793	TG
1	24275472	2489	GA
1	24287379	7303	GA
1	24289972	1757	CT
1	24291034	859	AG
1	24291437	231	CT
1	24292482	623	CT
1	24293716	1144	TC
1	24293842	96	CT
1	24293843	1	GA
1	24293877	34	CT
1	24293964	87	CA
1	24294045	81	GA
1	24294146	101	GA
1	24294264	118	TC
1	24294739	475	CT
1	24294799	60	CT
1	24295081	282	GA
1	24295546	389	TG
1	24297944	1883	TC
1	24303103	3338	GA
1	24305018	1597	GA
1	24305139	121	TC
1	24305146	7	GC
1	24305225	79	GA
1	24305283	58	CT
1	24305657	374	AG
1	24305810	153	GA
1	24306496	686	CA
1	24306604	108	CT
1	24307804	233	TG
1	24307953	149	GA
1	24308157	204	CT
1	24309318	1123	GA
1	24310107	789	CG
1	24310265	158	CA
1	24310266	1	TC
1	24310308	42	CA
1	24310330	22	CT
1	24310331	1	GA
1	24310519	188	TC
1	24310626	107	CG
1	24310639	13	GA
1	24310642	3	TC
1	24310709	67	GA
1	24310787	78	CA
1	24310835	48	GC
1	24311133	298	TA
1	24311327	194	CT
1	24311365	38	AG
1	24311573	208	CA
1	24311639	66	GA
1	24311767	128	TG
1	24311768	1	TA
1	24311831	63	AT
1	24312627	707	GA
1	24313747	1064	AG
1	24313990	243	GA
1	24314015	25	GA
1	24314016	1	CT
1	24314053	37	AG
1	24314135	82	GA
1	24314261	68	GA
1	24314385	124	TC
1	24314501	116	GT
1	24314770	269	AT
1	24315286	516	TC
1	24315450	164	CG
1	24317025	873	CT
1	24317413	388	GA
1	24318114	240	AG
1	24318128	14	GA
1	24318456	303	TC
1	24321247	527	CA
1	24321479	232	AC
1	24321855	376	TC
1	24321906	51	TA
1	24322016	110	CA
1	24322125	109	GA
1	24322439	246	AG
1	24322635	136	GA
1	24322688	53	AT
1	24322741	53	CT
1	24325380	1575	TG
1	24328323	1732	GA
1	24328839	516	AT
1	24328994	155	CT
1	24329103	109	GA
1	24329306	203	TC
1	24329423	117	CT
1	24329447	24	GA
1	24329870	234	CT
1	24330208	338	GC
1	24330552	23	CA
1	24330713	161	AG
1	24331296	583	GC
1	24331311	15	GT
1	24331367	56	CT
1	24331781	414	GC
1	24331889	108	CT
1	24331914	25	GA
1	24331974	60	GA
1	24331982	8	CT
1	24332120	138	TC
1	24332231	111	CA
1	24332292	61	CT
1	24332309	17	GA
1	24332327	18	AG
1	24332616	289	GA
1	24332776	160	CT
1	24334059	232	CA
1	24334222	163	CT
1	24334301	79	AT
1	24334339	38	CA
1	24334381	42	CG
1	24334531	11	GA
1	24334822	291	CT
1	24334899	77	CT
1	24334924	25	AG
1	24336055	543	CA
1	24336408	353	GA
1	24337370	579	CT
1	24337690	155	TC
1	24337713	23	GA
1	24341503	1812	CT
1	24341553	50	CT
1	24341650	97	GA
1	24341672	22	CT
1	24341714	42	AG
1	24342091	377	TC
1	24362273	12405	GA
1	24362289	16	GA
1	24364022	195	GA
1	24364259	237	CG
1	24365323	1028	AC
1	24366467	1068	AG
1	24366792	21	GA
1	24368016	1183	GT
1	24368019	3	GA
1	24368031	12	TG
1	24368058	27	TC
1	24368974	860	GT
1	24369204	50	CT
1	24369294	90	AG
1	24369312	18	CT
1	24370809	151	GA
1	24371562	446	GA
1	24371706	144	AT
1	24371932	168	CT
1	24372063	131	TC
1	24372098	35	AG
1	24372227	129	TG
1	24372298	71	CT
1	24372374	76	CG
1	24372439	65	CT
1	24372586	147	AG
1	24372593	7	AG
1	24372760	95	TC
1	24373353	481	CT
1	24373695	279	GC
1	24373734	39	TC
1	24373830	96	TC
1	24373905	75	GT
1	24374191	286	TC
1	24374207	16	TG
1	24374230	23	AG
1	24374274	44	TC
1	24374294	20	CA
1	24374330	36	TC
1	24374357	27	TC
1	24374549	192	GA
1	24374716	167	TC
1	24374914	198	CT
1	24375082	168	CG
1	24375277	195	AG
1	24375561	284	AG
1	24375610	49	TC
1	24376009	399	TG
1	24376707	360	CG
1	24376742	35	AC
1	24377201	459	CT
1	24377382	181	CT
1	24378811	1130	TG
1	24380444	917	CT
1	24380549	105	TG
1	24380791	242	CT
1	24384155	3047	CT
1	24385153	998	TC
1	24385450	297	AG
1	24386253	429	CT
1	24388263	1081	TC
1	24388354	91	CT
1	24388689	335	GA
1	24388744	55	TG
1	24390333	1541	CT
1	24391079	746	CG
1	24392109	638	AG
1	24392240	131	AG
1	24393855	1412	CT
1	24393890	35	CT
1	24393898	8	GA
1	24393968	70	CA
1	24394448	88	CT
1	24394540	92	GA
1	24394616	76	GA
1	24394686	70	TG
1	24394834	63	CT
1	24394846	12	CT
1	24394888	42	CT
1	24395752	710	CT
1	24396220	468	AG
1	24396345	125	AC
1	24396582	237	CT
1	24396795	213	TC
1	24396868	73	GC
1	24396907	39	CT
1	24397050	143	CT
1	24397051	1	TC
1	24397266	198	TC
1	24397290	24	TC
1	24397559	183	TC
1	24397627	68	GA
1	24399029	1045	GA
1	24399159	130	CT
1	24400374	688	GA
1	24400498	20	TC
1	24400526	28	GA
1	24400572	46	CT
1	24401707	1135	AG
1	24403341	867	AG
1	24403567	226	TC
1	24403606	39	CT
1	24403626	20	GA
1	24403868	242	CT
1	24403983	115	GA
1	24403985	2	TA
1	24404064	79	CA
1	24404701	298	TC
1	24405252	551	GT
1	24405863	611	AC
1	24405879	16	GA
1	24406878	483	TC
1	24407113	138	GA
1	24407296	183	CT
1	24407297	1	GA
1	24407324	27	GC
1	24407395	71	CT
1	24407409	14	CT
1	24407450	41	GA
1	24407685	235	GA
1	24407845	160	TC
1	24407900	55	CG
1	24408063	163	AC
1	24408368	10	GA
1	24408493	125	TG
1	24408523	30	TG
1	24409643	688	CT
1	24412502	2211	AG
1	24412603	101	TC
1	24413235	632	GT
1	24416825	1974	AC
1	24420543	962	TG
1	24421316	502	GA
1	24422236	578	CG
1	24428266	2044	TG
1	24428747	481	CT
1	24431527	1382	AG
1	24432351	732	TC
1	24432787	65	AT
1	24433712	873	CT
1	24434545	529	CT
1	24436133	898	GA
1	24436445	312	GA
1	24436895	406	TG
1	24437517	622	AG
1	24437747	230	CT
1	24438058	311	AG
1	24438736	678	TG
1	24439074	338	TG
1	24439078	4	GA
1	24439079	1	GA
1	24439086	7	GA
1	24439090	4	TA
1	24439094	4	CT
1	24439180	86	CG
1	24439203	23	CT
1	24439411	208	CT
1	24439415	4	TC
1	24439512	97	AT
1	24439514	2	GT
1	24439587	73	CT
1	24439667	80	TC
1	24440577	910	CT
1	24440828	251	AG
1	24440919	91	GA
1	24441213	276	CT
1	24441235	22	GA
1	24441251	16	AG
1	24441315	64	TC
1	24441398	83	TA
1	24441448	50	GA
1	24441681	205	CT
1	24441687	6	GT
1	24441705	18	CT
1	24441732	27	CA
1	24441753	21	AG
1	24441902	149	AG
1	24441903	1	CT
1	24442604	370	CT
1	24442962	185	CT
1	24443688	266	AG
1	24443764	76	AG
1	24443967	203	GT
1	24443981	14	CT
1	24443995	14	TA
1	24443999	4	GC
1	24444022	23	TC
1	24444023	1	GA
1	24444846	479	AG
1	24444860	14	GT
1	24445185	325	AG
1	24445396	211	CA
1	24446359	926	GA
1	24446361	2	GA
1	24448421	815	GA
1	24448712	291	TC
1	24448753	41	TG
1	24453367	2899	AC
1	24453635	268	CT
1	24473019	16845	AC
1	24473023	4	AC
1	24473074	51	AG
1	24473122	48	GA
1	24473142	20	AG
1	24473442	300	CG
1	24473566	124	AG
1	24473920	354	AG
1	24473923	3	GA
1	24474806	575	TC
1	24480578	4687	AG
1	24481841	857	AG
1	24481842	1	TA
1	24482124	282	CT
1	24482143	19	CT
1	24482149	6	CT
1	24482179	30	TC
1	24482808	325	GA
1	24484373	328	TC
1	24484417	44	TC
1	24486389	1282	AC
1	24488761	2049	AG
1	24493051	1419	AG
1	24499436	3570	GA
1	24500902	1173	CT
1	24502106	874	TC
1	24503022	673	CT
1	24503369	347	CT
1	24503495	126	TC
1	24503637	142	CT
1	24503661	24	TC
1	24503722	61	CT
1	24503757	35	AG
1	24504090	118	AC
1	24504226	136	TA
1	24504718	190	TC
1	24506583	1454	CT
1	24506852	216	GA
1	24507023	171	GT
1	24507312	289	GA
1	24507610	240	CA
1	24507706	96	TC
1	24507897	191	TC
1	24508457	512	CT
1	24508853	396	AC
1	24508883	30	GA
1	24509084	201	TA
1	24509157	73	AG
1	24509178	21	AG
1	24511035	1111	TC
1	24511090	55	TC
1	24511680	590	CT
1	24512391	143	CT
1	24514238	1521	CA
1	24514805	422	TC
1	24515275	470	TC
1	24515379	104	GA
1	24515703	324	CG
1	24515735	32	TC
1	24517716	1237	GA
1	24519189	1083	CT
1	24520716	1361	TA
1	24520821	105	CT
1	24521292	471	GC
1	24523672	2046	AG
1	24527020	2286	CT
1	24528008	722	CT
1	24528696	644	GC
1	24529252	556	GA
1	24529845	593	CT
1	24530496	621	TC
1	24530627	131	CT
1	24530751	124	CT
1	24530874	123	GC
1	24530894	20	CT
1	24532937	130	CT
1	24532945	8	TC
1	24534455	1132	CT
1	24535228	773	CT
1	24535851	623	AG
1	24536546	394	AG
1	24537348	715	GC
1	24537361	13	CT
1	24537491	130	CT
1	24538191	700	GA
1	24538213	22	GA
1	24538233	20	CG
1	24538302	69	TC
1	24540059	1022	CA
1	24541097	746	TC
1	24541145	48	GA
1	24541255	110	GC
1	24541822	184	AG
1	24546832	4081	CT
1	24546969	137	CT
1	24552503	3790	CT
1	24552738	207	AC
1	24554640	1652	TC
1	24558954	3570	CT
1	24559472	518	AG
1	24559744	272	CT
1	24559850	106	CT
1	24563151	2946	CA
1	24563539	388	TC
1	24563932	366	TC
1	24564095	163	CT
1	24564390	295	GA
1	24564911	521	GC
1	24564918	7	AC
1	24565081	163	TG
1	24565261	180	AC
1	24565270	9	AT
1	24565528	258	TC
1	24565650	122	AG
1	24566155	505	AG
1	24566173	18	TC
1	24566344	171	AG
1	24566853	448	AG
1	24566865	12	CT
1	24567283	174	AG
1	24567533	250	TG
1	24567622	89	CT
1	24567626	4	GT
1	24568045	110	CA
1	24568170	125	CG
1	24568171	1	GC
1	24568198	27	AG
1	24568525	228	CT
1	24568900	375	GT
1	24569224	324	GA
1	24569292	68	GT
1	24569363	71	AG
1	24569366	3	AC
1	24569457	91	AG
1	24569480	23	AG
1	24569501	21	AG
1	24569803	302	CT
1	24569829	26	AG
1	24569955	126	CT
1	24570150	195	CA
1	24570156	6	CT
1	24570159	3	GT
1	24570163	4	CT
1	24570239	76	TC
1	24570246	7	CT
1	24570256	10	CT
1	24570926	670	CT
1	24571696	479	CT
1	24571724	28	TC
1	24572666	396	CT
1	24572814	148	GT
1	24573715	430	CT
1	24573945	230	GC
1	24573989	44	TC
1	24574020	31	TC
1	24574131	111	AG
1	24574211	80	CT
1	24574245	34	CT
1	24574317	72	AG
1	24574460	143	CT
1	24574618	158	TG
1	24575665	420	AG
1	24576002	337	TC
1	24577278	997	GA
1	24577780	502	CT
1	24580749	2271	TC
1	24584776	3471	AC
1	24591204	5546	CA
1	24600396	2900	CT
1	24612927	9342	GA
1	24615793	1831	TC
1	24617006	1213	AG
1	24617330	287	AG
1	24617702	343	GA
1	24617718	16	GA
1	24618582	417	AC
1	24618946	297	AG
1	24620326	688	TC
1	24621952	602	TC
1	24622134	182	CT
1	24622263	129	GA
1	24622277	14	GA
1	24622448	171	CT
1	24622748	300	GC
1	24622978	230	GT
1	24623215	215	CT
1	24623246	31	GC
1	24623674	22	TA
1	24623780	106	CT
1	24623792	12	AG
1	24623825	33	CA
1	24623827	2	CT
1	24623989	162	CA
1	24624115	126	CT
1	24624121	6	AG
1	24624131	10	TC
1	24624174	43	CA
1	24624257	83	TC
1	24624291	34	CT
1	24624323	32	GA
1	24624326	3	CG
1	24624542	216	GA
1	24624744	202	TG
1	24624762	18	TC
1	24624999	237	TA
1	24625897	719	CT
1	24626163	266	CT
1	24626425	262	TC
1	24626694	269	CT
1	24626900	206	TC
1	24627161	261	GT
1	24627254	93	AG
1	24627295	41	CA
1	24627434	66	TC
1	24627644	210	GA
1	24627819	175	AG
1	24627825	6	AG
1	24627920	95	TC
1	24628475	214	TC
1	24628512	37	AG
1	24629142	210	CA
1	24629277	135	GA
1	24629287	10	CT
1	24629307	20	TC
1	24632104	581	GA
1	24632273	169	CT
1	24633085	580	TA
1	24633534	449	TG
1	24633849	315	AG
1	24633898	49	TC
1	24635349	534	TC
1	24636243	520	GT
1	24638069	1248	TC
1	24638853	784	GA
1	24639716	580	CT
1	24639886	170	GC
1	24641103	1020	CT
1	24641211	108	GA
1	24641380	169	GA
1	24642567	809	AG
1	24643132	565	CA
1	24646118	1302	GA
1	24650645	2946	GA
1	24652911	2162	AG
1	24658059	3883	GA
1	24670891	8216	AC
1	24671159	268	GA
1	24676905	4486	GA
1	24678870	1930	TC
1	24679094	224	TC
1	24697126	13234	GA
1	24697959	521	CA
1	24700339	1170	GT
1	24705113	3264	CT
1	24709738	2860	GA
1	24710337	599	AC
1	24712362	1696	TA
1	24718611	4875	GC
1	24729526	8076	CT
1	24738075	6809	TG
1	24743869	2892	AC
1	24744108	239	GC
1	24750301	4764	GT
1	24754176	3457	TC
1	24757020	1803	CG
1	24758333	1055	CT
1	24758341	8	GA
1	24764476	4739	CT
1	24766622	1418	CT
1	24777466	4730	CT
1	24784550	5401	TC
1	24786335	1785	TG
1	24790400	3363	GA
1	24791714	909	GT
1	24797959	3690	CT
1	24798457	498	CT
1	24800360	1776	CT
1	24808955	4472	GC
1	24812944	3944	TC
1	24813882	938	TC
1	24815706	1318	AG
1	24817064	1358	GC
1	24819319	2255	CA
1	24820939	1620	TC
1	24825052	1778	CT
1	24829043	2605	TC
1	24830132	745	TC
1	24831476	1223	CG
1	24833307	1792	GA
1	24833308	1	GA
1	24834001	693	AG
1	24834113	112	CG
1	24834281	168	CG
1	24834715	434	TC
1	24835308	593	AG
1	24835375	67	GC
1	24835655	280	GA
1	24835684	29	TC
1	24835716	32	GA
1	24835792	76	TG
1	24835835	43	AG
1	24837608	1295	CG
1	24839299	1354	TG
1	24839507	208	CT
1	24840024	517	CT
1	24840289	193	CA
1	24842882	1641	TC
1	24847605	2207	TC
1	24854112	3370	AG
1	24854315	203	GC
1	24855010	352	TC
1	24855069	59	TC
1	24855250	181	GA
1	24855373	123	TG
1	24855448	75	AG
1	24857898	510	GA
1	24858916	64	TC
1	24866621	2706	TG
1	24867046	425	CT
1	24867597	551	TC
1	24867708	111	GA
1	24869258	419	GA
1	24869333	75	TC
1	24869357	24	AC
1	24869926	501	GT
1	24870055	129	AG
1	24870322	267	GA
1	24870323	1	AT
1	24870551	228	TC
1	24870734	183	GA
1	24870752	18	CG
1	24870786	34	GA
1	24870794	8	AG
1	24870953	159	CG
1	24870954	1	GC
1	24871069	115	TC
1	24871073	4	GT
1	24871339	266	TG
1	24871477	138	GA
1	24872037	560	GC
1	24872067	30	CT
1	24872792	684	TC
1	24875251	821	GC
1	24875486	235	CA
1	24875679	193	GA
1	24876283	286	AG
1	24878323	1752	TC
1	24878835	512	GT
1	24878916	81	AG
1	24879615	199	GA
1	24880688	1021	GA
1	24881054	366	GA
1	24881561	208	GA
1	24883443	1392	AG
1	24883509	66	AG
1	24883834	178	TG
1	24884193	359	TC
1	24884227	34	CT
1	24884557	330	TA
1	24884579	22	GC
1	24884776	197	TC
1	24887335	2559	GA
1	24889754	2195	GA
1	24889851	97	AG
1	24890999	599	CA
1	24891443	444	GA
1	24891444	1	TC
1	24892908	1403	CT
1	24893155	247	AG
1	24894092	408	CT
1	24894205	113	CT
1	24894242	37	CT
1	24894269	27	GC
1	24894411	142	CT
1	24896013	1539	CT
1	24896066	53	TC
1	24896261	37	CG
1	24896290	29	CT
1	24896721	431	TC
1	24897766	999	GT
1	24897877	111	TC
1	24898443	78	CA
1	24900178	1362	GA
1	24904679	3257	GA
1	24907315	1423	TC
1	24908382	907	TA
1	24908397	15	GA
1	24908435	38	TC
1	24908716	281	AG
1	24908787	71	AG
1	24909068	202	AG
1	24909088	20	GA
1	24909287	199	CT
1	24909327	40	TC
1	24909779	387	GT
1	24909965	186	GA
1	24910508	543	GC
1	24910642	134	TC
1	24910773	131	GA
1	24911273	500	GA
1	24911350	77	CT
1	24911364	14	TC
1	24911689	325	CT
1	24911779	90	CT
1	24911894	115	TG
1	24911905	11	GA
1	24912016	111	AT
1	24912022	6	TC
1	24912036	14	AG
1	24912107	71	CT
1	24912276	169	TC
1	24912305	29	AC
1	24912667	362	CA
1	24912671	4	TC
1	24912672	1	GA
1	24913795	829	GC
1	24914337	248	TC
1	24914426	89	GT
1	24914659	233	CA
1	24917796	2186	GA
1	24917859	63	GT
1	24919106	1058	GA
1	24920277	770	AG
1	24921227	414	GA
1	24922369	1072	GA
1	24922730	245	GA
1	24922731	1	GT
1	24922918	187	GA
1	24922921	3	TG
1	24923058	137	GC
1	24923242	184	AG
1	24923539	297	TC
1	24923903	223	GA
1	24924242	166	GA
1	24925860	1557	GA
1	24926296	436	TG
1	24927068	748	GA
1	24927812	548	AG
1	24928096	284	CG
1	24929230	906	TC
1	24929990	760	GA
1	24930250	260	GA
1	24930785	112	GA
1	24930791	6	CA
1	24930843	52	AC
1	24930918	75	CT
1	24930943	25	TC
1	24930967	24	AG
1	24931004	37	GA
1	24931503	53	CG
1	24931559	56	AG
1	24931577	18	AG
1	24931676	99	CT
1	24932830	841	CT
1	24933303	473	AG
1	24933404	101	AG
1	24934659	844	GA
1	24934941	282	AT
1	24935345	404	CT
1	24935447	102	GA
1	24935787	296	GT
1	24936488	188	CT
1	24937057	389	CT
1	24937773	716	CT
1	24937774	1	GA
1	24937888	114	GA
1	24938967	500	GA
1	24939599	334	TC
1	24939634	35	AG
1	24939695	61	GT
1	24940294	599	TC
1	24940357	63	TC
1	24941319	668	TC
1	24941423	104	AG
1	24941605	182	GC
1	24941651	46	CA
1	24941670	19	TC
1	24941696	26	GA
1	24941706	10	TC
1	24941707	1	GA
1	24942579	537	TG
1	24943025	446	CT
1	24943054	29	GA
1	24943088	34	CT
1	24943200	112	GC
1	24943326	126	GA
1	24943335	9	AG
1	24943408	73	GA
1	24943412	4	TC
1	24943639	227	TC
1	24944885	662	CG
1	24944903	18	TG
1	24944922	19	CG
1	24945004	82	GT
1	24945097	93	AG
1	24945165	68	TG
1	24945222	57	TC
1	24945334	76	GA
1	24945349	15	CT
1	24946192	93	CG
1	24946917	57	AG
1	24946930	13	CT
1	24947086	126	TC
1	24947368	187	GA
1	24948550	432	TC
1	24949983	1144	CT
1	24950292	309	TC
1	24950503	99	TC
1	24950677	174	TC
1	24952659	1251	AC
1	24952689	30	TA
1	24954141	728	AG
1	24954389	248	CT
1	24955093	682	GA
1	24969454	8440	AG
1	24989458	17270	GA
1	24994411	4150	CT
1	24994833	422	TC
1	24996013	1180	AG
1	24996531	518	AG
1	24997010	479	CT
1	24997230	220	CA
1	24997331	101	CT
1	24997907	576	AG
1	24998156	249	TC
1	24998297	141	GT
1	25048196	48196	GT
1	25052950	4453	TC
1	25054081	1049	GA
1	25054307	226	CT
1	25054678	371	GA
1	25055341	663	AG
1	25055531	190	GC
1	25055567	36	GC
1	25057169	1260	CT
1	25057248	79	CT
1	25057290	42	AC
1	25058303	1013	CT
1	25058362	59	CG
1	25059044	682	CT
1	25060207	988	TC
1	25060369	162	AG
1	25060870	462	CT
1	25061939	905	AG
1	25062746	774	GA
1	25068096	3872	GA
1	25069815	1533	CT
1	25070618	803	CT
1	25070619	1	GA
1	25072907	2218	AG
1	25073738	831	AG
1	25073887	149	CT
1	25075437	1506	GT
1	25077508	1781	GA
1	25077610	102	GC
1	25077632	22	TA
1	25081023	2242	CT
1	25081286	239	GA
1	25083612	2292	TC
1	25083759	147	CT
1	25083894	135	CT
1	25084158	264	AG
1	25084354	196	CT
1	25084379	25	GA
1	25084553	174	TC
1	25084574	21	CA
1	25084641	67	CT
1	25084645	4	GA
1	25084718	73	TC
1	25085145	392	CT
1	25085159	14	AG
1	25085228	69	AG
1	25085442	214	TC
1	25087023	1581	GA
1	25088022	740	AG
1	25088082	60	TC
1	25088230	148	CT
1	25088479	249	AG
1	25088813	334	CT
1	25088913	100	TC
1	25088990	77	GA
1	25089539	549	TC
1	25089760	221	TC
1	25090220	460	AC
1	25090297	77	CT
1	25090645	251	TC
1	25090652	7	TC
1	25090784	132	GA
1	25090791	7	CT
1	25090799	8	CG
1	25090940	141	GA
1	25091081	141	CT
1	25091104	23	CT
1	25091261	157	GA
1	25091342	81	CT
1	25091366	24	TC
1	25091727	96	GA
1	25092165	438	TC
1	25092957	315	TG
1	25092958	1	CA
1	25092970	12	GA
1	25092986	16	CT
1	25093121	135	GA
1	25093159	38	CT
1	25093279	120	GA
1	25093731	452	AC
1	25093936	205	TC
1	25094309	373	GA
1	25094723	346	CT
1	25094738	15	TC
1	25094750	12	GA
1	25094842	92	TC
1	25094968	126	AG
1	25095331	363	GC
1	25095420	89	AG
1	25095441	21	CT
1	25095558	117	AG
1	25095821	263	GA
1	25095925	104	CT
1	25095950	25	CG
1	25097255	138	GA
1	25097298	43	TA
1	25097311	13	TC
1	25097321	10	AC
1	25097406	85	CT
1	25097436	30	CG
1	25097438	2	AG
1	25097682	244	CT
1	25098036	354	CT
1	25098101	65	CT
1	25098110	9	TC
1	25098258	148	GC
1	25098517	259	AG
1	25098996	479	GC
1	25099027	31	AG
1	25099114	87	CG
1	25099140	26	TC
1	25099141	1	GA
1	25099163	22	GC
1	25099497	334	TC
1	25099525	28	CT
1	25099647	122	TC
1	25099669	22	AG
1	25099687	18	TC
1	25101367	339	GA
1	25102264	595	CT
1	25103786	1411	GA
1	25122120	11674	TC
1	25123974	319	CA
1	25124938	261	GA
1	25126493	281	AG
1	25126602	109	AC
1	25127312	222	GA
1	25127685	5	TG
1	25127768	83	CT
1	25128156	388	TC
1	25128294	138	CT
1	25133075	3812	AC
1	25133477	91	AG
1	25136057	1372	CG
1	25143371	4262	GC
1	25143378	7	GC
1	25150780	4784	AG
1	25151038	151	CT
1	25151422	384	AC
1	25156391	4571	CT
1	25161187	2937	CT
1	25164612	2739	AG
1	25165063	451	AT
1	25165237	127	GA
1	25167031	1561	TG
1	25167474	346	AG
1	25167810	287	CT
1	25167905	95	TC
1	25167961	56	AG
1	25168188	227	GA
1	25168378	190	TC
1	25168384	6	GA
1	25168639	189	TC
1	25168654	15	TC
1	25168756	102	TC
1	25169662	152	TC
1	25169749	87	CA
1	25169935	151	CT
1	25169984	49	GA
1	25170062	78	CT
1	25171110	1048	AG
1	25171193	83	CG
1	25171554	361	CA
1	25171808	159	CT
1	25172835	1027	TC
1	25172930	95	GA
1	25173541	611	TC
1	25173980	308	CT
1	25174515	535	CG
1	25175049	534	TC
1	25175100	51	GC
1	25175139	39	CT
1	25175491	321	GA
1	25176009	518	TG
1	25176168	159	GC
1	25176249	81	TC
1	25176487	238	TG
1	25176493	6	TC
1	25176776	283	TA
1	25176819	43	CT
1	25176942	123	CG
1	25177025	83	GA
1	25177724	699	CT
1	25177819	95	AG
1	25177857	38	GA
1	25178753	896	GT
1	25178843	90	GA
1	25179059	216	GC
1	25179299	240	TG
1	25179607	308	TG
1	25183231	2954	GC
1	25183284	53	GA
1	25184042	758	CT
1	25184937	895	TC
1	25185924	895	GA
1	25186817	893	GT
1	25187629	812	AG
1	25187703	74	TG
1	25190857	2888	GA
1	25192077	1220	CT
1	25192925	507	GA
1	25193617	692	AG
1	25193829	212	CT
1	25194300	471	CT
1	25194610	310	GA
1	25195100	490	GA
1	25195969	869	GT
1	25196156	187	TG
1	25197152	996	TC
1	25197944	792	CG
1	25198302	358	GA
1	25198402	100	AG
1	25198476	74	CT
1	25198693	217	AG
1	25199027	275	CT
1	25199634	607	GC
1	25199671	37	CT
1	25199891	220	CT
1	25200568	677	GA
1	25205728	4800	GT
1	25209221	2911	GT
1	25210086	865	AG
1	25210308	222	TC
1	25210796	488	GT
1	25211072	276	AC
1	25211670	580	GA
1	25212148	478	TC
1	25212161	13	AG
1	25212317	156	GA
1	25212894	577	CT
1	25213712	818	CG
1	25214699	964	GT
1	25214999	300	GA
1	25216498	1018	CT
1	25216660	118	CT
1	25216937	277	TC
1	25217429	40	CT
1	25217604	175	GA
1	25217632	28	TG
1	25217644	12	CT
1	25218030	386	CT
1	25220785	2755	TC
1	25221142	357	GA
1	25222153	1011	CA
1	25222249	96	AG
1	25222735	312	TC
1	25246208	14361	GA
1	25248344	2136	GC
1	25250045	1428	TC
1	25250145	100	CT
1	25250153	8	TC
1	25250689	177	CT
1	25250699	10	GA
1	25256253	4410	AG
1	25257138	609	AG
1	25258560	930	AG
1	25260900	2031	CT
1	25264986	2600	GA
1	25267947	1574	AG
1	25267955	8	CA
1	25268626	671	CT
1	25271699	1470	AG
1	25271790	91	TC
1	25272638	806	GT
1	25272828	190	AG
1	25273272	444	GT
1	25273309	37	CT
1	25274050	352	AG
1	25274141	91	TC
1	25275323	918	GA
1	25275635	145	CG
1	25275680	45	CT
1	25275898	218	CA
1	25276590	496	CT
1	25278093	1462	TC
1	25278215	122	GC
1	25278455	240	TC
1	25278876	421	TG
1	25278993	117	AG
1	25279676	287	GA
1	25279797	121	GA
1	25280078	281	TG
1	25280294	216	AG
1	25280438	144	CT
1	25280824	386	AG
1	25281667	546	TA
1	25283522	1588	TC
1	25283530	8	GA
1	25283531	1	AT
1	25284026	495	TA
1	25284710	684	AG
1	25284722	12	GA
1	25284958	236	CT
1	25286569	1574	GC
1	25286911	152	CT
1	25287284	373	AC
1	25290277	1632	CA
1	25290559	242	GA
1	25292141	1582	AG
1	25292247	106	TC
1	25293648	769	AG
1	25296604	1953	AG
1	25296995	391	AC
1	25297693	698	AC
1	25300013	1086	TC
1	25300421	309	TG
1	25300932	344	TC
1	25300955	23	CT
1	25301256	154	GC
1	25301646	189	CT
1	25301982	336	CA
1	25302160	178	AC
1	25302298	138	CA
1	25302366	68	CT
1	25302427	61	AG
1	25302607	180	AC
1	25302652	45	AT
1	25302741	89	TC
1	25303406	630	TC
1	25303456	50	CT
1	25303728	272	TC
1	25303775	47	TC
1	25303896	121	CT
1	25304301	242	AC
1	25304419	7	TC
1	25304464	45	TC
1	25305095	495	AG
1	25305742	187	AC
1	25305818	76	CG
1	25306028	210	CA
1	25306150	122	CT
1	25306683	235	AC
1	25306738	55	TC
1	25306895	157	TC
1	25307101	206	TC
1	25307321	220	AG
1	25307857	214	TC
1	25307976	119	GA
1	25308113	137	CT
1	25308390	277	CA
1	25308813	423	GA
1	25308981	168	AT
1	25308982	1	AT
1	25311695	518	GA
1	25311793	98	CT
1	25311838	45	TA
1	25313099	477	CA
1	25328446	1165	TC
1	25329619	1015	CG
1	25329748	129	CA
1	25329925	177	TC
1	25330775	850	GA
1	25332009	1234	TC
1	25332046	37	GA
1	25333140	444	AT
1	25333732	248	CA
1	25334006	274	AG
1	25334653	647	GT
1	25340290	415	CT
1	25340848	186	CA
1	25345717	3106	GT
1	25345885	168	GT
1	25345928	43	CG
1	25346164	236	AC
1	25347206	922	GA
1	25347802	316	CT
1	25347913	111	AC
1	25347992	79	CT
1	25348296	304	AG
1	25348867	571	CT
1	25356751	3016	CA
1	25357341	590	AT
1	25363718	2927	TC
1	25369557	2697	GA
1	25373799	3150	GC
1	25375117	1318	TC
1	25385446	4974	GA
1	25397981	10849	TC
1	25398774	571	TC
1	25400479	477	TC
1	25401558	897	AC
1	25402076	481	GA
1	25402111	35	AG
1	25402748	637	CA
1	25403705	340	CT
1	25404665	156	AG
1	25404846	181	AG
1	25404874	28	AG
1	25404961	87	CT
1	25404985	24	TC
1	25405030	45	CG
1	25407164	289	GA
1	25407418	254	AG
1	25407870	452	TG
1	25408703	793	GC
1	25409083	380	AT
1	25410185	368	TC
1	25410437	252	AG
1	25419554	5461	AG
1	25419648	94	CT
1	25423155	895	CG
1	25424929	1268	GA
1	25426837	1476	GA
1	25427388	420	GC
1	25427527	139	GA
1	25429208	1240	GC
1	25431900	1851	GC
1	25432086	186	TC
1	25433842	1276	GC
1	25435497	1350	AC
1	25435519	22	AG
1	25435595	76	GA
1	25436130	482	TC
1	25437211	343	TC
1	25437394	183	TC
1	25438620	1008	AG
1	25438686	66	TC
1	25439064	240	GA
1	25439155	91	TC
1	25439199	44	CT
1	25439280	81	CT
1	25439851	329	TC
1	25441538	885	CT
1	25441677	139	TC
1	25442034	357	TC
1	25442061	27	CT
1	25442986	865	CT
1	25444278	853	GT
1	25446480	1235	GA
1	25447182	449	CA
1	25447335	153	GA
1	25448819	511	GA
1	25450406	1129	GA
1	25450737	331	AC
1	25451063	326	CT
1	25451142	79	GA
1	25451263	121	CT
1	25453236	878	GA
1	25453628	349	CT
1	25454284	451	GA
1	25454362	78	GA
1	25454466	104	CT
1	25455299	334	CT
1	25455317	18	GA
1	25455500	183	CA
1	25456416	503	AG
1	25456856	440	GT
1	25459275	1771	GA
1	25459427	152	GA
1	25459844	308	GT
1	25460116	272	GA
1	25460247	131	GT
1	25461710	688	CG
1	25463613	1241	AG
1	25463672	59	CG
1	25463706	34	AG
1	25463783	77	CT
1	25464042	259	GT
1	25466440	1663	GT
1	25466530	90	AG
1	25466566	36	AG
1	25466684	118	CT
1	25466712	28	TC
1	25467710	669	CT
1	25468141	98	TC
1	25469589	578	GA
1	25469601	12	GA
1	25469602	1	GA
1	25469608	6	GC
1	25469802	34	GA
1	25470068	121	CT
1	25470105	37	CT
1	25470302	197	AG
1	25471625	896	GA
1	25471639	14	GA
1	25473118	418	GA
1	25473974	52	GC
1	25475052	1026	GA
1	25476304	1014	GA
1	25478270	1482	GA
1	25478436	166	GT
1	25478920	484	GC
1	25478922	2	TG
1	25479881	618	GA
1	25483385	1796	GA
1	25483805	420	CT
1	25484949	815	TC
1	25485895	314	CT
1	25485915	20	GA
1	25486448	225	AG
1	25488391	1349	CA
1	25489005	161	AG
1	25489453	227	GA
1	25489509	56	GC
1	25489515	6	CT
1	25489779	264	TC
1	25490662	415	GA
1	25490668	6	GA
1	25492105	786	AG
1	25492769	239	TC
1	25492807	38	GA
1	25493245	438	AG
1	25493629	384	AG
1	25493679	50	AG
1	25493839	160	TC
1	25496428	2496	CT
1	25497325	659	GT
1	25497339	14	GC
1	25497363	24	GA
1	25497540	177	AG
1	25497721	181	CA
1	25498323	602	GA
1	25499660	875	AT
1	25501143	1096	TC
1	25501338	195	AG
1	25503362	1857	GA
1	25503438	76	CT
1	25503762	233	TC
1	25504044	282	GA
1	25509904	4582	CT
1	25515644	4025	GT
1	25516747	503	CT
1	25519247	2145	GA
1	25523333	2606	AT
1	25530610	6057	TC
1	25530679	69	GA
1	25531513	834	CT
1	25532325	430	AG
1	25542009	3660	CT
1	25542759	446	CT
1	25544193	1434	GA
1	25545190	997	CT
1	25546592	842	AG
1	25546676	84	TC
1	25546809	133	GA
1	25547063	254	CA
1	25547073	10	AT
1	25547226	153	CT
1	25547290	64	AG
1	25547605	315	GA
1	25548020	415	CT
1	25548347	327	CT
1	25548441	94	TC
1	25561980	3122	CT
1	25562172	192	GA
1	25567937	2960	GA
1	25569592	249	CT
1	25569813	221	AC
1	25569836	23	AG
1	25569886	50	GA
1	25570604	239	GT
1	25570710	106	TC
1	25570848	138	TC
1	25570855	7	GC
1	25571945	794	TC
1	25572459	514	TC
1	25573339	139	CT
1	25573468	129	GA
1	25574543	1048	TC
1	25574614	71	TC
1	25574976	222	AG
1	25574981	5	CT
1	25575149	168	AG
1	25575311	162	TC
1	25575594	231	GC
1	25575839	245	TC
1	25575921	82	GA
1	25576216	274	GA
1	25576631	415	TC
1	25576672	41	TC
1	25576673	1	GA
1	25577365	473	AG
1	25577651	136	AG
1	25578386	471	CG
1	25578516	130	AG
1	25578546	30	GA
1	25578793	247	AG
1	25579602	809	CT
1	25580969	1281	GA
1	25581507	538	GT
1	25583175	1668	AG
1	25587391	3660	CG
1	25587393	2	TG
1	25587512	119	AC
1	25588022	510	AG
1	25588175	129	GT
1	25588657	457	AT
1	25590402	1036	GA
1	25591642	1240	CT
1	25591664	22	TC
1	25591722	58	CT
1	25592840	524	TC
1	25593156	316	GA
1	25597197	3390	AC
1	25597866	628	TG
1	25598400	534	CA
1	25601680	2402	GA
1	25606525	4248	AG
1	25606529	4	GC
1	25607660	1011	TC
1	25607796	136	CT
1	25607947	151	TC
1	25607966	19	TA
1	25608025	59	GA
1	25608152	127	TC
1	25608549	397	GC
1	25609009	188	GA
1	25609259	250	GA
1	25609279	20	CT
1	25609479	200	GA
1	25609520	41	TC
1	25609525	5	AG
1	25609636	111	GC
1	25609641	5	TC
1	25609717	76	GC
1	25609780	63	CT
1	25610031	65	CT
1	25610201	170	TC
1	25610880	679	TC
1	25611419	539	GA
1	25611913	494	CT
1	25611931	18	TC
1	25612032	71	CT
1	25612781	558	TC
1	25612786	5	AT
1	25613385	410	GC
1	25613552	167	GT
1	25614030	478	TC
1	25614465	435	CT
1	25614566	101	TC
1	25614567	1	GA
1	25614811	216	AG
1	25615033	222	AG
1	25615400	162	TG
1	25615437	37	TC
1	25615506	69	GA
1	25615516	10	AG
1	25615658	142	CT
1	25615676	18	CG
1	25615865	189	CT
1	25616007	142	GA
1	25616289	282	CT
1	25616393	104	GA
1	25616476	83	GA
1	25616480	4	TG
1	25617246	512	GC
1	25617290	44	AG
1	25617644	307	GT
1	25617708	64	CG
1	25617710	2	GA
1	25617716	6	CT
1	25617767	51	AG
1	25617856	89	TG
1	25617886	30	CT
1	25617928	42	TC
1	25618082	154	GA
1	25618110	28	CT
1	25618182	72	TC
1	25618201	19	GA
1	25618316	115	GT
1	25618366	50	AG
1	25618411	45	AG
1	25618939	476	CT
1	25619310	371	CT
1	25619319	9	CT
1	25619324	5	CT
1	25619983	659	AG
1	25620415	432	GA
1	25621410	889	CT
1	25621598	188	CT
1	25622397	799	AG
1	25622478	46	TC
1	25622482	4	AG
1	25623045	563	AG
1	25623302	45	GA
1	25623339	37	CT
1	25623460	121	CT
1	25623536	76	CG
1	25624502	927	AG
1	25624873	67	AG
1	25624910	37	CA
1	25624998	88	GT
1	25625013	15	GA
1	25625098	85	TC
1	25628439	3277	GT
1	25628776	179	GA
1	25628802	26	AG
1	25630059	1117	GA
1	25634725	3493	TC
1	25634734	9	TG
1	25635497	214	CT
1	25636132	539	GA
1	25636175	43	AG
1	25636177	2	GA
1	25636263	86	TG
1	25636305	42	CT
1	25636359	54	CA
1	25636410	51	TA
1	25636460	50	CT
1	25636625	165	TC
1	25636901	168	GA
1	25637181	88	GC
1	25637270	89	CT
1	25640612	2264	CT
1	25641845	242	GA
1	25643201	1014	AC
1	25643519	200	CT
1	25643863	344	AG
1	25648289	2548	CT
1	25650465	1467	AG
1	25650579	114	CG
1	25650583	4	CA
1	25650584	1	AG
1	25650705	121	CG
1	25650706	1	TG
1	25650798	92	AG
1	25650866	68	GA
1	25650933	67	GC
1	25650962	29	GA
1	25651168	206	GA
1	25651798	630	AG
1	25651818	20	TC
1	25652008	115	CT
1	25652208	200	AG
1	25652231	23	AG
1	25652264	33	CA
1	25652401	25	CT
1	25652429	28	GA
1	25653109	680	CT
1	25653233	124	AC
1	25653473	240	CA
1	25654541	1068	GA
1	25654600	59	CT
1	25655083	483	TC
1	25655150	67	CT
1	25655537	387	CT
1	25656159	622	CT
1	25656339	180	GT
1	25656374	35	GA
1	25656386	12	CT
1	25656705	319	CT
1	25656989	284	GA
1	25657405	416	AG
1	25657525	120	GA
1	25657567	42	CT
1	25657765	198	TG
1	25657863	98	AG
1	25658007	144	CA
1	25658095	88	CT
1	25658286	191	CA
1	25658425	139	GA
1	25660006	1022	GA
1	25660025	19	AG
1	25660132	107	TC
1	25660151	19	TC
1	25660362	211	GA
1	25660390	28	CG
1	25660438	48	CG
1	25660486	48	AC
1	25660521	35	TC
1	25660734	213	CT
1	25660924	190	GT
1	25661386	209	CT
1	25661398	12	CT
1	25661654	214	GA
1	25661839	185	AG
1	25662113	274	TC
1	25662137	24	GA
1	25662200	63	CT
1	25662503	224	AC
1	25662688	185	AG
1	25662751	63	TC
1	25663617	522	AC
1	25663823	206	AG
1	25663980	157	AG
1	25664001	21	GA
1	25664795	413	TC
1	25664877	82	GA
1	25665043	166	TC
1	25665132	89	GA
1	25665927	795	CT
1	25666278	351	CT
1	25670535	3817	CT
1	25672303	1581	CT
1	25672352	49	GA
1	25673811	1259	CG
1	25673872	61	CT
1	25673954	82	TG
1	25674673	719	GA
1	25675540	806	CT
1	25675945	405	AG
1	25676151	206	CT
1	25676154	3	CT
1	25676400	246	AG
1	25676410	10	CG
1	25676431	21	GA
1	25676660	229	TC
1	25677043	383	AG
1	25677468	425	CT
1	25677487	19	TC
1	25677968	481	TC
1	25678008	40	AG
1	25678167	159	TC
1	25678218	51	CT
1	25678234	16	GA
1	25678346	112	GA
1	25678398	52	GA
1	25678438	40	AG
1	25678644	206	AG
1	25678676	32	GA
1	25679242	407	CT
1	25679636	394	CT
1	25679742	106	CT
1	25679764	22	CT
1	25679792	28	CT
1	25679801	9	CG
1	25679958	157	CG
1	25680009	51	GA
1	25680428	232	CT
1	25680487	59	CA
1	25680756	269	AG
1	25680834	78	CT
1	25680862	28	TA
1	25681447	521	AG
1	25681452	5	CT
1	25684578	905	CT
1	25685241	663	CT
1	25689351	3744	CT
1	25690970	1619	GA
1	25696888	4900	CT
1	25699933	2380	CT
1	25700122	189	GA
1	25700754	632	CT
1	25701700	417	AG
1	25701712	12	AG
1	25702133	421	AT
1	25702646	210	TC
1	25704394	1624	CG
1	25705630	843	CT
1	25709214	3510	TG
1	25710100	305	AG
1	25710946	827	CA
1	25711631	451	GA
1	25712988	1025	TC
1	25714091	833	AG
1	25714100	9	GA
1	25714101	1	TC
1	25714265	164	CG
1	25714692	427	CG
1	25716485	1325	CG
1	25716940	149	GA
1	25717083	143	TG
1	25717617	534	TC
1	25718424	807	AC
1	25718530	106	CT
1	25718613	83	TC
1	25718857	244	CG
1	25719127	270	AG
1	25719158	31	GA
1	25719358	200	CT
1	25719456	98	AG
1	25719726	270	GC
1	25719898	172	TC
1	25720353	177	TG
1	25723141	1518	AG
1	25723159	18	GA
1	25723384	225	TC
1	25725375	901	AG
1	25726032	520	TC
1	25726039	7	AG
1	25726141	102	CT
1	25726230	89	GA
1	25726572	342	GC
1	25726641	69	GT
1	25726971	330	GA
1	25727015	44	CT
1	25727045	30	GT
1	25727067	22	CT
1	25727245	178	GC
1	25727411	166	AG
1	25727477	66	GA
1	25727565	88	CA
1	25727705	140	CT
1	25727761	56	CA
1	25728008	247	TC
1	25728068	60	TC
1	25728077	9	GA
1	25728116	39	TC
1	25728294	178	CT
1	25728903	592	CA
1	25729089	186	TC
1	25729157	68	CG
1	25729396	239	TC
1	25729822	408	CT
1	25731158	931	GT
1	25731433	275	TC
1	25731738	305	CT
1	25731795	57	AG
1	25732037	242	TC
1	25732185	148	GC
1	25732413	228	AG
1	25732771	358	AG
1	25732819	48	TC
1	25733195	376	GC
1	25733339	144	AG
1	25733489	150	GA
1	25733818	329	GA
1	25734406	413	TC
1	25734598	118	CA
1	25735314	422	GA
1	25737426	1448	CA
1	25737437	11	AT
1	25737452	15	AG
1	25737912	259	CT
1	25737921	9	TC
1	25738409	271	CT
1	25738896	487	TC
1	25740621	1725	AG
1	25741376	212	GA
1	25741491	115	CT
1	25741769	278	GA
1	25741841	72	AC
1	25741951	110	AG
1	25742097	146	TC
1	25743064	875	TC
1	25743300	153	CT
1	25743450	150	AC
1	25743748	298	TC
1	25748505	3845	GC
1	25749319	814	CT
1	25750536	656	CT
1	25752472	1271	CT
1	25753026	554	CT
1	25753253	227	CT
1	25753408	155	GA
1	25754449	748	AG
1	25755425	948	TC
1	25755630	205	CT
1	25755659	29	GA
1	25755676	17	GA
1	25756725	711	GA
1	25757526	801	TA
1	25758549	636	TC
1	25759588	776	AG
1	25760338	594	CT
1	25760707	369	AC
1	25760711	4	CG
1	25761211	500	CT
1	25762228	488	AT
1	25762354	126	CT
1	25762614	260	TC
1	25763548	499	GC
1	25764694	380	TC
1	25764742	48	CT
1	25764776	34	CT
1	25764870	94	CA
1	25764888	18	AG
1	25765144	256	AC
1	25765211	67	CT
1	25765292	81	GA
1	25765430	138	TG
1	25765434	4	CT
1	25765446	12	TC
1	25765457	11	TG
1	25765519	62	GA
1	25765626	107	AG
1	25765663	37	GC
1	25765677	14	GA
1	25765744	67	GA
1	25765808	64	GA
1	25766278	470	AT
1	25767479	1118	GA
1	25767690	211	CA
1	25768190	500	CT
1	25768541	351	AG
1	25768586	45	CA
1	25771486	2592	GC
1	25771756	270	CT
1	25771835	79	AG
1	25772311	97	CA
1	25772617	306	CT
1	25772633	16	CT
1	25772800	167	GC
1	25773243	443	AG
1	25773572	329	AG
1	25773726	154	GA
1	25777656	2756	AG
1	25778818	1162	GA
1	25781542	1623	GA
1	25783162	1156	CT
1	25788033	3825	GA
1	25788736	609	GA
1	25789912	858	GA
1	25789915	3	AG
1	25790362	251	CG
1	25790570	183	TC
1	25790625	55	TA
1	25791482	140	CT
1	25791575	93	AC
1	25792715	720	TC
1	25793059	133	AG
1	25793077	18	GA
1	25793133	56	CT
1	25793136	3	AG
1	25793151	15	GA
1	25793154	3	CA
1	25794253	1019	CT
1	25794572	295	GA
1	25794665	93	CT
1	25794721	56	CT
1	25794920	199	CT
1	25794970	50	AG
1	25795169	199	GA
1	25795551	382	GA
1	25795701	150	AG
1	25795758	57	AG
1	25796378	356	AG
1	25796555	177	GA
1	25796924	369	CT
1	25796950	26	GA
1	25796991	41	GA
1	25797085	94	AG
1	25797319	234	CT
1	25797572	253	TG
1	25797803	231	CT
1	25797976	173	TC
1	25799022	775	CT
1	25799110	88	GA
1	25799143	33	CG
1	25799804	558	CA
1	25802179	2356	AG
1	25804400	1786	CT
1	25804500	100	GA
1	25805034	267	CG
1	25805188	74	GA
1	25805304	116	AC
1	25807049	1182	GT
1	25809066	1065	GT
1	25809758	466	GA
1	25812530	1562	TC
1	25812531	1	GT
1	25812606	75	GT
1	25813160	554	CG
1	25848064	18189	GT
1	25848120	56	AG
1	25848124	4	CG
1	25867740	8265	TC
1	25871430	2916	GA
1	25872243	307	TC
1	25879970	2984	TC
1	25880222	39	GA
1	25881364	556	GA
1	25881490	126	CT
1	25881533	43	CG
1	25881733	200	GA
1	25882670	683	TC
1	25884444	1157	GT
1	25884653	209	GA
1	25886102	1145	CT
1	25886312	210	AG
1	25886627	315	AC
1	25886737	110	AT
1	25886739	2	GT
1	25886791	52	TA
1	25886867	76	CG
1	25886884	17	TC
1	25886945	61	GA
1	25886966	21	CT
1	25887003	37	CT
1	25887010	7	TC
1	25887053	43	GA
1	25887570	517	CG
1	25888242	628	TC
1	25888356	114	CT
1	25888549	168	GA
1	25888607	58	TC
1	25888640	33	CT
1	25889767	812	GA
1	25890347	295	CT
1	25890444	97	CT
1	25890559	115	TA
1	25890751	192	CA
1	25890885	134	GT
1	25891345	460	AG
1	25892150	751	GC
1	25892242	92	CT
1	25892248	6	CT
1	25893203	928	CT
1	25893651	448	CA
1	25893678	27	AT
1	25895201	933	CT
1	25895528	284	TC
1	25895578	50	GA
1	25895744	166	AC
1	25895855	111	GA
1	25895867	12	AG
1	25895963	96	TG
1	25896023	60	AT
1	25896031	8	TC
1	25896034	3	CG
1	25896086	52	TG
1	25896190	104	GC
1	25896384	194	CT
1	25896390	6	TC
1	25896431	41	TC
1	25896455	24	TC
1	25896497	42	GA
1	25898839	996	CT
1	25898900	61	GA
1	25898928	28	AG
1	25899230	302	TG
1	25899299	69	TC
1	25899302	3	AG
1	25899330	28	GC
1	25899379	49	AT
1	25899443	64	CT
1	25899551	108	GA
1	25899553	2	GT
1	25899976	238	TC
1	25899982	6	CT
1	25900012	30	CG
1	25900757	423	GA
1	25902448	810	TA
1	25902505	57	GT
1	25902893	59	TC
1	25903359	148	TA
1	25904260	567	AG
1	25904538	278	CT
1	25904614	76	TC
1	25904618	4	TC
1	25904774	156	CT
1	25904878	104	AG
1	25904917	39	GC
1	25905081	164	GA
1	25905223	142	AC
1	25905518	295	CT
1	25905546	28	AG
1	25906222	641	CG
1	25906380	158	TA
1	25906458	78	TC
1	25906475	17	GA
1	25906477	2	GC
1	25906749	272	AG
1	25907539	616	CA
1	25908011	472	AG
1	25908054	43	CT
1	25908403	154	AG
1	25908679	276	AT
1	25909141	256	GC
1	25910564	823	CT
1	25912977	1476	GA
1	25917460	2130	CA
1	25917474	14	AC
1	25917489	15	AC
1	25917544	55	TG
1	25917645	101	TC
1	25917742	97	CG
1	25924125	231	TC
1	25924293	168	AG
1	25924429	136	TC
1	25926522	841	CT
1	25926675	153	CT
1	25926839	164	GA
1	25926968	129	CT
1	25927493	176	CT
1	25927714	221	GA
1	25929030	476	CG
1	25929062	32	GA
1	25929312	250	TG
1	25929408	96	TC
1	25929443	35	AT
1	25929851	34	CA
1	25929949	98	GA
1	25930509	475	CT
1	25933663	1180	CT
1	25933908	245	AC
1	25933947	39	CA
1	25934001	54	CA
1	25934689	655	CA
1	25935073	40	CT
1	25937397	1060	TC
1	25937552	155	GC
1	25938497	568	AG
1	25939314	484	CT
1	25939486	172	CT
1	25942697	1038	TC
1	25942734	37	AG
1	25942843	109	CG
1	25942856	13	CT
1	25943028	102	TC
1	25943047	19	TC
1	25943345	298	GA
1	25943761	76	TC
1	25944068	307	AG
1	25944101	33	CT
1	25944255	127	TC
1	25945069	398	AT
1	25945296	227	CT
1	25945298	2	GT
1	25945948	216	CA
1	25946028	80	TC
1	25946038	10	GA
1	25946139	101	CT
1	25946291	152	CT
1	25946359	68	TC
1	25946370	11	CG
1	25946371	1	TG
1	25946595	224	CT
1	25946909	119	TC
1	25947124	215	GA
1	25948274	633	AG
1	25950164	660	CT
1	25950411	247	AG
1	25950592	131	AG
1	25950688	96	AG
1	25950805	117	GA
1	25952298	597	GA
1	25952307	9	AC
1	25952313	6	TC
1	25952316	3	GA
1	25952374	58	GA
1	25953198	73	GT
1	25953447	249	AC
1	25954087	437	AG
1	25954197	110	GA
1	25955440	442	TC
1	25955495	55	GA
1	25955998	503	GA
1	25956099	101	GA
1	25956820	721	GT
1	25957723	176	GA
1	25960503	1607	GA
1	25961371	608	TC
1	25961388	17	CT
1	25961442	54	TC
1	25961549	107	TG
1	25963660	909	GC
1	25973218	5366	CA
1	25977011	1034	AG
1	25977260	87	AG
1	25977279	19	GA
1	25977507	101	GA
1	25977637	130	CT
1	25978777	273	TC
1	25978778	1	AT
1	25978864	86	CT
1	25980717	1450	CT
1	25981653	161	GA
1	25982647	943	CT
1	25983016	369	TC
1	25984321	688	GA
1	25986961	2163	TA
1	25990667	2089	CT
1	25992104	691	TC
1	25992153	49	TC
1	25992691	521	AG
1	25992760	69	TC
1	25992852	92	AG
1	25993017	165	TC
1	25993141	124	CG
1	25993216	75	AT
1	25993432	216	GA
1	25993519	87	CT
1	25994102	73	TC
1	25994104	2	GC
1	25994145	41	CT
1	25994147	2	GA
1	25995727	366	GA
1	25995943	216	AG
1	25996110	125	TA
1	25996225	115	CT
1	25996250	25	AG
1	25996251	1	AG
1	25996254	3	TC
1	25996255	1	GC
1	25996282	27	TC
1	25996283	1	GT
1	25996306	23	CT
1	25996344	38	TC
1	25996481	137	CA
1	25997979	1287	AG
1	25998298	319	GA
1	25999036	449	CT
1	25999114	78	CT
1	25999142	28	TC
1	25999328	59	AG
1	26000402	309	AG
1	26000537	135	GA
1	26000885	348	GA
1	26000897	12	AG
1	26001934	191	CT
1	26002501	301	GA
1	26003368	867	CT
1	26003418	50	TC
1	26009113	842	TA
1	26009221	108	TC
1	26009253	32	CT
1	26009380	127	TC
1	26009391	11	GT
1	26009933	473	CA
1	26010377	444	TC
1	26010993	534	GA
1	26016270	1256	CT
1	26016672	236	CT
1	26017987	1114	AG
1	26024398	5064	CT
1	26024841	379	CT
1	26025114	273	CT
1	26026735	1185	TG
1	26027203	468	AG
1	26028207	353	AC
1	26028337	130	AT
1	26030207	1056	TA
1	26030469	262	CT
1	26031106	90	TC
1	26031374	268	AG
1	26031416	42	AT
1	26035114	1193	GT
1	26035136	22	GT
1	26035270	134	CT
1	26035303	33	TG
1	26041095	2502	AG
1	26044622	1440	AG
1	26052096	3269	TC
1	26059551	3364	AG
1	26062207	1590	GA
1	26062315	108	GA
1	26069776	934	AC
1	26073565	1190	GA
1	26074519	954	GT
1	26074705	186	CT
1	26075241	536	AG
1	26076658	1417	AG
1	26077215	557	GA
1	26077324	109	CG
1	26077689	365	GA
1	26077952	263	CT
1	26080467	1713	GA
1	26080486	19	AC
1	26081767	1281	AG
1	26082716	622	GA
1	26083316	276	TG
1	26084679	955	TA
1	26087093	1053	CT
1	26087983	600	TC
1	26092068	1621	GA
1	26092174	106	AG
1	26093023	589	TA
1	26093081	58	GT
1	26093131	50	CA
1	26093999	846	CT
1	26100258	1547	GC
1	26107015	5910	CT
1	26107346	272	CA
1	26110711	2855	GC
1	26112746	1172	GT
1	26113731	873	AT
1	26115000	1206	TA
1	26116565	963	CT
1	26116773	208	GA
1	26116898	125	AG
1	26117220	131	AT
1	26117406	186	AG
1	26117586	180	AG
1	26117610	24	AG
1	26118357	101	TC
1	26120469	309	AG
1	26120500	31	CG
1	26120551	51	AG
1	26120660	83	AC
1	26120868	208	GA
1	26120926	58	CT
1	26121450	524	GT
1	26121928	478	CT
1	26121932	4	CT
1	26122035	103	GA
1	26122079	44	AG
1	26122095	16	GT
1	26122340	200	CT
1	26122341	1	TG
1	26122651	310	TG
1	26122652	1	CA
1	26124090	894	CT
1	26124385	295	GA
1	26124499	114	GA
1	26124628	129	GA
1	26125793	916	GA
1	26126706	406	GC
1	26127482	776	AT
1	26130770	2068	AG
1	26130782	12	GC
1	26130793	11	AG
1	26130994	122	CT
1	26131479	485	TC
1	26131662	183	CT
1	26132937	1146	AC
1	26133604	667	CG
1	26134003	399	TC
1	26135426	1423	GT
1	26137197	1729	GT
1	26137534	337	GT
1	26137535	1	CT
1	26138024	489	GT
1	26140913	2290	AC
1	26143166	1409	GA
1	26152996	2470	AG
1	26153133	137	CG
1	26153606	243	AT
1	26153607	1	TC
1	26154384	777	TC
1	26155058	674	GA
1	26155184	126	GA
1	26155202	18	CA
1	26160032	4091	CT
1	26161406	1374	AC
1	26161509	103	CT
1	26161524	15	TC
1	26161704	180	GC
1	26162337	633	AT
1	26163051	714	GT
1	26163276	225	AG
1	26164757	1334	AG
1	26170160	3773	TC
1	26170162	2	GT
1	26170564	402	GT
1	26171180	616	GT
1	26180158	1362	AG
1	26180178	20	CT
1	26180402	197	TC
1	26180965	247	AT
1	26181819	547	AG
1	26182411	453	AG
1	26182771	226	TC
1	26183122	89	GA
1	26183453	331	AG
1	26186898	2048	TG
1	26187380	482	AG
1	26187971	591	AG
1	26199509	4895	TC
1	26202418	1193	AG
1	26204174	1580	CT
1	26205304	1130	GA
1	26208024	2696	GA
1	26208686	662	AG
1	26211373	2196	CG
1	26211578	205	GA
1	26211583	5	TC
1	26212774	201	CT
1	26212939	165	AT
1	26213266	100	AT
1	26213275	9	TC
1	26213483	208	GA
1	26213637	154	TC
1	26213701	64	GA
1	26213739	38	CT
1	26213771	32	GA
1	26213975	183	GA
1	26214002	27	TC
1	26214056	54	CT
1	26214079	23	GA
1	26214280	201	AG
1	26216117	1511	TC
1	26217170	1053	GA
1	26218046	876	TA
1	26220851	1860	TC
1	26224857	3518	GA
1	26228255	2990	CT
1	26228554	299	CT
1	26228647	93	GC
1	26229630	983	CT
1	26230218	588	TG
1	26230299	15	AG
1	26230846	547	TG
1	26235155	3567	AG
1	26240051	4187	AG
1	26247654	5728	GA
1	26260671	10699	GA
1	26262010	1339	TC
1	26264382	2187	AG
1	26264436	54	GC
1	26264462	26	TC
1	26264946	484	TC
1	26268044	2460	GA
1	26268223	179	TC
1	26268582	359	TC
1	26268680	98	CT
1	26268786	106	AC
1	26268833	47	CT
1	26269115	282	TC
1	26269341	226	TA
1	26269429	88	CT
1	26269590	161	GA
1	26269680	90	TA
1	26271299	1562	AG
1	26271334	35	AT
1	26281580	5296	GA
1	26281632	52	GC
1	26282654	452	GT
1	26283167	262	GA
1	26283803	545	TC
1	26283939	136	CT
1	26287238	2417	TC
1	26287239	1	AG
1	26291195	3654	TC
1	26291267	72	GA
1	26292955	1040	CG
1	26294238	1126	AG
1	26294355	117	CT
1	26294869	514	GC
1	26294944	75	TC
1	26295155	211	TA
1	26295156	1	CG
1	26297099	1342	CT
1	26297539	440	TC
1	26297556	17	AG
1	26297789	233	AG
1	26297861	72	CT
1	26298015	154	GA
1	26298170	155	GA
1	26298652	482	TC
1	26298703	51	CT
1	26298986	187	TC
1	26299053	67	GA
1	26299086	33	GA
1	26300291	1157	GC
1	26300353	62	GC
1	26300563	210	TC
1	26300614	51	CT
1	26300617	3	GA
1	26300652	35	TC
1	26300828	176	GT
1	26300885	57	TC
1	26301405	520	AG
1	26301522	117	AT
1	26301527	5	CT
1	26301564	37	TG
1	26301605	41	AG
1	26302839	119	CT
1	26303907	282	GA
1	26303957	50	CT
1	26304012	55	TA
1	26304173	161	CT
1	26304223	50	GA
1	26304638	415	CT
1	26304980	342	AG
1	26305051	71	TC
1	26305085	34	TC
1	26305110	25	CT
1	26305282	172	AG
1	26305345	63	GC
1	26305549	74	GA
1	26305848	250	GT
1	26306358	343	AG
1	26306485	127	AC
1	26306986	201	AG
1	26307019	33	CT
1	26307158	139	GT
1	26307314	156	TC
1	26307885	571	GA
1	26307887	2	GA
1	26307959	72	AG
1	26307974	15	GA
1	26308264	140	CT
1	26308287	23	AG
1	26308317	30	AG
1	26308368	51	GA
1	26308371	3	AG
1	26308525	154	AG
1	26308551	26	AG
1	26308607	56	GA
1	26308630	23	AC
1	26308912	282	AC
1	26309116	204	GA
1	26309569	453	TC
1	26309622	53	GA
1	26309632	10	CT
1	26310039	407	AG
1	26310067	28	TG
1	26310191	124	GA
1	26310830	639	TC
1	26310877	47	GA
1	26310910	33	CT
1	26312289	961	CT
1	26312848	559	CT
1	26312891	43	TA
1	26319589	755	TC
1	26319710	121	TC
1	26319849	139	CT
1	26319997	148	GA
1	26320245	212	GA
1	26320293	48	AG
1	26320445	152	CA
1	26320804	144	AG
1	26320823	19	AG
1	26320921	98	AG
1	26320949	28	AG
1	26321231	282	CT
1	26321328	97	GC
1	26321516	188	TA
1	26321585	69	AG
1	26321817	232	GA
1	26322376	559	CT
1	26322411	35	GA
1	26322573	162	TG
1	26322850	277	GA
1	26322865	15	TG
1	26323046	181	TG
1	26323058	12	GA
1	26323076	18	CA
1	26323078	2	TC
1	26323121	43	AG
1	26323126	5	GA
1	26323195	69	GA
1	26323210	15	CT
1	26323217	7	TC
1	26323253	36	TC
1	26323273	20	CG
1	26323388	115	TC
1	26323411	23	GT
1	26323479	68	CT
1	26323497	18	GT
1	26323573	76	CT
1	26323578	5	GA
1	26323588	10	CT
1	26323598	10	GA
1	26324778	471	TA
1	26324803	25	TC
1	26324969	166	AG
1	26325442	473	AC
1	26325803	361	GA
1	26326236	433	GA
1	26326237	1	TC
1	26326246	9	CT
1	26326253	7	TC
1	26326330	77	TG
1	26326341	11	TC
1	26326358	17	CT
1	26326363	5	AG
1	26326638	275	CT
1	26326723	85	AG
1	26326729	6	GA
1	26326786	57	CT
1	26326927	141	GA
1	26330153	2564	GA
1	26330527	374	GT
1	26330636	109	AG
1	26334421	2257	GA
1	26334464	43	GC
1	26334552	88	TC
1	26335111	559	GA
1	26335331	220	TC
1	26335387	56	GT
1	26335675	26	CT
1	26335944	269	GA
1	26336163	219	GA
1	26336327	164	GT
1	26337141	212	GA
1	26337803	662	GA
1	26338353	259	GA
1	26338361	8	CT
1	26338364	3	TA
1	26338459	95	TC
1	26338513	54	GA
1	26338642	129	TC
1	26338657	15	CT
1	26338930	273	AG
1	26338931	1	TG
1	26338936	5	GA
1	26338950	14	TG
1	26338968	18	TC
1	26339523	513	GA
1	26339539	16	TC
1	26339540	1	AC
1	26339568	28	CT
1	26339589	21	TC
1	26339591	2	CT
1	26339745	154	GA
1	26339748	3	GA
1	26339998	250	AG
1	26340286	288	GA
1	26340634	113	CA
1	26341296	662	CT
1	26341879	273	GT
1	26342487	273	TC
1	26342756	269	AC
1	26342784	28	GA
1	26342805	21	GA
1	26342866	61	TC
1	26342912	46	CG
1	26343018	106	AC
1	26343055	37	CT
1	26343483	265	GC
1	26344050	442	AG
1	26344091	41	AC
1	26344518	362	CG
1	26344522	4	TC
1	26344810	219	CT
1	26344952	142	TC
1	26345099	147	AC
1	26345104	5	CG
1	26345181	77	GT
1	26345605	376	GA
1	26345648	43	CT
1	26345683	35	AG
1	26346067	267	AG
1	26346461	353	AG
1	26346659	198	TC
1	26346746	87	CT
1	26346750	4	CG
1	26347369	459	AG
1	26347478	109	TC
1	26347722	244	TC
1	26347726	4	GC
1	26347760	34	GT
1	26348210	410	TC
1	26348330	120	GA
1	26348531	146	CA
1	26348555	24	GA
1	26348711	156	AC
1	26348759	48	AG
1	26348920	161	GA
1	26349368	380	AG
1	26349613	245	CT
1	26349664	51	CG
1	26350728	818	CT
1	26350755	27	TG
1	26351255	418	GA
1	26351297	42	AG
1	26351324	27	TC
1	26352865	1179	CG
1	26352957	92	CT
1	26352985	28	GA
1	26353007	22	CT
1	26353186	179	CT
1	26353291	105	GT
1	26353319	28	CT
1	26353379	60	CT
1	26353619	240	CT
1	26353629	10	CT
1	26354158	529	GA
1	26354300	142	GA
1	26354669	126	AG
1	26354891	222	TC
1	26355476	585	GA
1	26355477	1	CT
1	26356247	192	GT
1	26357081	834	TC
1	26357115	34	AG
1	26357133	18	CT
1	26357298	165	GA
1	26359689	2033	GA
1	26362296	1950	GC
1	26362664	368	AG
1	26367653	4217	CA
1	26368493	840	AG
1	26371673	2704	CT
1	26374281	2373	TG
1	26376557	2276	GA
1	26377344	787	GA
1	26378017	247	CT
1	26378027	10	AG
1	26378180	153	CT
1	26378324	144	AG
1	26379409	553	AC
1	26379419	10	TC
1	26379920	159	AG
1	26381217	1141	GT
1	26381314	97	TG
1	26381579	265	CT
1	26382289	676	CG
1	26382837	548	CT
1	26382969	132	CA
1	26383516	547	CT
1	26383574	58	AC
1	26383986	412	CG
1	26384213	227	GT
1	26384334	121	AG
1	26384349	15	AG
1	26385249	847	CG
1	26385257	8	GC
1	26385375	118	CT
1	26385414	39	TC
1	26386015	601	CA
1	26386035	20	CG
1	26386045	10	AG
1	26386185	140	AG
1	26386694	509	CT
1	26386701	7	CT
1	26386793	92	CT
1	26386910	117	TC
1	26386932	22	GA
1	26386961	29	GA
1	26387131	170	CT
1	26387558	427	CT
1	26388474	916	AT
1	26389362	888	CT
1	26391731	2345	CT
1	26392049	318	TG
1	26392124	75	GC
1	26394165	2041	GT
1	26396727	2094	TC
1	26397138	411	TC
1	26398927	1701	GA
1	26399140	213	AG
1	26399227	87	CT
1	26399633	389	AG
1	26401011	1378	TC
1	26401019	8	CG
1	26401035	16	GC
1	26401653	445	GA
1	26401680	27	CT
1	26401958	278	TC
1	26402039	81	GA
1	26402091	52	CT
1	26402436	345	CT
1	26402487	51	TC
1	26402573	86	GT
1	26402858	285	GA
1	26402894	36	GA
1	26403170	276	CT
1	26403271	101	GA
1	26403313	42	GC
1	26403382	69	GA
1	26403505	123	GT
1	26403550	45	TC
1	26403855	305	CT
1	26403911	56	CG
1	26404018	107	CA
1	26404026	8	CT
1	26404057	31	CT
1	26404191	134	GA
1	26404198	7	GA
1	26404219	21	AG
1	26404261	42	CT
1	26404279	18	GT
1	26404306	27	CA
1	26404344	38	TC
1	26404420	76	TC
1	26404870	450	GA
1	26406424	864	CA
1	26406792	215	GA
1	26406827	35	CT
1	26407283	456	TG
1	26408228	846	CT
1	26409141	913	GA
1	26409823	682	TC
1	26409829	6	TC
1	26415779	4103	CT
1	26417712	1597	GT
1	26418522	810	CT
1	26420300	1613	GA
1	26420690	390	AG
1	26421291	601	AG
1	26424268	2856	GT
1	26426201	1933	CA
1	26426211	10	TC
1	26426861	614	CA
1	26427728	845	TG
1	26428239	451	GC
1	26428694	398	GT
1	26429980	1286	GA
1	26430434	454	AG
1	26430622	188	CG
1	26430633	11	GA
1	26430746	113	TC
1	26430978	232	TC
1	26431268	167	TC
1	26431312	44	TC
1	26431487	175	GA
1	26431675	21	GA
1	26431777	102	GA
1	26431823	46	TC
1	26431834	11	AC
1	26431997	163	GA
1	26432003	6	GC
1	26432073	70	AG
1	26432393	320	TG
1	26432416	23	CT
1	26432469	53	AG
1	26433165	696	TG
1	26435332	2138	CT
1	26436616	1284	GA
1	26440105	2733	GA
1	26446490	3287	AC
1	26447039	227	GA
1	26449228	1268	CT
1	26451745	2354	AG
1	26454033	1467	AG
1	26454247	214	CT
1	26454578	268	GT
1	26455046	30	GA
1	26455246	200	CT
1	26455393	147	TC
1	26455406	13	GT
1	26455438	32	TC
1	26455454	16	GA
1	26455514	60	GA
1	26455543	29	TC
1	26458621	615	CT
1	26459326	621	CT
1	26459377	51	GA
1	26459794	417	TG
1	26459816	22	AG
1	26459817	1	AG
1	26469535	3494	AG
1	26470507	143	CT
1	26477733	4720	TC
1	26477798	65	CT
1	26479542	1437	CT
1	26481456	1131	TC
1	26481697	91	GA
1	26482580	504	CT
1	26483153	573	GA
1	26483241	88	GT
1	26483486	39	CA
1	26483631	145	CT
1	26483720	89	GA
1	26483898	178	CT
1	26484084	18	TC
1	26484091	7	CA
1	26485088	213	AG
1	26485094	6	GA
1	26485148	54	CA
1	26485212	64	AG
1	26485221	9	TG
1	26485281	60	GA
1	26485360	79	CA
1	26485762	402	CT
1	26485775	13	CT
1	26486670	802	TC
1	26488113	1443	AG
1	26488848	735	AG
1	26489465	617	CT
1	26489730	220	TC
1	26489952	222	CT
1	26491543	590	AG
1	26494680	2399	TC
1	26496812	1383	TA
1	26496820	8	GA
1	26501642	3171	AG
1	26505150	596	AG
1	26506270	882	TC
1	26506849	557	GT
1	26506875	26	TC
1	26507476	365	TC
1	26507700	224	CT
1	26510319	2046	GA
1	26511039	720	AC
1	26511065	26	AG
1	26511650	585	TC
1	26511989	339	GA
1	26512606	512	AG
1	26513039	433	CT
1	26513289	250	AC
1	26513689	345	TC
1	26513744	55	AG
1	26513867	123	TG
1	26513877	10	AG
1	26513909	32	AG
1	26513920	11	CA
1	26513965	45	AG
1	26514163	67	TC
1	26514599	436	AG
1	26514734	135	TC
1	26515264	494	CT
1	26515294	30	CG
1	26524288	3105	CG
1	26528658	1596	AG
1	26528787	129	CT
1	26528851	64	AG
1	26528912	61	GT
1	26529463	523	CT
1	26531388	1893	GA
1	26531723	335	CT
1	26532249	526	CT
1	26532305	56	AG
1	26532420	115	CG
1	26532623	203	AG
1	26533097	130	CT
1	26533270	173	TC
1	26533884	561	GT
1	26533898	14	AC
1	26533997	99	TC
1	26534847	850	GA
1	26534878	31	CG
1	26538757	1965	AG
1	26539026	269	CT
1	26539208	182	GA
1	26540040	399	TC
1	26540512	154	CT
1	26540544	32	GA
1	26541549	183	GA
1	26541566	17	GA
1	26542128	562	CG
1	26542133	5	TC
1	26543924	606	CT
1	26544120	196	GA
1	26544285	165	AG
1	26544341	56	AG
1	26544499	158	GC
1	26545220	580	CG
1	26545931	456	CT
1	26546841	746	GA
1	26547079	238	GA
1	26547142	63	AG
1	26547276	134	AG
1	26547518	242	GA
1	26549437	565	GA
1	26551179	1615	GA
1	26551484	305	GA
1	26553495	1772	AC
1	26553612	117	GC
1	26554947	773	TC
1	26555518	518	AG
1	26556940	719	CT
1	26558133	800	CG
1	26559456	1157	AT
1	26563926	2738	AG
1	26564067	141	CT
1	26564174	107	GA
1	26564197	23	TG
1	26564210	13	TC
1	26564229	19	CT
1	26570475	3873	AG
1	26570953	478	GA
1	26571256	157	AG
1	26571711	455	AT
1	26571790	79	TC
1	26571791	1	GA
1	26571815	24	GC
1	26571816	1	GA
1	26571826	10	AG
1	26578427	4753	TC
1	26586581	4622	AG
1	26587809	810	CT
1	26591275	2777	GA
1	26591419	144	AG
1	26594803	2541	CT
1	26597086	1704	CT
1	26601214	2502	CT
1	26601424	210	CT
1	26601672	187	TC
1	26602048	376	CT
1	26607532	1071	AG
1	26607685	153	CT
1	26607728	43	TC
1	26608486	329	GA
1	26609634	442	CT
1	26609863	229	TC
1	26609954	91	CT
1	26610032	78	TC
1	26610046	14	TC
1	26610080	34	AG
1	26610083	3	AC
1	26610146	63	GA
1	26610162	16	GC
1	26610520	358	AG
1	26614653	1771	AG
1	26615487	834	TG
1	26615526	39	CT
1	26615544	18	GA
1	26615551	7	TC
1	26615609	58	AG
1	26617026	553	CT
1	26619713	1473	GC
1	26619746	33	TG
1	26619758	12	TC
1	26619762	4	CT
1	26619786	24	GA
1	26620303	193	AG
1	26620942	297	CT
1	26620948	6	AC
1	26621838	99	AG
1	26621900	62	AG
1	26621907	7	GC
1	26621932	25	TC
1	26622298	366	TC
1	26622536	238	TC
1	26622800	264	TC
1	26623479	187	CT
1	26623507	28	CT
1	26623554	47	AG
1	26623696	142	CT
1	26623869	173	TC
1	26626822	2282	CT
1	26628769	1305	AG
1	26628865	96	CG
1	26629218	353	CT
1	26632152	1431	AC
1	26633230	1051	CT
1	26633280	50	CT
1	26633295	15	CT
1	26635014	586	GA
1	26635021	7	AG
1	26636646	1117	AG
1	26637099	453	TC
1	26638285	1144	GA
1	26638344	59	AG
1	26638348	4	TC
1	26640917	748	CT
1	26642650	1498	GA
1	26644459	1362	GA
1	26647051	2032	CT
1	26647350	274	GA
1	26648522	476	TG
1	26648928	406	TC
1	26649215	287	CG
1	26649444	229	GA
1	26649450	6	AC
1	26649492	42	TC
1	26649608	116	AG
1	26649639	31	CT
1	26649660	21	TC
1	26650875	801	GA
1	26651161	286	CT
1	26651279	118	TG
1	26653597	2290	TC
1	26660756	4190	CT
1	26660869	113	AT
1	26660897	28	GA
1	26663126	625	GT
1	26663256	130	CG
1	26663283	27	TA
1	26663375	92	TC
1	26663593	218	TC
1	26663598	5	CA
1	26663961	363	TC
1	26663983	22	AT
1	26664002	19	AG
1	26664028	26	TC
1	26664301	273	GC
1	26664333	32	TC
1	26664447	114	CT
1	26664646	158	GA
1	26664847	201	CG
1	26665039	152	TG
1	26665698	623	TA
1	26668587	1603	AG
1	26674046	3106	CT
1	26674148	102	AG
1	26674197	49	AG
1	26674879	506	AG
1	26676834	1808	CT
1	26677199	365	AG
1	26694952	10896	TA
1	26697358	1639	GC
1	26699391	2033	CT
1	26701823	2114	AT
1	26705063	2425	AG
1	26705690	627	CA
1	26708009	2030	TC
1	26708856	778	CT
1	26709147	291	TC
1	26709982	530	AG
1	26710090	108	TA
1	26713909	3183	AG
1	26716538	2360	GC
1	26716638	100	GA
1	26716662	24	AG
1	26721526	2240	CT
1	26721722	196	CA
1	26722629	907	AG
1	26724478	1329	TC
1	26725242	597	TG
1	26725537	295	CA
1	26725667	130	GA
1	26728423	1661	TC
1	26728730	307	GA
1	26730290	1038	GA
1	26731720	545	GT
1	26731891	171	GA
1	26731901	10	GT
1	26732554	653	TC
1	26733873	1319	TC
1	26734558	685	GC
1	26734913	355	GA
1	26735105	192	CA
1	26735579	474	GA
1	26736038	210	TC
1	26736103	65	GA
1	26736143	40	TC
1	26736144	1	GA
1	26736451	307	GA
1	26736534	83	TC
1	26737036	502	GT
1	26737054	18	AG
1	26737117	63	CA
1	26744593	2355	GA
1	26745969	661	TC
1	26747961	1449	AC
1	26747970	9	CT
1	26748200	230	GA
1	26749075	479	CG
1	26749196	121	CG
1	26751252	630	GC
1	26751726	474	GA
1	26754886	462	TC
1	26754974	88	GC
1	26755020	46	AG
1	26755092	72	AG
1	26755099	7	TC
1	26755338	30	GA
1	26757018	1126	AC
1	26758727	757	CT
1	26758985	258	CT
1	26759016	31	CA
1	26759056	40	AT
1	26759168	49	CT
1	26759360	172	GC
1	26759402	42	CT
1	26759449	47	CG
1	26759450	1	TC
1	26759551	101	CT
1	26759744	193	GA
1	26762527	728	TC
1	26763070	543	TG
1	26763508	438	GT
1	26764375	543	CG
1	26764782	407	TA
1	26765205	375	TC
1	26765327	53	GA
1	26765857	530	CT
1	26766018	161	GC
1	26766285	267	GA
1	26766544	259	GA
1	26767407	497	CT
1	26767825	418	CG
1	26768108	283	TG
1	26768145	37	CG
1	26768147	2	GC
1	26768148	1	GA
1	26768152	4	AG
1	26769847	1151	TC
1	26769868	21	GA
1	26769885	17	AG
1	26770615	430	GA
1	26770795	163	TC
1	26770796	1	GA
1	26770911	115	CT
1	26771321	410	AC
1	26776232	2895	GC
1	26776669	437	GC
1	26778465	1301	GA
1	26778745	280	AT
1	26779794	353	TG
1	26779995	201	AG
1	26781281	460	TA
1	26781368	87	GA
1	26781381	13	CT
1	26781480	99	TC
1	26781527	47	CA
1	26781537	10	CT
1	26781538	1	CT
1	26781658	120	GA
1	26781767	109	GA
1	26782622	174	CA
1	26782644	22	AT
1	26785169	328	TC
1	26785466	297	CT
1	26785544	78	TC
1	26785709	125	CG
1	26786070	361	GC
1	26786182	112	AG
1	26792182	4189	CT
1	26800050	5139	AT
1	26806876	3646	CT
1	26806887	11	CG
1	26809386	1331	GC
1	26809524	138	CT
1	26809649	125	TA
1	26809745	96	TC
1	26810267	522	GA
1	26810337	70	AG
1	26810565	228	GC
1	26813447	1662	CT
1	26813673	226	TC
1	26814225	533	AG
1	26817813	879	AG
1	26819902	1825	CT
1	26822656	1407	TC
1	26822795	139	CT
1	26837655	11142	CT
1	26837742	87	GT
1	26839758	1711	CT
1	26840003	245	GC
1	26840073	70	TC
1	26841903	767	GA
1	26841958	55	GA
1	26842568	556	AG
1	26842781	213	CT
1	26842837	56	CT
1	26843093	256	CT
1	26843291	198	CG
1	26843584	293	GA
1	26843719	135	GA
1	26843734	15	GA
1	26845998	604	CT
1	26847750	737	TG
1	26848710	438	CT
1	26848853	143	CG
1	26849065	212	CT
1	26849207	142	TC
1	26849553	166	TG
1	26849604	51	AG
1	26849652	48	AC
1	26849657	5	AG
1	26849806	149	AG
1	26852387	2373	GC
1	26853440	897	CA
1	26853441	1	TA
1	26853668	227	TG
1	26854541	709	CG
1	26854874	229	CT
1	26855168	294	TC
1	26855345	177	AC
1	26855833	361	TC
1	26855867	34	TC
1	26855964	97	AG
1	26856667	703	TC
1	26856889	222	GC
1	26857660	163	TG
1	26857686	26	CT
1	26857857	171	GC
1	26858096	239	AG
1	26858148	52	CT
1	26858152	4	AC
1	26858227	75	AG
1	26858403	176	CG
1	26858518	115	GA
1	26858664	146	TC
1	26859599	168	AG
1	26859610	11	AC
1	26859803	193	GA
1	26863326	837	GA
1	26865433	816	TC
1	26867011	546	AT
1	26867048	37	AC
1	26867537	188	AG
1	26868067	530	CT
1	26868086	19	CT
1	26868165	79	CA
1	26868621	283	GC
1	26868871	67	GA
1	26869069	198	TG
1	26900738	14253	AC
1	26902115	903	AC
1	26902125	10	GA
1	26902806	681	GA
1	26903117	311	AC
1	26903127	10	AG
1	26903359	232	AC
1	26903364	5	AC
1	26903388	24	CT
1	26903565	177	GT
1	26903651	86	GA
1	26903654	3	GA
1	26903685	31	AG
1	26903764	79	GA
1	26903908	144	AG
1	26904204	177	GA
1	26904275	71	CG
1	26904789	514	CA
1	26904983	194	AG
1	26905371	388	CT
1	26908106	561	GA
1	26908347	241	TC
1	26908419	72	GA
1	26908634	215	GA
1	26908723	89	TC
1	26908762	39	GA
1	26908986	224	TC
1	26908998	12	CT
1	26909285	287	TC
1	26912825	1771	CT
1	26913107	74	TC
1	26913661	168	GA
1	26915216	1369	CT
1	26915229	13	CT
1	26915875	616	CT
1	26920889	3755	GA
1	26920996	107	GT
1	26921018	22	TC
1	26921574	232	GA
1	26922641	1067	CT
1	26922687	46	CG
1	26923154	467	TG
1	26923954	459	GA
1	26924565	213	AT
1	26930099	1957	GA
1	26930356	147	AC
1	26930659	60	AG
1	26930841	182	TC
1	26930941	100	CT
1	26930950	9	GA
1	26930951	1	AG
1	26930970	19	AG
1	26931231	261	GA
1	26931253	22	CT
1	26931275	22	CT
1	26931439	47	AC
1	26931747	308	CG
1	26931871	124	TA
1	26931939	68	AG
1	26931957	18	CA
1	26932064	107	CT
1	26932663	429	GA
1	26934076	609	AC
1	26934706	160	AT
1	26934709	3	AT
1	26934716	7	GC
1	26935881	619	AT
1	26936082	201	TC
1	26936270	188	TC
1	26936731	310	GA
1	26936855	124	CG
1	26937006	151	TC
1	26937014	8	AG
1	26937625	611	TC
1	26937639	14	AG
1	26938123	270	AG
1	26938141	18	TC
1	26938149	8	CT
1	26939851	990	GA
1	26939885	34	AG
1	26940333	122	AG
1	26940519	186	GT
1	26940601	82	TC
1	26941351	750	TG
1	26946416	1353	CT
1	26946614	198	CT
1	26949384	2541	AG
1	26950968	1219	TC
1	26952875	1308	CT
1	26954055	1180	GA
1	26964175	8708	CT
1	26964488	313	CG
1	26964594	106	GA
1	26964816	222	GT
1	26964915	99	CA
1	26965484	569	CT
1	26965794	310	CT
1	26966220	426	GA
1	26966231	11	CT
1	26966580	303	AG
1	26966747	167	TC
1	26966956	209	GA
1	26967094	138	AG
1	26967161	67	TC
1	26967166	5	TA
1	26969575	1474	AT
1	26969654	79	GA
1	26969749	95	GA
1	26969840	91	GA
1	26970884	1000	AG
1	26971334	414	CT
1	26971543	209	TC
1	26972172	629	TA
1	26972433	261	TC
1	26973059	626	CT
1	26974215	901	CA
1	26986974	6095	CT
1	26986997	23	CT
1	26987452	111	GA
1	26987556	104	AC
1	26987770	172	CT
1	26987782	12	TC
1	26994089	150	TC
1	26998333	1227	GT
1	27002359	2351	AG
1	27004158	1478	TC
1	27005072	536	CT
1	27005190	118	CT
1	27005523	333	GA
1	27005529	6	CT
1	27005811	282	GA
1	27006887	967	GT
1	27007170	283	CT
1	27009123	1409	GA
1	27011490	2286	CT
1	27012824	1334	GA
1	27014237	1097	CG
1	27015838	1441	CT
1	27016008	170	AG
1	27016150	142	AT
1	27020183	3263	CT
1	27020721	538	GA
1	27022526	1290	GA
1	27022756	230	AG
1	27023076	320	CT
1	27024084	961	CT
1	27024889	292	GC
1	27024939	50	CT
1	27024943	4	CA
1	27024956	13	CT
1	27025013	57	TC
1	27025108	95	GA
1	27025406	298	CG
1	27026017	546	GA
1	27026230	213	TC
1	27026707	417	TA
1	27026756	49	AG
1	27026817	61	AG
1	27026984	167	AG
1	27026987	3	GA
1	27027144	157	AG
1	27027256	112	CT
1	27027554	298	CT
1	27027564	10	GA
1	27027565	1	TC
1	27028097	370	GT
1	27028179	82	AT
1	27029462	656	AG
1	27029552	90	AG
1	27032128	2576	TC
1	27034780	642	AG
1	27036543	1763	CT
1	27036800	257	TC
1	27037180	313	CT
1	27037681	458	TG
1	27037809	93	AG
1	27038334	525	CT
1	27038574	240	GC
1	27038864	290	GA
1	27039010	146	CT
1	27039058	48	GA
1	27039080	22	CT
1	27039142	62	CT
1	27039211	69	GA
1	27039607	290	AG
1	27039666	59	GC
1	27040375	640	CG
1	27040645	270	GT
1	27041508	783	AG
1	27042262	754	AT
1	27042862	259	CT
1	27045600	1440	GA
1	27045660	60	CT
1	27045876	197	CT
1	27050253	2492	GA
1	27052722	1328	AG
1	27053284	562	CG
1	27053285	1	CA
1	27055121	1585	CG
1	27055703	534	GA
1	27055918	215	CT
1	27056322	404	TC
1	27056471	149	CA
1	27058879	2408	CT
1	27059325	446	CT
1	27060629	1267	AT
1	27064107	3002	GA
1	27069176	3571	TG
1	27069695	519	AG
1	27070136	441	CT
1	27070590	410	TC
1	27071224	182	GA
1	27071230	6	TA
1	27100685	24067	GA
1	27113155	6254	TC
1	27180633	40933	CT
1	27184592	3324	CT
1	27187557	2930	CT
1	27187765	173	CT
1	27188597	832	CT
1	27188697	100	TG
1	27189286	548	TC
1	27189635	349	CT
1	27190228	525	GA
1	27190361	133	CT
1	27190483	122	CT
1	27191679	1196	CT
1	27191709	30	GA
1	27193565	1856	CT
1	27195670	1103	GA
1	27195888	218	GA
1	27195893	5	TC
1	27195918	25	GC
1	27196472	554	TC
1	27196502	30	GA
1	27196686	184	CT
1	27196923	237	GA
1	27196994	71	TC
1	27196997	3	GC
1	27197067	70	AC
1	27197120	53	TC
1	27197128	8	AC
1	27197359	231	AG
1	27311458	70225	TA
1	27311634	17	CT
1	27311707	73	GA
1	27311787	80	AG
1	27312571	257	CT
1	27312614	43	CT
1	27312619	5	CT
1	27312818	199	CT
1	27312913	95	CG
1	27313655	323	CT
1	27314083	428	TC
1	27314991	908	TC
1	27315615	624	GA
1	27315773	158	CT
1	27315848	75	TC
1	27315985	137	GA
1	27315994	9	TC
1	27316775	760	CG
1	27320088	1057	TC
1	27320126	38	AC
1	27320148	22	AG
1	27320153	5	TG
1	27320365	212	CA
1	27320474	109	TC
1	27320563	89	AG
1	27320571	8	TC
1	27321499	392	AT
1	27322074	308	TC
1	27322091	17	CT
1	27322257	166	CT
1	27322321	64	CA
1	27322480	159	TC
1	27322493	13	GA
1	27322614	121	GA
1	27322618	4	CT
1	27322728	110	AG
1	27322749	21	AG
1	27322768	19	GA
1	27322769	1	GT
1	27323208	150	GA
1	27323607	399	CT
1	27323719	112	TC
1	27323813	94	AC
1	27323855	42	TC
1	27324221	366	CT
1	27324334	113	AG
1	27324611	277	AC
1	27324613	2	CG
1	27324768	155	AG
1	27325946	98	CT
1	27326074	128	GA
1	27326284	210	CT
1	27329379	623	AG
1	27330943	1467	TA
1	27331090	147	TC
1	27331324	234	CT
1	27331591	267	GC
1	27331912	321	CT
1	27332056	144	AG
1	27332095	39	TC
1	27332616	339	CT
1	27332634	18	TC
1	27332647	13	CT
1	27333657	331	TC
1	27333666	9	GT
1	27333716	50	AC
1	27334294	479	GA
1	27334321	27	GA
1	27334977	362	TC
1	27335636	659	AG
1	27335746	110	TC
1	27335772	26	AG
1	27335849	77	TA
1	27336196	347	AT
1	27338319	1585	GT
1	27340522	1505	GA
1	27340842	320	TG
1	27341302	256	CG
1	27341485	183	TC
1	27342587	656	GT
1	27343196	609	CT
1	27343470	274	GT
1	27345358	1724	CT
1	27347380	1906	CT
1	27348181	750	GA
1	27349868	1376	TC
1	27354384	2850	TC
1	27354549	165	TC
1	27354927	378	GA
1	27359734	3614	CT
1	27361236	989	CT
1	27364291	1532	GA
1	27364345	54	AC
1	27365583	920	TC
1	27365709	126	AG
1	27366210	501	GA
1	27366654	315	GC
1	27367568	234	TC
1	27367657	89	CT
1	27367664	7	GA
1	27367944	55	AG
1	27369791	836	CG
1	27370076	285	AG
1	27370179	103	TC
1	27370230	51	AG
1	27371292	883	TC
1	27372058	288	CT
1	27372471	413	GA
1	27377672	2534	CA
1	27379376	1100	CT
1	27383176	3029	GA
1	27383577	369	TC
1	27383748	171	AC
1	27396232	4503	AG
1	27397236	797	CT
1	27403226	4509	TC
1	27406639	2767	AG
1	27409670	2346	AG
1	27409938	268	TC
1	27410360	422	GT
1	27416917	5427	TC
1	27417253	230	GA
1	27417407	132	CG
1	27417553	146	AG
1	27418130	577	CT
1	27419571	1167	GC
1	27419610	39	TC
1	27426599	5668	CG
1	27428214	1514	GT
1	27429321	1107	TC
1	27429360	39	CT
1	27430128	682	CG
1	27430237	109	CT
1	27430577	297	TC
1	27430580	3	TC
1	27431018	385	TG
1	27431115	97	GC
1	27431930	815	TC
1	27432378	391	TC
1	27432540	162	AT
1	27432897	321	CT
1	27433077	180	TC
1	27433164	87	TC
1	27434165	803	CT
1	27435523	522	GC
1	27436412	378	GA
1	27436460	48	GA
1	27436628	168	CT
1	27436817	189	GA
1	27437223	406	GA
1	27437313	90	TC
1	27437338	25	GA
1	27437357	19	CG
1	27437462	105	TG
1	27437525	63	CA
1	27437757	232	GA
1	27437867	110	CT
1	27437880	13	TC
1	27438265	385	CT
1	27438279	14	GC
1	27438445	166	CT
1	27438574	129	AG
1	27438592	18	TC
1	27438598	6	AG
1	27438638	40	GT
1	27438737	99	GT
1	27439671	296	AC
1	27440149	365	GA
1	27440227	78	AC
1	27443349	537	AG
1	27443361	12	TC
1	27443594	233	TC
1	27444601	345	GA
1	27444779	178	GC
1	27444795	16	CT
1	27445116	44	GC
1	27445237	121	AG
1	27445309	72	AG
1	27445877	531	TC
1	27445878	1	GA
1	27445888	10	CT
1	27446426	538	TC
1	27449134	2163	CA
1	27449374	212	CG
1	27449458	84	CT
1	27449537	79	CT
1	27450566	1029	CT
1	27452175	901	CT
1	27452915	324	TC
1	27453471	227	CT
1	27453686	215	TG
1	27454233	547	GA
1	27454966	538	AT
1	27455130	164	AG
1	27455139	9	GA
1	27455349	210	AG
1	27455437	88	CT
1	27456236	799	GT
1	27456602	284	TG
1	27459150	1313	GA
1	27459211	61	TG
1	27459772	353	TC
1	27459835	63	GC
1	27459840	5	CT
1	27459861	21	CT
1	27461443	1280	CA
1	27461482	39	AT
1	27461487	5	TC
1	27461571	84	CT
1	27461913	342	CA
1	27461940	27	AG
1	27462074	134	TC
1	27462199	125	AG
1	27462350	151	CA
1	27462563	213	GA
1	27462798	173	GA
1	27462896	98	GA
1	27462904	8	GA
1	27463017	113	TC
1	27463695	318	AG
1	27463709	14	TC
1	27463910	201	GA
1	27464249	339	CT
1	27464571	322	GC
1	27464626	55	AG
1	27464650	24	CG
1	27466266	715	TC
1	27466622	356	AG
1	27466677	55	AG
1	27466932	255	AG
1	27467439	337	GA
1	27468087	270	GA
1	27468351	264	TC
1	27468352	1	CT
1	27468367	15	AG
1	27468370	3	TC
1	27468640	270	AC
1	27468724	84	AG
1	27468729	5	GA
1	27468732	3	GC
1	27468987	178	CT
1	27469280	293	TA
1	27469348	68	TA
1	27469450	102	GA
1	27472820	1002	AG
1	27472945	125	GC
1	27473075	130	GA
1	27473219	144	GC
1	27473459	205	GA
1	27473498	39	CA
1	27473554	56	CG
1	27474166	612	TC
1	27474192	26	AG
1	27474361	169	GA
1	27474509	148	TC
1	27474881	148	AT
1	27474964	83	TC
1	27475367	403	CT
1	27475431	64	CT
1	27476289	377	GA
1	27476636	278	GA
1	27476968	332	AC
1	27477002	34	CT
1	27477458	456	AG
1	27477736	133	AT
1	27478732	467	GA
1	27479005	273	AG
1	27479563	558	GA
1	27480247	424	CA
1	27482874	1351	GC
1	27484872	1547	AG
1	27484877	5	CG
1	27484880	3	TC
1	27487430	1874	CA
1	27487751	321	GA
1	27493433	3988	CT
1	27494395	850	GA
1	27494801	406	GT
1	27495443	614	GA
1	27495507	64	AC
1	27495908	308	AC
1	27495944	36	CT
1	27496290	151	GA
1	27496326	36	CT
1	27496593	267	GA
1	27496921	328	AT
1	27497691	512	GC
1	27504890	4538	CA
1	27508530	3122	AT
1	27512164	2815	GA
1	27513088	705	GT
1	27513166	78	CA
1	27513254	88	AG
1	27513294	40	GT
1	27514410	1076	GA
1	27514456	46	AG
1	27514493	37	CT
1	27518404	3614	GA
1	27520250	608	AG
1	27520264	14	TG
1	27520840	576	CT
1	27521520	680	GA
1	27524755	2234	AG
1	27524760	5	AC
1	27526522	664	CT
1	27528444	1689	CT
1	27528660	216	TA
1	27529260	600	AG
1	27529274	14	TA
1	27529275	1	CT
1	27530341	1023	AC
1	27530410	69	GA
1	27530437	27	GA
1	27530450	13	AG
1	27530797	195	GT
1	27530910	113	GC
1	27532020	824	CT
1	27532024	4	GT
1	27532334	310	CT
1	27532346	12	AC
1	27534456	1235	GA
1	27535503	238	GA
1	27539760	1272	AC
1	27539884	124	AG
1	27539945	61	CT
1	27541438	1079	GC
1	27541620	182	GT
1	27541992	372	GT
1	27542200	148	TC
1	27542233	33	AG
1	27542235	2	CT
1	27542512	226	AG
1	27542575	63	GT
1	27542912	132	CT
1	27545369	2259	GA
1	27546190	760	GA
1	27546306	116	AG
1	27546873	298	CT
1	27548542	1669	AG
1	27549767	1225	AG
1	27550043	276	CT
1	27550107	64	GA
1	27550208	101	AG
1	27550358	150	GA
1	27550407	49	TG
1	27551296	853	AG
1	27552051	470	AG
1	27552282	231	CA
1	27552309	27	AC
1	27552533	224	CA
1	27552536	3	CT
1	27553114	578	GA
1	27553157	43	AG
1	27553595	438	AC
1	27553663	68	AG
1	27557178	2754	TG
1	27557182	4	TC
1	27558416	1068	CT
1	27558485	69	CT
1	27558536	51	GA
1	27558600	64	TC
1	27560439	1706	CT
1	27561066	395	GA
1	27561729	663	AG
1	27562570	500	CT
1	27562620	50	CT
1	27562985	365	GA
1	27563075	90	CT
1	27566093	1178	GA
1	27567592	482	TG
1	27568099	507	GA
1	27568331	232	TC
1	27568381	50	AG
1	27568514	104	AT
1	27569004	267	CT
1	27569155	151	GA
1	27569774	265	AC
1	27569785	11	GA
1	27569892	107	CT
1	27569994	102	GA
1	27570047	53	CG
1	27570169	122	GT
1	27570232	63	TC
1	27570431	199	GA
1	27570432	1	CT
1	27570456	24	AG
1	27570524	35	GA
1	27570564	40	GA
1	27570589	25	CT
1	27570619	30	TC
1	27571116	244	GA
1	27571267	151	CT
1	27572188	529	GA
1	27572925	363	AG
1	27572934	9	AT
1	27573516	582	TC
1	27573881	365	AT
1	27574064	183	CG
1	27574651	278	TC
1	27574871	220	CT
1	27577669	1782	CT
1	27578050	350	GA
1	27578169	50	CT
1	27579154	187	TC
1	27579615	355	AG
1	27580587	937	CT
1	27580686	99	AC
1	27594443	11430	GA
1	27594722	279	TG
1	27594773	51	CT
1	27594794	21	AG
1	27601455	5657	CT
1	27601761	306	GA
1	27601774	13	GA
1	27601779	5	GC
1	27601958	179	GA
1	27602222	264	CT
1	27602311	89	GA
1	27602480	169	GT
1	27602657	177	CA
1	27602728	71	GC
1	27602905	177	TC
1	27602920	15	CT
1	27602929	9	CT
1	27603686	723	CT
1	27604446	683	CT
1	27604641	195	CA
1	27604655	14	AG
1	27604687	32	CT
1	27604745	58	AG
1	27604809	64	AG
1	27604968	159	AG
1	27605094	126	AG
1	27605095	1	CT
1	27605649	484	TA
1	27605719	70	CT
1	27605875	156	CT
1	27606076	83	CT
1	27607011	935	AG
1	27607189	178	TC
1	27607377	188	GA
1	27607695	69	GA
1	27607975	280	GC
1	27612371	3416	AC
1	27616209	1251	TC
1	27620315	906	GA
1	27620373	58	TC
1	27622908	2273	AC
1	27623300	392	TC
1	27623995	547	GA
1	27624021	26	TC
1	27624044	23	GA
1	27624422	378	CT
1	27625080	156	AC
1	27625337	257	CT
1	27625582	245	AG
1	27625699	117	AC
1	27625712	13	AC
1	27625811	99	CT
1	27625833	22	CA
1	27626377	420	AG
1	27626693	316	AG
1	27627680	987	TC
1	27628317	490	AC
1	27628320	3	AG
1	27628374	54	GC
1	27629113	578	CT
1	27629790	333	CT
1	27630120	330	AG
1	27630306	186	CG
1	27630520	214	AG
1	27630540	20	TC
1	27630665	125	GA
1	27630917	252	GC
1	27630971	54	CG
1	27631014	43	TA
1	27631375	271	AG
1	27631669	294	AG
1	27632465	796	GC
1	27632612	147	CT
1	27633231	619	TG
1	27633236	5	TC
1	27633403	167	GA
1	27633430	27	CG
1	27633634	165	GA
1	27633710	76	AG
1	27633741	31	CG
1	27633761	20	AG
1	27633777	16	AG
1	27634093	104	AG
1	27634139	46	TC
1	27635067	713	CA
1	27635093	26	GA
1	27636225	985	CG
1	27637694	1398	CT
1	27637835	141	AG
1	27637872	37	GA
1	27637879	7	CT
1	27637915	36	TA
1	27637921	6	GT
1	27638041	120	GA
1	27638074	33	TC
1	27638084	10	TA
1	27638124	40	TG
1	27638125	1	TC
1	27638128	3	AG
1	27638236	108	GA
1	27638249	13	AG
1	27638258	9	CT
1	27638324	66	GC
1	27638494	170	AG
1	27639355	829	TA
1	27640191	544	GT
1	27640194	3	AG
1	27640197	3	GT
1	27640277	80	CT
1	27640628	351	GA
1	27640659	31	GT
1	27640776	117	TG
1	27641080	244	AG
1	27652058	819	GC
1	27655328	3011	GA
1	27655637	280	CT
1	27655786	149	CT
1	27656243	307	CA
1	27657221	919	CT
1	27658072	694	CT
1	27659643	1317	CT
1	27659933	290	AG
1	27660148	215	TG
1	27660779	631	TC
1	27664084	2411	CT
1	27664329	134	GT
1	27667138	2091	CT
1	27667247	109	GC
1	27667393	146	CT
1	27667806	413	GA
1	27670813	2084	CT
1	27670820	7	TG
1	27672257	1298	TC
1	27677183	4108	AG
1	27680822	1877	AG
1	27687600	5383	CA
1	27687837	237	AG
1	27687845	8	TC
1	27687963	118	CT
1	27687966	3	CT
1	27688266	170	TC
1	27688832	360	TC
1	27688835	3	TC
1	27688905	70	CT
1	27689270	97	TC
1	27689302	32	CT
1	27689485	183	GC
1	27689577	92	GA
1	27689582	5	CT
1	27689740	158	TC
1	27689755	15	GA
1	27689799	44	AG
1	27689804	5	CT
1	27689805	1	CG
1	27689850	45	GA
1	27689967	117	GC
1	27690108	141	GA
1	27690117	9	GT
1	27690148	31	CT
1	27690154	6	CT
1	27690183	29	GA
1	27690268	85	CT
1	27690515	247	CT
1	27690577	62	CT
1	27690722	145	GA
1	27690756	34	CT
1	27691818	818	CA
1	27691877	59	AC
1	27691959	82	CG
1	27692133	174	GA
1	27692794	392	GT
1	27692821	27	CT
1	27693540	348	CT
1	27694556	974	GA
1	27694747	37	TC
1	27694856	109	AG
1	27694878	22	GA
1	27694926	48	CT
1	27695525	485	GA
1	27695711	186	GC
1	27695815	104	CA
1	27695875	60	GT
1	27696775	900	TC
1	27697810	1018	TC
1	27698774	964	GC
1	27699911	717	CT
1	27699949	38	GC
1	27700475	526	TC
1	27700814	339	CT
1	27700858	44	GA
1	27701234	376	GA
1	27701305	71	CA
1	27701675	370	GC
1	27702338	636	CG
1	27703244	704	TA
1	27703285	41	AG
1	27703319	34	TC
1	27703522	203	GA
1	27703606	84	GA
1	27703641	35	TG
1	27703865	224	AC
1	27704064	199	GA
1	27704066	2	AC
1	27704178	112	CT
1	27704411	73	TA
1	27704567	156	TC
1	27704572	5	CT
1	27704718	146	TA
1	27704734	16	CT
1	27704768	34	CG
1	27704863	95	TC
1	27705204	341	GA
1	27705241	37	GT
1	27705255	14	GA
1	27705419	164	TC
1	27706000	552	TC
1	27706159	159	GA
1	27706181	22	AG
1	27706546	365	GA
1	27706701	155	GA
1	27707362	587	TC
1	27709569	1883	AG
1	27709660	91	TC
1	27711847	2187	GC
1	27711853	6	CT
1	27711937	84	TC
1	27711998	61	CT
1	27712017	19	CT
1	27714045	1810	TC
1	27717434	3221	TC
1	27721220	2398	TC
1	27721221	1	TC
1	27721847	626	AG
1	27721872	25	TC
1	27722795	828	AG
1	27723304	509	AG
1	27723915	580	GA
1	27724577	626	AG
1	27726295	906	GA
1	27730309	2844	GA
1	27733378	2326	GA
1	27733512	134	CT
1	27734222	591	CT
1	27735247	979	AC
1	27735304	57	TC
1	27736432	1128	CG
1	27737172	740	GA
1	27737730	558	AG
1	27739889	767	CT
1	27740882	652	CT
1	27741745	755	CT
1	27741763	18	TC
1	27742897	881	TC
1	27743120	223	CG
1	27743588	293	GC
1	27743873	285	TC
1	27743938	65	AG
1	27743946	8	CT
1	27744171	225	TC
1	27744177	6	GA
1	27744179	2	CT
1	27744307	128	CT
1	27744406	99	AG
1	27744604	198	CT
1	27744938	334	GA
1	27744992	54	CA
1	27744993	1	AG
1	27745128	135	AG
1	27745331	203	TA
1	27745340	9	CG
1	27745379	39	GA
1	27745657	278	TC
1	27745956	215	TC
1	27746185	229	AC
1	27746293	108	GC
1	27746295	2	CT
1	27746316	21	AG
1	27746720	180	AC
1	27747263	171	AC
1	27747299	36	GT
1	27747334	35	GA
1	27747410	76	AG
1	27747734	249	TC
1	27747745	11	CT
1	27747746	1	GA
1	27747793	47	GC
1	27748158	183	AG
1	27748161	3	CG
1	27748290	129	GC
1	27748353	63	TA
1	27748592	239	AT
1	27748883	291	TC
1	27749372	349	GA
1	27749391	19	GA
1	27749393	2	GA
1	27749664	271	TC
1	27749715	51	TC
1	27750343	475	CT
1	27752348	1365	GA
1	27754482	1608	CA
1	27760095	1635	AG
1	27763160	1501	TG
1	27764521	841	AG
1	27764631	110	GA
1	27765059	428	TG
1	27766767	1487	TC
1	27766980	213	CT
1	27767118	138	AG
1	27767127	9	GC
1	27767142	15	AG
1	27768513	675	AC
1	27769186	424	CT
1	27772810	2276	TC
1	27772848	38	AT
1	27772852	4	CT
1	27773275	318	AG
1	27773406	131	CT
1	27773445	39	TC
1	27773457	12	GA
1	27773548	91	GA
1	27773607	59	AG
1	27779937	3908	CT
1	27781737	1464	GA
1	27782666	820	TC
1	27782851	185	CG
1	27784364	762	GA
1	27786150	1432	AG
1	27789434	2443	GT
1	27790660	1186	CT
1	27792295	1414	CA
1	27796098	3026	CG
1	27798161	1877	TG
1	27798687	526	AG
1	27798777	90	TA
1	27800130	1173	CT
1	27801221	1014	GC
1	27801998	250	CT
1	27802735	396	GC
1	27805625	1959	CT
1	27805799	174	TC
1	27805862	63	TC
1	27805952	90	AG
1	27806757	144	TC
1	27806903	146	AG
1	27808410	983	AG
1	27808588	178	CT
1	27809655	1008	TC
1	27810045	293	CT
1	27810909	802	CT
1	27811003	94	AG
1	27811129	126	GA
1	27811721	592	GA
1	27812630	737	CT
1	27812631	1	AG
1	27812984	266	GA
1	27813522	508	AC
1	27813580	58	GA
1	27813918	338	TC
1	27814098	112	TA
1	27814102	4	TA
1	27814511	409	GA
1	27814741	191	TC
1	27814744	3	CT
1	27814758	14	GC
1	27814824	66	GA
1	27814880	56	GA
1	27815829	949	GA
1	27815932	103	TA
1	27815941	9	TC
1	27815946	5	AT
1	27817751	470	CA
1	27819384	1514	GC
1	27820456	678	GA
1	27821644	761	GA
1	27821695	51	AG
1	27822102	407	GA
1	27822163	61	AG
1	27822226	63	TC
1	27822249	23	GA
1	27822884	472	AC
1	27822918	34	CT
1	27822919	1	AG
1	27823016	97	CT
1	27823036	20	CT
1	27823766	110	TG
1	27823883	117	CT
1	27823938	55	CT
1	27824141	203	AT
1	27824315	174	CT
1	27824754	439	AT
1	27824909	155	CT
1	27826048	820	GT
1	27826625	458	AG
1	27827606	818	CT
1	27828329	723	CT
1	27829912	1203	TG
1	27830528	616	TC
1	27830718	190	CA
1	27832434	1321	TC
1	27834359	740	CT
1	27834407	48	CA
1	27834797	390	GA
1	27835000	203	AG
1	27835294	294	CG
1	27835360	66	GA
1	27836040	680	GA
1	27837339	92	AT
1	27837388	49	CT
1	27837391	3	AG
1	27838023	527	CT
1	27838569	491	GA
1	27839233	664	GA
1	27839707	186	CT
1	27840082	375	CA
1	27840186	104	AC
1	27840244	58	AC
1	27840348	104	CT
1	27841399	271	GA
1	27841432	33	TA
1	27842400	282	GA
1	27842894	494	TG
1	27843233	187	AG
1	27843237	4	TC
1	27843245	8	AG
1	27843250	5	AG
1	27844235	507	GC
1	27844574	339	AG
1	27845209	594	CA
1	27845210	1	GC
1	27845621	411	CT
1	27845945	249	TC
1	27846110	165	CT
1	27846265	155	TC
1	27846993	493	AG
1	27847002	9	GA
1	27847227	186	TG
1	27851721	3743	CT
1	27851748	27	CT
1	27851782	34	CG
1	27852370	309	AC
1	27852599	129	GT
1	27852657	58	AG
1	27852700	43	CT
1	27853002	302	AG
1	27853596	384	GA
1	27853706	110	CA
1	27854351	507	GA
1	27859276	4322	AG
1	27865498	5914	TC
1	27866540	968	GT
1	27866916	376	CA
1	27871768	3479	CT
1	27872023	255	TC
1	27872944	800	AG
1	27873022	78	CT
1	27875644	2068	TC
1	27876426	748	AG
1	27888109	10521	GA
1	27890624	2380	CA
1	27892296	1501	CT
1	27893461	790	AT
1	27894324	863	AC
1	27894371	47	TC
1	27895435	994	AC
1	27895445	10	AG
1	27895475	30	AG
1	27895635	160	GA
1	27895661	26	CG
1	27895685	24	GT
1	27895687	2	GT
1	27895696	9	TA
1	27896504	713	GC
1	27896545	41	AG
1	27896738	159	GT
1	27896752	14	GA
1	27896815	63	AG
1	27896841	26	CT
1	27896845	4	CT
1	27897390	446	GA
1	27897740	175	GT
1	27898571	361	TG
1	27898747	176	GA
1	27899796	860	TC
1	27899800	4	AG
1	27900306	506	CT
1	27900801	495	CT
1	27900888	87	CG
1	27900922	34	GT
1	27900967	45	GA
1	27901514	547	GA
1	27902651	906	GT
1	27907384	3253	CT
1	27907670	41	CT
1	27907692	22	CG
1	27907707	15	TC
1	27907776	69	CT
1	27907795	19	TG
1	27907979	165	TC
1	27909094	1034	CT
1	27909114	20	TG
1	27909192	78	TC
1	27909199	7	CT
1	27909202	3	TC
1	27909221	19	GT
1	27910037	783	GA
1	27910106	69	TC
1	27910145	39	TC
1	27910146	1	GA
1	27910198	52	TG
1	27910223	25	GA
1	27910227	4	AT
1	27910236	9	TC
1	27910245	9	AG
1	27910277	32	AT
1	27910385	108	CG
1	27910978	409	TG
1	27911067	89	CA
1	27911114	47	CT
1	27911471	110	CT
1	27911484	13	CT
1	27911513	29	GA
1	27911683	148	TC
1	27911698	15	GA
1	27911737	39	GA
1	27911801	64	GA
1	27911805	4	CT
1	27911824	19	GA
1	27911841	17	CT
1	27912082	241	TC
1	27912085	3	AG
1	27912096	11	AG
1	27912103	7	GA
1	27912446	343	AG
1	27912554	108	CT
1	27912561	7	AG
1	27912719	158	CT
1	27912741	22	GA
1	27913019	155	AG
1	27913049	30	CT
1	27913050	1	GT
1	27913084	34	TC
1	27913122	38	CT
1	27913127	5	TC
1	27913210	83	TA
1	27913289	79	CT
1	27913416	127	CT
1	27913445	29	AT
1	27913467	22	CT
1	27913510	43	CT
1	27914027	292	TA
1	27914028	1	TA
1	27914030	2	GA
1	27914257	227	AG
1	27914330	73	TC
1	27916816	2165	CG
1	27916820	4	GC
1	27916948	128	CT
1	27917246	298	AC
1	27917540	294	CT
1	27917560	20	GA
1	27917568	8	TA
1	27917610	42	CT
1	27917635	25	CT
1	27917771	136	GA
1	27917806	35	GA
1	27917958	152	CT
1	27918427	174	TC
1	27918503	76	CT
1	27918801	298	CT
1	27918820	19	GA
1	27918916	29	CT
1	27918990	20	GT
1	27920595	1017	TC
1	27920650	55	AG
1	27920701	51	CT
1	27920787	86	TC
1	27920900	113	CT
1	27921070	95	TC
1	27921782	49	CT
1	27921784	2	GA
1	27921791	7	GA
1	27921960	169	GA
1	27922041	81	TC
1	27922047	6	TC
1	27922276	229	TC
1	27922325	49	AC
1	27922393	68	CG
1	27922648	255	TC
1	27922658	10	GA
1	27922694	36	TC
1	27922714	20	CT
1	27922723	9	GT
1	27923341	341	GA
1	27923728	68	TG
1	27924039	140	GA
1	27942572	12755	TA
1	27943086	480	CT
1	27943240	154	TA
1	27943712	326	CT
1	27943725	13	TG
1	27944032	51	TC
1	27944118	86	CT
1	27944140	22	TA
1	27944290	150	GA
1	27944909	495	AT
1	27945080	171	CA
1	27945910	529	CA
1	27947037	814	AG
1	27948258	956	TG
1	27948335	15	AG
1	27948353	18	CG
1	27948375	22	TC
1	27949038	621	GA
1	27949166	128	AT
1	27953031	2310	AG
1	27955022	1376	AG
1	27955539	271	TC
1	27955574	35	AT
1	27956310	584	GT
1	27956312	2	AG
1	27956355	43	TG
1	27956422	67	CT
1	27956581	159	AG
1	27957130	294	CA
1	27958059	185	TC
1	27958634	575	TC
1	27958777	143	GA
1	27959080	303	TC
1	27959101	21	AG
1	27959139	38	GA
1	27959252	113	GA
1	27960358	635	CT
1	27960382	24	CT
1	27961225	843	AG
1	27961601	376	TC
1	27961650	49	GA
1	27962379	588	TC
1	27962837	257	CT
1	27963021	184	AG
1	27963072	51	GA
1	27963314	186	AT
1	27964158	379	AC
1	27964854	498	AG
1	27965124	143	GC
1	27966432	1225	AG
1	27967562	1073	GC
1	27967969	407	TC
1	27968132	163	GC
1	27968244	112	TC
1	27968342	98	CT
1	27969049	594	GA
1	27971656	2325	CT
1	27971763	107	GC
1	27972261	498	CT
1	27972428	167	CA
1	27973828	716	CT
1	27973869	41	GA
1	27974478	571	CG
1	27974761	283	TG
1	27974792	31	CG
1	27975093	301	GT
1	27975142	49	GA
1	27975631	402	TC
1	27976564	753	GA
1	27976582	18	AG
1	27976812	230	TC
1	27977009	153	CA
1	27977026	17	GA
1	27977684	590	AC
1	27978106	422	TC
1	27978293	81	GT
1	27978338	45	AG
1	27981691	2716	TC
1	27983950	1374	TG
1	27984053	103	CT
1	27984160	107	GA
1	27984359	199	GA
1	27992878	3522	AG
1	27992918	40	TC
1	27992921	3	TC
1	27993358	437	AG
1	27993946	409	TC
1	27993987	41	GA
1	27994022	35	CA
1	27994026	4	AG
1	27994184	158	GA
1	27994186	2	GA
1	27994221	35	GA
1	27994413	192	TC
1	27996505	79	TC
1	27998034	146	AC
1	27998122	88	CT
1	27998130	8	AC
1	27998783	242	AT
1	27998784	1	AT
1	27998804	20	AG
1	27999075	271	GA
1	27999601	267	TC
1	27999761	160	GA
1	28000194	433	AG
1	28000338	144	GT
1	28001420	1019	GA
1	28001490	70	TC
1	28001596	106	CT
1	28001602	6	AG
1	28001608	6	GA
1	28001736	128	AT
1	28001829	93	GC
1	28001844	15	TA
1	28001989	145	GT
1	28002127	138	GA
1	28002476	349	GA
1	28002546	70	AT
1	28002698	58	GA
1	28003224	58	TC
1	28003404	180	CG
1	28003605	201	AG
1	28004072	467	CT
1	28007430	1354	TC
1	28008577	649	CT
1	28008820	243	AG
1	28011035	1612	CT
1	28011061	26	GA
1	28011095	34	AG
1	28011373	278	GA
1	28012078	391	CT
1	28012460	208	TC
1	28012984	207	GC
1	28013029	45	AC
1	28014615	1586	CT
1	28016028	1152	TC
1	28016056	28	CT
1	28017401	977	TC
1	28017403	2	CT
1	28017554	151	CT
1	28018728	1157	GA
1	28018735	7	GA
1	28018853	118	CT
1	28018857	4	GC
1	28018897	40	GT
1	28019397	500	CT
1	28020832	866	GT
1	28021401	569	GA
1	28021765	364	CT
1	28022896	1110	GC
1	28023545	465	CT
1	28024492	596	GA
1	28025496	845	AC
1	28025991	385	AG
1	28026306	208	TG
1	28026374	68	TC
1	28026435	61	CT
1	28026468	33	CT
1	28026477	9	TC
1	28026651	45	TC
1	28027435	784	CT
1	28028041	447	TG
1	28030212	1849	AG
1	28031559	1308	CT
1	28033877	1276	GA
1	28035733	1551	AG
1	28037319	1399	AC
1	28037770	236	CT
1	28037777	7	GA
1	28037911	134	AG
1	28038781	824	TC
1	28038879	98	CT
1	28038880	1	AG
1	28038902	22	GC
1	28039833	931	AG
1	28040213	363	GA
1	28040686	473	GA
1	28042270	1495	GA
1	28042639	369	TA
1	28043106	467	TC
1	28053092	8773	TG
1	28059664	5923	GA
1	28064057	3305	AG
1	28065396	1339	AG
1	28066404	830	AG
1	28067254	429	GA
1	28069510	2256	CG
1	28069516	6	CT
1	28070000	448	AG
1	28070231	231	AG
1	28070271	40	GA
1	28070273	2	TC
1	28071762	1070	TC
1	28071981	202	CT
1	28071999	18	CT
1	28072107	108	GC
1	28072605	434	CT
1	28072664	59	GA
1	28072875	211	AG
1	28073207	332	TC
1	28073381	174	CT
1	28073850	374	TC
1	28073907	57	TC
1	28074781	549	TC
1	28075373	592	CT
1	28076179	806	CT
1	28076277	98	AG
1	28076410	38	AG
1	28076431	21	GA
1	28076657	226	TA
1	28077047	273	GT
1	28077401	171	GA
1	28077412	11	CG
1	28077511	99	CT
1	28077608	97	TG
1	28079201	1097	TC
1	28079349	148	AG
1	28080343	972	TC
1	28082712	926	CA
1	28082730	18	TC
1	28082774	44	TC
1	28083954	630	AG
1	28084389	323	CT
1	28084579	190	CT
1	28086212	1375	TC
1	28086263	51	TC
1	28086840	121	TC
1	28086869	29	GT
1	28087254	385	AC
1	28087766	512	CT
1	28087809	43	AG
1	28088179	313	AG
1	28089899	1441	CA
1	28090567	668	CT
1	28098604	5728	TG
1	28099727	772	TC
1	28100008	281	AG
1	28100732	724	TC
1	28101872	1140	CT
1	28102703	488	CA
1	28103787	1084	GA
1	28103864	77	AG
1	28104351	309	TA
1	28104480	129	TC
1	28104487	7	GA
1	28104491	4	CG
1	28104688	197	TC
1	28105798	1110	AG
1	28105966	168	CA
1	28109444	2514	AG
1	28110548	1104	GT
1	28112743	1630	AG
1	28114779	1345	TC
1	28114951	172	CT
1	28117570	2495	AG
1	28118230	660	CT
1	28120812	1746	AT
1	28121882	510	TC
1	28122306	424	AG
1	28123426	728	TC
1	28123557	131	GC
1	28123566	9	CT
1	28123593	27	GC
1	28123626	33	AG
1	28124359	733	TC
1	28135281	9231	CT
1	28135635	354	CT
1	28136136	501	CA
1	28136184	48	TC
1	28136449	265	GC
1	28136517	68	CG
1	28136905	388	CT
1	28137002	97	AG
1	28137068	66	TC
1	28138356	1124	GA
1	28141783	2432	AG
1	28141863	80	TA
1	28141975	112	TC
1	28142313	338	GA
1	28142355	42	GT
1	28142496	141	AG
1	28142738	242	GA
1	28142787	49	TC
1	28142867	80	AG
1	28143169	302	CT
1	28143905	226	AG
1	28144657	752	CT
1	28145196	450	GA
1	28145455	259	GA
1	28145729	274	GA
1	28145815	86	CT
1	28146454	439	GA
1	28148393	1201	GA
1	28151621	2828	TG
1	28151634	13	GA
1	28151752	118	AG
1	28153376	1032	GT
1	28153468	92	GA
1	28153634	166	TC
1	28154305	671	CT
1	28154586	281	TG
1	28154588	2	TC
1	28154700	112	TC
1	28154739	39	GA
1	28155317	578	CT
1	28155952	552	TC
1	28156037	85	GA
1	28156122	85	TC
1	28156151	29	CA
1	28156286	135	TC
1	28156331	45	GA
1	28156558	227	AG
1	28156918	360	CT
1	28157009	91	TA
1	28157227	218	AG
1	28157246	19	CT
1	28157351	105	TC
1	28157519	168	GC
1	28157858	339	GA
1	28158108	250	GA
1	28158157	49	CT
1	28158187	30	TG
1	28158386	199	GC
1	28159260	401	CT
1	28160482	1004	CA
1	28160495	13	TC
1	28161044	549	TC
1	28162738	1694	CG
1	28163053	315	CT
1	28163903	777	TG
1	28164889	892	AG
1	28165103	214	CT
1	28172165	555	TC
1	28172433	268	TC
1	28172637	204	CG
1	28173088	451	GA
1	28173151	63	GT
1	28173501	350	CT
1	28174564	931	CT
1	28174577	13	CT
1	28174614	37	CT
1	28175520	880	AC
1	28175545	25	CT
1	28176628	696	CT
1	28178319	1088	TC
1	28178436	117	TC
1	28179322	700	TC
1	28179334	12	AG
1	28179419	85	AG
1	28179794	375	GA
1	28180073	279	TC
1	28180685	589	TG
1	28180771	86	AG
1	28181211	440	GA
1	28185435	1266	TC
1	28185478	43	AG
1	28185575	97	GA
1	28185584	9	CT
1	28185864	65	GT
1	28186123	259	GA
1	28186704	435	TC
1	28186706	2	TC
1	28186755	49	TC
1	28187021	266	TC
1	28187118	78	GA
1	28187265	70	CT
1	28187267	2	CG
1	28187413	146	AG
1	28187427	14	TC
1	28187477	50	TC
1	28187636	159	TC
1	28187756	120	CA
1	28187886	130	GA
1	28187905	19	GA
1	28188195	290	AG
1	28188595	356	GT
1	28188899	304	GA
1	28189158	259	AG
1	28189359	201	CT
1	28189813	347	GT
1	28189853	40	CT
1	28189917	64	GA
1	28190974	247	AG
1	28191142	168	AG
1	28191422	280	GA
1	28191481	59	CT
1	28191734	253	CT
1	28192009	275	AG
1	28192399	390	AG
1	28192537	138	CT
1	28193210	312	GT
1	28193236	26	TC
1	28193468	232	GA
1	28193481	13	AC
1	28193568	87	GC
1	28193625	57	AC
1	28193820	195	TC
1	28193895	75	CT
1	28193896	1	AG
1	28194124	228	AC
1	28194182	58	TC
1	28194670	176	GT
1	28194676	6	CT
1	28195328	348	CT
1	28195768	440	CT
1	28196037	269	CG
1	28196048	11	AC
1	28196396	348	AG
1	28196836	328	GA
1	28197746	460	GA
1	28198366	620	TC
1	28198808	442	TC
1	28198870	62	GC
1	28199043	173	GA
1	28201859	1208	GA
1	28202325	306	GA
1	28202440	115	TC
1	28202447	7	AC
1	28202451	4	AG
1	28202501	50	AG
1	28202517	16	TC
1	28202844	327	CG
1	28203149	305	TC
1	28203256	107	TC
1	28203258	2	CG
1	28203273	15	TG
1	28203279	6	TC
1	28203384	105	GC
1	28203436	52	AG
1	28203553	117	TC
1	28203814	261	GA
1	28203923	109	TC
1	28203955	32	CG
1	28204243	288	AC
1	28204443	200	CT
1	28204509	66	CT
1	28204838	329	TC
1	28204964	126	CT
1	28205229	151	GA
1	28205234	5	CT
1	28205309	75	CT
1	28205434	125	GA
1	28206238	694	TC
1	28206389	109	CT
1	28206637	66	AG
1	28206645	8	CT
1	28207727	903	AG
1	28208648	853	GA
1	28208966	318	TC
1	28209164	198	CT
1	28209436	272	CT
1	28209474	38	GC
1	28209507	33	TG
1	28209904	197	CT
1	28209979	75	GA
1	28210820	841	GA
1	28211019	199	CT
1	28211186	167	GA
1	28211233	47	TA
1	28211823	435	GC
1	28213425	363	GA
1	28213427	2	AG
1	28213558	56	AG
1	28215291	1648	CT
1	28215397	106	AG
1	28215420	23	GA
1	28215583	163	GA
1	28218480	1902	GA
1	28220772	1737	CG
1	28221192	306	GA
1	28221563	310	GA
1	28221578	15	TC
1	28221580	2	CG
1	28221599	19	GA
1	28221613	14	AC
1	28222883	576	TC
1	28222959	76	TA
1	28223207	248	AG
1	28223225	18	AT
1	28223271	46	AT
1	28223390	119	CT
1	28223920	530	GC
1	28223965	45	GA
1	28223994	29	GA
1	28224043	49	CA
1	28224114	71	TC
1	28224292	178	TA
1	28224345	53	TC
1	28224660	315	TC
1	28224749	89	AG
1	28224943	194	AG
1	28224959	16	TC
1	28225150	191	TG
1	28225455	305	AT
1	28226544	525	AG
1	28227511	596	TC
1	28229130	1466	GA
1	28229368	238	TC
1	28233494	1704	AC
1	28234295	801	GA
1	28234406	111	TC
1	28234492	86	CT
1	28234753	261	GA
1	28234915	162	GA
1	28235575	660	CT
1	28235603	28	CA
1	28235615	12	CT
1	28235636	21	GA
1	28235724	88	AC
1	28235805	81	GC
1	28235815	10	CT
1	28235944	129	GC
1	28237186	594	AG
1	28240765	2384	GA
1	28249810	7666	GA
1	28252808	2606	TC
1	28252890	82	TC
1	28252897	7	GC
1	28253120	223	GT
1	28253208	88	AG
1	28253355	147	CT
1	28253441	86	TG
1	28258404	3298	TC
1	28259354	950	CT
1	28260217	863	CA
1	28273178	9689	AG
1	28273297	92	GA
1	28273545	248	GA
1	28274970	1095	GA
1	28275171	201	GA
1	28275239	68	GA
1	28275335	96	CT
1	28275402	67	GC
1	28275574	172	GA
1	28275647	73	AG
1	28275849	202	CT
1	28275973	124	CT
1	28276097	124	CT
1	28276122	25	AG
1	28276309	187	TC
1	28276570	261	GA
1	28277570	872	AG
1	28277661	91	TC
1	28277997	336	CT
1	28278710	713	CT
1	28278776	66	GT
1	28278951	175	CT
1	28279211	95	GC
1	28279605	394	GA
1	28279892	287	GA
1	28279893	1	GA
1	28281279	1386	TA
1	28282887	1077	CA
1	28282949	62	AG
1	28283548	599	CT
1	28286531	2381	CG
1	28286901	335	AC
1	28289126	1929	GC
1	28289754	628	CT
1	28290291	537	CT
1	28290540	249	AG
1	28290779	239	CA
1	28290818	39	TC
1	28290839	21	TG
1	28291418	579	GA
1	28291841	375	CG
1	28291868	27	AC
1	28291882	14	AG
1	28291916	34	GT
1	28292047	131	TC
1	28292053	6	CT
1	28292454	401	CT
1	28292795	341	GA
1	28292798	3	CG
1	28292869	71	CT
1	28293011	142	AT
1	28293646	635	GA
1	28293782	136	GA
1	28293834	52	CA
1	28293946	112	GA
1	28294533	351	AG
1	28294546	13	CT
1	28294556	10	TC
1	28294678	79	CT
1	28294815	137	CG
1	28294820	5	GA
1	28294849	29	GA
1	28294866	17	GA
1	28294900	34	TC
1	28294914	14	AG
1	28294923	9	AT
1	28297780	1776	GA
1	28297933	153	GA
1	28298502	569	CT
1	28298508	6	AG
1	28299432	924	TG
1	28301557	1670	CG
1	28301711	154	GA
1	28301739	28	CT
1	28302534	795	TC
1	28303326	545	CT
1	28303747	212	GA
1	28304256	454	CT
1	28304272	16	CT
1	28304475	203	CT
1	28304490	15	AG
1	28304635	145	GA
1	28305238	526	GT
1	28305257	19	AG
1	28305277	20	GA
1	28305715	266	AG
1	28305843	128	AT
1	28306348	505	AG
1	28306755	407	GA
1	28307541	786	AT
1	28307979	438	TC
1	28308621	642	CT
1	28309481	502	CT
1	28309501	20	GC
1	28309604	103	CT
1	28309676	72	GA
1	28310028	352	CT
1	28310992	925	GA
1	28312063	732	TC
1	28312441	192	GC
1	28313387	653	CT
1	28314198	725	GA
1	28319285	4366	GA
1	28321024	1680	AG
1	28321266	242	CT
1	28322119	853	GC
1	28322323	204	TC
1	28323799	1452	GA
1	28324312	513	CT
1	28324391	40	TG
1	28324957	471	CG
1	28326889	1418	GA
1	28326965	76	CT
1	28327124	159	GA
1	28327154	30	AG
1	28327236	82	CT
1	28327252	16	AG
1	28327677	425	CT
1	28327703	26	AG
1	28327776	73	CT
1	28327932	156	TG
1	28327976	44	GA
1	28328976	657	CT
1	28329111	135	AG
1	28329773	537	CT
1	28329882	109	GA
1	28329990	108	CT
1	28330307	317	AG
1	28337636	6287	GA
1	28337719	83	AC
1	28337878	159	GA
1	28338031	153	CG
1	28338174	143	AG
1	28338835	661	CT
1	28339139	304	GA
1	28339310	61	CG
1	28340047	596	CT
1	28340100	53	AG
1	28340350	250	TC
1	28340393	43	GA
1	28340589	196	AG
1	28340597	8	AT
1	28341448	584	AG
1	28341859	411	GT
1	28341948	89	TC
1	28342164	149	GA
1	28342508	344	AG
1	28342655	147	GA
1	28342739	84	AG
1	28342776	37	GA
1	28342788	12	GA
1	28342798	10	GA
1	28342838	40	AG
1	28342982	144	AG
1	28343066	84	TC
1	28343092	26	AG
1	28344030	938	GA
1	28344528	498	CG
1	28344678	150	TG
1	28344691	13	AT
1	28344923	146	CG
1	28345254	331	GC
1	28351151	599	CA
1	28351207	56	GC
1	28351432	225	TC
1	28351529	97	AG
1	28351537	8	AC
1	28351546	9	CT
1	28351659	113	CT
1	28351660	1	GA
1	28351715	55	AG
1	28351877	162	TC
1	28352106	229	AT
1	28352225	119	GT
1	28352287	62	TC
1	28352821	264	GT
1	28352828	7	CT
1	28353148	320	GA
1	28353510	362	CA
1	28353647	137	CT
1	28353712	65	GA
1	28353795	83	AG
1	28353944	149	GC
1	28353990	46	GA
1	28354200	210	AG
1	28354212	12	TG
1	28354233	21	GA
1	28354436	203	TG
1	28354472	36	GA
1	28354491	19	GC
1	28354679	188	CT
1	28354787	108	AG
1	28354970	183	TC
1	28355018	48	GT
1	28355036	18	GC
1	28355135	99	TC
1	28355273	138	TC
1	28355344	71	GT
1	28368444	9178	AG
1	28368450	6	GA
1	28371037	2147	AG
1	28371652	496	TC
1	28371673	21	AG
1	28371677	4	AG
1	28371715	38	TC
1	28371750	35	CG
1	28372144	394	GA
1	28372548	404	AG
1	28373036	131	CA
1	28373350	198	GA
1	28373508	158	AG
1	28373525	17	CT
1	28373915	63	CA
1	28374512	490	CT
1	28374845	333	AG
1	28375067	222	AG
1	28376063	996	GA
1	28376489	281	GA
1	28376542	53	AT
1	28376596	54	TA
1	28377025	429	AC
1	28383366	597	CT
1	28383584	218	GA
1	28383591	7	CT
1	28383848	257	CT
1	28383904	56	CT
1	28383943	39	AG
1	28384001	58	CT
1	28384019	18	TG
1	28385435	1220	CT
1	28387000	1045	CT
1	28387698	237	CT
1	28388362	640	TC
1	28388467	105	TC
1	28389034	567	GT
1	28389148	114	CT
1	28389214	66	CT
1	28389239	25	TC
1	28389346	107	GA
1	28389549	203	GA
1	28389555	6	GA
1	28390376	591	TC
1	28390424	48	CA
1	28391024	545	CT
1	28392006	964	CT
1	28392025	19	TC
1	28392065	40	GA
1	28392153	88	CT
1	28392756	322	TC
1	28392806	50	CT
1	28392830	24	AG
1	28392861	31	GA
1	28393379	457	GA
1	28393508	129	TG
1	28393518	10	TC
1	28393531	13	AG
1	28393585	54	GA
1	28393692	107	CT
1	28393791	99	TC
1	28393862	71	AG
1	28394039	177	GC
1	28394128	89	CT
1	28394361	233	GA
1	28394388	27	TG
1	28395207	549	GA
1	28395375	168	GA
1	28397083	880	AG
1	28397489	293	TC
1	28397503	14	TC
1	28397657	154	TC
1	28398552	870	AG
1	28398578	26	CT
1	28398674	96	CT
1	28398985	311	CA
1	28399000	15	GT
1	28400344	824	TC
1	28400419	75	CT
1	28400740	287	GA
1	28400762	22	GA
1	28400780	18	GC
1	28400803	23	GA
1	28401154	351	AG
1	28401422	118	GA
1	28401474	52	GA
1	28401545	71	GA
1	28403683	1936	AG
1	28403883	200	CT
1	28405335	1312	GA
1	28405494	159	GA
1	28412966	5484	TC
1	28427021	11866	CT
1	28427166	145	CT
1	28427782	521	AG
1	28432935	4603	CG
1	28433143	134	GT
1	28433198	55	CT
1	28434612	1198	TC
1	28436340	1099	AG
1	28436714	374	GT
1	28437381	667	AC
1	28438031	590	GA
1	28439102	802	CT
1	28439157	55	TC
1	28441932	2010	AG
1	28442037	105	GA
1	28442487	112	GA
1	28442509	22	CT
1	28443595	692	TC
1	28443642	47	AG
1	28443957	315	GT
1	28444288	331	GA
1	28444810	522	AG
1	28444844	34	AG
1	28444855	11	TC
1	28444967	112	CT
1	28444982	15	GA
1	28445377	395	TG
1	28445905	528	TC
1	28445970	65	GC
1	28446016	46	TG
1	28447710	1236	TA
1	28449236	1002	GC
1	28449486	250	TC
1	28450097	611	AG
1	28450156	59	GT
1	28450163	7	TG
1	28450418	42	TC
1	28451581	1008	GA
1	28451895	314	GA
1	28451937	42	GA
1	28452091	154	TC
1	28452708	345	GA
1	28455540	2740	GA
1	28456462	797	AG
1	28458813	2027	TC
1	28459094	281	TC
1	28459247	153	TG
1	28459618	275	CG
1	28459694	76	GA
1	28459764	70	AT
1	28459999	193	TC
1	28460507	194	CT
1	28460587	80	TC
1	28460636	49	CG
1	28461842	1051	CG
1	28462002	160	CT
1	28463309	237	GC
1	28463415	106	CG
1	28463450	35	CA
1	28463465	15	TC
1	28464409	629	TC
1	28464800	391	TC
1	28464830	30	TC
1	28464949	119	TC
1	28465709	540	CT
1	28465877	168	TC
1	28465890	13	GT
1	28465934	44	CG
1	28465960	26	CA
1	28465987	27	TC
1	28466063	76	CT
1	28466122	59	TA
1	28466240	118	GC
1	28466382	142	AG
1	28467028	507	CT
1	28467093	65	TC
1	28467123	30	TC
1	28467550	259	GA
1	28469114	1310	AG
1	28469368	138	GC
1	28469628	206	GA
1	28469633	5	AG
1	28470606	846	CT
1	28470611	5	CT
1	28470989	378	AG
1	28471571	451	GA
1	28471863	292	GA
1	28472026	163	TC
1	28472046	20	GA
1	28472654	589	TC
1	28473209	555	CT
1	28474548	1166	AG
1	28475296	591	CT
1	28475717	421	GA
1	28476249	532	CT
1	28478481	2071	GA
1	28478991	510	AT
1	28479018	27	AG
1	28479157	139	TC
1	28479189	32	AT
1	28479490	301	TC
1	28479658	168	CT
1	28480532	721	CA
1	28480617	85	AG
1	28480944	272	GC
1	28481062	118	TC
1	28481077	15	AT
1	28481411	259	CT
1	28482032	111	AG
1	28482221	189	CT
1	28482438	217	CA
1	28482543	105	AT
1	28482572	29	TA
1	28482612	40	AC
1	28483493	480	CT
1	28483716	223	CA
1	28483866	150	TC
1	28483896	30	GA
1	28483921	25	GA
1	28483960	39	GA
1	28484005	45	TC
1	28484184	179	TG
1	28484194	10	GA
1	28484211	17	TG
1	28484238	27	AG
1	28484388	150	TC
1	28484608	220	CT
1	28484647	39	CG
1	28484666	19	CT
1	28484915	112	CG
1	28484954	39	GA
1	28485477	523	GA
1	28485498	21	CT
1	28485857	359	GA
1	28486074	217	TC
1	28486096	22	CA
1	28486097	1	CA
1	28486206	109	AC
1	28486234	28	GC
1	28486356	122	TC
1	28486420	64	TC
1	28487002	258	TC
1	28504282	13193	CT
1	28505851	1284	CG
1	28509405	2399	CA
1	28512630	2630	GA
1	28516908	2502	TC
1	28517089	181	TC
1	28522748	4788	CA
1	28523193	235	TC
1	28523502	309	AC
1	28523689	187	AG
1	28523874	185	GA
1	28523966	92	GA
1	28524475	162	TC
1	28524523	48	CT
1	28524581	58	AC
1	28524645	64	CT
1	28524677	32	AT
1	28525248	476	CT
1	28526470	1124	TA
1	28526474	4	AG
1	28526848	111	CG
1	28526923	75	AT
1	28529495	1727	GA
1	28529990	397	TC
1	28530413	423	AG
1	28530631	218	AG
1	28531154	327	AG
1	28532042	627	TC
1	28532815	719	TC
1	28532864	49	GA
1	28532933	69	CT
1	28533382	449	GA
1	28533386	4	GC
1	28533418	32	GA
1	28533582	164	AC
1	28533616	34	TC
1	28533807	191	GA
1	28533851	44	CT
1	28533969	118	CA
1	28534241	272	GA
1	28534429	188	CT
1	28537341	2429	CT
1	28538194	730	GA
1	28538827	633	GA
1	28538932	105	GA
1	28539466	212	AG
1	28539628	162	CT
1	28539631	3	GA
1	28541082	1000	CG
1	28541153	71	AG
1	28542602	1139	AG
1	28542896	294	GA
1	28543449	143	GA
1	28543540	91	TC
1	28543898	358	TC
1	28543994	96	GA
1	28544091	97	CA
1	28544253	162	TC
1	28544266	13	AG
1	28544324	58	CT
1	28544353	29	GA
1	28544361	8	GT
1	28544446	85	TC
1	28544650	204	AG
1	28545531	881	GT
1	28546105	363	AG
1	28546798	384	CT
1	28546871	73	CG
1	28548543	340	CT
1	28552553	1466	CT
1	28553966	1366	AT
1	28555688	1722	AG
1	28555720	32	AG
1	28556343	598	GA
1	28556511	168	CT
1	28556678	167	GA
1	28556704	26	GC
1	28557074	370	GA
1	28557192	118	AG
1	28558462	768	AG
1	28559385	762	TC
1	28560355	558	TC
1	28560433	78	AG
1	28560446	13	TG
1	28560478	32	GA
1	28561640	390	GA
1	28561648	8	CT
1	28561671	23	CT
1	28561819	148	GA
1	28561846	27	CT
1	28561974	128	GA
1	28562312	338	AG
1	28563249	908	CT
1	28563252	3	CT
1	28563308	56	AC
1	28569859	4659	TC
1	28570152	293	AC
1	28570232	80	TC
1	28570234	2	GT
1	28571099	865	CT
1	28571316	217	AG
1	28571327	11	CT
1	28571333	6	AG
1	28571572	239	CA
1	28571834	262	GT
1	28571893	59	CT
1	28571922	29	AG
1	28572001	79	GA
1	28572002	1	AT
1	28572090	88	GC
1	28572148	58	AG
1	28572259	111	AG
1	28572426	167	GA
1	28572794	368	AG
1	28573147	353	TC
1	28573154	7	TA
1	28573175	21	CT
1	28573281	106	CT
1	28573467	186	GA
1	28573474	7	CT
1	28573505	31	CT
1	28574048	135	GA
1	28574883	835	CT
1	28575114	231	TC
1	28575160	46	TC
1	28576969	1306	CA
1	28577509	540	CG
1	28579955	556	CT
1	28581913	1627	GA
1	28583882	854	TG
1	28584102	220	TC
1	28587884	3245	CA
1	28596796	8398	GA
1	28596917	121	TC
1	28603427	3250	AG
1	28603959	532	AG
1	28604586	627	CT
1	28604642	56	GC
1	28606380	1109	GA
1	28607526	666	AC
1	28607570	44	GA
1	28607623	53	CT
1	28607754	131	GA
1	28608148	58	AT
1	28608151	3	GT
1	28608387	236	CT
1	28608399	12	CT
1	28608487	88	TC
1	28608501	14	GT
1	28608611	34	GA
1	28608684	73	CG
1	28608723	39	GT
1	28608972	108	AC
1	28608995	23	GT
1	28608999	4	AG
1	28609027	28	CT
1	28609240	213	TG
1	28609738	498	GA
1	28610328	426	CT
1	28610401	73	GA
1	28610554	111	GC
1	28610984	430	CT
1	28611230	246	CT
1	28611236	6	GT
1	28611261	25	GA
1	28611276	15	GA
1	28611294	18	GA
1	28611317	23	CT
1	28611387	70	GA
1	28611413	26	CT
1	28611483	70	TC
1	28611486	3	GA
1	28611493	7	CA
1	28611631	138	CT
1	28611664	33	AG
1	28611665	1	AC
1	28611695	30	TG
1	28612056	361	GA
1	28612426	370	CG
1	28612878	452	TC
1	28612918	40	AG
1	28613025	107	TA
1	28613406	381	CT
1	28613588	182	GA
1	28613767	179	AG
1	28613802	35	GA
1	28614037	68	AG
1	28614049	12	CA
1	28614274	225	AG
1	28614663	389	GA
1	28614664	1	GC
1	28614705	41	CT
1	28615115	364	CT
1	28615185	70	CT
1	28615233	48	AG
1	28615253	20	CT
1	28615272	19	GA
1	28615377	105	AG
1	28615634	257	AG
1	28615670	36	GA
1	28616510	840	GC
1	28616613	103	CT
1	28616817	204	GA
1	28618425	1353	CT
1	28620497	2012	GT
1	28622649	632	CA
1	28623252	603	CT
1	28623282	30	GA
1	28623316	34	CA
1	28623563	247	TA
1	28624259	394	CT
1	28624734	475	CT
1	28625499	686	CT
1	28625554	55	AG
1	28625930	34	TC
1	28625982	52	CT
1	28626083	101	CT
1	28626089	6	GA
1	28626183	94	GA
1	28626288	105	TC
1	28626323	35	CA
1	28626547	145	GA
1	28626615	68	GC
1	28626812	197	TC
1	28626879	67	GA
1	28627881	511	TC
1	28627915	34	TC
1	28627983	68	TC
1	28628181	198	CT
1	28628198	17	CT
1	28628201	3	GA
1	28628222	21	TG
1	28628252	30	TA
1	28628270	18	GT
1	28628280	10	CT
1	28628294	14	CT
1	28628329	35	CA
1	28628394	65	TA
1	28628396	2	GA
1	28628415	19	GA
1	28630676	407	GA
1	28630716	40	CT
1	28630830	114	AG
1	28631040	210	AC
1	28631157	117	GC
1	28631229	72	AT
1	28631269	40	CT
1	28631300	31	CG
1	28631332	32	GT
1	28631413	81	GA
1	28631648	235	AG
1	28631797	149	TC
1	28632148	351	GA
1	28632416	268	GA
1	28632454	38	GA
1	28632510	56	GA
1	28632861	351	TC
1	28632908	47	CT
1	28633073	165	GA
1	28633083	10	CT
1	28633927	799	AG
1	28634300	373	TA
1	28636475	357	GA
1	28636477	2	GT
1	28636965	488	GT
1	28636977	12	AG
1	28637066	89	AG
1	28637078	12	GC
1	28637195	52	AG
1	28637231	36	TC
1	28637669	419	CA
1	28637674	5	CT
1	28638739	954	TC
1	28640018	1131	CG
1	28642857	1764	GA
1	28644626	1139	GA
1	28644647	21	CG
1	28645104	457	AT
1	28645145	41	TC
1	28645407	262	CT
1	28645413	6	GA
1	28645490	77	AG
1	28645980	208	TC
1	28646066	86	GA
1	28646248	161	CG
1	28646305	57	GA
1	28646313	8	CT
1	28646402	89	TC
1	28646409	7	TC
1	28646584	120	GA
1	28646813	229	GA
1	28646953	140	CA
1	28647055	102	AG
1	28647296	241	GA
1	28647327	31	TG
1	28647329	2	TC
1	28647344	15	CT
1	28647346	2	GA
1	28647426	80	AT
1	28647509	83	TC
1	28647510	1	GA
1	28647531	21	TC
1	28647562	31	CG
1	28648026	440	GA
1	28648185	159	GA
1	28648280	95	CT
1	28648325	45	TC
1	28648613	288	CG
1	28649068	382	TC
1	28649477	409	CG
1	28649747	270	AG
1	28649762	15	TC
1	28649820	58	TC
1	28650051	143	TC
1	28650059	8	CA
1	28650068	9	TC
1	28650387	319	GA
1	28650422	35	CT
1	28650430	8	TC
1	28650484	54	TC
1	28650543	59	AT
1	28650561	18	TC
1	28650573	12	CA
1	28651322	749	TC
1	28651435	113	TG
1	28651473	38	AG
1	28651598	125	AG
1	28651681	83	TC
1	28651907	226	TC
1	28651977	70	GA
1	28652064	87	GA
1	28653020	956	TG
1	28653098	78	GC
1	28653213	115	AG
1	28653235	22	GA
1	28653271	36	TC
1	28653290	19	AG
1	28653543	253	AG
1	28653762	219	CG
1	28654921	1159	GA
1	28655345	424	CG
1	28655953	514	CT
1	28657197	909	CT
1	28657918	721	GA
1	28658671	403	GA
1	28658917	246	GA
1	28659010	93	GA
1	28659020	10	AC
1	28659054	34	CT
1	28659164	110	GC
1	28659529	264	CT
1	28660932	1403	CT
1	28661105	173	CT
1	28661262	157	GA
1	28661268	6	GA
1	28662784	1267	AT
1	28663417	633	TG
1	28663556	139	CT
1	28664663	1027	CA
1	28664713	50	CT
1	28664910	197	CT
1	28665217	307	AC
1	28665396	179	CT
1	28665715	319	GA
1	28665741	26	TC
1	28666517	716	CT
1	28666800	283	CT
1	28675629	4345	GA
1	28675772	143	AC
1	28676290	418	TC
1	28676435	145	CG
1	28677161	475	GT
1	28677264	103	AG
1	28678169	641	CT
1	28678294	125	CT
1	28678556	262	CT
1	28678800	244	AG
1	28678856	56	AC
1	28679071	215	GT
1	28679374	303	GT
1	28680005	631	TC
1	28680026	21	GA
1	28680863	837	CT
1	28681839	922	GA
1	28682254	282	GC
1	28682594	340	GA
1	28682627	33	GT
1	28683053	313	TC
1	28683805	432	TG
1	28685211	878	AG
1	28687734	1114	CT
1	28687851	117	AG
1	28688642	394	TC
1	28688673	31	AG
1	28688781	108	GA
1	28688844	63	GC
1	28689155	311	TC
1	28689484	329	AG
1	28690845	1285	CT
1	28692099	1254	CG
1	28693204	361	CT
1	28694056	447	CA
1	28694092	36	AG
1	28694331	239	TA
1	28694846	515	CT
1	28697266	2176	CT
1	28698723	1360	GA
1	28701993	2640	AG
1	28702078	85	TC
1	28710648	5060	GA
1	28710738	90	GA
1	28711930	1192	AC
1	28714146	2216	CT
1	28714415	269	TG
1	28715532	807	AG
1	28719728	3154	TC
1	28720100	372	AG
1	28721146	970	TA
1	28721148	2	CT
1	28721164	16	TC
1	28721214	50	TG
1	28721283	69	GA
1	28721479	196	TG
1	28721564	85	TG
1	28721751	187	TG
1	28721824	73	GA
1	28721827	3	CT
1	28721936	109	CG
1	28722188	252	TC
1	28722243	55	TC
1	28722365	122	AG
1	28722376	11	CT
1	28722431	55	CT
1	28724074	1643	AC
1	28724467	393	GA
1	28724691	224	AG
1	28724905	214	TC
1	28724979	74	AG
1	28725143	164	GA
1	28725640	497	CG
1	28725713	73	CT
1	28726180	467	AG
1	28726314	58	AT
1	28726327	13	CA
1	28726336	9	CT
1	28727191	821	GA
1	28727201	10	CT
1	28727260	59	TA
1	28727303	43	TC
1	28727793	490	GA
1	28728720	927	GC
1	28728767	47	CT
1	28730386	1164	GA
1	28731260	605	CT
1	28734344	2311	TG
1	28734434	90	GA
1	28734826	392	CG
1	28735277	361	GA
1	28735351	74	GA
1	28735680	329	TC
1	28735723	43	CT
1	28735888	165	TC
1	28735984	96	CT
1	28736869	651	GA
1	28736875	6	GA
1	28736942	67	GA
1	28736945	3	GT
1	28737084	139	CT
1	28737144	24	AG
1	28737153	9	TC
1	28737164	11	GA
1	28737167	3	CT
1	28737169	2	AG
1	28737273	104	GA
1	28737460	187	AG
1	28737636	176	GA
1	28737761	125	CT
1	28738483	643	GA
1	28738542	59	AC
1	28738586	44	GA
1	28738979	258	CT
1	28739125	125	AG
1	28739246	121	GA
1	28739414	168	GC
1	28739441	27	CT
1	28739647	127	GA
1	28739687	40	CT
1	28741978	1217	CT
1	28743377	427	TC
1	28747039	3032	GT
1	28747490	305	CT
1	28749583	1627	GA
1	28749628	45	CG
1	28751261	1428	CG
1	28752946	1635	TG
1	28753949	547	CT
1	28754183	234	AG
1	28756352	1976	TG
1	28756940	467	TC
1	28757403	463	CT
1	28758373	687	CT
1	28759512	600	GA
1	28760058	546	TC
1	28760079	21	GA
1	28760110	31	GA
1	28760195	85	GC
1	28760255	60	GT
1	28760689	434	GA
1	28761204	140	GA
1	28761558	354	GA
1	28762059	501	TG
1	28762200	141	TC
1	28762285	85	TC
1	28762890	418	AG
1	28763346	456	GA
1	28764194	848	CG
1	28764296	102	AT
1	28764298	2	CT
1	28764299	1	GT
1	28765044	669	GA
1	28765480	207	CT
1	28766485	974	CT
1	28766716	231	CA
1	28766904	188	TG
1	28767387	483	CT
1	28769197	1810	TC
1	28769373	176	AC
1	28770050	508	GA
1	28770199	149	TC
1	28770435	236	CT
1	28770477	42	GT
1	28770915	438	AC
1	28771561	646	AG
1	28771952	215	CT
1	28772172	220	CT
1	28772274	28	CT
1	28772335	61	TC
1	28772363	28	GA
1	28772382	19	AG
1	28772423	41	CT
1	28772447	24	CA
1	28772595	148	TG
1	28772735	140	GA
1	28772739	4	TA
1	28772807	68	CG
1	28772919	112	AG
1	28772921	2	CT
1	28772960	39	GT
1	28773042	82	GA
1	28773426	384	AG
1	28773590	164	TC
1	28773606	16	GA
1	28773697	91	TC
1	28773701	4	GA
1	28773822	121	AG
1	28773919	97	AG
1	28773956	37	AG
1	28774018	62	GA
1	28774040	22	TC
1	28774243	119	AG
1	28774553	88	TC
1	28774627	19	GA
1	28774674	47	GA
1	28775072	170	TC
1	28775556	484	CT
1	28775763	207	CT
1	28777575	1163	AG
1	28777845	270	GA
1	28778029	184	TG
1	28778094	65	AG
1	28778381	237	CA
1	28778382	1	AG
1	28778456	74	GA
1	28778527	71	AC
1	28778537	10	GA
1	28778628	91	AC
1	28779387	709	GA
1	28779509	122	TC
1	28780031	522	TC
1	28780138	107	GC
1	28780672	486	AG
1	28786206	3704	AG
1	28786467	261	TC
1	28786603	136	GA
1	28788687	1632	AG
1	28788706	19	AG
1	28789092	386	GA
1	28789108	16	GA
1	28789161	53	GC
1	28789257	96	CT
1	28789278	21	GA
1	28789852	393	GC
1	28790125	273	TC
1	28791714	951	CA
1	28791844	93	CA
1	28791892	48	CT
1	28791893	1	AG
1	28792019	126	AG
1	28792404	340	GA
1	28792491	87	CT
1	28792695	204	CA
1	28792775	80	CT
1	28793071	246	TA
1	28793116	45	AG
1	28793334	218	CA
1	28793345	11	GC
1	28793686	341	AG
1	28793695	9	GA
1	28793715	20	CG
1	28793783	68	TC
1	28794105	240	GT
1	28794491	263	TC
1	28795205	665	AG
1	28795630	425	AG
1	28796356	679	CT
1	28796361	5	CT
1	28796846	485	AG
1	28797042	196	GA
1	28798638	1283	TA
1	28798728	90	CA
1	28798765	37	CG
1	28798813	48	TG
1	28798907	94	CT
1	28799410	503	CT
1	28800232	805	CT
1	28801340	724	CG
1	28801414	74	CT
1	28801826	412	AG
1	28803854	1068	AG
1	28804414	317	AG
1	28804433	19	CT
1	28804443	10	AC
1	28804623	180	GA
1	28804698	75	CT
1	28805924	460	GT
1	28807103	797	CT
1	28807140	37	TC
1	28807179	39	GA
1	28807427	248	GA
1	28807717	290	CT
1	28808035	318	AG
1	28808425	205	GT
1	28808617	192	CT
1	28809130	465	AG
1	28809388	219	AG
1	28809603	215	GT
1	28809784	181	TG
1	28809854	70	CT
1	28809897	43	CT
1	28810153	151	AG
1	28810157	4	CT
1	28810449	242	CT
1	28810505	56	CT
1	28811472	967	AC
1	28811765	161	TC
1	28811991	226	TC
1	28812167	176	GT
1	28812784	617	TC
1	28813335	551	GC
1	28814090	755	AG
1	28814092	2	AG
1	28814503	411	TG
1	28815196	652	GA
1	28815246	50	GA
1	28815387	141	AC
1	28815629	242	CT
1	28815649	20	TG
1	28815653	4	TC
1	28815673	20	TC
1	28815702	29	GT
1	28815797	95	AG
1	28815843	46	GA
1	28815872	29	TC
1	28816340	468	CG
1	28816389	49	CT
1	28816471	82	TC
1	28816727	47	CG
1	28816842	115	GA
1	28816946	104	GA
1	28817356	410	CA
1	28817412	56	AG
1	28817534	122	AG
1	28819374	1739	TA
1	28819582	208	GA
1	28819590	8	CT
1	28820532	621	AC
1	28823210	2135	CT
1	28823330	120	AG
1	28823374	44	GT
1	28823591	217	AG
1	28823864	273	CT
1	28824062	198	CT
1	28824326	204	CT
1	28824450	124	TC
1	28824475	25	GA
1	28824726	251	TC
1	28824766	40	TC
1	28826227	304	AC
1	28826237	10	CT
1	28826446	209	CT
1	28826454	8	TA
1	28826519	65	AG
1	28826525	6	GT
1	28826709	184	AG
1	28826720	11	AG
1	28826813	93	GA
1	28826980	167	GA
1	28827011	31	CT
1	28827418	407	AT
1	28827557	40	CT
1	28827598	41	CT
1	28828228	224	GT
1	28828265	37	GA
1	28828273	8	TA
1	28828345	72	TC
1	28828526	51	CG
1	28829208	280	AT
1	28830236	732	GC
1	28830315	79	TA
1	28830912	597	CT
1	28831125	213	GA
1	28831489	316	GA
1	28831529	40	AC
1	28831653	124	GA
1	28832298	645	CT
1	28834301	1707	TA
1	28834368	67	TA
1	28835154	537	GA
1	28835210	56	AC
1	28836168	958	AG
1	28836310	142	GA
1	28837435	523	GA
1	28837632	197	CG
1	28837737	105	CT
1	28837835	98	CG
1	28838237	402	CT
1	28839319	924	CT
1	28839608	57	GA
1	28841066	929	GA
1	28841327	38	GA
1	28841845	518	GA
1	28841936	91	AC
1	28842633	539	CT
1	28842889	225	CT
1	28843407	328	GA
1	28843498	91	GC
1	28843680	182	CT
1	28843835	155	GA
1	28843838	3	CT
1	28843959	121	GA
1	28845297	1170	GA
1	28845638	341	TC
1	28845748	110	TC
1	28845840	92	GA
1	28846302	431	GA
1	28847093	707	GT
1	28847216	123	CT
1	28847437	191	CT
1	28847439	2	CT
1	28847821	382	TC
1	28847902	81	AT
1	28847917	15	CT
1	28848100	183	GC
1	28848143	43	CT
1	28848203	60	CT
1	28848581	357	GA
1	28848946	365	GA
1	28849166	220	CA
1	28849343	177	GA
1	28849544	201	GA
1	28850807	1103	CT
1	28851198	391	GA
1	28852026	386	GT
1	28853027	631	GT
1	28853268	241	GA
1	28853421	153	GC
1	28854092	671	GA
1	28854285	193	CA
1	28854612	327	CT
1	28854680	68	AG
1	28854728	48	GA
1	28854940	212	CT
1	28854964	24	TC
1	28857012	1060	TC
1	28857185	173	AG
1	28857201	16	TA
1	28857397	196	CT
1	28857813	233	TA
1	28857836	23	GA
1	28858337	501	GA
1	28858600	263	GA
1	28858624	24	AG
1	28859135	60	TC
1	28862662	2736	GA
1	28865297	2118	AC
1	28865319	22	TC
1	28866475	1055	CT
1	28867457	808	AG
1	28870081	1991	TC
1	28870350	269	AC
1	28877364	5639	CG
1	28878590	1226	CT
1	28881240	2365	GA
1	28881598	314	CT
1	28882264	666	GA
1	28882297	33	GT
1	28882413	116	GA
1	28882426	13	CG
1	28883017	282	GA
1	28883132	115	TA
1	28884399	536	GA
1	28884955	556	TC
1	28885268	313	GT
1	28886356	627	CT
1	28886757	401	GC
1	28886969	212	GA
1	28886992	23	TG
1	28893782	5151	CT
1	28894349	567	AG
1	28894411	62	AG
1	28894523	112	AG
1	28895052	422	AG
1	28895873	762	TC
1	28895968	95	CT
1	28896407	242	GA
1	28896539	132	AG
1	28897460	871	CT
1	28898252	547	AG
1	28898287	35	CT
1	28898720	218	AG
1	28898766	46	CT
1	28900235	712	AG
1	28907084	5972	CT
1	28908372	1108	GA
1	28908896	524	AC
1	28908930	34	CT
1	28909118	188	AG
1	28909248	130	GA
1	28909317	69	CT
1	28909388	71	CT
1	28909416	28	AG
1	28909435	19	TC
1	28909712	204	GA
1	28909827	115	GA
1	28910053	226	GA
1	28910087	34	TC
1	28910398	311	TC
1	28910496	98	CG
1	28912013	307	GA
1	28912266	253	TC
1	28912333	67	AG
1	28912789	456	AG
1	28913138	349	GA
1	28913222	84	CT
1	28913333	111	GT
1	28916630	2408	CT
1	28916640	10	CT
1	28919723	2328	CT
1	28919945	222	GA
1	28920410	465	AG
1	28920497	87	AC
1	28920594	97	GA
1	28921136	520	TG
1	28921825	689	CT
1	28921833	8	CT
1	28924143	2171	CG
1	28924298	155	CG
1	28925897	1532	TC
1	28927671	1728	AG
1	28932303	4163	GT
1	28933169	648	AG
1	28934052	883	TC
1	28934310	258	GA
1	28934636	238	TC
1	28935087	451	TC
1	28935275	188	GC
1	28936486	734	TC
1	28936507	21	GA
1	28936835	47	GA
1	28937042	207	GC
1	28937296	254	GA
1	28937328	32	TC
1	28937348	20	CT
1	28937349	1	AG
1	28937449	100	CT
1	28937480	31	CT
1	28937780	300	AG
1	28937801	21	TC
1	28937945	144	TA
1	28938011	66	CT
1	28938799	788	GA
1	28939320	283	TC
1	28940133	729	CT
1	28940457	324	TC
1	28940813	356	TC
1	28940916	103	CG
1	28941855	911	AG
1	28945814	3769	TC
1	28947148	1151	GC
1	28948248	886	GA
1	28948305	57	TG
1	28948315	10	CT
1	28948406	91	AG
1	28948453	47	AT
1	28948579	126	AG
1	28948655	76	TG
1	28948710	55	TC
1	28948849	139	GA
1	28949492	643	GA
1	28951523	1683	CT
1	28952114	591	CA
1	28954806	2608	AT
1	28955262	456	GA
1	28955518	256	AG
1	28956627	755	TC
1	28957840	1213	TC
1	28959046	1110	GA
1	28960249	803	GA
1	28961075	826	GA
1	28964993	3766	GC
1	28965048	55	GT
1	28965068	20	AT
1	28969923	4767	CT
1	28970207	284	AG
1	28970307	100	AG
1	28972261	1339	CT
1	28978656	6138	CT
1	28978700	44	CT
1	28980862	1917	CT
1	28981096	234	AG
1	28981667	512	CT
1	28981786	119	AG
1	28982207	325	GA
1	28982499	292	GA
1	28984286	1554	AC
1	28985214	928	AT
1	28985327	113	CT
1	28991455	4759	AG
1	28993740	2099	AG
1	28994007	126	GA
1	28999752	4677	CT
1	28999831	79	GA
1	29000136	305	TC
1	29000251	115	GA
1	29000594	228	TC
1	29000923	329	TC
1	29000962	39	TC
1	29001047	85	CT
1	29004924	2073	CT
1	29005114	190	GA
1	29005801	483	CT
1	29006783	982	AT
1	29007616	833	CT
1	29007650	34	TC
1	29007751	101	TG
1	29008026	68	GA
1	29008114	88	GA
1	29008182	68	GA
1	29009028	606	GA
1	29009229	201	CT
1	29009637	377	CT
1	29010829	1033	AC
1	29011162	333	AG
1	29011212	50	TC
1	29011267	55	CT
1	29011419	152	GA
1	29011906	487	GA
1	29012046	140	GA
1	29012074	28	TC
1	29012410	336	GA
1	29012472	62	CT
1	29012880	408	CT
1	29013053	173	GA
1	29013232	179	TC
1	29013297	65	TC
1	29013569	272	TC
1	29013988	136	GA
1	29014079	91	CA
1	29014092	13	AG
1	29014127	35	AT
1	29014139	12	AG
1	29014258	119	AG
1	29014462	204	AC
1	29015045	332	GA
1	29017482	390	GC
1	29018475	420	TC
1	29019881	321	AT
1	29020025	144	AC
1	29020148	42	CT
1	29020252	104	GT
1	29023277	644	GA
1	29023502	225	CA
1	29024841	170	CA
1	29025187	346	GA
1	29025637	450	GA
1	29030131	1750	TG
1	29030225	94	TG
1	29031090	865	GA
1	29031810	644	AT
1	29032295	485	GA
1	29032367	72	CT
1	29032873	506	CT
1	29033421	548	CT
1	29033543	122	GA
1	29034274	731	TC
1	29034346	72	AG
1	29035202	816	TC
1	29035273	71	CA
1	29035274	1	AG
1	29038470	2757	CT
1	29038580	110	CT
1	29038593	13	CT
1	29038915	322	AG
1	29039371	345	AG
1	29041184	1629	GA
1	29042939	1368	GA
1	29043207	268	AG
1	29043304	97	CT
1	29043730	426	GA
1	29043931	201	TC
1	29045185	1254	GA
1	29045370	185	CG
1	29045770	400	CT
1	29046050	280	GA
1	29046228	178	AG
1	29047720	946	AG
1	29048420	531	AC
1	29048681	261	GA
1	29048949	268	GA
1	29050524	1575	TC
1	29050875	297	AG
1	29050881	6	GA
1	29051011	130	TC
1	29052400	958	TC
1	29052472	72	CT
1	29053609	588	CT
1	29053782	173	GA
1	29053826	44	CT
1	29054215	389	GA
1	29054337	122	TC
1	29054659	109	TC
1	29054783	124	CA
1	29055130	278	GT
1	29055826	422	AG
1	29055905	79	AG
1	29056508	603	GT
1	29057442	934	AG
1	29058086	644	TG
1	29058155	69	TC
1	29058237	82	CT
1	29058549	312	GA
1	29058569	20	TC
1	29058596	27	CT
1	29058872	196	TC
1	29058894	22	CT
1	29059698	431	CT
1	29060188	490	TC
1	29060241	53	CG
1	29060319	78	CA
1	29060325	6	CT
1	29061875	824	AG
1	29061953	78	AG
1	29062124	171	GA
1	29062143	19	GA
1	29062425	282	GA
1	29063074	562	GA
1	29063658	584	AG
1	29075153	5617	CA
1	29077683	1872	GA
1	29079753	1687	GA
1	29079946	193	GA
1	29082605	2000	CT
1	29083757	963	GA
1	29089900	4130	CT
1	29090147	247	CT
1	29090150	3	TC
1	29090390	214	CG
1	29091155	376	AG
1	29091171	16	TC
1	29093754	2196	CT
1	29094975	695	GT
1	29101487	5134	CT
1	29102590	882	TC
1	29102599	9	CG
1	29103219	620	CA
1	29104379	829	GA
1	29104500	121	GA
1	29104852	305	GA
1	29105705	853	TC
1	29105855	150	CT
1	29107880	1258	GA
1	29107885	5	TC
1	29107926	41	TA
1	29108061	135	TC
1	29108115	54	CG
1	29108747	632	TC
1	29108762	15	GA
1	29109034	272	GA
1	29109109	75	AC
1	29109291	182	TC
1	29109359	68	AT
1	29109514	155	GA
1	29109624	110	AG
1	29109640	16	GA
1	29109708	68	GA
1	29110383	545	CG
1	29110387	4	AC
1	29110419	32	AT
1	29110949	484	CT
1	29111110	15	AG
1	29111121	11	GA
1	29111155	34	GA
1	29111494	94	AG
1	29112581	751	TC
1	29112661	80	TA
1	29112697	36	AT
1	29112766	69	AG
1	29112835	69	AG
1	29112949	114	GT
1	29113025	76	GA
1	29113233	208	CA
1	29113409	176	CG
1	29113410	1	AC
1	29113780	370	GA
1	29113785	5	CT
1	29114387	560	CA
1	29114410	23	GA
1	29114681	208	CT
1	29115297	579	CT
1	29116251	325	GA
1	29117065	200	AC
1	29118891	228	TC
1	29119575	258	AG
1	29121090	991	AG
1	29121500	410	AG
1	29121830	281	CT
1	29122309	414	TA
1	29122617	226	AT
1	29122700	83	CT
1	29122817	117	AT
1	29122964	147	CT
1	29123112	148	CT
1	29123299	187	CT
1	29123373	74	TC
1	29124223	662	CT
1	29125293	1070	CT
1	29125545	252	GT
1	29125921	376	CT
1	29126684	486	GA
1	29127109	425	GA
1	29127141	32	GC
1	29127381	240	CT
1	29128012	631	GA
1	29128258	246	AG
1	29128347	89	GA
1	29128383	36	CT
1	29129185	511	AG
1	29129544	316	CA
1	29129668	124	CT
1	29129705	37	TC
1	29129758	53	CT
1	29129779	21	CT
1	29131315	888	TC
1	29131404	89	CG
1	29131505	56	GC
1	29131546	41	CA
1	29132088	542	CG
1	29132892	378	GA
1	29133154	262	GA
1	29133313	159	AG
1	29134380	239	GA
1	29134800	420	AG
1	29134836	36	GC
1	29134982	146	GA
1	29135282	113	AG
1	29135585	239	AG
1	29135586	1	GA
1	29135612	26	CT
1	29136245	53	AT
1	29136260	15	GC
1	29136394	46	CA
1	29136803	409	TC
1	29137807	797	GA
1	29137918	111	GT
1	29138213	295	GA
1	29138308	95	CT
1	29138473	165	TG
1	29138575	102	AT
1	29138997	206	TC
1	29143670	3689	CT
1	29144263	593	CT
1	29144379	116	CA
1	29144859	443	GA
1	29145492	569	CA
1	29145844	352	TC
1	29146421	577	GC
1	29146436	15	GA
1	29146663	105	CT
1	29146934	271	TG
1	29147056	122	TC
1	29147177	121	CT
1	29147296	119	TC
1	29147429	133	CT
1	29147709	162	CA
1	29147718	9	TC
1	29148232	332	TC
1	29149486	438	GA
1	29149717	97	CG
1	29150125	261	GA
1	29150561	436	CA
1	29150596	35	AT
1	29150606	10	CA
1	29151293	636	CA
1	29152529	526	CT
1	29153303	722	GA
1	29153803	428	GT
1	29154157	354	CT
1	29154544	387	CT
1	29155416	720	AG
1	29155470	54	AG
1	29155564	94	CT
1	29155959	74	AT
1	29156135	176	GA
1	29157632	456	AC
1	29158291	659	AG
1	29158292	1	CT
1	29158486	194	AG
1	29158548	62	CT
1	29158806	166	CT
1	29158965	159	GT
1	29159166	88	CT
1	29159455	289	GA
1	29160914	572	CG
1	29160999	85	GA
1	29161357	358	CT
1	29161543	186	AG
1	29161675	132	GA
1	29161748	73	GA
1	29161996	248	CT
1	29162082	86	TC
1	29162101	19	TC
1	29162174	73	AG
1	29162183	9	AG
1	29162276	93	TC
1	29162311	35	AG
1	29162546	235	TC
1	29162783	218	AG
1	29163810	1006	CT
1	29163952	142	AC
1	29163953	1	AC
1	29164031	78	TA
1	29164036	5	AC
1	29164589	283	GC
1	29164989	400	CT
1	29166472	1239	AT
1	29167964	827	GA
1	29168524	560	AG
1	29168821	18	AG
1	29168830	9	CT
1	29169698	507	TC
1	29169717	19	GA
1	29169800	83	GA
1	29169887	87	TC
1	29170062	175	GA
1	29170149	87	GC
1	29170288	139	TG
1	29170811	292	AG
1	29170921	110	TC
1	29171281	360	AG
1	29171329	48	AG
1	29172104	513	CG
1	29172131	27	GA
1	29173219	967	GC
1	29173630	327	TC
1	29173659	29	TC
1	29173695	36	GC
1	29173741	46	CT
1	29174803	858	CT
1	29175224	172	TC
1	29177336	1326	GA
1	29177337	1	GA
1	29178005	329	GA
1	29184056	2101	GA
1	29187887	1856	AT
1	29188446	559	TC
1	29191831	2134	TC
1	29191870	39	AG
1	29191985	115	AG
1	29195684	2258	CT
1	29198838	2729	TC
1	29200263	1079	GA
1	29200268	5	GA
1	29201164	896	AG
1	29201186	22	CT
1	29201572	386	GC
1	29201755	183	CT
1	29201790	35	CG
1	29201800	10	AT
1	29202338	463	AG
1	29202445	107	CG
1	29202497	52	AG
1	29202586	89	CA
1	29202898	312	CT
1	29204226	1064	TC
1	29204309	83	TA
1	29204324	15	TC
1	29205549	382	TC
1	29207745	1997	CT
1	29207978	233	CG
1	29208554	449	CG
1	29214786	3162	AC
1	29214806	20	TC
1	29214811	5	CT
1	29216255	683	AT
1	29216987	732	GA
1	29217825	626	GA
1	29218186	235	GA
1	29219869	1307	TG
1	29220745	669	TG
1	29221051	271	TA
1	29221345	136	GA
1	29222906	1219	CA
1	29223162	187	TC
1	29223598	344	GC
1	29224432	478	TC
1	29227638	1353	AG
1	29230268	1341	AG
1	29230342	74	CT
1	29231828	718	AG
1	29232903	781	AG
1	29233682	779	AG
1	29238587	2384	GT
1	29239490	338	CT
1	29239521	31	GA
1	29239635	114	GA
1	29244710	982	GA
1	29253495	3087	GC
1	29254109	262	AG
1	29254362	253	TC
1	29260483	4739	TA
1	29261493	884	GA
1	29261567	74	GC
1	29262260	652	AG
1	29263177	917	GA
1	29263595	241	CA
1	29263606	11	TC
1	29263797	191	TC
1	29263951	154	CT
1	29264020	69	CT
1	29264114	94	AG
1	29264136	22	AG
1	29265215	514	GA
1	29265317	23	GT
1	29265690	373	TC
1	29266983	420	CA
1	29267047	64	CG
1	29267537	490	GC
1	29267808	106	CT
1	29268066	258	TC
1	29268356	290	TC
1	29268759	254	GC
1	29269695	725	CT
1	29270439	642	GA
1	29270449	10	GA
1	29270574	125	AC
1	29271883	348	TA
1	29271887	4	TG
1	29272363	38	CT
1	29272921	558	AG
1	29272994	73	GT
1	29273191	197	GA
1	29275872	1371	GA
1	29278092	1785	CT
1	29278422	330	TA
1	29281144	1404	TC
1	29286703	4290	CT
1	29286868	165	AG
1	29286882	14	AT
1	29287057	175	CT
1	29287198	141	CT
1	29287300	102	CG
1	29287351	51	CA
1	29287690	339	CT
1	29287786	96	CT
1	29287967	181	GA
1	29288583	482	AG
1	29289013	430	CT
1	29289051	38	GA
1	29289960	909	CT
1	29291413	1349	TC
1	29293782	2090	TC
1	29293844	62	AC
1	29293886	42	TC
1	29293922	36	AG
1	29293932	10	AG
1	29294349	417	AG
1	29294461	112	TC
1	29294876	415	GC
1	29294882	6	AG
1	29294923	41	AG
1	29295745	822	GA
1	29296285	540	AG
1	29296321	36	GC
1	29296389	68	GA
1	29297070	681	GA
1	29297170	100	TC
1	29297373	203	CT
1	29297857	484	GA
1	29297902	45	GA
1	29298256	354	CG
1	29298257	1	TC
1	29298328	71	GA
1	29298515	187	TA
1	29298516	1	CA
1	29298559	43	GA
1	29298836	277	CT
1	29298885	49	GA
1	29298921	36	AG
1	29298951	30	GA
1	29299898	873	TC
1	29300846	948	AG
1	29301332	486	GA
1	29301518	186	AG
1	29301600	82	CT
1	29301957	357	AC
1	29302016	59	TC
1	29302080	64	CG
1	29302549	469	TG
1	29302665	116	CT
1	29302846	181	TC
1	29303065	219	GA
1	29303116	51	CG
1	29303120	4	GA
1	29303529	220	CG
1	29303815	129	AG
1	29304278	139	TC
1	29304427	149	AG
1	29304484	57	CG
1	29304725	241	AG
1	29304764	39	AG
1	29304922	158	CT
1	29305045	123	CT
1	29305215	170	GC
1	29305452	237	GA
1	29305565	113	GA
1	29305688	123	CA
1	29305848	160	AG
1	29305934	86	TC
1	29306022	88	GC
1	29306565	217	AG
1	29306600	35	AG
1	29306997	397	CT
1	29307062	65	AG
1	29307149	87	TC
1	29307339	190	GA
1	29307345	6	TG
1	29307354	9	CT
1	29307375	21	GA
1	29307961	494	AG
1	29308117	156	AG
1	29308152	35	CT
1	29308217	65	CT
1	29308226	9	GA
1	29308358	132	GA
1	29308617	259	GT
1	29308699	82	CT
1	29308924	225	TG
1	29308925	1	CA
1	29308931	6	TC
1	29309194	263	CG
1	29309211	17	CT
1	29310254	1043	CT
1	29310709	455	TC
1	29314897	3850	GA
1	29316672	950	GC
1	29317163	429	TC
1	29317693	379	CT
1	29317752	59	TC
1	29318401	649	CT
1	29318595	194	TA
1	29319292	697	AG
1	29319716	424	GA
1	29319889	173	GA
1	29320742	853	CT
1	29320843	101	GC
1	29321144	301	GA
1	29321233	89	AG
1	29322037	445	TC
1	29322045	8	AG
1	29322161	116	CT
1	29322290	129	AG
1	29322358	68	TG
1	29322889	531	CT
1	29323411	209	CT
1	29324005	472	CT
1	29324795	357	GA
1	29324802	7	CT
1	29324945	143	GT
1	29325098	153	TC
1	29325160	62	TC
1	29325218	58	CT
1	29325286	68	AG
1	29325604	318	CT
1	29326651	612	CT
1	29326959	308	TC
1	29326984	25	GA
1	29327298	314	AT
1	29327357	59	CT
1	29327427	70	AG
1	29327459	32	AG
1	29327563	104	AG
1	29327845	282	GA
1	29327963	118	CT
1	29328517	554	GA
1	29328560	43	AT
1	29328925	365	AG
1	29328980	55	AC
1	29330071	1062	GA
1	29331972	1081	AC
1	29332477	505	GA
1	29334620	2036	CT
1	29389204	36864	GA
1	29406067	11686	AG
1	29424293	12709	TC
1	29425407	1114	GA
1	29425951	544	GA
1	29426607	425	AG
1	29426807	140	TC
1	29426808	1	CT
1	29429055	1349	CT
1	29429541	486	CT
1	29429643	102	CT
1	29429655	12	GA
1	29431818	1421	CT
1	29431836	18	GC
1	29436489	3580	CT
1	29438091	1537	GC
1	29438742	193	TC
1	29438789	47	CG
1	29438852	63	GA
1	29438853	1	TG
1	29439533	264	CG
1	29439534	1	AG
1	29439597	63	CT
1	29440143	361	AG
1	29440283	140	CG
1	29440391	108	CT
1	29440440	49	CT
1	29440475	35	GA
1	29440490	15	CT
1	29440497	7	CG
1	29440578	81	AG
1	29440788	210	GA
1	29440931	143	CT
1	29440939	8	GC
1	29440990	51	CA
1	29440991	1	AT
1	29441496	208	TC
1	29442063	211	AG
1	29442082	19	TG
1	29442112	30	GA
1	29442502	182	TC
1	29442507	5	TC
1	29442554	47	GA
1	29442555	1	AG
1	29442603	48	GA
1	29442859	256	GA
1	29442881	22	AG
1	29443605	570	CA
1	29444210	478	TG
1	29445237	732	CG
1	29445280	43	TA
1	29445356	76	TC
1	29445623	267	AG
1	29445824	201	TC
1	29445865	41	CG
1	29445908	43	CG
1	29445974	66	AG
1	29445977	3	CG
1	29446010	33	GA
1	29446372	362	GA
1	29446390	18	AC
1	29446414	24	AG
1	29446463	49	TG
1	29446464	1	CG
1	29446532	68	AG
1	29446706	174	AG
1	29446890	184	TC
1	29446892	2	CT
1	29447127	214	GA
1	29447269	142	TC
1	29447323	54	TC
1	29447340	17	GA
1	29447373	33	AG
1	29447806	433	GT
1	29447810	4	AG
1	29448079	269	TG
1	29448270	191	AC
1	29448379	109	AG
1	29448631	252	TC
1	29448674	43	CT
1	29449080	94	CA
1	29449122	42	TC
1	29449123	1	CT
1	29449257	134	CT
1	29452482	1760	AT
1	29455985	1659	CT
1	29456799	814	CT
1	29468648	3963	TC
1	29469111	463	GC
1	29469510	367	CT
1	29478747	5996	AG
1	29478796	49	GA
1	29479459	227	GT
1	29480080	260	CT
1	29486193	1181	AG
1	29486269	76	CG
1	29486532	263	GA
1	29489590	1318	GA
1	29491647	1106	GA
1	29496069	1087	AT
1	29500974	2706	CG
1	29506397	767	GA
1	29506424	27	TC
1	29506425	1	GA
1	29531019	10042	CT
1	29531709	690	CG
1	29536818	1636	CT
1	29536934	116	AG
1	29537062	128	AG
1	29537072	10	GA
1	29537197	125	CT
1	29537228	31	AG
1	29537398	130	GA
1	29537456	58	AG
1	29537472	16	AG
1	29537654	182	CT
1	29538071	417	GA
1	29539207	639	TC
1	29539492	285	AG
1	29539514	22	TC
1	29540175	661	TC
1	29540355	180	CG
1	29540709	322	AG
1	29540747	38	TC
1	29540761	14	TC
1	29540782	21	GC
1	29541016	234	AC
1	29541033	17	CA
1	29541211	178	CT
1	29541303	92	TA
1	29542407	445	TC
1	29542418	11	AG
1	29542423	5	AC
1	29542424	1	CT
1	29542429	5	GA
1	29542443	14	CT
1	29542549	106	TC
1	29542571	22	AG
1	29542661	90	AG
1	29542715	54	CT
1	29542727	12	TG
1	29544444	674	TA
1	29545218	484	GA
1	29545246	28	TC
1	29545747	501	AG
1	29545812	65	CT
1	29545819	7	CT
1	29546393	218	TC
1	29547414	468	GA
1	29547597	183	TG
1	29547744	147	CG
1	29548011	267	GA
1	29548642	581	CT
1	29548896	254	CT
1	29549120	224	CT
1	29549470	313	TC
1	29549713	243	CT
1	29549762	49	GA
1	29549841	79	GC
1	29550076	235	GA
1	29550226	150	GA
1	29550286	60	CA
1	29550340	54	CT
1	29550350	10	AG
1	29550361	11	GT
1	29550439	78	GA
1	29550443	4	GA
1	29550465	22	GA
1	29550731	266	CT
1	29550733	2	GA
1	29550755	22	TC
1	29550813	58	TC
1	29551090	277	CT
1	29551129	39	AG
1	29551164	35	AG
1	29551595	188	TC
1	29551610	15	CG
1	29551623	13	TA
1	29551650	27	GC
1	29551652	2	TC
1	29551686	34	CA
1	29552128	442	GC
1	29554162	860	GT
1	29554870	271	CT
1	29554895	25	CT
1	29554907	12	CT
1	29555103	196	CG
1	29555302	199	TC
1	29555523	221	CT
1	29556327	331	TC
1	29556362	35	TG
1	29557258	896	CT
1	29557620	362	GA
1	29558196	576	TC
1	29558414	218	AG
1	29559668	821	CT
1	29562735	1695	AG
1	29563760	493	CT
1	29563805	45	TC
1	29563810	5	CG
1	29564121	186	GT
1	29564182	61	TC
1	29564256	74	TC
1	29564320	15	GA
1	29564451	131	GA
1	29564452	1	CT
1	29564583	131	GA
1	29564827	244	GA
1	29564866	39	TG
1	29564873	7	CA
1	29565703	678	CT
1	29565866	163	AG
1	29566061	195	TG
1	29567452	1121	TC
1	29568245	447	TG
1	29568305	60	TG
1	29568527	222	GC
1	29568567	40	AG
1	29568661	94	CT
1	29569064	79	GA
1	29569386	322	AC
1	29569768	382	CG
1	29570388	573	GA
1	29570428	40	GC
1	29570440	12	GC
1	29571199	759	CA
1	29571221	22	CT
1	29571227	6	TC
1	29571228	1	CA
1	29571903	675	GA
1	29572615	712	AC
1	29572771	156	CT
1	29573304	254	GA
1	29573336	32	GA
1	29573520	184	CT
1	29573594	74	GT
1	29574734	415	AT
1	29575095	361	CA
1	29575655	452	AT
1	29575783	128	GA
1	29576509	585	AG
1	29576885	251	TC
1	29577106	122	CA
1	29577451	345	AC
1	29577483	32	GT
1	29578243	760	GA
1	29578563	320	CT
1	29580538	682	TA
1	29582902	1762	TC
1	29582920	18	GA
1	29585162	1925	TC
1	29587927	1026	GA
1	29587928	1	GA
1	29587936	8	AG
1	29587990	54	TG
1	29588476	486	CT
1	29589169	508	TC
1	29589266	97	GA
1	29589810	544	CT
1	29589880	70	TG
1	29589907	27	AG
1	29592486	761	GA
1	29593222	244	AG
1	29593271	49	CT
1	29593456	185	CT
1	29594021	276	GA
1	29594215	194	CT
1	29594246	31	GA
1	29595177	560	CT
1	29595205	28	CT
1	29595437	232	GA
1	29596136	301	TC
1	29596363	195	TC
1	29596455	92	CT
1	29596902	263	TA
1	29596954	52	GA
1	29597017	63	GT
1	29597021	4	AT
1	29597571	464	CA
1	29597703	132	GA
1	29597776	73	CT
1	29597811	35	TG
1	29598570	759	CT
1	29598635	65	CT
1	29599118	483	AG
1	29599604	453	TC
1	29603747	2599	TG
1	29604219	472	TA
1	29609364	3597	GA
1	29609483	119	CT
1	29609653	170	AG
1	29611776	754	CT
1	29612131	355	AG
1	29613109	978	TC
1	29613180	71	GA
1	29614959	1634	CT
1	29618345	3254	CG
1	29618869	230	CT
1	29619380	511	GA
1	29619907	527	CT
1	29619910	3	GA
1	29619950	40	AT
1	29621365	1132	AT
1	29623512	1510	CT
1	29625277	854	GA
1	29625330	53	TC
1	29625457	127	CT
1	29625535	78	CT
1	29625666	131	AG
1	29625744	78	AG
1	29626323	579	TG
1	29626594	271	GC
1	29626962	368	TC
1	29627073	111	GC
1	29627302	229	AG
1	29627466	164	GT
1	29627865	399	AG
1	29628855	514	TG
1	29628856	1	AT
1	29629057	201	TC
1	29629346	289	CT
1	29629485	139	AT
1	29630470	327	GA
1	29630945	475	CT
1	29631034	61	AT
1	29631068	34	TG
1	29631084	16	CT
1	29631119	35	CT
1	29631301	182	GA
1	29631410	109	AG
1	29631448	38	AT
1	29631459	11	TC
1	29631481	22	TC
1	29631858	104	CT
1	29632786	258	AG
1	29636724	1497	TC
1	29636787	63	CT
1	29636930	143	CT
1	29637005	75	AG
1	29637042	37	GT
1	29637940	898	AG
1	29639903	1450	CT
1	29640185	282	GA
1	29640195	10	GA
1	29641228	818	CT
1	29642320	1092	CG
1	29642360	40	CT
1	29642814	454	TC
1	29643892	998	AG
1	29646294	1582	CT
1	29646711	417	CT
1	29646808	97	TC
1	29647176	331	TG
1	29647191	15	GA
1	29647198	7	AG
1	29647207	9	GT
1	29650185	2978	GA
1	29660088	7769	TC
1	29667433	4816	TG
1	29670674	2295	GA
1	29674072	2396	CG
1	29675005	933	GC
1	29675107	102	CA
1	29675318	211	CA
1	29675392	74	TC
1	29675458	66	AT
1	29675654	196	CT
1	29675854	200	AG
1	29675984	130	TC
1	29676473	489	AG
1	29676648	175	GA
1	29676962	314	TG
1	29677030	68	GA
1	29677435	193	TC
1	29677460	25	GA
1	29677666	206	AG
1	29677704	38	GA
1	29677890	108	GA
1	29679309	1030	AG
1	29679379	70	CA
1	29679520	141	GA
1	29679639	119	CT
1	29679910	271	CT
1	29680408	454	AT
1	29681569	910	CT
1	29683345	1759	CG
1	29683481	136	CT
1	29684347	866	GA
1	29685284	937	TC
1	29690989	5137	TC
1	29692464	270	TC
1	29692676	212	TC
1	29692825	149	CT
1	29692990	165	AG
1	29693008	18	CT
1	29694104	524	TC
1	29694888	741	TA
1	29696027	796	CG
1	29697224	1164	CT
1	29697500	276	TC
1	29697776	276	AG
1	29701249	3031	TC
1	29706587	5169	CT
1	29706670	83	CT
1	29708786	2053	GA
1	29710934	1856	GA
1	29711367	413	GA
1	29712645	1187	TC
1	29715794	3063	CT
1	29715804	10	TC
1	29723435	7157	CT
1	29724890	820	AC
1	29727151	1404	AT
1	29729731	2217	AT
1	29732464	2498	GC
1	29732796	332	TC
1	29733674	878	GA
1	29738086	3964	GA
1	29738906	768	AG
1	29739982	1076	AG
1	29740137	155	GC
1	29741831	1431	GA
1	29743836	1253	TC
1	29743989	153	CT
1	29744018	29	AG
1	29744279	261	GA
1	29744603	324	GA
1	29744708	105	CA
1	29747050	1672	GC
1	29759811	7440	GA
1	29765064	3353	TC
1	29765090	26	CG
1	29765117	27	TG
1	29765515	398	AC
1	29767115	1501	CT
1	29768091	976	GC
1	29770523	2138	TC
1	29773190	2667	GA
1	29784128	8093	AC
1	29790928	6517	CA
1	29793198	1949	GT
1	29802087	7181	CT
1	29802600	376	CT
1	29804706	1899	CT
1	29808652	2314	GA
1	29809923	1184	TC
1	29813281	2360	TA
1	29827621	10888	CT
1	29830074	1367	AT
1	29831527	1453	CA
1	29831550	23	GA
1	29834843	2996	AC
1	29838741	2559	CT
1	29839502	600	CT
1	29840354	773	GA
1	29840669	315	CT
1	29840711	42	CT
1	29841110	323	CT
1	29841363	253	TC
1	29841415	52	CT
1	29841548	133	TC
1	29841740	146	GA
1	29841972	232	AG
1	29842014	42	TC
1	29842581	385	CT
1	29842782	201	GA
1	29842858	76	TG
1	29842882	24	CT
1	29843109	227	GC
1	29843318	188	AC
1	29843727	409	AG
1	29844300	353	CT
1	29844302	2	AG
1	29844303	1	AC
1	29844826	505	TC
1	29847522	1811	CG
1	29847523	1	CT
1	29849209	1447	GT
1	29850056	775	CA
1	29850384	328	CG
1	29850908	524	AG
1	29851104	196	CG
1	29852700	1596	AG
1	29853112	412	CA
1	29853684	354	AG
1	29853826	142	AG
1	29854706	777	CT
1	29855048	342	GA
1	29855073	25	CT
1	29855082	9	CG
1	29855295	111	TC
1	29855578	283	AG
1	29856181	603	GA
1	29856224	43	GC
1	29856349	125	AG
1	29856625	276	TG
1	29856676	51	CG
1	29856677	1	TG
1	29856685	8	GA
1	29856749	64	CT
1	29858776	870	CA
1	29858784	8	TA
1	29859449	116	AG
1	29859754	305	AG
1	29862111	1630	CG
1	29862718	607	TC
1	29863134	416	AG
1	29863213	79	GT
1	29863217	4	TG
1	29863628	411	CG
1	29864036	230	AT
1	29864579	75	GA
1	29865396	630	GA
1	29865426	30	GC
1	29865556	130	CT
1	29865734	178	TC
1	29866043	203	GA
1	29867209	324	AG
1	29867528	170	GA
1	29868169	62	AG
1	29868863	495	AG
1	29869192	172	CT
1	29871663	603	TC
1	29872203	231	CT
1	29873374	921	CG
1	29873663	289	TC
1	29873885	222	CT
1	29874129	244	CT
1	29874225	96	AG
1	29874365	67	CT
1	29875854	819	CA
1	29876218	364	AT
1	29877497	510	GA
1	29877724	227	CT
1	29877773	49	GC
1	29877853	80	GA
1	29878326	449	GA
1	29878649	190	GT
1	29878733	84	AG
1	29879667	630	CA
1	29880001	334	AG
1	29880009	8	GA
1	29883890	2351	GC
1	29884607	717	GT
1	29884887	280	GA
1	29892941	5745	TC
1	29894335	527	GA
1	29894982	406	CT
1	29895615	633	AG
1	29903459	1158	AG
1	29903551	56	TC
1	29903929	219	CT
1	29904141	212	GA
1	29904158	17	AG
1	29905139	918	GC
1	29905147	8	GA
1	29905148	1	AG
1	29907534	303	GC
1	29908283	345	TC
1	29908482	199	GA
1	29909107	504	AG
1	29909129	22	CG
1	29909217	88	CG
1	29909345	128	CT
1	29909566	169	CT
1	29909591	25	CG
1	29909662	71	GA
1	29909736	74	GA
1	29909780	44	AG
1	29909985	205	CT
1	29909994	9	TC
1	29910679	658	GA
1	29910977	298	AG
1	29911231	203	GA
1	29911784	243	GA
1	29914555	582	TC
1	29915187	534	AG
1	29916027	840	TC
1	29921448	4277	AG
1	29922884	395	GA
1	29923721	837	AG
1	29923988	267	TC
1	29933703	7874	GA
1	29933980	85	TC
1	29935729	1663	AT
1	29935802	73	TC
1	29936367	565	TC
1	29940492	3192	GA
1	29940777	285	CT
1	29942434	1390	CT
1	29942581	61	AG
1	29942800	219	CT
1	29942837	37	AG
1	29942949	112	TG
1	29942998	49	TG
1	29944389	1164	TA
1	29944398	9	GC
1	29946010	1495	CA
1	29946231	221	CT
1	29947748	1517	CA
1	29948236	431	TC
1	29948291	55	GT
1	29948387	96	CT
1	29948492	105	GT
1	29948794	302	TC
1	29949239	445	GT
1	29949443	66	CT
1	29949511	68	GC
1	29949830	319	AG
1	29949895	65	AG
1	29949948	53	GA
1	29949955	7	GA
1	29950059	104	TC
1	29950125	66	AG
1	29950134	9	TG
1	29950386	252	AG
1	29950591	205	AG
1	29950776	185	GA
1	29950823	47	CT
1	29951097	187	TC
1	29951218	121	GA
1	29951264	46	GC
1	29951269	5	TC
1	29951766	267	AC
1	29951995	229	GC
1	29952000	5	AT
1	29956291	1697	TC
1	29956297	6	GA
1	29957396	683	GA
1	29957600	204	TG
1	29957975	375	GT
1	29959814	1418	AG
1	29972661	9676	TC
1	29973349	688	GA
1	29973978	629	TA
1	29974657	679	GC
1	29974686	29	GA
1	29974688	2	CG
1	29977721	2056	CT
1	29979104	1138	CA
1	29980095	663	GA
1	29980104	9	GT
1	29980413	136	TC
1	29980493	80	AG
1	29980515	22	AT
1	29980632	117	GA
1	29980803	171	CT
1	29980920	117	AG
1	29980982	62	TC
1	29982204	379	AG
1	29982301	97	TC
1	29984975	1175	GA
1	29985135	160	TC
1	29985647	512	CT
1	29985673	26	GA
1	29985695	22	CT
1	29985771	76	AG
1	29986021	172	CT
1	29986217	196	CA
1	29986300	83	CA
1	29986434	134	TC
1	29987109	675	AG
1	29987803	666	CT
1	29989352	1178	TG
1	29990252	390	GA
1	29990313	61	AG
1	29992840	2447	AG
1	29992928	88	AG
1	29992931	3	AG
1	29993133	202	TC
1	29993297	164	CT
1	29993300	3	TA
1	29993362	62	AG
1	29994656	1049	CT
1	29994773	117	CT
1	29995153	380	GA
1	29995838	358	TC
1	29996020	182	CT
1	29996161	141	CA
1	29996176	15	CT
1	29997057	626	GA
1	29997096	39	CT
1	29997259	163	AG
1	29997427	168	CT
1	29997461	34	TC
1	29997477	16	TC
1	29997870	215	GA
1	29997972	102	GA
1	29998194	222	CT
1	29998244	50	CT
1	29998332	88	GA
1	29998415	83	AC
1	29998829	204	TC
1	29998859	30	AG
1	29998865	6	CG
1	29998936	71	GT
1	29998971	35	CA
1	29999336	365	AG
1	29999392	56	TC
1	29999413	21	CT
1	29999414	1	AG
1	29999941	188	AG
1	29999984	43	TA
1	29999995	11	GA
1	30004960	4960	GA
1	30035347	24168	GC
1	30037451	1465	GA
1	30038028	577	GA
1	30038121	93	TC
1	30038367	246	AG
1	30038374	7	CT
1	30038420	46	AG
1	30038787	367	TC
1	30038853	66	GA
1	30039110	257	TC
1	30039637	527	TC
1	30040059	422	CT
1	30040748	689	CT
1	30040834	86	GA
1	30041357	523	CT
1	30041583	226	GA
1	30041697	114	GC
1	30042766	1069	TA
1	30044173	1213	GA
1	30044401	228	TC
1	30044816	415	CT
1	30045232	416	CT
1	30045283	51	CT
1	30045825	344	CT
1	30046747	922	CT
1	30047026	279	CT
1	30048586	1318	GC
1	30048841	255	GC
1	30049016	175	CT
1	30050725	668	TG
1	30051273	494	AT
1	30051340	67	GA
1	30057128	4027	CT
1	30057371	243	GA
1	30060088	1891	TC
1	30061282	476	TC
1	30064913	1845	CT
1	30064952	39	AG
1	30065031	79	AG
1	30065199	168	GA
1	30065474	275	TC
1	30066986	601	CT
1	30067031	45	CT
1	30069541	2113	GA
1	30069787	246	CT
1	30069829	42	CT
1	30070256	427	AC
1	30070473	217	GA
1	30070624	151	GA
1	30070803	179	TG
1	30071117	314	AG
1	30071901	784	TC
1	30073692	1283	CT
1	30075605	1580	CT
1	30075713	108	CT
1	30075793	80	CT
1	30075978	185	GA
1	30076204	226	GA
1	30077521	572	CT
1	30077799	278	CT
1	30078793	994	CG
1	30079178	385	CT
1	30079181	3	GA
1	30079451	270	TA
1	30079491	40	GC
1	30079800	309	CT
1	30080013	213	CA
1	30080119	106	CG
1	30080773	462	GA
1	30080782	9	AG
1	30081586	804	CT
1	30082015	429	GT
1	30083927	1314	CG
1	30085699	466	GA
1	30087457	1758	CG
1	30087491	34	TC
1	30092232	3852	AG
1	30092377	145	TC
1	30098305	1737	AC
1	30098614	309	AG
1	30103371	2163	GA
1	30103766	395	CT
1	30104698	932	GA
1	30105048	350	TC
1	30109175	3483	TC
1	30110357	1182	AG
1	30110798	441	AG
1	30110872	74	GA
1	30111966	1094	TC
1	30112211	245	TA
1	30112217	6	CG
1	30112503	286	CT
1	30112939	436	TC
1	30113039	100	CT
1	30113546	507	TG
1	30114227	649	TC
1	30119864	4348	CT
1	30120010	146	GA
1	30121343	554	CT
1	30123981	2058	CT
1	30124577	596	AG
1	30127940	2795	GT
1	30129196	1256	GA
1	30129962	766	GC
1	30134844	2795	AT
1	30136437	595	CT
1	30139363	2509	TC
1	30141773	2410	TA
1	30142247	474	GA
1	30143750	1354	TC
1	30144837	1062	TC
1	30144919	82	GT
1	30145069	150	AG
1	30147172	1738	TC
1	30147382	210	CG
1	30148820	697	CA
1	30148882	62	CT
1	30149973	777	CA
1	30151862	1889	CT
1	30152003	141	GA
1	30153049	1046	TC
1	30153175	126	GC
1	30153571	396	AG
1	30156555	1389	GT
1	30159060	1140	GT
1	30161661	2292	GA
1	30162319	394	GA
1	30164595	1616	GT
1	30168197	2375	TG
1	30169482	1285	TC
1	30172786	2805	TC
1	30174438	1652	TC
1	30174998	560	AG
1	30175829	831	CT
1	30177281	1452	GC
1	30180754	3404	CT
1	30181881	1104	AG
1	30183328	1370	GA
1	30185392	1405	CT
1	30185467	75	TG
1	30186393	870	TG
1	30187156	763	CT
1	30187500	344	GA
1	30187693	193	AG
1	30188168	475	CA
1	30190795	1449	CG
1	30191788	793	GA
1	30192828	875	TC
1	30193400	572	CG
1	30195301	1901	TC
1	30195523	222	GC
1	30196705	1027	AG
1	30197173	160	GC
1	30197282	109	TG
1	30199314	1682	TG
1	30199337	23	TC
1	30199375	38	CT
1	30199745	370	CT
1	30200323	578	CT
1	30201059	693	AG
1	30202759	1312	CT
1	30203681	468	TC
1	30207113	1846	TC
1	30207166	53	AC
1	30209232	1688	AG
1	30212238	2614	CG
1	30212326	88	AG
1	30212511	185	TG
1	30212827	316	GA
1	30212840	13	GA
1	30213442	602	CT
1	30213535	93	TC
1	30213655	120	AG
1	30214536	881	CT
1	30214650	114	GA
1	30217281	2304	GC
1	30221100	2265	AG
1	30221269	169	CT
1	30221978	709	CG
1	30222178	200	AG
1	30223049	871	TC
1	30223598	549	AT
1	30225613	1649	CT
1	30225636	23	GA
1	30226655	1019	CT
1	30226861	206	AG
1	30228086	841	GA
1	30228123	37	AG
1	30228196	73	TC
1	30228756	560	TC
1	30229346	590	CT
1	30229653	307	CT
1	30230369	716	GA
1	30236175	5453	AG
1	30236872	697	CT
1	30237414	542	CT
1	30238747	1276	CT
1	30238780	33	CT
1	30238900	120	CG
1	30239594	694	CT
1	30241602	907	CT
1	30242006	404	CG
1	30242202	196	CT
1	30244163	1961	CT
1	30244345	182	TC
1	30244540	195	TC
1	30246621	2081	CT
1	30248079	1026	TC
1	30248527	448	TC
1	30248613	86	GA
1	30249117	504	GA
1	30250132	1015	AG
1	30251137	1005	CG
1	30251683	387	GA
1	30251728	45	TC
1	30251816	88	AC
1	30251911	95	AC
1	30252159	248	CG
1	30252754	595	TC
1	30252779	25	GT
1	30252838	59	GA
1	30253347	509	CT
1	30255768	1191	GA
1	30255946	178	CT
1	30256346	400	TC
1	30257509	877	GA
1	30257768	259	CT
1	30258040	272	GA
1	30258251	211	GA
1	30259387	885	CT
1	30259407	20	CG
1	30259610	203	GA
1	30259657	47	AG
1	30261149	1468	TC
1	30261332	183	GA
1	30261862	530	TC
1	30262407	321	TC
1	30262562	155	CT
1	30262768	206	TC
1	30262895	127	AG
1	30263152	257	GA
1	30263343	191	CT
1	30263372	29	TA
1	30264779	1407	CT
1	30265009	230	CT
1	30265050	41	GT
1	30265322	272	CA
1	30265580	258	AG
1	30266131	301	CT
1	30266198	67	AG
1	30266823	625	AG
1	30267355	185	AG
1	30267672	317	TC
1	30268278	278	CT
1	30269271	993	TC
1	30269508	237	TC
1	30270044	469	GA
1	30271074	1030	CA
1	30275146	1423	AC
1	30275308	162	AT
1	30275514	206	AG
1	30275622	108	TC
1	30276294	672	CT
1	30277253	659	TC
1	30279733	2276	TC
1	30279773	40	GA
1	30280444	491	CT
1	30280688	244	AC
1	30280767	79	CT
1	30282002	1012	AG
1	30282669	512	GA
1	30282748	79	CT
1	30283554	806	GA
1	30283637	83	CG
1	30284048	411	CT
1	30284393	345	TC
1	30284712	319	CT
1	30284936	224	CT
1	30285055	119	CT
1	30285323	268	AG
1	30285912	589	CT
1	30290259	2655	TC
1	30290964	705	GA
1	30294502	2132	CT
1	30294734	232	CT
1	30294829	95	GA
1	30295179	113	GA
1	30295217	38	CG
1	30296042	757	GT
1	30296241	199	AG
1	30296291	50	CG
1	30296653	362	GA
1	30296809	156	GA
1	30296860	51	AG
1	30298346	1486	GA
1	30298456	110	CG
1	30298476	20	CT
1	30299538	1027	TC
1	30299896	132	CT
1	30300349	362	AT
1	30301588	800	CT
1	30302033	445	CT
1	30302036	3	GC
1	30303192	1156	CT
1	30303535	343	GA
1	30303638	103	TC
1	30304438	775	CT
1	30304630	192	CT
1	30304895	265	TC
1	30305274	379	CT
1	30306396	1122	GC
1	30307378	982	TG
1	30307400	22	TC
1	30308049	649	TC
1	30308953	836	CT
1	30309658	705	CT
1	30310043	385	CT
1	30310991	948	GA
1	30311080	89	AG
1	30314403	2954	TC
1	30337269	2853	CA
1	30337323	54	CT
1	30337761	438	TC
1	30337809	48	AT
1	30338307	216	TC
1	30339461	852	AG
1	30339897	347	CT
1	30340314	417	CG
1	30340994	680	GC
1	30342039	772	CG
1	30342144	105	TC
1	30342236	92	AG
1	30344094	1547	TC
1	30344747	653	CT
1	30344979	114	CT
1	30345021	42	CT
1	30345255	234	GT
1	30345301	46	TC
1	30345374	73	AG
1	30345540	166	CT
1	30345541	1	TG
1	30345621	80	AG
1	30345625	4	CT
1	30345723	98	AG
1	30345754	31	GA
1	30346025	136	GC
1	30346266	108	AG
1	30346296	30	GA
1	30346409	113	GA
1	30346415	6	AG
1	30346582	167	AG
1	30346602	20	TC
1	30347030	428	CT
1	30347393	363	TA
1	30348660	1267	CA
1	30348824	164	GA
1	30348826	2	AC
1	30349141	315	TC
1	30349767	626	CT
1	30349847	80	TC
1	30349934	87	AC
1	30350012	78	CT
1	30350095	83	CT
1	30350294	199	GA
1	30351671	1185	CT
1	30352026	85	AG
1	30352195	169	GA
1	30352398	203	GC
1	30352452	54	AC
1	30352643	191	TC
1	30353370	727	TA
1	30353850	480	TC
1	30354722	434	TC
1	30355236	373	TC
1	30356777	778	AG
1	30356814	37	CT
1	30358092	628	CG
1	30358122	30	AG
1	30358239	117	GT
1	30358282	43	GA
1	30362364	590	GA
1	30362523	159	GA
1	30362832	309	TC
1	30363075	243	TC
1	30363141	66	CT
1	30363575	404	TC
1	30364867	1222	AG
1	30365140	273	TG
1	30365196	56	GA
1	30365322	126	CT
1	30365410	88	AG
1	30365411	1	GA
1	30365773	362	AG
1	30366182	409	GA
1	30366339	157	TC
1	30366413	74	CT
1	30366648	235	TG
1	30367471	473	GA
1	30370776	2732	AG
1	30371697	882	AG
1	30372373	572	AG
1	30372549	176	CT
1	30373573	531	CT
1	30375564	1511	CT
1	30375796	232	TC
1	30378973	1012	TC
1	30379253	280	CT
1	30384984	5155	GA
1	30385780	654	CT
1	30388363	2393	CT
1	30389004	641	AG
1	30392057	2530	CT
1	30392147	90	AG
1	30395300	3153	GA
1	30395851	306	CT
1	30396274	423	AC
1	30396418	144	GA
1	30397036	618	TC
1	30397068	32	CT
1	30397166	98	TC
1	30397595	429	TC
1	30398079	484	AG
1	30399091	976	GA
1	30399959	868	CT
1	30402272	1932	CT
1	30403888	1616	TC
1	30404180	292	TC
1	30404635	122	GT
1	30404663	28	CT
1	30404669	6	GT
1	30405637	553	GA
1	30406257	620	CA
1	30406638	381	CT
1	30406848	210	TG
1	30407179	331	CT
1	30408401	786	GA
1	30409048	647	AG
1	30411709	2641	TG
1	30412510	801	CT
1	30412688	178	TC
1	30412753	65	GA
1	30414206	1453	CT
1	30414368	162	GC
1	30414413	45	TA
1	30414986	573	CG
1	30415743	607	AG
1	30415768	25	AG
1	30416067	299	GA
1	30416527	460	TC
1	30418028	917	GA
1	30418366	338	GA
1	30418522	156	CT
1	30419209	687	GT
1	30419639	76	CT
1	30419783	144	CG
1	30420023	240	GA
1	30422150	2127	TA
1	30422251	101	CT
1	30422367	116	GA
1	30423937	1522	GA
1	30424145	208	CT
1	30424433	288	AG
1	30425362	670	GT
1	30429230	2889	GA
1	30431179	1781	CA
1	30431193	14	AC
1	30431290	97	GC
1	30432632	1037	CT
1	30433208	576	GC
1	30433870	453	GA
1	30433984	114	AT
1	30435470	1486	TC
1	30435618	148	TG
1	30436714	1096	GA
1	30438220	1506	TC
1	30440217	1779	TC
1	30442206	1989	AG
1	30443585	1379	GA
1	30443610	25	AG
1	30444675	749	GC
1	30447060	1877	CT
1	30447520	460	GC
1	30448289	769	TA
1	30449522	1191	GA
1	30449861	339	GA
1	30450209	348	GA
1	30450730	521	TC
1	30451109	379	TC
1	30451663	554	AT
1	30453002	1339	CA
1	30456357	3231	GA
1	30457341	984	TC
1	30461425	1994	TC
1	30465051	3353	AC
1	30471049	5600	CT
1	30473506	2249	CT
1	30474628	1122	CT
1	30474800	172	GA
1	30474883	83	GA
1	30476611	1386	GA
1	30476624	13	TC
1	30478899	2275	AG
1	30486652	4005	AT
1	30488473	1738	GT
1	30488811	338	AG
1	30489523	712	CT
1	30490275	566	TG
1	30491061	414	CT
1	30491626	565	CT
1	30491962	336	CT
1	30492644	568	CT
1	30492787	143	AC
1	30494243	1401	GC
1	30494339	96	CT
1	30495123	464	AC
1	30497385	1244	GA
1	30497488	103	GA
1	30497869	381	TC
1	30501673	2249	GA
1	30502247	574	CT
1	30504163	575	CT
1	30504732	569	TG
1	35000024	24	TG
1	35000051	27	GT
1	35000717	608	TC
1	35001037	320	CA
1	35001356	114	GA
1	35001401	45	CT
1	35001501	100	CT
1	35002864	1363	AT
1	35004474	1610	GC
1	35004678	80	CT
1	35004988	310	GT
1	35005058	70	CT
1	35005062	4	TC
1	35005152	90	GA
1	35005214	62	TC
1	35005269	55	GT
1	35005482	176	GT
1	35005485	3	TC
1	35006249	764	CA
1	35007130	468	CT
1	35010116	2211	AC
1	35010292	176	AG
1	35010789	497	AC
1	35010836	47	GT
1	35010983	147	TC
1	35011078	95	GT
1	35015546	2916	GA
1	35016668	800	GA
1	35017184	516	CT
1	35017466	282	GT
1	35017472	6	GA
1	35022334	4153	TC
1	35043200	17207	GT
1	35043201	1	CT
1	35056472	9802	CT
1	35066611	9158	GC
1	35066669	58	CT
1	35067576	422	AG
1	35068916	675	TC
1	35069100	184	GT
1	35069884	572	GA
1	35070056	172	GC
1	35070168	112	CT
1	35071347	768	GC
1	35074383	1082	GC
1	35074426	43	CT
1	35075319	651	GA
1	35080468	1427	CT
1	35080561	93	CT
1	35080665	104	CA
1	35081127	399	GA
1	35081136	9	CT
1	35081201	65	TC
1	35081227	26	AG
1	35081263	36	CT
1	35081277	14	TC
1	35081881	279	CT
1	35081900	19	GC
1	35082118	81	AG
1	35082240	122	CA
1	35082795	555	TC
1	35082836	41	AG
1	35082972	136	GA
1	35083295	323	TC
1	35083316	21	TC
1	35084137	821	CG
1	35085252	1006	GA
1	35086134	31	CG
1	35086135	1	GC
1	35086151	16	TG
1	35086602	76	TC
1	35086603	1	GA
1	35086817	214	AG
1	35086840	23	TC
1	35087008	168	TC
1	35087982	920	GA
1	35088230	127	GA
1	35088453	223	CT
1	35089020	567	TC
1	35089352	197	AG
1	35093728	3977	GA
1	35093859	131	CT
1	35109004	8897	CG
1	35109030	26	GC
1	35109399	369	GA
1	35109571	172	CT
1	35109765	194	CT
1	35109769	4	GA
1	35110263	494	CT
1	35110324	61	GA
1	35111149	198	CT
1	35111279	130	GA
1	35111606	233	GA
1	35112687	1051	GA
1	35114579	1236	GA
1	35114734	155	AG
1	35115936	67	TC
1	35116329	334	TA
1	35116340	11	TC
1	35116690	350	AG
1	35116709	19	GA
1	35116839	130	TC
1	35117064	99	TG
1	35117273	209	AG
1	35117277	4	TC
1	35117692	127	AG
1	35118430	738	CT
1	35119583	864	CA
1	35119859	178	TA
1	35120072	178	CT
1	35120449	253	TA
1	35120991	542	CT
1	35121015	24	CG
1	35121967	750	AT
1	35122105	138	CG
1	35122164	59	CT
1	35122337	173	CT
1	35122670	208	CT
1	35122736	66	AG
1	35123175	237	GA
1	35123250	75	CT
1	35123573	248	CT
1	35131913	7864	AC
1	35137168	4911	AG
1	35141039	3358	CT
1	35141111	72	CT
1	35141562	451	GA
1	35142266	704	GA
1	35144981	2346	GA
1	35144986	5	GA
1	35146617	923	AG
1	35147713	563	GT
1	35153328	4073	AG
1	35153519	191	GA
1	35154577	744	GA
1	35155167	590	CT
1	35155375	208	AG
1	35155458	83	AG
1	35155896	384	GA
1	35156949	777	CT
1	35157061	112	AG
1	35157554	493	AG
1	35157877	323	CT
1	35158637	626	AG
1	35159334	697	CG
1	35160648	1063	GA
1	35160724	76	TC
1	35161920	1002	AG
1	35163398	1118	AG
1	35163965	540	GA
1	35164603	368	TG
1	35165030	325	TG
1	35165044	14	TC
1	35165064	20	AG
1	35167297	1036	GT
1	35167639	320	CT
1	35169307	1525	GT
1	35169664	357	AC
1	35170953	1142	CA
1	35172136	1026	AG
1	35172141	5	AT
1	35173023	552	CT
1	35173246	223	GA
1	35173250	4	CT
1	35173293	43	TC
1	35173490	197	CT
1	35173861	371	GC
1	35173873	12	GA
1	35176057	1513	CT
1	35176127	70	CT
1	35176331	204	CA
1	35176335	4	GA
1	35176520	185	TG
1	35176558	38	GA
1	35176634	76	TA
1	35178386	1054	TC
1	35179736	1090	CT
1	35181707	1438	CG
1	35181732	25	GA
1	35181913	181	GA
1	35181940	27	GA
1	35181989	49	GA
1	35183405	1416	CT
1	35184130	725	GA
1	35184285	155	CT
1	35184523	238	TC
1	35184660	137	GC
1	35185546	799	GA
1	35185765	219	CT
1	35185863	98	TG
1	35185880	17	AG
1	35185910	30	AG
1	35185914	4	GC
1	35186524	53	GA
1	35186760	139	CG
1	35186776	16	AG
1	35186815	39	TC
1	35187956	410	AG
1	35188585	243	GA
1	35188804	80	TC
1	35188842	38	CT
1	35189661	122	GA
1	35189682	21	CT
1	35189811	129	AC
1	35190006	195	TC
1	35190968	962	GA
1	35191172	204	GA
1	35191542	370	TC
1	35191748	206	CT
1	35192594	480	AG
1	35192735	141	TC
1	35192818	83	CT
1	35192975	157	TC
1	35192976	1	GA
1	35193139	163	AG
1	35193669	530	CT
1	35193770	101	CT
1	35193771	1	CG
1	35193952	181	CA
1	35194204	252	GA
1	35194475	271	TC
1	35195136	612	GA
1	35202377	5822	CA
1	35203132	482	CT
1	35203207	75	GA
1	35204847	1330	AG
1	35204878	31	TC
1	35209868	320	GA
1	35209934	66	GA
1	35210385	451	CT
1	35210567	182	GA
1	35210928	361	AG
1	35211612	235	TC
1	35213244	478	AG
1	35213254	10	CA
1	35216611	2102	CA
1	35218424	1591	AC
1	35219719	766	GA
1	35220323	186	GT
1	35220445	122	CT
1	35220844	209	TC
1	35221199	42	CT
1	35221249	50	AT
1	35221371	122	AG
1	35221378	7	TC
1	35221672	294	TC
1	35221799	127	GT
1	35221801	2	CT
1	35221886	85	TC
1	35221957	71	TC
1	35222833	641	TC
1	35222836	3	AG
1	35222970	115	GA
1	35223196	226	CT
1	35223314	118	AC
1	35223709	395	AC
1	35224454	745	GA
1	35224631	177	AG
1	35225032	401	AC
1	35225346	314	GC
1	35225907	490	AG
1	35225909	2	GA
1	35226393	465	CT
1	35226715	322	CT
1	35228250	634	GA
1	35228308	58	AT
1	35228383	75	CT
1	35228387	4	TC
1	35229107	391	GT
1	35230072	497	AG
1	35230629	557	TC
1	35231414	381	TG
1	35231462	48	GT
1	35231745	283	AG
1	35231780	35	CT
1	35231871	91	TC
1	35232449	370	GA
1	35232463	14	GC
1	35232514	51	CG
1	35232566	52	TA
1	35232602	36	GA
1	35232805	203	GA
1	35232847	42	GA
1	35232896	49	AG
1	35232917	21	AG
1	35234123	984	AC
1	35236151	1201	CT
1	35237637	1066	CT
1	35240557	2392	GA
1	35240666	109	TC
1	35240808	142	GA
1	35240822	14	TA
1	35240893	71	AG
1	35241227	334	CT
1	35241401	174	TC
1	35241478	77	TG
1	35241500	22	GT
1	35241558	58	CT
1	35241781	223	TC
1	35241921	140	CA
1	35242263	342	GA
1	35242650	387	CT
1	35242802	152	CG
1	35248220	1765	CA
1	35248277	57	GA
1	35248498	221	TC
1	35248543	45	CT
1	35248557	14	GA
1	35248908	351	GA
1	35248911	3	GA
1	35249020	109	GA
1	35249507	150	GT
1	35249742	235	AT
1	35250393	558	AT
1	35250552	159	AT
1	35252014	1368	AG
1	35252340	326	AG
1	35253155	499	GA
1	35253177	22	AG
1	35254052	875	AC
1	35254184	132	AT
1	35254505	321	GA
1	35254638	133	CG
1	35254784	146	CA
1	35256431	1083	TC
1	35258316	1039	GA
1	35260164	1563	TA
1	35261662	624	AG
1	35261738	76	GA
1	35262056	318	GA
1	35263274	346	AC
1	35263300	26	TC
1	35263362	62	TC
1	35270787	315	AG
1	35271308	521	CT
1	35271825	319	CT
1	35273576	1069	GA
1	35273637	61	AG
1	35274294	505	CT
1	35274599	266	AG
1	35274637	38	GA
1	35274703	66	AG
1	35274817	114	AT
1	35275117	300	CT
1	35277171	2054	AG
1	35277880	692	TG
1	35327681	34861	CT
1	35351554	14352	AG
1	35352564	670	TA
1	35360201	5141	CT
1	35414346	38468	CT
1	35417838	1034	CT
1	35419229	869	CT
1	35419292	63	AG
1	35419652	301	AG
1	35419947	225	AC
1	35422061	1753	AG
1	35422301	156	TA
1	35422395	94	GA
1	35425020	1063	AT
1	35425165	145	TA
1	35426110	808	TC
1	35426721	531	GC
1	35438858	899	TA
1	35440273	567	GA
1	35440498	225	CT
1	35440721	156	GT
1	35440940	219	CT
1	35441282	342	AG
1	35442027	178	TC
1	35442726	283	CT
1	35442885	159	AG
1	35442915	30	GT
1	35443890	975	GA
1	35447153	1819	CG
1	35448081	534	GA
1	35448726	595	AG
1	35448861	135	GT
1	35448910	49	AT
1	35449335	403	AT
1	35450565	518	TC
1	35451815	598	TC
1	35452014	108	AG
1	35452785	471	CT
1	35452863	78	AG
1	35453444	581	GA
1	35453892	366	TG
1	35455156	946	CT
1	35456407	1202	GA
1	35462113	545	AG
1	35463380	1093	CT
1	35466435	1624	AT
1	35468655	1713	CT
1	35472904	3233	AC
1	35479541	1626	CA
1	35481863	1133	TC
1	35483929	1514	CA
1	35485142	945	TC
1	35486683	745	AG
1	35486786	103	GT
1	35486787	1	AG
1	35487166	379	TC
1	35487696	530	GA
1	35489203	798	TA
1	35492855	2296	GA
1	35508342	6793	AG
1	35509683	1045	TG
1	35510622	447	TC
1	35510688	66	CT
1	35510845	157	TC
1	35511649	701	GA
1	35512339	216	CT
1	35513760	527	GT
1	35515171	971	TC
1	35517831	1657	GC
1	35530905	10272	TC
1	35533662	1775	AC
1	35537756	1037	GA
1	35543276	3850	GT
1	35544805	598	GA
1	35546398	1023	TC
1	35546833	293	GC
1	35547015	182	CT
1	35548105	778	GA
1	35548914	726	TG
1	35549222	308	AG
1	35551135	1178	CT
1	35556222	4446	GA
1	35557129	632	TC
1	35557337	208	AG
1	35557421	84	TG
1	35561109	2293	CT
1	35561544	312	GA
1	35561580	36	GA
1	35561863	283	AG
1	35562039	176	AC
1	35564091	1976	CT
1	35564101	10	TC
1	35570363	5461	TC
1	35572574	2040	AG
1	35572703	129	CT
1	35573223	437	AG
1	35575624	1592	AG
1	35576298	674	CT
1	35576718	420	TC
1	35576765	47	AG
1	35579492	1343	CT
1	35581537	1794	CT
1	35582317	780	CT
1	35582802	485	GA
1	35584179	1346	AG
1	35584497	288	GA
1	35585503	961	GA
1	35587112	1609	CT
1	35588235	1123	AG
1	35588464	205	CT
1	35588592	128	CT
1	35593487	4862	GT
1	35593710	223	TC
1	35595320	1325	TC
1	35595799	479	CT
1	35597309	1221	AG
1	35597420	111	CA
1	35597626	206	AG
1	35597801	175	TG
1	35598681	880	AG
1	35598714	33	GT
1	35598726	12	AG
1	35600599	1853	CT
1	35600655	56	CG
1	35600924	241	GA
1	35600959	35	CT
1	35601360	384	CT
1	35601990	630	CT
1	35602038	48	CT
1	35602304	266	AG
1	35602683	379	TC
1	35603266	583	GA
1	35603341	75	CT
1	35603858	517	GA
1	35603931	73	CG
1	35604138	207	CT
1	35604369	231	GA
1	35605008	639	TA
1	35605010	2	GA
1	35605676	666	CT
1	35605950	274	CG
1	35605997	47	CG
1	35606010	13	GT
1	35606289	279	TC
1	35606792	503	GA
1	35607489	655	CA
1	35609049	415	TC
1	35609342	293	GA
1	35609556	214	CT
1	35609800	244	CT
1	35610250	411	GA
1	35610501	251	GT
1	35610518	17	GC
1	35610547	29	GA
1	35610569	22	CT
1	35612089	1503	CT
1	35612126	37	CT
1	35612613	487	TC
1	35613507	730	CG
1	35613878	371	GA
1	35615249	1233	GA
1	35615426	177	CT
1	35615672	246	TC
1	35616482	778	AT
1	35616512	30	CG
1	35617014	502	CT
1	35617157	143	AG
1	35617239	82	GC
1	35617350	111	AG
1	35617507	157	GA
1	35618322	815	GA
1	35618950	415	GA
1	35619415	465	TC
1	35619426	11	TA
1	35619773	347	CT
1	35620126	39	CT
1	35620155	29	CT
1	35620189	34	CT
1	35620388	199	AG
1	35621799	1250	GA
1	35624464	2296	TC
1	35625310	727	AC
1	35625858	548	GT
1	35631094	4268	CG
1	35634105	1737	AG
1	35634972	806	AG
1	35635726	754	AC
1	35635816	90	TA
1	35635904	88	GT
1	35636181	20	AT
1	35640905	3951	CG
1	35643761	2398	AG
1	35665677	13181	CT
1	35689670	20455	GC
1	35689705	35	GA
1	35689872	167	TC
1	35689911	39	TC
1	35690713	802	CT
1	35692197	1484	GA
1	35693096	807	CG
1	35693267	171	TC
1	35693466	199	AG
1	35693858	392	AG
1	35697615	3649	CA
1	35703478	5122	GT
1	35703652	126	AG
1	35703680	28	TC
1	35705000	1320	CT
1	35705173	173	GA
1	35705437	264	AC
1	35719856	2343	GA
1	35719895	39	TG
1	35720021	126	TC
1	35720089	68	CG
1	35721002	913	TC
1	35722266	1264	AG
1	35722671	405	CT
1	35723675	862	CG
1	35723677	2	CT
1	35725131	1424	GA
1	35727479	1705	TC
1	35727502	23	GA
1	35727603	101	CT
1	35728290	687	CT
1	35729841	1551	GA
1	35731431	1590	GA
1	35734321	2397	CT
1	35735149	828	AG
1	35735218	69	CT
1	35735350	132	CT
1	35737431	2052	CA
1	35737933	502	CG
1	35738152	219	TC
1	35738731	579	GT
1	35739235	504	CT
1	35740886	1436	CT
1	35741878	918	CT
1	35744334	1978	GA
1	35746699	2087	CT
1	35747376	398	GA
1	35750995	2329	CT
1	35753090	1515	CT
1	35753887	296	CT
1	35754069	182	CT
1	35756892	965	TC
1	35757674	782	CT
1	35759490	1319	CG
1	35759617	127	CG
1	35762972	2925	GA
1	35763571	599	CT
1	35765726	1485	CT
1	35765948	222	TC
1	35779574	5240	CT
1	35780604	409	GA
1	35781283	679	TC
1	35784257	2496	AT
1	35791612	5356	AG
1	35791851	239	TC
1	35792660	809	TC
1	35797079	3061	CT
1	35799803	2261	GA
1	35809692	4966	TC
1	35813819	895	GT
1	35815436	1332	AC
1	35816516	518	CT
1	35816751	68	AG
1	35817124	373	GA
1	35817644	144	AG
1	35817648	4	CT
1	35817659	11	TC
1	35822860	2384	TG
1	35824963	1070	GA
1	35825716	694	CT
1	35827898	1505	GA
1	35828480	582	CT
1	35829060	580	CA
1	35829166	106	CT
1	35829588	422	GA
1	35830147	559	GA
1	35830967	820	AG
1	35834084	2778	AG
1	35835029	863	AG
1	35835334	305	GT
1	35853069	16760	GC
1	35853399	330	TC
1	35853645	211	GA
1	35862640	8067	AG
1	35862928	288	AG
1	35863163	235	CT
1	35863331	132	TC
1	35863350	19	CG
1	35863402	52	TC
1	35863444	42	CT
1	35863585	92	GA
1	35863908	323	TG
1	35863921	13	AG
1	35864254	132	GC
1	35864805	488	TG
1	35864808	3	GA
1	35865492	402	GA
1	35865510	18	AG
1	35865662	111	CT
1	35866152	490	GA
1	35873344	4141	CA
1	35873466	122	CG
1	35873983	459	GA
1	35874349	273	CT
1	35874559	210	CA
1	35874603	44	CT
1	35874804	201	TG
1	35874854	50	AG
1	35875194	340	CG
1	35875305	62	CT
1	35875398	93	AC
1	35875406	8	TA
1	35875515	109	GA
1	35875967	452	TC
1	35876589	622	TC
1	35876812	223	CT
1	35876947	135	CG
1	35877133	186	TC
1	35877687	554	TC
1	35878397	710	CT
1	35878398	1	AG
1	35878571	173	CG
1	35878814	243	CT
1	35878976	129	GA
1	35879788	743	GA
1	35882123	2165	GA
1	35882666	543	TG
1	35883399	580	GC
1	35885445	573	CT
1	35885615	170	TC
1	35885924	309	CT
1	35886222	298	TG
1	35893241	5087	TC
1	35896036	2667	CA
1	35898791	1646	GT
1	35899736	945	TC
1	35899778	42	TC
1	35899872	94	AG
1	35899890	18	CT
1	35899938	48	TC
1	35900018	80	GA
1	35900063	45	AG
1	35900204	141	CT
1	35900530	326	CT
1	35902510	1844	TC
1	35905061	1149	CT
1	35909681	3133	CG
1	35910460	779	TC
1	35920716	8245	CT
1	35922354	1286	CT
1	35923285	819	CT
1	35923831	447	CT
1	35925151	696	GC
1	35928021	1688	TC
1	35930050	1567	GA
1	35931372	1274	AG
1	35931951	579	GA
1	35932927	818	GA
1	35933080	153	GA
1	35933248	168	CT
1	35933299	51	CT
1	35933502	31	AG
1	35933775	183	CT
1	35935319	1342	CT
1	35935686	367	GA
1	35935752	66	GT
1	35936105	353	CG
1	35936185	80	TC
1	35936556	69	CT
1	35936657	101	GA
1	35936852	195	TC
1	35936948	96	GA
1	35936949	1	AC
1	35937024	75	CT
1	35937471	447	AG
1	35937814	301	AG
1	35938042	228	CT
1	35938225	183	AG
1	35938636	275	TC
1	35938854	193	TA
1	35939824	970	CT
1	35940736	885	GA
1	35941343	454	AG
1	35941588	222	CT
1	35941603	15	AG
1	35942183	580	CT
1	35942494	130	AT
1	35942712	218	CT
1	35942770	58	GA
1	35943369	599	CT
1	35943472	103	CT
1	35943787	120	CT
1	35943789	2	AG
1	35944244	249	CT
1	35944274	30	AG
1	35944328	54	CT
1	35944441	113	TC
1	35944624	183	TC
1	35944656	32	TG
1	35944778	122	AG
1	35944784	6	TG
1	35944793	9	AG
1	35945463	634	TC
1	35945594	32	TC
1	35945649	55	TC
1	35947280	1320	GA
1	35947498	183	AC
1	35947741	243	GC
1	35951350	1490	TC
1	35951368	18	TC
1	35951456	88	AG
1	35951496	40	GA
1	35952732	887	CT
1	35952930	72	AG
1	35953224	294	AC
1	35953233	9	CT
1	35953428	195	GC
1	35953435	7	AG
1	35954171	399	TC
1	35955843	935	TC
1	35955930	87	AG
1	35956638	170	CG
1	35956920	282	CT
1	35958306	1298	CT
1	35958577	271	TC
1	35959129	493	GA
1	35960088	631	GA
1	35962354	982	AG
1	35962662	308	GA
1	35962925	263	CG
1	35963086	161	CA
1	35963518	432	CT
1	35963547	29	TC
1	35963793	246	AC
1	35963837	44	TC
1	35968779	3484	CT
1	35974342	2461	GA
1	35974647	305	CT
1	35975486	839	GA
1	35977262	1563	GA
1	35979787	2004	GA
1	35980266	199	GT
1	35980853	587	AG
1	35982021	307	AG
1	35982061	40	AT
1	35982410	349	AG
1	35985807	2932	CT
1	35990071	1662	GA
1	35990411	340	CT
1	35992948	1959	CT
1	35993513	526	GT
1	35994906	893	GA
1	35995055	149	GA
1	35995452	368	CT
1	35995591	139	TC
1	35998738	1339	TG
1	35999045	307	CT
1	35999050	5	CG
1	35999079	29	CA
1	35999783	629	AG
1	35999851	68	TC
1	36000333	404	CT
1	36000730	397	GA
1	36000799	69	CT
1	36001520	636	TC
1	36001525	5	AG
1	36002475	473	GA
1	36002787	312	GA
1	36003015	228	GA
1	36003782	726	TA
1	36003868	86	AT
1	36003921	53	CT
1	36004046	17	GT
1	36004061	15	TG
1	36004083	22	CT
1	36004301	91	AG
1	36006059	907	TC
1	36006648	589	GC
1	36006939	291	AG
1	36007468	313	GA
1	36007866	292	CG
1	36008054	112	CT
1	36008100	46	CT
1	36008705	400	GA
1	36009581	612	CA
1	36010057	438	CG
1	36012301	2137	CT
1	36012402	101	TG
1	36014736	1655	AG
1	36014797	61	GC
1	36014874	77	AG
1	36014887	13	GA
1	36015188	301	AC
1	36015225	37	AG
1	36015524	299	GA
1	36015674	150	GA
1	36015682	8	AG
1	36016038	356	GC
1	36016426	347	AG
1	36016969	447	GC
1	36018465	1496	CG
1	36018862	397	GA
1	36021894	1729	TC
1	36024245	1865	AG
1	36043118	13739	CT
1	36043928	570	CT
1	36043932	4	CA
1	36044094	162	GC
1	36044214	120	TC
1	36044285	71	AG
1	36044354	69	AG
1	36044467	113	GA
1	36044848	233	CT
1	36045658	564	CA
1	36045885	227	TC
1	36045886	1	GA
1	36045904	18	CA
1	36046000	96	AG
1	36046093	93	TC
1	36046443	298	CT
1	36046489	46	AT
1	36046496	7	CT
1	36046557	61	TG
1	36046898	341	CG
1	36046962	64	GA
1	36047297	271	CG
1	36047341	44	GT
1	36047495	154	GT
1	36047532	37	GT
1	36047760	228	AG
1	36047843	83	GA
1	36047904	61	GA
1	36047918	14	TC
1	36047943	25	CT
1	36048042	99	CT
1	36048044	2	TC
1	36048175	131	CG
1	36048384	209	GC
1	36048387	3	CG
1	36048404	17	AG
1	36048425	21	AC
1	36048583	158	AG
1	36048674	91	TC
1	36048678	4	GA
1	36048704	26	GC
1	36049298	160	AG
1	36049914	616	TC
1	36050665	309	TC
1	36053795	2792	TC
1	36054420	625	GA
1	36055108	688	AG
1	36056077	569	AG
1	36056498	421	CG
1	36056530	32	AG
1	36056651	121	AG
1	36058185	983	GA
1	36058621	436	GA
1	36059522	901	GC
1	36060536	296	CT
1	36060537	1	TC
1	36061526	799	AT
1	36062520	399	TC
1	36063292	358	TC
1	36063294	2	AG
1	36076415	9972	GA
1	36079871	2936	CA
1	36086505	5760	TG
1	36092376	4335	GA
1	36094777	2288	GA
1	36094921	144	GA
1	36094974	53	GA
1	36095788	814	TC
1	36097142	917	TC
1	36097371	229	AG
1	36099494	1893	AG
1	36101518	2024	CA
1	36102030	375	TC
1	36110393	4586	GA
1	36111148	714	TG
1	36112730	1055	CT
1	36115480	2256	CT
1	36116618	887	GT
1	36168228	38815	GA
1	36186213	12178	GC
1	36195158	7948	TC
1	36197255	2076	CT
1	36201722	4467	AT
1	36215259	11766	CT
1	36257814	31387	GT
1	36258985	695	CT
1	36271490	9739	CT
1	36308801	25547	GA
1	36343570	18236	CT
1	36344572	338	GA
1	36387238	17980	AG
1	36427892	22413	AG
1	36431463	2086	AT
1	36434288	2012	GA
1	36446842	6507	GA
1	36455688	3366	CA
1	36475782	12532	GA
1	36477564	998	GT
1	36480656	1299	AC
1	36481122	445	GA
1	36482301	849	GA
1	36483468	632	CG
1	36484670	1202	AG
1	36485236	522	GT
1	36485971	585	GA
1	36486256	285	GA
1	36487051	777	CT
1	36487128	77	GA
1	36487211	83	TC
1	36487371	160	GA
1	36492828	3110	CA
1	36493127	299	TC
1	36493397	270	GA
1	36493425	28	CT
1	36494376	646	TA
1	36494500	124	TC
1	36494584	84	CT
1	36494677	93	AG
1	36494818	141	AG
1	36494853	35	GA
1	36494974	121	TA
1	36495103	129	CT
1	36495192	89	CT
1	36495248	56	TC
1	36500864	1299	TC
1	36501783	574	CT
1	36502333	203	CT
1	36502501	168	AG
1	36503492	287	TA
1	36503692	200	CA
1	36503827	135	CA
1	36503935	108	AG
1	36504054	119	TC
1	36507964	3910	GA
1	36508472	486	CT
1	36509828	926	TC
1	36510468	640	CG
1	36511642	260	AG
1	36513275	1535	GA
1	36513305	30	GT
1	36513333	28	GA
1	36513966	576	CT
1	36514283	256	TC
1	36515481	458	AG
1	36523455	5839	CG
1	36526440	1373	TC
1	36527131	85	CT
1	36527181	50	TC
1	36530259	808	CT
1	36530318	59	GA
1	36530320	2	TC
1	36530459	139	AC
1	36530478	19	AC
1	36530605	127	CT
1	36530923	87	CG
1	36531943	463	GC
1	36532096	153	AT
1	36532235	50	AG
1	36532921	686	CT
1	36535341	1154	AG
1	36536490	304	AG
1	36536563	73	GA
1	36537322	453	CT
1	36537465	96	CT
1	36539115	161	AG
1	36539220	105	AT
1	36539414	194	CG
1	36539869	455	CA
1	36539913	44	AC
1	36540107	194	TC
1	36541294	522	AG
1	36541449	108	CT
1	36541499	50	GC
1	36542053	554	CT
1	36542107	54	GA
1	36542156	49	AG
1	36542255	99	GA
1	36542320	65	TA
1	36542434	114	TC
1	36542926	492	CT
1	36544034	1091	AG
1	36545094	215	GA
1	36545120	26	TC
1	36545135	15	CA
1	36545843	75	GT
1	36545997	154	TA
1	36546483	208	TC
1	36548477	1139	GC
1	36549823	614	CT
1	36554153	1071	GA
1	36555109	956	CT
1	36555683	301	TC
1	36555962	279	AC
1	36556472	510	AG
1	36556709	237	TC
1	36557062	353	TC
1	36557279	217	GA
1	36575974	9871	GA
1	36575978	4	GT
1	36577970	1121	AT
1	36578881	504	TC
1	36578922	41	CT
1	36579103	181	GA
1	36579162	59	GC
1	36579176	14	TC
1	36579408	83	TC
1	36581612	321	CT
1	36585726	787	AG
1	36586467	489	CG
1	36586880	413	AT
1	36586909	29	CG
1	36586913	4	CG
1	36586933	20	CT
1	36586967	34	CT
1	36587025	58	CT
1	36587026	1	AT
1	36587693	267	AG
1	36588102	409	CT
1	36589005	867	AG
1	36589555	550	GT
1	36589607	52	TC
1	36589664	57	CT
1	36589976	312	CG
1	36590113	137	GA
1	36590228	115	TC
1	36590245	17	TC
1	36590247	2	TA
1	36590298	51	CA
1	36590878	297	AG
1	36595232	2081	CT
1	36596319	791	GA
1	36598660	960	GA
1	36600983	1593	CT
1	36602185	477	TA
1	36603181	996	CT
1	36610463	4000	GA
1	36612904	1314	TC
1	36615410	659	AT
1	36621782	5279	AG
1	36622708	926	AT
1	36622943	235	CA
1	36625398	714	AC
1	36626499	427	TA
1	36628412	660	AG
1	36628489	77	CT
1	36629248	398	CT
1	36629289	41	GA
1	36630906	993	GA
1	36631120	214	AG
1	36634561	1227	GA
1	36635648	648	AG
1	36637572	1789	TA
1	36638095	523	TC
1	36638117	22	CT
1	36638731	525	GA
1	36642207	1299	GA
1	36642282	75	CA
1	36643259	925	TA
1	36643398	139	GA
1	36643823	298	AG
1	36644254	431	GT
1	36644276	22	CT
1	36646293	1769	CA
1	36646654	361	CT
1	36646865	123	CT
1	36646984	119	TC
1	36647229	245	AG
1	36647925	363	CG
1	36649185	568	TA
1	36649321	136	AG
1	36649717	396	GA
1	36649832	115	AG
1	36652447	818	AC
1	36653543	861	GA
1	36654431	152	CT
1	36654772	341	GA
1	36656202	853	AC
1	36656348	146	AG
1	36656640	292	TC
1	36656842	202	GA
1	36658087	529	AG
1	36658586	499	GT
1	36659940	1054	CT
1	36660802	528	CT
1	36662381	937	AG
1	36662997	595	GA
1	36663596	599	GA
1	36665307	1440	TA
1	36667395	1104	GT
1	36667396	1	GT
1	36671243	2708	AG
1	36674375	2817	AT
1	36675041	382	TG
1	36677111	2070	AG
1	36678194	674	CG
1	36679170	924	GC
1	36680307	355	GA
1	36680968	661	TC
1	36681973	685	GC
1	36690092	440	GT
1	36693523	2337	GA
1	36693641	118	GA
1	36693693	52	GA
1	36693831	138	GA
1	36694509	678	CG
1	36695300	791	AG
1	36696251	370	GC
1	36696388	137	CA
1	36696709	180	GA
1	36696717	8	TC
1	36697013	296	CT
1	36697802	789	CT
1	36698599	797	CT
1	36699136	252	TC
1	36699289	113	AT
1	36699353	64	GA
1	36699436	83	GA
1	36699951	515	AG
1	36700208	257	GA
1	36700565	357	TC
1	36700948	383	CT
1	36700953	5	TC
1	36702298	960	CT
1	36702305	7	CT
1	36702324	19	GC
1	36702467	143	GA
1	36702487	20	GC
1	36704052	642	AT
1	36704432	380	AT
1	36704461	29	AG
1	36704499	38	AG
1	36705076	378	CT
1	36705279	203	TA
1	36706727	458	AG
1	36708045	377	CG
1	36708083	38	TC
1	36709392	486	GA
1	36709545	153	CT
1	36709955	159	TC
1	36711110	110	CA
1	36711519	367	CT
1	36712197	295	CT
1	36712266	69	GA
1	36712904	638	GA
1	36714870	1776	CT
1	36718645	2443	GA
1	36719988	1343	TC
1	36720229	241	GA
1	36722521	1652	AG
1	36722788	232	AG
1	36726528	1815	CT
1	36728104	1230	AG
1	36728661	195	TG
1	36728841	180	GA
1	36729263	386	CT
1	36729271	8	TC
1	36738812	3090	GA
1	36740598	1039	AG
1	36740695	97	CT
1	36741454	515	GA
1	36741505	51	GT
1	36741584	79	AT
1	36745935	2048	AG
1	36746086	151	GC
1	36747841	1627	CG
1	36748172	331	GA
1	36748178	6	GA
1	36749890	134	TC
1	36759104	435	TC
1	36759265	161	GA
1	36759446	181	TG
1	36759808	283	CT
1	36760000	192	AG
1	36760205	205	AG
1	36760361	156	GA
1	36761473	497	GC
1	36761538	65	GA
1	36761567	29	CG
1	36761599	32	AG
1	36761610	11	CT
1	36761623	13	CT
1	36761626	3	CT
1	36761661	35	AT
1	36761730	69	CT
1	36762350	154	TG
1	36762707	302	TC
1	36762756	49	GC
1	36762925	169	AG
1	36762946	21	CG
1	36763729	629	AC
1	36764048	319	AG
1	36764555	507	AG
1	36764784	229	AG
1	36770504	4149	AT
1	36770796	292	GA
1	36770930	134	AG
1	36771916	706	GA
1	36772078	162	GT
1	36773239	999	CT
1	36776068	1652	TC
1	36776126	58	GA
1	36778288	2162	GA
1	36779076	788	AG
1	36789282	5227	AG
1	36789818	508	GA
1	36797808	2039	TA
1	36801691	1397	AG
1	36803864	1539	AT
1	36805377	1490	GT
1	36806119	719	GT
1	36810833	2731	AG
1	36811273	353	CT
1	36811305	32	AG
1	36824109	7828	AG
1	36901796	34744	TC
1	36908794	4160	TA
1	36919876	8688	GA
1	36948827	19345	TC
1	36950804	1608	TG
1	36960728	7483	GA
1	36977286	10557	TC
1	36978130	844	GA
1	36986535	6425	TC
1	36987895	1360	GC
1	36987938	43	AG
1	36997801	7414	AG
1	36999154	1353	CT
1	37000040	835	CT
1	37000814	774	GT
1	37001034	220	GA
1	37002077	199	TG
1	37006511	1443	CT
1	37006612	101	TC
1	37008027	1174	GA
1	37008388	361	CT
1	37009200	675	CT
1	37009236	36	GA
1	37009955	719	AG
1	37010157	202	TG
1	37012268	990	TC
1	37013312	666	TA
1	37013825	513	TG
1	37013952	127	AG
1	37020875	1163	CG
1	37021122	178	AG
1	37021315	193	CG
1	37021971	656	CG
1	37022611	498	GC
1	37023337	443	CT
1	37023451	114	GA
1	37023512	61	GA
1	37027984	3638	CG
1	37028617	633	GA
1	37028743	126	CT
1	37029838	1095	CT
1	37030958	933	GA
1	37031382	424	GT
1	37031734	352	TC
1	37032083	313	TG
1	37032268	185	TA
1	37032398	130	GA
1	37032601	203	GA
1	37032679	78	GA
1	37032694	15	CT
1	37032947	253	AG
1	37032966	19	TC
1	37035043	1974	GA
1	37100462	51742	GA
1	37105281	4756	AG
1	37116468	8433	GA
1	37116872	404	AC
1	37116900	28	AG
1	37117991	556	GA
1	37118062	71	AG
1	37118119	57	CT
1	37118391	272	AG
1	37118631	240	TC
1	37118968	337	CA
1	37119022	54	TC
1	37119269	247	TC
1	37119346	77	AG
1	37119428	82	GA
1	37119574	146	GA
1	37119630	56	TC
1	37119888	258	AT
1	37119987	99	CT
1	37120042	55	CT
1	37120197	155	AT
1	37120544	347	GA
1	37120627	83	GA
1	37120680	53	GA
1	37121729	734	AG
1	37121851	122	CT
1	37122194	286	GA
1	37124298	1622	GC
1	37127708	2750	TA
1	37139723	10322	TG
1	37140695	972	TC
1	37140940	245	CT
1	37145953	4337	AG
1	37149400	2000	AG
1	37160548	7358	GA
1	37161169	621	GA
1	37164777	3245	AC
1	37165707	898	CT
1	37170086	4191	AG
1	37172452	2299	TC
1	37173620	629	CT
1	37174736	1024	CT
1	37175097	344	TG
1	37176359	732	CT
1	37176403	44	AG
1	37176550	147	CT
1	37176836	253	GC
1	37176884	48	GC
1	37176901	17	CT
1	37177002	101	AG
1	37177003	1	CT
1	37177018	15	GA
1	37177036	18	AG
1	37177053	17	GA
1	37177297	244	AG
1	37177335	38	GA
1	37177433	98	CT
1	37177584	151	AG
1	37177600	16	AC
1	37177747	147	GA
1	37178276	529	TA
1	37178300	24	AG
1	37178302	2	CT
1	37178517	215	GA
1	37178518	1	AG
1	37179318	303	AC
1	37179781	463	GA
1	37180229	448	AG
1	37180903	674	TG
1	37181009	106	CG
1	37181499	490	AG
1	37181770	271	TA
1	37181873	103	TC
1	37182227	354	GA
1	37182232	5	AG
1	37183714	1208	CT
1	37184867	1028	GA
1	37185107	174	GA
1	37185553	332	AG
1	37187156	1150	CT
1	37187580	424	GC
1	37187877	297	AC
1	37187994	117	GA
1	37188168	174	CT
1	37188182	14	AG
1	37188301	119	GA
1	37188307	6	CT
1	37200136	10533	GA
1	37201086	950	TC
1	37203172	1660	AG
1	37203450	278	GA
1	37204508	1058	CT
1	37204652	144	AG
1	37205154	188	GC
1	37205369	215	GA
1	37205490	121	GA
1	37205663	173	GA
1	37206562	820	AG
1	37206677	115	GA
1	37206792	115	CT
1	37206946	154	CT
1	37207583	637	GA
1	37207708	125	AG
1	37207754	46	CT
1	37207861	38	GA
1	37208051	190	AG
1	37208052	1	TG
1	37208269	217	CT
1	37208595	326	GA
1	37208858	263	CT
1	37209548	654	TG
1	37209557	9	TC
1	37209699	142	CG
1	37210026	290	AG
1	37210139	113	TC
1	37210690	456	GA
1	37210710	20	TC
1	37210719	9	GC
1	37210953	234	CT
1	37210965	12	CT
1	37211114	149	TC
1	37211273	159	AG
1	37212830	1478	AG
1	37214720	932	CT
1	37214992	232	AG
1	37214993	1	GT
1	37215081	88	CA
1	37215199	118	GA
1	37216000	583	CT
1	37216378	378	GA
1	37216649	271	CT
1	37217762	1065	GA
1	37218587	750	GT
1	37221341	1814	AG
1	37221358	17	AG
1	37221429	71	TG
1	37222325	525	GA
1	37222399	74	GA
1	37222577	178	TC
1	37222638	61	GT
1	37222644	6	AG
1	37223249	605	GA
1	37223384	135	AC
1	37223620	236	TA
1	37224079	148	TC
1	37226543	1991	TC
1	37227653	1110	GA
1	37236115	7794	TC
1	37236287	172	TC
1	37236418	131	TC
1	37236858	411	CT
1	37242691	5568	CT
1	37242994	303	CT
1	37245161	1997	CT
1	37248122	2906	GA
1	37248326	204	CA
1	37253454	5075	GA
1	37258534	4750	GA
1	37261195	2325	AT
1	37261762	567	GA
1	37261897	135	GA
1	37263038	1141	GA
1	37263942	848	CA
1	37265961	1982	CG
1	37267601	1640	GT
1	37269736	1962	GA
1	37269912	176	CT
1	37270209	297	AC
1	37270396	187	AG
1	37270798	402	CT
1	37271077	279	AG
1	37271182	105	GC
1	37271487	305	CG
1	37272119	632	GA
1	37272160	41	GA
1	37272281	121	GA
1	37272306	25	GA
1	37272686	282	CT
1	37273293	182	AG
1	37273351	58	CT
1	37273446	95	AG
1	37273614	168	AG
1	37273751	137	CG
1	37273785	34	AG
1	37274069	284	GA
1	37274280	211	GA
1	37274694	272	AG
1	37275008	188	CT
1	37275554	501	CT
1	37276048	161	GC
1	37276070	22	CT
1	37276524	159	AC
1	37276571	47	CG
1	37276740	169	TG
1	37276948	208	GA
1	37276993	45	TC
1	37277207	214	GA
1	37277240	33	TC
1	37277286	46	AG
1	37277753	467	GC
1	37278286	145	TC
1	37278301	15	AC
1	37278809	508	CT
1	37278810	1	CG
1	37278833	23	AG
1	37278849	16	CT
1	37278864	15	AG
1	37279179	315	GT
1	37279341	120	AG
1	37279373	32	TC
1	37279431	58	CT
1	37279537	106	AG
1	37279800	263	AC
1	37279923	123	CT
1	37281841	1013	TC
1	37283091	596	AG
1	37287180	1018	CT
1	37287235	55	TC
1	37287260	25	GT
1	37287288	28	AG
1	37287345	57	CG
1	37287577	232	GC
1	37287625	48	TC
1	37287940	103	GA
1	37287998	58	AG
1	37288260	262	AG
1	37288466	206	CT
1	37288686	220	CG
1	37289070	384	GT
1	37292983	2174	GA
1	37303543	5644	CG
1	37303609	66	TC
1	37303906	297	GT
1	37303937	31	CT
1	37303952	15	GA
1	37304206	254	GA
1	37304570	364	AC
1	37304828	258	AC
1	37305143	72	GA
1	37306843	722	AG
1	37306916	73	CT
1	37307688	772	GA
1	37309351	1537	CG
1	37309451	100	GA
1	37309483	32	GA
1	37309688	205	GC
1	37310199	470	AT
1	37310394	195	TA
1	37310418	24	TC
1	37310585	167	CT
1	37310607	22	GT
1	37311057	450	GT
1	37311476	419	CT
1	37311489	13	CA
1	37313864	2375	GC
1	37314316	452	GC
1	37314387	71	CT
1	37315951	1425	TC
1	37317303	1322	GA
1	37319636	2078	AG
1	37319653	17	CT
1	37319778	125	TG
1	37320192	414	CG
1	37320551	359	CT
1	37320621	70	CT
1	37322836	2049	GA
1	37322973	137	AC
1	37323090	117	CG
1	37325010	1813	GA
1	37325885	875	TC
1	37325933	48	CT
1	37326282	349	AG
1	37326765	452	GA
1	37326814	49	GA
1	37327895	721	CT
1	37328912	326	TC
1	37329646	247	CT
1	37329696	50	CT
1	37330218	343	GA
1	37331511	1105	GA
1	37332611	1043	CT
1	37333386	775	CG
1	37334053	441	GA
1	37335111	1058	GA
1	37335881	738	GT
1	37337490	1132	TC
1	37337619	129	AT
1	37338607	988	CT
1	37338611	4	AG
1	37338819	208	GT
1	37338852	33	AG
1	37339494	642	TC
1	37344992	5235	TC
1	37349353	3744	TC
1	37355909	2554	CT
1	37359140	2693	TG
1	37361683	2081	TC
1	37367265	3860	GA
1	37368100	243	CA
1	37368749	649	CT
1	37373013	901	CG
1	37373202	189	CT
1	37373297	95	GA
1	37373684	387	GA
1	37373763	79	CG
1	37373854	91	TC
1	37373971	117	AG
1	37374164	193	TC
1	37374181	17	TC
1	37374535	354	GA
1	37374743	208	GA
1	37374752	9	CT
1	37376023	1137	CA
1	37376831	439	AC
1	37377343	104	GA
1	37378670	122	CA
1	37379616	888	TG
1	37382503	2577	GT
1	37382830	273	TC
1	37382960	60	AT
1	37388087	1199	TC
1	37388329	242	GA
1	37388330	1	AG
1	37388772	246	TC
1	37389748	755	GA
1	37390428	384	AC
1	37391065	264	AC
1	37391166	101	AT
1	37391299	133	GA
1	37391389	90	TC
1	37391992	603	AG
1	37392020	28	TC
1	37392408	271	TC
1	37392516	108	AT
1	37392740	224	CT
1	37392808	68	GC
1	37393015	207	TC
1	37394296	1281	CA
1	37400486	4849	TA
1	37400545	59	AC
1	37400646	101	AC
1	37400658	12	AG
1	37411023	3965	TG
1	37416904	3391	TG
1	37417053	149	GA
1	37418533	1239	CG
1	37418588	55	TG
1	37418765	177	TC
1	37419734	606	TG
1	37420069	335	AC
1	37420876	807	AG
1	37421235	359	TC
1	37422389	1154	TG
1	37423159	356	TC
1	37423357	198	CT
1	37423405	48	TC
1	37423654	249	GA
1	37423754	100	GA
1	37424140	386	TC
1	37425735	1188	CG
1	37425888	153	CT
1	37426089	201	GA
1	37426206	117	CG
1	37426351	145	CT
1	37426395	44	AG
1	37426759	364	AG
1	37426789	30	CT
1	37426993	204	TC
1	37427049	56	GA
1	37427080	31	CT
1	37427174	94	TC
1	37427229	55	TC
1	37427272	43	TC
1	37427282	10	CT
1	37427344	62	GA
1	37427366	22	TC
1	37427581	215	GA
1	37428171	516	AG
1	37429862	818	GA
1	37430042	180	GA
1	37430075	33	TC
1	37430090	15	AG
1	37430121	31	GA
1	37430165	44	AG
1	37430202	37	CA
1	37430252	50	AT
1	37430284	32	CT
1	37440435	114	GC
1	37441295	347	CA
1	37441341	46	GA
1	37441720	379	AG
1	37441862	142	TC
1	37442283	421	AG
1	37442288	5	TC
1	37443245	641	CT
1	37443344	99	AG
1	37443416	72	CT
1	37443488	72	TC
1	37445305	1134	CT
1	37446860	930	GA
1	37455196	2157	CT
1	37456409	1213	TA
1	37456490	81	TC
1	37462241	2705	GT
1	37463648	1375	TC
1	37471172	365	GA
1	37488394	6324	GT
1	37489732	679	AG
1	37490392	660	GT
1	37493326	2053	GA
1	37497717	4205	AT
1	37498008	291	GC
1	37500845	1717	GC
1	37505185	2062	TC
1	37507026	1471	TA
1	37508099	744	TC
1	37525143	4244	TC
1	37529083	1281	TA
1	37529963	403	CT
1	37530329	366	CT
1	37531432	547	GC
1	37531546	114	CT
1	37531871	211	AG
1	37532149	278	TG
1	37533828	1679	TC
1	37534107	279	GA
1	37536082	1423	GC
1	37537724	1408	TC
1	37537946	222	GT
1	37538323	265	GA
1	37540955	1591	TA
1	37541321	366	TC
1	37543944	1927	CT
1	37546089	1223	CA
1	37546651	562	AG
1	37547954	658	CA
1	37552279	3100	GA
1	37552436	157	AG
1	37555378	790	CT
1	37555619	241	GA
1	37565442	1903	GA
1	37565623	181	AG
1	37566018	136	CT
1	37566068	50	CT
1	37566110	42	CT
1	37566227	117	AG
1	37567792	286	CG
1	37568227	435	TC
1	37569441	1214	GA
1	37569788	347	AG
1	37570881	568	GA
1	37572227	153	GA
1	37572429	202	GA
1	37572452	23	GA
1	37573090	319	CG
1	37573266	176	GC
1	37573429	163	TC
1	37573447	18	CT
1	37574952	416	CG
1	37575695	389	TC
1	37575766	71	GT
1	37577880	1072	AT
1	37577882	2	TC
1	37579202	915	GA
1	37579775	573	TA
1	37579794	19	AG
1	37584664	1590	TC
1	37588676	431	AG
1	37592886	1211	GA
1	37592961	75	GT
1	37601493	4023	CT
1	37619744	4154	AG
1	37620479	735	TC
1	37621814	686	GA
1	37624560	1542	GA
1	37625818	1258	CT
1	37625847	29	CT
1	37626034	187	CT
1	37626087	53	TC
1	37626628	541	CT
1	37627534	876	AG
1	37627746	212	AG
1	37627763	17	CT
1	37627909	146	CT
1	37628362	453	TC
1	37628545	183	TC
1	37628562	17	AC
1	37628572	10	AC
1	37629687	623	CT
1	37630562	800	AG
1	37630789	148	TC
1	37630864	75	AG
1	37631708	651	TA
1	37632379	671	GC
1	37632975	596	TC
1	37633100	125	CT
1	37633438	338	CG
1	37634120	340	GA
1	37637910	1846	CT
1	37638105	120	GA
1	37646058	1261	GT
1	37646218	160	TC
1	37646972	530	TA
1	37660545	6676	AG
1	37660737	192	AT
1	37669185	1817	TC
1	37671103	833	TA
1	37673331	1259	GA
1	37673574	243	AC
1	37674770	867	TC
1	37676674	969	CT
1	37677854	1180	GA
1	37679827	1872	AG
1	37680366	521	CT
1	37681081	691	AG
1	37683520	1614	TA
1	37683525	5	TA
1	37684036	511	GC
1	37685288	686	CT
1	37685904	579	TA
1	37686907	245	AG
1	37687014	107	CT
1	37687105	91	AG
1	37687872	508	TC
1	37688008	94	CA
1	37688683	321	TC
1	37688845	162	GA
1	37689242	397	CT
1	37689263	21	GA
1	37691345	1643	GA
1	37691546	167	TC
1	37694204	1355	AG
1	37694974	462	GA
1	37695013	39	CG
1	37695493	480	AT
1	37695703	210	AG
1	37695849	109	CT
1	37696230	381	CT
1	37696925	600	TC
1	37698149	454	CT
1	37699106	551	CA
1	37699114	8	AC
1	37699347	213	TC
1	37699389	42	CT
1	37699395	6	GC
1	37699514	54	CG
1	37700427	286	TC
1	37700449	22	CT
1	37700582	133	TC
1	37701118	536	TC
1	37701601	162	GA
1	37701981	380	CT
1	37702388	407	CT
1	37702462	74	AT
1	37702473	11	AG
1	37702597	124	TA
1	37703294	697	TC
1	37703820	526	GT
1	37704109	253	AG
1	37704373	264	AT
1	37704793	347	TC
1	37704836	43	GA
1	37704846	10	TC
1	37706542	913	AG
1	37707025	179	GA
1	37707494	130	AG
1	37707760	104	GA
1	37707871	111	CT
1	37708644	568	AG
1	37710421	1188	CT
1	37712435	575	CT
1	37712797	155	CT
1	37720229	4842	TA
1	37721461	384	CT
1	37722082	621	GC
1	37722084	2	GA
1	37724264	1855	AT
1	37724292	28	CA
1	37724521	212	TC
1	37730373	1947	GA
1	37730385	12	GT
1	37732129	111	GA
1	37733649	960	TA
1	37737260	2997	AC
1	37741692	4349	AG
1	37744725	2791	AG
1	37752210	5137	CA
1	37752297	87	CT
1	37755319	2249	GA
1	37757312	1348	TC
1	37764974	2669	GA
1	37767045	666	AT
1	37767973	406	GA
1	37768879	143	CA
1	37773524	2981	TG
1	37774593	1014	CT
1	37776317	1630	AC
1	37782136	3650	AG
1	37782915	779	AC
1	37784146	1231	TC
1	37784439	293	AC
1	37787249	2303	AC
1	37788844	1169	GC
1	37789900	1056	TC
1	37793561	1977	TC
1	37794690	984	GT
1	37801884	4782	CG
1	37802799	577	TC
1	37805119	1412	TG
1	37808888	577	GA
1	37818909	5523	AG
1	37827687	6304	AT
1	37828710	1023	AG
1	37830188	1410	TC
1	37835012	4411	TC
1	37837533	1657	TC
1	37837818	285	GA
1	37838756	540	TA
1	37838928	172	AG
1	37838991	63	CT
1	37842198	940	AT
1	37844801	660	AT
1	37844947	146	GC
1	37845400	453	GA
1	37845798	398	AC
1	37846364	319	CT
1	37846425	61	GA
1	37846985	269	AT
1	37847567	582	AG
1	37847812	245	TC
1	37847829	17	TA
1	37847975	146	TC
1	37848444	469	AT
1	37848593	149	TC
1	37848740	147	CT
1	37850533	1227	TG
1	37850948	384	CT
1	37853478	1568	CG
1	37855802	1199	AC
1	37856574	471	GA
1	37858550	1858	CA
1	37861604	2504	CT
1	37874533	4972	CT
1	37877154	2088	CT
1	37877309	155	GA
1	37879377	2068	GT
1	37880953	714	AC
1	37883454	1738	CT
1	37883461	7	AG
1	37887177	1912	GA
1	37887521	344	GC
1	37890575	2480	CT
1	37891628	973	CT
1	37892070	442	CA
1	37900624	3723	CT
1	37901079	455	GA
1	37901618	539	AG
1	37904224	1090	GA
1	37908898	1799	GA
1	37910636	1067	GA
1	37912271	1635	GC
1	37915524	2152	TC
1	37923849	1137	AC
1	37926758	1301	AT
1	37927060	302	CT
1	37931429	2715	CT
1	37940936	1810	CG
1	37951126	1981	GA
1	37951737	322	AC
1	37954978	2440	TC
1	37956662	685	GA
1	37957738	1076	CT
1	37958683	945	TC
1	37962282	927	CT
1	37969553	1503	CT
1	37980619	5125	CT
1	37994567	5955	GA
1	38010220	6500	AT
1	38014544	2793	CT
1	38018085	2609	GA
1	38018350	265	AG
1	38022007	3602	CT
1	38028289	4803	AG
1	38031584	978	TC
1	38044284	7077	CT
1	38045674	1390	AG
1	38050164	2415	AG
1	38056414	3719	TG
1	38056976	287	TC
1	38057040	64	AG
1	38058137	1097	AG
1	38059160	996	CT
1	38060030	776	GA
1	38060699	523	AT
1	38062409	865	TG
1	38064841	1357	CG
1	38068371	2338	AC
1	38068372	1	TC
1	38068474	102	GA
1	38069186	541	CT
1	38069204	18	AG
1	38069706	502	CT
1	38070047	341	GA
1	38071695	1207	GA
1	38071883	188	CT
1	38074610	1808	AG
1	38074642	32	GC
1	38077220	1136	GA
1	38080819	1185	GT
1	38080870	51	CG
1	38081012	142	AC
1	38084994	1237	TA
1	38086188	904	CT
1	38087310	852	CG
1	38088589	1279	CT
1	38088605	16	AG
1	38090176	1335	AT
1	38092847	1207	GA
1	38094869	1985	AG
1	38095218	305	AC
1	38095896	678	CT
1	38097428	1057	CA
1	38098329	573	CA
1	38099308	979	TG
1	38099450	142	CT
1	38099666	216	TG
1	38099684	18	GA
1	38101285	1601	GA
1	38102417	926	GA
1	38102718	301	CA
1	38104625	1686	GA
1	38106555	1890	CT
1	38107017	462	TC
1	38107100	83	TA
1	38111772	3599	TC
1	38116319	3359	TC
1	38120800	2265	TC
1	38123956	1232	CG
1	38130024	5139	GA
1	38131684	1258	CG
1	38135174	843	AG
1	38135586	412	AG
1	38135678	92	TC
1	38136206	484	AC
1	38136930	724	CG
1	38144622	1305	CT
1	38144745	123	TG
1	38145052	278	TC
1	38145374	274	TC
1	38145404	30	TC
1	38146218	311	AT
1	38146336	118	GA
1	38146413	77	AT
1	38148201	352	GA
1	38149273	1072	GA
1	38155139	4659	TA
1	38155202	63	GC
1	38157780	2477	CT
1	38163071	3195	CT
1	38164014	475	TC
1	38167437	2200	CG
1	38169189	863	AG
1	38174153	2653	TC
1	38174700	547	AG
1	38178737	1429	GC
1	38179952	1215	GA
1	38180918	219	GT
1	38183721	2015	AG
1	38183843	122	CT
1	38185618	838	GA
1	38190088	1147	TC
1	38191638	683	AG
1	38193247	844	AC
1	38193441	194	GC
1	38196019	870	TC
1	38196890	432	TC
1	38199124	1520	AG
1	38199705	581	AT
1	38200243	538	GA
1	38200397	154	AC
1	38200836	439	CG
1	38201708	510	GA
1	38202309	601	AC
1	38202948	399	GA
1	38203694	698	GA
1	38205670	785	AG
1	38205725	55	TC
1	38206063	79	GC
1	38206100	37	TC
1	38207371	738	CG
1	38207598	227	AG
1	38207729	131	AG
1	38209803	1749	CT
1	38210166	70	AT
1	38210567	110	GA
1	38217325	473	GA
1	38217367	42	AG
1	38217409	42	CT
1	38217472	63	CT
1	38218230	758	GA
1	38220778	1272	TC
1	38221678	304	TC
1	38230412	4437	CG
1	38230895	483	AG
1	38230911	16	GA
1	38232078	1167	AT
1	38232404	326	TA
1	38237547	4098	TA
1	38242463	3050	AG
1	38249891	6913	AG
1	38258356	7075	CG
1	38260070	1714	GA
1	38261138	1068	TC
1	38263995	2269	GC
1	38265096	786	CT
1	38266090	515	GA
1	38268606	2170	CT
1	38269150	544	GC
1	38272776	3360	TA
1	38272897	121	GA
1	38273062	165	TC
1	38273177	115	GA
1	38277927	3526	AT
1	38278385	424	TC
1	38278980	595	CG
1	38282862	3703	CT
1	38283778	916	GA
1	38284958	1125	GA
1	38289820	3537	TG
1	38289961	141	TC
1	38291176	1215	CT
1	38293172	1395	TC
1	38295694	1571	TC
1	38296164	144	GC
1	38296539	249	TC
1	38297577	768	CT
1	38300942	2654	TA
1	38303202	2186	AC
1	38309714	4799	TA
1	38309716	2	CT
1	38312076	1398	CT
1	38313080	630	GA
1	38315480	1443	CA
1	38318076	687	GC
1	38320461	1170	TC
1	38321805	195	CT
1	38322976	864	CT
1	38323141	165	GA
1	38336572	4650	TC
1	38338730	1465	GC
1	38340610	1682	GA
1	38342553	971	TC
1	38343717	1130	TC
1	38344223	454	GA
1	38344466	203	AG
1	38344609	143	AT
1	38346653	447	CT
1	38347653	506	AG
1	38349343	1663	AG
1	38349361	18	AT
1	38349473	112	CA
1	38351255	1475	AG
1	38354439	3042	TC
1	38355180	345	AC
1	38356505	633	GA
1	38356507	2	AG
1	38356978	435	TA
1	38357072	94	GA
1	38359685	2590	AC
1	38360607	772	CA
1	38360842	235	AT
1	38360858	16	AG
1	38360953	95	GA
1	38361227	274	AG
1	38361315	88	GA
1	38362336	498	TG
1	38362341	5	GA
1	38362414	73	GA
1	38362526	112	AT
1	38362660	134	CT
1	38362662	2	AG
1	38362787	125	GT
1	38363419	195	CT
1	38364092	248	AG
1	38364107	15	GA
1	38364146	39	GA
1	38364325	179	AG
1	38367053	907	TA
1	38367158	105	CT
1	38367791	308	CT
1	38368094	303	AG
1	38368114	20	TC
1	38369989	994	GT
1	38370024	35	GT
1	38370147	123	AT
1	38370235	88	CA
1	38371180	945	TC
1	38371268	88	CT
1	38374408	2226	GA
1	38374690	190	AG
1	38374936	246	GA
1	38375294	13	GA
1	38375594	300	GA
1	38375601	7	TC
1	38375846	30	CT
1	38375851	5	GT
1	38375854	3	TA
1	38376943	815	CA
1	38378190	448	AT
1	38379351	567	GT
1	38379373	22	AG
1	38379604	231	GT
1	38380271	459	GA
1	38382753	1715	GA
1	38386343	2381	AC
1	38389528	1893	CT
1	38391121	896	GA
1	38392986	1278	TA
1	38393560	200	CA
1	38393909	349	GC
1	38396263	1112	TG
1	38399540	2420	CA
1	38402655	621	GA
1	38404387	1366	CT
1	38404948	561	CT
1	38406635	1225	TC
1	38406848	213	CT
1	38408189	822	TA
1	38411250	1720	AG
1	38412513	1166	GC
1	38412662	149	TC
1	38412796	134	GC
1	38414567	1359	AG
1	38414620	53	AT
1	38414770	150	AG
1	38414869	99	GA
1	38415194	325	AG
1	38417942	1025	AG
1	38418072	130	AG
1	38419825	1642	AG
1	38419836	11	AG
1	38419963	127	AC
1	38420126	163	TC
1	38420397	218	GA
1	38420588	191	GA
1	38420782	97	AG
1	38425705	1941	AG
1	38426418	713	GT
1	38427286	407	CT
1	38427922	473	GA
1	38428068	146	AT
1	38428719	651	GT
1	38430530	1161	TC
1	38431068	538	GA
1	38431129	61	GT
1	38431661	319	TC
1	38431739	78	AG
1	38432134	395	GT
1	38435679	1750	CT
1	38437865	948	AT
1	38439361	51	TC
1	38440419	712	GA
1	38447475	5248	GT
1	38447609	134	AG
1	38450085	1370	TC
1	38450673	588	TC
1	38450745	72	TC
1	38450960	215	TC
1	38451083	123	AG
1	38454104	1948	GA
1	38454182	78	GC
1	38459240	4460	GA
1	38461785	1336	AG
1	38465199	2515	AG
1	38469164	3129	CT
1	38481813	10335	GA
1	38482297	484	TC
1	38483014	717	GT
1	38503279	14411	AC
1	38505495	1981	AG
1	38510652	4536	TC
1	38514736	3919	GC
1	38517809	2442	GA
1	38518699	564	CT
1	38521856	2892	TA
1	38523909	1544	TC
1	38529701	4193	TC
1	38532567	2631	AG
1	38538663	4974	GC
1	38538919	256	GA
1	38539288	369	AG
1	38543838	2654	GA
1	38556547	5599	GA
1	38560681	2576	TG
1	38564676	1683	AG
1	38585015	9535	TG
1	38585831	438	AG
1	38589165	1093	GA
1	38605467	6136	TC
1	38605620	153	CT
1	38605653	33	CT
1	38605701	48	GA
1	38606002	301	GC
1	38609700	1169	CA
1	38609986	286	TG
1	38611728	562	TC
1	38613023	646	CT
1	38613707	489	GC
1	38615910	1302	CG
1	38620232	815	CT
1	38622595	1710	CT
1	38624467	1017	TG
1	38625749	991	TG
1	38627073	1144	GA
1	38646571	12697	AG
1	38654480	5045	GT
1	38669986	7322	CT
1	38682785	2397	TC
1	38692339	3331	TC
1	38696862	3387	TC
1	38715704	8713	GA
1	38743268	13245	GA
1	38746582	2518	CT
1	38746609	27	AG
1	38747059	166	CG
1	38769447	9324	AT
1	38769742	295	GT
1	38796292	10283	CG
1	38822076	11903	GA
1	38824328	1384	AC
1	38824329	1	CT
1	38826263	1199	AG
1	38828301	1791	GC
1	38830275	1941	AC
1	38830759	266	GA
1	38835641	909	TA
1	38844345	5987	GA
1	38844767	422	CT
1	38852825	7073	GA
1	38854769	1504	GA
1	38859269	3192	TC
1	38865412	2923	GA
1	38886744	9689	CT
1	38905999	7638	TA
1	38923594	6278	AG
1	38923934	340	GT
1	38952754	8457	CT
1	38971461	4993	CA
1	38988580	3289	CT
1	38996519	1852	GA
1	39010295	6177	AT
1	39011276	785	TA
1	39014104	2142	GT
1	39017091	1715	TC
1	39021706	2243	TG
1	39026854	3668	GA
1	39027389	535	GA
1	39027498	109	AT
1	39027593	95	GA
1	39028027	434	TC
1	39028061	34	TC
1	39028182	121	TC
1	39028622	440	TC
1	39028743	121	GA
1	39029069	326	AC
1	39035931	3400	TA
1	39036449	518	TC
1	39037461	1012	GC
1	39038257	265	GA
1	39046826	4930	GA
1	39048823	1154	GT
1	39048870	47	TA
1	39055559	4112	CT
1	39065368	4517	GA
1	39078910	3235	TC
1	39086714	5653	AG
1	39101947	7271	TG
1	39102033	86	GA
1	39102039	6	GA
1	39105177	1653	AT
1	39108747	1253	CT
1	39109854	1079	GC
1	39121323	4869	GC
1	39122516	947	CT
1	39124335	1011	CG
1	39137051	4219	TG
1	39137516	412	CT
1	39140151	1275	GT
1	39143778	2132	GC
1	39149656	4451	TC
1	39153262	1156	GA
1	39154073	811	CA
1	39154255	43	TG
1	39154967	688	CT
1	39155870	779	AG
1	39156268	398	AC
1	39166604	6549	GC
1	39166645	41	GA
1	39171545	3732	GA
1	39177343	4477	AG
1	39178766	346	AG
1	39179344	255	CT
1	39180765	1044	TG
1	39181403	355	GA
1	39182722	1319	TA
1	39185368	1211	CT
1	39186160	792	GC
1	39188248	1202	GA
1	39192180	1503	AT
1	39195542	2849	TA
1	39212546	7693	GA
1	39214440	1596	AG
1	39214502	62	GC
1	39221677	6725	AG
1	39225656	3798	GA
1	39229248	3440	TC
1	39230943	1475	GA
1	39232963	2020	TA
1	39236072	3042	AG
1	39236781	709	GC
1	39237363	582	CT
1	39239763	2335	GA
1	39243856	3137	AG
1	39245043	991	GA
1	39245252	109	CT
1	39253111	5762	CT
1	39253333	222	GC
1	39253337	4	GA
1	39255766	1619	GA
1	39259162	3361	CA
1	39797931	371450	TC
1	39797943	12	CT
1	39798492	549	CT
1	39798493	1	TC
1	39798606	113	TC
1	39798992	386	GT
1	39799118	126	TC
1	39799251	133	AG
1	39800496	535	TC
1	39803843	3179	GA
1	39803860	17	AG
1	39804531	671	CT
1	39804650	119	TC
1	39804651	1	GA
1	39804664	13	AG
1	39805086	422	AG
1	39805298	212	CA
1	39805301	3	AG
1	39805618	317	CT
1	39807269	1651	AG
1	39807552	231	CT
1	39809472	1880	TC
1	39811132	854	CG
1	39811425	293	CG
1	39811456	31	TC
1	39811884	233	AG
1	39816477	3386	GA
1	39818629	2114	CT
1	39818664	35	GT
1	39822817	3016	GA
1	39823128	311	TC
1	39823351	223	AG
1	39823622	271	GA
1	39824567	249	AG
1	39824633	66	AG
1	39824743	110	GA
1	39825295	284	CT
1	39825327	32	CT
1	39825481	154	GC
1	39825576	95	GA
1	39825820	76	TC
1	39825990	170	AG
1	39831351	4222	GA
1	39834206	975	AG
1	39835923	1092	AC
1	39835985	62	TC
1	39838273	2211	AG
1	39838297	24	TG
1	39839015	573	GA
1	39839138	123	GT
1	39840660	1051	GA
1	39844058	2025	AG
1	39845203	1145	TG
1	39845443	240	CG
1	39846624	1181	TC
1	39846635	11	GA
1	39847822	645	TC
1	39847955	133	CT
1	39849732	832	AG
1	39857693	3127	CT
1	39857807	114	CT
1	39857899	92	CG
1	39857940	41	TC
1	39858495	555	CT
1	39858655	160	CT
1	39858904	187	CT
1	39859295	391	TC
1	39859315	20	CT
1	39860072	757	CT
1	39861236	401	AG
1	39861307	71	CT
1	39862167	860	AG
1	39862383	73	GA
1	39863085	702	CT
1	39863286	201	CA
1	39863468	182	TC
1	39864641	930	CG
1	39864999	358	TC
1	39865024	25	CT
1	39865238	214	TC
1	39866446	389	CA
1	39866532	86	TC
1	39866988	214	AG
1	39867286	196	TC
1	39867383	97	TC
1	39867440	57	TC
1	39867545	105	CT
1	39867931	169	GA
1	39868529	598	CT
1	39869444	915	CT
1	39869802	358	AC
1	39870123	321	GA
1	39870287	164	GA
1	39870321	34	GA
1	39870324	3	CT
1	39870333	9	AC
1	39870555	222	TC
1	39870680	125	AG
1	39870694	14	CG
1	39870746	52	CT
1	39870804	58	AG
1	39870967	163	GC
1	39871849	284	GA
1	39872004	155	AG
1	39872094	90	TC
1	39872166	72	TC
1	39872195	29	TC
1	39872392	197	CA
1	39872615	223	AT
1	39875077	2406	GA
1	39880223	3707	CT
1	39880645	422	CT
1	39882478	600	AG
1	39882643	165	GA
1	39884402	1732	CT
1	39885297	731	CT
1	39885610	313	CT
1	39885761	151	CT
1	39885766	5	CT
1	39885786	20	AG
1	39885789	3	CT
1	39886074	285	CT
1	39886704	191	GC
1	39888839	1831	AG
1	39898437	7541	GT
1	39900877	1435	TG
1	39909155	5373	GA
1	39913928	3597	GT
1	39913957	29	TC
1	39914884	927	GA
1	39929009	10295	CT
1	39931542	774	GT
1	39931633	91	AT
1	39932635	1002	CT
1	39932665	30	GT
1	39933141	327	GA
1	39936583	3102	GA
1	39936837	254	CT
1	39938013	1176	GA
1	39938062	49	TC
1	39942386	1550	AG
1	39942795	323	CT
1	39942820	25	GA
1	39943395	575	AG
1	39943664	269	AG
1	39945932	2194	CT
1	39947682	1651	AG
1	39949785	2103	AG
1	39955088	5114	AG
1	39955377	214	CT
1	39956334	908	GA
1	39957192	828	AC
1	39959715	2093	GA
1	39959716	1	AT
1	39960038	322	CT
1	39962620	2495	CT
1	39963130	510	TG
1	39963349	125	GA
1	39965494	2145	TA
1	39976262	10385	GA
1	39976885	623	CT
1	39977520	635	TA
1	39977786	266	GA
1	39978857	793	GA
1	39978974	117	GA
1	39981555	2410	CT
1	39984470	2687	GA
1	39984884	414	AG
1	39985333	346	TC
1	39985678	345	AG
1	39985967	289	AT
1	39986495	528	CG
1	39987815	1320	CG
1	39988604	759	AG
1	39989706	700	TC
1	39989779	73	CT
1	39989862	83	GA
1	39989941	79	TC
1	39989949	8	GA
1	39990495	546	TG
1	39990616	121	AT
1	39990642	26	AG
1	39991131	489	TC
1	39991157	26	CT
1	39991944	753	GA
1	39991978	34	CG
1	39992399	421	AG
1	39992432	33	TG
1	39992440	8	GA
1	39992603	163	CG
1	39992747	144	AG
1	39993928	867	GC
1	39994049	121	TC
1	39994369	320	TC
1	39996341	1817	CT
1	39997027	641	GA
1	39997231	204	CT
1	39998325	1094	GA
1	39998563	238	GA
1	39998728	165	GA
1	39998735	7	AG
1	39999289	224	GA
1	40001835	998	CT
1	40001894	59	GT
1	40005224	1317	AG
1	40010679	1309	CT
1	40010689	10	CG
1	40020893	5165	TC
1	40022883	1648	GA
1	40024016	953	GA
1	40024197	181	AG
1	40024481	284	AG
1	40024488	7	AG
1	40024499	11	AG
1	40024749	197	GA
1	40024817	68	AG
1	40024977	160	TC
1	40025319	303	GT
1	40026498	1110	TC
1	40027414	593	AG
1	40027651	237	TC
1	40027859	208	TC
1	40037486	1837	CT
1	40037753	267	CT
1	40038515	494	TG
1	40038545	30	CT
1	40039050	259	AT
1	40039838	487	TA
1	40039982	144	CT
1	40040755	508	GA
1	40040792	37	TC
1	40042131	940	AG
1	40042670	496	GT
1	40042766	96	CA
1	40046391	2374	AG
1	40046398	7	TC
1	40046538	140	TA
1	40047664	1026	TC
1	40049218	945	TC
1	40049772	554	AG
1	40050097	325	AG
1	40050670	573	CG
1	40051024	354	AG
1	40051029	5	GA
1	40051387	358	CT
1	40051426	39	AG
1	40051507	81	TG
1	40052061	309	CT
1	40052968	571	TA
1	40054868	1900	CT
1	40058487	3182	GA
1	40060171	1114	CG
1	40060426	255	CG
1	40062987	1929	GA
1	40064115	842	GA
1	40064368	253	CG
1	40065057	689	AG
1	40066103	1046	AC
1	40066300	197	TC
1	40067357	723	GA
1	40069862	1850	GA
1	40069866	4	AC
1	40072305	2078	TG
1	40072389	84	TG
1	40072498	109	GA
1	40072587	89	CT
1	40074398	1228	TA
1	40077277	2377	GA
1	40077704	427	GA
1	40079739	1495	CT
1	40080759	818	GA
1	40086524	5449	CT
1	40087583	1021	AG
1	40088347	245	CT
1	40088653	306	CA
1	40088676	23	GA
1	40088701	25	GC
1	40089018	317	TC
1	40089288	270	CT
1	40089289	1	GA
1	40089317	28	TC
1	40089405	88	GA
1	40089432	27	AG
1	40089532	100	CG
1	40089537	5	TC
1	40089787	250	CA
1	40090193	406	AG
1	40090224	31	AG
1	40090327	103	TC
1	40090534	207	GA
1	40090574	40	CT
1	40090641	67	CT
1	40090652	11	AG
1	40090857	205	CA
1	40090968	111	GC
1	40091060	92	TC
1	40091111	51	AC
1	40091132	21	CT
1	40091156	24	TC
1	40091467	311	GT
1	40091468	1	TC
1	40091533	65	CT
1	40091755	222	CG
1	40091916	161	GA
1	40092582	666	GC
1	40092618	36	AG
1	40094602	1758	TC
1	40094977	375	TC
1	40094978	1	CT
1	40095584	606	AG
1	40096061	477	AG
1	40096096	35	TC
1	40096672	576	CT
1	40096835	163	AG
1	40097036	201	GC
1	40097431	395	GA
1	40097432	1	CT
1	40097481	49	AG
1	40097515	34	GA
1	40097536	21	AG
1	40097538	2	TG
1	40097564	26	GA
1	40097614	50	AG
1	40098526	695	AG
1	40098537	11	GA
1	40098773	236	CT
1	40099626	558	CG
1	40099742	116	TC
1	40099743	1	GA
1	40099753	10	TC
1	40099766	13	AC
1	40100455	303	TC
1	40100489	34	GA
1	40100677	188	AG
1	40100687	10	GC
1	40100759	72	GA
1	40101273	514	CT
1	40101803	148	TC
1	40102008	205	TC
1	40104906	1337	AG
1	40106846	669	CT
1	40111817	2562	GA
1	40114886	2045	TG
1	40114950	64	AG
1	40115063	113	CA
1	40115105	42	GC
1	40115187	82	AG
1	40115402	215	GC
1	40115528	126	CT
1	40115624	96	CG
1	40115759	135	GC
1	40115761	2	TA
1	40116380	568	CT
1	40116515	135	GA
1	40116527	12	CT
1	40116830	303	CT
1	40116840	10	TA
1	40116913	73	CT
1	40117220	307	CG
1	40117786	455	TC
1	40117791	5	TC
1	40118520	729	TC
1	40118548	28	AG
1	40119173	565	CT
1	41330649	866471	GC
1	41330936	287	GT
1	41331124	188	GA
1	41331273	149	CT
1	41331842	348	TC
1	41332484	510	AG
1	41332515	31	GC
1	41332550	35	TC
1	41332566	16	TC
1	41333263	324	GT
1	41333275	12	CT
1	41333301	26	TC
1	41333523	222	GC
1	41333541	18	CT
1	41334350	761	TC
1	41334409	59	GA
1	41334915	506	AG
1	41335081	166	GT
1	41335546	333	GA
1	41337556	1413	AC
1	41337962	406	TC
1	41338021	59	CG
1	41338022	1	GA
1	41338122	100	CT
1	41338243	121	GA
1	41338250	7	GA
1	41338441	191	AG
1	41339385	944	TC
1	41340148	763	GA
1	41340162	14	CT
1	41340212	50	CT
1	41341192	980	CT
1	41341344	152	TC
1	41341707	185	GC
1	41343988	1629	CT
1	41344149	161	CT
1	41344273	124	TC
1	41344777	504	CG
1	41345020	211	TC
1	41345313	293	GA
1	41345572	102	AG
1	41345935	363	GC
1	41346001	66	TC
1	41346057	56	GA
1	41348557	709	AG
1	41348741	184	GA
1	41349054	313	GT
1	41349086	32	GT
1	41349173	87	AC
1	41349404	231	GA
1	41349465	61	GT
1	41349479	14	CG
1	41350112	569	AC
1	41350203	91	TC
1	41350600	397	CA
1	41350638	38	CT
1	41350759	121	TC
1	41351418	659	GA
1	41351637	219	AG
1	41351650	13	GA
1	41351654	4	GA
1	41352448	359	GA
1	41352518	70	GA
1	41353024	506	AG
1	41353058	34	CT
1	41355044	1148	TC
1	41355360	316	CT
1	41358025	1806	CT
1	41359287	790	CG
1	41359428	141	GA
1	41359785	310	AG
1	41363220	1147	GA
1	41363338	118	TC
1	41363440	102	CT
1	41363534	94	CT
1	41363746	212	GA
1	41363815	69	GT
1	41363820	5	AG
1	41363841	21	GT
1	41364346	428	AG
1	41364443	97	CT
1	41364656	107	CT
1	41365051	395	AT
1	41365397	302	GA
1	41365655	258	GA
1	41365983	328	TA
1	41366123	140	GC
1	41372203	3660	AG
1	41373708	607	AG
1	41375955	1501	CT
1	41376004	49	CG
1	41377688	1258	TC
1	41377953	232	TC
1	41378606	653	CT
1	41379548	642	TC
1	41379589	41	TC
1	41379594	5	CT
1	41379605	11	GA
1	41380281	676	AG
1	41381757	1318	CT
1	41382523	694	CT
1	41383184	635	GA
1	41383787	436	AG
1	41384388	601	CT
1	41384488	100	TG
1	41385515	712	AG
1	41385788	273	GA
1	41385813	25	AG
1	41386236	133	TC
1	41386277	41	TC
1	41386772	495	GA
1	41387801	1029	GT
1	41389543	1308	GT
1	41390841	854	AG
1	41392052	1054	GC
1	41396842	4322	GC
1	41396861	19	CA
1	41396928	67	TC
1	41396972	44	GA
1	41397034	62	GC
1	41397142	108	CT
1	41397252	110	CT
1	41397463	211	GC
1	41397595	132	CA
1	41398082	487	GA
1	41398094	12	GA
1	41398101	7	CT
1	41398254	153	CT
1	41398366	112	GA
1	41398749	383	AG
1	41399590	493	TC
1	41400011	129	GT
1	41400318	307	GA
1	41400692	374	GT
1	41400703	11	GA
1	41400796	93	GA
1	41401304	301	GA
1	41401947	492	TC
1	41402132	185	AG
1	41403525	1297	GC
1	41403725	162	AG
1	41404796	1071	TC
1	41405652	828	AG
1	41406461	465	TG
1	41406931	470	CT
1	41407672	468	AG
1	41408709	684	GA
1	41408891	182	TC
1	41408909	18	AT
1	41409095	186	AG
1	41410376	1238	AC
1	41410754	378	CT
1	41412383	1133	GA
1	41412796	413	GA
1	41413163	259	TC
1	41413429	266	GT
1	41413797	368	CT
1	41414322	525	CT
1	41414924	367	GC
1	41415078	154	AG
1	41415106	28	TC
1	41415774	598	CT
1	41415821	47	TC
1	41416667	846	CT
1	41417031	46	AG
1	41417117	86	CT
1	41417328	211	GA
1	41417427	99	CT
1	41417473	46	CA
1	41417638	57	AG
1	41417838	200	TG
1	41417891	53	AG
1	41418083	192	GC
1	41418106	23	CG
1	41418242	136	AT
1	41418603	298	GA
1	41418670	67	CT
1	41419161	491	TG
1	41419172	11	GC
1	41419195	23	AG
1	41419339	144	AG
1	41419624	109	CT
1	41419765	141	CT
1	41419774	9	AC
1	41420109	335	CG
1	41420220	111	CG
1	41420229	9	AG
1	41420633	62	TC
1	41420642	9	TC
1	41420796	154	TG
1	41421019	223	CT
1	41421286	267	CT
1	41421504	218	TC
1	41421510	6	AG
1	41421517	7	CT
1	41421584	67	AG
1	41421623	39	AG
1	41421678	55	TG
1	41422344	488	AG
1	41422386	42	GA
1	41422469	83	AG
1	41427438	3611	CA
1	41428360	628	AG
1	41432319	2550	TG
1	41432905	453	GA
1	41433791	690	GC
1	41433813	22	GC
1	41434724	621	CA
1	41434799	75	TC
1	41436964	468	TC
1	41436972	8	GA
1	41442101	2277	AC
1	41442803	374	CT
1	41447123	2989	CG
1	41447512	389	GA
1	41449131	1570	GT
1	41460143	7392	CT
1	41460357	214	GT
1	41462526	1100	GA
1	41463898	357	AG
1	41464475	125	CG
1	41464635	160	CT
1	41464695	60	CG
1	41464703	8	GA
1	41464743	40	AG
1	41464765	22	TC
1	41464847	82	TC
1	41464854	7	CT
1	41465036	182	AG
1	41465219	183	AC
1	41465478	259	TC
1	41465520	42	GA
1	41465755	115	GA
1	41465767	12	AG
1	41465890	123	TC
1	41466993	547	GT
1	41467366	373	TG
1	41467484	118	TA
1	41467939	366	AG
1	41468083	144	CG
1	41470048	1287	CT
1	41475829	3860	TC
1	41475985	156	CT
1	41476049	64	CA
1	41476050	1	AG
1	41477233	332	GA
1	41478834	817	GC
1	41478985	151	CT
1	41482189	1885	GA
1	41482303	66	AC
1	41482581	278	CA
1	41482654	73	GA
1	41485802	1174	TC
1	41485828	26	TC
1	41487393	708	AG
1	41487515	122	GA
1	41488494	719	AG
1	41490351	1422	CT
1	41490563	212	TC
1	41492136	1250	AT
1	41493137	1001	AG
1	41493236	99	AG
1	41494982	396	AG
1	41495183	201	TC
1	41495439	256	GA
1	41495448	9	AG
1	41495496	48	AG
1	41495813	317	TC
1	41496698	524	AG
1	41496789	91	TC
1	41496887	98	CA
1	41496912	25	TA
1	41496975	63	AG
1	41497657	204	CT
1	41498425	610	TG
1	41498513	88	AG
1	41500663	686	TC
1	41501279	616	GC
1	41502308	858	TG
1	41502554	246	TG
1	41505608	1529	AG
1	41505769	161	AT
1	41505795	26	AG
1	41506477	682	GA
1	41506908	431	AG
1	41506909	1	TC
1	41506972	63	AG
1	41507433	461	GT
1	41507455	22	GA
1	41507539	84	TC
1	41509764	2225	GT
1	41510351	587	AG
1	41511478	1127	AT
1	41511942	464	AG
1	41511955	13	GC
1	41511977	22	CT
1	41512125	148	CT
1	41512335	210	AG
1	41512551	216	GA
1	41513074	523	TC
1	41514332	1258	AC
1	41514681	349	CT
1	41514976	295	TG
1	41514983	7	CT
1	41515784	772	AG
1	41516345	513	CT
1	41516583	238	GA
1	41516673	90	TA
1	41516674	1	GT
1	41517756	1047	TC
1	41522772	3010	GA
1	41524377	1057	TA
1	41526335	1253	CT
1	41533714	5041	CG
1	41541428	1469	CT
1	41545106	2222	TC
1	41552433	269	GT
1	41557843	4238	GT
1	41566081	4039	GA
1	41566098	17	CT
1	41566189	91	GA
1	41566511	322	GC
1	41566861	350	CT
1	41567686	825	CT
1	41568771	1085	TA
1	41569201	430	AT
1	41571074	1873	CT
1	41572082	1008	AG
1	41572098	16	TA
1	41572320	222	CG
1	41572510	190	AT
1	41572727	217	TC
1	41573165	438	CT
1	41574231	694	AG
1	41575437	909	TC
1	41575503	66	CT
1	41576746	571	TC
1	41576779	33	GA
1	41576821	42	TC
1	41576994	173	CT
1	41577097	103	AG
1	41577139	42	CT
1	41578107	884	AG
1	41578339	232	CT
1	41578559	220	TC
1	41579762	757	AG
1	41579803	41	GA
1	41579806	3	GT
1	41580099	293	TC
1	41580293	194	TA
1	41580589	296	TC
1	41580740	151	GA
1	41580819	79	GA
1	41581084	265	GT
1	41581298	214	TC
1	41581419	121	GT
1	41581856	143	GC
1	41581880	24	TA
1	41582355	192	AG
1	41582491	136	GA
1	41583395	904	CA
1	41583482	87	CA
1	41583502	20	AC
1	41583564	62	TC
1	41583807	243	GA
1	41583816	9	CT
1	41584472	656	GA
1	41584789	174	TG
1	41584839	50	TC
1	41585886	961	CT
1	41591765	2870	TC
1	41592103	338	GT
1	41593769	847	AG
1	41594478	709	CT
1	41595524	905	TG
1	41595631	107	GC
1	41596695	1064	CA
1	41598445	819	CT
1	41599784	1339	CA
1	41599907	123	AG
1	41600156	249	CT
1	41600924	459	CT
1	41601513	589	GA
1	41602161	201	CG
1	41602468	307	GA
1	41602470	2	AT
1	41602769	299	CT
1	41603541	772	TC
1	41603915	374	GA
1	41605550	813	CT
1	41605751	201	TG
1	41606460	627	AG
1	41607130	670	AG
1	41607158	28	TA
1	41607717	559	CT
1	41608829	1068	AT
1	41609348	419	GA
1	41610805	762	CA
1	41611470	665	GA
1	41612070	557	CT
1	41612165	95	GC
1	41612177	12	CT
1	41612392	215	GA
1	41621472	4699	GT
1	41623522	1666	AG
1	41623957	333	TC
1	41630381	1826	TG
1	41631876	1350	CT
1	41632862	726	CT
1	41633305	443	TG
1	41637040	1556	AT
1	41637203	105	CA
1	41637301	98	TC
1	41637828	527	CT
1	41637830	2	TC
1	41638340	510	AG
1	41638836	187	TC
1	41641296	330	TC
1	41641444	148	CT
1	41641656	212	GA
1	41642235	215	TC
1	41643627	733	TG
1	41643656	29	GA
1	41644101	445	GA
1	41644695	594	CT
1	41644944	249	GA
1	41645057	113	TA
1	41645270	213	AT
1	41646593	788	CG
1	41646597	4	CA
1	41646932	315	CG
1	41651536	3239	CT
1	41651998	462	GA
1	41652003	5	GA
1	41652343	136	CT
1	41652364	21	CT
1	41652544	180	GT
1	41652557	13	GA
1	41652672	115	AC
1	41652905	233	GA
1	41653715	251	CT
1	41653743	28	AC
1	41655021	564	GA
1	41657718	1233	CT
1	41657842	124	CT
1	41657884	42	GT
1	41658238	354	GC
1	41661546	1395	CT
1	41662090	544	GT
1	41663912	1203	CG
1	41667603	867	CT
1	41670918	1135	AT
1	41671171	253	TC
1	41672603	520	TA
1	41674397	745	CT
1	41674432	35	CT
1	41677430	1039	AG
1	41679874	1636	TA
1	41679950	76	AC
1	41680127	177	AT
1	41680199	72	GA
1	41680438	239	CT
1	41680694	256	AT
1	41680898	204	AC
1	41681431	503	TG
1	41682140	709	GA
1	41683098	906	GA
1	41683144	46	GC
1	41685647	2137	GT
1	41686079	405	GA
1	41686223	144	TC
1	41687761	1487	TC
1	41687988	227	TC
1	41689969	1216	GT
1	41691545	692	CT
1	41691554	9	AG
1	41692238	316	AG
1	41692793	555	CA
1	41698176	2932	AG
1	41703537	2584	CT
1	41712244	5046	TC
1	41712273	29	GA
1	41712285	12	TC
1	41714462	1161	CT
1	41714482	20	AG
1	41714659	177	TC
1	41714761	102	AG
1	41715452	429	AG
1	41715542	90	CG
1	41717210	297	GA
1	41717256	46	GA
1	41721842	333	GC
1	41723248	386	TC
1	41723459	211	GA
1	41723597	138	GA
1	41724101	353	GA
1	41724207	106	TC
1	41727885	578	TG
1	41730158	614	GA
1	41731246	146	GC
1	41731280	34	GA
1	41732259	735	CG
1	41732345	86	AG
1	41734401	575	AT
1	41734410	9	AG
1	41734825	415	CT
1	41734918	93	CT
1	41735009	91	GA
1	41737891	2171	AG
1	41738274	353	GA
1	41738961	646	GC
1	41739622	223	AG
1	41740416	766	GA
1	41740693	277	GA
1	41741671	177	AG
1	41741674	3	TC
1	41743104	510	AG
1	41743147	43	AG
1	41744037	386	AT
1	41744133	96	GA
1	41745454	1297	GT
1	41746784	957	CT
1	41747036	252	CT
1	41748197	563	TA
1	41750568	2344	TG
1	41750585	17	GA
1	41751338	466	AG
1	41756003	3367	AC
1	41762728	4784	CG
1	41763222	494	TG
1	41763223	1	TA
1	41763264	41	AG
1	41763323	59	GA
1	41766130	2253	GA
1	41766285	155	CT
1	41766311	26	CT
1	41766360	49	GT
1	41767111	527	GA
1	41767200	89	AG
1	41767440	44	TG
1	41773214	1768	AC
1	41776123	1080	GC
1	41778699	1369	TC
1	41779390	510	CT
1	41779442	52	TC
1	41785139	5416	GC
1	41785264	125	GA
1	41785700	436	AG
1	41786993	1293	TC
1	41787350	280	TG
1	41788766	1390	CA
1	41788784	18	AG
1	41789005	221	CA
1	41789229	224	AG
1	41789487	258	GA
1	41789837	350	GA
1	41789962	125	CA
1	41790089	127	CT
1	41792748	2516	CT
1	41795444	1868	GA
1	41798083	2032	GA
1	41800793	1210	TC
1	41800870	77	TC
1	41801677	596	CG
1	41804443	2475	AG
1	41804804	361	TG
1	41808878	3188	AC
1	41809032	154	AT
1	41810804	746	GA
1	41812739	778	AG
1	41813013	274	GC
1	41814174	1161	TC
1	41814983	589	CA
1	41816967	1914	GA
1	41817176	171	GA
1	41817910	734	CT
1	41818108	198	CT
1	41821650	1434	CT
1	41822576	877	CA
1	41827455	4143	GT
1	41828250	795	CT
1	41828273	23	CT
1	41838825	5124	AG
1	41838900	75	CA
1	41839351	451	TC
1	41841577	2226	TC
1	41843252	1054	TC
1	41843951	567	TC
1	41844807	826	AG
1	41845594	787	TC
1	41847954	1762	CT
1	41848688	734	TC
1	41848804	116	TC
1	41849198	209	GA
1	41849541	343	CT
1	41851097	743	CT
1	41851098	1	GA
1	41851551	145	AG
1	41851804	253	GC
1	41852216	317	AG
1	41852418	202	CT
1	41852503	85	TC
1	41852796	86	AG
1	41852847	51	TC
1	41853329	271	AG
1	41853460	131	GA
1	41854072	496	GT
1	41854279	77	TG
1	41856037	899	TC
1	41857161	1057	TC
1	41859568	1435	TC
1	41859607	39	TC
1	41859663	56	GA
1	41859686	23	AC
1	41861586	1620	GC
1	41864510	2208	TA
1	41876236	6587	AC
1	41877040	804	AT
1	41878709	1669	TC
1	41883376	580	TC
1	41894337	5589	GA
1	41894416	79	CT
1	41905498	4818	AG
1	41908603	1501	AG
1	41908978	172	CT
1	41911372	725	CT
1	41916883	2217	CA
1	41917722	816	GA
1	41918134	412	TC
1	41924563	1186	GC
1	41929749	1955	TC
1	41932643	2012	GA
1	41938119	3231	GC
1	41938357	238	GC
1	41938445	88	GA
1	41938699	92	CT
1	41938744	45	CG
1	41939038	294	AG
1	41939156	118	GC
1	41941063	778	AG
1	41943996	1482	AG
1	41944283	287	CT
1	41949124	1285	AG
1	41949833	649	GA
1	41950959	661	GC
1	41951555	573	TG
1	41951594	39	GA
1	41951735	141	AG
1	41951966	231	TA
1	41952014	48	TC
1	41954112	119	GA
1	41954170	58	CT
1	41954179	9	CT
1	41954957	277	GA
1	41955843	713	AC
1	41956385	458	AG
1	41958369	1058	TC
1	41960732	989	TC
1	41960755	23	GA
1	41960904	149	CA
1	41961351	400	CG
1	41961632	281	TC
1	41962105	473	CG
1	41962106	1	TG
1	41963111	200	AG
1	41963157	46	TC
1	41963826	222	GC
1	41963873	47	TC
1	41963884	11	TC
1	41963913	29	TA
1	41964073	62	GC
1	41964212	139	TC
1	41964259	47	GA
1	41964396	137	CA
1	41964416	20	GA
1	41964419	3	CT
1	41964431	12	AG
1	41964461	30	TC
1	41964563	102	GA
1	41964635	72	GA
1	41964738	61	TC
1	41964798	60	CT
1	41964990	90	GT
1	41965056	66	TC
1	41965150	94	TC
1	41965177	27	TA
1	41965318	141	AG
1	41965343	25	TC
1	41965359	16	TC
1	41965478	119	GA
1	41967574	1065	GA
1	41968637	767	TG
1	41979041	5670	AT
1	41980787	362	TC
1	41990370	4353	GA
1	41990513	143	TC
1	41994370	1246	CA
1	41995394	356	AG
1	41996649	240	AG
1	41996658	9	AG
1	41997187	212	AC
1	41997495	308	AG
1	41997747	252	CT
1	41997752	5	CA
1	41997815	63	CA
1	41998213	398	TC
1	41998282	69	TC
1	41999444	761	AG
1	41999454	10	GA
1	41999586	132	CT
1	42002678	520	GA
1	42004798	706	TC
1	42005038	240	GC
1	42006222	1142	AG
1	42006245	23	GA
1	42006272	27	CT
1	42006380	108	CT
1	42007737	682	CG
1	42007860	123	AG
1	42010641	1535	GA
1	42010722	81	AG
1	42011112	390	TC
1	42011122	10	TC
1	42011125	3	TC
1	42011168	43	TG
1	42011177	9	GT
1	42011536	145	AG
1	42011563	27	TC
1	42011703	140	GA
1	42011761	58	GA
1	42011817	56	TC
1	42011903	86	AG
1	42012012	109	TG
1	42012099	87	AG
1	42012107	8	CA
1	42012167	60	GC
1	42012304	137	CG
1	42013516	410	CT
1	42013525	9	AG
1	42013572	47	CT
1	42013681	109	GA
1	42013867	186	GA
1	42014239	372	CT
1	42014505	266	GA
1	42014595	51	TA
1	42014619	24	TC
1	42015008	389	GA
1	42015074	66	AG
1	42015109	35	CT
1	42015130	21	AC
1	42015178	48	CG
1	42015551	373	AG
1	42015568	17	CT
1	42015992	55	TC
1	42016054	62	CT
1	42016112	58	AT
1	42016175	63	CG
1	42016709	200	GA
1	42016716	7	CT
1	42016728	12	CT
1	42016774	46	TG
1	42016868	94	CT
1	42016882	14	AG
1	42016926	44	GA
1	42017381	147	CT
1	42017512	131	TA
1	42018239	151	TC
1	42018244	5	GT
1	42018246	2	CT
1	42018351	105	TC
1	42018778	427	TG
1	42018788	10	GA
1	42018921	133	AG
1	42019250	329	GA
1	42022216	1318	TC
1	42022400	184	TC
1	42024958	1083	AT
1	42025570	457	GT
1	42025705	96	AG
1	42026161	286	CT
1	42026629	175	AG
1	42026729	100	GA
1	42026766	37	TC
1	42027878	488	AG
1	42028300	122	AG
1	42028402	102	AG
1	42028863	461	GA
1	42029326	129	TC
1	42029788	462	AG
1	42029812	24	CT
1	42029938	126	GA
1	42029989	51	TA
1	42030012	23	GA
1	42030643	62	TC
1	42031843	166	AG
1	42032402	559	CT
1	42032491	89	GT
1	42034565	1677	GT
1	42034566	1	GA
1	42034854	288	CT
1	42036366	1512	TC
1	42039423	3057	CG
1	42042285	2130	GA
1	42042674	389	CA
1	42043884	1210	CT
1	42044988	1062	AC
1	42045097	109	CT
1	42045770	673	AG
1	42045821	51	GC
1	42046132	269	CT
1	42049497	1977	AG
1	42049660	163	GA
1	42049873	196	AC
1	42050291	314	GA
1	42050890	599	AG
1	42051350	260	GA
1	42051470	120	CT
1	42051522	52	TG
1	42052373	851	CT
1	42052558	185	CA
1	42056184	2447	GC
1	42056735	551	AC
1	42057341	290	GA
1	42060254	626	TC
1	42060544	290	AG
1	42060594	50	GT
1	42060811	217	TC
1	42061036	225	TC
1	42062213	428	AG
1	42063727	1022	GC
1	42063740	13	GA
1	42063780	40	GA
1	42065728	1415	CA
1	42067299	730	TC
1	42068063	405	AT
1	42070036	1481	CT
1	42072177	1573	CT
1	42074402	1568	CT
1	42076316	1691	GA
1	42076328	12	TC
1	42076885	255	CT
1	42076968	83	CT
1	42076989	21	CG
1	42077005	16	GA
1	42077448	158	CT
1	42077639	191	CT
1	42077684	45	AG
1	42077843	159	GA
1	42077996	153	CT
1	42078171	175	GA
1	42078562	391	CT
1	42078582	20	TC
1	42078750	138	GC
1	42079106	356	CT
1	42079120	14	GT
1	42079224	104	CT
1	42079366	142	CT
1	42079499	133	TC
1	42079541	42	CT
1	42080279	543	TC
1	42080293	14	CT
1	42080318	25	TC
1	42080437	119	CT
1	42080474	37	AC
1	42080539	65	TC
1	42080610	71	CT
1	42080859	249	TC
1	42081734	750	GC
1	42081754	20	AG
1	42081792	38	TC
1	42081823	31	CT
1	42082122	299	GA
1	42082228	106	AG
1	42082883	627	AG
1	42082999	116	TC
1	42083259	260	TA
1	42083647	339	TC
1	42083748	101	CT
1	42084053	305	AC
1	42084124	71	GA
1	42084270	146	CG
1	42084671	358	GC
1	42084681	10	TC
1	42086301	1120	GA
1	42086805	504	CG
1	42087002	197	TG
1	42087633	631	TC
1	42088400	393	AG
1	42089167	767	TC
1	42090117	950	TC
1	42090844	727	GA
1	42090920	76	AG
1	42094651	879	GC
1	42094664	13	CT
1	42094969	305	CT
1	42095133	164	GA
1	42096623	1445	AG
1	42096669	46	TC
1	42097771	963	GT
1	42097995	224	GC
1	42099619	980	TC
1	42099956	276	GA
1	42099975	19	GA
1	42100626	633	AG
1	42100750	124	CT
1	42101466	556	GA
1	42101492	26	CT
1	42102750	1153	AG
1	42102902	152	CT
1	42102929	27	CA
1	42103615	686	GT
1	42104328	713	TA
1	42104350	22	TC
1	42106009	576	AG
1	42115229	3482	CT
1	42119491	2932	CT
1	42119496	5	GA
1	42120092	596	GA
1	42121949	1020	GA
1	42133379	6720	GA
1	42155154	16344	CT
1	42158361	2142	CG
1	42158434	73	AC
1	42159029	307	TC
1	42159039	10	GA
1	42160106	749	TC
1	42160517	411	AC
1	42160655	138	CT
1	42164807	1443	GA
1	42165492	685	GA
1	42166424	932	CT
1	42166717	293	TA
1	42170101	1345	GA
1	42173930	3504	CG
1	42174279	349	CT
1	42174803	524	TA
1	42175404	361	GA
1	42175622	218	GT
1	42175744	122	CT
1	42176411	433	TG
1	42177332	399	GA
1	42177422	90	AT
1	42177745	323	AG
1	42177747	2	CT
1	42179345	964	CT
1	42179581	236	GA
1	42179604	23	AT
1	42180300	108	GA
1	42180378	78	TC
1	42180415	37	AC
1	42180531	116	AG
1	42180630	53	CT
1	42180707	77	TC
1	42181317	283	TC
1	42181442	125	GA
1	42181590	59	GA
1	42184407	632	GA
1	42184486	79	CT
1	42184553	67	GA
1	42184617	64	GA
1	42185149	532	GC
1	42186136	649	TC
1	42186558	327	GA
1	42187883	816	CG
1	42193253	2118	TC
1	42195646	899	AG
1	42196050	404	CG
1	42196304	254	TC
1	42196431	127	CT
1	42197023	551	GC
1	42197125	102	CT
1	42200611	2654	GA
1	42200820	209	AG
1	42202123	934	GA
1	42206860	2485	GA
1	42207641	751	TC
1	42208251	610	TC
1	42208392	141	GA
1	42208822	269	CT
1	42209033	211	CT
1	42210192	567	CT
1	42210517	325	GA
1	42212091	741	TC
1	42212142	51	CT
1	42212216	74	GA
1	42212429	213	AG
1	42212664	235	CT
1	42213108	444	GA
1	42214161	1053	TC
1	42216004	934	GA
1	42217466	1462	TC
1	42219181	1319	GA
1	42219340	159	TA
1	42219341	1	TA
1	42229632	5371	GC
1	42230202	459	TC
1	42230281	79	GT
1	42231909	1042	CT
1	42231956	47	CT
1	42232767	660	TA
1	42233052	285	CT
1	42233223	171	TC
1	42235307	1514	TC
1	42235795	154	CA
1	42236661	723	AG
1	42237959	508	GC
1	42238883	634	TC
1	42240202	1136	CT
1	42241790	741	CT
1	42244206	1535	AC
1	42245041	835	AC
1	42249478	2586	TC
1	42251701	1149	CT
1	42256813	1956	TG
1	42256839	26	CT
1	42259026	1739	CT
1	42259131	105	CT
1	42259193	62	TC
1	42259803	610	GA
1	42355069	52925	CG
1	42358936	580	AG
1	42359319	293	GT
1	42359493	174	CT
1	42359611	118	GA
1	42359683	72	TC
1	42359711	28	AG
1	42359766	55	CT
1	42359932	166	GA
1	42359949	17	CT
1	42359981	32	CG
1	42366643	1020	GT
1	42367811	742	GA
1	42368138	327	AG
1	42368709	544	AT
1	42372678	3827	CT
1	42373279	349	CT
1	42373409	130	TC
1	42373427	18	TG
1	42373547	120	TC
1	42373649	102	AG
1	42373805	156	GA
1	42376725	1936	TC
1	42376995	270	TC
1	42377062	67	TA
1	42377274	212	GT
1	42377360	86	AC
1	42377869	127	CA
1	42378914	668	CT
1	42379306	392	GA
1	42379352	46	TG
1	42386939	2979	AG
1	42387292	353	TA
1	42387581	289	GA
1	42388091	510	GC
1	42388306	215	AG
1	42388380	74	TA
1	42388773	393	TC
1	42390256	508	AG
1	42390319	63	AG
1	42392584	1678	CT
1	42392700	116	AC
1	42394776	908	AG
1	42396021	951	GC
1	42398047	624	GA
1	42398050	3	GA
1	42398093	43	TC
1	42398147	54	AG
1	42398172	25	CT
1	42399123	492	AT
1	42407231	3257	GA
1	42408773	1308	AG
1	42408923	150	AC
1	42409481	558	AG
1	42409759	278	AG
1	42412238	1646	TC
1	42415650	1890	CA
1	42430348	12278	TC
1	42440668	6427	CT
1	42441773	558	TC
1	42448517	6002	GA
1	42450010	1467	CA
1	42455898	4503	AT
1	42458623	2474	TC
1	42462298	2984	TA
1	42462299	1	AC
1	42467593	2079	CT
1	42467692	99	TG
1	42467855	163	GA
1	42468754	225	GA
1	42469917	754	AC
1	42470194	277	GA
1	42471386	582	TG
1	42471769	383	CA
1	42472369	283	CT
1	42472648	130	CT
1	42473125	477	CT
1	42473703	433	CT
1	42473726	23	GA
1	42473730	4	GA
1	42473788	58	GT
1	42473854	66	AT
1	42475137	686	TG
1	42475777	640	AG
1	42475817	40	GA
1	42476259	442	AG
1	42476539	280	TC
1	42476571	32	AG
1	42476736	165	GT
1	42476826	90	AT
1	42476983	157	AG
1	42477045	62	CT
1	42477505	331	GC
1	42477532	27	AG
1	42477652	120	CA
1	42477848	196	GA
1	42477979	131	TA
1	42479141	717	GC
1	42479146	5	CT
1	42479410	264	CT
1	42479450	40	CA
1	42479529	79	AG
1	42481028	866	AG
1	42481339	311	GA
1	42484889	3217	AT
1	42484973	84	AC
1	42491540	1231	TA
1	42492756	946	AG
1	42494556	984	CT
1	42494634	78	CT
1	42494986	352	TC
1	42494996	10	GA
1	42495131	135	CG
1	42495403	272	CT
1	42496374	712	AG
1	42496424	50	GA
1	42499871	2715	GA
1	42505107	1146	CG
1	42508128	2968	AG
1	42511155	2386	TC
1	42514093	2055	GT
1	42514341	248	TA
1	42514455	114	GA
1	42514541	86	CG
1	42514841	300	GA
1	42516625	1487	CT
1	42516806	181	AG
1	42516851	45	AG
1	42517348	497	AG
1	42519066	1211	TC
1	42524192	3924	CT
1	42525355	1130	TC
1	42525452	97	GA
1	42525956	504	CT
1	42525983	27	TC
1	42526089	106	TC
1	42527527	1128	AG
1	42528301	774	GA
1	42529062	726	TG
1	42529242	180	GA
1	42529434	192	TC
1	42529626	192	CG
1	42530079	453	AT
1	42530125	46	CG
1	42530275	150	AT
1	42530302	27	TG
1	42531657	1355	TC
1	42532648	991	AG
1	42537819	3486	GA
1	42537991	172	GA
1	42540097	1783	TC
1	42540665	568	CT
1	42541427	762	GA
1	42541738	291	TC
1	42541859	121	GA
1	42541882	23	GA
1	42543589	1496	CT
1	42543701	112	CT
1	42543744	43	AG
1	42543949	205	GA
1	42544014	65	GA
1	42544041	27	AC
1	42544050	9	CA
1	42544064	14	CT
1	42544094	30	AG
1	42544198	104	CT
1	42544815	617	CT
1	42544917	102	AC
1	42545750	478	GA
1	42545998	248	TC
1	42546003	5	CA
1	42546069	66	CG
1	42546334	265	GA
1	42546373	39	GA
1	42546381	8	GA
1	42550156	1481	CT
1	42550414	258	CT
1	42550744	330	GC
1	42550786	42	GA
1	42550864	78	TG
1	42551915	743	GA
1	42553077	443	GA
1	42553137	60	GA
1	42553305	168	TA
1	42553647	342	CT
1	42555049	1068	CT
1	42555354	30	GA
1	42555592	238	CT
1	42555624	32	GA
1	42556132	508	CT
1	42556237	105	TA
1	42556336	99	GA
1	42556898	44	AG
1	42557099	201	CT
1	42557245	146	TC
1	42557628	75	GA
1	42558318	637	TC
1	42558384	66	GA
1	42558401	17	AG
1	42558418	17	AG
1	42558507	89	CT
1	42558525	18	AG
1	42558527	2	GA
1	42558556	29	TC
1	42558570	14	GA
1	42558615	45	GT
1	42559095	480	CT
1	42559294	199	CT
1	42559790	301	GA
1	42560553	565	GA
1	42561195	371	CT
1	42561576	381	CT
1	42561842	266	TC
1	42561882	40	AC
1	42561884	2	TC
1	42566772	3875	TA
1	42567051	279	TC
1	42567583	468	GA
1	42568492	609	CG
1	42571881	2639	CT
1	42572224	343	GA
1	42572280	56	GA
1	42572292	12	TA
1	42572315	23	CT
1	42574339	1881	CT
1	42576206	1808	GA
1	42577831	1012	GC
1	42577877	46	GA
1	42578486	102	GA
1	42581549	2996	TG
1	42584104	1960	AG
1	42584209	105	AT
1	42584283	74	AG
1	42585856	1255	CT
1	42586090	234	GA
1	42586093	3	CG
1	42586721	628	GC
1	42586839	118	CA
1	42587096	257	GA
1	42587143	47	CG
1	42587193	50	GA
1	42587594	401	AG
1	42587844	250	CT
1	42588127	283	AG
1	42588144	17	CT
1	42588160	16	CT
1	42588414	232	GA
1	42588475	61	AG
1	42588952	267	GC
1	42589215	34	CG
1	42589548	333	CT
1	42590649	822	GA
1	42590860	211	GA
1	42591108	248	CT
1	42591329	221	AG
1	42591373	44	CT
1	42591458	85	CT
1	42592697	1031	AC
1	42593088	391	CT
1	42593337	249	GA
1	42594017	680	AC
1	42594225	208	GT
1	42594290	65	GA
1	42594598	308	GC
1	42594773	175	CT
1	42594853	80	TC
1	42594966	78	TA
1	42595016	50	CA
1	42595017	1	AG
1	42595107	90	GA
1	42595113	6	CT
1	42595180	67	CT
1	42595242	62	GA
1	42595261	19	AG
1	42595269	8	GT
1	42595324	55	TA
1	42595626	302	CT
1	42595820	194	GC
1	42596210	390	AG
1	42596362	75	AG
1	42596369	7	TG
1	42596806	392	CA
1	42597415	609	CA
1	42597634	219	GT
1	42598396	376	CT
1	42599210	399	AG
1	42599251	41	GA
1	42599487	236	CT
1	42599576	89	CT
1	42599633	57	CT
1	42599771	138	TC
1	42599791	20	CT
1	42601473	967	TC
1	42605213	3133	CT
1	42606647	1083	GC
1	42607063	397	TC
1	42610503	2865	AT
1	42610874	371	CG
1	42610907	33	GA
1	42611069	162	CT
1	42614485	2808	GA
1	42616173	1389	GA
1	42620400	3705	GC
1	42622419	1709	CG
1	42622743	324	TA
1	42622758	15	GC
1	42622816	58	AG
1	42623510	694	CA
1	42623535	25	GA
1	42623558	23	GA
1	42623731	173	GA
1	42624362	549	TC
1	42626007	1621	GA
1	42626042	35	GA
1	42626241	199	GT
1	42626244	3	GC
1	42626286	42	GA
1	42626479	193	CG
1	42627534	965	AG
1	42627601	67	GA
1	42627738	137	TG
1	42628006	268	CG
1	42628536	64	GA
1	42628992	456	GC
1	42629078	86	TC
1	42629100	22	CT
1	42629114	14	AG
1	42629334	220	GA
1	42630285	708	CT
1	42630604	284	CT
1	42630614	10	TG
1	42630645	31	CT
1	42630648	3	TC
1	42630751	103	CG
1	42630769	18	GT
1	42630992	223	AC
1	42631004	12	TC
1	42631058	54	AG
1	42631095	37	GC
1	42631175	80	TA
1	42631215	40	CA
1	42631356	141	CT
1	42632425	595	TG
1	42632527	102	AG
1	42633138	168	TG
1	42633143	5	AG
1	42633902	357	AG
1	42633918	16	GC
1	42634746	828	GC
1	42635712	515	AG
1	42635762	50	TA
1	42636421	659	GA
1	42636435	14	TC
1	42636671	236	AG
1	42636682	11	GA
1	42636916	234	AG
1	42637637	721	CT
1	42637712	75	TG
1	42638030	318	CG
1	42638058	28	GC
1	42638373	315	TC
1	42638463	90	GA
1	42638579	116	AC
1	42638667	88	GA
1	42639134	467	CT
1	42639202	68	GA
1	42639567	253	GC
1	42639712	145	GA
1	42640120	408	AG
1	42640162	42	GA
1	42640706	406	TC
1	42640962	256	CT
1	42640972	10	TC
1	42640973	1	GA
1	42640976	3	AG
1	42640980	4	AG
1	42641014	34	AG
1	42641081	67	CG
1	42641109	28	GA
1	42641246	137	CT
1	42641402	87	CT
1	42642264	492	GT
1	42642915	563	TC
1	42642975	60	CG
1	42643076	101	GA
1	42643472	396	CT
1	42643633	161	CT
1	42643974	341	GA
1	42644095	121	TC
1	42644131	36	CT
1	42644291	160	TC
1	42644327	36	TG
1	42644669	342	CT
1	42644703	34	CT
1	42644725	22	TG
1	42644869	144	CT
1	42644956	87	AG
1	42644958	2	CT
1	42645060	102	GA
1	42645084	24	GA
1	42646216	93	GA
1	42646220	4	GA
1	42646230	10	AG
1	42646258	28	AG
1	42646274	16	TC
1	42646279	5	AG
1	42646286	7	TC
1	42646322	36	TG
1	42646333	11	AC
1	42646994	47	GA
1	42647015	21	TC
1	42647313	151	TC
1	42647480	167	CT
1	42647495	15	CT
1	42647564	69	GA
1	42647623	59	GA
1	42647810	187	GA
1	42648327	351	TG
1	42648353	26	TC
1	42648371	18	GA
1	42648408	37	GA
1	42648547	139	CT
1	42648814	267	GA
1	42648838	24	CA
1	42648976	138	CT
1	42649135	159	CT
1	42649500	242	GA
1	42649534	34	AG
1	42649540	6	AG
1	42649677	137	AG
1	42649893	216	CT
1	42650041	148	GA
1	42650349	141	GA
1	42653382	1378	GA
1	42655115	531	CA
1	42655885	291	GC
1	42656051	166	AG
1	42656090	39	AG
1	42656725	518	TC
1	42657519	234	AC
1	42661321	3171	CT
1	42662984	1233	GA
1	42665360	1869	GT
1	42668138	2278	CT
1	42668321	183	TC
1	42669125	769	CT
1	42670258	943	CT
1	42670369	111	CT
1	42670450	81	TC
1	42670881	321	GC
1	42670884	3	CG
1	42671150	266	CT
1	42671423	273	GC
1	42671533	110	GA
1	42671605	72	CT
1	42671662	57	AG
1	42671967	305	AG
1	42672033	66	CT
1	42672039	6	CT
1	42672349	310	CT
1	42672375	26	GA
1	42672469	56	AG
1	42672562	93	AC
1	42672585	23	CT
1	42672674	89	CT
1	42672697	23	TC
1	42672873	176	GA
1	42672922	49	CT
1	42672990	68	AG
1	42673110	120	AG
1	42673170	60	TG
1	42673258	88	GA
1	42673503	245	CT
1	42673597	94	AG
1	42674417	509	GA
1	42674644	227	TC
1	42674766	122	GA
1	42674816	50	GA
1	42674930	114	AG
1	42674984	54	CG
1	42675001	17	CT
1	42675060	59	TA
1	42675078	18	CA
1	42675079	1	GA
1	42675868	291	GA
1	42676254	386	AG
1	42676359	105	CA
1	42676388	29	GA
1	42676607	219	GA
1	42676681	74	GA
1	42676756	75	CT
1	42677132	376	CT
1	42677252	120	AG
1	42678340	296	GA
1	42678371	31	AG
1	42678486	115	TC
1	42678503	17	CT
1	42678637	134	CT
1	42678676	39	AC
1	42678740	64	GA
1	42678782	42	TC
1	42678946	164	GA
1	42679309	363	GA
1	42679553	244	TC
1	42679592	39	GA
1	42679680	88	GA
1	42683262	2343	CT
1	42683322	60	TC
1	42683728	406	TC
1	42686940	2805	TG
1	42690606	3143	GA
1	42691812	221	AG
1	42693913	2056	CG
1	42694140	227	CT
1	42695306	1015	TC
1	42695434	128	GC
1	42695468	34	TC
1	42695469	1	GA
1	42695631	162	GA
1	42695869	238	GC
1	42696521	429	GA
1	42696592	71	TC
1	42698380	1627	CT
1	42703290	2623	GA
1	42724547	15953	GC
1	42730366	4676	CT
1	42732575	1468	GA
1	42732687	112	TG
1	42733721	871	TC
1	42733740	19	CA
1	42733901	161	CT
1	42736493	701	CT
1	42737237	634	GA
1	42737404	167	CA
1	42738357	511	AG
1	42739231	723	AG
1	42739459	228	GA
1	42739534	75	AG
1	42739562	28	AG
1	42739575	13	AG
1	42739615	40	TC
1	42739745	130	GA
1	42740368	142	AG
1	42740716	201	GA
1	42740736	20	GC
1	42740771	35	GA
1	42741832	711	AG
1	42742837	765	TC
1	42742989	61	CT
1	42743420	431	CT
1	42743805	385	CT
1	42743809	4	TC
1	42744022	117	GC
1	42744044	22	GA
1	42746410	1923	GA
1	42769860	20645	GA
1	42769974	114	CT
1	42770982	782	CT
1	42771566	584	TC
1	42771654	88	AG
1	42771725	71	TA
1	42771889	135	TC
1	42773028	996	CT
1	42773325	297	CG
1	42773327	2	CT
1	42773492	165	CA
1	42774205	375	GA
1	42774308	103	CT
1	42774414	106	GA
1	42777044	2216	TC
1	42778453	1409	AG
1	42780267	1814	AG
1	42780465	198	AG
1	42781097	251	TC
1	42781638	541	CG
1	42782446	326	CT
1	42788548	4044	GC
1	42788626	78	TC
1	42788687	61	GA
1	42789454	629	GA
1	42812662	20310	GA
1	42816505	3337	GA
1	42820205	3483	TC
1	42823424	2330	AT
1	42823746	322	AG
1	42823976	230	AG
1	42824316	340	CT
1	42831811	5653	GA
1	42831828	17	CT
1	42837874	4530	AG
1	42839318	1241	AC
1	42840220	324	GA
1	42841260	1040	CT
1	42841360	100	GA
1	42842966	1403	CG
1	42843954	223	TA
1	42844116	162	CT
1	42844157	41	GA
1	42845017	860	CT
1	42845084	67	CA
1	42845126	42	TC
1	42845138	12	AG
1	42845214	76	TC
1	42845224	10	CG
1	42845586	362	CT
1	42845638	52	CA
1	42845833	195	CT
1	42845867	34	CA
1	42845893	26	GA
1	42846317	424	CA
1	42846521	204	TC
1	42847215	694	TC
1	42847763	548	TA
1	42852855	3110	GC
1	42853928	1073	GA
1	42854768	840	TA
1	42860891	6123	TC
1	42861093	202	CT
1	42869579	6781	TC
1	42869776	197	GA
1	42869849	73	TC
1	42871813	1964	GA
1	42874656	2623	GA
1	42876118	448	AG
1	42876426	308	AG
1	42877126	650	CT
1	42877397	271	AG
1	42878240	644	AC
1	42878388	148	AG
1	42879064	676	TG
1	42879268	204	GA
1	42879579	311	CT
1	42879620	41	TC
1	42879653	33	CT
1	42879672	19	TC
1	42879792	120	TC
1	42879879	87	CT
1	42880043	164	AG
1	42880114	71	AG
1	42880221	107	CT
1	42880343	122	TC
1	42880449	106	CT
1	42880464	15	TA
1	42880797	189	TC
1	42881391	594	TC
1	42881407	16	TC
1	42884019	2060	GA
1	42884279	120	TC
1	42884303	24	CT
1	42884644	341	CT
1	42884829	185	TC
1	42884895	66	TC
1	42885356	461	GA
1	42885548	192	CT
1	42886056	416	CG
1	42886224	168	TG
1	42886243	19	GA
1	42886246	3	GA
1	42886398	152	AG
1	42886471	73	GA
1	42886482	11	GC
1	42886500	18	GA
1	42887069	309	TC
1	42887209	140	AG
1	42887640	431	AT
1	42889488	1148	TC
1	42889876	388	TC
1	42892305	2345	TC
1	42893340	1017	CT
1	42893809	469	TC
1	42896686	1820	TC
1	42896760	74	GA
1	42898198	270	AG
1	42898336	138	CT
1	42898368	32	TC
1	42898385	17	GT
1	42898513	128	TC
1	42900135	1135	CT
1	42900241	106	CT
1	42901763	832	AT
1	42903181	596	CG
1	42903237	56	TA
1	42903238	1	CT
1	42903405	167	CT
1	42903438	33	TC
1	42903450	12	AG
1	42903488	38	TC
1	42903624	136	TC
1	42903725	101	TC
1	42904188	419	GA
1	42905025	398	GA
1	42905595	570	GA
1	42923321	1576	AG
1	42925120	917	CT
1	42925980	811	GC
1	42926714	734	GA
1	42926763	49	CT
1	42926974	211	CT
1	42927206	232	TC
1	42927776	255	CT
1	42927948	172	AG
1	42928144	196	CT
1	42928190	46	TC
1	42928305	115	CA
1	42930280	1144	TC
1	42930372	92	AC
1	42930503	131	CT
1	42930812	189	AC
1	42931365	553	TC
1	42932115	643	AG
1	42933201	1086	GA
1	42933489	288	CT
1	42933785	296	CT
1	42934717	932	AG
1	42934929	195	TC
1	42934937	8	TG
1	42935131	194	CT
1	42935201	70	TG
1	42935221	20	TC
1	42935628	407	GA
1	42935786	158	AG
1	42942461	4649	CA
1	42943937	1413	CT
1	42949984	5237	TC
1	42952059	1723	AC
1	42953832	1663	GA
1	42953969	137	AG
1	42954492	523	CT
1	42955425	746	GA
1	42957713	1287	AG
1	42957754	41	AG
1	42957786	32	GA
1	42958088	101	GA
1	42958116	28	TC
1	42958370	254	TC
1	42958378	8	GC
1	42958407	29	TC
1	42959039	335	CG
1	42959066	27	GC
1	42959071	5	TC
1	42959253	36	CT
1	42959597	175	CT
1	42959616	19	TC
1	42959854	238	TC
1	42959888	34	GA
1	42959945	57	AG
1	42960274	242	TC
1	42960309	35	TC
1	42960415	106	TA
1	42960497	82	CA
1	42960738	39	AG
1	42960973	163	CG
1	42961468	495	CT
1	42961665	197	GA
1	42962046	381	TC
1	42962428	382	AG
1	42962476	48	GT
1	42962581	105	TC
1	42962807	226	TC
1	42963081	247	CT
1	42963312	231	AG
1	42963390	78	CT
1	42963417	27	CT
1	42963714	156	GA
1	42964018	304	GA
1	42964079	61	AG
1	42965054	975	AG
1	42965524	424	CA
1	42965895	371	CT
1	42965903	8	CG
1	42967179	128	AG
1	42967529	350	TC
1	42969522	1649	GA
1	42969616	94	TA
1	42970055	390	CG
1	42970468	309	TC
1	42970751	283	AG
1	42971489	439	TC
1	42971599	110	CT
1	42971602	3	GT
1	42971666	64	GT
1	42972763	567	CA
1	42973291	528	CT
1	42973681	390	TG
1	42973884	203	TC
1	42973930	46	AG
1	42973972	42	GA
1	42974060	88	GC
1	42974373	313	TC
1	42974720	347	TC
1	42974735	15	GA
1	42974978	243	CG
1	42975024	46	CT
1	42975814	790	GA
1	42975906	92	AG
1	42975917	11	CT
1	42976081	164	AG
1	42976185	104	CT
1	42976212	27	GT
1	42976386	174	GA
1	42976489	103	GA
1	42976684	195	GA
1	42976692	8	AC
1	42976855	163	AG
1	42977058	203	CT
1	42977290	232	AG
1	42977321	31	AT
1	42977399	78	AG
1	42977494	95	GC
1	42977568	74	GT
1	42977838	270	GA
1	42978832	678	AT
1	42978988	156	CT
1	42979105	117	CT
1	42979687	582	AC
1	42979723	36	AG
1	42979792	69	AG
1	42979847	55	GA
1	42980056	179	AG
1	42980386	330	CT
1	42980737	351	TA
1	42980810	73	AG
1	42980933	123	AG
1	42981564	291	AG
1	42981589	25	CT
1	42981689	100	CT
1	42981752	63	GC
1	42982048	296	CA
1	42982147	99	AG
1	42982223	76	GA
1	42982431	208	AG
1	42982895	464	CT
1	42983803	272	TC
1	42984469	600	TC
1	42984730	261	AG
1	42984782	52	GA
1	42984969	149	CT
1	42985696	672	AG
1	42985875	179	GA
1	42986051	176	AG
1	42986080	29	AC
1	42986174	94	TC
1	42986322	148	CT
1	42986560	238	AT
1	42986680	120	AG
1	42986743	63	AG
1	42987403	660	GT
1	42987758	355	TC
1	42988798	384	AG
1	42989919	1074	TC
1	42990009	90	AG
1	42990719	710	CG
1	42990934	215	TG
1	42991025	91	TC
1	42995518	2593	GA
1	42995919	401	TC
1	42996155	236	GA
1	42996487	332	CT
1	43001903	4413	GC
1	43002506	603	GA
1	43002542	36	CG
1	43002643	101	GC
1	43002699	56	TC
1	43002947	248	AG
1	43003239	292	AG
1	43003477	238	GA
1	43003492	15	AG
1	43003503	11	CT
1	43003587	84	GA
1	43004075	488	GA
1	43004151	76	GA
1	43004246	95	GA
1	43004250	4	CT
1	43004315	65	CT
1	43004374	59	CT
1	43004432	58	GA
1	43004652	220	CT
1	43004680	28	TC
1	43004811	131	AC
1	43005376	527	CT
1	43006101	725	TC
1	43006426	325	AG
1	43010129	1958	AT
1	43010348	219	GA
1	43010478	130	CT
1	43010968	490	CG
1	43011153	185	TC
1	43011180	27	TC
1	43012948	1167	CG
1	43013434	466	TC
1	43014194	296	GA
1	43015360	1166	TC
1	43016208	754	AG
1	43017049	841	GA
1	43018599	1430	GA
1	43018662	63	AG
1	43024526	4918	CT
1	43024527	1	GA
1	43025154	627	TC
1	43025439	285	TG
1	43025884	445	TC
1	43026484	545	GA
1	43027337	853	CT
1	43027785	448	AG
1	43028203	418	TC
1	43028214	11	GA
1	43028218	4	TC
1	43028251	33	GC
1	43028441	190	AG
1	43028980	517	TC
1	43029043	63	GA
1	43029097	54	TC
1	43029229	132	TC
1	43029419	190	AT
1	43029428	9	TC
1	43029482	54	TC
1	43030006	450	GA
1	43030302	296	AC
1	43030595	293	AC
1	43030655	60	TC
1	43030705	50	GA
1	43030715	10	GA
1	43031088	373	AG
1	43031115	27	TA
1	43031141	26	CT
1	43031187	46	GA
1	43031578	391	AG
1	43031671	93	TC
1	43031747	76	GA
1	43031847	100	TG
1	43031940	93	TC
1	43032200	260	CT
1	43032687	237	GA
1	43033092	405	AG
1	43034430	1338	AG
1	43034492	62	CA
1	43034979	487	AG
1	43035150	171	CT
1	43035160	10	GA
1	43035215	55	CT
1	43035690	406	CG
1	43036144	454	AG
1	43036379	235	AG
1	43037018	639	TA
1	43037414	396	GA
1	43037598	184	AG
1	43038375	777	GA
1	43039755	1380	AG
1	43039779	24	AC
1	43041253	655	CT
1	43041255	2	AC
1	43041626	371	CT
1	43041630	4	GA
1	43041740	110	CT
1	43041793	53	GA
1	43041920	127	TC
1	43042150	38	CT
1	43042497	347	TC
1	43043021	524	AG
1	43043095	74	TC
1	43044257	1049	TA
1	43044321	64	GA
1	43045091	770	GA
1	43045167	76	GC
1	43045358	191	AC
1	43045532	174	GA
1	43045597	65	CT
1	43045632	35	GA
1	43045903	229	AC
1	43046263	360	GA
1	43048163	1806	AG
1	43049313	512	TC
1	43049557	191	GA
1	43052491	2914	GA
1	43054065	1574	CT
1	43056879	2476	AG
1	43061394	3062	CA
1	43062503	821	GA
1	43063918	1366	GA
1	43067472	2940	CT
1	43070605	2341	GC
1	43073872	2469	CA
1	43074447	146	CT
1	43074522	75	TC
1	43076015	724	CG
1	43076364	209	CG
1	43076409	45	TG
1	43076565	156	GT
1	43076867	302	CT
1	43076942	75	GA
1	43077416	474	TC
1	43077514	98	CG
1	43079435	1414	TC
1	43079852	324	GT
1	43079853	1	TC
1	43079940	87	CT
1	43080808	868	AC
1	43080822	14	CT
1	43081004	182	TC
1	43081058	54	AG
1	43081116	58	GC
1	43081353	237	GT
1	43081709	356	AG
1	43081955	246	TC
1	43082472	517	AG
1	43082725	253	CT
1	43082972	247	CA
1	43083466	494	AC
1	43083542	76	GA
1	43083576	34	GT
1	43084320	744	CT
1	43084513	193	CT
1	43085487	974	TC
1	43085755	268	TC
1	43085798	43	AT
1	43086012	168	TC
1	43086173	161	AT
1	43088415	1570	CT
1	43088531	116	GA
1	43088551	20	AG
1	43089351	753	TG
1	43089571	220	AG
1	43089577	6	CT
1	43094416	3598	GA
1	43095189	773	AG
1	43095740	551	GA
1	43096512	772	AG
1	43096807	295	CT
1	43099661	1431	CT
1	43100067	406	TC
1	43100426	359	TG
1	43100994	421	CA
1	43101585	591	GA
1	43101605	20	TC
1	43101705	100	GA
1	43101735	30	TC
1	43101896	161	CT
1	43102111	215	GA
1	43102131	20	AG
1	43102202	71	CA
1	43102399	197	TG
1	43102470	71	TC
1	43102490	20	AC
1	43102539	49	AG
1	43102633	94	CT
1	43103165	532	AG
1	43103460	295	AG
1	43103576	116	TC
1	43103636	60	TC
1	43104462	826	TC
1	43104715	253	AG
1	43104749	34	GA
1	43105053	304	GA
1	43105198	145	TC
1	43106332	1064	CA
1	43106515	183	TC
1	43106672	157	TC
1	43106932	241	CT
1	43107126	194	TC
1	43110679	2069	GC
1	43117207	5684	CT
1	43118647	802	TC
1	43120556	1749	CT
1	43121658	1082	GA
1	43122961	1008	GT
1	43123673	392	AG
1	43124853	1068	CT
1	43125049	196	GA
1	43125338	289	GA
1	43127253	1592	TG
1	43127306	53	TC
1	43129012	1521	CA
1	43129776	764	GC
1	43130810	1034	TC
1	43130848	38	CT
1	43131027	179	AC
1	43131430	403	GA
1	43131485	55	CT
1	43131486	1	AG
1	43131632	122	AG
1	43131680	48	CT
1	43140024	6144	CT
1	43141817	840	CA
1	43142656	502	AG
1	43142728	72	GC
1	43143612	460	CA
1	43143716	104	GA
1	43144233	85	GA
1	43144251	18	GA
1	43144386	135	TC
1	43144593	207	CT
1	43144600	7	AG
1	43144605	5	GA
1	43144614	9	TC
1	43144864	250	AG
1	43145032	168	AG
1	43145274	242	TC
1	43145330	56	GA
1	43145486	156	TC
1	43145561	75	CG
1	43145595	34	AG
1	43145775	180	GC
1	43145836	61	TC
1	43145863	27	TC
1	43145880	17	TC
1	43145940	60	CG
1	43145953	13	AC
1	43145969	16	AG
1	43146078	109	GA
1	43146315	237	TG
1	43146386	71	GA
1	43146563	177	AG
1	43148144	895	GA
1	43148183	39	GA
1	43148361	178	GA
1	43148816	371	CT
1	43149455	408	GA
1	43149609	154	CA
1	43149735	126	CT
1	43150641	857	CT
1	43151246	517	TC
1	43151753	121	GA
1	43151767	14	CT
1	43151794	27	GA
1	43157660	1720	GA
1	43158854	509	GA
1	43158949	95	CG
1	43161343	1237	AG
1	43162355	702	AG
1	43162730	352	AG
1	43163284	554	CT
1	43163518	234	TC
1	43165075	968	TC
1	43165814	290	AG
1	43168277	1455	AG
1	43173100	3603	CT
1	43949467	551760	CT
1	44159911	157490	CT
1	44162920	2120	AG
1	44164999	1988	CT
1	44166048	951	TA
1	44172188	5475	CT
1	44173862	1593	GA
1	44175047	1151	TC
1	44175091	44	TC
1	44175094	3	TG
1	44175803	709	GA
1	44175906	103	TC
1	44176420	514	AC
1	44176644	224	CT
1	44176748	104	GA
1	44176769	21	CT
1	44176829	60	TC
1	44177694	865	CT
1	44177944	250	CT
1	44180310	2251	CT
1	44181621	1311	AG
1	44182968	1347	TC
1	44183814	846	GA
1	44184503	689	TC
1	44184678	175	GA
1	44184789	111	CT
1	44196767	89	TC
1	44196958	60	CT
1	44197262	304	TG
1	44197868	606	AT
1	44197991	123	TA
1	44198923	675	AG
1	44199033	110	CG
1	44199371	338	CT
1	44199422	51	GC
1	44199948	526	GT
1	44200321	373	GA
1	44200401	80	GA
1	44200578	177	GA
1	44201464	526	CT
1	44202220	357	TG
1	44202294	74	AG
1	44202455	161	GA
1	44202737	282	TC
1	44202934	197	AG
1	44202937	3	TC
1	44202979	42	AT
1	44203379	400	GA
1	44204230	851	GA
1	44205083	629	CT
1	44205115	32	CT
1	44207130	665	GA
1	44207166	36	AG
1	44207175	9	AC
1	44207289	114	GA
1	44211106	3629	CT
1	44228263	12383	AG
1	44231806	1038	CT
1	44231993	187	TC
1	44233083	870	GA
1	44233188	105	CG
1	44233292	104	GA
1	44233653	361	CT
1	44233850	158	AG
1	44243340	6101	AG
1	44243513	173	AC
1	44251024	5996	TC
1	44258125	3653	GC
1	44260612	1909	TC
1	44261355	724	GA
1	44261391	36	CT
1	44267163	4831	GA
1	44267481	318	AG
1	44267685	204	GA
1	44268700	1015	CT
1	44269362	267	CT
1	44270036	644	AG
1	44271237	1201	TC
1	44271850	613	CT
1	44272811	793	TG
1	44275472	2489	GA
1	44287379	7303	GA
1	44289972	1757	CT
1	44291034	859	AG
1	44291437	231	CT
1	44292482	623	CT
1	44293716	1144	TC
1	44293842	96	CT
1	44293843	1	GA
1	44293877	34	CT
1	44293964	87	CA
1	44294045	81	GA
1	44294146	101	GA
1	44294264	118	TC
1	44294739	475	CT
1	44294799	60	CT
1	44295081	282	GA
1	44295546	389	TG
1	44297944	1883	TC
1	44303103	3338	GA
1	44305018	1597	GA
1	44305139	121	TC
1	44305146	7	GC
1	44305225	79	GA
1	44305283	58	CT
1	44305657	374	AG
1	44305810	153	GA
1	44306496	686	CA
1	44306604	108	CT
1	44307804	233	TG
1	44307953	149	GA
1	44308157	204	CT
1	44309318	1123	GA
1	44310107	789	CG
1	44310265	158	CA
1	44310266	1	TC
1	44310308	42	CA
1	44310330	22	CT
1	44310331	1	GA
1	44310519	188	TC
1	44310626	107	CG
1	44310639	13	GA
1	44310642	3	TC
1	44310709	67	GA
1	44310787	78	CA
1	44310835	48	GC
1	44311133	298	TA
1	44311327	194	CT
1	44311365	38	AG
1	44311573	208	CA
1	44311639	66	GA
1	44311767	128	TG
1	44311768	1	TA
1	44311831	63	AT
1	44312627	707	GA
1	44313747	1064	AG
1	44313990	243	GA
1	44314015	25	GA
1	44314016	1	CT
1	44314053	37	AG
1	44314135	82	GA
1	44314261	68	GA
1	44314385	124	TC
1	44314501	116	GT
1	44314770	269	AT
1	44315286	516	TC
1	44315450	164	CG
1	44317025	873	CT
1	44317413	388	GA
1	44318114	240	AG
1	44318128	14	GA
1	44318456	303	TC
1	44321247	527	CA
1	44321479	232	AC
1	44321855	376	TC
1	44321906	51	TA
1	44322016	110	CA
1	44322125	109	GA
1	44322439	246	AG
1	44322635	136	GA
1	44322688	53	AT
1	44322741	53	CT
1	44325380	1575	TG
1	44328323	1732	GA
1	44328839	516	AT
1	44328994	155	CT
1	44329103	109	GA
1	44329306	203	TC
1	44329423	117	CT
1	44329447	24	GA
1	44329870	234	CT
1	44330208	338	GC
1	44330552	23	CA
1	44330713	161	AG
1	44331296	583	GC
1	44331311	15	GT
1	44331367	56	CT
1	44331781	414	GC
1	44331889	108	CT
1	44331914	25	GA
1	44331974	60	GA
1	44331982	8	CT
1	44332120	138	TC
1	44332231	111	CA
1	44332292	61	CT
1	44332309	17	GA
1	44332327	18	AG
1	44332616	289	GA
1	44332776	160	CT
1	44334059	232	CA
1	44334222	163	CT
1	44334301	79	AT
1	44334339	38	CA
1	44334381	42	CG
1	44334531	11	GA
1	44334822	291	CT
1	44334899	77	CT
1	44334924	25	AG
1	44336055	543	CA
1	44336408	353	GA
1	44337370	579	CT
1	44337690	155	TC
1	44337713	23	GA
1	44341503	1812	CT
1	44341553	50	CT
1	44341650	97	GA
1	44341672	22	CT
1	44341714	42	AG
1	44342091	377	TC
1	44362273	12405	GA
1	44362289	16	GA
1	44364022	195	GA
1	44364259	237	CG
1	44365323	1028	AC
1	44366467	1068	AG
1	44366792	21	GA
1	44368016	1183	GT
1	44368019	3	GA
1	44368031	12	TG
1	44368058	27	TC
1	44368974	860	GT
1	44369204	50	CT
1	44369294	90	AG
1	44369312	18	CT
1	44370809	151	GA
1	44371562	446	GA
1	44371706	144	AT
1	44371932	168	CT
1	44372063	131	TC
1	44372098	35	AG
1	44372227	129	TG
1	44372298	71	CT
1	44372374	76	CG
1	44372439	65	CT
1	44372586	147	AG
1	44372593	7	AG
1	44372760	95	TC
1	44373353	481	CT
1	44373695	279	GC
1	44373734	39	TC
1	44373830	96	TC
1	44373905	75	GT
1	44374191	286	TC
1	44374207	16	TG
1	44374230	23	AG
1	44374274	44	TC
1	44374294	20	CA
1	44374330	36	TC
1	44374357	27	TC
1	44374549	192	GA
1	44374716	167	TC
1	44374914	198	CT
1	44375082	168	CG
1	44375277	195	AG
1	44375561	284	AG
1	44375610	49	TC
1	44376009	399	TG
1	44376707	360	CG
1	44376742	35	AC
1	44377201	459	CT
1	44377382	181	CT
1	44378811	1130	TG
1	44380444	917	CT
1	44380549	105	TG
1	44380791	242	CT
1	44384155	3047	CT
1	44385153	998	TC
1	44385450	297	AG
1	44386253	429	CT
1	44388263	1081	TC
1	44388354	91	CT
1	44388689	335	GA
1	44388744	55	TG
1	44390333	1541	CT
1	44391079	746	CG
1	44392109	638	AG
1	44392240	131	AG
1	44393855	1412	CT
1	44393890	35	CT
1	44393898	8	GA
1	44393968	70	CA
1	44394448	88	CT
1	44394540	92	GA
1	44394616	76	GA
1	44394686	70	TG
1	44394834	63	CT
1	44394846	12	CT
1	44394888	42	CT
1	44395752	710	CT
1	44396220	468	AG
1	44396345	125	AC
1	44396582	237	CT
1	44396795	213	TC
1	44396868	73	GC
1	44396907	39	CT
1	44397050	143	CT
1	44397051	1	TC
1	44397266	198	TC
1	44397290	24	TC
1	44397559	183	TC
1	44397627	68	GA
1	44399029	1045	GA
1	44399159	130	CT
1	44400374	688	GA
1	44400498	20	TC
1	44400526	28	GA
1	44400572	46	CT
1	44401707	1135	AG
1	44403341	867	AG
1	44403567	226	TC
1	44403606	39	CT
1	44403626	20	GA
1	44403868	242	CT
1	44403983	115	GA
1	44403985	2	TA
1	44404064	79	CA
1	44404701	298	TC
1	44405252	551	GT
1	44405863	611	AC
1	44405879	16	GA
1	44406878	483	TC
1	44407113	138	GA
1	44407296	183	CT
1	44407297	1	GA
1	44407324	27	GC
1	44407395	71	CT
1	44407409	14	CT
1	44407450	41	GA
1	44407685	235	GA
1	44407845	160	TC
1	44407900	55	CG
1	44408063	163	AC
1	44408368	10	GA
1	44408493	125	TG
1	44408523	30	TG
1	44409643	688	CT
1	44412502	2211	AG
1	44412603	101	TC
1	44413235	632	GT
1	44416825	1974	AC
1	44420543	962	TG
1	44421316	502	GA
1	44422236	578	CG
1	44428266	2044	TG
1	44428747	481	CT
1	44431527	1382	AG
1	44432351	732	TC
1	44432787	65	AT
1	44433712	873	CT
1	44434545	529	CT
1	44436133	898	GA
1	44436445	312	GA
1	44436895	406	TG
1	44437517	622	AG
1	44437747	230	CT
1	44438058	311	AG
1	44438736	678	TG
1	44439074	338	TG
1	44439078	4	GA
1	44439079	1	GA
1	44439086	7	GA
1	44439090	4	TA
1	44439094	4	CT
1	44439180	86	CG
1	44439203	23	CT
1	44439411	208	CT
1	44439415	4	TC
1	44439512	97	AT
1	44439514	2	GT
1	44439587	73	CT
1	44439667	80	TC
1	44440577	910	CT
1	44440828	251	AG
1	44440919	91	GA
1	44441213	276	CT
1	44441235	22	GA
1	44441251	16	AG
1	44441315	64	TC
1	44441398	83	TA
1	44441448	50	GA
1	44441681	205	CT
1	44441687	6	GT
1	44441705	18	CT
1	44441732	27	CA
1	44441753	21	AG
1	44441902	149	AG
1	44441903	1	CT
1	44442604	370	CT
1	44442962	185	CT
1	44443688	266	AG
1	44443764	76	AG
1	44443967	203	GT
1	44443981	14	CT
1	44443995	14	TA
1	44443999	4	GC
1	44444022	23	TC
1	44444023	1	GA
1	44444846	479	AG
1	44444860	14	GT
1	44445185	325	AG
1	44445396	211	CA
1	44446359	926	GA
1	44446361	2	GA
1	44448421	815	GA
1	44448712	291	TC
1	44448753	41	TG
1	44453367	2899	AC
1	44453635	268	CT
1	44473019	16845	AC
1	44473023	4	AC
1	44473074	51	AG
1	44473122	48	GA
1	44473142	20	AG
1	44473442	300	CG
1	44473566	124	AG
1	44473920	354	AG
1	44473923	3	GA
1	44474806	575	TC
1	44480578	4687	AG
1	44481841	857	AG
1	44481842	1	TA
1	44482124	282	CT
1	44482143	19	CT
1	44482149	6	CT
1	44482179	30	TC
1	44482808	325	GA
1	44484373	328	TC
1	44484417	44	TC
1	44486389	1282	AC
1	44488761	2049	AG
1	44493051	1419	AG
1	44499436	3570	GA
1	44500902	1173	CT
1	44502106	874	TC
1	44503022	673	CT
1	44503369	347	CT
1	44503495	126	TC
1	44503637	142	CT
1	44503661	24	TC
1	44503722	61	CT
1	44503757	35	AG
1	44504090	118	AC
1	44504226	136	TA
1	44504718	190	TC
1	44506583	1454	CT
1	44506852	216	GA
1	44507023	171	GT
1	44507312	289	GA
1	44507610	240	CA
1	44507706	96	TC
1	44507897	191	TC
1	44508457	512	CT
1	44508853	396	AC
1	44508883	30	GA
1	44509084	201	TA
1	44509157	73	AG
1	44509178	21	AG
1	44511035	1111	TC
1	44511090	55	TC
1	44511680	590	CT
1	44512391	143	CT
1	44514238	1521	CA
1	44514805	422	TC
1	44515275	470	TC
1	44515379	104	GA
1	44515703	324	CG
1	44515735	32	TC
1	44517716	1237	GA
1	44519189	1083	CT
1	44520716	1361	TA
1	44520821	105	CT
1	44521292	471	GC
1	44523672	2046	AG
1	44527020	2286	CT
1	44528008	722	CT
1	44528696	644	GC
1	44529252	556	GA
1	44529845	593	CT
1	44530496	621	TC
1	44530627	131	CT
1	44530751	124	CT
1	44530874	123	GC
1	44530894	20	CT
1	44532937	130	CT
1	44532945	8	TC
1	44534455	1132	CT
1	44535228	773	CT
1	44535851	623	AG
1	44536546	394	AG
1	44537348	715	GC
1	44537361	13	CT
1	44537491	130	CT
1	44538191	700	GA
1	44538213	22	GA
1	44538233	20	CG
1	44538302	69	TC
1	44540059	1022	CA
1	44541097	746	TC
1	44541145	48	GA
1	44541255	110	GC
1	44541822	184	AG
1	44546832	4081	CT
1	44546969	137	CT
1	44552503	3790	CT
1	44552738	207	AC
1	44554640	1652	TC
1	44558954	3570	CT
1	44559472	518	AG
1	44559744	272	CT
1	44559850	106	CT
1	44563151	2946	CA
1	44563539	388	TC
1	44563932	366	TC
1	44564095	163	CT
1	44564390	295	GA
1	44564911	521	GC
1	44564918	7	AC
1	44565081	163	TG
1	44565261	180	AC
1	44565270	9	AT
1	44565528	258	TC
1	44565650	122	AG
1	44566155	505	AG
1	44566173	18	TC
1	44566344	171	AG
1	44566853	448	AG
1	44566865	12	CT
1	44567283	174	AG
1	44567533	250	TG
1	44567622	89	CT
1	44567626	4	GT
1	44568045	110	CA
1	44568170	125	CG
1	44568171	1	GC
1	44568198	27	AG
1	44568525	228	CT
1	44568900	375	GT
1	44569224	324	GA
1	44569292	68	GT
1	44569363	71	AG
1	44569366	3	AC
1	44569457	91	AG
1	44569480	23	AG
1	44569501	21	AG
1	44569803	302	CT
1	44569829	26	AG
1	44569955	126	CT
1	44570150	195	CA
1	44570156	6	CT
1	44570159	3	GT
1	44570163	4	CT
1	44570239	76	TC
1	44570246	7	CT
1	44570256	10	CT
1	44570926	670	CT
1	44571696	479	CT
1	44571724	28	TC
1	44572666	396	CT
1	44572814	148	GT
1	44573715	430	CT
1	44573945	230	GC
1	44573989	44	TC
1	44574020	31	TC
1	44574131	111	AG
1	44574211	80	CT
1	44574245	34	CT
1	44574317	72	AG
1	44574460	143	CT
1	44574618	158	TG
1	44575665	420	AG
1	44576002	337	TC
1	44577278	997	GA
1	44577780	502	CT
1	44580749	2271	TC
1	44584776	3471	AC
1	44591204	5546	CA
1	44600396	2900	CT
1	44612927	9342	GA
1	44615793	1831	TC
1	44617006	1213	AG
1	44617330	287	AG
1	44617702	343	GA
1	44617718	16	GA
1	44618582	417	AC
1	44618946	297	AG
1	44620326	688	TC
1	44621952	602	TC
1	44622134	182	CT
1	44622263	129	GA
1	44622277	14	GA
1	44622448	171	CT
1	44622748	300	GC
1	44622978	230	GT
1	44623215	215	CT
1	44623246	31	GC
1	44623674	22	TA
1	44623780	106	CT
1	44623792	12	AG
1	44623825	33	CA
1	44623827	2	CT
1	44623989	162	CA
1	44624115	126	CT
1	44624121	6	AG
1	44624131	10	TC
1	44624174	43	CA
1	44624257	83	TC
1	44624291	34	CT
1	44624323	32	GA
1	44624326	3	CG
1	44624542	216	GA
1	44624744	202	TG
1	44624762	18	TC
1	44624999	237	TA
1	44625897	719	CT
1	44626163	266	CT
1	44626425	262	TC
1	44626694	269	CT
1	44626900	206	TC
1	44627161	261	GT
1	44627254	93	AG
1	44627295	41	CA
1	44627434	66	TC
1	44627644	210	GA
1	44627819	175	AG
1	44627825	6	AG
1	44627920	95	TC
1	44628475	214	TC
1	44628512	37	AG
1	44629142	210	CA
1	44629277	135	GA
1	44629287	10	CT
1	44629307	20	TC
1	44632104	581	GA
1	44632273	169	CT
1	44633085	580	TA
1	44633534	449	TG
1	44633849	315	AG
1	44633898	49	TC
1	44635349	534	TC
1	44636243	520	GT
1	44638069	1248	TC
1	44638853	784	GA
1	44639716	580	CT
1	44639886	170	GC
1	44641103	1020	CT
1	44641211	108	GA
1	44641380	169	GA
1	44642567	809	AG
1	44643132	565	CA
1	44646118	1302	GA
1	44650645	2946	GA
1	44652911	2162	AG
1	44658059	3883	GA
1	44670891	8216	AC
1	44671159	268	GA
1	44676905	4486	GA
1	44678870	1930	TC
1	44679094	224	TC
1	44697126	13234	GA
1	44697959	521	CA
1	44700339	1170	GT
1	44705113	3264	CT
1	44709738	2860	GA
1	44710337	599	AC
1	44712362	1696	TA
1	44718611	4875	GC
1	44729526	8076	CT
1	44738075	6809	TG
1	44743869	2892	AC
1	44744108	239	GC
1	44750301	4764	GT
1	44754176	3457	TC
1	44757020	1803	CG
1	44758333	1055	CT
1	44758341	8	GA
1	44764476	4739	CT
1	44766622	1418	CT
1	44777466	4730	CT
1	44784550	5401	TC
1	44786335	1785	TG
1	44790400	3363	GA
1	44791714	909	GT
1	44797959	3690	CT
1	44798457	498	CT
1	44800360	1776	CT
1	44808955	4472	GC
1	44812944	3944	TC
1	44813882	938	TC
1	44815706	1318	AG
1	44817064	1358	GC
1	44819319	2255	CA
1	44820939	1620	TC
1	44825052	1778	CT
1	44829043	2605	TC
1	44830132	745	TC
1	44831476	1223	CG
1	44833307	1792	GA
1	44833308	1	GA
1	44834001	693	AG
1	44834113	112	CG
1	44834281	168	CG
1	44834715	434	TC
1	44835308	593	AG
1	44835375	67	GC
1	44835655	280	GA
1	44835684	29	TC
1	44835716	32	GA
1	44835792	76	TG
1	44835835	43	AG
1	44837608	1295	CG
1	44839299	1354	TG
1	44839507	208	CT
1	44840024	517	CT
1	44840289	193	CA
1	44842882	1641	TC
1	44847605	2207	TC
1	44854112	3370	AG
1	44854315	203	GC
1	44855010	352	TC
1	44855069	59	TC
1	44855250	181	GA
1	44855373	123	TG
1	44855448	75	AG
1	44857898	510	GA
1	44858916	64	TC
1	44866621	2706	TG
1	44867046	425	CT
1	44867597	551	TC
1	44867708	111	GA
1	44869258	419	GA
1	44869333	75	TC
1	44869357	24	AC
1	44869926	501	GT
1	44870055	129	AG
1	44870322	267	GA
1	44870323	1	AT
1	44870551	228	TC
1	44870734	183	GA
1	44870752	18	CG
1	44870786	34	GA
1	44870794	8	AG
1	44870953	159	CG
1	44870954	1	GC
1	44871069	115	TC
1	44871073	4	GT
1	44871339	266	TG
1	44871477	138	GA
1	44872037	560	GC
1	44872067	30	CT
1	44872792	684	TC
1	44875251	821	GC
1	44875486	235	CA
1	44875679	193	GA
1	44876283	286	AG
1	44878323	1752	TC
1	44878835	512	GT
1	44878916	81	AG
1	44879615	199	GA
1	44880688	1021	GA
1	44881054	366	GA
1	44881561	208	GA
1	44883443	1392	AG
1	44883509	66	AG
1	44883834	178	TG
1	44884193	359	TC
1	44884227	34	CT
1	44884557	330	TA
1	44884579	22	GC
1	44884776	197	TC
1	44887335	2559	GA
1	44889754	2195	GA
1	44889851	97	AG
1	44890999	599	CA
1	44891443	444	GA
1	44891444	1	TC
1	44892908	1403	CT
1	44893155	247	AG
1	44894092	408	CT
1	44894205	113	CT
1	44894242	37	CT
1	44894269	27	GC
1	44894411	142	CT
1	44896013	1539	CT
1	44896066	53	TC
1	44896261	37	CG
1	44896290	29	CT
1	44896721	431	TC
1	44897766	999	GT
1	44897877	111	TC
1	44898443	78	CA
1	44900178	1362	GA
1	44904679	3257	GA
1	44907315	1423	TC
1	44908382	907	TA
1	44908397	15	GA
1	44908435	38	TC
1	44908716	281	AG
1	44908787	71	AG
1	44909068	202	AG
1	44909088	20	GA
1	44909287	199	CT
1	44909327	40	TC
1	44909779	387	GT
1	44909965	186	GA
1	44910508	543	GC
1	44910642	134	TC
1	44910773	131	GA
1	44911273	500	GA
1	44911350	77	CT
1	44911364	14	TC
1	44911689	325	CT
1	44911779	90	CT
1	44911894	115	TG
1	44911905	11	GA
1	44912016	111	AT
1	44912022	6	TC
1	44912036	14	AG
1	44912107	71	CT
1	44912276	169	TC
1	44912305	29	AC
1	44912667	362	CA
1	44912671	4	TC
1	44912672	1	GA
1	44913795	829	GC
1	44914337	248	TC
1	44914426	89	GT
1	44914659	233	CA
1	44917796	2186	GA
1	44917859	63	GT
1	44919106	1058	GA
1	44920277	770	AG
1	44921227	414	GA
1	44922369	1072	GA
1	44922730	245	GA
1	44922731	1	GT
1	44922918	187	GA
1	44922921	3	TG
1	44923058	137	GC
1	44923242	184	AG
1	44923539	297	TC
1	44923903	223	GA
1	44924242	166	GA
1	44925860	1557	GA
1	44926296	436	TG
1	44927068	748	GA
1	44927812	548	AG
1	44928096	284	CG
1	44929230	906	TC
1	44929990	760	GA
1	44930250	260	GA
1	44930785	112	GA
1	44930791	6	CA
1	44930843	52	AC
1	44930918	75	CT
1	44930943	25	TC
1	44930967	24	AG
1	44931004	37	GA
1	44931503	53	CG
1	44931559	56	AG
1	44931577	18	AG
1	44931676	99	CT
1	44932830	841	CT
1	44933303	473	AG
1	44933404	101	AG
1	44934659	844	GA
1	44934941	282	AT
1	44935345	404	CT
1	44935447	102	GA
1	44935787	296	GT
1	44936488	188	CT
1	44937057	389	CT
1	44937773	716	CT
1	44937774	1	GA
1	44937888	114	GA
1	44938967	500	GA
1	44939599	334	TC
1	44939634	35	AG
1	44939695	61	GT
1	44940294	599	TC
1	44940357	63	TC
1	44941319	668	TC
1	44941423	104	AG
1	44941605	182	GC
1	44941651	46	CA
1	44941670	19	TC
1	44941696	26	GA
1	44941706	10	TC
1	44941707	1	GA
1	44942579	537	TG
1	44943025	446	CT
1	44943054	29	GA
1	44943088	34	CT
1	44943200	112	GC
1	44943326	126	GA
1	44943335	9	AG
1	44943408	73	GA
1	44943412	4	TC
1	44943639	227	TC
1	44944885	662	CG
1	44944903	18	TG
1	44944922	19	CG
1	44945004	82	GT
1	44945097	93	AG
1	44945165	68	TG
1	44945222	57	TC
1	44945334	76	GA
1	44945349	15	CT
1	44946192	93	CG
1	44946917	57	AG
1	44946930	13	CT
1	44947086	126	TC
1	44947368	187	GA
1	44948550	432	TC
1	44949983	1144	CT
1	44950292	309	TC
1	44950503	99	TC
1	44950677	174	TC
1	44952659	1251	AC
1	44952689	30	TA
1	44954141	728	AG
1	44954389	248	CT
1	44955093	682	GA
1	44969454	8440	AG
1	44989458	17270	GA
1	44994411	4150	CT
1	44994833	422	TC
1	44996013	1180	AG
1	44996531	518	AG
1	44997010	479	CT
1	44997230	220	CA
1	44997331	101	CT
1	44997907	576	AG
1	44998156	249	TC
1	44998297	141	GT
1	45000073	73	TC
1	45000207	134	AC
1	45000400	193	AG
1	45000426	26	TC
1	45000444	18	GA
1	45001739	1147	TC
1	45002461	722	GA
1	45002837	376	AG
1	45002842	5	GA
1	45005847	2483	TG
1	45006137	234	CG
1	45006350	213	TC
1	45008240	1341	CT
1	45009320	1080	GA
1	45010668	1116	CT
1	45011467	799	CT
1	45011525	58	CT
1	45012268	743	CT
1	45012505	141	CA
1	45015209	2267	TC
1	45016591	1258	TC
1	45016877	286	AC
1	45017445	568	CT
1	45021092	2869	AT
1	45024438	3050	GA
1	45025699	894	CT
1	45025741	42	GA
1	45025783	42	CT
1	45025819	36	GC
1	45026103	284	CA
1	45029327	2337	GA
1	45029438	111	TC
1	45029600	162	AT
1	45029714	114	GA
1	45030012	298	GA
1	45030107	95	AG
1	45030114	7	AG
1	45030149	35	CT
1	45030747	598	CA
1	45030774	27	CT
1	45030777	3	AT
1	45033751	2470	CT
1	45036024	1650	TC
1	45036166	142	GA
1	45037673	728	AC
1	45038439	712	AG
1	45039545	898	TC
1	45040443	898	GC
1	45040754	311	CT
1	45041134	380	TC
1	45041937	803	CT
1	45041938	1	GA
1	45042944	1006	CA
1	45045199	2041	GA
1	45045607	408	GC
1	45046534	927	GA
1	45047726	1192	GC
1	45051359	3614	TC
1	45051622	263	AC
1	45051698	76	GA
1	45052310	612	CT
1	45055759	2334	CG
1	45058685	1459	AG
1	45060247	1489	CT
1	45060328	81	AG
1	45060351	23	AG
1	45061115	764	CT
1	45062610	984	TC
1	45063048	368	CT
1	45063580	532	GC
1	45067326	3483	TC
1	45068368	963	CT
1	45070152	1431	CT
1	45070615	463	AG
1	45071895	1123	GC
1	45075436	3182	AG
1	45076079	438	GA
1	45076579	500	GA
1	45076805	226	AG
1	45076950	145	GT
1	45077050	100	AG
1	45077472	422	GA
1	45081770	3084	GT
1	45082460	690	GA
1	45083085	625	CT
1	45083256	171	GA
1	45083829	527	CT
1	45083883	54	AG
1	45083939	56	CG
1	45084067	128	TC
1	45085621	1468	AG
1	45085995	257	CA
1	45086283	288	GA
1	45087007	612	CT
1	45090667	1685	CT
1	45091099	432	TA
1	45091671	572	TC
1	45092501	780	GA
1	45094239	1388	GT
1	45094777	538	CT
1	45095657	880	GA
1	45098983	2529	GA
1	45099402	419	GT
1	45099565	163	CT
1	45099634	69	AG
1	45099931	297	CA
1	45104649	2920	TC
1	45104891	242	TC
1	45106322	1431	AG
1	45106783	461	AG
1	45107180	397	GA
1	45107271	91	GA
1	45107483	212	CT
1	45107604	121	TC
1	45108152	548	AG
1	45108598	446	CT
1	45110101	1082	CT
1	45110400	299	CT
1	45110464	64	TC
1	45110475	11	CT
1	45113049	2442	CT
1	45113973	924	CA
1	45114228	255	CT
1	45115705	1045	AG
1	45116037	332	CT
1	45116226	189	CA
1	45117645	1273	CT
1	45118108	463	GA
1	45118768	604	CT
1	45118928	160	CT
1	45118982	54	CT
1	45119332	350	AG
1	45119430	98	GT
1	45120013	299	TC
1	45120155	142	TG
1	45120270	115	CT
1	45120514	244	AG
1	45120592	78	TC
1	45120619	27	GC
1	45121560	910	GT
1	45122128	568	CT
1	45122382	220	AC
1	45123481	961	TC
1	45123681	200	TG
1	45124184	480	AT
1	45124467	217	CT
1	45124494	27	AG
1	45124497	3	TC
1	45124905	408	TC
1	45125961	1056	AC
1	45131014	4000	GT
1	45131701	687	GA
1	45131758	57	CG
1	45132254	410	CT
1	45134735	2314	AG
1	45141035	5142	CT
1	45142093	1018	AG
1	45144187	1864	CT
1	45145172	985	AG
1	45146469	1297	GA
1	45151642	3962	CT
1	45153367	1725	CT
1	45153822	248	TC
1	45155312	1459	GA
1	45157649	2152	CG
1	45158081	432	GA
1	45158703	622	CT
1	45158844	141	CT
1	45159446	538	CG
1	45160962	1335	TC
1	45160989	27	CT
1	45161983	758	GC
1	45166418	3638	TC
1	45173463	6089	GA
1	45175551	1898	GT
1	45175609	58	GA
1	45175902	293	CT
1	45175994	92	AG
1	45177755	1495	TG
1	45177831	76	AG
1	45180060	2176	GA
1	45180219	159	CT
1	45193543	10260	AG
1	45197038	3414	AG
1	45197086	48	AG
1	45197545	459	CT
1	45198266	182	CT
1	45198835	569	TC
1	45199032	197	GA
1	45199244	212	CT
1	45199768	524	CT
1	45200058	237	AG
1	45200189	131	AG
1	45201649	1321	TC
1	45201753	104	TC
1	45202629	876	CT
1	45203374	616	TC
1	45205159	1785	GA
1	45205496	299	AC
1	45206078	582	AG
1	45206694	582	CT
1	45206809	115	CT
1	45206977	168	TG
1	45209314	1323	CT
1	45209989	675	AC
1	45210039	50	GA
1	45210876	837	CT
1	45210898	22	CT
1	45211365	467	GC
1	45213365	1792	GA
1	45216327	2351	TC
1	45218599	1864	GC
1	45219117	467	CT
1	45219885	768	CT
1	45221874	1893	GA
1	45222070	196	CT
1	45228798	6119	GA
1	45229206	302	GA
1	45230462	900	AC
1	45233617	2928	CA
1	45235088	759	GT
1	45235470	382	AG
1	45239432	3526	CG
1	45240152	324	CT
1	45247752	6450	AG
1	45248780	1010	AG
1	45250249	1397	GA
1	45254404	1883	TC
1	45254955	428	GA
1	45258271	2595	TC
1	45259393	1096	AG
1	45259655	262	CT
1	45260200	545	AC
1	45262118	1563	TC
1	45262990	323	TC
1	45263056	66	GA
1	45264948	1642	TG
1	45264952	4	GA
1	45264978	26	CG
1	45265201	223	GA
1	45266329	312	TC
1	45266455	126	AG
1	45268041	1526	AG
1	45268417	376	AT
1	45268734	293	AC
1	45269902	453	CT
1	45272427	1865	AG
1	45273056	629	GA
1	45273170	114	CG
1	45273351	146	CG
1	45273555	204	GC
1	45273751	196	CT
1	45274108	271	CT
1	45274126	18	TC
1	45274599	473	TG
1	45274626	27	GA
1	45275336	681	GA
1	45275337	1	AC
1	45275479	142	CG
1	45275682	203	AT
1	45275689	7	CT
1	45275829	140	GA
1	45276510	681	AG
1	45276812	278	CT
1	45277031	219	CG
1	45277429	88	AG
1	45278842	1413	CT
1	45279019	177	TC
1	45279349	330	GA
1	45280956	1279	GT
1	45282065	406	GA
1	45283819	1403	CT
1	45284046	227	GA
1	45284128	82	GT
1	45284257	129	GA
1	45285527	1085	CT
1	45286113	530	TC
1	45287534	714	CA
1	45287945	411	GA
1	45288509	564	CT
1	45289284	775	CT
1	45291348	1676	GA
1	45291438	90	CT
1	45291687	249	CT
1	45291882	195	CT
1	45291891	9	GA
1	45291936	45	CT
1	45292674	738	GA
1	45293896	959	TG
1	45295746	1738	GA
1	45295771	25	TC
1	45296140	369	GA
1	45296304	164	CG
1	45296558	254	GC
1	45297867	1309	GA
1	45297994	127	CG
1	45298046	52	GA
1	45298335	289	TC
1	45298504	169	CT
1	45298854	310	CG
1	45298964	110	CG
1	45300112	1006	AG
1	45303080	2528	CT
1	45303834	722	CT
1	45307642	3440	CT
1	45307929	287	CG
1	45308227	298	AG
1	45309529	761	GC
1	45309706	177	CT
1	45310702	996	CG
1	45311916	971	GA
1	45312308	392	CT
1	45312747	439	GA
1	45315362	2149	AG
1	45318460	2784	CT
1	45318948	488	TC
1	45319500	552	AG
1	45319943	443	AC
1	45319979	36	GA
1	45320106	127	CA
1	45320656	304	AG
1	45320909	253	CA
1	45320970	61	TC
1	45321489	519	GA
1	45321958	469	AT
1	45322227	114	CG
1	45322616	389	GA
1	45323220	604	GA
1	45325885	2366	CT
1	45326821	936	CT
1	45333273	5535	CT
1	45344378	5962	CT
1	45344402	24	CT
1	45344508	106	CT
1	45344568	60	CG
1	45344663	95	GT
1	45346333	1639	CT
1	45347122	789	TC
1	45348605	1240	CT
1	45353001	2553	TA
1	45353057	56	GT
1	45353905	396	CT
1	45361995	2119	TC
1	45368713	3123	TC
1	45369813	1058	GA
1	45376001	4602	TC
1	45378106	1557	GA
1	45379476	1295	AG
1	45400054	9919	CG
1	45400304	250	TC
1	45400362	58	CT
1	45400809	447	CT
1	45401885	697	CT
1	45401980	95	CT
1	45403180	512	AG
1	45403213	33	TC
1	45403375	162	TC
1	45403418	43	AG
1	45403446	28	AC
1	45403578	132	GA
1	45403942	364	CT
1	45408048	1288	CT
1	45408902	794	GA
1	45410153	734	CA
1	45412206	1486	GA
1	45412213	7	AG
1	45412230	17	TC
1	45412231	1	GA
1	45412265	34	GA
1	45412660	395	CA
1	45412778	118	GA
1	45412819	41	CT
1	45412887	68	CT
1	45412904	17	GT
1	45412973	69	GA
1	45413008	35	GA
1	45415734	1369	GA
1	45415746	12	TC
1	45419717	2832	AG
1	45419761	44	AT
1	45419851	90	AG
1	45419858	7	GA
1	45419908	50	AG
1	45421385	623	TG
1	45421816	431	TC
1	45422109	293	GA
1	45422203	94	TC
1	45422806	408	CG
1	45422854	48	CT
1	45422877	23	CA
1	45422900	23	GA
1	45423064	164	GA
1	45423284	220	TC
1	45423529	245	GA
1	45423631	102	CT
1	45425035	1184	CG
1	45425102	67	CT
1	45426021	919	AC
1	45426057	36	CT
1	45426786	493	GC
1	45426823	37	TC
1	45427263	440	GA
1	45428194	551	CT
1	45428381	187	TC
1	45428675	294	TC
1	45428702	27	CT
1	45428818	116	TC
1	45429058	240	TC
1	45429159	101	GC
1	45429522	363	TG
1	45430336	412	GT
1	45430378	42	GA
1	45431322	670	CT
1	45431439	117	CT
1	45431612	173	GA
1	45431668	56	GT
1	45431936	268	GT
1	45432286	350	TC
1	45434364	1669	CG
1	45434478	114	GA
1	45435250	636	CG
1	45435332	82	CT
1	45435333	1	AG
1	45435419	86	CT
1	45435911	492	TC
1	45436451	398	AG
1	45436562	111	CG
1	45437108	546	CT
1	45437387	279	CT
1	45438080	693	CT
1	45438642	562	AG
1	45443884	4794	GA
1	45444346	462	GA
1	45445085	710	GC
1	45445602	517	CG
1	45446080	478	CT
1	45446082	2	AT
1	45446670	588	AG
1	45446826	156	GA
1	45449050	1769	CT
1	45451990	1987	TC
1	45452562	572	GC
1	45452575	13	CG
1	45454074	1332	GA
1	45454242	168	GT
1	45454561	319	CT
1	45454644	83	GC
1	45455068	424	GA
1	45456298	1163	GT
1	45456834	244	CT
1	45456849	15	GA
1	45457006	157	AG
1	45457142	136	GC
1	45457314	172	CT
1	45458368	636	AG
1	45458611	243	TC
1	45459589	978	TC
1	45459622	33	AG
1	45460470	485	TG
1	45461999	846	CG
1	45462603	604	CT
1	45463069	466	CT
1	45463432	363	TC
1	45463813	381	CT
1	45463865	52	CG
1	45465462	1378	CT
1	45466987	1355	GC
1	45468656	1298	GA
1	45473572	2773	AC
1	45474621	359	TC
1	45475089	468	CT
1	45475315	190	TC
1	45476616	246	TC
1	45477227	386	GA
1	45477510	283	TA
1	45477539	29	AG
1	45477959	420	GA
1	45478615	507	AG
1	45478724	109	CT
1	45478780	56	TC
1	45478999	219	AG
1	45479623	105	GA
1	45480326	703	AG
1	45480553	227	AT
1	45480558	5	CT
1	45480573	15	CT
1	45480752	179	CT
1	45481202	318	GT
1	45481323	121	AG
1	45481383	60	AG
1	45482503	284	TC
1	45482925	236	CT
1	45483922	288	GT
1	45484479	361	GA
1	45485294	680	CT
1	45485773	162	TC
1	45488196	725	TG
1	45488648	346	CT
1	45489797	451	AG
1	45489807	10	CG
1	45490559	567	TA
1	45493645	930	GA
1	45495408	548	GA
1	45495566	158	GA
1	45498108	766	GA
1	45498783	656	GA
1	45499470	406	AG
1	45499544	74	AG
1	45499980	436	TC
1	45500142	162	TC
1	45500530	388	AG
1	45501319	417	GC
1	45501766	360	GA
1	45503446	635	TC
1	45503734	112	AG
1	45503782	48	CT
1	45503874	92	GA
1	45503879	5	GC
1	45503914	35	AG
1	45504410	317	AG
1	45504667	257	CT
1	45504792	125	TC
1	45505306	314	AG
1	45505354	48	AG
1	45505407	53	AG
1	45550018	27451	AG
1	45551342	580	GA
1	45585871	20902	CT
1	45588986	1736	CG
1	45589018	32	TA
1	45589028	10	TC
1	45589146	118	CT
1	45589225	79	TC
1	45589268	43	GA
1	45589287	19	AG
1	45589411	124	TC
1	45591811	1169	GA
1	45591828	17	AG
1	45596602	743	AG
1	45608434	3870	TC
1	45608511	77	GA
1	45608579	68	GA
1	45608611	32	GT
1	45608796	100	GA
1	45609084	288	TG
1	45609165	81	TC
1	45609194	29	AG
1	45609326	132	AG
1	45609340	14	GC
1	45609396	56	TC
1	45609764	213	AG
1	45610032	268	TG
1	45610655	623	TG
1	45611032	377	TG
1	45614302	2029	GA
1	45614668	366	AC
1	45615037	369	AG
1	45618525	2550	AT
1	45618819	228	CT
1	45618856	37	AG
1	45619245	389	TC
1	45619289	44	AT
1	45625197	4293	CT
1	45625342	145	TC
1	45625601	259	GT
1	45626223	622	TA
1	45626224	1	GT
1	45626442	218	GA
1	45626673	231	TC
1	45627144	471	TG
1	45627411	267	AG
1	45627430	19	AG
1	45627532	102	GA
1	45628044	512	AT
1	45629838	373	CT
1	45632457	913	CA
1	45632459	2	AC
1	45632467	8	TC
1	45632518	51	CG
1	45633632	708	TC
1	45634092	280	GA
1	45635063	399	GA
1	45635885	457	GA
1	45636157	272	TC
1	45637119	799	AC
1	45637200	81	AG
1	45637224	24	AC
1	45637360	136	GA
1	45637423	63	AG
1	45640234	2495	AC
1	45640301	67	CT
1	45640373	72	CT
1	45640389	16	GC
1	45640409	20	CT
1	45640603	194	CT
1	45641017	414	AC
1	45641068	51	AG
1	45641555	487	TC
1	45642174	619	GA
1	45642237	63	GA
1	45643491	1254	CT
1	45643979	467	CT
1	45644050	71	GC
1	45644256	206	GT
1	45644433	177	AG
1	45644491	58	TC
1	45644754	263	TG
1	45644959	205	CT
1	45645007	48	CT
1	45645010	3	CT
1	45645085	75	TC
1	45645210	125	GA
1	45645288	78	CT
1	45645295	7	GA
1	45645366	71	CT
1	45645438	72	CT
1	45645479	41	AT
1	45646112	633	CA
1	45646450	338	TC
1	45646483	33	AG
1	45646806	323	TC
1	45647648	634	TC
1	45648033	385	GT
1	45648557	322	CT
1	45648581	24	GA
1	45648924	343	AG
1	45649499	305	AC
1	45649541	42	AG
1	45650564	1023	GA
1	45650772	208	CT
1	45650892	120	CT
1	45651454	562	TC
1	45651460	6	GA
1	45651814	354	GA
1	45651877	63	CT
1	45652223	346	AG
1	45652277	54	AT
1	45652323	46	TC
1	45652383	60	GT
1	45652789	406	TC
1	45653068	112	AG
1	45653072	4	GA
1	45653089	17	GA
1	45653597	78	TA
1	45653819	222	GT
1	45653960	141	AC
1	45654487	527	TC
1	45654519	32	GA
1	45654538	19	AG
1	45657500	965	CT
1	45657629	129	CA
1	45657637	8	CT
1	45657676	39	TG
1	45657705	29	AG
1	45657734	29	AG
1	45657861	127	TC
1	45657892	31	CT
1	45657902	10	TA
1	45659734	1238	TA
1	45659842	108	AG
1	45661959	1265	TC
1	45662031	72	AC
1	45662054	23	GT
1	45662200	146	AG
1	45662424	224	TG
1	45663037	566	CA
1	45663880	843	CT
1	45664285	405	GC
1	45664550	265	TC
1	45665441	822	GA
1	45665782	162	GA
1	45667742	764	AG
1	45667806	64	CT
1	45671478	2020	GA
1	45671672	194	GT
1	45671750	78	GA
1	45671758	8	GA
1	45673519	687	GA
1	45674124	605	CT
1	45674549	425	CG
1	45674577	28	GA
1	45674616	39	TC
1	45674733	117	CT
1	45674739	6	AG
1	45674783	44	AT
1	45674802	19	GA
1	45674865	63	GA
1	45676001	633	GA
1	45676137	136	TC
1	45676154	17	GA
1	45677626	1387	GA
1	45677699	73	GA
1	45677747	48	TC
1	45677769	22	GA
1	45678247	478	GA
1	45678589	86	CT
1	45678911	162	GA
1	45679036	125	GT
1	45679167	131	CT
1	45679553	386	AG
1	45679818	265	TC
1	45679965	147	AG
1	45682152	758	GT
1	45682333	181	GC
1	45683281	948	CG
1	45683527	246	GA
1	45683714	187	CT
1	45689673	3983	GA
1	45689742	69	GA
1	45692926	2054	GA
1	45704221	7627	CT
1	45704240	19	TC
1	45704275	35	GA
1	45704304	29	TC
1	45704506	202	TC
1	45704642	136	GT
1	45704908	97	GT
1	45705373	465	CT
1	45705598	225	AG
1	45705784	186	GA
1	45705912	128	GA
1	45705924	12	CA
1	45706402	423	GC
1	45707419	1017	GA
1	45709155	1145	GC
1	45712785	3057	GA
1	45712860	75	GA
1	45713447	410	CT
1	45713696	249	TC
1	45728640	9751	CT
1	45729205	565	CT
1	45731510	1436	GA
1	45731625	115	TC
1	45731729	104	GA
1	45731869	140	GA
1	45731948	79	GA
1	45732321	373	GC
1	45732888	501	AG
1	45732959	71	CT
1	45733106	147	CG
1	45733306	126	AG
1	45733661	313	TC
1	45733761	100	GA
1	45733807	46	GA
1	45733831	24	CT
1	45733845	14	AC
1	45733853	8	CT
1	45733865	12	TC
1	45734071	206	AG
1	45734394	270	CT
1	45735593	1199	TG
1	45735605	12	GT
1	45735850	245	CT
1	45737054	256	CT
1	45737076	22	TC
1	45737079	3	CT
1	45737128	49	GC
1	45737171	43	CT
1	45737486	315	AG
1	45737488	2	GA
1	45737494	6	GA
1	45737514	20	TG
1	45737529	15	TC
1	45737600	71	GA
1	45739174	259	GT
1	45739325	151	TC
1	45740187	523	AG
1	45740759	572	TC
1	45740964	205	TC
1	45741155	191	CA
1	45742854	1515	GC
1	45742925	71	TC
1	45743120	195	AC
1	45743276	156	GC
1	45743291	15	GA
1	45743385	94	GA
1	45743508	123	AG
1	45744538	394	CG
1	45744844	188	CT
1	45744907	63	CT
1	45744941	34	AG
1	45745020	79	CT
1	45745170	150	GA
1	45745305	135	AG
1	45745506	201	GA
1	45745561	55	GA
1	45745563	2	GA
1	45746179	616	GT
1	45747257	997	CT
1	45747345	88	TC
1	45747831	486	GA
1	45748033	202	TC
1	45748110	77	AG
1	45748413	303	TC
1	45748739	282	CA
1	45749005	266	GA
1	45749109	104	CT
1	45750113	904	CT
1	45750114	1	CG
1	45750192	78	CA
1	45750233	41	CA
1	45750366	133	AT
1	45750397	31	AG
1	45750400	3	GA
1	45750827	427	GA
1	45753638	1992	CT
1	45754353	715	GA
1	45754829	206	AG
1	45754832	3	CT
1	45755222	390	GA
1	45755270	48	TC
1	45755297	27	GC
1	45755298	1	GA
1	45756135	837	GA
1	45756233	98	AC
1	45756895	662	AG
1	45757146	251	TC
1	45757160	14	AG
1	45757172	12	GA
1	45757396	224	TC
1	45757571	175	CT
1	45758341	496	TG
1	45758657	316	CA
1	45758668	11	AG
1	45758683	15	GC
1	45758885	202	CG
1	45758990	105	GA
1	45759198	208	AG
1	45759558	360	AT
1	45759629	71	GA
1	45760269	599	GC
1	45760616	347	TG
1	45760651	35	GA
1	45761270	558	CT
1	45761430	160	TG
1	45761629	177	CT
1	45761673	44	GA
1	45762490	167	TA
1	45767013	1465	AT
1	45767661	21	CT
1	45767662	1	GC
1	45767894	232	CT
1	45768003	109	CT
1	45768363	299	GA
1	45768470	107	CT
1	45770572	1827	GA
1	45770766	194	TG
1	45771247	481	GT
1	45771897	650	TA
1	45772168	271	GA
1	45772722	194	CT
1	45777136	3077	CA
1	45777515	379	AG
1	45777684	169	CT
1	45777757	73	GA
1	45777818	61	CT
1	45777998	180	CT
1	45778082	84	GA
1	45778182	100	CA
1	45779279	566	CT
1	45779875	570	GA
1	45779877	2	AC
1	45786710	3503	CT
1	45786854	144	CT
1	45787160	306	CT
1	45787164	4	CA
1	45788022	556	GA
1	45788180	158	GC
1	45789040	491	AC
1	45789666	324	TC
1	45790792	783	TC
1	45790952	160	GA
1	45791016	17	GA
1	45791028	12	GT
1	45791407	379	GA
1	45791544	137	GA
1	45791595	51	TC
1	45791654	59	GA
1	45792338	684	AG
1	45792593	255	CT
1	45792677	84	CT
1	45792699	22	TC
1	45792799	100	AC
1	45792836	37	GC
1	45792902	66	AG
1	45792927	25	TG
1	45793248	321	AG
1	45793336	88	GA
1	45794309	973	GA
1	45799896	4651	AG
1	45799979	83	GA
1	45800131	152	GA
1	45800139	8	CT
1	45800148	9	GA
1	45800432	284	TC
1	45800459	27	GA
1	45800598	139	GC
1	45802122	675	AT
1	45802130	8	GA
1	45803343	1213	CT
1	45804158	754	GA
1	45806582	2067	CT
1	45807529	947	GA
1	45809775	934	CG
1	45809854	79	AG
1	45810196	193	CT
1	45812237	1098	AG
1	45812442	205	GC
1	45812661	219	GC
1	45812726	65	TC
1	45812908	182	TC
1	45813011	103	GA
1	45813479	468	TC
1	45813619	140	CT
1	45813628	9	TG
1	45813927	299	GA
1	45814038	111	CT
1	45814233	195	GC
1	45815191	439	AG
1	45815215	24	GA
1	45815716	206	GA
1	45816043	327	CT
1	45817020	289	CG
1	45817541	521	GC
1	45817544	3	GA
1	45818075	531	TC
1	45818429	205	CT
1	45818620	157	CT
1	45819899	1017	CT
1	45820503	604	TC
1	45822740	1411	TC
1	45833761	6999	CT
1	45841403	6542	AT
1	45898707	47452	GT
1	45898715	8	GA
1	45913500	10795	AG
1	45913639	139	GA
1	45913950	113	AG
1	45913955	5	TC
1	45913973	18	TC
1	45913978	5	TC
1	45914350	372	TC
1	45916715	1462	CG
1	45919610	2454	AC
1	45922663	2490	AG
1	45922781	118	AG
1	45923528	339	GA
1	45923862	334	CG
1	45924003	141	AG
1	45924023	20	TC
1	45924050	27	CA
1	45924683	540	AG
1	45925130	447	AG
1	45925238	108	CG
1	45925569	331	TC
1	45925627	58	CA
1	45925795	61	CT
1	45926131	84	AG
1	45926432	301	TG
1	45928137	1452	TC
1	45928425	132	CT
1	45928816	391	GC
1	45929016	200	AG
1	45929157	141	GC
1	45933008	3683	CT
1	45933827	697	GA
1	45934706	843	TC
1	45937647	2769	TC
1	45937705	58	GC
1	45937781	76	GA
1	45937808	27	AG
1	45937940	132	GC
1	45937942	2	CT
1	45938071	129	GC
1	45941119	1585	GA
1	45941177	58	CG
1	45941295	118	TG
1	45942186	525	AG
1	45946280	2290	TC
1	45947058	667	CT
1	45947392	334	GA
1	45949180	1788	AG
1	45949992	812	GA
1	45952531	1604	CT
1	45954734	2062	AG
1	45957018	1548	GA
1	45957167	149	CT
1	45957168	1	AT
1	45957650	482	CT
1	45961318	2999	TC
1	45961376	58	CA
1	45962738	1318	AG
1	45964183	1319	AG
1	45964293	110	TA
1	45964759	167	TC
1	45964772	13	AC
1	45965116	202	TC
1	45966943	1624	CG
1	45967173	149	CT
1	45969082	1909	TC
1	45969947	805	AG
1	45969994	47	CG
1	45970262	268	AG
1	45970467	205	GA
1	45970550	83	AT
1	45970832	282	GA
1	45971395	563	TC
1	45971673	278	GA
1	45972354	681	TG
1	45972485	131	TG
1	45972787	266	CA
1	45974849	2043	GA
1	45975478	629	TC
1	45976503	1025	TA
1	45977012	509	TA
1	45980085	1781	CT
1	45980088	3	AG
1	45980096	8	CT
1	45980139	43	GA
1	45980425	181	AG
1	45980528	103	CT
1	45981148	549	AG
1	45981281	133	GA
1	45981448	167	AG
1	45982792	229	CG
1	45982958	166	CT
1	45983893	903	AC
1	45984848	955	AG
1	45986007	924	GT
1	45987266	1008	TC
1	45987815	549	CA
1	45988253	376	GC
1	45988676	423	GA
1	45990866	2044	GC
1	45991548	682	GC
1	45993509	1524	TG
1	45998706	3488	CT
1	45998765	59	GA
1	45999011	246	GC
1	46004454	5179	TC
1	46008646	3636	GA
1	46009251	554	CT
1	46009310	59	CT
1	46009312	2	CT
1	46010483	830	GC
1	46013185	2272	GC
1	46014369	1167	TC
1	46014513	144	AG
1	46014781	268	CT
1	46021531	1080	AG
1	46023099	1568	CT
1	46023256	157	TC
1	46023313	57	CT
1	46023876	528	CT
1	46023963	87	TC
1	46024101	138	TC
1	46024303	134	AG
1	46024461	158	TA
1	46024482	21	GT
1	46024979	497	TG
1	46025500	276	AG
1	46025505	5	AG
1	46025544	39	GA
1	46026102	248	TG
1	46026158	56	TC
1	46026927	769	TA
1	46027164	237	AC
1	46027961	797	TC
1	46028802	736	CG
1	46030645	880	TC
1	46032445	509	GA
1	46033560	983	CT
1	46034577	1017	CG
1	46034644	67	TA
1	46034992	348	GA
1	46038412	2522	TG
1	46039474	439	AG
1	46046646	3881	TA
1	46049591	2625	CA
1	46050286	535	CA
1	46050452	166	CG
1	46050684	207	GC
1	46051078	394	AG
1	46051205	127	GA
1	46051429	224	TC
1	46051515	86	CA
1	46052139	252	CT
1	46052397	258	CG
1	46052425	28	TG
1	46052932	507	GC
1	46053225	293	CT
1	46053993	768	CG
1	46054003	10	TC
1	46054042	39	GA
1	46054120	78	GT
1	46054537	417	TA
1	46055759	1163	GA
1	46056926	1145	CT
1	46057919	993	GT
1	46062833	1701	AT
1	46063982	1095	AC
1	46064183	201	TC
1	46064594	411	TC
1	46064761	167	GT
1	46064969	208	CT
1	46065269	169	AG
1	46065369	100	CT
1	46065641	272	GC
1	46065686	45	CT
1	46065747	61	CT
1	46065778	31	CT
1	46066858	682	GA
1	46067395	97	GA
1	46068032	637	AC
1	46068301	269	AG
1	46068576	275	CT
1	46068696	80	AG
1	46068820	124	GT
1	46069646	826	TC
1	46070140	494	TC
1	46071565	1272	GC
1	46071847	282	GA
1	46071913	66	TC
1	46078420	2873	AG
1	46078507	87	GA
1	46080157	254	CG
1	46083906	2689	AT
1	46084569	663	GA
1	46084719	150	CT
1	46084720	1	AG
1	46084759	39	TC
1	46085905	1146	TC
1	46086063	158	CA
1	46086441	378	AG
1	46086862	421	GC
1	46087279	375	GA
1	46087324	45	GA
1	46089448	1348	GC
1	46089666	218	CG
1	46089934	268	CT
1	46090103	56	TA
1	46092123	1803	GT
1	46092169	46	CA
1	46092283	114	GA
1	46092484	201	CT
1	46092571	87	GA
1	46092673	102	TC
1	46092828	155	GA
1	46094876	1963	AC
1	46095165	289	CT
1	46095324	159	CG
1	46095534	210	AC
1	46095632	98	CG
1	46095848	216	CT
1	46096116	268	AC
1	46096268	152	CT
1	46096313	45	CA
1	46096317	4	AG
1	46096355	38	GA
1	46096364	9	GT
1	46096367	3	TC
1	46096766	354	GT
1	46096980	214	GC
1	46098062	328	TC
1	46098105	43	CG
1	46098247	142	AC
1	46102563	796	CT
1	46102859	296	CT
1	46103370	227	AG
1	46103682	312	AG
1	46103694	12	AG
1	46103840	146	GA
1	46103953	113	CT
1	46104136	183	CT
1	46104186	50	CT
1	46104187	1	AG
1	46104493	186	GA
1	46104651	158	CT
1	46106461	1306	CT
1	46107701	1029	GA
1	46108323	622	TC
1	46110252	1333	TC
1	46110524	272	CT
1	46110633	109	TC
1	46111266	583	CT
1	46111526	260	GC
1	46111535	9	CT
1	46112374	839	CA
1	46114778	1926	GA
1	46118187	2667	CT
1	46119559	1063	GA
1	46120295	399	AG
1	46120767	472	CT
1	46120792	25	TA
1	46120880	88	GT
1	46121211	291	GA
1	46121670	459	CT
1	46123982	252	TC
1	46124273	48	CG
1	46124339	66	CG
1	46124431	92	TG
1	46124446	15	GC
1	46124560	114	AG
1	46124693	133	CA
1	46126107	1414	CG
1	46126381	274	CT
1	46127121	148	TC
1	46127167	46	AG
1	46127304	137	CG
1	46127947	119	CT
1	46127966	19	AG
1	46128306	340	TC
1	46128332	26	AT
1	46128455	123	TC
1	46128476	21	AG
1	46128509	33	TC
1	46128715	206	CT
1	46128742	27	CG
1	46128771	29	GT
1	46129017	165	TC
1	46129033	16	GT
1	46129324	291	GA
1	46129333	9	GA
1	46129407	74	TC
1	46129469	62	AG
1	46129476	7	TC
1	46129565	89	AG
1	46130469	79	GA
1	46130540	71	TG
1	46130711	171	AC
1	46130970	259	CT
1	46131740	445	CT
1	46132341	235	TC
1	46132382	41	GA
1	46132446	64	TC
1	46132458	12	TC
1	46132482	24	CT
1	46133854	929	TC
1	46134132	278	GA
1	46134168	36	AC
1	46134445	200	GA
1	46134459	14	TC
1	46134740	281	TC
1	46135039	299	AG
1	46135088	49	CT
1	46135340	252	TA
1	46135438	98	CT
1	46136085	647	AC
1	46136325	240	CA
1	46136334	9	TC
1	46137704	694	GA
1	46137775	71	GC
1	46137908	133	AG
1	46138124	216	AG
1	46138243	119	CT
1	46138273	30	CT
1	46139064	791	GT
1	46139151	87	GA
1	46142531	2880	CT
1	46143559	1028	CT
1	46143560	1	AG
1	46144110	550	AT
1	46144407	297	CT
1	46144550	143	AG
1	46145829	1279	CT
1	46150811	3818	CT
1	46158531	6440	GT
1	46164501	3511	TC
1	46165501	1000	GC
1	46204315	32430	TC
1	46204777	462	TC
1	46205400	571	GA
1	46205649	249	TC
1	46205829	180	CT
1	46206039	210	CT
1	46206763	724	TC
1	46207781	927	TC
1	46209539	1758	TC
1	46210895	1234	TC
1	46211046	151	AC
1	46211571	525	AG
1	46211589	18	AG
1	46214870	2416	AG
1	46215153	283	TG
1	46215549	366	TC
1	46215584	35	CT
1	46215770	186	TA
1	46216612	353	GA
1	46216619	7	GA
1	46216674	55	AG
1	46216796	122	TC
1	46217870	1074	AT
1	46218736	467	CT
1	46218967	231	AG
1	46219077	110	GA
1	46222019	2683	TG
1	46222052	33	GA
1	46222254	202	TC
1	46222620	366	CA
1	46224122	1449	CA
1	46225283	1009	GA
1	46225420	137	AG
1	46228084	2170	TC
1	46229868	1305	GA
1	46229896	28	CA
1	46230760	572	CT
1	46231152	392	AG
1	46231358	206	GA
1	46232815	1274	AC
1	46236842	3520	AG
1	46237015	173	CG
1	46237561	546	GA
1	46238958	1397	CT
1	46239524	451	TC
1	46239549	25	CG
1	46239894	345	TC
1	46240726	777	GC
1	46240871	145	GA
1	46245154	3706	TC
1	46245365	211	GA
1	46245569	204	AG
1	46245697	128	CT
1	46245823	126	TC
1	46245973	150	CT
1	46247521	1168	AT
1	46247563	42	CT
1	46247954	391	GA
1	46250247	909	CT
1	46250588	341	AC
1	46250892	304	CT
1	46252035	877	CT
1	46252043	8	AC
1	46252134	91	TC
1	46252163	29	TC
1	46252400	237	CA
1	46253260	277	TC
1	46253685	425	TC
1	46253768	83	GA
1	46254269	460	AC
1	46254400	38	TC
1	46254502	38	CT
1	46254657	127	AT
1	46255130	412	AC
1	46255524	394	TC
1	46255971	447	TC
1	46256629	658	GC
1	46258891	1147	TC
1	46258919	28	AT
1	46259416	303	AG
1	46259690	274	AT
1	46260034	344	CT
1	46260189	155	CT
1	46260454	265	CG
1	46261754	387	CT
1	46263746	1770	TG
1	46263774	28	TC
1	46264126	167	GT
1	46264416	180	AG
1	46264419	3	GC
1	46264558	139	CT
1	46264858	262	GT
1	46264994	136	TC
1	46265520	526	GA
1	46265628	108	TC
1	46265629	1	GA
1	46265887	169	CT
1	46265892	5	CT
1	46266540	571	CT
1	46266839	173	GA
1	46266874	35	TA
1	46267578	71	AC
1	46267596	18	CT
1	46268757	970	TG
1	46273155	2308	AG
1	46276162	2291	AG
1	46276606	211	GA
1	46276778	172	AG
1	46277344	566	AG
1	46278912	650	GA
1	46279870	410	TC
1	46279888	18	CG
1	46279996	108	AG
1	46280900	881	GA
1	46282632	1640	TC
1	46282822	190	GA
1	46282949	127	CT
1	46283027	78	CT
1	46285968	234	TC
1	46286154	186	CT
1	46286207	53	CT
1	46297727	1280	GA
1	46298481	512	GC
1	46300283	1509	CA
1	46300293	10	CA
1	46301317	974	CT
1	46301410	93	GT
1	46303797	1617	TC
1	46304659	408	GT
1	46305356	443	GA
1	46306619	492	AG
1	46308114	1200	CT
1	46308511	397	CT
1	46311279	1321	TC
1	46313010	1731	TC
1	46314066	969	TA
1	46315226	1107	TC
1	46315233	7	TC
1	46315318	85	CA
1	46315486	168	AC
1	46316296	445	TC
1	46316473	25	CT
1	46320594	1885	TC
1	46321497	521	CG
1	46321930	433	TG
1	46322263	333	GA
1	46322291	28	CT
1	46323081	690	CG
1	46323428	197	CT
1	46324621	1008	CT
1	46325910	788	TC
1	46326134	224	AT
1	46326229	95	CT
1	46326481	252	AT
1	46326563	41	CT
1	46326646	83	TC
1	46327040	353	GT
1	46327620	353	GT
1	46327678	58	GA
1	46327908	230	CT
1	46327996	48	TC
1	46328039	43	CG
1	46328113	74	AC
1	46328136	23	TC
1	46328689	232	GA
1	46329619	899	GT
1	46333391	3059	TC
1	46333425	34	GA
1	46333848	423	CT
1	46334995	797	AG
1	46335079	84	GA
1	46335091	12	CG
1	46335639	507	CG
1	46335903	157	CT
1	46336099	196	GA
1	46336763	112	AG
1	46336814	51	GC
1	46336965	151	GA
1	46339535	505	GA
1	46340730	543	AC
1	46340760	30	CT
1	46341556	560	AG
1	46341634	78	AG
1	46341701	67	AG
1	46341833	132	TC
1	46343026	878	GC
1	46343138	112	AC
1	46344119	981	GA
1	46345018	678	CG
1	46346267	713	CT
1	46346716	449	AG
1	46347947	323	GC
1	46348691	568	CG
1	46348695	4	AG
1	46348889	194	GA
1	46349899	939	AG
1	46350017	118	AG
1	46350042	25	GA
1	46350100	58	GA
1	46350104	4	CT
1	46350129	25	GA
1	46350156	27	AC
1	46350301	145	TA
1	46350429	128	TC
1	46350586	157	TC
1	46351161	513	CT
1	46357050	5191	CT
1	46357458	337	GA
1	46362613	4175	AG
1	46362841	228	AC
1	46362855	14	AG
1	46363279	424	CG
1	46364531	701	AG
1	46365363	706	AC
1	46365477	114	TC
1	46366195	648	AG
1	46366481	286	TC
1	46366676	195	CG
1	46367021	345	TA
1	46367045	24	TC
1	46368814	1769	CT
1	46369509	695	CT
1	46369726	217	GA
1	46369885	159	GA
1	46372593	2645	GT
1	46378539	4568	TA
1	46379251	712	GC
1	46379936	491	AG
1	46382007	1052	TC
1	46383492	736	CT
1	46386149	1626	TC
1	46386473	324	GT
1	46389629	2647	AG
1	46391015	703	TG
1	46393409	2276	TC
1	46396797	2873	CT
1	46400009	1274	GT
1	46404131	1260	TA
1	46407430	2311	CA
1	46409484	1785	GA
1	46410623	737	TC
1	46410845	222	GA
1	46414112	2734	GA
1	46414922	810	TG
1	46416562	1231	TC
1	46418493	1018	CT
1	46418749	256	CT
1	46420171	1355	AT
1	46421331	826	CT
1	46423429	1773	CT
1	46430116	1932	TC
1	46431580	1236	AG
1	46436330	1779	GA
1	46437779	1080	TC
1	46438913	457	GT
1	46447005	3517	CT
1	46450257	2902	TC
1	46450597	340	CT
1	46451782	633	CT
1	46455247	2130	CT
1	46455481	234	AG
1	46455942	156	CT
1	46456525	583	GA
1	46463237	438	TG
1	46469216	1663	TC
1	46472803	2771	AG
1	46475014	1737	GT
1	46477746	1831	CG
1	46477759	13	AG
1	46477971	212	GT
1	46479624	1141	GA
1	46480643	794	CA
1	46481022	379	AT
1	46482106	745	TC
1	46521155	20766	GA
1	46521279	124	CG
1	46521737	458	TC
1	46548924	19748	GA
1	46550152	776	GA
1	46550228	76	TC
1	46550370	142	GA
1	46550566	196	GA
1	46551720	530	TA
1	46551838	118	TA
1	46552065	227	TC
1	46552171	106	CT
1	46552487	316	TC
1	46552627	140	GA
1	46557969	4346	AG
1	46564273	6087	CG
1	46564712	399	GA
1	46580396	12987	AG
1	46588067	6421	AT
1	46624810	22912	CT
1	46629413	3492	CT
1	46630719	1004	AC
1	46631427	648	AC
1	46632201	484	GC
1	46632422	221	CT
1	46632428	6	GA
1	46632557	36	GA
1	46633090	62	TC
1	46633511	421	TC
1	46633917	406	GA
1	46634083	166	AG
1	46634169	86	TC
1	46634582	308	AG
1	46634680	98	AG
1	46635123	443	AG
1	46635167	44	GT
1	46635444	277	GA
1	46636365	622	AT
1	46640407	2949	AG
1	46641800	625	CA
1	46642839	741	TA
1	46644967	2017	GA
1	46645043	76	AG
1	46645581	538	AG
1	46645748	167	GA
1	46646417	669	AG
1	46647497	801	GA
1	46647741	244	AG
1	46647756	15	AG
1	46648120	332	GA
1	46649081	809	GA
1	46649097	16	AC
1	46649160	63	GC
1	46649395	123	GA
1	46649695	51	CT
1	46650696	663	TC
1	46650726	30	AG
1	46651054	295	GA
1	46651342	288	TC
1	46651621	196	AC
1	46651720	99	AC
1	46651930	210	CT
1	46652185	255	CT
1	46652333	148	CG
1	46652577	244	CG
1	46653241	664	GA
1	46654404	796	CT
1	46654816	147	GA
1	46656149	657	CT
1	46666266	3946	CT
1	46668815	2048	CT
1	46675371	4296	CA
1	46676984	1330	TG
1	46683327	4016	TC
1	46685057	1108	GA
1	46690003	3907	AG
1	46698292	5260	CT
1	46700061	1453	CT
1	46700764	600	GA
1	46702502	1236	CT
1	46702914	358	CT
1	46706530	3149	CT
1	46713568	3090	GC
1	46714186	484	CT
1	46718498	3488	TC
1	46721186	2099	GC
1	46722860	599	CT
1	46726565	2433	TC
1	46727929	810	CT
1	46727931	2	CT
1	46727983	52	TC
1	46728931	343	GA
1	46728959	28	AG
1	46728971	12	CT
1	46730666	148	TC
1	46731659	558	AG
1	46732300	641	TG
1	46732458	158	TC
1	46732510	52	TC
1	46733024	514	AG
1	46733048	24	GA
1	46733050	2	TC
1	46733084	34	AG
1	46733095	11	AG
1	46733096	1	AT
1	46733098	2	TA
1	46733212	114	CT
1	46733266	54	AC
1	46733521	255	GA
1	46733597	76	TA
1	46733940	343	CT
1	46733957	17	AG
1	46734419	462	CT
1	46734765	346	TA
1	46736504	1535	AG
1	46737745	1241	CT
1	46737903	158	TG
1	46737929	26	GT
1	46737932	3	TA
1	46737950	18	GT
1	46737986	36	GT
1	46738022	36	TC
1	46738106	84	GA
1	46738185	79	GA
1	46738189	4	CT
1	46738248	59	AT
1	46738255	7	AG
1	46738343	88	GC
1	46738417	74	TC
1	46738433	16	CT
1	46738439	6	GT
1	46738470	31	TA
1	46739785	71	AT
1	46739827	42	AG
1	46739890	63	GC
1	46741743	898	AC
1	46741777	34	CT
1	46745031	1739	AG
1	46749375	2853	CG
1	46750854	1479	CT
1	46753919	1599	AG
1	46755532	1232	TC
1	46755923	391	TC
1	46763328	2370	CT
1	46766112	2391	GC
1	46766572	460	CT
1	46768234	791	CA
1	46768598	364	GA
1	46768666	68	GA
1	46768837	91	GA
1	46773616	1992	CT
1	46773647	31	AG
1	46773877	230	TC
1	46773966	89	CT
1	46774517	492	AG
1	46774547	30	GT
1	46774610	63	AG
1	46774721	111	AG
1	46774730	9	AG
1	46775296	469	GA
1	46776367	417	AG
1	46776870	503	GA
1	46778333	1197	GT
1	46778468	135	CT
1	46778512	44	TG
1	46778513	1	TG
1	46778547	34	CT
1	46778941	394	CT
1	46779475	149	TC
1	46779482	7	AG
1	46779617	135	AG
1	46779866	249	GA
1	46780715	672	GA
1	46781702	321	CT
1	46781742	40	TC
1	46781995	253	GA
1	46782941	620	CT
1	46783608	667	TC
1	46783793	185	CA
1	46783857	64	CT
1	46784096	239	GT
1	46784099	3	AG
1	46784272	173	GA
1	46784727	455	CT
1	46784815	88	TC
1	46784877	62	GA
1	46784941	64	GC
1	46784963	22	GT
1	46785574	303	AT
1	46785708	134	TC
1	46785848	140	AG
1	46785851	3	CT
1	46786436	585	TC
1	46786574	138	CT
1	46786880	306	AG
1	46789035	1693	CA
1	46792524	737	GC
1	46793979	784	TC
1	46794143	164	CT
1	46794509	141	AG
1	46795615	745	CT
1	46798574	1811	TC
1	46829055	23019	GA
1	46833095	3718	TC
1	46836103	1248	TC
1	46837525	1327	AG
1	46839300	1775	GA
1	46839842	512	AT
1	46840068	226	CG
1	46840072	4	CG
1	46840789	717	GA
1	46840875	86	AC
1	46840912	37	GA
1	46840990	78	GC
1	46840997	7	TC
1	46841030	33	TA
1	46841163	133	AC
1	46841193	30	AT
1	46841194	1	GA
1	46841477	283	GA
1	46841507	30	GC
1	46841534	27	TC
1	46841599	65	GA
1	46841634	35	AG
1	46842153	326	AG
1	46842251	98	CT
1	46842364	113	TC
1	46842377	13	TC
1	46844255	1623	AC
1	46844375	120	TC
1	46844396	21	GA
1	46844612	216	CG
1	46844848	207	AT
1	46845946	409	CT
1	46845955	9	TA
1	46846776	474	GA
1	46846812	36	GA
1	46846901	89	CT
1	46847118	217	GA
1	46847165	47	AG
1	46847461	296	CT
1	46847509	48	GA
1	46847523	14	CT
1	46847726	135	AG
1	46847948	150	CT
1	46847977	29	AG
1	46848002	25	GA
1	46848290	227	CT
1	46848312	22	TC
1	46848360	48	CG
1	46848773	324	GA
1	46848972	199	AG
1	46849078	106	CT
1	46849520	395	CT
1	46849784	264	TC
1	46850107	323	AG
1	46850116	9	CT
1	46850132	16	TA
1	46850270	138	CT
1	46851098	772	CA
1	46858468	5005	CT
1	46858511	43	AG
1	46858592	81	TC
1	46858599	7	GA
1	46858987	388	CT
1	46859396	409	GA
1	46860003	607	TC
1	46860035	32	GT
1	46860071	36	CG
1	46862534	1548	GA
1	46862572	38	TA
1	46863700	792	GA
1	46864057	357	GA
1	46864146	89	CA
1	46867379	2641	CA
1	46867595	101	GA
1	46869289	789	TG
1	46869635	346	CG
1	46869659	24	TC
1	46869746	87	AT
1	46870301	555	AG
1	46870345	44	GA
1	46870359	14	GA
1	46870367	8	AG
1	46870412	45	AG
1	46870609	197	AG
1	46876494	4997	AC
1	46877528	588	AT
1	46877578	50	TC
1	46877664	86	GT
1	46877693	29	TC
1	46877789	96	CT
1	46878027	238	CT
1	46878118	91	CG
1	46878344	226	AT
1	46878767	423	TG
1	46879204	181	CG
1	46879211	7	TC
1	46879566	355	GA
1	46879896	183	TC
1	46880090	194	GA
1	46881437	1067	GA
1	46883072	1405	AT
1	46883594	522	TC
1	46883605	11	TC
1	46883888	283	TC
1	46883945	57	TC
1	46883999	54	GA
1	46884458	459	CT
1	46886432	1943	AG
1	46886884	452	CT
1	46887416	504	GA
1	46887979	563	TG
1	46888108	129	CG
1	46889391	951	CT
1	46890533	1142	AG
1	46891124	591	TA
1	46891675	551	CT
1	46891702	27	GA
1	46892769	1006	TC
1	46892779	10	TC
1	46892810	31	AG
1	46893185	375	GA
1	46912411	15932	GA
1	46913654	1151	CT
1	46914840	1186	AG
1	46914887	47	CA
1	46915825	938	GC
1	46915942	117	CT
1	46916922	980	AT
1	46917938	1016	GA
1	46918879	941	AC
1	46920106	436	TC
1	46920122	16	CT
1	46921503	1381	CT
1	46922036	533	CG
1	46922040	4	AG
1	46922083	43	CT
1	46922120	37	TC
1	46922245	125	CT
1	46923285	1040	AG
1	46923491	206	TG
1	46923712	221	TC
1	46923720	8	GC
1	46924416	664	CT
1	46924587	171	CT
1	46929600	4594	TC
1	46930274	437	CA
1	46931699	745	CA
1	46931739	40	AG
1	46932250	464	CA
1	46932356	106	CT
1	46932435	79	CT
1	46932567	132	GA
1	46933013	416	CT
1	46933475	326	CT
1	46933965	243	TC
1	46933993	28	AG
1	46935076	1083	GT
1	46937107	1842	GA
1	46937413	306	GT
1	46937614	201	GA
1	46938514	552	CT
1	46940216	651	GA
1	46940455	239	GA
1	46943119	2428	CA
1	46943991	847	TC
1	46950614	3602	TC
1	46955004	2800	CT
1	46956901	1431	AG
1	46973520	13127	GT
1	46974338	796	TC
1	46979826	2646	GA
1	46980778	952	GA
1	46983088	1320	GA
1	46983429	341	GA
1	46986426	1964	GA
1	46989324	1753	AG
1	46991113	1489	GA
1	46993623	2306	CT
1	46993679	56	TC
1	46994038	359	TC
1	46994052	14	GA
1	46994392	340	GC
1	46994969	386	TG
1	46994984	15	AG
1	46995049	65	TA
1	46995052	3	CT
1	46995226	174	TG
1	46995287	61	CA
1	46995299	12	GA
1	46995352	53	GA
1	46995488	136	CT
1	46995554	66	TG
1	46995600	46	AT
1	46995604	4	AG
1	46995608	4	CT
1	46995716	108	AG
1	46995737	21	TA
1	46995875	138	TC
1	46996140	209	TC
1	46996141	1	GA
1	46996241	100	TC
1	46996249	8	CT
1	46996418	79	TC
1	46997516	901	AT
1	46997526	10	CG
1	46998282	259	GA
1	46998371	89	AT
1	46998410	39	AG
1	46998424	14	CT
1	46998589	165	CG
1	46998623	34	TC
1	46998629	6	AG
1	46998832	203	GA
1	46998898	66	AG
1	46998977	79	GA
1	46999053	76	AG
1	46999087	34	TA
1	46999125	38	CG
1	46999192	67	GA
1	46999255	63	CG
1	46999361	106	GA
1	46999665	284	TC
1	47000507	682	CT
1	47001163	656	AG
1	47001682	519	CT
1	47001961	279	CT
1	47002306	345	GT
1	47010150	3046	CT
1	47010752	123	CA
1	47010869	117	GC
1	47011261	392	CT
1	47011753	492	AG
1	47012442	576	AG
1	47015705	1399	AG
1	47015859	154	AG
1	47016068	50	GC
1	47016177	73	TC
1	47016252	75	TC
1	47016547	134	CT
1	47017620	632	AG
1	47017759	139	CT
1	47017869	110	GA
1	47019041	1136	CT
1	47019544	503	GA
1	47019686	95	CT
1	47021258	945	CG
1	47021406	148	TG
1	47021976	349	AG
1	47022629	653	CT
1	47022948	319	CT
1	47023064	116	CT
1	47023209	145	CT
1	47023421	212	TC
1	47024389	968	TG
1	47025722	1333	CA
1	47026208	486	AT
1	47026575	367	GA
1	47027542	876	AG
1	47029751	1629	AT
1	47029818	67	AG
1	47030226	408	GA
1	47032159	1933	AG
1	47032520	361	CT
1	47033040	487	CT
1	47035450	2410	GT
1	47036893	1340	GA
1	47036903	10	TC
1	47037880	848	AC
1	47038603	202	AG
1	47039032	31	GA
1	47043119	3323	CA
1	47056198	9490	TC
1	47063047	3458	CT
1	47069704	3337	TG
1	47086516	13296	CT
1	47086598	82	GT
1	47087047	449	CT
1	47092016	4191	TC
1	47094604	2416	TC
1	47098677	1678	CT
1	47102901	2773	GA
1	47104717	1358	CT
1	47105514	399	TA
1	47105668	154	CG
1	47106319	651	GT
1	47107727	1408	CT
1	47111866	3368	AG
1	47112420	554	GC
1	47112945	525	CT
1	47117133	736	TA
1	47118928	806	CT
1	47119190	9	TC
1	47119378	188	GC
1	47119452	74	CT
1	47119496	44	GT
1	47119505	9	AC
1	47119606	101	TC
1	47119733	127	AG
1	47119929	88	TC
1	47121832	439	CT
1	47122146	240	AG
1	47122731	159	CT
1	47123055	324	TC
1	47123420	173	TC
1	47123616	61	GA
1	47123744	128	CT
1	47123954	210	TA
1	47124429	354	AC
1	47125525	236	AG
1	47144715	13533	GA
1	47146450	1431	CT
1	47146462	12	GA
1	47154038	6394	TA
1	47156113	1636	CT
1	47156332	219	GC
1	47158617	1733	CA
1	47166751	5697	TA
1	47170418	2695	TC
1	47175453	3672	CT
1	47181550	3076	CT
1	47182100	550	GA
1	47186891	4221	GA
1	47187927	860	GA
1	47188430	313	AC
1	47189621	965	CA
1	47192659	2649	TC
1	47218695	15895	GA
1	47226664	4799	CA
1	47247408	14917	CT
1	47252682	4049	GA
1	47256832	3007	CT
1	47257963	805	TC
1	47257968	5	TC
1	47258576	295	AG
1	47258692	116	GA
1	47258853	161	TC
1	47258918	65	CG
1	47259876	629	TA
1	47260226	350	GA
1	47260367	141	TC
1	47260417	50	GT
1	47260524	107	AT
1	47260552	28	AG
1	47260569	17	CT
1	47260578	9	TG
1	47261422	784	TG
1	47261844	422	AG
1	47262223	379	GC
1	47262803	249	AT
1	47273529	6787	AG
1	47284349	4730	AG
1	47291013	4894	TA
1	47291354	190	TC
1	47291410	56	AG
1	47295382	324	CT
1	47297752	2031	TA
1	47303359	4429	CT
1	47307290	3045	CT
1	47309080	1056	GA
1	47309916	543	AG
1	47309919	3	AG
1	47311193	905	TC
1	47320500	7190	GA
1	47320596	96	TA
1	47325323	1675	CT
1	47330878	1683	CT
1	47339129	1014	AC
1	47343819	3920	GC
1	47344049	230	TC
1	47344468	388	AG
1	47347589	2712	AG
1	47351333	2581	GC
1	47359599	7220	AC
1	47362246	2113	CT
1	47364000	1580	GA
1	47367945	3945	GA
1	47369054	846	CT
1	47369470	399	TG
1	47371211	1402	CG
1	47373443	1381	AG
1	47373600	157	GA
1	47373649	49	AG
1	47373995	157	AG
1	47376393	1102	AG
1	47376464	71	TC
1	47378858	877	GA
1	47380297	1439	AG
1	47381032	735	CA
1	47382911	1490	TC
1	47390271	5375	TC
1	47391041	770	TC
1	47400151	5105	GC
1	47400237	86	GT
1	47401219	599	CG
1	47401506	287	AT
1	47402773	1267	GT
1	47402886	46	AG
1	47403444	558	AG
1	47405599	1540	CT
1	47406005	406	GT
1	47406107	102	AG
1	47407885	1405	AG
1	47409253	1292	AT
1	47412999	3189	TC
1	47413268	269	TG
1	47413568	300	GC
1	47416276	823	CT
1	47419149	2851	CT
1	47422261	2870	AT
1	47426387	2180	AT
1	47426705	318	GA
1	47431910	2363	GA
1	47431926	16	CT
1	47431929	3	GT
1	47431934	5	AT
1	47432004	70	AT
1	47432035	31	CG
1	47432492	397	AG
1	47432577	85	GA
1	47433097	211	CT
1	47433279	182	CA
1	47433282	3	CT
1	47433432	150	GA
1	47433545	113	CG
1	47433613	68	GC
1	47433919	306	TC
1	47433942	23	AG
1	47433943	1	CT
1	47433961	18	AG
1	47434045	84	AG
1	47434289	244	TC
1	47434306	17	GT
1	47434492	186	CT
1	47434503	11	CA
1	47434607	104	GT
1	47434630	23	AG
1	47435649	308	GA
1	47435951	302	CG
1	47436036	85	CT
1	47436734	436	TA
1	47436822	88	AG
1	47436863	41	TC
1	47437014	151	GA
1	47437201	187	CA
1	47449710	96	AG
1	47449723	13	AG
1	47449963	240	AC
1	47450217	254	AC
1	47450762	189	AT
1	47450836	74	CT
1	47451063	227	CT
1	47452109	64	TC
1	47452130	21	TC
1	47452151	21	TG
1	47452338	187	CT
1	47452629	291	AC
1	47452678	24	TC
1	47452738	60	TC
1	47452740	2	TC
1	47452779	39	AT
1	47452961	66	GA
1	47452992	31	AG
1	47453128	136	TC
1	47453213	85	CT
1	47453363	150	TC
1	47453389	26	TC
1	47453446	57	GT
1	47453454	8	TC
1	47453599	145	CG
1	47453767	168	CT
1	47453806	39	AT
1	47454072	134	AG
1	47454517	428	GA
1	47455033	516	CG
1	47455035	2	TC
1	47455059	24	AT
1	47455255	196	TC
1	47455257	2	CT
1	47455395	138	AC
1	47455958	293	TC
1	47456061	103	AG
1	47456283	222	CT
1	47456285	2	CT
1	47456572	215	CT
1	47456677	105	GA
1	47456779	102	AG
1	47456965	186	TC
1	47460185	323	GC
1	47460288	103	TC
1	47460440	152	CT
1	47460449	9	TA
1	47460486	37	CA
1	47461487	526	CT
1	47461538	51	TA
1	47461684	146	TC
1	47462401	238	TA
1	47462692	117	CA
1	47462707	15	TG
1	47463096	389	AG
1	47463135	39	AG
1	47463182	47	TG
1	47463575	393	TC
1	47463805	230	TA
1	47464240	435	GA
1	47464395	155	CT
1	47464498	103	CG
1	47464679	181	AG
1	47464833	154	GC
1	47465513	650	TC
1	47466305	337	TC
1	47466775	187	GA
1	47467005	213	TC
1	47467072	67	CT
1	47467257	185	CT
1	47467258	1	AG
1	47468108	471	TC
1	47468188	80	GA
1	47468489	301	TC
1	47469140	566	GA
1	47469388	248	TC
1	47470173	785	AG
1	47470455	282	CG
1	47471447	280	GA
1	47471451	4	AG
1	47471499	48	TG
1	47472016	394	CT
1	47474021	293	TC
1	47475060	850	GT
1	47475064	4	TC
1	47478087	1580	AC
1	47478200	113	CA
1	47481126	584	AG
1	47481330	204	AG
1	47482587	1230	AC
1	47482802	215	TC
1	47482965	163	GA
1	47483418	453	CA
1	47483916	498	TA
1	47483935	19	AG
1	47484158	223	CT
1	47484167	9	GA
1	47484260	93	GA
1	47485688	348	AG
1	47486047	359	AC
1	47486605	558	TC
1	47486695	90	TC
1	47486696	1	AT
1	47487018	322	AG
1	47489718	319	TC
1	47489855	137	AG
1	47490689	90	CT
1	47490836	147	AT
1	47491131	295	AG
1	47492361	936	TC
1	47492987	364	GA
1	47493091	104	GT
1	47493164	73	GA
1	47493212	48	CA
1	47493301	89	TC
1	47493595	294	AT
1	47493726	131	AG
1	47494142	416	CT
1	47494285	143	AG
1	47494485	200	TC
1	47494680	195	TA
1	47494752	72	AT
1	47495206	401	GA
1	47496281	317	CT
1	47496440	159	TC
1	47496659	219	TC
1	47496681	22	AG
1	47496982	256	AG
1	47497003	21	GA
1	47497008	5	GC
1	47497346	338	GA
1	47497723	203	GT
1	47498781	757	GA
1	47498979	198	TG
1	47498995	16	AC
1	47501808	2024	AG
1	47529013	8208	AG
1	47530096	573	TC
1	47530125	29	AG
1	47530681	534	GT
1	47532515	768	AG
1	47532764	223	GA
1	47533079	315	CT
1	47533634	508	AC
1	47533698	64	CT
1	47534028	330	CA
1	47534742	714	CA
1	47536883	1393	AG
1	47539550	2066	AG
1	47540827	1040	AG
1	47540914	87	GA
1	47541777	657	TA
1	47545967	2126	AG
1	47548272	1950	AG
1	47548667	395	GA
1	47548692	25	AC
1	47549029	337	TC
1	47549453	424	AG
1	47549463	10	CT
1	47549646	183	GA
1	47549671	25	GA
1	47550676	212	TA
1	47550889	213	GA
1	47550974	85	CT
1	47551045	71	GA
1	47551575	462	AC
1	47551885	310	CT
1	47551971	86	GA
1	47552214	243	GA
1	47552511	183	CA
1	47553152	260	TG
1	47553470	318	AT
1	47553806	336	GA
1	47554504	698	TG
1	47554526	22	TG
1	47555025	447	AG
1	47555624	411	AG
1	47555664	40	GT
1	47555799	135	GA
1	47555893	94	CG
1	47556139	246	TC
1	47557580	1237	GT
1	47558767	1024	TA
1	47559169	402	CT
1	47559437	268	GA
1	47559536	99	CT
1	47559874	338	AG
1	47560128	205	CT
1	47560323	195	GA
1	47561777	135	CT
1	47563402	1084	AG
1	47563410	8	GC
1	47564318	801	AG
1	47564329	11	AT
1	47564825	386	GA
1	47567454	394	GT
1	47567929	262	CG
1	47567939	10	GC
1	47567950	11	TC
1	47568009	59	TC
1	47568050	41	CT
1	47568195	145	GA
1	47569491	638	TC
1	47569616	125	GA
1	47569721	105	TA
1	47569783	62	AG
1	47569799	16	CT
1	47570257	458	AC
1	47570414	157	CG
1	47571291	114	TG
1	47574569	773	AG
1	47574929	271	CT
1	47574963	34	AG
1	47575352	285	AC
1	47575366	14	GT
1	47575523	136	GT
1	47576613	757	GA
1	47576744	131	AT
1	47577837	1063	TA
1	47578039	202	TG
1	47578259	166	AG
1	47578441	182	GA
1	47581268	413	GA
1	47581887	248	TC
1	47581954	67	AC
1	47582556	182	AG
1	47582668	112	TG
1	47582893	225	TC
1	47582919	26	CA
1	47583072	153	AG
1	47583112	40	TC
1	47583457	345	TA
1	47583610	153	TC
1	47587402	3431	CT
1	47588613	1179	AG
1	47591382	1356	CT
1	47592433	744	AC
1	47592543	110	CT
1	47592747	204	AG
1	47598516	921	AG
1	47602392	1813	AC
1	47614562	6269	AT
1	47619430	3724	GC
1	47627376	6747	CT
1	47628621	873	GA
1	47628767	93	AG
1	47637363	5815	GA
1	47637895	389	GA
1	47639196	855	GC
1	47640108	912	AG
1	47640166	58	GT
1	47640849	683	TC
1	47644959	703	TA
1	47648659	2835	AG
1	47649870	908	CA
1	47653209	2568	CT
1	47653308	99	CT
1	47653829	521	GA
1	47655206	1087	AG
1	47657259	1735	GA
1	47660536	2676	GA
1	47660927	295	AG
1	47666273	2652	TA
1	47667451	811	AT
1	47667752	271	CT
1	47671142	2369	AT
1	47671767	421	TC
1	47672111	344	GA
1	47673257	663	GA
1	47676043	1664	AG
1	47676161	118	AG
1	47676660	499	TG
1	47679375	493	TC
1	47686396	4385	AC
1	47692824	4495	TG
1	47695668	2310	CA
1	47698619	2542	CT
1	47699727	1108	TG
1	47701706	1961	CT
1	47705466	2002	AG
1	47705484	18	GA
1	47708504	1629	CA
1	47712854	3470	AG
1	47722108	4621	CT
1	47722221	113	GA
1	47722366	145	TG
1	47724179	1084	GT
1	47725046	298	TC
1	47725075	29	AG
1	47726343	649	AG
1	47726678	335	GA
1	47727079	401	AT
1	47727495	416	AT
1	47728111	616	AG
1	47728826	715	GC
1	47729801	671	TC
1	47730362	561	AG
1	47730705	343	AT
1	47731866	586	GA
1	47731900	34	TC
1	47732079	179	TC
1	47732100	21	CT
1	47733454	984	CT
1	47733630	176	TC
1	47736388	1473	GT
1	47736398	10	AG
1	47736401	3	TA
1	47736415	14	AG
1	47739646	1696	CT
1	47740464	818	GA
1	47740539	75	AG
1	47742721	1186	GC
1	47742778	57	AT
1	47742834	56	AG
1	47747920	193	CG
1	47748096	176	TC
1	47749120	993	GA
1	47749175	55	GA
1	47749389	179	TC
1	47750517	1128	TC
1	47750572	55	CT
1	47753250	2077	TC
1	47753364	114	GA
1	47753809	445	AG
1	47754066	257	TC
1	47756261	2103	AT
1	47757794	1119	TC
1	47757958	164	CT
1	47759086	781	TC
1	47759210	124	TA
1	47759496	286	GA
1	47759533	37	CA
1	47759601	68	GC
1	47759624	23	AT
1	47759666	42	TC
1	47759718	52	TC
1	47759758	40	AG
1	47759793	35	TG
1	47759981	188	GA
1	47760026	45	AG
1	47760069	43	GA
1	47760125	56	TC
1	47760337	212	GA
1	47761712	962	CG
1	47761911	199	AT
1	47763495	1234	TC
1	47763652	157	GA
1	47764039	387	AG
1	47764283	244	GA
1	47764588	305	GA
1	47764606	18	CA
1	47764950	254	AG
1	47766025	956	AC
1	47766362	168	CT
1	47767462	343	TC
1	47767851	210	CT
1	47768574	723	TC
1	47768854	137	AG
1	47770794	1040	GA
1	47772020	1061	TC
1	47772770	750	CT
1	47773337	567	GA
1	47774103	178	TA
1	47774352	101	CT
1	47774530	178	GC
1	47774678	148	TG
1	47774934	256	AG
1	47775072	138	AG
1	47775453	381	AG
1	47777120	385	TC
1	47777226	106	AC
1	47777556	330	GA
1	47778630	582	AG
1	47779037	407	CT
1	47779515	478	TC
1	47779938	378	GA
1	47780010	72	GA
1	47780419	259	GA
1	47787635	3295	AG
1	47789670	2035	GT
1	47795259	1469	GA
1	47797583	2094	GA
1	47800938	2527	AG
1	47801471	533	AG
1	47801477	6	TA
1	47801726	249	GC
1	47802302	576	TC
1	47802452	150	AG
1	47802475	23	GA
1	47802723	248	CT
1	47803008	285	CT
1	47803329	321	TA
1	47803958	146	AG
1	47804179	221	CT
1	47804620	441	AG
1	47804624	4	GC
1	47804698	74	TA
1	47804933	235	AG
1	47805607	225	TG
1	47806446	444	GT
1	47806523	77	GA
1	47806621	98	CA
1	47806975	354	AG
1	47807880	535	GT
1	47810487	1475	GA
1	47811068	542	TC
1	47812394	1234	CT
1	47813431	904	AG
1	47813727	245	TC
1	47815577	690	GA
1	47815708	131	GT
1	47819823	1497	AT
1	47819924	101	AG
1	47821959	477	GC
1	47822421	462	CT
1	47822582	161	AT
1	47824299	748	AG
1	47824488	189	AG
1	47824628	140	TG
1	47824687	59	AG
1	47828522	2974	AG
1	47830848	1612	CT
1	47831995	1147	AG
1	47832000	5	AG
1	47832518	306	CT
1	47832626	108	AG
1	47832635	9	GA
1	47832733	98	TA
1	47833605	872	AG
1	47841710	3591	CG
1	47841734	24	GA
1	47841928	194	TC
1	47842046	118	AT
1	47842063	17	TC
1	47842230	167	AT
1	47842293	63	AC
1	47842299	6	AG
1	47842428	129	TC
1	47842499	71	CG
1	47842524	25	TC
1	47844572	1332	GA
1	47844660	88	CT
1	47845335	675	GA
1	47846072	737	GT
1	47846137	65	CG
1	47851057	1500	CT
1	47852560	1185	TC
1	47852989	277	TC
1	47853077	88	CT
1	47853814	737	GA
1	47854377	249	GA
1	47854563	186	TG
1	47854780	217	AG
1	47854911	131	CA
1	47855060	149	AG
1	47855090	30	CT
1	47855097	7	GA
1	47856708	780	CA
1	47857040	332	CT
1	47857271	231	AG
1	47857774	264	GA
1	47857792	18	TA
1	47857871	79	GA
1	47857880	9	GA
1	47858847	645	TC
1	47858857	10	AG
1	47859767	663	TC
1	47859886	119	GA
1	47860848	578	AG
1	47861136	216	GT
1	47861263	127	TA
1	47861299	36	AG
1	47861460	161	GC
1	47861608	148	CT
1	47862881	1001	AC
1	47863289	408	CT
1	47867525	1898	AG
1	47867605	80	TC
1	47870380	2101	CT
1	47870518	138	TC
1	47871681	834	AG
1	47871758	77	CT
1	47871882	124	GT
1	47871997	115	GA
1	47872296	299	GA
1	47873587	970	TC
1	47874031	444	GA
1	47874445	414	GT
1	47874802	280	TG
1	47875406	604	GT
1	47876331	329	TC
1	47876429	98	AG
1	47877035	340	TC
1	47877987	367	AG
1	47878376	389	TA
1	47878421	45	CT
1	47878446	25	GT
1	47878529	83	CT
1	47878626	97	GA
1	47878838	212	GC
1	47879788	698	GA
1	47879859	71	AT
1	47880414	120	GA
1	47881000	364	GT
1	47881094	94	CT
1	47881890	796	CA
1	47882142	252	GA
1	47882628	486	CT
1	47883035	134	GT
1	47883817	576	TC
1	47883979	162	GA
1	47885070	342	AG
1	47885304	234	CG
1	47885358	54	GC
1	47885381	23	TA
1	47885452	71	AG
1	47885471	19	AG
1	47885609	138	GA
1	47886058	402	AG
1	47886326	268	TG
1	47886348	22	GA
1	47887341	612	CT
1	47887782	372	TC
1	47888742	497	TC
1	47888777	35	TG
1	47888914	137	CT
1	47890322	779	TC
1	47890456	134	TC
1	47890527	71	CT
1	47892261	1734	AG
1	47892509	224	AG
1	47892556	47	GA
1	47893721	812	AC
1	47895226	698	TG
1	47895415	189	CT
1	47895462	47	CA
1	47896000	538	AG
1	47897898	1430	CT
1	47900114	1496	AG
1	47900765	554	AC
1	47905324	3497	GT
1	47907756	2047	GA
1	47907921	165	GA
1	47908524	603	AT
1	47909763	747	CT
1	47910716	655	AC
1	47911436	360	CT
1	47911648	180	CT
1	47912589	905	GA
1	47913597	804	AG
1	47914370	773	TC
1	47915491	1121	AG
1	47917442	190	AG
1	47917807	365	TA
1	47917982	175	AT
1	47918296	314	CT
1	47924280	2333	GA
1	47924568	252	AG
1	47929634	2910	GA
1	47931753	1014	TC
1	47932523	751	TC
1	47932794	271	AG
1	47932902	108	TC
1	47932960	58	CA
1	47933880	691	AG
1	47934117	35	AC
1	47934487	202	GA
1	47936028	773	AC
1	47936152	124	TC
1	47936259	107	CA
1	47936384	125	GT
1	47938419	277	TC
1	47939681	1229	CT
1	47941193	781	TC
1	47941981	275	GC
1	47943485	433	TG
1	47944042	488	GA
1	47944422	380	AG
1	47944610	188	AG
1	47944712	102	AG
1	47946719	1069	GC
1	47946893	174	CA
1	47947121	170	AG
1	47947249	128	AC
1	47948335	417	GA
1	47948690	355	CT
1	47949760	381	AG
1	47952818	1392	AG
1	47953178	187	GA
1	47953958	530	GA
1	47953960	2	AC
1	47954512	245	CT
1	47956609	1793	CA
1	47957047	438	AG
1	47957582	497	GT
1	47959020	1438	TC
1	47959620	271	AT
1	47961929	1134	AG
1	47962144	197	AG
1	47963521	1357	AG
1	47963770	249	GA
1	47963790	20	GA
1	47963840	50	CG
1	47963876	36	AG
1	47966151	1744	AC
1	47966689	538	CT
1	47967454	765	CT
1	47967547	93	GA
1	47967636	44	TG
1	47967981	345	CT
1	47971152	732	AG
1	47972921	1072	CA
1	47972936	15	AC
1	47974277	919	GA
1	47974300	23	TA
1	47975427	1127	GA
1	47976686	925	GA
1	47978136	878	TA
1	47978252	116	CA
1	47978361	109	GC
1	47978788	311	CT
1	47979135	347	CA
1	47979600	465	GA
1	47979966	366	AG
1	47979981	15	CG
1	47980133	152	GA
1	47980166	33	CT
1	47980350	184	TA
1	47981024	368	AC
1	47981075	51	GA
1	47981110	35	CT
1	47982434	1324	AG
1	47985994	2279	TA
1	47988945	1187	AG
1	47990515	1271	AG
1	47996165	3699	GA
1	47996766	601	CA
1	47999457	2112	GA
1	47999540	83	TC
1	47999730	190	AG
1	48001430	1540	GA
1	48003941	1966	GC
1	48004379	438	TA
1	48005983	1193	GA
1	48006216	233	GA
1	48006219	3	TA
1	48006312	93	AG
1	48006738	426	AG
1	48006911	173	AG
1	48006913	2	AT
1	48009350	817	GA
1	48010437	1087	TC
1	48011890	1201	GA
1	48017459	2321	AG
1	48017938	479	AG
1	48018003	65	AG
1	48018370	367	CT
1	48018526	156	GA
1	48019435	909	AG
1	48020910	1475	CG
1	48022001	868	TC
1	48022543	265	CA
1	48022559	16	AG
1	48022774	215	GA
1	48024414	871	TC
1	48024425	11	TG
1	48024432	7	GA
1	48026303	1383	GA
1	48030494	1379	CT
1	48030516	22	TC
1	48030770	42	GA
1	48030791	21	CT
1	48030926	135	GT
1	48030990	64	AG
1	48031895	530	AG
1	48032907	649	GC
1	48033509	602	GA
1	48033528	19	AG
1	48035451	1834	AC
1	48035616	165	AG
1	48036643	735	TA
1	48036723	80	GA
1	48037500	654	TC
1	48038219	696	TA
1	48038336	117	TG
1	48039116	731	AG
1	48039840	724	AG
1	48040350	372	CA
1	48041237	422	GA
1	48041323	86	AT
1	48041617	294	TC
1	48041672	55	CG
1	48041691	19	CT
1	48043925	1726	TC
1	48044045	120	GT
1	48044661	616	GA
1	48045433	456	CT
1	48045484	51	AG
1	48045514	30	AG
1	48045701	187	GT
1	48045739	38	TC
1	48046069	223	GA
1	48047096	993	AG
1	48047335	239	CT
1	48048027	649	CT
1	48048133	106	TC
1	48048568	435	CT
1	48048709	141	TG
1	48049887	862	GA
1	48050213	179	GA
1	48051150	683	GA
1	48051166	16	AG
1	48051169	3	TC
1	48051342	173	CA
1	48051522	180	AG
1	48051778	256	AT
1	48051794	16	CT
1	48051804	10	TC
1	48051826	22	CT
1	48051937	111	AC
1	48052264	327	CT
1	48052326	62	GA
1	48054816	2252	TC
1	48057586	2390	CA
1	48057976	163	CG
1	48058120	144	AG
1	48058192	72	TC
1	48058207	15	AG
1	48058227	20	CT
1	48058271	44	TA
1	48058318	47	TC
1	48058345	27	TC
1	48058477	132	TC
1	48058590	113	AG
1	48058948	358	GT
1	48059217	227	CT
1	48059463	246	CT
1	48061245	1452	CG
1	48061481	184	GA
1	48061581	100	CT
1	48062478	468	TC
1	48062704	38	CT
1	48062713	9	GA
1	48068319	3936	AG
1	48070344	1360	CT
1	48072459	1239	AG
1	48072652	193	GA
1	48074047	1395	CT
1	48074154	107	GA
1	48074830	676	GA
1	48075334	212	CT
1	48075728	394	AG
1	48076409	528	CT
1	48076608	199	TC
1	48077161	368	GC
1	48077853	522	AT
1	48078054	201	AG
1	48078435	222	AT
1	48078447	12	AG
1	48078482	35	CT
1	48078491	9	AG
1	48078552	61	CT
1	48079287	692	AG
1	48079412	125	TC
1	48081009	1058	TC
1	48081175	166	GA
1	48082008	32	AG
1	48082078	70	CT
1	48082850	739	AG
1	48083234	235	GA
1	48083296	62	AG
1	48084796	1460	AT
1	48085207	411	CA
1	48085306	99	AG
1	48085379	73	GA
1	48085848	469	CT
1	48085868	20	CT
1	48086022	154	TC
1	48086093	71	GA
1	48086105	12	AT
1	48088133	1696	CT
1	48090397	1274	CT
1	48090455	58	GA
1	48091822	769	AT
1	48092100	210	GT
1	48093973	1237	TC
1	48094330	357	GC
1	48099133	3486	GA
1	48099520	387	AG
1	48100394	679	AG
1	48101038	644	GA
1	48101192	154	AG
1	48101229	37	AG
1	48101580	351	CT
1	48101588	8	GA
1	48101701	113	GA
1	48101734	33	TA
1	48102439	686	CT
1	48104252	635	GT
1	48104603	320	CT
1	48105502	899	AG
1	48105525	23	TC
1	48105704	179	CT
1	48105903	199	GA
1	48107330	1000	TC
1	48108508	592	TC
1	48109818	1001	AG
1	48110001	68	GA
1	48110356	355	GT
1	48111467	791	GA
1	48111886	419	GC
1	48112096	164	GC
1	48113709	1017	GC
1	48114667	958	CT
1	48115880	740	AG
1	48115997	117	GA
1	48116509	512	AC
1	48116681	172	TC
1	48116689	8	AG
1	48117415	334	TC
1	48117428	13	GA
1	48117802	167	GA
1	48119138	346	GA
1	48119146	8	CT
1	48119609	463	TC
1	48119904	221	TA
1	48120448	348	GA
1	48121192	696	GA
1	48121706	381	CT
1	48122940	1148	AG
1	48139762	10312	GA
1	48139798	36	AT
1	48139941	143	CT
1	48140303	345	GA
1	48141271	682	AG
1	48141316	45	CT
1	48141368	52	TC
1	48141430	62	AT
1	48141841	411	CT
1	48141996	155	GT
1	48142220	224	TC
1	48142334	114	GA
1	48143277	575	CT
1	48144295	690	CT
1	48144741	446	AG
1	48145052	267	GA
1	48145853	801	CT
1	48145877	24	GT
1	48147289	770	CG
1	48147502	213	GA
1	48147510	8	TC
1	48149625	1612	AG
1	48150236	582	GA
1	48150508	272	GA
1	48150974	273	TC
1	48151002	28	CT
1	48151018	16	AG
1	48151030	12	CT
1	48151031	1	AG
1	48151059	28	CG
1	48151078	19	CT
1	48151119	41	AG
1	48151186	67	TA
1	48151263	77	CA
1	48152918	1655	TC
1	48153487	93	CT
1	48157549	370	AG
1	48157648	99	GA
1	48157656	8	TG
1	48157685	29	AG
1	48157721	36	AG
1	48158125	404	AG
1	48158156	31	GT
1	48158380	224	AG
1	48158730	350	CT
1	48158800	70	TC
1	48158999	199	CT
1	48159130	131	TC
1	48159612	449	GT
1	48159791	179	CG
1	48159833	42	TG
1	48160289	77	GA
1	48160677	294	TG
1	48163539	89	GA
1	48163802	263	TC
1	48164042	240	GA
1	48164732	672	GA
1	48164969	237	CT
1	48165012	43	GA
1	48165139	127	AG
1	48165273	134	GA
1	48165298	25	AC
1	48165600	302	GA
1	48165779	179	GA
1	48166675	402	CG
1	48168123	866	GA
1	48168210	47	CT
1	48168223	13	AG
1	48168509	286	AG
1	48168566	57	TC
1	48169404	786	AC
1	48169981	577	TC
1	48170439	310	GT
1	48170927	488	TC
1	48172245	1232	CA
1	48172567	265	GA
1	48173446	564	CT
1	48174007	561	TC
1	48174449	442	CG
1	48174584	135	GA
1	48174676	92	CT
1	48174700	24	CT
1	48175335	635	GA
1	48176060	725	TC
1	48176852	697	CT
1	48178211	1142	TC
1	48181654	2786	GC
1	48182095	441	CG
1	48182357	262	CA
1	48184340	993	AG
1	48186221	1477	TA
1	48186258	37	TG
1	48187156	898	AG
1	48187406	250	AG
1	48187468	62	CT
1	48187826	358	TC
1	48188598	772	AG
1	48189041	203	CA
1	48189307	266	AC
1	48195012	1774	CT
1	48195053	41	GA
1	48196327	114	TA
1	48196429	102	CT
1	48197977	1548	TC
1	48198758	781	AG
1	48198782	24	CT
1	48198886	104	CT
1	48198917	31	CT
1	48199101	184	GA
1	48199693	542	TA
1	48199701	8	GA
1	48199715	14	CT
1	48199731	16	GA
1	48199950	219	TC
1	48200162	212	GA
1	48200413	251	AT
1	48200437	24	AG
1	48202876	365	GA
1	48203057	181	TA
1	48203298	177	CT
1	48206087	1569	GA
1	48206514	427	AG
1	48207412	702	AT
1	48212172	3283	AG
1	48215860	830	CT
1	48216048	188	CT
1	48216308	260	GA
1	48216358	50	GA
1	48217640	441	GC
1	48217896	256	AG
1	48218846	865	AG
1	48219627	291	GA
1	48222175	1371	TC
1	48222415	240	TG
1	48225982	1003	AT
1	48226541	559	CT
1	48226759	180	AG
1	48228211	1048	GA
1	48229544	1078	CT
1	48230043	499	TC
1	48231306	733	AT
1	48233036	1547	CT
1	48233294	258	GA
1	48250100	12932	CT
1	48250657	557	AG
1	48251673	1016	TC
1	48254289	2351	GA
1	48254893	604	TC
1	48259655	3421	TC
1	48263589	2618	GA
1	48280467	11980	AG
1	48280831	364	TC
1	48280996	165	CA
1	48281010	14	AG
1	48282588	1454	TC
1	48287952	2878	TC
1	48288819	867	AG
1	48289035	216	AG
1	48289290	255	CT
1	48289433	143	GC
1	48290193	461	GT
1	48290204	11	CT
1	48290270	66	TC
1	48290428	158	GA
1	48290486	58	GC
1	48290511	25	CT
1	48290518	7	GA
1	48290608	90	TC
1	48290721	113	AG
1	48290857	136	GA
1	48291470	251	TC
1	48291774	304	CT
1	48292195	395	AG
1	48293330	866	AG
1	48293658	328	GT
1	48294016	358	GC
1	48294330	314	AG
1	48294377	47	GA
1	48294946	514	AT
1	48295519	162	CG
1	48295575	56	TA
1	48295760	185	GA
1	48296244	387	GA
1	48297873	1097	AG
1	48297988	115	TC
1	48298036	48	CT
1	48299064	569	CT
1	48299077	13	TC
1	48300061	408	CT
1	48300098	37	CT
1	48300147	49	AG
1	48300203	6	CT
1	48300398	195	AT
1	48300766	368	GA
1	48301387	467	AC
1	48301911	340	TG
1	48301922	11	GA
1	48301929	7	TG
1	48302142	213	GT
1	48302399	257	AG
1	48302418	19	CT
1	48302432	14	GA
1	48302454	22	AC
1	48302463	9	TC
1	48302466	3	GT
1	48302478	12	CT
1	48302546	68	CA
1	48302550	4	GA
1	48302612	62	GT
1	48302743	13	AG
1	48302771	28	GC
1	48302798	27	AG
1	48302846	48	CT
1	48302978	132	CT
1	48303059	81	GA
1	48303077	18	TA
1	48303108	31	TC
1	48303133	25	AC
1	48303138	5	AG
1	48303147	9	AG
1	48303316	169	AG
1	48303332	16	AG
1	48303669	337	TC
1	48303747	78	CT
1	48303866	119	TC
1	48304045	179	AG
1	48304301	256	TA
1	48304388	87	GT
1	48304993	566	GA
1	48306545	1523	AG
1	48307455	910	AG
1	48307947	492	GA
1	48308498	551	TG
1	48309724	1006	TA
1	48312603	665	TC
1	48313114	432	AT
1	48313145	31	TC
1	48313222	77	TC
1	48313320	98	TC
1	48313426	106	TC
1	48313544	118	AC
1	48313682	138	GA
1	48313699	17	CT
1	48313789	90	GA
1	48313907	118	CA
1	48313928	21	CT
1	48315411	1357	AC
1	48315750	339	CG
1	48317930	1471	GA
1	48318777	819	AG
1	48331495	10228	GT
1	48335732	3637	TA
1	48340005	2378	AT
1	48341027	881	GA
1	48341305	278	CA
1	48345197	3725	GA
1	48347174	1535	GC
1	48347214	40	CA
1	48347253	39	AG
1	48347266	13	TA
1	48347592	326	CG
1	48354403	5158	AG
1	48355707	1304	GA
1	48356973	1167	TC
1	48361091	2813	TC
1	48364456	2378	CT
1	48374126	4329	TC
1	48379582	4402	GA
1	48380444	804	CT
1	48380882	438	CT
1	48382477	1391	CT
1	48396838	5397	CA
1	48409516	7580	GT
1	48411429	1513	GA
1	48416512	3257	TC
1	48416782	270	TC
1	48416797	15	CT
1	48417430	151	AT
1	48417503	73	TC
1	48417634	131	GC
1	48417644	10	GA
1	48417822	178	TC
1	48418094	272	TC
1	48418240	146	AG
1	48418318	78	AG
1	48418857	322	GA
1	48426680	212	AT
1	48427095	79	TG
1	48427489	327	GA
1	48427976	87	GA
1	48428843	867	TC
1	48428889	46	TC
1	48429008	119	AC
1	48429527	519	GA
1	48429866	339	TC
1	48430268	241	CT
1	48430326	58	AT
1	48430336	10	GT
1	48430756	420	TC
1	48431012	256	CT
1	48431896	470	TG
1	48432265	71	GC
1	48432315	50	GA
1	48432321	6	TC
1	48432398	77	CT
1	48432411	13	GT
1	48437860	1234	TG
1	48438053	152	CT
1	48438586	316	TC
1	48439209	287	GC
1	48440262	766	TA
1	48440488	226	CT
1	48440674	114	GA
1	48440681	7	GA
1	48440698	17	TG
1	48440857	159	CT
1	48441046	30	CT
1	48441229	183	CT
1	48442133	379	TA
1	48442647	215	AC
1	48442672	25	GC
1	48442687	15	TC
1	48442879	157	TG
1	48442990	111	AG
1	48444491	1501	GT
1	48445487	996	TC
1	48445626	139	GA
1	48446754	737	AC
1	48450554	248	CA
1	48450758	204	TC
1	48450812	54	GT
1	48450880	68	CT
1	48450896	16	GT
1	48450952	56	CG
1	48451161	209	TA
1	48451362	34	CT
1	48451709	347	CA
1	48452307	598	TG
1	48452473	166	AC
1	48452514	41	AC
1	48454426	380	GT
1	48454502	76	GT
1	48454850	311	CT
1	48454890	40	CT
1	48454905	15	TC
1	48455896	991	TG
1	48455897	1	GA
1	48455900	3	GA
1	48456576	530	CT
1	48456751	134	GA
1	48461174	2840	TG
1	48461376	202	GA
1	48463477	1269	TC
1	48463763	286	CT
1	48463815	52	AT
1	48463816	1	TC
1	48463888	72	GA
1	48464052	164	CT
1	48464214	162	AC
1	48464236	22	TC
1	48464253	17	TC
1	48464264	11	TC
1	48464266	2	TC
1	48464277	11	AG
1	48464527	250	CG
1	48465270	314	TC
1	48465306	36	CT
1	48465364	58	AG
1	48466098	109	AG
1	48469618	1590	TC
1	48478874	3313	AG
1	48484468	4551	AT
1	48487015	1703	GC
1	48487745	730	CG
1	48488714	929	GA
1	48491813	3072	GC
1	48491951	138	GA
1	48493639	1033	CA
1	48493663	24	TG
1	48496240	2124	GA
1	48497246	681	TC
1	48497457	211	CT
1	48497604	147	TC
1	48497626	22	GC
1	48498604	950	AG
1	48499301	628	TC
1	48499458	157	AC
1	48502506	2568	GT
1	48510663	5326	TC
1	48513617	1412	GT
1	48513854	200	AG
1	48514229	375	AC
1	48514350	121	GT
1	48514476	126	GT
1	48514848	271	TG
1	48514996	110	CG
1	48515014	18	AG
1	48515121	107	GT
1	48515212	91	TC
1	48515254	42	CA
1	48515359	105	TA
1	48515433	74	CT
1	48515554	121	CT
1	48515560	6	AG
1	48515582	22	AG
1	48515657	75	CT
1	48515831	174	AG
1	48515856	25	AG
1	48515876	20	TC
1	48518105	141	AG
1	48519134	649	TC
1	48519824	690	AG
1	48520367	442	GA
1	48521290	488	AT
1	48521347	57	TC
1	48521458	111	AT
1	48522241	615	AG
1	48523086	447	TC
1	48529246	98	AC
1	48530891	487	TC
1	48530950	59	GA
1	48531191	241	AG
1	48532066	388	CA
1	48532157	25	AT
1	48532358	201	AC
1	48532621	263	GC
1	48532700	79	AG
1	48532890	190	AC
1	48532902	12	AT
1	48534053	729	CA
1	48534520	443	AG
1	48534597	77	GT
1	48536002	1405	TG
1	48536314	312	CT
1	48536512	198	GC
1	48536802	213	GT
1	48538494	1212	GA
1	48538595	101	CT
1	48538827	232	GC
1	48540651	1159	TC
1	48541174	523	TC
1	48541257	83	CG
1	48541308	51	TC
1	48541378	70	CG
1	48541383	5	GC
1	48541505	122	CT
1	48541526	21	TC
1	48541595	69	CT
1	48541730	135	AG
1	48541925	195	GA
1	48541959	34	GA
1	48542381	422	TC
1	48542678	263	TC
1	48544066	1031	TC
1	48544217	151	CT
1	48544720	243	CT
1	48544918	198	AG
1	48545176	258	GA
1	48546058	882	CT
1	48546233	175	TC
1	48546278	45	TC
1	48546705	427	TC
1	48546974	269	CA
1	48548112	801	TA
1	48548971	510	CA
1	48549887	121	CT
1	48551110	250	GT
1	48553586	1263	AG
1	48553603	17	TC
1	48554033	344	TG
1	48554089	56	CA
1	48554603	479	TC
1	48556067	735	AG
1	48556279	212	AC
1	48557135	808	GA
1	48557945	641	CA
1	48558096	151	CT
1	48558505	409	CA
1	48558506	1	AT
1	48558538	32	TC
1	48559396	290	TG
1	48559468	72	CT
1	48560323	855	TC
1	48560813	490	AG
1	48560895	82	CT
1	48560948	53	TC
1	48561114	166	TG
1	48561128	14	CT
1	48561811	527	AG
1	48562124	313	AC
1	48562184	60	AG
1	48562715	483	AG
1	48563341	626	TC
1	48563462	121	GA
1	48565502	1227	CT
1	48565865	317	CT
1	48567313	752	AG
1	48567428	115	CT
1	48568837	1129	TC
1	48569047	210	AG
1	48569207	160	GT
1	48569376	169	TA
1	48569426	50	AC
1	48569688	262	TC
1	48570032	344	CT
1	48570179	147	GT
1	48570479	300	TC
1	48570582	103	TC
1	48570849	235	TC
1	48570907	58	GA
1	48570956	49	AG
1	48570969	13	CT
1	48571756	787	GA
1	48571775	19	TC
1	48572010	165	GT
1	48575452	1624	AG
1	48575769	317	AG
1	48575950	181	TC
1	48576031	81	CT
1	48576308	277	CA
1	48578107	1799	TC
1	48578829	400	AG
1	48579038	209	AG
1	48579065	27	GA
1	48579083	18	CT
1	48579087	4	GA
1	48579158	71	CT
1	48579514	170	TC
1	48579608	94	GA
1	48579844	236	CG
1	48579958	114	TC
1	48579982	24	AC
1	48580238	256	TC
1	48580796	339	TG
1	48581583	184	AG
1	48581942	86	TC
1	48582061	119	CG
1	48582071	10	AC
1	48582120	49	TG
1	48582443	165	CA
1	48582715	139	TC
1	48582737	22	CA
1	48582758	21	TC
1	48582823	65	GA
1	48583187	304	AG
1	48583201	14	CG
1	48583517	316	AG
1	48583519	2	AG
1	48583521	2	TA
1	48583786	265	TA
1	48584564	611	AG
1	48584583	19	AG
1	48585205	622	GC
1	48585358	153	CT
1	48585687	329	TC
1	48585823	136	TA
1	48585841	18	CT
1	48585923	82	CT
1	48586006	83	TG
1	48586771	309	TC
1	48587594	395	TC
1	48588021	427	CT
1	48588275	254	CA
1	48588281	6	TA
1	48588499	140	AT
1	48588502	3	GA
1	48588846	344	CT
1	48588847	1	AG
1	48588857	10	GA
1	48588952	95	CA
1	48588967	15	CT
1	48589081	114	CT
1	48589085	4	AT
1	48589133	48	TC
1	48589153	20	TC
1	48590671	954	AG
1	48591030	331	GT
1	48592074	994	GC
1	48594287	2213	TC
1	48595039	418	GA
1	48595955	610	AC
1	48596025	70	TC
1	48596500	177	CA
1	48596575	75	CT
1	48596741	166	GA
1	48596971	230	CT
1	48598001	988	TA
1	48598349	348	GT
1	48598424	75	GA
1	48606671	2754	TG
1	48609669	1187	GC
1	48610675	687	GA
1	48610886	211	AT
1	48611056	170	CT
1	48611073	17	CA
1	48611100	27	TC
1	48611118	18	GC
1	48611121	3	CT
1	48611155	34	TC
1	48611182	27	TC
1	48611767	561	GA
1	48614132	809	CT
1	48614487	200	AG
1	48614555	68	TC
1	48614564	9	GA
1	48614677	113	CG
1	48614847	170	GA
1	48622160	358	TC
1	48622719	539	GC
1	48622865	146	TC
1	48623000	135	AG
1	48623207	207	TC
1	48623372	165	CT
1	48623376	4	TC
1	48623638	262	AG
1	48624087	449	CT
1	48624670	302	TC
1	48624879	209	AT
1	48626723	1202	AC
1	48628396	1349	GC
1	48629964	1009	GA
1	48631035	1071	AG
1	48632256	1093	AC
1	48640850	2043	GA
1	48663176	11522	AC
1	48665060	1853	TC
1	48668108	2042	CT
1	48674005	4933	TC
1	48674172	167	TC
1	48675107	902	CT
1	48677130	1548	CG
1	48681921	3870	CT
1	48683923	1555	CT
1	48699990	6467	CT
1	48700338	124	TA
1	48701081	277	TC
1	48701217	136	TC
1	48701295	78	AG
1	48701332	37	TC
1	48701592	260	TC
1	48703698	1744	AG
1	48703781	83	TC
1	48710475	598	CT
1	48710545	70	CT
1	48710551	6	GA
1	48710749	114	GA
1	48711062	313	AG
1	48712935	1430	TA
1	48713613	196	TC
1	48715213	674	CT
1	48984896	193928	CT
1	48985125	229	GA
1	48985414	289	GA
1	48985456	42	GA
1	48985761	305	CG
1	48985856	95	GA
1	48986465	609	CT
1	48986807	342	TA
1	48987013	206	CT
1	48990193	2435	GT
1	48990367	174	CT
1	48991703	1046	TC
1	48993713	284	GC
1	48994627	914	AG
1	48995233	477	TC
1	48995318	85	CA
1	48995538	220	GA
1	48995672	134	TC
1	48995781	109	GT
1	48996026	245	GA
1	48996058	32	GA
1	48996143	85	GT
1	48996160	17	GA
1	48996295	135	TC
1	48996757	462	AG
1	48996868	111	GA
1	49000551	3099	GC
1	49000635	84	GT
1	49000868	233	GA
1	49000983	115	AG
1	49003609	1794	TG
1	49004072	423	TC
1	49004389	317	GA
1	49004788	399	AG
1	49004916	128	CG
1	49006573	1525	TA
1	49006920	347	AG
1	49008736	1593	AG
1	49008764	28	CT
1	49008765	1	AG
1	49009137	242	TC
1	49010348	877	AG
1	49010915	567	AC
1	49011863	602	TC
1	49012150	287	AT
1	49012400	216	TC
1	49013385	985	AG
1	49013588	203	AG
1	49053506	25362	GA
1	49054542	1036	AT
1	49058417	3414	CA
1	49058426	9	CG
1	49058975	169	TC
1	49059474	477	TC
1	49060869	1143	GA
1	49061951	859	TC
1	49063388	1249	CT
1	49067460	3091	AG
1	49072886	545	TC
1	49073186	300	AG
1	49074045	689	CT
1	49076066	314	CA
1	49076177	111	AG
1	49076260	83	TC
1	49076424	164	GA
1	49078389	1235	GA
1	49079452	521	TC
1	49079464	12	TC
1	49080053	283	CT
1	49080111	58	CA
1	49080598	396	TC
1	49081315	558	TC
1	49082853	167	AG
1	49085406	1467	TC
1	49088349	1770	AG
1	49089563	951	TC
1	49089939	322	GC
1	49092866	1276	CT
1	49094561	1623	GA
1	49096192	1029	TC
1	49098082	1638	CG
1	49099512	1353	TA
1	49105074	4347	GA
1	49105957	793	CT
1	49106305	297	AG
1	49106342	37	TC
1	49106343	1	GA
1	49106348	5	TC
1	49106472	124	GA
1	49106485	13	TC
1	49106521	36	AT
1	49106768	247	CT
1	49106973	205	AG
1	49107193	220	TC
1	49110001	2047	TC
1	49110023	22	AG
1	49114208	1528	TA
1	49114396	99	CG
1	49114792	164	GT
1	49115747	281	TC
1	49122551	3913	CG
1	49122735	184	GA
1	49123120	385	TC
1	49123707	427	AC
1	49124227	226	GA
1	49124410	183	TC
1	49125545	956	GT
1	49126238	273	TC
1	49126448	210	TG
1	49126898	433	CT
1	49127993	837	AT
1	49128015	22	AG
1	49128178	163	GT
1	49128360	182	GA
1	49132973	2516	AT
1	49133279	306	TC
1	49133648	331	GA
1	49133774	126	CT
1	49133931	157	TG
1	49134281	350	TA
1	49135225	732	TC
1	49136163	437	CG
1	49141728	4769	AT
1	49142211	483	TA
1	49152346	5203	CG
1	49152353	7	TG
1	49157058	3394	TG
1	49157290	232	TC
1	49158463	790	TC
1	49159155	692	GA
1	49159571	334	CT
1	49159839	268	TA
1	49159862	23	TC
1	49160089	227	CG
1	49160424	58	AC
1	49161257	753	AC
1	49161323	66	CG
1	49161329	6	TC
1	49161955	304	CA
1	49162041	86	GA
1	49162424	15	AT
1	49162648	83	GC
1	49162869	221	CT
1	49163294	425	AG
1	49163894	600	GA
1	49164150	256	CT
1	49164213	63	AC
1	49165026	381	CG
1	49165234	208	GA
1	49165296	62	CT
1	49165422	126	AT
1	49166962	1181	GT
1	49167110	148	TC
1	49167417	158	CT
1	49168683	19	AT
1	49168851	168	TC
1	49169135	184	GA
1	49169205	70	CA
1	49169215	10	AG
1	49169217	2	TC
1	49169387	170	TC
1	49169416	29	CT
1	49169440	24	TG
1	49169527	87	AG
1	49169553	26	AG
1	49169648	95	TC
1	49169708	60	GC
1	49171256	819	CT
1	49174125	2069	CG
1	49174349	224	TG
1	49174776	427	CT
1	49175386	610	AG
1	49176107	721	CA
1	49176286	179	GC
1	49178113	732	GA
1	49178408	295	GC
1	49178562	154	AG
1	49178563	1	TC
1	49178601	38	AG
1	49180424	1323	CT
1	49182151	586	GA
1	49182468	317	CT
1	49182888	318	CT
1	49182893	5	GA
1	49182917	24	TC
1	49182979	62	GA
1	49183898	487	CT
1	49184480	582	TG
1	49185916	1352	AG
1	49186239	323	CT
1	49186505	266	AG
1	49189932	788	GA
1	49194226	3792	GA
1	49195073	751	AG
1	49203289	3302	GA
1	49206882	2405	AT
1	49208133	948	AC
1	49210401	926	GC
1	49219433	7189	CT
1	49219625	192	GA
1	49219736	111	TC
1	49220404	668	AG
1	49221556	633	AG
1	49221805	249	AC
1	49222535	340	AT
1	49222671	136	GA
1	49223076	405	CT
1	49226273	2490	CT
1	49226398	125	TA
1	49226533	135	AC
1	49227693	539	CG
1	49227855	162	AC
1	49229666	1510	TC
1	49229922	256	AG
1	49230313	391	GA
1	49230790	378	CA
1	49230846	56	TC
1	49230855	9	GA
1	49230893	38	AG
1	49230961	68	TC
1	49231186	225	TA
1	49231190	4	TG
1	49231312	122	TC
1	49231531	177	AT
1	49231532	1	AC
1	49231676	144	TC
1	49231732	56	GT
1	49231816	84	GA
1	49231944	128	CT
1	49232099	155	GA
1	49232242	143	AG
1	49232281	39	TA
1	49233633	1054	CT
1	49233634	1	AG
1	49233725	91	GA
1	49233726	1	CA
1	49234042	316	AC
1	49234277	235	CT
1	49234308	31	TA
1	49235008	700	CT
1	49235118	110	CA
1	49235180	62	GT
1	49235625	445	TC
1	49235637	12	GA
1	49235796	159	TG
1	49235814	18	GA
1	49235957	143	AG
1	49236528	132	GA
1	49236777	249	TC
1	49248877	8711	CA
1	49248903	26	CG
1	49250329	589	AG
1	49250528	44	CT
1	49250568	40	CG
1	49250579	11	AG
1	49250679	100	CT
1	49258185	1367	GA
1	49258744	531	CT
1	49258867	123	TC
1	49258900	33	CT
1	49259449	303	TC
1	49259520	71	AG
1	49259900	358	AG
1	49259921	21	AG
1	49260152	231	GA
1	49260222	70	GT
1	49260243	21	TC
1	49260425	182	GT
1	49261051	122	TC
1	49261066	15	AG
1	49261112	46	TC
1	49261512	98	AG
1	49261530	18	AG
1	49261622	92	CG
1	49262131	509	GT
1	49267673	1093	TG
1	49271067	1896	CT
1	49271808	741	CA
1	49272620	448	TC
1	49272796	84	TC
1	49273278	482	CT
1	49274334	296	TC
1	49274449	115	CT
1	49275459	379	TC
1	49275501	42	AG
1	49276138	287	AG
1	49276187	49	TC
1	49276196	9	TC
1	49277055	540	TC
1	49277093	38	AG
1	49277112	19	TC
1	49277221	109	TC
1	49277255	34	TC
1	49277257	2	AC
1	49277258	1	AG
1	49277285	27	AC
1	49278010	129	GA
1	49278026	16	CT
1	49278084	58	CT
1	49278126	42	AG
1	49278189	63	CG
1	49278292	103	TG
1	49279944	740	CA
1	49280261	317	TC
1	49280300	39	CT
1	49281248	561	CT
1	49282232	543	GA
1	49282242	10	CA
1	49282277	35	CG
1	49282330	53	CG
1	49283329	164	AT
1	49290806	4872	GT
1	49291004	198	GT
1	49294265	1771	GA
1	49294714	449	AG
1	49296118	1063	CT
1	49296317	199	TC
1	49300854	2332	CT
1	49301548	464	GA
1	49301549	1	AG
1	49306832	3649	AG
1	49307360	528	CT
1	49309564	2006	TG
1	49310768	1088	TC
1	49312138	1143	CT
1	49314321	1974	CT
1	49314437	116	CT
1	49314635	198	GA
1	49314779	144	CG
1	49315747	277	GA
1	49315826	79	TC
1	49315977	151	AG
1	49316075	98	GA
1	49316100	25	TC
1	49316320	220	TC
1	49316464	144	TC
1	49316704	240	TC
1	49317124	420	AC
1	49317207	83	CT
1	49317637	430	CT
1	49317881	244	AG
1	49318077	196	AG
1	49318416	172	AG
1	49319324	606	CT
1	49319347	23	GA
1	49319384	37	CT
1	49319534	150	AG
1	49320267	733	GA
1	49320386	63	GA
1	49320514	128	CG
1	49322783	1478	GA
1	49326388	2224	CT
1	49329816	2854	GT
1	49330169	353	CT
1	49330717	335	AT
1	49330845	128	TC
1	49331924	452	AG
1	49331950	26	CT
1	49332137	187	AG
1	49332162	25	CT
1	49332464	302	AG
1	49332513	49	AC
1	49332691	178	CA
1	49332912	221	TC
1	49333932	380	GA
1	49334417	463	AG
1	49334530	113	AT
1	49335018	488	GA
1	49336674	469	CT
1	49336757	83	AT
1	49336796	39	CA
1	49337355	137	GA
1	49337381	26	TA
1	49337384	3	CT
1	49337468	84	GA
1	49337505	37	CT
1	49337663	158	GA
1	49338089	384	CA
1	49338284	195	GA
1	49338285	1	CT
1	49338324	39	CT
1	49338473	149	TC
1	49338667	194	GA
1	49338771	104	AG
1	49338776	5	TC
1	49339598	385	CT
1	49339651	53	TG
1	49339672	21	TC
1	49339806	134	CT
1	49339881	75	CT
1	49339937	56	GA
1	49340677	283	AT
1	49340710	33	CT
1	49340716	6	GA
1	49340733	17	AC
1	49340748	15	CT
1	49340787	39	CT
1	49341198	411	GA
1	49341223	25	CG
1	49342532	1259	GT
1	49342912	380	GA
1	49343062	150	GA
1	49343209	147	TA
1	49344484	873	CT
1	49344507	23	CT
1	49344734	227	AG
1	49344740	6	CT
1	49344776	36	GA
1	49345714	571	CG
1	49346226	512	AG
1	49349286	1364	AG
1	49349784	467	CT
1	49351576	1299	CT
1	49353258	1042	AG
1	49354161	730	GA
1	49355339	887	TC
1	49355412	73	AG
1	49355521	109	CT
1	49357354	1357	AG
1	49358932	1144	TC
1	49359761	640	CT
1	49361922	1953	CT
1	49362267	281	AG
1	49364590	1974	CT
1	49365328	738	TC
1	49366624	1296	AG
1	49367081	457	TG
1	49367188	34	CT
1	49367210	22	CT
1	49368227	895	GA
1	49369607	1253	GA
1	49370055	157	TA
1	49370057	2	CT
1	49370252	195	GA
1	49370315	63	AG
1	49370328	13	TC
1	49370665	26	GA
1	49370737	72	AG
1	49371584	541	TG
1	49371681	97	GC
1	49372053	372	GA
1	49372842	789	CT
1	49373065	223	CT
1	49374727	1350	CG
1	49374802	75	CG
1	49375020	218	TG
1	49375041	21	AG
1	49375197	156	CT
1	49375597	327	GA
1	49377179	444	CT
1	49380680	2778	GA
1	49380737	57	TC
1	49380751	14	CT
1	49380790	39	TA
1	49381408	355	CA
1	49381437	29	TA
1	49381701	264	AG
1	49382136	435	CT
1	49383057	407	CT
1	49383201	144	TC
1	49383219	18	CT
1	49383499	188	AG
1	49383541	42	AT
1	49383825	284	CG
1	49383837	12	GA
1	49383852	15	CA
1	49383937	85	AG
1	49383994	57	CT
1	49384014	20	GC
1	49384029	15	TC
1	49384044	15	AT
1	49384183	139	CG
1	49384406	223	GA
1	49384463	57	TC
1	49384466	3	GA
1	49384473	7	CT
1	49385474	145	AG
1	49385489	15	CA
1	49385491	2	AG
1	49385558	67	CT
1	49385984	219	CT
1	49386247	263	AC
1	49386248	1	CT
1	49386257	9	GA
1	49386326	69	CT
1	49386337	11	CT
1	49386339	2	TC
1	49386390	51	CT
1	49386684	294	CT
1	49387036	352	TG
1	49387126	90	TG
1	49387149	23	GA
1	49387259	110	GT
1	49387341	82	AG
1	49387351	10	AG
1	49388861	1208	AG
1	49389470	547	AG
1	49389582	112	TC
1	49390310	728	CT
1	49390712	146	CG
1	49390721	9	GA
1	49392013	943	GA
1	49392087	74	GA
1	49392291	138	GA
1	49392313	22	CT
1	49392618	305	AG
1	49392639	21	AG
1	49392668	29	GA
1	49392683	15	GA
1	49393154	471	GA
1	49393235	81	GA
1	49393456	221	TC
1	49393640	184	AG
1	49393681	41	TC
1	49393724	43	GA
1	49393892	168	CT
1	49393973	81	GT
1	49394379	183	CA
1	49394518	139	GA
1	49394811	206	GA
1	49394835	24	AG
1	49394957	122	GA
1	49395082	125	AG
1	49395610	347	GA
1	49396402	716	CG
1	49398489	1368	AG
1	49398751	262	CT
1	49399019	268	AC
1	49399331	312	AG
1	49399416	85	CT
1	49399682	266	TC
1	49399849	167	AG
1	49399996	147	TC
1	49400501	404	GA
1	49400889	388	GA
1	49401038	149	GA
1	49404301	2565	CT
1	49407327	2910	GA
1	49407404	77	CT
1	49407778	374	TC
1	49408252	341	GA
1	49409747	805	AG
1	49413287	390	TC
1	49413644	325	TC
1	49413647	3	GA
1	49414583	794	CT
1	49414607	24	GA
1	49414720	113	GC
1	49414867	147	CT
1	49414987	120	TC
1	49415081	94	AC
1	49415143	62	CG
1	49415234	91	TA
1	49415327	93	GA
1	49415544	217	TC
1	49415559	15	GA
1	49415726	167	TG
1	49415729	3	CT
1	49415740	11	GA
1	49418548	1210	AG
1	49419261	575	CT
1	49419350	89	AG
1	49419650	300	TA
1	49427325	4321	TC
1	49427456	131	TC
1	49427768	215	CT
1	49428457	542	CT
1	49428796	76	GA
1	49428803	7	GA
1	49429488	347	CT
1	49429551	63	GA
1	49430028	477	AG
1	49430086	58	TA
1	49430683	278	AG
1	49432617	1432	CT
1	49432910	293	AG
1	49432952	42	GA
1	49433062	110	GA
1	49433261	199	CT
1	49433288	27	AG
1	49433302	14	TC
1	49433376	74	GT
1	49433384	8	AG
1	49433539	155	GA
1	49433665	126	AG
1	49433970	305	GA
1	49434042	72	TA
1	49434092	50	CT
1	49434107	15	CT
1	49434116	9	CT
1	49434322	188	CT
1	49434437	115	TC
1	49434471	34	GT
1	49434473	2	TC
1	49434740	267	CT
1	49434745	5	AG
1	49434957	212	CA
1	49435864	655	CT
1	49436461	268	GA
1	49436520	59	TC
1	49443460	2925	GT
1	49444410	911	GC
1	49446413	2003	AG
1	49449140	1571	GA
1	49461323	7599	AG
1	49461753	430	GA
1	49462109	113	GA
1	49462821	712	CT
1	49462910	89	TC
1	49463687	777	AC
1	49466088	179	AG
1	49466138	50	CA
1	49466149	11	AG
1	49466191	42	CT
1	49466336	83	AC
1	49468927	176	GA
1	49470669	374	TC
1	49472789	1956	AG
1	49472790	1	CG
1	49472940	150	CT
1	49473126	186	TC
1	49473208	82	TA
1	49473538	330	GA
1	49473546	8	TC
1	49473579	33	AT
1	49473800	221	CT
1	49474397	544	GA
1	49474499	102	GC
1	49474562	63	CT
1	49485069	7673	CT
1	49492192	2001	GC
1	49492957	676	GA
1	49495119	1594	CG
1	49496758	1059	TG
1	49497557	552	GA
1	49497676	119	TA
1	49497680	4	CA
1	49498000	320	AG
1	49498859	488	AG
1	49498905	46	GA
1	49499025	120	GC
1	49499039	14	AG
1	49499044	5	TC
1	49499059	15	AC
1	49499186	127	GA
1	49499194	8	GA
1	49499520	326	TC
1	49499638	118	TA
1	49501055	1417	CA
1	49502326	688	AG
1	49502342	16	CA
1	49502361	19	GC
1	49502449	88	AG
1	49502479	30	AG
1	49502879	133	CT
1	49502888	9	CG
1	49503672	251	TC
1	49503774	102	GT
1	49504029	216	CT
1	49504066	37	AG
1	49504432	319	GA
1	49504559	127	CA
1	49504657	98	GA
1	49504812	155	AG
1	49505257	364	GA
1	49506803	1232	TC
1	49507389	586	AG
1	49507403	14	GA
1	49507662	259	AG
1	49508090	105	GA
1	49508173	83	GA
1	49508639	466	AG
1	49508729	90	TC
1	49508740	11	TG
1	49508799	59	TC
1	49509103	304	CT
1	49509114	11	TC
1	49509492	97	GA
1	49526628	11556	CG
1	49527243	615	GA
1	49527275	32	TC
1	49527516	212	CT
1	49528232	404	CA
1	49528591	359	CT
1	49528614	23	AG
1	49528983	369	AG
1	49529103	120	AG
1	49529111	8	GA
1	49529113	2	AG
1	49529695	582	TC
1	49533844	1633	CA
1	49534094	250	TC
1	49535098	890	GA
1	49540035	3454	CT
1	49542118	1607	TC
1	49542356	238	TC
1	49542598	242	TC
1	49543115	377	AG
1	49543960	845	AG
1	49544200	240	GA
1	49546265	1623	AT
1	49548638	2119	GA
1	49548992	354	GC
1	49549141	149	GA
1	49549999	858	TC
1	49554525	3068	CA
1	49555395	375	CT
1	49555413	18	AG
1	49556050	534	CA
1	49556055	5	CA
1	49556244	189	AG
1	49557053	809	CT
1	49557110	57	TC
1	49557262	152	GA
1	49557631	369	CT
1	49558150	82	TC
1	49558344	194	AG
1	49558621	249	AC
1	49558924	303	GC
1	49559045	121	CT
1	49559081	36	AG
1	49559092	11	GA
1	49559159	67	CT
1	49559660	501	GA
1	49560013	353	CT
1	49560207	194	GA
1	49560341	134	GA
1	49561146	318	CT
1	49561358	212	AG
1	49561501	143	TC
1	49561755	224	AC
1	49561756	1	TC
1	49562034	278	AG
1	49562063	29	CT
1	49562219	156	AT
1	49562398	179	TC
1	49562405	7	GA
1	49562717	312	AG
1	49563143	426	GA
1	49563371	228	CT
1	49563431	60	CT
1	49563435	4	AG
1	49563475	40	CG
1	49563490	15	AG
1	49563535	45	CT
1	49563706	171	CG
1	49563906	164	CG
1	49564184	278	CT
1	49564189	5	TC
1	49564268	79	CT
1	49564336	68	AG
1	49564410	74	GA
1	49564534	124	GC
1	49565141	574	GT
1	49565250	109	CT
1	49565309	59	AC
1	49565435	126	AG
1	49566143	682	AC
1	49566427	284	CT
1	49567558	712	TC
1	49567788	230	CT
1	49568034	246	AG
1	49568617	583	AT
1	49569094	477	GA
1	49569163	69	AG
1	49569188	25	GA
1	49569240	52	AG
1	49569603	324	GA
1	49569760	157	GA
1	49569822	62	AG
1	49570142	176	TC
1	49570145	3	AG
1	49570818	290	AG
1	49570869	51	TC
1	49570895	26	TA
1	49571059	164	GA
1	49571062	3	AT
1	49571106	44	AG
1	49571163	57	GA
1	49571179	16	CT
1	49571425	246	CT
1	49571900	475	AG
1	49572432	366	TA
1	49572880	448	GA
1	49573613	354	AG
1	49574116	244	GA
1	49574181	65	CT
1	49574429	248	GT
1	49574430	1	TA
1	49574924	349	GA
1	49575379	276	TC
1	49575470	91	GA
1	49575755	285	GT
1	49576031	276	GA
1	49576146	115	GA
1	49576299	153	GA
1	49576691	392	CG
1	49576949	174	GA
1	49577083	134	GA
1	49577259	176	TC
1	49577395	136	TC
1	49577557	162	GA
1	49577564	7	GA
1	49577673	71	AG
1	49577723	50	CA
1	49578159	436	CA
1	49578160	1	TC
1	49578164	4	CT
1	49578234	70	CA
1	49578816	582	AG
1	49579271	455	GA
1	49579310	39	TC
1	49579415	105	GA
1	49579531	116	AG
1	49579643	29	AG
1	49579655	12	GA
1	49582603	2375	GA
1	49582724	121	GA
1	49582983	259	TC
1	49585297	1872	CT
1	49586141	844	CA
1	49587008	745	AT
1	49587324	165	TC
1	49588374	954	TC
1	49588392	18	AG
1	49588597	135	GA
1	49588869	272	CT
1	49588941	72	GA
1	49588955	14	GC
1	49588991	36	CT
1	49588997	6	AG
1	49589267	270	TC
1	49590162	326	GC
1	49590497	335	AG
1	49590686	189	TA
1	49591105	372	AG
1	49591595	473	AG
1	49592055	460	TC
1	49592176	121	CA
1	49592242	66	TA
1	49592261	19	TG
1	49592263	2	GC
1	49592289	26	AG
1	49592294	5	TG
1	49592313	19	GA
1	49592716	150	AG
1	49593731	720	AC
1	49594255	524	AT
1	49594508	161	GA
1	49597199	416	TC
1	49598772	476	AG
1	49598865	93	CT
1	49598895	30	GA
1	49599989	1058	CT
1	49601664	644	AG
1	49603196	1510	CT
1	49603777	391	GA
1	49603970	193	CT
1	49605504	1432	CT
1	49605761	257	GA
1	49605916	96	CT
1	49605925	9	CG
1	49605963	38	CT
1	49606148	185	AC
1	49606216	68	CA
1	49606251	35	GA
1	49606553	236	CT
1	49608247	753	CG
1	49608337	90	AG
1	49608350	13	GA
1	49608503	153	CT
1	49608513	10	GA
1	49608961	385	GT
1	49609284	323	GA
1	49609370	86	GT
1	49609517	147	AT
1	49612603	1362	TC
1	49612798	195	AT
1	49613209	411	CT
1	49613979	397	GT
1	49615010	470	AC
1	49615322	312	AG
1	49615510	98	GA
1	49615718	208	GA
1	49616119	212	GA
1	49616195	76	GA
1	49617739	833	CT
1	49619193	587	CT
1	49619276	83	GA
1	49623220	2994	TC
1	49623912	692	AG
1	49624076	164	GA
1	49624210	134	AG
1	49624289	79	GC
1	49624477	188	CT
1	49624918	328	GT
1	49625088	170	AG
1	49625183	95	GA
1	49625247	64	AG
1	49626589	854	AG
1	49626594	5	CT
1	49626778	34	CT
1	49626797	19	TC
1	49626859	62	CT
1	49626893	34	GA
1	49628280	1387	TC
1	49629802	908	TC
1	49631073	596	CT
1	49631978	281	TC
1	49632272	294	TC
1	49632306	34	GA
1	49633745	1439	TA
1	49634325	415	AG
1	49634756	431	GC
1	49637271	1592	CA
1	49637371	100	GA
1	49638015	644	AG
1	49638434	419	TC
1	49638553	119	GA
1	49638667	114	TC
1	49639591	745	AG
1	49641092	1376	TC
1	49641332	58	AG
1	49642151	819	AT
1	49642319	168	CT
1	49642407	88	AG
1	49642423	16	GA
1	49642544	121	TC
1	49642756	212	GC
1	49643215	158	TA
1	49643556	341	CT
1	49643681	125	AG
1	49643986	305	CT
1	49644191	56	TC
1	49644245	54	CT
1	49644261	16	CT
1	49645263	546	AG
1	49645383	120	AG
1	49645421	38	CT
1	49645429	8	GC
1	49645561	132	TC
1	49645585	24	TC
1	49645677	92	GT
1	49645710	33	TC
1	49645726	16	AG
1	49645921	195	CT
1	49645972	51	CG
1	49645999	27	GA
1	49646296	204	CT
1	49663262	13992	GA
1	49663429	167	GA
1	49664429	532	TG
1	49664466	37	GA
1	49664481	15	CT
1	49664608	127	CT
1	49664638	30	CT
1	49665116	340	GA
1	49665361	216	GA
1	49665465	104	CT
1	49665470	5	GA
1	49665569	99	TC
1	49665726	157	GA
1	49665988	262	CT
1	49666065	77	GA
1	49666156	91	CT
1	49666212	56	GA
1	49666393	181	CT
1	49666545	152	TC
1	49666615	70	CT
1	49666671	56	CG
1	49666757	86	CT
1	49666792	35	GA
1	49666905	113	CT
1	49667211	146	TC
1	49667858	647	TC
1	49668138	280	AG
1	49668472	251	GA
1	49669284	249	TC
1	49669371	87	TG
1	49669564	193	CT
1	49671548	908	CG
1	49671923	375	AG
1	49671996	73	CG
1	49672051	55	CT
1	49672831	209	TG
1	49674532	1207	CT
1	49676285	1235	CG
1	49676493	208	AT
1	49676560	67	TC
1	49677122	288	CT
1	49677159	37	AG
1	49677186	27	GA
1	49677196	10	TC
1	49677644	448	AC
1	49678073	429	CA
1	49678156	83	GC
1	49678352	196	CA
1	49678424	72	CA
1	49679157	631	AG
1	49679369	155	GA
1	49679403	34	TC
1	49680677	651	GA
1	49680870	193	CT
1	49680902	32	GA
1	49681744	611	TC
1	49681912	118	CT
1	49682378	420	TA
1	49683042	664	AG
1	49683097	55	GC
1	49683256	159	AG
1	49683273	17	CT
1	49683347	74	CT
1	49683362	15	GA
1	49683363	1	CG
1	49683530	167	TC
1	49684155	272	CA
1	49684964	702	AG
1	49685729	378	AG
1	49687963	1024	AG
1	49692813	2609	CT
1	49693061	248	CT
1	49693661	504	GA
1	49693861	200	GA
1	49693920	59	GA
1	49696116	552	TC
1	49696566	450	CT
1	49696732	166	GA
1	49697267	535	GA
1	49697436	169	AG
1	49697610	62	CT
1	49698374	406	TA
1	49698376	2	AC
1	49698868	492	CT
1	49701391	1136	AG
1	49702459	951	GA
1	49703479	945	AG
1	49703543	64	TA
1	49703579	36	CT
1	49704259	103	TG
1	49704380	121	GA
1	49704455	75	TC
1	49704478	23	GT
1	49704662	184	CT
1	49705297	329	GA
1	49705403	106	AG
1	49705799	332	CG
1	49706074	164	TG
1	49706215	141	CT
1	49706328	113	CT
1	49706372	44	GA
1	49707199	497	GA
1	49708092	732	GA
1	49708512	351	GA
1	49708785	273	AT
1	49709455	670	AC
1	49710049	594	GC
1	49710064	15	GA
1	49710700	636	GA
1	49712310	1468	TC
1	49715076	2008	GA
1	49715234	158	CA
1	49715252	18	AG
1	49715319	67	GA
1	49715486	167	GC
1	49715837	176	AG
1	49715844	7	AC
1	49715857	13	GA
1	49715946	89	TA
1	49716078	132	CT
1	49716095	17	GC
1	49716115	20	CT
1	49716159	44	CT
1	49716248	89	TG
1	49716255	7	TC
1	49716271	16	TA
1	49716465	25	AG
1	49716505	40	AG
1	49716557	28	AG
1	49716738	181	GA
1	49716812	74	AG
1	49716854	42	GT
1	49717015	67	AG
1	49717101	86	GC
1	49717212	111	GA
1	49717285	73	CT
1	49717390	105	TC
1	49717567	177	TC
1	49718178	412	TC
1	49718533	330	TC
1	49718554	21	GA
1	49718566	12	GA
1	49718570	4	TC
1	49718607	37	GA
1	49718625	18	GA
1	49718863	238	AG
1	49719813	950	GA
1	49719922	109	TC
1	49719925	3	TC
1	49721648	1113	GA
1	49721819	171	CA
1	49722504	649	CT
1	49723844	1340	CT
1	49724203	326	CT
1	49724478	275	GA
1	49725686	1208	CG
1	49725971	285	TC
1	49726094	123	GA
1	49727187	597	CA
1	49727345	158	TC
1	49727401	56	AT
1	49727533	56	GT
1	49727545	12	TG
1	49727546	1	GA
1	49727935	389	AG
1	49728358	423	CA
1	49728675	317	TG
1	49729004	189	AG
1	49729053	49	GC
1	49729321	268	GC
1	49730363	895	TC
1	49730676	313	CT
1	49730686	10	CT
1	49730797	111	AG
1	49731553	535	TC
1	49733513	866	CT
1	49733569	56	GA
1	49734149	580	TC
1	49734195	46	TC
1	49734927	460	GC
1	49735445	518	GA
1	49736387	350	AG
1	49737709	1051	GA
1	49737936	227	GA
1	49738354	389	AG
1	49740913	1256	CT
1	49740942	29	GA
1	49741174	232	CT
1	49741214	40	GA
1	49741477	263	CT
1	49741813	336	CT
1	49741945	132	CG
1	49742243	264	CA
1	49742408	165	GA
1	49742655	247	CT
1	49743048	331	CT
1	49743350	302	CG
1	49743449	99	TC
1	49743674	225	GA
1	49743800	126	TC
1	49744092	292	GA
1	49744206	114	TG
1	49744212	6	TC
1	49744279	67	TC
1	49744528	249	GA
1	49744685	157	GA
1	49744930	245	CA
1	49745261	331	TC
1	49745372	111	CT
1	49745710	294	TC
1	49745946	236	AG
1	49746443	394	TG
1	49746782	231	AG
1	49747507	272	GA
1	49747596	89	TC
1	49747701	105	AG
1	49748446	657	AG
1	49749522	1076	GA
1	49749573	51	GA
1	49750009	390	GA
1	49750037	28	CT
1	49750104	67	GA
1	49750236	132	GA
1	49751063	734	AG
1	49751115	52	CT
1	49751165	50	CT
1	49751207	42	CA
1	49751301	94	CT
1	49754533	2404	CT
1	49757646	2613	TA
1	49759027	1080	AG
1	49759058	31	TG
1	49759115	57	CA
1	49760217	747	GA
1	49760339	122	TC
1	49760776	399	AT
1	49760819	43	GA
1	49761823	829	TC
1	49767293	4929	AG
1	49767802	345	GC
1	49769074	1272	AG
1	49769123	49	TC
1	49769448	325	AT
1	49770211	632	CT
1	49770261	50	AG
1	49770323	62	CT
1	49770470	147	GT
1	49770658	188	GC
1	49770823	165	CT
1	49771122	299	TC
1	49771210	88	CT
1	49771360	150	AG
1	49771409	49	CT
1	49771833	424	GA
1	49771858	25	CT
1	49772181	323	GC
1	49773410	978	AG
1	49773588	178	TC
1	49774510	859	GA
1	49775183	381	GA
1	49775472	289	CG
1	49776226	754	AG
1	49776435	209	AG
1	49777074	464	GC
1	49777117	43	TC
1	49777808	188	CT
1	49777809	1	GC
1	49778046	237	CA
1	49778120	74	GA
1	49778128	8	AG
1	49778181	53	GA
1	49778276	95	TC
1	49778299	23	GA
1	49778387	88	GA
1	49778550	163	CT
1	49778936	386	TC
1	49779184	248	AG
1	49779436	252	AG
1	49780796	853	GT
1	49780881	85	GA
1	49780928	47	CT
1	49781019	91	TC
1	49781093	74	AT
1	49781108	15	AG
1	49781184	76	TG
1	49781274	90	CA
1	49781842	568	CA
1	49786901	3228	GA
1	49786986	85	GA
1	49788150	458	CT
1	49788229	79	GT
1	49788529	300	CG
1	49789284	298	CT
1	49789705	211	AG
1	49789974	269	GT
1	49790138	164	AG
1	49790297	159	TC
1	49790420	123	GA
1	49790716	91	CT
1	49791016	238	CT
1	49791056	40	CT
1	49791144	88	GA
1	49791179	35	CG
1	49791249	70	AG
1	49791273	24	TC
1	49792563	563	AC
1	49794934	1296	TC
1	49796082	1148	CT
1	49796091	9	AG
1	49796310	219	CT
1	49796386	76	CT
1	49796413	27	TC
1	49796876	463	GT
1	49797953	771	GA
1	49797965	12	AG
1	49797998	33	CT
1	49798125	55	GT
1	49798385	260	GC
1	49798473	88	AC
1	49798573	100	CA
1	49798826	253	GC
1	49798978	152	TC
1	49799086	108	GA
1	49799374	288	GT
1	49799708	237	AG
1	49799918	149	TC
1	49800463	545	AG
1	49802210	1705	GA
1	49802222	12	CT
1	49802887	328	TC
1	49802948	61	CG
1	49803105	157	CT
1	49803226	121	AG
1	49803532	306	AC
1	49804481	860	AG
1	49804768	287	GA
1	49804864	96	TC
1	49805629	765	GA
1	49805814	185	GA
1	49805849	35	AG
1	49806605	756	CG
1	49806616	11	GA
1	49806650	34	GA
1	49806691	41	AG
1	49807578	597	AG
1	49808153	456	GC
1	49808419	266	GT
1	49808616	197	GA
1	49808876	260	TA
1	49809195	319	AG
1	49819780	7137	CT
1	49826203	5840	CT
1	49826520	317	CT
1	49826800	280	CT
1	49827315	139	AG
1	49827579	264	CT
1	49827761	28	AG
1	49828174	413	GA
1	49829364	1190	CT
1	49831273	1331	GA
1	49832299	527	CT
1	49832676	46	CA
1	49833076	214	GA
1	49833154	78	CG
1	49833167	13	GA
1	49833504	302	CG
1	49833810	230	AG
1	49833866	56	TC
1	49834166	300	CT
1	49834191	25	CT
1	49834285	94	GA
1	49834308	23	TC
1	49834373	65	TG
1	49834572	199	TG
1	49834605	33	CT
1	49834620	15	GA
1	49834687	67	AG
1	49834781	94	GA
1	49834969	93	TA
1	49834986	17	GA
1	49835064	78	GA
1	49835114	50	TC
1	49835188	74	CG
1	49835675	487	GA
1	49835794	119	TC
1	49836039	245	TC
1	49837205	406	TC
1	49837246	41	AG
1	49837714	248	TC
1	49837725	11	TA
1	49837761	36	TC
1	49838183	422	TC
1	49838500	317	CT
1	49838628	128	CT
1	49838809	181	AG
1	49839747	264	GA
1	49839860	113	GT
1	49839973	113	AG
1	49840397	424	GA
1	49841064	85	AG
1	49842566	1340	GA
1	49842583	17	CT
1	49842600	17	CT
1	49852823	8476	CT
1	49854549	886	GA
1	49856160	1558	TA
1	49857397	973	CT
1	49858370	719	TC
1	49861031	1250	GA
1	49861541	510	CT
1	49861573	32	CT
1	49862464	556	AG
1	49864385	1523	CT
1	49869541	3148	TC
1	49869883	315	CT
1	49871003	1120	GA
1	49871063	60	GA
1	49871088	25	AG
1	49871171	83	GA
1	49871211	40	TC
1	49871524	313	AT
1	49872848	484	CT
1	49873061	213	AG
1	49873636	209	TC
1	49874067	431	CT
1	49874147	80	CT
1	49874149	2	TC
1	49874401	190	AG
1	49874777	376	TC
1	49874797	20	GC
1	49876387	928	GA
1	49876617	189	GA
1	49880555	1988	CA
1	49880571	16	AC
1	49884213	1854	CG
1	49884615	314	CT
1	49884626	11	CT
1	49885087	461	GC
1	49885285	198	AG
1	49885322	37	GC
1	49885335	13	AT
1	49885393	58	TC
1	49885636	243	AG
1	49885651	15	CT
1	49885874	223	CT
1	49886725	576	AG
1	49886735	10	AT
1	49886759	24	TC
1	49886767	8	GA
1	49886890	123	AG
1	49886933	43	TG
1	49886937	4	AG
1	49886976	39	GC
1	49886983	7	GC
1	49886994	11	GA
1	49887072	78	TA
1	49887078	6	AG
1	49887085	7	TA
1	49887086	1	AG
1	49887140	54	GA
1	49887181	41	GC
1	49887193	12	GA
1	49887259	66	AG
1	49887305	46	AG
1	49887410	105	GA
1	49887433	23	CT
1	49887514	81	TC
1	49887721	207	GA
1	49888023	226	GA
1	49888694	457	CT
1	49890713	1076	GA
1	49890752	39	CT
1	49890753	1	GA
1	49890797	44	CT
1	49890807	10	CT
1	49890929	122	CT
1	49891143	214	GA
1	49891254	111	CT
1	49891368	114	TC
1	49891634	266	CT
1	49891873	239	GC
1	49892580	644	AG
1	49892877	179	AG
1	49892894	17	TC
1	49893035	141	CT
1	49897907	3512	AG
1	49900249	1149	TC
1	49903541	2272	CG
1	49906390	2289	TC
1	49907116	458	TA
1	49907400	284	GT
1	49907407	7	TA
1	49909456	1107	GA
1	49909882	278	AG
1	49909974	92	CT
1	49910056	82	AG
1	49910476	259	GA
1	49910482	6	TC
1	49911106	624	GT
1	49911414	308	GA
1	49911646	232	AG
1	49911745	99	TC
1	49912617	579	CT
1	49912705	88	GC
1	49915021	733	AG
1	49915167	146	AG
1	49915197	30	GC
1	49915233	36	GA
1	49915579	346	AG
1	49915585	6	GA
1	49915602	17	GA
1	49915609	7	CT
1	49916200	290	AG
1	49918765	1867	TC
1	49918793	28	CA
1	49919232	439	CG
1	49921283	1007	CT
1	49923356	2073	CT
1	49923405	49	CT
1	49923459	54	CT
1	49924143	684	AG
1	49924423	145	GA
1	49929304	1359	TC
1	49930063	672	GA
1	49930280	217	CT
1	49930308	28	AG
1	49931677	1096	AG
1	49934270	1962	AT
1	49934355	85	CT
1	49934367	12	AG
1	49934568	135	TA
1	49934571	3	CA
1	49934607	36	AG
1	49934651	44	GA
1	49934797	146	TG
1	49934799	2	AG
1	49934942	143	TC
1	49934966	24	TC
1	49935072	106	TC
1	49935094	22	GA
1	49935241	147	AT
1	49935542	171	GA
1	49935818	276	AG
1	49936127	309	GA
1	49936371	244	GA
1	49936709	338	TG
1	49937459	381	AG
1	49941192	2697	CT
1	49941202	10	CG
1	49944895	1955	AT
1	49945390	456	CT
1	49946198	808	AG
1	49946321	123	TC
1	49946960	639	CT
1	49947348	388	GA
1	49947508	160	TG
1	49949349	860	GC
1	49949383	34	AG
1	49949448	65	GA
1	49950832	1384	CA
1	49951117	262	TC
1	49952334	424	GA
1	49952778	386	GT
1	49953532	117	GA
1	49953533	1	GA
1	49956063	292	GA
1	49956086	23	TG
1	49956089	3	CT
1	49956130	41	AG
1	49956520	390	AG
1	49956870	350	AG
1	49956914	44	TC
1	49959917	692	AG
1	49961109	853	CT
1	49961607	58	TA
1	49961668	61	AG
1	49961763	95	CT
1	49961772	9	TC
1	49961797	25	AT
1	49961996	199	CG
1	49984017	14214	TC
1	49984118	101	AC
1	49984130	12	AG
1	49984250	120	CT
1	49984414	164	GA
1	49986361	1287	CT
1	49986391	30	TC
1	49997329	3641	TC
1	49997404	75	GA
1	49997521	117	GA
