1	2064412	1768800	GA
1	2064766	354	GA
1	2065728	429	CA
1	2067299	730	TC
1	2068063	405	AT
1	2070036	1481	CT
1	2070458	422	AG
1	2071520	494	CT
1	2071714	194	CT
1	2072177	463	CT
1	2072330	91	TC
1	2072937	318	AG
1	2072976	39	AG
1	2073135	159	GA
1	2073160	25	CT
1	2073325	123	CA
1	2073416	91	TC
1	2075689	1786	GA
1	2077897	1621	GA
1	2077996	99	CT
1	2078170	174	TC
1	2094716	12350	TC
1	2096275	1514	GA
1	2100576	3439	CT
1	2100729	153	TC
1	2100750	21	CT
1	2101466	556	GA
1	2101492	26	CT
1	2102684	1087	TC
1	2102902	218	CT
1	2103615	713	GT
1	2104328	713	TA
1	2121526	8210	AG
1	2121949	423	GA
1	2129760	3963	GC
1	2132704	2082	GC
1	2133327	623	TC
1	2135876	2234	TC
1	2138453	1930	TC
1	2146574	5970	GA
1	2150568	2937	AG
1	2150659	41	GA
1	2196431	27264	CT
1	2197023	551	GC
1	2198962	1107	GA
1	2199448	486	GC
1	2199763	315	GA
1	2199939	176	AG
1	2201644	1374	CG
1	2201655	11	TC
1	2201895	240	CT
1	2201947	52	CT
1	2202972	490	GA
1	2203791	263	AG
1	2204045	254	GC
1	2204100	55	AG
1	2204131	31	AG
1	2206013	727	TC
1	2206102	89	AG
1	2206555	409	CT
1	2206614	59	GA
1	2207367	723	TC
1	2207643	276	GA
1	2208166	523	GA
1	2208390	224	TG
1	2208421	31	CG
1	2208539	118	TC
1	2208543	4	TC
1	2208869	165	AG
1	2208945	76	TC
1	2209151	206	TG
1	2210151	408	GA
1	2212429	1445	AG
1	2216635	3297	AG
1	2216866	231	CG
1	2216904	38	TA
1	2217395	491	TA
1	2217509	114	AG
1	2219341	1436	TA
1	2224012	1667	TC
1	2224309	297	GT
1	2224478	169	CT
1	2226994	926	GC
1	2229156	2018	TC
1	2229384	46	GA
1	2229632	248	GC
1	2230082	339	CA
1	2231582	914	GA
1	2232195	613	GA
1	2232643	297	AC
1	2233728	1085	GA
1	2234441	665	TC
1	2238173	1943	GA
1	2238174	1	CA
1	2239043	579	TC
1	2239764	538	GA
1	2244029	2537	AG
1	2244206	177	AC
1	2244585	379	GA
1	2245041	456	AC
1	2256813	5691	TG
1	2259026	1765	CT
1	2259089	63	GA
1	2259131	42	CT
1	2259193	62	TC
1	2259927	734	GA
1	2260337	410	CT
1	2260354	17	CT
1	2260390	36	GA
1	2260519	129	GA
1	2260814	295	AG
1	2260922	108	GA
1	2261831	356	TC
1	2261889	58	GA
1	2261957	68	CT
1	2262036	79	CT
1	2263081	778	TA
1	2263971	373	AG
1	2264462	491	GA
1	2264607	145	GA
1	2264879	272	CG
1	2264938	59	AT
1	2265051	113	AG
1	2267288	759	TC
1	2267295	7	GC
1	2267449	154	CA
1	2268124	658	TG
1	2268844	720	GT
1	2269725	547	AT
1	2270017	292	CT
1	2271270	849	TC
1	2272052	694	CA
1	2272217	165	AG
1	2272429	212	TC
1	2272636	207	AG
1	2272644	8	GC
1	2272895	251	CA
1	2273146	251	AG
1	2274002	770	GA
1	2275717	1715	CA
1	2275723	6	GA
1	2278776	2509	GT
1	2280779	534	TC
1	2285857	3219	AG
1	2287342	906	CG
1	2287516	174	TC
1	2288213	355	TG
1	2288314	101	TC
1	2293203	2438	GT
1	2300788	3364	TC
1	2301000	212	GA
1	2302554	562	GA
1	2302611	57	AG
1	2303348	323	TC
1	2305290	1016	AG
1	2305350	60	TC
1	2305903	353	GA
1	2306095	192	AG
1	2311335	3465	AT
1	2317108	3286	AG
1	2321240	1032	GA
1	2324766	2504	GC
1	2326095	771	AG
1	2326891	704	GA
1	2328877	1656	GC
1	2329183	306	CA
1	2331996	992	CT
1	2332255	259	CG
1	2341111	2413	TC
1	2341381	270	AG
1	2341566	185	GA
1	2341996	430	CA
1	2343351	471	TA
1	2343417	66	AG
1	2348375	1946	GA
1	2350586	522	CT
1	2350600	14	GT
1	2350601	1	TG
1	2350630	29	AT
1	2351229	246	AG
1	2351272	43	CT
1	2352178	906	GA
1	2352425	247	GC
1	2352475	50	CT
1	2352500	25	GA
1	2352564	64	TG
1	2352656	92	CT
1	2352677	21	CA
1	2353355	678	TC
1	2355383	994	GA
1	2359789	1029	TC
1	2359963	174	AG
1	2360049	86	TG
1	2360182	133	GA
1	2360190	8	GA
1	2368138	1880	AG
1	2369046	881	AG
1	2369047	1	AC
1	2372678	3489	CT
1	2373279	349	CT
1	2373409	130	TC
1	2373427	18	TG
1	2373649	222	AG
1	2373864	215	AG
1	2376725	1877	TC
1	2377062	337	TA
1	2377274	212	GT
1	2377283	9	CT
1	2377360	77	AC
1	2377869	127	CA
1	2378614	368	GA
1	2379734	1120	AG
1	2381768	966	TC
1	2381769	1	CT
1	2382595	177	GC
1	2382822	227	CT
1	2387292	1579	TA
1	2387581	289	GA
1	2388306	725	AG
1	2388380	74	TA
1	2388773	393	TC
1	2390256	508	AG
1	2390319	63	AG
1	2392700	1794	AC
1	2394575	707	CT
1	2394776	201	AG
1	2396021	951	GC
1	2398047	624	GA
1	2398050	3	GA
1	2398093	43	TC
1	2398147	54	AG
1	2398172	25	CT
1	2398678	47	GA
1	2398769	91	CT
1	2399123	354	AT
1	2403439	2256	TC
1	2403441	2	GA
1	2403696	209	AG
1	2406663	222	CG
1	2407231	568	GA
1	2407275	44	TC
1	2408029	520	CA
1	2408833	804	TC
1	2411439	1773	CT
1	2411680	241	GA
1	2411740	60	GA
1	2411838	98	GA
1	2414343	1480	CT
1	2416540	1700	GA
1	2417663	1123	CA
1	2418655	904	AG
1	2424739	5504	GC
1	2425129	312	GA
1	2425500	57	TC
1	2425608	108	TC
1	2426005	116	GA
1	2426305	300	TC
1	2427566	477	AG
1	2427618	52	CA
1	2427634	16	GC
1	2427643	9	GA
1	2427669	26	GA
1	2427715	46	CT
1	2427756	41	TC
1	2427784	28	CT
1	2428060	276	GA
1	2428822	467	TC
1	2428982	160	GA
1	2429009	27	AG
1	2429015	6	AG
1	2429055	40	TC
1	2429157	102	AG
1	2429224	67	GA
1	2429237	13	GA
1	2429346	109	CT
1	2429347	1	AG
1	2429418	71	AG
1	2429451	33	GA
1	2429584	133	TC
1	2429675	91	CT
1	2429733	58	AG
1	2429753	20	GT
1	2429896	143	CT
1	2429986	90	AG
1	2430149	163	TG
1	2430177	28	GT
1	2430513	336	TG
1	2430580	67	TC
1	2430667	87	AG
1	2430694	27	TC
1	2430783	89	TA
1	2430991	208	AG
1	2431145	154	TG
1	2431354	209	AT
1	2431447	93	CT
1	2432101	323	CA
1	2435082	1515	TC
1	2435198	116	AG
1	2435267	69	GT
1	2436420	687	TG
1	2436511	91	TC
1	2436831	320	AG
1	2437820	602	AG
1	2438999	589	CT
1	2439676	402	CT
1	2442134	1533	AG
1	2442386	252	CA
1	2442628	242	AG
1	2442977	349	GT
1	2443149	172	GA
1	2443275	126	GA
1	2444006	709	AG
1	2444007	1	CT
1	2444382	375	CG
1	2445568	960	AG
1	2445614	46	GT
1	2445723	109	AC
1	2446245	423	TC
1	2446281	36	AG
1	2447179	798	AG
1	2447262	83	CT
1	2448323	766	CA
1	2450726	2322	GC
1	2451074	348	TC
1	2451120	46	AG
1	2451541	421	GA
1	2454446	1847	GT
1	2454748	302	TC
1	2456018	998	CT
1	2456985	716	TG
1	2457580	595	TG
1	2457959	379	GA
1	2459049	1090	GA
1	2460360	1039	AG
1	2461678	983	TA
1	2461965	287	AG
1	2465124	2260	GA
1	2467593	69	CT
1	2467692	99	TG
1	2471458	2073	GA
1	2473838	1769	GC
1	2476826	2391	AT
1	2481028	2995	AG
1	2482349	1032	GA
1	2483649	1256	TA
1	2484610	961	TG
1	2484724	114	TC
1	2484889	165	AT
1	2484973	84	AC
1	2484996	23	CT
1	2485425	429	CT
1	2495131	3284	CG
1	2495560	429	AT
1	2496038	219	GA
1	2496158	120	GA
1	2496654	496	CT
1	2497017	363	GA
1	2497139	122	CT
1	2497208	69	AG
1	2497256	48	GA
1	2497288	32	TC
1	2497477	189	GT
1	2498125	605	TC
1	2499793	979	AG
1	2499871	78	GA
1	2500096	225	TC
1	2505107	921	CG
1	2509914	4292	AG
1	2512035	1919	GA
1	2514129	1234	GT
1	2514341	212	TA
1	2514455	114	GA
1	2514885	430	TA
1	2516806	1624	AG
1	2519968	2018	TC
1	4145141	1203571	CT
1	4627490	340022	CT
1	5038123	5558	GT
1	5038340	217	TC
1	5052462	1367	TC
1	5065803	423	AC
1	5080252	1021	GA
1	5082242	1849	GA
1	5091242	7431	TC
1	5092179	937	TC
1	5094939	1568	AG
1	5095774	835	GA
1	5098699	2885	GA
1	5100863	1522	AG
1	5101393	530	GA
1	5103403	1576	CA
1	5107271	3086	TC
1	5109106	1407	GA
1	5110870	1396	AG
1	5110915	45	GC
1	5111423	508	TC
1	5116406	4905	GC
1	5118799	1713	CG
1	5121691	2658	CT
1	5123510	1242	TC
1	5125483	1973	AG
1	5130482	4877	CT
1	5135497	4229	AT
1	5137994	2080	GT
1	5138298	304	TC
1	5140138	1806	GA
1	5147220	5688	CG
1	5147802	193	GT
1	5148770	805	TC
1	5150679	1909	TC
1	5151973	1076	CG
1	5157060	3817	TC
1	5157585	525	AG
1	5162934	4795	CG
1	5163160	226	GC
1	5169125	5698	AT
1	5169209	84	CT
1	5170126	659	TG
1	5173006	2257	CT
1	5173024	18	AG
1	5175815	2513	AG
1	5177490	1240	GC
1	5179035	1545	TC
1	5181741	2508	GA
1	5181969	228	TA
1	5184807	2226	AG
1	5185688	881	GC
1	5186926	342	AG
1	5188412	1397	GA
1	5189039	507	AG
1	5189799	626	CT
1	5198638	6214	CA
1	5199326	542	AT
1	5199762	436	TC
1	5201043	1141	GA
1	5201775	445	GA
1	5206688	1192	GC
1	5207975	965	TC
1	5209866	1567	GA
1	5211257	691	CT
1	5211528	271	TC
1	5218313	3921	TC
1	5218389	76	GA
1	5218467	78	GA
1	5220437	1970	CG
1	5223245	2490	CA
1	5242562	11273	TC
1	5244142	1374	AG
1	5245510	529	AC
1	5246835	960	TC
1	5248034	964	GC
1	5249278	923	AG
1	5250266	645	CT
1	5250267	1	AC
1	5250299	32	AG
1	5250352	53	CT
1	5250773	288	CT
1	5252700	519	GA
1	5252939	93	CG
1	5253186	247	GC
1	5253722	536	CT
1	5259079	3764	CT
1	5259774	628	CG
1	5260510	673	AG
1	5261538	1028	TC
1	5262343	805	GA
1	5262386	43	CT
1	5262418	32	AG
1	5263330	718	TC
1	5263623	233	TG
1	5263697	74	GC
1	5263709	12	GA
1	5264191	482	GT
1	5265408	677	GC
1	5265866	293	AT
1	5266570	417	TC
1	5266599	29	CT
1	5266608	9	GA
1	5266743	135	TC
1	5266856	113	GA
1	5267105	249	AG
1	5267504	399	CT
1	5268228	724	AG
1	5268262	34	TC
1	5268287	25	CA
1	5268510	223	GA
1	5268753	243	TC
1	5268823	70	TC
1	5268912	89	CT
1	5276997	739	TC
1	5277096	99	TC
1	5277121	25	GA
1	5277301	180	TC
1	5277335	34	TC
1	5278002	318	CT
1	5278575	573	TC
1	5278981	308	GA
1	5280331	858	CA
1	5280916	585	CT
1	5281364	369	TC
1	5283372	1453	CT
1	5290188	6211	CT
1	5293474	2101	TG
1	5293621	147	GA
1	5297130	1496	GA
1	5297390	260	CT
1	5300600	2070	AG
1	5303158	1985	GA
1	5304628	1071	GA
1	5304944	262	TC
1	5305059	115	CA
1	5305076	17	AG
1	5307188	1729	TC
1	5308902	1626	CG
1	5309040	138	CT
1	5309773	235	AG
1	5310187	414	TG
1	5310210	23	CT
1	5311719	1509	TC
1	5311791	72	TC
1	5311850	59	GA
1	5315505	2053	TC
1	5316422	917	GA
1	5317439	1017	TC
1	5318118	637	TC
1	5318175	57	CG
1	5318211	36	TG
1	5319727	1065	CG
1	5322163	1977	GA
1	5326035	3351	TC
1	5329122	2749	GA
1	5329502	380	TC
1	5330467	965	AG
1	5330802	335	TC
1	5331541	739	GA
1	5331966	425	TC
1	5333400	1400	CT
1	5335554	2154	TC
1	5336104	550	GA
1	5337849	1745	GA
1	5338039	190	CT
1	5338108	69	TC
1	5340210	2063	TC
1	5340960	750	TC
1	5341693	733	CT
1	5342933	1119	GA
1	5343525	181	CT
1	5343598	73	GA
1	5348737	4028	AG
1	5349501	492	AT
1	5349960	459	TG
1	5349964	4	CT
1	5353697	3240	CT
1	5354238	541	AG
1	5357061	2135	TC
1	5357171	110	GC
1	5359669	1901	CG
1	5361909	2154	TC
1	5364990	2185	AG
1	5369619	3709	GC
1	5371105	303	GA
1	5375760	2863	AG
1	5375763	3	AT
1	5417557	28464	TA
1	5420311	2544	CT
1	5426637	5725	GA
1	5436823	8896	CT
1	5449539	9795	CT
1	5632681	85802	TC
1	5632683	2	CT
1	5634632	823	AG
1	5634914	226	CG
1	5636339	1353	AG
1	5637158	359	AC
1	5637307	149	GT
1	5638306	574	TC
1	5638317	11	AT
1	5640986	1027	AG
1	5641099	113	AG
1	5641191	92	CG
1	5641242	51	AG
1	5641886	274	CG
1	5641925	39	CA
1	5651287	1975	AC
1	5652788	853	TC
1	5654288	1206	TG
1	5654479	191	TG
1	5654936	457	TC
1	5662785	4993	TC
1	5662868	83	AT
1	5665435	1471	GA
1	5665461	26	CT
1	5665533	72	AT
1	5667006	174	GA
1	5667042	36	TG
1	5668266	354	GA
1	5668315	49	GA
1	5668376	61	AT
1	5668625	46	CT
1	5669635	152	CT
1	5669762	127	TC
1	5669764	2	GA
1	5669842	78	AG
1	5669903	61	TC
1	5669970	67	CT
1	5670069	99	AG
1	5670139	70	AC
1	5670610	471	TC
1	5670634	24	CT
1	5670804	170	AG
1	5671054	250	CT
1	5671317	263	CT
1	5671339	22	GT
1	5671350	11	CG
1	5671407	57	GA
1	5671657	250	GT
1	5671659	2	AT
1	5671821	162	AC
1	5672395	405	GA
1	5672591	196	AT
1	5672598	7	TA
1	5672632	34	CT
1	5674070	741	AT
1	5674825	260	CA
1	5675102	69	GC
1	5677139	1819	AG
1	5677502	363	AG
1	5677654	152	GA
1	5677674	20	AG
1	5677847	173	AG
1	5678118	271	AG
1	5678141	23	GA
1	5678542	302	GC
1	5678627	85	CG
1	5678668	41	AG
1	5681288	1276	AC
1	5681453	165	GA
1	5681533	80	AC
1	5681856	323	CT
1	5682061	205	TA
1	5682610	549	GT
1	5682685	75	AT
1	5684746	717	GA
1	5685655	342	GA
1	5686059	10	GA
1	5686391	29	TC
1	5686444	53	GA
1	5686449	5	GA
1	5686920	73	TG
1	5686953	33	AG
1	5687145	192	AT
1	5687214	69	CT
1	5687490	276	CT
1	5687974	327	AT
1	5688054	80	CT
1	5688614	560	TC
1	5688708	94	CT
1	5688737	29	GA
1	5688768	31	AG
1	5688807	39	CT
1	5688877	70	AG
1	5689369	492	GA
1	5689696	327	GA
1	5689769	73	AC
1	5689881	112	AG
1	5690786	48	TC
1	5690877	91	CT
1	5691710	269	TC
1	5692445	399	TC
1	5692618	173	TC
1	5694019	628	CT
1	5694135	116	GA
1	5694926	672	CT
1	5695769	425	CG
1	5697159	232	CT
1	5697282	123	CG
1	5697299	17	AC
1	5697697	369	TC
1	5697763	66	GC
1	5697797	34	TA
1	5698016	106	AG
1	5699118	558	CT
1	5699252	134	CT
1	5699425	173	GA
1	5699488	63	TC
1	5699524	36	CT
1	5699578	54	AG
1	5699619	41	GC
1	5699659	40	AC
1	5699820	161	GA
1	5700004	184	CT
1	5700239	235	AC
1	5700575	336	TC
1	5700633	58	CG
1	5700759	126	CT
1	5701409	80	CG
1	5701456	47	AG
1	5701747	239	AG
1	5702027	74	CT
1	5702041	14	AG
1	5702272	231	AC
1	5702340	68	GA
1	5702434	94	AC
1	5702435	1	TC
1	5704690	364	CG
1	5704852	162	GC
1	5704938	86	GA
1	5706021	342	CT
1	5706078	57	GA
1	5706262	184	CT
1	5706272	10	AT
1	5706564	292	TC
1	5706634	70	AG
1	5707862	413	TC
1	5707879	17	CT
1	5707988	109	TC
1	5711495	2271	CT
1	5711667	172	AG
1	5711821	128	TC
1	5711860	39	CT
1	5712751	468	GT
1	5713451	238	TC
1	5715209	329	TC
1	5724371	738	TC
1	5724409	38	AG
1	5724913	504	CT
1	5725309	192	GA
1	5726251	615	AG
1	5729519	1344	TC
1	5730016	497	GA
1	5730183	167	CT
1	5737923	999	AT
1	5737933	10	AG
1	5738229	220	AG
1	5738249	20	GT
1	5739108	179	GA
1	5739681	390	AG
1	5746576	545	TA
1	5746698	122	AC
1	5747067	369	AC
1	5747203	136	TC
1	5747315	112	AC
1	5747905	590	CT
1	5748451	507	AG
1	5748559	108	TA
1	5748618	59	TC
1	5751003	2000	AG
1	5752120	517	CT
1	5752193	73	GA
1	5752724	252	CT
1	5752742	18	TC
1	5753437	695	GA
1	5753715	278	TC
1	5754608	352	CA
1	5755234	626	CA
1	5755235	1	AG
1	5755257	22	TC
1	5755627	370	AG
1	5757391	276	CT
1	5757409	18	TC
1	5760714	224	AT
1	5761684	315	CA
1	5762124	295	CT
1	5762304	180	TC
1	5762320	16	CA
1	5762874	554	AC
1	5762917	43	GA
1	5764127	873	AT
1	5764475	348	AT
1	5764593	118	GT
1	5764729	136	GA
1	5764747	18	AG
1	5764763	16	AC
1	5764805	42	TC
1	5765373	568	AT
1	5765610	237	AG
1	5765612	2	GA
1	5765629	17	CA
1	5765636	7	CA
1	5765705	69	AG
1	5765740	35	CT
1	5765744	4	CT
1	5765754	10	GC
1	5766096	342	GA
1	5766500	404	TC
1	5766573	73	CT
1	5766763	190	GC
1	5766917	154	AG
1	5766938	21	TC
1	5766943	5	CT
1	5766953	10	CT
1	5767024	71	GA
1	5767027	3	CG
1	5767274	247	GC
1	5767857	475	CT
1	5768144	287	AG
1	5768193	49	GA
1	5768471	278	AG
1	5769453	527	GA
1	5770084	335	TC
1	5771499	617	TC
1	5772475	254	TG
1	5772787	70	AG
1	5772878	33	AG
1	5773425	547	AG
1	5773503	78	TA
1	5773611	108	TG
1	5775971	1291	CT
1	5776137	166	GA
1	5779867	1194	AC
1	5780090	183	AT
1	5789685	1161	TC
1	5791023	138	TG
1	5801815	1097	CG
1	5801821	6	AG
1	5830363	1306	TC
1	5832793	1208	TA
1	5834944	679	AG
1	5835175	231	GA
1	5835800	313	TC
1	5838117	1836	GA
1	5840164	1994	GA
1	5840608	342	GA
1	5842679	1049	TC
1	5842742	63	TC
1	5842993	251	TC
1	5843051	58	TC
1	5843314	263	GA
1	5843383	69	CA
1	5843476	93	CT
1	5843550	74	GT
1	5843714	164	AG
1	5845985	130	TC
1	5846281	259	TC
1	5850276	74	AT
1	5850310	34	CT
1	5850499	189	TC
1	5853559	286	CT
1	5856075	358	TA
1	5867174	1035	AG
1	5867287	113	GC
1	5874672	4572	GA
1	5875845	808	AG
1	5877261	506	GA
1	5878007	746	CT
1	5879857	1506	CG
1	5880257	342	GA
1	5880258	1	GC
1	5880419	161	AC
1	5880421	2	GA
1	5880508	87	GA
1	5880609	101	CT
1	5880649	40	AT
1	5880758	109	AG
1	5880912	154	AG
1	5881816	313	TA
1	5892080	544	TC
1	5892109	29	TA
1	5899149	853	GA
1	5901497	1491	AG
1	5901653	156	CT
1	5902993	574	TA
1	5903396	403	GC
1	5908966	1856	GA
1	5920171	2180	TC
1	5920444	273	GA
1	5923699	1837	AG
1	5924146	447	CT
1	5924196	50	TG
1	5924316	120	GA
1	5925179	863	GA
1	5925367	188	GA
1	5925436	69	AG
1	5925519	83	CT
1	5925879	360	GA
1	5926866	586	AG
1	5926867	1	GA
1	5926993	85	CT
1	5933706	514	GA
1	5933728	22	AC
1	5934350	281	GA
1	5934393	43	CG
1	5934467	74	TC
1	5936682	313	AG
1	5936724	42	GA
1	5937874	40	GA
1	5938003	129	GA
1	5949055	1465	TA
1	5949552	497	CT
1	5949856	304	AG
1	5949884	28	TC
1	5949943	59	TC
1	5951149	607	TC
1	5957783	1783	CG
1	5958185	244	TC
1	5958391	206	GA
1	5958485	94	GA
1	5958514	29	CT
1	5958564	50	CG
1	5958611	47	CT
1	5958614	3	GA
1	5958618	4	AG
1	5958719	101	GA
1	5959638	919	TC
1	5959958	320	TC
1	5960271	313	GA
1	5960577	107	AG
1	5960597	20	CT
1	5960705	108	CT
1	5960818	113	CT
1	5961274	456	GC
1	5961379	74	GA
1	5961383	4	TG
1	5961486	103	AG
1	5961737	251	CT
1	5961799	62	GA
1	5961839	40	CT
1	5962158	319	TC
1	5962222	64	GA
1	5962384	162	TC
1	5962427	43	CT
1	5962464	37	AG
1	5962471	7	AG
1	5962497	26	AG
1	5962650	153	CT
1	5962677	27	GA
1	5962701	24	GA
1	5962705	4	TC
1	5962709	4	TC
1	5963042	333	AG
1	5963311	269	TC
1	5963790	479	CT
1	5964135	345	TC
1	5964329	194	GA
1	5964970	417	CT
1	5965090	120	TC
1	5965132	42	GA
1	5965136	4	GA
1	5965391	163	TC
1	5965666	275	AC
1	5965720	54	AG
1	5966947	736	AG
1	5967717	733	TC
1	5967825	108	AG
1	5967875	50	GA
1	5968457	582	CT
1	5968802	345	GC
1	5968807	5	CA
1	5968997	190	TC
1	5969019	22	GA
1	5970162	400	TC
1	5970752	590	AG
1	5970965	213	AG
1	5971593	597	TC
1	5971983	298	GT
1	5972038	55	AG
1	5973849	1600	CG
1	5974159	310	GA
1	5974276	117	CT
1	5974824	548	TG
1	5975131	307	AC
1	5975135	4	AT
1	5975373	238	TA
1	5975549	176	CT
1	5975632	83	TC
1	5976638	984	CT
1	5977168	530	GA
1	5977999	831	TC
1	5978740	741	AG
1	5987632	7648	CA
1	5987767	135	CG
1	5988326	156	TC
1	5988442	116	GA
1	5989499	1057	AG
1	5990364	865	GA
1	5990744	380	TC
1	5990925	108	GC
1	5991242	141	AG
1	5991524	282	CT
1	5994786	877	GA
1	5994794	8	GA
1	5996575	1304	CT
1	5997448	709	CT
1	5998869	1235	CT
1	5998996	127	GA
1	5999940	944	AG
1	6000895	955	GC
1	6001606	507	GA
1	6005089	2206	AC
1	6006405	1316	AG
1	6006408	3	CT
1	6007995	1549	TC
1	6008787	604	CG
1	6008942	155	TC
1	6008975	33	TC
1	6010054	1079	AG
1	6011016	818	TC
1	6013040	1817	GA
1	6014886	362	CT
1	6015284	398	CT
1	6015527	243	CG
1	6016044	473	AG
1	6016307	263	TC
1	6016663	356	TG
1	6023644	1894	GA
1	6024644	652	CT
1	6025825	1181	GA
1	6025853	28	CT
1	6025855	2	AG
1	6025856	1	AC
1	6034902	3074	AG
1	6036951	1211	AG
1	6038102	991	AG
1	6039765	1204	AG
1	6041998	2191	CT
1	6042015	17	GA
1	6042571	556	GA
1	6045356	2052	GC
1	6047021	1499	GT
1	6051813	2711	AG
1	6054906	2298	AG
1	6056309	1403	AG
1	6060697	2793	CT
1	6060707	10	AG
1	6061781	1025	CG
1	6062814	1033	CT
1	6063468	301	GA
1	6063727	259	TG
1	6065031	1105	GA
1	6069720	3065	AG
1	6069987	267	CT
1	6072205	915	GA
1	6072669	105	TC
1	6075540	2612	CT
1	6076567	1027	GT
1	6078886	1419	TC
1	6083235	2243	CT
1	6083253	18	CA
1	6083486	233	TC
1	6083835	349	CT
1	6083991	156	AG
1	6084026	35	GA
1	6084116	90	AG
1	6085183	632	AG
1	6085284	101	CT
1	6085972	688	GA
1	6086037	65	GC
1	6086638	542	GC
1	6086703	65	CT
1	6087295	489	GA
1	6087342	47	CG
1	6087583	241	TC
1	6088554	477	GA
1	6088880	326	AG
1	6089136	256	CA
1	6089156	20	TC
1	6089343	187	GA
1	6089426	83	AG
1	6089573	147	GT
1	6090239	70	AG
1	6090449	210	CT
1	6090704	255	GA
1	6092052	218	GA
1	6092544	492	AC
1	6093188	644	AT
1	6093667	440	CA
1	6094484	490	CG
1	6095009	525	GT
1	6095056	47	TA
1	6095252	196	CA
1	6095404	152	AG
1	6096668	1042	TA
1	6100970	3628	GA
1	6101378	408	TA
1	6104907	2160	CG
1	6104911	4	CG
1	6114944	5714	GT
1	6116509	1154	TA
1	6122254	2737	AG
1	6122413	159	GC
1	6127193	3607	CA
1	6128027	745	AG
1	6136304	5476	AC
1	6136971	667	GA
1	6137262	257	AG
1	6137496	234	GC
1	6137820	324	AG
1	6139039	946	GA
1	6139631	592	CT
1	6139977	346	AG
1	6140159	182	TG
1	6140822	578	TC
1	6140985	163	CT
1	6141605	337	AG
1	6141682	77	AG
1	6141739	57	TC
1	6141958	219	AG
1	6142194	236	AG
1	6142468	274	AC
1	6142488	20	GA
1	6144439	429	TC
1	6144583	144	GC
1	6144759	176	AG
1	6144811	52	GA
1	6144840	29	GA
1	6149567	1843	TG
1	6149802	235	GC
1	6149894	92	GA
1	6150019	125	CT
1	6150799	408	TC
1	6152096	1183	TC
1	6155640	2549	GT
1	6157143	1273	CT
1	6162183	3859	CT
1	6167965	2327	AG
1	6174202	3674	AC
1	6179859	2033	TC
1	6180801	344	GC
1	6181119	318	CT
1	6181632	473	AT
1	6184861	2121	CG
1	6185302	441	AG
1	6185525	223	TC
1	6190309	2022	TG
1	6211593	14920	GA
1	6213043	1450	TC
1	6217843	3640	GT
1	6219052	1145	GC
1	6220052	1000	TG
1	6224072	3745	TC
1	6225537	1465	GA
1	6228033	1815	TC
1	6228103	70	CG
1	6231869	3003	AC
1	6231937	68	AC
1	6238139	5682	TC
1	6239497	1112	CG
1	6242605	1246	CA
1	6246956	1935	CA
1	6247595	404	CG
1	6247714	119	GT
1	6250985	1759	GA
1	6270975	9126	TA
1	6277522	2698	CT
1	6278044	522	AC
1	6279932	1225	AG
1	6281830	562	TC
1	6288891	4535	AC
1	6300369	7164	AG
1	6329874	15345	TC
1	6333395	884	GA
1	6335117	560	CT
1	6335190	73	GC
1	6335307	117	AG
1	6338570	621	GT
1	6353287	7161	GC
1	6357812	2850	AG
1	6377496	5739	GA
1	6380675	2177	GA
1	6392759	4606	TG
1	6403977	7023	GA
1	6416722	6045	TC
1	6417096	374	CG
1	6417966	662	CT
1	6423746	2209	TC
1	6424839	701	TC
1	6426231	486	TC
1	6428887	1315	AG
1	6437787	1335	CT
1	6437853	66	TC
1	6438099	246	TC
1	6445153	2192	TA
1	6445616	194	AT
1	6445985	369	AC
1	6448892	1323	AG
1	6470262	10249	AG
1	6471845	1583	CT
1	6473538	1586	TG
1	6482099	6407	AG
1	6482277	178	TG
1	6494549	7111	AG
1	6495421	787	GA
1	6502034	6489	CG
1	6502862	828	GA
1	6503573	711	GC
1	6504820	1150	TC
1	6505627	807	TC
1	6507832	2098	CG
1	6514999	6561	GA
1	6515075	76	CG
1	6519800	4725	TC
1	6527645	6429	TG
1	6590192	41651	AG
1	6590484	265	CT
1	6592154	1638	AG
1	6592899	590	GA
1	6594162	1263	TG
1	6594431	269	AG
1	6594768	337	CT
1	6596156	1029	CT
1	6609420	10426	TC
1	6611242	795	GA
1	6627961	13332	CT
1	6627974	13	CT
1	6630491	1015	AG
1	6635296	3591	GC
1	6640105	4187	GA
1	6661972	11977	AG
1	6664694	1433	GA
1	6676605	10530	GA
1	6676651	46	AG
1	6682289	3163	GC
1	6701187	11338	GA
1	6703314	837	AG
1	6722510	8727	GA
1	6747305	8356	GA
1	6753167	4767	TC
1	6769084	7394	GC
1	6769262	178	AT
1	6770344	1082	TC
1	6770377	33	CT
1	6770525	148	GC
1	6771826	1301	CT
1	6772252	382	AG
1	6772436	184	GT
1	6772451	15	AG
1	6773406	955	TC
1	6773578	172	TA
1	6775898	2016	AG
1	6775933	35	CT
1	6777299	1127	AG
1	6777356	57	GA
1	6777774	341	TG
1	6779025	1251	AG
1	6780202	1177	GA
1	6780238	36	AG
1	6780771	533	GA
1	6782850	1983	TG
1	6783335	485	AT
1	6784393	1058	AC
1	6784444	51	AG
1	6785157	713	GA
1	6785657	500	TA
1	6785706	49	TC
1	6785715	9	CT
1	6785716	1	TC
1	6785916	200	CG
1	6786258	304	GT
1	6786397	139	GA
1	6786618	221	AG
1	6794013	7265	CG
1	6799292	5037	TC
1	6799378	86	TC
1	6799662	284	AG
1	6800258	526	GT
1	6804130	3644	CT
1	6804820	690	CA
1	6805984	1164	GA
1	6809913	3477	AG
1	6811033	1120	GA
1	6811181	148	TC
1	6814411	2999	AC
1	6829015	13707	CT
1	6834794	3917	TG
1	6837656	1884	CT
1	6840081	2214	GT
1	6841691	1610	AG
1	6843473	1580	CT
1	6845339	1532	CT
1	6845723	357	TC
1	6850155	3265	TC
1	6850692	537	AC
1	6852540	1273	GA
1	6855538	2307	GA
1	6860238	3938	AG
1	6885015	20491	GA
1	6886757	1712	TG
1	6888127	1370	TC
1	6893031	4904	TC
1	6893685	654	CG
1	6896940	2479	CT
1	6898195	1201	AC
1	6898211	16	GA
1	6901732	3171	CG
1	6901879	147	AC
1	6902369	490	CG
1	6906995	4591	TC
1	6907714	686	AC
1	6911789	3843	GC
1	6914081	2292	GA
1	6922052	4990	CT
1	6923724	1116	CT
1	6934678	9136	CT
1	6939344	1605	CT
1	6949430	3387	TC
1	6957425	2566	AT
1	6961014	2156	AG
1	6962556	1179	GA
1	6972628	1534	TC
1	6976700	1456	TG
1	6977417	648	TG
1	6977441	24	AG
1	6979599	989	AG
1	6982493	333	GA
1	6985459	1200	CT
1	6985549	90	GC
1	6985905	346	GA
1	6985980	75	AC
1	6986014	34	TC
1	6986070	56	GA
1	6986091	21	AG
1	6986228	132	AG
1	6986229	1	CT
1	6986232	3	CT
1	6987092	859	CT
1	6987171	79	AG
1	6988050	393	CT
1	6988162	112	GA
1	6988332	92	AG
1	6988493	161	TA
1	6988723	230	CT
1	6989748	635	TG
1	6989803	55	AG
1	6992015	983	AG
1	6996988	673	AG
1	6997706	373	CG
1	6998392	247	GT
1	6998748	356	TC
1	6998848	100	TC
1	6999006	158	GA
1	7001249	884	CT
1	7003095	144	GA
1	7003841	351	GA
1	7003988	147	TC
1	7003990	2	TC
1	7005373	886	AG
1	7005848	475	GA
1	7006400	552	CT
1	7007238	382	AT
1	7007354	116	TA
1	7007395	41	AC
1	7007509	114	GA
1	7007966	457	TG
1	7011983	1006	AG
1	7013098	614	GA
1	7013546	186	AG
1	7016515	1236	GC
1	7017104	247	GA
1	7017235	131	TC
1	7017434	199	CT
1	7018170	736	CT
1	7019038	392	AG
1	7019106	68	GA
1	7019215	77	GA
1	7019464	249	GA
1	7019937	454	TC
1	7020108	171	CT
1	7020144	36	CT
1	7020615	366	CT
1	7020682	67	GA
1	7020706	24	TC
1	7020736	30	CA
1	7022957	1394	CA
1	7023069	112	GA
1	7025513	2138	TC
1	7027244	1267	AG
1	7027307	63	TC
1	7027796	409	CT
1	7027974	178	CT
1	7027975	1	CT
1	7028625	353	CT
1	7029904	1279	TG
1	7030289	385	TC
1	7030290	1	GA
1	7030627	337	AG
1	7031107	480	TC
1	7031140	33	AG
1	7031656	516	AG
1	7031929	273	GT
1	7032008	79	GA
1	7032020	12	CT
1	7033549	523	GA
1	7035323	1774	AG
1	7036774	1431	CG
1	7037666	892	GA
1	7037916	250	CA
1	7042615	1996	GA
1	7042722	107	AC
1	7042827	105	AC
1	7042993	166	TC
1	7043764	70	CT
1	7043782	18	GA
1	7045339	1504	GT
1	7049570	4111	GA
1	7049819	249	CT
1	7053023	3089	CA
1	7053125	102	CG
1	7053227	102	GA
1	7056119	2708	AG
1	7059020	2775	TC
1	7065421	2450	AG
1	7065806	385	GA
1	7074646	8023	AG
1	7074912	266	GA
1	7075807	866	AG
1	7075885	78	AG
1	7075989	104	GC
1	7076067	78	GA
1	7076188	121	CG
1	7076439	251	GA
1	7078777	1860	TG
1	7080705	1928	GC
1	7082775	1612	CT
1	7083342	264	GA
1	7083590	248	TC
1	7083591	1	GA
1	7083666	75	CG
1	7084262	596	CT
1	7085572	781	AG
1	7086919	879	AC
1	7088683	80	TC
1	7088684	1	GA
1	7089087	403	CT
1	7089438	47	GT
1	7089564	126	TC
1	7093326	1378	GA
1	7094039	287	TG
1	7098205	1063	CT
1	7098820	317	AG
1	7098821	1	GT
1	7099056	235	AG
1	7099869	813	CT
1	7100927	1058	AG
1	7103526	1907	TC
1	7103567	41	GA
1	7103979	412	CT
1	7104669	690	GA
1	7107322	2143	TC
1	7109196	1837	AG
1	7109462	266	AG
1	7110019	219	GA
1	7115740	2741	AC
1	7120584	1154	CT
1	7122922	1907	AG
1	7122946	24	GA
1	7123064	118	TC
1	7124365	1138	GT
1	7127549	1803	AG
1	7130850	2680	TG
1	7133047	2154	GT
1	7134002	843	GA
1	7136426	2348	CT
1	7136692	266	GT
1	7137650	923	AC
1	7141931	2900	CA
1	7142004	73	GC
1	7142545	541	TC
1	7142635	90	GA
1	7143049	414	GA
1	7144005	894	GA
1	7144029	24	AG
1	7144819	790	GC
1	7145271	452	GA
1	7145494	223	CT
1	7145809	315	TC
1	7153696	5932	GA
1	7153998	302	TG
1	7155115	1117	GA
1	7155281	166	AG
1	7158942	3112	GA
1	7161002	1984	TC
1	7161728	577	CT
1	7162889	1021	TC
1	7163961	1036	AC
1	7165133	403	AG
1	7165688	555	GA
1	7167383	911	TC
1	7172857	3323	TC
1	7173064	207	AG
1	7173095	31	AG
1	7173104	9	AG
1	7173462	358	AG
1	7178638	1894	AG
1	7178661	23	CT
1	7178907	246	GA
1	7179049	142	TC
1	7179835	280	GA
1	7180876	987	TC
1	7181351	475	AG
1	7182881	1316	CG
1	7184500	972	AG
1	7185844	943	TC
1	7187134	969	CG
1	7187399	265	GA
1	7188962	1512	TC
1	7192052	2604	GA
1	7200998	5790	AG
1	7206764	5078	TC
1	7207195	431	CG
1	7208103	908	GA
1	7209397	993	CG
1	7213663	3385	AG
1	7213862	199	GA
1	7214635	773	AG
1	7215868	958	GC
1	7215869	1	GT
1	7215994	125	GA
1	7216116	122	TG
1	7216118	2	GT
1	7216154	36	CT
1	7216308	154	CT
1	7217350	1042	TC
1	7217352	2	AG
1	7217556	204	CA
1	7219422	1074	GA
1	7222420	2765	AG
1	7223817	1261	CT
1	7230962	3412	CG
1	7243932	10567	CT
1	7244767	835	TG
1	7250191	3631	AG
1	7252032	1793	AG
1	7253139	552	AG
1	7254269	518	AG
1	7257147	2587	CA
1	7259056	1909	TC
1	7261516	2460	CA
1	7263361	1703	GC
1	7267733	4187	AG
1	7268009	276	GA
1	7268787	731	GA
1	7269254	467	CT
1	7269255	1	AG
1	7269374	119	TC
1	7270520	222	GC
1	7270599	79	GA
1	7271189	492	TC
1	7272257	1068	AG
1	7273066	809	AG
1	7275351	1713	CT
1	7275505	154	AC
1	7276872	1367	GT
1	7277684	582	CT
1	7278775	1091	TC
1	7280465	1690	AG
1	7280936	471	TC
1	7280937	1	GA
1	7281495	515	GA
1	7284542	2656	AG
1	7284894	352	TC
1	7285417	381	AG
1	7287676	1393	TA
1	7287677	1	GT
1	7287857	145	AG
1	7288449	287	CG
1	7290480	1908	GA
1	7297252	4476	AC
1	7298408	769	CT
1	7300808	1821	GT
1	7300932	124	GT
1	7303446	773	TG
1	7303664	218	AG
1	7303991	327	TC
1	7304223	232	AG
1	7305426	347	GA
1	7306551	902	CT
1	7306607	56	TG
1	7306740	133	GA
1	7308556	1170	TC
1	7309936	451	TC
1	7312632	2035	TC
1	7314026	1349	TC
1	7315395	1210	TC
1	7319338	2364	TC
1	7320109	771	GA
1	7320440	257	CT
1	7320995	338	CA
1	7322423	783	AC
1	7324124	620	GC
1	7329354	1015	GA
1	7339987	2741	AG
1	7340392	72	AG
1	7340707	32	CT
1	7347103	5405	TG
1	7368977	8983	AG
1	7379630	1810	AG
1	7388253	4135	CA
1	7394956	6100	TA
1	7403177	3488	GT
1	7424285	8571	CG
1	7424303	18	CA
1	7424324	21	CT
1	7427759	1760	CT
1	7427868	109	CG
1	7428018	150	GA
1	7428200	182	TC
1	7428912	712	TC
1	7429005	93	TC
1	7429298	239	GA
1	7430289	991	TG
1	7434373	3386	CA
1	7440987	6149	CT
1	7445241	4048	AC
1	7445548	307	CG
1	7445876	224	GA
1	7445886	10	TC
1	7445894	8	CG
1	7446328	434	CG
1	7446971	314	GA
1	7447047	76	AG
1	7447161	114	GA
1	7448358	1197	GA
1	7448359	1	TC
1	7448402	43	GA
1	7448405	3	TC
1	7448539	134	AG
1	7448763	224	CT
1	7449336	573	GA
1	7449966	294	AG
1	7450440	306	CT
1	7460717	6859	TC
1	7462639	1549	CT
1	7472575	6381	AG
1	7475374	2017	AG
1	7475463	89	TG
1	7480098	3947	CA
1	7483514	3319	CT
1	7489490	5647	TC
1	7503186	9060	GA
1	7512838	4362	TC
1	7515107	2230	AT
1	7523289	4244	AG
1	7526113	2584	CT
1	7527293	1069	CG
1	7527627	334	TC
1	7528399	772	GA
1	7528709	214	GA
1	7528942	233	CT
1	7529794	852	TC
1	7530941	937	AG
1	7531751	810	TC
1	7532026	275	AG
1	7532471	445	AG
1	7532577	106	TC
1	7533139	441	AT
1	7533153	14	GA
1	7533368	215	GT
1	7533402	34	CT
1	7533702	300	GA
1	7533736	34	TC
1	7533737	1	GA
1	7534557	820	CT
1	7534902	345	GA
1	7535788	867	GA
1	7536098	310	CT
1	7536251	153	CT
1	7536879	521	GA
1	7537002	123	CT
1	7538099	1097	GC
1	7538103	4	CT
1	7538447	344	CT
1	7538759	312	CT
1	7538997	238	GA
1	7539086	89	TC
1	7539214	128	AG
1	7539370	156	TC
1	7539388	18	TC
1	7539607	219	CT
1	7539747	140	AC
1	7540018	271	GA
1	7540337	319	CT
1	7541245	401	CT
1	7541381	136	TA
1	7541613	232	CT
1	7541859	246	AG
1	7542315	456	GC
1	7542365	50	GA
1	7542367	2	CT
1	7542505	138	GC
1	7542619	114	GA
1	7542775	156	TC
1	7542906	131	GT
1	7545347	1413	GA
1	7545847	324	AC
1	7546694	576	AG
1	7548520	993	TC
1	7548546	26	TC
1	7551830	2117	GC
1	7553151	1173	GA
1	7553647	496	AG
1	7553677	30	GA
1	7555620	1601	GA
1	7555873	253	TC
1	7557275	712	TC
1	7557342	67	GT
1	7557426	84	AG
1	7557588	162	CT
1	7557598	10	TG
1	7557794	196	AG
1	7557919	125	CT
1	7558112	193	AG
1	7558165	53	AT
1	7558192	27	CT
1	7558302	110	AG
1	7558327	25	GA
1	7558425	98	CT
1	7558670	245	AG
1	7558671	1	TC
1	7558683	12	TC
1	7558687	4	AC
1	7558745	58	GA
1	7559259	514	GA
1	7561089	271	TG
1	7561199	110	AC
1	7561493	17	AT
1	7562278	785	GA
1	7562584	306	AT
1	7562715	131	TC
1	7562841	126	AT
1	7563028	187	CG
1	7563036	8	CT
1	7563108	72	AG
1	7563173	65	AG
1	7563355	182	AG
1	7564284	888	GA
1	7564458	174	AG
1	7564632	174	AC
1	7565052	420	CA
1	7565771	683	CA
1	7565782	11	TC
1	7565813	31	GC
1	7566284	471	AG
1	7567000	670	AC
1	7567667	594	TC
1	7567828	161	TC
1	7568073	245	GA
1	7568683	610	CT
1	7571054	876	AG
1	7571264	210	AG
1	7571265	1	TC
1	7571578	313	CT
1	7571670	92	TC
1	7574090	617	TG
1	7576638	873	TC
1	7578418	1032	TC
1	7581156	654	AG
1	7581231	75	GA
1	7582555	1289	AG
1	7582765	210	AG
1	7582805	40	GC
1	7583127	322	AC
1	7583855	298	CT
1	7583901	46	CT
1	7584146	245	AC
1	7584209	63	CG
1	7584589	380	CT
1	7584659	70	TA
1	7585021	24	TC
1	7585566	545	GA
1	7585958	392	AG
1	7586275	317	CA
1	7586362	87	GC
1	7586988	407	CT
1	7588343	919	GA
1	7588514	171	CA
1	7588544	30	GA
1	7588549	5	CT
1	7588654	105	GT
1	7589111	457	CT
1	7589825	714	GT
1	7590016	191	GA
1	7590351	335	AG
1	7590803	452	AG
1	7591174	371	AG
1	7591384	210	CT
1	7594045	384	CT
1	7594255	76	AG
1	7594312	57	AG
1	7594652	119	AG
1	7594995	343	AG
1	7595114	119	TC
1	7595273	159	CG
1	7596288	719	TA
1	7596480	192	CT
1	7596509	29	AG
1	7596847	338	TC
1	7597458	580	CT
1	7597642	184	TC
1	7600099	637	CG
1	7600354	255	CT
1	7601360	625	AG
1	7601411	51	AC
1	7601924	81	GA
1	7601996	72	CA
1	7603832	726	TC
1	7603841	9	CT
1	7606309	968	TA
1	7607007	579	AG
1	7608070	627	GA
1	7609303	1088	GA
1	7609307	4	TA
1	7610513	1206	AG
1	7613369	2383	GC
1	7613700	331	GC
1	7614934	480	CT
1	7617492	1193	CG
1	7619043	182	CT
1	7619120	77	GT
1	7619901	91	TC
1	7619919	18	AG
1	7620642	322	CT
1	7621348	243	CT
1	7621349	1	CG
1	7621533	184	AG
1	7621625	92	GC
1	7621699	74	AG
1	7626620	733	CA
1	7627247	297	CA
1	7629914	655	GA
1	7630847	335	TC
1	7632730	368	AT
1	7632896	166	AG
1	7633343	447	CT
1	7633615	207	TA
1	7633616	1	CA
1	7633870	254	TC
1	7633918	48	AG
1	7633978	60	CT
1	7634003	25	TG
1	7634111	108	AG
1	7634125	14	CT
1	7634647	522	CT
1	7634892	245	AG
1	7635348	430	CT
1	7635517	16	CT
1	7635894	377	GA
1	7636610	668	CT
1	7637034	219	CG
1	7637035	1	AG
1	7637084	49	AT
1	7637311	46	TC
1	7637339	28	TG
1	7637499	160	TC
1	7637582	83	TG
1	7637583	1	CG
1	7637751	168	TC
1	7638066	315	CT
1	7638092	26	TC
1	7638350	94	AC
1	7638357	7	GC
1	7638387	30	GA
1	7638397	10	AG
1	7638471	74	CA
1	7638629	158	GT
1	7638639	10	CG
1	7638712	73	CT
1	7638739	27	TC
1	7641681	134	GA
1	7645024	2929	GA
1	7645684	622	CT
1	7645771	87	TC
1	7645870	99	GC
1	7646393	523	GC
1	7647366	691	CG
1	7647915	483	TC
1	7647972	57	AT
1	7648460	488	TC
1	7652976	4239	TC
1	7653231	255	TC
1	7653349	118	AG
1	7653553	204	GA
1	7653653	100	CA
1	7654008	355	AG
1	7654199	191	AG
1	7654390	191	AG
1	7654446	56	TC
1	7654523	77	GA
1	7654546	23	GA
1	7654583	37	CT
1	7654794	211	CT
1	7654837	43	CT
1	7654943	106	AC
1	7654988	45	GA
1	7654989	1	CT
1	7655003	14	GA
1	7655010	7	CT
1	7655071	61	GA
1	7655312	241	CT
1	7655400	88	AG
1	7655404	4	CT
1	7655582	178	CT
1	7655603	21	AG
1	7655622	19	TC
1	7655663	41	AG
1	7655704	41	GA
1	7655714	10	CT
1	7655740	26	GA
1	7655751	11	CT
1	7655889	138	TA
1	7655935	46	CT
1	7656046	111	TC
1	7656407	70	GA
1	7656594	187	GC
1	7656628	34	AG
1	7657785	1087	GC
1	7657836	51	CT
1	7658495	514	TC
1	7658632	137	TC
1	7658914	245	GT
1	7659337	423	GT
1	7660012	270	GA
1	7660503	109	CT
1	7660521	18	AT
1	7660554	33	TG
1	7660574	20	GC
1	7661302	728	CG
1	7661791	489	CA
1	7662503	373	CT
1	7663028	525	TC
1	7663216	188	GT
1	7663618	402	TC
1	7663871	253	GC
1	7664951	1080	CG
1	7667019	2013	AT
1	7667230	211	TG
1	7667232	2	AG
1	7667683	451	TC
1	7668093	410	GA
1	7670621	2303	GA
1	7672277	712	TC
1	7677758	2302	AT
1	7684303	2148	GA
1	7684612	309	GA
1	7685699	915	GA
1	7685946	247	GA
1	7688094	914	AC
1	7690440	2087	CT
1	7692113	1298	TA
1	7692326	213	CG
1	7692562	236	GA
1	7692899	247	TC
1	7694253	1125	GA
1	7694295	42	GT
1	7704953	6263	CT
1	7705026	73	GT
1	7705315	112	GC
1	7706046	370	GA
1	7706048	2	CG
1	7706061	13	CT
1	7706315	254	TG
1	7710731	2057	GA
1	7710979	248	GA
1	7711140	161	CA
1	7712033	407	AG
1	7713350	526	GA
1	7713518	168	GA
1	7714618	343	TC
1	7716256	1072	CT
1	7716868	612	AC
1	7717830	962	AC
1	7717951	121	TC
1	7718086	135	CT
1	7718554	468	CT
1	7719141	479	GC
1	7721751	976	GA
1	7721801	50	TC
1	7722855	517	TC
1	7724662	554	CA
1	7725060	398	CT
1	7725127	67	CT
1	7725319	192	GA
1	7725385	66	CA
1	7728534	2134	CT
1	7730968	2299	AG
1	7731255	287	TC
1	7735902	3779	AC
1	7736857	427	AG
1	7741011	2979	AG
1	7741497	486	GT
1	7741565	68	TC
1	7741746	181	AG
1	7742478	318	TG
1	7742504	26	TC
1	7742508	4	GC
1	7742535	27	TC
1	7742810	275	GT
1	7743110	300	AC
1	7743306	140	TC
1	7744496	1163	CT
1	7745051	555	CT
1	7745121	70	AG
1	7746356	413	CT
1	7746629	273	CT
1	7746691	62	GA
1	7748086	942	AG
1	7748254	168	TC
1	7748302	48	CT
1	7748548	246	CG
1	7748612	64	AG
1	7748736	124	TA
1	7749070	334	TG
1	7749190	102	AG
1	7749402	212	AG
1	7749414	12	CT
1	7750009	595	CT
1	7750392	383	AC
1	7750710	318	AG
1	7750768	58	GC
1	7750859	91	AG
1	7751484	278	TC
1	7752539	1055	GC
1	7752813	274	GA
1	7753719	616	CA
1	7753774	55	CA
1	7753791	17	TC
1	7754169	313	GC
1	7754313	144	TC
1	7755485	1172	GA
1	7755673	40	CG
1	7755920	247	TC
1	7757570	1005	AG
1	7758322	283	TA
1	7759033	458	CT
1	7759211	178	AG
1	7759341	130	TC
1	7760602	10	CT
1	7760691	89	TC
1	7760743	52	CG
1	7762914	1167	CT
1	7763408	494	TC
1	7763431	23	CT
1	7763749	281	TC
1	7764185	436	AG
1	7764639	454	AG
1	7765298	659	CT
1	7765702	404	CA
1	7766033	57	GA
1	7766243	210	GA
1	7766369	126	TC
1	7766673	122	TC
1	7766691	18	TC
1	7766851	160	AG
1	7766855	4	TG
1	7766866	11	GA
1	7766880	14	AT
1	7767020	62	CT
1	7767145	125	GA
1	7767149	4	TA
1	7767234	85	GA
1	7767257	23	AG
1	7768492	605	TC
1	7768581	89	CG
1	7768804	223	AG
1	7769296	444	CT
1	7769297	1	AG
1	7769325	28	GT
1	7769567	242	GA
1	7769609	42	TC
1	7769895	286	AG
1	7770286	239	TA
1	7770907	621	CT
1	7770998	91	GC
1	7771182	184	TC
1	7771303	121	GA
1	7771561	85	GA
1	7771728	167	TC
1	7772271	241	AG
1	7773828	846	TC
1	7773829	1	GA
1	7774240	113	AG
1	7774457	151	CT
1	7774636	179	AG
1	7774785	149	AG
1	7775152	367	GC
1	7775167	15	CT
1	7775331	164	TC
1	7775777	446	TC
1	7775795	18	CT
1	7775822	27	TA
1	7776032	210	AG
1	7776193	161	TC
1	7776221	28	CT
1	7776387	166	TC
1	7776751	364	TC
1	7777215	464	CT
1	7777491	276	AG
1	7778677	1186	CT
1	7778681	4	GA
1	7778704	23	TC
1	7782941	1967	CG
1	7783183	242	TC
1	7784244	963	TC
1	7786140	1429	TC
1	7787603	1147	TC
1	7788294	691	TC
1	7788762	468	TC
1	7789568	806	GC
1	7789913	345	GT
1	7790226	313	CA
1	7792906	1732	TC
1	7793150	244	CT
1	7793224	74	CT
1	7793242	18	AC
1	7793289	47	GA
1	7796401	1744	TC
1	7796559	158	AG
1	7796560	1	CG
1	7796607	47	GT
1	7796654	47	TC
1	7796806	90	TC
1	7797652	487	TC
1	7797884	140	CG
1	7798004	120	TC
1	7798340	336	AC
1	7799897	1206	TC
1	7800104	207	TG
1	7800648	274	AG
1	7801485	837	GC
1	7801593	108	TC
1	7804346	1903	AG
1	7804395	49	AG
1	7811661	4113	TC
1	7813054	746	AG
1	7814210	683	TC
1	7814380	170	CT
1	7814449	69	TC
1	7814527	78	GA
1	7815081	554	AT
1	7815863	541	AG
1	7816222	359	CT
1	7822937	6162	TC
1	7822938	1	GA
1	7823730	753	GC
1	7824430	700	CA
1	7824819	389	CA
1	7825075	256	TC
1	7825204	129	AG
1	7825552	348	TC
1	7825627	75	AG
1	7826405	778	CG
1	7826687	282	CT
1	7826735	48	TC
1	7829041	2306	GA
1	7832498	3313	GA
1	7834326	1828	TC
1	7836947	1723	CT
1	7838121	1174	GT
1	7846188	1111	AG
1	7846632	118	TC
1	7846779	147	CT
1	7847753	334	GC
1	7847773	20	TC
1	7850623	1106	CT
1	7851274	54	GA
1	7851854	106	TC
1	7851860	6	AG
1	7851987	127	AG
1	7853811	1456	TA
1	7855426	1011	TC
1	7855519	93	GT
1	7855954	105	CT
1	7856966	995	GA
1	7860165	3056	CT
1	7863935	3004	CT
1	7865809	1874	GT
1	7867393	1584	AG
1	7867396	3	TC
1	7868324	928	GA
1	7868837	513	AG
1	7872294	3388	TC
1	7873151	857	CG
1	7873173	22	GA
1	7875684	2421	AG
1	7878060	2376	GC
1	7888928	7313	GT
1	7893030	2604	TG
1	7893287	257	TG
1	7894413	938	TG
1	7895443	1030	CA
1	7895960	362	GA
1	7896288	328	TG
1	7896367	79	CT
1	7897690	1323	TC
1	7898024	334	CT
1	7899386	964	GT
1	7899451	65	AG
1	7899683	232	AG
1	7901322	875	AC
1	7903088	1657	CT
1	7903781	693	CT
1	7906846	2156	TC
1	7909547	2425	TG
1	7910032	485	TC
1	7910053	21	CT
1	7911726	1437	TA
1	7912041	315	CT
1	7914740	2180	AG
1	7918654	3090	CG
1	7924333	3466	AG
1	7930774	4782	CT
1	7931378	604	CT
1	7931619	241	GT
1	7931677	58	CG
1	7931683	6	TC
1	7931714	31	CT
1	7931813	99	CT
1	7931888	75	CT
1	7932249	361	AG
1	7933410	437	TG
1	7933846	436	AG
1	7933881	35	CA
1	7934136	255	TA
1	7934163	27	GA
1	7934374	211	GA
1	7935235	352	AT
1	7935775	457	AG
1	7935860	85	TC
1	7936761	493	GA
1	7937196	435	CT
1	7937416	220	GT
1	7937431	15	TC
1	7939093	1662	GA
1	7939331	238	TG
1	7940616	405	CT
1	7940696	80	AG
1	7940879	183	AG
1	7940900	21	AG
1	7941185	285	TC
1	7941391	206	AG
1	7943386	1425	CT
1	7943425	39	TC
1	7943445	20	TC
1	7944510	1065	GA
1	7944796	286	TG
1	7944891	95	TC
1	7945175	284	CT
1	7945473	298	GT
1	7945497	24	GA
1	7945615	118	GC
1	7945733	118	TC
1	7945817	84	CT
1	7946521	157	CT
1	7946547	26	AG
1	7946553	6	TG
1	7946649	96	CT
1	7946691	42	GT
1	7946704	13	CT
1	7946746	42	CT
1	7946849	103	TC
1	7946857	8	GA
1	7947310	137	TC
1	7947563	216	TC
1	7947642	79	AG
1	7947692	50	GA
1	7947841	149	GA
1	7948893	500	GA
1	7948902	9	CA
1	7949768	836	CT
1	7950898	954	AG
1	7951147	249	CT
1	7953013	1866	GT
1	7953047	34	AG
1	7954932	738	GA
1	7955104	172	CT
1	7955653	549	GT
1	7955722	69	AG
1	7956019	297	GT
1	7956045	26	TA
1	7956442	397	TC
1	7956541	99	CG
1	7956856	315	AG
1	7957178	322	AC
1	7957223	45	GA
1	7957244	21	GC
1	7957245	1	TC
1	7958004	560	CT
1	7958377	373	TC
1	7958552	175	CG
1	7958598	46	CT
1	7958610	12	CT
1	7958616	6	TC
1	7959394	247	CT
1	7959602	208	CT
1	7959735	133	CG
1	7960981	1153	CT
1	7962464	1483	CG
1	7964185	1414	CT
1	7964213	28	GA
1	7964248	35	AG
1	7964377	129	CT
1	7964474	97	AG
1	7964904	430	GA
1	7965099	195	GT
1	7965154	55	TC
1	7965522	368	GA
1	7965625	103	TC
1	7966438	708	GA
1	7966659	221	TC
1	7966761	102	AG
1	7967291	530	AG
1	7967300	9	TA
1	7967319	19	TC
1	7969383	1095	TG
1	7970914	1152	CA
1	7972676	1404	TC
1	7972770	94	GC
1	7974790	1936	TC
1	7975051	261	GA
1	7976487	863	AG
1	7978666	1647	TG
1	7980274	1608	AG
1	7981160	886	AG
1	7981291	131	AG
1	7981358	67	TC
1	7982004	393	TG
1	7983493	1113	AG
1	7985307	921	TC
1	7987226	972	AG
1	7987434	27	CG
1	7987537	103	TC
1	7988560	869	CT
1	7988694	134	AG
1	7988812	118	CT
1	7988898	86	TC
1	7989571	616	AG
1	7989856	260	CT
1	7991335	731	CT
1	7993497	1532	AC
1	7993570	37	CG
1	7993685	115	CA
1	7994084	399	CG
1	7994089	5	GA
1	7998014	1394	AG
1	7998547	48	TC
1	7998551	4	GC
1	7998555	4	GA
1	7999491	936	GA
1	8001902	2198	TG
1	8002329	427	CT
1	8002835	506	GC
1	8002876	41	AG
1	8003626	511	TC
1	8003627	1	AG
1	8004052	425	TC
1	8004125	73	GT
1	8005061	936	GA
1	8008048	1699	CT
1	8008073	25	CA
1	8013469	3452	CG
1	8016292	2474	TC
1	8017047	706	TC
1	8028020	5450	TC
1	8029132	438	AG
1	8029497	365	GA
1	8029920	423	GA
1	8030867	581	TC
1	8031003	136	CT
1	8031217	214	CT
1	8031292	75	TG
1	8031317	25	GC
1	8031360	43	AG
1	8031864	504	GA
1	8032053	189	AG
1	8032402	349	TC
1	8032453	51	AG
1	8033046	593	AG
1	8037302	2383	CT
1	8037531	229	TC
1	8038435	885	AG
1	8039861	1402	TC
1	8039887	26	AG
1	8040222	335	GC
1	8040732	510	TC
1	8041365	633	GT
1	8053243	10057	TC
1	8054061	818	GA
1	8056008	1947	GA
1	8058773	2258	AG
1	8058882	109	CG
1	8058898	16	TC
1	8058957	59	TC
1	8059107	150	AG
1	8059418	249	AG
1	8060525	1107	CT
1	8060946	421	TC
1	8061349	366	TC
1	8061820	471	TC
1	8062220	400	TC
1	8062703	483	GA
1	8062717	14	CG
1	8063441	724	CG
1	8063568	127	GA
1	8063599	31	CT
1	8064351	752	AT
1	8064815	464	AG
1	8065512	697	GA
1	8065906	394	GA
1	8067397	1491	AG
1	8067598	201	GA
1	10005226	5091	GA
1	10005442	216	AC
1	10005486	44	AT
1	10006521	715	CA
1	10008050	913	TA
1	10022956	9493	AG
1	10023457	501	TC
1	10023504	47	CT
1	10023650	146	AG
1	10024362	71	AT
1	10024394	32	CT
1	10024462	68	CT
1	10024514	52	AC
1	10024664	150	TA
1	10025271	550	CA
1	10025445	174	AG
1	10026606	346	CT
1	10026698	92	TC
1	10026881	183	CT
1	10026948	67	GT
1	10027369	198	GA
1	10027786	350	AG
1	10028117	331	AG
1	10028152	35	CG
1	10030056	1904	AG
1	10030758	702	CT
1	10030908	150	TC
1	10031284	376	CT
1	10032579	1204	CT
1	10032720	141	GA
1	10035158	1543	GT
1	10035211	53	GA
1	10035305	94	AG
1	10035463	158	CA
1	10036675	1079	AG
1	10036876	201	AC
1	10037046	170	AG
1	10038460	1317	GC
1	10039664	677	GC
1	10039689	25	TA
1	10041610	640	CT
1	10043396	119	CT
1	10043397	1	AG
1	10044356	744	CA
1	10044764	142	GA
1	10045161	297	GA
1	10045656	307	CT
1	10045681	25	TA
1	10046918	797	AG
1	10047434	516	CG
1	10047643	209	GA
1	10047659	16	CT
1	10047671	12	CT
1	10048668	377	GC
1	10048683	15	AG
1	10048726	43	AG
1	10048771	45	AG
1	10048782	11	AG
1	10048798	16	CA
1	10048900	102	AG
1	10050192	301	AG
1	10050320	128	GA
1	10051476	717	GA
1	10051484	8	CT
1	10051485	1	AG
1	10051883	398	GT
1	10051932	49	AG
1	10051940	8	AC
1	10052112	172	AT
1	10052402	290	TG
1	10052983	581	CG
1	10052995	12	CT
1	10053016	21	CT
1	10053190	174	TC
1	10053214	24	GC
1	10053259	45	GA
1	10053277	18	GA
1	10053359	82	GT
1	10053831	190	GA
1	10053956	125	AG
1	10053970	14	AG
1	10053995	25	GT
1	10054138	143	AG
1	10054484	346	GA
1	10055180	218	TC
1	10055898	644	TG
1	10056403	478	GC
1	10056426	23	GT
1	10056443	17	GC
1	10056688	245	AG
1	10056880	192	AG
1	10056957	77	GA
1	10057165	98	GA
1	10057266	101	CT
1	10057772	506	CA
1	10057800	28	AG
1	10057852	52	CT
1	10058163	311	TC
1	10058263	100	CT
1	10058607	344	AG
1	10058747	140	TC
1	10058975	228	GA
1	10059091	116	GT
1	10059126	35	GT
1	10059754	499	CT
1	10060202	448	TC
1	10060384	182	GA
1	10061248	433	AG
1	10061436	188	GC
1	10061575	139	AG
1	10061698	123	GA
1	10061739	41	AG
1	10063201	604	TC
1	10064077	225	CT
1	10064125	48	AG
1	10064255	130	TG
1	10064283	28	TC
1	10064291	8	CG
1	10064311	20	AT
1	10064331	20	TG
1	10064361	30	CT
1	10065127	393	TG
1	10065228	101	AG
1	10065399	171	TC
1	10065593	194	CG
1	10065607	14	TC
1	10065616	9	AT
1	10066311	633	AG
1	10066324	13	AG
1	10066326	2	TC
1	10066521	195	AG
1	10066543	22	GA
1	10066777	234	CT
1	10067019	160	TC
1	10067094	75	GA
1	10067705	611	CT
1	10067733	28	AG
1	10068236	445	AT
1	10068277	41	GA
1	10068300	23	AG
1	10068655	355	CT
1	10068923	268	GA
1	10069061	138	GA
1	10075058	3506	GA
1	10076873	398	AG
1	10077049	66	CT
1	10077171	122	TC
1	10077276	105	GA
1	10077437	161	CT
1	10077558	121	AG
1	10077591	33	AG
1	10077639	48	TC
1	10077813	124	TC
1	10078122	248	AG
1	10078306	184	GA
1	10078377	71	AG
1	10078524	147	AC
1	10078592	68	AG
1	10079559	678	GA
1	10079592	33	GA
1	10079605	13	TC
1	10079844	239	TC
1	10080064	220	TG
1	10080067	3	AG
1	10080166	99	AG
1	10080244	78	TG
1	10080344	100	AG
1	10080557	213	AG
1	10080850	293	AG
1	10080877	27	TC
1	10081072	166	TG
1	10081811	277	AG
1	10082657	595	GA
1	10082660	3	GA
1	10083275	116	CG
1	10083442	167	AG
1	10083570	128	CT
1	10083630	60	AG
1	10084051	96	GA
1	10086384	2333	CG
1	10089599	2836	TC
1	10090599	1000	CT
1	10091039	440	CG
1	10091367	21	AC
1	10091471	104	TC
1	10092234	763	CT
1	10092301	67	CT
1	10092506	205	AG
1	10093166	117	GA
1	10093310	144	AG
1	10093378	68	TC
1	10093633	212	TA
1	10093903	270	TC
1	10093939	36	CT
1	10094238	209	TG
1	10094731	493	CT
1	10094738	7	AG
1	10095365	277	CT
1	10095435	70	CG
1	10096027	355	TC
1	10096080	53	TC
1	10096208	128	GC
1	10096397	189	TC
1	10096826	429	GT
1	10097082	65	GA
1	10097106	24	CT
1	10097114	8	CG
1	10097276	162	TC
1	10097949	190	AG
1	10098951	609	GC
1	10098989	38	TC
1	10099012	23	TC
1	10099014	2	CT
1	10099650	245	TC
1	10100125	475	GA
1	10100274	149	GA
1	10100581	307	CG
1	10101750	880	CT
1	10101867	117	GA
1	10102956	218	CA
1	10103985	524	AG
1	10104692	707	CT
1	10104712	20	TC
1	10105326	614	GA
1	10105353	27	TC
1	10105372	19	TG
1	10105448	76	TC
1	10105465	17	TC
1	10105567	102	CT
1	10105583	16	AG
1	10105595	12	CT
1	10105787	192	CA
1	10105848	61	CT
1	10106797	949	GA
1	10107146	105	GA
1	10107949	344	CA
1	10108231	282	TC
1	10108319	88	AG
1	10108552	233	GA
1	10108694	142	AG
1	10109180	486	TC
1	10109489	309	GA
1	10109507	18	AG
1	10110215	201	CT
1	10110216	1	AG
1	10110231	15	TC
1	10110240	9	AG
1	10110387	147	TC
1	10110458	71	TC
1	10110460	2	CA
1	10110554	94	CT
1	10110805	251	CG
1	10110898	93	GT
1	10111675	604	CT
1	10111718	43	GA
1	10113147	569	CG
1	10113193	46	AC
1	10113215	22	AG
1	10113367	89	CA
1	10114335	628	CT
1	10115121	786	TC
1	10116830	996	CT
1	10121102	1948	TG
1	10121537	435	AT
1	10121635	98	GC
1	10121726	91	CT
1	10124520	2753	AG
1	10126914	2173	TC
1	10127100	186	GA
1	10127274	174	CT
1	10127354	80	TC
1	10127792	438	AG
1	10127825	33	CT
1	10127846	21	CG
1	10127854	8	GA
1	10128241	131	TC
1	10128763	522	GA
1	10128817	54	CG
1	10129128	311	GT
1	10129284	156	AC
1	10129291	7	CT
1	10129301	10	GA
1	10129460	159	CT
1	10129470	10	AC
1	10129473	3	AG
1	10129737	194	CT
1	10130757	845	GT
1	10131434	417	AT
1	10131500	66	GC
1	10131575	75	AG
1	10131705	130	GA
1	10131773	68	CA
1	10132035	262	CG
1	10132073	38	GT
1	10132161	88	AG
1	10132822	355	CT
1	10133196	374	AT
1	10133250	54	AG
1	10133380	130	CG
1	10133511	131	TC
1	10134695	299	AG
1	10137940	1264	AG
1	10138566	280	CT
1	10141694	1155	TC
1	10141711	17	AG
1	10142774	217	TG
1	10143642	347	AG
1	10144129	487	GA
1	10144239	110	GA
1	10144312	73	AC
1	10146407	1306	GA
1	10148419	1732	GA
1	10148444	25	TC
1	10153978	2571	GA
1	10155109	1131	TA
1	10159051	3293	CT
1	10159122	71	GA
1	10159125	3	CG
1	10159136	11	GC
1	10160185	989	AG
1	10161817	463	GA
1	10161871	54	GA
1	10162427	259	GA
1	10162851	424	CT
1	10165319	2432	AG
1	10165630	311	AG
1	10165635	5	AC
1	10165657	22	GA
1	10165688	31	TC
1	10166134	446	TC
1	10167775	1273	TG
1	10167782	7	TA
1	10168913	973	AG
1	10169393	480	GA
1	10171815	2140	TG
1	10173725	1018	GA
1	10175380	997	AG
1	10175621	241	GA
1	10177361	1740	TC
1	10177750	389	AG
1	10178208	458	TC
1	10178530	322	AG
1	10180574	1726	TC
1	10180972	398	GA
1	10181229	257	AC
1	10182071	657	AG
1	10182663	592	CG
1	10183247	584	CT
1	10183743	496	AG
1	10184328	585	GA
1	10185677	853	CT
1	10187640	1763	CT
1	10187650	10	TC
1	10191655	3907	TC
1	10192009	354	TC
1	10194223	1656	TA
1	10199420	4056	TC
1	10200370	675	AC
1	10200486	116	TG
1	10200504	18	AG
1	10200926	422	CA
1	10201130	204	GA
1	10202315	884	TC
1	10203438	383	GT
1	10218027	5978	GC
1	10223841	2048	TC
1	10227267	2287	GT
1	10230976	1022	CT
1	10233025	1826	GA
1	10235341	1793	CG
1	10242703	3117	CT
1	10243480	416	GA
1	10244437	648	GA
1	10247136	1308	CA
1	10249061	487	TA
1	10251421	971	AC
1	10252311	667	AG
1	10254193	826	TC
1	10255793	514	TC
1	10255813	20	TC
1	10257210	329	GC
1	10257256	46	CT
1	10260256	1476	TC
1	10260838	558	GT
1	10261858	393	GA
1	10262406	187	AG
1	10262734	328	TC
1	10267131	1456	AC
1	10268371	831	AT
1	10270958	2097	TC
1	10271549	591	GA
1	10271813	264	AC
1	10271814	1	CT
1	10275276	3317	TC
1	10275687	337	TC
1	10279160	2051	CA
1	10282174	1140	AG
1	10291902	8040	GA
1	10294280	2378	AG
1	10299020	3981	AT
1	10311217	6626	TC
1	10316502	2244	TA
1	10319242	1803	GC
1	10320254	411	AG
1	10322850	1332	CT
1	10323495	645	GA
1	10326471	2521	TC
1	10329820	3053	GC
1	10330137	230	CG
1	10330155	18	TC
1	10330178	23	AT
1	10330302	124	TC
1	10330417	115	GA
1	10330422	5	CA
1	10330552	130	GA
1	10330729	177	AG
1	10331040	311	AG
1	10331342	302	GA
1	10331740	398	CT
1	10333643	1377	CT
1	10334001	358	AC
1	10336086	1351	GT
1	10336097	11	GT
1	10336380	283	GA
1	10336421	41	GC
1	10336458	37	GT
1	10336515	57	GA
1	10336520	5	CT
1	10336545	25	GA
1	10337033	488	GA
1	10337163	130	GA
1	10353434	10820	AC
1	10368355	11398	CT
1	10368977	622	TC
1	10370501	974	GA
1	10370746	245	AG
1	10370921	175	CT
1	10371310	389	TC
1	10372347	1037	CT
1	10373523	1145	GA
1	10373560	37	AG
1	10373685	125	GT
1	10374563	878	TA
1	10374564	1	CA
1	10376173	1057	AG
1	10376509	134	GC
1	10376956	447	CG
1	10377189	233	TA
1	10377200	11	AG
1	10377563	363	TC
1	10377570	7	CT
1	10378136	537	GA
1	10378288	152	TC
1	10378292	4	GA
1	10378694	364	GA
1	10378709	15	GA
1	10379190	377	AG
1	10381078	1696	GC
1	10381351	273	CT
1	10394570	8785	CT
1	10398675	3322	AG
1	10398926	251	AG
1	10399291	261	TG
1	10400438	1147	GC
1	10401872	1434	GC
1	10401961	89	AG
1	10402003	42	CT
1	10402198	195	GA
1	10403108	910	TC
1	10403264	156	TC
1	10403647	383	CT
1	10404017	370	GA
1	10405272	847	CT
1	10405282	10	AG
1	10406282	687	TA
1	10406632	350	CG
1	10406635	3	CT
1	10407072	242	TC
1	10407727	580	AC
1	10407781	54	GC
1	10408027	246	CT
1	10408068	41	TC
1	10409601	1294	GA
1	10409765	164	AG
1	10410253	488	CT
1	10410559	306	TC
1	10410561	2	GA
1	10411179	385	AG
1	10412959	1146	GA
1	10413994	823	AC
1	10414099	105	GA
1	10414323	106	CT
1	10414671	348	GA
1	10414858	187	CG
1	10415098	240	CT
1	10415901	803	GT
1	10416114	213	CT
1	10419334	2195	AG
1	10419570	236	AG
1	10420241	184	GC
1	10420886	645	TC
1	10421292	406	AC
1	10422875	1364	GC
1	10423436	561	AG
1	10428490	4120	CA
1	10428917	373	CT
1	10429010	93	GC
1	10429139	129	GA
1	10429377	131	GA
1	10429538	119	TC
1	10431488	491	GC
1	10431828	340	GA
1	10431959	131	CT
1	10432313	354	TC
1	10432525	212	CT
1	10432602	77	GC
1	10432693	91	GC
1	10432749	56	AC
1	10432802	53	AG
1	10432803	1	GC
1	10433132	198	CT
1	10433220	88	CA
1	10433315	19	AG
1	10433443	128	TA
1	10433581	138	CT
1	10433667	86	GT
1	10433694	27	AG
1	10433723	29	AG
1	10433735	12	CT
1	10433805	70	CT
1	10433920	115	GA
1	10433997	77	AC
1	10434436	353	TG
1	10434438	2	CT
1	10438097	455	AC
1	10440430	248	GA
1	10440678	248	CG
1	10440686	8	CT
1	10441254	196	TC
1	10441436	182	AG
1	10441447	11	CA
1	10441648	201	CT
1	10441806	158	CT
1	10443011	1205	AG
1	10443196	185	TC
1	10443273	77	AG
1	10443274	1	AC
1	10443939	665	CT
1	10444001	62	CT
1	10445900	1769	GA
1	10446481	581	GA
1	10448800	2165	AG
1	10448807	7	GT
1	10448809	2	AG
1	10448925	116	TA
1	10448975	50	GA
1	10449028	53	AG
1	10449058	30	CT
1	10449059	1	AG
1	10449270	211	TC
1	10449290	20	TA
1	10449305	15	GA
1	10449372	67	AG
1	10449497	125	AG
1	10455758	3702	CG
1	10455888	130	GA
1	10455988	100	TC
1	10456888	809	TC
1	10457045	157	TG
1	10457547	336	TC
1	10457981	434	CT
1	10458242	261	TC
1	10458295	53	GA
1	10458347	52	AG
1	10458418	71	GA
1	10458520	102	GA
1	10458574	54	TC
1	10458602	28	AG
1	10458919	317	GA
1	10459223	304	TC
1	10459319	96	CT
1	10459341	22	TG
1	10459367	26	GC
1	10459376	9	CG
1	10459460	84	GA
1	10459472	12	AG
1	10459576	104	GA
1	10460039	265	GC
1	10461428	1232	GC
1	10464511	2382	CT
1	10473900	8825	TC
1	10475595	1652	AC
1	10475692	97	TC
1	10476531	839	GA
1	10478243	1663	CG
1	10478428	185	TC
1	10479357	653	GT
1	10480147	287	AG
1	10480488	261	CT
1	10480715	227	GA
1	10480989	274	CG
1	10480997	8	GA
1	10481026	29	AG
1	10481095	69	CT
1	10481187	92	AC
1	10483456	2062	AG
1	10484466	1010	AC
1	10489218	3391	CT
1	10489586	368	AG
1	10492950	2917	GT
1	10496670	3012	GA
1	10498427	1417	CG
1	10499692	946	CG
1	10500637	874	TC
1	10501651	920	TC
1	10502180	529	CT
1	10502454	274	AG
1	10503229	740	TC
1	10503698	469	GA
1	10504831	831	GA
1	10505301	470	AC
1	10507181	1365	AG
1	10507279	98	GA
1	10507447	168	TC
1	10510016	244	GA
1	10510028	12	GA
1	10510110	82	CA
1	10510727	384	TG
1	10511983	1256	CT
1	10517508	1829	GA
1	10519084	1395	TC
1	10521650	1588	CT
1	10522984	1334	TC
1	10524128	600	AG
1	10524558	60	TC
1	10525151	324	CG
1	10525199	48	TA
1	10525270	71	AG
1	10525655	115	CA
1	10527825	2001	GC
1	10528276	451	CA
1	10529931	1099	GC
1	10531547	1557	CT
1	10532863	1291	AC
1	10532864	1	CT
1	10533363	499	AG
1	10533420	57	CT
1	10533501	81	GA
1	10533714	213	GA
1	10534688	974	CT
1	10534816	128	TC
1	10534994	178	GC
1	10535008	14	AT
1	10535511	503	CT
1	10535609	98	GA
1	10536252	361	AG
1	10536276	24	GA
1	10536624	348	AG
1	10537238	614	GA
1	10537857	366	TC
1	10538482	492	AG
1	10538997	515	AG
1	10541085	396	CT
1	10541439	354	GA
1	10542730	1291	CT
1	10543624	588	CT
1	10543640	16	TC
1	10543702	62	CT
1	10545245	939	TC
1	10546075	791	GT
1	10547895	666	TA
1	10550086	654	AG
1	10550129	43	GA
1	10550210	81	GT
1	10551398	736	TC
1	10552010	612	GT
1	10553825	959	GA
1	10554816	413	TG
1	10554874	58	CT
1	10555174	300	CG
1	10556245	1071	AG
1	10557228	872	GT
1	10557615	387	TC
1	10558069	454	AG
1	10560694	997	AG
1	10564757	2087	CT
1	10566633	1803	GA
1	10569904	2276	GT
1	10570708	758	CA
1	10571639	931	TC
1	10572284	479	CT
1	10575588	3024	CT
1	10576014	426	GA
1	10576139	125	TC
1	10576699	560	CT
1	10576738	39	GA
1	10577511	773	TC
1	10577512	1	GC
1	10577545	33	TC
1	10577683	138	CA
1	10577801	118	CT
1	10577965	164	CT
1	10578028	63	GC
1	10578055	27	TC
1	10578427	338	TC
1	10578521	94	CT
1	10578530	9	TC
1	10578618	88	GA
1	10578638	20	TC
1	10578669	31	TC
1	10578773	104	CT
1	10579201	388	TC
1	10579886	639	CA
1	10580174	288	GT
1	10580234	60	CT
1	10580488	254	GA
1	10580568	80	GA
1	10580606	38	CT
1	10580964	358	CT
1	10588061	5315	GC
1	10589863	1459	AC
1	10590119	256	AG
1	10590120	1	GT
1	10590150	30	TA
1	10590175	25	AG
1	10590197	22	TC
1	10590536	339	CT
1	10590668	132	AG
1	10591222	106	CT
1	10591656	434	CT
1	10591661	5	AG
1	10591730	69	CG
1	10591817	87	TC
1	10591888	71	TG
1	10591907	19	AG
1	10591921	14	CT
1	10591934	13	GA
1	10592268	334	AG
1	10592361	93	TC
1	10592373	12	GA
1	10592486	113	CT
1	10592487	1	CG
1	10592511	24	CT
1	10592592	81	AG
1	10592901	309	GA
1	10592907	6	CT
1	10593149	242	CG
1	10593317	81	CT
1	10600901	4815	AG
1	10600910	9	TC
1	10601197	287	CT
1	10601214	17	AT
1	10601320	106	TC
1	10601328	8	TG
1	10601411	83	GA
1	10601569	158	TG
1	10601829	260	AG
1	10602064	235	GA
1	10602122	58	GC
1	10602467	306	CA
1	10602886	419	CT
1	10603024	138	AG
1	10603057	33	TC
1	10603629	57	TC
1	10603630	1	GA
1	10603655	25	TC
1	10603870	215	TC
1	10603914	44	GA
1	10604543	607	AG
1	10604549	6	TC
1	10604754	205	GA
1	10605122	315	TA
1	10605691	569	GA
1	10606822	1131	AG
1	10607172	350	CT
1	10607601	352	TC
1	10607623	22	GA
1	10607723	100	GA
1	10607725	2	GC
1	10608923	616	GA
1	10608984	61	GA
1	10608997	13	AG
1	10609007	10	GA
1	10610150	1143	AG
1	10610183	33	GA
1	10610305	122	GC
1	10610443	138	TC
1	10610449	6	TC
1	10611055	300	AG
1	10611058	3	AG
1	10611237	179	AG
1	10611342	105	CT
1	10611371	29	TC
1	10611387	16	GA
1	10611445	58	GC
1	10611474	29	TC
1	10611478	4	CT
1	10611667	189	CT
1	10611723	56	CT
1	10611730	7	GC
1	10611769	39	TC
1	10612257	422	TG
1	10612797	540	GA
1	10613476	425	AG
1	10613522	46	AG
1	10613540	18	CT
1	10613911	113	GA
1	10614007	96	CT
1	10614017	10	GA
1	10614232	215	CG
1	10614534	302	CT
1	10614648	114	AG
1	10614668	20	CT
1	10614751	83	GT
1	10615244	408	GA
1	10615250	6	TC
1	10615258	8	CT
1	10615596	137	GA
1	10615848	218	GA
1	10616107	259	GA
1	10616113	6	GA
1	10616526	413	GC
1	10616761	235	GC
1	10616794	33	CT
1	10617406	612	AT
1	10617407	1	TA
1	10617851	444	CT
1	10618348	451	GC
1	10618424	76	CT
1	10618579	155	CT
1	10618711	132	TA
1	10618767	56	TC
1	10618773	6	TC
1	10619432	659	TA
1	10619436	4	CT
1	10619705	269	GT
1	10619761	56	TC
1	10619840	79	AG
1	10619936	96	CG
1	10620087	151	CT
1	10620380	293	CT
1	10620450	70	CT
1	10621217	135	CT
1	10621595	378	GA
1	10621946	260	TG
1	10622086	86	GC
1	10622385	299	GA
1	10622444	59	CA
1	10622953	509	GA
1	10623471	518	TC
1	10623502	31	CT
1	10623767	265	CT
1	10624567	679	AG
1	10624756	189	AG
1	10624815	59	GA
1	10624971	156	AG
1	10625234	263	AG
1	10625521	287	GA
1	10625661	140	GT
1	10626041	264	TC
1	10626492	440	AT
1	10627809	939	TC
1	10627848	39	TC
1	10628336	454	CG
1	10628384	48	AT
1	10628725	263	AT
1	10629398	673	TC
1	10629410	12	TC
1	10630227	817	AC
1	10630292	65	CG
1	10630317	25	GC
1	10630342	25	AG
1	10633991	3459	TC
1	10634938	947	CT
1	10635031	93	TC
1	10635813	747	TC
1	10636489	603	GA
1	10638005	1352	TC
1	10639669	1233	AG
1	10640149	480	GA
1	10640188	39	GC
1	10641048	860	AG
1	10642063	1015	CG
1	10642344	281	TC
1	10643951	1448	AG
1	10645625	1597	GA
1	10645714	89	CT
1	10698942	49914	CG
1	10699064	122	AG
1	10699217	153	GA
1	10700552	1265	GA
1	10700868	316	AG
1	10700919	51	CT
1	10701016	97	GA
1	10701029	13	GA
1	10701035	6	AG
1	10701112	77	TC
1	10701246	134	GA
1	10703095	1849	CG
1	10703148	53	GA
1	10703584	389	CG
1	10705168	1326	TG
1	10705606	438	TC
1	10706579	812	TC
1	10707469	582	CG
1	10710206	2545	AT
1	10710321	115	TC
1	10711719	1365	AG
1	10712425	706	GT
1	10714266	1786	GA
1	10717103	2721	GC
1	10717617	514	GT
1	10717648	31	TG
1	10718545	897	CT
1	10718659	114	TC
1	10718696	37	TC
1	10718769	73	GT
1	10719116	347	CT
1	10719232	116	AG
1	10719336	104	GA
1	10719357	21	CT
1	10719386	29	TC
1	10719407	21	TC
1	10719414	7	GC
1	10719679	265	AG
1	10719996	317	TG
1	10720046	50	CT
1	10720515	469	GA
1	10720679	164	TG
1	10720764	85	CT
1	10720780	16	GA
1	10720884	104	GA
1	10720914	30	AG
1	10720996	82	CT
1	10721452	456	TC
1	10722514	1062	AG
1	10722701	187	GA
1	10726150	2344	AG
1	10726616	466	CT
1	10726635	19	CT
1	10726808	173	CT
1	10727117	309	CT
1	10727462	345	TC
1	10728315	521	TC
1	10729237	660	GC
1	10729305	68	AC
1	10729327	22	GC
1	10730164	775	GA
1	10731118	928	GA
1	10733143	1793	CT
1	10734344	966	CT
1	10735290	946	GA
1	10735295	5	AG
1	10736484	830	AG
1	10736798	314	CT
1	10736919	121	TC
1	10736987	68	GA
1	10738109	1083	TC
1	10740848	1745	AC
1	10741065	217	GA
1	10741451	386	CT
1	10746294	1036	CT
1	10746723	429	GC
1	10748384	1292	CT
1	10748600	216	GA
1	10748694	39	GA
1	10748754	60	TC
1	10749338	98	TC
1	10749461	123	CT
1	10749957	227	AG
1	10750126	169	AG
1	10750216	90	AG
1	10750954	706	GA
1	10751072	118	AG
1	10751087	15	GA
1	10751219	132	TG
1	10754260	2131	TC
1	10758159	3060	TC
1	10760879	1524	GA
1	10765071	3152	AG
1	10769819	4703	CT
1	10771537	1718	CA
1	10774697	2557	TC
1	10777973	2895	TC
1	10778752	230	TC
1	10779935	554	TC
1	10780061	126	GC
1	10787800	4745	AG
1	10787885	85	AG
1	10788038	153	GA
1	10788108	70	AG
1	10788563	455	GA
1	10788903	340	TC
1	10789652	412	CT
1	10794704	2184	TC
1	10802607	4320	TC
1	10805520	1916	TC
1	10808625	2139	TC
1	10808748	123	AG
1	10809561	705	AG
1	10809690	129	GA
1	10809793	103	AG
1	10810101	308	AG
1	10813772	3077	AG
1	10815519	1697	AG
1	10815672	153	TC
1	10815681	9	CA
1	10816163	482	AG
1	10816690	527	GA
1	10817681	991	GA
1	10817701	20	CT
1	10817702	1	AG
1	10818816	546	GA
1	10819274	421	TC
1	10819968	694	CT
1	10819999	31	GA
1	10820284	285	CT
1	10820477	193	GA
1	10820836	359	CT
1	10820956	120	CT
1	10821151	195	GA
1	10821172	21	CT
1	10821661	489	TC
1	10822586	925	GA
1	10823531	945	AG
1	10823716	185	GA
1	10824545	627	TC
1	10825004	434	AG
1	10825719	529	AG
1	10825787	68	AG
1	10827084	792	CT
1	10827106	22	GA
1	10827390	206	AG
1	10827692	302	AG
1	10827774	82	CT
1	10827871	97	AC
1	10827881	10	CT
1	10828712	705	TG
1	10828808	96	AG
1	10829150	342	CT
1	10829373	223	TC
1	10829487	114	AG
1	10829731	244	CT
1	10830018	287	GA
1	10830272	254	GA
1	10830309	37	TC
1	10830395	86	CT
1	10830406	11	AC
1	10831294	533	GC
1	10831934	400	TG
1	10831974	40	TC
1	10832094	120	AG
1	10832115	21	TG
1	10832157	42	TC
1	10832337	180	AG
1	10832394	57	AC
1	10832395	1	GT
1	10832685	290	GA
1	10833003	318	CT
1	10833020	17	TA
1	10833114	94	TC
1	10833122	8	TA
1	10833189	67	GA
1	10833321	132	GC
1	10833358	37	TC
1	10833536	178	AG
1	10833575	39	GA
1	10833626	51	TC
1	10833800	174	GA
1	10833828	28	GC
1	10833882	54	CA
1	10833912	30	CT
1	10833915	3	GA
1	10834168	253	AC
1	10834341	173	CT
1	10834458	117	AG
1	10834479	21	GA
1	10834512	33	TG
1	10834531	19	CT
1	10834553	22	GA
1	10835448	895	TC
1	10835771	323	GA
1	10836180	409	TC
1	10836305	125	TC
1	10836476	171	TC
1	10836546	70	CT
1	10836628	82	GA
1	10836846	218	CT
1	10836847	1	AG
1	10837680	798	AG
1	10837855	175	AC
1	10837866	11	AG
1	10837941	75	TC
1	10838063	122	AG
1	10838266	203	AG
1	10838813	547	TC
1	10839235	422	AG
1	10839535	300	GA
1	10839582	47	CT
1	10839909	327	TC
1	10840154	245	CT
1	10840169	15	AC
1	10840170	1	GA
1	10840403	233	TC
1	10840645	242	GA
1	10841071	426	TC
1	10841206	135	AG
1	10842071	723	AG
1	10844258	2187	TC
1	10846130	1872	AG
1	10847124	994	AG
1	10847173	49	AC
1	10847203	30	GC
1	10847413	210	CT
1	10848263	570	GA
1	10848311	48	AG
1	10850407	1797	GA
1	10850856	449	GA
1	10851004	148	CT
1	10853142	2020	AG
1	10853554	202	AC
1	10854297	743	TG
1	10856695	721	TC
1	10856739	44	CT
1	10856973	234	TC
1	10857025	52	CG
1	10857094	69	AG
1	10857175	81	AG
1	10857601	426	TC
1	10857651	50	TC
1	10858319	668	GA
1	10858523	130	TC
1	10859007	237	AC
1	10862279	769	AG
1	10862618	339	TG
1	10863684	452	CT
1	10863758	74	AT
1	10863855	65	AG
1	10864417	516	TA
1	10864701	284	TC
1	10864718	17	TC
1	10864781	63	CT
1	10864995	197	CT
1	10865021	26	CG
1	10865145	124	AG
1	10865417	272	AG
1	10865768	351	AG
1	10865879	111	CT
1	10865910	31	TC
1	10865922	12	CT
1	10865999	77	TC
1	10866003	4	CT
1	10866500	497	TC
1	10866630	130	GC
1	10866668	38	TC
1	10868725	1891	AC
1	10868732	7	GA
1	10871123	2016	CT
1	10873707	829	CT
1	10873765	58	GA
1	10874160	282	GA
1	10874206	46	CT
1	10878568	2833	TC
1	10881747	2568	GA
1	10882209	462	GA
1	10883341	725	CT
1	10883371	30	TG
1	10884087	386	GA
1	10884697	610	GA
1	10885995	1171	TC
1	10886046	51	CT
1	10886360	314	GA
1	10886376	16	TC
1	10886463	87	TG
1	10887006	232	GA
1	10887350	202	AG
1	10887742	256	TG
1	10888079	337	CT
1	10888339	260	AG
1	10889517	991	CA
1	10889861	344	GA
1	10890483	125	GA
1	10890845	362	AG
1	10891062	217	AG
1	10894024	1951	GA
1	10901176	571	GA
1	10901247	71	CT
1	10902338	487	GT
1	10902543	205	CT
1	10902604	61	TC
1	10903443	508	CT
1	10903547	104	CT
1	10903596	49	TA
1	10903653	57	AG
1	10903764	111	GA
1	10904062	298	AG
1	10907082	2847	TC
1	10908672	1590	CT
1	10910510	1758	GT
1	10913550	2982	GT
1	10916054	2237	AG
1	10916117	63	GC
1	10916580	463	AG
1	10916670	90	GA
1	10918942	2100	GT
1	10921167	2193	TC
1	10921774	476	CT
1	10921903	129	GA
1	10924086	2040	GA
1	10924213	70	TG
1	10924937	691	TG
1	10925145	208	GC
1	10926086	941	GA
1	10926733	528	AG
1	10931804	2675	TC
1	10957153	6612	GA
1	10958292	220	GT
1	10958839	340	GA
1	10958917	78	GC
1	10959130	173	TC
1	10959845	381	CG
1	10962233	2176	CT
1	10963673	1356	GC
1	10963753	80	TC
1	10964423	531	TC
1	10964484	61	TA
1	10964602	118	TC
1	10968942	4024	TC
1	10969354	412	CG
1	10969372	18	AT
1	10969519	147	GA
1	10969592	73	GT
1	10969602	10	GT
1	10970196	568	GA
1	10971683	1444	AC
1	10972651	887	CT
1	10974096	802	TC
1	10974569	473	AG
1	10974644	75	AG
1	10974685	41	AC
1	10974902	217	TC
1	10977496	2550	AG
1	10978973	1334	CT
1	10980226	1226	AG
1	10980291	65	GC
1	10981111	820	TC
1	10981686	575	AG
1	10981761	75	CA
1	10983052	1234	TC
1	10983785	733	TC
1	10983858	73	AG
1	10986090	2232	CG
1	10986128	38	TC
1	10988844	2457	CT
1	10989890	868	AG
1	10990284	394	GA
1	10990856	572	GA
1	10991192	336	AT
1	10992025	688	GA
1	10992162	137	AG
1	10992312	150	GA
1	10992366	54	TC
1	10992557	191	TA
1	10993279	682	GA
1	10993547	268	CT
1	10993625	78	CT
1	10993677	52	GC
1	10993799	122	CG
1	10993837	38	AG
1	10994288	451	GA
1	10994332	44	CT
1	10996368	1511	TC
1	10996862	397	GA
1	10997056	194	CT
1	10997743	194	TC
1	10997942	199	AG
1	10999913	1575	GA
1	10999916	3	GT
1	11002190	2161	GT
1	11002780	590	CT
1	11002983	203	AG
1	11005618	2167	TC
1	11005674	56	GC
1	11005727	53	CT
1	11005850	123	TC
1	11006511	632	TG
1	11008402	734	GC
1	11009585	839	CT
1	11010964	983	AG
1	11010965	1	AG
1	11011136	171	GA
1	11011192	56	GC
1	11011223	31	CT
1	11011789	463	AG
1	11011796	7	TA
1	11011804	8	AG
1	11011860	56	GA
1	11011878	18	CT
1	11014890	1176	AG
1	11014928	38	TC
1	11015419	433	TC
1	11015984	565	GC
1	11016085	101	TC
1	11016331	117	CT
1	11016606	275	AG
1	11016625	19	CG
1	11016666	41	AC
1	11016758	92	AG
1	11017159	401	TC
1	11017799	597	CG
1	11021090	2725	AC
1	11022298	1208	CT
1	11024645	2347	CT
1	11027875	3152	CT
1	11027942	67	TC
1	11028317	375	TC
1	11028620	303	TA
1	11028902	282	AG
1	11028907	5	TC
1	11029961	641	GA
1	11030262	301	CT
1	11030409	147	CT
1	11030442	33	AG
1	11030704	127	CA
1	11030846	142	AT
1	11031432	586	TC
1	11031847	415	CT
1	11031868	21	CT
1	11031902	34	GA
1	11032008	106	GA
1	11032319	196	CT
1	11032731	308	AG
1	11033118	387	CT
1	11033266	148	GA
1	11033902	636	CA
1	11034030	128	TC
1	11034579	549	GC
1	11034959	380	AG
1	11036116	1098	GA
1	11039944	3488	CT
1	11039989	45	TC
1	11041065	910	GA
1	11041764	616	AC
1	11049027	2372	CA
1	11050174	965	CT
1	11050841	667	GA
1	11052547	1655	AG
1	11053231	642	AG
1	11053263	32	AT
1	11053267	4	TC
1	11053984	691	TC
1	11054022	38	AC
1	11054558	536	CT
1	11054999	441	CT
1	11055067	22	AG
1	11055115	48	CT
1	11055127	12	TC
1	11055146	19	GC
1	11055152	6	CT
1	11055364	212	AG
1	11055443	79	AG
1	11055730	287	GT
1	11056045	315	CT
1	11056231	186	GA
1	11056282	51	CA
1	11056401	119	CT
1	11056421	20	CT
1	11056449	28	CT
1	11060048	3363	AG
1	11060405	357	AC
1	11060717	312	AG
1	11062420	1510	AC
1	11062611	191	TC
1	11063196	550	GA
1	11063433	237	GA
1	11063484	51	AG
1	11063517	33	AG
1	11063583	66	AC
1	11063709	126	CT
1	11063869	160	TG
1	11064099	180	CT
1	11064311	212	GA
1	11064349	38	TA
1	11064493	144	TC
1	11064552	59	TC
1	11064567	15	TC
1	11064829	262	GC
1	11064831	2	CT
1	11064872	41	AG
1	11064933	61	CT
1	11065171	238	GC
1	11065293	122	AG
1	11065486	193	GC
1	11073403	2967	TG
1	11073667	101	CT
1	11073716	49	CG
1	11073774	58	AT
1	11074340	191	TC
1	11074358	18	TC
1	11074751	393	CT
1	11074992	241	GA
1	11075027	35	CT
1	11075317	290	TC
1	11075335	18	TC
1	11075419	84	AG
1	11075926	507	TC
1	11075952	26	CT
1	11075957	5	AG
1	11076077	120	TC
1	11076081	4	GC
1	11076147	66	TC
1	11076556	409	TG
1	11076621	65	GA
1	11076920	299	CT
1	11077010	90	CT
1	11077467	457	AG
1	11077581	114	CT
1	11079248	1090	AG
1	11079268	20	TC
1	11080098	736	CT
1	11080171	73	CT
1	11080525	62	CA
1	11080573	48	GA
1	11080635	62	TC
1	11080690	55	CG
1	11080893	203	GA
1	11082409	1305	TC
1	11082420	11	CT
1	11082462	42	TC
1	11082496	34	CT
1	11082501	5	TC
1	11082585	84	AG
1	11082588	3	TC
1	11082630	42	CA
1	11082811	181	TC
1	11095954	11472	TC
1	11096619	552	TG
1	11100895	4177	GC
1	11106171	4581	AG
1	11111604	4551	AT
1	11111615	11	AC
1	11141338	16735	AG
1	11145313	3680	TA
1	11146387	1074	TC
1	11149331	2321	GC
1	11149356	25	TG
1	11150670	1213	AG
1	11153803	2457	GA
1	11175699	19166	GT
1	11179719	3776	GC
1	11180647	805	CG
1	11180858	211	AG
1	11180963	105	CT
1	11181040	77	CG
1	11181549	414	AG
1	11181903	354	CG
1	11181935	32	AC
1	11183246	901	GA
1	11184876	1592	GA
1	11185036	160	TC
1	11185038	2	TC
1	11185054	16	AT
1	11185145	91	TC
1	11185147	2	GA
1	11186287	610	AG
1	11186320	33	CT
1	11186497	177	AG
1	11186637	140	CT
1	11186713	76	TC
1	11186915	202	AG
1	11186917	2	AG
1	11186991	74	GA
1	11187176	185	TC
1	11187270	94	AG
1	11187490	190	AG
1	11187546	56	TC
1	11187570	24	CT
1	11187591	21	TC
1	11187598	7	GA
1	11187636	38	TC
1	11187775	139	GC
1	11187830	55	GA
1	11187836	6	TC
1	11188108	272	CT
1	11188109	1	AG
1	11188113	4	AG
1	11188151	38	TC
1	11188231	80	GA
1	11188410	179	AG
1	11188453	43	AG
1	11188941	322	CG
1	11188955	14	CA
1	11189333	378	GA
1	11189402	69	GT
1	11189502	100	CT
1	11189626	124	CG
1	11189743	117	TC
1	11189801	58	TC
1	11190396	155	CT
1	11190414	18	GA
1	11190787	44	CT
1	11190849	62	CT
1	11190856	7	TA
1	11190907	51	AG
1	11190951	44	TC
1	11191016	65	CA
1	11191036	20	TC
1	11191492	456	TC
1	11191958	466	AC
1	11192089	131	GA
1	11192207	118	GA
1	11192494	287	GA
1	11192573	79	GC
1	11192615	42	CG
1	11192757	142	TC
1	11192805	48	AC
1	11192986	181	TA
1	11193001	15	GA
1	11193020	19	AT
1	11193033	13	CT
1	11193155	122	GA
1	11193268	113	GA
1	11193479	211	CA
1	11194544	743	CT
1	11195925	1381	GA
1	11196033	108	GC
1	11197054	1021	TA
1	11197632	578	CT
1	11197881	249	GC
1	11197883	2	CT
1	11197991	108	GA
1	11198199	208	CT
1	11198249	50	TC
1	11198310	61	CT
1	11200297	1883	CT
1	11200298	1	TG
1	11200814	368	TC
1	11200915	101	TC
1	11200916	1	GA
1	11201067	151	AG
1	11201876	554	TC
1	11202734	858	TC
1	11202909	175	TC
1	11203701	705	GT
1	11203991	195	CT
1	11204002	11	AT
1	11205234	1100	TC
1	11206202	968	GA
1	11206265	63	GA
1	11206327	62	AG
1	11206380	53	AG
1	11206384	4	AC
1	11206590	142	GA
1	11206610	20	CT
1	11206922	312	AG
1	11207053	94	TC
1	11207889	283	AG
1	11207957	68	TC
1	11208001	44	AC
1	11208019	18	GA
1	11208076	57	CA
1	11208661	585	AG
1	11208762	101	TC
1	11208822	60	GA
1	11209336	514	TC
1	11210126	509	GA
1	11210252	126	CT
1	11210306	54	AG
1	11210566	173	CA
1	11210708	105	CG
1	11211165	457	AC
1	11211960	596	GA
1	11213290	1330	AG
1	11215369	1926	AG
1	11215564	195	GC
1	11219450	3301	TC
1	11219946	496	AG
1	11223785	3672	GA
1	11230363	5033	TC
1	11231039	135	GA
1	11231758	719	GA
1	11231759	1	CT
1	11231870	111	CT
1	11231946	76	AG
1	11232024	78	TC
1	11232255	231	CT
1	11235686	3206	CT
1	11236186	500	AG
1	11236470	284	TA
1	11236997	527	TC
1	11238976	1938	GA
1	11240083	1036	GA
1	11241937	1447	TA
1	11241988	51	AC
1	11244665	1900	GA
1	11244695	30	GC
1	11244701	6	AG
1	11244743	42	GA
1	11244755	12	CT
1	11245137	84	CG
1	11248715	2887	CT
1	11248852	137	AC
1	11249637	724	TC
1	11249867	230	AG
1	11250745	811	GA
1	11251255	510	GA
1	11251352	97	TC
1	11251353	1	GA
1	11251359	6	CG
1	11255487	3233	AG
1	11256095	562	TC
1	11261476	4474	CT
1	11261543	67	CT
1	11262169	296	CT
1	11262637	468	CT
1	11263343	706	CT
1	11263860	517	GA
1	11263952	92	AG
1	11265462	1010	AG
1	11266867	1233	CT
1	11266992	125	GA
1	11267829	837	CT
1	11268775	614	GA
1	11269222	447	TC
1	11270278	829	CT
1	11270630	352	GA
1	11270669	39	TC
1	11270995	326	CG
1	11271028	33	GA
1	11271083	55	AT
1	11271226	143	AT
1	11271429	203	AG
1	11271559	130	AG
1	11271992	75	CT
1	11272206	214	GA
1	11273947	969	TC
1	11274423	476	AG
1	11274545	122	AG
1	11274716	171	TC
1	11275168	421	GA
1	11275564	396	AG
1	11276158	594	TC
1	11278341	1536	CT
1	11278507	166	AT
1	11278511	4	TC
1	11278778	267	TC
1	11278792	14	AG
1	11279163	371	GT
1	11279293	130	AG
1	11279336	43	CT
1	11279619	283	TC
1	11280292	673	AG
1	11280344	52	TC
1	11280361	17	TC
1	11280428	67	CG
1	11280920	389	GA
1	11281172	252	GA
1	11282501	1029	AG
1	11282868	367	AG
1	11283504	636	TC
1	11283556	52	TC
1	11283853	152	TC
1	11284947	1094	AG
1	11285020	73	TC
1	11285733	666	CT
1	11285862	129	CG
1	11286596	475	CT
1	11287118	522	AG
1	11287969	851	GT
1	11289432	620	AG
1	11289620	188	GC
1	11291096	1476	GA
1	11291341	245	CT
1	11291373	32	AC
1	11291758	385	TC
1	11295535	3346	AT
1	11300907	4488	AG
1	11301753	846	TC
1	11301926	173	CT
1	11302972	1046	CT
1	11305460	1835	CT
1	11305535	75	CT
1	11305899	251	CG
1	11306999	1100	CG
1	11308036	664	GA
1	11308697	377	TC
1	11308794	97	TG
1	11309127	333	TC
1	11310246	559	TC
1	11310440	147	TC
1	11310602	162	CT
1	11310677	75	TC
1	11310756	79	TC
1	11311020	264	GA
1	11311226	206	TC
1	11312396	1170	AT
1	11312793	152	GA
1	11313606	705	CT
1	11314357	751	AG
1	11315880	1500	GA
1	11317744	1252	TG
1	11319981	1545	CA
1	11321090	488	TC
1	11321145	55	CT
1	11324602	3117	AG
1	11325375	603	GA
1	11326921	1167	AT
1	11329122	892	CG
1	11330446	1209	AG
1	11330491	9	AG
1	11330562	71	AG
1	11330740	178	GA
1	11333082	2012	CT
1	11335905	2772	CT
1	11338445	2118	AG
1	11338709	264	GA
1	11339865	867	CT
1	11340529	664	CT
1	11342889	2182	CT
1	11344162	1131	TC
1	11345239	920	TC
1	11346836	1510	TG
1	11350453	2098	AG
1	11350711	258	TC
1	11351289	578	GA
1	11352238	928	CT
1	11352411	173	CT
1	11352539	128	CT
1	11352675	136	CT
1	11353092	417	CA
1	11353157	65	TC
1	11353241	84	GA
1	11353353	112	TC
1	11353354	1	GA
1	11353800	446	GA
1	11354343	543	AG
1	11357250	2275	CT
1	11357714	464	GA
1	11359965	1881	AC
1	11361093	1128	AC
1	11361843	750	GA
1	11362956	1113	TC
1	11363121	165	AG
1	11365668	1262	AG
1	11367700	1713	GT
1	11367885	185	AG
1	11371078	2921	AG
1	11372654	1190	AG
1	11373744	901	AG
1	11373996	252	AG
1	11374134	138	GA
1	11378590	3996	AG
1	11378665	75	TG
1	11380144	1393	TG
1	11380445	301	GT
1	11380939	410	TC
1	11382559	1412	AG
1	11382574	15	GC
1	11382604	30	AG
1	11383038	434	CT
1	11383259	221	GC
1	11384091	499	TG
1	11384169	78	AC
1	11384842	673	CG
1	11384914	72	TC
1	11386151	1237	AG
1	11386190	39	TC
1	11386473	283	GA
1	11386482	9	AG
1	11386531	49	AG
1	11386533	2	AC
1	11386582	49	CA
1	11386669	87	TC
1	11386863	194	CG
1	11386867	4	AG
1	11386869	2	AG
1	11386915	46	CT
1	11387072	157	TC
1	11387371	299	CT
1	11388221	502	TC
1	11388234	13	GA
1	11388425	191	AG
1	11388770	345	TG
1	11389782	759	TC
1	11392009	2180	CT
1	11394218	1885	CT
1	11399428	4677	TC
1	11409733	6911	CG
1	11409932	199	AG
1	11411804	460	TC
1	11411955	151	TC
1	11413034	668	GA
1	11415558	1824	GA
1	11416926	1190	AC
1	11418888	1220	AG
1	11419776	869	CT
1	11425059	3549	CT
1	11431984	5394	AG
1	11432579	595	AG
1	11432710	131	GA
1	11432717	7	GC
1	11432866	149	TA
1	11433809	943	CT
1	11434549	693	CT
1	11435064	515	CT
1	11435355	291	TC
1	11435470	115	AG
1	11435759	289	AG
1	11436584	558	CT
1	11437628	374	GA
1	11437846	218	CT
1	11438530	583	CG
1	11439169	276	GA
1	11439301	132	AG
1	11439774	473	AG
1	11443233	2567	AG
1	11447764	3318	GT
1	11448359	595	GA
1	11448724	365	TG
1	11453853	4544	CG
1	11456466	2574	TC
1	11459233	2207	AG
1	11462720	3487	AG
1	11462942	222	CG
1	11471208	7152	TC
1	11471783	575	TG
1	11471784	1	CT
1	11471951	167	GT
1	11472175	190	TA
1	11472267	92	CG
1	11472327	60	GA
1	11472332	5	GA
1	11472583	251	CT
1	11472590	7	AG
1	11472757	167	AC
1	11472766	9	GA
1	11473888	899	TC
1	11473893	5	CG
1	11474105	212	GA
1	11474177	72	AG
1	11474214	37	TC
1	11474337	123	TC
1	11474386	49	AG
1	11474482	96	CT
1	11474528	46	CA
1	11474694	166	AG
1	11474843	149	CT
1	11474960	117	GA
1	11475051	91	TC
1	11475128	77	TC
1	11475208	80	TC
1	11475215	7	CG
1	11475255	40	AG
1	11475264	9	AG
1	11475404	140	AG
1	11475419	15	CT
1	11475446	27	GC
1	11475741	295	CG
1	11475925	184	TC
1	11479792	1022	GA
1	11479810	18	CA
1	11480203	393	TA
1	11480338	135	AG
1	11480718	344	TC
1	11480766	48	GC
1	11480806	40	TC
1	11481119	313	AC
1	11481221	102	CT
1	11481347	126	TC
1	11482220	744	GA
1	11485581	3150	AG
1	11491789	5571	CT
1	11493097	1061	CT
1	11495992	2762	AG
1	11496957	652	TC
1	11497204	247	TC
1	11497444	240	AG
1	11498996	1552	CT
1	11501555	2404	AC
1	11503692	1820	GA
1	11516030	2067	AG
1	11516102	72	TG
1	11516139	37	AG
1	11516456	317	AG
1	11516602	146	GA
1	11516788	126	AT
1	11522173	5179	TC
1	11522375	202	AG
1	11522399	24	GA
1	11522404	5	TC
1	11522542	138	TC
1	11522561	19	CT
1	11522766	205	CT
1	11522789	23	GC
1	11522821	32	TC
1	11522907	86	CT
1	11523096	189	GC
1	11523125	29	CT
1	11523141	16	GC
1	11523183	42	CT
1	11523184	1	AG
1	11523634	450	AG
1	11523862	228	AG
1	11523968	106	AG
1	11524011	43	AG
1	11524200	160	GT
1	11524797	229	CA
1	11525038	118	TC
1	11525205	167	CT
1	11525322	117	CG
1	11528128	2433	CG
1	11528152	24	GA
1	11530379	2084	TC
1	11530612	233	AC
1	11530678	66	TG
1	11531392	365	CG
1	11531875	483	GC
1	11533366	1366	GC
1	11533722	356	GA
1	11534010	288	AC
1	11534263	168	GA
1	11535303	864	GA
1	11535709	406	GT
1	11536306	597	CT
1	11536493	187	CA
1	11536537	44	TC
1	11537692	886	AG
1	11540223	2225	AG
1	11541977	1325	GC
1	11542821	699	GT
1	11543423	602	CT
1	11543437	14	AG
1	11543584	147	GA
1	11544246	522	TC
1	11547474	2660	GA
1	11548759	1241	CG
1	11549618	605	AC
1	11550094	476	TG
1	11550616	522	TC
1	11550703	87	CG
1	11551391	562	GA
1	11552216	724	GA
1	11552278	62	CG
1	11553418	1064	GC
1	11553510	92	GA
1	11553662	152	TC
1	11553941	279	CT
1	11554356	415	AG
1	11554393	37	TC
1	11554710	317	TC
1	11555486	776	AG
1	11555804	318	AG
1	11556007	69	GT
1	11556279	272	TC
1	11556286	7	GA
1	11556342	56	CT
1	11556393	51	CG
1	11556465	72	GA
1	11556951	486	AC
1	11557542	591	CT
1	11557615	73	CG
1	11557623	8	CT
1	11557627	4	GC
1	11558490	810	CA
1	11558516	26	CG
1	11558575	59	GA
1	11558958	383	TC
1	11559068	110	CT
1	11559156	88	TC
1	11559278	66	GC
1	11559284	6	TC
1	11559301	17	TC
1	11559689	388	TC
1	11560806	976	CT
1	11561730	810	AG
1	11562232	502	AG
1	11562481	249	TC
1	11562482	1	CG
1	11563885	882	AG
1	11564128	243	CT
1	11564148	20	CT
1	11564255	107	GA
1	11564279	24	AG
1	11564855	534	CG
1	11565290	435	TA
1	11565312	22	AG
1	11568920	3009	GA
1	11570814	1713	TC
1	11571623	809	GT
1	11573996	1660	AG
1	11574341	314	TC
1	11574697	356	TC
1	11574909	212	TC
1	11576838	1560	AG
1	11576877	39	AC
1	11576978	101	AT
1	11578645	963	TC
1	11579424	743	CT
1	11580620	1100	AG
1	11581670	955	TC
1	11581986	316	TC
1	11583294	1308	TG
1	11590324	4865	CT
1	11590760	436	TC
1	11591319	402	CT
1	11592370	1051	AG
1	11594109	1661	TC
1	11595102	927	TC
1	11598794	3353	CT
1	11603239	3827	CT
1	11610079	3940	CT
1	11610459	60	AT
1	11610744	285	TC
1	11611001	257	GA
1	11611008	7	TC
1	11611194	186	AG
1	11611197	3	CG
1	11611379	182	GA
1	11611429	50	CT
1	11611662	233	GC
1	11611792	130	GA
1	11612234	442	CT
1	11614247	1765	TC
1	11614269	22	CT
1	11614521	252	TC
1	11614546	25	CA
1	11614586	40	GA
1	11614858	272	TC
1	11614859	1	GA
1	11614916	57	GA
1	11615642	673	GA
1	11615655	13	GT
1	11616523	558	AG
1	11618675	1735	CT
1	11619081	406	TC
1	11619865	784	CT
1	11620061	196	TC
1	11620123	62	AG
1	11622567	2444	GA
1	11622722	155	AG
1	11622867	104	GA
1	11626154	1623	CT
1	11626556	402	TG
1	11626583	27	AG
1	11626613	30	GA
1	11626884	271	TG
1	11627579	695	AG
1	11628089	312	AG
1	11628199	110	AG
1	11628229	30	CA
1	11633907	4672	GA
1	11634199	292	GA
1	11635842	1391	AG
1	11637744	1494	TC
1	11642634	3490	AT
1	11650022	5602	TC
1	11650377	328	TC
1	11651037	630	AG
1	11653338	1916	CT
1	11654623	836	AG
1	11654689	66	CT
1	11655003	314	TC
1	11655517	514	AG
1	11655544	27	CT
1	11655830	257	CG
1	11656819	306	TG
1	11656899	80	AG
1	11656970	71	AC
1	11657535	349	AG
1	11657903	197	TC
1	11664835	4063	GA
1	11670461	3818	GA
1	11673054	1719	TA
1	11682556	5901	AG
1	11687151	3116	CT
1	11687461	290	TC
1	11688234	504	CT
1	11688649	394	AG
1	11688798	149	TG
1	11689529	643	TC
1	11690091	562	AG
1	11691281	1190	TG
1	11695648	3747	CG
1	11696935	1050	AG
1	11696945	10	CG
1	11697369	424	CT
1	11697436	67	TA
1	11697752	316	CG
1	11697782	30	GA
1	11698026	244	TC
1	11698972	946	TG
1	11699219	247	AG
1	11699488	269	GA
1	11699817	159	GA
1	11699919	102	CT
1	11699960	41	AG
1	11700053	93	AG
1	11700129	76	AG
1	11700243	114	CT
1	11700307	64	AG
1	11700318	11	CG
1	11700323	5	AG
1	11702134	1811	AG
1	11702465	331	TA
1	11703818	1327	GA
1	11703824	6	TG
1	11704282	458	GA
1	11704384	102	CG
1	11733819	19908	AG
1	11744206	7993	TC
1	11745245	1039	CT
1	11745390	145	AG
1	11745401	11	CT
1	11745428	27	GC
1	11746361	933	CT
1	11746832	378	AG
1	11749419	2451	GC
1	11752349	2720	GT
1	11753190	841	GA
1	11759183	4705	TC
1	11759353	170	CT
1	11759545	192	AC
1	11759605	60	AG
1	11759824	219	AG
1	11759839	15	AG
1	11760069	230	AC
1	11760135	66	GA
1	11760205	70	TG
1	11799968	26670	GA
1	11823819	10243	CT
1	11823838	19	AC
1	11824466	628	CT
1	11824903	370	CA
1	11825453	421	GA
1	11825489	36	GA
1	11825569	80	TC
1	11825672	103	CT
1	11825804	132	GT
1	11826141	337	GA
1	11826204	63	TC
1	11826404	200	CT
1	11826784	380	GA
1	11829276	1681	GC
1	11829311	35	GA
1	11830461	401	AG
1	11830657	196	CT
1	11832673	889	AG
1	11836022	1622	CT
1	11836029	7	GA
1	11836195	166	GA
1	11836565	370	GT
1	11837265	700	GC
1	11837405	140	GA
1	11837434	29	GT
1	11843478	2364	TC
1	12442656	427276	TC
1	13221122	590735	CG
1	13399895	150647	CT
1	14119989	537105	GA
1	14457813	256928	CT
1	14458252	439	TC
1	14461329	3005	TA
1	14461422	93	CT
1	14463565	2036	GA
1	14465228	1313	CG
1	14467925	2465	CT
1	14468055	130	TC
1	14468581	179	CA
1	14468845	264	AC
1	14468972	127	AG
1	14469040	68	AC
1	14475649	4168	TC
1	14481659	4264	TC
1	14483308	1649	GT
1	14492623	8954	AC
1	14497504	4364	AT
1	14504185	1695	TC
1	14512651	6172	GA
1	14514821	2170	TG
1	14520957	5780	CA
1	14522596	1402	GC
1	14523037	441	GA
1	14524916	1553	TC
1	14527689	2419	GA
1	14528516	827	GA
1	14529231	715	CG
1	14529280	49	GA
1	14530300	994	GA
1	14530329	29	CT
1	14530452	123	GC
1	14531136	684	GC
1	14531205	69	CT
1	14531279	74	AG
1	14531408	129	AG
1	14531550	142	GA
1	14532072	522	CG
1	14534533	1118	CG
1	14536613	562	TC
1	14537002	105	GA
1	14537054	52	AG
1	14537060	6	AG
1	14537243	183	GC
1	14537250	7	CT
1	14537264	14	AC
1	14537277	13	GA
1	14537289	12	CT
1	14537319	30	GT
1	14537373	54	AG
1	14537389	16	AG
1	14537403	14	TC
1	14538568	75	TG
1	14541082	1367	GA
1	14541421	98	CA
1	14542728	979	AG
1	14543407	270	CG
1	14543430	23	TG
1	14544679	1128	AG
1	14544873	194	AG
1	14545380	507	TA
1	14545432	52	AG
1	14545514	82	TC
1	14545636	122	GA
1	14545681	45	AG
1	14545966	285	AG
1	14546072	106	GT
1	14546123	51	TG
1	14548279	1722	CT
1	14550375	1311	AG
1	14550550	175	TC
1	14552947	1856	TC
1	14552956	9	CT
1	14553499	176	AG
1	14553572	73	GA
1	14553783	211	CT
1	14554705	306	GC
1	14555557	717	GA
1	14556662	743	CA
1	14561609	3058	GA
1	14566630	1823	TC
1	14567449	447	TC
1	14567499	50	AG
1	14567611	112	AG
1	14573093	2899	AG
1	14573282	189	AG
1	14573540	258	TC
1	14573629	89	AG
1	14573641	12	CT
1	14574420	687	CG
1	14574479	59	AG
1	14574493	14	GA
1	14575393	287	TA
1	14575734	341	TG
1	14575774	40	AG
1	14575817	43	AG
1	14575930	113	AT
1	14576658	349	GC
1	14576822	164	CT
1	14577004	182	GA
1	14577082	78	TC
1	14579475	1374	CG
1	14580649	210	CT
1	14581148	499	GC
1	14582216	1068	AT
1	14582250	34	TC
1	14582423	83	GT
1	14582498	75	CT
1	14582646	148	AG
1	14582684	38	CT
1	14582835	151	TA
1	14582906	71	GA
1	14583169	263	CT
1	14584122	953	TA
1	14584532	372	AC
1	14587234	2702	GT
1	14587719	439	GA
1	14588178	459	GC
1	14588516	338	TC
1	14589002	486	TG
1	14590610	1377	TC
1	14594396	2359	GA
1	14595064	668	GA
1	14597119	1162	AG
1	14598400	1281	AT
1	14598666	266	AG
1	14622779	22441	AG
1	14623302	523	GC
1	14624570	1209	CT
1	14625336	741	CT
1	14625908	572	AC
1	14628382	1169	CT
1	14630806	2424	AG
1	14630816	10	CT
1	14635595	4407	GT
1	14638167	2184	CT
1	14638918	751	GA
1	14639104	186	AG
1	14639341	237	TC
1	14641184	1789	TC
1	14641699	485	GA
1	14643421	1722	AG
1	14643505	84	TC
1	14643688	183	TC
1	14643779	91	TC
1	14643865	86	TC
1	14643986	121	AG
1	14644218	232	TC
1	14646187	1799	TC
1	14646648	461	CG
1	14647806	1158	CA
1	14649340	1229	AG
1	14649438	98	GA
1	14650186	748	TG
1	14651370	1084	AG
1	14653035	1374	CT
1	14653964	573	AT
1	14655475	896	GA
1	14655498	23	GA
1	14655550	52	AG
1	14655558	8	TC
1	14656129	571	CT
1	14656562	312	GC
1	14656568	6	CT
1	14656607	39	TG
1	14656720	113	CT
1	14658060	1340	GC
1	14658442	382	CG
1	14658486	44	CT
1	14658662	176	GA
1	14659004	342	AG
1	14659150	146	GA
1	14659443	293	AG
1	14660236	793	CT
1	14660550	314	GC
1	14660564	14	TA
1	14660991	298	TC
1	14661437	446	GA
1	14662274	575	GC
1	14666814	1784	AG
1	14668351	1200	CT
1	14668405	54	GC
1	14669268	863	TG
1	14669849	581	AC
1	14670579	679	GA
1	14673485	410	AT
1	14673557	72	GC
1	14673968	411	CT
1	14674139	171	CT
1	14674460	321	TG
1	14674493	33	CT
1	14674707	214	AT
1	14676078	973	GA
1	14676087	9	CT
1	14676095	8	CT
1	14676096	1	TC
1	14676239	143	GT
1	14676639	400	AT
1	14676649	10	GA
1	14676739	90	TC
1	14677076	337	GC
1	14679959	1915	TG
1	14681068	738	TC
1	14682091	948	AG
1	14682915	521	TC
1	14682939	24	TC
1	14686399	1277	TA
1	14686705	306	TG
1	14686777	72	TC
1	14686782	5	CT
1	14686862	80	CT
1	14686881	19	TC
1	14688111	495	AG
1	14688243	132	GA
1	14694398	5081	TC
1	14694830	432	CT
1	14695431	309	CT
1	14696812	1144	TC
1	14696820	8	TC
1	14697038	218	GA
1	14697402	325	GA
1	14697438	36	CT
1	14699751	393	TC
1	14700031	280	GT
1	14700903	503	GA
1	14702025	1122	CG
1	14702470	445	TC
1	14703365	438	CT
1	14703547	182	GC
1	14703557	10	CA
1	14704270	462	AG
1	14705111	245	TG
1	14706572	1265	CT
1	14708341	294	CT
1	14708918	577	AT
1	14709022	104	CT
1	14709794	626	CT
1	14710538	473	AG
1	14718681	6738	GA
1	14719065	384	CG
1	14719289	224	GC
1	14722415	2185	AG
1	14722649	234	TC
1	14726241	2753	AG
1	14727579	1240	GA
1	14728475	842	CT
1	14728847	372	CT
1	14730256	1409	CT
1	14734037	2868	AG
1	14734047	10	AG
1	14734378	331	AG
1	14734860	74	AG
1	14735000	140	TC
1	14735264	127	GA
1	14735326	62	CT
1	14735552	102	AG
1	14735825	273	CT
1	14736189	364	AG
1	14736266	77	CT
1	14736445	179	AT
1	14736568	123	GT
1	14736596	28	CG
1	14736871	275	TC
1	14736916	45	GA
1	14737083	167	TA
1	14737409	326	AG
1	14737490	81	GA
1	14737659	131	CT
1	14738079	420	GA
1	14738093	14	GA
1	14738438	345	AG
1	14738444	6	TC
1	14739630	754	AG
1	14739661	31	TC
1	14740710	647	TC
1	14743225	2110	GT
1	14746060	2384	CT
1	14746109	49	GA
1	14746434	325	CT
1	14747705	1226	GA
1	14747812	107	CA
1	14748215	403	AC
1	14751693	2382	AG
1	14753470	1571	TC
1	14756321	1438	CA
1	14758923	2515	CT
1	14759047	124	CT
1	14759181	134	TC
1	14759241	60	AG
1	14759669	112	AG
1	14759708	39	GA
1	14759761	53	CA
1	14759886	125	AT
1	14759890	4	TC
1	14759962	72	TG
1	14760043	81	AG
1	14760126	83	GA
1	14760169	14	TC
1	14761053	778	TA
1	14761288	235	GA
1	14761310	22	GC
1	14761324	14	TG
1	14761395	71	GA
1	14761436	41	CT
1	14766168	3340	GA
1	14770692	3495	TC
1	14771559	750	GA
1	14772308	472	AG
1	14774395	2056	TG
1	14775355	761	GA
1	14775377	22	AG
1	14775403	26	TC
1	14775424	21	AG
1	14777333	1300	AG
1	14778962	1084	CG
1	14779813	739	GA
1	14781251	804	CG
1	14786890	4298	CT
1	14787306	416	AT
1	14788336	588	TC
1	14788903	398	GA
1	14788921	18	TC
1	14789037	116	TC
1	14789177	140	AC
1	14789748	571	TC
1	14789757	9	TC
1	14789902	145	AG
1	14793352	3373	TA
1	14794683	1331	GC
1	14795635	548	CT
1	14796922	1165	TC
1	14797333	411	AG
1	14797697	329	CT
1	14798576	815	TA
1	14799119	234	CT
1	14799727	471	GA
1	14800505	778	GA
1	14801542	1037	TC
1	14801930	388	TC
1	14803097	1167	CA
1	14803996	541	CT
1	14805764	1690	CT
1	14807603	1777	TC
1	14811385	3310	CG
1	14811439	54	AG
1	14812261	822	CT
1	14813022	695	AG
1	14817035	258	CA
1	14817363	200	AG
1	14817434	71	GA
1	14817550	116	TA
1	14817686	13	CT
1	14817828	142	GA
1	14817844	16	CG
1	14817864	20	CT
1	14817982	118	AG
1	14818019	37	CT
1	14818020	1	AG
1	14818131	111	CT
1	14818210	79	TC
1	14818216	6	CT
1	14818255	39	TC
1	14818387	132	TC
1	14818393	6	AG
1	14820334	801	TC
1	14821051	647	GA
1	14821188	137	TC
1	14821882	343	AG
1	14822351	229	TC
1	14825319	1823	AG
1	14825578	259	AT
1	14825689	111	AC
1	14825695	6	CA
1	14825883	188	AG
1	14825885	2	AT
1	14825966	81	CT
1	14825967	1	TC
1	14826336	170	CT
1	14827294	656	AG
1	14827998	491	AG
1	14829329	994	TC
1	14829337	8	AG
1	14829704	367	GA
1	14830133	404	AG
1	14830269	136	GA
1	14830584	315	GT
1	14831072	488	AG
1	14832775	1097	GT
1	14833525	549	TC
1	14833617	92	CA
1	14833650	33	TC
1	14833731	81	TC
1	14833860	129	GA
1	14833867	7	CT
1	14833870	3	CT
1	14834087	217	CG
1	14834102	15	AG
1	14834157	55	CT
1	14834942	719	CG
1	14835112	170	CG
1	14835657	545	TC
1	14836028	371	CG
1	14837832	1062	CT
1	14838106	274	CT
1	14838116	10	TC
1	14838233	117	CT
1	14838940	442	CG
1	14839027	87	GC
1	14839068	41	AT
1	14839123	55	AG
1	14839134	11	CT
1	14839144	10	GA
1	14839799	632	CT
1	14839930	131	TC
1	14839936	6	TG
1	14840191	255	CA
1	14840713	99	GA
1	14841068	329	GT
1	14842861	1793	GA
1	14843365	504	AT
1	14843744	379	GA
1	14844248	504	TC
1	14844302	54	CT
1	14844403	101	CA
1	14844714	311	CT
1	14844894	180	GC
1	14845164	221	CT
1	14846509	1104	CT
1	14847385	701	AG
1	14847560	142	TC
1	14847610	50	TC
1	14847623	13	GA
1	14847641	18	AC
1	14848453	507	AG
1	14848567	114	GA
1	14848596	29	GA
1	14848877	281	TC
1	14849168	291	TA
1	14849695	55	TC
1	14849786	91	CT
1	14850391	605	CG
1	14850782	391	TC
1	14850914	28	GA
1	14850958	44	GA
1	14855308	3924	GA
1	14856518	818	TC
1	14856762	244	AG
1	14857192	430	CT
1	14862471	4066	TC
1	14865752	3244	AC
1	14869707	3875	TA
1	14873659	3661	AC
1	14880180	4843	TA
1	14881286	1106	AG
1	14883689	1890	CA
1	14887174	3106	CT
1	14888793	1619	AC
1	14890143	665	AG
1	14890146	3	TG
1	14890158	12	TC
1	14890245	87	AG
1	14894700	2348	CA
1	14896288	622	CA
1	14896402	114	CT
1	14896406	4	TC
1	14896467	61	AG
1	14896532	65	TC
1	14896563	31	GA
1	14900780	820	TC
1	14901498	718	CA
1	14901705	207	TG
1	14902224	219	CT
1	14903887	1022	AG
1	14905664	1495	AG
1	14906006	342	GA
1	14907531	1101	GA
1	14908302	771	TC
1	14912681	2310	CT
1	14912863	182	TA
1	14912866	3	GA
1	14912876	10	TA
1	14913313	437	AG
1	14913340	27	CT
1	14913462	122	TC
1	14914136	450	GA
1	14914469	333	TC
1	14914563	94	CT
1	14914579	16	GA
1	14922803	7165	GT
1	14961685	23647	AT
1	14969294	2484	TC
1	15029997	29997	GA
1	15079262	35034	TG
1	15079296	34	TC
1	15079963	667	AG
1	15080619	656	AG
1	15080723	104	CT
1	15080783	60	TC
1	15080805	22	AG
1	15080990	185	GC
1	15081024	34	TC
1	15081664	448	CT
1	15081869	205	TC
1	15081917	48	AG
1	15082230	166	AG
1	15082328	98	AG
1	15082698	329	GA
1	15083058	360	TG
1	15083230	172	CT
1	15083231	1	AG
1	15083904	188	AG
1	15084836	567	GA
1	15084855	19	AG
1	15085186	331	TA
1	15085714	129	CA
1	15085769	55	CT
1	15087120	401	GA
1	15087267	147	CG
1	15087269	2	AG
1	15087324	55	GT
1	15087390	66	CT
1	15087617	227	TC
1	15087645	28	AC
1	15087646	1	GA
1	15087683	37	CT
1	15087852	169	GA
1	15087871	19	TC
1	15088166	251	GT
1	15088172	6	GA
1	15088276	104	GA
1	15088382	106	GA
1	15088384	2	CT
1	15088471	34	TC
1	15088704	233	TC
1	15088777	73	AG
1	15088993	216	TC
1	15089270	277	CA
1	15089323	53	CT
1	15089324	1	AG
1	15089437	113	AC
1	15090023	312	TG
1	15090049	26	AG
1	15090056	7	TG
1	15090230	174	AG
1	15090247	17	AC
1	15090263	16	CT
1	15090435	141	AT
1	15090480	45	TG
1	15090483	3	CA
1	15090498	15	GT
1	15090634	136	CT
1	15090704	70	TC
1	15090835	131	TC
1	15091761	496	CT
1	15092070	309	CT
1	15092089	19	TC
1	15092352	263	TC
1	15093160	597	TC
1	15093164	4	CT
1	15093322	158	CT
1	15093807	485	GA
1	15096109	1861	CT
1	15103878	5216	CT
1	15103992	114	TG
1	15105190	1198	GA
1	15106032	797	CT
1	15116256	7332	AG
1	15162124	29810	AC
1	15163189	1032	TG
1	15164378	1189	CT
1	15164451	73	AC
1	15165375	784	CT
1	15166102	530	CT
1	15169024	1582	TC
1	15173102	3796	TC
1	15176110	2215	TG
1	15176638	479	TC
1	15177728	1090	GA
1	15185850	3046	AG
1	15190286	3585	GA
1	15200839	3410	AG
1	15202027	698	AG
1	15202038	11	GA
1	15202384	346	AG
1	15202530	146	CT
1	15202719	189	TG
1	15203175	456	TG
1	15204694	1138	AG
1	15204697	3	AG
1	15205489	792	GC
1	15206350	545	AC
1	15208353	1280	GA
1	15210462	763	GC
1	15210938	402	CG
1	15211239	301	CT
1	15211609	370	TA
1	15211690	81	TG
1	15212345	101	GC
1	15212403	58	GA
1	15212470	67	AC
1	15212631	161	CT
1	15212755	124	AG
1	15213113	358	TG
1	15213371	258	CA
1	15213649	278	GC
1	15213741	92	TC
1	15224768	338	GC
1	15224795	27	TC
1	15225215	420	GT
1	15225245	30	TG
1	15225260	15	CA
1	15225265	5	TC
1	15225277	12	CT
1	15225364	87	CT
1	15225522	158	GA
1	15225548	26	GA
1	15225747	199	GA
1	15226809	681	AG
1	15226942	133	GA
1	15230181	2366	CT
1	15235966	1776	AC
1	15236058	92	GA
1	15237243	638	GA
1	15237389	146	TA
1	15237390	1	AT
1	15237489	99	AT
1	15237759	270	CT
1	15237773	14	TC
1	15238212	439	TC
1	15238328	116	AG
1	15238506	178	TC
1	15243137	1093	GT
1	15243579	185	AC
1	15250810	3976	GC
1	15250847	37	GA
1	15255062	2513	GA
1	15255195	133	GA
1	15257900	1419	AG
1	15257961	61	GT
1	15259550	1048	CG
1	15264595	3635	AG
1	15266204	1380	AC
1	15310418	7786	GC
1	15328865	2382	CT
1	15343587	2617	GA
1	15345145	562	CT
1	15352142	5689	GA
1	15353521	940	AT
1	15354133	612	GA
1	15354439	306	GA
1	15354989	451	TG
1	15355590	530	AG
1	15359616	2771	TA
1	15360379	622	CT
1	15360480	101	GC
1	15361135	163	AG
1	15361155	20	GA
1	15361250	95	TC
1	15361275	25	AG
1	15361338	63	GT
1	15362018	251	AC
1	15362095	77	AG
1	15365182	1892	TG
1	15365240	58	TG
1	15365342	102	AG
1	15365813	347	AG
1	15366357	367	AG
1	15366503	38	GA
1	15366988	441	AG
1	15367722	252	CT
1	15367902	180	TC
1	15368308	406	TC
1	15369987	662	AC
1	15370213	226	CG
1	15370340	127	AG
1	15370756	104	CA
1	15370758	2	GT
1	15371004	218	GA
1	15371248	244	TC
1	15371799	66	GA
1	15371954	155	AC
1	15371959	5	TC
1	15372220	261	GA
1	15372313	93	CT
1	15372419	106	GA
1	15372459	40	GA
1	15372460	1	GA
1	15372678	218	GC
1	15372843	165	TC
1	15372863	20	TC
1	15373485	622	AG
1	15373761	276	TG
1	15374042	263	TG
1	15376128	1465	TC
1	15376584	449	GA
1	15378873	1592	GA
1	15380777	1420	AG
1	15382503	1607	AG
1	15382731	185	AT
1	15383552	449	AG
1	15384432	501	GA
1	15388415	1402	TC
1	15388585	170	CG
1	15389389	804	GA
1	15389419	30	GA
1	15389846	427	AG
1	15390417	571	CT
1	15392349	1210	TC
1	15393382	1033	GA
1	15394098	583	GA
1	15395191	995	TC
1	15395707	516	GA
1	15396305	363	CG
1	15397007	702	TC
1	15397068	61	GT
1	15397150	82	CT
1	15397433	283	TA
1	15398175	742	AG
1	15399760	1585	GA
1	15400027	267	AG
1	15401068	1041	CA
1	15404446	2760	CT
1	15404639	193	GA
1	15415074	5619	GA
1	15415337	263	GA
1	15416080	743	CT
1	15417289	1075	GA
1	15417939	115	AG
1	15417948	9	AG
1	15417975	27	GA
1	15418002	27	GA
1	15418023	21	GA
1	15418085	62	AG
1	15418160	75	GA
1	15418204	44	TC
1	15418328	124	TC
1	15418451	123	TA
1	15420459	1686	GA
1	15421386	927	AG
1	15421499	113	AG
1	15421505	6	GA
1	15421552	47	CT
1	15421680	128	TC
1	15421769	89	AC
1	15421788	19	CT
1	15421961	173	TA
1	15422002	41	TC
1	15422003	1	TA
1	15422027	24	CT
1	15422096	69	CT
1	15422112	16	TC
1	15422875	763	AG
1	15422886	11	AT
1	15422911	25	GC
1	15423168	257	GC
1	15423183	15	TC
1	15423473	290	GA
1	15423553	80	AG
1	15423703	150	TC
1	15424370	667	GA
1	15424518	148	CT
1	15424525	7	GA
1	15425961	610	GC
1	15426033	72	CT
1	15426343	216	CT
1	15426365	22	AG
1	15426543	178	AG
1	15426560	17	AG
1	15428197	1358	TC
1	15428199	2	AG
1	15428270	71	GT
1	15428276	6	GA
1	15428407	131	GA
1	15428704	257	AG
1	15428868	164	GA
1	15429052	184	GA
1	15429676	398	GA
1	15432400	2482	TC
1	15433056	656	TC
1	15434194	1043	GA
1	15436470	2029	TA
1	15436745	275	GT
1	15436809	64	AG
1	15437109	300	CT
1	15437991	882	TC
1	15438380	389	AG
1	15438594	214	GC
1	15438672	78	AC
1	15438675	3	AG
1	15439179	504	GA
1	15439283	104	TG
1	15439337	54	GT
1	15440317	980	CT
1	15444520	2305	GA
1	15445813	922	GA
1	15446827	1014	CG
1	15447196	369	AG
1	15448652	957	TC
1	15449226	574	TC
1	15455193	3158	GA
1	15455449	256	GC
1	15455691	242	CT
1	15455830	139	GA
1	15456080	250	TG
1	15458494	926	CT
1	15458496	2	GA
1	15458512	16	AC
1	15458657	145	GA
1	15458969	312	CT
1	15458970	1	AC
1	15459108	138	TA
1	15459117	9	AT
1	15459160	43	CT
1	15459161	1	CT
1	15460208	629	TC
1	15460990	782	AT
1	15461625	635	AG
1	15461890	265	AG
1	15463227	1282	AC
1	15465693	927	TA
1	15466858	1165	CT
1	15468164	1029	CT
1	15468830	666	CT
1	15469305	475	TA
1	15469796	281	CT
1	15470235	229	GA
1	15470256	21	GC
1	15470284	28	AG
1	15470343	59	GA
1	15471058	715	CA
1	15471296	208	CT
1	15471801	348	GC
1	15472365	564	GA
1	15472480	115	CG
1	15472943	463	CT
1	15474687	1358	TC
1	15476075	1140	CT
1	15477202	1067	TC
1	15478920	1485	GC
1	15479030	110	TG
1	15479827	536	AG
1	15479922	95	CT
1	15480662	175	TC
1	15480825	163	CA
1	15480990	165	GA
1	15484056	2350	AG
1	15485402	1277	GC
1	15488065	2437	GA
1	15488117	52	AC
1	15489354	1153	AC
1	15491155	1701	TG
1	15492922	1767	GA
1	15493177	233	CT
1	15493265	88	GA
1	15493442	177	GA
1	15493667	225	CT
1	15493886	141	TC
1	15494272	196	GA
1	15495151	879	AG
1	15495152	1	AG
1	15495213	61	CT
1	15495227	14	TC
1	15495388	130	AC
1	15495720	311	AG
1	15496400	680	TC
1	15496715	315	TC
1	15498316	1388	TC
1	15498537	221	TC
1	15498793	256	TG
1	15498865	72	AG
1	15499201	336	GC
1	15499406	205	AG
1	15499599	193	TC
1	15499722	123	CT
1	15500340	392	AG
1	15500441	101	TC
1	15501603	1162	TC
1	15501704	101	AG
1	15502496	792	CT
1	15502625	129	GA
1	15503340	640	AG
1	15506385	2727	GA
1	15508152	1734	GC
1	15508501	349	GA
1	15508676	175	CT
1	15508751	66	CT
1	15509163	412	CT
1	15509202	39	CT
1	15509236	34	AC
1	15509426	190	GC
1	15509745	319	CT
1	15509801	56	AG
1	15510142	341	TC
1	15510143	1	GA
1	15511315	1170	GC
1	15547370	30509	GA
1	15547910	540	TG
1	15548617	596	GA
1	15548907	290	CG
1	15548930	23	CA
1	15549354	424	CT
1	15549470	116	GA
1	15550619	855	TC
1	15550934	315	AG
1	15551248	314	GA
1	15552149	901	AC
1	15557692	3044	CT
1	15558361	314	CT
1	15558425	64	CA
1	15558705	184	CA
1	15559749	580	GA
1	15559843	94	GC
1	15560760	187	AG
1	15562734	1108	GA
1	15564170	1361	AT
1	15564275	105	GA
1	15564533	258	GA
1	15565172	639	CG
1	15565222	50	CT
1	15569539	3489	CT
1	15570600	776	CT
1	15573984	3004	TC
1	15574722	738	CG
1	15574851	129	GT
1	15577653	2376	GA
1	15578013	360	GT
1	15581766	3245	AG
1	15581832	66	CT
1	15582406	396	GT
1	15583839	1397	AG
1	15585007	382	AG
1	15586648	641	GA
1	15586817	169	CT
1	15586973	156	TC
1	15587213	136	GA
1	15587930	434	CT
1	15588066	136	GA
1	15589256	1008	AG
1	15589992	708	AG
1	15590236	220	GC
1	15590857	341	AC
1	15592212	482	AC
1	15592244	32	GA
1	15592434	74	GA
1	15592521	87	CG
1	15592762	241	GA
1	15593489	177	CT
1	15593578	89	CT
1	15593676	98	CT
1	15593844	168	GT
1	15606655	8047	GA
1	15607659	1004	AG
1	15607713	54	TC
1	15608656	943	GA
1	15611345	2331	GA
1	15612973	1547	CT
1	15613374	401	TC
1	15614003	552	TC
1	15614359	343	GA
1	15614747	388	GA
1	15615097	350	AG
1	15615763	666	GT
1	15618237	2408	GA
1	15618611	374	CG
1	15618890	279	AG
1	15618895	5	GA
1	15620215	1320	AG
1	15620616	401	CT
1	15620795	151	TG
1	15621298	481	GA
1	15621909	522	GA
1	15621992	83	AT
1	15622640	614	CT
1	15622689	49	CT
1	15622857	168	AC
1	15623075	170	AG
1	15623239	123	AG
1	15623301	62	TC
1	15623365	64	TC
1	15623563	198	AG
1	15624248	685	TC
1	15624285	37	GA
1	15624398	113	AG
1	15624509	111	TC
1	15625045	506	GA
1	15625907	862	TG
1	15626010	103	AG
1	15626132	51	AG
1	15626302	170	CT
1	15626720	418	GA
1	15627516	796	GA
1	15627545	29	AG
1	15627553	8	TC
1	15628123	570	CT
1	15628434	121	TC
1	15628449	15	TC
1	15628503	54	GA
1	15629499	667	GA
1	15629550	51	CT
1	15674297	29710	GA
1	15674357	60	AG
1	15675028	455	GT
1	15675717	291	CG
1	15675757	40	AG
1	15675796	39	TC
1	15675824	28	AG
1	15675834	10	AG
1	15676408	423	CT
1	15676584	176	CG
1	15677516	526	CT
1	15677564	48	TC
1	15677641	77	GA
1	15678172	497	GA
1	15678937	217	AG
1	15678940	3	AG
1	15679508	568	AG
1	15679512	4	TC
1	15679563	51	GT
1	15679705	142	TC
1	15679744	39	AC
1	15679822	78	GT
1	15679840	18	CT
1	15679850	10	CT
1	15679855	5	AG
1	15679947	92	TC
1	15679981	34	GA
1	15679996	15	TC
1	15680267	271	TC
1	15680288	21	TC
1	15680424	136	AG
1	15680519	95	CT
1	15680529	10	GA
1	15681675	343	GT
1	15681831	156	TC
1	15681919	88	CT
1	15681939	20	CT
1	15682086	54	CT
1	15682088	2	CT
1	15682189	101	CA
1	15682262	73	CT
1	15682412	150	GA
1	15682427	15	GA
1	15682557	130	GA
1	15682690	133	CT
1	15682718	28	AG
1	15682912	194	GA
1	15682973	61	GA
1	15683179	206	AC
1	15683399	220	GA
1	15683500	101	AG
1	15683528	28	GA
1	15683728	200	CT
1	15684109	349	CT
1	15684181	72	GC
1	15684199	18	GA
1	15684210	11	CT
1	15684849	358	GT
1	15685068	219	TC
1	15685807	739	AG
1	15690221	3075	AC
1	15695953	5375	AG
1	15697937	1860	GC
1	15698495	558	CG
1	15700099	1604	TC
1	15700533	400	GT
1	15709851	5561	GA
1	15711664	1744	GA
1	15712806	970	AG
1	15719655	5157	AG
1	15721948	2052	GA
1	15723748	1649	GA
1	15723838	90	TC
1	15724369	491	TC
1	15724443	74	AG
1	15725165	722	TC
1	15725839	674	GA
1	15725892	53	AG
1	15725924	32	AG
1	15725932	8	AG
1	15726087	155	GA
1	15726326	239	GA
1	15726372	46	AG
1	15726404	32	AG
1	15726835	260	CT
1	15727520	502	CT
1	15728487	967	GC
1	15729184	697	GA
1	15735894	6096	GA
1	15735934	40	CT
1	15736200	266	CT
1	15738468	1868	TC
1	15739787	999	GC
1	15740113	326	GT
1	15740764	651	TC
1	15741338	574	GA
1	15741423	85	CT
1	15742832	953	AG
1	15743057	225	AG
1	15744439	1312	AC
1	15746198	1339	CA
1	15753513	6011	TC
1	15755937	2243	TC
1	15756024	87	AG
1	15756929	853	CT
1	15757021	92	CT
1	15758994	1973	GT
1	15759304	310	GA
1	15764725	3225	TC
1	15769726	4070	AG
1	15769945	219	CT
1	15770851	906	AG
1	15771010	159	AG
1	15773723	1188	AG
1	15774200	477	CA
1	15781109	6878	GA
1	15781187	78	AG
1	15781827	640	CT
1	15783267	1073	CT
1	15784047	396	TC
1	15784810	441	AC
1	15784998	188	CA
1	15785688	403	AG
1	15788859	2557	AG
1	15790173	652	TG
1	15790750	577	GT
1	15791364	614	GA
1	15792404	641	CT
1	15793903	1499	CT
1	15794486	362	AG
1	15798678	2549	CT
1	15798851	173	CT
1	15798967	116	GA
1	15799038	71	AG
1	15799165	127	AG
1	15799230	65	GA
1	15801061	1340	TC
1	15807513	4809	CT
1	15810906	3197	CT
1	15811224	287	TC
1	15811300	76	TC
1	15811519	219	CT
1	15811773	254	TC
1	15812456	635	TC
1	15812738	282	CT
1	15813500	718	GC
1	15813579	79	TC
1	15813840	261	AG
1	15814101	261	AT
1	15814115	14	CG
1	15814118	3	TC
1	15814119	1	GC
1	15814333	214	TA
1	15814908	575	GA
1	15815354	446	TC
1	15815454	100	GA
1	15815854	400	AG
1	15816037	183	TC
1	15817369	937	AG
1	15817464	95	GA
1	15817489	25	GA
1	15817811	322	CG
1	15818124	313	GA
1	15818178	54	GC
1	15818242	64	AG
1	15818426	184	CT
1	15819126	700	GA
1	15819132	6	TC
1	15819265	133	AG
1	15819356	91	TC
1	15819839	483	AG
1	15820133	294	AG
1	15820519	386	CA
1	15820530	11	AG
1	15820683	153	AG
1	15820731	48	CT
1	15820788	57	CT
1	15820888	100	GA
1	15820955	67	TC
1	15821083	128	AC
1	15821148	65	GT
1	15821603	455	TC
1	15821632	29	CA
1	15821640	8	CT
1	15821749	53	TC
1	15821803	54	TC
1	15821868	65	CT
1	15821911	43	CT
1	15822184	273	TC
1	15822649	329	CT
1	15822796	147	CT
1	15822924	128	GA
1	15823293	369	GC
1	15823388	95	AC
1	15824188	668	CT
1	15824973	785	TC
1	15825094	121	CG
1	15826569	1448	CT
1	15827396	827	AG
1	15827852	456	AG
1	15828796	794	GA
1	15829536	642	AG
1	15829886	350	CA
1	15830001	115	GA
1	15830121	120	AG
1	15830712	591	CT
1	15834237	1097	CT
1	15837592	2491	GT
1	15838346	754	CT
1	15838737	391	TC
1	15838739	2	GA
1	15839100	361	TC
1	15839119	19	CT
1	15839699	438	TC
1	15839724	25	GC
1	15839745	21	AG
1	15839806	61	CT
1	15839811	5	GC
1	15840135	324	GC
1	15840258	123	CA
1	15840286	28	GA
1	15840450	164	GA
1	15840548	98	TC
1	15840597	49	GC
1	15840663	66	AG
1	15840827	164	TC
1	15840965	138	GA
1	15842423	1458	TC
1	15843483	582	AG
1	15843528	45	AG
1	15843675	147	GC
1	15844210	535	TC
1	15844376	166	TC
1	15844407	31	CG
1	15844524	117	AC
1	15844572	48	AG
1	15844662	90	GA
1	15846056	723	AG
1	15846147	91	GC
1	15847635	471	TC
1	15847749	114	AG
1	15847872	123	CT
1	15848348	239	CT
1	15848741	393	AG
1	15848905	164	TC
1	15848955	50	AG
1	15850692	854	TC
1	15850841	149	AC
1	15850873	32	AG
1	15851255	142	GA
1	15851747	492	GA
1	15852785	477	CT
1	15853334	549	GT
1	15853363	29	CG
1	15853509	146	TC
1	15853684	175	AG
1	15853890	206	GC
1	15853958	68	GA
1	15856939	2931	TC
1	15858692	1495	CT
1	15861712	2642	CA
1	15862359	647	GT
1	15864788	2400	AG
1	15864993	205	AG
1	15865075	82	TC
1	15868424	3306	GC
1	15870737	2283	GC
1	15872154	1350	TC
1	15874317	2052	CT
1	15876358	1173	GC
1	15880649	1900	TG
1	15883103	1913	GA
1	15885814	2559	TC
1	15886119	305	TA
1	15889946	2760	CG
1	15892879	2684	TC
1	15893667	788	AG
1	15895704	1559	AG
1	15895885	181	TG
1	15896228	230	CT
1	15896297	69	AG
1	15897136	742	CT
1	15897213	77	TC
1	15897270	57	CT
1	15900023	2704	GC
1	15900329	197	AG
1	15906644	4755	TC
1	15907189	313	GA
1	15908820	1631	TC
1	15908998	178	CT
1	15909124	126	GA
1	15910549	1425	TC
1	15911622	1073	TA
1	15911703	81	GA
1	15912424	721	CT
1	15916917	3890	GA
1	15919812	2426	CT
1	15919856	44	AG
1	15919885	29	TC
1	15920169	284	AG
1	15920265	96	CT
1	15920554	289	AG
1	15920984	430	GA
1	15921462	434	AG
1	15925809	1821	TC
1	15926294	485	CA
1	15927133	316	CT
1	15927302	169	GA
1	15927327	25	GA
1	15927379	52	GA
1	15928047	668	TC
1	15928133	86	GT
1	15928209	76	AG
1	15928229	20	TG
1	15928395	166	AG
1	15928462	67	TC
1	15928510	48	TC
1	15928587	77	GA
1	15928651	64	TC
1	15929096	445	CG
1	15931653	2224	GA
1	15932031	378	AG
1	15932772	741	CT
1	15933341	569	CG
1	15933638	297	GA
1	15933718	80	TC
1	15933737	19	TG
1	15934401	618	AG
1	15934553	152	TG
1	15937297	2263	AC
1	15939446	2055	CT
1	15941266	1655	TC
1	15941773	507	CT
1	15944746	2097	CT
1	15944839	93	TC
1	15946967	2128	CT
1	15949471	1874	CT
1	15949601	93	AG
1	15949983	382	CG
1	15952598	1982	CT
1	15953523	648	AG
1	15954415	615	AG
1	15954963	548	GT
1	15955489	520	AG
1	15955643	154	AG
1	15956011	368	GA
1	15957370	1359	TG
1	15965930	5492	GA
1	15978106	10861	TC
1	15988875	8196	CT
1	15992942	3281	AC
1	15994166	1224	AG
1	15994360	194	GA
1	15995196	806	AG
1	15997582	2115	TA
1	15998640	939	GA
1	15999049	409	CT
1	15999890	841	CT
1	16001227	1337	AG
1	16001994	767	TC
1	16002094	100	AG
1	16002814	643	TC
1	16002972	158	AG
1	16003072	100	AG
1	16003150	78	CG
1	16003226	76	GA
1	16003230	4	AG
1	16003635	405	TC
1	16004261	626	AG
1	16004303	42	AC
1	16004390	87	TC
1	16006758	2242	TA
1	16007614	708	CT
1	16007654	40	CA
1	16007657	3	TC
1	16010273	2494	TC
1	16010483	210	GA
1	16012505	1861	TC
1	16013454	866	GA
1	16015236	779	GA
1	16016071	798	AC
1	16017543	1472	AG
1	16017693	150	AG
1	16017912	219	TC
1	16018092	180	GA
1	16019087	543	CT
1	16019176	89	TC
1	16019248	72	CT
1	16019268	20	CT
1	16019355	87	GA
1	16019548	193	CT
1	16019962	414	GA
1	16020022	60	CT
1	16020051	29	GA
1	16020264	213	GA
1	16020430	166	GA
1	16020676	246	CT
1	16021268	431	AG
1	16021495	227	TC
1	16021634	139	CT
1	16021669	35	TC
1	16022254	585	CT
1	16022310	56	AG
1	16022945	411	GA
1	16030811	3203	CA
1	16032077	1192	AC
1	16036020	2196	TC
1	16037981	875	AG
1	16038208	227	AG
1	16039403	914	AG
1	16039963	450	CA
1	16048499	4172	TC
1	16051434	1395	CA
1	16051444	10	GA
1	16053388	1623	GC
1	16058038	2968	TC
1	16058398	360	TC
1	16062001	1052	GA
1	16073158	7573	AG
1	16079018	2639	CG
1	16080663	1096	TG
1	16084079	1331	TC
1	16087225	1813	TC
1	16088476	1037	CG
1	16101750	11007	CT
1	16116388	7766	CT
1	16122458	4503	TC
1	16124350	1864	AC
1	16125925	1575	CT
1	16126000	75	CG
1	16129015	2665	TC
1	16129407	392	GA
1	16130987	1580	AG
1	16131018	31	CG
1	16131595	447	AG
1	16132636	1001	GA
1	16136807	3209	GA
1	16139118	594	CT
1	16139686	540	GA
1	16140455	769	CT
1	16140753	298	AG
1	16144952	2384	CT
1	16152588	4256	AG
1	16152920	332	GA
1	16153720	399	TC
1	16153830	110	AT
1	16154874	311	CT
1	16154917	43	GA
1	16154920	3	TC
1	16154981	61	TC
1	16155365	107	TC
1	16155408	43	TC
1	16156550	114	CT
1	16156760	210	GA
1	16158514	1178	TA
1	16160094	302	AG
1	16160095	1	CA
1	16161926	540	AG
1	16161960	34	GA
1	16162319	325	TC
1	16162967	228	CG
1	16163783	816	CG
1	16164353	570	TG
1	16164387	34	CT
1	16166688	1915	AC
1	16181571	5673	CA
1	16192184	7906	AG
1	16194661	1193	AT
1	16195552	258	GA
1	16198311	1578	GT
1	16198811	500	TA
1	16199265	454	AT
1	16199403	138	TC
1	16199422	19	GA
1	16200614	741	AG
1	16201428	375	AC
1	16202555	1107	TC
1	16204727	1972	AG
1	16205491	732	GA
1	16205780	249	GC
1	16205788	8	CT
1	16206416	389	CT
1	16207532	1059	CT
1	16209181	1366	GA
1	16209189	8	GT
1	16209780	383	TC
1	16209858	78	GA
1	16210229	371	GC
1	16210451	222	GA
1	16210580	129	GC
1	16211858	1100	TC
1	16211908	50	AT
1	16212009	101	TA
1	16212027	18	GA
1	16212942	915	TC
1	16214599	1657	GT
1	16215384	618	GC
1	16215415	31	AG
1	16215715	300	CT
1	16218729	1947	CG
1	16218768	39	CT
1	16218827	59	GT
1	16219042	215	AG
1	16219066	24	CT
1	16219081	15	GA
1	16219089	8	AG
1	16219379	290	GA
1	16219701	297	CG
1	16219972	271	AC
1	16220805	410	CT
1	16220868	63	GT
1	16220914	46	AT
1	16220928	14	GT
1	16222542	346	CA
1	16222653	111	CT
1	16222750	97	GA
1	16222792	42	TC
1	16225662	903	CT
1	16225747	85	GA
1	16225776	29	GC
1	16225861	85	CG
1	16226539	235	TG
1	16227489	775	GA
1	16227498	9	CT
1	16228345	272	TC
1	16229015	115	CG
1	16229481	91	CT
1	16229484	3	GA
1	16229523	39	GA
1	16229550	27	GC
1	16232231	1237	GT
1	16232299	68	AG
1	16232332	33	TC
1	16232501	169	AT
1	16232548	47	CG
1	16232600	52	GC
1	16233563	149	AG
1	16234164	601	GA
1	16234381	217	TC
1	16234950	569	AG
1	16236153	1028	TC
1	16236642	489	GT
1	16237454	444	TC
1	16238192	738	AG
1	16239380	161	GA
1	16240068	629	AG
1	16242148	355	TC
1	16242254	106	GC
1	16243445	191	TC
1	16243906	29	GT
1	16246140	444	TA
1	16248288	313	CT
1	16249810	509	GA
1	16249812	2	GC
1	16249823	11	TC
1	16250645	108	GA
1	16253175	1266	GA
1	16254213	1038	GA
1	16256444	1754	TG
1	16256445	1	TC
1	16257389	944	CA
1	16258215	800	TC
1	16258457	242	GA
1	16258472	15	CT
1	16258857	385	AG
1	16259038	181	AG
1	16260633	1595	AG
1	16260647	14	AG
1	16260760	113	CT
1	16260960	200	GA
1	16261086	126	AG
1	16261641	489	TG
1	16261806	165	AG
1	16262046	240	AG
1	16262389	343	GA
1	16263172	505	AC
1	16264014	382	TC
1	16265200	554	CG
1	16274413	5591	AG
1	16278988	3914	CT
1	16279292	304	CT
1	16280684	1349	TA
1	16283435	2329	AG
1	16285185	1750	TC
1	16285765	580	AG
1	16288846	2654	CT
1	16290360	1424	CT
1	16292625	2265	AG
1	16293052	427	GA
1	16300487	3841	AG
1	16307159	5620	AG
1	16307183	24	TC
1	16307224	41	AG
1	16307227	3	CT
1	16307497	270	TC
1	16307720	223	TC
1	16307761	41	TC
1	16308043	282	GC
1	16308925	847	AT
1	16309238	226	CT
1	16309318	80	AG
1	16309463	145	AG
1	16309525	62	GC
1	16309834	240	AG
1	16310290	244	TG
1	16310325	35	GA
1	16310349	24	TA
1	16310430	81	AG
1	16310469	39	GA
1	16312048	1179	CA
1	16312925	171	GC
1	16313715	269	CT
1	16314156	441	GC
1	16314204	48	AG
1	16314241	37	CG
1	16314573	332	GA
1	16314717	144	AG
1	16315532	815	CG
1	16316039	507	GA
1	16318246	2131	TC
1	16319008	762	CA
1	16360123	28946	CG
1	16366385	3919	GA
1	16374617	5638	CT
1	16380414	3721	CT
1	16382475	1967	GA
1	16383566	541	AG
1	16383609	43	TC
1	16384168	65	TC
1	16385750	404	AG
1	16399466	11662	CG
1	16402011	2180	CT
1	16402906	895	CT
1	16409159	5756	GT
1	16411031	1551	GA
1	16426372	14837	AT
1	16428578	2131	GA
1	16429676	861	CT
1	16436385	4318	CT
1	16436606	221	AG
1	16437462	856	GA
1	16438146	641	TC
1	16440750	1470	CT
1	16441430	680	TA
1	16448500	4055	AG
1	16452868	2881	CA
1	16454136	894	AC
1	16457177	2411	AC
1	16458122	945	TA
1	16458625	503	GT
1	16459393	719	CT
1	16461697	2222	CT
1	16463235	1538	GA
1	16465504	1936	CT
1	16465604	100	GA
1	16467741	1966	CT
1	16469271	1530	GA
1	16470555	1266	AC
1	16473838	3064	CG
1	16475536	1458	GA
1	16490952	12654	AG
1	16514974	17251	CT
1	16526137	9725	AG
1	16529032	2715	CG
1	16538809	7415	TC
1	16541821	2220	GA
1	16547353	2103	AT
1	16547392	39	GA
1	16551446	2637	CA
1	16551482	36	GA
1	16577317	18123	CA
1	16578061	447	CT
1	16578208	147	CT
1	16579253	292	CG
1	16579270	17	GA
1	16579621	351	GC
1	16580163	542	AC
1	16580297	134	CG
1	16580893	330	TC
1	16582828	1003	CT
1	16583951	750	AG
1	16586252	930	GC
1	16588554	657	CG
1	16588759	205	GT
1	16589588	829	GT
1	16590570	158	GC
1	16590659	89	AG
1	16597277	3476	CT
1	16597482	205	GA
1	16597528	46	AG
1	16598418	849	GC
1	16599312	696	GA
1	16599377	65	GC
1	16599702	325	TG
1	16602737	1912	GA
1	16602864	127	GA
1	16602919	55	TG
1	16603063	144	AG
1	16603378	315	AG
1	16603416	38	TC
1	16603448	32	TC
1	16603898	450	CT
1	16604046	148	GA
1	16604100	54	AG
1	16604144	44	AG
1	16604159	15	TG
1	16604397	238	GC
1	16604599	202	TC
1	16604632	33	TC
1	16604679	47	TC
1	16604724	45	GA
1	16604725	1	GA
1	16604967	242	CT
1	16605441	391	CT
1	16605517	76	GC
1	16605520	3	GA
1	16605684	164	GA
1	16605739	55	TG
1	16606025	286	TG
1	16606076	51	AG
1	16606290	214	GA
1	16606419	129	GA
1	16607883	688	CT
1	16608071	188	GA
1	16609543	679	CT
1	16609556	13	CT
1	16609897	341	TA
1	16610087	190	CG
1	16610364	277	CT
1	16610397	33	GC
1	16610577	180	AG
1	16611557	551	CT
1	16613890	660	CT
1	16614016	126	CT
1	16615652	926	TC
1	16616028	376	CT
1	16616050	22	TC
1	16617151	761	CT
1	16617465	248	TG
1	16617947	482	GC
1	16618395	448	TG
1	16618399	4	TC
1	16619808	1377	TC
1	16619853	45	AC
1	16621301	1305	TG
1	16621773	472	TC
1	16622274	469	AG
1	16625001	1447	GA
1	16625224	223	AT
1	16626292	1068	CT
1	16626500	208	TC
1	16626550	50	AC
1	16626661	111	GA
1	16626943	282	AC
1	16628380	701	AG
1	16628388	8	GA
1	16628688	92	AC
1	16629307	163	GA
1	16629336	29	CT
1	16629360	24	GA
1	16629408	48	CG
1	16629423	15	CT
1	16629478	55	AG
1	16629695	217	CT
1	16629725	30	AC
1	16629729	4	GC
1	16629768	39	TC
1	16629802	34	CT
1	16630325	137	GC
1	16630953	219	AG
1	16630965	12	AG
1	16630994	29	GT
1	16631084	90	CG
1	16631345	261	CT
1	16631691	346	GA
1	16631728	37	GA
1	16631945	217	AT
1	16632015	70	GA
1	16634428	2055	CA
1	16634985	514	GA
1	16635505	520	AC
1	16635517	12	CA
1	16635547	30	CA
1	16635597	50	CT
1	16636282	685	CG
1	16636495	145	CT
1	16636696	201	TC
1	16641509	1039	GA
1	16642977	771	TC
1	16643013	36	GC
1	16643093	80	CT
1	16644612	579	AG
1	16644683	71	AG
1	16644841	158	GA
1	16645270	429	GT
1	16645317	47	AG
1	16645356	39	GA
1	16645393	37	GA
1	16645565	172	GT
1	16645852	287	TG
1	16646002	150	CT
1	16646158	156	AG
1	16646849	691	TC
1	16647104	255	GA
1	16647912	725	CT
1	16648142	230	AG
1	16648216	74	GA
1	16648529	313	AG
1	16648830	301	TC
1	16648871	41	CA
1	16648885	14	TC
1	16649317	432	TC
1	16650026	709	CT
1	16673496	20260	AG
1	16682028	4658	GC
1	16699235	13290	TC
1	16699236	1	CA
1	16699365	129	GA
1	16699547	82	CA
1	16699978	431	GA
1	16700057	79	GC
1	16700698	192	AC
1	16701280	73	TC
1	16702372	761	TC
1	16703794	1422	AG
1	16704611	817	AC
1	16706413	1802	AG
1	16706816	403	TC
1	16706874	58	CT
1	16706883	9	GA
1	16708860	1751	AG
1	16709576	382	CT
1	16710850	861	TC
1	16711931	230	TA
1	16712286	355	TC
1	16712757	471	AC
1	16715945	275	TC
1	16717027	899	GA
1	16723181	2522	GA
1	16725468	1662	GT
1	16725469	1	CT
1	16729123	941	GA
1	16730038	915	GA
1	16730381	343	TC
1	16734055	2983	TG
1	16734185	130	CT
1	16754884	12771	GA
1	16762873	6806	TG
1	16779915	9134	AG
1	16802490	427	TG
1	16802512	22	AC
1	16802966	454	CT
1	16803015	49	AG
1	16824517	443	GA
1	16825339	579	GA
1	16825917	578	CT
1	16826402	425	CT
1	16826528	126	GA
1	16831471	2358	GT
1	16832437	733	GC
1	16836707	3154	CT
1	16836973	266	CT
1	16837281	308	GA
1	16838493	938	GA
1	16838665	172	TC
1	16839431	515	CG
1	16840045	573	CT
1	16840432	387	CT
1	16840883	76	TC
1	16845357	3483	CT
1	16845992	309	AG
1	16846878	838	GA
1	16846893	15	TC
1	16846919	26	CT
1	16846923	4	CT
1	16848647	1551	CT
1	16848816	169	GA
1	16848916	100	AG
1	16849084	2	AG
1	16849176	92	GC
1	16849607	431	CT
1	16850323	662	TC
1	16850457	134	CT
1	16854763	1731	TC
1	16856106	898	TC
1	16860505	3123	CG
1	16861077	572	GA
1	16864833	2100	GA
1	16865735	902	CT
1	16866946	485	GA
1	16867506	541	TC
1	16867772	266	GC
1	16868527	407	CA
1	16868834	307	CT
1	16873674	1536	AG
1	16873710	36	GA
1	16874875	579	CT
1	16876324	1199	CG
1	16876610	286	GC
1	16876680	70	CT
1	16877126	299	GT
1	16877563	382	CT
1	16877606	43	CA
1	16877810	204	CT
1	16882598	2650	TC
1	16882960	362	GC
1	16883063	103	TC
1	16883177	114	TC
1	16883196	19	GC
1	16883294	98	AG
1	16883772	141	TG
1	16883864	92	GA
1	16883882	18	TC
1	16883941	59	TC
1	16884550	609	TC
1	16884554	4	GA
1	16884693	139	CT
1	16884843	150	CT
1	16885609	438	AC
1	16885637	28	CA
1	16888057	900	TA
1	16888313	256	CT
1	16888410	97	CA
1	16888422	12	CT
1	16888710	80	GA
1	16889610	867	AT
1	16889618	8	CT
1	16889871	253	CT
1	16891174	911	AG
1	16891887	713	AG
1	16892330	443	CA
1	16895006	1379	TG
1	16897118	663	TC
1	16897832	714	AG
1	16897865	33	CA
1	16897901	36	TC
1	16898058	157	GA
1	16898136	78	GA
1	16898527	82	CT
1	16898592	65	CT
1	16898597	5	CT
1	16898653	56	CT
1	16898670	17	GA
1	16898916	246	AT
1	16898921	5	GA
1	16899242	297	CT
1	16900806	1118	GC
1	16903133	1251	CT
1	16905449	708	TG
1	16909628	2709	GC
1	16910421	793	TA
1	16910489	68	GC
1	16910545	56	TA
1	16912420	902	AG
1	16912583	163	CT
1	16912645	62	TC
1	16912744	99	AG
1	16913209	465	TC
1	16914776	390	GA
1	16915627	623	TC
1	16915756	129	TC
1	16916447	94	CA
1	16918343	1452	GA
1	16923359	3658	GA
1	16923680	293	CT
1	16924185	505	AG
1	16925336	1151	TA
1	16936589	10532	GA
1	16937098	509	AC
1	16938602	1504	CT
1	16939020	418	GA
1	16942895	3657	TC
1	16944330	1155	GA
1	16947091	1722	CT
1	16947228	137	GC
1	16948034	610	CT
1	16949747	678	CA
1	16949748	1	AG
1	16949761	13	AC
1	16949803	42	GA
1	16949815	12	TC
1	16949833	18	GT
1	16949951	118	AG
1	16950418	445	CA
1	16950435	17	AC
1	16951258	516	CG
1	16951341	83	GA
1	16951908	214	GA
1	16951929	21	TC
1	16952114	185	CT
1	16953069	704	CT
1	16953345	276	TG
1	16953467	122	AG
1	16954422	847	AG
1	16954865	443	CT
1	16955064	199	CT
1	16955094	30	TC
1	16955659	368	AC
1	16956792	776	AG
1	16956802	10	GC
1	16956817	15	AG
1	16956868	51	TA
1	16957082	214	CG
1	16957638	191	TC
1	16957715	77	GA
1	16958326	153	CA
1	16958357	31	TG
1	16958375	18	GA
1	16958380	5	GC
1	16961724	1710	GA
1	16961784	60	GA
1	16961845	61	TC
1	16961974	81	GA
1	16962954	802	TC
1	16964501	1547	CG
1	16966178	1361	AG
1	17003177	22601	TC
1	17004316	775	GT
1	17012627	5975	TC
1	17014035	1336	TG
1	17017093	1576	AG
1	17021315	3718	GA
1	17021522	207	GA
1	17024094	2164	TC
1	17031350	4400	GT
1	17034726	3168	GA
1	17035004	278	AG
1	17036074	594	CT
1	17043193	6074	CT
1	17043295	102	TC
1	17043627	34	GA
1	17043638	11	TG
1	17043728	90	CT
1	17043880	152	AG
1	17044252	372	CG
1	17044296	44	CT
1	17044632	336	TG
1	17045569	813	CG
1	17046258	689	TC
1	17046607	349	TG
1	17046900	293	CT
1	17046956	56	TC
1	17047109	153	TG
1	17047187	78	GA
1	17047202	15	GT
1	17047253	51	GT
1	17047272	19	CG
1	17047336	64	TC
1	17047628	155	GC
1	17048153	208	TC
1	17048594	303	CG
1	17049924	1214	TC
1	17049993	69	GA
1	17051513	1189	GA
1	17051531	18	GA
1	17051902	206	CT
1	17052113	211	CT
1	17052122	9	GT
1	17052261	139	CT
1	17052299	38	CT
1	17052516	217	CT
1	17053337	747	CT
1	17053585	248	AC
1	17053783	198	TC
1	17054203	420	AG
1	17054417	214	CT
1	17054562	145	TC
1	17056098	645	CT
1	17057362	1060	CT
1	17058696	1334	GA
1	17058842	146	CA
1	17058863	21	TA
1	17059720	740	AG
1	17060315	595	TC
1	17060353	38	GT
1	17062422	1220	AG
1	17068263	3376	CG
1	17068598	138	GA
1	17069072	474	GT
1	17069774	702	AG
1	17070221	265	GA
1	17070735	352	CG
1	17071363	270	CT
1	17071580	217	TC
1	17072227	647	AG
1	17073874	1456	TC
1	17074000	126	AG
1	17075749	1401	AG
1	17076632	434	AG
1	17076673	41	TA
1	17076837	164	TC
1	17076965	128	AG
1	17077044	79	CT
1	17077274	230	AG
1	17077444	170	CG
1	17077478	34	AG
1	17077493	15	GA
1	17079463	557	CT
1	17079677	214	AC
1	17080081	336	GA
1	17080281	200	TC
1	17080972	522	AG
1	17081075	103	AG
1	17081083	8	TC
1	17081245	162	GC
1	17084607	2392	TC
1	17087281	1525	TC
1	17092931	1540	AG
1	17102559	7382	GA
1	17102790	231	AG
1	17103809	868	CT
1	17103826	17	GA
1	17103834	8	AG
1	17103898	64	AG
1	17103999	101	CA
1	17104051	52	GC
1	17105283	1164	TC
1	17105373	90	TC
1	17105479	106	AG
1	17106613	1082	CT
1	17107943	1117	GA
1	17108448	505	GA
1	17108783	217	GT
1	17108856	73	CT
1	17108876	20	CT
1	17109030	154	AG
1	17109125	95	TC
1	17109159	34	TG
1	17109945	725	GC
1	17110704	759	GA
1	17110787	83	TC
1	17111428	611	GA
1	17111725	297	AC
1	17113208	1447	CT
1	17113341	133	CT
1	17118197	1916	TC
1	17118298	101	CA
1	17119839	1541	GC
1	17120110	271	GA
1	17124865	2929	TC
1	17125415	449	TC
1	17125581	166	AC
1	17125709	128	CT
1	17125869	160	TG
1	17125927	58	AC
1	17126530	603	AC
1	17126612	82	CT
1	17126637	25	TC
1	17126668	31	CG
1	17126904	236	AG
1	17127275	371	TC
1	17127591	104	CA
1	17127645	54	CT
1	17127702	57	AC
1	17128097	261	CT
1	17129060	963	TC
1	17130950	1781	AG
1	17132829	1726	TC
1	17133094	265	AG
1	17134976	1492	TG
1	17135465	432	CA
1	17135760	295	AG
1	17135986	226	CT
1	17139425	206	GA
1	17139750	202	TC
1	17139982	232	TC
1	17140018	36	AG
1	17140605	151	GA
1	17140710	105	GA
1	17140897	187	TG
1	17140925	28	GC
1	17140947	22	TC
1	17141018	71	GA
1	17141099	81	CT
1	17141159	60	AG
1	17141177	18	AG
1	17141231	54	GC
1	17141253	22	GA
1	17141279	26	TG
1	17141306	27	TA
1	17141419	113	AG
1	17141421	2	GA
1	17141431	10	TA
1	17141670	239	CT
1	17141741	71	CT
1	17141785	44	GA
1	17142865	1080	GC
1	17142893	28	CT
1	17143194	301	TC
1	17143470	276	GA
1	17143651	181	AG
1	17143812	161	AG
1	17144021	209	TC
1	17144316	273	AG
1	17144330	14	GT
1	17144382	52	CT
1	17145124	524	AG
1	17145503	379	CT
1	17146503	1000	CT
1	17146535	32	CT
1	17147125	300	GC
1	17147678	506	CG
1	17147680	2	GA
1	17147704	24	GA
1	17147969	265	GA
1	17147973	4	GC
1	17148153	180	CT
1	17148167	14	TC
1	17148175	8	GA
1	17148473	174	CG
1	17148589	116	GT
1	17149347	466	TG
1	17149405	58	GA
1	17149674	269	CT
1	17149692	18	GA
1	17149740	48	AG
1	17149782	42	AG
1	17149791	9	GC
1	17149821	30	CA
1	17149863	42	CG
1	17150831	438	TC
1	17151473	597	TG
1	17152519	875	CG
1	17152535	16	CT
1	17152921	178	AG
1	17153202	209	AG
1	17153666	464	CG
1	17154264	394	AG
1	17154524	260	CT
1	17154593	69	AG
1	17155341	748	TC
1	17155406	65	AT
1	17155509	103	CG
1	17155565	56	CT
1	17155688	123	AG
1	17155714	26	TC
1	17155749	35	CT
1	17155761	12	CT
1	17157042	730	TC
1	17157116	74	CT
1	17157823	493	GT
1	17158311	488	TC
1	17158503	192	GA
1	17159056	553	AG
1	17159957	768	CA
1	17161869	1856	CT
1	17162012	143	AG
1	17169259	5459	AG
1	17169397	138	GA
1	17169453	56	CT
1	17169556	49	GA
1	17169605	49	AG
1	17176001	1757	GA
1	17180219	2987	GA
1	17182488	1382	GA
1	17184687	1924	CT
1	17189162	3410	CT
1	17189492	180	AG
1	17192790	2928	GA
1	17193932	1142	GC
1	17195690	1116	CT
1	17196023	333	GA
1	17196177	154	CT
1	17198128	1686	CG
1	17202332	2509	AG
1	17203441	1109	AG
1	17203916	475	TG
1	17204831	915	TC
1	17204929	98	GA
1	17204932	3	CT
1	17204936	4	CT
1	17204940	4	GC
1	17204950	10	AC
1	17204955	5	AG
1	17205487	532	TC
1	17205494	7	AC
1	17205506	12	CT
1	17205581	75	TC
1	17205842	261	TC
1	17207402	1560	GT
1	17207714	230	CT
1	17209218	1504	AG
1	17209239	21	GA
1	17210255	1016	AG
1	17213834	1021	AG
1	17214054	101	AG
1	17214311	215	GA
1	17215797	1387	AG
1	17220764	4398	AC
1	17221994	1230	CG
1	17225250	3117	GC
1	17225373	123	GA
1	17225520	147	CG
1	17225799	279	CA
1	17226021	222	AT
1	17226914	631	CT
1	17227344	430	CG
1	17227626	282	CG
1	17227669	43	CA
1	17228947	1205	CT
1	17229701	754	AG
1	17230384	571	CT
1	17231072	272	GC
1	17231195	123	TG
1	17231205	10	AG
1	17231359	154	TA
1	17232518	854	AT
1	17232625	107	GA
1	17232672	47	GT
1	17232697	25	AG
1	17232714	17	GA
1	17233435	344	AG
1	17233738	303	GA
1	17233740	2	TC
1	17233775	35	CT
1	17233794	19	CT
1	17233880	86	TG
1	17233909	29	GA
1	17234076	110	TC
1	17234086	10	AG
1	17235273	871	GA
1	17235640	367	TA
1	17235805	165	GA
1	17235880	75	AT
1	17236253	373	AC
1	17236845	248	CT
1	17238034	1077	GC
1	17238127	93	AG
1	17238253	126	GA
1	17238343	90	TC
1	17238350	7	CG
1	17238651	301	TC
1	17238729	78	AG
1	17238963	162	AG
1	17239195	232	AC
1	17239292	97	GA
1	17239531	239	AG
1	17241372	1067	AG
1	17241378	6	GA
1	17241419	41	CG
1	17241451	32	GT
1	17241915	341	CT
1	17242684	769	AG
1	17242747	63	GT
1	17243055	308	TC
1	17243066	11	GA
1	17244118	954	CG
1	17244167	49	AG
1	17244402	235	AG
1	17245546	715	AG
1	17246793	659	TG
1	17246831	38	GA
1	17247246	362	CT
1	17247275	29	CT
1	17247361	86	TC
1	17247665	304	TC
1	17247748	83	TC
1	17247898	150	TA
1	17247963	65	AG
1	17248216	253	CT
1	17248413	197	GA
1	17248420	7	AC
1	17248692	272	CT
1	17248695	3	CT
1	17248836	141	AC
1	17250495	1578	GA
1	17251340	845	CT
1	17251501	161	TC
1	17254159	1652	AG
1	17256878	1972	TC
1	17256985	107	GA
1	17258619	398	TC
1	17258670	51	CT
1	17259921	621	GA
1	17260004	83	TC
1	17261154	776	TC
1	17263742	1149	TC
1	17264519	614	AC
1	17265769	641	CT
1	17265815	46	TC
1	17267059	819	GA
1	17269826	1813	GC
1	17269955	129	GA
1	17270546	223	AG
1	17270569	23	AG
1	17272213	875	GA
1	17272728	515	GC
1	17274321	1036	GA
1	17275034	304	GA
1	17276839	1182	CT
1	17278433	948	CG
1	17278581	148	GA
1	17278912	265	CT
1	17279987	858	AG
1	17280043	56	AG
1	17286473	4295	TC
1	17286832	359	AT
1	17288158	1218	GT
1	17288173	15	GC
1	17288385	212	TC
1	17288401	16	GA
1	17289111	688	AG
1	17290575	1397	AG
1	17293966	3156	CA
1	17295417	1451	AT
1	17295850	433	AG
1	17296430	580	CG
1	17296674	244	CT
1	17297010	336	CG
1	17297081	71	CT
1	17297950	869	CT
1	17297998	48	GT
1	17300075	1159	CA
1	17300401	326	CG
1	17301208	807	GA
1	17301894	686	GA
1	17301962	68	CT
1	17302046	84	TA
1	17302103	57	GA
1	17302161	58	CG
1	17302227	66	AG
1	17304170	1943	TA
1	17305746	1537	CT
1	17306158	412	AG
1	17309802	2966	TC
1	17311506	1037	TG
1	17312711	839	CA
1	17313001	290	TC
1	17315652	1870	CT
1	17316133	163	CT
1	17320416	3132	TA
1	17320485	69	CG
1	17322251	1745	GA
1	17323002	393	TC
1	17323201	199	AT
1	17323490	265	CG
1	17324374	847	TG
1	17326628	2081	AG
1	17327048	420	GA
1	17327422	374	TC
1	17328392	970	TC
1	17328405	13	CG
1	17328451	46	GA
1	17328866	415	CT
1	17330154	1045	GA
1	17331295	1141	TC
1	17335869	4513	GC
1	17336907	933	TG
1	17337003	96	AT
1	17338739	963	CT
1	17341394	2530	GA
1	17349379	6384	AG
1	17349548	169	GC
1	17351718	1903	GT
1	17357182	4675	CG
1	17358023	841	AG
1	17358602	579	TC
1	17361348	2668	GT
1	17363679	2213	GA
1	17363935	256	CT
1	17365394	1422	AG
1	17365710	316	TG
1	17366024	314	CT
1	17366921	871	CT
1	17367244	323	TC
1	17367425	181	AG
1	17368001	576	CG
1	17377081	7236	GA
1	17378145	930	GC
1	17381747	1855	CT
1	17383470	1154	TC
1	17383875	322	GA
1	17386738	2609	TC
1	17388843	1344	TC
1	17390334	834	TC
1	17390409	75	TC
1	17390417	8	CT
1	17390421	4	CT
1	17390531	110	CT
1	17390993	462	GA
1	17391393	400	CT
1	17391831	438	AG
1	17391833	2	CT
1	17391849	16	AG
1	17391938	89	TA
1	17393232	1001	CT
1	17394044	812	CG
1	17394045	1	GA
1	17394047	2	GA
1	17394052	5	AC
1	17394054	2	GT
1	17394972	918	TA
1	17395495	413	AG
1	17396962	1176	CT
1	17397370	408	GA
1	17401894	3103	GA
1	17401906	12	AG
1	17401925	19	TC
1	17403369	1302	CT
1	17405634	1569	GA
1	17406680	664	CG
1	17406915	235	TA
1	17407739	486	TC
1	17407962	223	TA
1	17408757	795	CT
1	17408831	74	AG
1	17411510	2356	CA
1	17411533	23	GA
1	17412179	646	CT
1	17415730	1327	GA
1	17417253	1276	GC
1	17417365	112	GT
1	17417766	401	AG
1	17417895	129	GA
1	17417964	69	CT
1	17418799	835	AG
1	17421485	2686	CT
1	17424085	2600	GA
1	17424672	587	GC
1	17425398	726	GA
1	17426044	646	GA
1	17426329	285	TC
1	17430672	3254	TC
1	17430802	130	CG
1	17435655	3866	AG
1	17436978	1164	CA
1	17437170	192	GC
1	17437298	128	AG
1	17437330	32	CT
1	17439296	1934	TC
1	17441405	2047	GT
1	17441445	40	AC
1	17442317	808	GA
1	17442325	8	TC
1	17444602	2187	CG
1	17448007	2935	TC
1	17467140	6709	TC
1	17468444	1002	CG
1	17468565	121	GT
1	17471421	2548	GT
1	17472319	709	AT
1	17472366	47	TA
1	17472850	376	CT
1	17474113	1237	GA
1	17501289	18417	AG
1	17501329	40	TA
1	17503093	271	AC
1	17507045	3679	TC
1	17507123	78	AG
1	17509435	2031	AG
1	17515990	6342	TG
1	17516492	502	AG
1	17516667	175	AG
1	17517130	463	AG
1	17517254	124	TC
1	17517799	545	TC
1	17518571	752	TC
1	17519220	314	TC
1	17521273	1976	GT
1	17521346	73	CA
1	17523077	1187	GA
1	17525811	2337	CG
1	17527037	481	TC
1	17527600	463	GA
1	17527961	361	TC
1	17538920	7158	CT
1	17539512	592	GA
1	17541306	1794	GT
1	17545251	3595	CT
1	17546114	863	GA
1	17555833	7657	TC
1	17562155	5399	TC
1	17565737	2275	AC
1	17567699	1962	CA
1	17570886	2493	CA
1	17571768	531	AG
1	17571801	33	CT
1	17573219	1380	CT
1	17589052	12845	GC
1	17589424	372	TG
1	17591368	978	TG
1	17592718	519	CT
1	17596259	2932	GC
1	17597203	944	GA
1	17609422	3772	TC
1	17611443	1360	AG
1	17616017	328	AG
1	17620242	2051	CG
1	17620825	327	CG
1	17624056	3157	GA
1	17624653	326	CG
1	17646645	11944	GA
1	17657820	9110	CT
1	17668239	2125	GA
1	17676787	4191	AG
1	17683173	5412	AG
1	17684486	809	AC
1	17685519	564	TG
1	17685542	23	GC
1	17686052	88	GA
1	17690643	1354	AG
1	17690799	156	AC
1	17690852	53	AG
1	17691045	193	AG
1	17692150	529	GA
1	17693031	685	CT
1	17693109	78	GA
1	17693335	226	AC
1	17693795	348	TC
1	17698829	2619	AG
1	17698943	114	GC
1	17701105	1007	CA
1	17701153	48	CG
1	17703853	1891	CG
1	17703877	24	TA
1	17705222	1235	TG
1	17706416	972	CA
1	17707636	1220	GA
1	17707710	74	AG
1	17708216	506	AG
1	17708619	298	AG
1	17711244	1680	AG
1	17711356	112	TC
1	17712375	951	TC
1	17713197	822	CT
1	17713676	409	CT
1	17714452	776	TA
1	17714453	1	GC
1	17714739	286	AC
1	17714755	16	AG
1	17715294	284	CT
1	17715325	31	AG
1	17715376	51	CT
1	17715391	15	TC
1	17715419	28	CT
1	17715487	68	CT
1	17715829	312	GT
1	17715929	100	TC
1	17716001	72	CT
1	17721845	5528	CT
1	17722809	924	AG
1	17723003	194	CT
1	17723217	214	GT
1	17723219	2	CA
1	17724938	1659	GA
1	17727224	1528	CT
1	17727682	174	GA
1	17727893	211	CA
1	17732100	2297	CT
1	17732148	48	CT
1	17733552	430	CG
1	17734483	555	CT
1	17734854	371	CT
1	17734892	38	TC
1	17734927	35	CA
1	17735532	86	GT
1	17735673	76	AG
1	17735674	1	GA
1	17736970	671	GA
1	17737364	394	AG
1	17737456	92	GC
1	17737495	39	AG
1	17737652	157	CT
1	17737707	55	GA
1	17738023	230	CG
1	17738484	461	AG
1	17739237	706	TG
1	17739638	368	TC
1	17740456	753	TC
1	17741202	569	CT
1	17741725	458	CA
1	17742041	316	TC
1	17744687	1622	AT
1	17744824	137	CT
1	17746110	917	TC
1	17746643	533	AG
1	17746817	174	TG
1	17748161	914	CG
1	17750946	2162	TG
1	17751116	170	TA
1	17752152	759	CG
1	17752378	226	GA
1	17753630	1131	AG
1	17754931	521	AG
1	17756464	1158	AG
1	17756575	111	TC
1	17758605	1561	GA
1	17758687	82	CT
1	17758778	91	TC
1	17759047	269	GT
1	17759197	150	CT
1	17763273	1770	CG
1	17767541	3015	CA
1	17768080	406	AC
1	17769518	1405	CT
1	17769553	35	GC
1	17772227	524	AG
1	17774454	1427	GA
1	17778143	1620	GC
1	17778258	115	CT
1	17781311	1693	CT
1	17783560	1246	TG
1	17786146	961	GA
1	17787980	1571	GT
1	17788262	173	CT
1	17788276	14	TA
1	17790042	1190	CT
1	17790043	1	AG
1	17791393	1068	GA
1	17791394	1	AG
1	17793279	772	CT
1	17793503	224	GA
1	17796762	3259	CA
1	17801134	2350	AG
1	17801301	167	CA
1	17802044	743	TC
1	17804242	1867	CT
1	17804321	79	TC
1	17804546	225	AT
1	17804564	18	GA
1	17804834	270	GA
1	17804859	25	TA
1	17805370	353	CT
1	17805545	175	AG
1	17805593	48	GA
1	17805596	3	GA
1	17806188	592	GA
1	17806690	502	GA
1	17807931	630	AG
1	17808124	193	AG
1	17808157	33	TA
1	17808346	189	CG
1	17808570	73	CT
1	17808648	78	GA
1	17810415	1403	GA
1	17814497	3030	CT
1	17815434	825	CT
1	17815555	121	CT
1	17816870	670	CT
1	17817183	88	AG
1	17819260	433	GA
1	17820287	493	CT
1	17825791	2227	GA
1	17825812	21	AG
1	17829183	693	TC
1	17830480	1125	AC
1	17860969	8500	AG
1	17870843	9027	AG
1	17871123	247	AG
1	17871222	99	GT
1	17871320	98	CT
1	17871435	115	CT
1	17871457	22	AG
1	17871464	7	GA
1	17872338	874	GA
1	17874780	2442	CT
1	17876653	1873	CT
1	17876815	162	AG
1	17876823	8	CT
1	17878774	1925	CT
1	17879580	781	GC
1	17879806	207	AG
1	17880191	385	CT
1	17881618	1427	CG
1	17882552	856	AG
1	17882762	210	GC
1	17882792	30	GA
1	17883060	268	GA
1	17883749	172	GC
1	17883791	42	GT
1	17887075	2687	TC
1	17887270	195	TC
1	17888191	398	GA
1	17891327	2032	TC
1	17893044	1230	CT
1	17893116	72	TC
1	17894828	1435	TC
1	17895701	527	GA
1	17895794	93	CT
1	17897627	839	TG
1	17899752	1345	CA
1	17907254	5795	TC
1	17912660	354	AT
1	17914890	331	GA
1	17918525	894	AG
1	17921040	835	CT
1	17928147	2661	AG
1	17928594	243	CT
1	17931087	1134	AC
1	17937472	4972	TG
1	17937829	357	GA
1	17941671	1661	AG
1	17942071	400	CT
1	17942737	497	TC
1	17949264	6051	GA
1	17950035	771	CT
1	17950851	816	TC
1	17954402	2950	TC
1	17955673	881	CA
1	17965891	7943	TC
1	17966598	343	AG
1	17967272	498	TC
1	17967739	467	AG
1	17967851	112	CT
1	17967888	37	TC
1	17967892	4	AG
1	17970207	794	TG
1	17970239	32	GA
1	17970566	327	AG
1	17970656	90	CA
1	17970995	339	AG
1	17972142	283	AG
1	17973110	521	CG
1	17973274	164	CG
1	17973409	135	TG
1	17973441	32	GC
1	17973623	147	CA
1	17973954	331	GA
1	17974177	223	CA
1	17974250	73	TC
1	17974362	112	CT
1	17974407	45	GA
1	17974422	15	TC
1	17974761	339	AG
1	17975216	455	GA
1	17975255	39	TC
1	17975856	90	CT
1	17976311	436	TC
1	17976775	265	AC
1	17977327	223	GA
1	17977946	151	CA
1	17978190	244	CT
1	17978357	144	TC
1	17978446	89	TC
1	17978523	77	GC
1	17981514	508	GA
1	17981975	340	TC
1	17982223	248	GC
1	17982337	114	AG
1	17982854	210	GA
1	17982882	28	TC
1	17982900	18	TC
1	17982920	20	TC
1	17982953	33	CT
1	17983068	115	CT
1	17983281	213	GA
1	17983290	9	GA
1	17983292	2	AG
1	17984100	342	CT
1	17985105	319	GT
1	17985717	547	GA
1	17986951	195	GT
1	17987558	462	AG
1	17987755	75	TC
1	17987842	87	AG
1	17988590	748	GA
1	17989583	689	TC
1	17989586	3	AG
1	17990024	438	TA
1	17991673	1411	CA
1	17991854	181	GA
1	17992885	926	TC
1	17993809	924	GA
1	17995039	1210	TC
1	17995487	448	TC
1	17995724	237	GT
1	17996922	1198	CT
1	17997219	297	CT
1	17997278	59	TC
1	17997308	30	TA
1	17998354	881	AG
1	17999702	1243	CT
1	18000652	912	GA
1	18001673	473	AG
1	18002010	337	TC
1	18002794	641	AG
1	18003708	852	AG
1	18004426	718	AT
1	18004514	88	AG
1	18004532	18	TC
1	18004661	129	TG
1	18004723	62	GA
1	18005866	1143	AG
1	18006031	165	TC
1	18006859	608	AT
1	18007299	440	CG
1	18007430	131	CT
1	18007791	200	TC
1	18008126	335	CA
1	18008265	139	CG
1	18008401	136	CT
1	18008498	97	AG
1	18008649	151	GC
1	18008766	117	TG
1	18008781	15	TG
1	18008917	136	AG
1	18009247	308	GC
1	18009720	473	GA
1	18010036	316	AG
1	18010897	861	AG
1	18013784	1916	AG
1	18014179	395	AT
1	18014230	51	AG
1	18014387	157	GA
1	18015239	852	TC
1	18016208	766	TA
1	18016324	116	GC
1	18018130	1806	TC
1	18018333	203	CT
1	18021912	3500	CT
1	18022533	621	CT
1	18031067	5969	GT
1	18031176	109	CT
1	18034239	2517	CT
1	18034403	164	GA
1	18040180	4399	TG
1	18041200	1020	CT
1	18053122	10787	CG
1	18053905	783	CT
1	18054123	190	AC
1	18055372	1204	GT
1	18056466	973	AG
1	18057113	647	GA
1	18060718	2831	TG
1	18063402	2022	GA
1	18066830	3200	CG
1	18067377	446	TA
1	18067580	203	CT
1	18073568	3790	TC
1	18073859	291	TC
1	18074162	303	GA
1	18074999	792	TC
1	18075292	293	TC
1	18075293	1	GA
1	18075831	503	CG
1	18076274	406	CT
1	18076389	115	GC
1	18076412	23	GA
1	18076633	221	CT
1	18076825	192	GA
1	18076999	174	TC
1	18077469	398	AG
1	18079183	1499	CT
1	18081058	945	CT
1	18081625	567	CT
1	18081734	109	CT
1	18081954	220	TA
1	18082569	373	GA
1	18082720	151	CT
1	18083560	589	CG
1	18084161	601	AG
1	18084657	496	AG
1	18084886	229	CT
1	18085300	370	CT
1	18085400	100	TG
1	18085645	214	CT
1	18085781	136	CG
1	18085946	165	GA
1	18086120	174	GA
1	18086132	12	GT
1	18086145	13	TC
1	18089890	3214	AG
1	18096954	7018	CG
1	18097028	74	GA
1	18103501	4758	CT
1	18108353	2609	CT
1	18109976	1541	AG
1	18115026	4513	AG
1	18115968	942	TG
1	18116307	320	TG
1	18116329	22	GA
1	18117206	730	GA
1	18119743	2108	AG
1	18119751	8	GA
1	18119832	81	TC
1	18120471	205	GA
1	18122192	1247	AT
1	18122655	149	GA
1	18123736	1081	AC
1	18125058	776	GA
1	18126243	1103	GA
1	18134824	6864	AG
1	18136441	1617	AG
1	18139401	2736	CT
1	18139489	88	AG
1	18140295	806	GA
1	18140413	118	AG
1	18140816	403	AG
1	18141238	422	CA
1	18141875	637	CT
1	18142134	259	CT
1	18146192	4017	AG
1	18146481	289	AG
1	18152923	5674	GA
1	18153240	317	AG
1	18157551	3665	GA
1	18158848	1113	GA
1	18158859	11	CT
1	18158962	103	CT
1	18161392	1828	TC
1	18161776	359	TC
1	18161903	127	GA
1	18162128	225	AT
1	18162492	364	CA
1	18165111	2140	CT
1	18167461	2195	GT
1	18172220	4475	TC
1	18173058	277	TC
1	18173870	812	CT
1	18175935	1762	CA
1	18176138	203	AT
1	18176286	148	AG
1	18176712	258	CT
1	18177791	1079	TC
1	18180527	2694	AG
1	18181213	617	GA
1	18181538	325	GT
1	18183263	1230	CT
1	18183623	322	GA
1	18184834	858	AG
1	18184869	35	AG
1	18184986	117	TA
1	18185250	264	CT
1	18185384	134	GA
1	18185399	15	GA
1	18185475	76	CT
1	18185523	48	CT
1	18185833	310	GA
1	18186334	501	AG
1	18186603	269	AG
1	18192543	5846	TC
1	18193356	501	GA
1	18193387	31	AC
1	18203176	5905	CT
1	18203722	546	AG
1	18204375	653	AG
1	18207290	664	GA
1	18208209	693	CG
1	18209447	909	GA
1	18209646	62	GA
1	18210928	790	AG
1	18211052	124	AC
1	18211067	15	TC
1	18211492	115	CT
1	18213427	569	TC
1	18214026	528	CA
1	18214090	64	TC
1	18214136	46	CT
1	18214909	565	TC
1	18215574	212	TC
1	18215623	49	AG
1	18217269	1253	CT
1	18218700	1391	GA
1	18218958	258	GA
1	18219090	132	GA
1	18219544	306	TC
1	18221637	1979	TG
1	18222281	644	TG
1	18222293	12	TC
1	18225516	2869	TC
1	18225703	187	CG
1	18226308	255	AG
1	18226379	71	CT
1	18226554	175	GA
1	18227405	851	GC
1	18227650	214	AG
1	18228656	961	CT
1	18228927	237	CG
1	18229034	107	TC
1	18229072	38	GA
1	18229253	181	GC
1	18229454	201	TG
1	18229599	145	TC
1	18229857	258	CG
1	18229947	90	AC
1	18230551	604	TG
1	18231138	587	TC
1	18232235	892	AC
1	18232763	528	TC
1	18232966	203	AG
1	18233525	535	AG
1	18234603	839	TC
1	18234754	151	GA
1	18234755	1	CT
1	18234788	33	TC
1	18234934	146	GC
1	18235020	86	CG
1	18235060	40	CT
1	18235099	39	TC
1	18235544	445	GA
1	18235545	1	GT
1	18235766	221	AG
1	18237125	994	TC
1	18237291	166	AC
1	18237362	71	GA
1	18237938	179	AG
1	18238250	312	TC
1	18238266	16	AG
1	18239020	709	AG
1	18239104	84	TC
1	18239139	35	GC
1	18240895	1091	CT
1	18241579	684	TC
1	18242004	425	CG
1	18242256	252	TC
1	18242360	104	TC
1	18242476	116	CT
1	18242512	36	TC
1	18242515	3	CT
1	18243573	777	AG
1	18243863	290	CG
1	18244351	488	GA
1	18244436	85	CT
1	18245089	616	TC
1	18245103	14	GA
1	18245882	779	TC
1	18246593	711	CG
1	18246595	2	TC
1	18247550	955	GA
1	18248488	815	CT
1	18248612	124	TC
1	18249049	437	GA
1	18249248	199	TC
1	18249595	347	CT
1	18250185	590	GA
1	18250261	76	AG
1	18250772	511	CT
1	18250878	106	AG
1	18250920	42	TC
1	18251356	436	TG
1	18251889	533	CG
1	18252026	137	CT
1	18252027	1	GC
1	18252061	34	TG
1	18252062	1	GT
1	18252172	50	AG
1	18252241	69	CT
1	18252331	49	GC
1	18252338	7	TC
1	18252592	254	AG
1	18252761	169	CT
1	18253726	878	CG
1	18254341	615	AG
1	18254378	37	TC
1	18254412	34	TC
1	18254449	37	GA
1	18256786	608	TG
1	18256881	95	CT
1	18257125	244	CT
1	18257908	321	CA
1	18259933	1841	CT
1	18259990	57	AG
1	18261283	1237	TC
1	18261366	83	CT
1	18261511	145	TC
1	18261828	317	CT
1	18261899	71	GA
1	18262132	233	GA
1	18262219	87	TC
1	18262384	165	AG
1	18262592	208	TC
1	18262792	176	GC
1	18262967	175	TC
1	18263128	161	GC
1	18263617	489	TG
1	18263801	184	AC
1	18263821	20	AG
1	18263827	6	CT
1	18264040	213	AG
1	18264276	236	TC
1	18264534	258	GA
1	18264729	195	TC
1	18264840	111	GC
1	18264904	64	CT
1	18266245	1312	GA
1	18266269	24	TC
1	18266573	304	CT
1	18267818	1174	TC
1	18267883	65	TC
1	18268018	135	GA
1	18268214	196	TA
1	18268465	251	GA
1	18268577	112	AG
1	18268601	24	GA
1	18268781	180	TC
1	18269707	883	AG
1	18270005	298	CT
1	18270454	449	TC
1	18270723	269	CT
1	18270763	40	CT
1	18270956	193	TG
1	18271001	45	CT
1	18271049	48	CA
1	18272960	797	CT
1	18273988	684	CT
1	18275978	1990	AC
1	18276217	239	TG
1	18281132	4073	AC
1	18283406	1983	CT
1	18283948	542	AG
1	18285737	1267	CT
1	18286476	739	CT
1	18288181	1566	GA
1	18289405	383	CT
1	18289631	226	TC
1	18289747	116	TC
1	18289869	122	GA
1	18289962	93	GC
1	18290080	118	CT
1	18290081	1	CT
1	18290108	27	TC
1	18290137	29	GA
1	18290143	6	TC
1	18290152	9	CT
1	18290217	65	TC
1	18291282	743	TC
1	18291977	243	AG
1	18292023	46	AT
1	18292377	354	AG
1	18292765	362	GC
1	18292923	120	AC
1	18292927	4	TG
1	18293020	93	CG
1	18294028	660	CT
1	18294036	8	TC
1	18294548	483	CT
1	18294815	267	CT
1	18294817	2	TC
1	18295802	947	TG
1	18296213	411	GT
1	18296242	29	AG
1	18296421	179	CT
1	18300824	3780	CT
1	18301176	352	CT
1	18301864	688	AG
1	18302019	155	CT
1	18303236	1217	CT
1	18304506	1182	AG
1	18304633	127	GA
1	18305288	554	CT
1	18305303	15	TC
1	18305675	372	TC
1	18305951	276	TG
1	18307076	474	TG
1	18307977	754	CT
1	18308623	646	CT
1	18308756	133	CT
1	18311050	225	AG
1	18312540	1490	TA
1	18316742	1778	GA
1	18317920	348	CT
1	18321011	2485	AG
1	18322022	955	GA
1	18322164	142	GA
1	18324093	1684	GC
1	18324278	185	TC
1	18326103	1037	AG
1	18326193	90	GC
1	18331918	2245	TC
1	18332102	184	CT
1	18332104	2	AG
1	18332356	252	CT
1	18333242	647	AG
1	18333384	142	GA
1	18333476	92	GA
1	18333632	156	AG
1	18333704	72	CT
1	18333707	3	TC
1	18334849	733	CA
1	18336467	1033	CT
1	18346849	5363	AC
1	18347537	688	CT
1	18353848	4298	CT
1	18355754	1406	CA
1	18361584	4179	AG
1	18370570	8565	CA
1	18372667	2052	GC
1	18375503	2346	CT
1	18375747	217	GA
1	18376634	860	CT
1	18380823	2725	CA
1	18382065	1242	CT
1	18382980	915	TA
1	18383970	990	TA
1	18384589	619	TG
1	18384701	112	CA
1	18385067	366	AC
1	18385921	854	AT
1	18385938	17	CT
1	18387523	1506	AT
1	18387625	102	GC
1	18387726	101	TC
1	18388044	318	CT
1	18389891	1666	CT
1	18390051	160	AG
1	18390074	23	AC
1	18390232	158	CG
1	18392319	2033	CA
1	18392672	353	AG
1	18393199	527	CT
1	18394156	957	GA
1	18394183	27	CT
1	18394283	100	CT
1	18394288	5	GA
1	18394634	346	CT
1	18395885	585	GA
1	18396776	891	TA
1	18396805	29	TC
1	18397893	745	TC
1	18398170	277	GC
1	18401324	2660	GC
1	18401732	408	AG
1	18401839	107	TC
1	18402823	743	GA
1	18403055	232	GA
1	18403060	5	TC
1	18403298	238	GA
1	18406242	2740	GA
1	18406742	500	GA
1	18407416	220	GA
1	18408552	1032	GC
1	18408799	247	CT
1	18412279	1498	GC
1	18418845	3013	TC
1	18419562	717	AC
1	18422131	937	AG
1	18425533	2263	TC
1	18427045	1512	GA
1	18427215	79	TC
1	18427276	61	AC
1	18427365	89	TC
1	18427372	7	TC
1	18427519	147	CT
1	18427636	117	CT
1	18428861	1006	GA
1	18428862	1	GC
1	18428952	90	GA
1	18430759	870	GC
1	18430865	106	GA
1	18430926	61	AC
1	18431894	821	TC
1	18431979	85	GC
1	18432819	840	CT
1	18433354	376	CT
1	18433714	360	CT
1	18437246	3109	AG
1	18438261	1015	AG
1	18438509	248	CT
1	18439117	465	CT
1	18439119	2	AG
1	18440103	230	GA
1	18440285	182	CA
1	18440634	349	AG
1	18441715	1081	AG
1	18441824	109	TC
1	18442456	390	GT
1	18443148	615	TC
1	18443407	259	AG
1	18443504	97	TC
1	18443661	157	TC
1	18443691	30	CT
1	18443723	32	CT
1	18443924	201	CT
1	18443978	54	TC
1	18444139	161	TC
1	18444360	221	CT
1	18444444	84	TC
1	18444618	174	CT
1	18444636	18	TC
1	18444912	276	AT
1	18445067	155	TC
1	18445254	107	GC
1	18445270	16	TC
1	18445451	181	AG
1	18445462	11	TC
1	18446162	484	TC
1	18446319	157	CT
1	18446586	267	GA
1	18446663	77	GA
1	18446717	54	GA
1	18447027	310	TC
1	18447241	214	AG
1	18447394	153	CT
1	18447605	211	TA
1	18447738	133	TG
1	18447973	153	TC
1	18448016	43	CT
1	18448107	91	CT
1	18448507	400	GT
1	18449151	119	GA
1	18449177	26	TG
1	18449291	114	CG
1	18449749	458	AG
1	18449767	18	TC
1	18450377	303	CT
1	18450527	150	CT
1	18450541	14	CA
1	18450586	45	GC
1	18450647	61	CT
1	18450976	329	AG
1	18454150	3174	GC
1	18461310	2847	GA
1	18462113	803	TA
1	18467633	1380	TC
1	18473282	4810	CG
1	18473925	328	CA
1	18473949	24	TG
1	18474073	124	CG
1	18474758	320	AG
1	18476277	691	GA
1	18477154	650	GT
1	18477231	77	GA
1	18482643	1519	AT
1	18483132	452	GT
1	18483260	128	GC
1	18483553	293	CT
1	18485857	1743	TC
1	18486247	390	TC
1	18486817	570	CG
1	18487242	425	CG
1	18487273	31	TG
1	18487311	38	GC
1	18488158	835	CT
1	18489133	919	TC
1	18489258	125	AG
1	18489495	237	GA
1	18489634	139	AG
1	18490904	1270	GA
1	18491566	662	GA
1	18491661	95	GC
1	18492376	680	AG
1	18492601	225	AG
1	18493003	402	GA
1	18493557	554	CT
1	18493934	377	CG
1	18493971	37	TC
1	18494604	633	TC
1	18494707	103	TC
1	18494753	46	TC
1	18494769	16	TC
1	18495125	356	CT
1	18496345	608	CT
1	18496815	470	TC
1	18497178	58	AG
1	18497208	30	TC
1	18498827	1351	TA
1	18498965	102	GA
1	18499253	288	AT
1	18499706	453	AG
1	18499802	96	AG
1	18499818	16	GA
1	18499861	43	AT
1	18499871	10	TC
1	18500051	180	TC
1	18500452	401	AC
1	18500727	236	GA
1	18504276	2733	GT
1	18504967	691	AG
1	18505501	492	CT
1	18506081	270	GA
1	18507242	696	AG
1	18510930	2196	TC
1	18511125	86	TC
1	18511506	381	AG
1	18511549	43	TC
1	18513633	776	GC
1	18514800	700	TG
1	18514860	60	GC
1	18516317	1267	GT
1	18516389	72	AG
1	18518075	1153	AG
1	18519040	605	TC
1	18521364	1254	GC
1	18521559	195	TC
1	18521797	238	AG
1	18522011	41	GA
1	18522037	26	CT
1	18522726	444	CT
1	18522966	240	CG
1	18524135	543	CG
1	18524137	2	TC
1	18524170	33	TC
1	18525238	111	TC
1	18525243	5	GA
1	18525618	143	TC
1	18527133	916	TC
1	18529247	2012	TG
1	18529756	509	CT
1	18530170	375	GA
1	18533311	2364	GA
1	18533978	667	CT
1	18534818	663	CT
1	18537143	2097	GA
1	18541734	2265	AT
1	18542974	1240	GT
1	18548620	4942	AG
1	18549065	402	CT
1	18549707	523	CT
1	18550703	652	CT
1	18550731	28	CA
1	18550754	23	CT
1	18551318	564	TC
1	18553281	1690	AG
1	18553825	544	TC
1	18554157	332	TA
1	18555083	860	AG
1	18555306	223	GA
1	18555513	207	TC
1	18558968	3067	AG
1	18561564	2178	AC
1	18562433	869	TC
1	18562876	443	GT
1	18562963	87	TG
1	18601289	30676	AG
1	18668014	55913	TG
1	18668103	89	CT
1	18668365	236	GC
1	18669347	861	GT
1	18670291	780	GA
1	18671069	732	AG
1	18671073	4	TC
1	18671562	489	AG
1	18671649	87	AC
1	18671742	93	CA
1	18671919	177	AT
1	18671965	46	AC
1	18672091	80	CT
1	18672447	159	TG
1	18672456	9	CT
1	18672858	402	AG
1	18673188	330	CT
1	18673221	33	GC
1	18673234	13	CA
1	18673333	99	GT
1	18673432	99	AG
1	18673473	41	GA
1	18673643	170	AG
1	18673657	14	GA
1	18673817	160	TG
1	18673877	60	GA
1	18673909	32	GA
1	18674788	879	AG
1	18675766	945	TC
1	18676001	235	AG
1	18676164	163	CT
1	18676275	111	AG
1	18676281	6	CT
1	18676606	325	CT
1	18677501	895	GA
1	18677686	185	AG
1	18678221	535	CT
1	18682282	2406	CG
1	18683782	1145	CT
1	18685286	1430	GT
1	18686072	786	CT
1	18686538	466	AG
1	18689164	2451	CT
1	18689325	161	TC
1	18690555	1125	GT
1	18691060	505	AG
1	18691365	305	CT
1	18691393	28	TC
1	18691638	245	GA
1	18691734	96	AG
1	18691758	24	AG
1	18691839	81	CT
1	18691914	75	TC
1	18692578	664	GT
1	18692678	100	CT
1	18695381	2577	AG
1	18697900	2407	CT
1	18697943	43	GT
1	18708831	9433	GT
1	18710188	1077	GA
1	18710530	342	AG
1	18710531	1	AT
1	18710870	339	CT
1	18711469	599	GT
1	18711525	56	GA
1	18711679	154	TG
1	18711681	2	CG
1	18711947	266	CG
1	18712726	677	TC
1	18712743	17	CT
1	18712940	127	TC
1	18713406	466	TC
1	18713650	244	CT
1	18713849	199	GT
1	18713851	2	GT
1	18716088	1466	TC
1	18717360	1139	CT
1	18717372	12	TC
1	18717558	186	CA
1	18719485	1890	AT
1	18719971	486	CA
1	18722849	2592	TC
1	18724680	955	CT
1	18726667	1306	TC
1	18727151	460	TC
1	18729135	1984	CT
1	18729928	713	CT
1	18730560	632	TC
1	18730608	48	TC
1	18730956	348	GA
1	18731172	216	AG
1	18732405	775	CT
1	18732862	457	TC
1	18732902	40	GA
1	18733183	281	GA
1	18734732	1168	AG
1	18734794	62	CT
1	18734841	47	GA
1	18735019	178	GC
1	18736238	1219	TC
1	18736535	297	CT
1	18736650	115	AG
1	18737326	509	TC
1	18737348	22	AT
1	18742154	2581	AG
1	18743335	1145	CA
1	18743376	41	CT
1	18743840	53	TA
1	18745646	1568	GA
1	18746215	569	TC
1	18748326	1593	TC
1	18748554	228	GA
1	18749077	523	AC
1	18751442	1808	CT
1	18751786	344	TC
1	18751818	32	TA
1	18752057	239	CT
1	18752150	93	AC
1	18752995	495	GC
1	18753943	617	GT
1	18754021	78	CG
1	18754489	468	TC
1	18754498	9	GA
1	18754604	106	AG
1	18755010	386	AG
1	18755035	25	AC
1	18755546	238	GA
1	18755937	391	GA
1	18758006	1214	AG
1	18758325	319	GC
1	18758485	160	CA
1	18758522	37	GA
1	18759152	576	GT
1	18759677	369	TC
1	18759709	32	GA
1	18759895	186	GA
1	18760257	297	TC
1	18760409	152	AG
1	18760510	101	AG
1	18761052	266	GA
1	18761190	138	TC
1	18761980	276	CA
1	18762218	238	GC
1	18762843	375	AC
1	18762922	79	AG
1	18770761	5159	CT
1	18771531	770	CG
1	18772631	574	AG
1	18773049	143	GA
1	18773056	7	GA
1	18773127	71	CG
1	18773766	639	GA
1	18774639	873	TC
1	18775564	925	TC
1	18775811	247	CT
1	18775854	43	CT
1	18776081	227	AT
1	18776702	621	AC
1	18777595	893	TC
1	18778518	923	GC
1	18778632	114	CT
1	18778678	46	CA
1	18778934	256	TC
1	18782876	1604	CT
1	18782993	117	CT
1	18783005	12	TG
1	18783744	739	GA
1	18783752	8	TC
1	18783762	10	AC
1	18783985	223	CG
1	18784503	518	TG
1	18785068	285	CT
1	18785446	378	AG
1	18786142	583	TG
1	18786495	353	GA
1	18788267	1213	AG
1	18788284	17	GA
1	18790190	1320	TC
1	18790661	471	GA
1	18790711	50	AT
1	18790757	46	AG
1	18790797	40	GA
1	18793024	2227	CT
1	18802058	7189	TC
1	18802161	103	GC
1	18804999	1089	GA
1	18806466	1278	GT
1	18807122	187	TC
1	18807138	16	AT
1	18808350	978	CT
1	18809107	554	AG
1	18809126	19	TC
1	18809833	211	CA
1	18809979	146	TC
1	18811093	383	AG
1	18811449	356	AG
1	18812854	542	AG
1	18813064	210	CT
1	18813207	143	TC
1	18813268	61	TA
1	18813342	74	CA
1	18813814	472	GA
1	18813816	2	TG
1	18815015	387	TC
1	18815369	354	AT
1	18815570	201	CG
1	18816225	318	CT
1	18816281	56	GA
1	18816556	275	CT
1	18817802	624	TC
1	18818244	400	TC
1	18818386	142	AG
1	18819382	751	CT
1	18827940	4083	TG
1	18829879	440	GA
1	18831194	376	AG
1	18835529	1703	AG
1	18838014	1810	GA
1	18845186	6249	TG
1	18852391	5113	CT
1	18857547	2291	GA
1	18858157	335	CT
1	18862777	2984	CT
1	18864182	1265	GA
1	18864892	323	AG
1	18866961	1363	GA
1	18867580	619	CT
1	18867866	286	TC
1	18872783	2988	CT
1	18874704	895	AG
1	18874882	178	TG
1	18875830	595	CA
1	18877291	1331	CT
1	18877425	134	GA
1	18877520	95	TC
1	18877532	12	GA
1	18877551	19	TC
1	18877847	296	TC
1	18878197	187	GA
1	18878821	560	GA
1	18879087	266	AG
1	18880105	862	GA
1	18881186	860	GA
1	18881419	233	CT
1	18881527	108	TC
1	18881570	43	GA
1	18882153	471	CT
1	18882243	90	CA
1	18882913	615	CT
1	18882969	56	GC
1	18883700	731	AC
1	18883742	42	GA
1	18884079	337	TC
1	18885064	508	GT
1	18885070	6	CT
1	18885117	47	GA
1	18885559	359	CG
1	18886088	358	CG
1	18886874	342	TC
1	18886878	4	CA
1	18887090	212	GA
1	18887102	12	GA
1	18887491	338	CT
1	18887506	15	CT
1	18887519	13	GT
1	18887555	36	TC
1	18887601	46	TG
1	18888002	365	CG
1	18888184	182	CG
1	18888388	204	AG
1	18888481	93	TC
1	18888491	10	AG
1	18888508	17	AC
1	18888886	247	GA
1	18888917	31	CG
1	18889375	83	GC
1	18889376	1	GC
1	18889546	50	TC
1	18889547	1	GA
1	18889722	175	TG
1	18889826	104	CT
1	18889832	6	CT
1	18889935	103	AG
1	18891574	613	GA
1	18891671	97	GA
1	18892004	333	GC
1	18892058	54	AC
1	18892161	60	AG
1	18892164	3	CG
1	18892258	94	AC
1	18892276	18	TC
1	18893527	145	TC
1	18893546	19	AC
1	18894017	471	CT
1	18894190	173	CT
1	18894308	118	AG
1	18894641	333	CT
1	18894948	307	AG
1	18895107	159	GC
1	18895190	83	GC
1	18896092	362	GT
1	18896144	52	GC
1	18900740	3719	AC
1	18902024	555	AG
1	18906156	3082	TC
1	18906235	79	TC
1	18908762	1318	GA
1	18918045	6426	AG
1	18920508	1399	TC
1	18920544	36	GA
1	18922932	1838	GA
1	18923071	139	CG
1	18923755	269	CT
1	18923939	184	GA
1	18923979	40	GT
1	18924452	153	TA
1	18925277	797	AG
1	18925381	104	TC
1	18925964	583	CT
1	18926284	320	CT
1	18926433	149	AG
1	18926880	447	TA
1	18927390	510	AG
1	18929766	1946	AG
1	18930766	825	AG
1	18934225	2998	TA
1	18934304	79	CT
1	18934382	78	AG
1	18941251	4280	GC
1	18946467	3882	CT
1	18948894	2381	CA
1	18949224	185	AT
1	18957736	5321	TC
1	18958403	546	AG
1	18960774	1920	GA
1	18963567	2498	AG
1	18966941	2035	CT
1	18968435	929	GA
1	18968942	380	TC
1	18969144	202	TC
1	18969226	82	GA
1	18969399	173	TC
1	18969564	165	GA
1	18969649	85	AG
1	18973006	1877	AC
1	18976015	2485	AG
1	18978274	1636	GA
1	18979106	832	TC
1	18983337	3352	GA
1	18983561	71	AG
1	18984259	698	CT
1	18985612	244	TC
1	18986479	833	TG
1	18987336	304	AC
1	18988635	663	AG
1	18988960	264	CT
1	18989608	453	CG
1	18989682	74	CT
1	18989763	81	AT
1	18989843	80	CG
1	18990158	315	GA
1	18990720	304	GA
1	18990838	118	GA
1	18991037	199	TC
1	18991413	376	GA
1	18991492	79	AC
1	18991560	68	AT
1	18991673	113	GT
1	18991774	32	AG
1	18991860	86	GA
1	18991862	2	GC
1	18991893	31	AG
1	18993695	1742	AG
1	18994010	315	TG
1	18995210	1014	CT
1	18995261	51	CT
1	18995349	88	CT
1	18995383	34	CG
1	18995393	10	GA
1	18995678	285	CT
1	18995838	160	AG
1	18995938	100	CT
1	18996393	366	TC
1	18996492	99	AG
1	18997015	162	TC
1	18997102	87	GC
1	18997259	157	AG
1	18997587	194	GC
1	18997651	64	AG
1	18997995	344	GA
1	18998042	47	AG
1	18998147	105	GA
1	18998160	13	AG
1	18998210	50	TC
1	18998231	21	TC
1	18998248	17	GA
1	18998495	247	CT
1	18999282	708	CT
1	18999749	437	AG
1	18999751	2	GA
1	19000070	319	CT
1	19000168	98	GA
1	19001097	887	GA
1	19001392	295	CT
1	19002648	1256	TC
1	19003174	342	AG
1	19003602	428	CT
1	19004215	525	AG
1	19004734	323	CA
1	19005035	99	TC
1	19005293	230	CT
1	19005656	363	GA
1	19005665	9	AG
1	19005986	321	AG
1	19007276	255	GA
1	19007325	49	CT
1	19008091	747	TG
1	19008096	5	TC
1	19008101	5	GA
1	19008144	43	GA
1	19008483	339	AT
1	19009012	529	GA
1	19009051	39	CG
1	19009172	121	TC
1	19009539	367	AG
1	19009554	15	AG
1	19011557	1726	AC
1	19012236	574	GA
1	19012325	89	GT
1	19013410	1085	CT
1	19013720	242	CG
1	19014564	844	CT
1	19014836	272	CT
1	19015077	241	GA
1	19015369	63	AG
1	19015556	187	CG
1	19015719	163	AG
1	19015740	21	CT
1	19015903	163	CT
1	19016043	140	TA
1	19016217	174	GT
1	19018905	1986	GA
1	19021691	2042	CG
1	19024972	2951	AG
1	19028203	2707	GA
1	19029511	1189	GT
1	19029819	308	CT
1	19029831	12	GA
1	19034802	4295	GA
1	19036839	1968	GC
1	19040868	3944	GA
1	19041508	640	GA
1	19043025	917	CT
1	19043060	35	GA
1	19043343	283	CT
1	19043367	24	AG
1	19043389	22	TC
1	19043559	170	CT
1	19043590	31	GA
1	19043825	85	CG
1	19044269	102	CT
1	19044466	98	CA
1	19044471	5	CA
1	19044871	400	GT
1	19045300	316	GA
1	19045502	202	TC
1	19045665	163	AG
1	19045677	12	CA
1	19045988	311	CT
1	19046795	807	CT
1	19046862	67	TC
1	19047659	797	AT
1	19047703	44	CT
1	19047722	19	AG
1	19048237	515	TC
1	19048590	353	CT
1	19048958	368	GA
1	19050519	1167	AT
1	19051064	339	TC
1	19051104	40	AG
1	19051129	25	GC
1	19051203	74	AC
1	19052115	635	CT
1	19052206	91	TC
1	19052212	6	TG
1	19052262	50	CT
1	19052309	47	AT
1	19053356	1008	AC
1	19053502	146	CG
1	19053567	65	CG
1	19054702	687	CT
1	19054878	176	GA
1	19054928	50	CT
1	19055020	92	CT
1	19055032	12	AG
1	19055129	97	GT
1	19055474	345	GA
1	19056292	496	AG
1	19056301	9	CA
1	19058636	1099	CT
1	19059452	438	AG
1	19060093	461	AG
1	19060243	150	TG
1	19062258	1953	CT
1	19065274	1989	CT
1	19066665	763	GC
1	19068459	479	AG
1	19068461	2	CT
1	19070236	846	CG
1	19070796	54	CT
1	19072891	342	AG
1	19072994	103	CT
1	19073710	353	GA
1	19074768	354	CT
1	19075041	273	CT
1	19076099	639	CT
1	19077159	650	CT
1	19077704	545	GA
1	19081104	3308	TC
1	19081227	123	GC
1	19081230	3	GA
1	19082456	1226	TC
1	19083938	1343	AC
1	19084089	151	AG
1	19086904	2435	AG
1	19087802	898	TC
1	19089060	1258	AT
1	19090465	1259	CG
1	19094928	1868	GA
1	19094956	28	GA
1	19096846	1741	CT
1	19097775	752	AG
1	19097806	31	AC
1	19097909	103	CT
1	19098260	351	AG
1	19098733	364	GT
1	19100638	1677	CA
1	19103611	2359	AG
1	19104731	438	AG
1	19106079	1098	GA
1	19109062	1472	AC
1	19109083	21	GT
1	19109534	451	AC
1	19110381	816	GA
1	19112724	1708	AG
1	19113430	311	CT
1	19113539	109	AG
1	19114364	825	GA
1	19114559	195	GC
1	19114617	58	GA
1	19115978	1199	AG
1	19116085	107	AG
1	19118680	1540	TC
1	19119608	595	AG
1	19120751	853	CT
1	19121741	801	TG
1	19125388	2344	GA
1	19126519	895	GA
1	19131684	4170	TC
1	19133797	1819	GA
1	19134850	928	GA
1	19135613	763	CG
1	19137675	1890	CT
1	19138923	1163	TC
1	19139317	394	GC
1	19139529	212	TG
1	19140649	807	AG
1	19140701	52	CT
1	19141371	670	GA
1	19144781	3123	TC
1	19146593	1587	GA
1	19147663	1070	AG
1	19148359	662	CT
1	19148877	487	CT
1	19148931	54	CA
1	19148974	43	GA
1	19149008	34	GC
1	19149009	1	CT
1	19149015	6	AG
1	19149039	24	CG
1	19149642	567	AG
1	19149818	176	CT
1	19149880	62	AG
1	19149911	31	AG
1	19149955	44	GC
1	19150217	262	GC
1	19150272	55	AG
1	19150604	332	TC
1	19151211	607	AG
1	19151398	187	AG
1	19151451	53	CT
1	19151533	82	GT
1	19151667	134	GA
1	19151701	34	GC
1	19151707	6	TC
1	19151775	68	GA
1	19152131	356	TC
1	19152186	55	GA
1	19152195	9	TC
1	19152794	503	GA
1	19152970	108	CT
1	19153557	495	TC
1	19153852	295	AG
1	19153951	67	AG
1	19154053	102	GA
1	19154073	20	TC
1	19154099	26	AG
1	19154116	17	TC
1	19154125	9	AG
1	19154196	71	TC
1	19154540	344	CT
1	19155152	216	CT
1	19155543	391	GA
1	19155556	13	AT
1	19155802	246	CG
1	19155841	39	AG
1	19156199	358	CT
1	19157242	1043	CG
1	19160035	2376	TC
1	19163272	2748	TC
1	19163423	151	CT
1	19168261	4568	CT
1	19168605	344	GA
1	19171780	2867	GT
1	19171888	108	GA
1	19172512	624	CT
1	19174268	1756	TC
1	19174314	46	CG
1	19174770	456	GT
1	19176239	1469	AG
1	19176361	122	GT
1	19176800	439	GA
1	19178335	1411	CT
1	19178379	44	GA
1	19181413	2895	GA
1	19181466	53	GC
1	19182066	600	CG
1	19182593	527	CT
1	19183439	846	CT
1	19191020	7015	TC
1	19205344	8388	AG
1	19208104	2531	CT
1	19208491	140	TC
1	19212520	3136	CT
1	19213696	1176	TC
1	19215944	1417	CT
1	19220196	1551	GA
1	19226574	4980	GA
1	19227347	773	CT
1	19234223	4451	TC
1	19235588	1102	GA
1	19235916	328	CT
1	19239468	2760	TC
1	19241563	1503	GA
1	19241994	431	CA
1	19243670	1014	AG
1	19247945	2936	CT
1	19248125	180	CA
1	19250791	1310	TC
1	19251270	161	AC
1	19253071	1355	CT
1	19254294	451	CT
1	19254624	145	TC
1	19254847	223	CT
1	19257039	2129	CT
1	19257355	316	TC
1	19259012	860	GA
1	19259426	414	AC
1	19260867	838	GA
1	19261185	318	CT
1	19261559	374	AG
1	19263336	1035	GA
1	19264873	1354	TC
1	19266458	1090	TC
1	19267951	1218	AG
1	19268488	537	TA
1	19268573	85	CT
1	19269332	759	CT
1	19273771	2437	AT
1	19274637	424	TC
1	19276152	1515	TC
1	19279721	3178	CA
1	19281697	1695	TC
1	19287311	4525	AG
1	19288154	642	AG
1	19290365	1129	GA
1	19290446	81	GA
1	19299298	5661	GA
1	19300385	848	CT
1	19300785	400	AG
1	19303957	2347	AC
1	19306288	2041	GA
1	19312587	3634	GT
1	19312806	219	CT
1	19312972	166	GA
1	19314422	1042	GA
1	19314889	467	GA
1	19315078	189	GA
1	19315106	28	AG
1	19315260	154	TC
1	19315284	24	CT
1	19315594	68	TC
1	19315991	397	AG
1	19316006	15	GA
1	19317195	1189	TA
1	19318527	1132	GA
1	19320232	1652	TC
1	19322541	2272	GA
1	19323982	1441	GT
1	19327132	2747	CT
1	19329310	1741	AG
1	19330410	743	AG
1	19332317	1593	TC
1	19337796	1834	CT
1	19340425	1876	TC
1	19340828	403	GA
1	19342620	1036	AG
1	19344420	977	CT
1	19345321	625	GA
1	19348289	2248	AG
1	19348541	170	TC
1	19348724	183	GA
1	19351891	2377	GA
1	19355303	3250	GC
1	19360874	2200	AG
1	20001864	1864	AG
1	20005986	3544	CT
1	20006350	364	TC
1	20009493	2594	CT
1	20010332	607	CT
1	20010768	436	GC
1	20013579	2666	TC
1	20015209	1242	TC
1	20016176	843	GA
1	20016187	11	TC
1	20016527	340	TC
1	20016540	13	AG
1	20016621	81	GA
1	20016646	25	GA
1	20016683	37	CT
1	20016864	181	GA
1	20016877	13	AC
1	20017234	357	TA
1	20017448	214	GA
1	20017470	22	AG
1	20017556	86	TC
1	20017826	270	GT
1	20018127	301	AC
1	20018216	89	CT
1	20019245	771	TC
1	20019256	11	TC
1	20019277	21	GA
1	20019769	51	GA
1	20019811	42	AG
1	20019909	98	GA
1	20019970	61	GA
1	20020197	227	AG
1	20020233	36	CT
1	20020391	158	TC
1	20020737	267	GA
1	20020803	66	GA
1	20020957	154	TG
1	20021675	718	GA
1	20021727	52	CT
1	20022217	490	TC
1	20022475	258	AG
1	20023877	1138	CT
1	20024624	715	TC
1	20025699	708	CT
1	20025783	84	CT
1	20026083	300	AG
1	20026560	477	TC
1	20027477	455	AG
1	20027688	211	CT
1	20028012	324	CT
1	20028146	134	AG
1	20029327	756	GA
1	20029386	59	AG
1	20029438	52	TC
1	20029600	162	AT
1	20029714	114	GA
1	20030012	298	GA
1	20030107	95	AG
1	20030114	7	AG
1	20030149	35	CT
1	20030774	625	CT
1	20030777	3	AT
1	20037606	4923	AT
1	20048170	10088	CA
1	20052428	4239	CA
1	20052694	266	CG
1	20054500	1337	CT
1	20055759	613	CG
1	20058685	1459	AG
1	20060247	1489	CT
1	20060328	81	AG
1	20060351	23	AG
1	20060369	18	CT
1	20061115	746	CT
1	20062610	984	TC
1	20063010	330	CG
1	20063026	16	GA
1	20063027	1	TC
1	20063048	21	CT
1	20065339	2109	CT
1	20065527	188	TC
1	20065628	101	CT
1	20068349	2561	AG
1	20070152	1450	CT
1	20070428	276	TC
1	20070615	187	AG
1	20123681	44126	TG
1	20125603	1833	AT
1	20144177	15840	CT
1	20149969	5317	GT
1	20160093	8765	AG
1	20174336	12209	CT
1	20180060	5215	GA
1	20180219	159	CT
1	20181186	967	GA
1	20193543	9293	AG
1	20197038	3414	AG
1	20197086	48	AG
1	20197545	459	CT
1	20198266	182	CT
1	20200189	1870	AG
1	20218599	15829	GC
1	20219022	372	AG
1	20220462	1344	TC
1	20221830	1368	AG
1	20222070	240	CT
1	20222337	88	AG
1	20222727	390	CA
1	20228798	5641	GA
1	20229206	302	GA
1	20230462	900	AC
1	22291426	1448563	AG
1	24441440	1397198	TC
1	24442769	1032	GA
1	24443133	364	CT
1	24443197	64	AG
1	24443199	2	AG
1	24443389	83	AG
1	24443392	3	AG
1	24443437	45	CA
1	24443440	3	GA
1	24443460	20	GT
1	24444410	911	GC
1	24449403	3837	CT
1	24449439	36	AT
1	24449596	157	TC
1	24450699	333	AG
1	24451133	434	AG
1	24453042	912	GC
1	24453120	78	AG
1	24453491	271	TC
1	24453902	411	GA
1	24454099	197	GA
1	24454202	103	AT
1	24454259	57	CG
1	24455200	345	TC
1	24455274	74	TC
1	24456401	226	TC
1	24456522	121	TC
1	24456648	126	AG
1	24456800	152	CG
1	24457576	776	TA
1	24457613	37	TG
1	24457672	59	TG
1	24457675	3	TC
1	24458510	749	AG
1	24459017	479	GT
1	24459029	12	TC
1	24459033	4	GA
1	24459560	135	CT
1	24459573	13	CA
1	24460046	235	TC
1	24460250	204	GA
1	24460614	246	CT
1	24461323	351	AG
1	24461748	425	GT
1	24462109	118	GA
1	24462583	474	CT
1	24462605	22	GC
1	24463687	1082	AC
1	24466143	234	AG
1	24468853	233	TC
1	24470669	448	TC
1	24470733	27	AG
1	24470793	60	GC
1	24471266	473	AG
1	24471283	17	CT
1	24471307	24	AT
1	24471530	223	AT
1	24471701	171	AC
1	24471992	291	GA
1	24472115	123	TC
1	24472456	341	CA
1	24472940	357	CT
1	24473126	186	TC
1	24473341	215	TC
1	24473800	459	CT
1	24474218	418	AG
1	24474397	126	GA
1	24475293	613	CT
1	24476314	736	GA
1	24476364	50	GA
1	24478104	1309	CA
1	24480330	1618	TA
1	24481156	476	GT
1	24482877	1210	AG
1	24492018	3653	GC
1	24493113	1006	TA
1	24493416	303	GA
1	24495119	1135	CG
1	24497676	1730	TA
1	24499246	1199	CT
1	24499320	74	TC
1	24499353	33	GA
1	24499502	149	CT
1	24499565	63	GA
1	24499704	139	CT
1	24499761	57	GA
1	24500180	419	GA
1	24500227	47	AG
1	24500552	325	GA
1	24500588	36	GA
1	24500594	6	GA
1	24500604	10	GA
1	24500976	372	TC
1	24501055	79	CA
1	24501406	351	TC
1	24501440	34	AC
1	24502361	338	GC
1	24502374	13	CT
1	24502449	75	AG
1	24502900	184	TA
1	24502965	65	AG
1	24503008	43	GA
1	24503672	131	TC
1	24503695	23	CT
1	24503887	153	CA
1	24503890	3	CT
1	24503991	101	CT
1	24504029	38	CT
1	24504065	36	CA
1	24504066	1	AG
1	24504402	289	AC
1	24504432	30	GA
1	24504445	13	CT
1	24505495	969	CT
1	24505782	287	CA
1	24506067	285	GA
1	24507662	1281	AG
1	24508090	105	GA
1	24508173	83	GA
1	24508639	466	AG
1	24508729	90	TC
1	24508740	11	TG
1	24509114	374	TC
1	24509492	97	GA
1	24509595	103	CT
1	24510194	599	CT
1	24510717	523	GT
1	24510841	124	TA
1	24510913	72	GT
1	24511151	238	TC
1	24511609	458	CA
1	24512087	478	TC
1	24512088	1	GA
1	24512192	104	AG
1	24512322	130	AG
1	24512343	21	AG
1	24512368	25	GT
1	24512610	242	TC
1	24513025	415	GA
1	24513804	779	CA
1	24514657	853	GA
1	24515252	595	GA
1	24515947	616	AG
1	24518726	1444	CT
1	24521698	2068	AG
1	24526064	1305	TG
1	24526566	301	AG
1	24526628	62	CG
1	24529695	2726	TC
1	24531479	379	CT
1	24532798	208	GA
1	24533844	1046	CA
1	24535111	1153	CT
1	24535116	5	CG
1	24536968	1144	TC
1	24538561	1289	TC
1	24539946	914	CA
1	24540035	89	CT
1	24557610	14207	CT
1	24664466	80708	GA
1	24664481	15	CT
1	24664608	127	CT
1	24664638	30	CT
1	24665361	556	GA
1	24665465	104	CT
1	24665470	5	GA
1	24665569	99	TC
1	24665988	419	CT
1	24665990	2	AC
1	24666212	222	GA
1	24666360	148	AG
1	24666545	185	TC
1	24666617	72	GA
1	24666671	54	CG
1	24666905	234	CT
1	24667211	146	TC
1	24672973	3469	CT
1	24673262	289	TC
1	24673683	198	GA
1	24673746	63	CT
1	24674571	554	TA
1	24674585	14	TA
1	24677644	2267	AC
1	24677848	204	CT
1	24682435	3478	GC
1	24682689	254	TC
1	24682710	21	TC
1	24682783	73	AG
1	24683042	259	AG
1	24683097	55	GC
1	24683227	130	AG
1	24683256	29	AG
1	24683347	91	CT
1	24683530	183	TC
1	24684964	974	AG
1	24687789	1228	AT
1	24687963	174	AG
1	24689138	475	AG
1	24689613	394	TC
1	24691225	861	AT
1	24692223	289	CT
1	24692411	188	GT
1	24692476	65	CT
1	24692491	15	AG
1	24692703	212	AG
1	24693090	387	AG
1	24693134	44	CT
1	24693137	3	GA
1	24693606	373	CT
1	24693861	255	GA
1	24693906	45	GA
1	24695802	291	TC
1	24696116	275	TC
1	24696236	120	AG
1	24696566	330	CT
1	24696700	134	AG
1	24696711	11	TG
1	24696732	21	GA
1	24697436	704	AG
1	24697937	389	GC
1	24698374	79	TA
1	24698376	2	AC
1	24698774	398	AG
1	24698868	94	CT
1	24698942	74	TC
1	24700796	494	TC
1	24700861	65	AG
1	24701391	503	AG
1	24701496	105	AG
1	24701497	1	GA
1	24702124	547	AC
1	24702147	23	AG
1	24702297	113	GA
1	24702504	207	AG
1	24703205	701	GA
1	24703410	130	CA
1	24704455	468	TC
1	24704478	23	GT
1	24707199	1910	GA
1	24708512	1083	GA
1	24709455	943	AC
1	24710049	594	GC
1	24710064	15	GA
1	24710418	354	CT
1	24710473	55	TC
1	24710700	227	GA
1	24710911	211	TC
1	24712310	1257	TC
1	24715076	2008	GA
1	24715234	158	CA
1	24715252	18	AG
1	24715319	67	GA
1	24715486	167	GC
1	24715837	176	AG
1	24715844	7	AC
1	24715857	13	GA
1	24715946	89	TA
1	24716095	149	GC
1	24716115	20	CT
1	24716159	44	CT
1	24716248	89	TG
1	24716255	7	TC
1	24716271	16	TA
1	24716465	25	AG
1	24716557	68	AG
1	24716738	181	GA
1	24716812	74	AG
1	24717015	109	AG
1	24717101	86	GC
1	24717212	111	GA
1	24717390	178	TC
1	24717481	91	GC
1	24717567	86	TC
1	24718178	412	TC
1	24718533	330	TC
1	24718554	21	GA
1	24718566	12	GA
1	24718570	4	TC
1	24718607	37	GA
1	24718625	18	GA
1	24718863	238	AG
1	24719813	950	GA
1	24719922	109	TC
1	24719925	3	TC
1	24721648	1113	GA
1	24721819	171	CA
1	24722504	649	CT
1	24723844	1340	CT
1	24724203	326	CT
1	24725686	1483	CG
1	24725971	285	TC
1	24726094	123	GA
1	24727187	597	CA
1	24727345	158	TC
1	24727401	56	AT
1	24727533	56	GT
1	24727545	12	TG
1	24727546	1	GA
1	24727935	389	AG
1	24728358	423	CA
1	24728675	317	TG
1	24729004	189	AG
1	24729053	49	GC
1	24729321	268	GC
1	24730363	895	TC
1	24730676	313	CT
1	24730686	10	CT
1	24730797	111	AG
1	24731553	535	TC
1	24731555	2	CT
1	24732579	349	TC
1	24733513	515	CT
1	24734927	1142	GC
1	24737904	2114	AG
1	24737936	32	GA
1	24738354	389	AG
1	24742408	2717	GA
1	24744332	1862	GA
1	24744367	35	TC
1	24744378	11	TC
1	24744685	307	GA
1	24744886	201	CT
1	24745100	214	TC
1	24745261	161	TC
1	24748446	2389	AG
1	24749371	925	CT
1	24750009	592	GA
1	24750037	28	CT
1	24750104	67	GA
1	24750236	132	GA
1	24750266	30	CT
1	24751282	923	AG
1	24751381	99	GA
1	24751572	191	CG
1	24751744	172	CT
1	24753374	837	CT
1	24753887	478	CT
1	24754085	198	TC
1	24754302	217	TC
1	24754456	154	TC
1	24754533	77	CT
1	24754540	7	GA
1	24754576	36	TC
1	24755062	486	CT
1	24755063	1	GC
1	24755076	13	AG
1	24755083	7	AG
1	24755116	33	CA
1	24755283	167	TC
1	24755285	2	GA
1	24755386	101	CT
1	24755463	77	GA
1	24755589	126	CG
1	24757646	1557	TA
1	24759027	1080	AG
1	24759058	31	TG
1	24759115	57	CA
1	24760217	747	GA
1	24760339	122	TC
1	24760776	399	AT
1	24760819	43	GA
1	24761823	829	TC
1	24762631	643	AG
1	24763323	673	GA
1	24764222	899	GA
1	24767802	3059	GC
1	24769074	1272	AG
1	24769123	49	TC
1	24769448	325	AT
1	24770211	632	CT
1	24770261	50	AG
1	24770328	67	CT
1	24770470	142	GT
1	24770576	106	AG
1	24770658	82	GC
1	24770823	165	CT
1	24770876	53	TC
1	24771122	246	TC
1	24771170	48	AG
1	24771210	40	CT
1	24771360	150	AG
1	24771409	49	CT
1	24771833	424	GA
1	24771858	25	CT
1	24772181	323	GC
1	24772860	428	CT
1	24773410	550	AG
1	24774510	1037	GA
1	24775183	381	GA
1	24776226	1043	AG
1	24776435	209	AG
1	24776967	410	GA
1	24777074	54	GC
1	24777117	43	TC
1	24777809	189	GC
1	24778046	237	CA
1	24778120	74	GA
1	24778128	8	AG
1	24778181	53	GA
1	24778276	95	TC
1	24778299	23	GA
1	24778387	88	GA
1	24778550	163	CT
1	24778742	192	CG
1	24778936	194	TC
1	24779184	248	AG
1	24779436	252	AG
1	24780796	853	GT
1	24780805	9	GA
1	24780881	76	GA
1	24780928	47	CT
1	24781019	91	TC
1	24781093	74	AT
1	24781108	15	AG
1	24781184	76	TG
1	24781509	325	CT
1	24782453	944	AC
1	24783079	160	AG
1	24784145	812	GA
1	24784186	41	TC
1	24786833	1536	CG
1	24786911	78	GA
1	24786986	75	GA
1	24788184	492	TC
1	24788293	109	GC
1	24788701	276	TC
1	24788769	68	GA
1	24789705	401	AG
1	24789974	269	GT
1	24790138	164	AG
1	24790297	159	TC
1	24790411	114	CA
1	24790420	9	GA
1	24790716	91	CT
1	24790764	48	GA
1	24791144	318	GA
1	24791179	35	CG
1	24791249	70	AG
1	24791273	24	TC
1	24791617	157	CT
1	24791742	125	CT
1	24791817	75	TC
1	24791876	59	TC
1	24791903	27	GA
1	24792563	120	AC
1	24792578	15	CT
1	24792690	88	CG
1	24792938	248	CT
1	24794434	556	AG
1	24795014	469	GC
1	24796082	1068	CT
1	24796091	9	AG
1	24796310	219	CT
1	24796386	76	CT
1	24796413	27	TC
1	24796876	463	GT
1	24797965	783	AG
1	24797995	30	GA
1	24799708	1544	AG
1	24800962	1193	AG
1	24801252	290	GT
1	24801844	592	CA
1	24802210	324	GA
1	24802222	12	CT
1	24802887	328	TC
1	24802948	61	CG
1	24803105	157	CT
1	24803226	121	AG
1	24804247	932	GA
1	24804481	234	AG
1	24804768	287	GA
1	24804847	79	CT
1	24805064	217	TC
1	24806605	1541	CG
1	24806642	37	AC
1	24806817	175	TC
1	24806987	84	CT
1	24807035	48	CT
1	24807042	7	AC
1	24807045	3	GA
1	24807919	551	CT
1	24808153	234	GC
1	24808419	266	GT
1	24808460	41	AG
1	24808876	416	TA
1	24809171	295	AG
1	24809195	24	AG
1	24809307	112	CT
1	24810397	1090	CT
1	24810929	532	CT
1	24811284	355	TC
1	24812322	898	AG
1	24813303	981	CA
1	24819631	3020	CT
1	24819894	263	TA
1	24820357	463	AC
1	24820855	498	AT
1	24820928	73	CT
1	24821696	641	CA
1	24822087	391	CT
1	24823491	1287	GA
1	24823735	244	GA
1	24823899	164	CA
1	24824736	700	CA
1	24824968	232	CT
1	24825301	333	TC
1	24827405	1526	CT
1	24827557	152	GC
1	24830829	2540	GT
1	24830834	5	TC
1	24830841	7	AG
1	24830927	86	GA
1	24830968	41	CT
1	24830973	5	TA
1	24831003	30	AG
1	24831240	237	GA
1	24831259	19	AG
1	24831287	28	AG
1	24831288	1	CT
1	24831306	18	AC
1	24831406	100	AG
1	24831452	46	TC
1	24831689	237	GA
1	24833504	764	CG
1	24834551	971	AG
1	24837205	1799	TC
1	24837761	336	TC
1	24839747	1312	GA
1	24839860	113	GT
1	24840277	417	GA
1	24840434	157	AG
1	24841064	48	AG
1	24842557	1331	CT
1	24842566	9	GA
1	24842583	17	CT
1	24842600	17	CT
1	24842732	132	TC
1	24842936	204	GC
1	24843197	166	GA
1	24843333	136	AC
1	24843703	370	CT
1	24843760	57	TC
1	24843788	28	CT
1	24844188	400	CT
1	24844333	145	GA
1	24844340	7	GA
1	24844420	80	CT
1	24844607	187	TC
1	24845238	224	TC
1	24845725	487	CA
1	24845927	202	AG
1	24846140	213	CT
1	24846144	4	TC
1	24846231	87	AC
1	24846248	17	CT
1	24846403	155	TC
1	24846791	52	GA
1	24846805	14	GA
1	24846902	97	TC
1	24847001	99	CG
1	24847002	1	CT
1	24847089	87	CT
1	24847225	136	CA
1	24847229	4	TC
1	24847368	139	CT
1	24847435	67	CA
1	24849202	1738	TC
1	24852408	2326	AC
1	24856160	2859	TA
1	24857397	973	CT
1	24858370	719	TC
1	24867345	5977	CT
1	24868800	555	AG
1	24869541	487	TC
1	24869572	31	TC
1	24869748	149	AG
1	24869883	135	CT
1	24870891	1008	GA
1	24870968	77	AG
1	24871003	35	GA
1	24871063	60	GA
1	24871088	25	AG
1	24871211	123	TC
1	24871524	313	AT
1	24872848	484	CT
1	24873061	213	AG
1	24873122	61	GA
1	24873636	148	TC
1	24874401	703	AG
1	24874777	376	TC
1	24874797	20	GC
1	24884213	4975	CG
1	24884615	314	CT
1	24884626	11	CT
1	24885087	461	GC
1	24885285	198	AG
1	24885322	37	GC
1	24885335	13	AT
1	24885393	58	TC
1	24885636	243	AG
1	24885651	15	CT
1	24885874	223	CT
1	24885948	74	TC
1	24885981	33	CT
1	24886009	28	TC
1	24886179	170	AG
1	24886725	271	AG
1	24886735	10	AT
1	24886759	24	TC
1	24886767	8	GA
1	24886890	123	AG
1	24886933	43	TG
1	24886937	4	AG
1	24886976	39	GC
1	24886983	7	GC
1	24886994	11	GA
1	24887072	78	TA
1	24887078	6	AG
1	24887085	7	TA
1	24887086	1	AG
1	24887140	54	GA
1	24887181	41	GC
1	24887193	12	GA
1	24887201	8	GA
1	24887259	58	AG
1	24887305	46	AG
1	24887410	105	GA
1	24887433	23	CT
1	24887450	17	AG
1	24887452	2	GT
1	24887514	62	TC
1	24887721	207	GA
1	24888023	226	GA
1	24889393	827	TC
1	24889399	6	CT
1	24890387	374	CG
1	24890753	366	GA
1	24890797	44	CT
1	24890929	132	CT
1	24891143	214	GA
1	24891254	111	CT
1	24891634	380	CT
1	24892580	883	AG
1	24892877	179	AG
1	24892894	17	TC
1	24893035	141	CT
1	24897982	3587	CA
1	24900249	1074	TC
1	24901996	1075	TC
1	24902150	154	GA
1	24920053	12196	TC
1	24921446	754	TC
1	24923185	1739	TC
1	24923633	448	AG
1	24924423	655	GA
1	24929304	1359	TC
1	24930063	672	GA
1	24930308	245	AG
1	24932643	1769	GA
1	24932754	111	CT
1	24933991	899	GA
1	24935818	1631	AG
1	24937459	1272	AG
1	24940578	2083	AG
1	24942721	1879	TC
1	24944895	700	AT
1	24945095	200	AG
1	24946198	1064	AG
1	24946321	123	TC
1	24951117	3792	TC
1	24961598	3665	TC
1	24961668	70	AG
1	24964172	1518	GT
1	24965017	91	CT
1	24965066	49	GA
1	24965073	7	AG
1	24965296	223	GA
1	24965382	86	GT
1	24965390	8	TA
1	24965483	93	TC
1	24965573	90	CT
1	24965635	62	CT
1	24965637	2	TC
1	24966266	249	GA
1	24968321	921	AG
1	24984017	11143	TC
1	24984089	72	TC
1	24984118	29	AC
1	24984130	12	AG
1	24984414	284	GA
1	24986361	1287	CT
1	24986391	30	TC
1	24997329	3641	TC
1	24997404	75	GA
1	24997521	117	GA
1	25005226	5091	GA
1	25005442	216	AC
1	25005486	44	AT
1	25006521	715	CA
1	25008050	913	TA
1	25022956	9493	AG
1	25023457	501	TC
1	25023504	47	CT
1	25023650	146	AG
1	25024362	71	AT
1	25024394	32	CT
1	25024462	68	CT
1	25024514	52	AC
1	25024664	150	TA
1	25025271	550	CA
1	25025445	174	AG
1	25026606	346	CT
1	25026698	92	TC
1	25026881	183	CT
1	25026948	67	GT
1	25027369	198	GA
1	25027786	350	AG
1	25028117	331	AG
1	25028152	35	CG
1	25030056	1904	AG
1	25030758	702	CT
1	25030908	150	TC
1	25031284	376	CT
1	25032579	1204	CT
1	25032720	141	GA
1	25035158	1543	GT
1	25035211	53	GA
1	25035305	94	AG
1	25035463	158	CA
1	25036675	1079	AG
1	25036876	201	AC
1	25037046	170	AG
1	25038460	1317	GC
1	25039664	677	GC
1	25039689	25	TA
1	25041610	640	CT
1	25043396	119	CT
1	25043397	1	AG
1	25044356	744	CA
1	25044764	142	GA
1	25045161	297	GA
1	25045656	307	CT
1	25045681	25	TA
1	25046918	797	AG
1	25047434	516	CG
1	25047643	209	GA
1	25047659	16	CT
1	25047671	12	CT
1	25048668	377	GC
1	25048683	15	AG
1	25048726	43	AG
1	25048771	45	AG
1	25048782	11	AG
1	25048798	16	CA
1	25048900	102	AG
1	25050192	301	AG
1	25050320	128	GA
1	25051476	717	GA
1	25051484	8	CT
1	25051485	1	AG
1	25051883	398	GT
1	25051932	49	AG
1	25051940	8	AC
1	25052112	172	AT
1	25052402	290	TG
1	25052983	581	CG
1	25052995	12	CT
1	25053016	21	CT
1	25053190	174	TC
1	25053214	24	GC
1	25053259	45	GA
1	25053277	18	GA
1	25053359	82	GT
1	25053831	190	GA
1	25053956	125	AG
1	25053970	14	AG
1	25053995	25	GT
1	25054138	143	AG
1	25054484	346	GA
1	25055180	218	TC
1	25055898	644	TG
1	25056403	478	GC
1	25056426	23	GT
1	25056443	17	GC
1	25056688	245	AG
1	25056880	192	AG
1	25056957	77	GA
1	25057165	98	GA
1	25057266	101	CT
1	25057772	506	CA
1	25057800	28	AG
1	25057852	52	CT
1	25058163	311	TC
1	25058263	100	CT
1	25058607	344	AG
1	25058747	140	TC
1	25058975	228	GA
1	25059091	116	GT
1	25059126	35	GT
1	25059754	499	CT
1	25060202	448	TC
1	25060384	182	GA
1	25061248	433	AG
1	25061436	188	GC
1	25061575	139	AG
1	25061698	123	GA
1	25061739	41	AG
1	25063201	604	TC
1	25064077	225	CT
1	25064125	48	AG
1	25064255	130	TG
1	25064283	28	TC
1	25064291	8	CG
1	25064311	20	AT
1	25064331	20	TG
1	25064361	30	CT
1	25065127	393	TG
1	25065228	101	AG
1	25065399	171	TC
1	25065593	194	CG
1	25065607	14	TC
1	25065616	9	AT
1	25066311	633	AG
1	25066324	13	AG
1	25066326	2	TC
1	25066521	195	AG
1	25066543	22	GA
1	25066777	234	CT
1	25067019	160	TC
1	25067094	75	GA
1	25067705	611	CT
1	25067733	28	AG
1	25068236	445	AT
1	25068277	41	GA
1	25068300	23	AG
1	25068655	355	CT
1	25068923	268	GA
1	25069061	138	GA
1	25075058	3506	GA
1	25076873	398	AG
1	25077049	66	CT
1	25077171	122	TC
1	25077276	105	GA
1	25077437	161	CT
1	25077558	121	AG
1	25077591	33	AG
1	25077639	48	TC
1	25077813	124	TC
1	25078122	248	AG
1	25078306	184	GA
1	25078377	71	AG
1	25078524	147	AC
1	25078592	68	AG
1	25079559	678	GA
1	25079592	33	GA
1	25079605	13	TC
1	25079844	239	TC
1	25080064	220	TG
1	25080067	3	AG
1	25080166	99	AG
1	25080244	78	TG
1	25080344	100	AG
1	25080557	213	AG
1	25080850	293	AG
1	25080877	27	TC
1	25081072	166	TG
1	25081811	277	AG
1	25082657	595	GA
1	25082660	3	GA
1	25083275	116	CG
1	25083442	167	AG
1	25083570	128	CT
1	25083630	60	AG
1	25084051	96	GA
1	25086384	2333	CG
1	25089599	2836	TC
1	25090599	1000	CT
1	25091039	440	CG
1	25091367	21	AC
1	25091471	104	TC
1	25092234	763	CT
1	25092301	67	CT
1	25092506	205	AG
1	25093166	117	GA
1	25093310	144	AG
1	25093378	68	TC
1	25093633	212	TA
1	25093903	270	TC
1	25093939	36	CT
1	25094238	209	TG
1	25094731	493	CT
1	25094738	7	AG
1	25095365	277	CT
1	25095435	70	CG
1	25096027	355	TC
1	25096080	53	TC
1	25096208	128	GC
1	25096397	189	TC
1	25096826	429	GT
1	25097082	65	GA
1	25097106	24	CT
1	25097114	8	CG
1	25097276	162	TC
1	25097949	190	AG
1	25098951	609	GC
1	25098989	38	TC
1	25099012	23	TC
1	25099014	2	CT
1	25099650	245	TC
1	25100125	475	GA
1	25100274	149	GA
1	25100581	307	CG
1	25101750	880	CT
1	25101867	117	GA
1	25102956	218	CA
1	25103985	524	AG
1	25104692	707	CT
1	25104712	20	TC
1	25105326	614	GA
1	25105353	27	TC
1	25105372	19	TG
1	25105448	76	TC
1	25105465	17	TC
1	25105567	102	CT
1	25105583	16	AG
1	25105595	12	CT
1	25105787	192	CA
1	25105848	61	CT
1	25106797	949	GA
1	25107146	105	GA
1	25107949	344	CA
1	25108231	282	TC
1	25108319	88	AG
1	25108552	233	GA
1	25108694	142	AG
1	25109180	486	TC
1	25109489	309	GA
1	25109507	18	AG
1	25110215	201	CT
1	25110216	1	AG
1	25110231	15	TC
1	25110240	9	AG
1	25110387	147	TC
1	25110458	71	TC
1	25110460	2	CA
1	25110554	94	CT
1	25110805	251	CG
1	25110898	93	GT
1	25111675	604	CT
1	25111718	43	GA
1	25113147	569	CG
1	25113193	46	AC
1	25113215	22	AG
1	25113367	89	CA
1	25114335	628	CT
1	25115121	786	TC
1	25116830	996	CT
1	25121102	1948	TG
1	25121537	435	AT
1	25121635	98	GC
1	25121726	91	CT
1	25124520	2753	AG
1	25126914	2173	TC
1	25127100	186	GA
1	25127274	174	CT
1	25127354	80	TC
1	25127792	438	AG
1	25127825	33	CT
1	25127846	21	CG
1	25127854	8	GA
1	25128241	131	TC
1	25128763	522	GA
1	25128817	54	CG
1	25129128	311	GT
1	25129284	156	AC
1	25129291	7	CT
1	25129301	10	GA
1	25129460	159	CT
1	25129470	10	AC
1	25129473	3	AG
1	25129737	194	CT
1	25130757	845	GT
1	25131434	417	AT
1	25131500	66	GC
1	25131575	75	AG
1	25131705	130	GA
1	25131773	68	CA
1	25132035	262	CG
1	25132073	38	GT
1	25132161	88	AG
1	25132822	355	CT
1	25133196	374	AT
1	25133250	54	AG
1	25133380	130	CG
1	25133511	131	TC
1	25134695	299	AG
1	25137940	1264	AG
1	25138566	280	CT
1	25141694	1155	TC
1	25141711	17	AG
1	25142774	217	TG
1	25143642	347	AG
1	25144129	487	GA
1	25144239	110	GA
1	25144312	73	AC
1	25146407	1306	GA
1	25148419	1732	GA
1	25148444	25	TC
1	25153978	2571	GA
1	25155109	1131	TA
1	25159051	3293	CT
1	25159122	71	GA
1	25159125	3	CG
1	25159136	11	GC
1	25160185	989	AG
1	25161817	463	GA
1	25161871	54	GA
1	25162427	259	GA
1	25162851	424	CT
1	25165319	2432	AG
1	25165630	311	AG
1	25165635	5	AC
1	25165657	22	GA
1	25165688	31	TC
1	25166134	446	TC
1	25167775	1273	TG
1	25167782	7	TA
1	25168913	973	AG
1	25169393	480	GA
1	25171815	2140	TG
1	25173725	1018	GA
1	25175380	997	AG
1	25175621	241	GA
1	25177361	1740	TC
1	25177750	389	AG
1	25178208	458	TC
1	25178530	322	AG
1	25180574	1726	TC
1	25180972	398	GA
1	25181229	257	AC
1	25182071	657	AG
1	25182663	592	CG
1	25183247	584	CT
1	25183743	496	AG
1	25184328	585	GA
1	25185677	853	CT
1	25187640	1763	CT
1	25187650	10	TC
1	25191655	3907	TC
1	25192009	354	TC
1	25194223	1656	TA
1	25199420	4056	TC
1	25200370	675	AC
1	25200486	116	TG
1	25200504	18	AG
1	25200926	422	CA
1	25201130	204	GA
1	25202315	884	TC
1	25203438	383	GT
1	25218027	5978	GC
1	25223841	2048	TC
1	25227267	2287	GT
1	25230976	1022	CT
1	25233025	1826	GA
1	25235341	1793	CG
1	25242703	3117	CT
1	25243480	416	GA
1	25244437	648	GA
1	25247136	1308	CA
1	25249061	487	TA
1	25251421	971	AC
1	25252311	667	AG
1	25254193	826	TC
1	25255793	514	TC
1	25255813	20	TC
1	25257210	329	GC
1	25257256	46	CT
1	25260256	1476	TC
1	25260838	558	GT
1	25261858	393	GA
1	25262406	187	AG
1	25262734	328	TC
1	25267131	1456	AC
1	25268371	831	AT
1	25270958	2097	TC
1	25271549	591	GA
1	25271813	264	AC
1	25271814	1	CT
1	25275276	3317	TC
1	25275687	337	TC
1	25279160	2051	CA
1	25282174	1140	AG
1	25291902	8040	GA
1	25294280	2378	AG
1	25299020	3981	AT
1	25311217	6626	TC
1	25316502	2244	TA
1	25319242	1803	GC
1	25320254	411	AG
1	25322850	1332	CT
1	25323495	645	GA
1	25326471	2521	TC
1	25329820	3053	GC
1	25330137	230	CG
1	25330155	18	TC
1	25330178	23	AT
1	25330302	124	TC
1	25330417	115	GA
1	25330422	5	CA
1	25330552	130	GA
1	25330729	177	AG
1	25331040	311	AG
1	25331342	302	GA
1	25331740	398	CT
1	25333643	1377	CT
1	25334001	358	AC
1	25336086	1351	GT
1	25336097	11	GT
1	25336380	283	GA
1	25336421	41	GC
1	25336458	37	GT
1	25336515	57	GA
1	25336520	5	CT
1	25336545	25	GA
1	25337033	488	GA
1	25337163	130	GA
1	25353434	10820	AC
1	25368355	11398	CT
1	25368977	622	TC
1	25370501	974	GA
1	25370746	245	AG
1	25370921	175	CT
1	25371310	389	TC
1	25372347	1037	CT
1	25373523	1145	GA
1	25373560	37	AG
1	25373685	125	GT
1	25374563	878	TA
1	25374564	1	CA
1	25376173	1057	AG
1	25376509	134	GC
1	25376956	447	CG
1	25377189	233	TA
1	25377200	11	AG
1	25377563	363	TC
1	25377570	7	CT
1	25378136	537	GA
1	25378288	152	TC
1	25378292	4	GA
1	25378694	364	GA
1	25378709	15	GA
1	25379190	377	AG
1	25381078	1696	GC
1	25381351	273	CT
1	25394570	8785	CT
1	25398675	3322	AG
1	25398926	251	AG
1	25399291	261	TG
1	25400438	1147	GC
1	25401872	1434	GC
1	25401961	89	AG
1	25402003	42	CT
1	25402198	195	GA
1	25403108	910	TC
1	25403264	156	TC
1	25403647	383	CT
1	25404017	370	GA
1	25405272	847	CT
1	25405282	10	AG
1	25406282	687	TA
1	25406632	350	CG
1	25406635	3	CT
1	25407072	242	TC
1	25407727	580	AC
1	25407781	54	GC
1	25408027	246	CT
1	25408068	41	TC
1	25409601	1294	GA
1	25409765	164	AG
1	25410253	488	CT
1	25410559	306	TC
1	25410561	2	GA
1	25411179	385	AG
1	25412959	1146	GA
1	25413994	823	AC
1	25414099	105	GA
1	25414323	106	CT
1	25414671	348	GA
1	25414858	187	CG
1	25415098	240	CT
1	25415901	803	GT
1	25416114	213	CT
1	25419334	2195	AG
1	25419570	236	AG
1	25420241	184	GC
1	25420886	645	TC
1	25421292	406	AC
1	25422875	1364	GC
1	25423436	561	AG
1	25428490	4120	CA
1	25428917	373	CT
1	25429010	93	GC
1	25429139	129	GA
1	25429377	131	GA
1	25429538	119	TC
1	25431488	491	GC
1	25431828	340	GA
1	25431959	131	CT
1	25432313	354	TC
1	25432525	212	CT
1	25432602	77	GC
1	25432693	91	GC
1	25432749	56	AC
1	25432802	53	AG
1	25432803	1	GC
1	25433132	198	CT
1	25433220	88	CA
1	25433315	19	AG
1	25433443	128	TA
1	25433581	138	CT
1	25433667	86	GT
1	25433694	27	AG
1	25433723	29	AG
1	25433735	12	CT
1	25433805	70	CT
1	25433920	115	GA
1	25433997	77	AC
1	25434436	353	TG
1	25434438	2	CT
1	25438097	455	AC
1	25440430	248	GA
1	25440678	248	CG
1	25440686	8	CT
1	25441254	196	TC
1	25441436	182	AG
1	25441447	11	CA
1	25441648	201	CT
1	25441806	158	CT
1	25443011	1205	AG
1	25443196	185	TC
1	25443273	77	AG
1	25443274	1	AC
1	25443939	665	CT
1	25444001	62	CT
1	25445900	1769	GA
1	25446481	581	GA
1	25448800	2165	AG
1	25448807	7	GT
1	25448809	2	AG
1	25448925	116	TA
1	25448975	50	GA
1	25449028	53	AG
1	25449058	30	CT
1	25449059	1	AG
1	25449270	211	TC
1	25449290	20	TA
1	25449305	15	GA
1	25449372	67	AG
1	25449497	125	AG
1	25455758	3702	CG
1	25455888	130	GA
1	25455988	100	TC
1	25456888	809	TC
1	25457045	157	TG
1	25457547	336	TC
1	25457981	434	CT
1	25458242	261	TC
1	25458295	53	GA
1	25458347	52	AG
1	25458418	71	GA
1	25458520	102	GA
1	25458574	54	TC
1	25458602	28	AG
1	25458919	317	GA
1	25459223	304	TC
1	25459319	96	CT
1	25459341	22	TG
1	25459367	26	GC
1	25459376	9	CG
1	25459460	84	GA
1	25459472	12	AG
1	25459576	104	GA
1	25460039	265	GC
1	25461428	1232	GC
1	25464511	2382	CT
1	25473900	8825	TC
1	25475595	1652	AC
1	25475692	97	TC
1	25476531	839	GA
1	25478243	1663	CG
1	25478428	185	TC
1	25479357	653	GT
1	25480147	287	AG
1	25480488	261	CT
1	25480715	227	GA
1	25480989	274	CG
1	25480997	8	GA
1	25481026	29	AG
1	25481095	69	CT
1	25481187	92	AC
1	25483456	2062	AG
1	25484466	1010	AC
1	25489218	3391	CT
1	25489586	368	AG
1	25492950	2917	GT
1	25496670	3012	GA
1	25498427	1417	CG
1	25499692	946	CG
1	25500637	874	TC
1	25501651	920	TC
1	25502180	529	CT
1	25502454	274	AG
1	25503229	740	TC
1	25503698	469	GA
1	25504831	831	GA
1	25505301	470	AC
1	25507181	1365	AG
1	25507279	98	GA
1	25507447	168	TC
1	25510016	244	GA
1	25510028	12	GA
1	25510110	82	CA
1	25510727	384	TG
1	25511983	1256	CT
1	25517508	1829	GA
1	25519084	1395	TC
1	25521650	1588	CT
1	25522984	1334	TC
1	25524128	600	AG
1	25524558	60	TC
1	25525151	324	CG
1	25525199	48	TA
1	25525270	71	AG
1	25525655	115	CA
1	25527825	2001	GC
1	25528276	451	CA
1	25529931	1099	GC
1	25531547	1557	CT
1	25532863	1291	AC
1	25532864	1	CT
1	25533363	499	AG
1	25533420	57	CT
1	25533501	81	GA
1	25533714	213	GA
1	25534688	974	CT
1	25534816	128	TC
1	25534994	178	GC
1	25535008	14	AT
1	25535511	503	CT
1	25535609	98	GA
1	25536252	361	AG
1	25536276	24	GA
1	25536624	348	AG
1	25537238	614	GA
1	25537857	366	TC
1	25538482	492	AG
1	25538997	515	AG
1	25541085	396	CT
1	25541439	354	GA
1	25542730	1291	CT
1	25543624	588	CT
1	25543640	16	TC
1	25543702	62	CT
1	25545245	939	TC
1	25546075	791	GT
1	25547895	666	TA
1	25550086	654	AG
1	25550129	43	GA
1	25550210	81	GT
1	25551398	736	TC
1	25552010	612	GT
1	25553825	959	GA
1	25554816	413	TG
1	25554874	58	CT
1	25555174	300	CG
1	25556245	1071	AG
1	25557228	872	GT
1	25557615	387	TC
1	25558069	454	AG
1	25560694	997	AG
1	25564757	2087	CT
1	25566633	1803	GA
1	25569904	2276	GT
1	25570708	758	CA
1	25571639	931	TC
1	25572284	479	CT
1	25575588	3024	CT
1	25576014	426	GA
1	25576139	125	TC
1	25576699	560	CT
1	25576738	39	GA
1	25577511	773	TC
1	25577512	1	GC
1	25577545	33	TC
1	25577683	138	CA
1	25577801	118	CT
1	25577965	164	CT
1	25578028	63	GC
1	25578055	27	TC
1	25578427	338	TC
1	25578521	94	CT
1	25578530	9	TC
1	25578618	88	GA
1	25578638	20	TC
1	25578669	31	TC
1	25578773	104	CT
1	25579201	388	TC
1	25579886	639	CA
1	25580174	288	GT
1	25580234	60	CT
1	25580488	254	GA
1	25580568	80	GA
1	25580606	38	CT
1	25580964	358	CT
1	25588061	5315	GC
1	25589863	1459	AC
1	25590119	256	AG
1	25590120	1	GT
1	25590150	30	TA
1	25590175	25	AG
1	25590197	22	TC
1	25590536	339	CT
1	25590668	132	AG
1	25591222	106	CT
1	25591656	434	CT
1	25591661	5	AG
1	25591730	69	CG
1	25591817	87	TC
1	25591888	71	TG
1	25591907	19	AG
1	25591921	14	CT
1	25591934	13	GA
1	25592268	334	AG
1	25592361	93	TC
1	25592373	12	GA
1	25592486	113	CT
1	25592487	1	CG
1	25592511	24	CT
1	25592592	81	AG
1	25592901	309	GA
1	25592907	6	CT
1	25593149	242	CG
1	25593317	81	CT
1	25600901	4815	AG
1	25600910	9	TC
1	25601197	287	CT
1	25601214	17	AT
1	25601320	106	TC
1	25601328	8	TG
1	25601411	83	GA
1	25601569	158	TG
1	25601829	260	AG
1	25602064	235	GA
1	25602122	58	GC
1	25602467	306	CA
1	25602886	419	CT
1	25603024	138	AG
1	25603057	33	TC
1	25603629	57	TC
1	25603630	1	GA
1	25603655	25	TC
1	25603870	215	TC
1	25603914	44	GA
1	25604543	607	AG
1	25604549	6	TC
1	25604754	205	GA
1	25605122	315	TA
1	25605691	569	GA
1	25606822	1131	AG
1	25607172	350	CT
1	25607601	352	TC
1	25607623	22	GA
1	25607723	100	GA
1	25607725	2	GC
1	25608923	616	GA
1	25608984	61	GA
1	25608997	13	AG
1	25609007	10	GA
1	25610150	1143	AG
1	25610183	33	GA
1	25610305	122	GC
1	25610443	138	TC
1	25610449	6	TC
1	25611055	300	AG
1	25611058	3	AG
1	25611237	179	AG
1	25611342	105	CT
1	25611371	29	TC
1	25611387	16	GA
1	25611445	58	GC
1	25611474	29	TC
1	25611478	4	CT
1	25611667	189	CT
1	25611723	56	CT
1	25611730	7	GC
1	25611769	39	TC
1	25612257	422	TG
1	25612797	540	GA
1	25613476	425	AG
1	25613522	46	AG
1	25613540	18	CT
1	25613911	113	GA
1	25614007	96	CT
1	25614017	10	GA
1	25614232	215	CG
1	25614534	302	CT
1	25614648	114	AG
1	25614668	20	CT
1	25614751	83	GT
1	25615244	408	GA
1	25615250	6	TC
1	25615258	8	CT
1	25615596	137	GA
1	25615848	218	GA
1	25616107	259	GA
1	25616113	6	GA
1	25616526	413	GC
1	25616761	235	GC
1	25616794	33	CT
1	25617406	612	AT
1	25617407	1	TA
1	25617851	444	CT
1	25618348	451	GC
1	25618424	76	CT
1	25618579	155	CT
1	25618711	132	TA
1	25618767	56	TC
1	25618773	6	TC
1	25619432	659	TA
1	25619436	4	CT
1	25619705	269	GT
1	25619761	56	TC
1	25619840	79	AG
1	25619936	96	CG
1	25620087	151	CT
1	25620380	293	CT
1	25620450	70	CT
1	25621217	135	CT
1	25621595	378	GA
1	25621946	260	TG
1	25622086	86	GC
1	25622385	299	GA
1	25622444	59	CA
1	25622953	509	GA
1	25623471	518	TC
1	25623502	31	CT
1	25623767	265	CT
1	25624567	679	AG
1	25624756	189	AG
1	25624815	59	GA
1	25624971	156	AG
1	25625234	263	AG
1	25625521	287	GA
1	25625661	140	GT
1	25626041	264	TC
1	25626492	440	AT
1	25627809	939	TC
1	25627848	39	TC
1	25628336	454	CG
1	25628384	48	AT
1	25628725	263	AT
1	25629398	673	TC
1	25629410	12	TC
1	25630227	817	AC
1	25630292	65	CG
1	25630317	25	GC
1	25630342	25	AG
1	25633991	3459	TC
1	25634938	947	CT
1	25635031	93	TC
1	25635813	747	TC
1	25636489	603	GA
1	25638005	1352	TC
1	25639669	1233	AG
1	25640149	480	GA
1	25640188	39	GC
1	25641048	860	AG
1	25642063	1015	CG
1	25642344	281	TC
1	25643951	1448	AG
1	25645625	1597	GA
1	25645714	89	CT
1	25698942	49914	CG
1	25699064	122	AG
1	25699217	153	GA
1	25700552	1265	GA
1	25700868	316	AG
1	25700919	51	CT
1	25701016	97	GA
1	25701029	13	GA
1	25701035	6	AG
1	25701112	77	TC
1	25701246	134	GA
1	25703095	1849	CG
1	25703148	53	GA
1	25703584	389	CG
1	25705168	1326	TG
1	25705606	438	TC
1	25706579	812	TC
1	25707469	582	CG
1	25710206	2545	AT
1	25710321	115	TC
1	25711719	1365	AG
1	25712425	706	GT
1	25714266	1786	GA
1	25717103	2721	GC
1	25717617	514	GT
1	25717648	31	TG
1	25718545	897	CT
1	25718659	114	TC
1	25718696	37	TC
1	25718769	73	GT
1	25719116	347	CT
1	25719232	116	AG
1	25719336	104	GA
1	25719357	21	CT
1	25719386	29	TC
1	25719407	21	TC
1	25719414	7	GC
1	25719679	265	AG
1	25719996	317	TG
1	25720046	50	CT
1	25720515	469	GA
1	25720679	164	TG
1	25720764	85	CT
1	25720780	16	GA
1	25720884	104	GA
1	25720914	30	AG
1	25720996	82	CT
1	25721452	456	TC
1	25722514	1062	AG
1	25722701	187	GA
1	25726150	2344	AG
1	25726616	466	CT
1	25726635	19	CT
1	25726808	173	CT
1	25727117	309	CT
1	25727462	345	TC
1	25728315	521	TC
1	25729237	660	GC
1	25729305	68	AC
1	25729327	22	GC
1	25730164	775	GA
1	25731118	928	GA
1	25733143	1793	CT
1	25734344	966	CT
1	25735290	946	GA
1	25735295	5	AG
1	25736484	830	AG
1	25736798	314	CT
1	25736919	121	TC
1	25736987	68	GA
1	25738109	1083	TC
1	25740848	1745	AC
1	25741065	217	GA
1	25741451	386	CT
1	25746294	1036	CT
1	25746723	429	GC
1	25748384	1292	CT
1	25748600	216	GA
1	25748694	39	GA
1	25748754	60	TC
1	25749338	98	TC
1	25749461	123	CT
1	25749957	227	AG
1	25750126	169	AG
1	25750216	90	AG
1	25750954	706	GA
1	25751072	118	AG
1	25751087	15	GA
1	25751219	132	TG
1	25754260	2131	TC
1	25758159	3060	TC
1	25760879	1524	GA
1	25765071	3152	AG
1	25769819	4703	CT
1	25771537	1718	CA
1	25774697	2557	TC
1	25777973	2895	TC
1	25778752	230	TC
1	25779935	554	TC
1	25780061	126	GC
1	25787800	4745	AG
1	25787885	85	AG
1	25788038	153	GA
1	25788108	70	AG
1	25788563	455	GA
1	25788903	340	TC
1	25789652	412	CT
1	25794704	2184	TC
1	25802607	4320	TC
1	25805520	1916	TC
1	25808625	2139	TC
1	25808748	123	AG
1	25809561	705	AG
1	25809690	129	GA
1	25809793	103	AG
1	25810101	308	AG
1	25813772	3077	AG
1	25815519	1697	AG
1	25815672	153	TC
1	25815681	9	CA
1	25816163	482	AG
1	25816690	527	GA
1	25817681	991	GA
1	25817701	20	CT
1	25817702	1	AG
1	25818816	546	GA
1	25819274	421	TC
1	25819968	694	CT
1	25819999	31	GA
1	25820284	285	CT
1	25820477	193	GA
1	25820836	359	CT
1	25820956	120	CT
1	25821151	195	GA
1	25821172	21	CT
1	25821661	489	TC
1	25822586	925	GA
1	25823531	945	AG
1	25823716	185	GA
1	25824545	627	TC
1	25825004	434	AG
1	25825719	529	AG
1	25825787	68	AG
1	25827084	792	CT
1	25827106	22	GA
1	25827390	206	AG
1	25827692	302	AG
1	25827774	82	CT
1	25827871	97	AC
1	25827881	10	CT
1	25828712	705	TG
1	25828808	96	AG
1	25829150	342	CT
1	25829373	223	TC
1	25829487	114	AG
1	25829731	244	CT
1	25830018	287	GA
1	25830272	254	GA
1	25830309	37	TC
1	25830395	86	CT
1	25830406	11	AC
1	25831294	533	GC
1	25831934	400	TG
1	25831974	40	TC
1	25832094	120	AG
1	25832115	21	TG
1	25832157	42	TC
1	25832337	180	AG
1	25832394	57	AC
1	25832395	1	GT
1	25832685	290	GA
1	25833003	318	CT
1	25833020	17	TA
1	25833114	94	TC
1	25833122	8	TA
1	25833189	67	GA
1	25833321	132	GC
1	25833358	37	TC
1	25833536	178	AG
1	25833575	39	GA
1	25833626	51	TC
1	25833800	174	GA
1	25833828	28	GC
1	25833882	54	CA
1	25833912	30	CT
1	25833915	3	GA
1	25834168	253	AC
1	25834341	173	CT
1	25834458	117	AG
1	25834479	21	GA
1	25834512	33	TG
1	25834531	19	CT
1	25834553	22	GA
1	25835448	895	TC
1	25835771	323	GA
1	25836180	409	TC
1	25836305	125	TC
1	25836476	171	TC
1	25836546	70	CT
1	25836628	82	GA
1	25836846	218	CT
1	25836847	1	AG
1	25837680	798	AG
1	25837855	175	AC
1	25837866	11	AG
1	25837941	75	TC
1	25838063	122	AG
1	25838266	203	AG
1	25838813	547	TC
1	25839235	422	AG
1	25839535	300	GA
1	25839582	47	CT
1	25839909	327	TC
1	25840154	245	CT
1	25840169	15	AC
1	25840170	1	GA
1	25840403	233	TC
1	25840645	242	GA
1	25841071	426	TC
1	25841206	135	AG
1	25842071	723	AG
1	25844258	2187	TC
1	25846130	1872	AG
1	25847124	994	AG
1	25847173	49	AC
1	25847203	30	GC
1	25847413	210	CT
1	25848263	570	GA
1	25848311	48	AG
1	25850407	1797	GA
1	25850856	449	GA
1	25851004	148	CT
1	25853142	2020	AG
1	25853554	202	AC
1	25854297	743	TG
1	25856695	721	TC
1	25856739	44	CT
1	25856973	234	TC
1	25857025	52	CG
1	25857094	69	AG
1	25857175	81	AG
1	25857601	426	TC
1	25857651	50	TC
1	25858319	668	GA
1	25858523	130	TC
1	25859007	237	AC
1	25862279	769	AG
1	25862618	339	TG
1	25863684	452	CT
1	25863758	74	AT
1	25863855	65	AG
1	25864417	516	TA
1	25864701	284	TC
1	25864718	17	TC
1	25864781	63	CT
1	25864995	197	CT
1	25865021	26	CG
1	25865145	124	AG
1	25865417	272	AG
1	25865768	351	AG
1	25865879	111	CT
1	25865910	31	TC
1	25865922	12	CT
1	25865999	77	TC
1	25866003	4	CT
1	25866500	497	TC
1	25866630	130	GC
1	25866668	38	TC
1	25868725	1891	AC
1	25868732	7	GA
1	25871123	2016	CT
1	25873707	829	CT
1	25873765	58	GA
1	25874160	282	GA
1	25874206	46	CT
1	25878568	2833	TC
1	25881747	2568	GA
1	25882209	462	GA
1	25883341	725	CT
1	25883371	30	TG
1	25884087	386	GA
1	25884697	610	GA
1	25885995	1171	TC
1	25886046	51	CT
1	25886360	314	GA
1	25886376	16	TC
1	25886463	87	TG
1	25887006	232	GA
1	25887350	202	AG
1	25887742	256	TG
1	25888079	337	CT
1	25888339	260	AG
1	25889517	991	CA
1	25889861	344	GA
1	25890483	125	GA
1	25890845	362	AG
1	25891062	217	AG
1	25894024	1951	GA
1	25901176	571	GA
1	25901247	71	CT
1	25902338	487	GT
1	25902543	205	CT
1	25902604	61	TC
1	25903443	508	CT
1	25903547	104	CT
1	25903596	49	TA
1	25903653	57	AG
1	25903764	111	GA
1	25904062	298	AG
1	25907082	2847	TC
1	25908672	1590	CT
1	25910510	1758	GT
1	25913550	2982	GT
1	25916054	2237	AG
1	25916117	63	GC
1	25916580	463	AG
1	25916670	90	GA
1	25918942	2100	GT
1	25921167	2193	TC
1	25921774	476	CT
1	25921903	129	GA
1	25924086	2040	GA
1	25924213	70	TG
1	25924937	691	TG
1	25925145	208	GC
1	25926086	941	GA
1	25926733	528	AG
1	25931804	2675	TC
1	25957153	6612	GA
1	25958292	220	GT
1	25958839	340	GA
1	25958917	78	GC
1	25959130	173	TC
1	25959845	381	CG
1	25962233	2176	CT
1	25963673	1356	GC
1	25963753	80	TC
1	25964423	531	TC
1	25964484	61	TA
1	25964602	118	TC
1	25968942	4024	TC
1	25969354	412	CG
1	25969372	18	AT
1	25969519	147	GA
1	25969592	73	GT
1	25969602	10	GT
1	25970196	568	GA
1	25971683	1444	AC
1	25972651	887	CT
1	25974096	802	TC
1	25974569	473	AG
1	25974644	75	AG
1	25974685	41	AC
1	25974902	217	TC
1	25977496	2550	AG
1	25978973	1334	CT
1	25980226	1226	AG
1	25980291	65	GC
1	25981111	820	TC
1	25981686	575	AG
1	25981761	75	CA
1	25983052	1234	TC
1	25983785	733	TC
1	25983858	73	AG
1	25986090	2232	CG
1	25986128	38	TC
1	25988844	2457	CT
1	25989890	868	AG
1	25990284	394	GA
1	25990856	572	GA
1	25991192	336	AT
1	25992025	688	GA
1	25992162	137	AG
1	25992312	150	GA
1	25992366	54	TC
1	25992557	191	TA
1	25993279	682	GA
1	25993547	268	CT
1	25993625	78	CT
1	25993677	52	GC
1	25993799	122	CG
1	25993837	38	AG
1	25994288	451	GA
1	25994332	44	CT
1	25996368	1511	TC
1	25996862	397	GA
1	25997056	194	CT
1	25997743	194	TC
1	25997942	199	AG
1	25999913	1575	GA
1	25999916	3	GT
1	26002190	2161	GT
1	26002780	590	CT
1	26002983	203	AG
1	26005618	2167	TC
1	26005674	56	GC
1	26005727	53	CT
1	26005850	123	TC
1	26006511	632	TG
1	26008402	734	GC
1	26009585	839	CT
1	26010964	983	AG
1	26010965	1	AG
1	26011136	171	GA
1	26011192	56	GC
1	26011223	31	CT
1	26011789	463	AG
1	26011796	7	TA
1	26011804	8	AG
1	26011860	56	GA
1	26011878	18	CT
1	26014890	1176	AG
1	26014928	38	TC
1	26015419	433	TC
1	26015984	565	GC
1	26016085	101	TC
1	26016331	117	CT
1	26016606	275	AG
1	26016625	19	CG
1	26016666	41	AC
1	26016758	92	AG
1	26017159	401	TC
1	26017799	597	CG
1	26021090	2725	AC
1	26022298	1208	CT
1	26024645	2347	CT
1	26027875	3152	CT
1	26027942	67	TC
1	26028317	375	TC
1	26028620	303	TA
1	26028902	282	AG
1	26028907	5	TC
1	26029961	641	GA
1	26030262	301	CT
1	26030409	147	CT
1	26030442	33	AG
1	26030704	127	CA
1	26030846	142	AT
1	26031432	586	TC
1	26031847	415	CT
1	26031868	21	CT
1	26031902	34	GA
1	26032008	106	GA
1	26032319	196	CT
1	26032731	308	AG
1	26033118	387	CT
1	26033266	148	GA
1	26033902	636	CA
1	26034030	128	TC
1	26034579	549	GC
1	26034959	380	AG
1	26036116	1098	GA
1	26039944	3488	CT
1	26039989	45	TC
1	26041065	910	GA
1	26041764	616	AC
1	26049027	2372	CA
1	26050174	965	CT
1	26050841	667	GA
1	26052547	1655	AG
1	26053231	642	AG
1	26053263	32	AT
1	26053267	4	TC
1	26053984	691	TC
1	26054022	38	AC
1	26054558	536	CT
1	26054999	441	CT
1	26055067	22	AG
1	26055115	48	CT
1	26055127	12	TC
1	26055146	19	GC
1	26055152	6	CT
1	26055364	212	AG
1	26055443	79	AG
1	26055730	287	GT
1	26056045	315	CT
1	26056231	186	GA
1	26056282	51	CA
1	26056401	119	CT
1	26056421	20	CT
1	26056449	28	CT
1	26060048	3363	AG
1	26060405	357	AC
1	26060717	312	AG
1	26062420	1510	AC
1	26062611	191	TC
1	26063196	550	GA
1	26063433	237	GA
1	26063484	51	AG
1	26063517	33	AG
1	26063583	66	AC
1	26063709	126	CT
1	26063869	160	TG
1	26064099	180	CT
1	26064311	212	GA
1	26064349	38	TA
1	26064493	144	TC
1	26064552	59	TC
1	26064567	15	TC
1	26064829	262	GC
1	26064831	2	CT
1	26064872	41	AG
1	26064933	61	CT
1	26065171	238	GC
1	26065293	122	AG
1	26065486	193	GC
1	26073403	2967	TG
1	26073667	101	CT
1	26073716	49	CG
1	26073774	58	AT
1	26074340	191	TC
1	26074358	18	TC
1	26074751	393	CT
1	26074992	241	GA
1	26075027	35	CT
1	26075317	290	TC
1	26075335	18	TC
1	26075419	84	AG
1	26075926	507	TC
1	26075952	26	CT
1	26075957	5	AG
1	26076077	120	TC
1	26076081	4	GC
1	26076147	66	TC
1	26076556	409	TG
1	26076621	65	GA
1	26076920	299	CT
1	26077010	90	CT
1	26077467	457	AG
1	26077581	114	CT
1	26079248	1090	AG
1	26079268	20	TC
1	26080098	736	CT
1	26080171	73	CT
1	26080525	62	CA
1	26080573	48	GA
1	26080635	62	TC
1	26080690	55	CG
1	26080893	203	GA
1	26082409	1305	TC
1	26082420	11	CT
1	26082462	42	TC
1	26082496	34	CT
1	26082501	5	TC
1	26082585	84	AG
1	26082588	3	TC
1	26082630	42	CA
1	26082811	181	TC
1	26095954	11472	TC
1	26096619	552	TG
1	26100895	4177	GC
1	26106171	4581	AG
1	26111604	4551	AT
1	26111615	11	AC
1	26141338	16735	AG
1	26145313	3680	TA
1	26146387	1074	TC
1	26149331	2321	GC
1	26149356	25	TG
1	26150670	1213	AG
1	26153803	2457	GA
1	26175699	19166	GT
1	26179719	3776	GC
1	26180647	805	CG
1	26180858	211	AG
1	26180963	105	CT
1	26181040	77	CG
1	26181549	414	AG
1	26181903	354	CG
1	26181935	32	AC
1	26183246	901	GA
1	26184876	1592	GA
1	26185036	160	TC
1	26185038	2	TC
1	26185054	16	AT
1	26185145	91	TC
1	26185147	2	GA
1	26186287	610	AG
1	26186320	33	CT
1	26186497	177	AG
1	26186637	140	CT
1	26186713	76	TC
1	26186915	202	AG
1	26186917	2	AG
1	26186991	74	GA
1	26187176	185	TC
1	26187270	94	AG
1	26187490	190	AG
1	26187546	56	TC
1	26187570	24	CT
1	26187591	21	TC
1	26187598	7	GA
1	26187636	38	TC
1	26187775	139	GC
1	26187830	55	GA
1	26187836	6	TC
1	26188108	272	CT
1	26188109	1	AG
1	26188113	4	AG
1	26188151	38	TC
1	26188231	80	GA
1	26188410	179	AG
1	26188453	43	AG
1	26188941	322	CG
1	26188955	14	CA
1	26189333	378	GA
1	26189402	69	GT
1	26189502	100	CT
1	26189626	124	CG
1	26189743	117	TC
1	26189801	58	TC
1	26190396	155	CT
1	26190414	18	GA
1	26190787	44	CT
1	26190849	62	CT
1	26190856	7	TA
1	26190907	51	AG
1	26190951	44	TC
1	26191016	65	CA
1	26191036	20	TC
1	26191492	456	TC
1	26191958	466	AC
1	26192089	131	GA
1	26192207	118	GA
1	26192494	287	GA
1	26192573	79	GC
1	26192615	42	CG
1	26192757	142	TC
1	26192805	48	AC
1	26192986	181	TA
1	26193001	15	GA
1	26193020	19	AT
1	26193033	13	CT
1	26193155	122	GA
1	26193268	113	GA
1	26193479	211	CA
1	26194544	743	CT
1	26195925	1381	GA
1	26196033	108	GC
1	26197054	1021	TA
1	26197632	578	CT
1	26197881	249	GC
1	26197883	2	CT
1	26197991	108	GA
1	26198199	208	CT
1	26198249	50	TC
1	26198310	61	CT
1	26200297	1883	CT
1	26200298	1	TG
1	26200814	368	TC
1	26200915	101	TC
1	26200916	1	GA
1	26201067	151	AG
1	26201876	554	TC
1	26202734	858	TC
1	26202909	175	TC
1	26203701	705	GT
1	26203991	195	CT
1	26204002	11	AT
1	26205234	1100	TC
1	26206202	968	GA
1	26206265	63	GA
1	26206327	62	AG
1	26206380	53	AG
1	26206384	4	AC
1	26206590	142	GA
1	26206610	20	CT
1	26206922	312	AG
1	26207053	94	TC
1	26207889	283	AG
1	26207957	68	TC
1	26208001	44	AC
1	26208019	18	GA
1	26208076	57	CA
1	26208661	585	AG
1	26208762	101	TC
1	26208822	60	GA
1	26209336	514	TC
1	26210126	509	GA
1	26210252	126	CT
1	26210306	54	AG
1	26210566	173	CA
1	26210708	105	CG
1	26211165	457	AC
1	26211960	596	GA
1	26213290	1330	AG
1	26215369	1926	AG
1	26215564	195	GC
1	26219450	3301	TC
1	26219946	496	AG
1	26223785	3672	GA
1	26230363	5033	TC
1	26231039	135	GA
1	26231758	719	GA
1	26231759	1	CT
1	26231870	111	CT
1	26231946	76	AG
1	26232024	78	TC
1	26232255	231	CT
1	26235686	3206	CT
1	26236186	500	AG
1	26236470	284	TA
1	26236997	527	TC
1	26238976	1938	GA
1	26240083	1036	GA
1	26241937	1447	TA
1	26241988	51	AC
1	26244665	1900	GA
1	26244695	30	GC
1	26244701	6	AG
1	26244743	42	GA
1	26244755	12	CT
1	26245137	84	CG
1	26248715	2887	CT
1	26248852	137	AC
1	26249637	724	TC
1	26249867	230	AG
1	26250745	811	GA
1	26251255	510	GA
1	26251352	97	TC
1	26251353	1	GA
1	26251359	6	CG
1	26255487	3233	AG
1	26256095	562	TC
1	26261476	4474	CT
1	26261543	67	CT
1	26262169	296	CT
1	26262637	468	CT
1	26263343	706	CT
1	26263860	517	GA
1	26263952	92	AG
1	26265462	1010	AG
1	26266867	1233	CT
1	26266992	125	GA
1	26267829	837	CT
1	26268775	614	GA
1	26269222	447	TC
1	26270278	829	CT
1	26270630	352	GA
1	26270669	39	TC
1	26270995	326	CG
1	26271028	33	GA
1	26271083	55	AT
1	26271226	143	AT
1	26271429	203	AG
1	26271559	130	AG
1	26271992	75	CT
1	26272206	214	GA
1	26273947	969	TC
1	26274423	476	AG
1	26274545	122	AG
1	26274716	171	TC
1	26275168	421	GA
1	26275564	396	AG
1	26276158	594	TC
1	26278341	1536	CT
1	26278507	166	AT
1	26278511	4	TC
1	26278778	267	TC
1	26278792	14	AG
1	26279163	371	GT
1	26279293	130	AG
1	26279336	43	CT
1	26279619	283	TC
1	26280292	673	AG
1	26280344	52	TC
1	26280361	17	TC
1	26280428	67	CG
1	26280920	389	GA
1	26281172	252	GA
1	26282501	1029	AG
1	26282868	367	AG
1	26283504	636	TC
1	26283556	52	TC
1	26283853	152	TC
1	26284947	1094	AG
1	26285020	73	TC
1	26285733	666	CT
1	26285862	129	CG
1	26286596	475	CT
1	26287118	522	AG
1	26287969	851	GT
1	26289432	620	AG
1	26289620	188	GC
1	26291096	1476	GA
1	26291341	245	CT
1	26291373	32	AC
1	26291758	385	TC
1	26295535	3346	AT
1	26300907	4488	AG
1	26301753	846	TC
1	26301926	173	CT
1	26302972	1046	CT
1	26305460	1835	CT
1	26305535	75	CT
1	26305899	251	CG
1	26306999	1100	CG
1	26308036	664	GA
1	26308697	377	TC
1	26308794	97	TG
1	26309127	333	TC
1	26310246	559	TC
1	26310440	147	TC
1	26310602	162	CT
1	26310677	75	TC
1	26310756	79	TC
1	26311020	264	GA
1	26311226	206	TC
1	26312396	1170	AT
1	26312793	152	GA
1	26313606	705	CT
1	26314357	751	AG
1	26315880	1500	GA
1	26317744	1252	TG
1	26319981	1545	CA
1	26321090	488	TC
1	26321145	55	CT
1	26324602	3117	AG
1	26325375	603	GA
1	26326921	1167	AT
1	26329122	892	CG
1	26330446	1209	AG
1	26330491	9	AG
1	26330562	71	AG
1	26330740	178	GA
1	26333082	2012	CT
1	26335905	2772	CT
1	26338445	2118	AG
1	26338709	264	GA
1	26339865	867	CT
1	26340529	664	CT
1	26342889	2182	CT
1	26344162	1131	TC
1	26345239	920	TC
1	26346836	1510	TG
1	26350453	2098	AG
1	26350711	258	TC
1	26351289	578	GA
1	26352238	928	CT
1	26352411	173	CT
1	26352539	128	CT
1	26352675	136	CT
1	26353092	417	CA
1	26353157	65	TC
1	26353241	84	GA
1	26353353	112	TC
1	26353354	1	GA
1	26353800	446	GA
1	26354343	543	AG
1	26357250	2275	CT
1	26357714	464	GA
1	26359965	1881	AC
1	26361093	1128	AC
1	26361843	750	GA
1	26362956	1113	TC
1	26363121	165	AG
1	26365668	1262	AG
1	26367700	1713	GT
1	26367885	185	AG
1	26371078	2921	AG
1	26372654	1190	AG
1	26373744	901	AG
1	26373996	252	AG
1	26374134	138	GA
1	26378590	3996	AG
1	26378665	75	TG
1	26380144	1393	TG
1	26380445	301	GT
1	26380939	410	TC
1	26382559	1412	AG
1	26382574	15	GC
1	26382604	30	AG
1	26383038	434	CT
1	26383259	221	GC
1	26384091	499	TG
1	26384169	78	AC
1	26384842	673	CG
1	26384914	72	TC
1	26386151	1237	AG
1	26386190	39	TC
1	26386473	283	GA
1	26386482	9	AG
1	26386531	49	AG
1	26386533	2	AC
1	26386582	49	CA
1	26386669	87	TC
1	26386863	194	CG
1	26386867	4	AG
1	26386869	2	AG
1	26386915	46	CT
1	26387072	157	TC
1	26387371	299	CT
1	26388221	502	TC
1	26388234	13	GA
1	26388425	191	AG
1	26388770	345	TG
1	26389782	759	TC
1	26392009	2180	CT
1	26394218	1885	CT
1	26399428	4677	TC
1	26409733	6911	CG
1	26409932	199	AG
1	26411804	460	TC
1	26411955	151	TC
1	26413034	668	GA
1	26415558	1824	GA
1	26416926	1190	AC
1	26418888	1220	AG
1	26419776	869	CT
1	26425059	3549	CT
1	26431984	5394	AG
1	26432579	595	AG
1	26432710	131	GA
1	26432717	7	GC
1	26432866	149	TA
1	26433809	943	CT
1	26434549	693	CT
1	26435064	515	CT
1	26435355	291	TC
1	26435470	115	AG
1	26435759	289	AG
1	26436584	558	CT
1	26437628	374	GA
1	26437846	218	CT
1	26438530	583	CG
1	26439169	276	GA
1	26439301	132	AG
1	26439774	473	AG
1	26443233	2567	AG
1	26447764	3318	GT
1	26448359	595	GA
1	26448724	365	TG
1	26453853	4544	CG
1	26456466	2574	TC
1	26459233	2207	AG
1	26462720	3487	AG
1	26462942	222	CG
1	26471208	7152	TC
1	26471783	575	TG
1	26471784	1	CT
1	26471951	167	GT
1	26472175	190	TA
1	26472267	92	CG
1	26472327	60	GA
1	26472332	5	GA
1	26472583	251	CT
1	26472590	7	AG
1	26472757	167	AC
1	26472766	9	GA
1	26473888	899	TC
1	26473893	5	CG
1	26474105	212	GA
1	26474177	72	AG
1	26474214	37	TC
1	26474337	123	TC
1	26474386	49	AG
1	26474482	96	CT
1	26474528	46	CA
1	26474694	166	AG
1	26474843	149	CT
1	26474960	117	GA
1	26475051	91	TC
1	26475128	77	TC
1	26475208	80	TC
1	26475215	7	CG
1	26475255	40	AG
1	26475264	9	AG
1	26475404	140	AG
1	26475419	15	CT
1	26475446	27	GC
1	26475741	295	CG
1	26475925	184	TC
1	26479792	1022	GA
1	26479810	18	CA
1	26480203	393	TA
1	26480338	135	AG
1	26480718	344	TC
1	26480766	48	GC
1	26480806	40	TC
1	26481119	313	AC
1	26481221	102	CT
1	26481347	126	TC
1	26482220	744	GA
1	26485581	3150	AG
1	26491789	5571	CT
1	26493097	1061	CT
1	26495992	2762	AG
1	26496957	652	TC
1	26497204	247	TC
1	26497444	240	AG
1	26498996	1552	CT
1	26501555	2404	AC
1	26503692	1820	GA
1	26516030	2067	AG
1	26516102	72	TG
1	26516139	37	AG
1	26516456	317	AG
1	26516602	146	GA
1	26516788	126	AT
1	26522173	5179	TC
1	26522375	202	AG
1	26522399	24	GA
1	26522404	5	TC
1	26522542	138	TC
1	26522561	19	CT
1	26522766	205	CT
1	26522789	23	GC
1	26522821	32	TC
1	26522907	86	CT
1	26523096	189	GC
1	26523125	29	CT
1	26523141	16	GC
1	26523183	42	CT
1	26523184	1	AG
1	26523634	450	AG
1	26523862	228	AG
1	26523968	106	AG
1	26524011	43	AG
1	26524200	160	GT
1	26524797	229	CA
1	26525038	118	TC
1	26525205	167	CT
1	26525322	117	CG
1	26528128	2433	CG
1	26528152	24	GA
1	26530379	2084	TC
1	26530612	233	AC
1	26530678	66	TG
1	26531392	365	CG
1	26531875	483	GC
1	26533366	1366	GC
1	26533722	356	GA
1	26534010	288	AC
1	26534263	168	GA
1	26535303	864	GA
1	26535709	406	GT
1	26536306	597	CT
1	26536493	187	CA
1	26536537	44	TC
1	26537692	886	AG
1	26540223	2225	AG
1	26541977	1325	GC
1	26542821	699	GT
1	26543423	602	CT
1	26543437	14	AG
1	26543584	147	GA
1	26544246	522	TC
1	26547474	2660	GA
1	26548759	1241	CG
1	26549618	605	AC
1	26550094	476	TG
1	26550616	522	TC
1	26550703	87	CG
1	26551391	562	GA
1	26552216	724	GA
1	26552278	62	CG
1	26553418	1064	GC
1	26553510	92	GA
1	26553662	152	TC
1	26553941	279	CT
1	26554356	415	AG
1	26554393	37	TC
1	26554710	317	TC
1	26555486	776	AG
1	26555804	318	AG
1	26556007	69	GT
1	26556279	272	TC
1	26556286	7	GA
1	26556342	56	CT
1	26556393	51	CG
1	26556465	72	GA
1	26556951	486	AC
1	26557542	591	CT
1	26557615	73	CG
1	26557623	8	CT
1	26557627	4	GC
1	26558490	810	CA
1	26558516	26	CG
1	26558575	59	GA
1	26558958	383	TC
1	26559068	110	CT
1	26559156	88	TC
1	26559278	66	GC
1	26559284	6	TC
1	26559301	17	TC
1	26559689	388	TC
1	26560806	976	CT
1	26561730	810	AG
1	26562232	502	AG
1	26562481	249	TC
1	26562482	1	CG
1	26563885	882	AG
1	26564128	243	CT
1	26564148	20	CT
1	26564255	107	GA
1	26564279	24	AG
1	26564855	534	CG
1	26565290	435	TA
1	26565312	22	AG
1	26568920	3009	GA
1	26570814	1713	TC
1	26571623	809	GT
1	26573996	1660	AG
1	26574341	314	TC
1	26574697	356	TC
1	26574909	212	TC
1	26576838	1560	AG
1	26576877	39	AC
1	26576978	101	AT
1	26578645	963	TC
1	26579424	743	CT
1	26580620	1100	AG
1	26581670	955	TC
1	26581986	316	TC
1	26583294	1308	TG
1	26590324	4865	CT
1	26590760	436	TC
1	26591319	402	CT
1	26592370	1051	AG
1	26594109	1661	TC
1	26595102	927	TC
1	26598794	3353	CT
1	26603239	3827	CT
1	26610079	3940	CT
1	26610459	60	AT
1	26610744	285	TC
1	26611001	257	GA
1	26611008	7	TC
1	26611194	186	AG
1	26611197	3	CG
1	26611379	182	GA
1	26611429	50	CT
1	26611662	233	GC
1	26611792	130	GA
1	26612234	442	CT
1	26614247	1765	TC
1	26614269	22	CT
1	26614521	252	TC
1	26614546	25	CA
1	26614586	40	GA
1	26614858	272	TC
1	26614859	1	GA
1	26614916	57	GA
1	26615642	673	GA
1	26615655	13	GT
1	26616523	558	AG
1	26618675	1735	CT
1	26619081	406	TC
1	26619865	784	CT
1	26620061	196	TC
1	26620123	62	AG
1	26622567	2444	GA
1	26622722	155	AG
1	26622867	104	GA
1	26626154	1623	CT
1	26626556	402	TG
1	26626583	27	AG
1	26626613	30	GA
1	26626884	271	TG
1	26627579	695	AG
1	26628089	312	AG
1	26628199	110	AG
1	26628229	30	CA
1	26633907	4672	GA
1	26634199	292	GA
1	26635842	1391	AG
1	26637744	1494	TC
1	26642634	3490	AT
1	26650022	5602	TC
1	26650377	328	TC
1	26651037	630	AG
1	26653338	1916	CT
1	26654623	836	AG
1	26654689	66	CT
1	26655003	314	TC
1	26655517	514	AG
1	26655544	27	CT
1	26655830	257	CG
1	26656819	306	TG
1	26656899	80	AG
1	26656970	71	AC
1	26657535	349	AG
1	26657903	197	TC
1	26664835	4063	GA
1	26670461	3818	GA
1	26673054	1719	TA
1	26682556	5901	AG
1	26687151	3116	CT
1	26687461	290	TC
1	26688234	504	CT
1	26688649	394	AG
1	26688798	149	TG
1	26689529	643	TC
1	26690091	562	AG
1	26691281	1190	TG
1	26695648	3747	CG
1	26696935	1050	AG
1	26696945	10	CG
1	26697369	424	CT
1	26697436	67	TA
1	26697752	316	CG
1	26697782	30	GA
1	26698026	244	TC
1	26698972	946	TG
1	26699219	247	AG
1	26699488	269	GA
1	26699817	159	GA
1	26699919	102	CT
1	26699960	41	AG
1	26700053	93	AG
1	26700129	76	AG
1	26700243	114	CT
1	26700307	64	AG
1	26700318	11	CG
1	26700323	5	AG
1	26702134	1811	AG
1	26702465	331	TA
1	26703818	1327	GA
1	26703824	6	TG
1	26704282	458	GA
1	26704384	102	CG
1	26733819	19908	AG
1	26744206	7993	TC
1	26745245	1039	CT
1	26745390	145	AG
1	26745401	11	CT
1	26745428	27	GC
1	26746361	933	CT
1	26746832	378	AG
1	26749419	2451	GC
1	26752349	2720	GT
1	26753190	841	GA
1	26759183	4705	TC
1	26759353	170	CT
1	26759545	192	AC
1	26759605	60	AG
1	26759824	219	AG
1	26759839	15	AG
1	26760069	230	AC
1	26760135	66	GA
1	26760205	70	TG
1	26799968	26670	GA
1	26823819	10243	CT
1	26823838	19	AC
1	26824466	628	CT
1	26824903	370	CA
1	26825453	421	GA
1	26825489	36	GA
1	26825569	80	TC
1	26825672	103	CT
1	26825804	132	GT
1	26826141	337	GA
1	26826204	63	TC
1	26826404	200	CT
1	26826784	380	GA
1	26829276	1681	GC
1	26829311	35	GA
1	26830461	401	AG
1	26830657	196	CT
1	26832673	889	AG
1	26836022	1622	CT
1	26836029	7	GA
1	26836195	166	GA
1	26836565	370	GT
1	26837265	700	GC
1	26837405	140	GA
1	26837434	29	GT
1	26843478	2364	TC
1	27442656	427276	TC
1	28221122	590735	CG
1	28399895	150647	CT
1	29119989	537105	GA
1	29457813	256928	CT
1	29458252	439	TC
1	29461329	3005	TA
1	29461422	93	CT
1	29463565	2036	GA
1	29465228	1313	CG
1	29467925	2465	CT
1	29468055	130	TC
1	29468581	179	CA
1	29468845	264	AC
1	29468972	127	AG
1	29469040	68	AC
1	29475649	4168	TC
1	29481659	4264	TC
1	29483308	1649	GT
1	29492623	8954	AC
1	29497504	4364	AT
1	29504185	1695	TC
1	29512651	6172	GA
1	29514821	2170	TG
1	29520957	5780	CA
1	29522596	1402	GC
1	29523037	441	GA
1	29524916	1553	TC
1	29527689	2419	GA
1	29528516	827	GA
1	29529231	715	CG
1	29529280	49	GA
1	29530300	994	GA
1	29530329	29	CT
1	29530452	123	GC
1	29531136	684	GC
1	29531205	69	CT
1	29531279	74	AG
1	29531408	129	AG
1	29531550	142	GA
1	29532072	522	CG
1	29534533	1118	CG
1	29536613	562	TC
1	29537002	105	GA
1	29537054	52	AG
1	29537060	6	AG
1	29537243	183	GC
1	29537250	7	CT
1	29537264	14	AC
1	29537277	13	GA
1	29537289	12	CT
1	29537319	30	GT
1	29537373	54	AG
1	29537389	16	AG
1	29537403	14	TC
1	29538568	75	TG
1	29541082	1367	GA
1	29541421	98	CA
1	29542728	979	AG
1	29543407	270	CG
1	29543430	23	TG
1	29544679	1128	AG
1	29544873	194	AG
1	29545380	507	TA
1	29545432	52	AG
1	29545514	82	TC
1	29545636	122	GA
1	29545681	45	AG
1	29545966	285	AG
1	29546072	106	GT
1	29546123	51	TG
1	29548279	1722	CT
1	29550375	1311	AG
1	29550550	175	TC
1	29552947	1856	TC
1	29552956	9	CT
1	29553499	176	AG
1	29553572	73	GA
1	29553783	211	CT
1	29554705	306	GC
1	29555557	717	GA
1	29556662	743	CA
1	29561609	3058	GA
1	29566630	1823	TC
1	29567449	447	TC
1	29567499	50	AG
1	29567611	112	AG
1	29573093	2899	AG
1	29573282	189	AG
1	29573540	258	TC
1	29573629	89	AG
1	29573641	12	CT
1	29574420	687	CG
1	29574479	59	AG
1	29574493	14	GA
1	29575393	287	TA
1	29575734	341	TG
1	29575774	40	AG
1	29575817	43	AG
1	29575930	113	AT
1	29576658	349	GC
1	29576822	164	CT
1	29577004	182	GA
1	29577082	78	TC
1	29579475	1374	CG
1	29580649	210	CT
1	29581148	499	GC
1	29582216	1068	AT
1	29582250	34	TC
1	29582423	83	GT
1	29582498	75	CT
1	29582646	148	AG
1	29582684	38	CT
1	29582835	151	TA
1	29582906	71	GA
1	29583169	263	CT
1	29584122	953	TA
1	29584532	372	AC
1	29587234	2702	GT
1	29587719	439	GA
1	29588178	459	GC
1	29588516	338	TC
1	29589002	486	TG
1	29590610	1377	TC
1	29594396	2359	GA
1	29595064	668	GA
1	29597119	1162	AG
1	29598400	1281	AT
1	29598666	266	AG
1	29622779	22441	AG
1	29623302	523	GC
1	29624570	1209	CT
1	29625336	741	CT
1	29625908	572	AC
1	29628382	1169	CT
1	29630806	2424	AG
1	29630816	10	CT
1	29635595	4407	GT
1	29638167	2184	CT
1	29638918	751	GA
1	29639104	186	AG
1	29639341	237	TC
1	29641184	1789	TC
1	29641699	485	GA
1	29643421	1722	AG
1	29643505	84	TC
1	29643688	183	TC
1	29643779	91	TC
1	29643865	86	TC
1	29643986	121	AG
1	29644218	232	TC
1	29646187	1799	TC
1	29646648	461	CG
1	29647806	1158	CA
1	29649340	1229	AG
1	29649438	98	GA
1	29650186	748	TG
1	29651370	1084	AG
1	29653035	1374	CT
1	29653964	573	AT
1	29655475	896	GA
1	29655498	23	GA
1	29655550	52	AG
1	29655558	8	TC
1	29656129	571	CT
1	29656562	312	GC
1	29656568	6	CT
1	29656607	39	TG
1	29656720	113	CT
1	29658060	1340	GC
1	29658442	382	CG
1	29658486	44	CT
1	29658662	176	GA
1	29659004	342	AG
1	29659150	146	GA
1	29659443	293	AG
1	29660236	793	CT
1	29660550	314	GC
1	29660564	14	TA
1	29660991	298	TC
1	29661437	446	GA
1	29662274	575	GC
1	29666814	1784	AG
1	29668351	1200	CT
1	29668405	54	GC
1	29669268	863	TG
1	29669849	581	AC
1	29670579	679	GA
1	29673485	410	AT
1	29673557	72	GC
1	29673968	411	CT
1	29674139	171	CT
1	29674460	321	TG
1	29674493	33	CT
1	29674707	214	AT
1	29676078	973	GA
1	29676087	9	CT
1	29676095	8	CT
1	29676096	1	TC
1	29676239	143	GT
1	29676639	400	AT
1	29676649	10	GA
1	29676739	90	TC
1	29677076	337	GC
1	29679959	1915	TG
1	29681068	738	TC
1	29682091	948	AG
1	29682915	521	TC
1	29682939	24	TC
1	29686399	1277	TA
1	29686705	306	TG
1	29686777	72	TC
1	29686782	5	CT
1	29686862	80	CT
1	29686881	19	TC
1	29688111	495	AG
1	29688243	132	GA
1	29694398	5081	TC
1	29694830	432	CT
1	29695431	309	CT
1	29696812	1144	TC
1	29696820	8	TC
1	29697038	218	GA
1	29697402	325	GA
1	29697438	36	CT
1	29699751	393	TC
1	29700031	280	GT
1	29700903	503	GA
1	29702025	1122	CG
1	29702470	445	TC
1	29703365	438	CT
1	29703547	182	GC
1	29703557	10	CA
1	29704270	462	AG
1	29705111	245	TG
1	29706572	1265	CT
1	29708341	294	CT
1	29708918	577	AT
1	29709022	104	CT
1	29709794	626	CT
1	29710538	473	AG
1	29718681	6738	GA
1	29719065	384	CG
1	29719289	224	GC
1	29722415	2185	AG
1	29722649	234	TC
1	29726241	2753	AG
1	29727579	1240	GA
1	29728475	842	CT
1	29728847	372	CT
1	29730256	1409	CT
1	29734037	2868	AG
1	29734047	10	AG
1	29734378	331	AG
1	29734860	74	AG
1	29735000	140	TC
1	29735264	127	GA
1	29735326	62	CT
1	29735552	102	AG
1	29735825	273	CT
1	29736189	364	AG
1	29736266	77	CT
1	29736445	179	AT
1	29736568	123	GT
1	29736596	28	CG
1	29736871	275	TC
1	29736916	45	GA
1	29737083	167	TA
1	29737409	326	AG
1	29737490	81	GA
1	29737659	131	CT
1	29738079	420	GA
1	29738093	14	GA
1	29738438	345	AG
1	29738444	6	TC
1	29739630	754	AG
1	29739661	31	TC
1	29740710	647	TC
1	29743225	2110	GT
1	29746060	2384	CT
1	29746109	49	GA
1	29746434	325	CT
1	29747705	1226	GA
1	29747812	107	CA
1	29748215	403	AC
1	29751693	2382	AG
1	29753470	1571	TC
1	29756321	1438	CA
1	29758923	2515	CT
1	29759047	124	CT
1	29759181	134	TC
1	29759241	60	AG
1	29759669	112	AG
1	29759708	39	GA
1	29759761	53	CA
1	29759886	125	AT
1	29759890	4	TC
1	29759962	72	TG
1	29760043	81	AG
1	29760126	83	GA
1	29760169	14	TC
1	29761053	778	TA
1	29761288	235	GA
1	29761310	22	GC
1	29761324	14	TG
1	29761395	71	GA
1	29761436	41	CT
1	29766168	3340	GA
1	29770692	3495	TC
1	29771559	750	GA
1	29772308	472	AG
1	29774395	2056	TG
1	29775355	761	GA
1	29775377	22	AG
1	29775403	26	TC
1	29775424	21	AG
1	29777333	1300	AG
1	29778962	1084	CG
1	29779813	739	GA
1	29781251	804	CG
1	29786890	4298	CT
1	29787306	416	AT
1	29788336	588	TC
1	29788903	398	GA
1	29788921	18	TC
1	29789037	116	TC
1	29789177	140	AC
1	29789748	571	TC
1	29789757	9	TC
1	29789902	145	AG
1	29793352	3373	TA
1	29794683	1331	GC
1	29795635	548	CT
1	29796922	1165	TC
1	29797333	411	AG
1	29797697	329	CT
1	29798576	815	TA
1	29799119	234	CT
1	29799727	471	GA
1	29800505	778	GA
1	29801542	1037	TC
1	29801930	388	TC
1	29803097	1167	CA
1	29803996	541	CT
1	29805764	1690	CT
1	29807603	1777	TC
1	29811385	3310	CG
1	29811439	54	AG
1	29812261	822	CT
1	29813022	695	AG
1	29817035	258	CA
1	29817363	200	AG
1	29817434	71	GA
1	29817550	116	TA
1	29817686	13	CT
1	29817828	142	GA
1	29817844	16	CG
1	29817864	20	CT
1	29817982	118	AG
1	29818019	37	CT
1	29818020	1	AG
1	29818131	111	CT
1	29818210	79	TC
1	29818216	6	CT
1	29818255	39	TC
1	29818387	132	TC
1	29818393	6	AG
1	29820334	801	TC
1	29821051	647	GA
1	29821188	137	TC
1	29821882	343	AG
1	29822351	229	TC
1	29825319	1823	AG
1	29825578	259	AT
1	29825689	111	AC
1	29825695	6	CA
1	29825883	188	AG
1	29825885	2	AT
1	29825966	81	CT
1	29825967	1	TC
1	29826336	170	CT
1	29827294	656	AG
1	29827998	491	AG
1	29829329	994	TC
1	29829337	8	AG
1	29829704	367	GA
1	29830133	404	AG
1	29830269	136	GA
1	29830584	315	GT
1	29831072	488	AG
1	29832775	1097	GT
1	29833525	549	TC
1	29833617	92	CA
1	29833650	33	TC
1	29833731	81	TC
1	29833860	129	GA
1	29833867	7	CT
1	29833870	3	CT
1	29834087	217	CG
1	29834102	15	AG
1	29834157	55	CT
1	29834942	719	CG
1	29835112	170	CG
1	29835657	545	TC
1	29836028	371	CG
1	29837832	1062	CT
1	29838106	274	CT
1	29838116	10	TC
1	29838233	117	CT
1	29838940	442	CG
1	29839027	87	GC
1	29839068	41	AT
1	29839123	55	AG
1	29839134	11	CT
1	29839144	10	GA
1	29839799	632	CT
1	29839930	131	TC
1	29839936	6	TG
1	29840191	255	CA
1	29840713	99	GA
1	29841068	329	GT
1	29842861	1793	GA
1	29843365	504	AT
1	29843744	379	GA
1	29844248	504	TC
1	29844302	54	CT
1	29844403	101	CA
1	29844714	311	CT
1	29844894	180	GC
1	29845164	221	CT
1	29846509	1104	CT
1	29847385	701	AG
1	29847560	142	TC
1	29847610	50	TC
1	29847623	13	GA
1	29847641	18	AC
1	29848453	507	AG
1	29848567	114	GA
1	29848596	29	GA
1	29848877	281	TC
1	29849168	291	TA
1	29849695	55	TC
1	29849786	91	CT
1	29850391	605	CG
1	29850782	391	TC
1	29850914	28	GA
1	29850958	44	GA
1	29855308	3924	GA
1	29856518	818	TC
1	29856762	244	AG
1	29857192	430	CT
1	29862471	4066	TC
1	29865752	3244	AC
1	29869707	3875	TA
1	29873659	3661	AC
1	29880180	4843	TA
1	29881286	1106	AG
1	29883689	1890	CA
1	29887174	3106	CT
1	29888793	1619	AC
1	29890143	665	AG
1	29890146	3	TG
1	29890158	12	TC
1	29890245	87	AG
1	29894700	2348	CA
1	29896288	622	CA
1	29896402	114	CT
1	29896406	4	TC
1	29896467	61	AG
1	29896532	65	TC
1	29896563	31	GA
1	29900780	820	TC
1	29901498	718	CA
1	29901705	207	TG
1	29902224	219	CT
1	29903887	1022	AG
1	29905664	1495	AG
1	29906006	342	GA
1	29907531	1101	GA
1	29908302	771	TC
1	29912681	2310	CT
1	29912863	182	TA
1	29912866	3	GA
1	29912876	10	TA
1	29913313	437	AG
1	29913340	27	CT
1	29913462	122	TC
1	29914136	450	GA
1	29914469	333	TC
1	29914563	94	CT
1	29914579	16	GA
1	29922803	7165	GT
1	29961685	23647	AT
1	29969294	2484	TC
1	30000042	42	TG
1	30000414	372	AG
1	30002794	1601	GA
1	30003808	886	CT
1	30003896	88	TC
1	30003902	6	CT
1	30009434	5222	GC
1	30009930	496	AG
1	30010453	523	AG
1	30010460	7	CT
1	30011952	776	GA
1	30012947	113	AG
1	30014555	1608	TC
1	30015028	473	TC
1	30015127	99	GA
1	30016167	1009	GA
1	30017462	1066	TC
1	30017513	51	AG
1	30017780	267	TC
1	30017959	179	TC
1	30018093	134	AC
1	30018094	1	CG
1	30018148	54	TC
1	30018171	23	TC
1	30018189	18	GA
1	30018454	265	AT
1	30018685	231	TA
1	30019214	213	AG
1	30019234	20	AG
1	30020272	533	CT
1	30020298	26	TC
1	30020444	146	CT
1	30020474	30	TC
1	30020488	14	GA
1	30021013	525	CA
1	30021235	222	CT
1	30021887	307	CT
1	30021984	97	AG
1	30022049	65	CG
1	30022758	472	CT
1	30022841	83	GA
1	30022914	73	GA
1	30023093	179	TC
1	30023939	783	AG
1	30024594	464	AG
1	30024601	7	TC
1	30025485	229	GA
1	30025489	4	CT
1	30025592	103	CG
1	30028091	1263	AG
1	30028101	10	AG
1	30029672	1571	GC
1	30030096	424	CT
1	30030105	9	TG
1	30030683	414	GT
1	30031692	699	CG
1	30031914	222	TC
1	30032135	221	GT
1	30032248	113	TC
1	30032620	372	CA
1	30032731	111	GT
1	30032745	14	CT
1	30034515	1741	GA
1	30035042	527	TC
1	30035144	102	TC
1	30036871	1310	CT
1	30037077	206	GC
1	30037919	620	CG
1	30038989	1070	CG
1	30039276	287	GC
1	30039306	30	CT
1	30040579	1273	CG
1	30041354	775	CT
1	30041697	343	GC
1	30041854	157	CT
1	30042766	912	TA
1	30043511	551	CA
1	30043543	32	GA
1	30043973	430	CT
1	30044665	692	CT
1	30045201	536	AG
1	30045283	82	CT
1	30045825	344	CT
1	30046245	420	GA
1	30046953	708	TC
1	30047223	270	TC
1	30048841	1376	GC
1	30049016	175	CT
1	30052281	2035	AC
1	30052596	266	CG
1	30054442	1742	GT
1	30054929	350	TC
1	30056013	510	AG
1	30057640	865	GC
1	30058175	445	GC
1	30059986	1075	GA
1	30060033	47	CT
1	30060088	55	TC
1	30061009	203	GA
1	30061179	170	TC
1	30063628	930	AG
1	30063768	140	GT
1	30064914	879	AG
1	30064938	24	TC
1	30065031	93	AG
1	30065121	90	GT
1	30067656	1624	GA
1	30068911	858	TC
1	30068912	1	GA
1	30068956	44	TC
1	30068985	29	CT
1	30068986	1	AG
1	30068989	3	CG
1	30069270	281	AT
1	30069479	209	TC
1	30069829	350	CT
1	30070313	484	AG
1	30070440	127	TC
1	30070546	106	GA
1	30070710	164	GA
1	30070713	3	TA
1	30070889	176	CT
1	30071154	265	TC
1	30071459	305	AG
1	30071748	289	TC
1	30071901	153	TC
1	30071958	57	GA
1	30073153	687	TC
1	30073160	7	TC
1	30073250	90	CG
1	30073332	82	CT
1	30073428	96	TC
1	30073508	80	CT
1	30073541	33	GA
1	30073692	151	CT
1	30073701	9	AG
1	30073704	3	GA
1	30073715	11	AG
1	30074771	723	TC
1	30074848	77	CT
1	30075035	187	AG
1	30075227	192	GA
1	30075392	165	TC
1	30075482	90	CT
1	30075713	231	CT
1	30075773	60	CT
1	30075824	51	GA
1	30078592	2023	TC
1	30078793	201	CG
1	30079178	385	CT
1	30079451	273	TA
1	30079491	40	GC
1	30079800	309	CT
1	30080013	213	CA
1	30080119	106	CG
1	30080272	153	AG
1	30080302	30	GC
1	30080773	279	GA
1	30080782	9	AG
1	30081037	255	TA
1	30081419	382	CT
1	30081603	184	TG
1	30085699	2192	GA
1	30085863	164	AC
1	30086723	860	TC
1	30086974	251	CT
1	30087021	47	CA
1	30087491	470	TC
1	30088789	1245	TC
1	30091418	2073	GA
1	30102203	4318	AG
1	30105582	2781	AG
1	30107388	1777	AG
1	30110357	2354	AG
1	30111814	1457	CT
1	30113788	1942	GC
1	30144066	23411	AG
1	30152262	6751	GC
1	30211415	46871	TC
1	30219849	7025	CT
1	30219872	23	TC
1	30235786	14221	AG
1	30239594	3751	CT
1	30244189	3494	TC
1	30254037	8896	GA
1	30258679	3487	CT
1	30261985	2918	TC
1	30267368	4675	AC
1	30280150	9234	TC
1	30292872	9153	CG
1	30295232	2036	AT
1	30302141	6050	CT
1	30305664	3498	GA
1	30372373	37504	AG
1	30372549	176	CT
1	30373411	369	TC
1	30388363	11399	CT
1	30389140	777	CT
1	30390801	1661	CG
1	30391093	292	CT
1	30392080	464	AT
1	30392147	67	AG
1	30393025	878	TG
1	30394627	1602	CA
1	30394898	271	CT
1	30395355	457	GA
1	30395899	299	CT
1	30396274	375	AC
1	30396306	32	TC
1	30396687	381	AG
1	30397036	349	TC
1	30397166	130	TC
1	30397595	429	TC
1	30398079	484	AG
1	30399091	976	GA
1	30400383	1292	TC
1	30402272	1508	CT
1	30403888	1616	TC
1	30404180	292	TC
1	30404635	122	GT
1	30404663	28	CT
1	30404669	6	GT
1	30405637	553	GA
1	30406257	620	CA
1	30406638	381	CT
1	30406839	201	TC
1	30406848	9	TG
1	30408401	1117	GA
1	30409048	647	AG
1	30409079	31	GA
1	30410053	974	GA
1	30410221	168	TG
1	30411709	1468	TG
1	30412688	979	TC
1	30412835	147	AG
1	30412964	129	CT
1	30414206	1242	CT
1	30414413	207	TA
1	30414986	573	CG
1	30415624	488	AG
1	30415743	119	AG
1	30416067	324	GA
1	30416527	460	TC
1	30418028	917	GA
1	30418366	338	GA
1	30418671	305	TC
1	30419639	614	CT
1	30419783	144	CG
1	30420023	240	GA
1	30420766	743	GA
1	30421824	1058	CG
1	30422251	427	CT
1	30424433	2134	AG
1	30424563	130	AG
1	30425438	616	AG
1	30430667	4082	CT
1	30431179	512	CA
1	30431193	14	AC
1	30431290	97	GC
1	30433208	1613	GC
1	30433984	567	AT
1	30435618	1634	TG
1	30438220	2602	TC
1	30440033	1595	CG
1	30440217	184	TC
1	30443044	2827	AG
1	30443610	566	AG
1	30445207	1239	GC
1	30445291	84	CT
1	30445895	138	CT
1	30447520	1625	GC
1	30450730	3168	TC
1	30453868	3138	CG
1	30455846	1854	AG
1	30456049	203	CG
1	30461987	3762	AG
1	30462663	676	GA
1	30464759	1909	AG
1	30465011	252	CA
1	30466065	1054	GA
1	30466096	31	AG
1	30466432	303	TC
1	30472031	5234	TG
1	30473103	864	CT
1	30473171	68	GA
1	30473202	31	TC
1	30473609	407	TC
1	30473835	226	AG
1	30474343	508	CT
1	30474538	195	AG
1	30474890	352	AG
1	30475627	428	AC
1	30476382	722	AG
1	30476833	451	GA
1	30477082	249	GA
1	30477204	122	AG
1	30477800	596	TC
1	30478056	256	CT
1	30478317	261	AG
1	30478552	235	TC
1	30478991	439	CT
1	30479684	436	GA
1	30479810	126	TG
1	30482713	965	TC
1	30482767	54	TC
1	30483249	482	AC
1	30483278	29	TC
1	30483391	113	AG
1	30483761	190	GA
1	30485504	370	TC
1	30486441	937	CA
1	30488613	2089	CT
1	30492169	2998	CA
1	37064412	1768800	GA
1	37064766	354	GA
1	37065728	429	CA
1	37067299	730	TC
1	37068063	405	AT
1	37070036	1481	CT
1	37070458	422	AG
1	37071520	494	CT
1	37071714	194	CT
1	37072177	463	CT
1	37072330	91	TC
1	37072937	318	AG
1	37072976	39	AG
1	37073135	159	GA
1	37073160	25	CT
1	37073325	123	CA
1	37073416	91	TC
1	37075689	1786	GA
1	37077897	1621	GA
1	37077996	99	CT
1	37078170	174	TC
1	37094716	12350	TC
1	37096275	1514	GA
1	37100576	3439	CT
1	37100729	153	TC
1	37100750	21	CT
1	37101466	556	GA
1	37101492	26	CT
1	37102684	1087	TC
1	37102902	218	CT
1	37103615	713	GT
1	37104328	713	TA
1	37121526	8210	AG
1	37121949	423	GA
1	37129760	3963	GC
1	37132704	2082	GC
1	37133327	623	TC
1	37135876	2234	TC
1	37138453	1930	TC
1	37146574	5970	GA
1	37150568	2937	AG
1	37150659	41	GA
1	37196431	27264	CT
1	37197023	551	GC
1	37198962	1107	GA
1	37199448	486	GC
1	37199763	315	GA
1	37199939	176	AG
1	37201644	1374	CG
1	37201655	11	TC
1	37201895	240	CT
1	37201947	52	CT
1	37202972	490	GA
1	37203791	263	AG
1	37204045	254	GC
1	37204100	55	AG
1	37204131	31	AG
1	37206013	727	TC
1	37206102	89	AG
1	37206555	409	CT
1	37206614	59	GA
1	37207367	723	TC
1	37207643	276	GA
1	37208166	523	GA
1	37208390	224	TG
1	37208421	31	CG
1	37208539	118	TC
1	37208543	4	TC
1	37208869	165	AG
1	37208945	76	TC
1	37209151	206	TG
1	37210151	408	GA
1	37212429	1445	AG
1	37216635	3297	AG
1	37216866	231	CG
1	37216904	38	TA
1	37217395	491	TA
1	37217509	114	AG
1	37219341	1436	TA
1	37224012	1667	TC
1	37224309	297	GT
1	37224478	169	CT
1	37226994	926	GC
1	37229156	2018	TC
1	37229384	46	GA
1	37229632	248	GC
1	37230082	339	CA
1	37231582	914	GA
1	37232195	613	GA
1	37232643	297	AC
1	37233728	1085	GA
1	37234441	665	TC
1	37238173	1943	GA
1	37238174	1	CA
1	37239043	579	TC
1	37239764	538	GA
1	37244029	2537	AG
1	37244206	177	AC
1	37244585	379	GA
1	37245041	456	AC
1	37256813	5691	TG
1	37259026	1765	CT
1	37259089	63	GA
1	37259131	42	CT
1	37259193	62	TC
1	37259927	734	GA
1	37260337	410	CT
1	37260354	17	CT
1	37260390	36	GA
1	37260519	129	GA
1	37260814	295	AG
1	37260922	108	GA
1	37261831	356	TC
1	37261889	58	GA
1	37261957	68	CT
1	37262036	79	CT
1	37263081	778	TA
1	37263971	373	AG
1	37264462	491	GA
1	37264607	145	GA
1	37264879	272	CG
1	37264938	59	AT
1	37265051	113	AG
1	37267288	759	TC
1	37267295	7	GC
1	37267449	154	CA
1	37268124	658	TG
1	37268844	720	GT
1	37269725	547	AT
1	37270017	292	CT
1	37271270	849	TC
1	37272052	694	CA
1	37272217	165	AG
1	37272429	212	TC
1	37272636	207	AG
1	37272644	8	GC
1	37272895	251	CA
1	37273146	251	AG
1	37274002	770	GA
1	37275717	1715	CA
1	37275723	6	GA
1	37278776	2509	GT
1	37280779	534	TC
1	37285857	3219	AG
1	37287342	906	CG
1	37287516	174	TC
1	37288213	355	TG
1	37288314	101	TC
1	37293203	2438	GT
1	37300788	3364	TC
1	37301000	212	GA
1	37302554	562	GA
1	37302611	57	AG
1	37303348	323	TC
1	37305290	1016	AG
1	37305350	60	TC
1	37305903	353	GA
1	37306095	192	AG
1	37311335	3465	AT
1	37317108	3286	AG
1	37321240	1032	GA
1	37324766	2504	GC
1	37326095	771	AG
1	37326891	704	GA
1	37328877	1656	GC
1	37329183	306	CA
1	37331996	992	CT
1	37332255	259	CG
1	37341111	2413	TC
1	37341381	270	AG
1	37341566	185	GA
1	37341996	430	CA
1	37343351	471	TA
1	37343417	66	AG
1	37348375	1946	GA
1	37350586	522	CT
1	37350600	14	GT
1	37350601	1	TG
1	37350630	29	AT
1	37351229	246	AG
1	37351272	43	CT
1	37352178	906	GA
1	37352425	247	GC
1	37352475	50	CT
1	37352500	25	GA
1	37352564	64	TG
1	37352656	92	CT
1	37352677	21	CA
1	37353355	678	TC
1	37355383	994	GA
1	37359789	1029	TC
1	37359963	174	AG
1	37360049	86	TG
1	37360182	133	GA
1	37360190	8	GA
1	37368138	1880	AG
1	37369046	881	AG
1	37369047	1	AC
1	37372678	3489	CT
1	37373279	349	CT
1	37373409	130	TC
1	37373427	18	TG
1	37373649	222	AG
1	37373864	215	AG
1	37376725	1877	TC
1	37377062	337	TA
1	37377274	212	GT
1	37377283	9	CT
1	37377360	77	AC
1	37377869	127	CA
1	37378614	368	GA
1	37379734	1120	AG
1	37381768	966	TC
1	37381769	1	CT
1	37382595	177	GC
1	37382822	227	CT
1	37387292	1579	TA
1	37387581	289	GA
1	37388306	725	AG
1	37388380	74	TA
1	37388773	393	TC
1	37390256	508	AG
1	37390319	63	AG
1	37392700	1794	AC
1	37394575	707	CT
1	37394776	201	AG
1	37396021	951	GC
1	37398047	624	GA
1	37398050	3	GA
1	37398093	43	TC
1	37398147	54	AG
1	37398172	25	CT
1	37398678	47	GA
1	37398769	91	CT
1	37399123	354	AT
1	37403439	2256	TC
1	37403441	2	GA
1	37403696	209	AG
1	37406663	222	CG
1	37407231	568	GA
1	37407275	44	TC
1	37408029	520	CA
1	37408833	804	TC
1	37411439	1773	CT
1	37411680	241	GA
1	37411740	60	GA
1	37411838	98	GA
1	37414343	1480	CT
1	37416540	1700	GA
1	37417663	1123	CA
1	37418655	904	AG
1	37424739	5504	GC
1	37425129	312	GA
1	37425500	57	TC
1	37425608	108	TC
1	37426005	116	GA
1	37426305	300	TC
1	37427566	477	AG
1	37427618	52	CA
1	37427634	16	GC
1	37427643	9	GA
1	37427669	26	GA
1	37427715	46	CT
1	37427756	41	TC
1	37427784	28	CT
1	37428060	276	GA
1	37428822	467	TC
1	37428982	160	GA
1	37429009	27	AG
1	37429015	6	AG
1	37429055	40	TC
1	37429157	102	AG
1	37429224	67	GA
1	37429237	13	GA
1	37429346	109	CT
1	37429347	1	AG
1	37429418	71	AG
1	37429451	33	GA
1	37429584	133	TC
1	37429675	91	CT
1	37429733	58	AG
1	37429753	20	GT
1	37429896	143	CT
1	37429986	90	AG
1	37430149	163	TG
1	37430177	28	GT
1	37430513	336	TG
1	37430580	67	TC
1	37430667	87	AG
1	37430694	27	TC
1	37430783	89	TA
1	37430991	208	AG
1	37431145	154	TG
1	37431354	209	AT
1	37431447	93	CT
1	37432101	323	CA
1	37435082	1515	TC
1	37435198	116	AG
1	37435267	69	GT
1	37436420	687	TG
1	37436511	91	TC
1	37436831	320	AG
1	37437820	602	AG
1	37438999	589	CT
1	37439676	402	CT
1	37442134	1533	AG
1	37442386	252	CA
1	37442628	242	AG
1	37442977	349	GT
1	37443149	172	GA
1	37443275	126	GA
1	37444006	709	AG
1	37444007	1	CT
1	37444382	375	CG
1	37445568	960	AG
1	37445614	46	GT
1	37445723	109	AC
1	37446245	423	TC
1	37446281	36	AG
1	37447179	798	AG
1	37447262	83	CT
1	37448323	766	CA
1	37450726	2322	GC
1	37451074	348	TC
1	37451120	46	AG
1	37451541	421	GA
1	37454446	1847	GT
1	37454748	302	TC
1	37456018	998	CT
1	37456985	716	TG
1	37457580	595	TG
1	37457959	379	GA
1	37459049	1090	GA
1	37460360	1039	AG
1	37461678	983	TA
1	37461965	287	AG
1	37465124	2260	GA
1	37467593	69	CT
1	37467692	99	TG
1	37471458	2073	GA
1	37473838	1769	GC
1	37476826	2391	AT
1	37481028	2995	AG
1	37482349	1032	GA
1	37483649	1256	TA
1	37484610	961	TG
1	37484724	114	TC
1	37484889	165	AT
1	37484973	84	AC
1	37484996	23	CT
1	37485425	429	CT
1	37495131	3284	CG
1	37495560	429	AT
1	37496038	219	GA
1	37496158	120	GA
1	37496654	496	CT
1	37497017	363	GA
1	37497139	122	CT
1	37497208	69	AG
1	37497256	48	GA
1	37497288	32	TC
1	37497477	189	GT
1	37498125	605	TC
1	37499793	979	AG
1	37499871	78	GA
1	37500096	225	TC
1	37505107	921	CG
1	37509914	4292	AG
1	37512035	1919	GA
1	37514129	1234	GT
1	37514341	212	TA
1	37514455	114	GA
1	37514885	430	TA
1	37516806	1624	AG
1	37519968	2018	TC
1	39145141	1203571	CT
1	39627490	340022	CT
1	40587112	587112	CT
1	40588235	1123	AG
1	40588464	205	CT
1	40588592	128	CT
1	40589555	963	AG
1	40592869	3281	GA
1	40596432	2989	GA
1	40601660	5163	GC
1	40601939	279	CT
1	40602119	180	AG
1	40603858	1739	GA
1	40604369	511	GA
1	40605008	639	TA
1	40605010	2	GA
1	40605676	666	CT
1	40605950	274	CG
1	40605997	47	CG
1	40606010	13	GT
1	40606289	279	TC
1	40613042	5346	CA
1	40613154	112	AG
1	40613237	83	TA
1	40616428	3021	GC
1	40616779	351	CT
1	40617929	1150	GT
1	40619082	940	AG
1	40622982	3425	AT
1	40623680	558	GA
1	40624550	641	CT
1	40628437	3532	TG
1	40630394	1225	GA
1	40634957	3228	CT
1	40639288	3351	AT
1	40639309	21	GA
1	40640902	1543	TC
1	40641383	481	GA
1	40641433	50	AG
1	40643225	1381	CG
1	40657627	5742	GA
1	40659941	2279	GA
1	40660273	332	CT
1	40660308	35	CT
1	40660432	124	AG
1	40660533	101	CT
1	40660574	41	TC
1	40660767	193	GA
1	40660817	50	CT
1	40661677	860	TC
1	40662636	959	AG
1	40663360	665	CT
1	40664336	976	TC
1	40664525	189	CG
1	40664665	140	CT
1	40664966	301	AC
1	40665513	519	GC
1	40665626	113	GC
1	40666243	617	TC
1	40666728	485	CG
1	40667900	1172	GA
1	40667982	82	AG
1	40669838	1540	GA
1	40673578	3330	TC
1	40675505	1804	TC
1	40678724	3031	TC
1	40679337	581	CG
1	40680536	1117	CA
1	40681973	1408	GA
1	40682087	114	GA
1	40682108	21	AG
1	40682944	836	TC
1	40682983	39	AG
1	40685780	2429	AG
1	40686094	192	GA
1	40687012	876	AG
1	40687094	82	AG
1	40689705	785	GA
1	40689744	39	TC
1	40689930	186	CT
1	40703478	12607	GT
1	40720784	5182	AG
1	40721855	1071	AC
1	40722606	751	TC
1	40725131	2353	GA
1	40727300	1526	AG
1	40727502	202	GA
1	40728290	788	CT
1	40730038	1748	TC
1	40734321	3790	CT
1	40734765	444	AG
1	40735218	453	CT
1	40735350	132	CT
1	40736735	1356	AG
1	40737360	625	TC
1	40737933	573	CG
1	40738566	633	CT
1	40739814	1248	GA
1	40740451	468	AG
1	40740768	271	CT
1	40741615	773	AG
1	40742387	294	GA
1	40742489	102	GA
1	40742595	106	GA
1	40743932	1337	CT
1	40744064	132	TC
1	40744318	254	GA
1	40744550	232	CT
1	40744586	36	CA
1	40744708	122	GT
1	40744724	16	TC
1	40744727	3	CT
1	40744768	41	TC
1	40744825	57	GC
1	40744883	58	CG
1	40744936	53	GT
1	40745051	115	TG
1	40745122	71	CT
1	40745389	267	CA
1	40745420	31	AG
1	40745676	256	TA
1	40745821	145	AG
1	40747376	998	GA
1	40753090	3844	CT
1	40753887	296	CT
1	40754192	305	TC
1	40754268	76	CT
1	40754391	123	AG
1	40754407	16	GT
1	40755772	352	CT
1	40755784	12	TC
1	40756825	196	TC
1	40756871	46	GA
1	40756892	21	TC
1	40757832	940	GA
1	40757872	40	TA
1	40757881	9	GA
1	40757972	91	GA
1	40758031	59	TC
1	40758037	6	AG
1	40758943	409	CT
1	40760292	1197	GA
1	40762972	2402	GA
1	40763077	105	GA
1	40763497	420	GT
1	40763571	74	CT
1	40764680	730	TC
1	40764746	66	TA
1	40765224	187	AG
1	40765693	469	AG
1	40765948	255	TC
1	40765969	21	CT
1	40768722	1089	AT
1	40769056	334	CT
1	40769140	84	CT
1	40769527	71	CT
1	40773279	1577	AG
1	40774233	954	AG
1	40774538	305	CT
1	40774930	279	AG
1	40780171	825	TC
1	40781283	789	TC
1	40781622	339	AG
1	40785590	3435	GA
1	40785848	258	CT
1	40786270	422	AT
1	40786450	141	GA
1	40786599	149	CT
1	40787265	217	GT
1	40788030	481	TC
1	40788036	6	TG
1	40788059	23	CT
1	40788122	63	TC
1	40788133	11	TC
1	40788300	167	CT
1	40788309	9	AG
1	40795726	4923	CT
1	40796083	321	CT
1	40797079	996	CT
1	40797656	546	AG
1	40797839	183	AG
1	40797965	126	CT
1	40798248	283	AG
1	40798958	669	AG
1	40799810	461	AG
1	40799991	138	TC
1	40799992	1	GT
1	40800420	330	TA
1	40800709	185	AG
1	40800977	268	TC
1	40803218	1014	TA
1	40803368	150	TC
1	40803429	61	TG
1	40803465	36	TC
1	40803531	66	CT
1	40803739	141	GA
1	40808802	2095	TG
1	40809069	267	TC
1	40809072	3	GA
1	40809154	82	GA
1	40811842	314	AC
1	40811843	1	GT
1	40811911	68	TC
1	40811935	24	GA
1	40811944	9	CT
1	40811969	25	GA
1	40824963	6480	GA
1	40828480	2781	CT
1	40829060	580	CA
1	40829588	528	GA
1	40830967	1379	AG
1	40830987	20	CG
1	40832087	1100	AG
1	40835029	2521	AG
1	40835395	366	GA
1	40839489	4027	TC
1	40839492	3	TC
1	40845047	5156	CT
1	40853758	8167	TG
1	40854871	913	AC
1	40856808	1720	AG
1	40856973	165	TC
1	40859233	2000	CT
1	40859248	15	GC
1	40860879	1576	AT
1	40860909	30	CT
1	40860957	48	AG
1	40860965	8	GC
1	40861791	709	GA
1	40863048	1178	TC
1	40863402	318	TC
1	40863908	457	TG
1	40863921	13	AG
1	40864254	132	GC
1	40865312	713	CA
1	40865320	8	GA
1	40865391	71	GC
1	40865421	30	TC
1	40865490	69	AG
1	40865510	20	AG
1	40865525	15	GA
1	40866152	586	GA
1	40866798	296	CT
1	40870054	1183	AG
1	40870700	623	TA
1	40870754	54	CT
1	40870858	104	TC
1	40871053	195	TA
1	40871069	16	CA
1	40871154	85	GC
1	40871286	132	TC
1	40871324	38	CT
1	40871380	56	CT
1	40872453	858	CT
1	40873408	565	TC
1	40874854	1295	AG
1	40875967	1064	TC
1	40878023	2056	CG
1	40878730	707	AG
1	40879310	509	AG
1	40879757	416	CT
1	40882123	2196	GA
1	40882969	822	GA
1	40882970	1	TA
1	40883399	300	GC
1	40883479	80	AG
1	40885445	493	CT
1	40885615	170	TC
1	40885924	309	CT
1	40886163	239	GA
1	40887853	880	TG
1	40891541	2790	CT
1	40894512	2619	CT
1	40895525	1013	CG
1	40895553	28	AG
1	40895642	89	AG
1	40896054	412	GC
1	40897373	473	CT
1	40898123	560	TC
1	40898489	293	TC
1	40898490	1	GA
1	40898791	301	GT
1	40898840	49	GC
1	40899736	896	TC
1	40899778	42	TC
1	40899872	94	AG
1	40899890	18	CT
1	40899938	48	TC
1	40900018	80	GA
1	40900063	45	AG
1	40900204	141	CT
1	40900530	326	CT
1	40906830	4368	AG
1	40907455	198	TC
1	40907565	110	TC
1	40907894	329	TC
1	40909887	1327	CA
1	40913185	2759	TC
1	40914864	1389	AG
1	40920591	4545	AG
1	40920716	125	CT
1	40925151	3248	GC
1	40925248	97	TC
1	40928021	1591	TC
1	40931372	2841	AG
1	40932042	670	TC
1	40932927	727	GA
1	40933080	153	GA
1	40935078	1534	AC
1	40935219	141	GC
1	40935319	100	CT
1	40935752	433	GT
1	40936105	353	CG
1	40936185	80	TC
1	40936556	69	CT
1	40936657	101	GA
1	40936852	195	TC
1	40936948	96	GA
1	40936949	1	AC
1	40937024	75	CT
1	40937471	447	AG
1	40937814	301	AG
1	40938042	228	CT
1	40938225	183	AG
1	40938636	275	TC
1	40938854	193	TA
1	40939824	970	CT
1	40940736	885	GA
1	40941343	454	AG
1	40941588	222	CT
1	40941603	15	AG
1	40942183	580	CT
1	40942494	130	AT
1	40942712	218	CT
1	40942770	58	GA
1	40943369	599	CT
1	40943472	103	CT
1	40943787	120	CT
1	40943789	2	AG
1	40944274	279	AG
1	40944328	54	CT
1	40944441	113	TC
1	40944624	183	TC
1	40944656	32	TG
1	40944778	122	AG
1	40944784	6	TG
1	40944793	9	AG
1	40945463	634	TC
1	40945594	32	TC
1	40945649	55	TC
1	40947280	1320	GA
1	40947498	183	AC
1	40947741	243	GC
1	40951350	1490	TC
1	40951368	18	TC
1	40951456	88	AG
1	40951496	40	GA
1	40952732	887	CT
1	40952930	72	AG
1	40953224	294	AC
1	40953233	9	CT
1	40953428	195	GC
1	40953435	7	AG
1	40954171	399	TC
1	40955497	589	TA
1	40955843	346	TC
1	40955930	87	AG
1	40956920	452	CT
1	40958306	1298	CT
1	40959129	764	GA
1	40959163	34	CT
1	40962354	1579	AG
1	40962662	308	GA
1	40962925	263	CG
1	40963086	161	CA
1	40963518	432	CT
1	40963547	29	TC
1	40963793	246	AC
1	40963837	44	TC
1	40966681	1611	AG
1	40967914	1008	CG
1	40968779	865	CT
1	40974342	2461	GA
1	40974647	305	CT
1	40975213	566	CT
1	40979751	3804	AC
1	40980266	235	GT
1	40980853	587	AG
1	40982021	307	AG
1	40982410	389	AG
1	40983156	746	TA
1	40989913	3690	TC
1	40990071	158	GA
1	40990159	88	GA
1	40990363	204	CT
1	40995591	4082	TC
1	40996362	554	CT
1	40996365	3	GC
1	40996374	9	GA
1	40996381	7	AG
1	40996465	84	TC
1	40996467	2	AG
1	40997962	311	AG
1	40999699	1255	TA
1	41000400	623	CT
1	41000756	356	CT
1	41002819	1501	TC
1	41003015	196	GA
1	41003653	597	TC
1	41009581	3975	CA
1	41009723	142	CT
1	41010226	465	AC
1	41011365	1072	CT
1	41011798	393	CT
1	41011915	117	GA
1	41011934	19	AG
1	41012866	778	GT
1	41012872	6	TC
1	41014254	895	AG
1	44267985	1949115	AC
1	44727507	307706	TC
1	44745235	15142	GA
1	44745767	363	TC
1	44747194	1180	TC
1	44747336	142	TC
1	44748619	758	AG
1	44748637	18	TC
1	44748986	349	CT
1	44750114	894	TC
1	44750812	409	TC
1	44750902	90	CT
1	44750917	15	TC
1	44751638	656	GC
1	44752101	463	GA
1	44752306	205	TC
1	44752935	629	CT
1	44753275	340	AC
1	44753415	140	CT
1	44753469	54	GA
1	44753521	52	AT
1	44753799	259	AG
1	44754123	177	AG
1	44754523	299	GC
1	44755499	976	GT
1	44756534	330	AG
1	44756551	17	TC
1	44757137	397	TC
1	44757156	19	AG
1	44758041	354	GA
1	44758793	438	CT
1	44759304	511	TG
1	44759571	267	TC
1	44761374	1481	AG
1	44762030	656	CT
1	44762271	241	TC
1	44763221	911	TG
1	44763241	20	TC
1	44763463	222	CG
1	44766850	1643	AG
1	44766913	63	CT
1	44766934	21	GA
1	44767813	537	TC
1	44767822	9	CT
1	44768321	165	AG
1	44769136	815	GA
1	44769862	501	GA
1	44770589	727	AG
1	44771946	277	GC
1	44771949	3	TC
1	44774524	2482	CG
1	44774650	126	TG
1	44776069	1181	TC
1	44777928	1859	CT
1	44780105	1737	GC
1	44780131	26	GT
1	44780225	94	AC
1	44780299	74	AG
1	44780481	182	TG
1	44780730	249	AG
1	44780915	117	CG
1	44782313	1353	GT
1	44782690	377	TC
1	44782877	187	CG
1	44782889	12	AG
1	44783229	340	AG
1	44784541	1013	GA
1	44784601	60	CG
1	44784673	72	CT
1	44784712	39	AG
1	44785044	332	GA
1	44785051	7	AG
1	44785228	177	CG
1	44785248	20	TC
1	44785496	248	CT
1	44785676	180	GT
1	44785895	219	GA
1	44791381	4737	TC
1	44791445	64	CT
1	44796931	3982	GA
1	44797336	405	CT
1	44798606	1270	TC
1	44803860	4376	AG
1	44804729	869	CT
1	44805513	784	GA
1	44807269	1756	AG
1	44807552	231	CT
1	44811132	2734	CG
1	44812287	960	GA
1	44815102	1994	CT
1	44823128	6465	TC
1	44823351	223	AG
1	44823622	271	GA
1	44824567	249	AG
1	44824633	66	AG
1	44824687	54	TC
1	44824743	56	GA
1	44825295	284	CT
1	44825327	32	CT
1	44825481	154	GC
1	44825576	95	GA
1	44825820	76	TC
1	44825957	137	CT
1	44825970	13	AG
1	44825990	20	AG
1	44826200	210	GA
1	44826364	164	TC
1	44826440	76	GC
1	44826449	9	AG
1	44827304	557	CT
1	44827576	272	AG
1	44827583	7	CT
1	44828005	422	GA
1	44828013	8	GA
1	44828082	69	GA
1	44828168	86	TC
1	44829335	771	TG
1	44829343	8	GA
1	44829476	67	AG
1	44829490	14	TC
1	44829619	98	CT
1	44829638	19	GA
1	44830316	356	TC
1	44830510	194	TC
1	44830771	261	TC
1	44830982	185	AT
1	44831026	44	AT
1	44832168	769	CT
1	44834093	418	TC
1	44834747	603	GC
1	44835125	131	TC
1	44835923	471	AC
1	44835985	62	TC
1	44836685	700	CT
1	44838273	1511	AG
1	44838297	24	TG
1	44839015	573	GA
1	44839138	123	GT
1	44840660	1051	GA
1	44842774	1489	CT
1	44844058	536	AG
1	44845203	1145	TG
1	44845443	240	CG
1	44846340	897	TC
1	44846903	563	TC
1	44849793	1403	AG
1	44850194	401	CA
1	44864963	8724	AG
1	44873244	6303	CT
1	44873345	101	CG
1	44878132	3337	TC
1	44880223	2046	CT
1	44880645	422	CT
1	44882478	600	AG
1	44882643	165	GA
1	44884402	1732	CT
1	44885767	1201	AG
1	44909961	17129	TC
1	44910825	785	TC
1	44913034	1467	GA
1	44913838	804	GA
1	44915478	1640	CT
1	44916927	868	TC
1	44917839	839	AG
1	44918427	316	GA
1	44918501	74	CT
1	44918542	41	GA
1	44920174	1531	CT
1	44924339	3165	TC
1	44924658	319	CT
1	44928744	2283	GC
1	44931127	624	GA
1	44931436	309	AC
1	44932475	1039	AG
1	44932635	160	CT
1	44933214	430	CT
1	44933272	58	TC
1	44935096	1824	GA
1	44936425	989	TG
1	44936802	377	TC
1	44936825	23	TC
1	44938062	1237	TC
1	44942386	1550	AG
1	44942750	278	TC
1	44942795	45	CT
1	44943664	869	AG
1	44944288	573	AG
1	44944500	212	CG
1	44945112	589	CT
1	44945932	820	CT
1	44948183	2152	CA
1	44949447	1264	TG
1	44949631	184	CT
1	44949681	50	CT
1	44954837	4967	AG
1	44955377	465	CT
1	44955672	295	TC
1	44959948	3767	TC
1	44960521	545	GA
1	44961675	1154	AG
1	44965193	3365	GC
1	44974006	8454	TC
1	44974575	569	TC
1	44975474	875	TC
1	44977520	2046	TA
1	44978805	1007	CT
1	44978933	128	GA
1	44980978	1874	TC
1	44986495	5186	CG
1	44987096	601	GA
1	44996845	8769	AG
1	44997790	945	CG
1	44999482	1362	GA
1	45029997	29997	GA
1	45079262	35034	TG
1	45079296	34	TC
1	45079963	667	AG
1	45080619	656	AG
1	45080723	104	CT
1	45080783	60	TC
1	45080805	22	AG
1	45080990	185	GC
1	45081024	34	TC
1	45081664	448	CT
1	45081869	205	TC
1	45081917	48	AG
1	45082230	166	AG
1	45082328	98	AG
1	45082698	329	GA
1	45083058	360	TG
1	45083230	172	CT
1	45083231	1	AG
1	45083904	188	AG
1	45084836	567	GA
1	45084855	19	AG
1	45085186	331	TA
1	45085714	129	CA
1	45085769	55	CT
1	45087120	401	GA
1	45087267	147	CG
1	45087269	2	AG
1	45087324	55	GT
1	45087390	66	CT
1	45087617	227	TC
1	45087645	28	AC
1	45087646	1	GA
1	45087683	37	CT
1	45087852	169	GA
1	45087871	19	TC
1	45088166	251	GT
1	45088172	6	GA
1	45088276	104	GA
1	45088382	106	GA
1	45088384	2	CT
1	45088471	34	TC
1	45088704	233	TC
1	45088777	73	AG
1	45088993	216	TC
1	45089270	277	CA
1	45089323	53	CT
1	45089324	1	AG
1	45089437	113	AC
1	45090023	312	TG
1	45090049	26	AG
1	45090056	7	TG
1	45090230	174	AG
1	45090247	17	AC
1	45090263	16	CT
1	45090435	141	AT
1	45090480	45	TG
1	45090483	3	CA
1	45090498	15	GT
1	45090634	136	CT
1	45090704	70	TC
1	45090835	131	TC
1	45091761	496	CT
1	45092070	309	CT
1	45092089	19	TC
1	45092352	263	TC
1	45093160	597	TC
1	45093164	4	CT
1	45093322	158	CT
1	45093807	485	GA
1	45096109	1861	CT
1	45103878	5216	CT
1	45103992	114	TG
1	45105190	1198	GA
1	45106032	797	CT
1	45116256	7332	AG
1	45162124	29810	AC
1	45163189	1032	TG
1	45164378	1189	CT
1	45164451	73	AC
1	45165375	784	CT
1	45166102	530	CT
1	45169024	1582	TC
1	45173102	3796	TC
1	45176110	2215	TG
1	45176638	479	TC
1	45177728	1090	GA
1	45185850	3046	AG
1	45190286	3585	GA
1	45200839	3410	AG
1	45202027	698	AG
1	45202038	11	GA
1	45202384	346	AG
1	45202530	146	CT
1	45202719	189	TG
1	45203175	456	TG
1	45204694	1138	AG
1	45204697	3	AG
1	45205489	792	GC
1	45206350	545	AC
1	45208353	1280	GA
1	45210462	763	GC
1	45210938	402	CG
1	45211239	301	CT
1	45211609	370	TA
1	45211690	81	TG
1	45212345	101	GC
1	45212403	58	GA
1	45212470	67	AC
1	45212631	161	CT
1	45212755	124	AG
1	45213113	358	TG
1	45213371	258	CA
1	45213649	278	GC
1	45213741	92	TC
1	45224768	338	GC
1	45224795	27	TC
1	45225215	420	GT
1	45225245	30	TG
1	45225260	15	CA
1	45225265	5	TC
1	45225277	12	CT
1	45225364	87	CT
1	45225522	158	GA
1	45225548	26	GA
1	45225747	199	GA
1	45226809	681	AG
1	45226942	133	GA
1	45230181	2366	CT
1	45235966	1776	AC
1	45236058	92	GA
1	45237243	638	GA
1	45237389	146	TA
1	45237390	1	AT
1	45237489	99	AT
1	45237759	270	CT
1	45237773	14	TC
1	45238212	439	TC
1	45238328	116	AG
1	45238506	178	TC
1	45243137	1093	GT
1	45243579	185	AC
1	45250810	3976	GC
1	45250847	37	GA
1	45255062	2513	GA
1	45255195	133	GA
1	45257900	1419	AG
1	45257961	61	GT
1	45259550	1048	CG
1	45264595	3635	AG
1	45266204	1380	AC
1	45310418	7786	GC
1	45328865	2382	CT
1	45343587	2617	GA
1	45345145	562	CT
1	45352142	5689	GA
1	45353521	940	AT
1	45354133	612	GA
1	45354439	306	GA
1	45354989	451	TG
1	45355590	530	AG
1	45359616	2771	TA
1	45360379	622	CT
1	45360480	101	GC
1	45361135	163	AG
1	45361155	20	GA
1	45361250	95	TC
1	45361275	25	AG
1	45361338	63	GT
1	45362018	251	AC
1	45362095	77	AG
1	45365182	1892	TG
1	45365240	58	TG
1	45365342	102	AG
1	45365813	347	AG
1	45366357	367	AG
1	45366503	38	GA
1	45366988	441	AG
1	45367722	252	CT
1	45367902	180	TC
1	45368308	406	TC
1	45369987	662	AC
1	45370213	226	CG
1	45370340	127	AG
1	45370756	104	CA
1	45370758	2	GT
1	45371004	218	GA
1	45371248	244	TC
1	45371799	66	GA
1	45371954	155	AC
1	45371959	5	TC
1	45372220	261	GA
1	45372313	93	CT
1	45372419	106	GA
1	45372459	40	GA
1	45372460	1	GA
1	45372678	218	GC
1	45372843	165	TC
1	45372863	20	TC
1	45373485	622	AG
1	45373761	276	TG
1	45374042	263	TG
1	45376128	1465	TC
1	45376584	449	GA
1	45378873	1592	GA
1	45380777	1420	AG
1	45382503	1607	AG
1	45382731	185	AT
1	45383552	449	AG
1	45384432	501	GA
1	45388415	1402	TC
1	45388585	170	CG
1	45389389	804	GA
1	45389419	30	GA
1	45389846	427	AG
1	45390417	571	CT
1	45392349	1210	TC
1	45393382	1033	GA
1	45394098	583	GA
1	45395191	995	TC
1	45395707	516	GA
1	45396305	363	CG
1	45397007	702	TC
1	45397068	61	GT
1	45397150	82	CT
1	45397433	283	TA
1	45398175	742	AG
1	45399760	1585	GA
1	45400027	267	AG
1	45401068	1041	CA
1	45404446	2760	CT
1	45404639	193	GA
1	45415074	5619	GA
1	45415337	263	GA
1	45416080	743	CT
1	45417289	1075	GA
1	45417939	115	AG
1	45417948	9	AG
1	45417975	27	GA
1	45418002	27	GA
1	45418023	21	GA
1	45418085	62	AG
1	45418160	75	GA
1	45418204	44	TC
1	45418328	124	TC
1	45418451	123	TA
1	45420459	1686	GA
1	45421386	927	AG
1	45421499	113	AG
1	45421505	6	GA
1	45421552	47	CT
1	45421680	128	TC
1	45421769	89	AC
1	45421788	19	CT
1	45421961	173	TA
1	45422002	41	TC
1	45422003	1	TA
1	45422027	24	CT
1	45422096	69	CT
1	45422112	16	TC
1	45422875	763	AG
1	45422886	11	AT
1	45422911	25	GC
1	45423168	257	GC
1	45423183	15	TC
1	45423473	290	GA
1	45423553	80	AG
1	45423703	150	TC
1	45424370	667	GA
1	45424518	148	CT
1	45424525	7	GA
1	45425961	610	GC
1	45426033	72	CT
1	45426343	216	CT
1	45426365	22	AG
1	45426543	178	AG
1	45426560	17	AG
1	45428197	1358	TC
1	45428199	2	AG
1	45428270	71	GT
1	45428276	6	GA
1	45428407	131	GA
1	45428704	257	AG
1	45428868	164	GA
1	45429052	184	GA
1	45429676	398	GA
1	45432400	2482	TC
1	45433056	656	TC
1	45434194	1043	GA
1	45436470	2029	TA
1	45436745	275	GT
1	45436809	64	AG
1	45437109	300	CT
1	45437991	882	TC
1	45438380	389	AG
1	45438594	214	GC
1	45438672	78	AC
1	45438675	3	AG
1	45439179	504	GA
1	45439283	104	TG
1	45439337	54	GT
1	45440317	980	CT
1	45444520	2305	GA
1	45445813	922	GA
1	45446827	1014	CG
1	45447196	369	AG
1	45448652	957	TC
1	45449226	574	TC
1	45455193	3158	GA
1	45455449	256	GC
1	45455691	242	CT
1	45455830	139	GA
1	45456080	250	TG
1	45458494	926	CT
1	45458496	2	GA
1	45458512	16	AC
1	45458657	145	GA
1	45458969	312	CT
1	45458970	1	AC
1	45459108	138	TA
1	45459117	9	AT
1	45459160	43	CT
1	45459161	1	CT
1	45460208	629	TC
1	45460990	782	AT
1	45461625	635	AG
1	45461890	265	AG
1	45463227	1282	AC
1	45465693	927	TA
1	45466858	1165	CT
1	45468164	1029	CT
1	45468830	666	CT
1	45469305	475	TA
1	45469796	281	CT
1	45470235	229	GA
1	45470256	21	GC
1	45470284	28	AG
1	45470343	59	GA
1	45471058	715	CA
1	45471296	208	CT
1	45471801	348	GC
1	45472365	564	GA
1	45472480	115	CG
1	45472943	463	CT
1	45474687	1358	TC
1	45476075	1140	CT
1	45477202	1067	TC
1	45478920	1485	GC
1	45479030	110	TG
1	45479827	536	AG
1	45479922	95	CT
1	45480662	175	TC
1	45480825	163	CA
1	45480990	165	GA
1	45484056	2350	AG
1	45485402	1277	GC
1	45488065	2437	GA
1	45488117	52	AC
1	45489354	1153	AC
1	45491155	1701	TG
1	45492922	1767	GA
1	45493177	233	CT
1	45493265	88	GA
1	45493442	177	GA
1	45493667	225	CT
1	45493886	141	TC
1	45494272	196	GA
1	45495151	879	AG
1	45495152	1	AG
1	45495213	61	CT
1	45495227	14	TC
1	45495388	130	AC
1	45495720	311	AG
1	45496400	680	TC
1	45496715	315	TC
1	45498316	1388	TC
1	45498537	221	TC
1	45498793	256	TG
1	45498865	72	AG
1	45499201	336	GC
1	45499406	205	AG
1	45499599	193	TC
1	45499722	123	CT
1	45500340	392	AG
1	45500441	101	TC
1	45501603	1162	TC
1	45501704	101	AG
1	45502496	792	CT
1	45502625	129	GA
1	45503340	640	AG
1	45506385	2727	GA
1	45508152	1734	GC
1	45508501	349	GA
1	45508676	175	CT
1	45508751	66	CT
1	45509163	412	CT
1	45509202	39	CT
1	45509236	34	AC
1	45509426	190	GC
1	45509745	319	CT
1	45509801	56	AG
1	45510142	341	TC
1	45510143	1	GA
1	45511315	1170	GC
1	45547370	30509	GA
1	45547910	540	TG
1	45548617	596	GA
1	45548907	290	CG
1	45548930	23	CA
1	45549354	424	CT
1	45549470	116	GA
1	45550619	855	TC
1	45550934	315	AG
1	45551248	314	GA
1	45552149	901	AC
1	45557692	3044	CT
1	45558361	314	CT
1	45558425	64	CA
1	45558705	184	CA
1	45559749	580	GA
1	45559843	94	GC
1	45560760	187	AG
1	45562734	1108	GA
1	45564170	1361	AT
1	45564275	105	GA
1	45564533	258	GA
1	45565172	639	CG
1	45565222	50	CT
1	45569539	3489	CT
1	45570600	776	CT
1	45573984	3004	TC
1	45574722	738	CG
1	45574851	129	GT
1	45577653	2376	GA
1	45578013	360	GT
1	45581766	3245	AG
1	45581832	66	CT
1	45582406	396	GT
1	45583839	1397	AG
1	45585007	382	AG
1	45586648	641	GA
1	45586817	169	CT
1	45586973	156	TC
1	45587213	136	GA
1	45587930	434	CT
1	45588066	136	GA
1	45589256	1008	AG
1	45589992	708	AG
1	45590236	220	GC
1	45590857	341	AC
1	45592212	482	AC
1	45592244	32	GA
1	45592434	74	GA
1	45592521	87	CG
1	45592762	241	GA
1	45593489	177	CT
1	45593578	89	CT
1	45593676	98	CT
1	45593844	168	GT
1	45606655	8047	GA
1	45607659	1004	AG
1	45607713	54	TC
1	45608656	943	GA
1	45611345	2331	GA
1	45612973	1547	CT
1	45613374	401	TC
1	45614003	552	TC
1	45614359	343	GA
1	45614747	388	GA
1	45615097	350	AG
1	45615763	666	GT
1	45618237	2408	GA
1	45618611	374	CG
1	45618890	279	AG
1	45618895	5	GA
1	45620215	1320	AG
1	45620616	401	CT
1	45620795	151	TG
1	45621298	481	GA
1	45621909	522	GA
1	45621992	83	AT
1	45622640	614	CT
1	45622689	49	CT
1	45622857	168	AC
1	45623075	170	AG
1	45623239	123	AG
1	45623301	62	TC
1	45623365	64	TC
1	45623563	198	AG
1	45624248	685	TC
1	45624285	37	GA
1	45624398	113	AG
1	45624509	111	TC
1	45625045	506	GA
1	45625907	862	TG
1	45626010	103	AG
1	45626132	51	AG
1	45626302	170	CT
1	45626720	418	GA
1	45627516	796	GA
1	45627545	29	AG
1	45627553	8	TC
1	45628123	570	CT
1	45628434	121	TC
1	45628449	15	TC
1	45628503	54	GA
1	45629499	667	GA
1	45629550	51	CT
1	45674297	29710	GA
1	45674357	60	AG
1	45675028	455	GT
1	45675717	291	CG
1	45675757	40	AG
1	45675796	39	TC
1	45675824	28	AG
1	45675834	10	AG
1	45676408	423	CT
1	45676584	176	CG
1	45677516	526	CT
1	45677564	48	TC
1	45677641	77	GA
1	45678172	497	GA
1	45678937	217	AG
1	45678940	3	AG
1	45679508	568	AG
1	45679512	4	TC
1	45679563	51	GT
1	45679705	142	TC
1	45679744	39	AC
1	45679822	78	GT
1	45679840	18	CT
1	45679850	10	CT
1	45679855	5	AG
1	45679947	92	TC
1	45679981	34	GA
1	45679996	15	TC
1	45680267	271	TC
1	45680288	21	TC
1	45680424	136	AG
1	45680519	95	CT
1	45680529	10	GA
1	45681675	343	GT
1	45681831	156	TC
1	45681919	88	CT
1	45681939	20	CT
1	45682086	54	CT
1	45682088	2	CT
1	45682189	101	CA
1	45682262	73	CT
1	45682412	150	GA
1	45682427	15	GA
1	45682557	130	GA
1	45682690	133	CT
1	45682718	28	AG
1	45682912	194	GA
1	45682973	61	GA
1	45683179	206	AC
1	45683399	220	GA
1	45683500	101	AG
1	45683528	28	GA
1	45683728	200	CT
1	45684109	349	CT
1	45684181	72	GC
1	45684199	18	GA
1	45684210	11	CT
1	45684849	358	GT
1	45685068	219	TC
1	45685807	739	AG
1	45690221	3075	AC
1	45695953	5375	AG
1	45697937	1860	GC
1	45698495	558	CG
1	45700099	1604	TC
1	45700533	400	GT
1	45709851	5561	GA
1	45711664	1744	GA
1	45712806	970	AG
1	45719655	5157	AG
1	45721948	2052	GA
1	45723748	1649	GA
1	45723838	90	TC
1	45724369	491	TC
1	45724443	74	AG
1	45725165	722	TC
1	45725839	674	GA
1	45725892	53	AG
1	45725924	32	AG
1	45725932	8	AG
1	45726087	155	GA
1	45726326	239	GA
1	45726372	46	AG
1	45726404	32	AG
1	45726835	260	CT
1	45727520	502	CT
1	45728487	967	GC
1	45729184	697	GA
1	45735894	6096	GA
1	45735934	40	CT
1	45736200	266	CT
1	45738468	1868	TC
1	45739787	999	GC
1	45740113	326	GT
1	45740764	651	TC
1	45741338	574	GA
1	45741423	85	CT
1	45742832	953	AG
1	45743057	225	AG
1	45744439	1312	AC
1	45746198	1339	CA
1	45753513	6011	TC
1	45755937	2243	TC
1	45756024	87	AG
1	45756929	853	CT
1	45757021	92	CT
1	45758994	1973	GT
1	45759304	310	GA
1	45764725	3225	TC
1	45769726	4070	AG
1	45769945	219	CT
1	45770851	906	AG
1	45771010	159	AG
1	45773723	1188	AG
1	45774200	477	CA
1	45781109	6878	GA
1	45781187	78	AG
1	45781827	640	CT
1	45783267	1073	CT
1	45784047	396	TC
1	45784810	441	AC
1	45784998	188	CA
1	45785688	403	AG
1	45788859	2557	AG
1	45790173	652	TG
1	45790750	577	GT
1	45791364	614	GA
1	45792404	641	CT
1	45793903	1499	CT
1	45794486	362	AG
1	45798678	2549	CT
1	45798851	173	CT
1	45798967	116	GA
1	45799038	71	AG
1	45799165	127	AG
1	45799230	65	GA
1	45801061	1340	TC
1	45807513	4809	CT
1	45810906	3197	CT
1	45811224	287	TC
1	45811300	76	TC
1	45811519	219	CT
1	45811773	254	TC
1	45812456	635	TC
1	45812738	282	CT
1	45813500	718	GC
1	45813579	79	TC
1	45813840	261	AG
1	45814101	261	AT
1	45814115	14	CG
1	45814118	3	TC
1	45814119	1	GC
1	45814333	214	TA
1	45814908	575	GA
1	45815354	446	TC
1	45815454	100	GA
1	45815854	400	AG
1	45816037	183	TC
1	45817369	937	AG
1	45817464	95	GA
1	45817489	25	GA
1	45817811	322	CG
1	45818124	313	GA
1	45818178	54	GC
1	45818242	64	AG
1	45818426	184	CT
1	45819126	700	GA
1	45819132	6	TC
1	45819265	133	AG
1	45819356	91	TC
1	45819839	483	AG
1	45820133	294	AG
1	45820519	386	CA
1	45820530	11	AG
1	45820683	153	AG
1	45820731	48	CT
1	45820788	57	CT
1	45820888	100	GA
1	45820955	67	TC
1	45821083	128	AC
1	45821148	65	GT
1	45821603	455	TC
1	45821632	29	CA
1	45821640	8	CT
1	45821749	53	TC
1	45821803	54	TC
1	45821868	65	CT
1	45821911	43	CT
1	45822184	273	TC
1	45822649	329	CT
1	45822796	147	CT
1	45822924	128	GA
1	45823293	369	GC
1	45823388	95	AC
1	45824188	668	CT
1	45824973	785	TC
1	45825094	121	CG
1	45826569	1448	CT
1	45827396	827	AG
1	45827852	456	AG
1	45828796	794	GA
1	45829536	642	AG
1	45829886	350	CA
1	45830001	115	GA
1	45830121	120	AG
1	45830712	591	CT
1	45834237	1097	CT
1	45837592	2491	GT
1	45838346	754	CT
1	45838737	391	TC
1	45838739	2	GA
1	45839100	361	TC
1	45839119	19	CT
1	45839699	438	TC
1	45839724	25	GC
1	45839745	21	AG
1	45839806	61	CT
1	45839811	5	GC
1	45840135	324	GC
1	45840258	123	CA
1	45840286	28	GA
1	45840450	164	GA
1	45840548	98	TC
1	45840597	49	GC
1	45840663	66	AG
1	45840827	164	TC
1	45840965	138	GA
1	45842423	1458	TC
1	45843483	582	AG
1	45843528	45	AG
1	45843675	147	GC
1	45844210	535	TC
1	45844376	166	TC
1	45844407	31	CG
1	45844524	117	AC
1	45844572	48	AG
1	45844662	90	GA
1	45846056	723	AG
1	45846147	91	GC
1	45847635	471	TC
1	45847749	114	AG
1	45847872	123	CT
1	45848348	239	CT
1	45848741	393	AG
1	45848905	164	TC
1	45848955	50	AG
1	45850692	854	TC
1	45850841	149	AC
1	45850873	32	AG
1	45851255	142	GA
1	45851747	492	GA
1	45852785	477	CT
1	45853334	549	GT
1	45853363	29	CG
1	45853509	146	TC
1	45853684	175	AG
1	45853890	206	GC
1	45853958	68	GA
1	45856939	2931	TC
1	45858692	1495	CT
1	45861712	2642	CA
1	45862359	647	GT
1	45864788	2400	AG
1	45864993	205	AG
1	45865075	82	TC
1	45868424	3306	GC
1	45870737	2283	GC
1	45872154	1350	TC
1	45874317	2052	CT
1	45876358	1173	GC
1	45880649	1900	TG
1	45883103	1913	GA
1	45885814	2559	TC
1	45886119	305	TA
1	45889946	2760	CG
1	45892879	2684	TC
1	45893667	788	AG
1	45895704	1559	AG
1	45895885	181	TG
1	45896228	230	CT
1	45896297	69	AG
1	45897136	742	CT
1	45897213	77	TC
1	45897270	57	CT
1	45900023	2704	GC
1	45900329	197	AG
1	45906644	4755	TC
1	45907189	313	GA
1	45908820	1631	TC
1	45908998	178	CT
1	45909124	126	GA
1	45910549	1425	TC
1	45911622	1073	TA
1	45911703	81	GA
1	45912424	721	CT
1	45916917	3890	GA
1	45919812	2426	CT
1	45919856	44	AG
1	45919885	29	TC
1	45920169	284	AG
1	45920265	96	CT
1	45920554	289	AG
1	45920984	430	GA
1	45921462	434	AG
1	45925809	1821	TC
1	45926294	485	CA
1	45927133	316	CT
1	45927302	169	GA
1	45927327	25	GA
1	45927379	52	GA
1	45928047	668	TC
1	45928133	86	GT
1	45928209	76	AG
1	45928229	20	TG
1	45928395	166	AG
1	45928462	67	TC
1	45928510	48	TC
1	45928587	77	GA
1	45928651	64	TC
1	45929096	445	CG
1	45931653	2224	GA
1	45932031	378	AG
1	45932772	741	CT
1	45933341	569	CG
1	45933638	297	GA
1	45933718	80	TC
1	45933737	19	TG
1	45934401	618	AG
1	45934553	152	TG
1	45937297	2263	AC
1	45939446	2055	CT
1	45941266	1655	TC
1	45941773	507	CT
1	45944746	2097	CT
1	45944839	93	TC
1	45946967	2128	CT
1	45949471	1874	CT
1	45949601	93	AG
1	45949983	382	CG
1	45952598	1982	CT
1	45953523	648	AG
1	45954415	615	AG
1	45954963	548	GT
1	45955489	520	AG
1	45955643	154	AG
1	45956011	368	GA
1	45957370	1359	TG
1	45965930	5492	GA
1	45978106	10861	TC
1	45988875	8196	CT
1	45992942	3281	AC
1	45994166	1224	AG
1	45994360	194	GA
1	45995196	806	AG
1	45997582	2115	TA
1	45998640	939	GA
1	45999049	409	CT
1	45999890	841	CT
1	46001227	1337	AG
1	46001994	767	TC
1	46002094	100	AG
1	46002814	643	TC
1	46002972	158	AG
1	46003072	100	AG
1	46003150	78	CG
1	46003226	76	GA
1	46003230	4	AG
1	46003635	405	TC
1	46004261	626	AG
1	46004303	42	AC
1	46004390	87	TC
1	46006758	2242	TA
1	46007614	708	CT
1	46007654	40	CA
1	46007657	3	TC
1	46010273	2494	TC
1	46010483	210	GA
1	46012505	1861	TC
1	46013454	866	GA
1	46015236	779	GA
1	46016071	798	AC
1	46017543	1472	AG
1	46017693	150	AG
1	46017912	219	TC
1	46018092	180	GA
1	46019087	543	CT
1	46019176	89	TC
1	46019248	72	CT
1	46019268	20	CT
1	46019355	87	GA
1	46019548	193	CT
1	46019962	414	GA
1	46020022	60	CT
1	46020051	29	GA
1	46020264	213	GA
1	46020430	166	GA
1	46020676	246	CT
1	46021268	431	AG
1	46021495	227	TC
1	46021634	139	CT
1	46021669	35	TC
1	46022254	585	CT
1	46022310	56	AG
1	46022945	411	GA
1	46030811	3203	CA
1	46032077	1192	AC
1	46036020	2196	TC
1	46037981	875	AG
1	46038208	227	AG
1	46039403	914	AG
1	46039963	450	CA
1	46048499	4172	TC
1	46051434	1395	CA
1	46051444	10	GA
1	46053388	1623	GC
1	46058038	2968	TC
1	46058398	360	TC
1	46062001	1052	GA
1	46073158	7573	AG
1	46079018	2639	CG
1	46080663	1096	TG
1	46084079	1331	TC
1	46087225	1813	TC
1	46088476	1037	CG
1	46101750	11007	CT
1	46116388	7766	CT
1	46122458	4503	TC
1	46124350	1864	AC
1	46125925	1575	CT
1	46126000	75	CG
1	46129015	2665	TC
1	46129407	392	GA
1	46130987	1580	AG
1	46131018	31	CG
1	46131595	447	AG
1	46132636	1001	GA
1	46136807	3209	GA
1	46139118	594	CT
1	46139686	540	GA
1	46140455	769	CT
1	46140753	298	AG
1	46144952	2384	CT
1	46152588	4256	AG
1	46152920	332	GA
1	46153720	399	TC
1	46153830	110	AT
1	46154874	311	CT
1	46154917	43	GA
1	46154920	3	TC
1	46154981	61	TC
1	46155365	107	TC
1	46155408	43	TC
1	46156550	114	CT
1	46156760	210	GA
1	46158514	1178	TA
1	46160094	302	AG
1	46160095	1	CA
1	46161926	540	AG
1	46161960	34	GA
1	46162319	325	TC
1	46162967	228	CG
1	46163783	816	CG
1	46164353	570	TG
1	46164387	34	CT
1	46166688	1915	AC
1	46181571	5673	CA
1	46192184	7906	AG
1	46194661	1193	AT
1	46195552	258	GA
1	46198311	1578	GT
1	46198811	500	TA
1	46199265	454	AT
1	46199403	138	TC
1	46199422	19	GA
1	46200614	741	AG
1	46201428	375	AC
1	46202555	1107	TC
1	46204727	1972	AG
1	46205491	732	GA
1	46205780	249	GC
1	46205788	8	CT
1	46206416	389	CT
1	46207532	1059	CT
1	46209181	1366	GA
1	46209189	8	GT
1	46209780	383	TC
1	46209858	78	GA
1	46210229	371	GC
1	46210451	222	GA
1	46210580	129	GC
1	46211858	1100	TC
1	46211908	50	AT
1	46212009	101	TA
1	46212027	18	GA
1	46212942	915	TC
1	46214599	1657	GT
1	46215384	618	GC
1	46215415	31	AG
1	46215715	300	CT
1	46218729	1947	CG
1	46218768	39	CT
1	46218827	59	GT
1	46219042	215	AG
1	46219066	24	CT
1	46219081	15	GA
1	46219089	8	AG
1	46219379	290	GA
1	46219701	297	CG
1	46219972	271	AC
1	46220805	410	CT
1	46220868	63	GT
1	46220914	46	AT
1	46220928	14	GT
1	46222542	346	CA
1	46222653	111	CT
1	46222750	97	GA
1	46222792	42	TC
1	46225662	903	CT
1	46225747	85	GA
1	46225776	29	GC
1	46225861	85	CG
1	46226539	235	TG
1	46227489	775	GA
1	46227498	9	CT
1	46228345	272	TC
1	46229015	115	CG
1	46229481	91	CT
1	46229484	3	GA
1	46229523	39	GA
1	46229550	27	GC
1	46232231	1237	GT
1	46232299	68	AG
1	46232332	33	TC
1	46232501	169	AT
1	46232548	47	CG
1	46232600	52	GC
1	46233563	149	AG
1	46234164	601	GA
1	46234381	217	TC
1	46234950	569	AG
1	46236153	1028	TC
1	46236642	489	GT
1	46237454	444	TC
1	46238192	738	AG
1	46239380	161	GA
1	46240068	629	AG
1	46242148	355	TC
1	46242254	106	GC
1	46243445	191	TC
1	46243906	29	GT
1	46246140	444	TA
1	46248288	313	CT
1	46249810	509	GA
1	46249812	2	GC
1	46249823	11	TC
1	46250645	108	GA
1	46253175	1266	GA
1	46254213	1038	GA
1	46256444	1754	TG
1	46256445	1	TC
1	46257389	944	CA
1	46258215	800	TC
1	46258457	242	GA
1	46258472	15	CT
1	46258857	385	AG
1	46259038	181	AG
1	46260633	1595	AG
1	46260647	14	AG
1	46260760	113	CT
1	46260960	200	GA
1	46261086	126	AG
1	46261641	489	TG
1	46261806	165	AG
1	46262046	240	AG
1	46262389	343	GA
1	46263172	505	AC
1	46264014	382	TC
1	46265200	554	CG
1	46274413	5591	AG
1	46278988	3914	CT
1	46279292	304	CT
1	46280684	1349	TA
1	46283435	2329	AG
1	46285185	1750	TC
1	46285765	580	AG
1	46288846	2654	CT
1	46290360	1424	CT
1	46292625	2265	AG
1	46293052	427	GA
1	46300487	3841	AG
1	46307159	5620	AG
1	46307183	24	TC
1	46307224	41	AG
1	46307227	3	CT
1	46307497	270	TC
1	46307720	223	TC
1	46307761	41	TC
1	46308043	282	GC
1	46308925	847	AT
1	46309238	226	CT
1	46309318	80	AG
1	46309463	145	AG
1	46309525	62	GC
1	46309834	240	AG
1	46310290	244	TG
1	46310325	35	GA
1	46310349	24	TA
1	46310430	81	AG
1	46310469	39	GA
1	46312048	1179	CA
1	46312925	171	GC
1	46313715	269	CT
1	46314156	441	GC
1	46314204	48	AG
1	46314241	37	CG
1	46314573	332	GA
1	46314717	144	AG
1	46315532	815	CG
1	46316039	507	GA
1	46318246	2131	TC
1	46319008	762	CA
1	46360123	28946	CG
1	46366385	3919	GA
1	46374617	5638	CT
1	46380414	3721	CT
1	46382475	1967	GA
1	46383566	541	AG
1	46383609	43	TC
1	46384168	65	TC
1	46385750	404	AG
1	46399466	11662	CG
1	46402011	2180	CT
1	46402906	895	CT
1	46409159	5756	GT
1	46411031	1551	GA
1	46426372	14837	AT
1	46428578	2131	GA
1	46429676	861	CT
1	46436385	4318	CT
1	46436606	221	AG
1	46437462	856	GA
1	46438146	641	TC
1	46440750	1470	CT
1	46441430	680	TA
1	46448500	4055	AG
1	46452868	2881	CA
1	46454136	894	AC
1	46457177	2411	AC
1	46458122	945	TA
1	46458625	503	GT
1	46459393	719	CT
1	46461697	2222	CT
1	46463235	1538	GA
1	46465504	1936	CT
1	46465604	100	GA
1	46467741	1966	CT
1	46469271	1530	GA
1	46470555	1266	AC
1	46473838	3064	CG
1	46475536	1458	GA
1	46490952	12654	AG
1	46514974	17251	CT
1	46526137	9725	AG
1	46529032	2715	CG
1	46538809	7415	TC
1	46541821	2220	GA
1	46547353	2103	AT
1	46547392	39	GA
1	46551446	2637	CA
1	46551482	36	GA
1	46577317	18123	CA
1	46578061	447	CT
1	46578208	147	CT
1	46579253	292	CG
1	46579270	17	GA
1	46579621	351	GC
1	46580163	542	AC
1	46580297	134	CG
1	46580893	330	TC
1	46582828	1003	CT
1	46583951	750	AG
1	46586252	930	GC
1	46588554	657	CG
1	46588759	205	GT
1	46589588	829	GT
1	46590570	158	GC
1	46590659	89	AG
1	46597277	3476	CT
1	46597482	205	GA
1	46597528	46	AG
1	46598418	849	GC
1	46599312	696	GA
1	46599377	65	GC
1	46599702	325	TG
1	46602737	1912	GA
1	46602864	127	GA
1	46602919	55	TG
1	46603063	144	AG
1	46603378	315	AG
1	46603416	38	TC
1	46603448	32	TC
1	46603898	450	CT
1	46604046	148	GA
1	46604100	54	AG
1	46604144	44	AG
1	46604159	15	TG
1	46604397	238	GC
1	46604599	202	TC
1	46604632	33	TC
1	46604679	47	TC
1	46604724	45	GA
1	46604725	1	GA
1	46604967	242	CT
1	46605441	391	CT
1	46605517	76	GC
1	46605520	3	GA
1	46605684	164	GA
1	46605739	55	TG
1	46606025	286	TG
1	46606076	51	AG
1	46606290	214	GA
1	46606419	129	GA
1	46607883	688	CT
1	46608071	188	GA
1	46609543	679	CT
1	46609556	13	CT
1	46609897	341	TA
1	46610087	190	CG
1	46610364	277	CT
1	46610397	33	GC
1	46610577	180	AG
1	46611557	551	CT
1	46613890	660	CT
1	46614016	126	CT
1	46615652	926	TC
1	46616028	376	CT
1	46616050	22	TC
1	46617151	761	CT
1	46617465	248	TG
1	46617947	482	GC
1	46618395	448	TG
1	46618399	4	TC
1	46619808	1377	TC
1	46619853	45	AC
1	46621301	1305	TG
1	46621773	472	TC
1	46622274	469	AG
1	46625001	1447	GA
1	46625224	223	AT
1	46626292	1068	CT
1	46626500	208	TC
1	46626550	50	AC
1	46626661	111	GA
1	46626943	282	AC
1	46628380	701	AG
1	46628388	8	GA
1	46628688	92	AC
1	46629307	163	GA
1	46629336	29	CT
1	46629360	24	GA
1	46629408	48	CG
1	46629423	15	CT
1	46629478	55	AG
1	46629695	217	CT
1	46629725	30	AC
1	46629729	4	GC
1	46629768	39	TC
1	46629802	34	CT
1	46630325	137	GC
1	46630953	219	AG
1	46630965	12	AG
1	46630994	29	GT
1	46631084	90	CG
1	46631345	261	CT
1	46631691	346	GA
1	46631728	37	GA
1	46631945	217	AT
1	46632015	70	GA
1	46634428	2055	CA
1	46634985	514	GA
1	46635505	520	AC
1	46635517	12	CA
1	46635547	30	CA
1	46635597	50	CT
1	46636282	685	CG
1	46636495	145	CT
1	46636696	201	TC
1	46641509	1039	GA
1	46642977	771	TC
1	46643013	36	GC
1	46643093	80	CT
1	46644612	579	AG
1	46644683	71	AG
1	46644841	158	GA
1	46645270	429	GT
1	46645317	47	AG
1	46645356	39	GA
1	46645393	37	GA
1	46645565	172	GT
1	46645852	287	TG
1	46646002	150	CT
1	46646158	156	AG
1	46646849	691	TC
1	46647104	255	GA
1	46647912	725	CT
1	46648142	230	AG
1	46648216	74	GA
1	46648529	313	AG
1	46648830	301	TC
1	46648871	41	CA
1	46648885	14	TC
1	46649317	432	TC
1	46650026	709	CT
1	46673496	20260	AG
1	46682028	4658	GC
1	46699235	13290	TC
1	46699236	1	CA
1	46699365	129	GA
1	46699547	82	CA
1	46699978	431	GA
1	46700057	79	GC
1	46700698	192	AC
1	46701280	73	TC
1	46702372	761	TC
1	46703794	1422	AG
1	46704611	817	AC
1	46706413	1802	AG
1	46706816	403	TC
1	46706874	58	CT
1	46706883	9	GA
1	46708860	1751	AG
1	46709576	382	CT
1	46710850	861	TC
1	46711931	230	TA
1	46712286	355	TC
1	46712757	471	AC
1	46715945	275	TC
1	46717027	899	GA
1	46723181	2522	GA
1	46725468	1662	GT
1	46725469	1	CT
1	46729123	941	GA
1	46730038	915	GA
1	46730381	343	TC
1	46734055	2983	TG
1	46734185	130	CT
1	46754884	12771	GA
1	46762873	6806	TG
1	46779915	9134	AG
1	46802490	427	TG
1	46802512	22	AC
1	46802966	454	CT
1	46803015	49	AG
1	46824517	443	GA
1	46825339	579	GA
1	46825917	578	CT
1	46826402	425	CT
1	46826528	126	GA
1	46831471	2358	GT
1	46832437	733	GC
1	46836707	3154	CT
1	46836973	266	CT
1	46837281	308	GA
1	46838493	938	GA
1	46838665	172	TC
1	46839431	515	CG
1	46840045	573	CT
1	46840432	387	CT
1	46840883	76	TC
1	46845357	3483	CT
1	46845992	309	AG
1	46846878	838	GA
1	46846893	15	TC
1	46846919	26	CT
1	46846923	4	CT
1	46848647	1551	CT
1	46848816	169	GA
1	46848916	100	AG
1	46849084	2	AG
1	46849176	92	GC
1	46849607	431	CT
1	46850323	662	TC
1	46850457	134	CT
1	46854763	1731	TC
1	46856106	898	TC
1	46860505	3123	CG
1	46861077	572	GA
1	46864833	2100	GA
1	46865735	902	CT
1	46866946	485	GA
1	46867506	541	TC
1	46867772	266	GC
1	46868527	407	CA
1	46868834	307	CT
1	46873674	1536	AG
1	46873710	36	GA
1	46874875	579	CT
1	46876324	1199	CG
1	46876610	286	GC
1	46876680	70	CT
1	46877126	299	GT
1	46877563	382	CT
1	46877606	43	CA
1	46877810	204	CT
1	46882598	2650	TC
1	46882960	362	GC
1	46883063	103	TC
1	46883177	114	TC
1	46883196	19	GC
1	46883294	98	AG
1	46883772	141	TG
1	46883864	92	GA
1	46883882	18	TC
1	46883941	59	TC
1	46884550	609	TC
1	46884554	4	GA
1	46884693	139	CT
1	46884843	150	CT
1	46885609	438	AC
1	46885637	28	CA
1	46888057	900	TA
1	46888313	256	CT
1	46888410	97	CA
1	46888422	12	CT
1	46888710	80	GA
1	46889610	867	AT
1	46889618	8	CT
1	46889871	253	CT
1	46891174	911	AG
1	46891887	713	AG
1	46892330	443	CA
1	46895006	1379	TG
1	46897118	663	TC
1	46897832	714	AG
1	46897865	33	CA
1	46897901	36	TC
1	46898058	157	GA
1	46898136	78	GA
1	46898527	82	CT
1	46898592	65	CT
1	46898597	5	CT
1	46898653	56	CT
1	46898670	17	GA
1	46898916	246	AT
1	46898921	5	GA
1	46899242	297	CT
1	46900806	1118	GC
1	46903133	1251	CT
1	46905449	708	TG
1	46909628	2709	GC
1	46910421	793	TA
1	46910489	68	GC
1	46910545	56	TA
1	46912420	902	AG
1	46912583	163	CT
1	46912645	62	TC
1	46912744	99	AG
1	46913209	465	TC
1	46914776	390	GA
1	46915627	623	TC
1	46915756	129	TC
1	46916447	94	CA
1	46918343	1452	GA
1	46923359	3658	GA
1	46923680	293	CT
1	46924185	505	AG
1	46925336	1151	TA
1	46936589	10532	GA
1	46937098	509	AC
1	46938602	1504	CT
1	46939020	418	GA
1	46942895	3657	TC
1	46944330	1155	GA
1	46947091	1722	CT
1	46947228	137	GC
1	46948034	610	CT
1	46949747	678	CA
1	46949748	1	AG
1	46949761	13	AC
1	46949803	42	GA
1	46949815	12	TC
1	46949833	18	GT
1	46949951	118	AG
1	46950418	445	CA
1	46950435	17	AC
1	46951258	516	CG
1	46951341	83	GA
1	46951908	214	GA
1	46951929	21	TC
1	46952114	185	CT
1	46953069	704	CT
1	46953345	276	TG
1	46953467	122	AG
1	46954422	847	AG
1	46954865	443	CT
1	46955064	199	CT
1	46955094	30	TC
1	46955659	368	AC
1	46956792	776	AG
1	46956802	10	GC
1	46956817	15	AG
1	46956868	51	TA
1	46957082	214	CG
1	46957638	191	TC
1	46957715	77	GA
1	46958326	153	CA
1	46958357	31	TG
1	46958375	18	GA
1	46958380	5	GC
1	46961724	1710	GA
1	46961784	60	GA
1	46961845	61	TC
1	46961974	81	GA
1	46962954	802	TC
1	46964501	1547	CG
1	46966178	1361	AG
1	47003177	22601	TC
1	47004316	775	GT
1	47012627	5975	TC
1	47014035	1336	TG
1	47017093	1576	AG
1	47021315	3718	GA
1	47021522	207	GA
1	47024094	2164	TC
1	47031350	4400	GT
1	47034726	3168	GA
1	47035004	278	AG
1	47036074	594	CT
1	47043193	6074	CT
1	47043295	102	TC
1	47043627	34	GA
1	47043638	11	TG
1	47043728	90	CT
1	47043880	152	AG
1	47044252	372	CG
1	47044296	44	CT
1	47044632	336	TG
1	47045569	813	CG
1	47046258	689	TC
1	47046607	349	TG
1	47046900	293	CT
1	47046956	56	TC
1	47047109	153	TG
1	47047187	78	GA
1	47047202	15	GT
1	47047253	51	GT
1	47047272	19	CG
1	47047336	64	TC
1	47047628	155	GC
1	47048153	208	TC
1	47048594	303	CG
1	47049924	1214	TC
1	47049993	69	GA
1	47051513	1189	GA
1	47051531	18	GA
1	47051902	206	CT
1	47052113	211	CT
1	47052122	9	GT
1	47052261	139	CT
1	47052299	38	CT
1	47052516	217	CT
1	47053337	747	CT
1	47053585	248	AC
1	47053783	198	TC
1	47054203	420	AG
1	47054417	214	CT
1	47054562	145	TC
1	47056098	645	CT
1	47057362	1060	CT
1	47058696	1334	GA
1	47058842	146	CA
1	47058863	21	TA
1	47059720	740	AG
1	47060315	595	TC
1	47060353	38	GT
1	47062422	1220	AG
1	47068263	3376	CG
1	47068598	138	GA
1	47069072	474	GT
1	47069774	702	AG
1	47070221	265	GA
1	47070735	352	CG
1	47071363	270	CT
1	47071580	217	TC
1	47072227	647	AG
1	47073874	1456	TC
1	47074000	126	AG
1	47075749	1401	AG
1	47076632	434	AG
1	47076673	41	TA
1	47076837	164	TC
1	47076965	128	AG
1	47077044	79	CT
1	47077274	230	AG
1	47077444	170	CG
1	47077478	34	AG
1	47077493	15	GA
1	47079463	557	CT
1	47079677	214	AC
1	47080081	336	GA
1	47080281	200	TC
1	47080972	522	AG
1	47081075	103	AG
1	47081083	8	TC
1	47081245	162	GC
1	47084607	2392	TC
1	47087281	1525	TC
1	47092931	1540	AG
1	47102559	7382	GA
1	47102790	231	AG
1	47103809	868	CT
1	47103826	17	GA
1	47103834	8	AG
1	47103898	64	AG
1	47103999	101	CA
1	47104051	52	GC
1	47105283	1164	TC
1	47105373	90	TC
1	47105479	106	AG
1	47106613	1082	CT
1	47107943	1117	GA
1	47108448	505	GA
1	47108783	217	GT
1	47108856	73	CT
1	47108876	20	CT
1	47109030	154	AG
1	47109125	95	TC
1	47109159	34	TG
1	47109945	725	GC
1	47110704	759	GA
1	47110787	83	TC
1	47111428	611	GA
1	47111725	297	AC
1	47113208	1447	CT
1	47113341	133	CT
1	47118197	1916	TC
1	47118298	101	CA
1	47119839	1541	GC
1	47120110	271	GA
1	47124865	2929	TC
1	47125415	449	TC
1	47125581	166	AC
1	47125709	128	CT
1	47125869	160	TG
1	47125927	58	AC
1	47126530	603	AC
1	47126612	82	CT
1	47126637	25	TC
1	47126668	31	CG
1	47126904	236	AG
1	47127275	371	TC
1	47127591	104	CA
1	47127645	54	CT
1	47127702	57	AC
1	47128097	261	CT
1	47129060	963	TC
1	47130950	1781	AG
1	47132829	1726	TC
1	47133094	265	AG
1	47134976	1492	TG
1	47135465	432	CA
1	47135760	295	AG
1	47135986	226	CT
1	47139425	206	GA
1	47139750	202	TC
1	47139982	232	TC
1	47140018	36	AG
1	47140605	151	GA
1	47140710	105	GA
1	47140897	187	TG
1	47140925	28	GC
1	47140947	22	TC
1	47141018	71	GA
1	47141099	81	CT
1	47141159	60	AG
1	47141177	18	AG
1	47141231	54	GC
1	47141253	22	GA
1	47141279	26	TG
1	47141306	27	TA
1	47141419	113	AG
1	47141421	2	GA
1	47141431	10	TA
1	47141670	239	CT
1	47141741	71	CT
1	47141785	44	GA
1	47142865	1080	GC
1	47142893	28	CT
1	47143194	301	TC
1	47143470	276	GA
1	47143651	181	AG
1	47143812	161	AG
1	47144021	209	TC
1	47144316	273	AG
1	47144330	14	GT
1	47144382	52	CT
1	47145124	524	AG
1	47145503	379	CT
1	47146503	1000	CT
1	47146535	32	CT
1	47147125	300	GC
1	47147678	506	CG
1	47147680	2	GA
1	47147704	24	GA
1	47147969	265	GA
1	47147973	4	GC
1	47148153	180	CT
1	47148167	14	TC
1	47148175	8	GA
1	47148473	174	CG
1	47148589	116	GT
1	47149347	466	TG
1	47149405	58	GA
1	47149674	269	CT
1	47149692	18	GA
1	47149740	48	AG
1	47149782	42	AG
1	47149791	9	GC
1	47149821	30	CA
1	47149863	42	CG
1	47150831	438	TC
1	47151473	597	TG
1	47152519	875	CG
1	47152535	16	CT
1	47152921	178	AG
1	47153202	209	AG
1	47153666	464	CG
1	47154264	394	AG
1	47154524	260	CT
1	47154593	69	AG
1	47155341	748	TC
1	47155406	65	AT
1	47155509	103	CG
1	47155565	56	CT
1	47155688	123	AG
1	47155714	26	TC
1	47155749	35	CT
1	47155761	12	CT
1	47157042	730	TC
1	47157116	74	CT
1	47157823	493	GT
1	47158311	488	TC
1	47158503	192	GA
1	47159056	553	AG
1	47159957	768	CA
1	47161869	1856	CT
1	47162012	143	AG
1	47169259	5459	AG
1	47169397	138	GA
1	47169453	56	CT
1	47169556	49	GA
1	47169605	49	AG
1	47176001	1757	GA
1	47180219	2987	GA
1	47182488	1382	GA
1	47184687	1924	CT
1	47189162	3410	CT
1	47189492	180	AG
1	47192790	2928	GA
1	47193932	1142	GC
1	47195690	1116	CT
1	47196023	333	GA
1	47196177	154	CT
1	47198128	1686	CG
1	47202332	2509	AG
1	47203441	1109	AG
1	47203916	475	TG
1	47204831	915	TC
1	47204929	98	GA
1	47204932	3	CT
1	47204936	4	CT
1	47204940	4	GC
1	47204950	10	AC
1	47204955	5	AG
1	47205487	532	TC
1	47205494	7	AC
1	47205506	12	CT
1	47205581	75	TC
1	47205842	261	TC
1	47207402	1560	GT
1	47207714	230	CT
1	47209218	1504	AG
1	47209239	21	GA
1	47210255	1016	AG
1	47213834	1021	AG
1	47214054	101	AG
1	47214311	215	GA
1	47215797	1387	AG
1	47220764	4398	AC
1	47221994	1230	CG
1	47225250	3117	GC
1	47225373	123	GA
1	47225520	147	CG
1	47225799	279	CA
1	47226021	222	AT
1	47226914	631	CT
1	47227344	430	CG
1	47227626	282	CG
1	47227669	43	CA
1	47228947	1205	CT
1	47229701	754	AG
1	47230384	571	CT
1	47231072	272	GC
1	47231195	123	TG
1	47231205	10	AG
1	47231359	154	TA
1	47232518	854	AT
1	47232625	107	GA
1	47232672	47	GT
1	47232697	25	AG
1	47232714	17	GA
1	47233435	344	AG
1	47233738	303	GA
1	47233740	2	TC
1	47233775	35	CT
1	47233794	19	CT
1	47233880	86	TG
1	47233909	29	GA
1	47234076	110	TC
1	47234086	10	AG
1	47235273	871	GA
1	47235640	367	TA
1	47235805	165	GA
1	47235880	75	AT
1	47236253	373	AC
1	47236845	248	CT
1	47238034	1077	GC
1	47238127	93	AG
1	47238253	126	GA
1	47238343	90	TC
1	47238350	7	CG
1	47238651	301	TC
1	47238729	78	AG
1	47238963	162	AG
1	47239195	232	AC
1	47239292	97	GA
1	47239531	239	AG
1	47241372	1067	AG
1	47241378	6	GA
1	47241419	41	CG
1	47241451	32	GT
1	47241915	341	CT
1	47242684	769	AG
1	47242747	63	GT
1	47243055	308	TC
1	47243066	11	GA
1	47244118	954	CG
1	47244167	49	AG
1	47244402	235	AG
1	47245546	715	AG
1	47246793	659	TG
1	47246831	38	GA
1	47247246	362	CT
1	47247275	29	CT
1	47247361	86	TC
1	47247665	304	TC
1	47247748	83	TC
1	47247898	150	TA
1	47247963	65	AG
1	47248216	253	CT
1	47248413	197	GA
1	47248420	7	AC
1	47248692	272	CT
1	47248695	3	CT
1	47248836	141	AC
1	47250495	1578	GA
1	47251340	845	CT
1	47251501	161	TC
1	47254159	1652	AG
1	47256878	1972	TC
1	47256985	107	GA
1	47258619	398	TC
1	47258670	51	CT
1	47259921	621	GA
1	47260004	83	TC
1	47261154	776	TC
1	47263742	1149	TC
1	47264519	614	AC
1	47265769	641	CT
1	47265815	46	TC
1	47267059	819	GA
1	47269826	1813	GC
1	47269955	129	GA
1	47270546	223	AG
1	47270569	23	AG
1	47272213	875	GA
1	47272728	515	GC
1	47274321	1036	GA
1	47275034	304	GA
1	47276839	1182	CT
1	47278433	948	CG
1	47278581	148	GA
1	47278912	265	CT
1	47279987	858	AG
1	47280043	56	AG
1	47286473	4295	TC
1	47286832	359	AT
1	47288158	1218	GT
1	47288173	15	GC
1	47288385	212	TC
1	47288401	16	GA
1	47289111	688	AG
1	47290575	1397	AG
1	47293966	3156	CA
1	47295417	1451	AT
1	47295850	433	AG
1	47296430	580	CG
1	47296674	244	CT
1	47297010	336	CG
1	47297081	71	CT
1	47297950	869	CT
1	47297998	48	GT
1	47300075	1159	CA
1	47300401	326	CG
1	47301208	807	GA
1	47301894	686	GA
1	47301962	68	CT
1	47302046	84	TA
1	47302103	57	GA
1	47302161	58	CG
1	47302227	66	AG
1	47304170	1943	TA
1	47305746	1537	CT
1	47306158	412	AG
1	47309802	2966	TC
1	47311506	1037	TG
1	47312711	839	CA
1	47313001	290	TC
1	47315652	1870	CT
1	47316133	163	CT
1	47320416	3132	TA
1	47320485	69	CG
1	47322251	1745	GA
1	47323002	393	TC
1	47323201	199	AT
1	47323490	265	CG
1	47324374	847	TG
1	47326628	2081	AG
1	47327048	420	GA
1	47327422	374	TC
1	47328392	970	TC
1	47328405	13	CG
1	47328451	46	GA
1	47328866	415	CT
1	47330154	1045	GA
1	47331295	1141	TC
1	47335869	4513	GC
1	47336907	933	TG
1	47337003	96	AT
1	47338739	963	CT
1	47341394	2530	GA
1	47349379	6384	AG
1	47349548	169	GC
1	47351718	1903	GT
1	47357182	4675	CG
1	47358023	841	AG
1	47358602	579	TC
1	47361348	2668	GT
1	47363679	2213	GA
1	47363935	256	CT
1	47365394	1422	AG
1	47365710	316	TG
1	47366024	314	CT
1	47366921	871	CT
1	47367244	323	TC
1	47367425	181	AG
1	47368001	576	CG
1	47377081	7236	GA
1	47378145	930	GC
1	47381747	1855	CT
1	47383470	1154	TC
1	47383875	322	GA
1	47386738	2609	TC
1	47388843	1344	TC
1	47390334	834	TC
1	47390409	75	TC
1	47390417	8	CT
1	47390421	4	CT
1	47390531	110	CT
1	47390993	462	GA
1	47391393	400	CT
1	47391831	438	AG
1	47391833	2	CT
1	47391849	16	AG
1	47391938	89	TA
1	47393232	1001	CT
1	47394044	812	CG
1	47394045	1	GA
1	47394047	2	GA
1	47394052	5	AC
1	47394054	2	GT
1	47394972	918	TA
1	47395495	413	AG
1	47396962	1176	CT
1	47397370	408	GA
1	47401894	3103	GA
1	47401906	12	AG
1	47401925	19	TC
1	47403369	1302	CT
1	47405634	1569	GA
1	47406680	664	CG
1	47406915	235	TA
1	47407739	486	TC
1	47407962	223	TA
1	47408757	795	CT
1	47408831	74	AG
1	47411510	2356	CA
1	47411533	23	GA
1	47412179	646	CT
1	47415730	1327	GA
1	47417253	1276	GC
1	47417365	112	GT
1	47417766	401	AG
1	47417895	129	GA
1	47417964	69	CT
1	47418799	835	AG
1	47421485	2686	CT
1	47424085	2600	GA
1	47424672	587	GC
1	47425398	726	GA
1	47426044	646	GA
1	47426329	285	TC
1	47430672	3254	TC
1	47430802	130	CG
1	47435655	3866	AG
1	47436978	1164	CA
1	47437170	192	GC
1	47437298	128	AG
1	47437330	32	CT
1	47439296	1934	TC
1	47441405	2047	GT
1	47441445	40	AC
1	47442317	808	GA
1	47442325	8	TC
1	47444602	2187	CG
1	47448007	2935	TC
1	47467140	6709	TC
1	47468444	1002	CG
1	47468565	121	GT
1	47471421	2548	GT
1	47472319	709	AT
1	47472366	47	TA
1	47472850	376	CT
1	47474113	1237	GA
1	47501289	18417	AG
1	47501329	40	TA
1	47503093	271	AC
1	47507045	3679	TC
1	47507123	78	AG
1	47509435	2031	AG
1	47515990	6342	TG
1	47516492	502	AG
1	47516667	175	AG
1	47517130	463	AG
1	47517254	124	TC
1	47517799	545	TC
1	47518571	752	TC
1	47519220	314	TC
1	47521273	1976	GT
1	47521346	73	CA
1	47523077	1187	GA
1	47525811	2337	CG
1	47527037	481	TC
1	47527600	463	GA
1	47527961	361	TC
1	47538920	7158	CT
1	47539512	592	GA
1	47541306	1794	GT
1	47545251	3595	CT
1	47546114	863	GA
1	47555833	7657	TC
1	47562155	5399	TC
1	47565737	2275	AC
1	47567699	1962	CA
1	47570886	2493	CA
1	47571768	531	AG
1	47571801	33	CT
1	47573219	1380	CT
1	47589052	12845	GC
1	47589424	372	TG
1	47591368	978	TG
1	47592718	519	CT
1	47596259	2932	GC
1	47597203	944	GA
1	47609422	3772	TC
1	47611443	1360	AG
1	47616017	328	AG
1	47620242	2051	CG
1	47620825	327	CG
1	47624056	3157	GA
1	47624653	326	CG
1	47646645	11944	GA
1	47657820	9110	CT
1	47668239	2125	GA
1	47676787	4191	AG
1	47683173	5412	AG
1	47684486	809	AC
1	47685519	564	TG
1	47685542	23	GC
1	47686052	88	GA
1	47690643	1354	AG
1	47690799	156	AC
1	47690852	53	AG
1	47691045	193	AG
1	47692150	529	GA
1	47693031	685	CT
1	47693109	78	GA
1	47693335	226	AC
1	47693795	348	TC
1	47698829	2619	AG
1	47698943	114	GC
1	47701105	1007	CA
1	47701153	48	CG
1	47703853	1891	CG
1	47703877	24	TA
1	47705222	1235	TG
1	47706416	972	CA
1	47707636	1220	GA
1	47707710	74	AG
1	47708216	506	AG
1	47708619	298	AG
1	47711244	1680	AG
1	47711356	112	TC
1	47712375	951	TC
1	47713197	822	CT
1	47713676	409	CT
1	47714452	776	TA
1	47714453	1	GC
1	47714739	286	AC
1	47714755	16	AG
1	47715294	284	CT
1	47715325	31	AG
1	47715376	51	CT
1	47715391	15	TC
1	47715419	28	CT
1	47715487	68	CT
1	47715829	312	GT
1	47715929	100	TC
1	47716001	72	CT
1	47721845	5528	CT
1	47722809	924	AG
1	47723003	194	CT
1	47723217	214	GT
1	47723219	2	CA
1	47724938	1659	GA
1	47727224	1528	CT
1	47727682	174	GA
1	47727893	211	CA
1	47732100	2297	CT
1	47732148	48	CT
1	47733552	430	CG
1	47734483	555	CT
1	47734854	371	CT
1	47734892	38	TC
1	47734927	35	CA
1	47735532	86	GT
1	47735673	76	AG
1	47735674	1	GA
1	47736970	671	GA
1	47737364	394	AG
1	47737456	92	GC
1	47737495	39	AG
1	47737652	157	CT
1	47737707	55	GA
1	47738023	230	CG
1	47738484	461	AG
1	47739237	706	TG
1	47739638	368	TC
1	47740456	753	TC
1	47741202	569	CT
1	47741725	458	CA
1	47742041	316	TC
1	47744687	1622	AT
1	47744824	137	CT
1	47746110	917	TC
1	47746643	533	AG
1	47746817	174	TG
1	47748161	914	CG
1	47750946	2162	TG
1	47751116	170	TA
1	47752152	759	CG
1	47752378	226	GA
1	47753630	1131	AG
1	47754931	521	AG
1	47756464	1158	AG
1	47756575	111	TC
1	47758605	1561	GA
1	47758687	82	CT
1	47758778	91	TC
1	47759047	269	GT
1	47759197	150	CT
1	47763273	1770	CG
1	47767541	3015	CA
1	47768080	406	AC
1	47769518	1405	CT
1	47769553	35	GC
1	47772227	524	AG
1	47774454	1427	GA
1	47778143	1620	GC
1	47778258	115	CT
1	47781311	1693	CT
1	47783560	1246	TG
1	47786146	961	GA
1	47787980	1571	GT
1	47788262	173	CT
1	47788276	14	TA
1	47790042	1190	CT
1	47790043	1	AG
1	47791393	1068	GA
1	47791394	1	AG
1	47793279	772	CT
1	47793503	224	GA
1	47796762	3259	CA
1	47801134	2350	AG
1	47801301	167	CA
1	47802044	743	TC
1	47804242	1867	CT
1	47804321	79	TC
1	47804546	225	AT
1	47804564	18	GA
1	47804834	270	GA
1	47804859	25	TA
1	47805370	353	CT
1	47805545	175	AG
1	47805593	48	GA
1	47805596	3	GA
1	47806188	592	GA
1	47806690	502	GA
1	47807931	630	AG
1	47808124	193	AG
1	47808157	33	TA
1	47808346	189	CG
1	47808570	73	CT
1	47808648	78	GA
1	47810415	1403	GA
1	47814497	3030	CT
1	47815434	825	CT
1	47815555	121	CT
1	47816870	670	CT
1	47817183	88	AG
1	47819260	433	GA
1	47820287	493	CT
1	47825791	2227	GA
1	47825812	21	AG
1	47829183	693	TC
1	47830480	1125	AC
1	47860969	8500	AG
1	47870843	9027	AG
1	47871123	247	AG
1	47871222	99	GT
1	47871320	98	CT
1	47871435	115	CT
1	47871457	22	AG
1	47871464	7	GA
1	47872338	874	GA
1	47874780	2442	CT
1	47876653	1873	CT
1	47876815	162	AG
1	47876823	8	CT
1	47878774	1925	CT
1	47879580	781	GC
1	47879806	207	AG
1	47880191	385	CT
1	47881618	1427	CG
1	47882552	856	AG
1	47882762	210	GC
1	47882792	30	GA
1	47883060	268	GA
1	47883749	172	GC
1	47883791	42	GT
1	47887075	2687	TC
1	47887270	195	TC
1	47888191	398	GA
1	47891327	2032	TC
1	47893044	1230	CT
1	47893116	72	TC
1	47894828	1435	TC
1	47895701	527	GA
1	47895794	93	CT
1	47897627	839	TG
1	47899752	1345	CA
1	47907254	5795	TC
1	47912660	354	AT
1	47914890	331	GA
1	47918525	894	AG
1	47921040	835	CT
1	47928147	2661	AG
1	47928594	243	CT
1	47931087	1134	AC
1	47937472	4972	TG
1	47937829	357	GA
1	47941671	1661	AG
1	47942071	400	CT
1	47942737	497	TC
1	47949264	6051	GA
1	47950035	771	CT
1	47950851	816	TC
1	47954402	2950	TC
1	47955673	881	CA
1	47965891	7943	TC
1	47966598	343	AG
1	47967272	498	TC
1	47967739	467	AG
1	47967851	112	CT
1	47967888	37	TC
1	47967892	4	AG
1	47970207	794	TG
1	47970239	32	GA
1	47970566	327	AG
1	47970656	90	CA
1	47970995	339	AG
1	47972142	283	AG
1	47973110	521	CG
1	47973274	164	CG
1	47973409	135	TG
1	47973441	32	GC
1	47973623	147	CA
1	47973954	331	GA
1	47974177	223	CA
1	47974250	73	TC
1	47974362	112	CT
1	47974407	45	GA
1	47974422	15	TC
1	47974761	339	AG
1	47975216	455	GA
1	47975255	39	TC
1	47975856	90	CT
1	47976311	436	TC
1	47976775	265	AC
1	47977327	223	GA
1	47977946	151	CA
1	47978190	244	CT
1	47978357	144	TC
1	47978446	89	TC
1	47978523	77	GC
1	47981514	508	GA
1	47981975	340	TC
1	47982223	248	GC
1	47982337	114	AG
1	47982854	210	GA
1	47982882	28	TC
1	47982900	18	TC
1	47982920	20	TC
1	47982953	33	CT
1	47983068	115	CT
1	47983281	213	GA
1	47983290	9	GA
1	47983292	2	AG
1	47984100	342	CT
1	47985105	319	GT
1	47985717	547	GA
1	47986951	195	GT
1	47987558	462	AG
1	47987755	75	TC
1	47987842	87	AG
1	47988590	748	GA
1	47989583	689	TC
1	47989586	3	AG
1	47990024	438	TA
1	47991673	1411	CA
1	47991854	181	GA
1	47992885	926	TC
1	47993809	924	GA
1	47995039	1210	TC
1	47995487	448	TC
1	47995724	237	GT
1	47996922	1198	CT
1	47997219	297	CT
1	47997278	59	TC
1	47997308	30	TA
1	47998354	881	AG
1	47999702	1243	CT
1	48000652	912	GA
1	48001673	473	AG
1	48002010	337	TC
1	48002794	641	AG
1	48003708	852	AG
1	48004426	718	AT
1	48004514	88	AG
1	48004532	18	TC
1	48004661	129	TG
1	48004723	62	GA
1	48005866	1143	AG
1	48006031	165	TC
1	48006859	608	AT
1	48007299	440	CG
1	48007430	131	CT
1	48007791	200	TC
1	48008126	335	CA
1	48008265	139	CG
1	48008401	136	CT
1	48008498	97	AG
1	48008649	151	GC
1	48008766	117	TG
1	48008781	15	TG
1	48008917	136	AG
1	48009247	308	GC
1	48009720	473	GA
1	48010036	316	AG
1	48010897	861	AG
1	48013784	1916	AG
1	48014179	395	AT
1	48014230	51	AG
1	48014387	157	GA
1	48015239	852	TC
1	48016208	766	TA
1	48016324	116	GC
1	48018130	1806	TC
1	48018333	203	CT
1	48021912	3500	CT
1	48022533	621	CT
1	48031067	5969	GT
1	48031176	109	CT
1	48034239	2517	CT
1	48034403	164	GA
1	48040180	4399	TG
1	48041200	1020	CT
1	48053122	10787	CG
1	48053905	783	CT
1	48054123	190	AC
1	48055372	1204	GT
1	48056466	973	AG
1	48057113	647	GA
1	48060718	2831	TG
1	48063402	2022	GA
1	48066830	3200	CG
1	48067377	446	TA
1	48067580	203	CT
1	48073568	3790	TC
1	48073859	291	TC
1	48074162	303	GA
1	48074999	792	TC
1	48075292	293	TC
1	48075293	1	GA
1	48075831	503	CG
1	48076274	406	CT
1	48076389	115	GC
1	48076412	23	GA
1	48076633	221	CT
1	48076825	192	GA
1	48076999	174	TC
1	48077469	398	AG
1	48079183	1499	CT
1	48081058	945	CT
1	48081625	567	CT
1	48081734	109	CT
1	48081954	220	TA
1	48082569	373	GA
1	48082720	151	CT
1	48083560	589	CG
1	48084161	601	AG
1	48084657	496	AG
1	48084886	229	CT
1	48085300	370	CT
1	48085400	100	TG
1	48085645	214	CT
1	48085781	136	CG
1	48085946	165	GA
1	48086120	174	GA
1	48086132	12	GT
1	48086145	13	TC
1	48089890	3214	AG
1	48096954	7018	CG
1	48097028	74	GA
1	48103501	4758	CT
1	48108353	2609	CT
1	48109976	1541	AG
1	48115026	4513	AG
1	48115968	942	TG
1	48116307	320	TG
1	48116329	22	GA
1	48117206	730	GA
1	48119743	2108	AG
1	48119751	8	GA
1	48119832	81	TC
1	48120471	205	GA
1	48122192	1247	AT
1	48122655	149	GA
1	48123736	1081	AC
1	48125058	776	GA
1	48126243	1103	GA
1	48134824	6864	AG
1	48136441	1617	AG
1	48139401	2736	CT
1	48139489	88	AG
1	48140295	806	GA
1	48140413	118	AG
1	48140816	403	AG
1	48141238	422	CA
1	48141875	637	CT
1	48142134	259	CT
1	48146192	4017	AG
1	48146481	289	AG
1	48152923	5674	GA
1	48153240	317	AG
1	48157551	3665	GA
1	48158848	1113	GA
1	48158859	11	CT
1	48158962	103	CT
1	48161392	1828	TC
1	48161776	359	TC
1	48161903	127	GA
1	48162128	225	AT
1	48162492	364	CA
1	48165111	2140	CT
1	48167461	2195	GT
1	48172220	4475	TC
1	48173058	277	TC
1	48173870	812	CT
1	48175935	1762	CA
1	48176138	203	AT
1	48176286	148	AG
1	48176712	258	CT
1	48177791	1079	TC
1	48180527	2694	AG
1	48181213	617	GA
1	48181538	325	GT
1	48183263	1230	CT
1	48183623	322	GA
1	48184834	858	AG
1	48184869	35	AG
1	48184986	117	TA
1	48185250	264	CT
1	48185384	134	GA
1	48185399	15	GA
1	48185475	76	CT
1	48185523	48	CT
1	48185833	310	GA
1	48186334	501	AG
1	48186603	269	AG
1	48192543	5846	TC
1	48193356	501	GA
1	48193387	31	AC
1	48203176	5905	CT
1	48203722	546	AG
1	48204375	653	AG
1	48207290	664	GA
1	48208209	693	CG
1	48209447	909	GA
1	48209646	62	GA
1	48210928	790	AG
1	48211052	124	AC
1	48211067	15	TC
1	48211492	115	CT
1	48213427	569	TC
1	48214026	528	CA
1	48214090	64	TC
1	48214136	46	CT
1	48214909	565	TC
1	48215574	212	TC
1	48215623	49	AG
1	48217269	1253	CT
1	48218700	1391	GA
1	48218958	258	GA
1	48219090	132	GA
1	48219544	306	TC
1	48221637	1979	TG
1	48222281	644	TG
1	48222293	12	TC
1	48225516	2869	TC
1	48225703	187	CG
1	48226308	255	AG
1	48226379	71	CT
1	48226554	175	GA
1	48227405	851	GC
1	48227650	214	AG
1	48228656	961	CT
1	48228927	237	CG
1	48229034	107	TC
1	48229072	38	GA
1	48229253	181	GC
1	48229454	201	TG
1	48229599	145	TC
1	48229857	258	CG
1	48229947	90	AC
1	48230551	604	TG
1	48231138	587	TC
1	48232235	892	AC
1	48232763	528	TC
1	48232966	203	AG
1	48233525	535	AG
1	48234603	839	TC
1	48234754	151	GA
1	48234755	1	CT
1	48234788	33	TC
1	48234934	146	GC
1	48235020	86	CG
1	48235060	40	CT
1	48235099	39	TC
1	48235544	445	GA
1	48235545	1	GT
1	48235766	221	AG
1	48237125	994	TC
1	48237291	166	AC
1	48237362	71	GA
1	48237938	179	AG
1	48238250	312	TC
1	48238266	16	AG
1	48239020	709	AG
1	48239104	84	TC
1	48239139	35	GC
1	48240895	1091	CT
1	48241579	684	TC
1	48242004	425	CG
1	48242256	252	TC
1	48242360	104	TC
1	48242476	116	CT
1	48242512	36	TC
1	48242515	3	CT
1	48243573	777	AG
1	48243863	290	CG
1	48244351	488	GA
1	48244436	85	CT
1	48245089	616	TC
1	48245103	14	GA
1	48245882	779	TC
1	48246593	711	CG
1	48246595	2	TC
1	48247550	955	GA
1	48248488	815	CT
1	48248612	124	TC
1	48249049	437	GA
1	48249248	199	TC
1	48249595	347	CT
1	48250185	590	GA
1	48250261	76	AG
1	48250772	511	CT
1	48250878	106	AG
1	48250920	42	TC
1	48251356	436	TG
1	48251889	533	CG
1	48252026	137	CT
1	48252027	1	GC
1	48252061	34	TG
1	48252062	1	GT
1	48252172	50	AG
1	48252241	69	CT
1	48252331	49	GC
1	48252338	7	TC
1	48252592	254	AG
1	48252761	169	CT
1	48253726	878	CG
1	48254341	615	AG
1	48254378	37	TC
1	48254412	34	TC
1	48254449	37	GA
1	48256786	608	TG
1	48256881	95	CT
1	48257125	244	CT
1	48257908	321	CA
1	48259933	1841	CT
1	48259990	57	AG
1	48261283	1237	TC
1	48261366	83	CT
1	48261511	145	TC
1	48261828	317	CT
1	48261899	71	GA
1	48262132	233	GA
1	48262219	87	TC
1	48262384	165	AG
1	48262592	208	TC
1	48262792	176	GC
1	48262967	175	TC
1	48263128	161	GC
1	48263617	489	TG
1	48263801	184	AC
1	48263821	20	AG
1	48263827	6	CT
1	48264040	213	AG
1	48264276	236	TC
1	48264534	258	GA
1	48264729	195	TC
1	48264840	111	GC
1	48264904	64	CT
1	48266245	1312	GA
1	48266269	24	TC
1	48266573	304	CT
1	48267818	1174	TC
1	48267883	65	TC
1	48268018	135	GA
1	48268214	196	TA
1	48268465	251	GA
1	48268577	112	AG
1	48268601	24	GA
1	48268781	180	TC
1	48269707	883	AG
1	48270005	298	CT
1	48270454	449	TC
1	48270723	269	CT
1	48270763	40	CT
1	48270956	193	TG
1	48271001	45	CT
1	48271049	48	CA
1	48272960	797	CT
1	48273988	684	CT
1	48275978	1990	AC
1	48276217	239	TG
1	48281132	4073	AC
1	48283406	1983	CT
1	48283948	542	AG
1	48285737	1267	CT
1	48286476	739	CT
1	48288181	1566	GA
1	48289405	383	CT
1	48289631	226	TC
1	48289747	116	TC
1	48289869	122	GA
1	48289962	93	GC
1	48290080	118	CT
1	48290081	1	CT
1	48290108	27	TC
1	48290137	29	GA
1	48290143	6	TC
1	48290152	9	CT
1	48290217	65	TC
1	48291282	743	TC
1	48291977	243	AG
1	48292023	46	AT
1	48292377	354	AG
1	48292765	362	GC
1	48292923	120	AC
1	48292927	4	TG
1	48293020	93	CG
1	48294028	660	CT
1	48294036	8	TC
1	48294548	483	CT
1	48294815	267	CT
1	48294817	2	TC
1	48295802	947	TG
1	48296213	411	GT
1	48296242	29	AG
1	48296421	179	CT
1	48300824	3780	CT
1	48301176	352	CT
1	48301864	688	AG
1	48302019	155	CT
1	48303236	1217	CT
1	48304506	1182	AG
1	48304633	127	GA
1	48305288	554	CT
1	48305303	15	TC
1	48305675	372	TC
1	48305951	276	TG
1	48307076	474	TG
1	48307977	754	CT
1	48308623	646	CT
1	48308756	133	CT
1	48311050	225	AG
1	48312540	1490	TA
1	48316742	1778	GA
1	48317920	348	CT
1	48321011	2485	AG
1	48322022	955	GA
1	48322164	142	GA
1	48324093	1684	GC
1	48324278	185	TC
1	48326103	1037	AG
1	48326193	90	GC
1	48331918	2245	TC
1	48332102	184	CT
1	48332104	2	AG
1	48332356	252	CT
1	48333242	647	AG
1	48333384	142	GA
1	48333476	92	GA
1	48333632	156	AG
1	48333704	72	CT
1	48333707	3	TC
1	48334849	733	CA
1	48336467	1033	CT
1	48346849	5363	AC
1	48347537	688	CT
1	48353848	4298	CT
1	48355754	1406	CA
1	48361584	4179	AG
1	48370570	8565	CA
1	48372667	2052	GC
1	48375503	2346	CT
1	48375747	217	GA
1	48376634	860	CT
1	48380823	2725	CA
1	48382065	1242	CT
1	48382980	915	TA
1	48383970	990	TA
1	48384589	619	TG
1	48384701	112	CA
1	48385067	366	AC
1	48385921	854	AT
1	48385938	17	CT
1	48387523	1506	AT
1	48387625	102	GC
1	48387726	101	TC
1	48388044	318	CT
1	48389891	1666	CT
1	48390051	160	AG
1	48390074	23	AC
1	48390232	158	CG
1	48392319	2033	CA
1	48392672	353	AG
1	48393199	527	CT
1	48394156	957	GA
1	48394183	27	CT
1	48394283	100	CT
1	48394288	5	GA
1	48394634	346	CT
1	48395885	585	GA
1	48396776	891	TA
1	48396805	29	TC
1	48397893	745	TC
1	48398170	277	GC
1	48401324	2660	GC
1	48401732	408	AG
1	48401839	107	TC
1	48402823	743	GA
1	48403055	232	GA
1	48403060	5	TC
1	48403298	238	GA
1	48406242	2740	GA
1	48406742	500	GA
1	48407416	220	GA
1	48408552	1032	GC
1	48408799	247	CT
1	48412279	1498	GC
1	48418845	3013	TC
1	48419562	717	AC
1	48422131	937	AG
1	48425533	2263	TC
1	48427045	1512	GA
1	48427215	79	TC
1	48427276	61	AC
1	48427365	89	TC
1	48427372	7	TC
1	48427519	147	CT
1	48427636	117	CT
1	48428861	1006	GA
1	48428862	1	GC
1	48428952	90	GA
1	48430759	870	GC
1	48430865	106	GA
1	48430926	61	AC
1	48431894	821	TC
1	48431979	85	GC
1	48432819	840	CT
1	48433354	376	CT
1	48433714	360	CT
1	48437246	3109	AG
1	48438261	1015	AG
1	48438509	248	CT
1	48439117	465	CT
1	48439119	2	AG
1	48440103	230	GA
1	48440285	182	CA
1	48440634	349	AG
1	48441715	1081	AG
1	48441824	109	TC
1	48442456	390	GT
1	48443148	615	TC
1	48443407	259	AG
1	48443504	97	TC
1	48443661	157	TC
1	48443691	30	CT
1	48443723	32	CT
1	48443924	201	CT
1	48443978	54	TC
1	48444139	161	TC
1	48444360	221	CT
1	48444444	84	TC
1	48444618	174	CT
1	48444636	18	TC
1	48444912	276	AT
1	48445067	155	TC
1	48445254	107	GC
1	48445270	16	TC
1	48445451	181	AG
1	48445462	11	TC
1	48446162	484	TC
1	48446319	157	CT
1	48446586	267	GA
1	48446663	77	GA
1	48446717	54	GA
1	48447027	310	TC
1	48447241	214	AG
1	48447394	153	CT
1	48447605	211	TA
1	48447738	133	TG
1	48447973	153	TC
1	48448016	43	CT
1	48448107	91	CT
1	48448507	400	GT
1	48449151	119	GA
1	48449177	26	TG
1	48449291	114	CG
1	48449749	458	AG
1	48449767	18	TC
1	48450377	303	CT
1	48450527	150	CT
1	48450541	14	CA
1	48450586	45	GC
1	48450647	61	CT
1	48450976	329	AG
1	48454150	3174	GC
1	48461310	2847	GA
1	48462113	803	TA
1	48467633	1380	TC
1	48473282	4810	CG
1	48473925	328	CA
1	48473949	24	TG
1	48474073	124	CG
1	48474758	320	AG
1	48476277	691	GA
1	48477154	650	GT
1	48477231	77	GA
1	48482643	1519	AT
1	48483132	452	GT
1	48483260	128	GC
1	48483553	293	CT
1	48485857	1743	TC
1	48486247	390	TC
1	48486817	570	CG
1	48487242	425	CG
1	48487273	31	TG
1	48487311	38	GC
1	48488158	835	CT
1	48489133	919	TC
1	48489258	125	AG
1	48489495	237	GA
1	48489634	139	AG
1	48490904	1270	GA
1	48491566	662	GA
1	48491661	95	GC
1	48492376	680	AG
1	48492601	225	AG
1	48493003	402	GA
1	48493557	554	CT
1	48493934	377	CG
1	48493971	37	TC
1	48494604	633	TC
1	48494707	103	TC
1	48494753	46	TC
1	48494769	16	TC
1	48495125	356	CT
1	48496345	608	CT
1	48496815	470	TC
1	48497178	58	AG
1	48497208	30	TC
1	48498827	1351	TA
1	48498965	102	GA
1	48499253	288	AT
1	48499706	453	AG
1	48499802	96	AG
1	48499818	16	GA
1	48499861	43	AT
1	48499871	10	TC
1	48500051	180	TC
1	48500452	401	AC
1	48500727	236	GA
1	48504276	2733	GT
1	48504967	691	AG
1	48505501	492	CT
1	48506081	270	GA
1	48507242	696	AG
1	48510930	2196	TC
1	48511125	86	TC
1	48511506	381	AG
1	48511549	43	TC
1	48513633	776	GC
1	48514800	700	TG
1	48514860	60	GC
1	48516317	1267	GT
1	48516389	72	AG
1	48518075	1153	AG
1	48519040	605	TC
1	48521364	1254	GC
1	48521559	195	TC
1	48521797	238	AG
1	48522011	41	GA
1	48522037	26	CT
1	48522726	444	CT
1	48522966	240	CG
1	48524135	543	CG
1	48524137	2	TC
1	48524170	33	TC
1	48525238	111	TC
1	48525243	5	GA
1	48525618	143	TC
1	48527133	916	TC
1	48529247	2012	TG
1	48529756	509	CT
1	48530170	375	GA
1	48533311	2364	GA
1	48533978	667	CT
1	48534818	663	CT
1	48537143	2097	GA
1	48541734	2265	AT
1	48542974	1240	GT
1	48548620	4942	AG
1	48549065	402	CT
1	48549707	523	CT
1	48550703	652	CT
1	48550731	28	CA
1	48550754	23	CT
1	48551318	564	TC
1	48553281	1690	AG
1	48553825	544	TC
1	48554157	332	TA
1	48555083	860	AG
1	48555306	223	GA
1	48555513	207	TC
1	48558968	3067	AG
1	48561564	2178	AC
1	48562433	869	TC
1	48562876	443	GT
1	48562963	87	TG
1	48601289	30676	AG
1	48668014	55913	TG
1	48668103	89	CT
1	48668365	236	GC
1	48669347	861	GT
1	48670291	780	GA
1	48671069	732	AG
1	48671073	4	TC
1	48671562	489	AG
1	48671649	87	AC
1	48671742	93	CA
1	48671919	177	AT
1	48671965	46	AC
1	48672091	80	CT
1	48672447	159	TG
1	48672456	9	CT
1	48672858	402	AG
1	48673188	330	CT
1	48673221	33	GC
1	48673234	13	CA
1	48673333	99	GT
1	48673432	99	AG
1	48673473	41	GA
1	48673643	170	AG
1	48673657	14	GA
1	48673817	160	TG
1	48673877	60	GA
1	48673909	32	GA
1	48674788	879	AG
1	48675766	945	TC
1	48676001	235	AG
1	48676164	163	CT
1	48676275	111	AG
1	48676281	6	CT
1	48676606	325	CT
1	48677501	895	GA
1	48677686	185	AG
1	48678221	535	CT
1	48682282	2406	CG
1	48683782	1145	CT
1	48685286	1430	GT
1	48686072	786	CT
1	48686538	466	AG
1	48689164	2451	CT
1	48689325	161	TC
1	48690555	1125	GT
1	48691060	505	AG
1	48691365	305	CT
1	48691393	28	TC
1	48691638	245	GA
1	48691734	96	AG
1	48691758	24	AG
1	48691839	81	CT
1	48691914	75	TC
1	48692578	664	GT
1	48692678	100	CT
1	48695381	2577	AG
1	48697900	2407	CT
1	48697943	43	GT
1	48708831	9433	GT
1	48710188	1077	GA
1	48710530	342	AG
1	48710531	1	AT
1	48710870	339	CT
1	48711469	599	GT
1	48711525	56	GA
1	48711679	154	TG
1	48711681	2	CG
1	48711947	266	CG
1	48712726	677	TC
1	48712743	17	CT
1	48712940	127	TC
1	48713406	466	TC
1	48713650	244	CT
1	48713849	199	GT
1	48713851	2	GT
1	48716088	1466	TC
1	48717360	1139	CT
1	48717372	12	TC
1	48717558	186	CA
1	48719485	1890	AT
1	48719971	486	CA
1	48722849	2592	TC
1	48724680	955	CT
1	48726667	1306	TC
1	48727151	460	TC
1	48729135	1984	CT
1	48729928	713	CT
1	48730560	632	TC
1	48730608	48	TC
1	48730956	348	GA
1	48731172	216	AG
1	48732405	775	CT
1	48732862	457	TC
1	48732902	40	GA
1	48733183	281	GA
1	48734732	1168	AG
1	48734794	62	CT
1	48734841	47	GA
1	48735019	178	GC
1	48736238	1219	TC
1	48736535	297	CT
1	48736650	115	AG
1	48737326	509	TC
1	48737348	22	AT
1	48742154	2581	AG
1	48743335	1145	CA
1	48743376	41	CT
1	48743840	53	TA
1	48745646	1568	GA
1	48746215	569	TC
1	48748326	1593	TC
1	48748554	228	GA
1	48749077	523	AC
1	48751442	1808	CT
1	48751786	344	TC
1	48751818	32	TA
1	48752057	239	CT
1	48752150	93	AC
1	48752995	495	GC
1	48753943	617	GT
1	48754021	78	CG
1	48754489	468	TC
1	48754498	9	GA
1	48754604	106	AG
1	48755010	386	AG
1	48755035	25	AC
1	48755546	238	GA
1	48755937	391	GA
1	48758006	1214	AG
1	48758325	319	GC
1	48758485	160	CA
1	48758522	37	GA
1	48759152	576	GT
1	48759677	369	TC
1	48759709	32	GA
1	48759895	186	GA
1	48760257	297	TC
1	48760409	152	AG
1	48760510	101	AG
1	48761052	266	GA
1	48761190	138	TC
1	48761980	276	CA
1	48762218	238	GC
1	48762843	375	AC
1	48762922	79	AG
1	48770761	5159	CT
1	48771531	770	CG
1	48772631	574	AG
1	48773049	143	GA
1	48773056	7	GA
1	48773127	71	CG
1	48773766	639	GA
1	48774639	873	TC
1	48775564	925	TC
1	48775811	247	CT
1	48775854	43	CT
1	48776081	227	AT
1	48776702	621	AC
1	48777595	893	TC
1	48778518	923	GC
1	48778632	114	CT
1	48778678	46	CA
1	48778934	256	TC
1	48782876	1604	CT
1	48782993	117	CT
1	48783005	12	TG
1	48783744	739	GA
1	48783752	8	TC
1	48783762	10	AC
1	48783985	223	CG
1	48784503	518	TG
1	48785068	285	CT
1	48785446	378	AG
1	48786142	583	TG
1	48786495	353	GA
1	48788267	1213	AG
1	48788284	17	GA
1	48790190	1320	TC
1	48790661	471	GA
1	48790711	50	AT
1	48790757	46	AG
1	48790797	40	GA
1	48793024	2227	CT
1	48802058	7189	TC
1	48802161	103	GC
1	48804999	1089	GA
1	48806466	1278	GT
1	48807122	187	TC
1	48807138	16	AT
1	48808350	978	CT
1	48809107	554	AG
1	48809126	19	TC
1	48809833	211	CA
1	48809979	146	TC
1	48811093	383	AG
1	48811449	356	AG
1	48812854	542	AG
1	48813064	210	CT
1	48813207	143	TC
1	48813268	61	TA
1	48813342	74	CA
1	48813814	472	GA
1	48813816	2	TG
1	48815015	387	TC
1	48815369	354	AT
1	48815570	201	CG
1	48816225	318	CT
1	48816281	56	GA
1	48816556	275	CT
1	48817802	624	TC
1	48818244	400	TC
1	48818386	142	AG
1	48819382	751	CT
1	48827940	4083	TG
1	48829879	440	GA
1	48831194	376	AG
1	48835529	1703	AG
1	48838014	1810	GA
1	48845186	6249	TG
1	48852391	5113	CT
1	48857547	2291	GA
1	48858157	335	CT
1	48862777	2984	CT
1	48864182	1265	GA
1	48864892	323	AG
1	48866961	1363	GA
1	48867580	619	CT
1	48867866	286	TC
1	48872783	2988	CT
1	48874704	895	AG
1	48874882	178	TG
1	48875830	595	CA
1	48877291	1331	CT
1	48877425	134	GA
1	48877520	95	TC
1	48877532	12	GA
1	48877551	19	TC
1	48877847	296	TC
1	48878197	187	GA
1	48878821	560	GA
1	48879087	266	AG
1	48880105	862	GA
1	48881186	860	GA
1	48881419	233	CT
1	48881527	108	TC
1	48881570	43	GA
1	48882153	471	CT
1	48882243	90	CA
1	48882913	615	CT
1	48882969	56	GC
1	48883700	731	AC
1	48883742	42	GA
1	48884079	337	TC
1	48885064	508	GT
1	48885070	6	CT
1	48885117	47	GA
1	48885559	359	CG
1	48886088	358	CG
1	48886874	342	TC
1	48886878	4	CA
1	48887090	212	GA
1	48887102	12	GA
1	48887491	338	CT
1	48887506	15	CT
1	48887519	13	GT
1	48887555	36	TC
1	48887601	46	TG
1	48888002	365	CG
1	48888184	182	CG
1	48888388	204	AG
1	48888481	93	TC
1	48888491	10	AG
1	48888508	17	AC
1	48888886	247	GA
1	48888917	31	CG
1	48889375	83	GC
1	48889376	1	GC
1	48889546	50	TC
1	48889547	1	GA
1	48889722	175	TG
1	48889826	104	CT
1	48889832	6	CT
1	48889935	103	AG
1	48891574	613	GA
1	48891671	97	GA
1	48892004	333	GC
1	48892058	54	AC
1	48892161	60	AG
1	48892164	3	CG
1	48892258	94	AC
1	48892276	18	TC
1	48893527	145	TC
1	48893546	19	AC
1	48894017	471	CT
1	48894190	173	CT
1	48894308	118	AG
1	48894641	333	CT
1	48894948	307	AG
1	48895107	159	GC
1	48895190	83	GC
1	48896092	362	GT
1	48896144	52	GC
1	48900740	3719	AC
1	48902024	555	AG
1	48906156	3082	TC
1	48906235	79	TC
1	48908762	1318	GA
1	48918045	6426	AG
1	48920508	1399	TC
1	48920544	36	GA
1	48922932	1838	GA
1	48923071	139	CG
1	48923755	269	CT
1	48923939	184	GA
1	48923979	40	GT
1	48924452	153	TA
1	48925277	797	AG
1	48925381	104	TC
1	48925964	583	CT
1	48926284	320	CT
1	48926433	149	AG
1	48926880	447	TA
1	48927390	510	AG
1	48929766	1946	AG
1	48930766	825	AG
1	48934225	2998	TA
1	48934304	79	CT
1	48934382	78	AG
1	48941251	4280	GC
1	48946467	3882	CT
1	48948894	2381	CA
1	48949224	185	AT
1	48957736	5321	TC
1	48958403	546	AG
1	48960774	1920	GA
1	48963567	2498	AG
1	48966941	2035	CT
1	48968435	929	GA
1	48968942	380	TC
1	48969144	202	TC
1	48969226	82	GA
1	48969399	173	TC
1	48969564	165	GA
1	48969649	85	AG
1	48973006	1877	AC
1	48976015	2485	AG
1	48978274	1636	GA
1	48979106	832	TC
1	48983337	3352	GA
1	48983561	71	AG
1	48984259	698	CT
1	48985612	244	TC
1	48986479	833	TG
1	48987336	304	AC
1	48988635	663	AG
1	48988960	264	CT
1	48989608	453	CG
1	48989682	74	CT
1	48989763	81	AT
1	48989843	80	CG
1	48990158	315	GA
1	48990720	304	GA
1	48990838	118	GA
1	48991037	199	TC
1	48991413	376	GA
1	48991492	79	AC
1	48991560	68	AT
1	48991673	113	GT
1	48991774	32	AG
1	48991860	86	GA
1	48991862	2	GC
1	48991893	31	AG
1	48993695	1742	AG
1	48994010	315	TG
1	48995210	1014	CT
1	48995261	51	CT
1	48995349	88	CT
1	48995383	34	CG
1	48995393	10	GA
1	48995678	285	CT
1	48995838	160	AG
1	48995938	100	CT
1	48996393	366	TC
1	48996492	99	AG
1	48997015	162	TC
1	48997102	87	GC
1	48997259	157	AG
1	48997587	194	GC
1	48997651	64	AG
1	48997995	344	GA
1	48998042	47	AG
1	48998147	105	GA
1	48998160	13	AG
1	48998210	50	TC
1	48998231	21	TC
1	48998248	17	GA
1	48998495	247	CT
1	48999282	708	CT
1	48999749	437	AG
1	48999751	2	GA
1	49000070	319	CT
1	49000168	98	GA
1	49001097	887	GA
1	49001392	295	CT
1	49002648	1256	TC
1	49003174	342	AG
1	49003602	428	CT
1	49004215	525	AG
1	49004734	323	CA
1	49005035	99	TC
1	49005293	230	CT
1	49005656	363	GA
1	49005665	9	AG
1	49005986	321	AG
1	49007276	255	GA
1	49007325	49	CT
1	49008091	747	TG
1	49008096	5	TC
1	49008101	5	GA
1	49008144	43	GA
1	49008483	339	AT
1	49009012	529	GA
1	49009051	39	CG
1	49009172	121	TC
1	49009539	367	AG
1	49009554	15	AG
1	49011557	1726	AC
1	49012236	574	GA
1	49012325	89	GT
1	49013410	1085	CT
1	49013720	242	CG
1	49014564	844	CT
1	49014836	272	CT
1	49015077	241	GA
1	49015369	63	AG
1	49015556	187	CG
1	49015719	163	AG
1	49015740	21	CT
1	49015903	163	CT
1	49016043	140	TA
1	49016217	174	GT
1	49018905	1986	GA
1	49021691	2042	CG
1	49024972	2951	AG
1	49028203	2707	GA
1	49029511	1189	GT
1	49029819	308	CT
1	49029831	12	GA
1	49034802	4295	GA
1	49036839	1968	GC
1	49040868	3944	GA
1	49041508	640	GA
1	49043025	917	CT
1	49043060	35	GA
1	49043343	283	CT
1	49043367	24	AG
1	49043389	22	TC
1	49043559	170	CT
1	49043590	31	GA
1	49043825	85	CG
1	49044269	102	CT
1	49044466	98	CA
1	49044471	5	CA
1	49044871	400	GT
1	49045300	316	GA
1	49045502	202	TC
1	49045665	163	AG
1	49045677	12	CA
1	49045988	311	CT
1	49046795	807	CT
1	49046862	67	TC
1	49047659	797	AT
1	49047703	44	CT
1	49047722	19	AG
1	49048237	515	TC
1	49048590	353	CT
1	49048958	368	GA
1	49050519	1167	AT
1	49051064	339	TC
1	49051104	40	AG
1	49051129	25	GC
1	49051203	74	AC
1	49052115	635	CT
1	49052206	91	TC
1	49052212	6	TG
1	49052262	50	CT
1	49052309	47	AT
1	49053356	1008	AC
1	49053502	146	CG
1	49053567	65	CG
1	49054702	687	CT
1	49054878	176	GA
1	49054928	50	CT
1	49055020	92	CT
1	49055032	12	AG
1	49055129	97	GT
1	49055474	345	GA
1	49056292	496	AG
1	49056301	9	CA
1	49058636	1099	CT
1	49059452	438	AG
1	49060093	461	AG
1	49060243	150	TG
1	49062258	1953	CT
1	49065274	1989	CT
1	49066665	763	GC
1	49068459	479	AG
1	49068461	2	CT
1	49070236	846	CG
1	49070796	54	CT
1	49072891	342	AG
1	49072994	103	CT
1	49073710	353	GA
1	49074768	354	CT
1	49075041	273	CT
1	49076099	639	CT
1	49077159	650	CT
1	49077704	545	GA
1	49081104	3308	TC
1	49081227	123	GC
1	49081230	3	GA
1	49082456	1226	TC
1	49083938	1343	AC
1	49084089	151	AG
1	49086904	2435	AG
1	49087802	898	TC
1	49089060	1258	AT
1	49090465	1259	CG
1	49094928	1868	GA
1	49094956	28	GA
1	49096846	1741	CT
1	49097775	752	AG
1	49097806	31	AC
1	49097909	103	CT
1	49098260	351	AG
1	49098733	364	GT
1	49100638	1677	CA
1	49103611	2359	AG
1	49104731	438	AG
1	49106079	1098	GA
1	49109062	1472	AC
1	49109083	21	GT
1	49109534	451	AC
1	49110381	816	GA
1	49112724	1708	AG
1	49113430	311	CT
1	49113539	109	AG
1	49114364	825	GA
1	49114559	195	GC
1	49114617	58	GA
1	49115978	1199	AG
1	49116085	107	AG
1	49118680	1540	TC
1	49119608	595	AG
1	49120751	853	CT
1	49121741	801	TG
1	49125388	2344	GA
1	49126519	895	GA
1	49131684	4170	TC
1	49133797	1819	GA
1	49134850	928	GA
1	49135613	763	CG
1	49137675	1890	CT
1	49138923	1163	TC
1	49139317	394	GC
1	49139529	212	TG
1	49140649	807	AG
1	49140701	52	CT
1	49141371	670	GA
1	49144781	3123	TC
1	49146593	1587	GA
1	49147663	1070	AG
1	49148359	662	CT
1	49148877	487	CT
1	49148931	54	CA
1	49148974	43	GA
1	49149008	34	GC
1	49149009	1	CT
1	49149015	6	AG
1	49149039	24	CG
1	49149642	567	AG
1	49149818	176	CT
1	49149880	62	AG
1	49149911	31	AG
1	49149955	44	GC
1	49150217	262	GC
1	49150272	55	AG
1	49150604	332	TC
1	49151211	607	AG
1	49151398	187	AG
1	49151451	53	CT
1	49151533	82	GT
1	49151667	134	GA
1	49151701	34	GC
1	49151707	6	TC
1	49151775	68	GA
1	49152131	356	TC
1	49152186	55	GA
1	49152195	9	TC
1	49152794	503	GA
1	49152970	108	CT
1	49153557	495	TC
1	49153852	295	AG
1	49153951	67	AG
1	49154053	102	GA
1	49154073	20	TC
1	49154099	26	AG
1	49154116	17	TC
1	49154125	9	AG
1	49154196	71	TC
1	49154540	344	CT
1	49155152	216	CT
1	49155543	391	GA
1	49155556	13	AT
1	49155802	246	CG
1	49155841	39	AG
1	49156199	358	CT
1	49157242	1043	CG
1	49160035	2376	TC
1	49163272	2748	TC
1	49163423	151	CT
1	49168261	4568	CT
1	49168605	344	GA
1	49171780	2867	GT
1	49171888	108	GA
1	49172512	624	CT
1	49174268	1756	TC
1	49174314	46	CG
1	49174770	456	GT
1	49176239	1469	AG
1	49176361	122	GT
1	49176800	439	GA
1	49178335	1411	CT
1	49178379	44	GA
1	49181413	2895	GA
1	49181466	53	GC
1	49182066	600	CG
1	49182593	527	CT
1	49183439	846	CT
1	49191020	7015	TC
1	49205344	8388	AG
1	49208104	2531	CT
1	49208491	140	TC
1	49212520	3136	CT
1	49213696	1176	TC
1	49215944	1417	CT
1	49220196	1551	GA
1	49226574	4980	GA
1	49227347	773	CT
1	49234223	4451	TC
1	49235588	1102	GA
1	49235916	328	CT
1	49239468	2760	TC
1	49241563	1503	GA
1	49241994	431	CA
1	49243670	1014	AG
1	49247945	2936	CT
1	49248125	180	CA
1	49250791	1310	TC
1	49251270	161	AC
1	49253071	1355	CT
1	49254294	451	CT
1	49254624	145	TC
1	49254847	223	CT
1	49257039	2129	CT
1	49257355	316	TC
1	49259012	860	GA
1	49259426	414	AC
1	49260867	838	GA
1	49261185	318	CT
1	49261559	374	AG
1	49263336	1035	GA
1	49264873	1354	TC
1	49266458	1090	TC
1	49267951	1218	AG
1	49268488	537	TA
1	49268573	85	CT
1	49269332	759	CT
1	49273771	2437	AT
1	49274637	424	TC
1	49276152	1515	TC
1	49279721	3178	CA
1	49281697	1695	TC
1	49287311	4525	AG
1	49288154	642	AG
1	49290365	1129	GA
1	49290446	81	GA
1	49299298	5661	GA
1	49300385	848	CT
1	49300785	400	AG
1	49303957	2347	AC
1	49306288	2041	GA
1	49312587	3634	GT
1	49312806	219	CT
1	49312972	166	GA
1	49314422	1042	GA
1	49314889	467	GA
1	49315078	189	GA
1	49315106	28	AG
1	49315260	154	TC
1	49315284	24	CT
1	49315594	68	TC
1	49315991	397	AG
1	49316006	15	GA
1	49317195	1189	TA
1	49318527	1132	GA
1	49320232	1652	TC
1	49322541	2272	GA
1	49323982	1441	GT
1	49327132	2747	CT
1	49329310	1741	AG
1	49330410	743	AG
1	49332317	1593	TC
1	49337796	1834	CT
1	49340425	1876	TC
1	49340828	403	GA
1	49342620	1036	AG
1	49344420	977	CT
1	49345321	625	GA
1	49348289	2248	AG
1	49348541	170	TC
1	49348724	183	GA
1	49351891	2377	GA
1	49355303	3250	GC
1	49360874	2200	AG
